seq,task_id,op,success,latency_ms,started_at_ms,bytes_sent,cid,warmup
1,e6-lifecycle-20260706T042251.490920785Z-c4-real-warmup-0000,ipfs_add,true,31,1783311771508,2041,,true
2,e6-lifecycle-20260706T042251.490920785Z-c4-real-warmup-0000,signed_posttask,true,3,1783311771539,0,QmZpceyXD65orbHnVn4w3sPB8ea42LnxKYXnQkqH8QFV8f,true
3,e6-lifecycle-20260706T042251.490920785Z-c4-real-warmup-0000,signed_postallocation,true,2,1783311771542,0,QmZpceyXD65orbHnVn4w3sPB8ea42LnxKYXnQkqH8QFV8f,true
4,e6-lifecycle-20260706T042251.490920785Z-c4-real-warmup-0000,signed_post_evalsnapshot,true,1,1783311771544,0,QmZpceyXD65orbHnVn4w3sPB8ea42LnxKYXnQkqH8QFV8f,true
5,e6-lifecycle-20260706T042251.490920785Z-c4-real-warmup-0000,signed_vote1,true,2,1783311771545,0,QmZpceyXD65orbHnVn4w3sPB8ea42LnxKYXnQkqH8QFV8f,true
6,e6-lifecycle-20260706T042251.490920785Z-c4-real-warmup-0000,signed_vote2,true,1,1783311771547,0,QmZpceyXD65orbHnVn4w3sPB8ea42LnxKYXnQkqH8QFV8f,true
7,e6-lifecycle-20260706T042251.490920785Z-c4-real-warmup-0000,signed_settlement,true,2,1783311771548,0,QmZpceyXD65orbHnVn4w3sPB8ea42LnxKYXnQkqH8QFV8f,true
8,e6-lifecycle-20260706T042251.490920785Z-c4-real-warmup-0000,signed_query_latest,true,0,1783311771550,0,QmZpceyXD65orbHnVn4w3sPB8ea42LnxKYXnQkqH8QFV8f,true
9,e6-lifecycle-20260706T042251.490920785Z-c4-real-warmup-0000,ipfs_verify,true,7,1783311771550,0,QmZpceyXD65orbHnVn4w3sPB8ea42LnxKYXnQkqH8QFV8f,true
10,e6-lifecycle-20260706T042251.490920785Z-c4-real-task-0000,ipfs_add,true,25,1783311771562,2041,,false
11,e6-lifecycle-20260706T042251.490920785Z-c4-real-task-0000,signed_posttask,true,4,1783311771587,0,QmZpceyXD65orbHnVn4w3sPB8ea42LnxKYXnQkqH8QFV8f,false
12,e6-lifecycle-20260706T042251.490920785Z-c4-real-task-0000,signed_postallocation,true,2,1783311771591,0,QmZpceyXD65orbHnVn4w3sPB8ea42LnxKYXnQkqH8QFV8f,false
13,e6-lifecycle-20260706T042251.490920785Z-c4-real-task-0000,signed_post_evalsnapshot,true,2,1783311771593,0,QmZpceyXD65orbHnVn4w3sPB8ea42LnxKYXnQkqH8QFV8f,false
14,e6-lifecycle-20260706T042251.490920785Z-c4-real-task-0000,signed_vote1,true,1,1783311771595,0,QmZpceyXD65orbHnVn4w3sPB8ea42LnxKYXnQkqH8QFV8f,false
15,e6-lifecycle-20260706T042251.490920785Z-c4-real-task-0000,signed_vote2,true,2,1783311771596,0,QmZpceyXD65orbHnVn4w3sPB8ea42LnxKYXnQkqH8QFV8f,false
16,e6-lifecycle-20260706T042251.490920785Z-c4-real-task-0000,signed_settlement,true,1,1783311771598,0,QmZpceyXD65orbHnVn4w3sPB8ea42LnxKYXnQkqH8QFV8f,false
17,e6-lifecycle-20260706T042251.490920785Z-c4-real-task-0000,signed_query_latest,true,0,1783311771599,0,QmZpceyXD65orbHnVn4w3sPB8ea42LnxKYXnQkqH8QFV8f,false
18,e6-lifecycle-20260706T042251.490920785Z-c4-real-task-0082,ipfs_add,true,42,1783311771563,9851,,false
19,e6-lifecycle-20260706T042251.490920785Z-c4-real-task-0000,ipfs_verify,true,7,1783311771599,0,QmZpceyXD65orbHnVn4w3sPB8ea42LnxKYXnQkqH8QFV8f,false
20,e6-lifecycle-20260706T042251.490920785Z-c4-real-task-0082,signed_posttask,true,2,1783311771605,0,QmV9rgZvcZKU4rPzj6kpzY1dYdbWXgNxb8v7XJGh6yCSZk,false
21,e6-lifecycle-20260706T042251.490920785Z-c4-real-task-0082,signed_postallocation,true,2,1783311771607,0,QmV9rgZvcZKU4rPzj6kpzY1dYdbWXgNxb8v7XJGh6yCSZk,false
22,e6-lifecycle-20260706T042251.490920785Z-c4-real-task-0082,signed_post_evalsnapshot,true,2,1783311771609,0,QmV9rgZvcZKU4rPzj6kpzY1dYdbWXgNxb8v7XJGh6yCSZk,false
23,e6-lifecycle-20260706T042251.490920785Z-c4-real-task-0082,signed_vote1,true,1,1783311771611,0,QmV9rgZvcZKU4rPzj6kpzY1dYdbWXgNxb8v7XJGh6yCSZk,false
24,e6-lifecycle-20260706T042251.490920785Z-c4-real-task-0082,signed_vote2,true,1,1783311771612,0,QmV9rgZvcZKU4rPzj6kpzY1dYdbWXgNxb8v7XJGh6yCSZk,false
25,e6-lifecycle-20260706T042251.490920785Z-c4-real-task-0082,signed_settlement,true,2,1783311771613,0,QmV9rgZvcZKU4rPzj6kpzY1dYdbWXgNxb8v7XJGh6yCSZk,false
26,e6-lifecycle-20260706T042251.490920785Z-c4-real-task-0082,signed_query_latest,true,0,1783311771615,0,QmV9rgZvcZKU4rPzj6kpzY1dYdbWXgNxb8v7XJGh6yCSZk,false
27,e6-lifecycle-20260706T042251.490920785Z-c4-real-task-0082,ipfs_verify,true,7,1783311771615,0,QmV9rgZvcZKU4rPzj6kpzY1dYdbWXgNxb8v7XJGh6yCSZk,false
28,e6-lifecycle-20260706T042251.490920785Z-c4-real-task-0001,ipfs_add,true,61,1783311771562,1691,,false
29,e6-lifecycle-20260706T042251.490920785Z-c4-real-task-0001,signed_posttask,true,2,1783311771623,0,QmWLjQroE5HFCEHpAAXxtDJw9HMkY6m5xMyNL3BCoktNFe,false
30,e6-lifecycle-20260706T042251.490920785Z-c4-real-task-0001,signed_postallocation,true,2,1783311771625,0,QmWLjQroE5HFCEHpAAXxtDJw9HMkY6m5xMyNL3BCoktNFe,false
31,e6-lifecycle-20260706T042251.490920785Z-c4-real-task-0001,signed_post_evalsnapshot,true,1,1783311771627,0,QmWLjQroE5HFCEHpAAXxtDJw9HMkY6m5xMyNL3BCoktNFe,false
32,e6-lifecycle-20260706T042251.490920785Z-c4-real-task-0001,signed_vote1,true,2,1783311771628,0,QmWLjQroE5HFCEHpAAXxtDJw9HMkY6m5xMyNL3BCoktNFe,false
33,e6-lifecycle-20260706T042251.490920785Z-c4-real-task-0001,signed_vote2,true,2,1783311771630,0,QmWLjQroE5HFCEHpAAXxtDJw9HMkY6m5xMyNL3BCoktNFe,false
34,e6-lifecycle-20260706T042251.490920785Z-c4-real-task-0001,signed_settlement,true,1,1783311771632,0,QmWLjQroE5HFCEHpAAXxtDJw9HMkY6m5xMyNL3BCoktNFe,false
35,e6-lifecycle-20260706T042251.490920785Z-c4-real-task-0001,signed_query_latest,true,0,1783311771633,0,QmWLjQroE5HFCEHpAAXxtDJw9HMkY6m5xMyNL3BCoktNFe,false
36,e6-lifecycle-20260706T042251.490920785Z-c4-real-task-0001,ipfs_verify,true,7,1783311771633,0,QmWLjQroE5HFCEHpAAXxtDJw9HMkY6m5xMyNL3BCoktNFe,false
37,e6-lifecycle-20260706T042251.490920785Z-c4-real-task-0255,ipfs_add,true,79,1783311771563,1650,,false
38,e6-lifecycle-20260706T042251.490920785Z-c4-real-task-0255,signed_posttask,true,4,1783311771642,0,QmShJ7kpkti4YE6UAoU3vGkK7ayqB2qDgXzzhbDE3arDFM,false
39,e6-lifecycle-20260706T042251.490920785Z-c4-real-task-0255,signed_postallocation,true,2,1783311771646,0,QmShJ7kpkti4YE6UAoU3vGkK7ayqB2qDgXzzhbDE3arDFM,false
40,e6-lifecycle-20260706T042251.490920785Z-c4-real-task-0255,signed_post_evalsnapshot,true,2,1783311771648,0,QmShJ7kpkti4YE6UAoU3vGkK7ayqB2qDgXzzhbDE3arDFM,false
41,e6-lifecycle-20260706T042251.490920785Z-c4-real-task-0255,signed_vote1,true,1,1783311771650,0,QmShJ7kpkti4YE6UAoU3vGkK7ayqB2qDgXzzhbDE3arDFM,false
42,e6-lifecycle-20260706T042251.490920785Z-c4-real-task-0255,signed_vote2,true,1,1783311771651,0,QmShJ7kpkti4YE6UAoU3vGkK7ayqB2qDgXzzhbDE3arDFM,false
43,e6-lifecycle-20260706T042251.490920785Z-c4-real-task-0255,signed_settlement,true,2,1783311771652,0,QmShJ7kpkti4YE6UAoU3vGkK7ayqB2qDgXzzhbDE3arDFM,false
44,e6-lifecycle-20260706T042251.490920785Z-c4-real-task-0255,signed_query_latest,true,0,1783311771654,0,QmShJ7kpkti4YE6UAoU3vGkK7ayqB2qDgXzzhbDE3arDFM,false
45,e6-lifecycle-20260706T042251.490920785Z-c4-real-task-0255,ipfs_verify,true,6,1783311771654,0,QmShJ7kpkti4YE6UAoU3vGkK7ayqB2qDgXzzhbDE3arDFM,false
46,e6-lifecycle-20260706T042251.490920785Z-c4-real-task-0041,ipfs_add,true,56,1783311771607,3950,,false
47,e6-lifecycle-20260706T042251.490920785Z-c4-real-task-0041,signed_posttask,true,2,1783311771663,0,QmcFrzAGhrprmDxHPdunRd28u27YRTGcAAnGPSotWa75JU,false
48,e6-lifecycle-20260706T042251.490920785Z-c4-real-task-0041,signed_postallocation,true,2,1783311771665,0,QmcFrzAGhrprmDxHPdunRd28u27YRTGcAAnGPSotWa75JU,false
49,e6-lifecycle-20260706T042251.490920785Z-c4-real-task-0041,signed_post_evalsnapshot,true,1,1783311771667,0,QmcFrzAGhrprmDxHPdunRd28u27YRTGcAAnGPSotWa75JU,false
50,e6-lifecycle-20260706T042251.490920785Z-c4-real-task-0041,signed_vote1,true,2,1783311771668,0,QmcFrzAGhrprmDxHPdunRd28u27YRTGcAAnGPSotWa75JU,false
51,e6-lifecycle-20260706T042251.490920785Z-c4-real-task-0041,signed_vote2,true,1,1783311771670,0,QmcFrzAGhrprmDxHPdunRd28u27YRTGcAAnGPSotWa75JU,false
52,e6-lifecycle-20260706T042251.490920785Z-c4-real-task-0041,signed_settlement,true,2,1783311771671,0,QmcFrzAGhrprmDxHPdunRd28u27YRTGcAAnGPSotWa75JU,false
53,e6-lifecycle-20260706T042251.490920785Z-c4-real-task-0041,signed_query_latest,true,0,1783311771673,0,QmcFrzAGhrprmDxHPdunRd28u27YRTGcAAnGPSotWa75JU,false
54,e6-lifecycle-20260706T042251.490920785Z-c4-real-task-0041,ipfs_verify,true,7,1783311771673,0,QmcFrzAGhrprmDxHPdunRd28u27YRTGcAAnGPSotWa75JU,false
55,e6-lifecycle-20260706T042251.490920785Z-c4-real-task-0002,ipfs_add,true,95,1783311771622,4391,,false
56,e6-lifecycle-20260706T042251.490920785Z-c4-real-task-0002,signed_posttask,true,2,1783311771717,0,QmadZcFHB1uQSGYUnYEPgsvcDpcDhp6t3Vn4pKLzTyZW3B,false
57,e6-lifecycle-20260706T042251.490920785Z-c4-real-task-0002,signed_postallocation,true,1,1783311771719,0,QmadZcFHB1uQSGYUnYEPgsvcDpcDhp6t3Vn4pKLzTyZW3B,false
58,e6-lifecycle-20260706T042251.490920785Z-c4-real-task-0002,signed_post_evalsnapshot,true,2,1783311771720,0,QmadZcFHB1uQSGYUnYEPgsvcDpcDhp6t3Vn4pKLzTyZW3B,false
59,e6-lifecycle-20260706T042251.490920785Z-c4-real-task-0002,signed_vote1,true,2,1783311771722,0,QmadZcFHB1uQSGYUnYEPgsvcDpcDhp6t3Vn4pKLzTyZW3B,false
60,e6-lifecycle-20260706T042251.490920785Z-c4-real-task-0002,signed_vote2,true,1,1783311771724,0,QmadZcFHB1uQSGYUnYEPgsvcDpcDhp6t3Vn4pKLzTyZW3B,false
61,e6-lifecycle-20260706T042251.490920785Z-c4-real-task-0002,signed_settlement,true,1,1783311771725,0,QmadZcFHB1uQSGYUnYEPgsvcDpcDhp6t3Vn4pKLzTyZW3B,false
62,e6-lifecycle-20260706T042251.490920785Z-c4-real-task-0002,signed_query_latest,true,0,1783311771726,0,QmadZcFHB1uQSGYUnYEPgsvcDpcDhp6t3Vn4pKLzTyZW3B,false
63,e6-lifecycle-20260706T042251.490920785Z-c4-real-task-0002,ipfs_verify,true,8,1783311771726,0,QmadZcFHB1uQSGYUnYEPgsvcDpcDhp6t3Vn4pKLzTyZW3B,false
64,e6-lifecycle-20260706T042251.490920785Z-c4-real-task-0003,ipfs_add,true,96,1783311771640,2446,,false
65,e6-lifecycle-20260706T042251.490920785Z-c4-real-task-0004,ipfs_add,true,76,1783311771660,4001,,false
66,e6-lifecycle-20260706T042251.490920785Z-c4-real-task-0005,ipfs_add,true,56,1783311771680,1568,,false
67,e6-lifecycle-20260706T042251.490920785Z-c4-real-task-0003,signed_posttask,true,2,1783311771736,0,QmPvR785HfFDDiGzRGUjqnESf82yCdppnLSJbnvszkNAGt,false
68,e6-lifecycle-20260706T042251.490920785Z-c4-real-task-0003,signed_postallocation,true,2,1783311771738,0,QmPvR785HfFDDiGzRGUjqnESf82yCdppnLSJbnvszkNAGt,false
69,e6-lifecycle-20260706T042251.490920785Z-c4-real-task-0004,signed_posttask,true,6,1783311771736,0,Qmaz6UxvY2c7v7Afz5qnVeVQ353BpWF64tC6snuKvMXMMH,false
70,e6-lifecycle-20260706T042251.490920785Z-c4-real-task-0005,signed_posttask,true,8,1783311771736,0,QmQGqX18RcT7NsFPmbZfQoD9JQ4oRJAgNfw6hWJoUowyXr,false
71,e6-lifecycle-20260706T042251.490920785Z-c4-real-task-0003,signed_post_evalsnapshot,true,5,1783311771740,0,QmPvR785HfFDDiGzRGUjqnESf82yCdppnLSJbnvszkNAGt,false
72,e6-lifecycle-20260706T042251.490920785Z-c4-real-task-0004,signed_postallocation,true,5,1783311771742,0,Qmaz6UxvY2c7v7Afz5qnVeVQ353BpWF64tC6snuKvMXMMH,false
73,e6-lifecycle-20260706T042251.490920785Z-c4-real-task-0005,signed_postallocation,true,4,1783311771744,0,QmQGqX18RcT7NsFPmbZfQoD9JQ4oRJAgNfw6hWJoUowyXr,false
74,e6-lifecycle-20260706T042251.490920785Z-c4-real-task-0003,signed_vote1,true,5,1783311771745,0,QmPvR785HfFDDiGzRGUjqnESf82yCdppnLSJbnvszkNAGt,false
75,e6-lifecycle-20260706T042251.490920785Z-c4-real-task-0004,signed_post_evalsnapshot,true,4,1783311771747,0,Qmaz6UxvY2c7v7Afz5qnVeVQ353BpWF64tC6snuKvMXMMH,false
76,e6-lifecycle-20260706T042251.490920785Z-c4-real-task-0005,signed_post_evalsnapshot,true,5,1783311771748,0,QmQGqX18RcT7NsFPmbZfQoD9JQ4oRJAgNfw6hWJoUowyXr,false
77,e6-lifecycle-20260706T042251.490920785Z-c4-real-task-0003,signed_vote2,true,4,1783311771750,0,QmPvR785HfFDDiGzRGUjqnESf82yCdppnLSJbnvszkNAGt,false
78,e6-lifecycle-20260706T042251.490920785Z-c4-real-task-0004,signed_vote1,true,5,1783311771751,0,Qmaz6UxvY2c7v7Afz5qnVeVQ353BpWF64tC6snuKvMXMMH,false
79,e6-lifecycle-20260706T042251.490920785Z-c4-real-task-0005,signed_vote1,true,4,1783311771753,0,QmQGqX18RcT7NsFPmbZfQoD9JQ4oRJAgNfw6hWJoUowyXr,false
80,e6-lifecycle-20260706T042251.490920785Z-c4-real-task-0003,signed_settlement,true,5,1783311771754,0,QmPvR785HfFDDiGzRGUjqnESf82yCdppnLSJbnvszkNAGt,false
81,e6-lifecycle-20260706T042251.490920785Z-c4-real-task-0004,signed_vote2,true,4,1783311771756,0,Qmaz6UxvY2c7v7Afz5qnVeVQ353BpWF64tC6snuKvMXMMH,false
82,e6-lifecycle-20260706T042251.490920785Z-c4-real-task-0005,signed_vote2,true,5,1783311771757,0,QmQGqX18RcT7NsFPmbZfQoD9JQ4oRJAgNfw6hWJoUowyXr,false
83,e6-lifecycle-20260706T042251.490920785Z-c4-real-task-0003,signed_query_latest,true,3,1783311771759,0,QmPvR785HfFDDiGzRGUjqnESf82yCdppnLSJbnvszkNAGt,false
84,e6-lifecycle-20260706T042251.490920785Z-c4-real-task-0004,signed_settlement,true,3,1783311771760,0,Qmaz6UxvY2c7v7Afz5qnVeVQ353BpWF64tC6snuKvMXMMH,false
85,e6-lifecycle-20260706T042251.490920785Z-c4-real-task-0004,signed_query_latest,true,0,1783311771763,0,Qmaz6UxvY2c7v7Afz5qnVeVQ353BpWF64tC6snuKvMXMMH,false
86,e6-lifecycle-20260706T042251.490920785Z-c4-real-task-0005,signed_settlement,true,3,1783311771762,0,QmQGqX18RcT7NsFPmbZfQoD9JQ4oRJAgNfw6hWJoUowyXr,false
87,e6-lifecycle-20260706T042251.490920785Z-c4-real-task-0005,signed_query_latest,true,0,1783311771765,0,QmQGqX18RcT7NsFPmbZfQoD9JQ4oRJAgNfw6hWJoUowyXr,false
88,e6-lifecycle-20260706T042251.490920785Z-c4-real-task-0006,ipfs_add,true,31,1783311771734,1837,,false
89,e6-lifecycle-20260706T042251.490920785Z-c4-real-task-0006,signed_posttask,true,2,1783311771765,0,QmXGbR3DqVcFxShbFVjPMj7ToNDuYqpp9jmC8SXxYHpmsi,false
90,e6-lifecycle-20260706T042251.490920785Z-c4-real-task-0006,signed_postallocation,true,2,1783311771767,0,QmXGbR3DqVcFxShbFVjPMj7ToNDuYqpp9jmC8SXxYHpmsi,false
91,e6-lifecycle-20260706T042251.490920785Z-c4-real-task-0004,ipfs_verify,true,8,1783311771763,0,Qmaz6UxvY2c7v7Afz5qnVeVQ353BpWF64tC6snuKvMXMMH,false
92,e6-lifecycle-20260706T042251.490920785Z-c4-real-task-0006,signed_post_evalsnapshot,true,2,1783311771769,0,QmXGbR3DqVcFxShbFVjPMj7ToNDuYqpp9jmC8SXxYHpmsi,false
93,e6-lifecycle-20260706T042251.490920785Z-c4-real-task-0006,signed_vote1,true,1,1783311771771,0,QmXGbR3DqVcFxShbFVjPMj7ToNDuYqpp9jmC8SXxYHpmsi,false
94,e6-lifecycle-20260706T042251.490920785Z-c4-real-task-0005,ipfs_verify,true,8,1783311771765,0,QmQGqX18RcT7NsFPmbZfQoD9JQ4oRJAgNfw6hWJoUowyXr,false
95,e6-lifecycle-20260706T042251.490920785Z-c4-real-task-0003,ipfs_verify,true,11,1783311771762,0,QmPvR785HfFDDiGzRGUjqnESf82yCdppnLSJbnvszkNAGt,false
96,e6-lifecycle-20260706T042251.490920785Z-c4-real-task-0006,signed_vote2,true,2,1783311771772,0,QmXGbR3DqVcFxShbFVjPMj7ToNDuYqpp9jmC8SXxYHpmsi,false
97,e6-lifecycle-20260706T042251.490920785Z-c4-real-task-0006,signed_settlement,true,1,1783311771774,0,QmXGbR3DqVcFxShbFVjPMj7ToNDuYqpp9jmC8SXxYHpmsi,false
98,e6-lifecycle-20260706T042251.490920785Z-c4-real-task-0006,signed_query_latest,true,0,1783311771775,0,QmXGbR3DqVcFxShbFVjPMj7ToNDuYqpp9jmC8SXxYHpmsi,false
99,e6-lifecycle-20260706T042251.490920785Z-c4-real-task-0006,ipfs_verify,true,9,1783311771775,0,QmXGbR3DqVcFxShbFVjPMj7ToNDuYqpp9jmC8SXxYHpmsi,false
100,e6-lifecycle-20260706T042251.490920785Z-c4-real-task-0009,ipfs_add,true,37,1783311771773,2473,,false
101,e6-lifecycle-20260706T042251.490920785Z-c4-real-task-0009,signed_posttask,true,3,1783311771810,0,QmQL4VyiyFbbfeWbQLp7Qp6cU5MBzGngHTJYLaPrdaD1Q5,false
102,e6-lifecycle-20260706T042251.490920785Z-c4-real-task-0009,signed_postallocation,true,2,1783311771813,0,QmQL4VyiyFbbfeWbQLp7Qp6cU5MBzGngHTJYLaPrdaD1Q5,false
103,e6-lifecycle-20260706T042251.490920785Z-c4-real-task-0009,signed_post_evalsnapshot,true,2,1783311771815,0,QmQL4VyiyFbbfeWbQLp7Qp6cU5MBzGngHTJYLaPrdaD1Q5,false
104,e6-lifecycle-20260706T042251.490920785Z-c4-real-task-0009,signed_vote1,true,2,1783311771817,0,QmQL4VyiyFbbfeWbQLp7Qp6cU5MBzGngHTJYLaPrdaD1Q5,false
105,e6-lifecycle-20260706T042251.490920785Z-c4-real-task-0009,signed_vote2,true,2,1783311771819,0,QmQL4VyiyFbbfeWbQLp7Qp6cU5MBzGngHTJYLaPrdaD1Q5,false
106,e6-lifecycle-20260706T042251.490920785Z-c4-real-task-0009,signed_settlement,true,1,1783311771821,0,QmQL4VyiyFbbfeWbQLp7Qp6cU5MBzGngHTJYLaPrdaD1Q5,false
107,e6-lifecycle-20260706T042251.490920785Z-c4-real-task-0009,signed_query_latest,true,0,1783311771822,0,QmQL4VyiyFbbfeWbQLp7Qp6cU5MBzGngHTJYLaPrdaD1Q5,false
108,e6-lifecycle-20260706T042251.490920785Z-c4-real-task-0009,ipfs_verify,true,11,1783311771822,0,QmQL4VyiyFbbfeWbQLp7Qp6cU5MBzGngHTJYLaPrdaD1Q5,false
109,e6-lifecycle-20260706T042251.490920785Z-c4-real-task-0007,ipfs_add,true,69,1783311771771,1947,,false
110,e6-lifecycle-20260706T042251.490920785Z-c4-real-task-0007,signed_posttask,true,2,1783311771840,0,QmZ2mJtGsrx1z5XKWoUvbBSuSSfsFtGubMTSXMJ9cMGQnJ,false
111,e6-lifecycle-20260706T042251.490920785Z-c4-real-task-0007,signed_postallocation,true,2,1783311771842,0,QmZ2mJtGsrx1z5XKWoUvbBSuSSfsFtGubMTSXMJ9cMGQnJ,false
112,e6-lifecycle-20260706T042251.490920785Z-c4-real-task-0007,signed_post_evalsnapshot,true,1,1783311771844,0,QmZ2mJtGsrx1z5XKWoUvbBSuSSfsFtGubMTSXMJ9cMGQnJ,false
113,e6-lifecycle-20260706T042251.490920785Z-c4-real-task-0007,signed_vote1,true,3,1783311771845,0,QmZ2mJtGsrx1z5XKWoUvbBSuSSfsFtGubMTSXMJ9cMGQnJ,false
114,e6-lifecycle-20260706T042251.490920785Z-c4-real-task-0007,signed_vote2,true,1,1783311771848,0,QmZ2mJtGsrx1z5XKWoUvbBSuSSfsFtGubMTSXMJ9cMGQnJ,false
115,e6-lifecycle-20260706T042251.490920785Z-c4-real-task-0007,signed_settlement,true,2,1783311771849,0,QmZ2mJtGsrx1z5XKWoUvbBSuSSfsFtGubMTSXMJ9cMGQnJ,false
116,e6-lifecycle-20260706T042251.490920785Z-c4-real-task-0007,signed_query_latest,true,0,1783311771851,0,QmZ2mJtGsrx1z5XKWoUvbBSuSSfsFtGubMTSXMJ9cMGQnJ,false
117,e6-lifecycle-20260706T042251.490920785Z-c4-real-task-0007,ipfs_verify,true,11,1783311771851,0,QmZ2mJtGsrx1z5XKWoUvbBSuSSfsFtGubMTSXMJ9cMGQnJ,false
118,e6-lifecycle-20260706T042251.490920785Z-c4-real-task-0008,ipfs_add,true,89,1783311771773,4944,,false
119,e6-lifecycle-20260706T042251.490920785Z-c4-real-task-0008,signed_posttask,true,2,1783311771862,0,Qmadej9boMA3zvMcjFpwW1dMDJCrBFKribSZiwN8Np95v4,false
120,e6-lifecycle-20260706T042251.490920785Z-c4-real-task-0008,signed_postallocation,true,2,1783311771864,0,Qmadej9boMA3zvMcjFpwW1dMDJCrBFKribSZiwN8Np95v4,false
121,e6-lifecycle-20260706T042251.490920785Z-c4-real-task-0008,signed_post_evalsnapshot,true,1,1783311771866,0,Qmadej9boMA3zvMcjFpwW1dMDJCrBFKribSZiwN8Np95v4,false
122,e6-lifecycle-20260706T042251.490920785Z-c4-real-task-0008,signed_vote1,true,2,1783311771867,0,Qmadej9boMA3zvMcjFpwW1dMDJCrBFKribSZiwN8Np95v4,false
123,e6-lifecycle-20260706T042251.490920785Z-c4-real-task-0008,signed_vote2,true,3,1783311771869,0,Qmadej9boMA3zvMcjFpwW1dMDJCrBFKribSZiwN8Np95v4,false
124,e6-lifecycle-20260706T042251.490920785Z-c4-real-task-0008,signed_settlement,true,2,1783311771872,0,Qmadej9boMA3zvMcjFpwW1dMDJCrBFKribSZiwN8Np95v4,false
125,e6-lifecycle-20260706T042251.490920785Z-c4-real-task-0008,signed_query_latest,true,0,1783311771874,0,Qmadej9boMA3zvMcjFpwW1dMDJCrBFKribSZiwN8Np95v4,false
126,e6-lifecycle-20260706T042251.490920785Z-c4-real-task-0010,ipfs_add,true,104,1783311771784,1920,,false
127,e6-lifecycle-20260706T042251.490920785Z-c4-real-task-0008,ipfs_verify,true,14,1783311771874,0,Qmadej9boMA3zvMcjFpwW1dMDJCrBFKribSZiwN8Np95v4,false
128,e6-lifecycle-20260706T042251.490920785Z-c4-real-task-0010,signed_posttask,true,7,1783311771888,0,QmW8orLvUAo2YwFjjwaFvXPFemWqGCNshgP2T5TSk9ed5J,false
129,e6-lifecycle-20260706T042251.490920785Z-c4-real-task-0010,signed_postallocation,true,1,1783311771895,0,QmW8orLvUAo2YwFjjwaFvXPFemWqGCNshgP2T5TSk9ed5J,false
130,e6-lifecycle-20260706T042251.490920785Z-c4-real-task-0010,signed_post_evalsnapshot,true,3,1783311771896,0,QmW8orLvUAo2YwFjjwaFvXPFemWqGCNshgP2T5TSk9ed5J,false
131,e6-lifecycle-20260706T042251.490920785Z-c4-real-task-0010,signed_vote1,true,2,1783311771899,0,QmW8orLvUAo2YwFjjwaFvXPFemWqGCNshgP2T5TSk9ed5J,false
132,e6-lifecycle-20260706T042251.490920785Z-c4-real-task-0010,signed_vote2,true,2,1783311771901,0,QmW8orLvUAo2YwFjjwaFvXPFemWqGCNshgP2T5TSk9ed5J,false
133,e6-lifecycle-20260706T042251.490920785Z-c4-real-task-0010,signed_settlement,true,1,1783311771903,0,QmW8orLvUAo2YwFjjwaFvXPFemWqGCNshgP2T5TSk9ed5J,false
134,e6-lifecycle-20260706T042251.490920785Z-c4-real-task-0010,signed_query_latest,true,0,1783311771904,0,QmW8orLvUAo2YwFjjwaFvXPFemWqGCNshgP2T5TSk9ed5J,false
135,e6-lifecycle-20260706T042251.490920785Z-c4-real-task-0011,ipfs_add,true,78,1783311771833,1792,,false
136,e6-lifecycle-20260706T042251.490920785Z-c4-real-task-0010,ipfs_verify,true,8,1783311771904,0,QmW8orLvUAo2YwFjjwaFvXPFemWqGCNshgP2T5TSk9ed5J,false
137,e6-lifecycle-20260706T042251.490920785Z-c4-real-task-0011,signed_posttask,true,3,1783311771911,0,QmRYRwmnCKh97pHrWVSsWgKT9hwEK6SXPP8N3DGcdkp1Hf,false
138,e6-lifecycle-20260706T042251.490920785Z-c4-real-task-0011,signed_postallocation,true,2,1783311771914,0,QmRYRwmnCKh97pHrWVSsWgKT9hwEK6SXPP8N3DGcdkp1Hf,false
139,e6-lifecycle-20260706T042251.490920785Z-c4-real-task-0011,signed_post_evalsnapshot,true,1,1783311771916,0,QmRYRwmnCKh97pHrWVSsWgKT9hwEK6SXPP8N3DGcdkp1Hf,false
140,e6-lifecycle-20260706T042251.490920785Z-c4-real-task-0011,signed_vote1,true,2,1783311771917,0,QmRYRwmnCKh97pHrWVSsWgKT9hwEK6SXPP8N3DGcdkp1Hf,false
141,e6-lifecycle-20260706T042251.490920785Z-c4-real-task-0011,signed_vote2,true,2,1783311771919,0,QmRYRwmnCKh97pHrWVSsWgKT9hwEK6SXPP8N3DGcdkp1Hf,false
142,e6-lifecycle-20260706T042251.490920785Z-c4-real-task-0011,signed_settlement,true,2,1783311771921,0,QmRYRwmnCKh97pHrWVSsWgKT9hwEK6SXPP8N3DGcdkp1Hf,false
143,e6-lifecycle-20260706T042251.490920785Z-c4-real-task-0011,signed_query_latest,true,0,1783311771923,0,QmRYRwmnCKh97pHrWVSsWgKT9hwEK6SXPP8N3DGcdkp1Hf,false
144,e6-lifecycle-20260706T042251.490920785Z-c4-real-task-0012,ipfs_add,true,70,1783311771862,2481,,false
145,e6-lifecycle-20260706T042251.490920785Z-c4-real-task-0011,ipfs_verify,true,9,1783311771923,0,QmRYRwmnCKh97pHrWVSsWgKT9hwEK6SXPP8N3DGcdkp1Hf,false
146,e6-lifecycle-20260706T042251.490920785Z-c4-real-task-0012,signed_posttask,true,7,1783311771932,0,QmbLZmrnw2YxkgQegnEMgsfhkBbcndvvPFprkSdibX7c49,false
147,e6-lifecycle-20260706T042251.490920785Z-c4-real-task-0012,signed_postallocation,true,2,1783311771939,0,QmbLZmrnw2YxkgQegnEMgsfhkBbcndvvPFprkSdibX7c49,false
148,e6-lifecycle-20260706T042251.490920785Z-c4-real-task-0012,signed_post_evalsnapshot,true,2,1783311771941,0,QmbLZmrnw2YxkgQegnEMgsfhkBbcndvvPFprkSdibX7c49,false
149,e6-lifecycle-20260706T042251.490920785Z-c4-real-task-0012,signed_vote1,true,1,1783311771943,0,QmbLZmrnw2YxkgQegnEMgsfhkBbcndvvPFprkSdibX7c49,false
150,e6-lifecycle-20260706T042251.490920785Z-c4-real-task-0012,signed_vote2,true,10,1783311771944,0,QmbLZmrnw2YxkgQegnEMgsfhkBbcndvvPFprkSdibX7c49,false
151,e6-lifecycle-20260706T042251.490920785Z-c4-real-task-0012,signed_settlement,true,1,1783311771954,0,QmbLZmrnw2YxkgQegnEMgsfhkBbcndvvPFprkSdibX7c49,false
152,e6-lifecycle-20260706T042251.490920785Z-c4-real-task-0012,signed_query_latest,true,0,1783311771955,0,QmbLZmrnw2YxkgQegnEMgsfhkBbcndvvPFprkSdibX7c49,false
153,e6-lifecycle-20260706T042251.490920785Z-c4-real-task-0013,ipfs_add,true,74,1783311771888,1794,,false
154,e6-lifecycle-20260706T042251.490920785Z-c4-real-task-0012,ipfs_verify,true,7,1783311771955,0,QmbLZmrnw2YxkgQegnEMgsfhkBbcndvvPFprkSdibX7c49,false
155,e6-lifecycle-20260706T042251.490920785Z-c4-real-task-0013,signed_posttask,true,2,1783311771962,0,QmZ836RGQ6upMRwgQ3XnYgMNByct8U1cPTyzW3j4N7nzJk,false
156,e6-lifecycle-20260706T042251.490920785Z-c4-real-task-0013,signed_postallocation,true,2,1783311771964,0,QmZ836RGQ6upMRwgQ3XnYgMNByct8U1cPTyzW3j4N7nzJk,false
157,e6-lifecycle-20260706T042251.490920785Z-c4-real-task-0013,signed_post_evalsnapshot,true,1,1783311771966,0,QmZ836RGQ6upMRwgQ3XnYgMNByct8U1cPTyzW3j4N7nzJk,false
158,e6-lifecycle-20260706T042251.490920785Z-c4-real-task-0013,signed_vote1,true,2,1783311771967,0,QmZ836RGQ6upMRwgQ3XnYgMNByct8U1cPTyzW3j4N7nzJk,false
159,e6-lifecycle-20260706T042251.490920785Z-c4-real-task-0013,signed_vote2,true,2,1783311771969,0,QmZ836RGQ6upMRwgQ3XnYgMNByct8U1cPTyzW3j4N7nzJk,false
160,e6-lifecycle-20260706T042251.490920785Z-c4-real-task-0013,signed_settlement,true,2,1783311771971,0,QmZ836RGQ6upMRwgQ3XnYgMNByct8U1cPTyzW3j4N7nzJk,false
161,e6-lifecycle-20260706T042251.490920785Z-c4-real-task-0013,signed_query_latest,true,0,1783311771973,0,QmZ836RGQ6upMRwgQ3XnYgMNByct8U1cPTyzW3j4N7nzJk,false
162,e6-lifecycle-20260706T042251.490920785Z-c4-real-task-0013,ipfs_verify,true,7,1783311771973,0,QmZ836RGQ6upMRwgQ3XnYgMNByct8U1cPTyzW3j4N7nzJk,false
163,e6-lifecycle-20260706T042251.490920785Z-c4-real-task-0028,ipfs_add,true,71,1783311771912,2235,,false
164,e6-lifecycle-20260706T042251.490920785Z-c4-real-task-0028,signed_posttask,true,2,1783311771983,0,QmPDqC4FvPihq4H2RHnNdvzHBK2kp3vUV7gp3cD2AmeuSG,false
165,e6-lifecycle-20260706T042251.490920785Z-c4-real-task-0028,signed_postallocation,true,2,1783311771985,0,QmPDqC4FvPihq4H2RHnNdvzHBK2kp3vUV7gp3cD2AmeuSG,false
166,e6-lifecycle-20260706T042251.490920785Z-c4-real-task-0028,signed_post_evalsnapshot,true,2,1783311771987,0,QmPDqC4FvPihq4H2RHnNdvzHBK2kp3vUV7gp3cD2AmeuSG,false
167,e6-lifecycle-20260706T042251.490920785Z-c4-real-task-0028,signed_vote1,true,2,1783311771989,0,QmPDqC4FvPihq4H2RHnNdvzHBK2kp3vUV7gp3cD2AmeuSG,false
168,e6-lifecycle-20260706T042251.490920785Z-c4-real-task-0028,signed_vote2,true,1,1783311771991,0,QmPDqC4FvPihq4H2RHnNdvzHBK2kp3vUV7gp3cD2AmeuSG,false
169,e6-lifecycle-20260706T042251.490920785Z-c4-real-task-0028,signed_settlement,true,3,1783311771992,0,QmPDqC4FvPihq4H2RHnNdvzHBK2kp3vUV7gp3cD2AmeuSG,false
170,e6-lifecycle-20260706T042251.490920785Z-c4-real-task-0028,signed_query_latest,true,0,1783311771995,0,QmPDqC4FvPihq4H2RHnNdvzHBK2kp3vUV7gp3cD2AmeuSG,false
171,e6-lifecycle-20260706T042251.490920785Z-c4-real-task-0028,ipfs_verify,true,8,1783311771995,0,QmPDqC4FvPihq4H2RHnNdvzHBK2kp3vUV7gp3cD2AmeuSG,false
172,e6-lifecycle-20260706T042251.490920785Z-c4-real-task-0029,ipfs_add,true,76,1783311771932,1996,,false
173,e6-lifecycle-20260706T042251.490920785Z-c4-real-task-0029,signed_posttask,true,2,1783311772008,0,QmacXcTiVxv9uHJiorLkYH2xDDraJTZ3uq6FBG4Ctr6VoC,false
174,e6-lifecycle-20260706T042251.490920785Z-c4-real-task-0029,signed_postallocation,true,2,1783311772010,0,QmacXcTiVxv9uHJiorLkYH2xDDraJTZ3uq6FBG4Ctr6VoC,false
175,e6-lifecycle-20260706T042251.490920785Z-c4-real-task-0029,signed_post_evalsnapshot,true,1,1783311772012,0,QmacXcTiVxv9uHJiorLkYH2xDDraJTZ3uq6FBG4Ctr6VoC,false
176,e6-lifecycle-20260706T042251.490920785Z-c4-real-task-0029,signed_vote1,true,2,1783311772013,0,QmacXcTiVxv9uHJiorLkYH2xDDraJTZ3uq6FBG4Ctr6VoC,false
177,e6-lifecycle-20260706T042251.490920785Z-c4-real-task-0029,signed_vote2,true,1,1783311772015,0,QmacXcTiVxv9uHJiorLkYH2xDDraJTZ3uq6FBG4Ctr6VoC,false
178,e6-lifecycle-20260706T042251.490920785Z-c4-real-task-0029,signed_settlement,true,2,1783311772016,0,QmacXcTiVxv9uHJiorLkYH2xDDraJTZ3uq6FBG4Ctr6VoC,false
179,e6-lifecycle-20260706T042251.490920785Z-c4-real-task-0029,signed_query_latest,true,0,1783311772018,0,QmacXcTiVxv9uHJiorLkYH2xDDraJTZ3uq6FBG4Ctr6VoC,false
180,e6-lifecycle-20260706T042251.490920785Z-c4-real-task-0030,ipfs_add,true,64,1783311771962,4609,,false
181,e6-lifecycle-20260706T042251.490920785Z-c4-real-task-0029,ipfs_verify,true,9,1783311772018,0,QmacXcTiVxv9uHJiorLkYH2xDDraJTZ3uq6FBG4Ctr6VoC,false
182,e6-lifecycle-20260706T042251.490920785Z-c4-real-task-0030,signed_posttask,true,2,1783311772026,0,QmXUNpwtX2A1bcF51kySLa1p7B6HvhMNsMQoiVdNUoJig7,false
183,e6-lifecycle-20260706T042251.490920785Z-c4-real-task-0030,signed_postallocation,true,2,1783311772028,0,QmXUNpwtX2A1bcF51kySLa1p7B6HvhMNsMQoiVdNUoJig7,false
184,e6-lifecycle-20260706T042251.490920785Z-c4-real-task-0030,signed_post_evalsnapshot,true,2,1783311772030,0,QmXUNpwtX2A1bcF51kySLa1p7B6HvhMNsMQoiVdNUoJig7,false
185,e6-lifecycle-20260706T042251.490920785Z-c4-real-task-0030,signed_vote1,true,2,1783311772032,0,QmXUNpwtX2A1bcF51kySLa1p7B6HvhMNsMQoiVdNUoJig7,false
186,e6-lifecycle-20260706T042251.490920785Z-c4-real-task-0030,signed_vote2,true,1,1783311772034,0,QmXUNpwtX2A1bcF51kySLa1p7B6HvhMNsMQoiVdNUoJig7,false
187,e6-lifecycle-20260706T042251.490920785Z-c4-real-task-0030,signed_settlement,true,2,1783311772035,0,QmXUNpwtX2A1bcF51kySLa1p7B6HvhMNsMQoiVdNUoJig7,false
188,e6-lifecycle-20260706T042251.490920785Z-c4-real-task-0030,signed_query_latest,true,0,1783311772037,0,QmXUNpwtX2A1bcF51kySLa1p7B6HvhMNsMQoiVdNUoJig7,false
189,e6-lifecycle-20260706T042251.490920785Z-c4-real-task-0030,ipfs_verify,true,7,1783311772037,0,QmXUNpwtX2A1bcF51kySLa1p7B6HvhMNsMQoiVdNUoJig7,false
190,e6-lifecycle-20260706T042251.490920785Z-c4-real-task-0031,ipfs_add,true,66,1783311771980,2037,,false
191,e6-lifecycle-20260706T042251.490920785Z-c4-real-task-0031,signed_posttask,true,2,1783311772046,0,QmcMwXc4Z8ftz7kr4SLihnEKFezGYhMs51A9cNDVd2ZUGa,false
192,e6-lifecycle-20260706T042251.490920785Z-c4-real-task-0031,signed_postallocation,true,2,1783311772048,0,QmcMwXc4Z8ftz7kr4SLihnEKFezGYhMs51A9cNDVd2ZUGa,false
193,e6-lifecycle-20260706T042251.490920785Z-c4-real-task-0031,signed_post_evalsnapshot,true,1,1783311772050,0,QmcMwXc4Z8ftz7kr4SLihnEKFezGYhMs51A9cNDVd2ZUGa,false
194,e6-lifecycle-20260706T042251.490920785Z-c4-real-task-0031,signed_vote1,true,2,1783311772051,0,QmcMwXc4Z8ftz7kr4SLihnEKFezGYhMs51A9cNDVd2ZUGa,false
195,e6-lifecycle-20260706T042251.490920785Z-c4-real-task-0031,signed_vote2,true,1,1783311772053,0,QmcMwXc4Z8ftz7kr4SLihnEKFezGYhMs51A9cNDVd2ZUGa,false
196,e6-lifecycle-20260706T042251.490920785Z-c4-real-task-0031,signed_settlement,true,2,1783311772054,0,QmcMwXc4Z8ftz7kr4SLihnEKFezGYhMs51A9cNDVd2ZUGa,false
197,e6-lifecycle-20260706T042251.490920785Z-c4-real-task-0031,signed_query_latest,true,0,1783311772056,0,QmcMwXc4Z8ftz7kr4SLihnEKFezGYhMs51A9cNDVd2ZUGa,false
198,e6-lifecycle-20260706T042251.490920785Z-c4-real-task-0031,ipfs_verify,true,7,1783311772056,0,QmcMwXc4Z8ftz7kr4SLihnEKFezGYhMs51A9cNDVd2ZUGa,false
199,e6-lifecycle-20260706T042251.490920785Z-c4-real-task-0032,ipfs_add,true,62,1783311772003,4244,,false
200,e6-lifecycle-20260706T042251.490920785Z-c4-real-task-0032,signed_posttask,true,3,1783311772065,0,QmTUE1xZhmfV2QSdvfbaurUfSv66ET7R31e5urBxmKFSfb,false
201,e6-lifecycle-20260706T042251.490920785Z-c4-real-task-0032,signed_postallocation,true,1,1783311772068,0,QmTUE1xZhmfV2QSdvfbaurUfSv66ET7R31e5urBxmKFSfb,false
202,e6-lifecycle-20260706T042251.490920785Z-c4-real-task-0032,signed_post_evalsnapshot,true,2,1783311772069,0,QmTUE1xZhmfV2QSdvfbaurUfSv66ET7R31e5urBxmKFSfb,false
203,e6-lifecycle-20260706T042251.490920785Z-c4-real-task-0032,signed_vote1,true,2,1783311772071,0,QmTUE1xZhmfV2QSdvfbaurUfSv66ET7R31e5urBxmKFSfb,false
204,e6-lifecycle-20260706T042251.490920785Z-c4-real-task-0032,signed_vote2,true,1,1783311772073,0,QmTUE1xZhmfV2QSdvfbaurUfSv66ET7R31e5urBxmKFSfb,false
205,e6-lifecycle-20260706T042251.490920785Z-c4-real-task-0032,signed_settlement,true,2,1783311772074,0,QmTUE1xZhmfV2QSdvfbaurUfSv66ET7R31e5urBxmKFSfb,false
206,e6-lifecycle-20260706T042251.490920785Z-c4-real-task-0032,signed_query_latest,true,0,1783311772076,0,QmTUE1xZhmfV2QSdvfbaurUfSv66ET7R31e5urBxmKFSfb,false
207,e6-lifecycle-20260706T042251.490920785Z-c4-real-task-0032,ipfs_verify,true,7,1783311772076,0,QmTUE1xZhmfV2QSdvfbaurUfSv66ET7R31e5urBxmKFSfb,false
208,e6-lifecycle-20260706T042251.490920785Z-c4-real-task-0033,ipfs_add,true,57,1783311772027,7207,,false
209,e6-lifecycle-20260706T042251.490920785Z-c4-real-task-0033,signed_posttask,true,2,1783311772084,0,QmQ48RSbPCJevCydnQupZo9nDcEmZKcjzn5kaHFiESq88N,false
210,e6-lifecycle-20260706T042251.490920785Z-c4-real-task-0033,signed_postallocation,true,1,1783311772086,0,QmQ48RSbPCJevCydnQupZo9nDcEmZKcjzn5kaHFiESq88N,false
211,e6-lifecycle-20260706T042251.490920785Z-c4-real-task-0033,signed_post_evalsnapshot,true,2,1783311772087,0,QmQ48RSbPCJevCydnQupZo9nDcEmZKcjzn5kaHFiESq88N,false
212,e6-lifecycle-20260706T042251.490920785Z-c4-real-task-0033,signed_vote1,true,3,1783311772089,0,QmQ48RSbPCJevCydnQupZo9nDcEmZKcjzn5kaHFiESq88N,false
213,e6-lifecycle-20260706T042251.490920785Z-c4-real-task-0033,signed_vote2,true,1,1783311772092,0,QmQ48RSbPCJevCydnQupZo9nDcEmZKcjzn5kaHFiESq88N,false
214,e6-lifecycle-20260706T042251.490920785Z-c4-real-task-0033,signed_settlement,true,2,1783311772093,0,QmQ48RSbPCJevCydnQupZo9nDcEmZKcjzn5kaHFiESq88N,false
215,e6-lifecycle-20260706T042251.490920785Z-c4-real-task-0033,signed_query_latest,true,0,1783311772095,0,QmQ48RSbPCJevCydnQupZo9nDcEmZKcjzn5kaHFiESq88N,false
216,e6-lifecycle-20260706T042251.490920785Z-c4-real-task-0033,ipfs_verify,true,6,1783311772095,0,QmQ48RSbPCJevCydnQupZo9nDcEmZKcjzn5kaHFiESq88N,false
217,e6-lifecycle-20260706T042251.490920785Z-c4-real-task-0034,ipfs_add,true,59,1783311772044,1614,,false
218,e6-lifecycle-20260706T042251.490920785Z-c4-real-task-0034,signed_posttask,true,2,1783311772103,0,QmPfG9yDWdYPi2SxVxc2HNwGgKxYHpb8KNnTKLEUsSwYJF,false
219,e6-lifecycle-20260706T042251.490920785Z-c4-real-task-0034,signed_postallocation,true,2,1783311772105,0,QmPfG9yDWdYPi2SxVxc2HNwGgKxYHpb8KNnTKLEUsSwYJF,false
220,e6-lifecycle-20260706T042251.490920785Z-c4-real-task-0034,signed_post_evalsnapshot,true,2,1783311772107,0,QmPfG9yDWdYPi2SxVxc2HNwGgKxYHpb8KNnTKLEUsSwYJF,false
221,e6-lifecycle-20260706T042251.490920785Z-c4-real-task-0034,signed_vote1,true,1,1783311772109,0,QmPfG9yDWdYPi2SxVxc2HNwGgKxYHpb8KNnTKLEUsSwYJF,false
222,e6-lifecycle-20260706T042251.490920785Z-c4-real-task-0034,signed_vote2,true,2,1783311772110,0,QmPfG9yDWdYPi2SxVxc2HNwGgKxYHpb8KNnTKLEUsSwYJF,false
223,e6-lifecycle-20260706T042251.490920785Z-c4-real-task-0034,signed_settlement,true,2,1783311772112,0,QmPfG9yDWdYPi2SxVxc2HNwGgKxYHpb8KNnTKLEUsSwYJF,false
224,e6-lifecycle-20260706T042251.490920785Z-c4-real-task-0034,signed_query_latest,true,0,1783311772114,0,QmPfG9yDWdYPi2SxVxc2HNwGgKxYHpb8KNnTKLEUsSwYJF,false
225,e6-lifecycle-20260706T042251.490920785Z-c4-real-task-0034,ipfs_verify,true,6,1783311772114,0,QmPfG9yDWdYPi2SxVxc2HNwGgKxYHpb8KNnTKLEUsSwYJF,false
226,e6-lifecycle-20260706T042251.490920785Z-c4-real-task-0035,ipfs_add,true,60,1783311772063,1846,,false
227,e6-lifecycle-20260706T042251.490920785Z-c4-real-task-0035,signed_posttask,true,2,1783311772123,0,QmXkECAAwC32vhNNVm7xZTatUjGVbfHbwXcCezk2t5DnUf,false
228,e6-lifecycle-20260706T042251.490920785Z-c4-real-task-0035,signed_postallocation,true,3,1783311772125,0,QmXkECAAwC32vhNNVm7xZTatUjGVbfHbwXcCezk2t5DnUf,false
229,e6-lifecycle-20260706T042251.490920785Z-c4-real-task-0035,signed_post_evalsnapshot,true,2,1783311772128,0,QmXkECAAwC32vhNNVm7xZTatUjGVbfHbwXcCezk2t5DnUf,false
230,e6-lifecycle-20260706T042251.490920785Z-c4-real-task-0035,signed_vote1,true,2,1783311772130,0,QmXkECAAwC32vhNNVm7xZTatUjGVbfHbwXcCezk2t5DnUf,false
231,e6-lifecycle-20260706T042251.490920785Z-c4-real-task-0035,signed_vote2,true,1,1783311772132,0,QmXkECAAwC32vhNNVm7xZTatUjGVbfHbwXcCezk2t5DnUf,false
232,e6-lifecycle-20260706T042251.490920785Z-c4-real-task-0035,signed_settlement,true,2,1783311772133,0,QmXkECAAwC32vhNNVm7xZTatUjGVbfHbwXcCezk2t5DnUf,false
233,e6-lifecycle-20260706T042251.490920785Z-c4-real-task-0035,signed_query_latest,true,0,1783311772135,0,QmXkECAAwC32vhNNVm7xZTatUjGVbfHbwXcCezk2t5DnUf,false
234,e6-lifecycle-20260706T042251.490920785Z-c4-real-task-0035,ipfs_verify,true,8,1783311772135,0,QmXkECAAwC32vhNNVm7xZTatUjGVbfHbwXcCezk2t5DnUf,false
235,e6-lifecycle-20260706T042251.490920785Z-c4-real-task-0037,ipfs_add,true,60,1783311772101,2773,,false
236,e6-lifecycle-20260706T042251.490920785Z-c4-real-task-0037,signed_posttask,true,2,1783311772161,0,QmWmrqK7bzA1Pq5z5dsLEen6BZ5iPRNFNBXLJnZmr5J9ff,false
237,e6-lifecycle-20260706T042251.490920785Z-c4-real-task-0037,signed_postallocation,true,1,1783311772163,0,QmWmrqK7bzA1Pq5z5dsLEen6BZ5iPRNFNBXLJnZmr5J9ff,false
238,e6-lifecycle-20260706T042251.490920785Z-c4-real-task-0037,signed_post_evalsnapshot,true,2,1783311772164,0,QmWmrqK7bzA1Pq5z5dsLEen6BZ5iPRNFNBXLJnZmr5J9ff,false
239,e6-lifecycle-20260706T042251.490920785Z-c4-real-task-0037,signed_vote1,true,1,1783311772166,0,QmWmrqK7bzA1Pq5z5dsLEen6BZ5iPRNFNBXLJnZmr5J9ff,false
240,e6-lifecycle-20260706T042251.490920785Z-c4-real-task-0037,signed_vote2,true,2,1783311772167,0,QmWmrqK7bzA1Pq5z5dsLEen6BZ5iPRNFNBXLJnZmr5J9ff,false
241,e6-lifecycle-20260706T042251.490920785Z-c4-real-task-0037,signed_settlement,true,1,1783311772169,0,QmWmrqK7bzA1Pq5z5dsLEen6BZ5iPRNFNBXLJnZmr5J9ff,false
242,e6-lifecycle-20260706T042251.490920785Z-c4-real-task-0037,signed_query_latest,true,0,1783311772170,0,QmWmrqK7bzA1Pq5z5dsLEen6BZ5iPRNFNBXLJnZmr5J9ff,false
243,e6-lifecycle-20260706T042251.490920785Z-c4-real-task-0037,ipfs_verify,true,7,1783311772170,0,QmWmrqK7bzA1Pq5z5dsLEen6BZ5iPRNFNBXLJnZmr5J9ff,false
244,e6-lifecycle-20260706T042251.490920785Z-c4-real-task-0038,ipfs_add,true,60,1783311772120,3829,,false
245,e6-lifecycle-20260706T042251.490920785Z-c4-real-task-0036,ipfs_add,true,97,1783311772083,2427,,false
246,e6-lifecycle-20260706T042251.490920785Z-c4-real-task-0036,signed_posttask,true,2,1783311772180,0,QmPSKMPmcfaaWUAvL2tX88QhRRxXXC4SXnChDHzjSbwd8b,false
247,e6-lifecycle-20260706T042251.490920785Z-c4-real-task-0036,signed_postallocation,true,3,1783311772182,0,QmPSKMPmcfaaWUAvL2tX88QhRRxXXC4SXnChDHzjSbwd8b,false
248,e6-lifecycle-20260706T042251.490920785Z-c4-real-task-0038,signed_posttask,true,7,1783311772180,0,QmUB51xuBaMCywUYGFiM9cTrnAhyjLu2J5jzTrZkY11kPF,false
249,e6-lifecycle-20260706T042251.490920785Z-c4-real-task-0038,signed_postallocation,true,3,1783311772187,0,QmUB51xuBaMCywUYGFiM9cTrnAhyjLu2J5jzTrZkY11kPF,false
250,e6-lifecycle-20260706T042251.490920785Z-c4-real-task-0036,signed_post_evalsnapshot,true,6,1783311772185,0,QmPSKMPmcfaaWUAvL2tX88QhRRxXXC4SXnChDHzjSbwd8b,false
251,e6-lifecycle-20260706T042251.490920785Z-c4-real-task-0036,signed_vote1,true,2,1783311772191,0,QmPSKMPmcfaaWUAvL2tX88QhRRxXXC4SXnChDHzjSbwd8b,false
252,e6-lifecycle-20260706T042251.490920785Z-c4-real-task-0038,signed_post_evalsnapshot,true,5,1783311772190,0,QmUB51xuBaMCywUYGFiM9cTrnAhyjLu2J5jzTrZkY11kPF,false
253,e6-lifecycle-20260706T042251.490920785Z-c4-real-task-0038,signed_vote1,true,1,1783311772195,0,QmUB51xuBaMCywUYGFiM9cTrnAhyjLu2J5jzTrZkY11kPF,false
254,e6-lifecycle-20260706T042251.490920785Z-c4-real-task-0036,signed_vote2,true,6,1783311772193,0,QmPSKMPmcfaaWUAvL2tX88QhRRxXXC4SXnChDHzjSbwd8b,false
255,e6-lifecycle-20260706T042251.490920785Z-c4-real-task-0036,signed_settlement,true,2,1783311772199,0,QmPSKMPmcfaaWUAvL2tX88QhRRxXXC4SXnChDHzjSbwd8b,false
256,e6-lifecycle-20260706T042251.490920785Z-c4-real-task-0038,signed_vote2,true,6,1783311772197,0,QmUB51xuBaMCywUYGFiM9cTrnAhyjLu2J5jzTrZkY11kPF,false
257,e6-lifecycle-20260706T042251.490920785Z-c4-real-task-0036,signed_query_latest,true,3,1783311772201,0,QmPSKMPmcfaaWUAvL2tX88QhRRxXXC4SXnChDHzjSbwd8b,false
258,e6-lifecycle-20260706T042251.490920785Z-c4-real-task-0038,signed_settlement,true,2,1783311772203,0,QmUB51xuBaMCywUYGFiM9cTrnAhyjLu2J5jzTrZkY11kPF,false
259,e6-lifecycle-20260706T042251.490920785Z-c4-real-task-0038,signed_query_latest,true,0,1783311772205,0,QmUB51xuBaMCywUYGFiM9cTrnAhyjLu2J5jzTrZkY11kPF,false
260,e6-lifecycle-20260706T042251.490920785Z-c4-real-task-0039,ipfs_add,true,62,1783311772143,2185,,false
261,e6-lifecycle-20260706T042251.490920785Z-c4-real-task-0039,signed_posttask,true,2,1783311772205,0,QmasU8pZpyfk1aUFRpicohvbDCx1eFRWjH9p29sHpDSiZZ,false
262,e6-lifecycle-20260706T042251.490920785Z-c4-real-task-0039,signed_postallocation,true,2,1783311772207,0,QmasU8pZpyfk1aUFRpicohvbDCx1eFRWjH9p29sHpDSiZZ,false
263,e6-lifecycle-20260706T042251.490920785Z-c4-real-task-0039,signed_post_evalsnapshot,true,1,1783311772209,0,QmasU8pZpyfk1aUFRpicohvbDCx1eFRWjH9p29sHpDSiZZ,false
264,e6-lifecycle-20260706T042251.490920785Z-c4-real-task-0039,signed_vote1,true,2,1783311772210,0,QmasU8pZpyfk1aUFRpicohvbDCx1eFRWjH9p29sHpDSiZZ,false
265,e6-lifecycle-20260706T042251.490920785Z-c4-real-task-0036,ipfs_verify,true,8,1783311772204,0,QmPSKMPmcfaaWUAvL2tX88QhRRxXXC4SXnChDHzjSbwd8b,false
266,e6-lifecycle-20260706T042251.490920785Z-c4-real-task-0038,ipfs_verify,true,8,1783311772205,0,QmUB51xuBaMCywUYGFiM9cTrnAhyjLu2J5jzTrZkY11kPF,false
267,e6-lifecycle-20260706T042251.490920785Z-c4-real-task-0039,signed_vote2,true,1,1783311772212,0,QmasU8pZpyfk1aUFRpicohvbDCx1eFRWjH9p29sHpDSiZZ,false
268,e6-lifecycle-20260706T042251.490920785Z-c4-real-task-0039,signed_settlement,true,2,1783311772213,0,QmasU8pZpyfk1aUFRpicohvbDCx1eFRWjH9p29sHpDSiZZ,false
269,e6-lifecycle-20260706T042251.490920785Z-c4-real-task-0039,signed_query_latest,true,0,1783311772215,0,QmasU8pZpyfk1aUFRpicohvbDCx1eFRWjH9p29sHpDSiZZ,false
270,e6-lifecycle-20260706T042251.490920785Z-c4-real-task-0039,ipfs_verify,true,6,1783311772215,0,QmasU8pZpyfk1aUFRpicohvbDCx1eFRWjH9p29sHpDSiZZ,false
271,e6-lifecycle-20260706T042251.490920785Z-c4-real-task-0040,ipfs_add,true,53,1783311772178,1852,,false
272,e6-lifecycle-20260706T042251.490920785Z-c4-real-task-0040,signed_posttask,true,2,1783311772231,0,Qme8h8cEVWXzKEmaj7rkRo9NHBoPXxWrTLcYQjWRpqrisB,false
273,e6-lifecycle-20260706T042251.490920785Z-c4-real-task-0040,signed_postallocation,true,2,1783311772233,0,Qme8h8cEVWXzKEmaj7rkRo9NHBoPXxWrTLcYQjWRpqrisB,false
274,e6-lifecycle-20260706T042251.490920785Z-c4-real-task-0040,signed_post_evalsnapshot,true,2,1783311772235,0,Qme8h8cEVWXzKEmaj7rkRo9NHBoPXxWrTLcYQjWRpqrisB,false
275,e6-lifecycle-20260706T042251.490920785Z-c4-real-task-0040,signed_vote1,true,2,1783311772237,0,Qme8h8cEVWXzKEmaj7rkRo9NHBoPXxWrTLcYQjWRpqrisB,false
276,e6-lifecycle-20260706T042251.490920785Z-c4-real-task-0040,signed_vote2,true,3,1783311772239,0,Qme8h8cEVWXzKEmaj7rkRo9NHBoPXxWrTLcYQjWRpqrisB,false
277,e6-lifecycle-20260706T042251.490920785Z-c4-real-task-0040,signed_settlement,true,2,1783311772242,0,Qme8h8cEVWXzKEmaj7rkRo9NHBoPXxWrTLcYQjWRpqrisB,false
278,e6-lifecycle-20260706T042251.490920785Z-c4-real-task-0040,signed_query_latest,true,0,1783311772244,0,Qme8h8cEVWXzKEmaj7rkRo9NHBoPXxWrTLcYQjWRpqrisB,false
279,e6-lifecycle-20260706T042251.490920785Z-c4-real-task-0040,ipfs_verify,true,9,1783311772244,0,Qme8h8cEVWXzKEmaj7rkRo9NHBoPXxWrTLcYQjWRpqrisB,false
280,e6-lifecycle-20260706T042251.490920785Z-c4-real-task-0042,ipfs_add,true,42,1783311772213,4943,,false
281,e6-lifecycle-20260706T042251.490920785Z-c4-real-task-0042,signed_posttask,true,1,1783311772255,0,QmZaKHLtuvdC3131ZMjSafgzCnFunsBDrKht7U6CRuhaDJ,false
282,e6-lifecycle-20260706T042251.490920785Z-c4-real-task-0042,signed_postallocation,true,2,1783311772256,0,QmZaKHLtuvdC3131ZMjSafgzCnFunsBDrKht7U6CRuhaDJ,false
283,e6-lifecycle-20260706T042251.490920785Z-c4-real-task-0042,signed_post_evalsnapshot,true,2,1783311772258,0,QmZaKHLtuvdC3131ZMjSafgzCnFunsBDrKht7U6CRuhaDJ,false
284,e6-lifecycle-20260706T042251.490920785Z-c4-real-task-0042,signed_vote1,true,2,1783311772260,0,QmZaKHLtuvdC3131ZMjSafgzCnFunsBDrKht7U6CRuhaDJ,false
285,e6-lifecycle-20260706T042251.490920785Z-c4-real-task-0042,signed_vote2,true,2,1783311772262,0,QmZaKHLtuvdC3131ZMjSafgzCnFunsBDrKht7U6CRuhaDJ,false
286,e6-lifecycle-20260706T042251.490920785Z-c4-real-task-0042,signed_settlement,true,1,1783311772264,0,QmZaKHLtuvdC3131ZMjSafgzCnFunsBDrKht7U6CRuhaDJ,false
287,e6-lifecycle-20260706T042251.490920785Z-c4-real-task-0042,signed_query_latest,true,0,1783311772265,0,QmZaKHLtuvdC3131ZMjSafgzCnFunsBDrKht7U6CRuhaDJ,false
288,e6-lifecycle-20260706T042251.490920785Z-c4-real-task-0042,ipfs_verify,true,7,1783311772265,0,QmZaKHLtuvdC3131ZMjSafgzCnFunsBDrKht7U6CRuhaDJ,false
289,e6-lifecycle-20260706T042251.490920785Z-c4-real-task-0061,ipfs_add,true,63,1783311772212,5946,,false
290,e6-lifecycle-20260706T042251.490920785Z-c4-real-task-0061,signed_posttask,true,1,1783311772275,0,QmZznbE6Q8qgJZM6zko75Z5kysY6RRAzfTKYtPEykpkpaT,false
291,e6-lifecycle-20260706T042251.490920785Z-c4-real-task-0061,signed_postallocation,true,10,1783311772276,0,QmZznbE6Q8qgJZM6zko75Z5kysY6RRAzfTKYtPEykpkpaT,false
292,e6-lifecycle-20260706T042251.490920785Z-c4-real-task-0061,signed_post_evalsnapshot,true,2,1783311772286,0,QmZznbE6Q8qgJZM6zko75Z5kysY6RRAzfTKYtPEykpkpaT,false
293,e6-lifecycle-20260706T042251.490920785Z-c4-real-task-0061,signed_vote1,true,2,1783311772288,0,QmZznbE6Q8qgJZM6zko75Z5kysY6RRAzfTKYtPEykpkpaT,false
294,e6-lifecycle-20260706T042251.490920785Z-c4-real-task-0061,signed_vote2,true,1,1783311772290,0,QmZznbE6Q8qgJZM6zko75Z5kysY6RRAzfTKYtPEykpkpaT,false
295,e6-lifecycle-20260706T042251.490920785Z-c4-real-task-0061,signed_settlement,true,2,1783311772291,0,QmZznbE6Q8qgJZM6zko75Z5kysY6RRAzfTKYtPEykpkpaT,false
296,e6-lifecycle-20260706T042251.490920785Z-c4-real-task-0061,signed_query_latest,true,0,1783311772293,0,QmZznbE6Q8qgJZM6zko75Z5kysY6RRAzfTKYtPEykpkpaT,false
297,e6-lifecycle-20260706T042251.490920785Z-c4-real-task-0061,ipfs_verify,true,8,1783311772293,0,QmZznbE6Q8qgJZM6zko75Z5kysY6RRAzfTKYtPEykpkpaT,false
298,e6-lifecycle-20260706T042251.490920785Z-c4-real-task-0043,ipfs_add,true,85,1783311772222,4365,,false
299,e6-lifecycle-20260706T042251.490920785Z-c4-real-task-0043,signed_posttask,true,1,1783311772307,0,QmNyUP9PxhaGNgSe7A4vos9UdtKrgujw25dFezkghCHMSN,false
300,e6-lifecycle-20260706T042251.490920785Z-c4-real-task-0043,signed_postallocation,true,2,1783311772308,0,QmNyUP9PxhaGNgSe7A4vos9UdtKrgujw25dFezkghCHMSN,false
301,e6-lifecycle-20260706T042251.490920785Z-c4-real-task-0043,signed_post_evalsnapshot,true,2,1783311772310,0,QmNyUP9PxhaGNgSe7A4vos9UdtKrgujw25dFezkghCHMSN,false
302,e6-lifecycle-20260706T042251.490920785Z-c4-real-task-0043,signed_vote1,true,1,1783311772312,0,QmNyUP9PxhaGNgSe7A4vos9UdtKrgujw25dFezkghCHMSN,false
303,e6-lifecycle-20260706T042251.490920785Z-c4-real-task-0043,signed_vote2,true,2,1783311772313,0,QmNyUP9PxhaGNgSe7A4vos9UdtKrgujw25dFezkghCHMSN,false
304,e6-lifecycle-20260706T042251.490920785Z-c4-real-task-0043,signed_settlement,true,2,1783311772315,0,QmNyUP9PxhaGNgSe7A4vos9UdtKrgujw25dFezkghCHMSN,false
305,e6-lifecycle-20260706T042251.490920785Z-c4-real-task-0043,signed_query_latest,true,0,1783311772317,0,QmNyUP9PxhaGNgSe7A4vos9UdtKrgujw25dFezkghCHMSN,false
306,e6-lifecycle-20260706T042251.490920785Z-c4-real-task-0043,ipfs_verify,true,8,1783311772317,0,QmNyUP9PxhaGNgSe7A4vos9UdtKrgujw25dFezkghCHMSN,false
307,e6-lifecycle-20260706T042251.490920785Z-c4-real-task-0044,ipfs_add,true,72,1783311772253,1996,,false
308,e6-lifecycle-20260706T042251.490920785Z-c4-real-task-0044,signed_posttask,true,2,1783311772325,0,QmRdq27qE1F3dGzbT9p9PnePh4D88Nw3KFAmJZ2C7W4jcT,false
309,e6-lifecycle-20260706T042251.490920785Z-c4-real-task-0044,signed_postallocation,true,1,1783311772327,0,QmRdq27qE1F3dGzbT9p9PnePh4D88Nw3KFAmJZ2C7W4jcT,false
310,e6-lifecycle-20260706T042251.490920785Z-c4-real-task-0044,signed_post_evalsnapshot,true,2,1783311772328,0,QmRdq27qE1F3dGzbT9p9PnePh4D88Nw3KFAmJZ2C7W4jcT,false
311,e6-lifecycle-20260706T042251.490920785Z-c4-real-task-0044,signed_vote1,true,1,1783311772330,0,QmRdq27qE1F3dGzbT9p9PnePh4D88Nw3KFAmJZ2C7W4jcT,false
312,e6-lifecycle-20260706T042251.490920785Z-c4-real-task-0044,signed_vote2,true,2,1783311772331,0,QmRdq27qE1F3dGzbT9p9PnePh4D88Nw3KFAmJZ2C7W4jcT,false
313,e6-lifecycle-20260706T042251.490920785Z-c4-real-task-0044,signed_settlement,true,2,1783311772333,0,QmRdq27qE1F3dGzbT9p9PnePh4D88Nw3KFAmJZ2C7W4jcT,false
314,e6-lifecycle-20260706T042251.490920785Z-c4-real-task-0044,signed_query_latest,true,0,1783311772335,0,QmRdq27qE1F3dGzbT9p9PnePh4D88Nw3KFAmJZ2C7W4jcT,false
315,e6-lifecycle-20260706T042251.490920785Z-c4-real-task-0044,ipfs_verify,true,6,1783311772335,0,QmRdq27qE1F3dGzbT9p9PnePh4D88Nw3KFAmJZ2C7W4jcT,false
316,e6-lifecycle-20260706T042251.490920785Z-c4-real-task-0045,ipfs_add,true,72,1783311772272,2595,,false
317,e6-lifecycle-20260706T042251.490920785Z-c4-real-task-0045,signed_posttask,true,4,1783311772344,0,QmfZqW6816xBeSRuQN3KqApyKbwjb4f3u87p8veGLitLQh,false
318,e6-lifecycle-20260706T042251.490920785Z-c4-real-task-0045,signed_postallocation,true,2,1783311772348,0,QmfZqW6816xBeSRuQN3KqApyKbwjb4f3u87p8veGLitLQh,false
319,e6-lifecycle-20260706T042251.490920785Z-c4-real-task-0045,signed_post_evalsnapshot,true,2,1783311772350,0,QmfZqW6816xBeSRuQN3KqApyKbwjb4f3u87p8veGLitLQh,false
320,e6-lifecycle-20260706T042251.490920785Z-c4-real-task-0045,signed_vote1,true,1,1783311772352,0,QmfZqW6816xBeSRuQN3KqApyKbwjb4f3u87p8veGLitLQh,false
321,e6-lifecycle-20260706T042251.490920785Z-c4-real-task-0045,signed_vote2,true,2,1783311772353,0,QmfZqW6816xBeSRuQN3KqApyKbwjb4f3u87p8veGLitLQh,false
322,e6-lifecycle-20260706T042251.490920785Z-c4-real-task-0045,signed_settlement,true,2,1783311772355,0,QmfZqW6816xBeSRuQN3KqApyKbwjb4f3u87p8veGLitLQh,false
323,e6-lifecycle-20260706T042251.490920785Z-c4-real-task-0045,signed_query_latest,true,0,1783311772357,0,QmfZqW6816xBeSRuQN3KqApyKbwjb4f3u87p8veGLitLQh,false
324,e6-lifecycle-20260706T042251.490920785Z-c4-real-task-0045,ipfs_verify,true,8,1783311772357,0,QmfZqW6816xBeSRuQN3KqApyKbwjb4f3u87p8veGLitLQh,false
325,e6-lifecycle-20260706T042251.490920785Z-c4-real-task-0046,ipfs_add,true,73,1783311772301,1643,,false
326,e6-lifecycle-20260706T042251.490920785Z-c4-real-task-0046,signed_posttask,true,2,1783311772374,0,QmTnaHUQXj9xeoWHT2zVraSQfVPSZ3kwXbfxhynCbSD478,false
327,e6-lifecycle-20260706T042251.490920785Z-c4-real-task-0046,signed_postallocation,true,2,1783311772376,0,QmTnaHUQXj9xeoWHT2zVraSQfVPSZ3kwXbfxhynCbSD478,false
328,e6-lifecycle-20260706T042251.490920785Z-c4-real-task-0046,signed_post_evalsnapshot,true,2,1783311772378,0,QmTnaHUQXj9xeoWHT2zVraSQfVPSZ3kwXbfxhynCbSD478,false
329,e6-lifecycle-20260706T042251.490920785Z-c4-real-task-0046,signed_vote1,true,2,1783311772380,0,QmTnaHUQXj9xeoWHT2zVraSQfVPSZ3kwXbfxhynCbSD478,false
330,e6-lifecycle-20260706T042251.490920785Z-c4-real-task-0046,signed_vote2,true,2,1783311772382,0,QmTnaHUQXj9xeoWHT2zVraSQfVPSZ3kwXbfxhynCbSD478,false
331,e6-lifecycle-20260706T042251.490920785Z-c4-real-task-0046,signed_settlement,true,1,1783311772384,0,QmTnaHUQXj9xeoWHT2zVraSQfVPSZ3kwXbfxhynCbSD478,false
332,e6-lifecycle-20260706T042251.490920785Z-c4-real-task-0046,signed_query_latest,true,0,1783311772385,0,QmTnaHUQXj9xeoWHT2zVraSQfVPSZ3kwXbfxhynCbSD478,false
333,e6-lifecycle-20260706T042251.490920785Z-c4-real-task-0046,ipfs_verify,true,8,1783311772385,0,QmTnaHUQXj9xeoWHT2zVraSQfVPSZ3kwXbfxhynCbSD478,false
334,e6-lifecycle-20260706T042251.490920785Z-c4-real-task-0047,ipfs_add,true,70,1783311772325,4867,,false
335,e6-lifecycle-20260706T042251.490920785Z-c4-real-task-0047,signed_posttask,true,2,1783311772395,0,QmeV2Nyd6AXfLrfL94BuWtPhgFx2BQKzDFrxvN5H5wGM4v,false
336,e6-lifecycle-20260706T042251.490920785Z-c4-real-task-0047,signed_postallocation,true,2,1783311772397,0,QmeV2Nyd6AXfLrfL94BuWtPhgFx2BQKzDFrxvN5H5wGM4v,false
337,e6-lifecycle-20260706T042251.490920785Z-c4-real-task-0047,signed_post_evalsnapshot,true,1,1783311772399,0,QmeV2Nyd6AXfLrfL94BuWtPhgFx2BQKzDFrxvN5H5wGM4v,false
338,e6-lifecycle-20260706T042251.490920785Z-c4-real-task-0047,signed_vote1,true,1,1783311772401,0,QmeV2Nyd6AXfLrfL94BuWtPhgFx2BQKzDFrxvN5H5wGM4v,false
339,e6-lifecycle-20260706T042251.490920785Z-c4-real-task-0047,signed_vote2,true,2,1783311772402,0,QmeV2Nyd6AXfLrfL94BuWtPhgFx2BQKzDFrxvN5H5wGM4v,false
340,e6-lifecycle-20260706T042251.490920785Z-c4-real-task-0047,signed_settlement,true,1,1783311772404,0,QmeV2Nyd6AXfLrfL94BuWtPhgFx2BQKzDFrxvN5H5wGM4v,false
341,e6-lifecycle-20260706T042251.490920785Z-c4-real-task-0047,signed_query_latest,true,0,1783311772405,0,QmeV2Nyd6AXfLrfL94BuWtPhgFx2BQKzDFrxvN5H5wGM4v,false
342,e6-lifecycle-20260706T042251.490920785Z-c4-real-task-0047,ipfs_verify,true,9,1783311772405,0,QmeV2Nyd6AXfLrfL94BuWtPhgFx2BQKzDFrxvN5H5wGM4v,false
343,e6-lifecycle-20260706T042251.490920785Z-c4-real-task-0048,ipfs_add,true,73,1783311772341,6584,,false
344,e6-lifecycle-20260706T042251.490920785Z-c4-real-task-0048,signed_posttask,true,2,1783311772414,0,QmZxwAc5vt22wSQ5mT8jRWQr3tdyJrTwAGgotYvEjWf3wN,false
345,e6-lifecycle-20260706T042251.490920785Z-c4-real-task-0048,signed_postallocation,true,2,1783311772416,0,QmZxwAc5vt22wSQ5mT8jRWQr3tdyJrTwAGgotYvEjWf3wN,false
346,e6-lifecycle-20260706T042251.490920785Z-c4-real-task-0048,signed_post_evalsnapshot,true,1,1783311772418,0,QmZxwAc5vt22wSQ5mT8jRWQr3tdyJrTwAGgotYvEjWf3wN,false
347,e6-lifecycle-20260706T042251.490920785Z-c4-real-task-0048,signed_vote1,true,2,1783311772419,0,QmZxwAc5vt22wSQ5mT8jRWQr3tdyJrTwAGgotYvEjWf3wN,false
348,e6-lifecycle-20260706T042251.490920785Z-c4-real-task-0048,signed_vote2,true,2,1783311772421,0,QmZxwAc5vt22wSQ5mT8jRWQr3tdyJrTwAGgotYvEjWf3wN,false
349,e6-lifecycle-20260706T042251.490920785Z-c4-real-task-0048,signed_settlement,true,2,1783311772423,0,QmZxwAc5vt22wSQ5mT8jRWQr3tdyJrTwAGgotYvEjWf3wN,false
350,e6-lifecycle-20260706T042251.490920785Z-c4-real-task-0048,signed_query_latest,true,0,1783311772425,0,QmZxwAc5vt22wSQ5mT8jRWQr3tdyJrTwAGgotYvEjWf3wN,false
351,e6-lifecycle-20260706T042251.490920785Z-c4-real-task-0048,ipfs_verify,true,8,1783311772425,0,QmZxwAc5vt22wSQ5mT8jRWQr3tdyJrTwAGgotYvEjWf3wN,false
352,e6-lifecycle-20260706T042251.490920785Z-c4-real-task-0049,ipfs_add,true,70,1783311772365,1811,,false
353,e6-lifecycle-20260706T042251.490920785Z-c4-real-task-0049,signed_posttask,true,1,1783311772435,0,Qme9dPNL59uRhU5hx2jyKbBdCPqBgF1krPA6WvcCYu8eVf,false
354,e6-lifecycle-20260706T042251.490920785Z-c4-real-task-0049,signed_postallocation,true,3,1783311772436,0,Qme9dPNL59uRhU5hx2jyKbBdCPqBgF1krPA6WvcCYu8eVf,false
355,e6-lifecycle-20260706T042251.490920785Z-c4-real-task-0049,signed_post_evalsnapshot,true,2,1783311772439,0,Qme9dPNL59uRhU5hx2jyKbBdCPqBgF1krPA6WvcCYu8eVf,false
356,e6-lifecycle-20260706T042251.490920785Z-c4-real-task-0049,signed_vote1,true,2,1783311772441,0,Qme9dPNL59uRhU5hx2jyKbBdCPqBgF1krPA6WvcCYu8eVf,false
357,e6-lifecycle-20260706T042251.490920785Z-c4-real-task-0049,signed_vote2,true,1,1783311772443,0,Qme9dPNL59uRhU5hx2jyKbBdCPqBgF1krPA6WvcCYu8eVf,false
358,e6-lifecycle-20260706T042251.490920785Z-c4-real-task-0049,signed_settlement,true,2,1783311772444,0,Qme9dPNL59uRhU5hx2jyKbBdCPqBgF1krPA6WvcCYu8eVf,false
359,e6-lifecycle-20260706T042251.490920785Z-c4-real-task-0049,signed_query_latest,true,0,1783311772446,0,Qme9dPNL59uRhU5hx2jyKbBdCPqBgF1krPA6WvcCYu8eVf,false
360,e6-lifecycle-20260706T042251.490920785Z-c4-real-task-0049,ipfs_verify,true,8,1783311772446,0,Qme9dPNL59uRhU5hx2jyKbBdCPqBgF1krPA6WvcCYu8eVf,false
361,e6-lifecycle-20260706T042251.490920785Z-c4-real-task-0050,ipfs_add,true,61,1783311772393,1999,,false
362,e6-lifecycle-20260706T042251.490920785Z-c4-real-task-0050,signed_posttask,true,2,1783311772454,0,QmdV6Xsz9DDJaY4mD6E1omWqFwV485nsfcNWmZWMizL9Jc,false
363,e6-lifecycle-20260706T042251.490920785Z-c4-real-task-0050,signed_postallocation,true,3,1783311772456,0,QmdV6Xsz9DDJaY4mD6E1omWqFwV485nsfcNWmZWMizL9Jc,false
364,e6-lifecycle-20260706T042251.490920785Z-c4-real-task-0050,signed_post_evalsnapshot,true,2,1783311772459,0,QmdV6Xsz9DDJaY4mD6E1omWqFwV485nsfcNWmZWMizL9Jc,false
365,e6-lifecycle-20260706T042251.490920785Z-c4-real-task-0050,signed_vote1,true,1,1783311772461,0,QmdV6Xsz9DDJaY4mD6E1omWqFwV485nsfcNWmZWMizL9Jc,false
366,e6-lifecycle-20260706T042251.490920785Z-c4-real-task-0050,signed_vote2,true,2,1783311772462,0,QmdV6Xsz9DDJaY4mD6E1omWqFwV485nsfcNWmZWMizL9Jc,false
367,e6-lifecycle-20260706T042251.490920785Z-c4-real-task-0050,signed_settlement,true,2,1783311772464,0,QmdV6Xsz9DDJaY4mD6E1omWqFwV485nsfcNWmZWMizL9Jc,false
368,e6-lifecycle-20260706T042251.490920785Z-c4-real-task-0050,signed_query_latest,true,0,1783311772466,0,QmdV6Xsz9DDJaY4mD6E1omWqFwV485nsfcNWmZWMizL9Jc,false
369,e6-lifecycle-20260706T042251.490920785Z-c4-real-task-0050,ipfs_verify,true,9,1783311772466,0,QmdV6Xsz9DDJaY4mD6E1omWqFwV485nsfcNWmZWMizL9Jc,false
370,e6-lifecycle-20260706T042251.490920785Z-c4-real-task-0051,ipfs_add,true,64,1783311772414,3763,,false
371,e6-lifecycle-20260706T042251.490920785Z-c4-real-task-0051,signed_posttask,true,1,1783311772478,0,QmTGsXsSojSBkAHS2R8QsjK4DdKDvRJKAvmLyhxkyrWAi1,false
372,e6-lifecycle-20260706T042251.490920785Z-c4-real-task-0051,signed_postallocation,true,2,1783311772479,0,QmTGsXsSojSBkAHS2R8QsjK4DdKDvRJKAvmLyhxkyrWAi1,false
373,e6-lifecycle-20260706T042251.490920785Z-c4-real-task-0051,signed_post_evalsnapshot,true,2,1783311772481,0,QmTGsXsSojSBkAHS2R8QsjK4DdKDvRJKAvmLyhxkyrWAi1,false
374,e6-lifecycle-20260706T042251.490920785Z-c4-real-task-0051,signed_vote1,true,1,1783311772483,0,QmTGsXsSojSBkAHS2R8QsjK4DdKDvRJKAvmLyhxkyrWAi1,false
375,e6-lifecycle-20260706T042251.490920785Z-c4-real-task-0051,signed_vote2,true,2,1783311772484,0,QmTGsXsSojSBkAHS2R8QsjK4DdKDvRJKAvmLyhxkyrWAi1,false
376,e6-lifecycle-20260706T042251.490920785Z-c4-real-task-0051,signed_settlement,true,1,1783311772486,0,QmTGsXsSojSBkAHS2R8QsjK4DdKDvRJKAvmLyhxkyrWAi1,false
377,e6-lifecycle-20260706T042251.490920785Z-c4-real-task-0051,signed_query_latest,true,0,1783311772487,0,QmTGsXsSojSBkAHS2R8QsjK4DdKDvRJKAvmLyhxkyrWAi1,false
378,e6-lifecycle-20260706T042251.490920785Z-c4-real-task-0051,ipfs_verify,true,9,1783311772487,0,QmTGsXsSojSBkAHS2R8QsjK4DdKDvRJKAvmLyhxkyrWAi1,false
379,e6-lifecycle-20260706T042251.490920785Z-c4-real-task-0052,ipfs_add,true,67,1783311772433,3794,,false
380,e6-lifecycle-20260706T042251.490920785Z-c4-real-task-0052,signed_posttask,true,3,1783311772500,0,Qmbhf75a6jKFm6r3n83e1TgGA1Jv3MZMWPn5DZ6DAQKRGx,false
381,e6-lifecycle-20260706T042251.490920785Z-c4-real-task-0052,signed_postallocation,true,2,1783311772503,0,Qmbhf75a6jKFm6r3n83e1TgGA1Jv3MZMWPn5DZ6DAQKRGx,false
382,e6-lifecycle-20260706T042251.490920785Z-c4-real-task-0052,signed_post_evalsnapshot,true,1,1783311772505,0,Qmbhf75a6jKFm6r3n83e1TgGA1Jv3MZMWPn5DZ6DAQKRGx,false
383,e6-lifecycle-20260706T042251.490920785Z-c4-real-task-0052,signed_vote1,true,2,1783311772506,0,Qmbhf75a6jKFm6r3n83e1TgGA1Jv3MZMWPn5DZ6DAQKRGx,false
384,e6-lifecycle-20260706T042251.490920785Z-c4-real-task-0052,signed_vote2,true,2,1783311772508,0,Qmbhf75a6jKFm6r3n83e1TgGA1Jv3MZMWPn5DZ6DAQKRGx,false
385,e6-lifecycle-20260706T042251.490920785Z-c4-real-task-0052,signed_settlement,true,1,1783311772510,0,Qmbhf75a6jKFm6r3n83e1TgGA1Jv3MZMWPn5DZ6DAQKRGx,false
386,e6-lifecycle-20260706T042251.490920785Z-c4-real-task-0052,signed_query_latest,true,0,1783311772511,0,Qmbhf75a6jKFm6r3n83e1TgGA1Jv3MZMWPn5DZ6DAQKRGx,false
387,e6-lifecycle-20260706T042251.490920785Z-c4-real-task-0052,ipfs_verify,true,8,1783311772511,0,Qmbhf75a6jKFm6r3n83e1TgGA1Jv3MZMWPn5DZ6DAQKRGx,false
388,e6-lifecycle-20260706T042251.490920785Z-c4-real-task-0053,ipfs_add,true,65,1783311772454,4728,,false
389,e6-lifecycle-20260706T042251.490920785Z-c4-real-task-0053,signed_posttask,true,2,1783311772519,0,QmQhmCX3uicZrhvWeBbc6PdBzun14HpniDh8sPFQzpyV9X,false
390,e6-lifecycle-20260706T042251.490920785Z-c4-real-task-0053,signed_postallocation,true,1,1783311772521,0,QmQhmCX3uicZrhvWeBbc6PdBzun14HpniDh8sPFQzpyV9X,false
391,e6-lifecycle-20260706T042251.490920785Z-c4-real-task-0053,signed_post_evalsnapshot,true,2,1783311772522,0,QmQhmCX3uicZrhvWeBbc6PdBzun14HpniDh8sPFQzpyV9X,false
392,e6-lifecycle-20260706T042251.490920785Z-c4-real-task-0053,signed_vote1,true,1,1783311772524,0,QmQhmCX3uicZrhvWeBbc6PdBzun14HpniDh8sPFQzpyV9X,false
393,e6-lifecycle-20260706T042251.490920785Z-c4-real-task-0053,signed_vote2,true,2,1783311772525,0,QmQhmCX3uicZrhvWeBbc6PdBzun14HpniDh8sPFQzpyV9X,false
394,e6-lifecycle-20260706T042251.490920785Z-c4-real-task-0053,signed_settlement,true,1,1783311772527,0,QmQhmCX3uicZrhvWeBbc6PdBzun14HpniDh8sPFQzpyV9X,false
395,e6-lifecycle-20260706T042251.490920785Z-c4-real-task-0053,signed_query_latest,true,0,1783311772528,0,QmQhmCX3uicZrhvWeBbc6PdBzun14HpniDh8sPFQzpyV9X,false
396,e6-lifecycle-20260706T042251.490920785Z-c4-real-task-0053,ipfs_verify,true,8,1783311772528,0,QmQhmCX3uicZrhvWeBbc6PdBzun14HpniDh8sPFQzpyV9X,false
397,e6-lifecycle-20260706T042251.490920785Z-c4-real-task-0054,ipfs_add,true,67,1783311772475,5229,,false
398,e6-lifecycle-20260706T042251.490920785Z-c4-real-task-0054,signed_posttask,true,2,1783311772542,0,QmPnCtNRFcwQFtC6bqhKn6Lncju1wDzgW5MAzMVD7Hqnio,false
399,e6-lifecycle-20260706T042251.490920785Z-c4-real-task-0054,signed_postallocation,true,2,1783311772544,0,QmPnCtNRFcwQFtC6bqhKn6Lncju1wDzgW5MAzMVD7Hqnio,false
400,e6-lifecycle-20260706T042251.490920785Z-c4-real-task-0054,signed_post_evalsnapshot,true,2,1783311772546,0,QmPnCtNRFcwQFtC6bqhKn6Lncju1wDzgW5MAzMVD7Hqnio,false
401,e6-lifecycle-20260706T042251.490920785Z-c4-real-task-0054,signed_vote1,true,1,1783311772548,0,QmPnCtNRFcwQFtC6bqhKn6Lncju1wDzgW5MAzMVD7Hqnio,false
402,e6-lifecycle-20260706T042251.490920785Z-c4-real-task-0054,signed_vote2,true,2,1783311772549,0,QmPnCtNRFcwQFtC6bqhKn6Lncju1wDzgW5MAzMVD7Hqnio,false
403,e6-lifecycle-20260706T042251.490920785Z-c4-real-task-0054,signed_settlement,true,3,1783311772551,0,QmPnCtNRFcwQFtC6bqhKn6Lncju1wDzgW5MAzMVD7Hqnio,false
404,e6-lifecycle-20260706T042251.490920785Z-c4-real-task-0054,signed_query_latest,true,0,1783311772554,0,QmPnCtNRFcwQFtC6bqhKn6Lncju1wDzgW5MAzMVD7Hqnio,false
405,e6-lifecycle-20260706T042251.490920785Z-c4-real-task-0054,ipfs_verify,true,8,1783311772554,0,QmPnCtNRFcwQFtC6bqhKn6Lncju1wDzgW5MAzMVD7Hqnio,false
406,e6-lifecycle-20260706T042251.490920785Z-c4-real-task-0055,ipfs_add,true,68,1783311772496,3299,,false
407,e6-lifecycle-20260706T042251.490920785Z-c4-real-task-0055,signed_posttask,true,2,1783311772564,0,QmafKJifZc1XAPwnCM3rfjeY8ycoRWBTEzRKJWmaz2X2pf,false
408,e6-lifecycle-20260706T042251.490920785Z-c4-real-task-0055,signed_postallocation,true,2,1783311772566,0,QmafKJifZc1XAPwnCM3rfjeY8ycoRWBTEzRKJWmaz2X2pf,false
409,e6-lifecycle-20260706T042251.490920785Z-c4-real-task-0055,signed_post_evalsnapshot,true,2,1783311772568,0,QmafKJifZc1XAPwnCM3rfjeY8ycoRWBTEzRKJWmaz2X2pf,false
410,e6-lifecycle-20260706T042251.490920785Z-c4-real-task-0055,signed_vote1,true,2,1783311772570,0,QmafKJifZc1XAPwnCM3rfjeY8ycoRWBTEzRKJWmaz2X2pf,false
411,e6-lifecycle-20260706T042251.490920785Z-c4-real-task-0055,signed_vote2,true,1,1783311772572,0,QmafKJifZc1XAPwnCM3rfjeY8ycoRWBTEzRKJWmaz2X2pf,false
412,e6-lifecycle-20260706T042251.490920785Z-c4-real-task-0055,signed_settlement,true,2,1783311772573,0,QmafKJifZc1XAPwnCM3rfjeY8ycoRWBTEzRKJWmaz2X2pf,false
413,e6-lifecycle-20260706T042251.490920785Z-c4-real-task-0055,signed_query_latest,true,0,1783311772575,0,QmafKJifZc1XAPwnCM3rfjeY8ycoRWBTEzRKJWmaz2X2pf,false
414,e6-lifecycle-20260706T042251.490920785Z-c4-real-task-0055,ipfs_verify,true,8,1783311772575,0,QmafKJifZc1XAPwnCM3rfjeY8ycoRWBTEzRKJWmaz2X2pf,false
415,e6-lifecycle-20260706T042251.490920785Z-c4-real-task-0056,ipfs_add,true,64,1783311772520,4022,,false
416,e6-lifecycle-20260706T042251.490920785Z-c4-real-task-0056,signed_posttask,true,2,1783311772584,0,QmZ7pYazDS7aTNmx4r1RUas5pautaRbk4VUrw59C2XLkhW,false
417,e6-lifecycle-20260706T042251.490920785Z-c4-real-task-0056,signed_postallocation,true,2,1783311772586,0,QmZ7pYazDS7aTNmx4r1RUas5pautaRbk4VUrw59C2XLkhW,false
418,e6-lifecycle-20260706T042251.490920785Z-c4-real-task-0056,signed_post_evalsnapshot,true,2,1783311772588,0,QmZ7pYazDS7aTNmx4r1RUas5pautaRbk4VUrw59C2XLkhW,false
419,e6-lifecycle-20260706T042251.490920785Z-c4-real-task-0056,signed_vote1,true,2,1783311772590,0,QmZ7pYazDS7aTNmx4r1RUas5pautaRbk4VUrw59C2XLkhW,false
420,e6-lifecycle-20260706T042251.490920785Z-c4-real-task-0056,signed_vote2,true,1,1783311772592,0,QmZ7pYazDS7aTNmx4r1RUas5pautaRbk4VUrw59C2XLkhW,false
421,e6-lifecycle-20260706T042251.490920785Z-c4-real-task-0056,signed_settlement,true,2,1783311772593,0,QmZ7pYazDS7aTNmx4r1RUas5pautaRbk4VUrw59C2XLkhW,false
422,e6-lifecycle-20260706T042251.490920785Z-c4-real-task-0056,signed_query_latest,true,0,1783311772595,0,QmZ7pYazDS7aTNmx4r1RUas5pautaRbk4VUrw59C2XLkhW,false
423,e6-lifecycle-20260706T042251.490920785Z-c4-real-task-0056,ipfs_verify,true,8,1783311772595,0,QmZ7pYazDS7aTNmx4r1RUas5pautaRbk4VUrw59C2XLkhW,false
424,e6-lifecycle-20260706T042251.490920785Z-c4-real-task-0057,ipfs_add,true,70,1783311772536,1961,,false
425,e6-lifecycle-20260706T042251.490920785Z-c4-real-task-0057,signed_posttask,true,4,1783311772606,0,QmXe2mVbUwjU9upyR6EUuSfmWPVCsUJ2XbjviLk1VWsWi5,false
426,e6-lifecycle-20260706T042251.490920785Z-c4-real-task-0057,signed_postallocation,true,2,1783311772610,0,QmXe2mVbUwjU9upyR6EUuSfmWPVCsUJ2XbjviLk1VWsWi5,false
427,e6-lifecycle-20260706T042251.490920785Z-c4-real-task-0057,signed_post_evalsnapshot,true,2,1783311772612,0,QmXe2mVbUwjU9upyR6EUuSfmWPVCsUJ2XbjviLk1VWsWi5,false
428,e6-lifecycle-20260706T042251.490920785Z-c4-real-task-0057,signed_vote1,true,1,1783311772614,0,QmXe2mVbUwjU9upyR6EUuSfmWPVCsUJ2XbjviLk1VWsWi5,false
429,e6-lifecycle-20260706T042251.490920785Z-c4-real-task-0057,signed_vote2,true,2,1783311772615,0,QmXe2mVbUwjU9upyR6EUuSfmWPVCsUJ2XbjviLk1VWsWi5,false
430,e6-lifecycle-20260706T042251.490920785Z-c4-real-task-0057,signed_settlement,true,1,1783311772617,0,QmXe2mVbUwjU9upyR6EUuSfmWPVCsUJ2XbjviLk1VWsWi5,false
431,e6-lifecycle-20260706T042251.490920785Z-c4-real-task-0057,signed_query_latest,true,0,1783311772618,0,QmXe2mVbUwjU9upyR6EUuSfmWPVCsUJ2XbjviLk1VWsWi5,false
432,e6-lifecycle-20260706T042251.490920785Z-c4-real-task-0057,ipfs_verify,true,7,1783311772618,0,QmXe2mVbUwjU9upyR6EUuSfmWPVCsUJ2XbjviLk1VWsWi5,false
433,e6-lifecycle-20260706T042251.490920785Z-c4-real-task-0058,ipfs_add,true,67,1783311772562,2250,,false
434,e6-lifecycle-20260706T042251.490920785Z-c4-real-task-0058,signed_posttask,true,2,1783311772629,0,QmXUCNGHMpTciMXWytGi2sfx8616VuyyUoqZa3oAtvFoDt,false
435,e6-lifecycle-20260706T042251.490920785Z-c4-real-task-0058,signed_postallocation,true,2,1783311772631,0,QmXUCNGHMpTciMXWytGi2sfx8616VuyyUoqZa3oAtvFoDt,false
436,e6-lifecycle-20260706T042251.490920785Z-c4-real-task-0058,signed_post_evalsnapshot,true,2,1783311772633,0,QmXUCNGHMpTciMXWytGi2sfx8616VuyyUoqZa3oAtvFoDt,false
437,e6-lifecycle-20260706T042251.490920785Z-c4-real-task-0058,signed_vote1,true,1,1783311772635,0,QmXUCNGHMpTciMXWytGi2sfx8616VuyyUoqZa3oAtvFoDt,false
438,e6-lifecycle-20260706T042251.490920785Z-c4-real-task-0058,signed_vote2,true,2,1783311772636,0,QmXUCNGHMpTciMXWytGi2sfx8616VuyyUoqZa3oAtvFoDt,false
439,e6-lifecycle-20260706T042251.490920785Z-c4-real-task-0058,signed_settlement,true,2,1783311772638,0,QmXUCNGHMpTciMXWytGi2sfx8616VuyyUoqZa3oAtvFoDt,false
440,e6-lifecycle-20260706T042251.490920785Z-c4-real-task-0058,signed_query_latest,true,0,1783311772640,0,QmXUCNGHMpTciMXWytGi2sfx8616VuyyUoqZa3oAtvFoDt,false
441,e6-lifecycle-20260706T042251.490920785Z-c4-real-task-0058,ipfs_verify,true,8,1783311772640,0,QmXUCNGHMpTciMXWytGi2sfx8616VuyyUoqZa3oAtvFoDt,false
442,e6-lifecycle-20260706T042251.490920785Z-c4-real-task-0059,ipfs_add,true,73,1783311772583,4487,,false
443,e6-lifecycle-20260706T042251.490920785Z-c4-real-task-0059,signed_posttask,true,2,1783311772656,0,QmPBEGhSk6VvenSUj3Vr6bj3gHyXAjWBknK2erA4F3iiDo,false
444,e6-lifecycle-20260706T042251.490920785Z-c4-real-task-0059,signed_postallocation,true,1,1783311772658,0,QmPBEGhSk6VvenSUj3Vr6bj3gHyXAjWBknK2erA4F3iiDo,false
445,e6-lifecycle-20260706T042251.490920785Z-c4-real-task-0059,signed_post_evalsnapshot,true,2,1783311772659,0,QmPBEGhSk6VvenSUj3Vr6bj3gHyXAjWBknK2erA4F3iiDo,false
446,e6-lifecycle-20260706T042251.490920785Z-c4-real-task-0059,signed_vote1,true,2,1783311772661,0,QmPBEGhSk6VvenSUj3Vr6bj3gHyXAjWBknK2erA4F3iiDo,false
447,e6-lifecycle-20260706T042251.490920785Z-c4-real-task-0059,signed_vote2,true,2,1783311772663,0,QmPBEGhSk6VvenSUj3Vr6bj3gHyXAjWBknK2erA4F3iiDo,false
448,e6-lifecycle-20260706T042251.490920785Z-c4-real-task-0059,signed_settlement,true,2,1783311772665,0,QmPBEGhSk6VvenSUj3Vr6bj3gHyXAjWBknK2erA4F3iiDo,false
449,e6-lifecycle-20260706T042251.490920785Z-c4-real-task-0059,signed_query_latest,true,0,1783311772667,0,QmPBEGhSk6VvenSUj3Vr6bj3gHyXAjWBknK2erA4F3iiDo,false
450,e6-lifecycle-20260706T042251.490920785Z-c4-real-task-0059,ipfs_verify,true,8,1783311772667,0,QmPBEGhSk6VvenSUj3Vr6bj3gHyXAjWBknK2erA4F3iiDo,false
451,e6-lifecycle-20260706T042251.490920785Z-c4-real-task-0060,ipfs_add,true,73,1783311772603,5935,,false
452,e6-lifecycle-20260706T042251.490920785Z-c4-real-task-0060,signed_posttask,true,6,1783311772676,0,QmNcgtQQTiKYTTZfgDnKUurGta1J2EPad8N1cioGFFfEnj,false
453,e6-lifecycle-20260706T042251.490920785Z-c4-real-task-0060,signed_postallocation,true,2,1783311772682,0,QmNcgtQQTiKYTTZfgDnKUurGta1J2EPad8N1cioGFFfEnj,false
454,e6-lifecycle-20260706T042251.490920785Z-c4-real-task-0060,signed_post_evalsnapshot,true,2,1783311772684,0,QmNcgtQQTiKYTTZfgDnKUurGta1J2EPad8N1cioGFFfEnj,false
455,e6-lifecycle-20260706T042251.490920785Z-c4-real-task-0060,signed_vote1,true,2,1783311772686,0,QmNcgtQQTiKYTTZfgDnKUurGta1J2EPad8N1cioGFFfEnj,false
456,e6-lifecycle-20260706T042251.490920785Z-c4-real-task-0060,signed_vote2,true,2,1783311772688,0,QmNcgtQQTiKYTTZfgDnKUurGta1J2EPad8N1cioGFFfEnj,false
457,e6-lifecycle-20260706T042251.490920785Z-c4-real-task-0060,signed_settlement,true,1,1783311772690,0,QmNcgtQQTiKYTTZfgDnKUurGta1J2EPad8N1cioGFFfEnj,false
458,e6-lifecycle-20260706T042251.490920785Z-c4-real-task-0060,signed_query_latest,true,0,1783311772691,0,QmNcgtQQTiKYTTZfgDnKUurGta1J2EPad8N1cioGFFfEnj,false
459,e6-lifecycle-20260706T042251.490920785Z-c4-real-task-0060,ipfs_verify,true,7,1783311772691,0,QmNcgtQQTiKYTTZfgDnKUurGta1J2EPad8N1cioGFFfEnj,false
460,e6-lifecycle-20260706T042251.490920785Z-c4-real-task-0020,ipfs_add,true,76,1783311772625,1555,,false
461,e6-lifecycle-20260706T042251.490920785Z-c4-real-task-0020,signed_posttask,true,2,1783311772701,0,QmVVEEsRWTrpHyCUMfWzaezUv7i29R95rTPN8N3iBYMKsY,false
462,e6-lifecycle-20260706T042251.490920785Z-c4-real-task-0020,signed_postallocation,true,3,1783311772703,0,QmVVEEsRWTrpHyCUMfWzaezUv7i29R95rTPN8N3iBYMKsY,false
463,e6-lifecycle-20260706T042251.490920785Z-c4-real-task-0020,signed_post_evalsnapshot,true,3,1783311772706,0,QmVVEEsRWTrpHyCUMfWzaezUv7i29R95rTPN8N3iBYMKsY,false
464,e6-lifecycle-20260706T042251.490920785Z-c4-real-task-0020,signed_vote1,true,1,1783311772709,0,QmVVEEsRWTrpHyCUMfWzaezUv7i29R95rTPN8N3iBYMKsY,false
465,e6-lifecycle-20260706T042251.490920785Z-c4-real-task-0020,signed_vote2,true,3,1783311772710,0,QmVVEEsRWTrpHyCUMfWzaezUv7i29R95rTPN8N3iBYMKsY,false
466,e6-lifecycle-20260706T042251.490920785Z-c4-real-task-0020,signed_settlement,true,2,1783311772713,0,QmVVEEsRWTrpHyCUMfWzaezUv7i29R95rTPN8N3iBYMKsY,false
467,e6-lifecycle-20260706T042251.490920785Z-c4-real-task-0020,signed_query_latest,true,0,1783311772715,0,QmVVEEsRWTrpHyCUMfWzaezUv7i29R95rTPN8N3iBYMKsY,false
468,e6-lifecycle-20260706T042251.490920785Z-c4-real-task-0014,ipfs_add,true,74,1783311772648,2050,,false
469,e6-lifecycle-20260706T042251.490920785Z-c4-real-task-0020,ipfs_verify,true,9,1783311772715,0,QmVVEEsRWTrpHyCUMfWzaezUv7i29R95rTPN8N3iBYMKsY,false
470,e6-lifecycle-20260706T042251.490920785Z-c4-real-task-0014,signed_posttask,true,2,1783311772722,0,QmdA4H658GbdXFpaibWrSNhL4kRmi3VbbpP3Y5MfYbX6k2,false
471,e6-lifecycle-20260706T042251.490920785Z-c4-real-task-0014,signed_postallocation,true,2,1783311772724,0,QmdA4H658GbdXFpaibWrSNhL4kRmi3VbbpP3Y5MfYbX6k2,false
472,e6-lifecycle-20260706T042251.490920785Z-c4-real-task-0014,signed_post_evalsnapshot,true,1,1783311772726,0,QmdA4H658GbdXFpaibWrSNhL4kRmi3VbbpP3Y5MfYbX6k2,false
473,e6-lifecycle-20260706T042251.490920785Z-c4-real-task-0014,signed_vote1,true,2,1783311772727,0,QmdA4H658GbdXFpaibWrSNhL4kRmi3VbbpP3Y5MfYbX6k2,false
474,e6-lifecycle-20260706T042251.490920785Z-c4-real-task-0014,signed_vote2,true,2,1783311772729,0,QmdA4H658GbdXFpaibWrSNhL4kRmi3VbbpP3Y5MfYbX6k2,false
475,e6-lifecycle-20260706T042251.490920785Z-c4-real-task-0014,signed_settlement,true,2,1783311772731,0,QmdA4H658GbdXFpaibWrSNhL4kRmi3VbbpP3Y5MfYbX6k2,false
476,e6-lifecycle-20260706T042251.490920785Z-c4-real-task-0014,signed_query_latest,true,0,1783311772733,0,QmdA4H658GbdXFpaibWrSNhL4kRmi3VbbpP3Y5MfYbX6k2,false
477,e6-lifecycle-20260706T042251.490920785Z-c4-real-task-0014,ipfs_verify,true,7,1783311772733,0,QmdA4H658GbdXFpaibWrSNhL4kRmi3VbbpP3Y5MfYbX6k2,false
478,e6-lifecycle-20260706T042251.490920785Z-c4-real-task-0015,ipfs_add,true,68,1783311772675,3558,,false
479,e6-lifecycle-20260706T042251.490920785Z-c4-real-task-0015,signed_posttask,true,2,1783311772743,0,QmX9kmCUGB3VHpYs1Jhps4JrTzKker7mYqwzfhduHDQrrA,false
480,e6-lifecycle-20260706T042251.490920785Z-c4-real-task-0015,signed_postallocation,true,2,1783311772745,0,QmX9kmCUGB3VHpYs1Jhps4JrTzKker7mYqwzfhduHDQrrA,false
481,e6-lifecycle-20260706T042251.490920785Z-c4-real-task-0015,signed_post_evalsnapshot,true,2,1783311772747,0,QmX9kmCUGB3VHpYs1Jhps4JrTzKker7mYqwzfhduHDQrrA,false
482,e6-lifecycle-20260706T042251.490920785Z-c4-real-task-0015,signed_vote1,true,2,1783311772749,0,QmX9kmCUGB3VHpYs1Jhps4JrTzKker7mYqwzfhduHDQrrA,false
483,e6-lifecycle-20260706T042251.490920785Z-c4-real-task-0015,signed_vote2,true,1,1783311772751,0,QmX9kmCUGB3VHpYs1Jhps4JrTzKker7mYqwzfhduHDQrrA,false
484,e6-lifecycle-20260706T042251.490920785Z-c4-real-task-0015,signed_settlement,true,2,1783311772752,0,QmX9kmCUGB3VHpYs1Jhps4JrTzKker7mYqwzfhduHDQrrA,false
485,e6-lifecycle-20260706T042251.490920785Z-c4-real-task-0015,signed_query_latest,true,0,1783311772754,0,QmX9kmCUGB3VHpYs1Jhps4JrTzKker7mYqwzfhduHDQrrA,false
486,e6-lifecycle-20260706T042251.490920785Z-c4-real-task-0015,ipfs_verify,true,9,1783311772754,0,QmX9kmCUGB3VHpYs1Jhps4JrTzKker7mYqwzfhduHDQrrA,false
487,e6-lifecycle-20260706T042251.490920785Z-c4-real-task-0016,ipfs_add,true,70,1783311772698,1806,,false
488,e6-lifecycle-20260706T042251.490920785Z-c4-real-task-0016,signed_posttask,true,2,1783311772768,0,QmRXEbbwSGrTFGj6rGcuUsRHhWgzm9E9di73MsPSjQyDqY,false
489,e6-lifecycle-20260706T042251.490920785Z-c4-real-task-0016,signed_postallocation,true,2,1783311772770,0,QmRXEbbwSGrTFGj6rGcuUsRHhWgzm9E9di73MsPSjQyDqY,false
490,e6-lifecycle-20260706T042251.490920785Z-c4-real-task-0016,signed_post_evalsnapshot,true,1,1783311772772,0,QmRXEbbwSGrTFGj6rGcuUsRHhWgzm9E9di73MsPSjQyDqY,false
491,e6-lifecycle-20260706T042251.490920785Z-c4-real-task-0016,signed_vote1,true,2,1783311772773,0,QmRXEbbwSGrTFGj6rGcuUsRHhWgzm9E9di73MsPSjQyDqY,false
492,e6-lifecycle-20260706T042251.490920785Z-c4-real-task-0016,signed_vote2,true,2,1783311772775,0,QmRXEbbwSGrTFGj6rGcuUsRHhWgzm9E9di73MsPSjQyDqY,false
493,e6-lifecycle-20260706T042251.490920785Z-c4-real-task-0016,signed_settlement,true,1,1783311772777,0,QmRXEbbwSGrTFGj6rGcuUsRHhWgzm9E9di73MsPSjQyDqY,false
494,e6-lifecycle-20260706T042251.490920785Z-c4-real-task-0016,signed_query_latest,true,0,1783311772778,0,QmRXEbbwSGrTFGj6rGcuUsRHhWgzm9E9di73MsPSjQyDqY,false
495,e6-lifecycle-20260706T042251.490920785Z-c4-real-task-0016,ipfs_verify,true,10,1783311772778,0,QmRXEbbwSGrTFGj6rGcuUsRHhWgzm9E9di73MsPSjQyDqY,false
496,e6-lifecycle-20260706T042251.490920785Z-c4-real-task-0017,ipfs_add,true,68,1783311772724,1714,,false
497,e6-lifecycle-20260706T042251.490920785Z-c4-real-task-0017,signed_posttask,true,3,1783311772792,0,QmWKrJKRZfeQnkT8t5aowLXrHM3GpoZqpDn7cXYRceXJsh,false
498,e6-lifecycle-20260706T042251.490920785Z-c4-real-task-0017,signed_postallocation,true,2,1783311772795,0,QmWKrJKRZfeQnkT8t5aowLXrHM3GpoZqpDn7cXYRceXJsh,false
499,e6-lifecycle-20260706T042251.490920785Z-c4-real-task-0017,signed_post_evalsnapshot,true,2,1783311772797,0,QmWKrJKRZfeQnkT8t5aowLXrHM3GpoZqpDn7cXYRceXJsh,false
500,e6-lifecycle-20260706T042251.490920785Z-c4-real-task-0017,signed_vote1,true,1,1783311772799,0,QmWKrJKRZfeQnkT8t5aowLXrHM3GpoZqpDn7cXYRceXJsh,false
501,e6-lifecycle-20260706T042251.490920785Z-c4-real-task-0017,signed_vote2,true,2,1783311772800,0,QmWKrJKRZfeQnkT8t5aowLXrHM3GpoZqpDn7cXYRceXJsh,false
502,e6-lifecycle-20260706T042251.490920785Z-c4-real-task-0017,signed_settlement,true,2,1783311772802,0,QmWKrJKRZfeQnkT8t5aowLXrHM3GpoZqpDn7cXYRceXJsh,false
503,e6-lifecycle-20260706T042251.490920785Z-c4-real-task-0017,signed_query_latest,true,0,1783311772804,0,QmWKrJKRZfeQnkT8t5aowLXrHM3GpoZqpDn7cXYRceXJsh,false
504,e6-lifecycle-20260706T042251.490920785Z-c4-real-task-0017,ipfs_verify,true,7,1783311772804,0,QmWKrJKRZfeQnkT8t5aowLXrHM3GpoZqpDn7cXYRceXJsh,false
505,e6-lifecycle-20260706T042251.490920785Z-c4-real-task-0018,ipfs_add,true,74,1783311772740,1628,,false
506,e6-lifecycle-20260706T042251.490920785Z-c4-real-task-0018,signed_posttask,true,2,1783311772814,0,QmXxhuw4zLhaZUxTgm3nVAPdVDi7RC4E8cy48iMSw5X5cc,false
507,e6-lifecycle-20260706T042251.490920785Z-c4-real-task-0018,signed_postallocation,true,2,1783311772816,0,QmXxhuw4zLhaZUxTgm3nVAPdVDi7RC4E8cy48iMSw5X5cc,false
508,e6-lifecycle-20260706T042251.490920785Z-c4-real-task-0018,signed_post_evalsnapshot,true,2,1783311772818,0,QmXxhuw4zLhaZUxTgm3nVAPdVDi7RC4E8cy48iMSw5X5cc,false
509,e6-lifecycle-20260706T042251.490920785Z-c4-real-task-0018,signed_vote1,true,2,1783311772820,0,QmXxhuw4zLhaZUxTgm3nVAPdVDi7RC4E8cy48iMSw5X5cc,false
510,e6-lifecycle-20260706T042251.490920785Z-c4-real-task-0018,signed_vote2,true,2,1783311772822,0,QmXxhuw4zLhaZUxTgm3nVAPdVDi7RC4E8cy48iMSw5X5cc,false
511,e6-lifecycle-20260706T042251.490920785Z-c4-real-task-0018,signed_settlement,true,1,1783311772824,0,QmXxhuw4zLhaZUxTgm3nVAPdVDi7RC4E8cy48iMSw5X5cc,false
512,e6-lifecycle-20260706T042251.490920785Z-c4-real-task-0018,signed_query_latest,true,0,1783311772825,0,QmXxhuw4zLhaZUxTgm3nVAPdVDi7RC4E8cy48iMSw5X5cc,false
513,e6-lifecycle-20260706T042251.490920785Z-c4-real-task-0018,ipfs_verify,true,8,1783311772825,0,QmXxhuw4zLhaZUxTgm3nVAPdVDi7RC4E8cy48iMSw5X5cc,false
514,e6-lifecycle-20260706T042251.490920785Z-c4-real-task-0019,ipfs_add,true,74,1783311772763,1779,,false
515,e6-lifecycle-20260706T042251.490920785Z-c4-real-task-0019,signed_posttask,true,2,1783311772837,0,QmSciV8g79eMrjXm8f2BtxoJrkCttCpUNrWTNbQtrPN26s,false
516,e6-lifecycle-20260706T042251.490920785Z-c4-real-task-0019,signed_postallocation,true,1,1783311772839,0,QmSciV8g79eMrjXm8f2BtxoJrkCttCpUNrWTNbQtrPN26s,false
517,e6-lifecycle-20260706T042251.490920785Z-c4-real-task-0019,signed_post_evalsnapshot,true,2,1783311772840,0,QmSciV8g79eMrjXm8f2BtxoJrkCttCpUNrWTNbQtrPN26s,false
518,e6-lifecycle-20260706T042251.490920785Z-c4-real-task-0019,signed_vote1,true,2,1783311772842,0,QmSciV8g79eMrjXm8f2BtxoJrkCttCpUNrWTNbQtrPN26s,false
519,e6-lifecycle-20260706T042251.490920785Z-c4-real-task-0019,signed_vote2,true,2,1783311772844,0,QmSciV8g79eMrjXm8f2BtxoJrkCttCpUNrWTNbQtrPN26s,false
520,e6-lifecycle-20260706T042251.490920785Z-c4-real-task-0019,signed_settlement,true,2,1783311772846,0,QmSciV8g79eMrjXm8f2BtxoJrkCttCpUNrWTNbQtrPN26s,false
521,e6-lifecycle-20260706T042251.490920785Z-c4-real-task-0019,signed_query_latest,true,0,1783311772848,0,QmSciV8g79eMrjXm8f2BtxoJrkCttCpUNrWTNbQtrPN26s,false
522,e6-lifecycle-20260706T042251.490920785Z-c4-real-task-0019,ipfs_verify,true,8,1783311772848,0,QmSciV8g79eMrjXm8f2BtxoJrkCttCpUNrWTNbQtrPN26s,false
523,e6-lifecycle-20260706T042251.490920785Z-c4-real-task-0023,ipfs_add,true,115,1783311772788,1700,,false
524,e6-lifecycle-20260706T042251.490920785Z-c4-real-task-0023,signed_posttask,true,3,1783311772903,0,QmSNTzME5ExH9MXjsfAXcGbriDzvpgibF4VxHLZTbZtpFe,false
525,e6-lifecycle-20260706T042251.490920785Z-c4-real-task-0023,signed_postallocation,true,1,1783311772906,0,QmSNTzME5ExH9MXjsfAXcGbriDzvpgibF4VxHLZTbZtpFe,false
526,e6-lifecycle-20260706T042251.490920785Z-c4-real-task-0023,signed_post_evalsnapshot,true,2,1783311772907,0,QmSNTzME5ExH9MXjsfAXcGbriDzvpgibF4VxHLZTbZtpFe,false
527,e6-lifecycle-20260706T042251.490920785Z-c4-real-task-0023,signed_vote1,true,2,1783311772909,0,QmSNTzME5ExH9MXjsfAXcGbriDzvpgibF4VxHLZTbZtpFe,false
528,e6-lifecycle-20260706T042251.490920785Z-c4-real-task-0023,signed_vote2,true,1,1783311772911,0,QmSNTzME5ExH9MXjsfAXcGbriDzvpgibF4VxHLZTbZtpFe,false
529,e6-lifecycle-20260706T042251.490920785Z-c4-real-task-0023,signed_settlement,true,2,1783311772912,0,QmSNTzME5ExH9MXjsfAXcGbriDzvpgibF4VxHLZTbZtpFe,false
530,e6-lifecycle-20260706T042251.490920785Z-c4-real-task-0023,signed_query_latest,true,0,1783311772914,0,QmSNTzME5ExH9MXjsfAXcGbriDzvpgibF4VxHLZTbZtpFe,false
531,e6-lifecycle-20260706T042251.490920785Z-c4-real-task-0022,ipfs_add,true,89,1783311772833,2068,,false
532,e6-lifecycle-20260706T042251.490920785Z-c4-real-task-0023,ipfs_verify,true,8,1783311772914,0,QmSNTzME5ExH9MXjsfAXcGbriDzvpgibF4VxHLZTbZtpFe,false
533,e6-lifecycle-20260706T042251.490920785Z-c4-real-task-0025,ipfs_add,true,66,1783311772856,1470,,false
534,e6-lifecycle-20260706T042251.490920785Z-c4-real-task-0021,ipfs_add,true,113,1783311772811,2376,,false
535,e6-lifecycle-20260706T042251.490920785Z-c4-real-task-0022,signed_posttask,true,2,1783311772922,0,QmNqxnqMtb8sfjsbs8nXG3svpSGcf4Pq1qS9nykNsjeEqq,false
536,e6-lifecycle-20260706T042251.490920785Z-c4-real-task-0022,signed_postallocation,true,2,1783311772924,0,QmNqxnqMtb8sfjsbs8nXG3svpSGcf4Pq1qS9nykNsjeEqq,false
537,e6-lifecycle-20260706T042251.490920785Z-c4-real-task-0025,signed_posttask,true,6,1783311772922,0,QmfV4xn5gz8tktJ19swpdMmXMvtkpfJY5tXJWbBSUFSHFi,false
538,e6-lifecycle-20260706T042251.490920785Z-c4-real-task-0021,signed_posttask,true,5,1783311772924,0,QmcMDgZ1hZ3GkUEYEYALditW6azhFYA2tjToNN57pgr9Md,false
539,e6-lifecycle-20260706T042251.490920785Z-c4-real-task-0022,signed_post_evalsnapshot,true,5,1783311772926,0,QmNqxnqMtb8sfjsbs8nXG3svpSGcf4Pq1qS9nykNsjeEqq,false
540,e6-lifecycle-20260706T042251.490920785Z-c4-real-task-0025,signed_postallocation,true,5,1783311772928,0,QmfV4xn5gz8tktJ19swpdMmXMvtkpfJY5tXJWbBSUFSHFi,false
541,e6-lifecycle-20260706T042251.490920785Z-c4-real-task-0021,signed_postallocation,true,5,1783311772929,0,QmcMDgZ1hZ3GkUEYEYALditW6azhFYA2tjToNN57pgr9Md,false
542,e6-lifecycle-20260706T042251.490920785Z-c4-real-task-0022,signed_vote1,true,5,1783311772931,0,QmNqxnqMtb8sfjsbs8nXG3svpSGcf4Pq1qS9nykNsjeEqq,false
543,e6-lifecycle-20260706T042251.490920785Z-c4-real-task-0025,signed_post_evalsnapshot,true,4,1783311772933,0,QmfV4xn5gz8tktJ19swpdMmXMvtkpfJY5tXJWbBSUFSHFi,false
544,e6-lifecycle-20260706T042251.490920785Z-c4-real-task-0021,signed_post_evalsnapshot,true,5,1783311772934,0,QmcMDgZ1hZ3GkUEYEYALditW6azhFYA2tjToNN57pgr9Md,false
545,e6-lifecycle-20260706T042251.490920785Z-c4-real-task-0022,signed_vote2,true,5,1783311772936,0,QmNqxnqMtb8sfjsbs8nXG3svpSGcf4Pq1qS9nykNsjeEqq,false
546,e6-lifecycle-20260706T042251.490920785Z-c4-real-task-0025,signed_vote1,true,5,1783311772937,0,QmfV4xn5gz8tktJ19swpdMmXMvtkpfJY5tXJWbBSUFSHFi,false
547,e6-lifecycle-20260706T042251.490920785Z-c4-real-task-0021,signed_vote1,true,5,1783311772939,0,QmcMDgZ1hZ3GkUEYEYALditW6azhFYA2tjToNN57pgr9Md,false
548,e6-lifecycle-20260706T042251.490920785Z-c4-real-task-0022,signed_settlement,true,4,1783311772941,0,QmNqxnqMtb8sfjsbs8nXG3svpSGcf4Pq1qS9nykNsjeEqq,false
549,e6-lifecycle-20260706T042251.490920785Z-c4-real-task-0025,signed_vote2,true,5,1783311772942,0,QmfV4xn5gz8tktJ19swpdMmXMvtkpfJY5tXJWbBSUFSHFi,false
550,e6-lifecycle-20260706T042251.490920785Z-c4-real-task-0021,signed_vote2,true,5,1783311772944,0,QmcMDgZ1hZ3GkUEYEYALditW6azhFYA2tjToNN57pgr9Md,false
551,e6-lifecycle-20260706T042251.490920785Z-c4-real-task-0022,signed_query_latest,true,4,1783311772945,0,QmNqxnqMtb8sfjsbs8nXG3svpSGcf4Pq1qS9nykNsjeEqq,false
552,e6-lifecycle-20260706T042251.490920785Z-c4-real-task-0025,signed_settlement,true,4,1783311772947,0,QmfV4xn5gz8tktJ19swpdMmXMvtkpfJY5tXJWbBSUFSHFi,false
553,e6-lifecycle-20260706T042251.490920785Z-c4-real-task-0025,signed_query_latest,true,0,1783311772951,0,QmfV4xn5gz8tktJ19swpdMmXMvtkpfJY5tXJWbBSUFSHFi,false
554,e6-lifecycle-20260706T042251.490920785Z-c4-real-task-0021,signed_settlement,true,3,1783311772949,0,QmcMDgZ1hZ3GkUEYEYALditW6azhFYA2tjToNN57pgr9Md,false
555,e6-lifecycle-20260706T042251.490920785Z-c4-real-task-0021,signed_query_latest,true,0,1783311772952,0,QmcMDgZ1hZ3GkUEYEYALditW6azhFYA2tjToNN57pgr9Md,false
556,e6-lifecycle-20260706T042251.490920785Z-c4-real-task-0024,ipfs_add,true,33,1783311772922,1380,,false
557,e6-lifecycle-20260706T042251.490920785Z-c4-real-task-0022,ipfs_verify,true,8,1783311772949,0,QmNqxnqMtb8sfjsbs8nXG3svpSGcf4Pq1qS9nykNsjeEqq,false
558,e6-lifecycle-20260706T042251.490920785Z-c4-real-task-0024,signed_posttask,true,2,1783311772955,0,QmVMeHnQxmGXaDj74SJcQxSejhibib6Ve54PwgWQGkenB7,false
559,e6-lifecycle-20260706T042251.490920785Z-c4-real-task-0025,ipfs_verify,true,6,1783311772951,0,QmfV4xn5gz8tktJ19swpdMmXMvtkpfJY5tXJWbBSUFSHFi,false
560,e6-lifecycle-20260706T042251.490920785Z-c4-real-task-0024,signed_postallocation,true,2,1783311772957,0,QmVMeHnQxmGXaDj74SJcQxSejhibib6Ve54PwgWQGkenB7,false
561,e6-lifecycle-20260706T042251.490920785Z-c4-real-task-0024,signed_post_evalsnapshot,true,1,1783311772959,0,QmVMeHnQxmGXaDj74SJcQxSejhibib6Ve54PwgWQGkenB7,false
562,e6-lifecycle-20260706T042251.490920785Z-c4-real-task-0024,signed_vote1,true,2,1783311772960,0,QmVMeHnQxmGXaDj74SJcQxSejhibib6Ve54PwgWQGkenB7,false
563,e6-lifecycle-20260706T042251.490920785Z-c4-real-task-0021,ipfs_verify,true,11,1783311772952,0,QmcMDgZ1hZ3GkUEYEYALditW6azhFYA2tjToNN57pgr9Md,false
564,e6-lifecycle-20260706T042251.490920785Z-c4-real-task-0024,signed_vote2,true,2,1783311772962,0,QmVMeHnQxmGXaDj74SJcQxSejhibib6Ve54PwgWQGkenB7,false
565,e6-lifecycle-20260706T042251.490920785Z-c4-real-task-0024,signed_settlement,true,1,1783311772964,0,QmVMeHnQxmGXaDj74SJcQxSejhibib6Ve54PwgWQGkenB7,false
566,e6-lifecycle-20260706T042251.490920785Z-c4-real-task-0024,signed_query_latest,true,0,1783311772965,0,QmVMeHnQxmGXaDj74SJcQxSejhibib6Ve54PwgWQGkenB7,false
567,e6-lifecycle-20260706T042251.490920785Z-c4-real-task-0024,ipfs_verify,true,9,1783311772965,0,QmVMeHnQxmGXaDj74SJcQxSejhibib6Ve54PwgWQGkenB7,false
568,e6-lifecycle-20260706T042251.490920785Z-c4-real-task-0062,ipfs_add,true,29,1783311772957,1552,,false
569,e6-lifecycle-20260706T042251.490920785Z-c4-real-task-0062,signed_posttask,true,2,1783311772986,0,Qmb6iH1Q8fsUxVYrQmrcgAvCnH14JPTvzRbCctsufq5we3,false
570,e6-lifecycle-20260706T042251.490920785Z-c4-real-task-0062,signed_postallocation,true,2,1783311772988,0,Qmb6iH1Q8fsUxVYrQmrcgAvCnH14JPTvzRbCctsufq5we3,false
571,e6-lifecycle-20260706T042251.490920785Z-c4-real-task-0062,signed_post_evalsnapshot,true,2,1783311772990,0,Qmb6iH1Q8fsUxVYrQmrcgAvCnH14JPTvzRbCctsufq5we3,false
572,e6-lifecycle-20260706T042251.490920785Z-c4-real-task-0062,signed_vote1,true,2,1783311772992,0,Qmb6iH1Q8fsUxVYrQmrcgAvCnH14JPTvzRbCctsufq5we3,false
573,e6-lifecycle-20260706T042251.490920785Z-c4-real-task-0062,signed_vote2,true,1,1783311772994,0,Qmb6iH1Q8fsUxVYrQmrcgAvCnH14JPTvzRbCctsufq5we3,false
574,e6-lifecycle-20260706T042251.490920785Z-c4-real-task-0062,signed_settlement,true,2,1783311772995,0,Qmb6iH1Q8fsUxVYrQmrcgAvCnH14JPTvzRbCctsufq5we3,false
575,e6-lifecycle-20260706T042251.490920785Z-c4-real-task-0062,signed_query_latest,true,0,1783311772997,0,Qmb6iH1Q8fsUxVYrQmrcgAvCnH14JPTvzRbCctsufq5we3,false
576,e6-lifecycle-20260706T042251.490920785Z-c4-real-task-0062,ipfs_verify,true,8,1783311772997,0,Qmb6iH1Q8fsUxVYrQmrcgAvCnH14JPTvzRbCctsufq5we3,false
577,e6-lifecycle-20260706T042251.490920785Z-c4-real-task-0063,ipfs_add,true,63,1783311772963,1951,,false
578,e6-lifecycle-20260706T042251.490920785Z-c4-real-task-0063,signed_posttask,true,2,1783311773026,0,Qmeq8QyrjD6bZ4YprHuPoMgTMvTCxaH2JtzMLSbHb4KCGp,false
579,e6-lifecycle-20260706T042251.490920785Z-c4-real-task-0063,signed_postallocation,true,2,1783311773028,0,Qmeq8QyrjD6bZ4YprHuPoMgTMvTCxaH2JtzMLSbHb4KCGp,false
580,e6-lifecycle-20260706T042251.490920785Z-c4-real-task-0063,signed_post_evalsnapshot,true,2,1783311773030,0,Qmeq8QyrjD6bZ4YprHuPoMgTMvTCxaH2JtzMLSbHb4KCGp,false
581,e6-lifecycle-20260706T042251.490920785Z-c4-real-task-0063,signed_vote1,true,2,1783311773032,0,Qmeq8QyrjD6bZ4YprHuPoMgTMvTCxaH2JtzMLSbHb4KCGp,false
582,e6-lifecycle-20260706T042251.490920785Z-c4-real-task-0063,signed_vote2,true,1,1783311773034,0,Qmeq8QyrjD6bZ4YprHuPoMgTMvTCxaH2JtzMLSbHb4KCGp,false
583,e6-lifecycle-20260706T042251.490920785Z-c4-real-task-0063,signed_settlement,true,2,1783311773035,0,Qmeq8QyrjD6bZ4YprHuPoMgTMvTCxaH2JtzMLSbHb4KCGp,false
584,e6-lifecycle-20260706T042251.490920785Z-c4-real-task-0063,signed_query_latest,true,0,1783311773037,0,Qmeq8QyrjD6bZ4YprHuPoMgTMvTCxaH2JtzMLSbHb4KCGp,false
585,e6-lifecycle-20260706T042251.490920785Z-c4-real-task-0064,ipfs_add,true,71,1783311772975,1718,,false
586,e6-lifecycle-20260706T042251.490920785Z-c4-real-task-0071,ipfs_add,true,89,1783311772957,7196,,false
587,e6-lifecycle-20260706T042251.490920785Z-c4-real-task-0063,ipfs_verify,true,9,1783311773037,0,Qmeq8QyrjD6bZ4YprHuPoMgTMvTCxaH2JtzMLSbHb4KCGp,false
588,e6-lifecycle-20260706T042251.490920785Z-c4-real-task-0071,signed_posttask,true,2,1783311773046,0,QmNqkkGDJvpybcWjHb7TKY3DpGWDegeGBguFT6dBieSUKQ,false
589,e6-lifecycle-20260706T042251.490920785Z-c4-real-task-0071,signed_postallocation,true,2,1783311773048,0,QmNqkkGDJvpybcWjHb7TKY3DpGWDegeGBguFT6dBieSUKQ,false
590,e6-lifecycle-20260706T042251.490920785Z-c4-real-task-0064,signed_posttask,true,6,1783311773046,0,QmdQasboxBg4eG1zCcznaXELJ43EhrApnvszJDpfVQP7gd,false
591,e6-lifecycle-20260706T042251.490920785Z-c4-real-task-0064,signed_postallocation,true,2,1783311773052,0,QmdQasboxBg4eG1zCcznaXELJ43EhrApnvszJDpfVQP7gd,false
592,e6-lifecycle-20260706T042251.490920785Z-c4-real-task-0071,signed_post_evalsnapshot,true,6,1783311773050,0,QmNqkkGDJvpybcWjHb7TKY3DpGWDegeGBguFT6dBieSUKQ,false
593,e6-lifecycle-20260706T042251.490920785Z-c4-real-task-0071,signed_vote1,true,1,1783311773056,0,QmNqkkGDJvpybcWjHb7TKY3DpGWDegeGBguFT6dBieSUKQ,false
594,e6-lifecycle-20260706T042251.490920785Z-c4-real-task-0064,signed_post_evalsnapshot,true,5,1783311773054,0,QmdQasboxBg4eG1zCcznaXELJ43EhrApnvszJDpfVQP7gd,false
595,e6-lifecycle-20260706T042251.490920785Z-c4-real-task-0064,signed_vote1,true,2,1783311773059,0,QmdQasboxBg4eG1zCcznaXELJ43EhrApnvszJDpfVQP7gd,false
596,e6-lifecycle-20260706T042251.490920785Z-c4-real-task-0071,signed_vote2,true,7,1783311773057,0,QmNqkkGDJvpybcWjHb7TKY3DpGWDegeGBguFT6dBieSUKQ,false
597,e6-lifecycle-20260706T042251.490920785Z-c4-real-task-0071,signed_settlement,true,2,1783311773064,0,QmNqkkGDJvpybcWjHb7TKY3DpGWDegeGBguFT6dBieSUKQ,false
598,e6-lifecycle-20260706T042251.490920785Z-c4-real-task-0064,signed_vote2,true,7,1783311773061,0,QmdQasboxBg4eG1zCcznaXELJ43EhrApnvszJDpfVQP7gd,false
599,e6-lifecycle-20260706T042251.490920785Z-c4-real-task-0071,signed_query_latest,true,3,1783311773066,0,QmNqkkGDJvpybcWjHb7TKY3DpGWDegeGBguFT6dBieSUKQ,false
600,e6-lifecycle-20260706T042251.490920785Z-c4-real-task-0064,signed_settlement,true,1,1783311773068,0,QmdQasboxBg4eG1zCcznaXELJ43EhrApnvszJDpfVQP7gd,false
601,e6-lifecycle-20260706T042251.490920785Z-c4-real-task-0064,signed_query_latest,true,0,1783311773069,0,QmdQasboxBg4eG1zCcznaXELJ43EhrApnvszJDpfVQP7gd,false
602,e6-lifecycle-20260706T042251.490920785Z-c4-real-task-0065,ipfs_add,true,65,1783311773005,1532,,false
603,e6-lifecycle-20260706T042251.490920785Z-c4-real-task-0065,signed_posttask,true,3,1783311773070,0,QmTgn7Ef8bcgXc76teLMLFWfXkkV1kNKoL8EES2YSp6nVT,false
604,e6-lifecycle-20260706T042251.490920785Z-c4-real-task-0065,signed_postallocation,true,3,1783311773073,0,QmTgn7Ef8bcgXc76teLMLFWfXkkV1kNKoL8EES2YSp6nVT,false
605,e6-lifecycle-20260706T042251.490920785Z-c4-real-task-0065,signed_post_evalsnapshot,true,2,1783311773076,0,QmTgn7Ef8bcgXc76teLMLFWfXkkV1kNKoL8EES2YSp6nVT,false
606,e6-lifecycle-20260706T042251.490920785Z-c4-real-task-0065,signed_vote1,true,1,1783311773078,0,QmTgn7Ef8bcgXc76teLMLFWfXkkV1kNKoL8EES2YSp6nVT,false
607,e6-lifecycle-20260706T042251.490920785Z-c4-real-task-0071,ipfs_verify,true,11,1783311773069,0,QmNqkkGDJvpybcWjHb7TKY3DpGWDegeGBguFT6dBieSUKQ,false
608,e6-lifecycle-20260706T042251.490920785Z-c4-real-task-0065,signed_vote2,true,2,1783311773079,0,QmTgn7Ef8bcgXc76teLMLFWfXkkV1kNKoL8EES2YSp6nVT,false
609,e6-lifecycle-20260706T042251.490920785Z-c4-real-task-0065,signed_settlement,true,2,1783311773081,0,QmTgn7Ef8bcgXc76teLMLFWfXkkV1kNKoL8EES2YSp6nVT,false
610,e6-lifecycle-20260706T042251.490920785Z-c4-real-task-0065,signed_query_latest,true,0,1783311773083,0,QmTgn7Ef8bcgXc76teLMLFWfXkkV1kNKoL8EES2YSp6nVT,false
611,e6-lifecycle-20260706T042251.490920785Z-c4-real-task-0064,ipfs_verify,true,16,1783311773069,0,QmdQasboxBg4eG1zCcznaXELJ43EhrApnvszJDpfVQP7gd,false
612,e6-lifecycle-20260706T042251.490920785Z-c4-real-task-0065,ipfs_verify,true,7,1783311773083,0,QmTgn7Ef8bcgXc76teLMLFWfXkkV1kNKoL8EES2YSp6nVT,false
613,e6-lifecycle-20260706T042251.490920785Z-c4-real-task-0066,ipfs_add,true,48,1783311773047,1779,,false
614,e6-lifecycle-20260706T042251.490920785Z-c4-real-task-0066,signed_posttask,true,2,1783311773095,0,QmQadZaKvSss26axAEh58nbypRZhkvyv9qKSdKwsKrR3VT,false
615,e6-lifecycle-20260706T042251.490920785Z-c4-real-task-0066,signed_postallocation,true,2,1783311773097,0,QmQadZaKvSss26axAEh58nbypRZhkvyv9qKSdKwsKrR3VT,false
616,e6-lifecycle-20260706T042251.490920785Z-c4-real-task-0066,signed_post_evalsnapshot,true,1,1783311773099,0,QmQadZaKvSss26axAEh58nbypRZhkvyv9qKSdKwsKrR3VT,false
617,e6-lifecycle-20260706T042251.490920785Z-c4-real-task-0066,signed_vote1,true,2,1783311773100,0,QmQadZaKvSss26axAEh58nbypRZhkvyv9qKSdKwsKrR3VT,false
618,e6-lifecycle-20260706T042251.490920785Z-c4-real-task-0066,signed_vote2,true,1,1783311773102,0,QmQadZaKvSss26axAEh58nbypRZhkvyv9qKSdKwsKrR3VT,false
619,e6-lifecycle-20260706T042251.490920785Z-c4-real-task-0066,signed_settlement,true,2,1783311773103,0,QmQadZaKvSss26axAEh58nbypRZhkvyv9qKSdKwsKrR3VT,false
620,e6-lifecycle-20260706T042251.490920785Z-c4-real-task-0066,signed_query_latest,true,0,1783311773105,0,QmQadZaKvSss26axAEh58nbypRZhkvyv9qKSdKwsKrR3VT,false
621,e6-lifecycle-20260706T042251.490920785Z-c4-real-task-0066,ipfs_verify,true,8,1783311773105,0,QmQadZaKvSss26axAEh58nbypRZhkvyv9qKSdKwsKrR3VT,false
622,e6-lifecycle-20260706T042251.490920785Z-c4-real-task-0067,ipfs_add,true,36,1783311773080,1494,,false
623,e6-lifecycle-20260706T042251.490920785Z-c4-real-task-0067,signed_posttask,true,2,1783311773116,0,Qmbt7FG9CTBc6sVfciXAseRzvjXpa6EoV1TehcNf7sChY3,false
624,e6-lifecycle-20260706T042251.490920785Z-c4-real-task-0067,signed_postallocation,true,2,1783311773118,0,Qmbt7FG9CTBc6sVfciXAseRzvjXpa6EoV1TehcNf7sChY3,false
625,e6-lifecycle-20260706T042251.490920785Z-c4-real-task-0067,signed_post_evalsnapshot,true,2,1783311773120,0,Qmbt7FG9CTBc6sVfciXAseRzvjXpa6EoV1TehcNf7sChY3,false
626,e6-lifecycle-20260706T042251.490920785Z-c4-real-task-0067,signed_vote1,true,2,1783311773122,0,Qmbt7FG9CTBc6sVfciXAseRzvjXpa6EoV1TehcNf7sChY3,false
627,e6-lifecycle-20260706T042251.490920785Z-c4-real-task-0067,signed_vote2,true,2,1783311773124,0,Qmbt7FG9CTBc6sVfciXAseRzvjXpa6EoV1TehcNf7sChY3,false
628,e6-lifecycle-20260706T042251.490920785Z-c4-real-task-0067,signed_settlement,true,9,1783311773126,0,Qmbt7FG9CTBc6sVfciXAseRzvjXpa6EoV1TehcNf7sChY3,false
629,e6-lifecycle-20260706T042251.490920785Z-c4-real-task-0067,signed_query_latest,true,0,1783311773135,0,Qmbt7FG9CTBc6sVfciXAseRzvjXpa6EoV1TehcNf7sChY3,false
630,e6-lifecycle-20260706T042251.490920785Z-c4-real-task-0067,ipfs_verify,true,15,1783311773135,0,Qmbt7FG9CTBc6sVfciXAseRzvjXpa6EoV1TehcNf7sChY3,false
631,e6-lifecycle-20260706T042251.490920785Z-c4-real-task-0068,ipfs_add,true,67,1783311773085,4158,,false
632,e6-lifecycle-20260706T042251.490920785Z-c4-real-task-0068,signed_posttask,true,1,1783311773152,0,QmdssCZHZja15BD7DuyPiXZPfZufH2mwmGr81QDSStPZPN,false
633,e6-lifecycle-20260706T042251.490920785Z-c4-real-task-0068,signed_postallocation,true,2,1783311773153,0,QmdssCZHZja15BD7DuyPiXZPfZufH2mwmGr81QDSStPZPN,false
634,e6-lifecycle-20260706T042251.490920785Z-c4-real-task-0068,signed_post_evalsnapshot,true,3,1783311773155,0,QmdssCZHZja15BD7DuyPiXZPfZufH2mwmGr81QDSStPZPN,false
635,e6-lifecycle-20260706T042251.490920785Z-c4-real-task-0068,signed_vote1,true,4,1783311773158,0,QmdssCZHZja15BD7DuyPiXZPfZufH2mwmGr81QDSStPZPN,false
636,e6-lifecycle-20260706T042251.490920785Z-c4-real-task-0068,signed_vote2,true,2,1783311773162,0,QmdssCZHZja15BD7DuyPiXZPfZufH2mwmGr81QDSStPZPN,false
637,e6-lifecycle-20260706T042251.490920785Z-c4-real-task-0068,signed_settlement,true,2,1783311773164,0,QmdssCZHZja15BD7DuyPiXZPfZufH2mwmGr81QDSStPZPN,false
638,e6-lifecycle-20260706T042251.490920785Z-c4-real-task-0068,signed_query_latest,true,0,1783311773166,0,QmdssCZHZja15BD7DuyPiXZPfZufH2mwmGr81QDSStPZPN,false
639,e6-lifecycle-20260706T042251.490920785Z-c4-real-task-0069,ipfs_add,true,81,1783311773090,1526,,false
640,e6-lifecycle-20260706T042251.490920785Z-c4-real-task-0069,signed_posttask,true,2,1783311773171,0,Qmc3HzGamX75gaXpQyYRDkmKLfVRUTTUbDLLNafwajDdRv,false
641,e6-lifecycle-20260706T042251.490920785Z-c4-real-task-0069,signed_postallocation,true,2,1783311773173,0,Qmc3HzGamX75gaXpQyYRDkmKLfVRUTTUbDLLNafwajDdRv,false
642,e6-lifecycle-20260706T042251.490920785Z-c4-real-task-0069,signed_post_evalsnapshot,true,2,1783311773175,0,Qmc3HzGamX75gaXpQyYRDkmKLfVRUTTUbDLLNafwajDdRv,false
643,e6-lifecycle-20260706T042251.490920785Z-c4-real-task-0068,ipfs_verify,true,11,1783311773166,0,QmdssCZHZja15BD7DuyPiXZPfZufH2mwmGr81QDSStPZPN,false
644,e6-lifecycle-20260706T042251.490920785Z-c4-real-task-0069,signed_vote1,true,1,1783311773177,0,Qmc3HzGamX75gaXpQyYRDkmKLfVRUTTUbDLLNafwajDdRv,false
645,e6-lifecycle-20260706T042251.490920785Z-c4-real-task-0069,signed_vote2,true,2,1783311773178,0,Qmc3HzGamX75gaXpQyYRDkmKLfVRUTTUbDLLNafwajDdRv,false
646,e6-lifecycle-20260706T042251.490920785Z-c4-real-task-0069,signed_settlement,true,2,1783311773180,0,Qmc3HzGamX75gaXpQyYRDkmKLfVRUTTUbDLLNafwajDdRv,false
647,e6-lifecycle-20260706T042251.490920785Z-c4-real-task-0069,signed_query_latest,true,0,1783311773182,0,Qmc3HzGamX75gaXpQyYRDkmKLfVRUTTUbDLLNafwajDdRv,false
648,e6-lifecycle-20260706T042251.490920785Z-c4-real-task-0070,ipfs_add,true,84,1783311773113,5065,,false
649,e6-lifecycle-20260706T042251.490920785Z-c4-real-task-0069,ipfs_verify,true,17,1783311773182,0,Qmc3HzGamX75gaXpQyYRDkmKLfVRUTTUbDLLNafwajDdRv,false
650,e6-lifecycle-20260706T042251.490920785Z-c4-real-task-0070,signed_posttask,true,4,1783311773197,0,QmZdwn7XZ6rmxkCtUjND7GCnAtzGsfmiqSWKEv7AMAoXVQ,false
651,e6-lifecycle-20260706T042251.490920785Z-c4-real-task-0070,signed_postallocation,true,2,1783311773201,0,QmZdwn7XZ6rmxkCtUjND7GCnAtzGsfmiqSWKEv7AMAoXVQ,false
652,e6-lifecycle-20260706T042251.490920785Z-c4-real-task-0070,signed_post_evalsnapshot,true,1,1783311773203,0,QmZdwn7XZ6rmxkCtUjND7GCnAtzGsfmiqSWKEv7AMAoXVQ,false
653,e6-lifecycle-20260706T042251.490920785Z-c4-real-task-0070,signed_vote1,true,2,1783311773204,0,QmZdwn7XZ6rmxkCtUjND7GCnAtzGsfmiqSWKEv7AMAoXVQ,false
654,e6-lifecycle-20260706T042251.490920785Z-c4-real-task-0070,signed_vote2,true,2,1783311773206,0,QmZdwn7XZ6rmxkCtUjND7GCnAtzGsfmiqSWKEv7AMAoXVQ,false
655,e6-lifecycle-20260706T042251.490920785Z-c4-real-task-0070,signed_settlement,true,2,1783311773208,0,QmZdwn7XZ6rmxkCtUjND7GCnAtzGsfmiqSWKEv7AMAoXVQ,false
656,e6-lifecycle-20260706T042251.490920785Z-c4-real-task-0070,signed_query_latest,true,0,1783311773210,0,QmZdwn7XZ6rmxkCtUjND7GCnAtzGsfmiqSWKEv7AMAoXVQ,false
657,e6-lifecycle-20260706T042251.490920785Z-c4-real-task-0070,ipfs_verify,true,9,1783311773210,0,QmZdwn7XZ6rmxkCtUjND7GCnAtzGsfmiqSWKEv7AMAoXVQ,false
658,e6-lifecycle-20260706T042251.490920785Z-c4-real-task-0026,ipfs_add,true,70,1783311773150,2285,,false
659,e6-lifecycle-20260706T042251.490920785Z-c4-real-task-0026,signed_posttask,true,1,1783311773220,0,QmPA4QSCZorDwximTUj45HQYaqqLrUR1uWw8YCaw56AYrQ,false
660,e6-lifecycle-20260706T042251.490920785Z-c4-real-task-0026,signed_postallocation,true,2,1783311773221,0,QmPA4QSCZorDwximTUj45HQYaqqLrUR1uWw8YCaw56AYrQ,false
661,e6-lifecycle-20260706T042251.490920785Z-c4-real-task-0026,signed_post_evalsnapshot,true,1,1783311773223,0,QmPA4QSCZorDwximTUj45HQYaqqLrUR1uWw8YCaw56AYrQ,false
662,e6-lifecycle-20260706T042251.490920785Z-c4-real-task-0026,signed_vote1,true,2,1783311773224,0,QmPA4QSCZorDwximTUj45HQYaqqLrUR1uWw8YCaw56AYrQ,false
663,e6-lifecycle-20260706T042251.490920785Z-c4-real-task-0026,signed_vote2,true,2,1783311773226,0,QmPA4QSCZorDwximTUj45HQYaqqLrUR1uWw8YCaw56AYrQ,false
664,e6-lifecycle-20260706T042251.490920785Z-c4-real-task-0026,signed_settlement,true,2,1783311773228,0,QmPA4QSCZorDwximTUj45HQYaqqLrUR1uWw8YCaw56AYrQ,false
665,e6-lifecycle-20260706T042251.490920785Z-c4-real-task-0026,signed_query_latest,true,0,1783311773230,0,QmPA4QSCZorDwximTUj45HQYaqqLrUR1uWw8YCaw56AYrQ,false
666,e6-lifecycle-20260706T042251.490920785Z-c4-real-task-0026,ipfs_verify,true,11,1783311773230,0,QmPA4QSCZorDwximTUj45HQYaqqLrUR1uWw8YCaw56AYrQ,false
667,e6-lifecycle-20260706T042251.490920785Z-c4-real-task-0076,ipfs_add,true,70,1783311773177,4961,,false
668,e6-lifecycle-20260706T042251.490920785Z-c4-real-task-0076,signed_posttask,true,2,1783311773247,0,QmPYBXNwCTh5Jewpe24hUv1bBvhKKyvE3uxvUw3jvcJV2S,false
669,e6-lifecycle-20260706T042251.490920785Z-c4-real-task-0076,signed_postallocation,true,2,1783311773249,0,QmPYBXNwCTh5Jewpe24hUv1bBvhKKyvE3uxvUw3jvcJV2S,false
670,e6-lifecycle-20260706T042251.490920785Z-c4-real-task-0076,signed_post_evalsnapshot,true,2,1783311773251,0,QmPYBXNwCTh5Jewpe24hUv1bBvhKKyvE3uxvUw3jvcJV2S,false
671,e6-lifecycle-20260706T042251.490920785Z-c4-real-task-0076,signed_vote1,true,2,1783311773253,0,QmPYBXNwCTh5Jewpe24hUv1bBvhKKyvE3uxvUw3jvcJV2S,false
672,e6-lifecycle-20260706T042251.490920785Z-c4-real-task-0076,signed_vote2,true,2,1783311773255,0,QmPYBXNwCTh5Jewpe24hUv1bBvhKKyvE3uxvUw3jvcJV2S,false
673,e6-lifecycle-20260706T042251.490920785Z-c4-real-task-0076,signed_settlement,true,1,1783311773257,0,QmPYBXNwCTh5Jewpe24hUv1bBvhKKyvE3uxvUw3jvcJV2S,false
674,e6-lifecycle-20260706T042251.490920785Z-c4-real-task-0076,signed_query_latest,true,0,1783311773258,0,QmPYBXNwCTh5Jewpe24hUv1bBvhKKyvE3uxvUw3jvcJV2S,false
675,e6-lifecycle-20260706T042251.490920785Z-c4-real-task-0072,ipfs_add,true,67,1783311773200,2305,,false
676,e6-lifecycle-20260706T042251.490920785Z-c4-real-task-0072,signed_posttask,true,3,1783311773267,0,QmWanySVkpZ7TybV7YuqtM2nn19ezsxpA246bdcmU47t6X,false
677,e6-lifecycle-20260706T042251.490920785Z-c4-real-task-0072,signed_postallocation,true,2,1783311773270,0,QmWanySVkpZ7TybV7YuqtM2nn19ezsxpA246bdcmU47t6X,false
678,e6-lifecycle-20260706T042251.490920785Z-c4-real-task-0072,signed_post_evalsnapshot,true,2,1783311773272,0,QmWanySVkpZ7TybV7YuqtM2nn19ezsxpA246bdcmU47t6X,false
679,e6-lifecycle-20260706T042251.490920785Z-c4-real-task-0072,signed_vote1,true,2,1783311773274,0,QmWanySVkpZ7TybV7YuqtM2nn19ezsxpA246bdcmU47t6X,false
680,e6-lifecycle-20260706T042251.490920785Z-c4-real-task-0072,signed_vote2,true,1,1783311773276,0,QmWanySVkpZ7TybV7YuqtM2nn19ezsxpA246bdcmU47t6X,false
681,e6-lifecycle-20260706T042251.490920785Z-c4-real-task-0072,signed_settlement,true,2,1783311773277,0,QmWanySVkpZ7TybV7YuqtM2nn19ezsxpA246bdcmU47t6X,false
682,e6-lifecycle-20260706T042251.490920785Z-c4-real-task-0072,signed_query_latest,true,0,1783311773279,0,QmWanySVkpZ7TybV7YuqtM2nn19ezsxpA246bdcmU47t6X,false
683,e6-lifecycle-20260706T042251.490920785Z-c4-real-task-0076,ipfs_verify,true,42,1783311773258,0,QmPYBXNwCTh5Jewpe24hUv1bBvhKKyvE3uxvUw3jvcJV2S,false
684,e6-lifecycle-20260706T042251.490920785Z-c4-real-task-0072,ipfs_verify,true,21,1783311773279,0,QmWanySVkpZ7TybV7YuqtM2nn19ezsxpA246bdcmU47t6X,false
685,e6-lifecycle-20260706T042251.490920785Z-c4-real-task-0074,ipfs_add,true,65,1783311773241,5811,,false
686,e6-lifecycle-20260706T042251.490920785Z-c4-real-task-0073,ipfs_add,true,87,1783311773219,4957,,false
687,e6-lifecycle-20260706T042251.490920785Z-c4-real-task-0074,signed_posttask,true,2,1783311773306,0,QmaeTJAzWRKvsT172vo8HGvAfgV8ipwLvzV1ZMQApxE1QS,false
688,e6-lifecycle-20260706T042251.490920785Z-c4-real-task-0074,signed_postallocation,true,2,1783311773308,0,QmaeTJAzWRKvsT172vo8HGvAfgV8ipwLvzV1ZMQApxE1QS,false
689,e6-lifecycle-20260706T042251.490920785Z-c4-real-task-0073,signed_posttask,true,5,1783311773306,0,QmUNq5xrs3K1vmXdkKido3g2XmRhi95o132iauehfL4aYG,false
690,e6-lifecycle-20260706T042251.490920785Z-c4-real-task-0073,signed_postallocation,true,2,1783311773311,0,QmUNq5xrs3K1vmXdkKido3g2XmRhi95o132iauehfL4aYG,false
691,e6-lifecycle-20260706T042251.490920785Z-c4-real-task-0074,signed_post_evalsnapshot,true,4,1783311773310,0,QmaeTJAzWRKvsT172vo8HGvAfgV8ipwLvzV1ZMQApxE1QS,false
692,e6-lifecycle-20260706T042251.490920785Z-c4-real-task-0074,signed_vote1,true,2,1783311773314,0,QmaeTJAzWRKvsT172vo8HGvAfgV8ipwLvzV1ZMQApxE1QS,false
693,e6-lifecycle-20260706T042251.490920785Z-c4-real-task-0073,signed_post_evalsnapshot,true,5,1783311773313,0,QmUNq5xrs3K1vmXdkKido3g2XmRhi95o132iauehfL4aYG,false
694,e6-lifecycle-20260706T042251.490920785Z-c4-real-task-0074,signed_vote2,true,4,1783311773316,0,QmaeTJAzWRKvsT172vo8HGvAfgV8ipwLvzV1ZMQApxE1QS,false
695,e6-lifecycle-20260706T042251.490920785Z-c4-real-task-0074,signed_settlement,true,2,1783311773320,0,QmaeTJAzWRKvsT172vo8HGvAfgV8ipwLvzV1ZMQApxE1QS,false
696,e6-lifecycle-20260706T042251.490920785Z-c4-real-task-0073,signed_vote1,true,6,1783311773318,0,QmUNq5xrs3K1vmXdkKido3g2XmRhi95o132iauehfL4aYG,false
697,e6-lifecycle-20260706T042251.490920785Z-c4-real-task-0074,signed_query_latest,true,4,1783311773322,0,QmaeTJAzWRKvsT172vo8HGvAfgV8ipwLvzV1ZMQApxE1QS,false
698,e6-lifecycle-20260706T042251.490920785Z-c4-real-task-0073,signed_vote2,true,2,1783311773324,0,QmUNq5xrs3K1vmXdkKido3g2XmRhi95o132iauehfL4aYG,false
699,e6-lifecycle-20260706T042251.490920785Z-c4-real-task-0073,signed_settlement,true,4,1783311773326,0,QmUNq5xrs3K1vmXdkKido3g2XmRhi95o132iauehfL4aYG,false
700,e6-lifecycle-20260706T042251.490920785Z-c4-real-task-0073,signed_query_latest,true,0,1783311773330,0,QmUNq5xrs3K1vmXdkKido3g2XmRhi95o132iauehfL4aYG,false
701,e6-lifecycle-20260706T042251.490920785Z-c4-real-task-0079,ipfs_add,true,33,1783311773300,2910,,false
702,e6-lifecycle-20260706T042251.490920785Z-c4-real-task-0074,ipfs_verify,true,8,1783311773326,0,QmaeTJAzWRKvsT172vo8HGvAfgV8ipwLvzV1ZMQApxE1QS,false
703,e6-lifecycle-20260706T042251.490920785Z-c4-real-task-0073,ipfs_verify,true,10,1783311773330,0,QmUNq5xrs3K1vmXdkKido3g2XmRhi95o132iauehfL4aYG,false
704,e6-lifecycle-20260706T042251.490920785Z-c4-real-task-0079,signed_posttask,true,10,1783311773333,0,QmUANPhfiGoG4ujKLWNNL1cTTFTCULjPxcP9sn7jNfzJhL,false
705,e6-lifecycle-20260706T042251.490920785Z-c4-real-task-0079,signed_postallocation,true,1,1783311773343,0,QmUANPhfiGoG4ujKLWNNL1cTTFTCULjPxcP9sn7jNfzJhL,false
706,e6-lifecycle-20260706T042251.490920785Z-c4-real-task-0079,signed_post_evalsnapshot,true,1,1783311773344,0,QmUANPhfiGoG4ujKLWNNL1cTTFTCULjPxcP9sn7jNfzJhL,false
707,e6-lifecycle-20260706T042251.490920785Z-c4-real-task-0079,signed_vote1,true,2,1783311773345,0,QmUANPhfiGoG4ujKLWNNL1cTTFTCULjPxcP9sn7jNfzJhL,false
708,e6-lifecycle-20260706T042251.490920785Z-c4-real-task-0079,signed_vote2,true,2,1783311773347,0,QmUANPhfiGoG4ujKLWNNL1cTTFTCULjPxcP9sn7jNfzJhL,false
709,e6-lifecycle-20260706T042251.490920785Z-c4-real-task-0079,signed_settlement,true,2,1783311773349,0,QmUANPhfiGoG4ujKLWNNL1cTTFTCULjPxcP9sn7jNfzJhL,false
710,e6-lifecycle-20260706T042251.490920785Z-c4-real-task-0079,signed_query_latest,true,0,1783311773351,0,QmUANPhfiGoG4ujKLWNNL1cTTFTCULjPxcP9sn7jNfzJhL,false
711,e6-lifecycle-20260706T042251.490920785Z-c4-real-task-0079,ipfs_verify,true,6,1783311773351,0,QmUANPhfiGoG4ujKLWNNL1cTTFTCULjPxcP9sn7jNfzJhL,false
712,e6-lifecycle-20260706T042251.490920785Z-c4-real-task-0075,ipfs_add,true,63,1783311773300,4400,,false
713,e6-lifecycle-20260706T042251.490920785Z-c4-real-task-0075,signed_posttask,true,2,1783311773363,0,QmXvAwLQ7v7nnXbkJPjkYdM3tUdkRw8oF5f6iTNZRPVgzN,false
714,e6-lifecycle-20260706T042251.490920785Z-c4-real-task-0075,signed_postallocation,true,2,1783311773365,0,QmXvAwLQ7v7nnXbkJPjkYdM3tUdkRw8oF5f6iTNZRPVgzN,false
715,e6-lifecycle-20260706T042251.490920785Z-c4-real-task-0075,signed_post_evalsnapshot,true,2,1783311773367,0,QmXvAwLQ7v7nnXbkJPjkYdM3tUdkRw8oF5f6iTNZRPVgzN,false
716,e6-lifecycle-20260706T042251.490920785Z-c4-real-task-0075,signed_vote1,true,1,1783311773369,0,QmXvAwLQ7v7nnXbkJPjkYdM3tUdkRw8oF5f6iTNZRPVgzN,false
717,e6-lifecycle-20260706T042251.490920785Z-c4-real-task-0075,signed_vote2,true,2,1783311773370,0,QmXvAwLQ7v7nnXbkJPjkYdM3tUdkRw8oF5f6iTNZRPVgzN,false
718,e6-lifecycle-20260706T042251.490920785Z-c4-real-task-0075,signed_settlement,true,2,1783311773372,0,QmXvAwLQ7v7nnXbkJPjkYdM3tUdkRw8oF5f6iTNZRPVgzN,false
719,e6-lifecycle-20260706T042251.490920785Z-c4-real-task-0075,signed_query_latest,true,0,1783311773374,0,QmXvAwLQ7v7nnXbkJPjkYdM3tUdkRw8oF5f6iTNZRPVgzN,false
720,e6-lifecycle-20260706T042251.490920785Z-c4-real-task-0075,ipfs_verify,true,8,1783311773374,0,QmXvAwLQ7v7nnXbkJPjkYdM3tUdkRw8oF5f6iTNZRPVgzN,false
721,e6-lifecycle-20260706T042251.490920785Z-c4-real-task-0077,ipfs_add,true,48,1783311773334,1774,,false
722,e6-lifecycle-20260706T042251.490920785Z-c4-real-task-0077,signed_posttask,true,2,1783311773382,0,QmYN6ceiUFJghNBVdUfs4AgqbBx4pasRLDxDdrHuAvaYYe,false
723,e6-lifecycle-20260706T042251.490920785Z-c4-real-task-0077,signed_postallocation,true,1,1783311773384,0,QmYN6ceiUFJghNBVdUfs4AgqbBx4pasRLDxDdrHuAvaYYe,false
724,e6-lifecycle-20260706T042251.490920785Z-c4-real-task-0077,signed_post_evalsnapshot,true,3,1783311773385,0,QmYN6ceiUFJghNBVdUfs4AgqbBx4pasRLDxDdrHuAvaYYe,false
725,e6-lifecycle-20260706T042251.490920785Z-c4-real-task-0077,signed_vote1,true,2,1783311773388,0,QmYN6ceiUFJghNBVdUfs4AgqbBx4pasRLDxDdrHuAvaYYe,false
726,e6-lifecycle-20260706T042251.490920785Z-c4-real-task-0077,signed_vote2,true,2,1783311773390,0,QmYN6ceiUFJghNBVdUfs4AgqbBx4pasRLDxDdrHuAvaYYe,false
727,e6-lifecycle-20260706T042251.490920785Z-c4-real-task-0077,signed_settlement,true,3,1783311773392,0,QmYN6ceiUFJghNBVdUfs4AgqbBx4pasRLDxDdrHuAvaYYe,false
728,e6-lifecycle-20260706T042251.490920785Z-c4-real-task-0077,signed_query_latest,true,0,1783311773395,0,QmYN6ceiUFJghNBVdUfs4AgqbBx4pasRLDxDdrHuAvaYYe,false
729,e6-lifecycle-20260706T042251.490920785Z-c4-real-task-0078,ipfs_add,true,65,1783311773340,4011,,false
730,e6-lifecycle-20260706T042251.490920785Z-c4-real-task-0078,signed_posttask,true,2,1783311773405,0,QmQMb15VfwTvEopgdonkaUmtV5EoYEVHk6p3eKpDmm7VQJ,false
731,e6-lifecycle-20260706T042251.490920785Z-c4-real-task-0077,ipfs_verify,true,13,1783311773395,0,QmYN6ceiUFJghNBVdUfs4AgqbBx4pasRLDxDdrHuAvaYYe,false
732,e6-lifecycle-20260706T042251.490920785Z-c4-real-task-0078,signed_postallocation,true,2,1783311773407,0,QmQMb15VfwTvEopgdonkaUmtV5EoYEVHk6p3eKpDmm7VQJ,false
733,e6-lifecycle-20260706T042251.490920785Z-c4-real-task-0078,signed_post_evalsnapshot,true,2,1783311773409,0,QmQMb15VfwTvEopgdonkaUmtV5EoYEVHk6p3eKpDmm7VQJ,false
734,e6-lifecycle-20260706T042251.490920785Z-c4-real-task-0078,signed_vote1,true,1,1783311773411,0,QmQMb15VfwTvEopgdonkaUmtV5EoYEVHk6p3eKpDmm7VQJ,false
735,e6-lifecycle-20260706T042251.490920785Z-c4-real-task-0078,signed_vote2,true,4,1783311773412,0,QmQMb15VfwTvEopgdonkaUmtV5EoYEVHk6p3eKpDmm7VQJ,false
736,e6-lifecycle-20260706T042251.490920785Z-c4-real-task-0078,signed_settlement,true,2,1783311773416,0,QmQMb15VfwTvEopgdonkaUmtV5EoYEVHk6p3eKpDmm7VQJ,false
737,e6-lifecycle-20260706T042251.490920785Z-c4-real-task-0078,signed_query_latest,true,0,1783311773418,0,QmQMb15VfwTvEopgdonkaUmtV5EoYEVHk6p3eKpDmm7VQJ,false
738,e6-lifecycle-20260706T042251.490920785Z-c4-real-task-0078,ipfs_verify,true,23,1783311773418,0,QmQMb15VfwTvEopgdonkaUmtV5EoYEVHk6p3eKpDmm7VQJ,false
739,e6-lifecycle-20260706T042251.490920785Z-c4-real-task-0168,ipfs_add,true,83,1783311773382,3309,,false
740,e6-lifecycle-20260706T042251.490920785Z-c4-real-task-0168,signed_posttask,true,4,1783311773465,0,QmW3R2ZUk1JeXnvoaVApYX6D73xdA2HnR93n8FvAGo1XWp,false
741,e6-lifecycle-20260706T042251.490920785Z-c4-real-task-0168,signed_postallocation,true,2,1783311773469,0,QmW3R2ZUk1JeXnvoaVApYX6D73xdA2HnR93n8FvAGo1XWp,false
742,e6-lifecycle-20260706T042251.490920785Z-c4-real-task-0168,signed_post_evalsnapshot,true,2,1783311773471,0,QmW3R2ZUk1JeXnvoaVApYX6D73xdA2HnR93n8FvAGo1XWp,false
743,e6-lifecycle-20260706T042251.490920785Z-c4-real-task-0168,signed_vote1,true,1,1783311773473,0,QmW3R2ZUk1JeXnvoaVApYX6D73xdA2HnR93n8FvAGo1XWp,false
744,e6-lifecycle-20260706T042251.490920785Z-c4-real-task-0168,signed_vote2,true,2,1783311773474,0,QmW3R2ZUk1JeXnvoaVApYX6D73xdA2HnR93n8FvAGo1XWp,false
745,e6-lifecycle-20260706T042251.490920785Z-c4-real-task-0168,signed_settlement,true,3,1783311773476,0,QmW3R2ZUk1JeXnvoaVApYX6D73xdA2HnR93n8FvAGo1XWp,false
746,e6-lifecycle-20260706T042251.490920785Z-c4-real-task-0168,signed_query_latest,true,0,1783311773479,0,QmW3R2ZUk1JeXnvoaVApYX6D73xdA2HnR93n8FvAGo1XWp,false
747,e6-lifecycle-20260706T042251.490920785Z-c4-real-task-0168,ipfs_verify,true,11,1783311773479,0,QmW3R2ZUk1JeXnvoaVApYX6D73xdA2HnR93n8FvAGo1XWp,false
748,e6-lifecycle-20260706T042251.490920785Z-c4-real-task-0080,ipfs_add,true,140,1783311773357,2007,,false
749,e6-lifecycle-20260706T042251.490920785Z-c4-real-task-0083,ipfs_add,true,88,1783311773409,4402,,false
750,e6-lifecycle-20260706T042251.490920785Z-c4-real-task-0080,signed_posttask,true,2,1783311773497,0,QmSoqaKbY1pzamSrK5gatTauBKmwAqCw92JyzZxyPFt8FW,false
751,e6-lifecycle-20260706T042251.490920785Z-c4-real-task-0080,signed_postallocation,true,2,1783311773499,0,QmSoqaKbY1pzamSrK5gatTauBKmwAqCw92JyzZxyPFt8FW,false
752,e6-lifecycle-20260706T042251.490920785Z-c4-real-task-0083,signed_posttask,true,5,1783311773497,0,QmPd7FL1akHQY92fmAnCsPGgoQXB5msWnC72Pa4Ym8A7LB,false
753,e6-lifecycle-20260706T042251.490920785Z-c4-real-task-0083,signed_postallocation,true,2,1783311773502,0,QmPd7FL1akHQY92fmAnCsPGgoQXB5msWnC72Pa4Ym8A7LB,false
754,e6-lifecycle-20260706T042251.490920785Z-c4-real-task-0080,signed_post_evalsnapshot,true,5,1783311773501,0,QmSoqaKbY1pzamSrK5gatTauBKmwAqCw92JyzZxyPFt8FW,false
755,e6-lifecycle-20260706T042251.490920785Z-c4-real-task-0080,signed_vote1,true,1,1783311773506,0,QmSoqaKbY1pzamSrK5gatTauBKmwAqCw92JyzZxyPFt8FW,false
756,e6-lifecycle-20260706T042251.490920785Z-c4-real-task-0083,signed_post_evalsnapshot,true,5,1783311773504,0,QmPd7FL1akHQY92fmAnCsPGgoQXB5msWnC72Pa4Ym8A7LB,false
757,e6-lifecycle-20260706T042251.490920785Z-c4-real-task-0083,signed_vote1,true,2,1783311773509,0,QmPd7FL1akHQY92fmAnCsPGgoQXB5msWnC72Pa4Ym8A7LB,false
758,e6-lifecycle-20260706T042251.490920785Z-c4-real-task-0080,signed_vote2,true,5,1783311773507,0,QmSoqaKbY1pzamSrK5gatTauBKmwAqCw92JyzZxyPFt8FW,false
759,e6-lifecycle-20260706T042251.490920785Z-c4-real-task-0080,signed_settlement,true,2,1783311773512,0,QmSoqaKbY1pzamSrK5gatTauBKmwAqCw92JyzZxyPFt8FW,false
760,e6-lifecycle-20260706T042251.490920785Z-c4-real-task-0083,signed_vote2,true,5,1783311773511,0,QmPd7FL1akHQY92fmAnCsPGgoQXB5msWnC72Pa4Ym8A7LB,false
761,e6-lifecycle-20260706T042251.490920785Z-c4-real-task-0080,signed_query_latest,true,3,1783311773514,0,QmSoqaKbY1pzamSrK5gatTauBKmwAqCw92JyzZxyPFt8FW,false
762,e6-lifecycle-20260706T042251.490920785Z-c4-real-task-0083,signed_settlement,true,1,1783311773516,0,QmPd7FL1akHQY92fmAnCsPGgoQXB5msWnC72Pa4Ym8A7LB,false
763,e6-lifecycle-20260706T042251.490920785Z-c4-real-task-0083,signed_query_latest,true,0,1783311773517,0,QmPd7FL1akHQY92fmAnCsPGgoQXB5msWnC72Pa4Ym8A7LB,false
764,e6-lifecycle-20260706T042251.490920785Z-c4-real-task-0084,ipfs_add,true,83,1783311773441,6840,,false
765,e6-lifecycle-20260706T042251.490920785Z-c4-real-task-0080,ipfs_verify,true,8,1783311773517,0,QmSoqaKbY1pzamSrK5gatTauBKmwAqCw92JyzZxyPFt8FW,false
766,e6-lifecycle-20260706T042251.490920785Z-c4-real-task-0084,signed_posttask,true,2,1783311773524,0,QmfAG7xP2UTe2HqMXVRZaRh4cF3StaCZniJqRpRTYFaeDM,false
767,e6-lifecycle-20260706T042251.490920785Z-c4-real-task-0084,signed_postallocation,true,2,1783311773526,0,QmfAG7xP2UTe2HqMXVRZaRh4cF3StaCZniJqRpRTYFaeDM,false
768,e6-lifecycle-20260706T042251.490920785Z-c4-real-task-0084,signed_post_evalsnapshot,true,2,1783311773528,0,QmfAG7xP2UTe2HqMXVRZaRh4cF3StaCZniJqRpRTYFaeDM,false
769,e6-lifecycle-20260706T042251.490920785Z-c4-real-task-0084,signed_vote1,true,1,1783311773530,0,QmfAG7xP2UTe2HqMXVRZaRh4cF3StaCZniJqRpRTYFaeDM,false
770,e6-lifecycle-20260706T042251.490920785Z-c4-real-task-0083,ipfs_verify,true,16,1783311773517,0,QmPd7FL1akHQY92fmAnCsPGgoQXB5msWnC72Pa4Ym8A7LB,false
771,e6-lifecycle-20260706T042251.490920785Z-c4-real-task-0084,signed_vote2,true,2,1783311773531,0,QmfAG7xP2UTe2HqMXVRZaRh4cF3StaCZniJqRpRTYFaeDM,false
772,e6-lifecycle-20260706T042251.490920785Z-c4-real-task-0084,signed_settlement,true,3,1783311773533,0,QmfAG7xP2UTe2HqMXVRZaRh4cF3StaCZniJqRpRTYFaeDM,false
773,e6-lifecycle-20260706T042251.490920785Z-c4-real-task-0084,signed_query_latest,true,0,1783311773536,0,QmfAG7xP2UTe2HqMXVRZaRh4cF3StaCZniJqRpRTYFaeDM,false
774,e6-lifecycle-20260706T042251.490920785Z-c4-real-task-0084,ipfs_verify,true,15,1783311773536,0,QmfAG7xP2UTe2HqMXVRZaRh4cF3StaCZniJqRpRTYFaeDM,false
775,e6-lifecycle-20260706T042251.490920785Z-c4-real-task-0085,ipfs_add,true,79,1783311773490,5393,,false
776,e6-lifecycle-20260706T042251.490920785Z-c4-real-task-0085,signed_posttask,true,2,1783311773569,0,QmeUxU9Y8M556RrfUeDKwffgmyBADm96MQkeiAE978JMp4,false
777,e6-lifecycle-20260706T042251.490920785Z-c4-real-task-0085,signed_postallocation,true,3,1783311773571,0,QmeUxU9Y8M556RrfUeDKwffgmyBADm96MQkeiAE978JMp4,false
778,e6-lifecycle-20260706T042251.490920785Z-c4-real-task-0085,signed_post_evalsnapshot,true,2,1783311773574,0,QmeUxU9Y8M556RrfUeDKwffgmyBADm96MQkeiAE978JMp4,false
779,e6-lifecycle-20260706T042251.490920785Z-c4-real-task-0085,signed_vote1,true,2,1783311773576,0,QmeUxU9Y8M556RrfUeDKwffgmyBADm96MQkeiAE978JMp4,false
780,e6-lifecycle-20260706T042251.490920785Z-c4-real-task-0085,signed_vote2,true,2,1783311773578,0,QmeUxU9Y8M556RrfUeDKwffgmyBADm96MQkeiAE978JMp4,false
781,e6-lifecycle-20260706T042251.490920785Z-c4-real-task-0085,signed_settlement,true,2,1783311773580,0,QmeUxU9Y8M556RrfUeDKwffgmyBADm96MQkeiAE978JMp4,false
782,e6-lifecycle-20260706T042251.490920785Z-c4-real-task-0085,signed_query_latest,true,0,1783311773582,0,QmeUxU9Y8M556RrfUeDKwffgmyBADm96MQkeiAE978JMp4,false
783,e6-lifecycle-20260706T042251.490920785Z-c4-real-task-0086,ipfs_add,true,68,1783311773525,5003,,false
784,e6-lifecycle-20260706T042251.490920785Z-c4-real-task-0085,ipfs_verify,true,11,1783311773582,0,QmeUxU9Y8M556RrfUeDKwffgmyBADm96MQkeiAE978JMp4,false
785,e6-lifecycle-20260706T042251.490920785Z-c4-real-task-0086,signed_posttask,true,2,1783311773593,0,QmUfeTTtpRKHWHGYM8kZeEDzEeTVbVYPN8syBVGcicKp1E,false
786,e6-lifecycle-20260706T042251.490920785Z-c4-real-task-0086,signed_postallocation,true,1,1783311773595,0,QmUfeTTtpRKHWHGYM8kZeEDzEeTVbVYPN8syBVGcicKp1E,false
787,e6-lifecycle-20260706T042251.490920785Z-c4-real-task-0086,signed_post_evalsnapshot,true,2,1783311773596,0,QmUfeTTtpRKHWHGYM8kZeEDzEeTVbVYPN8syBVGcicKp1E,false
788,e6-lifecycle-20260706T042251.490920785Z-c4-real-task-0086,signed_vote1,true,2,1783311773598,0,QmUfeTTtpRKHWHGYM8kZeEDzEeTVbVYPN8syBVGcicKp1E,false
789,e6-lifecycle-20260706T042251.490920785Z-c4-real-task-0086,signed_vote2,true,2,1783311773600,0,QmUfeTTtpRKHWHGYM8kZeEDzEeTVbVYPN8syBVGcicKp1E,false
790,e6-lifecycle-20260706T042251.490920785Z-c4-real-task-0086,signed_settlement,true,2,1783311773602,0,QmUfeTTtpRKHWHGYM8kZeEDzEeTVbVYPN8syBVGcicKp1E,false
791,e6-lifecycle-20260706T042251.490920785Z-c4-real-task-0086,signed_query_latest,true,0,1783311773604,0,QmUfeTTtpRKHWHGYM8kZeEDzEeTVbVYPN8syBVGcicKp1E,false
792,e6-lifecycle-20260706T042251.490920785Z-c4-real-task-0086,ipfs_verify,true,9,1783311773604,0,QmUfeTTtpRKHWHGYM8kZeEDzEeTVbVYPN8syBVGcicKp1E,false
793,e6-lifecycle-20260706T042251.490920785Z-c4-real-task-0087,ipfs_add,true,92,1783311773533,2524,,false
794,e6-lifecycle-20260706T042251.490920785Z-c4-real-task-0087,signed_posttask,true,2,1783311773625,0,QmaCUtHjnRyELCqbtZ1neE9rfnPpeXAWptbrgpbTV3gGcj,false
795,e6-lifecycle-20260706T042251.490920785Z-c4-real-task-0087,signed_postallocation,true,2,1783311773627,0,QmaCUtHjnRyELCqbtZ1neE9rfnPpeXAWptbrgpbTV3gGcj,false
796,e6-lifecycle-20260706T042251.490920785Z-c4-real-task-0087,signed_post_evalsnapshot,true,1,1783311773629,0,QmaCUtHjnRyELCqbtZ1neE9rfnPpeXAWptbrgpbTV3gGcj,false
797,e6-lifecycle-20260706T042251.490920785Z-c4-real-task-0087,signed_vote1,true,2,1783311773630,0,QmaCUtHjnRyELCqbtZ1neE9rfnPpeXAWptbrgpbTV3gGcj,false
798,e6-lifecycle-20260706T042251.490920785Z-c4-real-task-0087,signed_vote2,true,1,1783311773632,0,QmaCUtHjnRyELCqbtZ1neE9rfnPpeXAWptbrgpbTV3gGcj,false
799,e6-lifecycle-20260706T042251.490920785Z-c4-real-task-0087,signed_settlement,true,2,1783311773633,0,QmaCUtHjnRyELCqbtZ1neE9rfnPpeXAWptbrgpbTV3gGcj,false
800,e6-lifecycle-20260706T042251.490920785Z-c4-real-task-0087,signed_query_latest,true,0,1783311773635,0,QmaCUtHjnRyELCqbtZ1neE9rfnPpeXAWptbrgpbTV3gGcj,false
801,e6-lifecycle-20260706T042251.490920785Z-c4-real-task-0088,ipfs_add,true,93,1783311773551,6313,,false
802,e6-lifecycle-20260706T042251.490920785Z-c4-real-task-0087,ipfs_verify,true,9,1783311773635,0,QmaCUtHjnRyELCqbtZ1neE9rfnPpeXAWptbrgpbTV3gGcj,false
803,e6-lifecycle-20260706T042251.490920785Z-c4-real-task-0088,signed_posttask,true,2,1783311773644,0,QmUQTJ8LNhjew8dD5w4F6KUYvuRCsc5Joz6Pxfc2Ykcf3n,false
804,e6-lifecycle-20260706T042251.490920785Z-c4-real-task-0088,signed_postallocation,true,2,1783311773646,0,QmUQTJ8LNhjew8dD5w4F6KUYvuRCsc5Joz6Pxfc2Ykcf3n,false
805,e6-lifecycle-20260706T042251.490920785Z-c4-real-task-0088,signed_post_evalsnapshot,true,2,1783311773648,0,QmUQTJ8LNhjew8dD5w4F6KUYvuRCsc5Joz6Pxfc2Ykcf3n,false
806,e6-lifecycle-20260706T042251.490920785Z-c4-real-task-0088,signed_vote1,true,2,1783311773650,0,QmUQTJ8LNhjew8dD5w4F6KUYvuRCsc5Joz6Pxfc2Ykcf3n,false
807,e6-lifecycle-20260706T042251.490920785Z-c4-real-task-0088,signed_vote2,true,1,1783311773652,0,QmUQTJ8LNhjew8dD5w4F6KUYvuRCsc5Joz6Pxfc2Ykcf3n,false
808,e6-lifecycle-20260706T042251.490920785Z-c4-real-task-0088,signed_settlement,true,2,1783311773653,0,QmUQTJ8LNhjew8dD5w4F6KUYvuRCsc5Joz6Pxfc2Ykcf3n,false
809,e6-lifecycle-20260706T042251.490920785Z-c4-real-task-0088,signed_query_latest,true,0,1783311773655,0,QmUQTJ8LNhjew8dD5w4F6KUYvuRCsc5Joz6Pxfc2Ykcf3n,false
810,e6-lifecycle-20260706T042251.490920785Z-c4-real-task-0088,ipfs_verify,true,10,1783311773655,0,QmUQTJ8LNhjew8dD5w4F6KUYvuRCsc5Joz6Pxfc2Ykcf3n,false
811,e6-lifecycle-20260706T042251.490920785Z-c4-real-task-0089,ipfs_add,true,75,1783311773593,7941,,false
812,e6-lifecycle-20260706T042251.490920785Z-c4-real-task-0089,signed_posttask,true,2,1783311773668,0,QmVftiZx5cF23Q6fEY7jKzUu6HRmm42Q1XtHogR3LDyhCd,false
813,e6-lifecycle-20260706T042251.490920785Z-c4-real-task-0089,signed_postallocation,true,1,1783311773670,0,QmVftiZx5cF23Q6fEY7jKzUu6HRmm42Q1XtHogR3LDyhCd,false
814,e6-lifecycle-20260706T042251.490920785Z-c4-real-task-0089,signed_post_evalsnapshot,true,2,1783311773671,0,QmVftiZx5cF23Q6fEY7jKzUu6HRmm42Q1XtHogR3LDyhCd,false
815,e6-lifecycle-20260706T042251.490920785Z-c4-real-task-0089,signed_vote1,true,2,1783311773673,0,QmVftiZx5cF23Q6fEY7jKzUu6HRmm42Q1XtHogR3LDyhCd,false
816,e6-lifecycle-20260706T042251.490920785Z-c4-real-task-0089,signed_vote2,true,3,1783311773675,0,QmVftiZx5cF23Q6fEY7jKzUu6HRmm42Q1XtHogR3LDyhCd,false
817,e6-lifecycle-20260706T042251.490920785Z-c4-real-task-0089,signed_settlement,true,2,1783311773678,0,QmVftiZx5cF23Q6fEY7jKzUu6HRmm42Q1XtHogR3LDyhCd,false
818,e6-lifecycle-20260706T042251.490920785Z-c4-real-task-0089,signed_query_latest,true,0,1783311773680,0,QmVftiZx5cF23Q6fEY7jKzUu6HRmm42Q1XtHogR3LDyhCd,false
819,e6-lifecycle-20260706T042251.490920785Z-c4-real-task-0089,ipfs_verify,true,8,1783311773680,0,QmVftiZx5cF23Q6fEY7jKzUu6HRmm42Q1XtHogR3LDyhCd,false
820,e6-lifecycle-20260706T042251.490920785Z-c4-real-task-0090,ipfs_add,true,79,1783311773613,6914,,false
821,e6-lifecycle-20260706T042251.490920785Z-c4-real-task-0090,signed_posttask,true,2,1783311773692,0,QmUFJ4iN46ZdBAqPuKeTPTjzJskJ6t9opLUxf3WHdGBRsp,false
822,e6-lifecycle-20260706T042251.490920785Z-c4-real-task-0090,signed_postallocation,true,3,1783311773694,0,QmUFJ4iN46ZdBAqPuKeTPTjzJskJ6t9opLUxf3WHdGBRsp,false
823,e6-lifecycle-20260706T042251.490920785Z-c4-real-task-0090,signed_post_evalsnapshot,true,2,1783311773697,0,QmUFJ4iN46ZdBAqPuKeTPTjzJskJ6t9opLUxf3WHdGBRsp,false
824,e6-lifecycle-20260706T042251.490920785Z-c4-real-task-0090,signed_vote1,true,2,1783311773699,0,QmUFJ4iN46ZdBAqPuKeTPTjzJskJ6t9opLUxf3WHdGBRsp,false
825,e6-lifecycle-20260706T042251.490920785Z-c4-real-task-0090,signed_vote2,true,2,1783311773701,0,QmUFJ4iN46ZdBAqPuKeTPTjzJskJ6t9opLUxf3WHdGBRsp,false
826,e6-lifecycle-20260706T042251.490920785Z-c4-real-task-0090,signed_settlement,true,2,1783311773703,0,QmUFJ4iN46ZdBAqPuKeTPTjzJskJ6t9opLUxf3WHdGBRsp,false
827,e6-lifecycle-20260706T042251.490920785Z-c4-real-task-0090,signed_query_latest,true,0,1783311773705,0,QmUFJ4iN46ZdBAqPuKeTPTjzJskJ6t9opLUxf3WHdGBRsp,false
828,e6-lifecycle-20260706T042251.490920785Z-c4-real-task-0091,ipfs_add,true,71,1783311773644,1951,,false
829,e6-lifecycle-20260706T042251.490920785Z-c4-real-task-0090,ipfs_verify,true,10,1783311773705,0,QmUFJ4iN46ZdBAqPuKeTPTjzJskJ6t9opLUxf3WHdGBRsp,false
830,e6-lifecycle-20260706T042251.490920785Z-c4-real-task-0091,signed_posttask,true,2,1783311773715,0,QmYv9mxEgFLjPUKuWCa4UJ2mudHV34x9WAJXvNME9guXYs,false
831,e6-lifecycle-20260706T042251.490920785Z-c4-real-task-0091,signed_postallocation,true,2,1783311773717,0,QmYv9mxEgFLjPUKuWCa4UJ2mudHV34x9WAJXvNME9guXYs,false
832,e6-lifecycle-20260706T042251.490920785Z-c4-real-task-0091,signed_post_evalsnapshot,true,2,1783311773719,0,QmYv9mxEgFLjPUKuWCa4UJ2mudHV34x9WAJXvNME9guXYs,false
833,e6-lifecycle-20260706T042251.490920785Z-c4-real-task-0091,signed_vote1,true,2,1783311773721,0,QmYv9mxEgFLjPUKuWCa4UJ2mudHV34x9WAJXvNME9guXYs,false
834,e6-lifecycle-20260706T042251.490920785Z-c4-real-task-0091,signed_vote2,true,2,1783311773723,0,QmYv9mxEgFLjPUKuWCa4UJ2mudHV34x9WAJXvNME9guXYs,false
835,e6-lifecycle-20260706T042251.490920785Z-c4-real-task-0091,signed_settlement,true,2,1783311773725,0,QmYv9mxEgFLjPUKuWCa4UJ2mudHV34x9WAJXvNME9guXYs,false
836,e6-lifecycle-20260706T042251.490920785Z-c4-real-task-0091,signed_query_latest,true,0,1783311773727,0,QmYv9mxEgFLjPUKuWCa4UJ2mudHV34x9WAJXvNME9guXYs,false
837,e6-lifecycle-20260706T042251.490920785Z-c4-real-task-0091,ipfs_verify,true,15,1783311773727,0,QmYv9mxEgFLjPUKuWCa4UJ2mudHV34x9WAJXvNME9guXYs,false
838,e6-lifecycle-20260706T042251.490920785Z-c4-real-task-0092,ipfs_add,true,79,1783311773665,1493,,false
839,e6-lifecycle-20260706T042251.490920785Z-c4-real-task-0092,signed_posttask,true,2,1783311773744,0,QmXnhuyu5tzEEDxeWhdNGMapRsWVTkNn4G5PkDzHAKVv9Y,false
840,e6-lifecycle-20260706T042251.490920785Z-c4-real-task-0092,signed_postallocation,true,2,1783311773746,0,QmXnhuyu5tzEEDxeWhdNGMapRsWVTkNn4G5PkDzHAKVv9Y,false
841,e6-lifecycle-20260706T042251.490920785Z-c4-real-task-0092,signed_post_evalsnapshot,true,2,1783311773748,0,QmXnhuyu5tzEEDxeWhdNGMapRsWVTkNn4G5PkDzHAKVv9Y,false
842,e6-lifecycle-20260706T042251.490920785Z-c4-real-task-0092,signed_vote1,true,2,1783311773750,0,QmXnhuyu5tzEEDxeWhdNGMapRsWVTkNn4G5PkDzHAKVv9Y,false
843,e6-lifecycle-20260706T042251.490920785Z-c4-real-task-0092,signed_vote2,true,2,1783311773752,0,QmXnhuyu5tzEEDxeWhdNGMapRsWVTkNn4G5PkDzHAKVv9Y,false
844,e6-lifecycle-20260706T042251.490920785Z-c4-real-task-0092,signed_settlement,true,2,1783311773754,0,QmXnhuyu5tzEEDxeWhdNGMapRsWVTkNn4G5PkDzHAKVv9Y,false
845,e6-lifecycle-20260706T042251.490920785Z-c4-real-task-0092,signed_query_latest,true,0,1783311773756,0,QmXnhuyu5tzEEDxeWhdNGMapRsWVTkNn4G5PkDzHAKVv9Y,false
846,e6-lifecycle-20260706T042251.490920785Z-c4-real-task-0092,ipfs_verify,true,9,1783311773756,0,QmXnhuyu5tzEEDxeWhdNGMapRsWVTkNn4G5PkDzHAKVv9Y,false
847,e6-lifecycle-20260706T042251.490920785Z-c4-real-task-0093,ipfs_add,true,80,1783311773688,2270,,false
848,e6-lifecycle-20260706T042251.490920785Z-c4-real-task-0093,signed_posttask,true,2,1783311773768,0,QmPvFCcsxh1cDhtjZSsbtn5uF81JA3vawovaWSBsW1MLDC,false
849,e6-lifecycle-20260706T042251.490920785Z-c4-real-task-0093,signed_postallocation,true,2,1783311773770,0,QmPvFCcsxh1cDhtjZSsbtn5uF81JA3vawovaWSBsW1MLDC,false
850,e6-lifecycle-20260706T042251.490920785Z-c4-real-task-0093,signed_post_evalsnapshot,true,2,1783311773772,0,QmPvFCcsxh1cDhtjZSsbtn5uF81JA3vawovaWSBsW1MLDC,false
851,e6-lifecycle-20260706T042251.490920785Z-c4-real-task-0093,signed_vote1,true,2,1783311773774,0,QmPvFCcsxh1cDhtjZSsbtn5uF81JA3vawovaWSBsW1MLDC,false
852,e6-lifecycle-20260706T042251.490920785Z-c4-real-task-0093,signed_vote2,true,3,1783311773776,0,QmPvFCcsxh1cDhtjZSsbtn5uF81JA3vawovaWSBsW1MLDC,false
853,e6-lifecycle-20260706T042251.490920785Z-c4-real-task-0093,signed_settlement,true,3,1783311773779,0,QmPvFCcsxh1cDhtjZSsbtn5uF81JA3vawovaWSBsW1MLDC,false
854,e6-lifecycle-20260706T042251.490920785Z-c4-real-task-0093,signed_query_latest,true,0,1783311773782,0,QmPvFCcsxh1cDhtjZSsbtn5uF81JA3vawovaWSBsW1MLDC,false
855,e6-lifecycle-20260706T042251.490920785Z-c4-real-task-0093,ipfs_verify,true,8,1783311773782,0,QmPvFCcsxh1cDhtjZSsbtn5uF81JA3vawovaWSBsW1MLDC,false
856,e6-lifecycle-20260706T042251.490920785Z-c4-real-task-0094,ipfs_add,true,77,1783311773715,1639,,false
857,e6-lifecycle-20260706T042251.490920785Z-c4-real-task-0094,signed_posttask,true,2,1783311773792,0,Qmcoy7jVpQZts4qfhnY3Dq68TwHxh42aM1HD89yiYyLqXr,false
858,e6-lifecycle-20260706T042251.490920785Z-c4-real-task-0094,signed_postallocation,true,2,1783311773794,0,Qmcoy7jVpQZts4qfhnY3Dq68TwHxh42aM1HD89yiYyLqXr,false
859,e6-lifecycle-20260706T042251.490920785Z-c4-real-task-0094,signed_post_evalsnapshot,true,2,1783311773796,0,Qmcoy7jVpQZts4qfhnY3Dq68TwHxh42aM1HD89yiYyLqXr,false
860,e6-lifecycle-20260706T042251.490920785Z-c4-real-task-0094,signed_vote1,true,2,1783311773798,0,Qmcoy7jVpQZts4qfhnY3Dq68TwHxh42aM1HD89yiYyLqXr,false
861,e6-lifecycle-20260706T042251.490920785Z-c4-real-task-0094,signed_vote2,true,2,1783311773800,0,Qmcoy7jVpQZts4qfhnY3Dq68TwHxh42aM1HD89yiYyLqXr,false
862,e6-lifecycle-20260706T042251.490920785Z-c4-real-task-0094,signed_settlement,true,2,1783311773802,0,Qmcoy7jVpQZts4qfhnY3Dq68TwHxh42aM1HD89yiYyLqXr,false
863,e6-lifecycle-20260706T042251.490920785Z-c4-real-task-0094,signed_query_latest,true,0,1783311773804,0,Qmcoy7jVpQZts4qfhnY3Dq68TwHxh42aM1HD89yiYyLqXr,false
864,e6-lifecycle-20260706T042251.490920785Z-c4-real-task-0094,ipfs_verify,true,9,1783311773804,0,Qmcoy7jVpQZts4qfhnY3Dq68TwHxh42aM1HD89yiYyLqXr,false
865,e6-lifecycle-20260706T042251.490920785Z-c4-real-task-0095,ipfs_add,true,74,1783311773742,1666,,false
866,e6-lifecycle-20260706T042251.490920785Z-c4-real-task-0095,signed_posttask,true,3,1783311773816,0,QmdSd9pjj1twsznRx6uZJeXFdtGiEY3Nn6QmQrPgRMBbaZ,false
867,e6-lifecycle-20260706T042251.490920785Z-c4-real-task-0095,signed_postallocation,true,2,1783311773819,0,QmdSd9pjj1twsznRx6uZJeXFdtGiEY3Nn6QmQrPgRMBbaZ,false
868,e6-lifecycle-20260706T042251.490920785Z-c4-real-task-0095,signed_post_evalsnapshot,true,1,1783311773821,0,QmdSd9pjj1twsznRx6uZJeXFdtGiEY3Nn6QmQrPgRMBbaZ,false
869,e6-lifecycle-20260706T042251.490920785Z-c4-real-task-0095,signed_vote1,true,2,1783311773822,0,QmdSd9pjj1twsznRx6uZJeXFdtGiEY3Nn6QmQrPgRMBbaZ,false
870,e6-lifecycle-20260706T042251.490920785Z-c4-real-task-0095,signed_vote2,true,3,1783311773824,0,QmdSd9pjj1twsznRx6uZJeXFdtGiEY3Nn6QmQrPgRMBbaZ,false
871,e6-lifecycle-20260706T042251.490920785Z-c4-real-task-0095,signed_settlement,true,1,1783311773827,0,QmdSd9pjj1twsznRx6uZJeXFdtGiEY3Nn6QmQrPgRMBbaZ,false
872,e6-lifecycle-20260706T042251.490920785Z-c4-real-task-0095,signed_query_latest,true,0,1783311773828,0,QmdSd9pjj1twsznRx6uZJeXFdtGiEY3Nn6QmQrPgRMBbaZ,false
873,e6-lifecycle-20260706T042251.490920785Z-c4-real-task-0095,ipfs_verify,true,14,1783311773828,0,QmdSd9pjj1twsznRx6uZJeXFdtGiEY3Nn6QmQrPgRMBbaZ,false
874,e6-lifecycle-20260706T042251.490920785Z-c4-real-task-0096,ipfs_add,true,79,1783311773765,2843,,false
875,e6-lifecycle-20260706T042251.490920785Z-c4-real-task-0096,signed_posttask,true,3,1783311773844,0,QmXpJ5kFWD2okXAFe7urToABtqXCCNvN8itRWAGfao9xTz,false
876,e6-lifecycle-20260706T042251.490920785Z-c4-real-task-0096,signed_postallocation,true,1,1783311773847,0,QmXpJ5kFWD2okXAFe7urToABtqXCCNvN8itRWAGfao9xTz,false
877,e6-lifecycle-20260706T042251.490920785Z-c4-real-task-0096,signed_post_evalsnapshot,true,4,1783311773848,0,QmXpJ5kFWD2okXAFe7urToABtqXCCNvN8itRWAGfao9xTz,false
878,e6-lifecycle-20260706T042251.490920785Z-c4-real-task-0096,signed_vote1,true,1,1783311773852,0,QmXpJ5kFWD2okXAFe7urToABtqXCCNvN8itRWAGfao9xTz,false
879,e6-lifecycle-20260706T042251.490920785Z-c4-real-task-0096,signed_vote2,true,2,1783311773853,0,QmXpJ5kFWD2okXAFe7urToABtqXCCNvN8itRWAGfao9xTz,false
880,e6-lifecycle-20260706T042251.490920785Z-c4-real-task-0096,signed_settlement,true,2,1783311773855,0,QmXpJ5kFWD2okXAFe7urToABtqXCCNvN8itRWAGfao9xTz,false
881,e6-lifecycle-20260706T042251.490920785Z-c4-real-task-0096,signed_query_latest,true,0,1783311773857,0,QmXpJ5kFWD2okXAFe7urToABtqXCCNvN8itRWAGfao9xTz,false
882,e6-lifecycle-20260706T042251.490920785Z-c4-real-task-0096,ipfs_verify,true,8,1783311773857,0,QmXpJ5kFWD2okXAFe7urToABtqXCCNvN8itRWAGfao9xTz,false
883,e6-lifecycle-20260706T042251.490920785Z-c4-real-task-0097,ipfs_add,true,80,1783311773790,1649,,false
884,e6-lifecycle-20260706T042251.490920785Z-c4-real-task-0097,signed_posttask,true,2,1783311773870,0,QmNX4bEbwRABibt5cFrusp6rKpTF22Q825H2qa5P9Az1hz,false
885,e6-lifecycle-20260706T042251.490920785Z-c4-real-task-0097,signed_postallocation,true,3,1783311773872,0,QmNX4bEbwRABibt5cFrusp6rKpTF22Q825H2qa5P9Az1hz,false
886,e6-lifecycle-20260706T042251.490920785Z-c4-real-task-0097,signed_post_evalsnapshot,true,2,1783311773875,0,QmNX4bEbwRABibt5cFrusp6rKpTF22Q825H2qa5P9Az1hz,false
887,e6-lifecycle-20260706T042251.490920785Z-c4-real-task-0097,signed_vote1,true,2,1783311773877,0,QmNX4bEbwRABibt5cFrusp6rKpTF22Q825H2qa5P9Az1hz,false
888,e6-lifecycle-20260706T042251.490920785Z-c4-real-task-0097,signed_vote2,true,2,1783311773879,0,QmNX4bEbwRABibt5cFrusp6rKpTF22Q825H2qa5P9Az1hz,false
889,e6-lifecycle-20260706T042251.490920785Z-c4-real-task-0097,signed_settlement,true,2,1783311773881,0,QmNX4bEbwRABibt5cFrusp6rKpTF22Q825H2qa5P9Az1hz,false
890,e6-lifecycle-20260706T042251.490920785Z-c4-real-task-0097,signed_query_latest,true,0,1783311773883,0,QmNX4bEbwRABibt5cFrusp6rKpTF22Q825H2qa5P9Az1hz,false
891,e6-lifecycle-20260706T042251.490920785Z-c4-real-task-0098,ipfs_add,true,78,1783311773813,3590,,false
892,e6-lifecycle-20260706T042251.490920785Z-c4-real-task-0097,ipfs_verify,true,9,1783311773883,0,QmNX4bEbwRABibt5cFrusp6rKpTF22Q825H2qa5P9Az1hz,false
893,e6-lifecycle-20260706T042251.490920785Z-c4-real-task-0098,signed_posttask,true,2,1783311773891,0,QmZoaRAf2gEWbEjnaUCHcSduuDsYzeHrLqzszhQ2ULKfVV,false
894,e6-lifecycle-20260706T042251.490920785Z-c4-real-task-0098,signed_postallocation,true,2,1783311773893,0,QmZoaRAf2gEWbEjnaUCHcSduuDsYzeHrLqzszhQ2ULKfVV,false
895,e6-lifecycle-20260706T042251.490920785Z-c4-real-task-0098,signed_post_evalsnapshot,true,1,1783311773895,0,QmZoaRAf2gEWbEjnaUCHcSduuDsYzeHrLqzszhQ2ULKfVV,false
896,e6-lifecycle-20260706T042251.490920785Z-c4-real-task-0098,signed_vote1,true,2,1783311773896,0,QmZoaRAf2gEWbEjnaUCHcSduuDsYzeHrLqzszhQ2ULKfVV,false
897,e6-lifecycle-20260706T042251.490920785Z-c4-real-task-0098,signed_vote2,true,2,1783311773898,0,QmZoaRAf2gEWbEjnaUCHcSduuDsYzeHrLqzszhQ2ULKfVV,false
898,e6-lifecycle-20260706T042251.490920785Z-c4-real-task-0098,signed_settlement,true,1,1783311773900,0,QmZoaRAf2gEWbEjnaUCHcSduuDsYzeHrLqzszhQ2ULKfVV,false
899,e6-lifecycle-20260706T042251.490920785Z-c4-real-task-0098,signed_query_latest,true,0,1783311773901,0,QmZoaRAf2gEWbEjnaUCHcSduuDsYzeHrLqzszhQ2ULKfVV,false
900,e6-lifecycle-20260706T042251.490920785Z-c4-real-task-0098,ipfs_verify,true,10,1783311773901,0,QmZoaRAf2gEWbEjnaUCHcSduuDsYzeHrLqzszhQ2ULKfVV,false
901,e6-lifecycle-20260706T042251.490920785Z-c4-real-task-0100,ipfs_add,true,67,1783311773865,2945,,false
902,e6-lifecycle-20260706T042251.490920785Z-c4-real-task-0100,signed_posttask,true,3,1783311773932,0,QmYqpkcYraZDtetSGERMQ5ScFL6z1t9K48g7RtKw5Tvbyw,false
903,e6-lifecycle-20260706T042251.490920785Z-c4-real-task-0100,signed_postallocation,true,2,1783311773935,0,QmYqpkcYraZDtetSGERMQ5ScFL6z1t9K48g7RtKw5Tvbyw,false
904,e6-lifecycle-20260706T042251.490920785Z-c4-real-task-0100,signed_post_evalsnapshot,true,1,1783311773937,0,QmYqpkcYraZDtetSGERMQ5ScFL6z1t9K48g7RtKw5Tvbyw,false
905,e6-lifecycle-20260706T042251.490920785Z-c4-real-task-0100,signed_vote1,true,2,1783311773938,0,QmYqpkcYraZDtetSGERMQ5ScFL6z1t9K48g7RtKw5Tvbyw,false
906,e6-lifecycle-20260706T042251.490920785Z-c4-real-task-0100,signed_vote2,true,2,1783311773940,0,QmYqpkcYraZDtetSGERMQ5ScFL6z1t9K48g7RtKw5Tvbyw,false
907,e6-lifecycle-20260706T042251.490920785Z-c4-real-task-0100,signed_settlement,true,2,1783311773942,0,QmYqpkcYraZDtetSGERMQ5ScFL6z1t9K48g7RtKw5Tvbyw,false
908,e6-lifecycle-20260706T042251.490920785Z-c4-real-task-0100,signed_query_latest,true,0,1783311773944,0,QmYqpkcYraZDtetSGERMQ5ScFL6z1t9K48g7RtKw5Tvbyw,false
909,e6-lifecycle-20260706T042251.490920785Z-c4-real-task-0100,ipfs_verify,true,8,1783311773944,0,QmYqpkcYraZDtetSGERMQ5ScFL6z1t9K48g7RtKw5Tvbyw,false
910,e6-lifecycle-20260706T042251.490920785Z-c4-real-task-0099,ipfs_add,true,111,1783311773842,3207,,false
911,e6-lifecycle-20260706T042251.490920785Z-c4-real-task-0101,ipfs_add,true,61,1783311773892,1874,,false
912,e6-lifecycle-20260706T042251.490920785Z-c4-real-task-0099,signed_posttask,true,2,1783311773953,0,QmUeEY5ZMsLVq5hCKHXEbov76UeSbY3avaFYh4SXuXhhrw,false
913,e6-lifecycle-20260706T042251.490920785Z-c4-real-task-0099,signed_postallocation,true,2,1783311773955,0,QmUeEY5ZMsLVq5hCKHXEbov76UeSbY3avaFYh4SXuXhhrw,false
914,e6-lifecycle-20260706T042251.490920785Z-c4-real-task-0101,signed_posttask,true,5,1783311773953,0,QmcEMDBTMAr7MFk4NRejhz1qsW7piumtRhyZgqaAVxpA1P,false
915,e6-lifecycle-20260706T042251.490920785Z-c4-real-task-0101,signed_postallocation,true,2,1783311773958,0,QmcEMDBTMAr7MFk4NRejhz1qsW7piumtRhyZgqaAVxpA1P,false
916,e6-lifecycle-20260706T042251.490920785Z-c4-real-task-0099,signed_post_evalsnapshot,true,5,1783311773957,0,QmUeEY5ZMsLVq5hCKHXEbov76UeSbY3avaFYh4SXuXhhrw,false
917,e6-lifecycle-20260706T042251.490920785Z-c4-real-task-0099,signed_vote1,true,2,1783311773962,0,QmUeEY5ZMsLVq5hCKHXEbov76UeSbY3avaFYh4SXuXhhrw,false
918,e6-lifecycle-20260706T042251.490920785Z-c4-real-task-0101,signed_post_evalsnapshot,true,6,1783311773960,0,QmcEMDBTMAr7MFk4NRejhz1qsW7piumtRhyZgqaAVxpA1P,false
919,e6-lifecycle-20260706T042251.490920785Z-c4-real-task-0101,signed_vote1,true,2,1783311773966,0,QmcEMDBTMAr7MFk4NRejhz1qsW7piumtRhyZgqaAVxpA1P,false
920,e6-lifecycle-20260706T042251.490920785Z-c4-real-task-0099,signed_vote2,true,6,1783311773964,0,QmUeEY5ZMsLVq5hCKHXEbov76UeSbY3avaFYh4SXuXhhrw,false
921,e6-lifecycle-20260706T042251.490920785Z-c4-real-task-0099,signed_settlement,true,2,1783311773970,0,QmUeEY5ZMsLVq5hCKHXEbov76UeSbY3avaFYh4SXuXhhrw,false
922,e6-lifecycle-20260706T042251.490920785Z-c4-real-task-0101,signed_vote2,true,6,1783311773968,0,QmcEMDBTMAr7MFk4NRejhz1qsW7piumtRhyZgqaAVxpA1P,false
923,e6-lifecycle-20260706T042251.490920785Z-c4-real-task-0099,signed_query_latest,true,3,1783311773972,0,QmUeEY5ZMsLVq5hCKHXEbov76UeSbY3avaFYh4SXuXhhrw,false
924,e6-lifecycle-20260706T042251.490920785Z-c4-real-task-0101,signed_settlement,true,1,1783311773974,0,QmcEMDBTMAr7MFk4NRejhz1qsW7piumtRhyZgqaAVxpA1P,false
925,e6-lifecycle-20260706T042251.490920785Z-c4-real-task-0101,signed_query_latest,true,0,1783311773975,0,QmcEMDBTMAr7MFk4NRejhz1qsW7piumtRhyZgqaAVxpA1P,false
926,e6-lifecycle-20260706T042251.490920785Z-c4-real-task-0102,ipfs_add,true,67,1783311773911,4429,,false
927,e6-lifecycle-20260706T042251.490920785Z-c4-real-task-0102,signed_posttask,true,2,1783311773978,0,QmNZpWPb8zZGufRx9cTAqzT38jqs3J5Nju6aTffMo2mWMM,false
928,e6-lifecycle-20260706T042251.490920785Z-c4-real-task-0102,signed_postallocation,true,2,1783311773980,0,QmNZpWPb8zZGufRx9cTAqzT38jqs3J5Nju6aTffMo2mWMM,false
929,e6-lifecycle-20260706T042251.490920785Z-c4-real-task-0102,signed_post_evalsnapshot,true,1,1783311773982,0,QmNZpWPb8zZGufRx9cTAqzT38jqs3J5Nju6aTffMo2mWMM,false
930,e6-lifecycle-20260706T042251.490920785Z-c4-real-task-0099,ipfs_verify,true,10,1783311773975,0,QmUeEY5ZMsLVq5hCKHXEbov76UeSbY3avaFYh4SXuXhhrw,false
931,e6-lifecycle-20260706T042251.490920785Z-c4-real-task-0102,signed_vote1,true,2,1783311773983,0,QmNZpWPb8zZGufRx9cTAqzT38jqs3J5Nju6aTffMo2mWMM,false
932,e6-lifecycle-20260706T042251.490920785Z-c4-real-task-0101,ipfs_verify,true,11,1783311773975,0,QmcEMDBTMAr7MFk4NRejhz1qsW7piumtRhyZgqaAVxpA1P,false
933,e6-lifecycle-20260706T042251.490920785Z-c4-real-task-0102,signed_vote2,true,2,1783311773985,0,QmNZpWPb8zZGufRx9cTAqzT38jqs3J5Nju6aTffMo2mWMM,false
934,e6-lifecycle-20260706T042251.490920785Z-c4-real-task-0102,signed_settlement,true,2,1783311773987,0,QmNZpWPb8zZGufRx9cTAqzT38jqs3J5Nju6aTffMo2mWMM,false
935,e6-lifecycle-20260706T042251.490920785Z-c4-real-task-0102,signed_query_latest,true,0,1783311773989,0,QmNZpWPb8zZGufRx9cTAqzT38jqs3J5Nju6aTffMo2mWMM,false
936,e6-lifecycle-20260706T042251.490920785Z-c4-real-task-0102,ipfs_verify,true,12,1783311773989,0,QmNZpWPb8zZGufRx9cTAqzT38jqs3J5Nju6aTffMo2mWMM,false
937,e6-lifecycle-20260706T042251.490920785Z-c4-real-task-0103,ipfs_add,true,55,1783311773952,3139,,false
938,e6-lifecycle-20260706T042251.490920785Z-c4-real-task-0103,signed_posttask,true,2,1783311774007,0,Qmc4xnckxk7qCTpwS2dEmtXtCM97x5nt65Euz3m5frq31g,false
939,e6-lifecycle-20260706T042251.490920785Z-c4-real-task-0103,signed_postallocation,true,2,1783311774009,0,Qmc4xnckxk7qCTpwS2dEmtXtCM97x5nt65Euz3m5frq31g,false
940,e6-lifecycle-20260706T042251.490920785Z-c4-real-task-0103,signed_post_evalsnapshot,true,2,1783311774011,0,Qmc4xnckxk7qCTpwS2dEmtXtCM97x5nt65Euz3m5frq31g,false
941,e6-lifecycle-20260706T042251.490920785Z-c4-real-task-0103,signed_vote1,true,2,1783311774013,0,Qmc4xnckxk7qCTpwS2dEmtXtCM97x5nt65Euz3m5frq31g,false
942,e6-lifecycle-20260706T042251.490920785Z-c4-real-task-0103,signed_vote2,true,1,1783311774015,0,Qmc4xnckxk7qCTpwS2dEmtXtCM97x5nt65Euz3m5frq31g,false
943,e6-lifecycle-20260706T042251.490920785Z-c4-real-task-0103,signed_settlement,true,2,1783311774016,0,Qmc4xnckxk7qCTpwS2dEmtXtCM97x5nt65Euz3m5frq31g,false
944,e6-lifecycle-20260706T042251.490920785Z-c4-real-task-0103,signed_query_latest,true,0,1783311774018,0,Qmc4xnckxk7qCTpwS2dEmtXtCM97x5nt65Euz3m5frq31g,false
945,e6-lifecycle-20260706T042251.490920785Z-c4-real-task-0103,ipfs_verify,true,7,1783311774018,0,Qmc4xnckxk7qCTpwS2dEmtXtCM97x5nt65Euz3m5frq31g,false
946,e6-lifecycle-20260706T042251.490920785Z-c4-real-task-0105,ipfs_add,true,39,1783311773986,1811,,false
947,e6-lifecycle-20260706T042251.490920785Z-c4-real-task-0105,signed_posttask,true,3,1783311774025,0,QmeCN824YLFxhs6KPZdvcJ1YLRBL2KDGosFsYoMEvLrqvu,false
948,e6-lifecycle-20260706T042251.490920785Z-c4-real-task-0105,signed_postallocation,true,1,1783311774028,0,QmeCN824YLFxhs6KPZdvcJ1YLRBL2KDGosFsYoMEvLrqvu,false
949,e6-lifecycle-20260706T042251.490920785Z-c4-real-task-0105,signed_post_evalsnapshot,true,2,1783311774029,0,QmeCN824YLFxhs6KPZdvcJ1YLRBL2KDGosFsYoMEvLrqvu,false
950,e6-lifecycle-20260706T042251.490920785Z-c4-real-task-0105,signed_vote1,true,1,1783311774031,0,QmeCN824YLFxhs6KPZdvcJ1YLRBL2KDGosFsYoMEvLrqvu,false
951,e6-lifecycle-20260706T042251.490920785Z-c4-real-task-0105,signed_vote2,true,2,1783311774032,0,QmeCN824YLFxhs6KPZdvcJ1YLRBL2KDGosFsYoMEvLrqvu,false
952,e6-lifecycle-20260706T042251.490920785Z-c4-real-task-0105,signed_settlement,true,2,1783311774034,0,QmeCN824YLFxhs6KPZdvcJ1YLRBL2KDGosFsYoMEvLrqvu,false
953,e6-lifecycle-20260706T042251.490920785Z-c4-real-task-0105,signed_query_latest,true,0,1783311774036,0,QmeCN824YLFxhs6KPZdvcJ1YLRBL2KDGosFsYoMEvLrqvu,false
954,e6-lifecycle-20260706T042251.490920785Z-c4-real-task-0105,ipfs_verify,true,8,1783311774036,0,QmeCN824YLFxhs6KPZdvcJ1YLRBL2KDGosFsYoMEvLrqvu,false
955,e6-lifecycle-20260706T042251.490920785Z-c4-real-task-0106,ipfs_add,true,66,1783311774001,2561,,false
956,e6-lifecycle-20260706T042251.490920785Z-c4-real-task-0106,signed_posttask,true,2,1783311774067,0,QmQpT2pSYN1xnsKEAYYzR7wpihutiAWCLX46Wag6nTE83B,false
957,e6-lifecycle-20260706T042251.490920785Z-c4-real-task-0106,signed_postallocation,true,2,1783311774069,0,QmQpT2pSYN1xnsKEAYYzR7wpihutiAWCLX46Wag6nTE83B,false
958,e6-lifecycle-20260706T042251.490920785Z-c4-real-task-0106,signed_post_evalsnapshot,true,2,1783311774071,0,QmQpT2pSYN1xnsKEAYYzR7wpihutiAWCLX46Wag6nTE83B,false
959,e6-lifecycle-20260706T042251.490920785Z-c4-real-task-0106,signed_vote1,true,1,1783311774073,0,QmQpT2pSYN1xnsKEAYYzR7wpihutiAWCLX46Wag6nTE83B,false
960,e6-lifecycle-20260706T042251.490920785Z-c4-real-task-0106,signed_vote2,true,2,1783311774074,0,QmQpT2pSYN1xnsKEAYYzR7wpihutiAWCLX46Wag6nTE83B,false
961,e6-lifecycle-20260706T042251.490920785Z-c4-real-task-0106,signed_settlement,true,2,1783311774076,0,QmQpT2pSYN1xnsKEAYYzR7wpihutiAWCLX46Wag6nTE83B,false
962,e6-lifecycle-20260706T042251.490920785Z-c4-real-task-0106,signed_query_latest,true,0,1783311774078,0,QmQpT2pSYN1xnsKEAYYzR7wpihutiAWCLX46Wag6nTE83B,false
963,e6-lifecycle-20260706T042251.490920785Z-c4-real-task-0106,ipfs_verify,true,7,1783311774078,0,QmQpT2pSYN1xnsKEAYYzR7wpihutiAWCLX46Wag6nTE83B,false
964,e6-lifecycle-20260706T042251.490920785Z-c4-real-task-0107,ipfs_add,true,62,1783311774025,1574,,false
965,e6-lifecycle-20260706T042251.490920785Z-c4-real-task-0104,ipfs_add,true,103,1783311773985,2386,,false
966,e6-lifecycle-20260706T042251.490920785Z-c4-real-task-0107,signed_posttask,true,2,1783311774087,0,QmRupjhdCiNmsSv9JCRZ7Adv2HjXu13WhkMdY6ZAUYj3p5,false
967,e6-lifecycle-20260706T042251.490920785Z-c4-real-task-0107,signed_postallocation,true,2,1783311774089,0,QmRupjhdCiNmsSv9JCRZ7Adv2HjXu13WhkMdY6ZAUYj3p5,false
968,e6-lifecycle-20260706T042251.490920785Z-c4-real-task-0104,signed_posttask,true,5,1783311774088,0,Qme3dLUfvZ5b63FixxsTuqwxwjVCFs2b8ADm8Kvk2U2qwP,false
969,e6-lifecycle-20260706T042251.490920785Z-c4-real-task-0104,signed_postallocation,true,2,1783311774093,0,Qme3dLUfvZ5b63FixxsTuqwxwjVCFs2b8ADm8Kvk2U2qwP,false
970,e6-lifecycle-20260706T042251.490920785Z-c4-real-task-0107,signed_post_evalsnapshot,true,5,1783311774091,0,QmRupjhdCiNmsSv9JCRZ7Adv2HjXu13WhkMdY6ZAUYj3p5,false
971,e6-lifecycle-20260706T042251.490920785Z-c4-real-task-0107,signed_vote1,true,2,1783311774096,0,QmRupjhdCiNmsSv9JCRZ7Adv2HjXu13WhkMdY6ZAUYj3p5,false
972,e6-lifecycle-20260706T042251.490920785Z-c4-real-task-0104,signed_post_evalsnapshot,true,5,1783311774095,0,Qme3dLUfvZ5b63FixxsTuqwxwjVCFs2b8ADm8Kvk2U2qwP,false
973,e6-lifecycle-20260706T042251.490920785Z-c4-real-task-0104,signed_vote1,true,1,1783311774100,0,Qme3dLUfvZ5b63FixxsTuqwxwjVCFs2b8ADm8Kvk2U2qwP,false
974,e6-lifecycle-20260706T042251.490920785Z-c4-real-task-0107,signed_vote2,true,5,1783311774098,0,QmRupjhdCiNmsSv9JCRZ7Adv2HjXu13WhkMdY6ZAUYj3p5,false
975,e6-lifecycle-20260706T042251.490920785Z-c4-real-task-0107,signed_settlement,true,2,1783311774103,0,QmRupjhdCiNmsSv9JCRZ7Adv2HjXu13WhkMdY6ZAUYj3p5,false
976,e6-lifecycle-20260706T042251.490920785Z-c4-real-task-0104,signed_vote2,true,5,1783311774101,0,Qme3dLUfvZ5b63FixxsTuqwxwjVCFs2b8ADm8Kvk2U2qwP,false
977,e6-lifecycle-20260706T042251.490920785Z-c4-real-task-0108,ipfs_add,true,63,1783311774044,1359,,false
978,e6-lifecycle-20260706T042251.490920785Z-c4-real-task-0104,signed_settlement,true,3,1783311774106,0,Qme3dLUfvZ5b63FixxsTuqwxwjVCFs2b8ADm8Kvk2U2qwP,false
979,e6-lifecycle-20260706T042251.490920785Z-c4-real-task-0107,signed_query_latest,true,4,1783311774105,0,QmRupjhdCiNmsSv9JCRZ7Adv2HjXu13WhkMdY6ZAUYj3p5,false
980,e6-lifecycle-20260706T042251.490920785Z-c4-real-task-0108,signed_posttask,true,3,1783311774107,0,QmZZqy6hSeEaVGJcieqsrZVeztXme75mBRRsw2ZBiEVxze,false
981,e6-lifecycle-20260706T042251.490920785Z-c4-real-task-0104,signed_query_latest,true,3,1783311774109,0,Qme3dLUfvZ5b63FixxsTuqwxwjVCFs2b8ADm8Kvk2U2qwP,false
982,e6-lifecycle-20260706T042251.490920785Z-c4-real-task-0108,signed_postallocation,true,2,1783311774110,0,QmZZqy6hSeEaVGJcieqsrZVeztXme75mBRRsw2ZBiEVxze,false
983,e6-lifecycle-20260706T042251.490920785Z-c4-real-task-0108,signed_post_evalsnapshot,true,2,1783311774112,0,QmZZqy6hSeEaVGJcieqsrZVeztXme75mBRRsw2ZBiEVxze,false
984,e6-lifecycle-20260706T042251.490920785Z-c4-real-task-0107,ipfs_verify,true,6,1783311774109,0,QmRupjhdCiNmsSv9JCRZ7Adv2HjXu13WhkMdY6ZAUYj3p5,false
985,e6-lifecycle-20260706T042251.490920785Z-c4-real-task-0108,signed_vote1,true,1,1783311774114,0,QmZZqy6hSeEaVGJcieqsrZVeztXme75mBRRsw2ZBiEVxze,false
986,e6-lifecycle-20260706T042251.490920785Z-c4-real-task-0108,signed_vote2,true,2,1783311774115,0,QmZZqy6hSeEaVGJcieqsrZVeztXme75mBRRsw2ZBiEVxze,false
987,e6-lifecycle-20260706T042251.490920785Z-c4-real-task-0104,ipfs_verify,true,7,1783311774112,0,Qme3dLUfvZ5b63FixxsTuqwxwjVCFs2b8ADm8Kvk2U2qwP,false
988,e6-lifecycle-20260706T042251.490920785Z-c4-real-task-0108,signed_settlement,true,2,1783311774117,0,QmZZqy6hSeEaVGJcieqsrZVeztXme75mBRRsw2ZBiEVxze,false
989,e6-lifecycle-20260706T042251.490920785Z-c4-real-task-0108,signed_query_latest,true,0,1783311774119,0,QmZZqy6hSeEaVGJcieqsrZVeztXme75mBRRsw2ZBiEVxze,false
990,e6-lifecycle-20260706T042251.490920785Z-c4-real-task-0108,ipfs_verify,true,6,1783311774119,0,QmZZqy6hSeEaVGJcieqsrZVeztXme75mBRRsw2ZBiEVxze,false
991,e6-lifecycle-20260706T042251.490920785Z-c4-real-task-0109,ipfs_add,true,42,1783311774085,1914,,false
992,e6-lifecycle-20260706T042251.490920785Z-c4-real-task-0109,signed_posttask,true,2,1783311774127,0,QmPEDBMMbuCpx7HLnDJ23QuLxzYuyd7P4wwLKNZcfCQeou,false
993,e6-lifecycle-20260706T042251.490920785Z-c4-real-task-0109,signed_postallocation,true,2,1783311774129,0,QmPEDBMMbuCpx7HLnDJ23QuLxzYuyd7P4wwLKNZcfCQeou,false
994,e6-lifecycle-20260706T042251.490920785Z-c4-real-task-0109,signed_post_evalsnapshot,true,2,1783311774131,0,QmPEDBMMbuCpx7HLnDJ23QuLxzYuyd7P4wwLKNZcfCQeou,false
995,e6-lifecycle-20260706T042251.490920785Z-c4-real-task-0109,signed_vote1,true,1,1783311774133,0,QmPEDBMMbuCpx7HLnDJ23QuLxzYuyd7P4wwLKNZcfCQeou,false
996,e6-lifecycle-20260706T042251.490920785Z-c4-real-task-0109,signed_vote2,true,2,1783311774134,0,QmPEDBMMbuCpx7HLnDJ23QuLxzYuyd7P4wwLKNZcfCQeou,false
997,e6-lifecycle-20260706T042251.490920785Z-c4-real-task-0109,signed_settlement,true,2,1783311774136,0,QmPEDBMMbuCpx7HLnDJ23QuLxzYuyd7P4wwLKNZcfCQeou,false
998,e6-lifecycle-20260706T042251.490920785Z-c4-real-task-0109,signed_query_latest,true,0,1783311774138,0,QmPEDBMMbuCpx7HLnDJ23QuLxzYuyd7P4wwLKNZcfCQeou,false
999,e6-lifecycle-20260706T042251.490920785Z-c4-real-task-0109,ipfs_verify,true,6,1783311774138,0,QmPEDBMMbuCpx7HLnDJ23QuLxzYuyd7P4wwLKNZcfCQeou,false
1000,e6-lifecycle-20260706T042251.490920785Z-c4-real-task-0110,ipfs_add,true,32,1783311774115,1468,,false
1001,e6-lifecycle-20260706T042251.490920785Z-c4-real-task-0110,signed_posttask,true,2,1783311774147,0,QmYdNPvQFsdXFQa7hym9WZ3ACL8dS3nT2z6E7NU9T2QPtY,false
1002,e6-lifecycle-20260706T042251.490920785Z-c4-real-task-0110,signed_postallocation,true,2,1783311774149,0,QmYdNPvQFsdXFQa7hym9WZ3ACL8dS3nT2z6E7NU9T2QPtY,false
1003,e6-lifecycle-20260706T042251.490920785Z-c4-real-task-0110,signed_post_evalsnapshot,true,2,1783311774151,0,QmYdNPvQFsdXFQa7hym9WZ3ACL8dS3nT2z6E7NU9T2QPtY,false
1004,e6-lifecycle-20260706T042251.490920785Z-c4-real-task-0110,signed_vote1,true,1,1783311774153,0,QmYdNPvQFsdXFQa7hym9WZ3ACL8dS3nT2z6E7NU9T2QPtY,false
1005,e6-lifecycle-20260706T042251.490920785Z-c4-real-task-0110,signed_vote2,true,2,1783311774154,0,QmYdNPvQFsdXFQa7hym9WZ3ACL8dS3nT2z6E7NU9T2QPtY,false
1006,e6-lifecycle-20260706T042251.490920785Z-c4-real-task-0110,signed_settlement,true,1,1783311774156,0,QmYdNPvQFsdXFQa7hym9WZ3ACL8dS3nT2z6E7NU9T2QPtY,false
1007,e6-lifecycle-20260706T042251.490920785Z-c4-real-task-0110,signed_query_latest,true,0,1783311774157,0,QmYdNPvQFsdXFQa7hym9WZ3ACL8dS3nT2z6E7NU9T2QPtY,false
1008,e6-lifecycle-20260706T042251.490920785Z-c4-real-task-0110,ipfs_verify,true,7,1783311774157,0,QmYdNPvQFsdXFQa7hym9WZ3ACL8dS3nT2z6E7NU9T2QPtY,false
1009,e6-lifecycle-20260706T042251.490920785Z-c4-real-task-0111,ipfs_add,true,46,1783311774119,1486,,false
1010,e6-lifecycle-20260706T042251.490920785Z-c4-real-task-0111,signed_posttask,true,6,1783311774165,0,QmayJynjkMacRcqFDbnuYugxcbsQqHFTjbXCeD8Z8namKr,false
1011,e6-lifecycle-20260706T042251.490920785Z-c4-real-task-0111,signed_postallocation,true,2,1783311774171,0,QmayJynjkMacRcqFDbnuYugxcbsQqHFTjbXCeD8Z8namKr,false
1012,e6-lifecycle-20260706T042251.490920785Z-c4-real-task-0111,signed_post_evalsnapshot,true,1,1783311774173,0,QmayJynjkMacRcqFDbnuYugxcbsQqHFTjbXCeD8Z8namKr,false
1013,e6-lifecycle-20260706T042251.490920785Z-c4-real-task-0111,signed_vote1,true,2,1783311774174,0,QmayJynjkMacRcqFDbnuYugxcbsQqHFTjbXCeD8Z8namKr,false
1014,e6-lifecycle-20260706T042251.490920785Z-c4-real-task-0111,signed_vote2,true,1,1783311774176,0,QmayJynjkMacRcqFDbnuYugxcbsQqHFTjbXCeD8Z8namKr,false
1015,e6-lifecycle-20260706T042251.490920785Z-c4-real-task-0111,signed_settlement,true,2,1783311774177,0,QmayJynjkMacRcqFDbnuYugxcbsQqHFTjbXCeD8Z8namKr,false
1016,e6-lifecycle-20260706T042251.490920785Z-c4-real-task-0111,signed_query_latest,true,0,1783311774179,0,QmayJynjkMacRcqFDbnuYugxcbsQqHFTjbXCeD8Z8namKr,false
1017,e6-lifecycle-20260706T042251.490920785Z-c4-real-task-0112,ipfs_add,true,59,1783311774125,5135,,false
1018,e6-lifecycle-20260706T042251.490920785Z-c4-real-task-0111,ipfs_verify,true,6,1783311774179,0,QmayJynjkMacRcqFDbnuYugxcbsQqHFTjbXCeD8Z8namKr,false
1019,e6-lifecycle-20260706T042251.490920785Z-c4-real-task-0112,signed_posttask,true,2,1783311774184,0,QmZTL4eW5hkumUyYeoedLXa2XWBWSX7WLRmm3kBgrvtRta,false
1020,e6-lifecycle-20260706T042251.490920785Z-c4-real-task-0112,signed_postallocation,true,2,1783311774186,0,QmZTL4eW5hkumUyYeoedLXa2XWBWSX7WLRmm3kBgrvtRta,false
1021,e6-lifecycle-20260706T042251.490920785Z-c4-real-task-0112,signed_post_evalsnapshot,true,1,1783311774188,0,QmZTL4eW5hkumUyYeoedLXa2XWBWSX7WLRmm3kBgrvtRta,false
1022,e6-lifecycle-20260706T042251.490920785Z-c4-real-task-0112,signed_vote1,true,2,1783311774189,0,QmZTL4eW5hkumUyYeoedLXa2XWBWSX7WLRmm3kBgrvtRta,false
1023,e6-lifecycle-20260706T042251.490920785Z-c4-real-task-0112,signed_vote2,true,1,1783311774191,0,QmZTL4eW5hkumUyYeoedLXa2XWBWSX7WLRmm3kBgrvtRta,false
1024,e6-lifecycle-20260706T042251.490920785Z-c4-real-task-0112,signed_settlement,true,2,1783311774192,0,QmZTL4eW5hkumUyYeoedLXa2XWBWSX7WLRmm3kBgrvtRta,false
1025,e6-lifecycle-20260706T042251.490920785Z-c4-real-task-0112,signed_query_latest,true,0,1783311774194,0,QmZTL4eW5hkumUyYeoedLXa2XWBWSX7WLRmm3kBgrvtRta,false
1026,e6-lifecycle-20260706T042251.490920785Z-c4-real-task-0112,ipfs_verify,true,7,1783311774194,0,QmZTL4eW5hkumUyYeoedLXa2XWBWSX7WLRmm3kBgrvtRta,false
1027,e6-lifecycle-20260706T042251.490920785Z-c4-real-task-0113,ipfs_add,true,60,1783311774144,4766,,false
1028,e6-lifecycle-20260706T042251.490920785Z-c4-real-task-0113,signed_posttask,true,3,1783311774204,0,QmSnXYpjm45y1HovE7atHSayP63uxu2Taj3HG6S4aa6fLe,false
1029,e6-lifecycle-20260706T042251.490920785Z-c4-real-task-0113,signed_postallocation,true,2,1783311774207,0,QmSnXYpjm45y1HovE7atHSayP63uxu2Taj3HG6S4aa6fLe,false
1030,e6-lifecycle-20260706T042251.490920785Z-c4-real-task-0113,signed_post_evalsnapshot,true,1,1783311774209,0,QmSnXYpjm45y1HovE7atHSayP63uxu2Taj3HG6S4aa6fLe,false
1031,e6-lifecycle-20260706T042251.490920785Z-c4-real-task-0113,signed_vote1,true,2,1783311774210,0,QmSnXYpjm45y1HovE7atHSayP63uxu2Taj3HG6S4aa6fLe,false
1032,e6-lifecycle-20260706T042251.490920785Z-c4-real-task-0113,signed_vote2,true,1,1783311774212,0,QmSnXYpjm45y1HovE7atHSayP63uxu2Taj3HG6S4aa6fLe,false
1033,e6-lifecycle-20260706T042251.490920785Z-c4-real-task-0113,signed_settlement,true,2,1783311774213,0,QmSnXYpjm45y1HovE7atHSayP63uxu2Taj3HG6S4aa6fLe,false
1034,e6-lifecycle-20260706T042251.490920785Z-c4-real-task-0113,signed_query_latest,true,0,1783311774215,0,QmSnXYpjm45y1HovE7atHSayP63uxu2Taj3HG6S4aa6fLe,false
1035,e6-lifecycle-20260706T042251.490920785Z-c4-real-task-0113,ipfs_verify,true,8,1783311774215,0,QmSnXYpjm45y1HovE7atHSayP63uxu2Taj3HG6S4aa6fLe,false
1036,e6-lifecycle-20260706T042251.490920785Z-c4-real-task-0115,ipfs_add,true,55,1783311774185,2635,,false
1037,e6-lifecycle-20260706T042251.490920785Z-c4-real-task-0115,signed_posttask,true,2,1783311774240,0,Qma9XmC6B4RUGteeGsz2AKqR24nBDfvvDDZwxigq29cfeA,false
1038,e6-lifecycle-20260706T042251.490920785Z-c4-real-task-0115,signed_postallocation,true,1,1783311774242,0,Qma9XmC6B4RUGteeGsz2AKqR24nBDfvvDDZwxigq29cfeA,false
1039,e6-lifecycle-20260706T042251.490920785Z-c4-real-task-0115,signed_post_evalsnapshot,true,2,1783311774243,0,Qma9XmC6B4RUGteeGsz2AKqR24nBDfvvDDZwxigq29cfeA,false
1040,e6-lifecycle-20260706T042251.490920785Z-c4-real-task-0115,signed_vote1,true,2,1783311774245,0,Qma9XmC6B4RUGteeGsz2AKqR24nBDfvvDDZwxigq29cfeA,false
1041,e6-lifecycle-20260706T042251.490920785Z-c4-real-task-0115,signed_vote2,true,1,1783311774247,0,Qma9XmC6B4RUGteeGsz2AKqR24nBDfvvDDZwxigq29cfeA,false
1042,e6-lifecycle-20260706T042251.490920785Z-c4-real-task-0115,signed_settlement,true,2,1783311774248,0,Qma9XmC6B4RUGteeGsz2AKqR24nBDfvvDDZwxigq29cfeA,false
1043,e6-lifecycle-20260706T042251.490920785Z-c4-real-task-0115,signed_query_latest,true,0,1783311774250,0,Qma9XmC6B4RUGteeGsz2AKqR24nBDfvvDDZwxigq29cfeA,false
1044,e6-lifecycle-20260706T042251.490920785Z-c4-real-task-0115,ipfs_verify,true,7,1783311774250,0,Qma9XmC6B4RUGteeGsz2AKqR24nBDfvvDDZwxigq29cfeA,false
1045,e6-lifecycle-20260706T042251.490920785Z-c4-real-task-0114,ipfs_add,true,95,1783311774164,2458,,false
1046,e6-lifecycle-20260706T042251.490920785Z-c4-real-task-0116,ipfs_add,true,59,1783311774201,4456,,false
1047,e6-lifecycle-20260706T042251.490920785Z-c4-real-task-0114,signed_posttask,true,2,1783311774259,0,Qma7TSawbLY7JCkagGsqyq5TKbNQrHnAHkXGU7KmTPbqNN,false
1048,e6-lifecycle-20260706T042251.490920785Z-c4-real-task-0114,signed_postallocation,true,1,1783311774261,0,Qma7TSawbLY7JCkagGsqyq5TKbNQrHnAHkXGU7KmTPbqNN,false
1049,e6-lifecycle-20260706T042251.490920785Z-c4-real-task-0116,signed_posttask,true,4,1783311774260,0,QmcWhQm9LyFEHK6Y6cGHfAC2N6UZ5aeiyCpaBr9ty1evkK,false
1050,e6-lifecycle-20260706T042251.490920785Z-c4-real-task-0116,signed_postallocation,true,2,1783311774264,0,QmcWhQm9LyFEHK6Y6cGHfAC2N6UZ5aeiyCpaBr9ty1evkK,false
1051,e6-lifecycle-20260706T042251.490920785Z-c4-real-task-0114,signed_post_evalsnapshot,true,6,1783311774262,0,Qma7TSawbLY7JCkagGsqyq5TKbNQrHnAHkXGU7KmTPbqNN,false
1052,e6-lifecycle-20260706T042251.490920785Z-c4-real-task-0114,signed_vote1,true,2,1783311774268,0,Qma7TSawbLY7JCkagGsqyq5TKbNQrHnAHkXGU7KmTPbqNN,false
1053,e6-lifecycle-20260706T042251.490920785Z-c4-real-task-0116,signed_post_evalsnapshot,true,6,1783311774266,0,QmcWhQm9LyFEHK6Y6cGHfAC2N6UZ5aeiyCpaBr9ty1evkK,false
1054,e6-lifecycle-20260706T042251.490920785Z-c4-real-task-0116,signed_vote1,true,1,1783311774272,0,QmcWhQm9LyFEHK6Y6cGHfAC2N6UZ5aeiyCpaBr9ty1evkK,false
1055,e6-lifecycle-20260706T042251.490920785Z-c4-real-task-0114,signed_vote2,true,5,1783311774270,0,Qma7TSawbLY7JCkagGsqyq5TKbNQrHnAHkXGU7KmTPbqNN,false
1056,e6-lifecycle-20260706T042251.490920785Z-c4-real-task-0114,signed_settlement,true,1,1783311774275,0,Qma7TSawbLY7JCkagGsqyq5TKbNQrHnAHkXGU7KmTPbqNN,false
1057,e6-lifecycle-20260706T042251.490920785Z-c4-real-task-0116,signed_vote2,true,5,1783311774273,0,QmcWhQm9LyFEHK6Y6cGHfAC2N6UZ5aeiyCpaBr9ty1evkK,false
1058,e6-lifecycle-20260706T042251.490920785Z-c4-real-task-0117,ipfs_add,true,56,1783311774223,2547,,false
1059,e6-lifecycle-20260706T042251.490920785Z-c4-real-task-0116,signed_settlement,true,2,1783311774278,0,QmcWhQm9LyFEHK6Y6cGHfAC2N6UZ5aeiyCpaBr9ty1evkK,false
1060,e6-lifecycle-20260706T042251.490920785Z-c4-real-task-0114,signed_query_latest,true,4,1783311774276,0,Qma7TSawbLY7JCkagGsqyq5TKbNQrHnAHkXGU7KmTPbqNN,false
1061,e6-lifecycle-20260706T042251.490920785Z-c4-real-task-0117,signed_posttask,true,2,1783311774279,0,QmXDQtx3geYo8PJ2SMzx1hAd7UVXRuUHhfKDP8gxpWugpu,false
1062,e6-lifecycle-20260706T042251.490920785Z-c4-real-task-0116,signed_query_latest,true,3,1783311774280,0,QmcWhQm9LyFEHK6Y6cGHfAC2N6UZ5aeiyCpaBr9ty1evkK,false
1063,e6-lifecycle-20260706T042251.490920785Z-c4-real-task-0117,signed_postallocation,true,2,1783311774281,0,QmXDQtx3geYo8PJ2SMzx1hAd7UVXRuUHhfKDP8gxpWugpu,false
1064,e6-lifecycle-20260706T042251.490920785Z-c4-real-task-0117,signed_post_evalsnapshot,true,2,1783311774283,0,QmXDQtx3geYo8PJ2SMzx1hAd7UVXRuUHhfKDP8gxpWugpu,false
1065,e6-lifecycle-20260706T042251.490920785Z-c4-real-task-0117,signed_vote1,true,1,1783311774285,0,QmXDQtx3geYo8PJ2SMzx1hAd7UVXRuUHhfKDP8gxpWugpu,false
1066,e6-lifecycle-20260706T042251.490920785Z-c4-real-task-0114,ipfs_verify,true,7,1783311774280,0,Qma7TSawbLY7JCkagGsqyq5TKbNQrHnAHkXGU7KmTPbqNN,false
1067,e6-lifecycle-20260706T042251.490920785Z-c4-real-task-0117,signed_vote2,true,2,1783311774286,0,QmXDQtx3geYo8PJ2SMzx1hAd7UVXRuUHhfKDP8gxpWugpu,false
1068,e6-lifecycle-20260706T042251.490920785Z-c4-real-task-0116,ipfs_verify,true,6,1783311774283,0,QmcWhQm9LyFEHK6Y6cGHfAC2N6UZ5aeiyCpaBr9ty1evkK,false
1069,e6-lifecycle-20260706T042251.490920785Z-c4-real-task-0117,signed_settlement,true,1,1783311774288,0,QmXDQtx3geYo8PJ2SMzx1hAd7UVXRuUHhfKDP8gxpWugpu,false
1070,e6-lifecycle-20260706T042251.490920785Z-c4-real-task-0117,signed_query_latest,true,0,1783311774289,0,QmXDQtx3geYo8PJ2SMzx1hAd7UVXRuUHhfKDP8gxpWugpu,false
1071,e6-lifecycle-20260706T042251.490920785Z-c4-real-task-0117,ipfs_verify,true,6,1783311774289,0,QmXDQtx3geYo8PJ2SMzx1hAd7UVXRuUHhfKDP8gxpWugpu,false
1072,e6-lifecycle-20260706T042251.490920785Z-c4-real-task-0118,ipfs_add,true,40,1783311774257,4013,,false
1073,e6-lifecycle-20260706T042251.490920785Z-c4-real-task-0118,signed_posttask,true,1,1783311774297,0,QmUp6JMhmHCN1XhJbSgJKuqgcUi5RcanQaaL5Hru6z8S4Q,false
1074,e6-lifecycle-20260706T042251.490920785Z-c4-real-task-0118,signed_postallocation,true,2,1783311774298,0,QmUp6JMhmHCN1XhJbSgJKuqgcUi5RcanQaaL5Hru6z8S4Q,false
1075,e6-lifecycle-20260706T042251.490920785Z-c4-real-task-0118,signed_post_evalsnapshot,true,2,1783311774300,0,QmUp6JMhmHCN1XhJbSgJKuqgcUi5RcanQaaL5Hru6z8S4Q,false
1076,e6-lifecycle-20260706T042251.490920785Z-c4-real-task-0118,signed_vote1,true,1,1783311774302,0,QmUp6JMhmHCN1XhJbSgJKuqgcUi5RcanQaaL5Hru6z8S4Q,false
1077,e6-lifecycle-20260706T042251.490920785Z-c4-real-task-0118,signed_vote2,true,2,1783311774303,0,QmUp6JMhmHCN1XhJbSgJKuqgcUi5RcanQaaL5Hru6z8S4Q,false
1078,e6-lifecycle-20260706T042251.490920785Z-c4-real-task-0118,signed_settlement,true,1,1783311774305,0,QmUp6JMhmHCN1XhJbSgJKuqgcUi5RcanQaaL5Hru6z8S4Q,false
1079,e6-lifecycle-20260706T042251.490920785Z-c4-real-task-0118,signed_query_latest,true,0,1783311774306,0,QmUp6JMhmHCN1XhJbSgJKuqgcUi5RcanQaaL5Hru6z8S4Q,false
1080,e6-lifecycle-20260706T042251.490920785Z-c4-real-task-0118,ipfs_verify,true,7,1783311774306,0,QmUp6JMhmHCN1XhJbSgJKuqgcUi5RcanQaaL5Hru6z8S4Q,false
1081,e6-lifecycle-20260706T042251.490920785Z-c4-real-task-0119,ipfs_add,true,32,1783311774287,4895,,false
1082,e6-lifecycle-20260706T042251.490920785Z-c4-real-task-0119,signed_posttask,true,3,1783311774319,0,QmS8grZr8V1jUVspi4mAGU2GS5MHVKC3yUBsy7aQszAoNe,false
1083,e6-lifecycle-20260706T042251.490920785Z-c4-real-task-0119,signed_postallocation,true,1,1783311774322,0,QmS8grZr8V1jUVspi4mAGU2GS5MHVKC3yUBsy7aQszAoNe,false
1084,e6-lifecycle-20260706T042251.490920785Z-c4-real-task-0119,signed_post_evalsnapshot,true,2,1783311774323,0,QmS8grZr8V1jUVspi4mAGU2GS5MHVKC3yUBsy7aQszAoNe,false
1085,e6-lifecycle-20260706T042251.490920785Z-c4-real-task-0119,signed_vote1,true,2,1783311774325,0,QmS8grZr8V1jUVspi4mAGU2GS5MHVKC3yUBsy7aQszAoNe,false
1086,e6-lifecycle-20260706T042251.490920785Z-c4-real-task-0119,signed_vote2,true,1,1783311774327,0,QmS8grZr8V1jUVspi4mAGU2GS5MHVKC3yUBsy7aQszAoNe,false
1087,e6-lifecycle-20260706T042251.490920785Z-c4-real-task-0119,signed_settlement,true,2,1783311774328,0,QmS8grZr8V1jUVspi4mAGU2GS5MHVKC3yUBsy7aQszAoNe,false
1088,e6-lifecycle-20260706T042251.490920785Z-c4-real-task-0119,signed_query_latest,true,0,1783311774330,0,QmS8grZr8V1jUVspi4mAGU2GS5MHVKC3yUBsy7aQszAoNe,false
1089,e6-lifecycle-20260706T042251.490920785Z-c4-real-task-0119,ipfs_verify,true,6,1783311774330,0,QmS8grZr8V1jUVspi4mAGU2GS5MHVKC3yUBsy7aQszAoNe,false
1090,e6-lifecycle-20260706T042251.490920785Z-c4-real-task-0120,ipfs_add,true,48,1783311774289,7055,,false
1091,e6-lifecycle-20260706T042251.490920785Z-c4-real-task-0120,signed_posttask,true,2,1783311774337,0,QmcCwWQBqZ6738sqSyuLRWTxPt6Qtc8U1RvhvPAW1oWkkW,false
1092,e6-lifecycle-20260706T042251.490920785Z-c4-real-task-0120,signed_postallocation,true,1,1783311774339,0,QmcCwWQBqZ6738sqSyuLRWTxPt6Qtc8U1RvhvPAW1oWkkW,false
1093,e6-lifecycle-20260706T042251.490920785Z-c4-real-task-0120,signed_post_evalsnapshot,true,2,1783311774340,0,QmcCwWQBqZ6738sqSyuLRWTxPt6Qtc8U1RvhvPAW1oWkkW,false
1094,e6-lifecycle-20260706T042251.490920785Z-c4-real-task-0120,signed_vote1,true,1,1783311774342,0,QmcCwWQBqZ6738sqSyuLRWTxPt6Qtc8U1RvhvPAW1oWkkW,false
1095,e6-lifecycle-20260706T042251.490920785Z-c4-real-task-0120,signed_vote2,true,2,1783311774343,0,QmcCwWQBqZ6738sqSyuLRWTxPt6Qtc8U1RvhvPAW1oWkkW,false
1096,e6-lifecycle-20260706T042251.490920785Z-c4-real-task-0120,signed_settlement,true,1,1783311774345,0,QmcCwWQBqZ6738sqSyuLRWTxPt6Qtc8U1RvhvPAW1oWkkW,false
1097,e6-lifecycle-20260706T042251.490920785Z-c4-real-task-0120,signed_query_latest,true,0,1783311774346,0,QmcCwWQBqZ6738sqSyuLRWTxPt6Qtc8U1RvhvPAW1oWkkW,false
1098,e6-lifecycle-20260706T042251.490920785Z-c4-real-task-0120,ipfs_verify,true,6,1783311774346,0,QmcCwWQBqZ6738sqSyuLRWTxPt6Qtc8U1RvhvPAW1oWkkW,false
1099,e6-lifecycle-20260706T042251.490920785Z-c4-real-task-0121,ipfs_add,true,64,1783311774295,4778,,false
1100,e6-lifecycle-20260706T042251.490920785Z-c4-real-task-0121,signed_posttask,true,2,1783311774359,0,QmamWwWGyFXDPTzs47NnXQaDJCnKmJNML2uLgwtA49YMHU,false
1101,e6-lifecycle-20260706T042251.490920785Z-c4-real-task-0121,signed_postallocation,true,1,1783311774361,0,QmamWwWGyFXDPTzs47NnXQaDJCnKmJNML2uLgwtA49YMHU,false
1102,e6-lifecycle-20260706T042251.490920785Z-c4-real-task-0121,signed_post_evalsnapshot,true,2,1783311774362,0,QmamWwWGyFXDPTzs47NnXQaDJCnKmJNML2uLgwtA49YMHU,false
1103,e6-lifecycle-20260706T042251.490920785Z-c4-real-task-0121,signed_vote1,true,1,1783311774364,0,QmamWwWGyFXDPTzs47NnXQaDJCnKmJNML2uLgwtA49YMHU,false
1104,e6-lifecycle-20260706T042251.490920785Z-c4-real-task-0121,signed_vote2,true,2,1783311774365,0,QmamWwWGyFXDPTzs47NnXQaDJCnKmJNML2uLgwtA49YMHU,false
1105,e6-lifecycle-20260706T042251.490920785Z-c4-real-task-0121,signed_settlement,true,1,1783311774367,0,QmamWwWGyFXDPTzs47NnXQaDJCnKmJNML2uLgwtA49YMHU,false
1106,e6-lifecycle-20260706T042251.490920785Z-c4-real-task-0121,signed_query_latest,true,0,1783311774368,0,QmamWwWGyFXDPTzs47NnXQaDJCnKmJNML2uLgwtA49YMHU,false
1107,e6-lifecycle-20260706T042251.490920785Z-c4-real-task-0121,ipfs_verify,true,7,1783311774368,0,QmamWwWGyFXDPTzs47NnXQaDJCnKmJNML2uLgwtA49YMHU,false
1108,e6-lifecycle-20260706T042251.490920785Z-c4-real-task-0122,ipfs_add,true,64,1783311774313,5117,,false
1109,e6-lifecycle-20260706T042251.490920785Z-c4-real-task-0122,signed_posttask,true,2,1783311774377,0,QmXUXcH529nakix9U15cpEidT2HourhoUQvG7aoS3dLkEG,false
1110,e6-lifecycle-20260706T042251.490920785Z-c4-real-task-0122,signed_postallocation,true,1,1783311774379,0,QmXUXcH529nakix9U15cpEidT2HourhoUQvG7aoS3dLkEG,false
1111,e6-lifecycle-20260706T042251.490920785Z-c4-real-task-0122,signed_post_evalsnapshot,true,2,1783311774380,0,QmXUXcH529nakix9U15cpEidT2HourhoUQvG7aoS3dLkEG,false
1112,e6-lifecycle-20260706T042251.490920785Z-c4-real-task-0122,signed_vote1,true,1,1783311774382,0,QmXUXcH529nakix9U15cpEidT2HourhoUQvG7aoS3dLkEG,false
1113,e6-lifecycle-20260706T042251.490920785Z-c4-real-task-0122,signed_vote2,true,2,1783311774383,0,QmXUXcH529nakix9U15cpEidT2HourhoUQvG7aoS3dLkEG,false
1114,e6-lifecycle-20260706T042251.490920785Z-c4-real-task-0122,signed_settlement,true,2,1783311774385,0,QmXUXcH529nakix9U15cpEidT2HourhoUQvG7aoS3dLkEG,false
1115,e6-lifecycle-20260706T042251.490920785Z-c4-real-task-0122,signed_query_latest,true,0,1783311774387,0,QmXUXcH529nakix9U15cpEidT2HourhoUQvG7aoS3dLkEG,false
1116,e6-lifecycle-20260706T042251.490920785Z-c4-real-task-0122,ipfs_verify,true,6,1783311774387,0,QmXUXcH529nakix9U15cpEidT2HourhoUQvG7aoS3dLkEG,false
1117,e6-lifecycle-20260706T042251.490920785Z-c4-real-task-0123,ipfs_add,true,59,1783311774336,9648,,false
1118,e6-lifecycle-20260706T042251.490920785Z-c4-real-task-0123,signed_posttask,true,4,1783311774395,0,QmUDRUxNR3wiggGYgdFqXj9FiZaoAXkrjj2gf4wreybMnY,false
1119,e6-lifecycle-20260706T042251.490920785Z-c4-real-task-0123,signed_postallocation,true,2,1783311774399,0,QmUDRUxNR3wiggGYgdFqXj9FiZaoAXkrjj2gf4wreybMnY,false
1120,e6-lifecycle-20260706T042251.490920785Z-c4-real-task-0123,signed_post_evalsnapshot,true,3,1783311774401,0,QmUDRUxNR3wiggGYgdFqXj9FiZaoAXkrjj2gf4wreybMnY,false
1121,e6-lifecycle-20260706T042251.490920785Z-c4-real-task-0123,signed_vote1,true,2,1783311774404,0,QmUDRUxNR3wiggGYgdFqXj9FiZaoAXkrjj2gf4wreybMnY,false
1122,e6-lifecycle-20260706T042251.490920785Z-c4-real-task-0123,signed_vote2,true,2,1783311774406,0,QmUDRUxNR3wiggGYgdFqXj9FiZaoAXkrjj2gf4wreybMnY,false
1123,e6-lifecycle-20260706T042251.490920785Z-c4-real-task-0123,signed_settlement,true,1,1783311774408,0,QmUDRUxNR3wiggGYgdFqXj9FiZaoAXkrjj2gf4wreybMnY,false
1124,e6-lifecycle-20260706T042251.490920785Z-c4-real-task-0123,signed_query_latest,true,0,1783311774409,0,QmUDRUxNR3wiggGYgdFqXj9FiZaoAXkrjj2gf4wreybMnY,false
1125,e6-lifecycle-20260706T042251.490920785Z-c4-real-task-0124,ipfs_add,true,64,1783311774352,10193,,false
1126,e6-lifecycle-20260706T042251.490920785Z-c4-real-task-0123,ipfs_verify,true,7,1783311774409,0,QmUDRUxNR3wiggGYgdFqXj9FiZaoAXkrjj2gf4wreybMnY,false
1127,e6-lifecycle-20260706T042251.490920785Z-c4-real-task-0124,signed_posttask,true,2,1783311774416,0,QmdN3kmV8Nauo2ypczxkgeUDFa3J43mcbGqcZVtUsrbPFC,false
1128,e6-lifecycle-20260706T042251.490920785Z-c4-real-task-0124,signed_postallocation,true,2,1783311774418,0,QmdN3kmV8Nauo2ypczxkgeUDFa3J43mcbGqcZVtUsrbPFC,false
1129,e6-lifecycle-20260706T042251.490920785Z-c4-real-task-0124,signed_post_evalsnapshot,true,1,1783311774420,0,QmdN3kmV8Nauo2ypczxkgeUDFa3J43mcbGqcZVtUsrbPFC,false
1130,e6-lifecycle-20260706T042251.490920785Z-c4-real-task-0124,signed_vote1,true,2,1783311774421,0,QmdN3kmV8Nauo2ypczxkgeUDFa3J43mcbGqcZVtUsrbPFC,false
1131,e6-lifecycle-20260706T042251.490920785Z-c4-real-task-0124,signed_vote2,true,1,1783311774423,0,QmdN3kmV8Nauo2ypczxkgeUDFa3J43mcbGqcZVtUsrbPFC,false
1132,e6-lifecycle-20260706T042251.490920785Z-c4-real-task-0124,signed_settlement,true,2,1783311774424,0,QmdN3kmV8Nauo2ypczxkgeUDFa3J43mcbGqcZVtUsrbPFC,false
1133,e6-lifecycle-20260706T042251.490920785Z-c4-real-task-0124,signed_query_latest,true,0,1783311774426,0,QmdN3kmV8Nauo2ypczxkgeUDFa3J43mcbGqcZVtUsrbPFC,false
1134,e6-lifecycle-20260706T042251.490920785Z-c4-real-task-0124,ipfs_verify,true,6,1783311774426,0,QmdN3kmV8Nauo2ypczxkgeUDFa3J43mcbGqcZVtUsrbPFC,false
1135,e6-lifecycle-20260706T042251.490920785Z-c4-real-task-0125,ipfs_add,true,59,1783311774375,3206,,false
1136,e6-lifecycle-20260706T042251.490920785Z-c4-real-task-0125,signed_posttask,true,1,1783311774434,0,QmWe76Fc6xMc7UE2TtXhWtuzFokCa6FcSgWL6dg6i6SRfJ,false
1137,e6-lifecycle-20260706T042251.490920785Z-c4-real-task-0125,signed_postallocation,true,2,1783311774435,0,QmWe76Fc6xMc7UE2TtXhWtuzFokCa6FcSgWL6dg6i6SRfJ,false
1138,e6-lifecycle-20260706T042251.490920785Z-c4-real-task-0125,signed_post_evalsnapshot,true,1,1783311774437,0,QmWe76Fc6xMc7UE2TtXhWtuzFokCa6FcSgWL6dg6i6SRfJ,false
1139,e6-lifecycle-20260706T042251.490920785Z-c4-real-task-0125,signed_vote1,true,2,1783311774438,0,QmWe76Fc6xMc7UE2TtXhWtuzFokCa6FcSgWL6dg6i6SRfJ,false
1140,e6-lifecycle-20260706T042251.490920785Z-c4-real-task-0125,signed_vote2,true,2,1783311774440,0,QmWe76Fc6xMc7UE2TtXhWtuzFokCa6FcSgWL6dg6i6SRfJ,false
1141,e6-lifecycle-20260706T042251.490920785Z-c4-real-task-0125,signed_settlement,true,1,1783311774442,0,QmWe76Fc6xMc7UE2TtXhWtuzFokCa6FcSgWL6dg6i6SRfJ,false
1142,e6-lifecycle-20260706T042251.490920785Z-c4-real-task-0125,signed_query_latest,true,0,1783311774443,0,QmWe76Fc6xMc7UE2TtXhWtuzFokCa6FcSgWL6dg6i6SRfJ,false
1143,e6-lifecycle-20260706T042251.490920785Z-c4-real-task-0125,ipfs_verify,true,7,1783311774443,0,QmWe76Fc6xMc7UE2TtXhWtuzFokCa6FcSgWL6dg6i6SRfJ,false
1144,e6-lifecycle-20260706T042251.490920785Z-c4-real-task-0126,ipfs_add,true,115,1783311774393,3991,,false
1145,e6-lifecycle-20260706T042251.490920785Z-c4-real-task-0126,signed_posttask,true,2,1783311774508,0,QmPtdsowq8zmmDRQ1z7WASkkcgXTNTYdCxgN5vM5mEmQKU,false
1146,e6-lifecycle-20260706T042251.490920785Z-c4-real-task-0126,signed_postallocation,true,2,1783311774510,0,QmPtdsowq8zmmDRQ1z7WASkkcgXTNTYdCxgN5vM5mEmQKU,false
1147,e6-lifecycle-20260706T042251.490920785Z-c4-real-task-0126,signed_post_evalsnapshot,true,2,1783311774512,0,QmPtdsowq8zmmDRQ1z7WASkkcgXTNTYdCxgN5vM5mEmQKU,false
1148,e6-lifecycle-20260706T042251.490920785Z-c4-real-task-0126,signed_vote1,true,2,1783311774514,0,QmPtdsowq8zmmDRQ1z7WASkkcgXTNTYdCxgN5vM5mEmQKU,false
1149,e6-lifecycle-20260706T042251.490920785Z-c4-real-task-0126,signed_vote2,true,2,1783311774516,0,QmPtdsowq8zmmDRQ1z7WASkkcgXTNTYdCxgN5vM5mEmQKU,false
1150,e6-lifecycle-20260706T042251.490920785Z-c4-real-task-0126,signed_settlement,true,2,1783311774518,0,QmPtdsowq8zmmDRQ1z7WASkkcgXTNTYdCxgN5vM5mEmQKU,false
1151,e6-lifecycle-20260706T042251.490920785Z-c4-real-task-0126,signed_query_latest,true,0,1783311774520,0,QmPtdsowq8zmmDRQ1z7WASkkcgXTNTYdCxgN5vM5mEmQKU,false
1152,e6-lifecycle-20260706T042251.490920785Z-c4-real-task-0126,ipfs_verify,true,6,1783311774520,0,QmPtdsowq8zmmDRQ1z7WASkkcgXTNTYdCxgN5vM5mEmQKU,false
1153,e6-lifecycle-20260706T042251.490920785Z-c4-real-task-0127,ipfs_add,true,112,1783311774416,3969,,false
1154,e6-lifecycle-20260706T042251.490920785Z-c4-real-task-0127,signed_posttask,true,2,1783311774528,0,QmNxQCkAaLmLFLMatMwgJb5bdva2owFTE2JpVTzuEA6pnQ,false
1155,e6-lifecycle-20260706T042251.490920785Z-c4-real-task-0127,signed_postallocation,true,2,1783311774530,0,QmNxQCkAaLmLFLMatMwgJb5bdva2owFTE2JpVTzuEA6pnQ,false
1156,e6-lifecycle-20260706T042251.490920785Z-c4-real-task-0127,signed_post_evalsnapshot,true,1,1783311774532,0,QmNxQCkAaLmLFLMatMwgJb5bdva2owFTE2JpVTzuEA6pnQ,false
1157,e6-lifecycle-20260706T042251.490920785Z-c4-real-task-0127,signed_vote1,true,2,1783311774533,0,QmNxQCkAaLmLFLMatMwgJb5bdva2owFTE2JpVTzuEA6pnQ,false
1158,e6-lifecycle-20260706T042251.490920785Z-c4-real-task-0127,signed_vote2,true,1,1783311774535,0,QmNxQCkAaLmLFLMatMwgJb5bdva2owFTE2JpVTzuEA6pnQ,false
1159,e6-lifecycle-20260706T042251.490920785Z-c4-real-task-0127,signed_settlement,true,2,1783311774536,0,QmNxQCkAaLmLFLMatMwgJb5bdva2owFTE2JpVTzuEA6pnQ,false
1160,e6-lifecycle-20260706T042251.490920785Z-c4-real-task-0127,signed_query_latest,true,0,1783311774538,0,QmNxQCkAaLmLFLMatMwgJb5bdva2owFTE2JpVTzuEA6pnQ,false
1161,e6-lifecycle-20260706T042251.490920785Z-c4-real-task-0127,ipfs_verify,true,6,1783311774538,0,QmNxQCkAaLmLFLMatMwgJb5bdva2owFTE2JpVTzuEA6pnQ,false
1162,e6-lifecycle-20260706T042251.490920785Z-c4-real-task-0128,ipfs_add,true,115,1783311774432,5323,,false
1163,e6-lifecycle-20260706T042251.490920785Z-c4-real-task-0128,signed_posttask,true,2,1783311774547,0,QmQos5pRc9wxqep7nncifrFotxQs5uTEqHL3FeTHYErDSa,false
1164,e6-lifecycle-20260706T042251.490920785Z-c4-real-task-0128,signed_postallocation,true,2,1783311774549,0,QmQos5pRc9wxqep7nncifrFotxQs5uTEqHL3FeTHYErDSa,false
1165,e6-lifecycle-20260706T042251.490920785Z-c4-real-task-0128,signed_post_evalsnapshot,true,1,1783311774551,0,QmQos5pRc9wxqep7nncifrFotxQs5uTEqHL3FeTHYErDSa,false
1166,e6-lifecycle-20260706T042251.490920785Z-c4-real-task-0128,signed_vote1,true,2,1783311774552,0,QmQos5pRc9wxqep7nncifrFotxQs5uTEqHL3FeTHYErDSa,false
1167,e6-lifecycle-20260706T042251.490920785Z-c4-real-task-0128,signed_vote2,true,2,1783311774554,0,QmQos5pRc9wxqep7nncifrFotxQs5uTEqHL3FeTHYErDSa,false
1168,e6-lifecycle-20260706T042251.490920785Z-c4-real-task-0128,signed_settlement,true,1,1783311774556,0,QmQos5pRc9wxqep7nncifrFotxQs5uTEqHL3FeTHYErDSa,false
1169,e6-lifecycle-20260706T042251.490920785Z-c4-real-task-0128,signed_query_latest,true,0,1783311774557,0,QmQos5pRc9wxqep7nncifrFotxQs5uTEqHL3FeTHYErDSa,false
1170,e6-lifecycle-20260706T042251.490920785Z-c4-real-task-0128,ipfs_verify,true,6,1783311774557,0,QmQos5pRc9wxqep7nncifrFotxQs5uTEqHL3FeTHYErDSa,false
1171,e6-lifecycle-20260706T042251.490920785Z-c4-real-task-0129,ipfs_add,true,114,1783311774450,6435,,false
1172,e6-lifecycle-20260706T042251.490920785Z-c4-real-task-0129,signed_posttask,true,2,1783311774564,0,QmRdeeEenQRgmkxSMK2mGyLCkKoN4YhqNwubfvJSfxYpPa,false
1173,e6-lifecycle-20260706T042251.490920785Z-c4-real-task-0129,signed_postallocation,true,1,1783311774566,0,QmRdeeEenQRgmkxSMK2mGyLCkKoN4YhqNwubfvJSfxYpPa,false
1174,e6-lifecycle-20260706T042251.490920785Z-c4-real-task-0129,signed_post_evalsnapshot,true,2,1783311774567,0,QmRdeeEenQRgmkxSMK2mGyLCkKoN4YhqNwubfvJSfxYpPa,false
1175,e6-lifecycle-20260706T042251.490920785Z-c4-real-task-0129,signed_vote1,true,1,1783311774569,0,QmRdeeEenQRgmkxSMK2mGyLCkKoN4YhqNwubfvJSfxYpPa,false
1176,e6-lifecycle-20260706T042251.490920785Z-c4-real-task-0129,signed_vote2,true,2,1783311774570,0,QmRdeeEenQRgmkxSMK2mGyLCkKoN4YhqNwubfvJSfxYpPa,false
1177,e6-lifecycle-20260706T042251.490920785Z-c4-real-task-0129,signed_settlement,true,1,1783311774572,0,QmRdeeEenQRgmkxSMK2mGyLCkKoN4YhqNwubfvJSfxYpPa,false
1178,e6-lifecycle-20260706T042251.490920785Z-c4-real-task-0129,signed_query_latest,true,0,1783311774573,0,QmRdeeEenQRgmkxSMK2mGyLCkKoN4YhqNwubfvJSfxYpPa,false
1179,e6-lifecycle-20260706T042251.490920785Z-c4-real-task-0129,ipfs_verify,true,7,1783311774573,0,QmRdeeEenQRgmkxSMK2mGyLCkKoN4YhqNwubfvJSfxYpPa,false
1180,e6-lifecycle-20260706T042251.490920785Z-c4-real-task-0130,ipfs_add,true,57,1783311774526,5421,,false
1181,e6-lifecycle-20260706T042251.490920785Z-c4-real-task-0130,signed_posttask,true,3,1783311774583,0,QmasDoPun8NvohoPkm66UZpwkaJFFvmh8hCVDMoxGk7S7Z,false
1182,e6-lifecycle-20260706T042251.490920785Z-c4-real-task-0130,signed_postallocation,true,2,1783311774586,0,QmasDoPun8NvohoPkm66UZpwkaJFFvmh8hCVDMoxGk7S7Z,false
1183,e6-lifecycle-20260706T042251.490920785Z-c4-real-task-0130,signed_post_evalsnapshot,true,2,1783311774588,0,QmasDoPun8NvohoPkm66UZpwkaJFFvmh8hCVDMoxGk7S7Z,false
1184,e6-lifecycle-20260706T042251.490920785Z-c4-real-task-0130,signed_vote1,true,3,1783311774590,0,QmasDoPun8NvohoPkm66UZpwkaJFFvmh8hCVDMoxGk7S7Z,false
1185,e6-lifecycle-20260706T042251.490920785Z-c4-real-task-0130,signed_vote2,true,1,1783311774593,0,QmasDoPun8NvohoPkm66UZpwkaJFFvmh8hCVDMoxGk7S7Z,false
1186,e6-lifecycle-20260706T042251.490920785Z-c4-real-task-0130,signed_settlement,true,2,1783311774594,0,QmasDoPun8NvohoPkm66UZpwkaJFFvmh8hCVDMoxGk7S7Z,false
1187,e6-lifecycle-20260706T042251.490920785Z-c4-real-task-0130,signed_query_latest,true,0,1783311774596,0,QmasDoPun8NvohoPkm66UZpwkaJFFvmh8hCVDMoxGk7S7Z,false
1188,e6-lifecycle-20260706T042251.490920785Z-c4-real-task-0130,ipfs_verify,true,7,1783311774596,0,QmasDoPun8NvohoPkm66UZpwkaJFFvmh8hCVDMoxGk7S7Z,false
1189,e6-lifecycle-20260706T042251.490920785Z-c4-real-task-0131,ipfs_add,true,60,1783311774544,5219,,false
1190,e6-lifecycle-20260706T042251.490920785Z-c4-real-task-0131,signed_posttask,true,1,1783311774604,0,QmZj7xUMfzrxW16za1Jy2ZVd3iayZXWvUsAREvSyZuRbVu,false
1191,e6-lifecycle-20260706T042251.490920785Z-c4-real-task-0131,signed_postallocation,true,2,1783311774605,0,QmZj7xUMfzrxW16za1Jy2ZVd3iayZXWvUsAREvSyZuRbVu,false
1192,e6-lifecycle-20260706T042251.490920785Z-c4-real-task-0131,signed_post_evalsnapshot,true,1,1783311774607,0,QmZj7xUMfzrxW16za1Jy2ZVd3iayZXWvUsAREvSyZuRbVu,false
1193,e6-lifecycle-20260706T042251.490920785Z-c4-real-task-0131,signed_vote1,true,2,1783311774608,0,QmZj7xUMfzrxW16za1Jy2ZVd3iayZXWvUsAREvSyZuRbVu,false
1194,e6-lifecycle-20260706T042251.490920785Z-c4-real-task-0131,signed_vote2,true,2,1783311774610,0,QmZj7xUMfzrxW16za1Jy2ZVd3iayZXWvUsAREvSyZuRbVu,false
1195,e6-lifecycle-20260706T042251.490920785Z-c4-real-task-0131,signed_settlement,true,1,1783311774612,0,QmZj7xUMfzrxW16za1Jy2ZVd3iayZXWvUsAREvSyZuRbVu,false
1196,e6-lifecycle-20260706T042251.490920785Z-c4-real-task-0131,signed_query_latest,true,0,1783311774613,0,QmZj7xUMfzrxW16za1Jy2ZVd3iayZXWvUsAREvSyZuRbVu,false
1197,e6-lifecycle-20260706T042251.490920785Z-c4-real-task-0131,ipfs_verify,true,9,1783311774613,0,QmZj7xUMfzrxW16za1Jy2ZVd3iayZXWvUsAREvSyZuRbVu,false
1198,e6-lifecycle-20260706T042251.490920785Z-c4-real-task-0132,ipfs_add,true,65,1783311774563,5599,,false
1199,e6-lifecycle-20260706T042251.490920785Z-c4-real-task-0132,signed_posttask,true,2,1783311774628,0,QmYCBqE2NteLr9sLnHjbiStJeVErpKho8QFCw7417W1UW7,false
1200,e6-lifecycle-20260706T042251.490920785Z-c4-real-task-0132,signed_postallocation,true,2,1783311774630,0,QmYCBqE2NteLr9sLnHjbiStJeVErpKho8QFCw7417W1UW7,false
1201,e6-lifecycle-20260706T042251.490920785Z-c4-real-task-0132,signed_post_evalsnapshot,true,1,1783311774632,0,QmYCBqE2NteLr9sLnHjbiStJeVErpKho8QFCw7417W1UW7,false
1202,e6-lifecycle-20260706T042251.490920785Z-c4-real-task-0132,signed_vote1,true,2,1783311774633,0,QmYCBqE2NteLr9sLnHjbiStJeVErpKho8QFCw7417W1UW7,false
1203,e6-lifecycle-20260706T042251.490920785Z-c4-real-task-0132,signed_vote2,true,1,1783311774635,0,QmYCBqE2NteLr9sLnHjbiStJeVErpKho8QFCw7417W1UW7,false
1204,e6-lifecycle-20260706T042251.490920785Z-c4-real-task-0132,signed_settlement,true,2,1783311774636,0,QmYCBqE2NteLr9sLnHjbiStJeVErpKho8QFCw7417W1UW7,false
1205,e6-lifecycle-20260706T042251.490920785Z-c4-real-task-0132,signed_query_latest,true,0,1783311774638,0,QmYCBqE2NteLr9sLnHjbiStJeVErpKho8QFCw7417W1UW7,false
1206,e6-lifecycle-20260706T042251.490920785Z-c4-real-task-0132,ipfs_verify,true,7,1783311774638,0,QmYCBqE2NteLr9sLnHjbiStJeVErpKho8QFCw7417W1UW7,false
1207,e6-lifecycle-20260706T042251.490920785Z-c4-real-task-0133,ipfs_add,true,65,1783311774580,4372,,false
1208,e6-lifecycle-20260706T042251.490920785Z-c4-real-task-0133,signed_posttask,true,2,1783311774645,0,QmV9gx3VUoqhkXRkzRD7hEPhbZz6mSJ82UTFrCpLh1TD3b,false
1209,e6-lifecycle-20260706T042251.490920785Z-c4-real-task-0133,signed_postallocation,true,2,1783311774647,0,QmV9gx3VUoqhkXRkzRD7hEPhbZz6mSJ82UTFrCpLh1TD3b,false
1210,e6-lifecycle-20260706T042251.490920785Z-c4-real-task-0133,signed_post_evalsnapshot,true,2,1783311774649,0,QmV9gx3VUoqhkXRkzRD7hEPhbZz6mSJ82UTFrCpLh1TD3b,false
1211,e6-lifecycle-20260706T042251.490920785Z-c4-real-task-0133,signed_vote1,true,1,1783311774651,0,QmV9gx3VUoqhkXRkzRD7hEPhbZz6mSJ82UTFrCpLh1TD3b,false
1212,e6-lifecycle-20260706T042251.490920785Z-c4-real-task-0133,signed_vote2,true,2,1783311774652,0,QmV9gx3VUoqhkXRkzRD7hEPhbZz6mSJ82UTFrCpLh1TD3b,false
1213,e6-lifecycle-20260706T042251.490920785Z-c4-real-task-0133,signed_settlement,true,1,1783311774654,0,QmV9gx3VUoqhkXRkzRD7hEPhbZz6mSJ82UTFrCpLh1TD3b,false
1214,e6-lifecycle-20260706T042251.490920785Z-c4-real-task-0133,signed_query_latest,true,0,1783311774655,0,QmV9gx3VUoqhkXRkzRD7hEPhbZz6mSJ82UTFrCpLh1TD3b,false
1215,e6-lifecycle-20260706T042251.490920785Z-c4-real-task-0133,ipfs_verify,true,6,1783311774655,0,QmV9gx3VUoqhkXRkzRD7hEPhbZz6mSJ82UTFrCpLh1TD3b,false
1216,e6-lifecycle-20260706T042251.490920785Z-c4-real-task-0134,ipfs_add,true,61,1783311774603,5569,,false
1217,e6-lifecycle-20260706T042251.490920785Z-c4-real-task-0134,signed_posttask,true,2,1783311774664,0,QmPW1qU3hoUSoGbD2KjbwxVen41kGxev6EBjJ6zmEFnCrD,false
1218,e6-lifecycle-20260706T042251.490920785Z-c4-real-task-0134,signed_postallocation,true,2,1783311774666,0,QmPW1qU3hoUSoGbD2KjbwxVen41kGxev6EBjJ6zmEFnCrD,false
1219,e6-lifecycle-20260706T042251.490920785Z-c4-real-task-0134,signed_post_evalsnapshot,true,1,1783311774668,0,QmPW1qU3hoUSoGbD2KjbwxVen41kGxev6EBjJ6zmEFnCrD,false
1220,e6-lifecycle-20260706T042251.490920785Z-c4-real-task-0134,signed_vote1,true,2,1783311774669,0,QmPW1qU3hoUSoGbD2KjbwxVen41kGxev6EBjJ6zmEFnCrD,false
1221,e6-lifecycle-20260706T042251.490920785Z-c4-real-task-0134,signed_vote2,true,2,1783311774671,0,QmPW1qU3hoUSoGbD2KjbwxVen41kGxev6EBjJ6zmEFnCrD,false
1222,e6-lifecycle-20260706T042251.490920785Z-c4-real-task-0134,signed_settlement,true,2,1783311774673,0,QmPW1qU3hoUSoGbD2KjbwxVen41kGxev6EBjJ6zmEFnCrD,false
1223,e6-lifecycle-20260706T042251.490920785Z-c4-real-task-0134,signed_query_latest,true,0,1783311774675,0,QmPW1qU3hoUSoGbD2KjbwxVen41kGxev6EBjJ6zmEFnCrD,false
1224,e6-lifecycle-20260706T042251.490920785Z-c4-real-task-0134,ipfs_verify,true,6,1783311774675,0,QmPW1qU3hoUSoGbD2KjbwxVen41kGxev6EBjJ6zmEFnCrD,false
1225,e6-lifecycle-20260706T042251.490920785Z-c4-real-task-0135,ipfs_add,true,62,1783311774622,6297,,false
1226,e6-lifecycle-20260706T042251.490920785Z-c4-real-task-0135,signed_posttask,true,2,1783311774684,0,QmRgs6w8r3X2JvyiVmXrFPnc5Whw1EhTnEw6iDRUTAKBSq,false
1227,e6-lifecycle-20260706T042251.490920785Z-c4-real-task-0135,signed_postallocation,true,1,1783311774686,0,QmRgs6w8r3X2JvyiVmXrFPnc5Whw1EhTnEw6iDRUTAKBSq,false
1228,e6-lifecycle-20260706T042251.490920785Z-c4-real-task-0135,signed_post_evalsnapshot,true,2,1783311774687,0,QmRgs6w8r3X2JvyiVmXrFPnc5Whw1EhTnEw6iDRUTAKBSq,false
1229,e6-lifecycle-20260706T042251.490920785Z-c4-real-task-0135,signed_vote1,true,2,1783311774689,0,QmRgs6w8r3X2JvyiVmXrFPnc5Whw1EhTnEw6iDRUTAKBSq,false
1230,e6-lifecycle-20260706T042251.490920785Z-c4-real-task-0135,signed_vote2,true,1,1783311774691,0,QmRgs6w8r3X2JvyiVmXrFPnc5Whw1EhTnEw6iDRUTAKBSq,false
1231,e6-lifecycle-20260706T042251.490920785Z-c4-real-task-0135,signed_settlement,true,2,1783311774692,0,QmRgs6w8r3X2JvyiVmXrFPnc5Whw1EhTnEw6iDRUTAKBSq,false
1232,e6-lifecycle-20260706T042251.490920785Z-c4-real-task-0135,signed_query_latest,true,0,1783311774694,0,QmRgs6w8r3X2JvyiVmXrFPnc5Whw1EhTnEw6iDRUTAKBSq,false
1233,e6-lifecycle-20260706T042251.490920785Z-c4-real-task-0135,ipfs_verify,true,5,1783311774694,0,QmRgs6w8r3X2JvyiVmXrFPnc5Whw1EhTnEw6iDRUTAKBSq,false
1234,e6-lifecycle-20260706T042251.490920785Z-c4-real-task-0137,ipfs_add,true,60,1783311774661,7887,,false
1235,e6-lifecycle-20260706T042251.490920785Z-c4-real-task-0137,signed_posttask,true,2,1783311774721,0,QmWoPof7qbWPGdMFqG2nBUciJqbqXCfAPLUDZ7bcxJMDyk,false
1236,e6-lifecycle-20260706T042251.490920785Z-c4-real-task-0137,signed_postallocation,true,2,1783311774723,0,QmWoPof7qbWPGdMFqG2nBUciJqbqXCfAPLUDZ7bcxJMDyk,false
1237,e6-lifecycle-20260706T042251.490920785Z-c4-real-task-0137,signed_post_evalsnapshot,true,1,1783311774725,0,QmWoPof7qbWPGdMFqG2nBUciJqbqXCfAPLUDZ7bcxJMDyk,false
1238,e6-lifecycle-20260706T042251.490920785Z-c4-real-task-0137,signed_vote1,true,2,1783311774726,0,QmWoPof7qbWPGdMFqG2nBUciJqbqXCfAPLUDZ7bcxJMDyk,false
1239,e6-lifecycle-20260706T042251.490920785Z-c4-real-task-0137,signed_vote2,true,1,1783311774728,0,QmWoPof7qbWPGdMFqG2nBUciJqbqXCfAPLUDZ7bcxJMDyk,false
1240,e6-lifecycle-20260706T042251.490920785Z-c4-real-task-0137,signed_settlement,true,2,1783311774729,0,QmWoPof7qbWPGdMFqG2nBUciJqbqXCfAPLUDZ7bcxJMDyk,false
1241,e6-lifecycle-20260706T042251.490920785Z-c4-real-task-0137,signed_query_latest,true,0,1783311774731,0,QmWoPof7qbWPGdMFqG2nBUciJqbqXCfAPLUDZ7bcxJMDyk,false
1242,e6-lifecycle-20260706T042251.490920785Z-c4-real-task-0137,ipfs_verify,true,6,1783311774731,0,QmWoPof7qbWPGdMFqG2nBUciJqbqXCfAPLUDZ7bcxJMDyk,false
1243,e6-lifecycle-20260706T042251.490920785Z-c4-real-task-0138,ipfs_add,true,56,1783311774681,6123,,false
1244,e6-lifecycle-20260706T042251.490920785Z-c4-real-task-0136,ipfs_add,true,92,1783311774645,6870,,false
1245,e6-lifecycle-20260706T042251.490920785Z-c4-real-task-0138,signed_posttask,true,2,1783311774737,0,QmbxM1rZVTmJDLmT8oQiDaJVpa1uuVzFek4Pc5717x6PYe,false
1246,e6-lifecycle-20260706T042251.490920785Z-c4-real-task-0138,signed_postallocation,true,2,1783311774739,0,QmbxM1rZVTmJDLmT8oQiDaJVpa1uuVzFek4Pc5717x6PYe,false
1247,e6-lifecycle-20260706T042251.490920785Z-c4-real-task-0136,signed_posttask,true,5,1783311774737,0,QmUPhkQr4hDrWibXiUjzuteThhvoD1pXuAQ2pvNnCtyJec,false
1248,e6-lifecycle-20260706T042251.490920785Z-c4-real-task-0136,signed_postallocation,true,2,1783311774742,0,QmUPhkQr4hDrWibXiUjzuteThhvoD1pXuAQ2pvNnCtyJec,false
1249,e6-lifecycle-20260706T042251.490920785Z-c4-real-task-0138,signed_post_evalsnapshot,true,5,1783311774741,0,QmbxM1rZVTmJDLmT8oQiDaJVpa1uuVzFek4Pc5717x6PYe,false
1250,e6-lifecycle-20260706T042251.490920785Z-c4-real-task-0138,signed_vote1,true,1,1783311774746,0,QmbxM1rZVTmJDLmT8oQiDaJVpa1uuVzFek4Pc5717x6PYe,false
1251,e6-lifecycle-20260706T042251.490920785Z-c4-real-task-0136,signed_post_evalsnapshot,true,5,1783311774744,0,QmUPhkQr4hDrWibXiUjzuteThhvoD1pXuAQ2pvNnCtyJec,false
1252,e6-lifecycle-20260706T042251.490920785Z-c4-real-task-0136,signed_vote1,true,1,1783311774749,0,QmUPhkQr4hDrWibXiUjzuteThhvoD1pXuAQ2pvNnCtyJec,false
1253,e6-lifecycle-20260706T042251.490920785Z-c4-real-task-0138,signed_vote2,true,5,1783311774747,0,QmbxM1rZVTmJDLmT8oQiDaJVpa1uuVzFek4Pc5717x6PYe,false
1254,e6-lifecycle-20260706T042251.490920785Z-c4-real-task-0138,signed_settlement,true,1,1783311774752,0,QmbxM1rZVTmJDLmT8oQiDaJVpa1uuVzFek4Pc5717x6PYe,false
1255,e6-lifecycle-20260706T042251.490920785Z-c4-real-task-0136,signed_vote2,true,6,1783311774750,0,QmUPhkQr4hDrWibXiUjzuteThhvoD1pXuAQ2pvNnCtyJec,false
1256,e6-lifecycle-20260706T042251.490920785Z-c4-real-task-0138,signed_query_latest,true,4,1783311774753,0,QmbxM1rZVTmJDLmT8oQiDaJVpa1uuVzFek4Pc5717x6PYe,false
1257,e6-lifecycle-20260706T042251.490920785Z-c4-real-task-0136,signed_settlement,true,1,1783311774756,0,QmUPhkQr4hDrWibXiUjzuteThhvoD1pXuAQ2pvNnCtyJec,false
1258,e6-lifecycle-20260706T042251.490920785Z-c4-real-task-0136,signed_query_latest,true,0,1783311774757,0,QmUPhkQr4hDrWibXiUjzuteThhvoD1pXuAQ2pvNnCtyJec,false
1259,e6-lifecycle-20260706T042251.490920785Z-c4-real-task-0139,ipfs_add,true,62,1783311774699,6068,,false
1260,e6-lifecycle-20260706T042251.490920785Z-c4-real-task-0139,signed_posttask,true,2,1783311774761,0,QmcYTUAPQTyEWywqTmthoC8xdU1HHnjNHDDrwpWHCUcep9,false
1261,e6-lifecycle-20260706T042251.490920785Z-c4-real-task-0136,ipfs_verify,true,8,1783311774757,0,QmUPhkQr4hDrWibXiUjzuteThhvoD1pXuAQ2pvNnCtyJec,false
1262,e6-lifecycle-20260706T042251.490920785Z-c4-real-task-0139,signed_postallocation,true,2,1783311774763,0,QmcYTUAPQTyEWywqTmthoC8xdU1HHnjNHDDrwpWHCUcep9,false
1263,e6-lifecycle-20260706T042251.490920785Z-c4-real-task-0138,ipfs_verify,true,8,1783311774757,0,QmbxM1rZVTmJDLmT8oQiDaJVpa1uuVzFek4Pc5717x6PYe,false
1264,e6-lifecycle-20260706T042251.490920785Z-c4-real-task-0139,signed_post_evalsnapshot,true,1,1783311774765,0,QmcYTUAPQTyEWywqTmthoC8xdU1HHnjNHDDrwpWHCUcep9,false
1265,e6-lifecycle-20260706T042251.490920785Z-c4-real-task-0139,signed_vote1,true,2,1783311774766,0,QmcYTUAPQTyEWywqTmthoC8xdU1HHnjNHDDrwpWHCUcep9,false
1266,e6-lifecycle-20260706T042251.490920785Z-c4-real-task-0139,signed_vote2,true,2,1783311774768,0,QmcYTUAPQTyEWywqTmthoC8xdU1HHnjNHDDrwpWHCUcep9,false
1267,e6-lifecycle-20260706T042251.490920785Z-c4-real-task-0139,signed_settlement,true,1,1783311774770,0,QmcYTUAPQTyEWywqTmthoC8xdU1HHnjNHDDrwpWHCUcep9,false
1268,e6-lifecycle-20260706T042251.490920785Z-c4-real-task-0139,signed_query_latest,true,0,1783311774771,0,QmcYTUAPQTyEWywqTmthoC8xdU1HHnjNHDDrwpWHCUcep9,false
1269,e6-lifecycle-20260706T042251.490920785Z-c4-real-task-0139,ipfs_verify,true,10,1783311774771,0,QmcYTUAPQTyEWywqTmthoC8xdU1HHnjNHDDrwpWHCUcep9,false
1270,e6-lifecycle-20260706T042251.490920785Z-c4-real-task-0140,ipfs_add,true,45,1783311774737,3566,,false
1271,e6-lifecycle-20260706T042251.490920785Z-c4-real-task-0140,signed_posttask,true,1,1783311774782,0,QmbKUL6FKk5HdN2RKMY4E5T2YgBw8gzyMB9qqscewgU2PM,false
1272,e6-lifecycle-20260706T042251.490920785Z-c4-real-task-0140,signed_postallocation,true,2,1783311774783,0,QmbKUL6FKk5HdN2RKMY4E5T2YgBw8gzyMB9qqscewgU2PM,false
1273,e6-lifecycle-20260706T042251.490920785Z-c4-real-task-0140,signed_post_evalsnapshot,true,1,1783311774785,0,QmbKUL6FKk5HdN2RKMY4E5T2YgBw8gzyMB9qqscewgU2PM,false
1274,e6-lifecycle-20260706T042251.490920785Z-c4-real-task-0140,signed_vote1,true,2,1783311774786,0,QmbKUL6FKk5HdN2RKMY4E5T2YgBw8gzyMB9qqscewgU2PM,false
1275,e6-lifecycle-20260706T042251.490920785Z-c4-real-task-0140,signed_vote2,true,2,1783311774788,0,QmbKUL6FKk5HdN2RKMY4E5T2YgBw8gzyMB9qqscewgU2PM,false
1276,e6-lifecycle-20260706T042251.490920785Z-c4-real-task-0140,signed_settlement,true,1,1783311774790,0,QmbKUL6FKk5HdN2RKMY4E5T2YgBw8gzyMB9qqscewgU2PM,false
1277,e6-lifecycle-20260706T042251.490920785Z-c4-real-task-0140,signed_query_latest,true,0,1783311774791,0,QmbKUL6FKk5HdN2RKMY4E5T2YgBw8gzyMB9qqscewgU2PM,false
1278,e6-lifecycle-20260706T042251.490920785Z-c4-real-task-0140,ipfs_verify,true,8,1783311774791,0,QmbKUL6FKk5HdN2RKMY4E5T2YgBw8gzyMB9qqscewgU2PM,false
1279,e6-lifecycle-20260706T042251.490920785Z-c4-real-task-0141,ipfs_add,true,35,1783311774765,3943,,false
1280,e6-lifecycle-20260706T042251.490920785Z-c4-real-task-0141,signed_posttask,true,2,1783311774800,0,QmU8ccPSVuF7qqoiKy2DMjjWHVge9mBhGy7hX3oM4mFnxu,false
1281,e6-lifecycle-20260706T042251.490920785Z-c4-real-task-0141,signed_postallocation,true,1,1783311774802,0,QmU8ccPSVuF7qqoiKy2DMjjWHVge9mBhGy7hX3oM4mFnxu,false
1282,e6-lifecycle-20260706T042251.490920785Z-c4-real-task-0141,signed_post_evalsnapshot,true,2,1783311774803,0,QmU8ccPSVuF7qqoiKy2DMjjWHVge9mBhGy7hX3oM4mFnxu,false
1283,e6-lifecycle-20260706T042251.490920785Z-c4-real-task-0141,signed_vote1,true,2,1783311774805,0,QmU8ccPSVuF7qqoiKy2DMjjWHVge9mBhGy7hX3oM4mFnxu,false
1284,e6-lifecycle-20260706T042251.490920785Z-c4-real-task-0141,signed_vote2,true,1,1783311774807,0,QmU8ccPSVuF7qqoiKy2DMjjWHVge9mBhGy7hX3oM4mFnxu,false
1285,e6-lifecycle-20260706T042251.490920785Z-c4-real-task-0141,signed_settlement,true,2,1783311774808,0,QmU8ccPSVuF7qqoiKy2DMjjWHVge9mBhGy7hX3oM4mFnxu,false
1286,e6-lifecycle-20260706T042251.490920785Z-c4-real-task-0141,signed_query_latest,true,0,1783311774810,0,QmU8ccPSVuF7qqoiKy2DMjjWHVge9mBhGy7hX3oM4mFnxu,false
1287,e6-lifecycle-20260706T042251.490920785Z-c4-real-task-0141,ipfs_verify,true,8,1783311774810,0,QmU8ccPSVuF7qqoiKy2DMjjWHVge9mBhGy7hX3oM4mFnxu,false
1288,e6-lifecycle-20260706T042251.490920785Z-c4-real-task-0142,ipfs_add,true,55,1783311774765,4723,,false
1289,e6-lifecycle-20260706T042251.490920785Z-c4-real-task-0142,signed_posttask,true,1,1783311774820,0,QmU3gpt8BjdpgMNTTBdF3QXFR37K5SeqUjAYEdmDDig4s5,false
1290,e6-lifecycle-20260706T042251.490920785Z-c4-real-task-0142,signed_postallocation,true,2,1783311774821,0,QmU3gpt8BjdpgMNTTBdF3QXFR37K5SeqUjAYEdmDDig4s5,false
1291,e6-lifecycle-20260706T042251.490920785Z-c4-real-task-0142,signed_post_evalsnapshot,true,2,1783311774823,0,QmU3gpt8BjdpgMNTTBdF3QXFR37K5SeqUjAYEdmDDig4s5,false
1292,e6-lifecycle-20260706T042251.490920785Z-c4-real-task-0142,signed_vote1,true,2,1783311774825,0,QmU3gpt8BjdpgMNTTBdF3QXFR37K5SeqUjAYEdmDDig4s5,false
1293,e6-lifecycle-20260706T042251.490920785Z-c4-real-task-0142,signed_vote2,true,1,1783311774827,0,QmU3gpt8BjdpgMNTTBdF3QXFR37K5SeqUjAYEdmDDig4s5,false
1294,e6-lifecycle-20260706T042251.490920785Z-c4-real-task-0142,signed_settlement,true,2,1783311774828,0,QmU3gpt8BjdpgMNTTBdF3QXFR37K5SeqUjAYEdmDDig4s5,false
1295,e6-lifecycle-20260706T042251.490920785Z-c4-real-task-0142,signed_query_latest,true,0,1783311774830,0,QmU3gpt8BjdpgMNTTBdF3QXFR37K5SeqUjAYEdmDDig4s5,false
1296,e6-lifecycle-20260706T042251.490920785Z-c4-real-task-0142,ipfs_verify,true,11,1783311774830,0,QmU3gpt8BjdpgMNTTBdF3QXFR37K5SeqUjAYEdmDDig4s5,false
1297,e6-lifecycle-20260706T042251.490920785Z-c4-real-task-0143,ipfs_add,true,69,1783311774781,4660,,false
1298,e6-lifecycle-20260706T042251.490920785Z-c4-real-task-0143,signed_posttask,true,2,1783311774850,0,QmTVqeXCxoxwjjanTn4HJUbLVnB4bpVmZgGrTummJ1AQqo,false
1299,e6-lifecycle-20260706T042251.490920785Z-c4-real-task-0143,signed_postallocation,true,2,1783311774852,0,QmTVqeXCxoxwjjanTn4HJUbLVnB4bpVmZgGrTummJ1AQqo,false
1300,e6-lifecycle-20260706T042251.490920785Z-c4-real-task-0143,signed_post_evalsnapshot,true,1,1783311774854,0,QmTVqeXCxoxwjjanTn4HJUbLVnB4bpVmZgGrTummJ1AQqo,false
1301,e6-lifecycle-20260706T042251.490920785Z-c4-real-task-0143,signed_vote1,true,2,1783311774855,0,QmTVqeXCxoxwjjanTn4HJUbLVnB4bpVmZgGrTummJ1AQqo,false
1302,e6-lifecycle-20260706T042251.490920785Z-c4-real-task-0143,signed_vote2,true,1,1783311774857,0,QmTVqeXCxoxwjjanTn4HJUbLVnB4bpVmZgGrTummJ1AQqo,false
1303,e6-lifecycle-20260706T042251.490920785Z-c4-real-task-0143,signed_settlement,true,2,1783311774858,0,QmTVqeXCxoxwjjanTn4HJUbLVnB4bpVmZgGrTummJ1AQqo,false
1304,e6-lifecycle-20260706T042251.490920785Z-c4-real-task-0143,signed_query_latest,true,0,1783311774860,0,QmTVqeXCxoxwjjanTn4HJUbLVnB4bpVmZgGrTummJ1AQqo,false
1305,e6-lifecycle-20260706T042251.490920785Z-c4-real-task-0143,ipfs_verify,true,8,1783311774860,0,QmTVqeXCxoxwjjanTn4HJUbLVnB4bpVmZgGrTummJ1AQqo,false
1306,e6-lifecycle-20260706T042251.490920785Z-c4-real-task-0144,ipfs_add,true,69,1783311774799,4312,,false
1307,e6-lifecycle-20260706T042251.490920785Z-c4-real-task-0144,signed_posttask,true,8,1783311774868,0,QmQZAxaxKLLJQ3P2WWPiuXefNDpmhXdj7A3T7qaNxDGnnf,false
1308,e6-lifecycle-20260706T042251.490920785Z-c4-real-task-0144,signed_postallocation,true,2,1783311774876,0,QmQZAxaxKLLJQ3P2WWPiuXefNDpmhXdj7A3T7qaNxDGnnf,false
1309,e6-lifecycle-20260706T042251.490920785Z-c4-real-task-0144,signed_post_evalsnapshot,true,2,1783311774878,0,QmQZAxaxKLLJQ3P2WWPiuXefNDpmhXdj7A3T7qaNxDGnnf,false
1310,e6-lifecycle-20260706T042251.490920785Z-c4-real-task-0144,signed_vote1,true,1,1783311774880,0,QmQZAxaxKLLJQ3P2WWPiuXefNDpmhXdj7A3T7qaNxDGnnf,false
1311,e6-lifecycle-20260706T042251.490920785Z-c4-real-task-0144,signed_vote2,true,2,1783311774881,0,QmQZAxaxKLLJQ3P2WWPiuXefNDpmhXdj7A3T7qaNxDGnnf,false
1312,e6-lifecycle-20260706T042251.490920785Z-c4-real-task-0144,signed_settlement,true,2,1783311774883,0,QmQZAxaxKLLJQ3P2WWPiuXefNDpmhXdj7A3T7qaNxDGnnf,false
1313,e6-lifecycle-20260706T042251.490920785Z-c4-real-task-0144,signed_query_latest,true,0,1783311774885,0,QmQZAxaxKLLJQ3P2WWPiuXefNDpmhXdj7A3T7qaNxDGnnf,false
1314,e6-lifecycle-20260706T042251.490920785Z-c4-real-task-0145,ipfs_add,true,69,1783311774818,5462,,false
1315,e6-lifecycle-20260706T042251.490920785Z-c4-real-task-0145,signed_posttask,true,2,1783311774887,0,QmQawzw1KxV8h7JpxSeDVLwBKMdBrxUCm6dAZkW6LZqh7T,false
1316,e6-lifecycle-20260706T042251.490920785Z-c4-real-task-0145,signed_postallocation,true,1,1783311774889,0,QmQawzw1KxV8h7JpxSeDVLwBKMdBrxUCm6dAZkW6LZqh7T,false
1317,e6-lifecycle-20260706T042251.490920785Z-c4-real-task-0144,ipfs_verify,true,6,1783311774885,0,QmQZAxaxKLLJQ3P2WWPiuXefNDpmhXdj7A3T7qaNxDGnnf,false
1318,e6-lifecycle-20260706T042251.490920785Z-c4-real-task-0145,signed_post_evalsnapshot,true,2,1783311774890,0,QmQawzw1KxV8h7JpxSeDVLwBKMdBrxUCm6dAZkW6LZqh7T,false
1319,e6-lifecycle-20260706T042251.490920785Z-c4-real-task-0145,signed_vote1,true,1,1783311774892,0,QmQawzw1KxV8h7JpxSeDVLwBKMdBrxUCm6dAZkW6LZqh7T,false
1320,e6-lifecycle-20260706T042251.490920785Z-c4-real-task-0145,signed_vote2,true,2,1783311774893,0,QmQawzw1KxV8h7JpxSeDVLwBKMdBrxUCm6dAZkW6LZqh7T,false
1321,e6-lifecycle-20260706T042251.490920785Z-c4-real-task-0145,signed_settlement,true,1,1783311774895,0,QmQawzw1KxV8h7JpxSeDVLwBKMdBrxUCm6dAZkW6LZqh7T,false
1322,e6-lifecycle-20260706T042251.490920785Z-c4-real-task-0145,signed_query_latest,true,0,1783311774896,0,QmQawzw1KxV8h7JpxSeDVLwBKMdBrxUCm6dAZkW6LZqh7T,false
1323,e6-lifecycle-20260706T042251.490920785Z-c4-real-task-0145,ipfs_verify,true,8,1783311774896,0,QmQawzw1KxV8h7JpxSeDVLwBKMdBrxUCm6dAZkW6LZqh7T,false
1324,e6-lifecycle-20260706T042251.490920785Z-c4-real-task-0146,ipfs_add,true,64,1783311774841,5475,,false
1325,e6-lifecycle-20260706T042251.490920785Z-c4-real-task-0146,signed_posttask,true,1,1783311774905,0,QmTMCQj8BgjN1EopLd1uCHtQPJNQPLrifD8h5c2wtJkq4h,false
1326,e6-lifecycle-20260706T042251.490920785Z-c4-real-task-0146,signed_postallocation,true,2,1783311774906,0,QmTMCQj8BgjN1EopLd1uCHtQPJNQPLrifD8h5c2wtJkq4h,false
1327,e6-lifecycle-20260706T042251.490920785Z-c4-real-task-0146,signed_post_evalsnapshot,true,2,1783311774908,0,QmTMCQj8BgjN1EopLd1uCHtQPJNQPLrifD8h5c2wtJkq4h,false
1328,e6-lifecycle-20260706T042251.490920785Z-c4-real-task-0146,signed_vote1,true,2,1783311774910,0,QmTMCQj8BgjN1EopLd1uCHtQPJNQPLrifD8h5c2wtJkq4h,false
1329,e6-lifecycle-20260706T042251.490920785Z-c4-real-task-0146,signed_vote2,true,1,1783311774912,0,QmTMCQj8BgjN1EopLd1uCHtQPJNQPLrifD8h5c2wtJkq4h,false
1330,e6-lifecycle-20260706T042251.490920785Z-c4-real-task-0146,signed_settlement,true,2,1783311774913,0,QmTMCQj8BgjN1EopLd1uCHtQPJNQPLrifD8h5c2wtJkq4h,false
1331,e6-lifecycle-20260706T042251.490920785Z-c4-real-task-0146,signed_query_latest,true,0,1783311774915,0,QmTMCQj8BgjN1EopLd1uCHtQPJNQPLrifD8h5c2wtJkq4h,false
1332,e6-lifecycle-20260706T042251.490920785Z-c4-real-task-0146,ipfs_verify,true,7,1783311774915,0,QmTMCQj8BgjN1EopLd1uCHtQPJNQPLrifD8h5c2wtJkq4h,false
1333,e6-lifecycle-20260706T042251.490920785Z-c4-real-task-0147,ipfs_add,true,56,1783311774868,4284,,false
1334,e6-lifecycle-20260706T042251.490920785Z-c4-real-task-0147,signed_posttask,true,2,1783311774924,0,QmaFJBETp4JJdAzBH3NfaGGXCVai8pRVmMEDArMatXyrJg,false
1335,e6-lifecycle-20260706T042251.490920785Z-c4-real-task-0147,signed_postallocation,true,2,1783311774926,0,QmaFJBETp4JJdAzBH3NfaGGXCVai8pRVmMEDArMatXyrJg,false
1336,e6-lifecycle-20260706T042251.490920785Z-c4-real-task-0147,signed_post_evalsnapshot,true,1,1783311774928,0,QmaFJBETp4JJdAzBH3NfaGGXCVai8pRVmMEDArMatXyrJg,false
1337,e6-lifecycle-20260706T042251.490920785Z-c4-real-task-0147,signed_vote1,true,2,1783311774929,0,QmaFJBETp4JJdAzBH3NfaGGXCVai8pRVmMEDArMatXyrJg,false
1338,e6-lifecycle-20260706T042251.490920785Z-c4-real-task-0147,signed_vote2,true,1,1783311774931,0,QmaFJBETp4JJdAzBH3NfaGGXCVai8pRVmMEDArMatXyrJg,false
1339,e6-lifecycle-20260706T042251.490920785Z-c4-real-task-0147,signed_settlement,true,2,1783311774932,0,QmaFJBETp4JJdAzBH3NfaGGXCVai8pRVmMEDArMatXyrJg,false
1340,e6-lifecycle-20260706T042251.490920785Z-c4-real-task-0147,signed_query_latest,true,0,1783311774934,0,QmaFJBETp4JJdAzBH3NfaGGXCVai8pRVmMEDArMatXyrJg,false
1341,e6-lifecycle-20260706T042251.490920785Z-c4-real-task-0147,ipfs_verify,true,8,1783311774934,0,QmaFJBETp4JJdAzBH3NfaGGXCVai8pRVmMEDArMatXyrJg,false
1342,e6-lifecycle-20260706T042251.490920785Z-c4-real-task-0148,ipfs_add,true,53,1783311774891,5640,,false
1343,e6-lifecycle-20260706T042251.490920785Z-c4-real-task-0148,signed_posttask,true,2,1783311774944,0,QmdfWtEvP6wCkESL2DE4rXkFf4ZAEuqAaWhur95DF4ivC9,false
1344,e6-lifecycle-20260706T042251.490920785Z-c4-real-task-0148,signed_postallocation,true,2,1783311774946,0,QmdfWtEvP6wCkESL2DE4rXkFf4ZAEuqAaWhur95DF4ivC9,false
1345,e6-lifecycle-20260706T042251.490920785Z-c4-real-task-0148,signed_post_evalsnapshot,true,2,1783311774948,0,QmdfWtEvP6wCkESL2DE4rXkFf4ZAEuqAaWhur95DF4ivC9,false
1346,e6-lifecycle-20260706T042251.490920785Z-c4-real-task-0148,signed_vote1,true,1,1783311774950,0,QmdfWtEvP6wCkESL2DE4rXkFf4ZAEuqAaWhur95DF4ivC9,false
1347,e6-lifecycle-20260706T042251.490920785Z-c4-real-task-0148,signed_vote2,true,2,1783311774951,0,QmdfWtEvP6wCkESL2DE4rXkFf4ZAEuqAaWhur95DF4ivC9,false
1348,e6-lifecycle-20260706T042251.490920785Z-c4-real-task-0148,signed_settlement,true,1,1783311774953,0,QmdfWtEvP6wCkESL2DE4rXkFf4ZAEuqAaWhur95DF4ivC9,false
1349,e6-lifecycle-20260706T042251.490920785Z-c4-real-task-0148,signed_query_latest,true,0,1783311774954,0,QmdfWtEvP6wCkESL2DE4rXkFf4ZAEuqAaWhur95DF4ivC9,false
1350,e6-lifecycle-20260706T042251.490920785Z-c4-real-task-0148,ipfs_verify,true,7,1783311774954,0,QmdfWtEvP6wCkESL2DE4rXkFf4ZAEuqAaWhur95DF4ivC9,false
1351,e6-lifecycle-20260706T042251.490920785Z-c4-real-task-0150,ipfs_add,true,57,1783311774922,1854,,false
1352,e6-lifecycle-20260706T042251.490920785Z-c4-real-task-0150,signed_posttask,true,2,1783311774979,0,Qmai7UoY48iFcYWTQWg3KAhEtCNFhrWvnyLa9J1qYPcDzG,false
1353,e6-lifecycle-20260706T042251.490920785Z-c4-real-task-0150,signed_postallocation,true,2,1783311774981,0,Qmai7UoY48iFcYWTQWg3KAhEtCNFhrWvnyLa9J1qYPcDzG,false
1354,e6-lifecycle-20260706T042251.490920785Z-c4-real-task-0150,signed_post_evalsnapshot,true,2,1783311774983,0,Qmai7UoY48iFcYWTQWg3KAhEtCNFhrWvnyLa9J1qYPcDzG,false
1355,e6-lifecycle-20260706T042251.490920785Z-c4-real-task-0150,signed_vote1,true,1,1783311774985,0,Qmai7UoY48iFcYWTQWg3KAhEtCNFhrWvnyLa9J1qYPcDzG,false
1356,e6-lifecycle-20260706T042251.490920785Z-c4-real-task-0150,signed_vote2,true,2,1783311774986,0,Qmai7UoY48iFcYWTQWg3KAhEtCNFhrWvnyLa9J1qYPcDzG,false
1357,e6-lifecycle-20260706T042251.490920785Z-c4-real-task-0150,signed_settlement,true,1,1783311774988,0,Qmai7UoY48iFcYWTQWg3KAhEtCNFhrWvnyLa9J1qYPcDzG,false
1358,e6-lifecycle-20260706T042251.490920785Z-c4-real-task-0150,signed_query_latest,true,0,1783311774989,0,Qmai7UoY48iFcYWTQWg3KAhEtCNFhrWvnyLa9J1qYPcDzG,false
1359,e6-lifecycle-20260706T042251.490920785Z-c4-real-task-0150,ipfs_verify,true,6,1783311774989,0,Qmai7UoY48iFcYWTQWg3KAhEtCNFhrWvnyLa9J1qYPcDzG,false
1360,e6-lifecycle-20260706T042251.490920785Z-c4-real-task-0151,ipfs_add,true,54,1783311774942,8145,,false
1361,e6-lifecycle-20260706T042251.490920785Z-c4-real-task-0149,ipfs_add,true,93,1783311774904,2546,,false
1362,e6-lifecycle-20260706T042251.490920785Z-c4-real-task-0151,signed_posttask,true,2,1783311774996,0,QmeY5sC4Xv3La4heuKD61xoMY8zD7nwjwXk76bcuFjtHdG,false
1363,e6-lifecycle-20260706T042251.490920785Z-c4-real-task-0151,signed_postallocation,true,2,1783311774998,0,QmeY5sC4Xv3La4heuKD61xoMY8zD7nwjwXk76bcuFjtHdG,false
1364,e6-lifecycle-20260706T042251.490920785Z-c4-real-task-0149,signed_posttask,true,5,1783311774997,0,QmauYMYLrj6Qa4iDEtbq6r8Nut8Mam7NzrHGxXBG78msQ1,false
1365,e6-lifecycle-20260706T042251.490920785Z-c4-real-task-0149,signed_postallocation,true,2,1783311775002,0,QmauYMYLrj6Qa4iDEtbq6r8Nut8Mam7NzrHGxXBG78msQ1,false
1366,e6-lifecycle-20260706T042251.490920785Z-c4-real-task-0151,signed_post_evalsnapshot,true,5,1783311775000,0,QmeY5sC4Xv3La4heuKD61xoMY8zD7nwjwXk76bcuFjtHdG,false
1367,e6-lifecycle-20260706T042251.490920785Z-c4-real-task-0151,signed_vote1,true,2,1783311775005,0,QmeY5sC4Xv3La4heuKD61xoMY8zD7nwjwXk76bcuFjtHdG,false
1368,e6-lifecycle-20260706T042251.490920785Z-c4-real-task-0149,signed_post_evalsnapshot,true,4,1783311775004,0,QmauYMYLrj6Qa4iDEtbq6r8Nut8Mam7NzrHGxXBG78msQ1,false
1369,e6-lifecycle-20260706T042251.490920785Z-c4-real-task-0149,signed_vote1,true,2,1783311775008,0,QmauYMYLrj6Qa4iDEtbq6r8Nut8Mam7NzrHGxXBG78msQ1,false
1370,e6-lifecycle-20260706T042251.490920785Z-c4-real-task-0151,signed_vote2,true,4,1783311775007,0,QmeY5sC4Xv3La4heuKD61xoMY8zD7nwjwXk76bcuFjtHdG,false
1371,e6-lifecycle-20260706T042251.490920785Z-c4-real-task-0151,signed_settlement,true,3,1783311775011,0,QmeY5sC4Xv3La4heuKD61xoMY8zD7nwjwXk76bcuFjtHdG,false
1372,e6-lifecycle-20260706T042251.490920785Z-c4-real-task-0149,signed_vote2,true,6,1783311775010,0,QmauYMYLrj6Qa4iDEtbq6r8Nut8Mam7NzrHGxXBG78msQ1,false
1373,e6-lifecycle-20260706T042251.490920785Z-c4-real-task-0152,ipfs_add,true,56,1783311774961,1875,,false
1374,e6-lifecycle-20260706T042251.490920785Z-c4-real-task-0149,signed_settlement,true,2,1783311775016,0,QmauYMYLrj6Qa4iDEtbq6r8Nut8Mam7NzrHGxXBG78msQ1,false
1375,e6-lifecycle-20260706T042251.490920785Z-c4-real-task-0151,signed_query_latest,true,4,1783311775014,0,QmeY5sC4Xv3La4heuKD61xoMY8zD7nwjwXk76bcuFjtHdG,false
1376,e6-lifecycle-20260706T042251.490920785Z-c4-real-task-0152,signed_posttask,true,3,1783311775017,0,QmPmVehraUyhMbSn9HCTL8q359r1tCfXC2uYfULpBHLvjP,false
1377,e6-lifecycle-20260706T042251.490920785Z-c4-real-task-0149,signed_query_latest,true,3,1783311775018,0,QmauYMYLrj6Qa4iDEtbq6r8Nut8Mam7NzrHGxXBG78msQ1,false
1378,e6-lifecycle-20260706T042251.490920785Z-c4-real-task-0152,signed_postallocation,true,1,1783311775020,0,QmPmVehraUyhMbSn9HCTL8q359r1tCfXC2uYfULpBHLvjP,false
1379,e6-lifecycle-20260706T042251.490920785Z-c4-real-task-0152,signed_post_evalsnapshot,true,2,1783311775021,0,QmPmVehraUyhMbSn9HCTL8q359r1tCfXC2uYfULpBHLvjP,false
1380,e6-lifecycle-20260706T042251.490920785Z-c4-real-task-0152,signed_vote1,true,2,1783311775023,0,QmPmVehraUyhMbSn9HCTL8q359r1tCfXC2uYfULpBHLvjP,false
1381,e6-lifecycle-20260706T042251.490920785Z-c4-real-task-0152,signed_vote2,true,1,1783311775025,0,QmPmVehraUyhMbSn9HCTL8q359r1tCfXC2uYfULpBHLvjP,false
1382,e6-lifecycle-20260706T042251.490920785Z-c4-real-task-0151,ipfs_verify,true,8,1783311775018,0,QmeY5sC4Xv3La4heuKD61xoMY8zD7nwjwXk76bcuFjtHdG,false
1383,e6-lifecycle-20260706T042251.490920785Z-c4-real-task-0152,signed_settlement,true,2,1783311775026,0,QmPmVehraUyhMbSn9HCTL8q359r1tCfXC2uYfULpBHLvjP,false
1384,e6-lifecycle-20260706T042251.490920785Z-c4-real-task-0152,signed_query_latest,true,0,1783311775028,0,QmPmVehraUyhMbSn9HCTL8q359r1tCfXC2uYfULpBHLvjP,false
1385,e6-lifecycle-20260706T042251.490920785Z-c4-real-task-0149,ipfs_verify,true,9,1783311775021,0,QmauYMYLrj6Qa4iDEtbq6r8Nut8Mam7NzrHGxXBG78msQ1,false
1386,e6-lifecycle-20260706T042251.490920785Z-c4-real-task-0152,ipfs_verify,true,8,1783311775028,0,QmPmVehraUyhMbSn9HCTL8q359r1tCfXC2uYfULpBHLvjP,false
1387,e6-lifecycle-20260706T042251.490920785Z-c4-real-task-0153,ipfs_add,true,41,1783311774995,1788,,false
1388,e6-lifecycle-20260706T042251.490920785Z-c4-real-task-0153,signed_posttask,true,2,1783311775036,0,QmRZHsRgbCA4gkEdt79xRJkB1H6eYmgZjWvtkeZDXPP6aA,false
1389,e6-lifecycle-20260706T042251.490920785Z-c4-real-task-0153,signed_postallocation,true,2,1783311775038,0,QmRZHsRgbCA4gkEdt79xRJkB1H6eYmgZjWvtkeZDXPP6aA,false
1390,e6-lifecycle-20260706T042251.490920785Z-c4-real-task-0153,signed_post_evalsnapshot,true,1,1783311775040,0,QmRZHsRgbCA4gkEdt79xRJkB1H6eYmgZjWvtkeZDXPP6aA,false
1391,e6-lifecycle-20260706T042251.490920785Z-c4-real-task-0153,signed_vote1,true,2,1783311775041,0,QmRZHsRgbCA4gkEdt79xRJkB1H6eYmgZjWvtkeZDXPP6aA,false
1392,e6-lifecycle-20260706T042251.490920785Z-c4-real-task-0153,signed_vote2,true,2,1783311775043,0,QmRZHsRgbCA4gkEdt79xRJkB1H6eYmgZjWvtkeZDXPP6aA,false
1393,e6-lifecycle-20260706T042251.490920785Z-c4-real-task-0153,signed_settlement,true,1,1783311775045,0,QmRZHsRgbCA4gkEdt79xRJkB1H6eYmgZjWvtkeZDXPP6aA,false
1394,e6-lifecycle-20260706T042251.490920785Z-c4-real-task-0153,signed_query_latest,true,0,1783311775046,0,QmRZHsRgbCA4gkEdt79xRJkB1H6eYmgZjWvtkeZDXPP6aA,false
1395,e6-lifecycle-20260706T042251.490920785Z-c4-real-task-0153,ipfs_verify,true,7,1783311775046,0,QmRZHsRgbCA4gkEdt79xRJkB1H6eYmgZjWvtkeZDXPP6aA,false
1396,e6-lifecycle-20260706T042251.490920785Z-c4-real-task-0154,ipfs_add,true,30,1783311775026,1793,,false
1397,e6-lifecycle-20260706T042251.490920785Z-c4-real-task-0154,signed_posttask,true,1,1783311775056,0,QmP1smz82VDmVYAjCDQXQL3tQyjhLY9AZx4ihRR3bmQmqR,false
1398,e6-lifecycle-20260706T042251.490920785Z-c4-real-task-0154,signed_postallocation,true,2,1783311775057,0,QmP1smz82VDmVYAjCDQXQL3tQyjhLY9AZx4ihRR3bmQmqR,false
1399,e6-lifecycle-20260706T042251.490920785Z-c4-real-task-0154,signed_post_evalsnapshot,true,2,1783311775059,0,QmP1smz82VDmVYAjCDQXQL3tQyjhLY9AZx4ihRR3bmQmqR,false
1400,e6-lifecycle-20260706T042251.490920785Z-c4-real-task-0154,signed_vote1,true,2,1783311775061,0,QmP1smz82VDmVYAjCDQXQL3tQyjhLY9AZx4ihRR3bmQmqR,false
1401,e6-lifecycle-20260706T042251.490920785Z-c4-real-task-0154,signed_vote2,true,2,1783311775063,0,QmP1smz82VDmVYAjCDQXQL3tQyjhLY9AZx4ihRR3bmQmqR,false
1402,e6-lifecycle-20260706T042251.490920785Z-c4-real-task-0154,signed_settlement,true,1,1783311775065,0,QmP1smz82VDmVYAjCDQXQL3tQyjhLY9AZx4ihRR3bmQmqR,false
1403,e6-lifecycle-20260706T042251.490920785Z-c4-real-task-0154,signed_query_latest,true,0,1783311775066,0,QmP1smz82VDmVYAjCDQXQL3tQyjhLY9AZx4ihRR3bmQmqR,false
1404,e6-lifecycle-20260706T042251.490920785Z-c4-real-task-0154,ipfs_verify,true,8,1783311775066,0,QmP1smz82VDmVYAjCDQXQL3tQyjhLY9AZx4ihRR3bmQmqR,false
1405,e6-lifecycle-20260706T042251.490920785Z-c4-real-task-0155,ipfs_add,true,45,1783311775031,1762,,false
1406,e6-lifecycle-20260706T042251.490920785Z-c4-real-task-0155,signed_posttask,true,4,1783311775076,0,QmZKGWeYUaSbmhea5zAe3URkAmm7YgQGteWNmKZR7217eJ,false
1407,e6-lifecycle-20260706T042251.490920785Z-c4-real-task-0155,signed_postallocation,true,2,1783311775080,0,QmZKGWeYUaSbmhea5zAe3URkAmm7YgQGteWNmKZR7217eJ,false
1408,e6-lifecycle-20260706T042251.490920785Z-c4-real-task-0155,signed_post_evalsnapshot,true,2,1783311775082,0,QmZKGWeYUaSbmhea5zAe3URkAmm7YgQGteWNmKZR7217eJ,false
1409,e6-lifecycle-20260706T042251.490920785Z-c4-real-task-0155,signed_vote1,true,2,1783311775084,0,QmZKGWeYUaSbmhea5zAe3URkAmm7YgQGteWNmKZR7217eJ,false
1410,e6-lifecycle-20260706T042251.490920785Z-c4-real-task-0155,signed_vote2,true,2,1783311775086,0,QmZKGWeYUaSbmhea5zAe3URkAmm7YgQGteWNmKZR7217eJ,false
1411,e6-lifecycle-20260706T042251.490920785Z-c4-real-task-0155,signed_settlement,true,2,1783311775088,0,QmZKGWeYUaSbmhea5zAe3URkAmm7YgQGteWNmKZR7217eJ,false
1412,e6-lifecycle-20260706T042251.490920785Z-c4-real-task-0155,signed_query_latest,true,0,1783311775090,0,QmZKGWeYUaSbmhea5zAe3URkAmm7YgQGteWNmKZR7217eJ,false
1413,e6-lifecycle-20260706T042251.490920785Z-c4-real-task-0156,ipfs_add,true,61,1783311775036,5744,,false
1414,e6-lifecycle-20260706T042251.490920785Z-c4-real-task-0155,ipfs_verify,true,8,1783311775090,0,QmZKGWeYUaSbmhea5zAe3URkAmm7YgQGteWNmKZR7217eJ,false
1415,e6-lifecycle-20260706T042251.490920785Z-c4-real-task-0156,signed_posttask,true,3,1783311775097,0,QmSqr1qUgBC93JV58qSDUGhGxFsKaVMkP8Lc2oQULWUSmz,false
1416,e6-lifecycle-20260706T042251.490920785Z-c4-real-task-0156,signed_postallocation,true,2,1783311775100,0,QmSqr1qUgBC93JV58qSDUGhGxFsKaVMkP8Lc2oQULWUSmz,false
1417,e6-lifecycle-20260706T042251.490920785Z-c4-real-task-0156,signed_post_evalsnapshot,true,7,1783311775102,0,QmSqr1qUgBC93JV58qSDUGhGxFsKaVMkP8Lc2oQULWUSmz,false
1418,e6-lifecycle-20260706T042251.490920785Z-c4-real-task-0156,signed_vote1,true,3,1783311775109,0,QmSqr1qUgBC93JV58qSDUGhGxFsKaVMkP8Lc2oQULWUSmz,false
1419,e6-lifecycle-20260706T042251.490920785Z-c4-real-task-0156,signed_vote2,true,2,1783311775112,0,QmSqr1qUgBC93JV58qSDUGhGxFsKaVMkP8Lc2oQULWUSmz,false
1420,e6-lifecycle-20260706T042251.490920785Z-c4-real-task-0156,signed_settlement,true,2,1783311775114,0,QmSqr1qUgBC93JV58qSDUGhGxFsKaVMkP8Lc2oQULWUSmz,false
1421,e6-lifecycle-20260706T042251.490920785Z-c4-real-task-0156,signed_query_latest,true,0,1783311775116,0,QmSqr1qUgBC93JV58qSDUGhGxFsKaVMkP8Lc2oQULWUSmz,false
1422,e6-lifecycle-20260706T042251.490920785Z-c4-real-task-0157,ipfs_add,true,71,1783311775053,5957,,false
1423,e6-lifecycle-20260706T042251.490920785Z-c4-real-task-0156,ipfs_verify,true,8,1783311775116,0,QmSqr1qUgBC93JV58qSDUGhGxFsKaVMkP8Lc2oQULWUSmz,false
1424,e6-lifecycle-20260706T042251.490920785Z-c4-real-task-0157,signed_posttask,true,10,1783311775124,0,QmWamsqRbU1q3fiJX5vX2XCvBRJV8eoK1PEp3ctrbdxoam,false
1425,e6-lifecycle-20260706T042251.490920785Z-c4-real-task-0157,signed_postallocation,true,3,1783311775134,0,QmWamsqRbU1q3fiJX5vX2XCvBRJV8eoK1PEp3ctrbdxoam,false
1426,e6-lifecycle-20260706T042251.490920785Z-c4-real-task-0157,signed_post_evalsnapshot,true,2,1783311775137,0,QmWamsqRbU1q3fiJX5vX2XCvBRJV8eoK1PEp3ctrbdxoam,false
1427,e6-lifecycle-20260706T042251.490920785Z-c4-real-task-0157,signed_vote1,true,1,1783311775139,0,QmWamsqRbU1q3fiJX5vX2XCvBRJV8eoK1PEp3ctrbdxoam,false
1428,e6-lifecycle-20260706T042251.490920785Z-c4-real-task-0157,signed_vote2,true,1,1783311775140,0,QmWamsqRbU1q3fiJX5vX2XCvBRJV8eoK1PEp3ctrbdxoam,false
1429,e6-lifecycle-20260706T042251.490920785Z-c4-real-task-0157,signed_settlement,true,2,1783311775141,0,QmWamsqRbU1q3fiJX5vX2XCvBRJV8eoK1PEp3ctrbdxoam,false
1430,e6-lifecycle-20260706T042251.490920785Z-c4-real-task-0157,signed_query_latest,true,0,1783311775143,0,QmWamsqRbU1q3fiJX5vX2XCvBRJV8eoK1PEp3ctrbdxoam,false
1431,e6-lifecycle-20260706T042251.490920785Z-c4-real-task-0157,ipfs_verify,true,7,1783311775143,0,QmWamsqRbU1q3fiJX5vX2XCvBRJV8eoK1PEp3ctrbdxoam,false
1432,e6-lifecycle-20260706T042251.490920785Z-c4-real-task-0159,ipfs_add,true,72,1783311775098,1618,,false
1433,e6-lifecycle-20260706T042251.490920785Z-c4-real-task-0159,signed_posttask,true,2,1783311775170,0,QmdxYpLKMtBw1hrsF8LgCLrKH1BbADtRRsjGCzLCCrthCc,false
1434,e6-lifecycle-20260706T042251.490920785Z-c4-real-task-0159,signed_postallocation,true,3,1783311775172,0,QmdxYpLKMtBw1hrsF8LgCLrKH1BbADtRRsjGCzLCCrthCc,false
1435,e6-lifecycle-20260706T042251.490920785Z-c4-real-task-0159,signed_post_evalsnapshot,true,1,1783311775175,0,QmdxYpLKMtBw1hrsF8LgCLrKH1BbADtRRsjGCzLCCrthCc,false
1436,e6-lifecycle-20260706T042251.490920785Z-c4-real-task-0159,signed_vote1,true,2,1783311775176,0,QmdxYpLKMtBw1hrsF8LgCLrKH1BbADtRRsjGCzLCCrthCc,false
1437,e6-lifecycle-20260706T042251.490920785Z-c4-real-task-0159,signed_vote2,true,2,1783311775178,0,QmdxYpLKMtBw1hrsF8LgCLrKH1BbADtRRsjGCzLCCrthCc,false
1438,e6-lifecycle-20260706T042251.490920785Z-c4-real-task-0159,signed_settlement,true,1,1783311775180,0,QmdxYpLKMtBw1hrsF8LgCLrKH1BbADtRRsjGCzLCCrthCc,false
1439,e6-lifecycle-20260706T042251.490920785Z-c4-real-task-0159,signed_query_latest,true,0,1783311775181,0,QmdxYpLKMtBw1hrsF8LgCLrKH1BbADtRRsjGCzLCCrthCc,false
1440,e6-lifecycle-20260706T042251.490920785Z-c4-real-task-0159,ipfs_verify,true,8,1783311775181,0,QmdxYpLKMtBw1hrsF8LgCLrKH1BbADtRRsjGCzLCCrthCc,false
1441,e6-lifecycle-20260706T042251.490920785Z-c4-real-task-0158,ipfs_add,true,116,1783311775074,2353,,false
1442,e6-lifecycle-20260706T042251.490920785Z-c4-real-task-0158,signed_posttask,true,1,1783311775190,0,QmW45d5KDagXQxapoDsAgos4eR8RW7sWehPq9Qivyv3imb,false
1443,e6-lifecycle-20260706T042251.490920785Z-c4-real-task-0158,signed_postallocation,true,2,1783311775191,0,QmW45d5KDagXQxapoDsAgos4eR8RW7sWehPq9Qivyv3imb,false
1444,e6-lifecycle-20260706T042251.490920785Z-c4-real-task-0158,signed_post_evalsnapshot,true,2,1783311775193,0,QmW45d5KDagXQxapoDsAgos4eR8RW7sWehPq9Qivyv3imb,false
1445,e6-lifecycle-20260706T042251.490920785Z-c4-real-task-0158,signed_vote1,true,2,1783311775195,0,QmW45d5KDagXQxapoDsAgos4eR8RW7sWehPq9Qivyv3imb,false
1446,e6-lifecycle-20260706T042251.490920785Z-c4-real-task-0158,signed_vote2,true,2,1783311775197,0,QmW45d5KDagXQxapoDsAgos4eR8RW7sWehPq9Qivyv3imb,false
1447,e6-lifecycle-20260706T042251.490920785Z-c4-real-task-0158,signed_settlement,true,2,1783311775199,0,QmW45d5KDagXQxapoDsAgos4eR8RW7sWehPq9Qivyv3imb,false
1448,e6-lifecycle-20260706T042251.490920785Z-c4-real-task-0158,signed_query_latest,true,0,1783311775201,0,QmW45d5KDagXQxapoDsAgos4eR8RW7sWehPq9Qivyv3imb,false
1449,e6-lifecycle-20260706T042251.490920785Z-c4-real-task-0158,ipfs_verify,true,8,1783311775201,0,QmW45d5KDagXQxapoDsAgos4eR8RW7sWehPq9Qivyv3imb,false
1450,e6-lifecycle-20260706T042251.490920785Z-c4-real-task-0160,ipfs_add,true,90,1783311775124,3112,,false
1451,e6-lifecycle-20260706T042251.490920785Z-c4-real-task-0161,ipfs_add,true,64,1783311775150,2567,,false
1452,e6-lifecycle-20260706T042251.490920785Z-c4-real-task-0160,signed_posttask,true,2,1783311775214,0,QmZcHogHrAZaeaBhWnqwZoH5LhmdVbJ6pEy6KSUXD7Sqeh,false
1453,e6-lifecycle-20260706T042251.490920785Z-c4-real-task-0160,signed_postallocation,true,2,1783311775216,0,QmZcHogHrAZaeaBhWnqwZoH5LhmdVbJ6pEy6KSUXD7Sqeh,false
1454,e6-lifecycle-20260706T042251.490920785Z-c4-real-task-0161,signed_posttask,true,5,1783311775214,0,QmVHT5ucjcpkHShAnZazRTavev3cXT2osoYZL29UVeigZs,false
1455,e6-lifecycle-20260706T042251.490920785Z-c4-real-task-0161,signed_postallocation,true,1,1783311775219,0,QmVHT5ucjcpkHShAnZazRTavev3cXT2osoYZL29UVeigZs,false
1456,e6-lifecycle-20260706T042251.490920785Z-c4-real-task-0160,signed_post_evalsnapshot,true,4,1783311775218,0,QmZcHogHrAZaeaBhWnqwZoH5LhmdVbJ6pEy6KSUXD7Sqeh,false
1457,e6-lifecycle-20260706T042251.490920785Z-c4-real-task-0160,signed_vote1,true,2,1783311775222,0,QmZcHogHrAZaeaBhWnqwZoH5LhmdVbJ6pEy6KSUXD7Sqeh,false
1458,e6-lifecycle-20260706T042251.490920785Z-c4-real-task-0161,signed_post_evalsnapshot,true,5,1783311775220,0,QmVHT5ucjcpkHShAnZazRTavev3cXT2osoYZL29UVeigZs,false
1459,e6-lifecycle-20260706T042251.490920785Z-c4-real-task-0161,signed_vote1,true,2,1783311775225,0,QmVHT5ucjcpkHShAnZazRTavev3cXT2osoYZL29UVeigZs,false
1460,e6-lifecycle-20260706T042251.490920785Z-c4-real-task-0160,signed_vote2,true,5,1783311775224,0,QmZcHogHrAZaeaBhWnqwZoH5LhmdVbJ6pEy6KSUXD7Sqeh,false
1461,e6-lifecycle-20260706T042251.490920785Z-c4-real-task-0160,signed_settlement,true,1,1783311775229,0,QmZcHogHrAZaeaBhWnqwZoH5LhmdVbJ6pEy6KSUXD7Sqeh,false
1462,e6-lifecycle-20260706T042251.490920785Z-c4-real-task-0161,signed_vote2,true,5,1783311775227,0,QmVHT5ucjcpkHShAnZazRTavev3cXT2osoYZL29UVeigZs,false
1463,e6-lifecycle-20260706T042251.490920785Z-c4-real-task-0160,signed_query_latest,true,4,1783311775230,0,QmZcHogHrAZaeaBhWnqwZoH5LhmdVbJ6pEy6KSUXD7Sqeh,false
1464,e6-lifecycle-20260706T042251.490920785Z-c4-real-task-0161,signed_settlement,true,2,1783311775232,0,QmVHT5ucjcpkHShAnZazRTavev3cXT2osoYZL29UVeigZs,false
1465,e6-lifecycle-20260706T042251.490920785Z-c4-real-task-0161,signed_query_latest,true,0,1783311775234,0,QmVHT5ucjcpkHShAnZazRTavev3cXT2osoYZL29UVeigZs,false
1466,e6-lifecycle-20260706T042251.490920785Z-c4-real-task-0162,ipfs_add,true,45,1783311775189,2034,,false
1467,e6-lifecycle-20260706T042251.490920785Z-c4-real-task-0162,signed_posttask,true,2,1783311775234,0,QmWEY5PvyU4H8vYcY2riKxKMc1nBFYKtSn243fBKXvUxUT,false
1468,e6-lifecycle-20260706T042251.490920785Z-c4-real-task-0162,signed_postallocation,true,1,1783311775236,0,QmWEY5PvyU4H8vYcY2riKxKMc1nBFYKtSn243fBKXvUxUT,false
1469,e6-lifecycle-20260706T042251.490920785Z-c4-real-task-0162,signed_post_evalsnapshot,true,2,1783311775237,0,QmWEY5PvyU4H8vYcY2riKxKMc1nBFYKtSn243fBKXvUxUT,false
1470,e6-lifecycle-20260706T042251.490920785Z-c4-real-task-0161,ipfs_verify,true,6,1783311775234,0,QmVHT5ucjcpkHShAnZazRTavev3cXT2osoYZL29UVeigZs,false
1471,e6-lifecycle-20260706T042251.490920785Z-c4-real-task-0160,ipfs_verify,true,6,1783311775234,0,QmZcHogHrAZaeaBhWnqwZoH5LhmdVbJ6pEy6KSUXD7Sqeh,false
1472,e6-lifecycle-20260706T042251.490920785Z-c4-real-task-0162,signed_vote1,true,2,1783311775239,0,QmWEY5PvyU4H8vYcY2riKxKMc1nBFYKtSn243fBKXvUxUT,false
1473,e6-lifecycle-20260706T042251.490920785Z-c4-real-task-0162,signed_vote2,true,2,1783311775241,0,QmWEY5PvyU4H8vYcY2riKxKMc1nBFYKtSn243fBKXvUxUT,false
1474,e6-lifecycle-20260706T042251.490920785Z-c4-real-task-0162,signed_settlement,true,1,1783311775243,0,QmWEY5PvyU4H8vYcY2riKxKMc1nBFYKtSn243fBKXvUxUT,false
1475,e6-lifecycle-20260706T042251.490920785Z-c4-real-task-0162,signed_query_latest,true,0,1783311775244,0,QmWEY5PvyU4H8vYcY2riKxKMc1nBFYKtSn243fBKXvUxUT,false
1476,e6-lifecycle-20260706T042251.490920785Z-c4-real-task-0162,ipfs_verify,true,8,1783311775244,0,QmWEY5PvyU4H8vYcY2riKxKMc1nBFYKtSn243fBKXvUxUT,false
1477,e6-lifecycle-20260706T042251.490920785Z-c4-real-task-0163,ipfs_add,true,46,1783311775209,5564,,false
1478,e6-lifecycle-20260706T042251.490920785Z-c4-real-task-0163,signed_posttask,true,2,1783311775255,0,QmWVNuFxXBBoYjDDqPM5JjHqatxTLGdC8aLk7ick1Kz4Yb,false
1479,e6-lifecycle-20260706T042251.490920785Z-c4-real-task-0163,signed_postallocation,true,2,1783311775257,0,QmWVNuFxXBBoYjDDqPM5JjHqatxTLGdC8aLk7ick1Kz4Yb,false
1480,e6-lifecycle-20260706T042251.490920785Z-c4-real-task-0163,signed_post_evalsnapshot,true,1,1783311775260,0,QmWVNuFxXBBoYjDDqPM5JjHqatxTLGdC8aLk7ick1Kz4Yb,false
1481,e6-lifecycle-20260706T042251.490920785Z-c4-real-task-0163,signed_vote1,true,2,1783311775261,0,QmWVNuFxXBBoYjDDqPM5JjHqatxTLGdC8aLk7ick1Kz4Yb,false
1482,e6-lifecycle-20260706T042251.490920785Z-c4-real-task-0163,signed_vote2,true,1,1783311775263,0,QmWVNuFxXBBoYjDDqPM5JjHqatxTLGdC8aLk7ick1Kz4Yb,false
1483,e6-lifecycle-20260706T042251.490920785Z-c4-real-task-0163,signed_settlement,true,2,1783311775264,0,QmWVNuFxXBBoYjDDqPM5JjHqatxTLGdC8aLk7ick1Kz4Yb,false
1484,e6-lifecycle-20260706T042251.490920785Z-c4-real-task-0163,signed_query_latest,true,0,1783311775266,0,QmWVNuFxXBBoYjDDqPM5JjHqatxTLGdC8aLk7ick1Kz4Yb,false
1485,e6-lifecycle-20260706T042251.490920785Z-c4-real-task-0163,ipfs_verify,true,6,1783311775266,0,QmWVNuFxXBBoYjDDqPM5JjHqatxTLGdC8aLk7ick1Kz4Yb,false
1486,e6-lifecycle-20260706T042251.490920785Z-c4-real-task-0164,ipfs_add,true,33,1783311775240,1901,,false
1487,e6-lifecycle-20260706T042251.490920785Z-c4-real-task-0164,signed_posttask,true,2,1783311775273,0,QmenUvYwtVYLLgnnt9kzR3UcGRzkbap5J3M93Rp33ndQBW,false
1488,e6-lifecycle-20260706T042251.490920785Z-c4-real-task-0164,signed_postallocation,true,1,1783311775275,0,QmenUvYwtVYLLgnnt9kzR3UcGRzkbap5J3M93Rp33ndQBW,false
1489,e6-lifecycle-20260706T042251.490920785Z-c4-real-task-0164,signed_post_evalsnapshot,true,2,1783311775276,0,QmenUvYwtVYLLgnnt9kzR3UcGRzkbap5J3M93Rp33ndQBW,false
1490,e6-lifecycle-20260706T042251.490920785Z-c4-real-task-0164,signed_vote1,true,1,1783311775278,0,QmenUvYwtVYLLgnnt9kzR3UcGRzkbap5J3M93Rp33ndQBW,false
1491,e6-lifecycle-20260706T042251.490920785Z-c4-real-task-0164,signed_vote2,true,2,1783311775279,0,QmenUvYwtVYLLgnnt9kzR3UcGRzkbap5J3M93Rp33ndQBW,false
1492,e6-lifecycle-20260706T042251.490920785Z-c4-real-task-0164,signed_settlement,true,1,1783311775281,0,QmenUvYwtVYLLgnnt9kzR3UcGRzkbap5J3M93Rp33ndQBW,false
1493,e6-lifecycle-20260706T042251.490920785Z-c4-real-task-0164,signed_query_latest,true,0,1783311775282,0,QmenUvYwtVYLLgnnt9kzR3UcGRzkbap5J3M93Rp33ndQBW,false
1494,e6-lifecycle-20260706T042251.490920785Z-c4-real-task-0164,ipfs_verify,true,9,1783311775282,0,QmenUvYwtVYLLgnnt9kzR3UcGRzkbap5J3M93Rp33ndQBW,false
1495,e6-lifecycle-20260706T042251.490920785Z-c4-real-task-0165,ipfs_add,true,53,1783311775240,5181,,false
1496,e6-lifecycle-20260706T042251.490920785Z-c4-real-task-0165,signed_posttask,true,1,1783311775293,0,QmfCP6JMHwAJzdeV44wRErrYPKwmwJ5zKaxLaC7PSEh7Xv,false
1497,e6-lifecycle-20260706T042251.490920785Z-c4-real-task-0165,signed_postallocation,true,2,1783311775294,0,QmfCP6JMHwAJzdeV44wRErrYPKwmwJ5zKaxLaC7PSEh7Xv,false
1498,e6-lifecycle-20260706T042251.490920785Z-c4-real-task-0165,signed_post_evalsnapshot,true,1,1783311775296,0,QmfCP6JMHwAJzdeV44wRErrYPKwmwJ5zKaxLaC7PSEh7Xv,false
1499,e6-lifecycle-20260706T042251.490920785Z-c4-real-task-0165,signed_vote1,true,2,1783311775297,0,QmfCP6JMHwAJzdeV44wRErrYPKwmwJ5zKaxLaC7PSEh7Xv,false
1500,e6-lifecycle-20260706T042251.490920785Z-c4-real-task-0165,signed_vote2,true,2,1783311775299,0,QmfCP6JMHwAJzdeV44wRErrYPKwmwJ5zKaxLaC7PSEh7Xv,false
1501,e6-lifecycle-20260706T042251.490920785Z-c4-real-task-0165,signed_settlement,true,1,1783311775301,0,QmfCP6JMHwAJzdeV44wRErrYPKwmwJ5zKaxLaC7PSEh7Xv,false
1502,e6-lifecycle-20260706T042251.490920785Z-c4-real-task-0165,signed_query_latest,true,0,1783311775302,0,QmfCP6JMHwAJzdeV44wRErrYPKwmwJ5zKaxLaC7PSEh7Xv,false
1503,e6-lifecycle-20260706T042251.490920785Z-c4-real-task-0165,ipfs_verify,true,6,1783311775302,0,QmfCP6JMHwAJzdeV44wRErrYPKwmwJ5zKaxLaC7PSEh7Xv,false
1504,e6-lifecycle-20260706T042251.490920785Z-c4-real-task-0167,ipfs_add,true,57,1783311775272,2244,,false
1505,e6-lifecycle-20260706T042251.490920785Z-c4-real-task-0167,signed_posttask,true,1,1783311775329,0,Qmb6sxdzbJZRHwThCpZp383LPMsQpPY5tVXmGq6tj6WAkE,false
1506,e6-lifecycle-20260706T042251.490920785Z-c4-real-task-0167,signed_postallocation,true,2,1783311775330,0,Qmb6sxdzbJZRHwThCpZp383LPMsQpPY5tVXmGq6tj6WAkE,false
1507,e6-lifecycle-20260706T042251.490920785Z-c4-real-task-0167,signed_post_evalsnapshot,true,1,1783311775332,0,Qmb6sxdzbJZRHwThCpZp383LPMsQpPY5tVXmGq6tj6WAkE,false
1508,e6-lifecycle-20260706T042251.490920785Z-c4-real-task-0167,signed_vote1,true,2,1783311775333,0,Qmb6sxdzbJZRHwThCpZp383LPMsQpPY5tVXmGq6tj6WAkE,false
1509,e6-lifecycle-20260706T042251.490920785Z-c4-real-task-0167,signed_vote2,true,1,1783311775335,0,Qmb6sxdzbJZRHwThCpZp383LPMsQpPY5tVXmGq6tj6WAkE,false
1510,e6-lifecycle-20260706T042251.490920785Z-c4-real-task-0167,signed_settlement,true,2,1783311775336,0,Qmb6sxdzbJZRHwThCpZp383LPMsQpPY5tVXmGq6tj6WAkE,false
1511,e6-lifecycle-20260706T042251.490920785Z-c4-real-task-0167,signed_query_latest,true,0,1783311775338,0,Qmb6sxdzbJZRHwThCpZp383LPMsQpPY5tVXmGq6tj6WAkE,false
1512,e6-lifecycle-20260706T042251.490920785Z-c4-real-task-0167,ipfs_verify,true,7,1783311775338,0,Qmb6sxdzbJZRHwThCpZp383LPMsQpPY5tVXmGq6tj6WAkE,false
1513,e6-lifecycle-20260706T042251.490920785Z-c4-real-task-0166,ipfs_add,true,95,1783311775252,3237,,false
1514,e6-lifecycle-20260706T042251.490920785Z-c4-real-task-0211,ipfs_add,true,56,1783311775291,2188,,false
1515,e6-lifecycle-20260706T042251.490920785Z-c4-real-task-0166,signed_posttask,true,1,1783311775347,0,QmTApS5qYgw5B1RZ5zisGBzCjQxmJKLLc5piMQryNc95Lw,false
1516,e6-lifecycle-20260706T042251.490920785Z-c4-real-task-0166,signed_postallocation,true,2,1783311775348,0,QmTApS5qYgw5B1RZ5zisGBzCjQxmJKLLc5piMQryNc95Lw,false
1517,e6-lifecycle-20260706T042251.490920785Z-c4-real-task-0211,signed_posttask,true,5,1783311775347,0,QmSruFaoTdkpvWrKYpZR3J5CegMm6LLAWeQUC4xAiE69U9,false
1518,e6-lifecycle-20260706T042251.490920785Z-c4-real-task-0211,signed_postallocation,true,1,1783311775352,0,QmSruFaoTdkpvWrKYpZR3J5CegMm6LLAWeQUC4xAiE69U9,false
1519,e6-lifecycle-20260706T042251.490920785Z-c4-real-task-0166,signed_post_evalsnapshot,true,5,1783311775350,0,QmTApS5qYgw5B1RZ5zisGBzCjQxmJKLLc5piMQryNc95Lw,false
1520,e6-lifecycle-20260706T042251.490920785Z-c4-real-task-0166,signed_vote1,true,1,1783311775355,0,QmTApS5qYgw5B1RZ5zisGBzCjQxmJKLLc5piMQryNc95Lw,false
1521,e6-lifecycle-20260706T042251.490920785Z-c4-real-task-0211,signed_post_evalsnapshot,true,5,1783311775353,0,QmSruFaoTdkpvWrKYpZR3J5CegMm6LLAWeQUC4xAiE69U9,false
1522,e6-lifecycle-20260706T042251.490920785Z-c4-real-task-0211,signed_vote1,true,1,1783311775358,0,QmSruFaoTdkpvWrKYpZR3J5CegMm6LLAWeQUC4xAiE69U9,false
1523,e6-lifecycle-20260706T042251.490920785Z-c4-real-task-0166,signed_vote2,true,5,1783311775356,0,QmTApS5qYgw5B1RZ5zisGBzCjQxmJKLLc5piMQryNc95Lw,false
1524,e6-lifecycle-20260706T042251.490920785Z-c4-real-task-0166,signed_settlement,true,2,1783311775361,0,QmTApS5qYgw5B1RZ5zisGBzCjQxmJKLLc5piMQryNc95Lw,false
1525,e6-lifecycle-20260706T042251.490920785Z-c4-real-task-0211,signed_vote2,true,6,1783311775359,0,QmSruFaoTdkpvWrKYpZR3J5CegMm6LLAWeQUC4xAiE69U9,false
1526,e6-lifecycle-20260706T042251.490920785Z-c4-real-task-0166,signed_query_latest,true,3,1783311775363,0,QmTApS5qYgw5B1RZ5zisGBzCjQxmJKLLc5piMQryNc95Lw,false
1527,e6-lifecycle-20260706T042251.490920785Z-c4-real-task-0211,signed_settlement,true,1,1783311775365,0,QmSruFaoTdkpvWrKYpZR3J5CegMm6LLAWeQUC4xAiE69U9,false
1528,e6-lifecycle-20260706T042251.490920785Z-c4-real-task-0211,signed_query_latest,true,0,1783311775366,0,QmSruFaoTdkpvWrKYpZR3J5CegMm6LLAWeQUC4xAiE69U9,false
1529,e6-lifecycle-20260706T042251.490920785Z-c4-real-task-0169,ipfs_add,true,59,1783311775308,7969,,false
1530,e6-lifecycle-20260706T042251.490920785Z-c4-real-task-0169,signed_posttask,true,1,1783311775367,0,QmZLqC3g86PSYcSxK1cxvHGJ8Aik2UoKw8caWw7XhNXkPF,false
1531,e6-lifecycle-20260706T042251.490920785Z-c4-real-task-0169,signed_postallocation,true,2,1783311775368,0,QmZLqC3g86PSYcSxK1cxvHGJ8Aik2UoKw8caWw7XhNXkPF,false
1532,e6-lifecycle-20260706T042251.490920785Z-c4-real-task-0169,signed_post_evalsnapshot,true,2,1783311775370,0,QmZLqC3g86PSYcSxK1cxvHGJ8Aik2UoKw8caWw7XhNXkPF,false
1533,e6-lifecycle-20260706T042251.490920785Z-c4-real-task-0211,ipfs_verify,true,6,1783311775366,0,QmSruFaoTdkpvWrKYpZR3J5CegMm6LLAWeQUC4xAiE69U9,false
1534,e6-lifecycle-20260706T042251.490920785Z-c4-real-task-0166,ipfs_verify,true,6,1783311775366,0,QmTApS5qYgw5B1RZ5zisGBzCjQxmJKLLc5piMQryNc95Lw,false
1535,e6-lifecycle-20260706T042251.490920785Z-c4-real-task-0169,signed_vote1,true,1,1783311775372,0,QmZLqC3g86PSYcSxK1cxvHGJ8Aik2UoKw8caWw7XhNXkPF,false
1536,e6-lifecycle-20260706T042251.490920785Z-c4-real-task-0169,signed_vote2,true,2,1783311775373,0,QmZLqC3g86PSYcSxK1cxvHGJ8Aik2UoKw8caWw7XhNXkPF,false
1537,e6-lifecycle-20260706T042251.490920785Z-c4-real-task-0169,signed_settlement,true,2,1783311775375,0,QmZLqC3g86PSYcSxK1cxvHGJ8Aik2UoKw8caWw7XhNXkPF,false
1538,e6-lifecycle-20260706T042251.490920785Z-c4-real-task-0169,signed_query_latest,true,0,1783311775377,0,QmZLqC3g86PSYcSxK1cxvHGJ8Aik2UoKw8caWw7XhNXkPF,false
1539,e6-lifecycle-20260706T042251.490920785Z-c4-real-task-0169,ipfs_verify,true,8,1783311775377,0,QmZLqC3g86PSYcSxK1cxvHGJ8Aik2UoKw8caWw7XhNXkPF,false
1540,e6-lifecycle-20260706T042251.490920785Z-c4-real-task-0170,ipfs_add,true,44,1783311775345,4645,,false
1541,e6-lifecycle-20260706T042251.490920785Z-c4-real-task-0170,signed_posttask,true,2,1783311775389,0,QmSos72kuKbiboaW2t61phLxW7ptKFQdMCisw6tNBtbcDE,false
1542,e6-lifecycle-20260706T042251.490920785Z-c4-real-task-0170,signed_postallocation,true,2,1783311775391,0,QmSos72kuKbiboaW2t61phLxW7ptKFQdMCisw6tNBtbcDE,false
1543,e6-lifecycle-20260706T042251.490920785Z-c4-real-task-0170,signed_post_evalsnapshot,true,2,1783311775393,0,QmSos72kuKbiboaW2t61phLxW7ptKFQdMCisw6tNBtbcDE,false
1544,e6-lifecycle-20260706T042251.490920785Z-c4-real-task-0170,signed_vote1,true,2,1783311775395,0,QmSos72kuKbiboaW2t61phLxW7ptKFQdMCisw6tNBtbcDE,false
1545,e6-lifecycle-20260706T042251.490920785Z-c4-real-task-0170,signed_vote2,true,1,1783311775397,0,QmSos72kuKbiboaW2t61phLxW7ptKFQdMCisw6tNBtbcDE,false
1546,e6-lifecycle-20260706T042251.490920785Z-c4-real-task-0170,signed_settlement,true,2,1783311775398,0,QmSos72kuKbiboaW2t61phLxW7ptKFQdMCisw6tNBtbcDE,false
1547,e6-lifecycle-20260706T042251.490920785Z-c4-real-task-0170,signed_query_latest,true,0,1783311775400,0,QmSos72kuKbiboaW2t61phLxW7ptKFQdMCisw6tNBtbcDE,false
1548,e6-lifecycle-20260706T042251.490920785Z-c4-real-task-0170,ipfs_verify,true,8,1783311775400,0,QmSos72kuKbiboaW2t61phLxW7ptKFQdMCisw6tNBtbcDE,false
1549,e6-lifecycle-20260706T042251.490920785Z-c4-real-task-0171,ipfs_add,true,36,1783311775372,4195,,false
1550,e6-lifecycle-20260706T042251.490920785Z-c4-real-task-0171,signed_posttask,true,2,1783311775408,0,QmZjdLVQXtktv5yJUsy2JQrY7etRcY2dQbqD5P8k7FzLSd,false
1551,e6-lifecycle-20260706T042251.490920785Z-c4-real-task-0171,signed_postallocation,true,2,1783311775410,0,QmZjdLVQXtktv5yJUsy2JQrY7etRcY2dQbqD5P8k7FzLSd,false
1552,e6-lifecycle-20260706T042251.490920785Z-c4-real-task-0171,signed_post_evalsnapshot,true,1,1783311775412,0,QmZjdLVQXtktv5yJUsy2JQrY7etRcY2dQbqD5P8k7FzLSd,false
1553,e6-lifecycle-20260706T042251.490920785Z-c4-real-task-0171,signed_vote1,true,2,1783311775413,0,QmZjdLVQXtktv5yJUsy2JQrY7etRcY2dQbqD5P8k7FzLSd,false
1554,e6-lifecycle-20260706T042251.490920785Z-c4-real-task-0171,signed_vote2,true,1,1783311775415,0,QmZjdLVQXtktv5yJUsy2JQrY7etRcY2dQbqD5P8k7FzLSd,false
1555,e6-lifecycle-20260706T042251.490920785Z-c4-real-task-0171,signed_settlement,true,2,1783311775416,0,QmZjdLVQXtktv5yJUsy2JQrY7etRcY2dQbqD5P8k7FzLSd,false
1556,e6-lifecycle-20260706T042251.490920785Z-c4-real-task-0171,signed_query_latest,true,0,1783311775418,0,QmZjdLVQXtktv5yJUsy2JQrY7etRcY2dQbqD5P8k7FzLSd,false
1557,e6-lifecycle-20260706T042251.490920785Z-c4-real-task-0171,ipfs_verify,true,7,1783311775418,0,QmZjdLVQXtktv5yJUsy2JQrY7etRcY2dQbqD5P8k7FzLSd,false
1558,e6-lifecycle-20260706T042251.490920785Z-c4-real-task-0172,ipfs_add,true,55,1783311775372,1446,,false
1559,e6-lifecycle-20260706T042251.490920785Z-c4-real-task-0172,signed_posttask,true,2,1783311775427,0,QmWCXhJMHo5d7nRYTgmt9DNVZcy4VxB9ac3rTxcCb2NF2D,false
1560,e6-lifecycle-20260706T042251.490920785Z-c4-real-task-0172,signed_postallocation,true,2,1783311775429,0,QmWCXhJMHo5d7nRYTgmt9DNVZcy4VxB9ac3rTxcCb2NF2D,false
1561,e6-lifecycle-20260706T042251.490920785Z-c4-real-task-0172,signed_post_evalsnapshot,true,1,1783311775431,0,QmWCXhJMHo5d7nRYTgmt9DNVZcy4VxB9ac3rTxcCb2NF2D,false
1562,e6-lifecycle-20260706T042251.490920785Z-c4-real-task-0172,signed_vote1,true,3,1783311775432,0,QmWCXhJMHo5d7nRYTgmt9DNVZcy4VxB9ac3rTxcCb2NF2D,false
1563,e6-lifecycle-20260706T042251.490920785Z-c4-real-task-0172,signed_vote2,true,1,1783311775435,0,QmWCXhJMHo5d7nRYTgmt9DNVZcy4VxB9ac3rTxcCb2NF2D,false
1564,e6-lifecycle-20260706T042251.490920785Z-c4-real-task-0172,signed_settlement,true,2,1783311775436,0,QmWCXhJMHo5d7nRYTgmt9DNVZcy4VxB9ac3rTxcCb2NF2D,false
1565,e6-lifecycle-20260706T042251.490920785Z-c4-real-task-0172,signed_query_latest,true,0,1783311775438,0,QmWCXhJMHo5d7nRYTgmt9DNVZcy4VxB9ac3rTxcCb2NF2D,false
1566,e6-lifecycle-20260706T042251.490920785Z-c4-real-task-0172,ipfs_verify,true,7,1783311775438,0,QmWCXhJMHo5d7nRYTgmt9DNVZcy4VxB9ac3rTxcCb2NF2D,false
1567,e6-lifecycle-20260706T042251.490920785Z-c4-real-task-0173,ipfs_add,true,60,1783311775385,4300,,false
1568,e6-lifecycle-20260706T042251.490920785Z-c4-real-task-0173,signed_posttask,true,2,1783311775445,0,QmbfTxCmxcHLajsThp62tm2pwqsRpuG1kR3xMMAoDmU5AM,false
1569,e6-lifecycle-20260706T042251.490920785Z-c4-real-task-0173,signed_postallocation,true,1,1783311775447,0,QmbfTxCmxcHLajsThp62tm2pwqsRpuG1kR3xMMAoDmU5AM,false
1570,e6-lifecycle-20260706T042251.490920785Z-c4-real-task-0173,signed_post_evalsnapshot,true,2,1783311775448,0,QmbfTxCmxcHLajsThp62tm2pwqsRpuG1kR3xMMAoDmU5AM,false
1571,e6-lifecycle-20260706T042251.490920785Z-c4-real-task-0173,signed_vote1,true,1,1783311775450,0,QmbfTxCmxcHLajsThp62tm2pwqsRpuG1kR3xMMAoDmU5AM,false
1572,e6-lifecycle-20260706T042251.490920785Z-c4-real-task-0173,signed_vote2,true,2,1783311775451,0,QmbfTxCmxcHLajsThp62tm2pwqsRpuG1kR3xMMAoDmU5AM,false
1573,e6-lifecycle-20260706T042251.490920785Z-c4-real-task-0173,signed_settlement,true,2,1783311775453,0,QmbfTxCmxcHLajsThp62tm2pwqsRpuG1kR3xMMAoDmU5AM,false
1574,e6-lifecycle-20260706T042251.490920785Z-c4-real-task-0173,signed_query_latest,true,0,1783311775455,0,QmbfTxCmxcHLajsThp62tm2pwqsRpuG1kR3xMMAoDmU5AM,false
1575,e6-lifecycle-20260706T042251.490920785Z-c4-real-task-0173,ipfs_verify,true,6,1783311775455,0,QmbfTxCmxcHLajsThp62tm2pwqsRpuG1kR3xMMAoDmU5AM,false
1576,e6-lifecycle-20260706T042251.490920785Z-c4-real-task-0174,ipfs_add,true,57,1783311775408,5608,,false
1577,e6-lifecycle-20260706T042251.490920785Z-c4-real-task-0174,signed_posttask,true,1,1783311775465,0,QmPxEGbddJ32igioNjm2AWhhmWQnoqqpTMJsfYKy6YhAFx,false
1578,e6-lifecycle-20260706T042251.490920785Z-c4-real-task-0174,signed_postallocation,true,2,1783311775466,0,QmPxEGbddJ32igioNjm2AWhhmWQnoqqpTMJsfYKy6YhAFx,false
1579,e6-lifecycle-20260706T042251.490920785Z-c4-real-task-0174,signed_post_evalsnapshot,true,2,1783311775468,0,QmPxEGbddJ32igioNjm2AWhhmWQnoqqpTMJsfYKy6YhAFx,false
1580,e6-lifecycle-20260706T042251.490920785Z-c4-real-task-0174,signed_vote1,true,1,1783311775470,0,QmPxEGbddJ32igioNjm2AWhhmWQnoqqpTMJsfYKy6YhAFx,false
1581,e6-lifecycle-20260706T042251.490920785Z-c4-real-task-0174,signed_vote2,true,2,1783311775471,0,QmPxEGbddJ32igioNjm2AWhhmWQnoqqpTMJsfYKy6YhAFx,false
1582,e6-lifecycle-20260706T042251.490920785Z-c4-real-task-0174,signed_settlement,true,2,1783311775473,0,QmPxEGbddJ32igioNjm2AWhhmWQnoqqpTMJsfYKy6YhAFx,false
1583,e6-lifecycle-20260706T042251.490920785Z-c4-real-task-0174,signed_query_latest,true,0,1783311775475,0,QmPxEGbddJ32igioNjm2AWhhmWQnoqqpTMJsfYKy6YhAFx,false
1584,e6-lifecycle-20260706T042251.490920785Z-c4-real-task-0174,ipfs_verify,true,8,1783311775475,0,QmPxEGbddJ32igioNjm2AWhhmWQnoqqpTMJsfYKy6YhAFx,false
1585,e6-lifecycle-20260706T042251.490920785Z-c4-real-task-0175,ipfs_add,true,59,1783311775425,3257,,false
1586,e6-lifecycle-20260706T042251.490920785Z-c4-real-task-0175,signed_posttask,true,2,1783311775484,0,Qme56HU6MmPTV4JMa2UFRRBLDMk4TTUSKEeBW74bEDj7dJ,false
1587,e6-lifecycle-20260706T042251.490920785Z-c4-real-task-0175,signed_postallocation,true,1,1783311775486,0,Qme56HU6MmPTV4JMa2UFRRBLDMk4TTUSKEeBW74bEDj7dJ,false
1588,e6-lifecycle-20260706T042251.490920785Z-c4-real-task-0175,signed_post_evalsnapshot,true,1,1783311775487,0,Qme56HU6MmPTV4JMa2UFRRBLDMk4TTUSKEeBW74bEDj7dJ,false
1589,e6-lifecycle-20260706T042251.490920785Z-c4-real-task-0175,signed_vote1,true,2,1783311775488,0,Qme56HU6MmPTV4JMa2UFRRBLDMk4TTUSKEeBW74bEDj7dJ,false
1590,e6-lifecycle-20260706T042251.490920785Z-c4-real-task-0175,signed_vote2,true,1,1783311775490,0,Qme56HU6MmPTV4JMa2UFRRBLDMk4TTUSKEeBW74bEDj7dJ,false
1591,e6-lifecycle-20260706T042251.490920785Z-c4-real-task-0175,signed_settlement,true,2,1783311775491,0,Qme56HU6MmPTV4JMa2UFRRBLDMk4TTUSKEeBW74bEDj7dJ,false
1592,e6-lifecycle-20260706T042251.490920785Z-c4-real-task-0175,signed_query_latest,true,0,1783311775493,0,Qme56HU6MmPTV4JMa2UFRRBLDMk4TTUSKEeBW74bEDj7dJ,false
1593,e6-lifecycle-20260706T042251.490920785Z-c4-real-task-0175,ipfs_verify,true,8,1783311775493,0,Qme56HU6MmPTV4JMa2UFRRBLDMk4TTUSKEeBW74bEDj7dJ,false
1594,e6-lifecycle-20260706T042251.490920785Z-c4-real-task-0177,ipfs_add,true,65,1783311775461,5306,,false
1595,e6-lifecycle-20260706T042251.490920785Z-c4-real-task-0177,signed_posttask,true,2,1783311775526,0,Qme3x2wCQzF4crmA39HiD75kt4VPr32vpRsBDzTvRxgq25,false
1596,e6-lifecycle-20260706T042251.490920785Z-c4-real-task-0177,signed_postallocation,true,2,1783311775528,0,Qme3x2wCQzF4crmA39HiD75kt4VPr32vpRsBDzTvRxgq25,false
1597,e6-lifecycle-20260706T042251.490920785Z-c4-real-task-0177,signed_post_evalsnapshot,true,2,1783311775530,0,Qme3x2wCQzF4crmA39HiD75kt4VPr32vpRsBDzTvRxgq25,false
1598,e6-lifecycle-20260706T042251.490920785Z-c4-real-task-0177,signed_vote1,true,2,1783311775532,0,Qme3x2wCQzF4crmA39HiD75kt4VPr32vpRsBDzTvRxgq25,false
1599,e6-lifecycle-20260706T042251.490920785Z-c4-real-task-0177,signed_vote2,true,2,1783311775534,0,Qme3x2wCQzF4crmA39HiD75kt4VPr32vpRsBDzTvRxgq25,false
1600,e6-lifecycle-20260706T042251.490920785Z-c4-real-task-0177,signed_settlement,true,2,1783311775536,0,Qme3x2wCQzF4crmA39HiD75kt4VPr32vpRsBDzTvRxgq25,false
1601,e6-lifecycle-20260706T042251.490920785Z-c4-real-task-0177,signed_query_latest,true,0,1783311775538,0,Qme3x2wCQzF4crmA39HiD75kt4VPr32vpRsBDzTvRxgq25,false
1602,e6-lifecycle-20260706T042251.490920785Z-c4-real-task-0178,ipfs_add,true,64,1783311775483,4045,,false
1603,e6-lifecycle-20260706T042251.490920785Z-c4-real-task-0176,ipfs_add,true,102,1783311775445,4034,,false
1604,e6-lifecycle-20260706T042251.490920785Z-c4-real-task-0177,ipfs_verify,true,12,1783311775538,0,Qme3x2wCQzF4crmA39HiD75kt4VPr32vpRsBDzTvRxgq25,false
1605,e6-lifecycle-20260706T042251.490920785Z-c4-real-task-0178,signed_posttask,true,3,1783311775547,0,QmcMmCeXPTgB5hUZ5zyMPbzTYpXhmULJPRgFkQk49JE2yo,false
1606,e6-lifecycle-20260706T042251.490920785Z-c4-real-task-0178,signed_postallocation,true,2,1783311775550,0,QmcMmCeXPTgB5hUZ5zyMPbzTYpXhmULJPRgFkQk49JE2yo,false
1607,e6-lifecycle-20260706T042251.490920785Z-c4-real-task-0176,signed_posttask,true,7,1783311775547,0,QmWYpLa462QawExYZYEgndjMGHkBMC8A8zrbHbrtqQ4Wqh,false
1608,e6-lifecycle-20260706T042251.490920785Z-c4-real-task-0176,signed_postallocation,true,2,1783311775554,0,QmWYpLa462QawExYZYEgndjMGHkBMC8A8zrbHbrtqQ4Wqh,false
1609,e6-lifecycle-20260706T042251.490920785Z-c4-real-task-0178,signed_post_evalsnapshot,true,6,1783311775552,0,QmcMmCeXPTgB5hUZ5zyMPbzTYpXhmULJPRgFkQk49JE2yo,false
1610,e6-lifecycle-20260706T042251.490920785Z-c4-real-task-0178,signed_vote1,true,3,1783311775558,0,QmcMmCeXPTgB5hUZ5zyMPbzTYpXhmULJPRgFkQk49JE2yo,false
1611,e6-lifecycle-20260706T042251.490920785Z-c4-real-task-0176,signed_post_evalsnapshot,true,7,1783311775556,0,QmWYpLa462QawExYZYEgndjMGHkBMC8A8zrbHbrtqQ4Wqh,false
1612,e6-lifecycle-20260706T042251.490920785Z-c4-real-task-0176,signed_vote1,true,2,1783311775563,0,QmWYpLa462QawExYZYEgndjMGHkBMC8A8zrbHbrtqQ4Wqh,false
1613,e6-lifecycle-20260706T042251.490920785Z-c4-real-task-0178,signed_vote2,true,6,1783311775561,0,QmcMmCeXPTgB5hUZ5zyMPbzTYpXhmULJPRgFkQk49JE2yo,false
1614,e6-lifecycle-20260706T042251.490920785Z-c4-real-task-0178,signed_settlement,true,2,1783311775567,0,QmcMmCeXPTgB5hUZ5zyMPbzTYpXhmULJPRgFkQk49JE2yo,false
1615,e6-lifecycle-20260706T042251.490920785Z-c4-real-task-0176,signed_vote2,true,5,1783311775565,0,QmWYpLa462QawExYZYEgndjMGHkBMC8A8zrbHbrtqQ4Wqh,false
1616,e6-lifecycle-20260706T042251.490920785Z-c4-real-task-0179,ipfs_add,true,71,1783311775501,4715,,false
1617,e6-lifecycle-20260706T042251.490920785Z-c4-real-task-0176,signed_settlement,true,3,1783311775570,0,QmWYpLa462QawExYZYEgndjMGHkBMC8A8zrbHbrtqQ4Wqh,false
1618,e6-lifecycle-20260706T042251.490920785Z-c4-real-task-0178,signed_query_latest,true,4,1783311775569,0,QmcMmCeXPTgB5hUZ5zyMPbzTYpXhmULJPRgFkQk49JE2yo,false
1619,e6-lifecycle-20260706T042251.490920785Z-c4-real-task-0179,signed_posttask,true,2,1783311775572,0,QmQrqM4ZAvnyMT9d45SyZYnGsRCBnWyWFkrZS7cSaxgJa7,false
1620,e6-lifecycle-20260706T042251.490920785Z-c4-real-task-0176,signed_query_latest,true,3,1783311775573,0,QmWYpLa462QawExYZYEgndjMGHkBMC8A8zrbHbrtqQ4Wqh,false
1621,e6-lifecycle-20260706T042251.490920785Z-c4-real-task-0179,signed_postallocation,true,2,1783311775574,0,QmQrqM4ZAvnyMT9d45SyZYnGsRCBnWyWFkrZS7cSaxgJa7,false
1622,e6-lifecycle-20260706T042251.490920785Z-c4-real-task-0179,signed_post_evalsnapshot,true,2,1783311775576,0,QmQrqM4ZAvnyMT9d45SyZYnGsRCBnWyWFkrZS7cSaxgJa7,false
1623,e6-lifecycle-20260706T042251.490920785Z-c4-real-task-0179,signed_vote1,true,2,1783311775578,0,QmQrqM4ZAvnyMT9d45SyZYnGsRCBnWyWFkrZS7cSaxgJa7,false
1624,e6-lifecycle-20260706T042251.490920785Z-c4-real-task-0179,signed_vote2,true,1,1783311775580,0,QmQrqM4ZAvnyMT9d45SyZYnGsRCBnWyWFkrZS7cSaxgJa7,false
1625,e6-lifecycle-20260706T042251.490920785Z-c4-real-task-0178,ipfs_verify,true,10,1783311775573,0,QmcMmCeXPTgB5hUZ5zyMPbzTYpXhmULJPRgFkQk49JE2yo,false
1626,e6-lifecycle-20260706T042251.490920785Z-c4-real-task-0179,signed_settlement,true,2,1783311775581,0,QmQrqM4ZAvnyMT9d45SyZYnGsRCBnWyWFkrZS7cSaxgJa7,false
1627,e6-lifecycle-20260706T042251.490920785Z-c4-real-task-0179,signed_query_latest,true,0,1783311775583,0,QmQrqM4ZAvnyMT9d45SyZYnGsRCBnWyWFkrZS7cSaxgJa7,false
1628,e6-lifecycle-20260706T042251.490920785Z-c4-real-task-0176,ipfs_verify,true,8,1783311775576,0,QmWYpLa462QawExYZYEgndjMGHkBMC8A8zrbHbrtqQ4Wqh,false
1629,e6-lifecycle-20260706T042251.490920785Z-c4-real-task-0179,ipfs_verify,true,6,1783311775583,0,QmQrqM4ZAvnyMT9d45SyZYnGsRCBnWyWFkrZS7cSaxgJa7,false
1630,e6-lifecycle-20260706T042251.490920785Z-c4-real-task-0180,ipfs_add,true,42,1783311775550,2760,,false
1631,e6-lifecycle-20260706T042251.490920785Z-c4-real-task-0180,signed_posttask,true,2,1783311775592,0,QmR6Px5R1u5xpqRRLw23vf5EBSJuihmVCpGdNJzv4EWUGT,false
1632,e6-lifecycle-20260706T042251.490920785Z-c4-real-task-0180,signed_postallocation,true,1,1783311775594,0,QmR6Px5R1u5xpqRRLw23vf5EBSJuihmVCpGdNJzv4EWUGT,false
1633,e6-lifecycle-20260706T042251.490920785Z-c4-real-task-0180,signed_post_evalsnapshot,true,2,1783311775595,0,QmR6Px5R1u5xpqRRLw23vf5EBSJuihmVCpGdNJzv4EWUGT,false
1634,e6-lifecycle-20260706T042251.490920785Z-c4-real-task-0180,signed_vote1,true,1,1783311775597,0,QmR6Px5R1u5xpqRRLw23vf5EBSJuihmVCpGdNJzv4EWUGT,false
1635,e6-lifecycle-20260706T042251.490920785Z-c4-real-task-0180,signed_vote2,true,2,1783311775598,0,QmR6Px5R1u5xpqRRLw23vf5EBSJuihmVCpGdNJzv4EWUGT,false
1636,e6-lifecycle-20260706T042251.490920785Z-c4-real-task-0180,signed_settlement,true,1,1783311775600,0,QmR6Px5R1u5xpqRRLw23vf5EBSJuihmVCpGdNJzv4EWUGT,false
1637,e6-lifecycle-20260706T042251.490920785Z-c4-real-task-0180,signed_query_latest,true,0,1783311775601,0,QmR6Px5R1u5xpqRRLw23vf5EBSJuihmVCpGdNJzv4EWUGT,false
1638,e6-lifecycle-20260706T042251.490920785Z-c4-real-task-0180,ipfs_verify,true,6,1783311775601,0,QmR6Px5R1u5xpqRRLw23vf5EBSJuihmVCpGdNJzv4EWUGT,false
1639,e6-lifecycle-20260706T042251.490920785Z-c4-real-task-0181,ipfs_add,true,31,1783311775583,7983,,false
1640,e6-lifecycle-20260706T042251.490920785Z-c4-real-task-0181,signed_posttask,true,2,1783311775614,0,QmXfW8NQE7G8zKM2qSnSb7fyMnVy3r3ZfRZA2fMzkkS18d,false
1641,e6-lifecycle-20260706T042251.490920785Z-c4-real-task-0181,signed_postallocation,true,2,1783311775616,0,QmXfW8NQE7G8zKM2qSnSb7fyMnVy3r3ZfRZA2fMzkkS18d,false
1642,e6-lifecycle-20260706T042251.490920785Z-c4-real-task-0181,signed_post_evalsnapshot,true,2,1783311775618,0,QmXfW8NQE7G8zKM2qSnSb7fyMnVy3r3ZfRZA2fMzkkS18d,false
1643,e6-lifecycle-20260706T042251.490920785Z-c4-real-task-0181,signed_vote1,true,1,1783311775620,0,QmXfW8NQE7G8zKM2qSnSb7fyMnVy3r3ZfRZA2fMzkkS18d,false
1644,e6-lifecycle-20260706T042251.490920785Z-c4-real-task-0181,signed_vote2,true,1,1783311775621,0,QmXfW8NQE7G8zKM2qSnSb7fyMnVy3r3ZfRZA2fMzkkS18d,false
1645,e6-lifecycle-20260706T042251.490920785Z-c4-real-task-0181,signed_settlement,true,2,1783311775622,0,QmXfW8NQE7G8zKM2qSnSb7fyMnVy3r3ZfRZA2fMzkkS18d,false
1646,e6-lifecycle-20260706T042251.490920785Z-c4-real-task-0181,signed_query_latest,true,0,1783311775624,0,QmXfW8NQE7G8zKM2qSnSb7fyMnVy3r3ZfRZA2fMzkkS18d,false
1647,e6-lifecycle-20260706T042251.490920785Z-c4-real-task-0181,ipfs_verify,true,7,1783311775624,0,QmXfW8NQE7G8zKM2qSnSb7fyMnVy3r3ZfRZA2fMzkkS18d,false
1648,e6-lifecycle-20260706T042251.490920785Z-c4-real-task-0182,ipfs_add,true,55,1783311775585,7430,,false
1649,e6-lifecycle-20260706T042251.490920785Z-c4-real-task-0182,signed_posttask,true,2,1783311775640,0,QmPh87qX4uXxDva18VFEqYFHobSnGGDvKi4JqHTLbhxoLw,false
1650,e6-lifecycle-20260706T042251.490920785Z-c4-real-task-0182,signed_postallocation,true,1,1783311775642,0,QmPh87qX4uXxDva18VFEqYFHobSnGGDvKi4JqHTLbhxoLw,false
1651,e6-lifecycle-20260706T042251.490920785Z-c4-real-task-0182,signed_post_evalsnapshot,true,2,1783311775643,0,QmPh87qX4uXxDva18VFEqYFHobSnGGDvKi4JqHTLbhxoLw,false
1652,e6-lifecycle-20260706T042251.490920785Z-c4-real-task-0182,signed_vote1,true,1,1783311775645,0,QmPh87qX4uXxDva18VFEqYFHobSnGGDvKi4JqHTLbhxoLw,false
1653,e6-lifecycle-20260706T042251.490920785Z-c4-real-task-0182,signed_vote2,true,2,1783311775646,0,QmPh87qX4uXxDva18VFEqYFHobSnGGDvKi4JqHTLbhxoLw,false
1654,e6-lifecycle-20260706T042251.490920785Z-c4-real-task-0182,signed_settlement,true,1,1783311775648,0,QmPh87qX4uXxDva18VFEqYFHobSnGGDvKi4JqHTLbhxoLw,false
1655,e6-lifecycle-20260706T042251.490920785Z-c4-real-task-0182,signed_query_latest,true,0,1783311775649,0,QmPh87qX4uXxDva18VFEqYFHobSnGGDvKi4JqHTLbhxoLw,false
1656,e6-lifecycle-20260706T042251.490920785Z-c4-real-task-0182,ipfs_verify,true,6,1783311775649,0,QmPh87qX4uXxDva18VFEqYFHobSnGGDvKi4JqHTLbhxoLw,false
1657,e6-lifecycle-20260706T042251.490920785Z-c4-real-task-0183,ipfs_add,true,72,1783311775590,4217,,false
1658,e6-lifecycle-20260706T042251.490920785Z-c4-real-task-0183,signed_posttask,true,2,1783311775662,0,QmbPwt9E6tLQ5debxusYUVQUr65wy3vAm8TvxdJjEf6yoF,false
1659,e6-lifecycle-20260706T042251.490920785Z-c4-real-task-0183,signed_postallocation,true,1,1783311775664,0,QmbPwt9E6tLQ5debxusYUVQUr65wy3vAm8TvxdJjEf6yoF,false
1660,e6-lifecycle-20260706T042251.490920785Z-c4-real-task-0183,signed_post_evalsnapshot,true,2,1783311775665,0,QmbPwt9E6tLQ5debxusYUVQUr65wy3vAm8TvxdJjEf6yoF,false
1661,e6-lifecycle-20260706T042251.490920785Z-c4-real-task-0183,signed_vote1,true,2,1783311775667,0,QmbPwt9E6tLQ5debxusYUVQUr65wy3vAm8TvxdJjEf6yoF,false
1662,e6-lifecycle-20260706T042251.490920785Z-c4-real-task-0183,signed_vote2,true,1,1783311775669,0,QmbPwt9E6tLQ5debxusYUVQUr65wy3vAm8TvxdJjEf6yoF,false
1663,e6-lifecycle-20260706T042251.490920785Z-c4-real-task-0183,signed_settlement,true,2,1783311775670,0,QmbPwt9E6tLQ5debxusYUVQUr65wy3vAm8TvxdJjEf6yoF,false
1664,e6-lifecycle-20260706T042251.490920785Z-c4-real-task-0183,signed_query_latest,true,0,1783311775672,0,QmbPwt9E6tLQ5debxusYUVQUr65wy3vAm8TvxdJjEf6yoF,false
1665,e6-lifecycle-20260706T042251.490920785Z-c4-real-task-0183,ipfs_verify,true,8,1783311775672,0,QmbPwt9E6tLQ5debxusYUVQUr65wy3vAm8TvxdJjEf6yoF,false
1666,e6-lifecycle-20260706T042251.490920785Z-c4-real-task-0184,ipfs_add,true,73,1783311775607,4322,,false
1667,e6-lifecycle-20260706T042251.490920785Z-c4-real-task-0184,signed_posttask,true,2,1783311775680,0,QmPSZKSDhc3oMmRRsdGa893tPo9QETi3JkqUddqajNAxLy,false
1668,e6-lifecycle-20260706T042251.490920785Z-c4-real-task-0184,signed_postallocation,true,1,1783311775682,0,QmPSZKSDhc3oMmRRsdGa893tPo9QETi3JkqUddqajNAxLy,false
1669,e6-lifecycle-20260706T042251.490920785Z-c4-real-task-0184,signed_post_evalsnapshot,true,2,1783311775683,0,QmPSZKSDhc3oMmRRsdGa893tPo9QETi3JkqUddqajNAxLy,false
1670,e6-lifecycle-20260706T042251.490920785Z-c4-real-task-0184,signed_vote1,true,1,1783311775685,0,QmPSZKSDhc3oMmRRsdGa893tPo9QETi3JkqUddqajNAxLy,false
1671,e6-lifecycle-20260706T042251.490920785Z-c4-real-task-0184,signed_vote2,true,2,1783311775686,0,QmPSZKSDhc3oMmRRsdGa893tPo9QETi3JkqUddqajNAxLy,false
1672,e6-lifecycle-20260706T042251.490920785Z-c4-real-task-0184,signed_settlement,true,1,1783311775688,0,QmPSZKSDhc3oMmRRsdGa893tPo9QETi3JkqUddqajNAxLy,false
1673,e6-lifecycle-20260706T042251.490920785Z-c4-real-task-0184,signed_query_latest,true,0,1783311775689,0,QmPSZKSDhc3oMmRRsdGa893tPo9QETi3JkqUddqajNAxLy,false
1674,e6-lifecycle-20260706T042251.490920785Z-c4-real-task-0184,ipfs_verify,true,7,1783311775689,0,QmPSZKSDhc3oMmRRsdGa893tPo9QETi3JkqUddqajNAxLy,false
1675,e6-lifecycle-20260706T042251.490920785Z-c4-real-task-0185,ipfs_add,true,67,1783311775631,4040,,false
1676,e6-lifecycle-20260706T042251.490920785Z-c4-real-task-0185,signed_posttask,true,3,1783311775698,0,QmT4bZjUycokNSYzs2a92RaLgz1rz7cYRBH2nyFGYtkV7Q,false
1677,e6-lifecycle-20260706T042251.490920785Z-c4-real-task-0185,signed_postallocation,true,2,1783311775701,0,QmT4bZjUycokNSYzs2a92RaLgz1rz7cYRBH2nyFGYtkV7Q,false
1678,e6-lifecycle-20260706T042251.490920785Z-c4-real-task-0185,signed_post_evalsnapshot,true,1,1783311775703,0,QmT4bZjUycokNSYzs2a92RaLgz1rz7cYRBH2nyFGYtkV7Q,false
1679,e6-lifecycle-20260706T042251.490920785Z-c4-real-task-0185,signed_vote1,true,2,1783311775704,0,QmT4bZjUycokNSYzs2a92RaLgz1rz7cYRBH2nyFGYtkV7Q,false
1680,e6-lifecycle-20260706T042251.490920785Z-c4-real-task-0185,signed_vote2,true,2,1783311775706,0,QmT4bZjUycokNSYzs2a92RaLgz1rz7cYRBH2nyFGYtkV7Q,false
1681,e6-lifecycle-20260706T042251.490920785Z-c4-real-task-0185,signed_settlement,true,2,1783311775708,0,QmT4bZjUycokNSYzs2a92RaLgz1rz7cYRBH2nyFGYtkV7Q,false
1682,e6-lifecycle-20260706T042251.490920785Z-c4-real-task-0185,signed_query_latest,true,0,1783311775710,0,QmT4bZjUycokNSYzs2a92RaLgz1rz7cYRBH2nyFGYtkV7Q,false
1683,e6-lifecycle-20260706T042251.490920785Z-c4-real-task-0185,ipfs_verify,true,7,1783311775710,0,QmT4bZjUycokNSYzs2a92RaLgz1rz7cYRBH2nyFGYtkV7Q,false
1684,e6-lifecycle-20260706T042251.490920785Z-c4-real-task-0186,ipfs_add,true,96,1783311775655,3760,,false
1685,e6-lifecycle-20260706T042251.490920785Z-c4-real-task-0186,signed_posttask,true,2,1783311775751,0,QmZA8PgSFKJwCnC8xR9o1nzuniwJhwtRPJevn7qR23cM26,false
1686,e6-lifecycle-20260706T042251.490920785Z-c4-real-task-0186,signed_postallocation,true,1,1783311775753,0,QmZA8PgSFKJwCnC8xR9o1nzuniwJhwtRPJevn7qR23cM26,false
1687,e6-lifecycle-20260706T042251.490920785Z-c4-real-task-0186,signed_post_evalsnapshot,true,2,1783311775754,0,QmZA8PgSFKJwCnC8xR9o1nzuniwJhwtRPJevn7qR23cM26,false
1688,e6-lifecycle-20260706T042251.490920785Z-c4-real-task-0186,signed_vote1,true,2,1783311775756,0,QmZA8PgSFKJwCnC8xR9o1nzuniwJhwtRPJevn7qR23cM26,false
1689,e6-lifecycle-20260706T042251.490920785Z-c4-real-task-0186,signed_vote2,true,1,1783311775758,0,QmZA8PgSFKJwCnC8xR9o1nzuniwJhwtRPJevn7qR23cM26,false
1690,e6-lifecycle-20260706T042251.490920785Z-c4-real-task-0186,signed_settlement,true,2,1783311775759,0,QmZA8PgSFKJwCnC8xR9o1nzuniwJhwtRPJevn7qR23cM26,false
1691,e6-lifecycle-20260706T042251.490920785Z-c4-real-task-0186,signed_query_latest,true,0,1783311775761,0,QmZA8PgSFKJwCnC8xR9o1nzuniwJhwtRPJevn7qR23cM26,false
1692,e6-lifecycle-20260706T042251.490920785Z-c4-real-task-0186,ipfs_verify,true,7,1783311775761,0,QmZA8PgSFKJwCnC8xR9o1nzuniwJhwtRPJevn7qR23cM26,false
1693,e6-lifecycle-20260706T042251.490920785Z-c4-real-task-0188,ipfs_add,true,72,1783311775696,3588,,false
1694,e6-lifecycle-20260706T042251.490920785Z-c4-real-task-0189,ipfs_add,true,51,1783311775717,3813,,false
1695,e6-lifecycle-20260706T042251.490920785Z-c4-real-task-0187,ipfs_add,true,88,1783311775680,3817,,false
1696,e6-lifecycle-20260706T042251.490920785Z-c4-real-task-0188,signed_posttask,true,2,1783311775768,0,QmcA2snS31e3yhCPjoMSmuW8w6FVceBCsiYRZuzgLXJZRG,false
1697,e6-lifecycle-20260706T042251.490920785Z-c4-real-task-0188,signed_postallocation,true,1,1783311775770,0,QmcA2snS31e3yhCPjoMSmuW8w6FVceBCsiYRZuzgLXJZRG,false
1698,e6-lifecycle-20260706T042251.490920785Z-c4-real-task-0189,signed_posttask,true,5,1783311775768,0,QmddcGv3BfwnFZsm5H1ArqWuKN7jPveB9ZhCJXqBYVXr4Z,false
1699,e6-lifecycle-20260706T042251.490920785Z-c4-real-task-0187,signed_posttask,true,6,1783311775768,0,Qmf8fbnaf3R2y5rxjCXbb3pgaPsQKQp68yoMb3dsh3Aeyh,false
1700,e6-lifecycle-20260706T042251.490920785Z-c4-real-task-0188,signed_post_evalsnapshot,true,5,1783311775771,0,QmcA2snS31e3yhCPjoMSmuW8w6FVceBCsiYRZuzgLXJZRG,false
1701,e6-lifecycle-20260706T042251.490920785Z-c4-real-task-0189,signed_postallocation,true,4,1783311775773,0,QmddcGv3BfwnFZsm5H1ArqWuKN7jPveB9ZhCJXqBYVXr4Z,false
1702,e6-lifecycle-20260706T042251.490920785Z-c4-real-task-0187,signed_postallocation,true,5,1783311775774,0,Qmf8fbnaf3R2y5rxjCXbb3pgaPsQKQp68yoMb3dsh3Aeyh,false
1703,e6-lifecycle-20260706T042251.490920785Z-c4-real-task-0188,signed_vote1,true,4,1783311775776,0,QmcA2snS31e3yhCPjoMSmuW8w6FVceBCsiYRZuzgLXJZRG,false
1704,e6-lifecycle-20260706T042251.490920785Z-c4-real-task-0189,signed_post_evalsnapshot,true,5,1783311775777,0,QmddcGv3BfwnFZsm5H1ArqWuKN7jPveB9ZhCJXqBYVXr4Z,false
1705,e6-lifecycle-20260706T042251.490920785Z-c4-real-task-0187,signed_post_evalsnapshot,true,4,1783311775779,0,Qmf8fbnaf3R2y5rxjCXbb3pgaPsQKQp68yoMb3dsh3Aeyh,false
1706,e6-lifecycle-20260706T042251.490920785Z-c4-real-task-0188,signed_vote2,true,5,1783311775780,0,QmcA2snS31e3yhCPjoMSmuW8w6FVceBCsiYRZuzgLXJZRG,false
1707,e6-lifecycle-20260706T042251.490920785Z-c4-real-task-0189,signed_vote1,true,4,1783311775782,0,QmddcGv3BfwnFZsm5H1ArqWuKN7jPveB9ZhCJXqBYVXr4Z,false
1708,e6-lifecycle-20260706T042251.490920785Z-c4-real-task-0187,signed_vote1,true,5,1783311775783,0,Qmf8fbnaf3R2y5rxjCXbb3pgaPsQKQp68yoMb3dsh3Aeyh,false
1709,e6-lifecycle-20260706T042251.490920785Z-c4-real-task-0188,signed_settlement,true,5,1783311775785,0,QmcA2snS31e3yhCPjoMSmuW8w6FVceBCsiYRZuzgLXJZRG,false
1710,e6-lifecycle-20260706T042251.490920785Z-c4-real-task-0189,signed_vote2,true,5,1783311775786,0,QmddcGv3BfwnFZsm5H1ArqWuKN7jPveB9ZhCJXqBYVXr4Z,false
1711,e6-lifecycle-20260706T042251.490920785Z-c4-real-task-0187,signed_vote2,true,5,1783311775788,0,Qmf8fbnaf3R2y5rxjCXbb3pgaPsQKQp68yoMb3dsh3Aeyh,false
1712,e6-lifecycle-20260706T042251.490920785Z-c4-real-task-0188,signed_query_latest,true,3,1783311775790,0,QmcA2snS31e3yhCPjoMSmuW8w6FVceBCsiYRZuzgLXJZRG,false
1713,e6-lifecycle-20260706T042251.490920785Z-c4-real-task-0190,ipfs_add,true,26,1783311775768,4444,,false
1714,e6-lifecycle-20260706T042251.490920785Z-c4-real-task-0189,signed_settlement,true,3,1783311775791,0,QmddcGv3BfwnFZsm5H1ArqWuKN7jPveB9ZhCJXqBYVXr4Z,false
1715,e6-lifecycle-20260706T042251.490920785Z-c4-real-task-0189,signed_query_latest,true,0,1783311775794,0,QmddcGv3BfwnFZsm5H1ArqWuKN7jPveB9ZhCJXqBYVXr4Z,false
1716,e6-lifecycle-20260706T042251.490920785Z-c4-real-task-0187,signed_settlement,true,3,1783311775793,0,Qmf8fbnaf3R2y5rxjCXbb3pgaPsQKQp68yoMb3dsh3Aeyh,false
1717,e6-lifecycle-20260706T042251.490920785Z-c4-real-task-0187,signed_query_latest,true,0,1783311775796,0,Qmf8fbnaf3R2y5rxjCXbb3pgaPsQKQp68yoMb3dsh3Aeyh,false
1718,e6-lifecycle-20260706T042251.490920785Z-c4-real-task-0190,signed_posttask,true,4,1783311775794,0,QmTYyB6jg19PhoaP2Bg8ox3B4TonwPSLo68XR9yyH3VskB,false
1719,e6-lifecycle-20260706T042251.490920785Z-c4-real-task-0188,ipfs_verify,true,7,1783311775793,0,QmcA2snS31e3yhCPjoMSmuW8w6FVceBCsiYRZuzgLXJZRG,false
1720,e6-lifecycle-20260706T042251.490920785Z-c4-real-task-0189,ipfs_verify,true,6,1783311775794,0,QmddcGv3BfwnFZsm5H1ArqWuKN7jPveB9ZhCJXqBYVXr4Z,false
1721,e6-lifecycle-20260706T042251.490920785Z-c4-real-task-0190,signed_postallocation,true,2,1783311775798,0,QmTYyB6jg19PhoaP2Bg8ox3B4TonwPSLo68XR9yyH3VskB,false
1722,e6-lifecycle-20260706T042251.490920785Z-c4-real-task-0190,signed_post_evalsnapshot,true,2,1783311775800,0,QmTYyB6jg19PhoaP2Bg8ox3B4TonwPSLo68XR9yyH3VskB,false
1723,e6-lifecycle-20260706T042251.490920785Z-c4-real-task-0190,signed_vote1,true,2,1783311775802,0,QmTYyB6jg19PhoaP2Bg8ox3B4TonwPSLo68XR9yyH3VskB,false
1724,e6-lifecycle-20260706T042251.490920785Z-c4-real-task-0187,ipfs_verify,true,9,1783311775796,0,Qmf8fbnaf3R2y5rxjCXbb3pgaPsQKQp68yoMb3dsh3Aeyh,false
1725,e6-lifecycle-20260706T042251.490920785Z-c4-real-task-0190,signed_vote2,true,1,1783311775804,0,QmTYyB6jg19PhoaP2Bg8ox3B4TonwPSLo68XR9yyH3VskB,false
1726,e6-lifecycle-20260706T042251.490920785Z-c4-real-task-0190,signed_settlement,true,6,1783311775805,0,QmTYyB6jg19PhoaP2Bg8ox3B4TonwPSLo68XR9yyH3VskB,false
1727,e6-lifecycle-20260706T042251.490920785Z-c4-real-task-0190,signed_query_latest,true,0,1783311775811,0,QmTYyB6jg19PhoaP2Bg8ox3B4TonwPSLo68XR9yyH3VskB,false
1728,e6-lifecycle-20260706T042251.490920785Z-c4-real-task-0190,ipfs_verify,true,7,1783311775811,0,QmTYyB6jg19PhoaP2Bg8ox3B4TonwPSLo68XR9yyH3VskB,false
1729,e6-lifecycle-20260706T042251.490920785Z-c4-real-task-0192,ipfs_add,true,26,1783311775800,4212,,false
1730,e6-lifecycle-20260706T042251.490920785Z-c4-real-task-0192,signed_posttask,true,2,1783311775826,0,QmWMsVVs2hySKHixiKJetRsQBSH7CcjzbQrS3sZphmmfLm,false
1731,e6-lifecycle-20260706T042251.490920785Z-c4-real-task-0192,signed_postallocation,true,2,1783311775828,0,QmWMsVVs2hySKHixiKJetRsQBSH7CcjzbQrS3sZphmmfLm,false
1732,e6-lifecycle-20260706T042251.490920785Z-c4-real-task-0192,signed_post_evalsnapshot,true,1,1783311775830,0,QmWMsVVs2hySKHixiKJetRsQBSH7CcjzbQrS3sZphmmfLm,false
1733,e6-lifecycle-20260706T042251.490920785Z-c4-real-task-0192,signed_vote1,true,2,1783311775831,0,QmWMsVVs2hySKHixiKJetRsQBSH7CcjzbQrS3sZphmmfLm,false
1734,e6-lifecycle-20260706T042251.490920785Z-c4-real-task-0192,signed_vote2,true,1,1783311775833,0,QmWMsVVs2hySKHixiKJetRsQBSH7CcjzbQrS3sZphmmfLm,false
1735,e6-lifecycle-20260706T042251.490920785Z-c4-real-task-0192,signed_settlement,true,2,1783311775834,0,QmWMsVVs2hySKHixiKJetRsQBSH7CcjzbQrS3sZphmmfLm,false
1736,e6-lifecycle-20260706T042251.490920785Z-c4-real-task-0192,signed_query_latest,true,0,1783311775836,0,QmWMsVVs2hySKHixiKJetRsQBSH7CcjzbQrS3sZphmmfLm,false
1737,e6-lifecycle-20260706T042251.490920785Z-c4-real-task-0192,ipfs_verify,true,6,1783311775836,0,QmWMsVVs2hySKHixiKJetRsQBSH7CcjzbQrS3sZphmmfLm,false
1738,e6-lifecycle-20260706T042251.490920785Z-c4-real-task-0191,ipfs_add,true,43,1783311775800,4761,,false
1739,e6-lifecycle-20260706T042251.490920785Z-c4-real-task-0191,signed_posttask,true,2,1783311775843,0,QmQK4ChDQQAbfnUHBQHNjhVcC13LjvmaW51QAJHKkyJuWr,false
1740,e6-lifecycle-20260706T042251.490920785Z-c4-real-task-0191,signed_postallocation,true,2,1783311775845,0,QmQK4ChDQQAbfnUHBQHNjhVcC13LjvmaW51QAJHKkyJuWr,false
1741,e6-lifecycle-20260706T042251.490920785Z-c4-real-task-0191,signed_post_evalsnapshot,true,1,1783311775847,0,QmQK4ChDQQAbfnUHBQHNjhVcC13LjvmaW51QAJHKkyJuWr,false
1742,e6-lifecycle-20260706T042251.490920785Z-c4-real-task-0191,signed_vote1,true,2,1783311775848,0,QmQK4ChDQQAbfnUHBQHNjhVcC13LjvmaW51QAJHKkyJuWr,false
1743,e6-lifecycle-20260706T042251.490920785Z-c4-real-task-0191,signed_vote2,true,1,1783311775850,0,QmQK4ChDQQAbfnUHBQHNjhVcC13LjvmaW51QAJHKkyJuWr,false
1744,e6-lifecycle-20260706T042251.490920785Z-c4-real-task-0191,signed_settlement,true,2,1783311775851,0,QmQK4ChDQQAbfnUHBQHNjhVcC13LjvmaW51QAJHKkyJuWr,false
1745,e6-lifecycle-20260706T042251.490920785Z-c4-real-task-0191,signed_query_latest,true,0,1783311775853,0,QmQK4ChDQQAbfnUHBQHNjhVcC13LjvmaW51QAJHKkyJuWr,false
1746,e6-lifecycle-20260706T042251.490920785Z-c4-real-task-0191,ipfs_verify,true,7,1783311775853,0,QmQK4ChDQQAbfnUHBQHNjhVcC13LjvmaW51QAJHKkyJuWr,false
1747,e6-lifecycle-20260706T042251.490920785Z-c4-real-task-0027,ipfs_add,true,55,1783311775805,1942,,false
1748,e6-lifecycle-20260706T042251.490920785Z-c4-real-task-0027,signed_posttask,true,1,1783311775860,0,QmNy38ZnCY29gNwh56gk2CQJXsETwyHTceFnkSP4vC85KR,false
1749,e6-lifecycle-20260706T042251.490920785Z-c4-real-task-0027,signed_postallocation,true,2,1783311775861,0,QmNy38ZnCY29gNwh56gk2CQJXsETwyHTceFnkSP4vC85KR,false
1750,e6-lifecycle-20260706T042251.490920785Z-c4-real-task-0027,signed_post_evalsnapshot,true,1,1783311775863,0,QmNy38ZnCY29gNwh56gk2CQJXsETwyHTceFnkSP4vC85KR,false
1751,e6-lifecycle-20260706T042251.490920785Z-c4-real-task-0027,signed_vote1,true,1,1783311775864,0,QmNy38ZnCY29gNwh56gk2CQJXsETwyHTceFnkSP4vC85KR,false
1752,e6-lifecycle-20260706T042251.490920785Z-c4-real-task-0027,signed_vote2,true,1,1783311775866,0,QmNy38ZnCY29gNwh56gk2CQJXsETwyHTceFnkSP4vC85KR,false
1753,e6-lifecycle-20260706T042251.490920785Z-c4-real-task-0027,signed_settlement,true,2,1783311775867,0,QmNy38ZnCY29gNwh56gk2CQJXsETwyHTceFnkSP4vC85KR,false
1754,e6-lifecycle-20260706T042251.490920785Z-c4-real-task-0027,signed_query_latest,true,0,1783311775869,0,QmNy38ZnCY29gNwh56gk2CQJXsETwyHTceFnkSP4vC85KR,false
1755,e6-lifecycle-20260706T042251.490920785Z-c4-real-task-0027,ipfs_verify,true,6,1783311775869,0,QmNy38ZnCY29gNwh56gk2CQJXsETwyHTceFnkSP4vC85KR,false
1756,e6-lifecycle-20260706T042251.490920785Z-c4-real-task-0233,ipfs_add,true,60,1783311775818,5561,,false
1757,e6-lifecycle-20260706T042251.490920785Z-c4-real-task-0233,signed_posttask,true,1,1783311775878,0,QmPiTWkJT1mbrmoTnV9zypQTW3Way5fUm3QKFnVCGaYeHm,false
1758,e6-lifecycle-20260706T042251.490920785Z-c4-real-task-0233,signed_postallocation,true,2,1783311775879,0,QmPiTWkJT1mbrmoTnV9zypQTW3Way5fUm3QKFnVCGaYeHm,false
1759,e6-lifecycle-20260706T042251.490920785Z-c4-real-task-0233,signed_post_evalsnapshot,true,2,1783311775881,0,QmPiTWkJT1mbrmoTnV9zypQTW3Way5fUm3QKFnVCGaYeHm,false
1760,e6-lifecycle-20260706T042251.490920785Z-c4-real-task-0233,signed_vote1,true,1,1783311775883,0,QmPiTWkJT1mbrmoTnV9zypQTW3Way5fUm3QKFnVCGaYeHm,false
1761,e6-lifecycle-20260706T042251.490920785Z-c4-real-task-0233,signed_vote2,true,2,1783311775884,0,QmPiTWkJT1mbrmoTnV9zypQTW3Way5fUm3QKFnVCGaYeHm,false
1762,e6-lifecycle-20260706T042251.490920785Z-c4-real-task-0233,signed_settlement,true,1,1783311775886,0,QmPiTWkJT1mbrmoTnV9zypQTW3Way5fUm3QKFnVCGaYeHm,false
1763,e6-lifecycle-20260706T042251.490920785Z-c4-real-task-0233,signed_query_latest,true,0,1783311775887,0,QmPiTWkJT1mbrmoTnV9zypQTW3Way5fUm3QKFnVCGaYeHm,false
1764,e6-lifecycle-20260706T042251.490920785Z-c4-real-task-0233,ipfs_verify,true,6,1783311775887,0,QmPiTWkJT1mbrmoTnV9zypQTW3Way5fUm3QKFnVCGaYeHm,false
1765,e6-lifecycle-20260706T042251.490920785Z-c4-real-task-0212,ipfs_add,true,53,1783311775842,2819,,false
1766,e6-lifecycle-20260706T042251.490920785Z-c4-real-task-0212,signed_posttask,true,2,1783311775895,0,Qmaib3WGRkqTQustpCT5rKV9YQe2ieXfDc5aAxzzBF7FaH,false
1767,e6-lifecycle-20260706T042251.490920785Z-c4-real-task-0212,signed_postallocation,true,2,1783311775897,0,Qmaib3WGRkqTQustpCT5rKV9YQe2ieXfDc5aAxzzBF7FaH,false
1768,e6-lifecycle-20260706T042251.490920785Z-c4-real-task-0212,signed_post_evalsnapshot,true,1,1783311775899,0,Qmaib3WGRkqTQustpCT5rKV9YQe2ieXfDc5aAxzzBF7FaH,false
1769,e6-lifecycle-20260706T042251.490920785Z-c4-real-task-0212,signed_vote1,true,2,1783311775900,0,Qmaib3WGRkqTQustpCT5rKV9YQe2ieXfDc5aAxzzBF7FaH,false
1770,e6-lifecycle-20260706T042251.490920785Z-c4-real-task-0212,signed_vote2,true,2,1783311775902,0,Qmaib3WGRkqTQustpCT5rKV9YQe2ieXfDc5aAxzzBF7FaH,false
1771,e6-lifecycle-20260706T042251.490920785Z-c4-real-task-0212,signed_settlement,true,2,1783311775904,0,Qmaib3WGRkqTQustpCT5rKV9YQe2ieXfDc5aAxzzBF7FaH,false
1772,e6-lifecycle-20260706T042251.490920785Z-c4-real-task-0212,signed_query_latest,true,0,1783311775906,0,Qmaib3WGRkqTQustpCT5rKV9YQe2ieXfDc5aAxzzBF7FaH,false
1773,e6-lifecycle-20260706T042251.490920785Z-c4-real-task-0212,ipfs_verify,true,6,1783311775906,0,Qmaib3WGRkqTQustpCT5rKV9YQe2ieXfDc5aAxzzBF7FaH,false
1774,e6-lifecycle-20260706T042251.490920785Z-c4-real-task-0213,ipfs_add,true,58,1783311775860,4132,,false
1775,e6-lifecycle-20260706T042251.490920785Z-c4-real-task-0213,signed_posttask,true,2,1783311775918,0,QmctLbZZivJVW7cFwYF2T1Ru2jPZUBYB55doQKWJ3SD4r5,false
1776,e6-lifecycle-20260706T042251.490920785Z-c4-real-task-0213,signed_postallocation,true,3,1783311775920,0,QmctLbZZivJVW7cFwYF2T1Ru2jPZUBYB55doQKWJ3SD4r5,false
1777,e6-lifecycle-20260706T042251.490920785Z-c4-real-task-0213,signed_post_evalsnapshot,true,2,1783311775923,0,QmctLbZZivJVW7cFwYF2T1Ru2jPZUBYB55doQKWJ3SD4r5,false
1778,e6-lifecycle-20260706T042251.490920785Z-c4-real-task-0213,signed_vote1,true,1,1783311775925,0,QmctLbZZivJVW7cFwYF2T1Ru2jPZUBYB55doQKWJ3SD4r5,false
1779,e6-lifecycle-20260706T042251.490920785Z-c4-real-task-0213,signed_vote2,true,2,1783311775926,0,QmctLbZZivJVW7cFwYF2T1Ru2jPZUBYB55doQKWJ3SD4r5,false
1780,e6-lifecycle-20260706T042251.490920785Z-c4-real-task-0213,signed_settlement,true,1,1783311775928,0,QmctLbZZivJVW7cFwYF2T1Ru2jPZUBYB55doQKWJ3SD4r5,false
1781,e6-lifecycle-20260706T042251.490920785Z-c4-real-task-0213,signed_query_latest,true,0,1783311775929,0,QmctLbZZivJVW7cFwYF2T1Ru2jPZUBYB55doQKWJ3SD4r5,false
1782,e6-lifecycle-20260706T042251.490920785Z-c4-real-task-0214,ipfs_add,true,60,1783311775875,3407,,false
1783,e6-lifecycle-20260706T042251.490920785Z-c4-real-task-0213,ipfs_verify,true,6,1783311775929,0,QmctLbZZivJVW7cFwYF2T1Ru2jPZUBYB55doQKWJ3SD4r5,false
1784,e6-lifecycle-20260706T042251.490920785Z-c4-real-task-0214,signed_posttask,true,3,1783311775935,0,QmW8eUfmmaQLniD2wxDZwMJfZvPcEb95FaZBwzxdvv4GUs,false
1785,e6-lifecycle-20260706T042251.490920785Z-c4-real-task-0214,signed_postallocation,true,1,1783311775938,0,QmW8eUfmmaQLniD2wxDZwMJfZvPcEb95FaZBwzxdvv4GUs,false
1786,e6-lifecycle-20260706T042251.490920785Z-c4-real-task-0214,signed_post_evalsnapshot,true,2,1783311775939,0,QmW8eUfmmaQLniD2wxDZwMJfZvPcEb95FaZBwzxdvv4GUs,false
1787,e6-lifecycle-20260706T042251.490920785Z-c4-real-task-0214,signed_vote1,true,2,1783311775941,0,QmW8eUfmmaQLniD2wxDZwMJfZvPcEb95FaZBwzxdvv4GUs,false
1788,e6-lifecycle-20260706T042251.490920785Z-c4-real-task-0214,signed_vote2,true,1,1783311775943,0,QmW8eUfmmaQLniD2wxDZwMJfZvPcEb95FaZBwzxdvv4GUs,false
1789,e6-lifecycle-20260706T042251.490920785Z-c4-real-task-0214,signed_settlement,true,2,1783311775944,0,QmW8eUfmmaQLniD2wxDZwMJfZvPcEb95FaZBwzxdvv4GUs,false
1790,e6-lifecycle-20260706T042251.490920785Z-c4-real-task-0214,signed_query_latest,true,0,1783311775946,0,QmW8eUfmmaQLniD2wxDZwMJfZvPcEb95FaZBwzxdvv4GUs,false
1791,e6-lifecycle-20260706T042251.490920785Z-c4-real-task-0214,ipfs_verify,true,6,1783311775946,0,QmW8eUfmmaQLniD2wxDZwMJfZvPcEb95FaZBwzxdvv4GUs,false
1792,e6-lifecycle-20260706T042251.490920785Z-c4-real-task-0215,ipfs_add,true,60,1783311775893,5293,,false
1793,e6-lifecycle-20260706T042251.490920785Z-c4-real-task-0215,signed_posttask,true,3,1783311775953,0,QmTpnKYxxgCcizoT1wCDmcgvVbp5FYFvr7h2HQoANwFfJK,false
1794,e6-lifecycle-20260706T042251.490920785Z-c4-real-task-0215,signed_postallocation,true,1,1783311775956,0,QmTpnKYxxgCcizoT1wCDmcgvVbp5FYFvr7h2HQoANwFfJK,false
1795,e6-lifecycle-20260706T042251.490920785Z-c4-real-task-0215,signed_post_evalsnapshot,true,2,1783311775957,0,QmTpnKYxxgCcizoT1wCDmcgvVbp5FYFvr7h2HQoANwFfJK,false
1796,e6-lifecycle-20260706T042251.490920785Z-c4-real-task-0215,signed_vote1,true,2,1783311775959,0,QmTpnKYxxgCcizoT1wCDmcgvVbp5FYFvr7h2HQoANwFfJK,false
1797,e6-lifecycle-20260706T042251.490920785Z-c4-real-task-0215,signed_vote2,true,1,1783311775961,0,QmTpnKYxxgCcizoT1wCDmcgvVbp5FYFvr7h2HQoANwFfJK,false
1798,e6-lifecycle-20260706T042251.490920785Z-c4-real-task-0215,signed_settlement,true,2,1783311775962,0,QmTpnKYxxgCcizoT1wCDmcgvVbp5FYFvr7h2HQoANwFfJK,false
1799,e6-lifecycle-20260706T042251.490920785Z-c4-real-task-0215,signed_query_latest,true,0,1783311775964,0,QmTpnKYxxgCcizoT1wCDmcgvVbp5FYFvr7h2HQoANwFfJK,false
1800,e6-lifecycle-20260706T042251.490920785Z-c4-real-task-0215,ipfs_verify,true,7,1783311775964,0,QmTpnKYxxgCcizoT1wCDmcgvVbp5FYFvr7h2HQoANwFfJK,false
1801,e6-lifecycle-20260706T042251.490920785Z-c4-real-task-0216,ipfs_add,true,61,1783311775912,4886,,false
1802,e6-lifecycle-20260706T042251.490920785Z-c4-real-task-0216,signed_posttask,true,2,1783311775973,0,QmWRqVXWHuiCnyPwtVKNcTtPcSDmJqXWmtgqtbSbCRQFN4,false
1803,e6-lifecycle-20260706T042251.490920785Z-c4-real-task-0216,signed_postallocation,true,2,1783311775975,0,QmWRqVXWHuiCnyPwtVKNcTtPcSDmJqXWmtgqtbSbCRQFN4,false
1804,e6-lifecycle-20260706T042251.490920785Z-c4-real-task-0216,signed_post_evalsnapshot,true,2,1783311775977,0,QmWRqVXWHuiCnyPwtVKNcTtPcSDmJqXWmtgqtbSbCRQFN4,false
1805,e6-lifecycle-20260706T042251.490920785Z-c4-real-task-0216,signed_vote1,true,1,1783311775979,0,QmWRqVXWHuiCnyPwtVKNcTtPcSDmJqXWmtgqtbSbCRQFN4,false
1806,e6-lifecycle-20260706T042251.490920785Z-c4-real-task-0216,signed_vote2,true,2,1783311775980,0,QmWRqVXWHuiCnyPwtVKNcTtPcSDmJqXWmtgqtbSbCRQFN4,false
1807,e6-lifecycle-20260706T042251.490920785Z-c4-real-task-0216,signed_settlement,true,2,1783311775982,0,QmWRqVXWHuiCnyPwtVKNcTtPcSDmJqXWmtgqtbSbCRQFN4,false
1808,e6-lifecycle-20260706T042251.490920785Z-c4-real-task-0216,signed_query_latest,true,0,1783311775984,0,QmWRqVXWHuiCnyPwtVKNcTtPcSDmJqXWmtgqtbSbCRQFN4,false
1809,e6-lifecycle-20260706T042251.490920785Z-c4-real-task-0216,ipfs_verify,true,6,1783311775984,0,QmWRqVXWHuiCnyPwtVKNcTtPcSDmJqXWmtgqtbSbCRQFN4,false
1810,e6-lifecycle-20260706T042251.490920785Z-c4-real-task-0217,ipfs_add,true,56,1783311775935,2716,,false
1811,e6-lifecycle-20260706T042251.490920785Z-c4-real-task-0217,signed_posttask,true,4,1783311775991,0,QmSJABdfLv4Bpp2eX5n5HPKM57QCdjn63jgA55THvNNed2,false
1812,e6-lifecycle-20260706T042251.490920785Z-c4-real-task-0217,signed_postallocation,true,1,1783311775995,0,QmSJABdfLv4Bpp2eX5n5HPKM57QCdjn63jgA55THvNNed2,false
1813,e6-lifecycle-20260706T042251.490920785Z-c4-real-task-0217,signed_post_evalsnapshot,true,2,1783311775996,0,QmSJABdfLv4Bpp2eX5n5HPKM57QCdjn63jgA55THvNNed2,false
1814,e6-lifecycle-20260706T042251.490920785Z-c4-real-task-0217,signed_vote1,true,2,1783311775998,0,QmSJABdfLv4Bpp2eX5n5HPKM57QCdjn63jgA55THvNNed2,false
1815,e6-lifecycle-20260706T042251.490920785Z-c4-real-task-0217,signed_vote2,true,2,1783311776000,0,QmSJABdfLv4Bpp2eX5n5HPKM57QCdjn63jgA55THvNNed2,false
1816,e6-lifecycle-20260706T042251.490920785Z-c4-real-task-0217,signed_settlement,true,1,1783311776002,0,QmSJABdfLv4Bpp2eX5n5HPKM57QCdjn63jgA55THvNNed2,false
1817,e6-lifecycle-20260706T042251.490920785Z-c4-real-task-0217,signed_query_latest,true,0,1783311776003,0,QmSJABdfLv4Bpp2eX5n5HPKM57QCdjn63jgA55THvNNed2,false
1818,e6-lifecycle-20260706T042251.490920785Z-c4-real-task-0218,ipfs_add,true,57,1783311775952,4685,,false
1819,e6-lifecycle-20260706T042251.490920785Z-c4-real-task-0217,ipfs_verify,true,7,1783311776003,0,QmSJABdfLv4Bpp2eX5n5HPKM57QCdjn63jgA55THvNNed2,false
1820,e6-lifecycle-20260706T042251.490920785Z-c4-real-task-0218,signed_posttask,true,2,1783311776009,0,Qme1iJktEs7YhnQf7MbuHozo4uZPGWWEs3BYJ6zBCFpdMN,false
1821,e6-lifecycle-20260706T042251.490920785Z-c4-real-task-0218,signed_postallocation,true,2,1783311776011,0,Qme1iJktEs7YhnQf7MbuHozo4uZPGWWEs3BYJ6zBCFpdMN,false
1822,e6-lifecycle-20260706T042251.490920785Z-c4-real-task-0218,signed_post_evalsnapshot,true,2,1783311776013,0,Qme1iJktEs7YhnQf7MbuHozo4uZPGWWEs3BYJ6zBCFpdMN,false
1823,e6-lifecycle-20260706T042251.490920785Z-c4-real-task-0218,signed_vote1,true,2,1783311776015,0,Qme1iJktEs7YhnQf7MbuHozo4uZPGWWEs3BYJ6zBCFpdMN,false
1824,e6-lifecycle-20260706T042251.490920785Z-c4-real-task-0218,signed_vote2,true,1,1783311776017,0,Qme1iJktEs7YhnQf7MbuHozo4uZPGWWEs3BYJ6zBCFpdMN,false
1825,e6-lifecycle-20260706T042251.490920785Z-c4-real-task-0218,signed_settlement,true,2,1783311776018,0,Qme1iJktEs7YhnQf7MbuHozo4uZPGWWEs3BYJ6zBCFpdMN,false
1826,e6-lifecycle-20260706T042251.490920785Z-c4-real-task-0218,signed_query_latest,true,0,1783311776020,0,Qme1iJktEs7YhnQf7MbuHozo4uZPGWWEs3BYJ6zBCFpdMN,false
1827,e6-lifecycle-20260706T042251.490920785Z-c4-real-task-0218,ipfs_verify,true,8,1783311776020,0,Qme1iJktEs7YhnQf7MbuHozo4uZPGWWEs3BYJ6zBCFpdMN,false
1828,e6-lifecycle-20260706T042251.490920785Z-c4-real-task-0219,ipfs_add,true,63,1783311775971,2892,,false
1829,e6-lifecycle-20260706T042251.490920785Z-c4-real-task-0219,signed_posttask,true,1,1783311776034,0,QmNhbectLBJKJjaBFkjTFgZM6bzSgrQqfV2nzNGd7hnhXp,false
1830,e6-lifecycle-20260706T042251.490920785Z-c4-real-task-0219,signed_postallocation,true,2,1783311776035,0,QmNhbectLBJKJjaBFkjTFgZM6bzSgrQqfV2nzNGd7hnhXp,false
1831,e6-lifecycle-20260706T042251.490920785Z-c4-real-task-0219,signed_post_evalsnapshot,true,2,1783311776037,0,QmNhbectLBJKJjaBFkjTFgZM6bzSgrQqfV2nzNGd7hnhXp,false
1832,e6-lifecycle-20260706T042251.490920785Z-c4-real-task-0219,signed_vote1,true,1,1783311776039,0,QmNhbectLBJKJjaBFkjTFgZM6bzSgrQqfV2nzNGd7hnhXp,false
1833,e6-lifecycle-20260706T042251.490920785Z-c4-real-task-0219,signed_vote2,true,2,1783311776040,0,QmNhbectLBJKJjaBFkjTFgZM6bzSgrQqfV2nzNGd7hnhXp,false
1834,e6-lifecycle-20260706T042251.490920785Z-c4-real-task-0219,signed_settlement,true,1,1783311776042,0,QmNhbectLBJKJjaBFkjTFgZM6bzSgrQqfV2nzNGd7hnhXp,false
1835,e6-lifecycle-20260706T042251.490920785Z-c4-real-task-0219,signed_query_latest,true,0,1783311776043,0,QmNhbectLBJKJjaBFkjTFgZM6bzSgrQqfV2nzNGd7hnhXp,false
1836,e6-lifecycle-20260706T042251.490920785Z-c4-real-task-0219,ipfs_verify,true,7,1783311776043,0,QmNhbectLBJKJjaBFkjTFgZM6bzSgrQqfV2nzNGd7hnhXp,false
1837,e6-lifecycle-20260706T042251.490920785Z-c4-real-task-0220,ipfs_add,true,62,1783311775990,4548,,false
1838,e6-lifecycle-20260706T042251.490920785Z-c4-real-task-0220,signed_posttask,true,2,1783311776052,0,QmYYxvJgNUHcuw3V2RQoYsrDaUwRXmGhJB4S5YoBbJAdi9,false
1839,e6-lifecycle-20260706T042251.490920785Z-c4-real-task-0220,signed_postallocation,true,2,1783311776054,0,QmYYxvJgNUHcuw3V2RQoYsrDaUwRXmGhJB4S5YoBbJAdi9,false
1840,e6-lifecycle-20260706T042251.490920785Z-c4-real-task-0220,signed_post_evalsnapshot,true,2,1783311776056,0,QmYYxvJgNUHcuw3V2RQoYsrDaUwRXmGhJB4S5YoBbJAdi9,false
1841,e6-lifecycle-20260706T042251.490920785Z-c4-real-task-0220,signed_vote1,true,1,1783311776058,0,QmYYxvJgNUHcuw3V2RQoYsrDaUwRXmGhJB4S5YoBbJAdi9,false
1842,e6-lifecycle-20260706T042251.490920785Z-c4-real-task-0220,signed_vote2,true,2,1783311776059,0,QmYYxvJgNUHcuw3V2RQoYsrDaUwRXmGhJB4S5YoBbJAdi9,false
1843,e6-lifecycle-20260706T042251.490920785Z-c4-real-task-0220,signed_settlement,true,1,1783311776061,0,QmYYxvJgNUHcuw3V2RQoYsrDaUwRXmGhJB4S5YoBbJAdi9,false
1844,e6-lifecycle-20260706T042251.490920785Z-c4-real-task-0220,signed_query_latest,true,0,1783311776062,0,QmYYxvJgNUHcuw3V2RQoYsrDaUwRXmGhJB4S5YoBbJAdi9,false
1845,e6-lifecycle-20260706T042251.490920785Z-c4-real-task-0220,ipfs_verify,true,6,1783311776062,0,QmYYxvJgNUHcuw3V2RQoYsrDaUwRXmGhJB4S5YoBbJAdi9,false
1846,e6-lifecycle-20260706T042251.490920785Z-c4-real-task-0221,ipfs_add,true,60,1783311776010,3158,,false
1847,e6-lifecycle-20260706T042251.490920785Z-c4-real-task-0221,signed_posttask,true,1,1783311776070,0,QmWVfmqjcSuDEvXN6AQHwxkPXEvwWEr5xAd7VvqaLGMK2z,false
1848,e6-lifecycle-20260706T042251.490920785Z-c4-real-task-0221,signed_postallocation,true,2,1783311776071,0,QmWVfmqjcSuDEvXN6AQHwxkPXEvwWEr5xAd7VvqaLGMK2z,false
1849,e6-lifecycle-20260706T042251.490920785Z-c4-real-task-0221,signed_post_evalsnapshot,true,1,1783311776073,0,QmWVfmqjcSuDEvXN6AQHwxkPXEvwWEr5xAd7VvqaLGMK2z,false
1850,e6-lifecycle-20260706T042251.490920785Z-c4-real-task-0221,signed_vote1,true,2,1783311776074,0,QmWVfmqjcSuDEvXN6AQHwxkPXEvwWEr5xAd7VvqaLGMK2z,false
1851,e6-lifecycle-20260706T042251.490920785Z-c4-real-task-0221,signed_vote2,true,2,1783311776076,0,QmWVfmqjcSuDEvXN6AQHwxkPXEvwWEr5xAd7VvqaLGMK2z,false
1852,e6-lifecycle-20260706T042251.490920785Z-c4-real-task-0221,signed_settlement,true,1,1783311776078,0,QmWVfmqjcSuDEvXN6AQHwxkPXEvwWEr5xAd7VvqaLGMK2z,false
1853,e6-lifecycle-20260706T042251.490920785Z-c4-real-task-0221,signed_query_latest,true,0,1783311776079,0,QmWVfmqjcSuDEvXN6AQHwxkPXEvwWEr5xAd7VvqaLGMK2z,false
1854,e6-lifecycle-20260706T042251.490920785Z-c4-real-task-0221,ipfs_verify,true,6,1783311776079,0,QmWVfmqjcSuDEvXN6AQHwxkPXEvwWEr5xAd7VvqaLGMK2z,false
1855,e6-lifecycle-20260706T042251.490920785Z-c4-real-task-0222,ipfs_add,true,60,1783311776028,1324,,false
1856,e6-lifecycle-20260706T042251.490920785Z-c4-real-task-0222,signed_posttask,true,2,1783311776088,0,QmS9gSDSA2dNcaqguAdbXiugT37zErUJRQhyYdHW4FYF1Z,false
1857,e6-lifecycle-20260706T042251.490920785Z-c4-real-task-0222,signed_postallocation,true,2,1783311776090,0,QmS9gSDSA2dNcaqguAdbXiugT37zErUJRQhyYdHW4FYF1Z,false
1858,e6-lifecycle-20260706T042251.490920785Z-c4-real-task-0222,signed_post_evalsnapshot,true,2,1783311776092,0,QmS9gSDSA2dNcaqguAdbXiugT37zErUJRQhyYdHW4FYF1Z,false
1859,e6-lifecycle-20260706T042251.490920785Z-c4-real-task-0222,signed_vote1,true,1,1783311776094,0,QmS9gSDSA2dNcaqguAdbXiugT37zErUJRQhyYdHW4FYF1Z,false
1860,e6-lifecycle-20260706T042251.490920785Z-c4-real-task-0222,signed_vote2,true,2,1783311776095,0,QmS9gSDSA2dNcaqguAdbXiugT37zErUJRQhyYdHW4FYF1Z,false
1861,e6-lifecycle-20260706T042251.490920785Z-c4-real-task-0222,signed_settlement,true,2,1783311776097,0,QmS9gSDSA2dNcaqguAdbXiugT37zErUJRQhyYdHW4FYF1Z,false
1862,e6-lifecycle-20260706T042251.490920785Z-c4-real-task-0222,signed_query_latest,true,0,1783311776099,0,QmS9gSDSA2dNcaqguAdbXiugT37zErUJRQhyYdHW4FYF1Z,false
1863,e6-lifecycle-20260706T042251.490920785Z-c4-real-task-0222,ipfs_verify,true,6,1783311776099,0,QmS9gSDSA2dNcaqguAdbXiugT37zErUJRQhyYdHW4FYF1Z,false
1864,e6-lifecycle-20260706T042251.490920785Z-c4-real-task-0223,ipfs_add,true,58,1783311776050,3496,,false
1865,e6-lifecycle-20260706T042251.490920785Z-c4-real-task-0223,signed_posttask,true,1,1783311776108,0,QmWbbDn5PocUVAwa1Z8DaHWZAUyYjNR994MzCi3frghkPT,false
1866,e6-lifecycle-20260706T042251.490920785Z-c4-real-task-0223,signed_postallocation,true,2,1783311776109,0,QmWbbDn5PocUVAwa1Z8DaHWZAUyYjNR994MzCi3frghkPT,false
1867,e6-lifecycle-20260706T042251.490920785Z-c4-real-task-0223,signed_post_evalsnapshot,true,1,1783311776111,0,QmWbbDn5PocUVAwa1Z8DaHWZAUyYjNR994MzCi3frghkPT,false
1868,e6-lifecycle-20260706T042251.490920785Z-c4-real-task-0223,signed_vote1,true,2,1783311776112,0,QmWbbDn5PocUVAwa1Z8DaHWZAUyYjNR994MzCi3frghkPT,false
1869,e6-lifecycle-20260706T042251.490920785Z-c4-real-task-0223,signed_vote2,true,1,1783311776114,0,QmWbbDn5PocUVAwa1Z8DaHWZAUyYjNR994MzCi3frghkPT,false
1870,e6-lifecycle-20260706T042251.490920785Z-c4-real-task-0223,signed_settlement,true,2,1783311776115,0,QmWbbDn5PocUVAwa1Z8DaHWZAUyYjNR994MzCi3frghkPT,false
1871,e6-lifecycle-20260706T042251.490920785Z-c4-real-task-0223,signed_query_latest,true,0,1783311776117,0,QmWbbDn5PocUVAwa1Z8DaHWZAUyYjNR994MzCi3frghkPT,false
1872,e6-lifecycle-20260706T042251.490920785Z-c4-real-task-0223,ipfs_verify,true,5,1783311776117,0,QmWbbDn5PocUVAwa1Z8DaHWZAUyYjNR994MzCi3frghkPT,false
1873,e6-lifecycle-20260706T042251.490920785Z-c4-real-task-0224,ipfs_add,true,58,1783311776068,1434,,false
1874,e6-lifecycle-20260706T042251.490920785Z-c4-real-task-0224,signed_posttask,true,2,1783311776126,0,Qmbpj7kBGWLUhW2szT9f3rx2oZsCwi6t2fMD1Smb2wFi3D,false
1875,e6-lifecycle-20260706T042251.490920785Z-c4-real-task-0224,signed_postallocation,true,2,1783311776128,0,Qmbpj7kBGWLUhW2szT9f3rx2oZsCwi6t2fMD1Smb2wFi3D,false
1876,e6-lifecycle-20260706T042251.490920785Z-c4-real-task-0224,signed_post_evalsnapshot,true,1,1783311776130,0,Qmbpj7kBGWLUhW2szT9f3rx2oZsCwi6t2fMD1Smb2wFi3D,false
1877,e6-lifecycle-20260706T042251.490920785Z-c4-real-task-0224,signed_vote1,true,2,1783311776131,0,Qmbpj7kBGWLUhW2szT9f3rx2oZsCwi6t2fMD1Smb2wFi3D,false
1878,e6-lifecycle-20260706T042251.490920785Z-c4-real-task-0224,signed_vote2,true,2,1783311776133,0,Qmbpj7kBGWLUhW2szT9f3rx2oZsCwi6t2fMD1Smb2wFi3D,false
1879,e6-lifecycle-20260706T042251.490920785Z-c4-real-task-0224,signed_settlement,true,1,1783311776135,0,Qmbpj7kBGWLUhW2szT9f3rx2oZsCwi6t2fMD1Smb2wFi3D,false
1880,e6-lifecycle-20260706T042251.490920785Z-c4-real-task-0224,signed_query_latest,true,0,1783311776136,0,Qmbpj7kBGWLUhW2szT9f3rx2oZsCwi6t2fMD1Smb2wFi3D,false
1881,e6-lifecycle-20260706T042251.490920785Z-c4-real-task-0224,ipfs_verify,true,8,1783311776136,0,Qmbpj7kBGWLUhW2szT9f3rx2oZsCwi6t2fMD1Smb2wFi3D,false
1882,e6-lifecycle-20260706T042251.490920785Z-c4-real-task-0225,ipfs_add,true,59,1783311776085,2951,,false
1883,e6-lifecycle-20260706T042251.490920785Z-c4-real-task-0225,signed_posttask,true,7,1783311776144,0,QmP2y2GKPy6gwArpzaE2RA5dRRgeXWNUH6Gyquaruz27DM,false
1884,e6-lifecycle-20260706T042251.490920785Z-c4-real-task-0225,signed_postallocation,true,1,1783311776151,0,QmP2y2GKPy6gwArpzaE2RA5dRRgeXWNUH6Gyquaruz27DM,false
1885,e6-lifecycle-20260706T042251.490920785Z-c4-real-task-0225,signed_post_evalsnapshot,true,2,1783311776152,0,QmP2y2GKPy6gwArpzaE2RA5dRRgeXWNUH6Gyquaruz27DM,false
1886,e6-lifecycle-20260706T042251.490920785Z-c4-real-task-0225,signed_vote1,true,2,1783311776154,0,QmP2y2GKPy6gwArpzaE2RA5dRRgeXWNUH6Gyquaruz27DM,false
1887,e6-lifecycle-20260706T042251.490920785Z-c4-real-task-0225,signed_vote2,true,1,1783311776156,0,QmP2y2GKPy6gwArpzaE2RA5dRRgeXWNUH6Gyquaruz27DM,false
1888,e6-lifecycle-20260706T042251.490920785Z-c4-real-task-0225,signed_settlement,true,1,1783311776157,0,QmP2y2GKPy6gwArpzaE2RA5dRRgeXWNUH6Gyquaruz27DM,false
1889,e6-lifecycle-20260706T042251.490920785Z-c4-real-task-0225,signed_query_latest,true,0,1783311776158,0,QmP2y2GKPy6gwArpzaE2RA5dRRgeXWNUH6Gyquaruz27DM,false
1890,e6-lifecycle-20260706T042251.490920785Z-c4-real-task-0226,ipfs_add,true,57,1783311776105,2097,,false
1891,e6-lifecycle-20260706T042251.490920785Z-c4-real-task-0226,signed_posttask,true,2,1783311776162,0,QmYKcvqVA5kpfJsuCUkNUdEao6JQhFACmrPAQEP38tsjSp,false
1892,e6-lifecycle-20260706T042251.490920785Z-c4-real-task-0225,ipfs_verify,true,8,1783311776158,0,QmP2y2GKPy6gwArpzaE2RA5dRRgeXWNUH6Gyquaruz27DM,false
1893,e6-lifecycle-20260706T042251.490920785Z-c4-real-task-0226,signed_postallocation,true,2,1783311776164,0,QmYKcvqVA5kpfJsuCUkNUdEao6JQhFACmrPAQEP38tsjSp,false
1894,e6-lifecycle-20260706T042251.490920785Z-c4-real-task-0226,signed_post_evalsnapshot,true,1,1783311776166,0,QmYKcvqVA5kpfJsuCUkNUdEao6JQhFACmrPAQEP38tsjSp,false
1895,e6-lifecycle-20260706T042251.490920785Z-c4-real-task-0226,signed_vote1,true,2,1783311776167,0,QmYKcvqVA5kpfJsuCUkNUdEao6JQhFACmrPAQEP38tsjSp,false
1896,e6-lifecycle-20260706T042251.490920785Z-c4-real-task-0226,signed_vote2,true,1,1783311776169,0,QmYKcvqVA5kpfJsuCUkNUdEao6JQhFACmrPAQEP38tsjSp,false
1897,e6-lifecycle-20260706T042251.490920785Z-c4-real-task-0226,signed_settlement,true,2,1783311776170,0,QmYKcvqVA5kpfJsuCUkNUdEao6JQhFACmrPAQEP38tsjSp,false
1898,e6-lifecycle-20260706T042251.490920785Z-c4-real-task-0226,signed_query_latest,true,0,1783311776172,0,QmYKcvqVA5kpfJsuCUkNUdEao6JQhFACmrPAQEP38tsjSp,false
1899,e6-lifecycle-20260706T042251.490920785Z-c4-real-task-0226,ipfs_verify,true,8,1783311776172,0,QmYKcvqVA5kpfJsuCUkNUdEao6JQhFACmrPAQEP38tsjSp,false
1900,e6-lifecycle-20260706T042251.490920785Z-c4-real-task-0227,ipfs_add,true,57,1783311776123,2681,,false
1901,e6-lifecycle-20260706T042251.490920785Z-c4-real-task-0227,signed_posttask,true,2,1783311776180,0,QmaotMaC4Hb3cSu92BbQ6XF1kKexFQRifGmXvXQ9CscYbr,false
1902,e6-lifecycle-20260706T042251.490920785Z-c4-real-task-0227,signed_postallocation,true,2,1783311776182,0,QmaotMaC4Hb3cSu92BbQ6XF1kKexFQRifGmXvXQ9CscYbr,false
1903,e6-lifecycle-20260706T042251.490920785Z-c4-real-task-0227,signed_post_evalsnapshot,true,1,1783311776184,0,QmaotMaC4Hb3cSu92BbQ6XF1kKexFQRifGmXvXQ9CscYbr,false
1904,e6-lifecycle-20260706T042251.490920785Z-c4-real-task-0227,signed_vote1,true,2,1783311776185,0,QmaotMaC4Hb3cSu92BbQ6XF1kKexFQRifGmXvXQ9CscYbr,false
1905,e6-lifecycle-20260706T042251.490920785Z-c4-real-task-0227,signed_vote2,true,1,1783311776187,0,QmaotMaC4Hb3cSu92BbQ6XF1kKexFQRifGmXvXQ9CscYbr,false
1906,e6-lifecycle-20260706T042251.490920785Z-c4-real-task-0227,signed_settlement,true,2,1783311776188,0,QmaotMaC4Hb3cSu92BbQ6XF1kKexFQRifGmXvXQ9CscYbr,false
1907,e6-lifecycle-20260706T042251.490920785Z-c4-real-task-0227,signed_query_latest,true,0,1783311776190,0,QmaotMaC4Hb3cSu92BbQ6XF1kKexFQRifGmXvXQ9CscYbr,false
1908,e6-lifecycle-20260706T042251.490920785Z-c4-real-task-0227,ipfs_verify,true,6,1783311776190,0,QmaotMaC4Hb3cSu92BbQ6XF1kKexFQRifGmXvXQ9CscYbr,false
1909,e6-lifecycle-20260706T042251.490920785Z-c4-real-task-0228,ipfs_add,true,55,1783311776144,3049,,false
1910,e6-lifecycle-20260706T042251.490920785Z-c4-real-task-0228,signed_posttask,true,1,1783311776199,0,Qmcg9hZwBNt4mPUVQKwcf3whBnxD8r9WzcLGYR2bbkVKYL,false
1911,e6-lifecycle-20260706T042251.490920785Z-c4-real-task-0228,signed_postallocation,true,2,1783311776200,0,Qmcg9hZwBNt4mPUVQKwcf3whBnxD8r9WzcLGYR2bbkVKYL,false
1912,e6-lifecycle-20260706T042251.490920785Z-c4-real-task-0228,signed_post_evalsnapshot,true,2,1783311776202,0,Qmcg9hZwBNt4mPUVQKwcf3whBnxD8r9WzcLGYR2bbkVKYL,false
1913,e6-lifecycle-20260706T042251.490920785Z-c4-real-task-0228,signed_vote1,true,1,1783311776204,0,Qmcg9hZwBNt4mPUVQKwcf3whBnxD8r9WzcLGYR2bbkVKYL,false
1914,e6-lifecycle-20260706T042251.490920785Z-c4-real-task-0228,signed_vote2,true,2,1783311776205,0,Qmcg9hZwBNt4mPUVQKwcf3whBnxD8r9WzcLGYR2bbkVKYL,false
1915,e6-lifecycle-20260706T042251.490920785Z-c4-real-task-0228,signed_settlement,true,2,1783311776207,0,Qmcg9hZwBNt4mPUVQKwcf3whBnxD8r9WzcLGYR2bbkVKYL,false
1916,e6-lifecycle-20260706T042251.490920785Z-c4-real-task-0228,signed_query_latest,true,0,1783311776209,0,Qmcg9hZwBNt4mPUVQKwcf3whBnxD8r9WzcLGYR2bbkVKYL,false
1917,e6-lifecycle-20260706T042251.490920785Z-c4-real-task-0228,ipfs_verify,true,6,1783311776209,0,Qmcg9hZwBNt4mPUVQKwcf3whBnxD8r9WzcLGYR2bbkVKYL,false
1918,e6-lifecycle-20260706T042251.490920785Z-c4-real-task-0229,ipfs_add,true,51,1783311776166,1853,,false
1919,e6-lifecycle-20260706T042251.490920785Z-c4-real-task-0229,signed_posttask,true,2,1783311776217,0,QmU1c3q88Niv1hpqR47GYDb1SQRJPW8Sq3y68qKJ6gnFaK,false
1920,e6-lifecycle-20260706T042251.490920785Z-c4-real-task-0229,signed_postallocation,true,1,1783311776219,0,QmU1c3q88Niv1hpqR47GYDb1SQRJPW8Sq3y68qKJ6gnFaK,false
1921,e6-lifecycle-20260706T042251.490920785Z-c4-real-task-0229,signed_post_evalsnapshot,true,2,1783311776220,0,QmU1c3q88Niv1hpqR47GYDb1SQRJPW8Sq3y68qKJ6gnFaK,false
1922,e6-lifecycle-20260706T042251.490920785Z-c4-real-task-0229,signed_vote1,true,2,1783311776222,0,QmU1c3q88Niv1hpqR47GYDb1SQRJPW8Sq3y68qKJ6gnFaK,false
1923,e6-lifecycle-20260706T042251.490920785Z-c4-real-task-0229,signed_vote2,true,1,1783311776224,0,QmU1c3q88Niv1hpqR47GYDb1SQRJPW8Sq3y68qKJ6gnFaK,false
1924,e6-lifecycle-20260706T042251.490920785Z-c4-real-task-0229,signed_settlement,true,2,1783311776225,0,QmU1c3q88Niv1hpqR47GYDb1SQRJPW8Sq3y68qKJ6gnFaK,false
1925,e6-lifecycle-20260706T042251.490920785Z-c4-real-task-0229,signed_query_latest,true,0,1783311776227,0,QmU1c3q88Niv1hpqR47GYDb1SQRJPW8Sq3y68qKJ6gnFaK,false
1926,e6-lifecycle-20260706T042251.490920785Z-c4-real-task-0229,ipfs_verify,true,6,1783311776227,0,QmU1c3q88Niv1hpqR47GYDb1SQRJPW8Sq3y68qKJ6gnFaK,false
1927,e6-lifecycle-20260706T042251.490920785Z-c4-real-task-0230,ipfs_add,true,56,1783311776180,4672,,false
1928,e6-lifecycle-20260706T042251.490920785Z-c4-real-task-0230,signed_posttask,true,2,1783311776236,0,QmVVrWGoPddnyHraUM2wUgG7XF2t7LkAUG71CvTqMUfisz,false
1929,e6-lifecycle-20260706T042251.490920785Z-c4-real-task-0230,signed_postallocation,true,1,1783311776238,0,QmVVrWGoPddnyHraUM2wUgG7XF2t7LkAUG71CvTqMUfisz,false
1930,e6-lifecycle-20260706T042251.490920785Z-c4-real-task-0230,signed_post_evalsnapshot,true,2,1783311776239,0,QmVVrWGoPddnyHraUM2wUgG7XF2t7LkAUG71CvTqMUfisz,false
1931,e6-lifecycle-20260706T042251.490920785Z-c4-real-task-0230,signed_vote1,true,2,1783311776241,0,QmVVrWGoPddnyHraUM2wUgG7XF2t7LkAUG71CvTqMUfisz,false
1932,e6-lifecycle-20260706T042251.490920785Z-c4-real-task-0230,signed_vote2,true,1,1783311776243,0,QmVVrWGoPddnyHraUM2wUgG7XF2t7LkAUG71CvTqMUfisz,false
1933,e6-lifecycle-20260706T042251.490920785Z-c4-real-task-0230,signed_settlement,true,2,1783311776244,0,QmVVrWGoPddnyHraUM2wUgG7XF2t7LkAUG71CvTqMUfisz,false
1934,e6-lifecycle-20260706T042251.490920785Z-c4-real-task-0230,signed_query_latest,true,0,1783311776246,0,QmVVrWGoPddnyHraUM2wUgG7XF2t7LkAUG71CvTqMUfisz,false
1935,e6-lifecycle-20260706T042251.490920785Z-c4-real-task-0230,ipfs_verify,true,6,1783311776246,0,QmVVrWGoPddnyHraUM2wUgG7XF2t7LkAUG71CvTqMUfisz,false
1936,e6-lifecycle-20260706T042251.490920785Z-c4-real-task-0193,ipfs_add,true,59,1783311776196,3656,,false
1937,e6-lifecycle-20260706T042251.490920785Z-c4-real-task-0193,signed_posttask,true,2,1783311776255,0,QmW9nojj3tyFNDDEodDC3x43Y5jA3Ac4z7TE78zw1HD6qu,false
1938,e6-lifecycle-20260706T042251.490920785Z-c4-real-task-0193,signed_postallocation,true,1,1783311776257,0,QmW9nojj3tyFNDDEodDC3x43Y5jA3Ac4z7TE78zw1HD6qu,false
1939,e6-lifecycle-20260706T042251.490920785Z-c4-real-task-0193,signed_post_evalsnapshot,true,2,1783311776258,0,QmW9nojj3tyFNDDEodDC3x43Y5jA3Ac4z7TE78zw1HD6qu,false
1940,e6-lifecycle-20260706T042251.490920785Z-c4-real-task-0193,signed_vote1,true,1,1783311776260,0,QmW9nojj3tyFNDDEodDC3x43Y5jA3Ac4z7TE78zw1HD6qu,false
1941,e6-lifecycle-20260706T042251.490920785Z-c4-real-task-0193,signed_vote2,true,2,1783311776261,0,QmW9nojj3tyFNDDEodDC3x43Y5jA3Ac4z7TE78zw1HD6qu,false
1942,e6-lifecycle-20260706T042251.490920785Z-c4-real-task-0193,signed_settlement,true,2,1783311776263,0,QmW9nojj3tyFNDDEodDC3x43Y5jA3Ac4z7TE78zw1HD6qu,false
1943,e6-lifecycle-20260706T042251.490920785Z-c4-real-task-0193,signed_query_latest,true,0,1783311776265,0,QmW9nojj3tyFNDDEodDC3x43Y5jA3Ac4z7TE78zw1HD6qu,false
1944,e6-lifecycle-20260706T042251.490920785Z-c4-real-task-0193,ipfs_verify,true,7,1783311776265,0,QmW9nojj3tyFNDDEodDC3x43Y5jA3Ac4z7TE78zw1HD6qu,false
1945,e6-lifecycle-20260706T042251.490920785Z-c4-real-task-0194,ipfs_add,true,60,1783311776215,5127,,false
1946,e6-lifecycle-20260706T042251.490920785Z-c4-real-task-0194,signed_posttask,true,2,1783311776275,0,QmUQkF6tMKomfpeYcTdtmNy7TBXYJGRPRM9P1cpCwR1MJF,false
1947,e6-lifecycle-20260706T042251.490920785Z-c4-real-task-0194,signed_postallocation,true,2,1783311776277,0,QmUQkF6tMKomfpeYcTdtmNy7TBXYJGRPRM9P1cpCwR1MJF,false
1948,e6-lifecycle-20260706T042251.490920785Z-c4-real-task-0194,signed_post_evalsnapshot,true,2,1783311776279,0,QmUQkF6tMKomfpeYcTdtmNy7TBXYJGRPRM9P1cpCwR1MJF,false
1949,e6-lifecycle-20260706T042251.490920785Z-c4-real-task-0194,signed_vote1,true,2,1783311776281,0,QmUQkF6tMKomfpeYcTdtmNy7TBXYJGRPRM9P1cpCwR1MJF,false
1950,e6-lifecycle-20260706T042251.490920785Z-c4-real-task-0194,signed_vote2,true,1,1783311776283,0,QmUQkF6tMKomfpeYcTdtmNy7TBXYJGRPRM9P1cpCwR1MJF,false
1951,e6-lifecycle-20260706T042251.490920785Z-c4-real-task-0194,signed_settlement,true,2,1783311776284,0,QmUQkF6tMKomfpeYcTdtmNy7TBXYJGRPRM9P1cpCwR1MJF,false
1952,e6-lifecycle-20260706T042251.490920785Z-c4-real-task-0194,signed_query_latest,true,0,1783311776286,0,QmUQkF6tMKomfpeYcTdtmNy7TBXYJGRPRM9P1cpCwR1MJF,false
1953,e6-lifecycle-20260706T042251.490920785Z-c4-real-task-0194,ipfs_verify,true,7,1783311776286,0,QmUQkF6tMKomfpeYcTdtmNy7TBXYJGRPRM9P1cpCwR1MJF,false
1954,e6-lifecycle-20260706T042251.490920785Z-c4-real-task-0231,ipfs_add,true,61,1783311776233,4749,,false
1955,e6-lifecycle-20260706T042251.490920785Z-c4-real-task-0231,signed_posttask,true,1,1783311776294,0,QmZ1zUyz7qR3sEW9z4W3mHUGs871kKaNMsvhBu7yRneVTT,false
1956,e6-lifecycle-20260706T042251.490920785Z-c4-real-task-0231,signed_postallocation,true,2,1783311776295,0,QmZ1zUyz7qR3sEW9z4W3mHUGs871kKaNMsvhBu7yRneVTT,false
1957,e6-lifecycle-20260706T042251.490920785Z-c4-real-task-0231,signed_post_evalsnapshot,true,1,1783311776297,0,QmZ1zUyz7qR3sEW9z4W3mHUGs871kKaNMsvhBu7yRneVTT,false
1958,e6-lifecycle-20260706T042251.490920785Z-c4-real-task-0231,signed_vote1,true,2,1783311776298,0,QmZ1zUyz7qR3sEW9z4W3mHUGs871kKaNMsvhBu7yRneVTT,false
1959,e6-lifecycle-20260706T042251.490920785Z-c4-real-task-0231,signed_vote2,true,2,1783311776300,0,QmZ1zUyz7qR3sEW9z4W3mHUGs871kKaNMsvhBu7yRneVTT,false
1960,e6-lifecycle-20260706T042251.490920785Z-c4-real-task-0231,signed_settlement,true,2,1783311776302,0,QmZ1zUyz7qR3sEW9z4W3mHUGs871kKaNMsvhBu7yRneVTT,false
1961,e6-lifecycle-20260706T042251.490920785Z-c4-real-task-0231,signed_query_latest,true,0,1783311776304,0,QmZ1zUyz7qR3sEW9z4W3mHUGs871kKaNMsvhBu7yRneVTT,false
1962,e6-lifecycle-20260706T042251.490920785Z-c4-real-task-0231,ipfs_verify,true,8,1783311776304,0,QmZ1zUyz7qR3sEW9z4W3mHUGs871kKaNMsvhBu7yRneVTT,false
1963,e6-lifecycle-20260706T042251.490920785Z-c4-real-task-0195,ipfs_add,true,59,1783311776253,4765,,false
1964,e6-lifecycle-20260706T042251.490920785Z-c4-real-task-0195,signed_posttask,true,2,1783311776312,0,QmWaLq11VC2STk3MM8gwJdsmwiV6pMb8XyjpXUZRgju27h,false
1965,e6-lifecycle-20260706T042251.490920785Z-c4-real-task-0195,signed_postallocation,true,2,1783311776314,0,QmWaLq11VC2STk3MM8gwJdsmwiV6pMb8XyjpXUZRgju27h,false
1966,e6-lifecycle-20260706T042251.490920785Z-c4-real-task-0195,signed_post_evalsnapshot,true,2,1783311776316,0,QmWaLq11VC2STk3MM8gwJdsmwiV6pMb8XyjpXUZRgju27h,false
1967,e6-lifecycle-20260706T042251.490920785Z-c4-real-task-0195,signed_vote1,true,1,1783311776318,0,QmWaLq11VC2STk3MM8gwJdsmwiV6pMb8XyjpXUZRgju27h,false
1968,e6-lifecycle-20260706T042251.490920785Z-c4-real-task-0195,signed_vote2,true,2,1783311776319,0,QmWaLq11VC2STk3MM8gwJdsmwiV6pMb8XyjpXUZRgju27h,false
1969,e6-lifecycle-20260706T042251.490920785Z-c4-real-task-0195,signed_settlement,true,1,1783311776321,0,QmWaLq11VC2STk3MM8gwJdsmwiV6pMb8XyjpXUZRgju27h,false
1970,e6-lifecycle-20260706T042251.490920785Z-c4-real-task-0195,signed_query_latest,true,0,1783311776322,0,QmWaLq11VC2STk3MM8gwJdsmwiV6pMb8XyjpXUZRgju27h,false
1971,e6-lifecycle-20260706T042251.490920785Z-c4-real-task-0195,ipfs_verify,true,8,1783311776322,0,QmWaLq11VC2STk3MM8gwJdsmwiV6pMb8XyjpXUZRgju27h,false
1972,e6-lifecycle-20260706T042251.490920785Z-c4-real-task-0196,ipfs_add,true,59,1783311776272,4122,,false
1973,e6-lifecycle-20260706T042251.490920785Z-c4-real-task-0196,signed_posttask,true,3,1783311776331,0,QmTQ1PbJFgNKhVego5qTuyTZaXyLBFPkpTGPcPVQGwbk9W,false
1974,e6-lifecycle-20260706T042251.490920785Z-c4-real-task-0196,signed_postallocation,true,2,1783311776334,0,QmTQ1PbJFgNKhVego5qTuyTZaXyLBFPkpTGPcPVQGwbk9W,false
1975,e6-lifecycle-20260706T042251.490920785Z-c4-real-task-0196,signed_post_evalsnapshot,true,1,1783311776336,0,QmTQ1PbJFgNKhVego5qTuyTZaXyLBFPkpTGPcPVQGwbk9W,false
1976,e6-lifecycle-20260706T042251.490920785Z-c4-real-task-0196,signed_vote1,true,2,1783311776337,0,QmTQ1PbJFgNKhVego5qTuyTZaXyLBFPkpTGPcPVQGwbk9W,false
1977,e6-lifecycle-20260706T042251.490920785Z-c4-real-task-0196,signed_vote2,true,2,1783311776339,0,QmTQ1PbJFgNKhVego5qTuyTZaXyLBFPkpTGPcPVQGwbk9W,false
1978,e6-lifecycle-20260706T042251.490920785Z-c4-real-task-0196,signed_settlement,true,2,1783311776341,0,QmTQ1PbJFgNKhVego5qTuyTZaXyLBFPkpTGPcPVQGwbk9W,false
1979,e6-lifecycle-20260706T042251.490920785Z-c4-real-task-0196,signed_query_latest,true,0,1783311776343,0,QmTQ1PbJFgNKhVego5qTuyTZaXyLBFPkpTGPcPVQGwbk9W,false
1980,e6-lifecycle-20260706T042251.490920785Z-c4-real-task-0196,ipfs_verify,true,6,1783311776343,0,QmTQ1PbJFgNKhVego5qTuyTZaXyLBFPkpTGPcPVQGwbk9W,false
1981,e6-lifecycle-20260706T042251.490920785Z-c4-real-task-0232,ipfs_add,true,58,1783311776293,5652,,false
1982,e6-lifecycle-20260706T042251.490920785Z-c4-real-task-0232,signed_posttask,true,2,1783311776351,0,QmSoSsUedyqXDpWjs8cPi259zwcokeishbBomFLbck3bFS,false
1983,e6-lifecycle-20260706T042251.490920785Z-c4-real-task-0232,signed_postallocation,true,2,1783311776353,0,QmSoSsUedyqXDpWjs8cPi259zwcokeishbBomFLbck3bFS,false
1984,e6-lifecycle-20260706T042251.490920785Z-c4-real-task-0232,signed_post_evalsnapshot,true,1,1783311776355,0,QmSoSsUedyqXDpWjs8cPi259zwcokeishbBomFLbck3bFS,false
1985,e6-lifecycle-20260706T042251.490920785Z-c4-real-task-0232,signed_vote1,true,2,1783311776356,0,QmSoSsUedyqXDpWjs8cPi259zwcokeishbBomFLbck3bFS,false
1986,e6-lifecycle-20260706T042251.490920785Z-c4-real-task-0232,signed_vote2,true,1,1783311776358,0,QmSoSsUedyqXDpWjs8cPi259zwcokeishbBomFLbck3bFS,false
1987,e6-lifecycle-20260706T042251.490920785Z-c4-real-task-0232,signed_settlement,true,2,1783311776359,0,QmSoSsUedyqXDpWjs8cPi259zwcokeishbBomFLbck3bFS,false
1988,e6-lifecycle-20260706T042251.490920785Z-c4-real-task-0232,signed_query_latest,true,0,1783311776361,0,QmSoSsUedyqXDpWjs8cPi259zwcokeishbBomFLbck3bFS,false
1989,e6-lifecycle-20260706T042251.490920785Z-c4-real-task-0081,ipfs_add,true,57,1783311776312,9224,,false
1990,e6-lifecycle-20260706T042251.490920785Z-c4-real-task-0232,ipfs_verify,true,8,1783311776361,0,QmSoSsUedyqXDpWjs8cPi259zwcokeishbBomFLbck3bFS,false
1991,e6-lifecycle-20260706T042251.490920785Z-c4-real-task-0081,signed_posttask,true,2,1783311776369,0,QmQhzdo79vLus2WbHD1UviAJSuaG18vFF57Yt3d5cS2s7M,false
1992,e6-lifecycle-20260706T042251.490920785Z-c4-real-task-0081,signed_postallocation,true,2,1783311776371,0,QmQhzdo79vLus2WbHD1UviAJSuaG18vFF57Yt3d5cS2s7M,false
1993,e6-lifecycle-20260706T042251.490920785Z-c4-real-task-0081,signed_post_evalsnapshot,true,1,1783311776373,0,QmQhzdo79vLus2WbHD1UviAJSuaG18vFF57Yt3d5cS2s7M,false
1994,e6-lifecycle-20260706T042251.490920785Z-c4-real-task-0081,signed_vote1,true,2,1783311776374,0,QmQhzdo79vLus2WbHD1UviAJSuaG18vFF57Yt3d5cS2s7M,false
1995,e6-lifecycle-20260706T042251.490920785Z-c4-real-task-0081,signed_vote2,true,1,1783311776376,0,QmQhzdo79vLus2WbHD1UviAJSuaG18vFF57Yt3d5cS2s7M,false
1996,e6-lifecycle-20260706T042251.490920785Z-c4-real-task-0081,signed_settlement,true,2,1783311776377,0,QmQhzdo79vLus2WbHD1UviAJSuaG18vFF57Yt3d5cS2s7M,false
1997,e6-lifecycle-20260706T042251.490920785Z-c4-real-task-0081,signed_query_latest,true,0,1783311776379,0,QmQhzdo79vLus2WbHD1UviAJSuaG18vFF57Yt3d5cS2s7M,false
1998,e6-lifecycle-20260706T042251.490920785Z-c4-real-task-0244,ipfs_add,true,56,1783311776330,1940,,false
1999,e6-lifecycle-20260706T042251.490920785Z-c4-real-task-0081,ipfs_verify,true,8,1783311776379,0,QmQhzdo79vLus2WbHD1UviAJSuaG18vFF57Yt3d5cS2s7M,false
2000,e6-lifecycle-20260706T042251.490920785Z-c4-real-task-0244,signed_posttask,true,2,1783311776386,0,QmZRkcbZv6DrZ32YxAdk9t2kzi1YwGMwtxRpuS6Qjz4ByS,false
2001,e6-lifecycle-20260706T042251.490920785Z-c4-real-task-0244,signed_postallocation,true,1,1783311776388,0,QmZRkcbZv6DrZ32YxAdk9t2kzi1YwGMwtxRpuS6Qjz4ByS,false
2002,e6-lifecycle-20260706T042251.490920785Z-c4-real-task-0244,signed_post_evalsnapshot,true,2,1783311776389,0,QmZRkcbZv6DrZ32YxAdk9t2kzi1YwGMwtxRpuS6Qjz4ByS,false
2003,e6-lifecycle-20260706T042251.490920785Z-c4-real-task-0244,signed_vote1,true,2,1783311776391,0,QmZRkcbZv6DrZ32YxAdk9t2kzi1YwGMwtxRpuS6Qjz4ByS,false
2004,e6-lifecycle-20260706T042251.490920785Z-c4-real-task-0244,signed_vote2,true,1,1783311776393,0,QmZRkcbZv6DrZ32YxAdk9t2kzi1YwGMwtxRpuS6Qjz4ByS,false
2005,e6-lifecycle-20260706T042251.490920785Z-c4-real-task-0244,signed_settlement,true,2,1783311776394,0,QmZRkcbZv6DrZ32YxAdk9t2kzi1YwGMwtxRpuS6Qjz4ByS,false
2006,e6-lifecycle-20260706T042251.490920785Z-c4-real-task-0244,signed_query_latest,true,0,1783311776396,0,QmZRkcbZv6DrZ32YxAdk9t2kzi1YwGMwtxRpuS6Qjz4ByS,false
2007,e6-lifecycle-20260706T042251.490920785Z-c4-real-task-0244,ipfs_verify,true,7,1783311776396,0,QmZRkcbZv6DrZ32YxAdk9t2kzi1YwGMwtxRpuS6Qjz4ByS,false
2008,e6-lifecycle-20260706T042251.490920785Z-c4-real-task-0234,ipfs_add,true,56,1783311776349,4813,,false
2009,e6-lifecycle-20260706T042251.490920785Z-c4-real-task-0234,signed_posttask,true,3,1783311776405,0,QmPib3HBbwLaFsPuT1LMCQzfpjcraJk2ud1LU6KcqXFQ9r,false
2010,e6-lifecycle-20260706T042251.490920785Z-c4-real-task-0234,signed_postallocation,true,2,1783311776408,0,QmPib3HBbwLaFsPuT1LMCQzfpjcraJk2ud1LU6KcqXFQ9r,false
2011,e6-lifecycle-20260706T042251.490920785Z-c4-real-task-0234,signed_post_evalsnapshot,true,2,1783311776410,0,QmPib3HBbwLaFsPuT1LMCQzfpjcraJk2ud1LU6KcqXFQ9r,false
2012,e6-lifecycle-20260706T042251.490920785Z-c4-real-task-0234,signed_vote1,true,2,1783311776412,0,QmPib3HBbwLaFsPuT1LMCQzfpjcraJk2ud1LU6KcqXFQ9r,false
2013,e6-lifecycle-20260706T042251.490920785Z-c4-real-task-0234,signed_vote2,true,2,1783311776414,0,QmPib3HBbwLaFsPuT1LMCQzfpjcraJk2ud1LU6KcqXFQ9r,false
2014,e6-lifecycle-20260706T042251.490920785Z-c4-real-task-0234,signed_settlement,true,1,1783311776416,0,QmPib3HBbwLaFsPuT1LMCQzfpjcraJk2ud1LU6KcqXFQ9r,false
2015,e6-lifecycle-20260706T042251.490920785Z-c4-real-task-0234,signed_query_latest,true,0,1783311776417,0,QmPib3HBbwLaFsPuT1LMCQzfpjcraJk2ud1LU6KcqXFQ9r,false
2016,e6-lifecycle-20260706T042251.490920785Z-c4-real-task-0235,ipfs_add,true,55,1783311776369,3473,,false
2017,e6-lifecycle-20260706T042251.490920785Z-c4-real-task-0234,ipfs_verify,true,9,1783311776417,0,QmPib3HBbwLaFsPuT1LMCQzfpjcraJk2ud1LU6KcqXFQ9r,false
2018,e6-lifecycle-20260706T042251.490920785Z-c4-real-task-0235,signed_posttask,true,3,1783311776424,0,QmYicVCk9mEpCXvCjMGcMHHmbJVaPePcbBgZQABLWpBqqW,false
2019,e6-lifecycle-20260706T042251.490920785Z-c4-real-task-0235,signed_postallocation,true,6,1783311776427,0,QmYicVCk9mEpCXvCjMGcMHHmbJVaPePcbBgZQABLWpBqqW,false
2020,e6-lifecycle-20260706T042251.490920785Z-c4-real-task-0235,signed_post_evalsnapshot,true,3,1783311776433,0,QmYicVCk9mEpCXvCjMGcMHHmbJVaPePcbBgZQABLWpBqqW,false
2021,e6-lifecycle-20260706T042251.490920785Z-c4-real-task-0235,signed_vote1,true,3,1783311776436,0,QmYicVCk9mEpCXvCjMGcMHHmbJVaPePcbBgZQABLWpBqqW,false
2022,e6-lifecycle-20260706T042251.490920785Z-c4-real-task-0235,signed_vote2,true,2,1783311776439,0,QmYicVCk9mEpCXvCjMGcMHHmbJVaPePcbBgZQABLWpBqqW,false
2023,e6-lifecycle-20260706T042251.490920785Z-c4-real-task-0235,signed_settlement,true,2,1783311776441,0,QmYicVCk9mEpCXvCjMGcMHHmbJVaPePcbBgZQABLWpBqqW,false
2024,e6-lifecycle-20260706T042251.490920785Z-c4-real-task-0235,signed_query_latest,true,0,1783311776443,0,QmYicVCk9mEpCXvCjMGcMHHmbJVaPePcbBgZQABLWpBqqW,false
2025,e6-lifecycle-20260706T042251.490920785Z-c4-real-task-0235,ipfs_verify,true,9,1783311776443,0,QmYicVCk9mEpCXvCjMGcMHHmbJVaPePcbBgZQABLWpBqqW,false
2026,e6-lifecycle-20260706T042251.490920785Z-c4-real-task-0240,ipfs_add,true,69,1783311776387,1900,,false
2027,e6-lifecycle-20260706T042251.490920785Z-c4-real-task-0240,signed_posttask,true,2,1783311776456,0,QmRfDCDvLXbQCMFDCB2yZ6ZQfQ9nRcY5sEkbivZjmdkej6,false
2028,e6-lifecycle-20260706T042251.490920785Z-c4-real-task-0240,signed_postallocation,true,2,1783311776458,0,QmRfDCDvLXbQCMFDCB2yZ6ZQfQ9nRcY5sEkbivZjmdkej6,false
2029,e6-lifecycle-20260706T042251.490920785Z-c4-real-task-0240,signed_post_evalsnapshot,true,2,1783311776460,0,QmRfDCDvLXbQCMFDCB2yZ6ZQfQ9nRcY5sEkbivZjmdkej6,false
2030,e6-lifecycle-20260706T042251.490920785Z-c4-real-task-0240,signed_vote1,true,2,1783311776462,0,QmRfDCDvLXbQCMFDCB2yZ6ZQfQ9nRcY5sEkbivZjmdkej6,false
2031,e6-lifecycle-20260706T042251.490920785Z-c4-real-task-0240,signed_vote2,true,2,1783311776464,0,QmRfDCDvLXbQCMFDCB2yZ6ZQfQ9nRcY5sEkbivZjmdkej6,false
2032,e6-lifecycle-20260706T042251.490920785Z-c4-real-task-0240,signed_settlement,true,1,1783311776466,0,QmRfDCDvLXbQCMFDCB2yZ6ZQfQ9nRcY5sEkbivZjmdkej6,false
2033,e6-lifecycle-20260706T042251.490920785Z-c4-real-task-0240,signed_query_latest,true,0,1783311776467,0,QmRfDCDvLXbQCMFDCB2yZ6ZQfQ9nRcY5sEkbivZjmdkej6,false
2034,e6-lifecycle-20260706T042251.490920785Z-c4-real-task-0240,ipfs_verify,true,6,1783311776467,0,QmRfDCDvLXbQCMFDCB2yZ6ZQfQ9nRcY5sEkbivZjmdkej6,false
2035,e6-lifecycle-20260706T042251.490920785Z-c4-real-task-0241,ipfs_add,true,72,1783311776403,2700,,false
2036,e6-lifecycle-20260706T042251.490920785Z-c4-real-task-0241,signed_posttask,true,2,1783311776475,0,QmfEJkxeZXBCtVrzRc9tWUkiwMt3QbnPxy27zPrhErg5Mj,false
2037,e6-lifecycle-20260706T042251.490920785Z-c4-real-task-0241,signed_postallocation,true,2,1783311776477,0,QmfEJkxeZXBCtVrzRc9tWUkiwMt3QbnPxy27zPrhErg5Mj,false
2038,e6-lifecycle-20260706T042251.490920785Z-c4-real-task-0241,signed_post_evalsnapshot,true,2,1783311776479,0,QmfEJkxeZXBCtVrzRc9tWUkiwMt3QbnPxy27zPrhErg5Mj,false
2039,e6-lifecycle-20260706T042251.490920785Z-c4-real-task-0241,signed_vote1,true,2,1783311776481,0,QmfEJkxeZXBCtVrzRc9tWUkiwMt3QbnPxy27zPrhErg5Mj,false
2040,e6-lifecycle-20260706T042251.490920785Z-c4-real-task-0241,signed_vote2,true,1,1783311776483,0,QmfEJkxeZXBCtVrzRc9tWUkiwMt3QbnPxy27zPrhErg5Mj,false
2041,e6-lifecycle-20260706T042251.490920785Z-c4-real-task-0241,signed_settlement,true,2,1783311776484,0,QmfEJkxeZXBCtVrzRc9tWUkiwMt3QbnPxy27zPrhErg5Mj,false
2042,e6-lifecycle-20260706T042251.490920785Z-c4-real-task-0241,signed_query_latest,true,0,1783311776486,0,QmfEJkxeZXBCtVrzRc9tWUkiwMt3QbnPxy27zPrhErg5Mj,false
2043,e6-lifecycle-20260706T042251.490920785Z-c4-real-task-0241,ipfs_verify,true,7,1783311776486,0,QmfEJkxeZXBCtVrzRc9tWUkiwMt3QbnPxy27zPrhErg5Mj,false
2044,e6-lifecycle-20260706T042251.490920785Z-c4-real-task-0197,ipfs_add,true,68,1783311776426,4817,,false
2045,e6-lifecycle-20260706T042251.490920785Z-c4-real-task-0197,signed_posttask,true,2,1783311776494,0,QmbvahhBBxPPJvX1kedLaAKjiVK7gTyk8mGFKobzfLRtWp,false
2046,e6-lifecycle-20260706T042251.490920785Z-c4-real-task-0197,signed_postallocation,true,2,1783311776496,0,QmbvahhBBxPPJvX1kedLaAKjiVK7gTyk8mGFKobzfLRtWp,false
2047,e6-lifecycle-20260706T042251.490920785Z-c4-real-task-0197,signed_post_evalsnapshot,true,2,1783311776498,0,QmbvahhBBxPPJvX1kedLaAKjiVK7gTyk8mGFKobzfLRtWp,false
2048,e6-lifecycle-20260706T042251.490920785Z-c4-real-task-0197,signed_vote1,true,1,1783311776500,0,QmbvahhBBxPPJvX1kedLaAKjiVK7gTyk8mGFKobzfLRtWp,false
2049,e6-lifecycle-20260706T042251.490920785Z-c4-real-task-0197,signed_vote2,true,2,1783311776501,0,QmbvahhBBxPPJvX1kedLaAKjiVK7gTyk8mGFKobzfLRtWp,false
2050,e6-lifecycle-20260706T042251.490920785Z-c4-real-task-0197,signed_settlement,true,2,1783311776503,0,QmbvahhBBxPPJvX1kedLaAKjiVK7gTyk8mGFKobzfLRtWp,false
2051,e6-lifecycle-20260706T042251.490920785Z-c4-real-task-0197,signed_query_latest,true,0,1783311776505,0,QmbvahhBBxPPJvX1kedLaAKjiVK7gTyk8mGFKobzfLRtWp,false
2052,e6-lifecycle-20260706T042251.490920785Z-c4-real-task-0197,ipfs_verify,true,6,1783311776505,0,QmbvahhBBxPPJvX1kedLaAKjiVK7gTyk8mGFKobzfLRtWp,false
2053,e6-lifecycle-20260706T042251.490920785Z-c4-real-task-0199,ipfs_add,true,60,1783311776473,5047,,false
2054,e6-lifecycle-20260706T042251.490920785Z-c4-real-task-0199,signed_posttask,true,1,1783311776533,0,QmWy11MokeVCNQuSN9bfWQHz1CevithknjYMzKuymcZo7S,false
2055,e6-lifecycle-20260706T042251.490920785Z-c4-real-task-0199,signed_postallocation,true,2,1783311776534,0,QmWy11MokeVCNQuSN9bfWQHz1CevithknjYMzKuymcZo7S,false
2056,e6-lifecycle-20260706T042251.490920785Z-c4-real-task-0199,signed_post_evalsnapshot,true,2,1783311776536,0,QmWy11MokeVCNQuSN9bfWQHz1CevithknjYMzKuymcZo7S,false
2057,e6-lifecycle-20260706T042251.490920785Z-c4-real-task-0199,signed_vote1,true,1,1783311776538,0,QmWy11MokeVCNQuSN9bfWQHz1CevithknjYMzKuymcZo7S,false
2058,e6-lifecycle-20260706T042251.490920785Z-c4-real-task-0199,signed_vote2,true,2,1783311776539,0,QmWy11MokeVCNQuSN9bfWQHz1CevithknjYMzKuymcZo7S,false
2059,e6-lifecycle-20260706T042251.490920785Z-c4-real-task-0199,signed_settlement,true,1,1783311776541,0,QmWy11MokeVCNQuSN9bfWQHz1CevithknjYMzKuymcZo7S,false
2060,e6-lifecycle-20260706T042251.490920785Z-c4-real-task-0199,signed_query_latest,true,0,1783311776542,0,QmWy11MokeVCNQuSN9bfWQHz1CevithknjYMzKuymcZo7S,false
2061,e6-lifecycle-20260706T042251.490920785Z-c4-real-task-0199,ipfs_verify,true,7,1783311776542,0,QmWy11MokeVCNQuSN9bfWQHz1CevithknjYMzKuymcZo7S,false
2062,e6-lifecycle-20260706T042251.490920785Z-c4-real-task-0198,ipfs_add,true,99,1783311776452,3540,,false
2063,e6-lifecycle-20260706T042251.490920785Z-c4-real-task-0242,ipfs_add,true,58,1783311776493,2053,,false
2064,e6-lifecycle-20260706T042251.490920785Z-c4-real-task-0198,signed_posttask,true,2,1783311776551,0,QmZWNqHHBwy3oA7Ng8hVTaUMhZ6QkUps6zYhcegYz5enFd,false
2065,e6-lifecycle-20260706T042251.490920785Z-c4-real-task-0198,signed_postallocation,true,1,1783311776553,0,QmZWNqHHBwy3oA7Ng8hVTaUMhZ6QkUps6zYhcegYz5enFd,false
2066,e6-lifecycle-20260706T042251.490920785Z-c4-real-task-0242,signed_posttask,true,5,1783311776551,0,QmNubnQEoCoKW34iLEEdjbFpwQuVWvqdKUZP7pPaRitT9Z,false
2067,e6-lifecycle-20260706T042251.490920785Z-c4-real-task-0242,signed_postallocation,true,2,1783311776556,0,QmNubnQEoCoKW34iLEEdjbFpwQuVWvqdKUZP7pPaRitT9Z,false
2068,e6-lifecycle-20260706T042251.490920785Z-c4-real-task-0198,signed_post_evalsnapshot,true,5,1783311776554,0,QmZWNqHHBwy3oA7Ng8hVTaUMhZ6QkUps6zYhcegYz5enFd,false
2069,e6-lifecycle-20260706T042251.490920785Z-c4-real-task-0198,signed_vote1,true,2,1783311776559,0,QmZWNqHHBwy3oA7Ng8hVTaUMhZ6QkUps6zYhcegYz5enFd,false
2070,e6-lifecycle-20260706T042251.490920785Z-c4-real-task-0242,signed_post_evalsnapshot,true,4,1783311776558,0,QmNubnQEoCoKW34iLEEdjbFpwQuVWvqdKUZP7pPaRitT9Z,false
2071,e6-lifecycle-20260706T042251.490920785Z-c4-real-task-0242,signed_vote1,true,2,1783311776562,0,QmNubnQEoCoKW34iLEEdjbFpwQuVWvqdKUZP7pPaRitT9Z,false
2072,e6-lifecycle-20260706T042251.490920785Z-c4-real-task-0198,signed_vote2,true,4,1783311776561,0,QmZWNqHHBwy3oA7Ng8hVTaUMhZ6QkUps6zYhcegYz5enFd,false
2073,e6-lifecycle-20260706T042251.490920785Z-c4-real-task-0198,signed_settlement,true,2,1783311776565,0,QmZWNqHHBwy3oA7Ng8hVTaUMhZ6QkUps6zYhcegYz5enFd,false
2074,e6-lifecycle-20260706T042251.490920785Z-c4-real-task-0242,signed_vote2,true,40,1783311776564,0,QmNubnQEoCoKW34iLEEdjbFpwQuVWvqdKUZP7pPaRitT9Z,false
2075,e6-lifecycle-20260706T042251.490920785Z-c4-real-task-0198,signed_query_latest,true,39,1783311776567,0,QmZWNqHHBwy3oA7Ng8hVTaUMhZ6QkUps6zYhcegYz5enFd,false
2076,e6-lifecycle-20260706T042251.490920785Z-c4-real-task-0242,signed_settlement,true,2,1783311776604,0,QmNubnQEoCoKW34iLEEdjbFpwQuVWvqdKUZP7pPaRitT9Z,false
2077,e6-lifecycle-20260706T042251.490920785Z-c4-real-task-0242,signed_query_latest,true,0,1783311776606,0,QmNubnQEoCoKW34iLEEdjbFpwQuVWvqdKUZP7pPaRitT9Z,false
2078,e6-lifecycle-20260706T042251.490920785Z-c4-real-task-0243,ipfs_add,true,96,1783311776511,1456,,false
2079,e6-lifecycle-20260706T042251.490920785Z-c4-real-task-0243,signed_posttask,true,3,1783311776607,0,QmRSRcL9QGoh8VvDT2ixSsZg96fnWrX8z1a5S7uHJpt7kp,false
2080,e6-lifecycle-20260706T042251.490920785Z-c4-real-task-0243,signed_postallocation,true,2,1783311776610,0,QmRSRcL9QGoh8VvDT2ixSsZg96fnWrX8z1a5S7uHJpt7kp,false
2081,e6-lifecycle-20260706T042251.490920785Z-c4-real-task-0198,ipfs_verify,true,8,1783311776606,0,QmZWNqHHBwy3oA7Ng8hVTaUMhZ6QkUps6zYhcegYz5enFd,false
2082,e6-lifecycle-20260706T042251.490920785Z-c4-real-task-0242,ipfs_verify,true,8,1783311776606,0,QmNubnQEoCoKW34iLEEdjbFpwQuVWvqdKUZP7pPaRitT9Z,false
2083,e6-lifecycle-20260706T042251.490920785Z-c4-real-task-0243,signed_post_evalsnapshot,true,2,1783311776612,0,QmRSRcL9QGoh8VvDT2ixSsZg96fnWrX8z1a5S7uHJpt7kp,false
2084,e6-lifecycle-20260706T042251.490920785Z-c4-real-task-0243,signed_vote1,true,2,1783311776614,0,QmRSRcL9QGoh8VvDT2ixSsZg96fnWrX8z1a5S7uHJpt7kp,false
2085,e6-lifecycle-20260706T042251.490920785Z-c4-real-task-0243,signed_vote2,true,9,1783311776616,0,QmRSRcL9QGoh8VvDT2ixSsZg96fnWrX8z1a5S7uHJpt7kp,false
2086,e6-lifecycle-20260706T042251.490920785Z-c4-real-task-0243,signed_settlement,true,4,1783311776625,0,QmRSRcL9QGoh8VvDT2ixSsZg96fnWrX8z1a5S7uHJpt7kp,false
2087,e6-lifecycle-20260706T042251.490920785Z-c4-real-task-0243,signed_query_latest,true,0,1783311776629,0,QmRSRcL9QGoh8VvDT2ixSsZg96fnWrX8z1a5S7uHJpt7kp,false
2088,e6-lifecycle-20260706T042251.490920785Z-c4-real-task-0243,ipfs_verify,true,6,1783311776629,0,QmRSRcL9QGoh8VvDT2ixSsZg96fnWrX8z1a5S7uHJpt7kp,false
2089,e6-lifecycle-20260706T042251.490920785Z-c4-real-task-0201,ipfs_add,true,43,1783311776614,4340,,false
2090,e6-lifecycle-20260706T042251.490920785Z-c4-real-task-0201,signed_posttask,true,2,1783311776657,0,QmdjzG35Tv9EawU3dwjehMfhybFdJmmnFHpEtFdcm5VuFK,false
2091,e6-lifecycle-20260706T042251.490920785Z-c4-real-task-0201,signed_postallocation,true,2,1783311776659,0,QmdjzG35Tv9EawU3dwjehMfhybFdJmmnFHpEtFdcm5VuFK,false
2092,e6-lifecycle-20260706T042251.490920785Z-c4-real-task-0201,signed_post_evalsnapshot,true,2,1783311776661,0,QmdjzG35Tv9EawU3dwjehMfhybFdJmmnFHpEtFdcm5VuFK,false
2093,e6-lifecycle-20260706T042251.490920785Z-c4-real-task-0201,signed_vote1,true,2,1783311776663,0,QmdjzG35Tv9EawU3dwjehMfhybFdJmmnFHpEtFdcm5VuFK,false
2094,e6-lifecycle-20260706T042251.490920785Z-c4-real-task-0201,signed_vote2,true,1,1783311776665,0,QmdjzG35Tv9EawU3dwjehMfhybFdJmmnFHpEtFdcm5VuFK,false
2095,e6-lifecycle-20260706T042251.490920785Z-c4-real-task-0201,signed_settlement,true,2,1783311776666,0,QmdjzG35Tv9EawU3dwjehMfhybFdJmmnFHpEtFdcm5VuFK,false
2096,e6-lifecycle-20260706T042251.490920785Z-c4-real-task-0201,signed_query_latest,true,0,1783311776668,0,QmdjzG35Tv9EawU3dwjehMfhybFdJmmnFHpEtFdcm5VuFK,false
2097,e6-lifecycle-20260706T042251.490920785Z-c4-real-task-0201,ipfs_verify,true,7,1783311776668,0,QmdjzG35Tv9EawU3dwjehMfhybFdJmmnFHpEtFdcm5VuFK,false
2098,e6-lifecycle-20260706T042251.490920785Z-c4-real-task-0200,ipfs_add,true,127,1783311776549,5145,,false
2099,e6-lifecycle-20260706T042251.490920785Z-c4-real-task-0249,ipfs_add,true,62,1783311776614,1622,,false
2100,e6-lifecycle-20260706T042251.490920785Z-c4-real-task-0200,signed_posttask,true,2,1783311776676,0,QmWsn3VH4qEmQoJUcTTgaCC8C8yvu9U6JQYjovtYXaQr7y,false
2101,e6-lifecycle-20260706T042251.490920785Z-c4-real-task-0200,signed_postallocation,true,1,1783311776678,0,QmWsn3VH4qEmQoJUcTTgaCC8C8yvu9U6JQYjovtYXaQr7y,false
2102,e6-lifecycle-20260706T042251.490920785Z-c4-real-task-0249,signed_posttask,true,5,1783311776676,0,QmWhPk74ArLFk2azBUEPeV5DfbYzPqL1rjTNqE5zSC1Eut,false
2103,e6-lifecycle-20260706T042251.490920785Z-c4-real-task-0249,signed_postallocation,true,2,1783311776681,0,QmWhPk74ArLFk2azBUEPeV5DfbYzPqL1rjTNqE5zSC1Eut,false
2104,e6-lifecycle-20260706T042251.490920785Z-c4-real-task-0200,signed_post_evalsnapshot,true,5,1783311776679,0,QmWsn3VH4qEmQoJUcTTgaCC8C8yvu9U6JQYjovtYXaQr7y,false
2105,e6-lifecycle-20260706T042251.490920785Z-c4-real-task-0200,signed_vote1,true,2,1783311776684,0,QmWsn3VH4qEmQoJUcTTgaCC8C8yvu9U6JQYjovtYXaQr7y,false
2106,e6-lifecycle-20260706T042251.490920785Z-c4-real-task-0249,signed_post_evalsnapshot,true,5,1783311776683,0,QmWhPk74ArLFk2azBUEPeV5DfbYzPqL1rjTNqE5zSC1Eut,false
2107,e6-lifecycle-20260706T042251.490920785Z-c4-real-task-0249,signed_vote1,true,2,1783311776688,0,QmWhPk74ArLFk2azBUEPeV5DfbYzPqL1rjTNqE5zSC1Eut,false
2108,e6-lifecycle-20260706T042251.490920785Z-c4-real-task-0200,signed_vote2,true,5,1783311776686,0,QmWsn3VH4qEmQoJUcTTgaCC8C8yvu9U6JQYjovtYXaQr7y,false
2109,e6-lifecycle-20260706T042251.490920785Z-c4-real-task-0200,signed_settlement,true,2,1783311776691,0,QmWsn3VH4qEmQoJUcTTgaCC8C8yvu9U6JQYjovtYXaQr7y,false
2110,e6-lifecycle-20260706T042251.490920785Z-c4-real-task-0249,signed_vote2,true,4,1783311776690,0,QmWhPk74ArLFk2azBUEPeV5DfbYzPqL1rjTNqE5zSC1Eut,false
2111,e6-lifecycle-20260706T042251.490920785Z-c4-real-task-0200,signed_query_latest,true,3,1783311776693,0,QmWsn3VH4qEmQoJUcTTgaCC8C8yvu9U6JQYjovtYXaQr7y,false
2112,e6-lifecycle-20260706T042251.490920785Z-c4-real-task-0249,signed_settlement,true,2,1783311776694,0,QmWhPk74ArLFk2azBUEPeV5DfbYzPqL1rjTNqE5zSC1Eut,false
2113,e6-lifecycle-20260706T042251.490920785Z-c4-real-task-0249,signed_query_latest,true,0,1783311776696,0,QmWhPk74ArLFk2azBUEPeV5DfbYzPqL1rjTNqE5zSC1Eut,false
2114,e6-lifecycle-20260706T042251.490920785Z-c4-real-task-0245,ipfs_add,true,61,1783311776635,1397,,false
2115,e6-lifecycle-20260706T042251.490920785Z-c4-real-task-0245,signed_posttask,true,6,1783311776696,0,QmRfQ29mFdu3DgQcz3fAXc1k7t6oBRgjxH4rKPuQH1fX4o,false
2116,e6-lifecycle-20260706T042251.490920785Z-c4-real-task-0249,ipfs_verify,true,6,1783311776696,0,QmWhPk74ArLFk2azBUEPeV5DfbYzPqL1rjTNqE5zSC1Eut,false
2117,e6-lifecycle-20260706T042251.490920785Z-c4-real-task-0200,ipfs_verify,true,6,1783311776696,0,QmWsn3VH4qEmQoJUcTTgaCC8C8yvu9U6JQYjovtYXaQr7y,false
2118,e6-lifecycle-20260706T042251.490920785Z-c4-real-task-0245,signed_postallocation,true,1,1783311776702,0,QmRfQ29mFdu3DgQcz3fAXc1k7t6oBRgjxH4rKPuQH1fX4o,false
2119,e6-lifecycle-20260706T042251.490920785Z-c4-real-task-0245,signed_post_evalsnapshot,true,2,1783311776703,0,QmRfQ29mFdu3DgQcz3fAXc1k7t6oBRgjxH4rKPuQH1fX4o,false
2120,e6-lifecycle-20260706T042251.490920785Z-c4-real-task-0245,signed_vote1,true,2,1783311776705,0,QmRfQ29mFdu3DgQcz3fAXc1k7t6oBRgjxH4rKPuQH1fX4o,false
2121,e6-lifecycle-20260706T042251.490920785Z-c4-real-task-0245,signed_vote2,true,1,1783311776707,0,QmRfQ29mFdu3DgQcz3fAXc1k7t6oBRgjxH4rKPuQH1fX4o,false
2122,e6-lifecycle-20260706T042251.490920785Z-c4-real-task-0245,signed_settlement,true,2,1783311776708,0,QmRfQ29mFdu3DgQcz3fAXc1k7t6oBRgjxH4rKPuQH1fX4o,false
2123,e6-lifecycle-20260706T042251.490920785Z-c4-real-task-0245,signed_query_latest,true,0,1783311776710,0,QmRfQ29mFdu3DgQcz3fAXc1k7t6oBRgjxH4rKPuQH1fX4o,false
2124,e6-lifecycle-20260706T042251.490920785Z-c4-real-task-0246,ipfs_add,true,40,1783311776675,1908,,false
2125,e6-lifecycle-20260706T042251.490920785Z-c4-real-task-0246,signed_posttask,true,1,1783311776715,0,Qmbd379qf1e5jFN3VfVGanPkH2qj7HaxhCKRJVLas9XhVH,false
2126,e6-lifecycle-20260706T042251.490920785Z-c4-real-task-0245,ipfs_verify,true,6,1783311776710,0,QmRfQ29mFdu3DgQcz3fAXc1k7t6oBRgjxH4rKPuQH1fX4o,false
2127,e6-lifecycle-20260706T042251.490920785Z-c4-real-task-0246,signed_postallocation,true,1,1783311776716,0,Qmbd379qf1e5jFN3VfVGanPkH2qj7HaxhCKRJVLas9XhVH,false
2128,e6-lifecycle-20260706T042251.490920785Z-c4-real-task-0246,signed_post_evalsnapshot,true,2,1783311776717,0,Qmbd379qf1e5jFN3VfVGanPkH2qj7HaxhCKRJVLas9XhVH,false
2129,e6-lifecycle-20260706T042251.490920785Z-c4-real-task-0246,signed_vote1,true,2,1783311776719,0,Qmbd379qf1e5jFN3VfVGanPkH2qj7HaxhCKRJVLas9XhVH,false
2130,e6-lifecycle-20260706T042251.490920785Z-c4-real-task-0246,signed_vote2,true,1,1783311776721,0,Qmbd379qf1e5jFN3VfVGanPkH2qj7HaxhCKRJVLas9XhVH,false
2131,e6-lifecycle-20260706T042251.490920785Z-c4-real-task-0246,signed_settlement,true,2,1783311776722,0,Qmbd379qf1e5jFN3VfVGanPkH2qj7HaxhCKRJVLas9XhVH,false
2132,e6-lifecycle-20260706T042251.490920785Z-c4-real-task-0246,signed_query_latest,true,0,1783311776724,0,Qmbd379qf1e5jFN3VfVGanPkH2qj7HaxhCKRJVLas9XhVH,false
2133,e6-lifecycle-20260706T042251.490920785Z-c4-real-task-0246,ipfs_verify,true,6,1783311776724,0,Qmbd379qf1e5jFN3VfVGanPkH2qj7HaxhCKRJVLas9XhVH,false
2134,e6-lifecycle-20260706T042251.490920785Z-c4-real-task-0202,ipfs_add,true,31,1783311776702,4638,,false
2135,e6-lifecycle-20260706T042251.490920785Z-c4-real-task-0202,signed_posttask,true,2,1783311776733,0,QmejhkZWTARckuAaEe1Q6SLFZ3XMmF1EjcDYpHuMGkpBsf,false
2136,e6-lifecycle-20260706T042251.490920785Z-c4-real-task-0202,signed_postallocation,true,1,1783311776735,0,QmejhkZWTARckuAaEe1Q6SLFZ3XMmF1EjcDYpHuMGkpBsf,false
2137,e6-lifecycle-20260706T042251.490920785Z-c4-real-task-0202,signed_post_evalsnapshot,true,2,1783311776736,0,QmejhkZWTARckuAaEe1Q6SLFZ3XMmF1EjcDYpHuMGkpBsf,false
2138,e6-lifecycle-20260706T042251.490920785Z-c4-real-task-0202,signed_vote1,true,1,1783311776738,0,QmejhkZWTARckuAaEe1Q6SLFZ3XMmF1EjcDYpHuMGkpBsf,false
2139,e6-lifecycle-20260706T042251.490920785Z-c4-real-task-0202,signed_vote2,true,2,1783311776739,0,QmejhkZWTARckuAaEe1Q6SLFZ3XMmF1EjcDYpHuMGkpBsf,false
2140,e6-lifecycle-20260706T042251.490920785Z-c4-real-task-0202,signed_settlement,true,2,1783311776741,0,QmejhkZWTARckuAaEe1Q6SLFZ3XMmF1EjcDYpHuMGkpBsf,false
2141,e6-lifecycle-20260706T042251.490920785Z-c4-real-task-0202,signed_query_latest,true,0,1783311776743,0,QmejhkZWTARckuAaEe1Q6SLFZ3XMmF1EjcDYpHuMGkpBsf,false
2142,e6-lifecycle-20260706T042251.490920785Z-c4-real-task-0202,ipfs_verify,true,6,1783311776743,0,QmejhkZWTARckuAaEe1Q6SLFZ3XMmF1EjcDYpHuMGkpBsf,false
2143,e6-lifecycle-20260706T042251.490920785Z-c4-real-task-0247,ipfs_add,true,50,1783311776702,1442,,false
2144,e6-lifecycle-20260706T042251.490920785Z-c4-real-task-0247,signed_posttask,true,2,1783311776752,0,QmX6Pz1owsVrhohFcJpqY4nN99ZYTUNsMhoWJHmcAATrUC,false
2145,e6-lifecycle-20260706T042251.490920785Z-c4-real-task-0247,signed_postallocation,true,2,1783311776754,0,QmX6Pz1owsVrhohFcJpqY4nN99ZYTUNsMhoWJHmcAATrUC,false
2146,e6-lifecycle-20260706T042251.490920785Z-c4-real-task-0247,signed_post_evalsnapshot,true,2,1783311776756,0,QmX6Pz1owsVrhohFcJpqY4nN99ZYTUNsMhoWJHmcAATrUC,false
2147,e6-lifecycle-20260706T042251.490920785Z-c4-real-task-0247,signed_vote1,true,2,1783311776758,0,QmX6Pz1owsVrhohFcJpqY4nN99ZYTUNsMhoWJHmcAATrUC,false
2148,e6-lifecycle-20260706T042251.490920785Z-c4-real-task-0247,signed_vote2,true,2,1783311776760,0,QmX6Pz1owsVrhohFcJpqY4nN99ZYTUNsMhoWJHmcAATrUC,false
2149,e6-lifecycle-20260706T042251.490920785Z-c4-real-task-0247,signed_settlement,true,1,1783311776762,0,QmX6Pz1owsVrhohFcJpqY4nN99ZYTUNsMhoWJHmcAATrUC,false
2150,e6-lifecycle-20260706T042251.490920785Z-c4-real-task-0247,signed_query_latest,true,0,1783311776763,0,QmX6Pz1owsVrhohFcJpqY4nN99ZYTUNsMhoWJHmcAATrUC,false
2151,e6-lifecycle-20260706T042251.490920785Z-c4-real-task-0247,ipfs_verify,true,7,1783311776763,0,QmX6Pz1owsVrhohFcJpqY4nN99ZYTUNsMhoWJHmcAATrUC,false
2152,e6-lifecycle-20260706T042251.490920785Z-c4-real-task-0248,ipfs_add,true,54,1783311776716,1513,,false
2153,e6-lifecycle-20260706T042251.490920785Z-c4-real-task-0248,signed_posttask,true,2,1783311776770,0,QmZm8oEeNJE8ud88izCLhLnkvJbBpn3DcxxACsWhMRdYhA,false
2154,e6-lifecycle-20260706T042251.490920785Z-c4-real-task-0248,signed_postallocation,true,2,1783311776772,0,QmZm8oEeNJE8ud88izCLhLnkvJbBpn3DcxxACsWhMRdYhA,false
2155,e6-lifecycle-20260706T042251.490920785Z-c4-real-task-0248,signed_post_evalsnapshot,true,1,1783311776774,0,QmZm8oEeNJE8ud88izCLhLnkvJbBpn3DcxxACsWhMRdYhA,false
2156,e6-lifecycle-20260706T042251.490920785Z-c4-real-task-0248,signed_vote1,true,2,1783311776775,0,QmZm8oEeNJE8ud88izCLhLnkvJbBpn3DcxxACsWhMRdYhA,false
2157,e6-lifecycle-20260706T042251.490920785Z-c4-real-task-0248,signed_vote2,true,2,1783311776777,0,QmZm8oEeNJE8ud88izCLhLnkvJbBpn3DcxxACsWhMRdYhA,false
2158,e6-lifecycle-20260706T042251.490920785Z-c4-real-task-0248,signed_settlement,true,1,1783311776779,0,QmZm8oEeNJE8ud88izCLhLnkvJbBpn3DcxxACsWhMRdYhA,false
2159,e6-lifecycle-20260706T042251.490920785Z-c4-real-task-0248,signed_query_latest,true,0,1783311776780,0,QmZm8oEeNJE8ud88izCLhLnkvJbBpn3DcxxACsWhMRdYhA,false
2160,e6-lifecycle-20260706T042251.490920785Z-c4-real-task-0248,ipfs_verify,true,8,1783311776780,0,QmZm8oEeNJE8ud88izCLhLnkvJbBpn3DcxxACsWhMRdYhA,false
2161,e6-lifecycle-20260706T042251.490920785Z-c4-real-task-0203,ipfs_add,true,58,1783311776730,1827,,false
2162,e6-lifecycle-20260706T042251.490920785Z-c4-real-task-0203,signed_posttask,true,3,1783311776788,0,QmR9AwrhqhKCpezziPe8S8GRSS3cqcjrASSQ3HJBYfXh7k,false
2163,e6-lifecycle-20260706T042251.490920785Z-c4-real-task-0203,signed_postallocation,true,1,1783311776791,0,QmR9AwrhqhKCpezziPe8S8GRSS3cqcjrASSQ3HJBYfXh7k,false
2164,e6-lifecycle-20260706T042251.490920785Z-c4-real-task-0203,signed_post_evalsnapshot,true,3,1783311776792,0,QmR9AwrhqhKCpezziPe8S8GRSS3cqcjrASSQ3HJBYfXh7k,false
2165,e6-lifecycle-20260706T042251.490920785Z-c4-real-task-0203,signed_vote1,true,2,1783311776795,0,QmR9AwrhqhKCpezziPe8S8GRSS3cqcjrASSQ3HJBYfXh7k,false
2166,e6-lifecycle-20260706T042251.490920785Z-c4-real-task-0203,signed_vote2,true,2,1783311776797,0,QmR9AwrhqhKCpezziPe8S8GRSS3cqcjrASSQ3HJBYfXh7k,false
2167,e6-lifecycle-20260706T042251.490920785Z-c4-real-task-0203,signed_settlement,true,1,1783311776799,0,QmR9AwrhqhKCpezziPe8S8GRSS3cqcjrASSQ3HJBYfXh7k,false
2168,e6-lifecycle-20260706T042251.490920785Z-c4-real-task-0203,signed_query_latest,true,0,1783311776800,0,QmR9AwrhqhKCpezziPe8S8GRSS3cqcjrASSQ3HJBYfXh7k,false
2169,e6-lifecycle-20260706T042251.490920785Z-c4-real-task-0203,ipfs_verify,true,8,1783311776800,0,QmR9AwrhqhKCpezziPe8S8GRSS3cqcjrASSQ3HJBYfXh7k,false
2170,e6-lifecycle-20260706T042251.490920785Z-c4-real-task-0204,ipfs_add,true,62,1783311776749,3115,,false
2171,e6-lifecycle-20260706T042251.490920785Z-c4-real-task-0204,signed_posttask,true,2,1783311776811,0,QmT17R388wMj8koQenucVuHVy5XiFPC6auRTn2sDFmDkQF,false
2172,e6-lifecycle-20260706T042251.490920785Z-c4-real-task-0204,signed_postallocation,true,2,1783311776813,0,QmT17R388wMj8koQenucVuHVy5XiFPC6auRTn2sDFmDkQF,false
2173,e6-lifecycle-20260706T042251.490920785Z-c4-real-task-0204,signed_post_evalsnapshot,true,1,1783311776815,0,QmT17R388wMj8koQenucVuHVy5XiFPC6auRTn2sDFmDkQF,false
2174,e6-lifecycle-20260706T042251.490920785Z-c4-real-task-0204,signed_vote1,true,2,1783311776816,0,QmT17R388wMj8koQenucVuHVy5XiFPC6auRTn2sDFmDkQF,false
2175,e6-lifecycle-20260706T042251.490920785Z-c4-real-task-0204,signed_vote2,true,2,1783311776818,0,QmT17R388wMj8koQenucVuHVy5XiFPC6auRTn2sDFmDkQF,false
2176,e6-lifecycle-20260706T042251.490920785Z-c4-real-task-0204,signed_settlement,true,1,1783311776820,0,QmT17R388wMj8koQenucVuHVy5XiFPC6auRTn2sDFmDkQF,false
2177,e6-lifecycle-20260706T042251.490920785Z-c4-real-task-0204,signed_query_latest,true,0,1783311776821,0,QmT17R388wMj8koQenucVuHVy5XiFPC6auRTn2sDFmDkQF,false
2178,e6-lifecycle-20260706T042251.490920785Z-c4-real-task-0204,ipfs_verify,true,8,1783311776821,0,QmT17R388wMj8koQenucVuHVy5XiFPC6auRTn2sDFmDkQF,false
2179,e6-lifecycle-20260706T042251.490920785Z-c4-real-task-0205,ipfs_add,true,61,1783311776770,2139,,false
2180,e6-lifecycle-20260706T042251.490920785Z-c4-real-task-0205,signed_posttask,true,2,1783311776831,0,QmUUFnwdCbT48nkPpC4zLFD1bWTmkmSZxRTWRwZWU44JUW,false
2181,e6-lifecycle-20260706T042251.490920785Z-c4-real-task-0205,signed_postallocation,true,1,1783311776833,0,QmUUFnwdCbT48nkPpC4zLFD1bWTmkmSZxRTWRwZWU44JUW,false
2182,e6-lifecycle-20260706T042251.490920785Z-c4-real-task-0205,signed_post_evalsnapshot,true,2,1783311776834,0,QmUUFnwdCbT48nkPpC4zLFD1bWTmkmSZxRTWRwZWU44JUW,false
2183,e6-lifecycle-20260706T042251.490920785Z-c4-real-task-0205,signed_vote1,true,1,1783311776836,0,QmUUFnwdCbT48nkPpC4zLFD1bWTmkmSZxRTWRwZWU44JUW,false
2184,e6-lifecycle-20260706T042251.490920785Z-c4-real-task-0205,signed_vote2,true,2,1783311776837,0,QmUUFnwdCbT48nkPpC4zLFD1bWTmkmSZxRTWRwZWU44JUW,false
2185,e6-lifecycle-20260706T042251.490920785Z-c4-real-task-0205,signed_settlement,true,2,1783311776839,0,QmUUFnwdCbT48nkPpC4zLFD1bWTmkmSZxRTWRwZWU44JUW,false
2186,e6-lifecycle-20260706T042251.490920785Z-c4-real-task-0205,signed_query_latest,true,0,1783311776841,0,QmUUFnwdCbT48nkPpC4zLFD1bWTmkmSZxRTWRwZWU44JUW,false
2187,e6-lifecycle-20260706T042251.490920785Z-c4-real-task-0205,ipfs_verify,true,7,1783311776841,0,QmUUFnwdCbT48nkPpC4zLFD1bWTmkmSZxRTWRwZWU44JUW,false
2188,e6-lifecycle-20260706T042251.490920785Z-c4-real-task-0237,ipfs_add,true,62,1783311776788,5358,,false
2189,e6-lifecycle-20260706T042251.490920785Z-c4-real-task-0237,signed_posttask,true,2,1783311776850,0,QmVAq5JsSc7aMPcAaJdKWcsK7zz4oLxAr4YXCyVDbZzyuX,false
2190,e6-lifecycle-20260706T042251.490920785Z-c4-real-task-0237,signed_postallocation,true,2,1783311776852,0,QmVAq5JsSc7aMPcAaJdKWcsK7zz4oLxAr4YXCyVDbZzyuX,false
2191,e6-lifecycle-20260706T042251.490920785Z-c4-real-task-0237,signed_post_evalsnapshot,true,2,1783311776854,0,QmVAq5JsSc7aMPcAaJdKWcsK7zz4oLxAr4YXCyVDbZzyuX,false
2192,e6-lifecycle-20260706T042251.490920785Z-c4-real-task-0237,signed_vote1,true,2,1783311776856,0,QmVAq5JsSc7aMPcAaJdKWcsK7zz4oLxAr4YXCyVDbZzyuX,false
2193,e6-lifecycle-20260706T042251.490920785Z-c4-real-task-0237,signed_vote2,true,1,1783311776858,0,QmVAq5JsSc7aMPcAaJdKWcsK7zz4oLxAr4YXCyVDbZzyuX,false
2194,e6-lifecycle-20260706T042251.490920785Z-c4-real-task-0237,signed_settlement,true,2,1783311776859,0,QmVAq5JsSc7aMPcAaJdKWcsK7zz4oLxAr4YXCyVDbZzyuX,false
2195,e6-lifecycle-20260706T042251.490920785Z-c4-real-task-0237,signed_query_latest,true,0,1783311776861,0,QmVAq5JsSc7aMPcAaJdKWcsK7zz4oLxAr4YXCyVDbZzyuX,false
2196,e6-lifecycle-20260706T042251.490920785Z-c4-real-task-0237,ipfs_verify,true,6,1783311776861,0,QmVAq5JsSc7aMPcAaJdKWcsK7zz4oLxAr4YXCyVDbZzyuX,false
2197,e6-lifecycle-20260706T042251.490920785Z-c4-real-task-0236,ipfs_add,true,59,1783311776808,3609,,false
2198,e6-lifecycle-20260706T042251.490920785Z-c4-real-task-0236,signed_posttask,true,3,1783311776867,0,QmVXqjnDPn1ZWZeaYTpic5k9LeY4VnPGoRNhtDotr1gFPf,false
2199,e6-lifecycle-20260706T042251.490920785Z-c4-real-task-0236,signed_postallocation,true,2,1783311776870,0,QmVXqjnDPn1ZWZeaYTpic5k9LeY4VnPGoRNhtDotr1gFPf,false
2200,e6-lifecycle-20260706T042251.490920785Z-c4-real-task-0236,signed_post_evalsnapshot,true,1,1783311776872,0,QmVXqjnDPn1ZWZeaYTpic5k9LeY4VnPGoRNhtDotr1gFPf,false
2201,e6-lifecycle-20260706T042251.490920785Z-c4-real-task-0236,signed_vote1,true,2,1783311776873,0,QmVXqjnDPn1ZWZeaYTpic5k9LeY4VnPGoRNhtDotr1gFPf,false
2202,e6-lifecycle-20260706T042251.490920785Z-c4-real-task-0236,signed_vote2,true,1,1783311776875,0,QmVXqjnDPn1ZWZeaYTpic5k9LeY4VnPGoRNhtDotr1gFPf,false
2203,e6-lifecycle-20260706T042251.490920785Z-c4-real-task-0236,signed_settlement,true,3,1783311776876,0,QmVXqjnDPn1ZWZeaYTpic5k9LeY4VnPGoRNhtDotr1gFPf,false
2204,e6-lifecycle-20260706T042251.490920785Z-c4-real-task-0236,signed_query_latest,true,0,1783311776879,0,QmVXqjnDPn1ZWZeaYTpic5k9LeY4VnPGoRNhtDotr1gFPf,false
2205,e6-lifecycle-20260706T042251.490920785Z-c4-real-task-0236,ipfs_verify,true,8,1783311776879,0,QmVXqjnDPn1ZWZeaYTpic5k9LeY4VnPGoRNhtDotr1gFPf,false
2206,e6-lifecycle-20260706T042251.490920785Z-c4-real-task-0206,ipfs_add,true,61,1783311776829,5535,,false
2207,e6-lifecycle-20260706T042251.490920785Z-c4-real-task-0206,signed_posttask,true,1,1783311776890,0,QmQXv6YSFiLLxg9uat8XZ1hkWrZyU2221cre3jpTXuS7mT,false
2208,e6-lifecycle-20260706T042251.490920785Z-c4-real-task-0206,signed_postallocation,true,2,1783311776891,0,QmQXv6YSFiLLxg9uat8XZ1hkWrZyU2221cre3jpTXuS7mT,false
2209,e6-lifecycle-20260706T042251.490920785Z-c4-real-task-0206,signed_post_evalsnapshot,true,1,1783311776893,0,QmQXv6YSFiLLxg9uat8XZ1hkWrZyU2221cre3jpTXuS7mT,false
2210,e6-lifecycle-20260706T042251.490920785Z-c4-real-task-0206,signed_vote1,true,2,1783311776894,0,QmQXv6YSFiLLxg9uat8XZ1hkWrZyU2221cre3jpTXuS7mT,false
2211,e6-lifecycle-20260706T042251.490920785Z-c4-real-task-0206,signed_vote2,true,1,1783311776896,0,QmQXv6YSFiLLxg9uat8XZ1hkWrZyU2221cre3jpTXuS7mT,false
2212,e6-lifecycle-20260706T042251.490920785Z-c4-real-task-0206,signed_settlement,true,2,1783311776897,0,QmQXv6YSFiLLxg9uat8XZ1hkWrZyU2221cre3jpTXuS7mT,false
2213,e6-lifecycle-20260706T042251.490920785Z-c4-real-task-0206,signed_query_latest,true,0,1783311776899,0,QmQXv6YSFiLLxg9uat8XZ1hkWrZyU2221cre3jpTXuS7mT,false
2214,e6-lifecycle-20260706T042251.490920785Z-c4-real-task-0206,ipfs_verify,true,5,1783311776899,0,QmQXv6YSFiLLxg9uat8XZ1hkWrZyU2221cre3jpTXuS7mT,false
2215,e6-lifecycle-20260706T042251.490920785Z-c4-real-task-0207,ipfs_add,true,59,1783311776848,5182,,false
2216,e6-lifecycle-20260706T042251.490920785Z-c4-real-task-0207,signed_posttask,true,1,1783311776907,0,QmXXXkdjgsyNeAxA7XiH7hfF8KD8Wy4XQUrDjRARTUGPSz,false
2217,e6-lifecycle-20260706T042251.490920785Z-c4-real-task-0207,signed_postallocation,true,2,1783311776908,0,QmXXXkdjgsyNeAxA7XiH7hfF8KD8Wy4XQUrDjRARTUGPSz,false
2218,e6-lifecycle-20260706T042251.490920785Z-c4-real-task-0207,signed_post_evalsnapshot,true,2,1783311776910,0,QmXXXkdjgsyNeAxA7XiH7hfF8KD8Wy4XQUrDjRARTUGPSz,false
2219,e6-lifecycle-20260706T042251.490920785Z-c4-real-task-0207,signed_vote1,true,1,1783311776912,0,QmXXXkdjgsyNeAxA7XiH7hfF8KD8Wy4XQUrDjRARTUGPSz,false
2220,e6-lifecycle-20260706T042251.490920785Z-c4-real-task-0207,signed_vote2,true,2,1783311776913,0,QmXXXkdjgsyNeAxA7XiH7hfF8KD8Wy4XQUrDjRARTUGPSz,false
2221,e6-lifecycle-20260706T042251.490920785Z-c4-real-task-0207,signed_settlement,true,1,1783311776915,0,QmXXXkdjgsyNeAxA7XiH7hfF8KD8Wy4XQUrDjRARTUGPSz,false
2222,e6-lifecycle-20260706T042251.490920785Z-c4-real-task-0207,signed_query_latest,true,0,1783311776916,0,QmXXXkdjgsyNeAxA7XiH7hfF8KD8Wy4XQUrDjRARTUGPSz,false
2223,e6-lifecycle-20260706T042251.490920785Z-c4-real-task-0207,ipfs_verify,true,7,1783311776916,0,QmXXXkdjgsyNeAxA7XiH7hfF8KD8Wy4XQUrDjRARTUGPSz,false
2224,e6-lifecycle-20260706T042251.490920785Z-c4-real-task-0252,ipfs_add,true,58,1783311776867,2362,,false
2225,e6-lifecycle-20260706T042251.490920785Z-c4-real-task-0252,signed_posttask,true,3,1783311776925,0,QmSPWZE8QTcLPVYdwtzz4Jdbw1i2rDGXNp1NbNXG6cAtWU,false
2226,e6-lifecycle-20260706T042251.490920785Z-c4-real-task-0252,signed_postallocation,true,1,1783311776928,0,QmSPWZE8QTcLPVYdwtzz4Jdbw1i2rDGXNp1NbNXG6cAtWU,false
2227,e6-lifecycle-20260706T042251.490920785Z-c4-real-task-0252,signed_post_evalsnapshot,true,2,1783311776929,0,QmSPWZE8QTcLPVYdwtzz4Jdbw1i2rDGXNp1NbNXG6cAtWU,false
2228,e6-lifecycle-20260706T042251.490920785Z-c4-real-task-0252,signed_vote1,true,2,1783311776931,0,QmSPWZE8QTcLPVYdwtzz4Jdbw1i2rDGXNp1NbNXG6cAtWU,false
2229,e6-lifecycle-20260706T042251.490920785Z-c4-real-task-0252,signed_vote2,true,1,1783311776933,0,QmSPWZE8QTcLPVYdwtzz4Jdbw1i2rDGXNp1NbNXG6cAtWU,false
2230,e6-lifecycle-20260706T042251.490920785Z-c4-real-task-0252,signed_settlement,true,2,1783311776934,0,QmSPWZE8QTcLPVYdwtzz4Jdbw1i2rDGXNp1NbNXG6cAtWU,false
2231,e6-lifecycle-20260706T042251.490920785Z-c4-real-task-0252,signed_query_latest,true,0,1783311776936,0,QmSPWZE8QTcLPVYdwtzz4Jdbw1i2rDGXNp1NbNXG6cAtWU,false
2232,e6-lifecycle-20260706T042251.490920785Z-c4-real-task-0252,ipfs_verify,true,6,1783311776936,0,QmSPWZE8QTcLPVYdwtzz4Jdbw1i2rDGXNp1NbNXG6cAtWU,false
2233,e6-lifecycle-20260706T042251.490920785Z-c4-real-task-0250,ipfs_add,true,56,1783311776887,1536,,false
2234,e6-lifecycle-20260706T042251.490920785Z-c4-real-task-0250,signed_posttask,true,1,1783311776943,0,Qmed7xmh1Coiscy6DWRC1YB617j5DeuyK8AizbfmSS6upB,false
2235,e6-lifecycle-20260706T042251.490920785Z-c4-real-task-0250,signed_postallocation,true,2,1783311776944,0,Qmed7xmh1Coiscy6DWRC1YB617j5DeuyK8AizbfmSS6upB,false
2236,e6-lifecycle-20260706T042251.490920785Z-c4-real-task-0250,signed_post_evalsnapshot,true,2,1783311776946,0,Qmed7xmh1Coiscy6DWRC1YB617j5DeuyK8AizbfmSS6upB,false
2237,e6-lifecycle-20260706T042251.490920785Z-c4-real-task-0250,signed_vote1,true,1,1783311776948,0,Qmed7xmh1Coiscy6DWRC1YB617j5DeuyK8AizbfmSS6upB,false
2238,e6-lifecycle-20260706T042251.490920785Z-c4-real-task-0250,signed_vote2,true,2,1783311776949,0,Qmed7xmh1Coiscy6DWRC1YB617j5DeuyK8AizbfmSS6upB,false
2239,e6-lifecycle-20260706T042251.490920785Z-c4-real-task-0250,signed_settlement,true,1,1783311776951,0,Qmed7xmh1Coiscy6DWRC1YB617j5DeuyK8AizbfmSS6upB,false
2240,e6-lifecycle-20260706T042251.490920785Z-c4-real-task-0250,signed_query_latest,true,0,1783311776952,0,Qmed7xmh1Coiscy6DWRC1YB617j5DeuyK8AizbfmSS6upB,false
2241,e6-lifecycle-20260706T042251.490920785Z-c4-real-task-0250,ipfs_verify,true,6,1783311776952,0,Qmed7xmh1Coiscy6DWRC1YB617j5DeuyK8AizbfmSS6upB,false
2242,e6-lifecycle-20260706T042251.490920785Z-c4-real-task-0251,ipfs_add,true,57,1783311776904,1557,,false
2243,e6-lifecycle-20260706T042251.490920785Z-c4-real-task-0251,signed_posttask,true,1,1783311776961,0,QmZcHg4d9H8MPruWuXm1QwpfemphbX6MHQxju4nZvRocmZ,false
2244,e6-lifecycle-20260706T042251.490920785Z-c4-real-task-0251,signed_postallocation,true,2,1783311776962,0,QmZcHg4d9H8MPruWuXm1QwpfemphbX6MHQxju4nZvRocmZ,false
2245,e6-lifecycle-20260706T042251.490920785Z-c4-real-task-0251,signed_post_evalsnapshot,true,1,1783311776964,0,QmZcHg4d9H8MPruWuXm1QwpfemphbX6MHQxju4nZvRocmZ,false
2246,e6-lifecycle-20260706T042251.490920785Z-c4-real-task-0251,signed_vote1,true,2,1783311776965,0,QmZcHg4d9H8MPruWuXm1QwpfemphbX6MHQxju4nZvRocmZ,false
2247,e6-lifecycle-20260706T042251.490920785Z-c4-real-task-0251,signed_vote2,true,2,1783311776967,0,QmZcHg4d9H8MPruWuXm1QwpfemphbX6MHQxju4nZvRocmZ,false
2248,e6-lifecycle-20260706T042251.490920785Z-c4-real-task-0251,signed_settlement,true,1,1783311776969,0,QmZcHg4d9H8MPruWuXm1QwpfemphbX6MHQxju4nZvRocmZ,false
2249,e6-lifecycle-20260706T042251.490920785Z-c4-real-task-0251,signed_query_latest,true,0,1783311776970,0,QmZcHg4d9H8MPruWuXm1QwpfemphbX6MHQxju4nZvRocmZ,false
2250,e6-lifecycle-20260706T042251.490920785Z-c4-real-task-0251,ipfs_verify,true,6,1783311776970,0,QmZcHg4d9H8MPruWuXm1QwpfemphbX6MHQxju4nZvRocmZ,false
2251,e6-lifecycle-20260706T042251.490920785Z-c4-real-task-0208,ipfs_add,true,55,1783311776923,2245,,false
2252,e6-lifecycle-20260706T042251.490920785Z-c4-real-task-0208,signed_posttask,true,2,1783311776978,0,QmWbqs7TsZvkdFAxBV91sbxF9ziEZRMeF4rkcsPMKgPbAc,false
2253,e6-lifecycle-20260706T042251.490920785Z-c4-real-task-0208,signed_postallocation,true,1,1783311776980,0,QmWbqs7TsZvkdFAxBV91sbxF9ziEZRMeF4rkcsPMKgPbAc,false
2254,e6-lifecycle-20260706T042251.490920785Z-c4-real-task-0208,signed_post_evalsnapshot,true,2,1783311776981,0,QmWbqs7TsZvkdFAxBV91sbxF9ziEZRMeF4rkcsPMKgPbAc,false
2255,e6-lifecycle-20260706T042251.490920785Z-c4-real-task-0208,signed_vote1,true,1,1783311776983,0,QmWbqs7TsZvkdFAxBV91sbxF9ziEZRMeF4rkcsPMKgPbAc,false
2256,e6-lifecycle-20260706T042251.490920785Z-c4-real-task-0208,signed_vote2,true,1,1783311776984,0,QmWbqs7TsZvkdFAxBV91sbxF9ziEZRMeF4rkcsPMKgPbAc,false
2257,e6-lifecycle-20260706T042251.490920785Z-c4-real-task-0208,signed_settlement,true,2,1783311776985,0,QmWbqs7TsZvkdFAxBV91sbxF9ziEZRMeF4rkcsPMKgPbAc,false
2258,e6-lifecycle-20260706T042251.490920785Z-c4-real-task-0208,signed_query_latest,true,0,1783311776987,0,QmWbqs7TsZvkdFAxBV91sbxF9ziEZRMeF4rkcsPMKgPbAc,false
2259,e6-lifecycle-20260706T042251.490920785Z-c4-real-task-0208,ipfs_verify,true,6,1783311776987,0,QmWbqs7TsZvkdFAxBV91sbxF9ziEZRMeF4rkcsPMKgPbAc,false
2260,e6-lifecycle-20260706T042251.490920785Z-c4-real-task-0209,ipfs_add,true,53,1783311776942,6194,,false
2261,e6-lifecycle-20260706T042251.490920785Z-c4-real-task-0209,signed_posttask,true,2,1783311776995,0,Qme252yonjeJmYr5f17inPXCqkGhcB4JhPq2rK9zrRu12P,false
2262,e6-lifecycle-20260706T042251.490920785Z-c4-real-task-0209,signed_postallocation,true,2,1783311776997,0,Qme252yonjeJmYr5f17inPXCqkGhcB4JhPq2rK9zrRu12P,false
2263,e6-lifecycle-20260706T042251.490920785Z-c4-real-task-0209,signed_post_evalsnapshot,true,1,1783311776999,0,Qme252yonjeJmYr5f17inPXCqkGhcB4JhPq2rK9zrRu12P,false
2264,e6-lifecycle-20260706T042251.490920785Z-c4-real-task-0209,signed_vote1,true,2,1783311777000,0,Qme252yonjeJmYr5f17inPXCqkGhcB4JhPq2rK9zrRu12P,false
2265,e6-lifecycle-20260706T042251.490920785Z-c4-real-task-0209,signed_vote2,true,1,1783311777002,0,Qme252yonjeJmYr5f17inPXCqkGhcB4JhPq2rK9zrRu12P,false
2266,e6-lifecycle-20260706T042251.490920785Z-c4-real-task-0209,signed_settlement,true,2,1783311777003,0,Qme252yonjeJmYr5f17inPXCqkGhcB4JhPq2rK9zrRu12P,false
2267,e6-lifecycle-20260706T042251.490920785Z-c4-real-task-0209,signed_query_latest,true,0,1783311777005,0,Qme252yonjeJmYr5f17inPXCqkGhcB4JhPq2rK9zrRu12P,false
2268,e6-lifecycle-20260706T042251.490920785Z-c4-real-task-0209,ipfs_verify,true,8,1783311777005,0,Qme252yonjeJmYr5f17inPXCqkGhcB4JhPq2rK9zrRu12P,false
2269,e6-lifecycle-20260706T042251.490920785Z-c4-real-task-0253,ipfs_add,true,53,1783311776976,2993,,false
2270,e6-lifecycle-20260706T042251.490920785Z-c4-real-task-0253,signed_posttask,true,3,1783311777029,0,QmU6GWKSsXJ8p8tB8vPkjDBspe6KHsKQiKg2i4XDbpW64S,false
2271,e6-lifecycle-20260706T042251.490920785Z-c4-real-task-0253,signed_postallocation,true,1,1783311777032,0,QmU6GWKSsXJ8p8tB8vPkjDBspe6KHsKQiKg2i4XDbpW64S,false
2272,e6-lifecycle-20260706T042251.490920785Z-c4-real-task-0253,signed_post_evalsnapshot,true,2,1783311777033,0,QmU6GWKSsXJ8p8tB8vPkjDBspe6KHsKQiKg2i4XDbpW64S,false
2273,e6-lifecycle-20260706T042251.490920785Z-c4-real-task-0253,signed_vote1,true,1,1783311777035,0,QmU6GWKSsXJ8p8tB8vPkjDBspe6KHsKQiKg2i4XDbpW64S,false
2274,e6-lifecycle-20260706T042251.490920785Z-c4-real-task-0253,signed_vote2,true,2,1783311777036,0,QmU6GWKSsXJ8p8tB8vPkjDBspe6KHsKQiKg2i4XDbpW64S,false
2275,e6-lifecycle-20260706T042251.490920785Z-c4-real-task-0253,signed_settlement,true,1,1783311777038,0,QmU6GWKSsXJ8p8tB8vPkjDBspe6KHsKQiKg2i4XDbpW64S,false
2276,e6-lifecycle-20260706T042251.490920785Z-c4-real-task-0253,signed_query_latest,true,0,1783311777039,0,QmU6GWKSsXJ8p8tB8vPkjDBspe6KHsKQiKg2i4XDbpW64S,false
2277,e6-lifecycle-20260706T042251.490920785Z-c4-real-task-0253,ipfs_verify,true,7,1783311777039,0,QmU6GWKSsXJ8p8tB8vPkjDBspe6KHsKQiKg2i4XDbpW64S,false
2278,e6-lifecycle-20260706T042251.490920785Z-c4-real-task-0254,ipfs_add,true,54,1783311776993,1295,,false
2279,e6-lifecycle-20260706T042251.490920785Z-c4-real-task-0238,ipfs_add,true,89,1783311776958,2789,,false
2280,e6-lifecycle-20260706T042251.490920785Z-c4-real-task-0238,signed_posttask,true,2,1783311777047,0,QmT6ZzLsRWnFGbDxFiczkk711sF8hynyFyTCPutJbTgPxU,false
2281,e6-lifecycle-20260706T042251.490920785Z-c4-real-task-0238,signed_postallocation,true,1,1783311777049,0,QmT6ZzLsRWnFGbDxFiczkk711sF8hynyFyTCPutJbTgPxU,false
2282,e6-lifecycle-20260706T042251.490920785Z-c4-real-task-0254,signed_posttask,true,5,1783311777047,0,QmNNK1VZwQQrsmt9689RK9RnXVSmh5jmJ6wJxbnwquT91z,false
2283,e6-lifecycle-20260706T042251.490920785Z-c4-real-task-0254,signed_postallocation,true,1,1783311777052,0,QmNNK1VZwQQrsmt9689RK9RnXVSmh5jmJ6wJxbnwquT91z,false
2284,e6-lifecycle-20260706T042251.490920785Z-c4-real-task-0238,signed_post_evalsnapshot,true,5,1783311777050,0,QmT6ZzLsRWnFGbDxFiczkk711sF8hynyFyTCPutJbTgPxU,false
2285,e6-lifecycle-20260706T042251.490920785Z-c4-real-task-0238,signed_vote1,true,1,1783311777055,0,QmT6ZzLsRWnFGbDxFiczkk711sF8hynyFyTCPutJbTgPxU,false
2286,e6-lifecycle-20260706T042251.490920785Z-c4-real-task-0254,signed_post_evalsnapshot,true,5,1783311777053,0,QmNNK1VZwQQrsmt9689RK9RnXVSmh5jmJ6wJxbnwquT91z,false
2287,e6-lifecycle-20260706T042251.490920785Z-c4-real-task-0254,signed_vote1,true,2,1783311777058,0,QmNNK1VZwQQrsmt9689RK9RnXVSmh5jmJ6wJxbnwquT91z,false
2288,e6-lifecycle-20260706T042251.490920785Z-c4-real-task-0238,signed_vote2,true,5,1783311777056,0,QmT6ZzLsRWnFGbDxFiczkk711sF8hynyFyTCPutJbTgPxU,false
2289,e6-lifecycle-20260706T042251.490920785Z-c4-real-task-0238,signed_settlement,true,1,1783311777061,0,QmT6ZzLsRWnFGbDxFiczkk711sF8hynyFyTCPutJbTgPxU,false
2290,e6-lifecycle-20260706T042251.490920785Z-c4-real-task-0254,signed_vote2,true,4,1783311777060,0,QmNNK1VZwQQrsmt9689RK9RnXVSmh5jmJ6wJxbnwquT91z,false
2291,e6-lifecycle-20260706T042251.490920785Z-c4-real-task-0210,ipfs_add,true,52,1783311777013,4993,,false
2292,e6-lifecycle-20260706T042251.490920785Z-c4-real-task-0254,signed_settlement,true,2,1783311777064,0,QmNNK1VZwQQrsmt9689RK9RnXVSmh5jmJ6wJxbnwquT91z,false
2293,e6-lifecycle-20260706T042251.490920785Z-c4-real-task-0238,signed_query_latest,true,4,1783311777062,0,QmT6ZzLsRWnFGbDxFiczkk711sF8hynyFyTCPutJbTgPxU,false
2294,e6-lifecycle-20260706T042251.490920785Z-c4-real-task-0210,signed_posttask,true,3,1783311777065,0,QmYWQDJhTUHPSwS8macjgfKhMk7DhsPuXJUCoxJ8RUpDKq,false
2295,e6-lifecycle-20260706T042251.490920785Z-c4-real-task-0254,signed_query_latest,true,4,1783311777066,0,QmNNK1VZwQQrsmt9689RK9RnXVSmh5jmJ6wJxbnwquT91z,false
2296,e6-lifecycle-20260706T042251.490920785Z-c4-real-task-0210,signed_postallocation,true,2,1783311777068,0,QmYWQDJhTUHPSwS8macjgfKhMk7DhsPuXJUCoxJ8RUpDKq,false
2297,e6-lifecycle-20260706T042251.490920785Z-c4-real-task-0210,signed_post_evalsnapshot,true,1,1783311777070,0,QmYWQDJhTUHPSwS8macjgfKhMk7DhsPuXJUCoxJ8RUpDKq,false
2298,e6-lifecycle-20260706T042251.490920785Z-c4-real-task-0210,signed_vote1,true,2,1783311777071,0,QmYWQDJhTUHPSwS8macjgfKhMk7DhsPuXJUCoxJ8RUpDKq,false
2299,e6-lifecycle-20260706T042251.490920785Z-c4-real-task-0238,ipfs_verify,true,8,1783311777066,0,QmT6ZzLsRWnFGbDxFiczkk711sF8hynyFyTCPutJbTgPxU,false
2300,e6-lifecycle-20260706T042251.490920785Z-c4-real-task-0210,signed_vote2,true,2,1783311777073,0,QmYWQDJhTUHPSwS8macjgfKhMk7DhsPuXJUCoxJ8RUpDKq,false
2301,e6-lifecycle-20260706T042251.490920785Z-c4-real-task-0210,signed_settlement,true,1,1783311777075,0,QmYWQDJhTUHPSwS8macjgfKhMk7DhsPuXJUCoxJ8RUpDKq,false
2302,e6-lifecycle-20260706T042251.490920785Z-c4-real-task-0210,signed_query_latest,true,0,1783311777076,0,QmYWQDJhTUHPSwS8macjgfKhMk7DhsPuXJUCoxJ8RUpDKq,false
2303,e6-lifecycle-20260706T042251.490920785Z-c4-real-task-0254,ipfs_verify,true,7,1783311777070,0,QmNNK1VZwQQrsmt9689RK9RnXVSmh5jmJ6wJxbnwquT91z,false
2304,e6-lifecycle-20260706T042251.490920785Z-c4-real-task-0210,ipfs_verify,true,6,1783311777076,0,QmYWQDJhTUHPSwS8macjgfKhMk7DhsPuXJUCoxJ8RUpDKq,false
2305,e6-lifecycle-20260706T042251.490920785Z-c4-real-task-0239,ipfs_add,true,37,1783311777046,1409,,false
2306,e6-lifecycle-20260706T042251.490920785Z-c4-real-task-0239,signed_posttask,true,2,1783311777083,0,QmQMeGcZwLYK3Pq3gZevpTDuLFbfuYKryRgEJBym4Nhd1b,false
2307,e6-lifecycle-20260706T042251.490920785Z-c4-real-task-0239,signed_postallocation,true,1,1783311777085,0,QmQMeGcZwLYK3Pq3gZevpTDuLFbfuYKryRgEJBym4Nhd1b,false
2308,e6-lifecycle-20260706T042251.490920785Z-c4-real-task-0239,signed_post_evalsnapshot,true,2,1783311777086,0,QmQMeGcZwLYK3Pq3gZevpTDuLFbfuYKryRgEJBym4Nhd1b,false
2309,e6-lifecycle-20260706T042251.490920785Z-c4-real-task-0239,signed_vote1,true,1,1783311777088,0,QmQMeGcZwLYK3Pq3gZevpTDuLFbfuYKryRgEJBym4Nhd1b,false
2310,e6-lifecycle-20260706T042251.490920785Z-c4-real-task-0239,signed_vote2,true,2,1783311777089,0,QmQMeGcZwLYK3Pq3gZevpTDuLFbfuYKryRgEJBym4Nhd1b,false
2311,e6-lifecycle-20260706T042251.490920785Z-c4-real-task-0239,signed_settlement,true,1,1783311777091,0,QmQMeGcZwLYK3Pq3gZevpTDuLFbfuYKryRgEJBym4Nhd1b,false
2312,e6-lifecycle-20260706T042251.490920785Z-c4-real-task-0239,signed_query_latest,true,0,1783311777092,0,QmQMeGcZwLYK3Pq3gZevpTDuLFbfuYKryRgEJBym4Nhd1b,false
2313,e6-lifecycle-20260706T042251.490920785Z-c4-real-task-0239,ipfs_verify,true,6,1783311777092,0,QmQMeGcZwLYK3Pq3gZevpTDuLFbfuYKryRgEJBym4Nhd1b,false
