seq,task_id,op,success,latency_ms,started_at_ms,bytes_sent,cid,warmup
1,e6-lifecycle-20260706T050147.291694346Z-c4-real-warmup-0000,ipfs_add,true,23,1783314107306,2041,,true
2,e6-lifecycle-20260706T050147.291694346Z-c4-real-warmup-0000,signed_posttask,true,3,1783314107329,0,QmZpceyXD65orbHnVn4w3sPB8ea42LnxKYXnQkqH8QFV8f,true
3,e6-lifecycle-20260706T050147.291694346Z-c4-real-warmup-0000,signed_postallocation,true,1,1783314107332,0,QmZpceyXD65orbHnVn4w3sPB8ea42LnxKYXnQkqH8QFV8f,true
4,e6-lifecycle-20260706T050147.291694346Z-c4-real-warmup-0000,signed_post_evalsnapshot,true,2,1783314107333,0,QmZpceyXD65orbHnVn4w3sPB8ea42LnxKYXnQkqH8QFV8f,true
5,e6-lifecycle-20260706T050147.291694346Z-c4-real-warmup-0000,signed_vote1,true,1,1783314107335,0,QmZpceyXD65orbHnVn4w3sPB8ea42LnxKYXnQkqH8QFV8f,true
6,e6-lifecycle-20260706T050147.291694346Z-c4-real-warmup-0000,signed_vote2,true,1,1783314107336,0,QmZpceyXD65orbHnVn4w3sPB8ea42LnxKYXnQkqH8QFV8f,true
7,e6-lifecycle-20260706T050147.291694346Z-c4-real-warmup-0000,signed_settlement,true,2,1783314107337,0,QmZpceyXD65orbHnVn4w3sPB8ea42LnxKYXnQkqH8QFV8f,true
8,e6-lifecycle-20260706T050147.291694346Z-c4-real-warmup-0000,signed_query_latest,true,0,1783314107339,0,QmZpceyXD65orbHnVn4w3sPB8ea42LnxKYXnQkqH8QFV8f,true
9,e6-lifecycle-20260706T050147.291694346Z-c4-real-warmup-0000,ipfs_verify,true,5,1783314107339,0,QmZpceyXD65orbHnVn4w3sPB8ea42LnxKYXnQkqH8QFV8f,true
10,e6-lifecycle-20260706T050147.291694346Z-c4-real-task-0001,ipfs_add,true,25,1783314107349,1691,,false
11,e6-lifecycle-20260706T050147.291694346Z-c4-real-task-0001,signed_posttask,true,3,1783314107374,0,QmWLjQroE5HFCEHpAAXxtDJw9HMkY6m5xMyNL3BCoktNFe,false
12,e6-lifecycle-20260706T050147.291694346Z-c4-real-task-0001,signed_postallocation,true,1,1783314107377,0,QmWLjQroE5HFCEHpAAXxtDJw9HMkY6m5xMyNL3BCoktNFe,false
13,e6-lifecycle-20260706T050147.291694346Z-c4-real-task-0001,signed_post_evalsnapshot,true,2,1783314107378,0,QmWLjQroE5HFCEHpAAXxtDJw9HMkY6m5xMyNL3BCoktNFe,false
14,e6-lifecycle-20260706T050147.291694346Z-c4-real-task-0001,signed_vote1,true,1,1783314107380,0,QmWLjQroE5HFCEHpAAXxtDJw9HMkY6m5xMyNL3BCoktNFe,false
15,e6-lifecycle-20260706T050147.291694346Z-c4-real-task-0001,signed_vote2,true,2,1783314107381,0,QmWLjQroE5HFCEHpAAXxtDJw9HMkY6m5xMyNL3BCoktNFe,false
16,e6-lifecycle-20260706T050147.291694346Z-c4-real-task-0001,signed_settlement,true,1,1783314107383,0,QmWLjQroE5HFCEHpAAXxtDJw9HMkY6m5xMyNL3BCoktNFe,false
17,e6-lifecycle-20260706T050147.291694346Z-c4-real-task-0001,signed_query_latest,true,0,1783314107384,0,QmWLjQroE5HFCEHpAAXxtDJw9HMkY6m5xMyNL3BCoktNFe,false
18,e6-lifecycle-20260706T050147.291694346Z-c4-real-task-0001,ipfs_verify,true,6,1783314107384,0,QmWLjQroE5HFCEHpAAXxtDJw9HMkY6m5xMyNL3BCoktNFe,false
19,e6-lifecycle-20260706T050147.291694346Z-c4-real-task-0000,ipfs_add,true,42,1783314107349,2041,,false
20,e6-lifecycle-20260706T050147.291694346Z-c4-real-task-0000,signed_posttask,true,2,1783314107391,0,QmZpceyXD65orbHnVn4w3sPB8ea42LnxKYXnQkqH8QFV8f,false
21,e6-lifecycle-20260706T050147.291694346Z-c4-real-task-0000,signed_postallocation,true,2,1783314107393,0,QmZpceyXD65orbHnVn4w3sPB8ea42LnxKYXnQkqH8QFV8f,false
22,e6-lifecycle-20260706T050147.291694346Z-c4-real-task-0000,signed_post_evalsnapshot,true,2,1783314107395,0,QmZpceyXD65orbHnVn4w3sPB8ea42LnxKYXnQkqH8QFV8f,false
23,e6-lifecycle-20260706T050147.291694346Z-c4-real-task-0000,signed_vote1,true,1,1783314107397,0,QmZpceyXD65orbHnVn4w3sPB8ea42LnxKYXnQkqH8QFV8f,false
24,e6-lifecycle-20260706T050147.291694346Z-c4-real-task-0000,signed_vote2,true,2,1783314107398,0,QmZpceyXD65orbHnVn4w3sPB8ea42LnxKYXnQkqH8QFV8f,false
25,e6-lifecycle-20260706T050147.291694346Z-c4-real-task-0000,signed_settlement,true,1,1783314107400,0,QmZpceyXD65orbHnVn4w3sPB8ea42LnxKYXnQkqH8QFV8f,false
26,e6-lifecycle-20260706T050147.291694346Z-c4-real-task-0000,signed_query_latest,true,0,1783314107401,0,QmZpceyXD65orbHnVn4w3sPB8ea42LnxKYXnQkqH8QFV8f,false
27,e6-lifecycle-20260706T050147.291694346Z-c4-real-task-0000,ipfs_verify,true,7,1783314107401,0,QmZpceyXD65orbHnVn4w3sPB8ea42LnxKYXnQkqH8QFV8f,false
28,e6-lifecycle-20260706T050147.291694346Z-c4-real-task-0043,ipfs_add,true,59,1783314107350,4365,,false
29,e6-lifecycle-20260706T050147.291694346Z-c4-real-task-0043,signed_posttask,true,4,1783314107409,0,QmNyUP9PxhaGNgSe7A4vos9UdtKrgujw25dFezkghCHMSN,false
30,e6-lifecycle-20260706T050147.291694346Z-c4-real-task-0043,signed_postallocation,true,1,1783314107413,0,QmNyUP9PxhaGNgSe7A4vos9UdtKrgujw25dFezkghCHMSN,false
31,e6-lifecycle-20260706T050147.291694346Z-c4-real-task-0043,signed_post_evalsnapshot,true,2,1783314107414,0,QmNyUP9PxhaGNgSe7A4vos9UdtKrgujw25dFezkghCHMSN,false
32,e6-lifecycle-20260706T050147.291694346Z-c4-real-task-0043,signed_vote1,true,1,1783314107416,0,QmNyUP9PxhaGNgSe7A4vos9UdtKrgujw25dFezkghCHMSN,false
33,e6-lifecycle-20260706T050147.291694346Z-c4-real-task-0043,signed_vote2,true,2,1783314107417,0,QmNyUP9PxhaGNgSe7A4vos9UdtKrgujw25dFezkghCHMSN,false
34,e6-lifecycle-20260706T050147.291694346Z-c4-real-task-0043,signed_settlement,true,1,1783314107419,0,QmNyUP9PxhaGNgSe7A4vos9UdtKrgujw25dFezkghCHMSN,false
35,e6-lifecycle-20260706T050147.291694346Z-c4-real-task-0043,signed_query_latest,true,0,1783314107420,0,QmNyUP9PxhaGNgSe7A4vos9UdtKrgujw25dFezkghCHMSN,false
36,e6-lifecycle-20260706T050147.291694346Z-c4-real-task-0002,ipfs_add,true,78,1783314107349,4391,,false
37,e6-lifecycle-20260706T050147.291694346Z-c4-real-task-0043,ipfs_verify,true,7,1783314107420,0,QmNyUP9PxhaGNgSe7A4vos9UdtKrgujw25dFezkghCHMSN,false
38,e6-lifecycle-20260706T050147.291694346Z-c4-real-task-0002,signed_posttask,true,2,1783314107427,0,QmadZcFHB1uQSGYUnYEPgsvcDpcDhp6t3Vn4pKLzTyZW3B,false
39,e6-lifecycle-20260706T050147.291694346Z-c4-real-task-0002,signed_postallocation,true,2,1783314107429,0,QmadZcFHB1uQSGYUnYEPgsvcDpcDhp6t3Vn4pKLzTyZW3B,false
40,e6-lifecycle-20260706T050147.291694346Z-c4-real-task-0002,signed_post_evalsnapshot,true,1,1783314107431,0,QmadZcFHB1uQSGYUnYEPgsvcDpcDhp6t3Vn4pKLzTyZW3B,false
41,e6-lifecycle-20260706T050147.291694346Z-c4-real-task-0002,signed_vote1,true,2,1783314107432,0,QmadZcFHB1uQSGYUnYEPgsvcDpcDhp6t3Vn4pKLzTyZW3B,false
42,e6-lifecycle-20260706T050147.291694346Z-c4-real-task-0002,signed_vote2,true,1,1783314107434,0,QmadZcFHB1uQSGYUnYEPgsvcDpcDhp6t3Vn4pKLzTyZW3B,false
43,e6-lifecycle-20260706T050147.291694346Z-c4-real-task-0002,signed_settlement,true,2,1783314107435,0,QmadZcFHB1uQSGYUnYEPgsvcDpcDhp6t3Vn4pKLzTyZW3B,false
44,e6-lifecycle-20260706T050147.291694346Z-c4-real-task-0002,signed_query_latest,true,0,1783314107437,0,QmadZcFHB1uQSGYUnYEPgsvcDpcDhp6t3Vn4pKLzTyZW3B,false
45,e6-lifecycle-20260706T050147.291694346Z-c4-real-task-0002,ipfs_verify,true,6,1783314107437,0,QmadZcFHB1uQSGYUnYEPgsvcDpcDhp6t3Vn4pKLzTyZW3B,false
46,e6-lifecycle-20260706T050147.291694346Z-c4-real-task-0255,ipfs_add,true,56,1783314107390,1650,,false
47,e6-lifecycle-20260706T050147.291694346Z-c4-real-task-0255,signed_posttask,true,1,1783314107446,0,QmShJ7kpkti4YE6UAoU3vGkK7ayqB2qDgXzzhbDE3arDFM,false
48,e6-lifecycle-20260706T050147.291694346Z-c4-real-task-0255,signed_postallocation,true,2,1783314107447,0,QmShJ7kpkti4YE6UAoU3vGkK7ayqB2qDgXzzhbDE3arDFM,false
49,e6-lifecycle-20260706T050147.291694346Z-c4-real-task-0255,signed_post_evalsnapshot,true,1,1783314107449,0,QmShJ7kpkti4YE6UAoU3vGkK7ayqB2qDgXzzhbDE3arDFM,false
50,e6-lifecycle-20260706T050147.291694346Z-c4-real-task-0255,signed_vote1,true,2,1783314107450,0,QmShJ7kpkti4YE6UAoU3vGkK7ayqB2qDgXzzhbDE3arDFM,false
51,e6-lifecycle-20260706T050147.291694346Z-c4-real-task-0255,signed_vote2,true,1,1783314107452,0,QmShJ7kpkti4YE6UAoU3vGkK7ayqB2qDgXzzhbDE3arDFM,false
52,e6-lifecycle-20260706T050147.291694346Z-c4-real-task-0255,signed_settlement,true,2,1783314107453,0,QmShJ7kpkti4YE6UAoU3vGkK7ayqB2qDgXzzhbDE3arDFM,false
53,e6-lifecycle-20260706T050147.291694346Z-c4-real-task-0255,signed_query_latest,true,0,1783314107455,0,QmShJ7kpkti4YE6UAoU3vGkK7ayqB2qDgXzzhbDE3arDFM,false
54,e6-lifecycle-20260706T050147.291694346Z-c4-real-task-0255,ipfs_verify,true,7,1783314107455,0,QmShJ7kpkti4YE6UAoU3vGkK7ayqB2qDgXzzhbDE3arDFM,false
55,e6-lifecycle-20260706T050147.291694346Z-c4-real-task-0044,ipfs_add,true,57,1783314107408,1996,,false
56,e6-lifecycle-20260706T050147.291694346Z-c4-real-task-0044,signed_posttask,true,2,1783314107465,0,QmRdq27qE1F3dGzbT9p9PnePh4D88Nw3KFAmJZ2C7W4jcT,false
57,e6-lifecycle-20260706T050147.291694346Z-c4-real-task-0044,signed_postallocation,true,2,1783314107467,0,QmRdq27qE1F3dGzbT9p9PnePh4D88Nw3KFAmJZ2C7W4jcT,false
58,e6-lifecycle-20260706T050147.291694346Z-c4-real-task-0044,signed_post_evalsnapshot,true,2,1783314107469,0,QmRdq27qE1F3dGzbT9p9PnePh4D88Nw3KFAmJZ2C7W4jcT,false
59,e6-lifecycle-20260706T050147.291694346Z-c4-real-task-0044,signed_vote1,true,1,1783314107471,0,QmRdq27qE1F3dGzbT9p9PnePh4D88Nw3KFAmJZ2C7W4jcT,false
60,e6-lifecycle-20260706T050147.291694346Z-c4-real-task-0044,signed_vote2,true,2,1783314107472,0,QmRdq27qE1F3dGzbT9p9PnePh4D88Nw3KFAmJZ2C7W4jcT,false
61,e6-lifecycle-20260706T050147.291694346Z-c4-real-task-0044,signed_settlement,true,1,1783314107474,0,QmRdq27qE1F3dGzbT9p9PnePh4D88Nw3KFAmJZ2C7W4jcT,false
62,e6-lifecycle-20260706T050147.291694346Z-c4-real-task-0044,signed_query_latest,true,0,1783314107475,0,QmRdq27qE1F3dGzbT9p9PnePh4D88Nw3KFAmJZ2C7W4jcT,false
63,e6-lifecycle-20260706T050147.291694346Z-c4-real-task-0044,ipfs_verify,true,6,1783314107475,0,QmRdq27qE1F3dGzbT9p9PnePh4D88Nw3KFAmJZ2C7W4jcT,false
64,e6-lifecycle-20260706T050147.291694346Z-c4-real-task-0045,ipfs_add,true,54,1783314107428,2595,,false
65,e6-lifecycle-20260706T050147.291694346Z-c4-real-task-0045,signed_posttask,true,2,1783314107482,0,QmfZqW6816xBeSRuQN3KqApyKbwjb4f3u87p8veGLitLQh,false
66,e6-lifecycle-20260706T050147.291694346Z-c4-real-task-0045,signed_postallocation,true,1,1783314107484,0,QmfZqW6816xBeSRuQN3KqApyKbwjb4f3u87p8veGLitLQh,false
67,e6-lifecycle-20260706T050147.291694346Z-c4-real-task-0045,signed_post_evalsnapshot,true,2,1783314107485,0,QmfZqW6816xBeSRuQN3KqApyKbwjb4f3u87p8veGLitLQh,false
68,e6-lifecycle-20260706T050147.291694346Z-c4-real-task-0045,signed_vote1,true,2,1783314107487,0,QmfZqW6816xBeSRuQN3KqApyKbwjb4f3u87p8veGLitLQh,false
69,e6-lifecycle-20260706T050147.291694346Z-c4-real-task-0045,signed_vote2,true,1,1783314107489,0,QmfZqW6816xBeSRuQN3KqApyKbwjb4f3u87p8veGLitLQh,false
70,e6-lifecycle-20260706T050147.291694346Z-c4-real-task-0045,signed_settlement,true,1,1783314107490,0,QmfZqW6816xBeSRuQN3KqApyKbwjb4f3u87p8veGLitLQh,false
71,e6-lifecycle-20260706T050147.291694346Z-c4-real-task-0045,signed_query_latest,true,0,1783314107491,0,QmfZqW6816xBeSRuQN3KqApyKbwjb4f3u87p8veGLitLQh,false
72,e6-lifecycle-20260706T050147.291694346Z-c4-real-task-0045,ipfs_verify,true,7,1783314107491,0,QmfZqW6816xBeSRuQN3KqApyKbwjb4f3u87p8veGLitLQh,false
73,e6-lifecycle-20260706T050147.291694346Z-c4-real-task-0046,ipfs_add,true,57,1783314107443,1643,,false
74,e6-lifecycle-20260706T050147.291694346Z-c4-real-task-0046,signed_posttask,true,2,1783314107500,0,QmTnaHUQXj9xeoWHT2zVraSQfVPSZ3kwXbfxhynCbSD478,false
75,e6-lifecycle-20260706T050147.291694346Z-c4-real-task-0046,signed_postallocation,true,1,1783314107502,0,QmTnaHUQXj9xeoWHT2zVraSQfVPSZ3kwXbfxhynCbSD478,false
76,e6-lifecycle-20260706T050147.291694346Z-c4-real-task-0046,signed_post_evalsnapshot,true,2,1783314107503,0,QmTnaHUQXj9xeoWHT2zVraSQfVPSZ3kwXbfxhynCbSD478,false
77,e6-lifecycle-20260706T050147.291694346Z-c4-real-task-0046,signed_vote1,true,2,1783314107505,0,QmTnaHUQXj9xeoWHT2zVraSQfVPSZ3kwXbfxhynCbSD478,false
78,e6-lifecycle-20260706T050147.291694346Z-c4-real-task-0046,signed_vote2,true,1,1783314107507,0,QmTnaHUQXj9xeoWHT2zVraSQfVPSZ3kwXbfxhynCbSD478,false
79,e6-lifecycle-20260706T050147.291694346Z-c4-real-task-0046,signed_settlement,true,2,1783314107508,0,QmTnaHUQXj9xeoWHT2zVraSQfVPSZ3kwXbfxhynCbSD478,false
80,e6-lifecycle-20260706T050147.291694346Z-c4-real-task-0046,signed_query_latest,true,0,1783314107510,0,QmTnaHUQXj9xeoWHT2zVraSQfVPSZ3kwXbfxhynCbSD478,false
81,e6-lifecycle-20260706T050147.291694346Z-c4-real-task-0046,ipfs_verify,true,6,1783314107510,0,QmTnaHUQXj9xeoWHT2zVraSQfVPSZ3kwXbfxhynCbSD478,false
82,e6-lifecycle-20260706T050147.291694346Z-c4-real-task-0047,ipfs_add,true,57,1783314107462,4867,,false
83,e6-lifecycle-20260706T050147.291694346Z-c4-real-task-0047,signed_posttask,true,1,1783314107519,0,QmeV2Nyd6AXfLrfL94BuWtPhgFx2BQKzDFrxvN5H5wGM4v,false
84,e6-lifecycle-20260706T050147.291694346Z-c4-real-task-0047,signed_postallocation,true,2,1783314107520,0,QmeV2Nyd6AXfLrfL94BuWtPhgFx2BQKzDFrxvN5H5wGM4v,false
85,e6-lifecycle-20260706T050147.291694346Z-c4-real-task-0047,signed_post_evalsnapshot,true,2,1783314107522,0,QmeV2Nyd6AXfLrfL94BuWtPhgFx2BQKzDFrxvN5H5wGM4v,false
86,e6-lifecycle-20260706T050147.291694346Z-c4-real-task-0047,signed_vote1,true,1,1783314107524,0,QmeV2Nyd6AXfLrfL94BuWtPhgFx2BQKzDFrxvN5H5wGM4v,false
87,e6-lifecycle-20260706T050147.291694346Z-c4-real-task-0047,signed_vote2,true,2,1783314107525,0,QmeV2Nyd6AXfLrfL94BuWtPhgFx2BQKzDFrxvN5H5wGM4v,false
88,e6-lifecycle-20260706T050147.291694346Z-c4-real-task-0047,signed_settlement,true,2,1783314107527,0,QmeV2Nyd6AXfLrfL94BuWtPhgFx2BQKzDFrxvN5H5wGM4v,false
89,e6-lifecycle-20260706T050147.291694346Z-c4-real-task-0047,signed_query_latest,true,0,1783314107529,0,QmeV2Nyd6AXfLrfL94BuWtPhgFx2BQKzDFrxvN5H5wGM4v,false
90,e6-lifecycle-20260706T050147.291694346Z-c4-real-task-0047,ipfs_verify,true,6,1783314107529,0,QmeV2Nyd6AXfLrfL94BuWtPhgFx2BQKzDFrxvN5H5wGM4v,false
91,e6-lifecycle-20260706T050147.291694346Z-c4-real-task-0048,ipfs_add,true,55,1783314107481,6584,,false
92,e6-lifecycle-20260706T050147.291694346Z-c4-real-task-0048,signed_posttask,true,2,1783314107536,0,QmZxwAc5vt22wSQ5mT8jRWQr3tdyJrTwAGgotYvEjWf3wN,false
93,e6-lifecycle-20260706T050147.291694346Z-c4-real-task-0048,signed_postallocation,true,2,1783314107538,0,QmZxwAc5vt22wSQ5mT8jRWQr3tdyJrTwAGgotYvEjWf3wN,false
94,e6-lifecycle-20260706T050147.291694346Z-c4-real-task-0048,signed_post_evalsnapshot,true,1,1783314107540,0,QmZxwAc5vt22wSQ5mT8jRWQr3tdyJrTwAGgotYvEjWf3wN,false
95,e6-lifecycle-20260706T050147.291694346Z-c4-real-task-0048,signed_vote1,true,2,1783314107541,0,QmZxwAc5vt22wSQ5mT8jRWQr3tdyJrTwAGgotYvEjWf3wN,false
96,e6-lifecycle-20260706T050147.291694346Z-c4-real-task-0048,signed_vote2,true,1,1783314107543,0,QmZxwAc5vt22wSQ5mT8jRWQr3tdyJrTwAGgotYvEjWf3wN,false
97,e6-lifecycle-20260706T050147.291694346Z-c4-real-task-0048,signed_settlement,true,2,1783314107544,0,QmZxwAc5vt22wSQ5mT8jRWQr3tdyJrTwAGgotYvEjWf3wN,false
98,e6-lifecycle-20260706T050147.291694346Z-c4-real-task-0048,signed_query_latest,true,0,1783314107546,0,QmZxwAc5vt22wSQ5mT8jRWQr3tdyJrTwAGgotYvEjWf3wN,false
99,e6-lifecycle-20260706T050147.291694346Z-c4-real-task-0048,ipfs_verify,true,8,1783314107546,0,QmZxwAc5vt22wSQ5mT8jRWQr3tdyJrTwAGgotYvEjWf3wN,false
100,e6-lifecycle-20260706T050147.291694346Z-c4-real-task-0049,ipfs_add,true,58,1783314107498,1811,,false
101,e6-lifecycle-20260706T050147.291694346Z-c4-real-task-0049,signed_posttask,true,2,1783314107556,0,Qme9dPNL59uRhU5hx2jyKbBdCPqBgF1krPA6WvcCYu8eVf,false
102,e6-lifecycle-20260706T050147.291694346Z-c4-real-task-0049,signed_postallocation,true,2,1783314107558,0,Qme9dPNL59uRhU5hx2jyKbBdCPqBgF1krPA6WvcCYu8eVf,false
103,e6-lifecycle-20260706T050147.291694346Z-c4-real-task-0049,signed_post_evalsnapshot,true,2,1783314107560,0,Qme9dPNL59uRhU5hx2jyKbBdCPqBgF1krPA6WvcCYu8eVf,false
104,e6-lifecycle-20260706T050147.291694346Z-c4-real-task-0049,signed_vote1,true,1,1783314107562,0,Qme9dPNL59uRhU5hx2jyKbBdCPqBgF1krPA6WvcCYu8eVf,false
105,e6-lifecycle-20260706T050147.291694346Z-c4-real-task-0049,signed_vote2,true,2,1783314107563,0,Qme9dPNL59uRhU5hx2jyKbBdCPqBgF1krPA6WvcCYu8eVf,false
106,e6-lifecycle-20260706T050147.291694346Z-c4-real-task-0049,signed_settlement,true,2,1783314107565,0,Qme9dPNL59uRhU5hx2jyKbBdCPqBgF1krPA6WvcCYu8eVf,false
107,e6-lifecycle-20260706T050147.291694346Z-c4-real-task-0049,signed_query_latest,true,0,1783314107567,0,Qme9dPNL59uRhU5hx2jyKbBdCPqBgF1krPA6WvcCYu8eVf,false
108,e6-lifecycle-20260706T050147.291694346Z-c4-real-task-0049,ipfs_verify,true,6,1783314107567,0,Qme9dPNL59uRhU5hx2jyKbBdCPqBgF1krPA6WvcCYu8eVf,false
109,e6-lifecycle-20260706T050147.291694346Z-c4-real-task-0050,ipfs_add,true,59,1783314107516,1999,,false
110,e6-lifecycle-20260706T050147.291694346Z-c4-real-task-0050,signed_posttask,true,2,1783314107575,0,QmdV6Xsz9DDJaY4mD6E1omWqFwV485nsfcNWmZWMizL9Jc,false
111,e6-lifecycle-20260706T050147.291694346Z-c4-real-task-0050,signed_postallocation,true,2,1783314107577,0,QmdV6Xsz9DDJaY4mD6E1omWqFwV485nsfcNWmZWMizL9Jc,false
112,e6-lifecycle-20260706T050147.291694346Z-c4-real-task-0050,signed_post_evalsnapshot,true,3,1783314107579,0,QmdV6Xsz9DDJaY4mD6E1omWqFwV485nsfcNWmZWMizL9Jc,false
113,e6-lifecycle-20260706T050147.291694346Z-c4-real-task-0050,signed_vote1,true,1,1783314107582,0,QmdV6Xsz9DDJaY4mD6E1omWqFwV485nsfcNWmZWMizL9Jc,false
114,e6-lifecycle-20260706T050147.291694346Z-c4-real-task-0050,signed_vote2,true,2,1783314107583,0,QmdV6Xsz9DDJaY4mD6E1omWqFwV485nsfcNWmZWMizL9Jc,false
115,e6-lifecycle-20260706T050147.291694346Z-c4-real-task-0050,signed_settlement,true,2,1783314107585,0,QmdV6Xsz9DDJaY4mD6E1omWqFwV485nsfcNWmZWMizL9Jc,false
116,e6-lifecycle-20260706T050147.291694346Z-c4-real-task-0050,signed_query_latest,true,0,1783314107587,0,QmdV6Xsz9DDJaY4mD6E1omWqFwV485nsfcNWmZWMizL9Jc,false
117,e6-lifecycle-20260706T050147.291694346Z-c4-real-task-0050,ipfs_verify,true,8,1783314107587,0,QmdV6Xsz9DDJaY4mD6E1omWqFwV485nsfcNWmZWMizL9Jc,false
118,e6-lifecycle-20260706T050147.291694346Z-c4-real-task-0051,ipfs_add,true,61,1783314107536,3763,,false
119,e6-lifecycle-20260706T050147.291694346Z-c4-real-task-0051,signed_posttask,true,2,1783314107597,0,QmTGsXsSojSBkAHS2R8QsjK4DdKDvRJKAvmLyhxkyrWAi1,false
120,e6-lifecycle-20260706T050147.291694346Z-c4-real-task-0051,signed_postallocation,true,2,1783314107599,0,QmTGsXsSojSBkAHS2R8QsjK4DdKDvRJKAvmLyhxkyrWAi1,false
121,e6-lifecycle-20260706T050147.291694346Z-c4-real-task-0051,signed_post_evalsnapshot,true,2,1783314107601,0,QmTGsXsSojSBkAHS2R8QsjK4DdKDvRJKAvmLyhxkyrWAi1,false
122,e6-lifecycle-20260706T050147.291694346Z-c4-real-task-0051,signed_vote1,true,2,1783314107603,0,QmTGsXsSojSBkAHS2R8QsjK4DdKDvRJKAvmLyhxkyrWAi1,false
123,e6-lifecycle-20260706T050147.291694346Z-c4-real-task-0051,signed_vote2,true,2,1783314107605,0,QmTGsXsSojSBkAHS2R8QsjK4DdKDvRJKAvmLyhxkyrWAi1,false
124,e6-lifecycle-20260706T050147.291694346Z-c4-real-task-0051,signed_settlement,true,2,1783314107607,0,QmTGsXsSojSBkAHS2R8QsjK4DdKDvRJKAvmLyhxkyrWAi1,false
125,e6-lifecycle-20260706T050147.291694346Z-c4-real-task-0051,signed_query_latest,true,0,1783314107609,0,QmTGsXsSojSBkAHS2R8QsjK4DdKDvRJKAvmLyhxkyrWAi1,false
126,e6-lifecycle-20260706T050147.291694346Z-c4-real-task-0052,ipfs_add,true,61,1783314107554,3794,,false
127,e6-lifecycle-20260706T050147.291694346Z-c4-real-task-0051,ipfs_verify,true,7,1783314107609,0,QmTGsXsSojSBkAHS2R8QsjK4DdKDvRJKAvmLyhxkyrWAi1,false
128,e6-lifecycle-20260706T050147.291694346Z-c4-real-task-0052,signed_posttask,true,3,1783314107615,0,Qmbhf75a6jKFm6r3n83e1TgGA1Jv3MZMWPn5DZ6DAQKRGx,false
129,e6-lifecycle-20260706T050147.291694346Z-c4-real-task-0052,signed_postallocation,true,1,1783314107618,0,Qmbhf75a6jKFm6r3n83e1TgGA1Jv3MZMWPn5DZ6DAQKRGx,false
130,e6-lifecycle-20260706T050147.291694346Z-c4-real-task-0052,signed_post_evalsnapshot,true,2,1783314107619,0,Qmbhf75a6jKFm6r3n83e1TgGA1Jv3MZMWPn5DZ6DAQKRGx,false
131,e6-lifecycle-20260706T050147.291694346Z-c4-real-task-0052,signed_vote1,true,1,1783314107621,0,Qmbhf75a6jKFm6r3n83e1TgGA1Jv3MZMWPn5DZ6DAQKRGx,false
132,e6-lifecycle-20260706T050147.291694346Z-c4-real-task-0052,signed_vote2,true,2,1783314107622,0,Qmbhf75a6jKFm6r3n83e1TgGA1Jv3MZMWPn5DZ6DAQKRGx,false
133,e6-lifecycle-20260706T050147.291694346Z-c4-real-task-0052,signed_settlement,true,1,1783314107624,0,Qmbhf75a6jKFm6r3n83e1TgGA1Jv3MZMWPn5DZ6DAQKRGx,false
134,e6-lifecycle-20260706T050147.291694346Z-c4-real-task-0052,signed_query_latest,true,0,1783314107625,0,Qmbhf75a6jKFm6r3n83e1TgGA1Jv3MZMWPn5DZ6DAQKRGx,false
135,e6-lifecycle-20260706T050147.291694346Z-c4-real-task-0052,ipfs_verify,true,7,1783314107625,0,Qmbhf75a6jKFm6r3n83e1TgGA1Jv3MZMWPn5DZ6DAQKRGx,false
136,e6-lifecycle-20260706T050147.291694346Z-c4-real-task-0053,ipfs_add,true,61,1783314107573,4728,,false
137,e6-lifecycle-20260706T050147.291694346Z-c4-real-task-0053,signed_posttask,true,2,1783314107634,0,QmQhmCX3uicZrhvWeBbc6PdBzun14HpniDh8sPFQzpyV9X,false
138,e6-lifecycle-20260706T050147.291694346Z-c4-real-task-0053,signed_postallocation,true,2,1783314107636,0,QmQhmCX3uicZrhvWeBbc6PdBzun14HpniDh8sPFQzpyV9X,false
139,e6-lifecycle-20260706T050147.291694346Z-c4-real-task-0053,signed_post_evalsnapshot,true,2,1783314107638,0,QmQhmCX3uicZrhvWeBbc6PdBzun14HpniDh8sPFQzpyV9X,false
140,e6-lifecycle-20260706T050147.291694346Z-c4-real-task-0053,signed_vote1,true,2,1783314107640,0,QmQhmCX3uicZrhvWeBbc6PdBzun14HpniDh8sPFQzpyV9X,false
141,e6-lifecycle-20260706T050147.291694346Z-c4-real-task-0053,signed_vote2,true,2,1783314107642,0,QmQhmCX3uicZrhvWeBbc6PdBzun14HpniDh8sPFQzpyV9X,false
142,e6-lifecycle-20260706T050147.291694346Z-c4-real-task-0053,signed_settlement,true,1,1783314107644,0,QmQhmCX3uicZrhvWeBbc6PdBzun14HpniDh8sPFQzpyV9X,false
143,e6-lifecycle-20260706T050147.291694346Z-c4-real-task-0053,signed_query_latest,true,0,1783314107645,0,QmQhmCX3uicZrhvWeBbc6PdBzun14HpniDh8sPFQzpyV9X,false
144,e6-lifecycle-20260706T050147.291694346Z-c4-real-task-0053,ipfs_verify,true,6,1783314107645,0,QmQhmCX3uicZrhvWeBbc6PdBzun14HpniDh8sPFQzpyV9X,false
145,e6-lifecycle-20260706T050147.291694346Z-c4-real-task-0054,ipfs_add,true,58,1783314107595,5229,,false
146,e6-lifecycle-20260706T050147.291694346Z-c4-real-task-0054,signed_posttask,true,2,1783314107653,0,QmPnCtNRFcwQFtC6bqhKn6Lncju1wDzgW5MAzMVD7Hqnio,false
147,e6-lifecycle-20260706T050147.291694346Z-c4-real-task-0054,signed_postallocation,true,2,1783314107655,0,QmPnCtNRFcwQFtC6bqhKn6Lncju1wDzgW5MAzMVD7Hqnio,false
148,e6-lifecycle-20260706T050147.291694346Z-c4-real-task-0054,signed_post_evalsnapshot,true,2,1783314107657,0,QmPnCtNRFcwQFtC6bqhKn6Lncju1wDzgW5MAzMVD7Hqnio,false
149,e6-lifecycle-20260706T050147.291694346Z-c4-real-task-0054,signed_vote1,true,3,1783314107659,0,QmPnCtNRFcwQFtC6bqhKn6Lncju1wDzgW5MAzMVD7Hqnio,false
150,e6-lifecycle-20260706T050147.291694346Z-c4-real-task-0054,signed_vote2,true,1,1783314107662,0,QmPnCtNRFcwQFtC6bqhKn6Lncju1wDzgW5MAzMVD7Hqnio,false
151,e6-lifecycle-20260706T050147.291694346Z-c4-real-task-0054,signed_settlement,true,2,1783314107663,0,QmPnCtNRFcwQFtC6bqhKn6Lncju1wDzgW5MAzMVD7Hqnio,false
152,e6-lifecycle-20260706T050147.291694346Z-c4-real-task-0054,signed_query_latest,true,0,1783314107665,0,QmPnCtNRFcwQFtC6bqhKn6Lncju1wDzgW5MAzMVD7Hqnio,false
153,e6-lifecycle-20260706T050147.291694346Z-c4-real-task-0055,ipfs_add,true,55,1783314107616,3299,,false
154,e6-lifecycle-20260706T050147.291694346Z-c4-real-task-0054,ipfs_verify,true,6,1783314107665,0,QmPnCtNRFcwQFtC6bqhKn6Lncju1wDzgW5MAzMVD7Hqnio,false
155,e6-lifecycle-20260706T050147.291694346Z-c4-real-task-0055,signed_posttask,true,2,1783314107671,0,QmafKJifZc1XAPwnCM3rfjeY8ycoRWBTEzRKJWmaz2X2pf,false
156,e6-lifecycle-20260706T050147.291694346Z-c4-real-task-0055,signed_postallocation,true,2,1783314107673,0,QmafKJifZc1XAPwnCM3rfjeY8ycoRWBTEzRKJWmaz2X2pf,false
157,e6-lifecycle-20260706T050147.291694346Z-c4-real-task-0055,signed_post_evalsnapshot,true,2,1783314107675,0,QmafKJifZc1XAPwnCM3rfjeY8ycoRWBTEzRKJWmaz2X2pf,false
158,e6-lifecycle-20260706T050147.291694346Z-c4-real-task-0055,signed_vote1,true,1,1783314107677,0,QmafKJifZc1XAPwnCM3rfjeY8ycoRWBTEzRKJWmaz2X2pf,false
159,e6-lifecycle-20260706T050147.291694346Z-c4-real-task-0055,signed_vote2,true,2,1783314107678,0,QmafKJifZc1XAPwnCM3rfjeY8ycoRWBTEzRKJWmaz2X2pf,false
160,e6-lifecycle-20260706T050147.291694346Z-c4-real-task-0055,signed_settlement,true,2,1783314107680,0,QmafKJifZc1XAPwnCM3rfjeY8ycoRWBTEzRKJWmaz2X2pf,false
161,e6-lifecycle-20260706T050147.291694346Z-c4-real-task-0055,signed_query_latest,true,0,1783314107682,0,QmafKJifZc1XAPwnCM3rfjeY8ycoRWBTEzRKJWmaz2X2pf,false
162,e6-lifecycle-20260706T050147.291694346Z-c4-real-task-0056,ipfs_add,true,58,1783314107632,4022,,false
163,e6-lifecycle-20260706T050147.291694346Z-c4-real-task-0055,ipfs_verify,true,10,1783314107682,0,QmafKJifZc1XAPwnCM3rfjeY8ycoRWBTEzRKJWmaz2X2pf,false
164,e6-lifecycle-20260706T050147.291694346Z-c4-real-task-0056,signed_posttask,true,3,1783314107690,0,QmZ7pYazDS7aTNmx4r1RUas5pautaRbk4VUrw59C2XLkhW,false
165,e6-lifecycle-20260706T050147.291694346Z-c4-real-task-0056,signed_postallocation,true,3,1783314107693,0,QmZ7pYazDS7aTNmx4r1RUas5pautaRbk4VUrw59C2XLkhW,false
166,e6-lifecycle-20260706T050147.291694346Z-c4-real-task-0056,signed_post_evalsnapshot,true,2,1783314107696,0,QmZ7pYazDS7aTNmx4r1RUas5pautaRbk4VUrw59C2XLkhW,false
167,e6-lifecycle-20260706T050147.291694346Z-c4-real-task-0056,signed_vote1,true,2,1783314107698,0,QmZ7pYazDS7aTNmx4r1RUas5pautaRbk4VUrw59C2XLkhW,false
168,e6-lifecycle-20260706T050147.291694346Z-c4-real-task-0056,signed_vote2,true,1,1783314107700,0,QmZ7pYazDS7aTNmx4r1RUas5pautaRbk4VUrw59C2XLkhW,false
169,e6-lifecycle-20260706T050147.291694346Z-c4-real-task-0056,signed_settlement,true,3,1783314107701,0,QmZ7pYazDS7aTNmx4r1RUas5pautaRbk4VUrw59C2XLkhW,false
170,e6-lifecycle-20260706T050147.291694346Z-c4-real-task-0056,signed_query_latest,true,0,1783314107704,0,QmZ7pYazDS7aTNmx4r1RUas5pautaRbk4VUrw59C2XLkhW,false
171,e6-lifecycle-20260706T050147.291694346Z-c4-real-task-0056,ipfs_verify,true,8,1783314107704,0,QmZ7pYazDS7aTNmx4r1RUas5pautaRbk4VUrw59C2XLkhW,false
172,e6-lifecycle-20260706T050147.291694346Z-c4-real-task-0058,ipfs_add,true,58,1783314107671,2250,,false
173,e6-lifecycle-20260706T050147.291694346Z-c4-real-task-0058,signed_posttask,true,2,1783314107729,0,QmXUCNGHMpTciMXWytGi2sfx8616VuyyUoqZa3oAtvFoDt,false
174,e6-lifecycle-20260706T050147.291694346Z-c4-real-task-0058,signed_postallocation,true,2,1783314107731,0,QmXUCNGHMpTciMXWytGi2sfx8616VuyyUoqZa3oAtvFoDt,false
175,e6-lifecycle-20260706T050147.291694346Z-c4-real-task-0058,signed_post_evalsnapshot,true,1,1783314107733,0,QmXUCNGHMpTciMXWytGi2sfx8616VuyyUoqZa3oAtvFoDt,false
176,e6-lifecycle-20260706T050147.291694346Z-c4-real-task-0058,signed_vote1,true,3,1783314107734,0,QmXUCNGHMpTciMXWytGi2sfx8616VuyyUoqZa3oAtvFoDt,false
177,e6-lifecycle-20260706T050147.291694346Z-c4-real-task-0058,signed_vote2,true,2,1783314107737,0,QmXUCNGHMpTciMXWytGi2sfx8616VuyyUoqZa3oAtvFoDt,false
178,e6-lifecycle-20260706T050147.291694346Z-c4-real-task-0058,signed_settlement,true,2,1783314107739,0,QmXUCNGHMpTciMXWytGi2sfx8616VuyyUoqZa3oAtvFoDt,false
179,e6-lifecycle-20260706T050147.291694346Z-c4-real-task-0058,signed_query_latest,true,0,1783314107741,0,QmXUCNGHMpTciMXWytGi2sfx8616VuyyUoqZa3oAtvFoDt,false
180,e6-lifecycle-20260706T050147.291694346Z-c4-real-task-0058,ipfs_verify,true,9,1783314107741,0,QmXUCNGHMpTciMXWytGi2sfx8616VuyyUoqZa3oAtvFoDt,false
181,e6-lifecycle-20260706T050147.291694346Z-c4-real-task-0057,ipfs_add,true,99,1783314107652,1961,,false
182,e6-lifecycle-20260706T050147.291694346Z-c4-real-task-0059,ipfs_add,true,59,1783314107692,4487,,false
183,e6-lifecycle-20260706T050147.291694346Z-c4-real-task-0057,signed_posttask,true,3,1783314107751,0,QmXe2mVbUwjU9upyR6EUuSfmWPVCsUJ2XbjviLk1VWsWi5,false
184,e6-lifecycle-20260706T050147.291694346Z-c4-real-task-0057,signed_postallocation,true,2,1783314107754,0,QmXe2mVbUwjU9upyR6EUuSfmWPVCsUJ2XbjviLk1VWsWi5,false
185,e6-lifecycle-20260706T050147.291694346Z-c4-real-task-0059,signed_posttask,true,15,1783314107751,0,QmPBEGhSk6VvenSUj3Vr6bj3gHyXAjWBknK2erA4F3iiDo,false
186,e6-lifecycle-20260706T050147.291694346Z-c4-real-task-0059,signed_postallocation,true,2,1783314107766,0,QmPBEGhSk6VvenSUj3Vr6bj3gHyXAjWBknK2erA4F3iiDo,false
187,e6-lifecycle-20260706T050147.291694346Z-c4-real-task-0057,signed_post_evalsnapshot,true,13,1783314107756,0,QmXe2mVbUwjU9upyR6EUuSfmWPVCsUJ2XbjviLk1VWsWi5,false
188,e6-lifecycle-20260706T050147.291694346Z-c4-real-task-0057,signed_vote1,true,2,1783314107769,0,QmXe2mVbUwjU9upyR6EUuSfmWPVCsUJ2XbjviLk1VWsWi5,false
189,e6-lifecycle-20260706T050147.291694346Z-c4-real-task-0059,signed_post_evalsnapshot,true,5,1783314107768,0,QmPBEGhSk6VvenSUj3Vr6bj3gHyXAjWBknK2erA4F3iiDo,false
190,e6-lifecycle-20260706T050147.291694346Z-c4-real-task-0059,signed_vote1,true,1,1783314107773,0,QmPBEGhSk6VvenSUj3Vr6bj3gHyXAjWBknK2erA4F3iiDo,false
191,e6-lifecycle-20260706T050147.291694346Z-c4-real-task-0057,signed_vote2,true,5,1783314107771,0,QmXe2mVbUwjU9upyR6EUuSfmWPVCsUJ2XbjviLk1VWsWi5,false
192,e6-lifecycle-20260706T050147.291694346Z-c4-real-task-0057,signed_settlement,true,2,1783314107776,0,QmXe2mVbUwjU9upyR6EUuSfmWPVCsUJ2XbjviLk1VWsWi5,false
193,e6-lifecycle-20260706T050147.291694346Z-c4-real-task-0060,ipfs_add,true,68,1783314107712,5935,,false
194,e6-lifecycle-20260706T050147.291694346Z-c4-real-task-0059,signed_vote2,true,6,1783314107774,0,QmPBEGhSk6VvenSUj3Vr6bj3gHyXAjWBknK2erA4F3iiDo,false
195,e6-lifecycle-20260706T050147.291694346Z-c4-real-task-0059,signed_settlement,true,2,1783314107780,0,QmPBEGhSk6VvenSUj3Vr6bj3gHyXAjWBknK2erA4F3iiDo,false
196,e6-lifecycle-20260706T050147.291694346Z-c4-real-task-0057,signed_query_latest,true,4,1783314107778,0,QmXe2mVbUwjU9upyR6EUuSfmWPVCsUJ2XbjviLk1VWsWi5,false
197,e6-lifecycle-20260706T050147.291694346Z-c4-real-task-0060,signed_posttask,true,5,1783314107780,0,QmNcgtQQTiKYTTZfgDnKUurGta1J2EPad8N1cioGFFfEnj,false
198,e6-lifecycle-20260706T050147.291694346Z-c4-real-task-0059,signed_query_latest,true,5,1783314107782,0,QmPBEGhSk6VvenSUj3Vr6bj3gHyXAjWBknK2erA4F3iiDo,false
199,e6-lifecycle-20260706T050147.291694346Z-c4-real-task-0060,signed_postallocation,true,2,1783314107785,0,QmNcgtQQTiKYTTZfgDnKUurGta1J2EPad8N1cioGFFfEnj,false
200,e6-lifecycle-20260706T050147.291694346Z-c4-real-task-0060,signed_post_evalsnapshot,true,2,1783314107787,0,QmNcgtQQTiKYTTZfgDnKUurGta1J2EPad8N1cioGFFfEnj,false
201,e6-lifecycle-20260706T050147.291694346Z-c4-real-task-0060,signed_vote1,true,2,1783314107789,0,QmNcgtQQTiKYTTZfgDnKUurGta1J2EPad8N1cioGFFfEnj,false
202,e6-lifecycle-20260706T050147.291694346Z-c4-real-task-0057,ipfs_verify,true,10,1783314107782,0,QmXe2mVbUwjU9upyR6EUuSfmWPVCsUJ2XbjviLk1VWsWi5,false
203,e6-lifecycle-20260706T050147.291694346Z-c4-real-task-0060,signed_vote2,true,2,1783314107791,0,QmNcgtQQTiKYTTZfgDnKUurGta1J2EPad8N1cioGFFfEnj,false
204,e6-lifecycle-20260706T050147.291694346Z-c4-real-task-0059,ipfs_verify,true,7,1783314107787,0,QmPBEGhSk6VvenSUj3Vr6bj3gHyXAjWBknK2erA4F3iiDo,false
205,e6-lifecycle-20260706T050147.291694346Z-c4-real-task-0060,signed_settlement,true,2,1783314107793,0,QmNcgtQQTiKYTTZfgDnKUurGta1J2EPad8N1cioGFFfEnj,false
206,e6-lifecycle-20260706T050147.291694346Z-c4-real-task-0060,signed_query_latest,true,0,1783314107795,0,QmNcgtQQTiKYTTZfgDnKUurGta1J2EPad8N1cioGFFfEnj,false
207,e6-lifecycle-20260706T050147.291694346Z-c4-real-task-0061,ipfs_add,true,54,1783314107750,5946,,false
208,e6-lifecycle-20260706T050147.291694346Z-c4-real-task-0060,ipfs_verify,true,10,1783314107795,0,QmNcgtQQTiKYTTZfgDnKUurGta1J2EPad8N1cioGFFfEnj,false
209,e6-lifecycle-20260706T050147.291694346Z-c4-real-task-0061,signed_posttask,true,2,1783314107804,0,QmZznbE6Q8qgJZM6zko75Z5kysY6RRAzfTKYtPEykpkpaT,false
210,e6-lifecycle-20260706T050147.291694346Z-c4-real-task-0061,signed_postallocation,true,2,1783314107806,0,QmZznbE6Q8qgJZM6zko75Z5kysY6RRAzfTKYtPEykpkpaT,false
211,e6-lifecycle-20260706T050147.291694346Z-c4-real-task-0061,signed_post_evalsnapshot,true,2,1783314107808,0,QmZznbE6Q8qgJZM6zko75Z5kysY6RRAzfTKYtPEykpkpaT,false
212,e6-lifecycle-20260706T050147.291694346Z-c4-real-task-0061,signed_vote1,true,2,1783314107810,0,QmZznbE6Q8qgJZM6zko75Z5kysY6RRAzfTKYtPEykpkpaT,false
213,e6-lifecycle-20260706T050147.291694346Z-c4-real-task-0061,signed_vote2,true,1,1783314107812,0,QmZznbE6Q8qgJZM6zko75Z5kysY6RRAzfTKYtPEykpkpaT,false
214,e6-lifecycle-20260706T050147.291694346Z-c4-real-task-0061,signed_settlement,true,2,1783314107814,0,QmZznbE6Q8qgJZM6zko75Z5kysY6RRAzfTKYtPEykpkpaT,false
215,e6-lifecycle-20260706T050147.291694346Z-c4-real-task-0061,signed_query_latest,true,0,1783314107816,0,QmZznbE6Q8qgJZM6zko75Z5kysY6RRAzfTKYtPEykpkpaT,false
216,e6-lifecycle-20260706T050147.291694346Z-c4-real-task-0061,ipfs_verify,true,7,1783314107816,0,QmZznbE6Q8qgJZM6zko75Z5kysY6RRAzfTKYtPEykpkpaT,false
217,e6-lifecycle-20260706T050147.291694346Z-c4-real-task-0062,ipfs_add,true,37,1783314107792,1552,,false
218,e6-lifecycle-20260706T050147.291694346Z-c4-real-task-0062,signed_posttask,true,2,1783314107829,0,Qmb6iH1Q8fsUxVYrQmrcgAvCnH14JPTvzRbCctsufq5we3,false
219,e6-lifecycle-20260706T050147.291694346Z-c4-real-task-0062,signed_postallocation,true,1,1783314107831,0,Qmb6iH1Q8fsUxVYrQmrcgAvCnH14JPTvzRbCctsufq5we3,false
220,e6-lifecycle-20260706T050147.291694346Z-c4-real-task-0062,signed_post_evalsnapshot,true,2,1783314107832,0,Qmb6iH1Q8fsUxVYrQmrcgAvCnH14JPTvzRbCctsufq5we3,false
221,e6-lifecycle-20260706T050147.291694346Z-c4-real-task-0062,signed_vote1,true,1,1783314107834,0,Qmb6iH1Q8fsUxVYrQmrcgAvCnH14JPTvzRbCctsufq5we3,false
222,e6-lifecycle-20260706T050147.291694346Z-c4-real-task-0062,signed_vote2,true,2,1783314107835,0,Qmb6iH1Q8fsUxVYrQmrcgAvCnH14JPTvzRbCctsufq5we3,false
223,e6-lifecycle-20260706T050147.291694346Z-c4-real-task-0062,signed_settlement,true,2,1783314107837,0,Qmb6iH1Q8fsUxVYrQmrcgAvCnH14JPTvzRbCctsufq5we3,false
224,e6-lifecycle-20260706T050147.291694346Z-c4-real-task-0062,signed_query_latest,true,0,1783314107839,0,Qmb6iH1Q8fsUxVYrQmrcgAvCnH14JPTvzRbCctsufq5we3,false
225,e6-lifecycle-20260706T050147.291694346Z-c4-real-task-0062,ipfs_verify,true,6,1783314107839,0,Qmb6iH1Q8fsUxVYrQmrcgAvCnH14JPTvzRbCctsufq5we3,false
226,e6-lifecycle-20260706T050147.291694346Z-c4-real-task-0063,ipfs_add,true,58,1783314107794,1951,,false
227,e6-lifecycle-20260706T050147.291694346Z-c4-real-task-0063,signed_posttask,true,2,1783314107852,0,Qmeq8QyrjD6bZ4YprHuPoMgTMvTCxaH2JtzMLSbHb4KCGp,false
228,e6-lifecycle-20260706T050147.291694346Z-c4-real-task-0063,signed_postallocation,true,2,1783314107854,0,Qmeq8QyrjD6bZ4YprHuPoMgTMvTCxaH2JtzMLSbHb4KCGp,false
229,e6-lifecycle-20260706T050147.291694346Z-c4-real-task-0063,signed_post_evalsnapshot,true,2,1783314107856,0,Qmeq8QyrjD6bZ4YprHuPoMgTMvTCxaH2JtzMLSbHb4KCGp,false
230,e6-lifecycle-20260706T050147.291694346Z-c4-real-task-0063,signed_vote1,true,2,1783314107858,0,Qmeq8QyrjD6bZ4YprHuPoMgTMvTCxaH2JtzMLSbHb4KCGp,false
231,e6-lifecycle-20260706T050147.291694346Z-c4-real-task-0063,signed_vote2,true,2,1783314107860,0,Qmeq8QyrjD6bZ4YprHuPoMgTMvTCxaH2JtzMLSbHb4KCGp,false
232,e6-lifecycle-20260706T050147.291694346Z-c4-real-task-0063,signed_settlement,true,2,1783314107862,0,Qmeq8QyrjD6bZ4YprHuPoMgTMvTCxaH2JtzMLSbHb4KCGp,false
233,e6-lifecycle-20260706T050147.291694346Z-c4-real-task-0063,signed_query_latest,true,0,1783314107864,0,Qmeq8QyrjD6bZ4YprHuPoMgTMvTCxaH2JtzMLSbHb4KCGp,false
234,e6-lifecycle-20260706T050147.291694346Z-c4-real-task-0063,ipfs_verify,true,8,1783314107864,0,Qmeq8QyrjD6bZ4YprHuPoMgTMvTCxaH2JtzMLSbHb4KCGp,false
235,e6-lifecycle-20260706T050147.291694346Z-c4-real-task-0064,ipfs_add,true,77,1783314107805,1718,,false
236,e6-lifecycle-20260706T050147.291694346Z-c4-real-task-0064,signed_posttask,true,2,1783314107882,0,QmdQasboxBg4eG1zCcznaXELJ43EhrApnvszJDpfVQP7gd,false
237,e6-lifecycle-20260706T050147.291694346Z-c4-real-task-0064,signed_postallocation,true,2,1783314107884,0,QmdQasboxBg4eG1zCcznaXELJ43EhrApnvszJDpfVQP7gd,false
238,e6-lifecycle-20260706T050147.291694346Z-c4-real-task-0064,signed_post_evalsnapshot,true,2,1783314107886,0,QmdQasboxBg4eG1zCcznaXELJ43EhrApnvszJDpfVQP7gd,false
239,e6-lifecycle-20260706T050147.291694346Z-c4-real-task-0064,signed_vote1,true,2,1783314107888,0,QmdQasboxBg4eG1zCcznaXELJ43EhrApnvszJDpfVQP7gd,false
240,e6-lifecycle-20260706T050147.291694346Z-c4-real-task-0064,signed_vote2,true,2,1783314107890,0,QmdQasboxBg4eG1zCcznaXELJ43EhrApnvszJDpfVQP7gd,false
241,e6-lifecycle-20260706T050147.291694346Z-c4-real-task-0064,signed_settlement,true,1,1783314107892,0,QmdQasboxBg4eG1zCcznaXELJ43EhrApnvszJDpfVQP7gd,false
242,e6-lifecycle-20260706T050147.291694346Z-c4-real-task-0064,signed_query_latest,true,0,1783314107893,0,QmdQasboxBg4eG1zCcznaXELJ43EhrApnvszJDpfVQP7gd,false
243,e6-lifecycle-20260706T050147.291694346Z-c4-real-task-0064,ipfs_verify,true,8,1783314107893,0,QmdQasboxBg4eG1zCcznaXELJ43EhrApnvszJDpfVQP7gd,false
244,e6-lifecycle-20260706T050147.291694346Z-c4-real-task-0065,ipfs_add,true,79,1783314107823,1532,,false
245,e6-lifecycle-20260706T050147.291694346Z-c4-real-task-0065,signed_posttask,true,2,1783314107902,0,QmTgn7Ef8bcgXc76teLMLFWfXkkV1kNKoL8EES2YSp6nVT,false
246,e6-lifecycle-20260706T050147.291694346Z-c4-real-task-0065,signed_postallocation,true,2,1783314107904,0,QmTgn7Ef8bcgXc76teLMLFWfXkkV1kNKoL8EES2YSp6nVT,false
247,e6-lifecycle-20260706T050147.291694346Z-c4-real-task-0065,signed_post_evalsnapshot,true,2,1783314107906,0,QmTgn7Ef8bcgXc76teLMLFWfXkkV1kNKoL8EES2YSp6nVT,false
248,e6-lifecycle-20260706T050147.291694346Z-c4-real-task-0065,signed_vote1,true,1,1783314107908,0,QmTgn7Ef8bcgXc76teLMLFWfXkkV1kNKoL8EES2YSp6nVT,false
249,e6-lifecycle-20260706T050147.291694346Z-c4-real-task-0065,signed_vote2,true,2,1783314107909,0,QmTgn7Ef8bcgXc76teLMLFWfXkkV1kNKoL8EES2YSp6nVT,false
250,e6-lifecycle-20260706T050147.291694346Z-c4-real-task-0065,signed_settlement,true,2,1783314107911,0,QmTgn7Ef8bcgXc76teLMLFWfXkkV1kNKoL8EES2YSp6nVT,false
251,e6-lifecycle-20260706T050147.291694346Z-c4-real-task-0065,signed_query_latest,true,0,1783314107913,0,QmTgn7Ef8bcgXc76teLMLFWfXkkV1kNKoL8EES2YSp6nVT,false
252,e6-lifecycle-20260706T050147.291694346Z-c4-real-task-0065,ipfs_verify,true,8,1783314107913,0,QmTgn7Ef8bcgXc76teLMLFWfXkkV1kNKoL8EES2YSp6nVT,false
253,e6-lifecycle-20260706T050147.291694346Z-c4-real-task-0066,ipfs_add,true,78,1783314107845,1779,,false
254,e6-lifecycle-20260706T050147.291694346Z-c4-real-task-0066,signed_posttask,true,2,1783314107923,0,QmQadZaKvSss26axAEh58nbypRZhkvyv9qKSdKwsKrR3VT,false
255,e6-lifecycle-20260706T050147.291694346Z-c4-real-task-0066,signed_postallocation,true,1,1783314107925,0,QmQadZaKvSss26axAEh58nbypRZhkvyv9qKSdKwsKrR3VT,false
256,e6-lifecycle-20260706T050147.291694346Z-c4-real-task-0066,signed_post_evalsnapshot,true,2,1783314107926,0,QmQadZaKvSss26axAEh58nbypRZhkvyv9qKSdKwsKrR3VT,false
257,e6-lifecycle-20260706T050147.291694346Z-c4-real-task-0066,signed_vote1,true,2,1783314107928,0,QmQadZaKvSss26axAEh58nbypRZhkvyv9qKSdKwsKrR3VT,false
258,e6-lifecycle-20260706T050147.291694346Z-c4-real-task-0066,signed_vote2,true,3,1783314107930,0,QmQadZaKvSss26axAEh58nbypRZhkvyv9qKSdKwsKrR3VT,false
259,e6-lifecycle-20260706T050147.291694346Z-c4-real-task-0066,signed_settlement,true,2,1783314107933,0,QmQadZaKvSss26axAEh58nbypRZhkvyv9qKSdKwsKrR3VT,false
260,e6-lifecycle-20260706T050147.291694346Z-c4-real-task-0066,signed_query_latest,true,0,1783314107935,0,QmQadZaKvSss26axAEh58nbypRZhkvyv9qKSdKwsKrR3VT,false
261,e6-lifecycle-20260706T050147.291694346Z-c4-real-task-0066,ipfs_verify,true,8,1783314107935,0,QmQadZaKvSss26axAEh58nbypRZhkvyv9qKSdKwsKrR3VT,false
262,e6-lifecycle-20260706T050147.291694346Z-c4-real-task-0067,ipfs_add,true,71,1783314107872,1494,,false
263,e6-lifecycle-20260706T050147.291694346Z-c4-real-task-0067,signed_posttask,true,3,1783314107943,0,Qmbt7FG9CTBc6sVfciXAseRzvjXpa6EoV1TehcNf7sChY3,false
264,e6-lifecycle-20260706T050147.291694346Z-c4-real-task-0067,signed_postallocation,true,2,1783314107946,0,Qmbt7FG9CTBc6sVfciXAseRzvjXpa6EoV1TehcNf7sChY3,false
265,e6-lifecycle-20260706T050147.291694346Z-c4-real-task-0067,signed_post_evalsnapshot,true,1,1783314107948,0,Qmbt7FG9CTBc6sVfciXAseRzvjXpa6EoV1TehcNf7sChY3,false
266,e6-lifecycle-20260706T050147.291694346Z-c4-real-task-0067,signed_vote1,true,2,1783314107949,0,Qmbt7FG9CTBc6sVfciXAseRzvjXpa6EoV1TehcNf7sChY3,false
267,e6-lifecycle-20260706T050147.291694346Z-c4-real-task-0067,signed_vote2,true,1,1783314107951,0,Qmbt7FG9CTBc6sVfciXAseRzvjXpa6EoV1TehcNf7sChY3,false
268,e6-lifecycle-20260706T050147.291694346Z-c4-real-task-0067,signed_settlement,true,2,1783314107952,0,Qmbt7FG9CTBc6sVfciXAseRzvjXpa6EoV1TehcNf7sChY3,false
269,e6-lifecycle-20260706T050147.291694346Z-c4-real-task-0067,signed_query_latest,true,0,1783314107954,0,Qmbt7FG9CTBc6sVfciXAseRzvjXpa6EoV1TehcNf7sChY3,false
270,e6-lifecycle-20260706T050147.291694346Z-c4-real-task-0067,ipfs_verify,true,8,1783314107954,0,Qmbt7FG9CTBc6sVfciXAseRzvjXpa6EoV1TehcNf7sChY3,false
271,e6-lifecycle-20260706T050147.291694346Z-c4-real-task-0068,ipfs_add,true,62,1783314107901,4158,,false
272,e6-lifecycle-20260706T050147.291694346Z-c4-real-task-0068,signed_posttask,true,2,1783314107963,0,QmdssCZHZja15BD7DuyPiXZPfZufH2mwmGr81QDSStPZPN,false
273,e6-lifecycle-20260706T050147.291694346Z-c4-real-task-0068,signed_postallocation,true,2,1783314107965,0,QmdssCZHZja15BD7DuyPiXZPfZufH2mwmGr81QDSStPZPN,false
274,e6-lifecycle-20260706T050147.291694346Z-c4-real-task-0068,signed_post_evalsnapshot,true,1,1783314107967,0,QmdssCZHZja15BD7DuyPiXZPfZufH2mwmGr81QDSStPZPN,false
275,e6-lifecycle-20260706T050147.291694346Z-c4-real-task-0068,signed_vote1,true,2,1783314107968,0,QmdssCZHZja15BD7DuyPiXZPfZufH2mwmGr81QDSStPZPN,false
276,e6-lifecycle-20260706T050147.291694346Z-c4-real-task-0068,signed_vote2,true,2,1783314107970,0,QmdssCZHZja15BD7DuyPiXZPfZufH2mwmGr81QDSStPZPN,false
277,e6-lifecycle-20260706T050147.291694346Z-c4-real-task-0068,signed_settlement,true,1,1783314107972,0,QmdssCZHZja15BD7DuyPiXZPfZufH2mwmGr81QDSStPZPN,false
278,e6-lifecycle-20260706T050147.291694346Z-c4-real-task-0068,signed_query_latest,true,0,1783314107973,0,QmdssCZHZja15BD7DuyPiXZPfZufH2mwmGr81QDSStPZPN,false
279,e6-lifecycle-20260706T050147.291694346Z-c4-real-task-0068,ipfs_verify,true,7,1783314107973,0,QmdssCZHZja15BD7DuyPiXZPfZufH2mwmGr81QDSStPZPN,false
280,e6-lifecycle-20260706T050147.291694346Z-c4-real-task-0069,ipfs_add,true,61,1783314107922,1526,,false
281,e6-lifecycle-20260706T050147.291694346Z-c4-real-task-0069,signed_posttask,true,2,1783314107983,0,Qmc3HzGamX75gaXpQyYRDkmKLfVRUTTUbDLLNafwajDdRv,false
282,e6-lifecycle-20260706T050147.291694346Z-c4-real-task-0069,signed_postallocation,true,2,1783314107985,0,Qmc3HzGamX75gaXpQyYRDkmKLfVRUTTUbDLLNafwajDdRv,false
283,e6-lifecycle-20260706T050147.291694346Z-c4-real-task-0069,signed_post_evalsnapshot,true,2,1783314107987,0,Qmc3HzGamX75gaXpQyYRDkmKLfVRUTTUbDLLNafwajDdRv,false
284,e6-lifecycle-20260706T050147.291694346Z-c4-real-task-0069,signed_vote1,true,1,1783314107989,0,Qmc3HzGamX75gaXpQyYRDkmKLfVRUTTUbDLLNafwajDdRv,false
285,e6-lifecycle-20260706T050147.291694346Z-c4-real-task-0069,signed_vote2,true,10,1783314107990,0,Qmc3HzGamX75gaXpQyYRDkmKLfVRUTTUbDLLNafwajDdRv,false
286,e6-lifecycle-20260706T050147.291694346Z-c4-real-task-0069,signed_settlement,true,3,1783314108000,0,Qmc3HzGamX75gaXpQyYRDkmKLfVRUTTUbDLLNafwajDdRv,false
287,e6-lifecycle-20260706T050147.291694346Z-c4-real-task-0069,signed_query_latest,true,0,1783314108003,0,Qmc3HzGamX75gaXpQyYRDkmKLfVRUTTUbDLLNafwajDdRv,false
288,e6-lifecycle-20260706T050147.291694346Z-c4-real-task-0069,ipfs_verify,true,7,1783314108003,0,Qmc3HzGamX75gaXpQyYRDkmKLfVRUTTUbDLLNafwajDdRv,false
289,e6-lifecycle-20260706T050147.291694346Z-c4-real-task-0070,ipfs_add,true,67,1783314107943,5065,,false
290,e6-lifecycle-20260706T050147.291694346Z-c4-real-task-0070,signed_posttask,true,2,1783314108010,0,QmZdwn7XZ6rmxkCtUjND7GCnAtzGsfmiqSWKEv7AMAoXVQ,false
291,e6-lifecycle-20260706T050147.291694346Z-c4-real-task-0070,signed_postallocation,true,1,1783314108012,0,QmZdwn7XZ6rmxkCtUjND7GCnAtzGsfmiqSWKEv7AMAoXVQ,false
292,e6-lifecycle-20260706T050147.291694346Z-c4-real-task-0070,signed_post_evalsnapshot,true,2,1783314108013,0,QmZdwn7XZ6rmxkCtUjND7GCnAtzGsfmiqSWKEv7AMAoXVQ,false
293,e6-lifecycle-20260706T050147.291694346Z-c4-real-task-0070,signed_vote1,true,1,1783314108015,0,QmZdwn7XZ6rmxkCtUjND7GCnAtzGsfmiqSWKEv7AMAoXVQ,false
294,e6-lifecycle-20260706T050147.291694346Z-c4-real-task-0070,signed_vote2,true,2,1783314108016,0,QmZdwn7XZ6rmxkCtUjND7GCnAtzGsfmiqSWKEv7AMAoXVQ,false
295,e6-lifecycle-20260706T050147.291694346Z-c4-real-task-0070,signed_settlement,true,2,1783314108018,0,QmZdwn7XZ6rmxkCtUjND7GCnAtzGsfmiqSWKEv7AMAoXVQ,false
296,e6-lifecycle-20260706T050147.291694346Z-c4-real-task-0070,signed_query_latest,true,0,1783314108020,0,QmZdwn7XZ6rmxkCtUjND7GCnAtzGsfmiqSWKEv7AMAoXVQ,false
297,e6-lifecycle-20260706T050147.291694346Z-c4-real-task-0070,ipfs_verify,true,8,1783314108020,0,QmZdwn7XZ6rmxkCtUjND7GCnAtzGsfmiqSWKEv7AMAoXVQ,false
298,e6-lifecycle-20260706T050147.291694346Z-c4-real-task-0071,ipfs_add,true,68,1783314107962,7196,,false
299,e6-lifecycle-20260706T050147.291694346Z-c4-real-task-0071,signed_posttask,true,2,1783314108030,0,QmNqkkGDJvpybcWjHb7TKY3DpGWDegeGBguFT6dBieSUKQ,false
300,e6-lifecycle-20260706T050147.291694346Z-c4-real-task-0071,signed_postallocation,true,2,1783314108032,0,QmNqkkGDJvpybcWjHb7TKY3DpGWDegeGBguFT6dBieSUKQ,false
301,e6-lifecycle-20260706T050147.291694346Z-c4-real-task-0071,signed_post_evalsnapshot,true,2,1783314108034,0,QmNqkkGDJvpybcWjHb7TKY3DpGWDegeGBguFT6dBieSUKQ,false
302,e6-lifecycle-20260706T050147.291694346Z-c4-real-task-0071,signed_vote1,true,2,1783314108036,0,QmNqkkGDJvpybcWjHb7TKY3DpGWDegeGBguFT6dBieSUKQ,false
303,e6-lifecycle-20260706T050147.291694346Z-c4-real-task-0071,signed_vote2,true,2,1783314108038,0,QmNqkkGDJvpybcWjHb7TKY3DpGWDegeGBguFT6dBieSUKQ,false
304,e6-lifecycle-20260706T050147.291694346Z-c4-real-task-0071,signed_settlement,true,2,1783314108040,0,QmNqkkGDJvpybcWjHb7TKY3DpGWDegeGBguFT6dBieSUKQ,false
305,e6-lifecycle-20260706T050147.291694346Z-c4-real-task-0071,signed_query_latest,true,0,1783314108042,0,QmNqkkGDJvpybcWjHb7TKY3DpGWDegeGBguFT6dBieSUKQ,false
306,e6-lifecycle-20260706T050147.291694346Z-c4-real-task-0071,ipfs_verify,true,7,1783314108042,0,QmNqkkGDJvpybcWjHb7TKY3DpGWDegeGBguFT6dBieSUKQ,false
307,e6-lifecycle-20260706T050147.291694346Z-c4-real-task-0072,ipfs_add,true,70,1783314107980,2305,,false
308,e6-lifecycle-20260706T050147.291694346Z-c4-real-task-0072,signed_posttask,true,2,1783314108050,0,QmWanySVkpZ7TybV7YuqtM2nn19ezsxpA246bdcmU47t6X,false
309,e6-lifecycle-20260706T050147.291694346Z-c4-real-task-0072,signed_postallocation,true,1,1783314108052,0,QmWanySVkpZ7TybV7YuqtM2nn19ezsxpA246bdcmU47t6X,false
310,e6-lifecycle-20260706T050147.291694346Z-c4-real-task-0072,signed_post_evalsnapshot,true,2,1783314108053,0,QmWanySVkpZ7TybV7YuqtM2nn19ezsxpA246bdcmU47t6X,false
311,e6-lifecycle-20260706T050147.291694346Z-c4-real-task-0072,signed_vote1,true,1,1783314108055,0,QmWanySVkpZ7TybV7YuqtM2nn19ezsxpA246bdcmU47t6X,false
312,e6-lifecycle-20260706T050147.291694346Z-c4-real-task-0072,signed_vote2,true,2,1783314108056,0,QmWanySVkpZ7TybV7YuqtM2nn19ezsxpA246bdcmU47t6X,false
313,e6-lifecycle-20260706T050147.291694346Z-c4-real-task-0072,signed_settlement,true,2,1783314108058,0,QmWanySVkpZ7TybV7YuqtM2nn19ezsxpA246bdcmU47t6X,false
314,e6-lifecycle-20260706T050147.291694346Z-c4-real-task-0072,signed_query_latest,true,0,1783314108060,0,QmWanySVkpZ7TybV7YuqtM2nn19ezsxpA246bdcmU47t6X,false
315,e6-lifecycle-20260706T050147.291694346Z-c4-real-task-0072,ipfs_verify,true,7,1783314108060,0,QmWanySVkpZ7TybV7YuqtM2nn19ezsxpA246bdcmU47t6X,false
316,e6-lifecycle-20260706T050147.291694346Z-c4-real-task-0073,ipfs_add,true,60,1783314108010,4957,,false
317,e6-lifecycle-20260706T050147.291694346Z-c4-real-task-0073,signed_posttask,true,2,1783314108070,0,QmUNq5xrs3K1vmXdkKido3g2XmRhi95o132iauehfL4aYG,false
318,e6-lifecycle-20260706T050147.291694346Z-c4-real-task-0073,signed_postallocation,true,3,1783314108072,0,QmUNq5xrs3K1vmXdkKido3g2XmRhi95o132iauehfL4aYG,false
319,e6-lifecycle-20260706T050147.291694346Z-c4-real-task-0073,signed_post_evalsnapshot,true,2,1783314108075,0,QmUNq5xrs3K1vmXdkKido3g2XmRhi95o132iauehfL4aYG,false
320,e6-lifecycle-20260706T050147.291694346Z-c4-real-task-0073,signed_vote1,true,2,1783314108077,0,QmUNq5xrs3K1vmXdkKido3g2XmRhi95o132iauehfL4aYG,false
321,e6-lifecycle-20260706T050147.291694346Z-c4-real-task-0073,signed_vote2,true,1,1783314108079,0,QmUNq5xrs3K1vmXdkKido3g2XmRhi95o132iauehfL4aYG,false
322,e6-lifecycle-20260706T050147.291694346Z-c4-real-task-0073,signed_settlement,true,2,1783314108080,0,QmUNq5xrs3K1vmXdkKido3g2XmRhi95o132iauehfL4aYG,false
323,e6-lifecycle-20260706T050147.291694346Z-c4-real-task-0073,signed_query_latest,true,0,1783314108082,0,QmUNq5xrs3K1vmXdkKido3g2XmRhi95o132iauehfL4aYG,false
324,e6-lifecycle-20260706T050147.291694346Z-c4-real-task-0073,ipfs_verify,true,8,1783314108082,0,QmUNq5xrs3K1vmXdkKido3g2XmRhi95o132iauehfL4aYG,false
325,e6-lifecycle-20260706T050147.291694346Z-c4-real-task-0074,ipfs_add,true,62,1783314108028,5811,,false
326,e6-lifecycle-20260706T050147.291694346Z-c4-real-task-0074,signed_posttask,true,3,1783314108090,0,QmaeTJAzWRKvsT172vo8HGvAfgV8ipwLvzV1ZMQApxE1QS,false
327,e6-lifecycle-20260706T050147.291694346Z-c4-real-task-0074,signed_postallocation,true,1,1783314108093,0,QmaeTJAzWRKvsT172vo8HGvAfgV8ipwLvzV1ZMQApxE1QS,false
328,e6-lifecycle-20260706T050147.291694346Z-c4-real-task-0074,signed_post_evalsnapshot,true,2,1783314108094,0,QmaeTJAzWRKvsT172vo8HGvAfgV8ipwLvzV1ZMQApxE1QS,false
329,e6-lifecycle-20260706T050147.291694346Z-c4-real-task-0074,signed_vote1,true,2,1783314108096,0,QmaeTJAzWRKvsT172vo8HGvAfgV8ipwLvzV1ZMQApxE1QS,false
330,e6-lifecycle-20260706T050147.291694346Z-c4-real-task-0074,signed_vote2,true,1,1783314108098,0,QmaeTJAzWRKvsT172vo8HGvAfgV8ipwLvzV1ZMQApxE1QS,false
331,e6-lifecycle-20260706T050147.291694346Z-c4-real-task-0074,signed_settlement,true,2,1783314108099,0,QmaeTJAzWRKvsT172vo8HGvAfgV8ipwLvzV1ZMQApxE1QS,false
332,e6-lifecycle-20260706T050147.291694346Z-c4-real-task-0074,signed_query_latest,true,0,1783314108101,0,QmaeTJAzWRKvsT172vo8HGvAfgV8ipwLvzV1ZMQApxE1QS,false
333,e6-lifecycle-20260706T050147.291694346Z-c4-real-task-0075,ipfs_add,true,62,1783314108049,4400,,false
334,e6-lifecycle-20260706T050147.291694346Z-c4-real-task-0075,signed_posttask,true,2,1783314108111,0,QmXvAwLQ7v7nnXbkJPjkYdM3tUdkRw8oF5f6iTNZRPVgzN,false
335,e6-lifecycle-20260706T050147.291694346Z-c4-real-task-0074,ipfs_verify,true,12,1783314108101,0,QmaeTJAzWRKvsT172vo8HGvAfgV8ipwLvzV1ZMQApxE1QS,false
336,e6-lifecycle-20260706T050147.291694346Z-c4-real-task-0075,signed_postallocation,true,1,1783314108113,0,QmXvAwLQ7v7nnXbkJPjkYdM3tUdkRw8oF5f6iTNZRPVgzN,false
337,e6-lifecycle-20260706T050147.291694346Z-c4-real-task-0075,signed_post_evalsnapshot,true,2,1783314108114,0,QmXvAwLQ7v7nnXbkJPjkYdM3tUdkRw8oF5f6iTNZRPVgzN,false
338,e6-lifecycle-20260706T050147.291694346Z-c4-real-task-0075,signed_vote1,true,2,1783314108116,0,QmXvAwLQ7v7nnXbkJPjkYdM3tUdkRw8oF5f6iTNZRPVgzN,false
339,e6-lifecycle-20260706T050147.291694346Z-c4-real-task-0075,signed_vote2,true,1,1783314108118,0,QmXvAwLQ7v7nnXbkJPjkYdM3tUdkRw8oF5f6iTNZRPVgzN,false
340,e6-lifecycle-20260706T050147.291694346Z-c4-real-task-0075,signed_settlement,true,2,1783314108119,0,QmXvAwLQ7v7nnXbkJPjkYdM3tUdkRw8oF5f6iTNZRPVgzN,false
341,e6-lifecycle-20260706T050147.291694346Z-c4-real-task-0075,signed_query_latest,true,0,1783314108121,0,QmXvAwLQ7v7nnXbkJPjkYdM3tUdkRw8oF5f6iTNZRPVgzN,false
342,e6-lifecycle-20260706T050147.291694346Z-c4-real-task-0075,ipfs_verify,true,9,1783314108121,0,QmXvAwLQ7v7nnXbkJPjkYdM3tUdkRw8oF5f6iTNZRPVgzN,false
343,e6-lifecycle-20260706T050147.291694346Z-c4-real-task-0076,ipfs_add,true,66,1783314108067,4961,,false
344,e6-lifecycle-20260706T050147.291694346Z-c4-real-task-0076,signed_posttask,true,2,1783314108133,0,QmPYBXNwCTh5Jewpe24hUv1bBvhKKyvE3uxvUw3jvcJV2S,false
345,e6-lifecycle-20260706T050147.291694346Z-c4-real-task-0076,signed_postallocation,true,2,1783314108135,0,QmPYBXNwCTh5Jewpe24hUv1bBvhKKyvE3uxvUw3jvcJV2S,false
346,e6-lifecycle-20260706T050147.291694346Z-c4-real-task-0076,signed_post_evalsnapshot,true,1,1783314108137,0,QmPYBXNwCTh5Jewpe24hUv1bBvhKKyvE3uxvUw3jvcJV2S,false
347,e6-lifecycle-20260706T050147.291694346Z-c4-real-task-0076,signed_vote1,true,2,1783314108138,0,QmPYBXNwCTh5Jewpe24hUv1bBvhKKyvE3uxvUw3jvcJV2S,false
348,e6-lifecycle-20260706T050147.291694346Z-c4-real-task-0076,signed_vote2,true,2,1783314108140,0,QmPYBXNwCTh5Jewpe24hUv1bBvhKKyvE3uxvUw3jvcJV2S,false
349,e6-lifecycle-20260706T050147.291694346Z-c4-real-task-0076,signed_settlement,true,2,1783314108142,0,QmPYBXNwCTh5Jewpe24hUv1bBvhKKyvE3uxvUw3jvcJV2S,false
350,e6-lifecycle-20260706T050147.291694346Z-c4-real-task-0076,signed_query_latest,true,0,1783314108144,0,QmPYBXNwCTh5Jewpe24hUv1bBvhKKyvE3uxvUw3jvcJV2S,false
351,e6-lifecycle-20260706T050147.291694346Z-c4-real-task-0077,ipfs_add,true,66,1783314108090,1774,,false
352,e6-lifecycle-20260706T050147.291694346Z-c4-real-task-0076,ipfs_verify,true,13,1783314108144,0,QmPYBXNwCTh5Jewpe24hUv1bBvhKKyvE3uxvUw3jvcJV2S,false
353,e6-lifecycle-20260706T050147.291694346Z-c4-real-task-0077,signed_posttask,true,3,1783314108156,0,QmYN6ceiUFJghNBVdUfs4AgqbBx4pasRLDxDdrHuAvaYYe,false
354,e6-lifecycle-20260706T050147.291694346Z-c4-real-task-0077,signed_postallocation,true,2,1783314108159,0,QmYN6ceiUFJghNBVdUfs4AgqbBx4pasRLDxDdrHuAvaYYe,false
355,e6-lifecycle-20260706T050147.291694346Z-c4-real-task-0077,signed_post_evalsnapshot,true,2,1783314108161,0,QmYN6ceiUFJghNBVdUfs4AgqbBx4pasRLDxDdrHuAvaYYe,false
356,e6-lifecycle-20260706T050147.291694346Z-c4-real-task-0077,signed_vote1,true,3,1783314108163,0,QmYN6ceiUFJghNBVdUfs4AgqbBx4pasRLDxDdrHuAvaYYe,false
357,e6-lifecycle-20260706T050147.291694346Z-c4-real-task-0077,signed_vote2,true,3,1783314108166,0,QmYN6ceiUFJghNBVdUfs4AgqbBx4pasRLDxDdrHuAvaYYe,false
358,e6-lifecycle-20260706T050147.291694346Z-c4-real-task-0077,signed_settlement,true,3,1783314108169,0,QmYN6ceiUFJghNBVdUfs4AgqbBx4pasRLDxDdrHuAvaYYe,false
359,e6-lifecycle-20260706T050147.291694346Z-c4-real-task-0077,signed_query_latest,true,0,1783314108172,0,QmYN6ceiUFJghNBVdUfs4AgqbBx4pasRLDxDdrHuAvaYYe,false
360,e6-lifecycle-20260706T050147.291694346Z-c4-real-task-0077,ipfs_verify,true,9,1783314108172,0,QmYN6ceiUFJghNBVdUfs4AgqbBx4pasRLDxDdrHuAvaYYe,false
361,e6-lifecycle-20260706T050147.291694346Z-c4-real-task-0078,ipfs_add,true,75,1783314108113,4011,,false
362,e6-lifecycle-20260706T050147.291694346Z-c4-real-task-0078,signed_posttask,true,3,1783314108188,0,QmQMb15VfwTvEopgdonkaUmtV5EoYEVHk6p3eKpDmm7VQJ,false
363,e6-lifecycle-20260706T050147.291694346Z-c4-real-task-0078,signed_postallocation,true,1,1783314108191,0,QmQMb15VfwTvEopgdonkaUmtV5EoYEVHk6p3eKpDmm7VQJ,false
364,e6-lifecycle-20260706T050147.291694346Z-c4-real-task-0078,signed_post_evalsnapshot,true,2,1783314108192,0,QmQMb15VfwTvEopgdonkaUmtV5EoYEVHk6p3eKpDmm7VQJ,false
365,e6-lifecycle-20260706T050147.291694346Z-c4-real-task-0078,signed_vote1,true,2,1783314108194,0,QmQMb15VfwTvEopgdonkaUmtV5EoYEVHk6p3eKpDmm7VQJ,false
366,e6-lifecycle-20260706T050147.291694346Z-c4-real-task-0078,signed_vote2,true,1,1783314108196,0,QmQMb15VfwTvEopgdonkaUmtV5EoYEVHk6p3eKpDmm7VQJ,false
367,e6-lifecycle-20260706T050147.291694346Z-c4-real-task-0078,signed_settlement,true,2,1783314108197,0,QmQMb15VfwTvEopgdonkaUmtV5EoYEVHk6p3eKpDmm7VQJ,false
368,e6-lifecycle-20260706T050147.291694346Z-c4-real-task-0078,signed_query_latest,true,0,1783314108199,0,QmQMb15VfwTvEopgdonkaUmtV5EoYEVHk6p3eKpDmm7VQJ,false
369,e6-lifecycle-20260706T050147.291694346Z-c4-real-task-0078,ipfs_verify,true,8,1783314108199,0,QmQMb15VfwTvEopgdonkaUmtV5EoYEVHk6p3eKpDmm7VQJ,false
370,e6-lifecycle-20260706T050147.291694346Z-c4-real-task-0079,ipfs_add,true,77,1783314108130,2910,,false
371,e6-lifecycle-20260706T050147.291694346Z-c4-real-task-0079,signed_posttask,true,2,1783314108207,0,QmUANPhfiGoG4ujKLWNNL1cTTFTCULjPxcP9sn7jNfzJhL,false
372,e6-lifecycle-20260706T050147.291694346Z-c4-real-task-0079,signed_postallocation,true,1,1783314108209,0,QmUANPhfiGoG4ujKLWNNL1cTTFTCULjPxcP9sn7jNfzJhL,false
373,e6-lifecycle-20260706T050147.291694346Z-c4-real-task-0079,signed_post_evalsnapshot,true,2,1783314108210,0,QmUANPhfiGoG4ujKLWNNL1cTTFTCULjPxcP9sn7jNfzJhL,false
374,e6-lifecycle-20260706T050147.291694346Z-c4-real-task-0079,signed_vote1,true,1,1783314108212,0,QmUANPhfiGoG4ujKLWNNL1cTTFTCULjPxcP9sn7jNfzJhL,false
375,e6-lifecycle-20260706T050147.291694346Z-c4-real-task-0079,signed_vote2,true,2,1783314108213,0,QmUANPhfiGoG4ujKLWNNL1cTTFTCULjPxcP9sn7jNfzJhL,false
376,e6-lifecycle-20260706T050147.291694346Z-c4-real-task-0079,signed_settlement,true,2,1783314108215,0,QmUANPhfiGoG4ujKLWNNL1cTTFTCULjPxcP9sn7jNfzJhL,false
377,e6-lifecycle-20260706T050147.291694346Z-c4-real-task-0079,signed_query_latest,true,0,1783314108217,0,QmUANPhfiGoG4ujKLWNNL1cTTFTCULjPxcP9sn7jNfzJhL,false
378,e6-lifecycle-20260706T050147.291694346Z-c4-real-task-0079,ipfs_verify,true,9,1783314108217,0,QmUANPhfiGoG4ujKLWNNL1cTTFTCULjPxcP9sn7jNfzJhL,false
379,e6-lifecycle-20260706T050147.291694346Z-c4-real-task-0080,ipfs_add,true,75,1783314108157,2007,,false
380,e6-lifecycle-20260706T050147.291694346Z-c4-real-task-0080,signed_posttask,true,2,1783314108232,0,QmSoqaKbY1pzamSrK5gatTauBKmwAqCw92JyzZxyPFt8FW,false
381,e6-lifecycle-20260706T050147.291694346Z-c4-real-task-0080,signed_postallocation,true,1,1783314108234,0,QmSoqaKbY1pzamSrK5gatTauBKmwAqCw92JyzZxyPFt8FW,false
382,e6-lifecycle-20260706T050147.291694346Z-c4-real-task-0080,signed_post_evalsnapshot,true,2,1783314108235,0,QmSoqaKbY1pzamSrK5gatTauBKmwAqCw92JyzZxyPFt8FW,false
383,e6-lifecycle-20260706T050147.291694346Z-c4-real-task-0080,signed_vote1,true,2,1783314108237,0,QmSoqaKbY1pzamSrK5gatTauBKmwAqCw92JyzZxyPFt8FW,false
384,e6-lifecycle-20260706T050147.291694346Z-c4-real-task-0080,signed_vote2,true,2,1783314108239,0,QmSoqaKbY1pzamSrK5gatTauBKmwAqCw92JyzZxyPFt8FW,false
385,e6-lifecycle-20260706T050147.291694346Z-c4-real-task-0080,signed_settlement,true,2,1783314108241,0,QmSoqaKbY1pzamSrK5gatTauBKmwAqCw92JyzZxyPFt8FW,false
386,e6-lifecycle-20260706T050147.291694346Z-c4-real-task-0080,signed_query_latest,true,0,1783314108243,0,QmSoqaKbY1pzamSrK5gatTauBKmwAqCw92JyzZxyPFt8FW,false
387,e6-lifecycle-20260706T050147.291694346Z-c4-real-task-0080,ipfs_verify,true,6,1783314108243,0,QmSoqaKbY1pzamSrK5gatTauBKmwAqCw92JyzZxyPFt8FW,false
388,e6-lifecycle-20260706T050147.291694346Z-c4-real-task-0081,ipfs_add,true,71,1783314108181,9224,,false
389,e6-lifecycle-20260706T050147.291694346Z-c4-real-task-0081,signed_posttask,true,1,1783314108252,0,QmQhzdo79vLus2WbHD1UviAJSuaG18vFF57Yt3d5cS2s7M,false
390,e6-lifecycle-20260706T050147.291694346Z-c4-real-task-0081,signed_postallocation,true,2,1783314108253,0,QmQhzdo79vLus2WbHD1UviAJSuaG18vFF57Yt3d5cS2s7M,false
391,e6-lifecycle-20260706T050147.291694346Z-c4-real-task-0081,signed_post_evalsnapshot,true,1,1783314108255,0,QmQhzdo79vLus2WbHD1UviAJSuaG18vFF57Yt3d5cS2s7M,false
392,e6-lifecycle-20260706T050147.291694346Z-c4-real-task-0081,signed_vote1,true,2,1783314108256,0,QmQhzdo79vLus2WbHD1UviAJSuaG18vFF57Yt3d5cS2s7M,false
393,e6-lifecycle-20260706T050147.291694346Z-c4-real-task-0081,signed_vote2,true,2,1783314108258,0,QmQhzdo79vLus2WbHD1UviAJSuaG18vFF57Yt3d5cS2s7M,false
394,e6-lifecycle-20260706T050147.291694346Z-c4-real-task-0081,signed_settlement,true,2,1783314108260,0,QmQhzdo79vLus2WbHD1UviAJSuaG18vFF57Yt3d5cS2s7M,false
395,e6-lifecycle-20260706T050147.291694346Z-c4-real-task-0081,signed_query_latest,true,0,1783314108262,0,QmQhzdo79vLus2WbHD1UviAJSuaG18vFF57Yt3d5cS2s7M,false
396,e6-lifecycle-20260706T050147.291694346Z-c4-real-task-0081,ipfs_verify,true,8,1783314108262,0,QmQhzdo79vLus2WbHD1UviAJSuaG18vFF57Yt3d5cS2s7M,false
397,e6-lifecycle-20260706T050147.291694346Z-c4-real-task-0082,ipfs_add,true,65,1783314108207,9851,,false
398,e6-lifecycle-20260706T050147.291694346Z-c4-real-task-0082,signed_posttask,true,2,1783314108272,0,QmV9rgZvcZKU4rPzj6kpzY1dYdbWXgNxb8v7XJGh6yCSZk,false
399,e6-lifecycle-20260706T050147.291694346Z-c4-real-task-0082,signed_postallocation,true,2,1783314108274,0,QmV9rgZvcZKU4rPzj6kpzY1dYdbWXgNxb8v7XJGh6yCSZk,false
400,e6-lifecycle-20260706T050147.291694346Z-c4-real-task-0082,signed_post_evalsnapshot,true,2,1783314108276,0,QmV9rgZvcZKU4rPzj6kpzY1dYdbWXgNxb8v7XJGh6yCSZk,false
401,e6-lifecycle-20260706T050147.291694346Z-c4-real-task-0082,signed_vote1,true,2,1783314108278,0,QmV9rgZvcZKU4rPzj6kpzY1dYdbWXgNxb8v7XJGh6yCSZk,false
402,e6-lifecycle-20260706T050147.291694346Z-c4-real-task-0082,signed_vote2,true,2,1783314108280,0,QmV9rgZvcZKU4rPzj6kpzY1dYdbWXgNxb8v7XJGh6yCSZk,false
403,e6-lifecycle-20260706T050147.291694346Z-c4-real-task-0082,signed_settlement,true,1,1783314108282,0,QmV9rgZvcZKU4rPzj6kpzY1dYdbWXgNxb8v7XJGh6yCSZk,false
404,e6-lifecycle-20260706T050147.291694346Z-c4-real-task-0082,signed_query_latest,true,0,1783314108283,0,QmV9rgZvcZKU4rPzj6kpzY1dYdbWXgNxb8v7XJGh6yCSZk,false
405,e6-lifecycle-20260706T050147.291694346Z-c4-real-task-0082,ipfs_verify,true,8,1783314108283,0,QmV9rgZvcZKU4rPzj6kpzY1dYdbWXgNxb8v7XJGh6yCSZk,false
406,e6-lifecycle-20260706T050147.291694346Z-c4-real-task-0083,ipfs_add,true,69,1783314108226,4402,,false
407,e6-lifecycle-20260706T050147.291694346Z-c4-real-task-0083,signed_posttask,true,3,1783314108295,0,QmPd7FL1akHQY92fmAnCsPGgoQXB5msWnC72Pa4Ym8A7LB,false
408,e6-lifecycle-20260706T050147.291694346Z-c4-real-task-0083,signed_postallocation,true,2,1783314108298,0,QmPd7FL1akHQY92fmAnCsPGgoQXB5msWnC72Pa4Ym8A7LB,false
409,e6-lifecycle-20260706T050147.291694346Z-c4-real-task-0083,signed_post_evalsnapshot,true,2,1783314108300,0,QmPd7FL1akHQY92fmAnCsPGgoQXB5msWnC72Pa4Ym8A7LB,false
410,e6-lifecycle-20260706T050147.291694346Z-c4-real-task-0083,signed_vote1,true,1,1783314108302,0,QmPd7FL1akHQY92fmAnCsPGgoQXB5msWnC72Pa4Ym8A7LB,false
411,e6-lifecycle-20260706T050147.291694346Z-c4-real-task-0083,signed_vote2,true,2,1783314108303,0,QmPd7FL1akHQY92fmAnCsPGgoQXB5msWnC72Pa4Ym8A7LB,false
412,e6-lifecycle-20260706T050147.291694346Z-c4-real-task-0083,signed_settlement,true,2,1783314108305,0,QmPd7FL1akHQY92fmAnCsPGgoQXB5msWnC72Pa4Ym8A7LB,false
413,e6-lifecycle-20260706T050147.291694346Z-c4-real-task-0083,signed_query_latest,true,0,1783314108307,0,QmPd7FL1akHQY92fmAnCsPGgoQXB5msWnC72Pa4Ym8A7LB,false
414,e6-lifecycle-20260706T050147.291694346Z-c4-real-task-0083,ipfs_verify,true,9,1783314108307,0,QmPd7FL1akHQY92fmAnCsPGgoQXB5msWnC72Pa4Ym8A7LB,false
415,e6-lifecycle-20260706T050147.291694346Z-c4-real-task-0084,ipfs_add,true,76,1783314108249,6840,,false
416,e6-lifecycle-20260706T050147.291694346Z-c4-real-task-0084,signed_posttask,true,2,1783314108325,0,QmfAG7xP2UTe2HqMXVRZaRh4cF3StaCZniJqRpRTYFaeDM,false
417,e6-lifecycle-20260706T050147.291694346Z-c4-real-task-0084,signed_postallocation,true,2,1783314108327,0,QmfAG7xP2UTe2HqMXVRZaRh4cF3StaCZniJqRpRTYFaeDM,false
418,e6-lifecycle-20260706T050147.291694346Z-c4-real-task-0084,signed_post_evalsnapshot,true,2,1783314108329,0,QmfAG7xP2UTe2HqMXVRZaRh4cF3StaCZniJqRpRTYFaeDM,false
419,e6-lifecycle-20260706T050147.291694346Z-c4-real-task-0084,signed_vote1,true,2,1783314108331,0,QmfAG7xP2UTe2HqMXVRZaRh4cF3StaCZniJqRpRTYFaeDM,false
420,e6-lifecycle-20260706T050147.291694346Z-c4-real-task-0084,signed_vote2,true,1,1783314108333,0,QmfAG7xP2UTe2HqMXVRZaRh4cF3StaCZniJqRpRTYFaeDM,false
421,e6-lifecycle-20260706T050147.291694346Z-c4-real-task-0084,signed_settlement,true,2,1783314108334,0,QmfAG7xP2UTe2HqMXVRZaRh4cF3StaCZniJqRpRTYFaeDM,false
422,e6-lifecycle-20260706T050147.291694346Z-c4-real-task-0084,signed_query_latest,true,0,1783314108336,0,QmfAG7xP2UTe2HqMXVRZaRh4cF3StaCZniJqRpRTYFaeDM,false
423,e6-lifecycle-20260706T050147.291694346Z-c4-real-task-0084,ipfs_verify,true,9,1783314108336,0,QmfAG7xP2UTe2HqMXVRZaRh4cF3StaCZniJqRpRTYFaeDM,false
424,e6-lifecycle-20260706T050147.291694346Z-c4-real-task-0085,ipfs_add,true,74,1783314108271,5393,,false
425,e6-lifecycle-20260706T050147.291694346Z-c4-real-task-0085,signed_posttask,true,2,1783314108345,0,QmeUxU9Y8M556RrfUeDKwffgmyBADm96MQkeiAE978JMp4,false
426,e6-lifecycle-20260706T050147.291694346Z-c4-real-task-0085,signed_postallocation,true,2,1783314108347,0,QmeUxU9Y8M556RrfUeDKwffgmyBADm96MQkeiAE978JMp4,false
427,e6-lifecycle-20260706T050147.291694346Z-c4-real-task-0085,signed_post_evalsnapshot,true,2,1783314108349,0,QmeUxU9Y8M556RrfUeDKwffgmyBADm96MQkeiAE978JMp4,false
428,e6-lifecycle-20260706T050147.291694346Z-c4-real-task-0085,signed_vote1,true,2,1783314108351,0,QmeUxU9Y8M556RrfUeDKwffgmyBADm96MQkeiAE978JMp4,false
429,e6-lifecycle-20260706T050147.291694346Z-c4-real-task-0085,signed_vote2,true,2,1783314108353,0,QmeUxU9Y8M556RrfUeDKwffgmyBADm96MQkeiAE978JMp4,false
430,e6-lifecycle-20260706T050147.291694346Z-c4-real-task-0085,signed_settlement,true,1,1783314108355,0,QmeUxU9Y8M556RrfUeDKwffgmyBADm96MQkeiAE978JMp4,false
431,e6-lifecycle-20260706T050147.291694346Z-c4-real-task-0085,signed_query_latest,true,0,1783314108356,0,QmeUxU9Y8M556RrfUeDKwffgmyBADm96MQkeiAE978JMp4,false
432,e6-lifecycle-20260706T050147.291694346Z-c4-real-task-0086,ipfs_add,true,76,1783314108291,5003,,false
433,e6-lifecycle-20260706T050147.291694346Z-c4-real-task-0086,signed_posttask,true,2,1783314108367,0,QmUfeTTtpRKHWHGYM8kZeEDzEeTVbVYPN8syBVGcicKp1E,false
434,e6-lifecycle-20260706T050147.291694346Z-c4-real-task-0085,ipfs_verify,true,14,1783314108356,0,QmeUxU9Y8M556RrfUeDKwffgmyBADm96MQkeiAE978JMp4,false
435,e6-lifecycle-20260706T050147.291694346Z-c4-real-task-0086,signed_postallocation,true,2,1783314108369,0,QmUfeTTtpRKHWHGYM8kZeEDzEeTVbVYPN8syBVGcicKp1E,false
436,e6-lifecycle-20260706T050147.291694346Z-c4-real-task-0086,signed_post_evalsnapshot,true,3,1783314108371,0,QmUfeTTtpRKHWHGYM8kZeEDzEeTVbVYPN8syBVGcicKp1E,false
437,e6-lifecycle-20260706T050147.291694346Z-c4-real-task-0086,signed_vote1,true,2,1783314108374,0,QmUfeTTtpRKHWHGYM8kZeEDzEeTVbVYPN8syBVGcicKp1E,false
438,e6-lifecycle-20260706T050147.291694346Z-c4-real-task-0086,signed_vote2,true,2,1783314108376,0,QmUfeTTtpRKHWHGYM8kZeEDzEeTVbVYPN8syBVGcicKp1E,false
439,e6-lifecycle-20260706T050147.291694346Z-c4-real-task-0086,signed_settlement,true,2,1783314108378,0,QmUfeTTtpRKHWHGYM8kZeEDzEeTVbVYPN8syBVGcicKp1E,false
440,e6-lifecycle-20260706T050147.291694346Z-c4-real-task-0086,signed_query_latest,true,0,1783314108380,0,QmUfeTTtpRKHWHGYM8kZeEDzEeTVbVYPN8syBVGcicKp1E,false
441,e6-lifecycle-20260706T050147.291694346Z-c4-real-task-0086,ipfs_verify,true,12,1783314108380,0,QmUfeTTtpRKHWHGYM8kZeEDzEeTVbVYPN8syBVGcicKp1E,false
442,e6-lifecycle-20260706T050147.291694346Z-c4-real-task-0087,ipfs_add,true,83,1783314108316,2524,,false
443,e6-lifecycle-20260706T050147.291694346Z-c4-real-task-0087,signed_posttask,true,2,1783314108399,0,QmaCUtHjnRyELCqbtZ1neE9rfnPpeXAWptbrgpbTV3gGcj,false
444,e6-lifecycle-20260706T050147.291694346Z-c4-real-task-0087,signed_postallocation,true,2,1783314108401,0,QmaCUtHjnRyELCqbtZ1neE9rfnPpeXAWptbrgpbTV3gGcj,false
445,e6-lifecycle-20260706T050147.291694346Z-c4-real-task-0087,signed_post_evalsnapshot,true,2,1783314108403,0,QmaCUtHjnRyELCqbtZ1neE9rfnPpeXAWptbrgpbTV3gGcj,false
446,e6-lifecycle-20260706T050147.291694346Z-c4-real-task-0087,signed_vote1,true,2,1783314108405,0,QmaCUtHjnRyELCqbtZ1neE9rfnPpeXAWptbrgpbTV3gGcj,false
447,e6-lifecycle-20260706T050147.291694346Z-c4-real-task-0087,signed_vote2,true,1,1783314108407,0,QmaCUtHjnRyELCqbtZ1neE9rfnPpeXAWptbrgpbTV3gGcj,false
448,e6-lifecycle-20260706T050147.291694346Z-c4-real-task-0087,signed_settlement,true,1,1783314108408,0,QmaCUtHjnRyELCqbtZ1neE9rfnPpeXAWptbrgpbTV3gGcj,false
449,e6-lifecycle-20260706T050147.291694346Z-c4-real-task-0087,signed_query_latest,true,0,1783314108409,0,QmaCUtHjnRyELCqbtZ1neE9rfnPpeXAWptbrgpbTV3gGcj,false
450,e6-lifecycle-20260706T050147.291694346Z-c4-real-task-0087,ipfs_verify,true,8,1783314108409,0,QmaCUtHjnRyELCqbtZ1neE9rfnPpeXAWptbrgpbTV3gGcj,false
451,e6-lifecycle-20260706T050147.291694346Z-c4-real-task-0088,ipfs_add,true,75,1783314108345,6313,,false
452,e6-lifecycle-20260706T050147.291694346Z-c4-real-task-0088,signed_posttask,true,2,1783314108420,0,QmUQTJ8LNhjew8dD5w4F6KUYvuRCsc5Joz6Pxfc2Ykcf3n,false
453,e6-lifecycle-20260706T050147.291694346Z-c4-real-task-0088,signed_postallocation,true,2,1783314108422,0,QmUQTJ8LNhjew8dD5w4F6KUYvuRCsc5Joz6Pxfc2Ykcf3n,false
454,e6-lifecycle-20260706T050147.291694346Z-c4-real-task-0088,signed_post_evalsnapshot,true,2,1783314108424,0,QmUQTJ8LNhjew8dD5w4F6KUYvuRCsc5Joz6Pxfc2Ykcf3n,false
455,e6-lifecycle-20260706T050147.291694346Z-c4-real-task-0088,signed_vote1,true,1,1783314108426,0,QmUQTJ8LNhjew8dD5w4F6KUYvuRCsc5Joz6Pxfc2Ykcf3n,false
456,e6-lifecycle-20260706T050147.291694346Z-c4-real-task-0088,signed_vote2,true,2,1783314108427,0,QmUQTJ8LNhjew8dD5w4F6KUYvuRCsc5Joz6Pxfc2Ykcf3n,false
457,e6-lifecycle-20260706T050147.291694346Z-c4-real-task-0088,signed_settlement,true,2,1783314108429,0,QmUQTJ8LNhjew8dD5w4F6KUYvuRCsc5Joz6Pxfc2Ykcf3n,false
458,e6-lifecycle-20260706T050147.291694346Z-c4-real-task-0088,signed_query_latest,true,0,1783314108431,0,QmUQTJ8LNhjew8dD5w4F6KUYvuRCsc5Joz6Pxfc2Ykcf3n,false
459,e6-lifecycle-20260706T050147.291694346Z-c4-real-task-0088,ipfs_verify,true,7,1783314108431,0,QmUQTJ8LNhjew8dD5w4F6KUYvuRCsc5Joz6Pxfc2Ykcf3n,false
460,e6-lifecycle-20260706T050147.291694346Z-c4-real-task-0089,ipfs_add,true,73,1783314108370,7941,,false
461,e6-lifecycle-20260706T050147.291694346Z-c4-real-task-0089,signed_posttask,true,2,1783314108443,0,QmVftiZx5cF23Q6fEY7jKzUu6HRmm42Q1XtHogR3LDyhCd,false
462,e6-lifecycle-20260706T050147.291694346Z-c4-real-task-0089,signed_postallocation,true,2,1783314108445,0,QmVftiZx5cF23Q6fEY7jKzUu6HRmm42Q1XtHogR3LDyhCd,false
463,e6-lifecycle-20260706T050147.291694346Z-c4-real-task-0089,signed_post_evalsnapshot,true,2,1783314108447,0,QmVftiZx5cF23Q6fEY7jKzUu6HRmm42Q1XtHogR3LDyhCd,false
464,e6-lifecycle-20260706T050147.291694346Z-c4-real-task-0089,signed_vote1,true,1,1783314108449,0,QmVftiZx5cF23Q6fEY7jKzUu6HRmm42Q1XtHogR3LDyhCd,false
465,e6-lifecycle-20260706T050147.291694346Z-c4-real-task-0089,signed_vote2,true,2,1783314108450,0,QmVftiZx5cF23Q6fEY7jKzUu6HRmm42Q1XtHogR3LDyhCd,false
466,e6-lifecycle-20260706T050147.291694346Z-c4-real-task-0089,signed_settlement,true,1,1783314108452,0,QmVftiZx5cF23Q6fEY7jKzUu6HRmm42Q1XtHogR3LDyhCd,false
467,e6-lifecycle-20260706T050147.291694346Z-c4-real-task-0089,signed_query_latest,true,0,1783314108453,0,QmVftiZx5cF23Q6fEY7jKzUu6HRmm42Q1XtHogR3LDyhCd,false
468,e6-lifecycle-20260706T050147.291694346Z-c4-real-task-0089,ipfs_verify,true,8,1783314108453,0,QmVftiZx5cF23Q6fEY7jKzUu6HRmm42Q1XtHogR3LDyhCd,false
469,e6-lifecycle-20260706T050147.291694346Z-c4-real-task-0090,ipfs_add,true,71,1783314108392,6914,,false
470,e6-lifecycle-20260706T050147.291694346Z-c4-real-task-0090,signed_posttask,true,2,1783314108463,0,QmUFJ4iN46ZdBAqPuKeTPTjzJskJ6t9opLUxf3WHdGBRsp,false
471,e6-lifecycle-20260706T050147.291694346Z-c4-real-task-0090,signed_postallocation,true,2,1783314108465,0,QmUFJ4iN46ZdBAqPuKeTPTjzJskJ6t9opLUxf3WHdGBRsp,false
472,e6-lifecycle-20260706T050147.291694346Z-c4-real-task-0090,signed_post_evalsnapshot,true,2,1783314108467,0,QmUFJ4iN46ZdBAqPuKeTPTjzJskJ6t9opLUxf3WHdGBRsp,false
473,e6-lifecycle-20260706T050147.291694346Z-c4-real-task-0090,signed_vote1,true,2,1783314108469,0,QmUFJ4iN46ZdBAqPuKeTPTjzJskJ6t9opLUxf3WHdGBRsp,false
474,e6-lifecycle-20260706T050147.291694346Z-c4-real-task-0090,signed_vote2,true,2,1783314108471,0,QmUFJ4iN46ZdBAqPuKeTPTjzJskJ6t9opLUxf3WHdGBRsp,false
475,e6-lifecycle-20260706T050147.291694346Z-c4-real-task-0090,signed_settlement,true,1,1783314108473,0,QmUFJ4iN46ZdBAqPuKeTPTjzJskJ6t9opLUxf3WHdGBRsp,false
476,e6-lifecycle-20260706T050147.291694346Z-c4-real-task-0090,signed_query_latest,true,0,1783314108474,0,QmUFJ4iN46ZdBAqPuKeTPTjzJskJ6t9opLUxf3WHdGBRsp,false
477,e6-lifecycle-20260706T050147.291694346Z-c4-real-task-0090,ipfs_verify,true,10,1783314108474,0,QmUFJ4iN46ZdBAqPuKeTPTjzJskJ6t9opLUxf3WHdGBRsp,false
478,e6-lifecycle-20260706T050147.291694346Z-c4-real-task-0091,ipfs_add,true,75,1783314108417,1951,,false
479,e6-lifecycle-20260706T050147.291694346Z-c4-real-task-0091,signed_posttask,true,2,1783314108492,0,QmYv9mxEgFLjPUKuWCa4UJ2mudHV34x9WAJXvNME9guXYs,false
480,e6-lifecycle-20260706T050147.291694346Z-c4-real-task-0091,signed_postallocation,true,3,1783314108494,0,QmYv9mxEgFLjPUKuWCa4UJ2mudHV34x9WAJXvNME9guXYs,false
481,e6-lifecycle-20260706T050147.291694346Z-c4-real-task-0091,signed_post_evalsnapshot,true,1,1783314108497,0,QmYv9mxEgFLjPUKuWCa4UJ2mudHV34x9WAJXvNME9guXYs,false
482,e6-lifecycle-20260706T050147.291694346Z-c4-real-task-0091,signed_vote1,true,2,1783314108498,0,QmYv9mxEgFLjPUKuWCa4UJ2mudHV34x9WAJXvNME9guXYs,false
483,e6-lifecycle-20260706T050147.291694346Z-c4-real-task-0091,signed_vote2,true,1,1783314108500,0,QmYv9mxEgFLjPUKuWCa4UJ2mudHV34x9WAJXvNME9guXYs,false
484,e6-lifecycle-20260706T050147.291694346Z-c4-real-task-0091,signed_settlement,true,2,1783314108501,0,QmYv9mxEgFLjPUKuWCa4UJ2mudHV34x9WAJXvNME9guXYs,false
485,e6-lifecycle-20260706T050147.291694346Z-c4-real-task-0091,signed_query_latest,true,0,1783314108503,0,QmYv9mxEgFLjPUKuWCa4UJ2mudHV34x9WAJXvNME9guXYs,false
486,e6-lifecycle-20260706T050147.291694346Z-c4-real-task-0091,ipfs_verify,true,7,1783314108503,0,QmYv9mxEgFLjPUKuWCa4UJ2mudHV34x9WAJXvNME9guXYs,false
487,e6-lifecycle-20260706T050147.291694346Z-c4-real-task-0092,ipfs_add,true,73,1783314108438,1493,,false
488,e6-lifecycle-20260706T050147.291694346Z-c4-real-task-0092,signed_posttask,true,2,1783314108511,0,QmXnhuyu5tzEEDxeWhdNGMapRsWVTkNn4G5PkDzHAKVv9Y,false
489,e6-lifecycle-20260706T050147.291694346Z-c4-real-task-0092,signed_postallocation,true,1,1783314108513,0,QmXnhuyu5tzEEDxeWhdNGMapRsWVTkNn4G5PkDzHAKVv9Y,false
490,e6-lifecycle-20260706T050147.291694346Z-c4-real-task-0092,signed_post_evalsnapshot,true,2,1783314108514,0,QmXnhuyu5tzEEDxeWhdNGMapRsWVTkNn4G5PkDzHAKVv9Y,false
491,e6-lifecycle-20260706T050147.291694346Z-c4-real-task-0092,signed_vote1,true,2,1783314108516,0,QmXnhuyu5tzEEDxeWhdNGMapRsWVTkNn4G5PkDzHAKVv9Y,false
492,e6-lifecycle-20260706T050147.291694346Z-c4-real-task-0092,signed_vote2,true,2,1783314108518,0,QmXnhuyu5tzEEDxeWhdNGMapRsWVTkNn4G5PkDzHAKVv9Y,false
493,e6-lifecycle-20260706T050147.291694346Z-c4-real-task-0092,signed_settlement,true,1,1783314108520,0,QmXnhuyu5tzEEDxeWhdNGMapRsWVTkNn4G5PkDzHAKVv9Y,false
494,e6-lifecycle-20260706T050147.291694346Z-c4-real-task-0092,signed_query_latest,true,0,1783314108521,0,QmXnhuyu5tzEEDxeWhdNGMapRsWVTkNn4G5PkDzHAKVv9Y,false
495,e6-lifecycle-20260706T050147.291694346Z-c4-real-task-0092,ipfs_verify,true,8,1783314108521,0,QmXnhuyu5tzEEDxeWhdNGMapRsWVTkNn4G5PkDzHAKVv9Y,false
496,e6-lifecycle-20260706T050147.291694346Z-c4-real-task-0093,ipfs_add,true,74,1783314108461,2270,,false
497,e6-lifecycle-20260706T050147.291694346Z-c4-real-task-0093,signed_posttask,true,2,1783314108535,0,QmPvFCcsxh1cDhtjZSsbtn5uF81JA3vawovaWSBsW1MLDC,false
498,e6-lifecycle-20260706T050147.291694346Z-c4-real-task-0093,signed_postallocation,true,2,1783314108537,0,QmPvFCcsxh1cDhtjZSsbtn5uF81JA3vawovaWSBsW1MLDC,false
499,e6-lifecycle-20260706T050147.291694346Z-c4-real-task-0093,signed_post_evalsnapshot,true,2,1783314108539,0,QmPvFCcsxh1cDhtjZSsbtn5uF81JA3vawovaWSBsW1MLDC,false
500,e6-lifecycle-20260706T050147.291694346Z-c4-real-task-0093,signed_vote1,true,1,1783314108541,0,QmPvFCcsxh1cDhtjZSsbtn5uF81JA3vawovaWSBsW1MLDC,false
501,e6-lifecycle-20260706T050147.291694346Z-c4-real-task-0093,signed_vote2,true,2,1783314108542,0,QmPvFCcsxh1cDhtjZSsbtn5uF81JA3vawovaWSBsW1MLDC,false
502,e6-lifecycle-20260706T050147.291694346Z-c4-real-task-0093,signed_settlement,true,2,1783314108544,0,QmPvFCcsxh1cDhtjZSsbtn5uF81JA3vawovaWSBsW1MLDC,false
503,e6-lifecycle-20260706T050147.291694346Z-c4-real-task-0093,signed_query_latest,true,0,1783314108546,0,QmPvFCcsxh1cDhtjZSsbtn5uF81JA3vawovaWSBsW1MLDC,false
504,e6-lifecycle-20260706T050147.291694346Z-c4-real-task-0093,ipfs_verify,true,8,1783314108546,0,QmPvFCcsxh1cDhtjZSsbtn5uF81JA3vawovaWSBsW1MLDC,false
505,e6-lifecycle-20260706T050147.291694346Z-c4-real-task-0094,ipfs_add,true,70,1783314108484,1639,,false
506,e6-lifecycle-20260706T050147.291694346Z-c4-real-task-0094,signed_posttask,true,2,1783314108554,0,Qmcoy7jVpQZts4qfhnY3Dq68TwHxh42aM1HD89yiYyLqXr,false
507,e6-lifecycle-20260706T050147.291694346Z-c4-real-task-0094,signed_postallocation,true,1,1783314108556,0,Qmcoy7jVpQZts4qfhnY3Dq68TwHxh42aM1HD89yiYyLqXr,false
508,e6-lifecycle-20260706T050147.291694346Z-c4-real-task-0094,signed_post_evalsnapshot,true,2,1783314108557,0,Qmcoy7jVpQZts4qfhnY3Dq68TwHxh42aM1HD89yiYyLqXr,false
509,e6-lifecycle-20260706T050147.291694346Z-c4-real-task-0094,signed_vote1,true,10,1783314108559,0,Qmcoy7jVpQZts4qfhnY3Dq68TwHxh42aM1HD89yiYyLqXr,false
510,e6-lifecycle-20260706T050147.291694346Z-c4-real-task-0094,signed_vote2,true,1,1783314108569,0,Qmcoy7jVpQZts4qfhnY3Dq68TwHxh42aM1HD89yiYyLqXr,false
511,e6-lifecycle-20260706T050147.291694346Z-c4-real-task-0094,signed_settlement,true,2,1783314108570,0,Qmcoy7jVpQZts4qfhnY3Dq68TwHxh42aM1HD89yiYyLqXr,false
512,e6-lifecycle-20260706T050147.291694346Z-c4-real-task-0094,signed_query_latest,true,0,1783314108572,0,Qmcoy7jVpQZts4qfhnY3Dq68TwHxh42aM1HD89yiYyLqXr,false
513,e6-lifecycle-20260706T050147.291694346Z-c4-real-task-0094,ipfs_verify,true,7,1783314108572,0,Qmcoy7jVpQZts4qfhnY3Dq68TwHxh42aM1HD89yiYyLqXr,false
514,e6-lifecycle-20260706T050147.291694346Z-c4-real-task-0095,ipfs_add,true,74,1783314108510,1666,,false
515,e6-lifecycle-20260706T050147.291694346Z-c4-real-task-0095,signed_posttask,true,2,1783314108584,0,QmdSd9pjj1twsznRx6uZJeXFdtGiEY3Nn6QmQrPgRMBbaZ,false
516,e6-lifecycle-20260706T050147.291694346Z-c4-real-task-0095,signed_postallocation,true,2,1783314108586,0,QmdSd9pjj1twsznRx6uZJeXFdtGiEY3Nn6QmQrPgRMBbaZ,false
517,e6-lifecycle-20260706T050147.291694346Z-c4-real-task-0095,signed_post_evalsnapshot,true,1,1783314108588,0,QmdSd9pjj1twsznRx6uZJeXFdtGiEY3Nn6QmQrPgRMBbaZ,false
518,e6-lifecycle-20260706T050147.291694346Z-c4-real-task-0095,signed_vote1,true,2,1783314108589,0,QmdSd9pjj1twsznRx6uZJeXFdtGiEY3Nn6QmQrPgRMBbaZ,false
519,e6-lifecycle-20260706T050147.291694346Z-c4-real-task-0095,signed_vote2,true,2,1783314108591,0,QmdSd9pjj1twsznRx6uZJeXFdtGiEY3Nn6QmQrPgRMBbaZ,false
520,e6-lifecycle-20260706T050147.291694346Z-c4-real-task-0095,signed_settlement,true,2,1783314108593,0,QmdSd9pjj1twsznRx6uZJeXFdtGiEY3Nn6QmQrPgRMBbaZ,false
521,e6-lifecycle-20260706T050147.291694346Z-c4-real-task-0095,signed_query_latest,true,0,1783314108595,0,QmdSd9pjj1twsznRx6uZJeXFdtGiEY3Nn6QmQrPgRMBbaZ,false
522,e6-lifecycle-20260706T050147.291694346Z-c4-real-task-0095,ipfs_verify,true,9,1783314108595,0,QmdSd9pjj1twsznRx6uZJeXFdtGiEY3Nn6QmQrPgRMBbaZ,false
523,e6-lifecycle-20260706T050147.291694346Z-c4-real-task-0096,ipfs_add,true,74,1783314108530,2843,,false
524,e6-lifecycle-20260706T050147.291694346Z-c4-real-task-0096,signed_posttask,true,1,1783314108604,0,QmXpJ5kFWD2okXAFe7urToABtqXCCNvN8itRWAGfao9xTz,false
525,e6-lifecycle-20260706T050147.291694346Z-c4-real-task-0096,signed_postallocation,true,2,1783314108605,0,QmXpJ5kFWD2okXAFe7urToABtqXCCNvN8itRWAGfao9xTz,false
526,e6-lifecycle-20260706T050147.291694346Z-c4-real-task-0096,signed_post_evalsnapshot,true,2,1783314108607,0,QmXpJ5kFWD2okXAFe7urToABtqXCCNvN8itRWAGfao9xTz,false
527,e6-lifecycle-20260706T050147.291694346Z-c4-real-task-0096,signed_vote1,true,2,1783314108609,0,QmXpJ5kFWD2okXAFe7urToABtqXCCNvN8itRWAGfao9xTz,false
528,e6-lifecycle-20260706T050147.291694346Z-c4-real-task-0096,signed_vote2,true,2,1783314108611,0,QmXpJ5kFWD2okXAFe7urToABtqXCCNvN8itRWAGfao9xTz,false
529,e6-lifecycle-20260706T050147.291694346Z-c4-real-task-0096,signed_settlement,true,1,1783314108613,0,QmXpJ5kFWD2okXAFe7urToABtqXCCNvN8itRWAGfao9xTz,false
530,e6-lifecycle-20260706T050147.291694346Z-c4-real-task-0096,signed_query_latest,true,0,1783314108614,0,QmXpJ5kFWD2okXAFe7urToABtqXCCNvN8itRWAGfao9xTz,false
531,e6-lifecycle-20260706T050147.291694346Z-c4-real-task-0096,ipfs_verify,true,12,1783314108614,0,QmXpJ5kFWD2okXAFe7urToABtqXCCNvN8itRWAGfao9xTz,false
532,e6-lifecycle-20260706T050147.291694346Z-c4-real-task-0097,ipfs_add,true,87,1783314108554,1649,,false
533,e6-lifecycle-20260706T050147.291694346Z-c4-real-task-0097,signed_posttask,true,2,1783314108641,0,QmNX4bEbwRABibt5cFrusp6rKpTF22Q825H2qa5P9Az1hz,false
534,e6-lifecycle-20260706T050147.291694346Z-c4-real-task-0097,signed_postallocation,true,2,1783314108643,0,QmNX4bEbwRABibt5cFrusp6rKpTF22Q825H2qa5P9Az1hz,false
535,e6-lifecycle-20260706T050147.291694346Z-c4-real-task-0097,signed_post_evalsnapshot,true,2,1783314108645,0,QmNX4bEbwRABibt5cFrusp6rKpTF22Q825H2qa5P9Az1hz,false
536,e6-lifecycle-20260706T050147.291694346Z-c4-real-task-0097,signed_vote1,true,1,1783314108647,0,QmNX4bEbwRABibt5cFrusp6rKpTF22Q825H2qa5P9Az1hz,false
537,e6-lifecycle-20260706T050147.291694346Z-c4-real-task-0097,signed_vote2,true,2,1783314108648,0,QmNX4bEbwRABibt5cFrusp6rKpTF22Q825H2qa5P9Az1hz,false
538,e6-lifecycle-20260706T050147.291694346Z-c4-real-task-0097,signed_settlement,true,2,1783314108650,0,QmNX4bEbwRABibt5cFrusp6rKpTF22Q825H2qa5P9Az1hz,false
539,e6-lifecycle-20260706T050147.291694346Z-c4-real-task-0097,signed_query_latest,true,0,1783314108652,0,QmNX4bEbwRABibt5cFrusp6rKpTF22Q825H2qa5P9Az1hz,false
540,e6-lifecycle-20260706T050147.291694346Z-c4-real-task-0097,ipfs_verify,true,11,1783314108652,0,QmNX4bEbwRABibt5cFrusp6rKpTF22Q825H2qa5P9Az1hz,false
541,e6-lifecycle-20260706T050147.291694346Z-c4-real-task-0098,ipfs_add,true,84,1783314108580,3590,,false
542,e6-lifecycle-20260706T050147.291694346Z-c4-real-task-0098,signed_posttask,true,2,1783314108664,0,QmZoaRAf2gEWbEjnaUCHcSduuDsYzeHrLqzszhQ2ULKfVV,false
543,e6-lifecycle-20260706T050147.291694346Z-c4-real-task-0098,signed_postallocation,true,3,1783314108666,0,QmZoaRAf2gEWbEjnaUCHcSduuDsYzeHrLqzszhQ2ULKfVV,false
544,e6-lifecycle-20260706T050147.291694346Z-c4-real-task-0098,signed_post_evalsnapshot,true,3,1783314108669,0,QmZoaRAf2gEWbEjnaUCHcSduuDsYzeHrLqzszhQ2ULKfVV,false
545,e6-lifecycle-20260706T050147.291694346Z-c4-real-task-0098,signed_vote1,true,2,1783314108672,0,QmZoaRAf2gEWbEjnaUCHcSduuDsYzeHrLqzszhQ2ULKfVV,false
546,e6-lifecycle-20260706T050147.291694346Z-c4-real-task-0098,signed_vote2,true,2,1783314108674,0,QmZoaRAf2gEWbEjnaUCHcSduuDsYzeHrLqzszhQ2ULKfVV,false
547,e6-lifecycle-20260706T050147.291694346Z-c4-real-task-0098,signed_settlement,true,2,1783314108676,0,QmZoaRAf2gEWbEjnaUCHcSduuDsYzeHrLqzszhQ2ULKfVV,false
548,e6-lifecycle-20260706T050147.291694346Z-c4-real-task-0098,signed_query_latest,true,0,1783314108678,0,QmZoaRAf2gEWbEjnaUCHcSduuDsYzeHrLqzszhQ2ULKfVV,false
549,e6-lifecycle-20260706T050147.291694346Z-c4-real-task-0098,ipfs_verify,true,10,1783314108678,0,QmZoaRAf2gEWbEjnaUCHcSduuDsYzeHrLqzszhQ2ULKfVV,false
550,e6-lifecycle-20260706T050147.291694346Z-c4-real-task-0099,ipfs_add,true,97,1783314108604,3207,,false
551,e6-lifecycle-20260706T050147.291694346Z-c4-real-task-0099,signed_posttask,true,12,1783314108701,0,QmUeEY5ZMsLVq5hCKHXEbov76UeSbY3avaFYh4SXuXhhrw,false
552,e6-lifecycle-20260706T050147.291694346Z-c4-real-task-0099,signed_postallocation,true,3,1783314108713,0,QmUeEY5ZMsLVq5hCKHXEbov76UeSbY3avaFYh4SXuXhhrw,false
553,e6-lifecycle-20260706T050147.291694346Z-c4-real-task-0099,signed_post_evalsnapshot,true,2,1783314108716,0,QmUeEY5ZMsLVq5hCKHXEbov76UeSbY3avaFYh4SXuXhhrw,false
554,e6-lifecycle-20260706T050147.291694346Z-c4-real-task-0099,signed_vote1,true,1,1783314108718,0,QmUeEY5ZMsLVq5hCKHXEbov76UeSbY3avaFYh4SXuXhhrw,false
555,e6-lifecycle-20260706T050147.291694346Z-c4-real-task-0099,signed_vote2,true,2,1783314108719,0,QmUeEY5ZMsLVq5hCKHXEbov76UeSbY3avaFYh4SXuXhhrw,false
556,e6-lifecycle-20260706T050147.291694346Z-c4-real-task-0099,signed_settlement,true,2,1783314108721,0,QmUeEY5ZMsLVq5hCKHXEbov76UeSbY3avaFYh4SXuXhhrw,false
557,e6-lifecycle-20260706T050147.291694346Z-c4-real-task-0099,signed_query_latest,true,0,1783314108723,0,QmUeEY5ZMsLVq5hCKHXEbov76UeSbY3avaFYh4SXuXhhrw,false
558,e6-lifecycle-20260706T050147.291694346Z-c4-real-task-0100,ipfs_add,true,113,1783314108626,2945,,false
559,e6-lifecycle-20260706T050147.291694346Z-c4-real-task-0099,ipfs_verify,true,17,1783314108723,0,QmUeEY5ZMsLVq5hCKHXEbov76UeSbY3avaFYh4SXuXhhrw,false
560,e6-lifecycle-20260706T050147.291694346Z-c4-real-task-0100,signed_posttask,true,3,1783314108739,0,QmYqpkcYraZDtetSGERMQ5ScFL6z1t9K48g7RtKw5Tvbyw,false
561,e6-lifecycle-20260706T050147.291694346Z-c4-real-task-0100,signed_postallocation,true,5,1783314108742,0,QmYqpkcYraZDtetSGERMQ5ScFL6z1t9K48g7RtKw5Tvbyw,false
562,e6-lifecycle-20260706T050147.291694346Z-c4-real-task-0100,signed_post_evalsnapshot,true,5,1783314108747,0,QmYqpkcYraZDtetSGERMQ5ScFL6z1t9K48g7RtKw5Tvbyw,false
563,e6-lifecycle-20260706T050147.291694346Z-c4-real-task-0100,signed_vote1,true,3,1783314108752,0,QmYqpkcYraZDtetSGERMQ5ScFL6z1t9K48g7RtKw5Tvbyw,false
564,e6-lifecycle-20260706T050147.291694346Z-c4-real-task-0100,signed_vote2,true,2,1783314108755,0,QmYqpkcYraZDtetSGERMQ5ScFL6z1t9K48g7RtKw5Tvbyw,false
565,e6-lifecycle-20260706T050147.291694346Z-c4-real-task-0100,signed_settlement,true,2,1783314108757,0,QmYqpkcYraZDtetSGERMQ5ScFL6z1t9K48g7RtKw5Tvbyw,false
566,e6-lifecycle-20260706T050147.291694346Z-c4-real-task-0100,signed_query_latest,true,0,1783314108759,0,QmYqpkcYraZDtetSGERMQ5ScFL6z1t9K48g7RtKw5Tvbyw,false
567,e6-lifecycle-20260706T050147.291694346Z-c4-real-task-0100,ipfs_verify,true,9,1783314108759,0,QmYqpkcYraZDtetSGERMQ5ScFL6z1t9K48g7RtKw5Tvbyw,false
568,e6-lifecycle-20260706T050147.291694346Z-c4-real-task-0101,ipfs_add,true,105,1783314108663,1874,,false
569,e6-lifecycle-20260706T050147.291694346Z-c4-real-task-0101,signed_posttask,true,2,1783314108768,0,QmcEMDBTMAr7MFk4NRejhz1qsW7piumtRhyZgqaAVxpA1P,false
570,e6-lifecycle-20260706T050147.291694346Z-c4-real-task-0101,signed_postallocation,true,2,1783314108770,0,QmcEMDBTMAr7MFk4NRejhz1qsW7piumtRhyZgqaAVxpA1P,false
571,e6-lifecycle-20260706T050147.291694346Z-c4-real-task-0101,signed_post_evalsnapshot,true,2,1783314108772,0,QmcEMDBTMAr7MFk4NRejhz1qsW7piumtRhyZgqaAVxpA1P,false
572,e6-lifecycle-20260706T050147.291694346Z-c4-real-task-0101,signed_vote1,true,1,1783314108774,0,QmcEMDBTMAr7MFk4NRejhz1qsW7piumtRhyZgqaAVxpA1P,false
573,e6-lifecycle-20260706T050147.291694346Z-c4-real-task-0101,signed_vote2,true,1,1783314108776,0,QmcEMDBTMAr7MFk4NRejhz1qsW7piumtRhyZgqaAVxpA1P,false
574,e6-lifecycle-20260706T050147.291694346Z-c4-real-task-0101,signed_settlement,true,2,1783314108777,0,QmcEMDBTMAr7MFk4NRejhz1qsW7piumtRhyZgqaAVxpA1P,false
575,e6-lifecycle-20260706T050147.291694346Z-c4-real-task-0101,signed_query_latest,true,0,1783314108779,0,QmcEMDBTMAr7MFk4NRejhz1qsW7piumtRhyZgqaAVxpA1P,false
576,e6-lifecycle-20260706T050147.291694346Z-c4-real-task-0101,ipfs_verify,true,8,1783314108779,0,QmcEMDBTMAr7MFk4NRejhz1qsW7piumtRhyZgqaAVxpA1P,false
577,e6-lifecycle-20260706T050147.291694346Z-c4-real-task-0102,ipfs_add,true,102,1783314108688,4429,,false
578,e6-lifecycle-20260706T050147.291694346Z-c4-real-task-0102,signed_posttask,true,2,1783314108790,0,QmNZpWPb8zZGufRx9cTAqzT38jqs3J5Nju6aTffMo2mWMM,false
579,e6-lifecycle-20260706T050147.291694346Z-c4-real-task-0102,signed_postallocation,true,2,1783314108792,0,QmNZpWPb8zZGufRx9cTAqzT38jqs3J5Nju6aTffMo2mWMM,false
580,e6-lifecycle-20260706T050147.291694346Z-c4-real-task-0102,signed_post_evalsnapshot,true,3,1783314108794,0,QmNZpWPb8zZGufRx9cTAqzT38jqs3J5Nju6aTffMo2mWMM,false
581,e6-lifecycle-20260706T050147.291694346Z-c4-real-task-0102,signed_vote1,true,1,1783314108797,0,QmNZpWPb8zZGufRx9cTAqzT38jqs3J5Nju6aTffMo2mWMM,false
582,e6-lifecycle-20260706T050147.291694346Z-c4-real-task-0102,signed_vote2,true,2,1783314108798,0,QmNZpWPb8zZGufRx9cTAqzT38jqs3J5Nju6aTffMo2mWMM,false
583,e6-lifecycle-20260706T050147.291694346Z-c4-real-task-0102,signed_settlement,true,1,1783314108800,0,QmNZpWPb8zZGufRx9cTAqzT38jqs3J5Nju6aTffMo2mWMM,false
584,e6-lifecycle-20260706T050147.291694346Z-c4-real-task-0102,signed_query_latest,true,0,1783314108801,0,QmNZpWPb8zZGufRx9cTAqzT38jqs3J5Nju6aTffMo2mWMM,false
585,e6-lifecycle-20260706T050147.291694346Z-c4-real-task-0102,ipfs_verify,true,10,1783314108801,0,QmNZpWPb8zZGufRx9cTAqzT38jqs3J5Nju6aTffMo2mWMM,false
586,e6-lifecycle-20260706T050147.291694346Z-c4-real-task-0103,ipfs_add,true,75,1783314108740,3139,,false
587,e6-lifecycle-20260706T050147.291694346Z-c4-real-task-0103,signed_posttask,true,2,1783314108815,0,Qmc4xnckxk7qCTpwS2dEmtXtCM97x5nt65Euz3m5frq31g,false
588,e6-lifecycle-20260706T050147.291694346Z-c4-real-task-0103,signed_postallocation,true,3,1783314108817,0,Qmc4xnckxk7qCTpwS2dEmtXtCM97x5nt65Euz3m5frq31g,false
589,e6-lifecycle-20260706T050147.291694346Z-c4-real-task-0103,signed_post_evalsnapshot,true,2,1783314108820,0,Qmc4xnckxk7qCTpwS2dEmtXtCM97x5nt65Euz3m5frq31g,false
590,e6-lifecycle-20260706T050147.291694346Z-c4-real-task-0103,signed_vote1,true,2,1783314108822,0,Qmc4xnckxk7qCTpwS2dEmtXtCM97x5nt65Euz3m5frq31g,false
591,e6-lifecycle-20260706T050147.291694346Z-c4-real-task-0103,signed_vote2,true,2,1783314108824,0,Qmc4xnckxk7qCTpwS2dEmtXtCM97x5nt65Euz3m5frq31g,false
592,e6-lifecycle-20260706T050147.291694346Z-c4-real-task-0103,signed_settlement,true,1,1783314108826,0,Qmc4xnckxk7qCTpwS2dEmtXtCM97x5nt65Euz3m5frq31g,false
593,e6-lifecycle-20260706T050147.291694346Z-c4-real-task-0103,signed_query_latest,true,0,1783314108827,0,Qmc4xnckxk7qCTpwS2dEmtXtCM97x5nt65Euz3m5frq31g,false
594,e6-lifecycle-20260706T050147.291694346Z-c4-real-task-0103,ipfs_verify,true,13,1783314108827,0,Qmc4xnckxk7qCTpwS2dEmtXtCM97x5nt65Euz3m5frq31g,false
595,e6-lifecycle-20260706T050147.291694346Z-c4-real-task-0104,ipfs_add,true,78,1783314108768,2386,,false
596,e6-lifecycle-20260706T050147.291694346Z-c4-real-task-0104,signed_posttask,true,2,1783314108846,0,Qme3dLUfvZ5b63FixxsTuqwxwjVCFs2b8ADm8Kvk2U2qwP,false
597,e6-lifecycle-20260706T050147.291694346Z-c4-real-task-0104,signed_postallocation,true,1,1783314108848,0,Qme3dLUfvZ5b63FixxsTuqwxwjVCFs2b8ADm8Kvk2U2qwP,false
598,e6-lifecycle-20260706T050147.291694346Z-c4-real-task-0104,signed_post_evalsnapshot,true,2,1783314108849,0,Qme3dLUfvZ5b63FixxsTuqwxwjVCFs2b8ADm8Kvk2U2qwP,false
599,e6-lifecycle-20260706T050147.291694346Z-c4-real-task-0104,signed_vote1,true,2,1783314108851,0,Qme3dLUfvZ5b63FixxsTuqwxwjVCFs2b8ADm8Kvk2U2qwP,false
600,e6-lifecycle-20260706T050147.291694346Z-c4-real-task-0104,signed_vote2,true,2,1783314108853,0,Qme3dLUfvZ5b63FixxsTuqwxwjVCFs2b8ADm8Kvk2U2qwP,false
601,e6-lifecycle-20260706T050147.291694346Z-c4-real-task-0104,signed_settlement,true,2,1783314108855,0,Qme3dLUfvZ5b63FixxsTuqwxwjVCFs2b8ADm8Kvk2U2qwP,false
602,e6-lifecycle-20260706T050147.291694346Z-c4-real-task-0104,signed_query_latest,true,0,1783314108857,0,Qme3dLUfvZ5b63FixxsTuqwxwjVCFs2b8ADm8Kvk2U2qwP,false
603,e6-lifecycle-20260706T050147.291694346Z-c4-real-task-0105,ipfs_add,true,82,1783314108787,1811,,false
604,e6-lifecycle-20260706T050147.291694346Z-c4-real-task-0105,signed_posttask,true,2,1783314108869,0,QmeCN824YLFxhs6KPZdvcJ1YLRBL2KDGosFsYoMEvLrqvu,false
605,e6-lifecycle-20260706T050147.291694346Z-c4-real-task-0105,signed_postallocation,true,2,1783314108871,0,QmeCN824YLFxhs6KPZdvcJ1YLRBL2KDGosFsYoMEvLrqvu,false
606,e6-lifecycle-20260706T050147.291694346Z-c4-real-task-0105,signed_post_evalsnapshot,true,2,1783314108873,0,QmeCN824YLFxhs6KPZdvcJ1YLRBL2KDGosFsYoMEvLrqvu,false
607,e6-lifecycle-20260706T050147.291694346Z-c4-real-task-0104,ipfs_verify,true,20,1783314108857,0,Qme3dLUfvZ5b63FixxsTuqwxwjVCFs2b8ADm8Kvk2U2qwP,false
608,e6-lifecycle-20260706T050147.291694346Z-c4-real-task-0105,signed_vote1,true,2,1783314108875,0,QmeCN824YLFxhs6KPZdvcJ1YLRBL2KDGosFsYoMEvLrqvu,false
609,e6-lifecycle-20260706T050147.291694346Z-c4-real-task-0105,signed_vote2,true,1,1783314108877,0,QmeCN824YLFxhs6KPZdvcJ1YLRBL2KDGosFsYoMEvLrqvu,false
610,e6-lifecycle-20260706T050147.291694346Z-c4-real-task-0105,signed_settlement,true,2,1783314108878,0,QmeCN824YLFxhs6KPZdvcJ1YLRBL2KDGosFsYoMEvLrqvu,false
611,e6-lifecycle-20260706T050147.291694346Z-c4-real-task-0105,signed_query_latest,true,0,1783314108880,0,QmeCN824YLFxhs6KPZdvcJ1YLRBL2KDGosFsYoMEvLrqvu,false
612,e6-lifecycle-20260706T050147.291694346Z-c4-real-task-0105,ipfs_verify,true,9,1783314108880,0,QmeCN824YLFxhs6KPZdvcJ1YLRBL2KDGosFsYoMEvLrqvu,false
613,e6-lifecycle-20260706T050147.291694346Z-c4-real-task-0106,ipfs_add,true,91,1783314108811,2561,,false
614,e6-lifecycle-20260706T050147.291694346Z-c4-real-task-0106,signed_posttask,true,2,1783314108902,0,QmQpT2pSYN1xnsKEAYYzR7wpihutiAWCLX46Wag6nTE83B,false
615,e6-lifecycle-20260706T050147.291694346Z-c4-real-task-0106,signed_postallocation,true,2,1783314108904,0,QmQpT2pSYN1xnsKEAYYzR7wpihutiAWCLX46Wag6nTE83B,false
616,e6-lifecycle-20260706T050147.291694346Z-c4-real-task-0106,signed_post_evalsnapshot,true,2,1783314108906,0,QmQpT2pSYN1xnsKEAYYzR7wpihutiAWCLX46Wag6nTE83B,false
617,e6-lifecycle-20260706T050147.291694346Z-c4-real-task-0106,signed_vote1,true,2,1783314108908,0,QmQpT2pSYN1xnsKEAYYzR7wpihutiAWCLX46Wag6nTE83B,false
618,e6-lifecycle-20260706T050147.291694346Z-c4-real-task-0106,signed_vote2,true,3,1783314108910,0,QmQpT2pSYN1xnsKEAYYzR7wpihutiAWCLX46Wag6nTE83B,false
619,e6-lifecycle-20260706T050147.291694346Z-c4-real-task-0106,signed_settlement,true,1,1783314108913,0,QmQpT2pSYN1xnsKEAYYzR7wpihutiAWCLX46Wag6nTE83B,false
620,e6-lifecycle-20260706T050147.291694346Z-c4-real-task-0106,signed_query_latest,true,0,1783314108914,0,QmQpT2pSYN1xnsKEAYYzR7wpihutiAWCLX46Wag6nTE83B,false
621,e6-lifecycle-20260706T050147.291694346Z-c4-real-task-0106,ipfs_verify,true,12,1783314108914,0,QmQpT2pSYN1xnsKEAYYzR7wpihutiAWCLX46Wag6nTE83B,false
622,e6-lifecycle-20260706T050147.291694346Z-c4-real-task-0107,ipfs_add,true,100,1783314108840,1574,,false
623,e6-lifecycle-20260706T050147.291694346Z-c4-real-task-0107,signed_posttask,true,3,1783314108940,0,QmRupjhdCiNmsSv9JCRZ7Adv2HjXu13WhkMdY6ZAUYj3p5,false
624,e6-lifecycle-20260706T050147.291694346Z-c4-real-task-0107,signed_postallocation,true,2,1783314108943,0,QmRupjhdCiNmsSv9JCRZ7Adv2HjXu13WhkMdY6ZAUYj3p5,false
625,e6-lifecycle-20260706T050147.291694346Z-c4-real-task-0107,signed_post_evalsnapshot,true,3,1783314108945,0,QmRupjhdCiNmsSv9JCRZ7Adv2HjXu13WhkMdY6ZAUYj3p5,false
626,e6-lifecycle-20260706T050147.291694346Z-c4-real-task-0107,signed_vote1,true,1,1783314108948,0,QmRupjhdCiNmsSv9JCRZ7Adv2HjXu13WhkMdY6ZAUYj3p5,false
627,e6-lifecycle-20260706T050147.291694346Z-c4-real-task-0107,signed_vote2,true,2,1783314108949,0,QmRupjhdCiNmsSv9JCRZ7Adv2HjXu13WhkMdY6ZAUYj3p5,false
628,e6-lifecycle-20260706T050147.291694346Z-c4-real-task-0107,signed_settlement,true,1,1783314108951,0,QmRupjhdCiNmsSv9JCRZ7Adv2HjXu13WhkMdY6ZAUYj3p5,false
629,e6-lifecycle-20260706T050147.291694346Z-c4-real-task-0107,signed_query_latest,true,0,1783314108952,0,QmRupjhdCiNmsSv9JCRZ7Adv2HjXu13WhkMdY6ZAUYj3p5,false
630,e6-lifecycle-20260706T050147.291694346Z-c4-real-task-0108,ipfs_add,true,83,1783314108877,1359,,false
631,e6-lifecycle-20260706T050147.291694346Z-c4-real-task-0108,signed_posttask,true,2,1783314108960,0,QmZZqy6hSeEaVGJcieqsrZVeztXme75mBRRsw2ZBiEVxze,false
632,e6-lifecycle-20260706T050147.291694346Z-c4-real-task-0107,ipfs_verify,true,12,1783314108952,0,QmRupjhdCiNmsSv9JCRZ7Adv2HjXu13WhkMdY6ZAUYj3p5,false
633,e6-lifecycle-20260706T050147.291694346Z-c4-real-task-0108,signed_postallocation,true,2,1783314108962,0,QmZZqy6hSeEaVGJcieqsrZVeztXme75mBRRsw2ZBiEVxze,false
634,e6-lifecycle-20260706T050147.291694346Z-c4-real-task-0108,signed_post_evalsnapshot,true,2,1783314108964,0,QmZZqy6hSeEaVGJcieqsrZVeztXme75mBRRsw2ZBiEVxze,false
635,e6-lifecycle-20260706T050147.291694346Z-c4-real-task-0108,signed_vote1,true,1,1783314108966,0,QmZZqy6hSeEaVGJcieqsrZVeztXme75mBRRsw2ZBiEVxze,false
636,e6-lifecycle-20260706T050147.291694346Z-c4-real-task-0108,signed_vote2,true,2,1783314108967,0,QmZZqy6hSeEaVGJcieqsrZVeztXme75mBRRsw2ZBiEVxze,false
637,e6-lifecycle-20260706T050147.291694346Z-c4-real-task-0108,signed_settlement,true,2,1783314108969,0,QmZZqy6hSeEaVGJcieqsrZVeztXme75mBRRsw2ZBiEVxze,false
638,e6-lifecycle-20260706T050147.291694346Z-c4-real-task-0108,signed_query_latest,true,0,1783314108971,0,QmZZqy6hSeEaVGJcieqsrZVeztXme75mBRRsw2ZBiEVxze,false
639,e6-lifecycle-20260706T050147.291694346Z-c4-real-task-0108,ipfs_verify,true,11,1783314108971,0,QmZZqy6hSeEaVGJcieqsrZVeztXme75mBRRsw2ZBiEVxze,false
640,e6-lifecycle-20260706T050147.291694346Z-c4-real-task-0109,ipfs_add,true,96,1783314108889,1914,,false
641,e6-lifecycle-20260706T050147.291694346Z-c4-real-task-0109,signed_posttask,true,3,1783314108985,0,QmPEDBMMbuCpx7HLnDJ23QuLxzYuyd7P4wwLKNZcfCQeou,false
642,e6-lifecycle-20260706T050147.291694346Z-c4-real-task-0109,signed_postallocation,true,2,1783314108988,0,QmPEDBMMbuCpx7HLnDJ23QuLxzYuyd7P4wwLKNZcfCQeou,false
643,e6-lifecycle-20260706T050147.291694346Z-c4-real-task-0109,signed_post_evalsnapshot,true,2,1783314108990,0,QmPEDBMMbuCpx7HLnDJ23QuLxzYuyd7P4wwLKNZcfCQeou,false
644,e6-lifecycle-20260706T050147.291694346Z-c4-real-task-0109,signed_vote1,true,1,1783314108992,0,QmPEDBMMbuCpx7HLnDJ23QuLxzYuyd7P4wwLKNZcfCQeou,false
645,e6-lifecycle-20260706T050147.291694346Z-c4-real-task-0109,signed_vote2,true,2,1783314108993,0,QmPEDBMMbuCpx7HLnDJ23QuLxzYuyd7P4wwLKNZcfCQeou,false
646,e6-lifecycle-20260706T050147.291694346Z-c4-real-task-0109,signed_settlement,true,2,1783314108995,0,QmPEDBMMbuCpx7HLnDJ23QuLxzYuyd7P4wwLKNZcfCQeou,false
647,e6-lifecycle-20260706T050147.291694346Z-c4-real-task-0109,signed_query_latest,true,0,1783314108997,0,QmPEDBMMbuCpx7HLnDJ23QuLxzYuyd7P4wwLKNZcfCQeou,false
648,e6-lifecycle-20260706T050147.291694346Z-c4-real-task-0110,ipfs_add,true,83,1783314108926,1468,,false
649,e6-lifecycle-20260706T050147.291694346Z-c4-real-task-0110,signed_posttask,true,1,1783314109009,0,QmYdNPvQFsdXFQa7hym9WZ3ACL8dS3nT2z6E7NU9T2QPtY,false
650,e6-lifecycle-20260706T050147.291694346Z-c4-real-task-0109,ipfs_verify,true,14,1783314108997,0,QmPEDBMMbuCpx7HLnDJ23QuLxzYuyd7P4wwLKNZcfCQeou,false
651,e6-lifecycle-20260706T050147.291694346Z-c4-real-task-0110,signed_postallocation,true,2,1783314109010,0,QmYdNPvQFsdXFQa7hym9WZ3ACL8dS3nT2z6E7NU9T2QPtY,false
652,e6-lifecycle-20260706T050147.291694346Z-c4-real-task-0110,signed_post_evalsnapshot,true,2,1783314109012,0,QmYdNPvQFsdXFQa7hym9WZ3ACL8dS3nT2z6E7NU9T2QPtY,false
653,e6-lifecycle-20260706T050147.291694346Z-c4-real-task-0110,signed_vote1,true,3,1783314109014,0,QmYdNPvQFsdXFQa7hym9WZ3ACL8dS3nT2z6E7NU9T2QPtY,false
654,e6-lifecycle-20260706T050147.291694346Z-c4-real-task-0110,signed_vote2,true,2,1783314109017,0,QmYdNPvQFsdXFQa7hym9WZ3ACL8dS3nT2z6E7NU9T2QPtY,false
655,e6-lifecycle-20260706T050147.291694346Z-c4-real-task-0110,signed_settlement,true,2,1783314109019,0,QmYdNPvQFsdXFQa7hym9WZ3ACL8dS3nT2z6E7NU9T2QPtY,false
656,e6-lifecycle-20260706T050147.291694346Z-c4-real-task-0110,signed_query_latest,true,0,1783314109021,0,QmYdNPvQFsdXFQa7hym9WZ3ACL8dS3nT2z6E7NU9T2QPtY,false
657,e6-lifecycle-20260706T050147.291694346Z-c4-real-task-0110,ipfs_verify,true,6,1783314109021,0,QmYdNPvQFsdXFQa7hym9WZ3ACL8dS3nT2z6E7NU9T2QPtY,false
658,e6-lifecycle-20260706T050147.291694346Z-c4-real-task-0111,ipfs_add,true,65,1783314108964,1486,,false
659,e6-lifecycle-20260706T050147.291694346Z-c4-real-task-0111,signed_posttask,true,2,1783314109029,0,QmayJynjkMacRcqFDbnuYugxcbsQqHFTjbXCeD8Z8namKr,false
660,e6-lifecycle-20260706T050147.291694346Z-c4-real-task-0111,signed_postallocation,true,2,1783314109031,0,QmayJynjkMacRcqFDbnuYugxcbsQqHFTjbXCeD8Z8namKr,false
661,e6-lifecycle-20260706T050147.291694346Z-c4-real-task-0111,signed_post_evalsnapshot,true,3,1783314109033,0,QmayJynjkMacRcqFDbnuYugxcbsQqHFTjbXCeD8Z8namKr,false
662,e6-lifecycle-20260706T050147.291694346Z-c4-real-task-0111,signed_vote1,true,2,1783314109036,0,QmayJynjkMacRcqFDbnuYugxcbsQqHFTjbXCeD8Z8namKr,false
663,e6-lifecycle-20260706T050147.291694346Z-c4-real-task-0111,signed_vote2,true,1,1783314109038,0,QmayJynjkMacRcqFDbnuYugxcbsQqHFTjbXCeD8Z8namKr,false
664,e6-lifecycle-20260706T050147.291694346Z-c4-real-task-0111,signed_settlement,true,2,1783314109039,0,QmayJynjkMacRcqFDbnuYugxcbsQqHFTjbXCeD8Z8namKr,false
665,e6-lifecycle-20260706T050147.291694346Z-c4-real-task-0111,signed_query_latest,true,0,1783314109041,0,QmayJynjkMacRcqFDbnuYugxcbsQqHFTjbXCeD8Z8namKr,false
666,e6-lifecycle-20260706T050147.291694346Z-c4-real-task-0111,ipfs_verify,true,8,1783314109041,0,QmayJynjkMacRcqFDbnuYugxcbsQqHFTjbXCeD8Z8namKr,false
667,e6-lifecycle-20260706T050147.291694346Z-c4-real-task-0112,ipfs_add,true,72,1783314108982,5135,,false
668,e6-lifecycle-20260706T050147.291694346Z-c4-real-task-0112,signed_posttask,true,2,1783314109054,0,QmZTL4eW5hkumUyYeoedLXa2XWBWSX7WLRmm3kBgrvtRta,false
669,e6-lifecycle-20260706T050147.291694346Z-c4-real-task-0112,signed_postallocation,true,4,1783314109056,0,QmZTL4eW5hkumUyYeoedLXa2XWBWSX7WLRmm3kBgrvtRta,false
670,e6-lifecycle-20260706T050147.291694346Z-c4-real-task-0112,signed_post_evalsnapshot,true,2,1783314109060,0,QmZTL4eW5hkumUyYeoedLXa2XWBWSX7WLRmm3kBgrvtRta,false
671,e6-lifecycle-20260706T050147.291694346Z-c4-real-task-0112,signed_vote1,true,2,1783314109062,0,QmZTL4eW5hkumUyYeoedLXa2XWBWSX7WLRmm3kBgrvtRta,false
672,e6-lifecycle-20260706T050147.291694346Z-c4-real-task-0112,signed_vote2,true,2,1783314109064,0,QmZTL4eW5hkumUyYeoedLXa2XWBWSX7WLRmm3kBgrvtRta,false
673,e6-lifecycle-20260706T050147.291694346Z-c4-real-task-0112,signed_settlement,true,3,1783314109066,0,QmZTL4eW5hkumUyYeoedLXa2XWBWSX7WLRmm3kBgrvtRta,false
674,e6-lifecycle-20260706T050147.291694346Z-c4-real-task-0112,signed_query_latest,true,0,1783314109069,0,QmZTL4eW5hkumUyYeoedLXa2XWBWSX7WLRmm3kBgrvtRta,false
675,e6-lifecycle-20260706T050147.291694346Z-c4-real-task-0112,ipfs_verify,true,8,1783314109069,0,QmZTL4eW5hkumUyYeoedLXa2XWBWSX7WLRmm3kBgrvtRta,false
676,e6-lifecycle-20260706T050147.291694346Z-c4-real-task-0113,ipfs_add,true,70,1783314109011,4766,,false
677,e6-lifecycle-20260706T050147.291694346Z-c4-real-task-0113,signed_posttask,true,3,1783314109081,0,QmSnXYpjm45y1HovE7atHSayP63uxu2Taj3HG6S4aa6fLe,false
678,e6-lifecycle-20260706T050147.291694346Z-c4-real-task-0113,signed_postallocation,true,3,1783314109084,0,QmSnXYpjm45y1HovE7atHSayP63uxu2Taj3HG6S4aa6fLe,false
679,e6-lifecycle-20260706T050147.291694346Z-c4-real-task-0113,signed_post_evalsnapshot,true,2,1783314109087,0,QmSnXYpjm45y1HovE7atHSayP63uxu2Taj3HG6S4aa6fLe,false
680,e6-lifecycle-20260706T050147.291694346Z-c4-real-task-0113,signed_vote1,true,1,1783314109089,0,QmSnXYpjm45y1HovE7atHSayP63uxu2Taj3HG6S4aa6fLe,false
681,e6-lifecycle-20260706T050147.291694346Z-c4-real-task-0113,signed_vote2,true,2,1783314109090,0,QmSnXYpjm45y1HovE7atHSayP63uxu2Taj3HG6S4aa6fLe,false
682,e6-lifecycle-20260706T050147.291694346Z-c4-real-task-0113,signed_settlement,true,2,1783314109092,0,QmSnXYpjm45y1HovE7atHSayP63uxu2Taj3HG6S4aa6fLe,false
683,e6-lifecycle-20260706T050147.291694346Z-c4-real-task-0113,signed_query_latest,true,0,1783314109094,0,QmSnXYpjm45y1HovE7atHSayP63uxu2Taj3HG6S4aa6fLe,false
684,e6-lifecycle-20260706T050147.291694346Z-c4-real-task-0113,ipfs_verify,true,11,1783314109094,0,QmSnXYpjm45y1HovE7atHSayP63uxu2Taj3HG6S4aa6fLe,false
685,e6-lifecycle-20260706T050147.291694346Z-c4-real-task-0114,ipfs_add,true,83,1783314109027,2458,,false
686,e6-lifecycle-20260706T050147.291694346Z-c4-real-task-0114,signed_posttask,true,2,1783314109110,0,Qma7TSawbLY7JCkagGsqyq5TKbNQrHnAHkXGU7KmTPbqNN,false
687,e6-lifecycle-20260706T050147.291694346Z-c4-real-task-0114,signed_postallocation,true,2,1783314109112,0,Qma7TSawbLY7JCkagGsqyq5TKbNQrHnAHkXGU7KmTPbqNN,false
688,e6-lifecycle-20260706T050147.291694346Z-c4-real-task-0114,signed_post_evalsnapshot,true,2,1783314109114,0,Qma7TSawbLY7JCkagGsqyq5TKbNQrHnAHkXGU7KmTPbqNN,false
689,e6-lifecycle-20260706T050147.291694346Z-c4-real-task-0114,signed_vote1,true,4,1783314109116,0,Qma7TSawbLY7JCkagGsqyq5TKbNQrHnAHkXGU7KmTPbqNN,false
690,e6-lifecycle-20260706T050147.291694346Z-c4-real-task-0114,signed_vote2,true,4,1783314109120,0,Qma7TSawbLY7JCkagGsqyq5TKbNQrHnAHkXGU7KmTPbqNN,false
691,e6-lifecycle-20260706T050147.291694346Z-c4-real-task-0114,signed_settlement,true,2,1783314109125,0,Qma7TSawbLY7JCkagGsqyq5TKbNQrHnAHkXGU7KmTPbqNN,false
692,e6-lifecycle-20260706T050147.291694346Z-c4-real-task-0114,signed_query_latest,true,0,1783314109127,0,Qma7TSawbLY7JCkagGsqyq5TKbNQrHnAHkXGU7KmTPbqNN,false
693,e6-lifecycle-20260706T050147.291694346Z-c4-real-task-0114,ipfs_verify,true,28,1783314109127,0,Qma7TSawbLY7JCkagGsqyq5TKbNQrHnAHkXGU7KmTPbqNN,false
694,e6-lifecycle-20260706T050147.291694346Z-c4-real-task-0115,ipfs_add,true,106,1783314109049,2635,,false
695,e6-lifecycle-20260706T050147.291694346Z-c4-real-task-0115,signed_posttask,true,2,1783314109155,0,Qma9XmC6B4RUGteeGsz2AKqR24nBDfvvDDZwxigq29cfeA,false
696,e6-lifecycle-20260706T050147.291694346Z-c4-real-task-0115,signed_postallocation,true,4,1783314109157,0,Qma9XmC6B4RUGteeGsz2AKqR24nBDfvvDDZwxigq29cfeA,false
697,e6-lifecycle-20260706T050147.291694346Z-c4-real-task-0115,signed_post_evalsnapshot,true,3,1783314109161,0,Qma9XmC6B4RUGteeGsz2AKqR24nBDfvvDDZwxigq29cfeA,false
698,e6-lifecycle-20260706T050147.291694346Z-c4-real-task-0115,signed_vote1,true,3,1783314109164,0,Qma9XmC6B4RUGteeGsz2AKqR24nBDfvvDDZwxigq29cfeA,false
699,e6-lifecycle-20260706T050147.291694346Z-c4-real-task-0115,signed_vote2,true,4,1783314109167,0,Qma9XmC6B4RUGteeGsz2AKqR24nBDfvvDDZwxigq29cfeA,false
700,e6-lifecycle-20260706T050147.291694346Z-c4-real-task-0115,signed_settlement,true,3,1783314109171,0,Qma9XmC6B4RUGteeGsz2AKqR24nBDfvvDDZwxigq29cfeA,false
701,e6-lifecycle-20260706T050147.291694346Z-c4-real-task-0115,signed_query_latest,true,0,1783314109174,0,Qma9XmC6B4RUGteeGsz2AKqR24nBDfvvDDZwxigq29cfeA,false
702,e6-lifecycle-20260706T050147.291694346Z-c4-real-task-0116,ipfs_add,true,113,1783314109077,4456,,false
703,e6-lifecycle-20260706T050147.291694346Z-c4-real-task-0115,ipfs_verify,true,16,1783314109174,0,Qma9XmC6B4RUGteeGsz2AKqR24nBDfvvDDZwxigq29cfeA,false
704,e6-lifecycle-20260706T050147.291694346Z-c4-real-task-0116,signed_posttask,true,7,1783314109190,0,QmcWhQm9LyFEHK6Y6cGHfAC2N6UZ5aeiyCpaBr9ty1evkK,false
705,e6-lifecycle-20260706T050147.291694346Z-c4-real-task-0116,signed_postallocation,true,2,1783314109197,0,QmcWhQm9LyFEHK6Y6cGHfAC2N6UZ5aeiyCpaBr9ty1evkK,false
706,e6-lifecycle-20260706T050147.291694346Z-c4-real-task-0116,signed_post_evalsnapshot,true,2,1783314109199,0,QmcWhQm9LyFEHK6Y6cGHfAC2N6UZ5aeiyCpaBr9ty1evkK,false
707,e6-lifecycle-20260706T050147.291694346Z-c4-real-task-0116,signed_vote1,true,2,1783314109201,0,QmcWhQm9LyFEHK6Y6cGHfAC2N6UZ5aeiyCpaBr9ty1evkK,false
708,e6-lifecycle-20260706T050147.291694346Z-c4-real-task-0116,signed_vote2,true,3,1783314109203,0,QmcWhQm9LyFEHK6Y6cGHfAC2N6UZ5aeiyCpaBr9ty1evkK,false
709,e6-lifecycle-20260706T050147.291694346Z-c4-real-task-0116,signed_settlement,true,5,1783314109206,0,QmcWhQm9LyFEHK6Y6cGHfAC2N6UZ5aeiyCpaBr9ty1evkK,false
710,e6-lifecycle-20260706T050147.291694346Z-c4-real-task-0116,signed_query_latest,true,0,1783314109211,0,QmcWhQm9LyFEHK6Y6cGHfAC2N6UZ5aeiyCpaBr9ty1evkK,false
711,e6-lifecycle-20260706T050147.291694346Z-c4-real-task-0116,ipfs_verify,true,14,1783314109211,0,QmcWhQm9LyFEHK6Y6cGHfAC2N6UZ5aeiyCpaBr9ty1evkK,false
712,e6-lifecycle-20260706T050147.291694346Z-c4-real-task-0117,ipfs_add,true,128,1783314109105,2547,,false
713,e6-lifecycle-20260706T050147.291694346Z-c4-real-task-0117,signed_posttask,true,2,1783314109233,0,QmXDQtx3geYo8PJ2SMzx1hAd7UVXRuUHhfKDP8gxpWugpu,false
714,e6-lifecycle-20260706T050147.291694346Z-c4-real-task-0117,signed_postallocation,true,3,1783314109235,0,QmXDQtx3geYo8PJ2SMzx1hAd7UVXRuUHhfKDP8gxpWugpu,false
715,e6-lifecycle-20260706T050147.291694346Z-c4-real-task-0117,signed_post_evalsnapshot,true,2,1783314109238,0,QmXDQtx3geYo8PJ2SMzx1hAd7UVXRuUHhfKDP8gxpWugpu,false
716,e6-lifecycle-20260706T050147.291694346Z-c4-real-task-0117,signed_vote1,true,1,1783314109240,0,QmXDQtx3geYo8PJ2SMzx1hAd7UVXRuUHhfKDP8gxpWugpu,false
717,e6-lifecycle-20260706T050147.291694346Z-c4-real-task-0117,signed_vote2,true,4,1783314109241,0,QmXDQtx3geYo8PJ2SMzx1hAd7UVXRuUHhfKDP8gxpWugpu,false
718,e6-lifecycle-20260706T050147.291694346Z-c4-real-task-0117,signed_settlement,true,6,1783314109245,0,QmXDQtx3geYo8PJ2SMzx1hAd7UVXRuUHhfKDP8gxpWugpu,false
719,e6-lifecycle-20260706T050147.291694346Z-c4-real-task-0117,signed_query_latest,true,0,1783314109251,0,QmXDQtx3geYo8PJ2SMzx1hAd7UVXRuUHhfKDP8gxpWugpu,false
720,e6-lifecycle-20260706T050147.291694346Z-c4-real-task-0117,ipfs_verify,true,12,1783314109251,0,QmXDQtx3geYo8PJ2SMzx1hAd7UVXRuUHhfKDP8gxpWugpu,false
721,e6-lifecycle-20260706T050147.291694346Z-c4-real-task-0118,ipfs_add,true,124,1783314109155,4013,,false
722,e6-lifecycle-20260706T050147.291694346Z-c4-real-task-0118,signed_posttask,true,5,1783314109279,0,QmUp6JMhmHCN1XhJbSgJKuqgcUi5RcanQaaL5Hru6z8S4Q,false
723,e6-lifecycle-20260706T050147.291694346Z-c4-real-task-0118,signed_postallocation,true,2,1783314109284,0,QmUp6JMhmHCN1XhJbSgJKuqgcUi5RcanQaaL5Hru6z8S4Q,false
724,e6-lifecycle-20260706T050147.291694346Z-c4-real-task-0118,signed_post_evalsnapshot,true,2,1783314109286,0,QmUp6JMhmHCN1XhJbSgJKuqgcUi5RcanQaaL5Hru6z8S4Q,false
725,e6-lifecycle-20260706T050147.291694346Z-c4-real-task-0118,signed_vote1,true,2,1783314109288,0,QmUp6JMhmHCN1XhJbSgJKuqgcUi5RcanQaaL5Hru6z8S4Q,false
726,e6-lifecycle-20260706T050147.291694346Z-c4-real-task-0118,signed_vote2,true,2,1783314109290,0,QmUp6JMhmHCN1XhJbSgJKuqgcUi5RcanQaaL5Hru6z8S4Q,false
727,e6-lifecycle-20260706T050147.291694346Z-c4-real-task-0118,signed_settlement,true,2,1783314109292,0,QmUp6JMhmHCN1XhJbSgJKuqgcUi5RcanQaaL5Hru6z8S4Q,false
728,e6-lifecycle-20260706T050147.291694346Z-c4-real-task-0118,signed_query_latest,true,0,1783314109294,0,QmUp6JMhmHCN1XhJbSgJKuqgcUi5RcanQaaL5Hru6z8S4Q,false
729,e6-lifecycle-20260706T050147.291694346Z-c4-real-task-0119,ipfs_add,true,114,1783314109191,4895,,false
730,e6-lifecycle-20260706T050147.291694346Z-c4-real-task-0118,ipfs_verify,true,11,1783314109294,0,QmUp6JMhmHCN1XhJbSgJKuqgcUi5RcanQaaL5Hru6z8S4Q,false
731,e6-lifecycle-20260706T050147.291694346Z-c4-real-task-0119,signed_posttask,true,2,1783314109305,0,QmS8grZr8V1jUVspi4mAGU2GS5MHVKC3yUBsy7aQszAoNe,false
732,e6-lifecycle-20260706T050147.291694346Z-c4-real-task-0119,signed_postallocation,true,2,1783314109307,0,QmS8grZr8V1jUVspi4mAGU2GS5MHVKC3yUBsy7aQszAoNe,false
733,e6-lifecycle-20260706T050147.291694346Z-c4-real-task-0119,signed_post_evalsnapshot,true,3,1783314109309,0,QmS8grZr8V1jUVspi4mAGU2GS5MHVKC3yUBsy7aQszAoNe,false
734,e6-lifecycle-20260706T050147.291694346Z-c4-real-task-0119,signed_vote1,true,2,1783314109312,0,QmS8grZr8V1jUVspi4mAGU2GS5MHVKC3yUBsy7aQszAoNe,false
735,e6-lifecycle-20260706T050147.291694346Z-c4-real-task-0119,signed_vote2,true,8,1783314109314,0,QmS8grZr8V1jUVspi4mAGU2GS5MHVKC3yUBsy7aQszAoNe,false
736,e6-lifecycle-20260706T050147.291694346Z-c4-real-task-0119,signed_settlement,true,2,1783314109322,0,QmS8grZr8V1jUVspi4mAGU2GS5MHVKC3yUBsy7aQszAoNe,false
737,e6-lifecycle-20260706T050147.291694346Z-c4-real-task-0119,signed_query_latest,true,0,1783314109324,0,QmS8grZr8V1jUVspi4mAGU2GS5MHVKC3yUBsy7aQszAoNe,false
738,e6-lifecycle-20260706T050147.291694346Z-c4-real-task-0119,ipfs_verify,true,15,1783314109324,0,QmS8grZr8V1jUVspi4mAGU2GS5MHVKC3yUBsy7aQszAoNe,false
739,e6-lifecycle-20260706T050147.291694346Z-c4-real-task-0120,ipfs_add,true,127,1783314109225,7055,,false
740,e6-lifecycle-20260706T050147.291694346Z-c4-real-task-0120,signed_posttask,true,2,1783314109352,0,QmcCwWQBqZ6738sqSyuLRWTxPt6Qtc8U1RvhvPAW1oWkkW,false
741,e6-lifecycle-20260706T050147.291694346Z-c4-real-task-0120,signed_postallocation,true,2,1783314109354,0,QmcCwWQBqZ6738sqSyuLRWTxPt6Qtc8U1RvhvPAW1oWkkW,false
742,e6-lifecycle-20260706T050147.291694346Z-c4-real-task-0120,signed_post_evalsnapshot,true,2,1783314109356,0,QmcCwWQBqZ6738sqSyuLRWTxPt6Qtc8U1RvhvPAW1oWkkW,false
743,e6-lifecycle-20260706T050147.291694346Z-c4-real-task-0120,signed_vote1,true,2,1783314109358,0,QmcCwWQBqZ6738sqSyuLRWTxPt6Qtc8U1RvhvPAW1oWkkW,false
744,e6-lifecycle-20260706T050147.291694346Z-c4-real-task-0120,signed_vote2,true,2,1783314109360,0,QmcCwWQBqZ6738sqSyuLRWTxPt6Qtc8U1RvhvPAW1oWkkW,false
745,e6-lifecycle-20260706T050147.291694346Z-c4-real-task-0120,signed_settlement,true,4,1783314109362,0,QmcCwWQBqZ6738sqSyuLRWTxPt6Qtc8U1RvhvPAW1oWkkW,false
746,e6-lifecycle-20260706T050147.291694346Z-c4-real-task-0120,signed_query_latest,true,0,1783314109366,0,QmcCwWQBqZ6738sqSyuLRWTxPt6Qtc8U1RvhvPAW1oWkkW,false
747,e6-lifecycle-20260706T050147.291694346Z-c4-real-task-0120,ipfs_verify,true,9,1783314109366,0,QmcCwWQBqZ6738sqSyuLRWTxPt6Qtc8U1RvhvPAW1oWkkW,false
748,e6-lifecycle-20260706T050147.291694346Z-c4-real-task-0121,ipfs_add,true,117,1783314109263,4778,,false
749,e6-lifecycle-20260706T050147.291694346Z-c4-real-task-0121,signed_posttask,true,3,1783314109380,0,QmamWwWGyFXDPTzs47NnXQaDJCnKmJNML2uLgwtA49YMHU,false
750,e6-lifecycle-20260706T050147.291694346Z-c4-real-task-0121,signed_postallocation,true,3,1783314109383,0,QmamWwWGyFXDPTzs47NnXQaDJCnKmJNML2uLgwtA49YMHU,false
751,e6-lifecycle-20260706T050147.291694346Z-c4-real-task-0121,signed_post_evalsnapshot,true,2,1783314109386,0,QmamWwWGyFXDPTzs47NnXQaDJCnKmJNML2uLgwtA49YMHU,false
752,e6-lifecycle-20260706T050147.291694346Z-c4-real-task-0121,signed_vote1,true,2,1783314109388,0,QmamWwWGyFXDPTzs47NnXQaDJCnKmJNML2uLgwtA49YMHU,false
753,e6-lifecycle-20260706T050147.291694346Z-c4-real-task-0121,signed_vote2,true,3,1783314109390,0,QmamWwWGyFXDPTzs47NnXQaDJCnKmJNML2uLgwtA49YMHU,false
754,e6-lifecycle-20260706T050147.291694346Z-c4-real-task-0121,signed_settlement,true,3,1783314109393,0,QmamWwWGyFXDPTzs47NnXQaDJCnKmJNML2uLgwtA49YMHU,false
755,e6-lifecycle-20260706T050147.291694346Z-c4-real-task-0121,signed_query_latest,true,0,1783314109396,0,QmamWwWGyFXDPTzs47NnXQaDJCnKmJNML2uLgwtA49YMHU,false
756,e6-lifecycle-20260706T050147.291694346Z-c4-real-task-0121,ipfs_verify,true,13,1783314109396,0,QmamWwWGyFXDPTzs47NnXQaDJCnKmJNML2uLgwtA49YMHU,false
757,e6-lifecycle-20260706T050147.291694346Z-c4-real-task-0122,ipfs_add,true,104,1783314109305,5117,,false
758,e6-lifecycle-20260706T050147.291694346Z-c4-real-task-0122,signed_posttask,true,2,1783314109409,0,QmXUXcH529nakix9U15cpEidT2HourhoUQvG7aoS3dLkEG,false
759,e6-lifecycle-20260706T050147.291694346Z-c4-real-task-0122,signed_postallocation,true,2,1783314109411,0,QmXUXcH529nakix9U15cpEidT2HourhoUQvG7aoS3dLkEG,false
760,e6-lifecycle-20260706T050147.291694346Z-c4-real-task-0122,signed_post_evalsnapshot,true,2,1783314109413,0,QmXUXcH529nakix9U15cpEidT2HourhoUQvG7aoS3dLkEG,false
761,e6-lifecycle-20260706T050147.291694346Z-c4-real-task-0122,signed_vote1,true,2,1783314109415,0,QmXUXcH529nakix9U15cpEidT2HourhoUQvG7aoS3dLkEG,false
762,e6-lifecycle-20260706T050147.291694346Z-c4-real-task-0122,signed_vote2,true,2,1783314109417,0,QmXUXcH529nakix9U15cpEidT2HourhoUQvG7aoS3dLkEG,false
763,e6-lifecycle-20260706T050147.291694346Z-c4-real-task-0122,signed_settlement,true,1,1783314109419,0,QmXUXcH529nakix9U15cpEidT2HourhoUQvG7aoS3dLkEG,false
764,e6-lifecycle-20260706T050147.291694346Z-c4-real-task-0122,signed_query_latest,true,0,1783314109420,0,QmXUXcH529nakix9U15cpEidT2HourhoUQvG7aoS3dLkEG,false
765,e6-lifecycle-20260706T050147.291694346Z-c4-real-task-0122,ipfs_verify,true,11,1783314109420,0,QmXUXcH529nakix9U15cpEidT2HourhoUQvG7aoS3dLkEG,false
766,e6-lifecycle-20260706T050147.291694346Z-c4-real-task-0123,ipfs_add,true,92,1783314109339,9648,,false
767,e6-lifecycle-20260706T050147.291694346Z-c4-real-task-0123,signed_posttask,true,2,1783314109431,0,QmUDRUxNR3wiggGYgdFqXj9FiZaoAXkrjj2gf4wreybMnY,false
768,e6-lifecycle-20260706T050147.291694346Z-c4-real-task-0123,signed_postallocation,true,3,1783314109433,0,QmUDRUxNR3wiggGYgdFqXj9FiZaoAXkrjj2gf4wreybMnY,false
769,e6-lifecycle-20260706T050147.291694346Z-c4-real-task-0123,signed_post_evalsnapshot,true,2,1783314109436,0,QmUDRUxNR3wiggGYgdFqXj9FiZaoAXkrjj2gf4wreybMnY,false
770,e6-lifecycle-20260706T050147.291694346Z-c4-real-task-0123,signed_vote1,true,2,1783314109438,0,QmUDRUxNR3wiggGYgdFqXj9FiZaoAXkrjj2gf4wreybMnY,false
771,e6-lifecycle-20260706T050147.291694346Z-c4-real-task-0123,signed_vote2,true,2,1783314109440,0,QmUDRUxNR3wiggGYgdFqXj9FiZaoAXkrjj2gf4wreybMnY,false
772,e6-lifecycle-20260706T050147.291694346Z-c4-real-task-0123,signed_settlement,true,2,1783314109442,0,QmUDRUxNR3wiggGYgdFqXj9FiZaoAXkrjj2gf4wreybMnY,false
773,e6-lifecycle-20260706T050147.291694346Z-c4-real-task-0123,signed_query_latest,true,0,1783314109444,0,QmUDRUxNR3wiggGYgdFqXj9FiZaoAXkrjj2gf4wreybMnY,false
774,e6-lifecycle-20260706T050147.291694346Z-c4-real-task-0123,ipfs_verify,true,10,1783314109444,0,QmUDRUxNR3wiggGYgdFqXj9FiZaoAXkrjj2gf4wreybMnY,false
775,e6-lifecycle-20260706T050147.291694346Z-c4-real-task-0124,ipfs_add,true,79,1783314109375,10193,,false
776,e6-lifecycle-20260706T050147.291694346Z-c4-real-task-0124,signed_posttask,true,2,1783314109454,0,QmdN3kmV8Nauo2ypczxkgeUDFa3J43mcbGqcZVtUsrbPFC,false
777,e6-lifecycle-20260706T050147.291694346Z-c4-real-task-0124,signed_postallocation,true,3,1783314109456,0,QmdN3kmV8Nauo2ypczxkgeUDFa3J43mcbGqcZVtUsrbPFC,false
778,e6-lifecycle-20260706T050147.291694346Z-c4-real-task-0124,signed_post_evalsnapshot,true,2,1783314109459,0,QmdN3kmV8Nauo2ypczxkgeUDFa3J43mcbGqcZVtUsrbPFC,false
779,e6-lifecycle-20260706T050147.291694346Z-c4-real-task-0124,signed_vote1,true,2,1783314109461,0,QmdN3kmV8Nauo2ypczxkgeUDFa3J43mcbGqcZVtUsrbPFC,false
780,e6-lifecycle-20260706T050147.291694346Z-c4-real-task-0124,signed_vote2,true,2,1783314109463,0,QmdN3kmV8Nauo2ypczxkgeUDFa3J43mcbGqcZVtUsrbPFC,false
781,e6-lifecycle-20260706T050147.291694346Z-c4-real-task-0124,signed_settlement,true,2,1783314109465,0,QmdN3kmV8Nauo2ypczxkgeUDFa3J43mcbGqcZVtUsrbPFC,false
782,e6-lifecycle-20260706T050147.291694346Z-c4-real-task-0124,signed_query_latest,true,0,1783314109467,0,QmdN3kmV8Nauo2ypczxkgeUDFa3J43mcbGqcZVtUsrbPFC,false
783,e6-lifecycle-20260706T050147.291694346Z-c4-real-task-0125,ipfs_add,true,66,1783314109409,3206,,false
784,e6-lifecycle-20260706T050147.291694346Z-c4-real-task-0124,ipfs_verify,true,9,1783314109467,0,QmdN3kmV8Nauo2ypczxkgeUDFa3J43mcbGqcZVtUsrbPFC,false
785,e6-lifecycle-20260706T050147.291694346Z-c4-real-task-0125,signed_posttask,true,2,1783314109475,0,QmWe76Fc6xMc7UE2TtXhWtuzFokCa6FcSgWL6dg6i6SRfJ,false
786,e6-lifecycle-20260706T050147.291694346Z-c4-real-task-0125,signed_postallocation,true,2,1783314109477,0,QmWe76Fc6xMc7UE2TtXhWtuzFokCa6FcSgWL6dg6i6SRfJ,false
787,e6-lifecycle-20260706T050147.291694346Z-c4-real-task-0125,signed_post_evalsnapshot,true,2,1783314109479,0,QmWe76Fc6xMc7UE2TtXhWtuzFokCa6FcSgWL6dg6i6SRfJ,false
788,e6-lifecycle-20260706T050147.291694346Z-c4-real-task-0125,signed_vote1,true,1,1783314109481,0,QmWe76Fc6xMc7UE2TtXhWtuzFokCa6FcSgWL6dg6i6SRfJ,false
789,e6-lifecycle-20260706T050147.291694346Z-c4-real-task-0125,signed_vote2,true,3,1783314109482,0,QmWe76Fc6xMc7UE2TtXhWtuzFokCa6FcSgWL6dg6i6SRfJ,false
790,e6-lifecycle-20260706T050147.291694346Z-c4-real-task-0125,signed_settlement,true,2,1783314109485,0,QmWe76Fc6xMc7UE2TtXhWtuzFokCa6FcSgWL6dg6i6SRfJ,false
791,e6-lifecycle-20260706T050147.291694346Z-c4-real-task-0125,signed_query_latest,true,0,1783314109487,0,QmWe76Fc6xMc7UE2TtXhWtuzFokCa6FcSgWL6dg6i6SRfJ,false
792,e6-lifecycle-20260706T050147.291694346Z-c4-real-task-0125,ipfs_verify,true,13,1783314109487,0,QmWe76Fc6xMc7UE2TtXhWtuzFokCa6FcSgWL6dg6i6SRfJ,false
793,e6-lifecycle-20260706T050147.291694346Z-c4-real-task-0126,ipfs_add,true,70,1783314109431,3991,,false
794,e6-lifecycle-20260706T050147.291694346Z-c4-real-task-0126,signed_posttask,true,3,1783314109501,0,QmPtdsowq8zmmDRQ1z7WASkkcgXTNTYdCxgN5vM5mEmQKU,false
795,e6-lifecycle-20260706T050147.291694346Z-c4-real-task-0126,signed_postallocation,true,1,1783314109504,0,QmPtdsowq8zmmDRQ1z7WASkkcgXTNTYdCxgN5vM5mEmQKU,false
796,e6-lifecycle-20260706T050147.291694346Z-c4-real-task-0126,signed_post_evalsnapshot,true,3,1783314109505,0,QmPtdsowq8zmmDRQ1z7WASkkcgXTNTYdCxgN5vM5mEmQKU,false
797,e6-lifecycle-20260706T050147.291694346Z-c4-real-task-0126,signed_vote1,true,2,1783314109508,0,QmPtdsowq8zmmDRQ1z7WASkkcgXTNTYdCxgN5vM5mEmQKU,false
798,e6-lifecycle-20260706T050147.291694346Z-c4-real-task-0126,signed_vote2,true,2,1783314109510,0,QmPtdsowq8zmmDRQ1z7WASkkcgXTNTYdCxgN5vM5mEmQKU,false
799,e6-lifecycle-20260706T050147.291694346Z-c4-real-task-0126,signed_settlement,true,2,1783314109512,0,QmPtdsowq8zmmDRQ1z7WASkkcgXTNTYdCxgN5vM5mEmQKU,false
800,e6-lifecycle-20260706T050147.291694346Z-c4-real-task-0126,signed_query_latest,true,0,1783314109514,0,QmPtdsowq8zmmDRQ1z7WASkkcgXTNTYdCxgN5vM5mEmQKU,false
801,e6-lifecycle-20260706T050147.291694346Z-c4-real-task-0126,ipfs_verify,true,12,1783314109514,0,QmPtdsowq8zmmDRQ1z7WASkkcgXTNTYdCxgN5vM5mEmQKU,false
802,e6-lifecycle-20260706T050147.291694346Z-c4-real-task-0127,ipfs_add,true,79,1783314109454,3969,,false
803,e6-lifecycle-20260706T050147.291694346Z-c4-real-task-0127,signed_posttask,true,3,1783314109533,0,QmNxQCkAaLmLFLMatMwgJb5bdva2owFTE2JpVTzuEA6pnQ,false
804,e6-lifecycle-20260706T050147.291694346Z-c4-real-task-0127,signed_postallocation,true,2,1783314109536,0,QmNxQCkAaLmLFLMatMwgJb5bdva2owFTE2JpVTzuEA6pnQ,false
805,e6-lifecycle-20260706T050147.291694346Z-c4-real-task-0127,signed_post_evalsnapshot,true,2,1783314109538,0,QmNxQCkAaLmLFLMatMwgJb5bdva2owFTE2JpVTzuEA6pnQ,false
806,e6-lifecycle-20260706T050147.291694346Z-c4-real-task-0127,signed_vote1,true,1,1783314109540,0,QmNxQCkAaLmLFLMatMwgJb5bdva2owFTE2JpVTzuEA6pnQ,false
807,e6-lifecycle-20260706T050147.291694346Z-c4-real-task-0127,signed_vote2,true,2,1783314109541,0,QmNxQCkAaLmLFLMatMwgJb5bdva2owFTE2JpVTzuEA6pnQ,false
808,e6-lifecycle-20260706T050147.291694346Z-c4-real-task-0127,signed_settlement,true,2,1783314109543,0,QmNxQCkAaLmLFLMatMwgJb5bdva2owFTE2JpVTzuEA6pnQ,false
809,e6-lifecycle-20260706T050147.291694346Z-c4-real-task-0127,signed_query_latest,true,0,1783314109545,0,QmNxQCkAaLmLFLMatMwgJb5bdva2owFTE2JpVTzuEA6pnQ,false
810,e6-lifecycle-20260706T050147.291694346Z-c4-real-task-0127,ipfs_verify,true,9,1783314109545,0,QmNxQCkAaLmLFLMatMwgJb5bdva2owFTE2JpVTzuEA6pnQ,false
811,e6-lifecycle-20260706T050147.291694346Z-c4-real-task-0128,ipfs_add,true,79,1783314109476,5323,,false
812,e6-lifecycle-20260706T050147.291694346Z-c4-real-task-0128,signed_posttask,true,2,1783314109555,0,QmQos5pRc9wxqep7nncifrFotxQs5uTEqHL3FeTHYErDSa,false
813,e6-lifecycle-20260706T050147.291694346Z-c4-real-task-0128,signed_postallocation,true,2,1783314109557,0,QmQos5pRc9wxqep7nncifrFotxQs5uTEqHL3FeTHYErDSa,false
814,e6-lifecycle-20260706T050147.291694346Z-c4-real-task-0128,signed_post_evalsnapshot,true,2,1783314109559,0,QmQos5pRc9wxqep7nncifrFotxQs5uTEqHL3FeTHYErDSa,false
815,e6-lifecycle-20260706T050147.291694346Z-c4-real-task-0128,signed_vote1,true,2,1783314109561,0,QmQos5pRc9wxqep7nncifrFotxQs5uTEqHL3FeTHYErDSa,false
816,e6-lifecycle-20260706T050147.291694346Z-c4-real-task-0128,signed_vote2,true,2,1783314109563,0,QmQos5pRc9wxqep7nncifrFotxQs5uTEqHL3FeTHYErDSa,false
817,e6-lifecycle-20260706T050147.291694346Z-c4-real-task-0128,signed_settlement,true,2,1783314109565,0,QmQos5pRc9wxqep7nncifrFotxQs5uTEqHL3FeTHYErDSa,false
818,e6-lifecycle-20260706T050147.291694346Z-c4-real-task-0128,signed_query_latest,true,0,1783314109567,0,QmQos5pRc9wxqep7nncifrFotxQs5uTEqHL3FeTHYErDSa,false
819,e6-lifecycle-20260706T050147.291694346Z-c4-real-task-0128,ipfs_verify,true,15,1783314109567,0,QmQos5pRc9wxqep7nncifrFotxQs5uTEqHL3FeTHYErDSa,false
820,e6-lifecycle-20260706T050147.291694346Z-c4-real-task-0129,ipfs_add,true,85,1783314109500,6435,,false
821,e6-lifecycle-20260706T050147.291694346Z-c4-real-task-0129,signed_posttask,true,2,1783314109585,0,QmRdeeEenQRgmkxSMK2mGyLCkKoN4YhqNwubfvJSfxYpPa,false
822,e6-lifecycle-20260706T050147.291694346Z-c4-real-task-0129,signed_postallocation,true,2,1783314109587,0,QmRdeeEenQRgmkxSMK2mGyLCkKoN4YhqNwubfvJSfxYpPa,false
823,e6-lifecycle-20260706T050147.291694346Z-c4-real-task-0129,signed_post_evalsnapshot,true,2,1783314109589,0,QmRdeeEenQRgmkxSMK2mGyLCkKoN4YhqNwubfvJSfxYpPa,false
824,e6-lifecycle-20260706T050147.291694346Z-c4-real-task-0129,signed_vote1,true,2,1783314109591,0,QmRdeeEenQRgmkxSMK2mGyLCkKoN4YhqNwubfvJSfxYpPa,false
825,e6-lifecycle-20260706T050147.291694346Z-c4-real-task-0129,signed_vote2,true,2,1783314109593,0,QmRdeeEenQRgmkxSMK2mGyLCkKoN4YhqNwubfvJSfxYpPa,false
826,e6-lifecycle-20260706T050147.291694346Z-c4-real-task-0129,signed_settlement,true,1,1783314109595,0,QmRdeeEenQRgmkxSMK2mGyLCkKoN4YhqNwubfvJSfxYpPa,false
827,e6-lifecycle-20260706T050147.291694346Z-c4-real-task-0129,signed_query_latest,true,0,1783314109596,0,QmRdeeEenQRgmkxSMK2mGyLCkKoN4YhqNwubfvJSfxYpPa,false
828,e6-lifecycle-20260706T050147.291694346Z-c4-real-task-0129,ipfs_verify,true,15,1783314109596,0,QmRdeeEenQRgmkxSMK2mGyLCkKoN4YhqNwubfvJSfxYpPa,false
829,e6-lifecycle-20260706T050147.291694346Z-c4-real-task-0130,ipfs_add,true,85,1783314109526,5421,,false
830,e6-lifecycle-20260706T050147.291694346Z-c4-real-task-0130,signed_posttask,true,3,1783314109611,0,QmasDoPun8NvohoPkm66UZpwkaJFFvmh8hCVDMoxGk7S7Z,false
831,e6-lifecycle-20260706T050147.291694346Z-c4-real-task-0130,signed_postallocation,true,2,1783314109614,0,QmasDoPun8NvohoPkm66UZpwkaJFFvmh8hCVDMoxGk7S7Z,false
832,e6-lifecycle-20260706T050147.291694346Z-c4-real-task-0130,signed_post_evalsnapshot,true,2,1783314109616,0,QmasDoPun8NvohoPkm66UZpwkaJFFvmh8hCVDMoxGk7S7Z,false
833,e6-lifecycle-20260706T050147.291694346Z-c4-real-task-0130,signed_vote1,true,2,1783314109618,0,QmasDoPun8NvohoPkm66UZpwkaJFFvmh8hCVDMoxGk7S7Z,false
834,e6-lifecycle-20260706T050147.291694346Z-c4-real-task-0130,signed_vote2,true,1,1783314109620,0,QmasDoPun8NvohoPkm66UZpwkaJFFvmh8hCVDMoxGk7S7Z,false
835,e6-lifecycle-20260706T050147.291694346Z-c4-real-task-0130,signed_settlement,true,2,1783314109621,0,QmasDoPun8NvohoPkm66UZpwkaJFFvmh8hCVDMoxGk7S7Z,false
836,e6-lifecycle-20260706T050147.291694346Z-c4-real-task-0130,signed_query_latest,true,0,1783314109623,0,QmasDoPun8NvohoPkm66UZpwkaJFFvmh8hCVDMoxGk7S7Z,false
837,e6-lifecycle-20260706T050147.291694346Z-c4-real-task-0130,ipfs_verify,true,14,1783314109623,0,QmasDoPun8NvohoPkm66UZpwkaJFFvmh8hCVDMoxGk7S7Z,false
838,e6-lifecycle-20260706T050147.291694346Z-c4-real-task-0131,ipfs_add,true,85,1783314109554,5219,,false
839,e6-lifecycle-20260706T050147.291694346Z-c4-real-task-0131,signed_posttask,true,2,1783314109639,0,QmZj7xUMfzrxW16za1Jy2ZVd3iayZXWvUsAREvSyZuRbVu,false
840,e6-lifecycle-20260706T050147.291694346Z-c4-real-task-0131,signed_postallocation,true,2,1783314109641,0,QmZj7xUMfzrxW16za1Jy2ZVd3iayZXWvUsAREvSyZuRbVu,false
841,e6-lifecycle-20260706T050147.291694346Z-c4-real-task-0131,signed_post_evalsnapshot,true,1,1783314109643,0,QmZj7xUMfzrxW16za1Jy2ZVd3iayZXWvUsAREvSyZuRbVu,false
842,e6-lifecycle-20260706T050147.291694346Z-c4-real-task-0131,signed_vote1,true,2,1783314109644,0,QmZj7xUMfzrxW16za1Jy2ZVd3iayZXWvUsAREvSyZuRbVu,false
843,e6-lifecycle-20260706T050147.291694346Z-c4-real-task-0131,signed_vote2,true,2,1783314109646,0,QmZj7xUMfzrxW16za1Jy2ZVd3iayZXWvUsAREvSyZuRbVu,false
844,e6-lifecycle-20260706T050147.291694346Z-c4-real-task-0131,signed_settlement,true,2,1783314109648,0,QmZj7xUMfzrxW16za1Jy2ZVd3iayZXWvUsAREvSyZuRbVu,false
845,e6-lifecycle-20260706T050147.291694346Z-c4-real-task-0131,signed_query_latest,true,0,1783314109650,0,QmZj7xUMfzrxW16za1Jy2ZVd3iayZXWvUsAREvSyZuRbVu,false
846,e6-lifecycle-20260706T050147.291694346Z-c4-real-task-0131,ipfs_verify,true,7,1783314109650,0,QmZj7xUMfzrxW16za1Jy2ZVd3iayZXWvUsAREvSyZuRbVu,false
847,e6-lifecycle-20260706T050147.291694346Z-c4-real-task-0132,ipfs_add,true,76,1783314109582,5599,,false
848,e6-lifecycle-20260706T050147.291694346Z-c4-real-task-0132,signed_posttask,true,3,1783314109658,0,QmYCBqE2NteLr9sLnHjbiStJeVErpKho8QFCw7417W1UW7,false
849,e6-lifecycle-20260706T050147.291694346Z-c4-real-task-0132,signed_postallocation,true,2,1783314109661,0,QmYCBqE2NteLr9sLnHjbiStJeVErpKho8QFCw7417W1UW7,false
850,e6-lifecycle-20260706T050147.291694346Z-c4-real-task-0132,signed_post_evalsnapshot,true,2,1783314109663,0,QmYCBqE2NteLr9sLnHjbiStJeVErpKho8QFCw7417W1UW7,false
851,e6-lifecycle-20260706T050147.291694346Z-c4-real-task-0132,signed_vote1,true,2,1783314109665,0,QmYCBqE2NteLr9sLnHjbiStJeVErpKho8QFCw7417W1UW7,false
852,e6-lifecycle-20260706T050147.291694346Z-c4-real-task-0132,signed_vote2,true,3,1783314109667,0,QmYCBqE2NteLr9sLnHjbiStJeVErpKho8QFCw7417W1UW7,false
853,e6-lifecycle-20260706T050147.291694346Z-c4-real-task-0132,signed_settlement,true,3,1783314109670,0,QmYCBqE2NteLr9sLnHjbiStJeVErpKho8QFCw7417W1UW7,false
854,e6-lifecycle-20260706T050147.291694346Z-c4-real-task-0132,signed_query_latest,true,0,1783314109673,0,QmYCBqE2NteLr9sLnHjbiStJeVErpKho8QFCw7417W1UW7,false
855,e6-lifecycle-20260706T050147.291694346Z-c4-real-task-0133,ipfs_add,true,69,1783314109611,4372,,false
856,e6-lifecycle-20260706T050147.291694346Z-c4-real-task-0133,signed_posttask,true,3,1783314109680,0,QmV9gx3VUoqhkXRkzRD7hEPhbZz6mSJ82UTFrCpLh1TD3b,false
857,e6-lifecycle-20260706T050147.291694346Z-c4-real-task-0132,ipfs_verify,true,10,1783314109673,0,QmYCBqE2NteLr9sLnHjbiStJeVErpKho8QFCw7417W1UW7,false
858,e6-lifecycle-20260706T050147.291694346Z-c4-real-task-0133,signed_postallocation,true,4,1783314109683,0,QmV9gx3VUoqhkXRkzRD7hEPhbZz6mSJ82UTFrCpLh1TD3b,false
859,e6-lifecycle-20260706T050147.291694346Z-c4-real-task-0133,signed_post_evalsnapshot,true,2,1783314109687,0,QmV9gx3VUoqhkXRkzRD7hEPhbZz6mSJ82UTFrCpLh1TD3b,false
860,e6-lifecycle-20260706T050147.291694346Z-c4-real-task-0133,signed_vote1,true,1,1783314109689,0,QmV9gx3VUoqhkXRkzRD7hEPhbZz6mSJ82UTFrCpLh1TD3b,false
861,e6-lifecycle-20260706T050147.291694346Z-c4-real-task-0133,signed_vote2,true,3,1783314109690,0,QmV9gx3VUoqhkXRkzRD7hEPhbZz6mSJ82UTFrCpLh1TD3b,false
862,e6-lifecycle-20260706T050147.291694346Z-c4-real-task-0133,signed_settlement,true,1,1783314109693,0,QmV9gx3VUoqhkXRkzRD7hEPhbZz6mSJ82UTFrCpLh1TD3b,false
863,e6-lifecycle-20260706T050147.291694346Z-c4-real-task-0133,signed_query_latest,true,0,1783314109694,0,QmV9gx3VUoqhkXRkzRD7hEPhbZz6mSJ82UTFrCpLh1TD3b,false
864,e6-lifecycle-20260706T050147.291694346Z-c4-real-task-0134,ipfs_add,true,67,1783314109637,5569,,false
865,e6-lifecycle-20260706T050147.291694346Z-c4-real-task-0133,ipfs_verify,true,12,1783314109694,0,QmV9gx3VUoqhkXRkzRD7hEPhbZz6mSJ82UTFrCpLh1TD3b,false
866,e6-lifecycle-20260706T050147.291694346Z-c4-real-task-0134,signed_posttask,true,2,1783314109704,0,QmPW1qU3hoUSoGbD2KjbwxVen41kGxev6EBjJ6zmEFnCrD,false
867,e6-lifecycle-20260706T050147.291694346Z-c4-real-task-0134,signed_postallocation,true,2,1783314109706,0,QmPW1qU3hoUSoGbD2KjbwxVen41kGxev6EBjJ6zmEFnCrD,false
868,e6-lifecycle-20260706T050147.291694346Z-c4-real-task-0134,signed_post_evalsnapshot,true,3,1783314109708,0,QmPW1qU3hoUSoGbD2KjbwxVen41kGxev6EBjJ6zmEFnCrD,false
869,e6-lifecycle-20260706T050147.291694346Z-c4-real-task-0134,signed_vote1,true,2,1783314109711,0,QmPW1qU3hoUSoGbD2KjbwxVen41kGxev6EBjJ6zmEFnCrD,false
870,e6-lifecycle-20260706T050147.291694346Z-c4-real-task-0134,signed_vote2,true,3,1783314109713,0,QmPW1qU3hoUSoGbD2KjbwxVen41kGxev6EBjJ6zmEFnCrD,false
871,e6-lifecycle-20260706T050147.291694346Z-c4-real-task-0134,signed_settlement,true,2,1783314109716,0,QmPW1qU3hoUSoGbD2KjbwxVen41kGxev6EBjJ6zmEFnCrD,false
872,e6-lifecycle-20260706T050147.291694346Z-c4-real-task-0134,signed_query_latest,true,0,1783314109718,0,QmPW1qU3hoUSoGbD2KjbwxVen41kGxev6EBjJ6zmEFnCrD,false
873,e6-lifecycle-20260706T050147.291694346Z-c4-real-task-0134,ipfs_verify,true,10,1783314109718,0,QmPW1qU3hoUSoGbD2KjbwxVen41kGxev6EBjJ6zmEFnCrD,false
874,e6-lifecycle-20260706T050147.291694346Z-c4-real-task-0135,ipfs_add,true,73,1783314109657,6297,,false
875,e6-lifecycle-20260706T050147.291694346Z-c4-real-task-0135,signed_posttask,true,4,1783314109730,0,QmRgs6w8r3X2JvyiVmXrFPnc5Whw1EhTnEw6iDRUTAKBSq,false
876,e6-lifecycle-20260706T050147.291694346Z-c4-real-task-0135,signed_postallocation,true,4,1783314109734,0,QmRgs6w8r3X2JvyiVmXrFPnc5Whw1EhTnEw6iDRUTAKBSq,false
877,e6-lifecycle-20260706T050147.291694346Z-c4-real-task-0135,signed_post_evalsnapshot,true,3,1783314109738,0,QmRgs6w8r3X2JvyiVmXrFPnc5Whw1EhTnEw6iDRUTAKBSq,false
878,e6-lifecycle-20260706T050147.291694346Z-c4-real-task-0135,signed_vote1,true,3,1783314109741,0,QmRgs6w8r3X2JvyiVmXrFPnc5Whw1EhTnEw6iDRUTAKBSq,false
879,e6-lifecycle-20260706T050147.291694346Z-c4-real-task-0135,signed_vote2,true,2,1783314109744,0,QmRgs6w8r3X2JvyiVmXrFPnc5Whw1EhTnEw6iDRUTAKBSq,false
880,e6-lifecycle-20260706T050147.291694346Z-c4-real-task-0135,signed_settlement,true,2,1783314109746,0,QmRgs6w8r3X2JvyiVmXrFPnc5Whw1EhTnEw6iDRUTAKBSq,false
881,e6-lifecycle-20260706T050147.291694346Z-c4-real-task-0135,signed_query_latest,true,0,1783314109748,0,QmRgs6w8r3X2JvyiVmXrFPnc5Whw1EhTnEw6iDRUTAKBSq,false
882,e6-lifecycle-20260706T050147.291694346Z-c4-real-task-0135,ipfs_verify,true,9,1783314109748,0,QmRgs6w8r3X2JvyiVmXrFPnc5Whw1EhTnEw6iDRUTAKBSq,false
883,e6-lifecycle-20260706T050147.291694346Z-c4-real-task-0136,ipfs_add,true,78,1783314109683,6870,,false
884,e6-lifecycle-20260706T050147.291694346Z-c4-real-task-0136,signed_posttask,true,2,1783314109761,0,QmUPhkQr4hDrWibXiUjzuteThhvoD1pXuAQ2pvNnCtyJec,false
885,e6-lifecycle-20260706T050147.291694346Z-c4-real-task-0136,signed_postallocation,true,2,1783314109763,0,QmUPhkQr4hDrWibXiUjzuteThhvoD1pXuAQ2pvNnCtyJec,false
886,e6-lifecycle-20260706T050147.291694346Z-c4-real-task-0136,signed_post_evalsnapshot,true,2,1783314109765,0,QmUPhkQr4hDrWibXiUjzuteThhvoD1pXuAQ2pvNnCtyJec,false
887,e6-lifecycle-20260706T050147.291694346Z-c4-real-task-0136,signed_vote1,true,2,1783314109767,0,QmUPhkQr4hDrWibXiUjzuteThhvoD1pXuAQ2pvNnCtyJec,false
888,e6-lifecycle-20260706T050147.291694346Z-c4-real-task-0136,signed_vote2,true,2,1783314109769,0,QmUPhkQr4hDrWibXiUjzuteThhvoD1pXuAQ2pvNnCtyJec,false
889,e6-lifecycle-20260706T050147.291694346Z-c4-real-task-0136,signed_settlement,true,1,1783314109771,0,QmUPhkQr4hDrWibXiUjzuteThhvoD1pXuAQ2pvNnCtyJec,false
890,e6-lifecycle-20260706T050147.291694346Z-c4-real-task-0136,signed_query_latest,true,0,1783314109772,0,QmUPhkQr4hDrWibXiUjzuteThhvoD1pXuAQ2pvNnCtyJec,false
891,e6-lifecycle-20260706T050147.291694346Z-c4-real-task-0136,ipfs_verify,true,9,1783314109772,0,QmUPhkQr4hDrWibXiUjzuteThhvoD1pXuAQ2pvNnCtyJec,false
892,e6-lifecycle-20260706T050147.291694346Z-c4-real-task-0137,ipfs_add,true,85,1783314109706,7887,,false
893,e6-lifecycle-20260706T050147.291694346Z-c4-real-task-0137,signed_posttask,true,2,1783314109791,0,QmWoPof7qbWPGdMFqG2nBUciJqbqXCfAPLUDZ7bcxJMDyk,false
894,e6-lifecycle-20260706T050147.291694346Z-c4-real-task-0137,signed_postallocation,true,2,1783314109793,0,QmWoPof7qbWPGdMFqG2nBUciJqbqXCfAPLUDZ7bcxJMDyk,false
895,e6-lifecycle-20260706T050147.291694346Z-c4-real-task-0137,signed_post_evalsnapshot,true,1,1783314109795,0,QmWoPof7qbWPGdMFqG2nBUciJqbqXCfAPLUDZ7bcxJMDyk,false
896,e6-lifecycle-20260706T050147.291694346Z-c4-real-task-0137,signed_vote1,true,2,1783314109796,0,QmWoPof7qbWPGdMFqG2nBUciJqbqXCfAPLUDZ7bcxJMDyk,false
897,e6-lifecycle-20260706T050147.291694346Z-c4-real-task-0137,signed_vote2,true,2,1783314109798,0,QmWoPof7qbWPGdMFqG2nBUciJqbqXCfAPLUDZ7bcxJMDyk,false
898,e6-lifecycle-20260706T050147.291694346Z-c4-real-task-0137,signed_settlement,true,11,1783314109800,0,QmWoPof7qbWPGdMFqG2nBUciJqbqXCfAPLUDZ7bcxJMDyk,false
899,e6-lifecycle-20260706T050147.291694346Z-c4-real-task-0137,signed_query_latest,true,0,1783314109811,0,QmWoPof7qbWPGdMFqG2nBUciJqbqXCfAPLUDZ7bcxJMDyk,false
900,e6-lifecycle-20260706T050147.291694346Z-c4-real-task-0137,ipfs_verify,true,8,1783314109811,0,QmWoPof7qbWPGdMFqG2nBUciJqbqXCfAPLUDZ7bcxJMDyk,false
901,e6-lifecycle-20260706T050147.291694346Z-c4-real-task-0138,ipfs_add,true,94,1783314109728,6123,,false
902,e6-lifecycle-20260706T050147.291694346Z-c4-real-task-0138,signed_posttask,true,2,1783314109822,0,QmbxM1rZVTmJDLmT8oQiDaJVpa1uuVzFek4Pc5717x6PYe,false
903,e6-lifecycle-20260706T050147.291694346Z-c4-real-task-0138,signed_postallocation,true,3,1783314109824,0,QmbxM1rZVTmJDLmT8oQiDaJVpa1uuVzFek4Pc5717x6PYe,false
904,e6-lifecycle-20260706T050147.291694346Z-c4-real-task-0138,signed_post_evalsnapshot,true,1,1783314109827,0,QmbxM1rZVTmJDLmT8oQiDaJVpa1uuVzFek4Pc5717x6PYe,false
905,e6-lifecycle-20260706T050147.291694346Z-c4-real-task-0138,signed_vote1,true,2,1783314109828,0,QmbxM1rZVTmJDLmT8oQiDaJVpa1uuVzFek4Pc5717x6PYe,false
906,e6-lifecycle-20260706T050147.291694346Z-c4-real-task-0138,signed_vote2,true,2,1783314109830,0,QmbxM1rZVTmJDLmT8oQiDaJVpa1uuVzFek4Pc5717x6PYe,false
907,e6-lifecycle-20260706T050147.291694346Z-c4-real-task-0138,signed_settlement,true,2,1783314109832,0,QmbxM1rZVTmJDLmT8oQiDaJVpa1uuVzFek4Pc5717x6PYe,false
908,e6-lifecycle-20260706T050147.291694346Z-c4-real-task-0138,signed_query_latest,true,0,1783314109834,0,QmbxM1rZVTmJDLmT8oQiDaJVpa1uuVzFek4Pc5717x6PYe,false
909,e6-lifecycle-20260706T050147.291694346Z-c4-real-task-0138,ipfs_verify,true,8,1783314109834,0,QmbxM1rZVTmJDLmT8oQiDaJVpa1uuVzFek4Pc5717x6PYe,false
910,e6-lifecycle-20260706T050147.291694346Z-c4-real-task-0139,ipfs_add,true,89,1783314109757,6068,,false
911,e6-lifecycle-20260706T050147.291694346Z-c4-real-task-0139,signed_posttask,true,4,1783314109846,0,QmcYTUAPQTyEWywqTmthoC8xdU1HHnjNHDDrwpWHCUcep9,false
912,e6-lifecycle-20260706T050147.291694346Z-c4-real-task-0139,signed_postallocation,true,2,1783314109850,0,QmcYTUAPQTyEWywqTmthoC8xdU1HHnjNHDDrwpWHCUcep9,false
913,e6-lifecycle-20260706T050147.291694346Z-c4-real-task-0139,signed_post_evalsnapshot,true,2,1783314109852,0,QmcYTUAPQTyEWywqTmthoC8xdU1HHnjNHDDrwpWHCUcep9,false
914,e6-lifecycle-20260706T050147.291694346Z-c4-real-task-0139,signed_vote1,true,2,1783314109854,0,QmcYTUAPQTyEWywqTmthoC8xdU1HHnjNHDDrwpWHCUcep9,false
915,e6-lifecycle-20260706T050147.291694346Z-c4-real-task-0139,signed_vote2,true,2,1783314109856,0,QmcYTUAPQTyEWywqTmthoC8xdU1HHnjNHDDrwpWHCUcep9,false
916,e6-lifecycle-20260706T050147.291694346Z-c4-real-task-0139,signed_settlement,true,2,1783314109858,0,QmcYTUAPQTyEWywqTmthoC8xdU1HHnjNHDDrwpWHCUcep9,false
917,e6-lifecycle-20260706T050147.291694346Z-c4-real-task-0139,signed_query_latest,true,0,1783314109860,0,QmcYTUAPQTyEWywqTmthoC8xdU1HHnjNHDDrwpWHCUcep9,false
918,e6-lifecycle-20260706T050147.291694346Z-c4-real-task-0139,ipfs_verify,true,22,1783314109860,0,QmcYTUAPQTyEWywqTmthoC8xdU1HHnjNHDDrwpWHCUcep9,false
919,e6-lifecycle-20260706T050147.291694346Z-c4-real-task-0140,ipfs_add,true,101,1783314109781,3566,,false
920,e6-lifecycle-20260706T050147.291694346Z-c4-real-task-0140,signed_posttask,true,2,1783314109882,0,QmbKUL6FKk5HdN2RKMY4E5T2YgBw8gzyMB9qqscewgU2PM,false
921,e6-lifecycle-20260706T050147.291694346Z-c4-real-task-0140,signed_postallocation,true,2,1783314109884,0,QmbKUL6FKk5HdN2RKMY4E5T2YgBw8gzyMB9qqscewgU2PM,false
922,e6-lifecycle-20260706T050147.291694346Z-c4-real-task-0140,signed_post_evalsnapshot,true,2,1783314109886,0,QmbKUL6FKk5HdN2RKMY4E5T2YgBw8gzyMB9qqscewgU2PM,false
923,e6-lifecycle-20260706T050147.291694346Z-c4-real-task-0140,signed_vote1,true,2,1783314109888,0,QmbKUL6FKk5HdN2RKMY4E5T2YgBw8gzyMB9qqscewgU2PM,false
924,e6-lifecycle-20260706T050147.291694346Z-c4-real-task-0140,signed_vote2,true,2,1783314109890,0,QmbKUL6FKk5HdN2RKMY4E5T2YgBw8gzyMB9qqscewgU2PM,false
925,e6-lifecycle-20260706T050147.291694346Z-c4-real-task-0140,signed_settlement,true,3,1783314109892,0,QmbKUL6FKk5HdN2RKMY4E5T2YgBw8gzyMB9qqscewgU2PM,false
926,e6-lifecycle-20260706T050147.291694346Z-c4-real-task-0140,signed_query_latest,true,0,1783314109895,0,QmbKUL6FKk5HdN2RKMY4E5T2YgBw8gzyMB9qqscewgU2PM,false
927,e6-lifecycle-20260706T050147.291694346Z-c4-real-task-0141,ipfs_add,true,91,1783314109819,3943,,false
928,e6-lifecycle-20260706T050147.291694346Z-c4-real-task-0141,signed_posttask,true,2,1783314109910,0,QmU8ccPSVuF7qqoiKy2DMjjWHVge9mBhGy7hX3oM4mFnxu,false
929,e6-lifecycle-20260706T050147.291694346Z-c4-real-task-0140,ipfs_verify,true,18,1783314109895,0,QmbKUL6FKk5HdN2RKMY4E5T2YgBw8gzyMB9qqscewgU2PM,false
930,e6-lifecycle-20260706T050147.291694346Z-c4-real-task-0141,signed_postallocation,true,2,1783314109912,0,QmU8ccPSVuF7qqoiKy2DMjjWHVge9mBhGy7hX3oM4mFnxu,false
931,e6-lifecycle-20260706T050147.291694346Z-c4-real-task-0141,signed_post_evalsnapshot,true,2,1783314109914,0,QmU8ccPSVuF7qqoiKy2DMjjWHVge9mBhGy7hX3oM4mFnxu,false
932,e6-lifecycle-20260706T050147.291694346Z-c4-real-task-0141,signed_vote1,true,3,1783314109916,0,QmU8ccPSVuF7qqoiKy2DMjjWHVge9mBhGy7hX3oM4mFnxu,false
933,e6-lifecycle-20260706T050147.291694346Z-c4-real-task-0141,signed_vote2,true,3,1783314109919,0,QmU8ccPSVuF7qqoiKy2DMjjWHVge9mBhGy7hX3oM4mFnxu,false
934,e6-lifecycle-20260706T050147.291694346Z-c4-real-task-0141,signed_settlement,true,1,1783314109922,0,QmU8ccPSVuF7qqoiKy2DMjjWHVge9mBhGy7hX3oM4mFnxu,false
935,e6-lifecycle-20260706T050147.291694346Z-c4-real-task-0141,signed_query_latest,true,0,1783314109923,0,QmU8ccPSVuF7qqoiKy2DMjjWHVge9mBhGy7hX3oM4mFnxu,false
936,e6-lifecycle-20260706T050147.291694346Z-c4-real-task-0141,ipfs_verify,true,15,1783314109923,0,QmU8ccPSVuF7qqoiKy2DMjjWHVge9mBhGy7hX3oM4mFnxu,false
937,e6-lifecycle-20260706T050147.291694346Z-c4-real-task-0143,ipfs_add,true,93,1783314109882,4660,,false
938,e6-lifecycle-20260706T050147.291694346Z-c4-real-task-0143,signed_posttask,true,2,1783314109975,0,QmTVqeXCxoxwjjanTn4HJUbLVnB4bpVmZgGrTummJ1AQqo,false
939,e6-lifecycle-20260706T050147.291694346Z-c4-real-task-0143,signed_postallocation,true,2,1783314109977,0,QmTVqeXCxoxwjjanTn4HJUbLVnB4bpVmZgGrTummJ1AQqo,false
940,e6-lifecycle-20260706T050147.291694346Z-c4-real-task-0143,signed_post_evalsnapshot,true,2,1783314109979,0,QmTVqeXCxoxwjjanTn4HJUbLVnB4bpVmZgGrTummJ1AQqo,false
941,e6-lifecycle-20260706T050147.291694346Z-c4-real-task-0143,signed_vote1,true,6,1783314109981,0,QmTVqeXCxoxwjjanTn4HJUbLVnB4bpVmZgGrTummJ1AQqo,false
942,e6-lifecycle-20260706T050147.291694346Z-c4-real-task-0143,signed_vote2,true,2,1783314109987,0,QmTVqeXCxoxwjjanTn4HJUbLVnB4bpVmZgGrTummJ1AQqo,false
943,e6-lifecycle-20260706T050147.291694346Z-c4-real-task-0143,signed_settlement,true,2,1783314109989,0,QmTVqeXCxoxwjjanTn4HJUbLVnB4bpVmZgGrTummJ1AQqo,false
944,e6-lifecycle-20260706T050147.291694346Z-c4-real-task-0143,signed_query_latest,true,0,1783314109991,0,QmTVqeXCxoxwjjanTn4HJUbLVnB4bpVmZgGrTummJ1AQqo,false
945,e6-lifecycle-20260706T050147.291694346Z-c4-real-task-0142,ipfs_add,true,154,1783314109842,4723,,false
946,e6-lifecycle-20260706T050147.291694346Z-c4-real-task-0142,signed_posttask,true,2,1783314109996,0,QmU3gpt8BjdpgMNTTBdF3QXFR37K5SeqUjAYEdmDDig4s5,false
947,e6-lifecycle-20260706T050147.291694346Z-c4-real-task-0142,signed_postallocation,true,2,1783314109998,0,QmU3gpt8BjdpgMNTTBdF3QXFR37K5SeqUjAYEdmDDig4s5,false
948,e6-lifecycle-20260706T050147.291694346Z-c4-real-task-0142,signed_post_evalsnapshot,true,2,1783314110000,0,QmU3gpt8BjdpgMNTTBdF3QXFR37K5SeqUjAYEdmDDig4s5,false
949,e6-lifecycle-20260706T050147.291694346Z-c4-real-task-0144,ipfs_add,true,90,1783314109913,4312,,false
950,e6-lifecycle-20260706T050147.291694346Z-c4-real-task-0142,signed_vote1,true,2,1783314110002,0,QmU3gpt8BjdpgMNTTBdF3QXFR37K5SeqUjAYEdmDDig4s5,false
951,e6-lifecycle-20260706T050147.291694346Z-c4-real-task-0143,ipfs_verify,true,14,1783314109991,0,QmTVqeXCxoxwjjanTn4HJUbLVnB4bpVmZgGrTummJ1AQqo,false
952,e6-lifecycle-20260706T050147.291694346Z-c4-real-task-0142,signed_vote2,true,5,1783314110004,0,QmU3gpt8BjdpgMNTTBdF3QXFR37K5SeqUjAYEdmDDig4s5,false
953,e6-lifecycle-20260706T050147.291694346Z-c4-real-task-0144,signed_posttask,true,7,1783314110003,0,QmQZAxaxKLLJQ3P2WWPiuXefNDpmhXdj7A3T7qaNxDGnnf,false
954,e6-lifecycle-20260706T050147.291694346Z-c4-real-task-0144,signed_postallocation,true,2,1783314110010,0,QmQZAxaxKLLJQ3P2WWPiuXefNDpmhXdj7A3T7qaNxDGnnf,false
955,e6-lifecycle-20260706T050147.291694346Z-c4-real-task-0142,signed_settlement,true,5,1783314110009,0,QmU3gpt8BjdpgMNTTBdF3QXFR37K5SeqUjAYEdmDDig4s5,false
956,e6-lifecycle-20260706T050147.291694346Z-c4-real-task-0142,signed_query_latest,true,0,1783314110014,0,QmU3gpt8BjdpgMNTTBdF3QXFR37K5SeqUjAYEdmDDig4s5,false
957,e6-lifecycle-20260706T050147.291694346Z-c4-real-task-0144,signed_post_evalsnapshot,true,6,1783314110012,0,QmQZAxaxKLLJQ3P2WWPiuXefNDpmhXdj7A3T7qaNxDGnnf,false
958,e6-lifecycle-20260706T050147.291694346Z-c4-real-task-0144,signed_vote1,true,3,1783314110018,0,QmQZAxaxKLLJQ3P2WWPiuXefNDpmhXdj7A3T7qaNxDGnnf,false
959,e6-lifecycle-20260706T050147.291694346Z-c4-real-task-0144,signed_vote2,true,2,1783314110021,0,QmQZAxaxKLLJQ3P2WWPiuXefNDpmhXdj7A3T7qaNxDGnnf,false
960,e6-lifecycle-20260706T050147.291694346Z-c4-real-task-0144,signed_settlement,true,2,1783314110023,0,QmQZAxaxKLLJQ3P2WWPiuXefNDpmhXdj7A3T7qaNxDGnnf,false
961,e6-lifecycle-20260706T050147.291694346Z-c4-real-task-0144,signed_query_latest,true,0,1783314110025,0,QmQZAxaxKLLJQ3P2WWPiuXefNDpmhXdj7A3T7qaNxDGnnf,false
962,e6-lifecycle-20260706T050147.291694346Z-c4-real-task-0145,ipfs_add,true,87,1783314109938,5462,,false
963,e6-lifecycle-20260706T050147.291694346Z-c4-real-task-0145,signed_posttask,true,2,1783314110025,0,QmQawzw1KxV8h7JpxSeDVLwBKMdBrxUCm6dAZkW6LZqh7T,false
964,e6-lifecycle-20260706T050147.291694346Z-c4-real-task-0145,signed_postallocation,true,2,1783314110027,0,QmQawzw1KxV8h7JpxSeDVLwBKMdBrxUCm6dAZkW6LZqh7T,false
965,e6-lifecycle-20260706T050147.291694346Z-c4-real-task-0142,ipfs_verify,true,18,1783314110014,0,QmU3gpt8BjdpgMNTTBdF3QXFR37K5SeqUjAYEdmDDig4s5,false
966,e6-lifecycle-20260706T050147.291694346Z-c4-real-task-0145,signed_post_evalsnapshot,true,3,1783314110029,0,QmQawzw1KxV8h7JpxSeDVLwBKMdBrxUCm6dAZkW6LZqh7T,false
967,e6-lifecycle-20260706T050147.291694346Z-c4-real-task-0145,signed_vote1,true,2,1783314110032,0,QmQawzw1KxV8h7JpxSeDVLwBKMdBrxUCm6dAZkW6LZqh7T,false
968,e6-lifecycle-20260706T050147.291694346Z-c4-real-task-0145,signed_vote2,true,1,1783314110034,0,QmQawzw1KxV8h7JpxSeDVLwBKMdBrxUCm6dAZkW6LZqh7T,false
969,e6-lifecycle-20260706T050147.291694346Z-c4-real-task-0144,ipfs_verify,true,11,1783314110025,0,QmQZAxaxKLLJQ3P2WWPiuXefNDpmhXdj7A3T7qaNxDGnnf,false
970,e6-lifecycle-20260706T050147.291694346Z-c4-real-task-0145,signed_settlement,true,3,1783314110035,0,QmQawzw1KxV8h7JpxSeDVLwBKMdBrxUCm6dAZkW6LZqh7T,false
971,e6-lifecycle-20260706T050147.291694346Z-c4-real-task-0145,signed_query_latest,true,0,1783314110038,0,QmQawzw1KxV8h7JpxSeDVLwBKMdBrxUCm6dAZkW6LZqh7T,false
972,e6-lifecycle-20260706T050147.291694346Z-c4-real-task-0145,ipfs_verify,true,8,1783314110038,0,QmQawzw1KxV8h7JpxSeDVLwBKMdBrxUCm6dAZkW6LZqh7T,false
973,e6-lifecycle-20260706T050147.291694346Z-c4-real-task-0146,ipfs_add,true,46,1783314110005,5475,,false
974,e6-lifecycle-20260706T050147.291694346Z-c4-real-task-0146,signed_posttask,true,4,1783314110051,0,QmTMCQj8BgjN1EopLd1uCHtQPJNQPLrifD8h5c2wtJkq4h,false
975,e6-lifecycle-20260706T050147.291694346Z-c4-real-task-0146,signed_postallocation,true,2,1783314110055,0,QmTMCQj8BgjN1EopLd1uCHtQPJNQPLrifD8h5c2wtJkq4h,false
976,e6-lifecycle-20260706T050147.291694346Z-c4-real-task-0146,signed_post_evalsnapshot,true,1,1783314110057,0,QmTMCQj8BgjN1EopLd1uCHtQPJNQPLrifD8h5c2wtJkq4h,false
977,e6-lifecycle-20260706T050147.291694346Z-c4-real-task-0146,signed_vote1,true,2,1783314110058,0,QmTMCQj8BgjN1EopLd1uCHtQPJNQPLrifD8h5c2wtJkq4h,false
978,e6-lifecycle-20260706T050147.291694346Z-c4-real-task-0146,signed_vote2,true,2,1783314110060,0,QmTMCQj8BgjN1EopLd1uCHtQPJNQPLrifD8h5c2wtJkq4h,false
979,e6-lifecycle-20260706T050147.291694346Z-c4-real-task-0146,signed_settlement,true,1,1783314110062,0,QmTMCQj8BgjN1EopLd1uCHtQPJNQPLrifD8h5c2wtJkq4h,false
980,e6-lifecycle-20260706T050147.291694346Z-c4-real-task-0146,signed_query_latest,true,0,1783314110063,0,QmTMCQj8BgjN1EopLd1uCHtQPJNQPLrifD8h5c2wtJkq4h,false
981,e6-lifecycle-20260706T050147.291694346Z-c4-real-task-0146,ipfs_verify,true,22,1783314110063,0,QmTMCQj8BgjN1EopLd1uCHtQPJNQPLrifD8h5c2wtJkq4h,false
982,e6-lifecycle-20260706T050147.291694346Z-c4-real-task-0147,ipfs_add,true,67,1783314110032,4284,,false
983,e6-lifecycle-20260706T050147.291694346Z-c4-real-task-0147,signed_posttask,true,1,1783314110099,0,QmaFJBETp4JJdAzBH3NfaGGXCVai8pRVmMEDArMatXyrJg,false
984,e6-lifecycle-20260706T050147.291694346Z-c4-real-task-0147,signed_postallocation,true,2,1783314110100,0,QmaFJBETp4JJdAzBH3NfaGGXCVai8pRVmMEDArMatXyrJg,false
985,e6-lifecycle-20260706T050147.291694346Z-c4-real-task-0147,signed_post_evalsnapshot,true,2,1783314110102,0,QmaFJBETp4JJdAzBH3NfaGGXCVai8pRVmMEDArMatXyrJg,false
986,e6-lifecycle-20260706T050147.291694346Z-c4-real-task-0147,signed_vote1,true,2,1783314110104,0,QmaFJBETp4JJdAzBH3NfaGGXCVai8pRVmMEDArMatXyrJg,false
987,e6-lifecycle-20260706T050147.291694346Z-c4-real-task-0147,signed_vote2,true,2,1783314110106,0,QmaFJBETp4JJdAzBH3NfaGGXCVai8pRVmMEDArMatXyrJg,false
988,e6-lifecycle-20260706T050147.291694346Z-c4-real-task-0147,signed_settlement,true,3,1783314110108,0,QmaFJBETp4JJdAzBH3NfaGGXCVai8pRVmMEDArMatXyrJg,false
989,e6-lifecycle-20260706T050147.291694346Z-c4-real-task-0147,signed_query_latest,true,0,1783314110111,0,QmaFJBETp4JJdAzBH3NfaGGXCVai8pRVmMEDArMatXyrJg,false
990,e6-lifecycle-20260706T050147.291694346Z-c4-real-task-0148,ipfs_add,true,82,1783314110036,5640,,false
991,e6-lifecycle-20260706T050147.291694346Z-c4-real-task-0147,ipfs_verify,true,8,1783314110111,0,QmaFJBETp4JJdAzBH3NfaGGXCVai8pRVmMEDArMatXyrJg,false
992,e6-lifecycle-20260706T050147.291694346Z-c4-real-task-0148,signed_posttask,true,2,1783314110118,0,QmdfWtEvP6wCkESL2DE4rXkFf4ZAEuqAaWhur95DF4ivC9,false
993,e6-lifecycle-20260706T050147.291694346Z-c4-real-task-0148,signed_postallocation,true,4,1783314110120,0,QmdfWtEvP6wCkESL2DE4rXkFf4ZAEuqAaWhur95DF4ivC9,false
994,e6-lifecycle-20260706T050147.291694346Z-c4-real-task-0148,signed_post_evalsnapshot,true,4,1783314110124,0,QmdfWtEvP6wCkESL2DE4rXkFf4ZAEuqAaWhur95DF4ivC9,false
995,e6-lifecycle-20260706T050147.291694346Z-c4-real-task-0148,signed_vote1,true,2,1783314110128,0,QmdfWtEvP6wCkESL2DE4rXkFf4ZAEuqAaWhur95DF4ivC9,false
996,e6-lifecycle-20260706T050147.291694346Z-c4-real-task-0148,signed_vote2,true,2,1783314110130,0,QmdfWtEvP6wCkESL2DE4rXkFf4ZAEuqAaWhur95DF4ivC9,false
997,e6-lifecycle-20260706T050147.291694346Z-c4-real-task-0148,signed_settlement,true,3,1783314110132,0,QmdfWtEvP6wCkESL2DE4rXkFf4ZAEuqAaWhur95DF4ivC9,false
998,e6-lifecycle-20260706T050147.291694346Z-c4-real-task-0148,signed_query_latest,true,0,1783314110135,0,QmdfWtEvP6wCkESL2DE4rXkFf4ZAEuqAaWhur95DF4ivC9,false
999,e6-lifecycle-20260706T050147.291694346Z-c4-real-task-0148,ipfs_verify,true,9,1783314110135,0,QmdfWtEvP6wCkESL2DE4rXkFf4ZAEuqAaWhur95DF4ivC9,false
1000,e6-lifecycle-20260706T050147.291694346Z-c4-real-task-0149,ipfs_add,true,99,1783314110046,2546,,false
1001,e6-lifecycle-20260706T050147.291694346Z-c4-real-task-0149,signed_posttask,true,2,1783314110145,0,QmauYMYLrj6Qa4iDEtbq6r8Nut8Mam7NzrHGxXBG78msQ1,false
1002,e6-lifecycle-20260706T050147.291694346Z-c4-real-task-0149,signed_postallocation,true,3,1783314110147,0,QmauYMYLrj6Qa4iDEtbq6r8Nut8Mam7NzrHGxXBG78msQ1,false
1003,e6-lifecycle-20260706T050147.291694346Z-c4-real-task-0149,signed_post_evalsnapshot,true,2,1783314110150,0,QmauYMYLrj6Qa4iDEtbq6r8Nut8Mam7NzrHGxXBG78msQ1,false
1004,e6-lifecycle-20260706T050147.291694346Z-c4-real-task-0149,signed_vote1,true,1,1783314110152,0,QmauYMYLrj6Qa4iDEtbq6r8Nut8Mam7NzrHGxXBG78msQ1,false
1005,e6-lifecycle-20260706T050147.291694346Z-c4-real-task-0149,signed_vote2,true,3,1783314110153,0,QmauYMYLrj6Qa4iDEtbq6r8Nut8Mam7NzrHGxXBG78msQ1,false
1006,e6-lifecycle-20260706T050147.291694346Z-c4-real-task-0149,signed_settlement,true,1,1783314110156,0,QmauYMYLrj6Qa4iDEtbq6r8Nut8Mam7NzrHGxXBG78msQ1,false
1007,e6-lifecycle-20260706T050147.291694346Z-c4-real-task-0149,signed_query_latest,true,0,1783314110157,0,QmauYMYLrj6Qa4iDEtbq6r8Nut8Mam7NzrHGxXBG78msQ1,false
1008,e6-lifecycle-20260706T050147.291694346Z-c4-real-task-0149,ipfs_verify,true,9,1783314110157,0,QmauYMYLrj6Qa4iDEtbq6r8Nut8Mam7NzrHGxXBG78msQ1,false
1009,e6-lifecycle-20260706T050147.291694346Z-c4-real-task-0150,ipfs_add,true,87,1783314110085,1854,,false
1010,e6-lifecycle-20260706T050147.291694346Z-c4-real-task-0150,signed_posttask,true,2,1783314110172,0,Qmai7UoY48iFcYWTQWg3KAhEtCNFhrWvnyLa9J1qYPcDzG,false
1011,e6-lifecycle-20260706T050147.291694346Z-c4-real-task-0150,signed_postallocation,true,1,1783314110174,0,Qmai7UoY48iFcYWTQWg3KAhEtCNFhrWvnyLa9J1qYPcDzG,false
1012,e6-lifecycle-20260706T050147.291694346Z-c4-real-task-0150,signed_post_evalsnapshot,true,2,1783314110175,0,Qmai7UoY48iFcYWTQWg3KAhEtCNFhrWvnyLa9J1qYPcDzG,false
1013,e6-lifecycle-20260706T050147.291694346Z-c4-real-task-0150,signed_vote1,true,1,1783314110177,0,Qmai7UoY48iFcYWTQWg3KAhEtCNFhrWvnyLa9J1qYPcDzG,false
1014,e6-lifecycle-20260706T050147.291694346Z-c4-real-task-0150,signed_vote2,true,3,1783314110178,0,Qmai7UoY48iFcYWTQWg3KAhEtCNFhrWvnyLa9J1qYPcDzG,false
1015,e6-lifecycle-20260706T050147.291694346Z-c4-real-task-0150,signed_settlement,true,2,1783314110181,0,Qmai7UoY48iFcYWTQWg3KAhEtCNFhrWvnyLa9J1qYPcDzG,false
1016,e6-lifecycle-20260706T050147.291694346Z-c4-real-task-0150,signed_query_latest,true,0,1783314110183,0,Qmai7UoY48iFcYWTQWg3KAhEtCNFhrWvnyLa9J1qYPcDzG,false
1017,e6-lifecycle-20260706T050147.291694346Z-c4-real-task-0150,ipfs_verify,true,9,1783314110183,0,Qmai7UoY48iFcYWTQWg3KAhEtCNFhrWvnyLa9J1qYPcDzG,false
1018,e6-lifecycle-20260706T050147.291694346Z-c4-real-task-0151,ipfs_add,true,76,1783314110119,8145,,false
1019,e6-lifecycle-20260706T050147.291694346Z-c4-real-task-0151,signed_posttask,true,2,1783314110195,0,QmeY5sC4Xv3La4heuKD61xoMY8zD7nwjwXk76bcuFjtHdG,false
1020,e6-lifecycle-20260706T050147.291694346Z-c4-real-task-0151,signed_postallocation,true,2,1783314110197,0,QmeY5sC4Xv3La4heuKD61xoMY8zD7nwjwXk76bcuFjtHdG,false
1021,e6-lifecycle-20260706T050147.291694346Z-c4-real-task-0151,signed_post_evalsnapshot,true,2,1783314110199,0,QmeY5sC4Xv3La4heuKD61xoMY8zD7nwjwXk76bcuFjtHdG,false
1022,e6-lifecycle-20260706T050147.291694346Z-c4-real-task-0151,signed_vote1,true,2,1783314110201,0,QmeY5sC4Xv3La4heuKD61xoMY8zD7nwjwXk76bcuFjtHdG,false
1023,e6-lifecycle-20260706T050147.291694346Z-c4-real-task-0151,signed_vote2,true,2,1783314110203,0,QmeY5sC4Xv3La4heuKD61xoMY8zD7nwjwXk76bcuFjtHdG,false
1024,e6-lifecycle-20260706T050147.291694346Z-c4-real-task-0151,signed_settlement,true,1,1783314110205,0,QmeY5sC4Xv3La4heuKD61xoMY8zD7nwjwXk76bcuFjtHdG,false
1025,e6-lifecycle-20260706T050147.291694346Z-c4-real-task-0151,signed_query_latest,true,0,1783314110206,0,QmeY5sC4Xv3La4heuKD61xoMY8zD7nwjwXk76bcuFjtHdG,false
1026,e6-lifecycle-20260706T050147.291694346Z-c4-real-task-0151,ipfs_verify,true,10,1783314110207,0,QmeY5sC4Xv3La4heuKD61xoMY8zD7nwjwXk76bcuFjtHdG,false
1027,e6-lifecycle-20260706T050147.291694346Z-c4-real-task-0152,ipfs_add,true,75,1783314110144,1875,,false
1028,e6-lifecycle-20260706T050147.291694346Z-c4-real-task-0152,signed_posttask,true,2,1783314110219,0,QmPmVehraUyhMbSn9HCTL8q359r1tCfXC2uYfULpBHLvjP,false
1029,e6-lifecycle-20260706T050147.291694346Z-c4-real-task-0152,signed_postallocation,true,2,1783314110221,0,QmPmVehraUyhMbSn9HCTL8q359r1tCfXC2uYfULpBHLvjP,false
1030,e6-lifecycle-20260706T050147.291694346Z-c4-real-task-0152,signed_post_evalsnapshot,true,3,1783314110223,0,QmPmVehraUyhMbSn9HCTL8q359r1tCfXC2uYfULpBHLvjP,false
1031,e6-lifecycle-20260706T050147.291694346Z-c4-real-task-0152,signed_vote1,true,3,1783314110226,0,QmPmVehraUyhMbSn9HCTL8q359r1tCfXC2uYfULpBHLvjP,false
1032,e6-lifecycle-20260706T050147.291694346Z-c4-real-task-0152,signed_vote2,true,2,1783314110229,0,QmPmVehraUyhMbSn9HCTL8q359r1tCfXC2uYfULpBHLvjP,false
1033,e6-lifecycle-20260706T050147.291694346Z-c4-real-task-0152,signed_settlement,true,2,1783314110231,0,QmPmVehraUyhMbSn9HCTL8q359r1tCfXC2uYfULpBHLvjP,false
1034,e6-lifecycle-20260706T050147.291694346Z-c4-real-task-0152,signed_query_latest,true,0,1783314110233,0,QmPmVehraUyhMbSn9HCTL8q359r1tCfXC2uYfULpBHLvjP,false
1035,e6-lifecycle-20260706T050147.291694346Z-c4-real-task-0153,ipfs_add,true,75,1783314110166,1788,,false
1036,e6-lifecycle-20260706T050147.291694346Z-c4-real-task-0153,signed_posttask,true,2,1783314110241,0,QmRZHsRgbCA4gkEdt79xRJkB1H6eYmgZjWvtkeZDXPP6aA,false
1037,e6-lifecycle-20260706T050147.291694346Z-c4-real-task-0152,ipfs_verify,true,11,1783314110233,0,QmPmVehraUyhMbSn9HCTL8q359r1tCfXC2uYfULpBHLvjP,false
1038,e6-lifecycle-20260706T050147.291694346Z-c4-real-task-0153,signed_postallocation,true,2,1783314110243,0,QmRZHsRgbCA4gkEdt79xRJkB1H6eYmgZjWvtkeZDXPP6aA,false
1039,e6-lifecycle-20260706T050147.291694346Z-c4-real-task-0153,signed_post_evalsnapshot,true,2,1783314110245,0,QmRZHsRgbCA4gkEdt79xRJkB1H6eYmgZjWvtkeZDXPP6aA,false
1040,e6-lifecycle-20260706T050147.291694346Z-c4-real-task-0153,signed_vote1,true,3,1783314110247,0,QmRZHsRgbCA4gkEdt79xRJkB1H6eYmgZjWvtkeZDXPP6aA,false
1041,e6-lifecycle-20260706T050147.291694346Z-c4-real-task-0153,signed_vote2,true,1,1783314110250,0,QmRZHsRgbCA4gkEdt79xRJkB1H6eYmgZjWvtkeZDXPP6aA,false
1042,e6-lifecycle-20260706T050147.291694346Z-c4-real-task-0153,signed_settlement,true,2,1783314110251,0,QmRZHsRgbCA4gkEdt79xRJkB1H6eYmgZjWvtkeZDXPP6aA,false
1043,e6-lifecycle-20260706T050147.291694346Z-c4-real-task-0153,signed_query_latest,true,0,1783314110253,0,QmRZHsRgbCA4gkEdt79xRJkB1H6eYmgZjWvtkeZDXPP6aA,false
1044,e6-lifecycle-20260706T050147.291694346Z-c4-real-task-0154,ipfs_add,true,71,1783314110192,1793,,false
1045,e6-lifecycle-20260706T050147.291694346Z-c4-real-task-0154,signed_posttask,true,3,1783314110264,0,QmP1smz82VDmVYAjCDQXQL3tQyjhLY9AZx4ihRR3bmQmqR,false
1046,e6-lifecycle-20260706T050147.291694346Z-c4-real-task-0154,signed_postallocation,true,2,1783314110267,0,QmP1smz82VDmVYAjCDQXQL3tQyjhLY9AZx4ihRR3bmQmqR,false
1047,e6-lifecycle-20260706T050147.291694346Z-c4-real-task-0153,ipfs_verify,true,16,1783314110253,0,QmRZHsRgbCA4gkEdt79xRJkB1H6eYmgZjWvtkeZDXPP6aA,false
1048,e6-lifecycle-20260706T050147.291694346Z-c4-real-task-0154,signed_post_evalsnapshot,true,1,1783314110269,0,QmP1smz82VDmVYAjCDQXQL3tQyjhLY9AZx4ihRR3bmQmqR,false
1049,e6-lifecycle-20260706T050147.291694346Z-c4-real-task-0154,signed_vote1,true,5,1783314110270,0,QmP1smz82VDmVYAjCDQXQL3tQyjhLY9AZx4ihRR3bmQmqR,false
1050,e6-lifecycle-20260706T050147.291694346Z-c4-real-task-0154,signed_vote2,true,2,1783314110275,0,QmP1smz82VDmVYAjCDQXQL3tQyjhLY9AZx4ihRR3bmQmqR,false
1051,e6-lifecycle-20260706T050147.291694346Z-c4-real-task-0154,signed_settlement,true,2,1783314110277,0,QmP1smz82VDmVYAjCDQXQL3tQyjhLY9AZx4ihRR3bmQmqR,false
1052,e6-lifecycle-20260706T050147.291694346Z-c4-real-task-0154,signed_query_latest,true,0,1783314110279,0,QmP1smz82VDmVYAjCDQXQL3tQyjhLY9AZx4ihRR3bmQmqR,false
1053,e6-lifecycle-20260706T050147.291694346Z-c4-real-task-0154,ipfs_verify,true,11,1783314110279,0,QmP1smz82VDmVYAjCDQXQL3tQyjhLY9AZx4ihRR3bmQmqR,false
1054,e6-lifecycle-20260706T050147.291694346Z-c4-real-task-0155,ipfs_add,true,78,1783314110217,1762,,false
1055,e6-lifecycle-20260706T050147.291694346Z-c4-real-task-0155,signed_posttask,true,3,1783314110295,0,QmZKGWeYUaSbmhea5zAe3URkAmm7YgQGteWNmKZR7217eJ,false
1056,e6-lifecycle-20260706T050147.291694346Z-c4-real-task-0155,signed_postallocation,true,1,1783314110298,0,QmZKGWeYUaSbmhea5zAe3URkAmm7YgQGteWNmKZR7217eJ,false
1057,e6-lifecycle-20260706T050147.291694346Z-c4-real-task-0155,signed_post_evalsnapshot,true,2,1783314110299,0,QmZKGWeYUaSbmhea5zAe3URkAmm7YgQGteWNmKZR7217eJ,false
1058,e6-lifecycle-20260706T050147.291694346Z-c4-real-task-0155,signed_vote1,true,2,1783314110301,0,QmZKGWeYUaSbmhea5zAe3URkAmm7YgQGteWNmKZR7217eJ,false
1059,e6-lifecycle-20260706T050147.291694346Z-c4-real-task-0155,signed_vote2,true,3,1783314110303,0,QmZKGWeYUaSbmhea5zAe3URkAmm7YgQGteWNmKZR7217eJ,false
1060,e6-lifecycle-20260706T050147.291694346Z-c4-real-task-0155,signed_settlement,true,3,1783314110306,0,QmZKGWeYUaSbmhea5zAe3URkAmm7YgQGteWNmKZR7217eJ,false
1061,e6-lifecycle-20260706T050147.291694346Z-c4-real-task-0155,signed_query_latest,true,0,1783314110309,0,QmZKGWeYUaSbmhea5zAe3URkAmm7YgQGteWNmKZR7217eJ,false
1062,e6-lifecycle-20260706T050147.291694346Z-c4-real-task-0156,ipfs_add,true,72,1783314110244,5744,,false
1063,e6-lifecycle-20260706T050147.291694346Z-c4-real-task-0155,ipfs_verify,true,8,1783314110309,0,QmZKGWeYUaSbmhea5zAe3URkAmm7YgQGteWNmKZR7217eJ,false
1064,e6-lifecycle-20260706T050147.291694346Z-c4-real-task-0156,signed_posttask,true,2,1783314110316,0,QmSqr1qUgBC93JV58qSDUGhGxFsKaVMkP8Lc2oQULWUSmz,false
1065,e6-lifecycle-20260706T050147.291694346Z-c4-real-task-0156,signed_postallocation,true,2,1783314110318,0,QmSqr1qUgBC93JV58qSDUGhGxFsKaVMkP8Lc2oQULWUSmz,false
1066,e6-lifecycle-20260706T050147.291694346Z-c4-real-task-0156,signed_post_evalsnapshot,true,2,1783314110320,0,QmSqr1qUgBC93JV58qSDUGhGxFsKaVMkP8Lc2oQULWUSmz,false
1067,e6-lifecycle-20260706T050147.291694346Z-c4-real-task-0156,signed_vote1,true,2,1783314110322,0,QmSqr1qUgBC93JV58qSDUGhGxFsKaVMkP8Lc2oQULWUSmz,false
1068,e6-lifecycle-20260706T050147.291694346Z-c4-real-task-0156,signed_vote2,true,2,1783314110324,0,QmSqr1qUgBC93JV58qSDUGhGxFsKaVMkP8Lc2oQULWUSmz,false
1069,e6-lifecycle-20260706T050147.291694346Z-c4-real-task-0156,signed_settlement,true,3,1783314110326,0,QmSqr1qUgBC93JV58qSDUGhGxFsKaVMkP8Lc2oQULWUSmz,false
1070,e6-lifecycle-20260706T050147.291694346Z-c4-real-task-0156,signed_query_latest,true,0,1783314110329,0,QmSqr1qUgBC93JV58qSDUGhGxFsKaVMkP8Lc2oQULWUSmz,false
1071,e6-lifecycle-20260706T050147.291694346Z-c4-real-task-0156,ipfs_verify,true,10,1783314110329,0,QmSqr1qUgBC93JV58qSDUGhGxFsKaVMkP8Lc2oQULWUSmz,false
1072,e6-lifecycle-20260706T050147.291694346Z-c4-real-task-0157,ipfs_add,true,75,1783314110269,5957,,false
1073,e6-lifecycle-20260706T050147.291694346Z-c4-real-task-0157,signed_posttask,true,3,1783314110344,0,QmWamsqRbU1q3fiJX5vX2XCvBRJV8eoK1PEp3ctrbdxoam,false
1074,e6-lifecycle-20260706T050147.291694346Z-c4-real-task-0157,signed_postallocation,true,4,1783314110347,0,QmWamsqRbU1q3fiJX5vX2XCvBRJV8eoK1PEp3ctrbdxoam,false
1075,e6-lifecycle-20260706T050147.291694346Z-c4-real-task-0157,signed_post_evalsnapshot,true,3,1783314110351,0,QmWamsqRbU1q3fiJX5vX2XCvBRJV8eoK1PEp3ctrbdxoam,false
1076,e6-lifecycle-20260706T050147.291694346Z-c4-real-task-0157,signed_vote1,true,5,1783314110354,0,QmWamsqRbU1q3fiJX5vX2XCvBRJV8eoK1PEp3ctrbdxoam,false
1077,e6-lifecycle-20260706T050147.291694346Z-c4-real-task-0157,signed_vote2,true,3,1783314110359,0,QmWamsqRbU1q3fiJX5vX2XCvBRJV8eoK1PEp3ctrbdxoam,false
1078,e6-lifecycle-20260706T050147.291694346Z-c4-real-task-0157,signed_settlement,true,2,1783314110362,0,QmWamsqRbU1q3fiJX5vX2XCvBRJV8eoK1PEp3ctrbdxoam,false
1079,e6-lifecycle-20260706T050147.291694346Z-c4-real-task-0157,signed_query_latest,true,0,1783314110364,0,QmWamsqRbU1q3fiJX5vX2XCvBRJV8eoK1PEp3ctrbdxoam,false
1080,e6-lifecycle-20260706T050147.291694346Z-c4-real-task-0157,ipfs_verify,true,14,1783314110364,0,QmWamsqRbU1q3fiJX5vX2XCvBRJV8eoK1PEp3ctrbdxoam,false
1081,e6-lifecycle-20260706T050147.291694346Z-c4-real-task-0158,ipfs_add,true,92,1783314110290,2353,,false
1082,e6-lifecycle-20260706T050147.291694346Z-c4-real-task-0158,signed_posttask,true,3,1783314110382,0,QmW45d5KDagXQxapoDsAgos4eR8RW7sWehPq9Qivyv3imb,false
1083,e6-lifecycle-20260706T050147.291694346Z-c4-real-task-0158,signed_postallocation,true,2,1783314110385,0,QmW45d5KDagXQxapoDsAgos4eR8RW7sWehPq9Qivyv3imb,false
1084,e6-lifecycle-20260706T050147.291694346Z-c4-real-task-0158,signed_post_evalsnapshot,true,2,1783314110387,0,QmW45d5KDagXQxapoDsAgos4eR8RW7sWehPq9Qivyv3imb,false
1085,e6-lifecycle-20260706T050147.291694346Z-c4-real-task-0158,signed_vote1,true,3,1783314110389,0,QmW45d5KDagXQxapoDsAgos4eR8RW7sWehPq9Qivyv3imb,false
1086,e6-lifecycle-20260706T050147.291694346Z-c4-real-task-0158,signed_vote2,true,4,1783314110392,0,QmW45d5KDagXQxapoDsAgos4eR8RW7sWehPq9Qivyv3imb,false
1087,e6-lifecycle-20260706T050147.291694346Z-c4-real-task-0158,signed_settlement,true,2,1783314110396,0,QmW45d5KDagXQxapoDsAgos4eR8RW7sWehPq9Qivyv3imb,false
1088,e6-lifecycle-20260706T050147.291694346Z-c4-real-task-0158,signed_query_latest,true,0,1783314110398,0,QmW45d5KDagXQxapoDsAgos4eR8RW7sWehPq9Qivyv3imb,false
1089,e6-lifecycle-20260706T050147.291694346Z-c4-real-task-0159,ipfs_add,true,96,1783314110317,1618,,false
1090,e6-lifecycle-20260706T050147.291694346Z-c4-real-task-0158,ipfs_verify,true,17,1783314110398,0,QmW45d5KDagXQxapoDsAgos4eR8RW7sWehPq9Qivyv3imb,false
1091,e6-lifecycle-20260706T050147.291694346Z-c4-real-task-0159,signed_posttask,true,3,1783314110413,0,QmdxYpLKMtBw1hrsF8LgCLrKH1BbADtRRsjGCzLCCrthCc,false
1092,e6-lifecycle-20260706T050147.291694346Z-c4-real-task-0159,signed_postallocation,true,2,1783314110416,0,QmdxYpLKMtBw1hrsF8LgCLrKH1BbADtRRsjGCzLCCrthCc,false
1093,e6-lifecycle-20260706T050147.291694346Z-c4-real-task-0159,signed_post_evalsnapshot,true,2,1783314110418,0,QmdxYpLKMtBw1hrsF8LgCLrKH1BbADtRRsjGCzLCCrthCc,false
1094,e6-lifecycle-20260706T050147.291694346Z-c4-real-task-0159,signed_vote1,true,3,1783314110420,0,QmdxYpLKMtBw1hrsF8LgCLrKH1BbADtRRsjGCzLCCrthCc,false
1095,e6-lifecycle-20260706T050147.291694346Z-c4-real-task-0159,signed_vote2,true,2,1783314110423,0,QmdxYpLKMtBw1hrsF8LgCLrKH1BbADtRRsjGCzLCCrthCc,false
1096,e6-lifecycle-20260706T050147.291694346Z-c4-real-task-0159,signed_settlement,true,2,1783314110425,0,QmdxYpLKMtBw1hrsF8LgCLrKH1BbADtRRsjGCzLCCrthCc,false
1097,e6-lifecycle-20260706T050147.291694346Z-c4-real-task-0159,signed_query_latest,true,0,1783314110427,0,QmdxYpLKMtBw1hrsF8LgCLrKH1BbADtRRsjGCzLCCrthCc,false
1098,e6-lifecycle-20260706T050147.291694346Z-c4-real-task-0159,ipfs_verify,true,11,1783314110427,0,QmdxYpLKMtBw1hrsF8LgCLrKH1BbADtRRsjGCzLCCrthCc,false
1099,e6-lifecycle-20260706T050147.291694346Z-c4-real-task-0160,ipfs_add,true,100,1783314110339,3112,,false
1100,e6-lifecycle-20260706T050147.291694346Z-c4-real-task-0160,signed_posttask,true,3,1783314110439,0,QmZcHogHrAZaeaBhWnqwZoH5LhmdVbJ6pEy6KSUXD7Sqeh,false
1101,e6-lifecycle-20260706T050147.291694346Z-c4-real-task-0160,signed_postallocation,true,2,1783314110442,0,QmZcHogHrAZaeaBhWnqwZoH5LhmdVbJ6pEy6KSUXD7Sqeh,false
1102,e6-lifecycle-20260706T050147.291694346Z-c4-real-task-0160,signed_post_evalsnapshot,true,2,1783314110444,0,QmZcHogHrAZaeaBhWnqwZoH5LhmdVbJ6pEy6KSUXD7Sqeh,false
1103,e6-lifecycle-20260706T050147.291694346Z-c4-real-task-0160,signed_vote1,true,1,1783314110446,0,QmZcHogHrAZaeaBhWnqwZoH5LhmdVbJ6pEy6KSUXD7Sqeh,false
1104,e6-lifecycle-20260706T050147.291694346Z-c4-real-task-0160,signed_vote2,true,2,1783314110447,0,QmZcHogHrAZaeaBhWnqwZoH5LhmdVbJ6pEy6KSUXD7Sqeh,false
1105,e6-lifecycle-20260706T050147.291694346Z-c4-real-task-0160,signed_settlement,true,2,1783314110449,0,QmZcHogHrAZaeaBhWnqwZoH5LhmdVbJ6pEy6KSUXD7Sqeh,false
1106,e6-lifecycle-20260706T050147.291694346Z-c4-real-task-0160,signed_query_latest,true,0,1783314110451,0,QmZcHogHrAZaeaBhWnqwZoH5LhmdVbJ6pEy6KSUXD7Sqeh,false
1107,e6-lifecycle-20260706T050147.291694346Z-c4-real-task-0160,ipfs_verify,true,8,1783314110451,0,QmZcHogHrAZaeaBhWnqwZoH5LhmdVbJ6pEy6KSUXD7Sqeh,false
1108,e6-lifecycle-20260706T050147.291694346Z-c4-real-task-0161,ipfs_add,true,89,1783314110378,2567,,false
1109,e6-lifecycle-20260706T050147.291694346Z-c4-real-task-0161,signed_posttask,true,2,1783314110467,0,QmVHT5ucjcpkHShAnZazRTavev3cXT2osoYZL29UVeigZs,false
1110,e6-lifecycle-20260706T050147.291694346Z-c4-real-task-0161,signed_postallocation,true,2,1783314110469,0,QmVHT5ucjcpkHShAnZazRTavev3cXT2osoYZL29UVeigZs,false
1111,e6-lifecycle-20260706T050147.291694346Z-c4-real-task-0161,signed_post_evalsnapshot,true,1,1783314110471,0,QmVHT5ucjcpkHShAnZazRTavev3cXT2osoYZL29UVeigZs,false
1112,e6-lifecycle-20260706T050147.291694346Z-c4-real-task-0161,signed_vote1,true,2,1783314110472,0,QmVHT5ucjcpkHShAnZazRTavev3cXT2osoYZL29UVeigZs,false
1113,e6-lifecycle-20260706T050147.291694346Z-c4-real-task-0161,signed_vote2,true,2,1783314110474,0,QmVHT5ucjcpkHShAnZazRTavev3cXT2osoYZL29UVeigZs,false
1114,e6-lifecycle-20260706T050147.291694346Z-c4-real-task-0161,signed_settlement,true,2,1783314110476,0,QmVHT5ucjcpkHShAnZazRTavev3cXT2osoYZL29UVeigZs,false
1115,e6-lifecycle-20260706T050147.291694346Z-c4-real-task-0161,signed_query_latest,true,0,1783314110478,0,QmVHT5ucjcpkHShAnZazRTavev3cXT2osoYZL29UVeigZs,false
1116,e6-lifecycle-20260706T050147.291694346Z-c4-real-task-0161,ipfs_verify,true,9,1783314110478,0,QmVHT5ucjcpkHShAnZazRTavev3cXT2osoYZL29UVeigZs,false
1117,e6-lifecycle-20260706T050147.291694346Z-c4-real-task-0162,ipfs_add,true,72,1783314110415,2034,,false
1118,e6-lifecycle-20260706T050147.291694346Z-c4-real-task-0162,signed_posttask,true,2,1783314110487,0,QmWEY5PvyU4H8vYcY2riKxKMc1nBFYKtSn243fBKXvUxUT,false
1119,e6-lifecycle-20260706T050147.291694346Z-c4-real-task-0162,signed_postallocation,true,2,1783314110489,0,QmWEY5PvyU4H8vYcY2riKxKMc1nBFYKtSn243fBKXvUxUT,false
1120,e6-lifecycle-20260706T050147.291694346Z-c4-real-task-0162,signed_post_evalsnapshot,true,2,1783314110491,0,QmWEY5PvyU4H8vYcY2riKxKMc1nBFYKtSn243fBKXvUxUT,false
1121,e6-lifecycle-20260706T050147.291694346Z-c4-real-task-0162,signed_vote1,true,2,1783314110493,0,QmWEY5PvyU4H8vYcY2riKxKMc1nBFYKtSn243fBKXvUxUT,false
1122,e6-lifecycle-20260706T050147.291694346Z-c4-real-task-0162,signed_vote2,true,1,1783314110495,0,QmWEY5PvyU4H8vYcY2riKxKMc1nBFYKtSn243fBKXvUxUT,false
1123,e6-lifecycle-20260706T050147.291694346Z-c4-real-task-0162,signed_settlement,true,2,1783314110496,0,QmWEY5PvyU4H8vYcY2riKxKMc1nBFYKtSn243fBKXvUxUT,false
1124,e6-lifecycle-20260706T050147.291694346Z-c4-real-task-0162,signed_query_latest,true,0,1783314110498,0,QmWEY5PvyU4H8vYcY2riKxKMc1nBFYKtSn243fBKXvUxUT,false
1125,e6-lifecycle-20260706T050147.291694346Z-c4-real-task-0162,ipfs_verify,true,8,1783314110498,0,QmWEY5PvyU4H8vYcY2riKxKMc1nBFYKtSn243fBKXvUxUT,false
1126,e6-lifecycle-20260706T050147.291694346Z-c4-real-task-0163,ipfs_add,true,74,1783314110438,5564,,false
1127,e6-lifecycle-20260706T050147.291694346Z-c4-real-task-0163,signed_posttask,true,2,1783314110512,0,QmWVNuFxXBBoYjDDqPM5JjHqatxTLGdC8aLk7ick1Kz4Yb,false
1128,e6-lifecycle-20260706T050147.291694346Z-c4-real-task-0163,signed_postallocation,true,1,1783314110514,0,QmWVNuFxXBBoYjDDqPM5JjHqatxTLGdC8aLk7ick1Kz4Yb,false
1129,e6-lifecycle-20260706T050147.291694346Z-c4-real-task-0163,signed_post_evalsnapshot,true,2,1783314110515,0,QmWVNuFxXBBoYjDDqPM5JjHqatxTLGdC8aLk7ick1Kz4Yb,false
1130,e6-lifecycle-20260706T050147.291694346Z-c4-real-task-0163,signed_vote1,true,2,1783314110517,0,QmWVNuFxXBBoYjDDqPM5JjHqatxTLGdC8aLk7ick1Kz4Yb,false
1131,e6-lifecycle-20260706T050147.291694346Z-c4-real-task-0163,signed_vote2,true,2,1783314110519,0,QmWVNuFxXBBoYjDDqPM5JjHqatxTLGdC8aLk7ick1Kz4Yb,false
1132,e6-lifecycle-20260706T050147.291694346Z-c4-real-task-0163,signed_settlement,true,2,1783314110521,0,QmWVNuFxXBBoYjDDqPM5JjHqatxTLGdC8aLk7ick1Kz4Yb,false
1133,e6-lifecycle-20260706T050147.291694346Z-c4-real-task-0163,signed_query_latest,true,0,1783314110523,0,QmWVNuFxXBBoYjDDqPM5JjHqatxTLGdC8aLk7ick1Kz4Yb,false
1134,e6-lifecycle-20260706T050147.291694346Z-c4-real-task-0164,ipfs_add,true,77,1783314110459,1901,,false
1135,e6-lifecycle-20260706T050147.291694346Z-c4-real-task-0163,ipfs_verify,true,14,1783314110523,0,QmWVNuFxXBBoYjDDqPM5JjHqatxTLGdC8aLk7ick1Kz4Yb,false
1136,e6-lifecycle-20260706T050147.291694346Z-c4-real-task-0164,signed_posttask,true,2,1783314110536,0,QmenUvYwtVYLLgnnt9kzR3UcGRzkbap5J3M93Rp33ndQBW,false
1137,e6-lifecycle-20260706T050147.291694346Z-c4-real-task-0164,signed_postallocation,true,2,1783314110538,0,QmenUvYwtVYLLgnnt9kzR3UcGRzkbap5J3M93Rp33ndQBW,false
1138,e6-lifecycle-20260706T050147.291694346Z-c4-real-task-0164,signed_post_evalsnapshot,true,2,1783314110540,0,QmenUvYwtVYLLgnnt9kzR3UcGRzkbap5J3M93Rp33ndQBW,false
1139,e6-lifecycle-20260706T050147.291694346Z-c4-real-task-0164,signed_vote1,true,2,1783314110542,0,QmenUvYwtVYLLgnnt9kzR3UcGRzkbap5J3M93Rp33ndQBW,false
1140,e6-lifecycle-20260706T050147.291694346Z-c4-real-task-0164,signed_vote2,true,2,1783314110544,0,QmenUvYwtVYLLgnnt9kzR3UcGRzkbap5J3M93Rp33ndQBW,false
1141,e6-lifecycle-20260706T050147.291694346Z-c4-real-task-0164,signed_settlement,true,2,1783314110546,0,QmenUvYwtVYLLgnnt9kzR3UcGRzkbap5J3M93Rp33ndQBW,false
1142,e6-lifecycle-20260706T050147.291694346Z-c4-real-task-0164,signed_query_latest,true,0,1783314110548,0,QmenUvYwtVYLLgnnt9kzR3UcGRzkbap5J3M93Rp33ndQBW,false
1143,e6-lifecycle-20260706T050147.291694346Z-c4-real-task-0165,ipfs_add,true,72,1783314110487,5181,,false
1144,e6-lifecycle-20260706T050147.291694346Z-c4-real-task-0165,signed_posttask,true,2,1783314110559,0,QmfCP6JMHwAJzdeV44wRErrYPKwmwJ5zKaxLaC7PSEh7Xv,false
1145,e6-lifecycle-20260706T050147.291694346Z-c4-real-task-0165,signed_postallocation,true,1,1783314110561,0,QmfCP6JMHwAJzdeV44wRErrYPKwmwJ5zKaxLaC7PSEh7Xv,false
1146,e6-lifecycle-20260706T050147.291694346Z-c4-real-task-0164,ipfs_verify,true,16,1783314110548,0,QmenUvYwtVYLLgnnt9kzR3UcGRzkbap5J3M93Rp33ndQBW,false
1147,e6-lifecycle-20260706T050147.291694346Z-c4-real-task-0165,signed_post_evalsnapshot,true,2,1783314110562,0,QmfCP6JMHwAJzdeV44wRErrYPKwmwJ5zKaxLaC7PSEh7Xv,false
1148,e6-lifecycle-20260706T050147.291694346Z-c4-real-task-0165,signed_vote1,true,10,1783314110564,0,QmfCP6JMHwAJzdeV44wRErrYPKwmwJ5zKaxLaC7PSEh7Xv,false
1149,e6-lifecycle-20260706T050147.291694346Z-c4-real-task-0165,signed_vote2,true,2,1783314110574,0,QmfCP6JMHwAJzdeV44wRErrYPKwmwJ5zKaxLaC7PSEh7Xv,false
1150,e6-lifecycle-20260706T050147.291694346Z-c4-real-task-0165,signed_settlement,true,2,1783314110576,0,QmfCP6JMHwAJzdeV44wRErrYPKwmwJ5zKaxLaC7PSEh7Xv,false
1151,e6-lifecycle-20260706T050147.291694346Z-c4-real-task-0165,signed_query_latest,true,0,1783314110578,0,QmfCP6JMHwAJzdeV44wRErrYPKwmwJ5zKaxLaC7PSEh7Xv,false
1152,e6-lifecycle-20260706T050147.291694346Z-c4-real-task-0165,ipfs_verify,true,9,1783314110578,0,QmfCP6JMHwAJzdeV44wRErrYPKwmwJ5zKaxLaC7PSEh7Xv,false
1153,e6-lifecycle-20260706T050147.291694346Z-c4-real-task-0166,ipfs_add,true,84,1783314110506,3237,,false
1154,e6-lifecycle-20260706T050147.291694346Z-c4-real-task-0166,signed_posttask,true,3,1783314110590,0,QmTApS5qYgw5B1RZ5zisGBzCjQxmJKLLc5piMQryNc95Lw,false
1155,e6-lifecycle-20260706T050147.291694346Z-c4-real-task-0166,signed_postallocation,true,2,1783314110593,0,QmTApS5qYgw5B1RZ5zisGBzCjQxmJKLLc5piMQryNc95Lw,false
1156,e6-lifecycle-20260706T050147.291694346Z-c4-real-task-0166,signed_post_evalsnapshot,true,1,1783314110595,0,QmTApS5qYgw5B1RZ5zisGBzCjQxmJKLLc5piMQryNc95Lw,false
1157,e6-lifecycle-20260706T050147.291694346Z-c4-real-task-0166,signed_vote1,true,2,1783314110596,0,QmTApS5qYgw5B1RZ5zisGBzCjQxmJKLLc5piMQryNc95Lw,false
1158,e6-lifecycle-20260706T050147.291694346Z-c4-real-task-0166,signed_vote2,true,2,1783314110598,0,QmTApS5qYgw5B1RZ5zisGBzCjQxmJKLLc5piMQryNc95Lw,false
1159,e6-lifecycle-20260706T050147.291694346Z-c4-real-task-0166,signed_settlement,true,1,1783314110600,0,QmTApS5qYgw5B1RZ5zisGBzCjQxmJKLLc5piMQryNc95Lw,false
1160,e6-lifecycle-20260706T050147.291694346Z-c4-real-task-0166,signed_query_latest,true,0,1783314110601,0,QmTApS5qYgw5B1RZ5zisGBzCjQxmJKLLc5piMQryNc95Lw,false
1161,e6-lifecycle-20260706T050147.291694346Z-c4-real-task-0167,ipfs_add,true,74,1783314110537,2244,,false
1162,e6-lifecycle-20260706T050147.291694346Z-c4-real-task-0166,ipfs_verify,true,10,1783314110601,0,QmTApS5qYgw5B1RZ5zisGBzCjQxmJKLLc5piMQryNc95Lw,false
1163,e6-lifecycle-20260706T050147.291694346Z-c4-real-task-0167,signed_posttask,true,2,1783314110611,0,Qmb6sxdzbJZRHwThCpZp383LPMsQpPY5tVXmGq6tj6WAkE,false
1164,e6-lifecycle-20260706T050147.291694346Z-c4-real-task-0167,signed_postallocation,true,2,1783314110613,0,Qmb6sxdzbJZRHwThCpZp383LPMsQpPY5tVXmGq6tj6WAkE,false
1165,e6-lifecycle-20260706T050147.291694346Z-c4-real-task-0167,signed_post_evalsnapshot,true,1,1783314110615,0,Qmb6sxdzbJZRHwThCpZp383LPMsQpPY5tVXmGq6tj6WAkE,false
1166,e6-lifecycle-20260706T050147.291694346Z-c4-real-task-0167,signed_vote1,true,2,1783314110616,0,Qmb6sxdzbJZRHwThCpZp383LPMsQpPY5tVXmGq6tj6WAkE,false
1167,e6-lifecycle-20260706T050147.291694346Z-c4-real-task-0167,signed_vote2,true,2,1783314110618,0,Qmb6sxdzbJZRHwThCpZp383LPMsQpPY5tVXmGq6tj6WAkE,false
1168,e6-lifecycle-20260706T050147.291694346Z-c4-real-task-0167,signed_settlement,true,1,1783314110620,0,Qmb6sxdzbJZRHwThCpZp383LPMsQpPY5tVXmGq6tj6WAkE,false
1169,e6-lifecycle-20260706T050147.291694346Z-c4-real-task-0167,signed_query_latest,true,0,1783314110621,0,Qmb6sxdzbJZRHwThCpZp383LPMsQpPY5tVXmGq6tj6WAkE,false
1170,e6-lifecycle-20260706T050147.291694346Z-c4-real-task-0167,ipfs_verify,true,8,1783314110621,0,Qmb6sxdzbJZRHwThCpZp383LPMsQpPY5tVXmGq6tj6WAkE,false
1171,e6-lifecycle-20260706T050147.291694346Z-c4-real-task-0168,ipfs_add,true,68,1783314110564,3309,,false
1172,e6-lifecycle-20260706T050147.291694346Z-c4-real-task-0168,signed_posttask,true,4,1783314110632,0,QmW3R2ZUk1JeXnvoaVApYX6D73xdA2HnR93n8FvAGo1XWp,false
1173,e6-lifecycle-20260706T050147.291694346Z-c4-real-task-0168,signed_postallocation,true,2,1783314110636,0,QmW3R2ZUk1JeXnvoaVApYX6D73xdA2HnR93n8FvAGo1XWp,false
1174,e6-lifecycle-20260706T050147.291694346Z-c4-real-task-0168,signed_post_evalsnapshot,true,3,1783314110638,0,QmW3R2ZUk1JeXnvoaVApYX6D73xdA2HnR93n8FvAGo1XWp,false
1175,e6-lifecycle-20260706T050147.291694346Z-c4-real-task-0168,signed_vote1,true,1,1783314110641,0,QmW3R2ZUk1JeXnvoaVApYX6D73xdA2HnR93n8FvAGo1XWp,false
1176,e6-lifecycle-20260706T050147.291694346Z-c4-real-task-0168,signed_vote2,true,1,1783314110643,0,QmW3R2ZUk1JeXnvoaVApYX6D73xdA2HnR93n8FvAGo1XWp,false
1177,e6-lifecycle-20260706T050147.291694346Z-c4-real-task-0168,signed_settlement,true,2,1783314110644,0,QmW3R2ZUk1JeXnvoaVApYX6D73xdA2HnR93n8FvAGo1XWp,false
1178,e6-lifecycle-20260706T050147.291694346Z-c4-real-task-0168,signed_query_latest,true,0,1783314110646,0,QmW3R2ZUk1JeXnvoaVApYX6D73xdA2HnR93n8FvAGo1XWp,false
1179,e6-lifecycle-20260706T050147.291694346Z-c4-real-task-0168,ipfs_verify,true,9,1783314110646,0,QmW3R2ZUk1JeXnvoaVApYX6D73xdA2HnR93n8FvAGo1XWp,false
1180,e6-lifecycle-20260706T050147.291694346Z-c4-real-task-0169,ipfs_add,true,68,1783314110587,7969,,false
1181,e6-lifecycle-20260706T050147.291694346Z-c4-real-task-0169,signed_posttask,true,2,1783314110655,0,QmZLqC3g86PSYcSxK1cxvHGJ8Aik2UoKw8caWw7XhNXkPF,false
1182,e6-lifecycle-20260706T050147.291694346Z-c4-real-task-0169,signed_postallocation,true,2,1783314110657,0,QmZLqC3g86PSYcSxK1cxvHGJ8Aik2UoKw8caWw7XhNXkPF,false
1183,e6-lifecycle-20260706T050147.291694346Z-c4-real-task-0169,signed_post_evalsnapshot,true,2,1783314110659,0,QmZLqC3g86PSYcSxK1cxvHGJ8Aik2UoKw8caWw7XhNXkPF,false
1184,e6-lifecycle-20260706T050147.291694346Z-c4-real-task-0169,signed_vote1,true,1,1783314110661,0,QmZLqC3g86PSYcSxK1cxvHGJ8Aik2UoKw8caWw7XhNXkPF,false
1185,e6-lifecycle-20260706T050147.291694346Z-c4-real-task-0169,signed_vote2,true,2,1783314110662,0,QmZLqC3g86PSYcSxK1cxvHGJ8Aik2UoKw8caWw7XhNXkPF,false
1186,e6-lifecycle-20260706T050147.291694346Z-c4-real-task-0169,signed_settlement,true,3,1783314110664,0,QmZLqC3g86PSYcSxK1cxvHGJ8Aik2UoKw8caWw7XhNXkPF,false
1187,e6-lifecycle-20260706T050147.291694346Z-c4-real-task-0169,signed_query_latest,true,0,1783314110667,0,QmZLqC3g86PSYcSxK1cxvHGJ8Aik2UoKw8caWw7XhNXkPF,false
1188,e6-lifecycle-20260706T050147.291694346Z-c4-real-task-0169,ipfs_verify,true,8,1783314110667,0,QmZLqC3g86PSYcSxK1cxvHGJ8Aik2UoKw8caWw7XhNXkPF,false
1189,e6-lifecycle-20260706T050147.291694346Z-c4-real-task-0170,ipfs_add,true,64,1783314110612,4645,,false
1190,e6-lifecycle-20260706T050147.291694346Z-c4-real-task-0170,signed_posttask,true,2,1783314110676,0,QmSos72kuKbiboaW2t61phLxW7ptKFQdMCisw6tNBtbcDE,false
1191,e6-lifecycle-20260706T050147.291694346Z-c4-real-task-0170,signed_postallocation,true,2,1783314110678,0,QmSos72kuKbiboaW2t61phLxW7ptKFQdMCisw6tNBtbcDE,false
1192,e6-lifecycle-20260706T050147.291694346Z-c4-real-task-0170,signed_post_evalsnapshot,true,1,1783314110680,0,QmSos72kuKbiboaW2t61phLxW7ptKFQdMCisw6tNBtbcDE,false
1193,e6-lifecycle-20260706T050147.291694346Z-c4-real-task-0170,signed_vote1,true,2,1783314110681,0,QmSos72kuKbiboaW2t61phLxW7ptKFQdMCisw6tNBtbcDE,false
1194,e6-lifecycle-20260706T050147.291694346Z-c4-real-task-0170,signed_vote2,true,2,1783314110683,0,QmSos72kuKbiboaW2t61phLxW7ptKFQdMCisw6tNBtbcDE,false
1195,e6-lifecycle-20260706T050147.291694346Z-c4-real-task-0170,signed_settlement,true,1,1783314110685,0,QmSos72kuKbiboaW2t61phLxW7ptKFQdMCisw6tNBtbcDE,false
1196,e6-lifecycle-20260706T050147.291694346Z-c4-real-task-0170,signed_query_latest,true,0,1783314110686,0,QmSos72kuKbiboaW2t61phLxW7ptKFQdMCisw6tNBtbcDE,false
1197,e6-lifecycle-20260706T050147.291694346Z-c4-real-task-0170,ipfs_verify,true,8,1783314110686,0,QmSos72kuKbiboaW2t61phLxW7ptKFQdMCisw6tNBtbcDE,false
1198,e6-lifecycle-20260706T050147.291694346Z-c4-real-task-0171,ipfs_add,true,68,1783314110629,4195,,false
1199,e6-lifecycle-20260706T050147.291694346Z-c4-real-task-0171,signed_posttask,true,2,1783314110697,0,QmZjdLVQXtktv5yJUsy2JQrY7etRcY2dQbqD5P8k7FzLSd,false
1200,e6-lifecycle-20260706T050147.291694346Z-c4-real-task-0171,signed_postallocation,true,2,1783314110699,0,QmZjdLVQXtktv5yJUsy2JQrY7etRcY2dQbqD5P8k7FzLSd,false
1201,e6-lifecycle-20260706T050147.291694346Z-c4-real-task-0171,signed_post_evalsnapshot,true,2,1783314110701,0,QmZjdLVQXtktv5yJUsy2JQrY7etRcY2dQbqD5P8k7FzLSd,false
1202,e6-lifecycle-20260706T050147.291694346Z-c4-real-task-0171,signed_vote1,true,1,1783314110703,0,QmZjdLVQXtktv5yJUsy2JQrY7etRcY2dQbqD5P8k7FzLSd,false
1203,e6-lifecycle-20260706T050147.291694346Z-c4-real-task-0171,signed_vote2,true,2,1783314110704,0,QmZjdLVQXtktv5yJUsy2JQrY7etRcY2dQbqD5P8k7FzLSd,false
1204,e6-lifecycle-20260706T050147.291694346Z-c4-real-task-0171,signed_settlement,true,2,1783314110706,0,QmZjdLVQXtktv5yJUsy2JQrY7etRcY2dQbqD5P8k7FzLSd,false
1205,e6-lifecycle-20260706T050147.291694346Z-c4-real-task-0171,signed_query_latest,true,0,1783314110708,0,QmZjdLVQXtktv5yJUsy2JQrY7etRcY2dQbqD5P8k7FzLSd,false
1206,e6-lifecycle-20260706T050147.291694346Z-c4-real-task-0171,ipfs_verify,true,9,1783314110708,0,QmZjdLVQXtktv5yJUsy2JQrY7etRcY2dQbqD5P8k7FzLSd,false
1207,e6-lifecycle-20260706T050147.291694346Z-c4-real-task-0172,ipfs_add,true,70,1783314110655,1446,,false
1208,e6-lifecycle-20260706T050147.291694346Z-c4-real-task-0172,signed_posttask,true,2,1783314110725,0,QmWCXhJMHo5d7nRYTgmt9DNVZcy4VxB9ac3rTxcCb2NF2D,false
1209,e6-lifecycle-20260706T050147.291694346Z-c4-real-task-0172,signed_postallocation,true,4,1783314110727,0,QmWCXhJMHo5d7nRYTgmt9DNVZcy4VxB9ac3rTxcCb2NF2D,false
1210,e6-lifecycle-20260706T050147.291694346Z-c4-real-task-0172,signed_post_evalsnapshot,true,2,1783314110731,0,QmWCXhJMHo5d7nRYTgmt9DNVZcy4VxB9ac3rTxcCb2NF2D,false
1211,e6-lifecycle-20260706T050147.291694346Z-c4-real-task-0172,signed_vote1,true,2,1783314110733,0,QmWCXhJMHo5d7nRYTgmt9DNVZcy4VxB9ac3rTxcCb2NF2D,false
1212,e6-lifecycle-20260706T050147.291694346Z-c4-real-task-0172,signed_vote2,true,2,1783314110735,0,QmWCXhJMHo5d7nRYTgmt9DNVZcy4VxB9ac3rTxcCb2NF2D,false
1213,e6-lifecycle-20260706T050147.291694346Z-c4-real-task-0172,signed_settlement,true,2,1783314110737,0,QmWCXhJMHo5d7nRYTgmt9DNVZcy4VxB9ac3rTxcCb2NF2D,false
1214,e6-lifecycle-20260706T050147.291694346Z-c4-real-task-0172,signed_query_latest,true,0,1783314110739,0,QmWCXhJMHo5d7nRYTgmt9DNVZcy4VxB9ac3rTxcCb2NF2D,false
1215,e6-lifecycle-20260706T050147.291694346Z-c4-real-task-0172,ipfs_verify,true,10,1783314110739,0,QmWCXhJMHo5d7nRYTgmt9DNVZcy4VxB9ac3rTxcCb2NF2D,false
1216,e6-lifecycle-20260706T050147.291694346Z-c4-real-task-0173,ipfs_add,true,74,1783314110675,4300,,false
1217,e6-lifecycle-20260706T050147.291694346Z-c4-real-task-0173,signed_posttask,true,2,1783314110749,0,QmbfTxCmxcHLajsThp62tm2pwqsRpuG1kR3xMMAoDmU5AM,false
1218,e6-lifecycle-20260706T050147.291694346Z-c4-real-task-0173,signed_postallocation,true,2,1783314110751,0,QmbfTxCmxcHLajsThp62tm2pwqsRpuG1kR3xMMAoDmU5AM,false
1219,e6-lifecycle-20260706T050147.291694346Z-c4-real-task-0173,signed_post_evalsnapshot,true,3,1783314110753,0,QmbfTxCmxcHLajsThp62tm2pwqsRpuG1kR3xMMAoDmU5AM,false
1220,e6-lifecycle-20260706T050147.291694346Z-c4-real-task-0173,signed_vote1,true,2,1783314110756,0,QmbfTxCmxcHLajsThp62tm2pwqsRpuG1kR3xMMAoDmU5AM,false
1221,e6-lifecycle-20260706T050147.291694346Z-c4-real-task-0173,signed_vote2,true,2,1783314110758,0,QmbfTxCmxcHLajsThp62tm2pwqsRpuG1kR3xMMAoDmU5AM,false
1222,e6-lifecycle-20260706T050147.291694346Z-c4-real-task-0173,signed_settlement,true,1,1783314110760,0,QmbfTxCmxcHLajsThp62tm2pwqsRpuG1kR3xMMAoDmU5AM,false
1223,e6-lifecycle-20260706T050147.291694346Z-c4-real-task-0173,signed_query_latest,true,0,1783314110761,0,QmbfTxCmxcHLajsThp62tm2pwqsRpuG1kR3xMMAoDmU5AM,false
1224,e6-lifecycle-20260706T050147.291694346Z-c4-real-task-0173,ipfs_verify,true,9,1783314110761,0,QmbfTxCmxcHLajsThp62tm2pwqsRpuG1kR3xMMAoDmU5AM,false
1225,e6-lifecycle-20260706T050147.291694346Z-c4-real-task-0175,ipfs_add,true,75,1783314110717,3257,,false
1226,e6-lifecycle-20260706T050147.291694346Z-c4-real-task-0175,signed_posttask,true,2,1783314110792,0,Qme56HU6MmPTV4JMa2UFRRBLDMk4TTUSKEeBW74bEDj7dJ,false
1227,e6-lifecycle-20260706T050147.291694346Z-c4-real-task-0175,signed_postallocation,true,2,1783314110794,0,Qme56HU6MmPTV4JMa2UFRRBLDMk4TTUSKEeBW74bEDj7dJ,false
1228,e6-lifecycle-20260706T050147.291694346Z-c4-real-task-0175,signed_post_evalsnapshot,true,2,1783314110796,0,Qme56HU6MmPTV4JMa2UFRRBLDMk4TTUSKEeBW74bEDj7dJ,false
1229,e6-lifecycle-20260706T050147.291694346Z-c4-real-task-0175,signed_vote1,true,2,1783314110798,0,Qme56HU6MmPTV4JMa2UFRRBLDMk4TTUSKEeBW74bEDj7dJ,false
1230,e6-lifecycle-20260706T050147.291694346Z-c4-real-task-0175,signed_vote2,true,2,1783314110800,0,Qme56HU6MmPTV4JMa2UFRRBLDMk4TTUSKEeBW74bEDj7dJ,false
1231,e6-lifecycle-20260706T050147.291694346Z-c4-real-task-0175,signed_settlement,true,1,1783314110802,0,Qme56HU6MmPTV4JMa2UFRRBLDMk4TTUSKEeBW74bEDj7dJ,false
1232,e6-lifecycle-20260706T050147.291694346Z-c4-real-task-0175,signed_query_latest,true,0,1783314110803,0,Qme56HU6MmPTV4JMa2UFRRBLDMk4TTUSKEeBW74bEDj7dJ,false
1233,e6-lifecycle-20260706T050147.291694346Z-c4-real-task-0175,ipfs_verify,true,9,1783314110803,0,Qme56HU6MmPTV4JMa2UFRRBLDMk4TTUSKEeBW74bEDj7dJ,false
1234,e6-lifecycle-20260706T050147.291694346Z-c4-real-task-0174,ipfs_add,true,119,1783314110695,5608,,false
1235,e6-lifecycle-20260706T050147.291694346Z-c4-real-task-0176,ipfs_add,true,65,1783314110749,4034,,false
1236,e6-lifecycle-20260706T050147.291694346Z-c4-real-task-0176,signed_posttask,true,2,1783314110814,0,QmWYpLa462QawExYZYEgndjMGHkBMC8A8zrbHbrtqQ4Wqh,false
1237,e6-lifecycle-20260706T050147.291694346Z-c4-real-task-0176,signed_postallocation,true,2,1783314110816,0,QmWYpLa462QawExYZYEgndjMGHkBMC8A8zrbHbrtqQ4Wqh,false
1238,e6-lifecycle-20260706T050147.291694346Z-c4-real-task-0174,signed_posttask,true,6,1783314110814,0,QmPxEGbddJ32igioNjm2AWhhmWQnoqqpTMJsfYKy6YhAFx,false
1239,e6-lifecycle-20260706T050147.291694346Z-c4-real-task-0174,signed_postallocation,true,2,1783314110820,0,QmPxEGbddJ32igioNjm2AWhhmWQnoqqpTMJsfYKy6YhAFx,false
1240,e6-lifecycle-20260706T050147.291694346Z-c4-real-task-0176,signed_post_evalsnapshot,true,6,1783314110818,0,QmWYpLa462QawExYZYEgndjMGHkBMC8A8zrbHbrtqQ4Wqh,false
1241,e6-lifecycle-20260706T050147.291694346Z-c4-real-task-0176,signed_vote1,true,2,1783314110824,0,QmWYpLa462QawExYZYEgndjMGHkBMC8A8zrbHbrtqQ4Wqh,false
1242,e6-lifecycle-20260706T050147.291694346Z-c4-real-task-0174,signed_post_evalsnapshot,true,5,1783314110822,0,QmPxEGbddJ32igioNjm2AWhhmWQnoqqpTMJsfYKy6YhAFx,false
1243,e6-lifecycle-20260706T050147.291694346Z-c4-real-task-0174,signed_vote1,true,2,1783314110827,0,QmPxEGbddJ32igioNjm2AWhhmWQnoqqpTMJsfYKy6YhAFx,false
1244,e6-lifecycle-20260706T050147.291694346Z-c4-real-task-0176,signed_vote2,true,5,1783314110826,0,QmWYpLa462QawExYZYEgndjMGHkBMC8A8zrbHbrtqQ4Wqh,false
1245,e6-lifecycle-20260706T050147.291694346Z-c4-real-task-0174,signed_vote2,true,5,1783314110829,0,QmPxEGbddJ32igioNjm2AWhhmWQnoqqpTMJsfYKy6YhAFx,false
1246,e6-lifecycle-20260706T050147.291694346Z-c4-real-task-0174,signed_settlement,true,2,1783314110834,0,QmPxEGbddJ32igioNjm2AWhhmWQnoqqpTMJsfYKy6YhAFx,false
1247,e6-lifecycle-20260706T050147.291694346Z-c4-real-task-0177,ipfs_add,true,67,1783314110770,5306,,false
1248,e6-lifecycle-20260706T050147.291694346Z-c4-real-task-0176,signed_settlement,true,7,1783314110831,0,QmWYpLa462QawExYZYEgndjMGHkBMC8A8zrbHbrtqQ4Wqh,false
1249,e6-lifecycle-20260706T050147.291694346Z-c4-real-task-0176,signed_query_latest,true,0,1783314110838,0,QmWYpLa462QawExYZYEgndjMGHkBMC8A8zrbHbrtqQ4Wqh,false
1250,e6-lifecycle-20260706T050147.291694346Z-c4-real-task-0174,signed_query_latest,true,2,1783314110836,0,QmPxEGbddJ32igioNjm2AWhhmWQnoqqpTMJsfYKy6YhAFx,false
1251,e6-lifecycle-20260706T050147.291694346Z-c4-real-task-0177,signed_posttask,true,3,1783314110837,0,Qme3x2wCQzF4crmA39HiD75kt4VPr32vpRsBDzTvRxgq25,false
1252,e6-lifecycle-20260706T050147.291694346Z-c4-real-task-0177,signed_postallocation,true,2,1783314110840,0,Qme3x2wCQzF4crmA39HiD75kt4VPr32vpRsBDzTvRxgq25,false
1253,e6-lifecycle-20260706T050147.291694346Z-c4-real-task-0177,signed_post_evalsnapshot,true,2,1783314110842,0,Qme3x2wCQzF4crmA39HiD75kt4VPr32vpRsBDzTvRxgq25,false
1254,e6-lifecycle-20260706T050147.291694346Z-c4-real-task-0177,signed_vote1,true,2,1783314110844,0,Qme3x2wCQzF4crmA39HiD75kt4VPr32vpRsBDzTvRxgq25,false
1255,e6-lifecycle-20260706T050147.291694346Z-c4-real-task-0176,ipfs_verify,true,8,1783314110838,0,QmWYpLa462QawExYZYEgndjMGHkBMC8A8zrbHbrtqQ4Wqh,false
1256,e6-lifecycle-20260706T050147.291694346Z-c4-real-task-0174,ipfs_verify,true,8,1783314110838,0,QmPxEGbddJ32igioNjm2AWhhmWQnoqqpTMJsfYKy6YhAFx,false
1257,e6-lifecycle-20260706T050147.291694346Z-c4-real-task-0177,signed_vote2,true,1,1783314110846,0,Qme3x2wCQzF4crmA39HiD75kt4VPr32vpRsBDzTvRxgq25,false
1258,e6-lifecycle-20260706T050147.291694346Z-c4-real-task-0177,signed_settlement,true,2,1783314110847,0,Qme3x2wCQzF4crmA39HiD75kt4VPr32vpRsBDzTvRxgq25,false
1259,e6-lifecycle-20260706T050147.291694346Z-c4-real-task-0177,signed_query_latest,true,0,1783314110849,0,Qme3x2wCQzF4crmA39HiD75kt4VPr32vpRsBDzTvRxgq25,false
1260,e6-lifecycle-20260706T050147.291694346Z-c4-real-task-0177,ipfs_verify,true,8,1783314110849,0,Qme3x2wCQzF4crmA39HiD75kt4VPr32vpRsBDzTvRxgq25,false
1261,e6-lifecycle-20260706T050147.291694346Z-c4-real-task-0179,ipfs_add,true,36,1783314110846,4715,,false
1262,e6-lifecycle-20260706T050147.291694346Z-c4-real-task-0179,signed_posttask,true,2,1783314110882,0,QmQrqM4ZAvnyMT9d45SyZYnGsRCBnWyWFkrZS7cSaxgJa7,false
1263,e6-lifecycle-20260706T050147.291694346Z-c4-real-task-0179,signed_postallocation,true,2,1783314110884,0,QmQrqM4ZAvnyMT9d45SyZYnGsRCBnWyWFkrZS7cSaxgJa7,false
1264,e6-lifecycle-20260706T050147.291694346Z-c4-real-task-0179,signed_post_evalsnapshot,true,1,1783314110886,0,QmQrqM4ZAvnyMT9d45SyZYnGsRCBnWyWFkrZS7cSaxgJa7,false
1265,e6-lifecycle-20260706T050147.291694346Z-c4-real-task-0179,signed_vote1,true,2,1783314110887,0,QmQrqM4ZAvnyMT9d45SyZYnGsRCBnWyWFkrZS7cSaxgJa7,false
1266,e6-lifecycle-20260706T050147.291694346Z-c4-real-task-0179,signed_vote2,true,2,1783314110889,0,QmQrqM4ZAvnyMT9d45SyZYnGsRCBnWyWFkrZS7cSaxgJa7,false
1267,e6-lifecycle-20260706T050147.291694346Z-c4-real-task-0179,signed_settlement,true,1,1783314110891,0,QmQrqM4ZAvnyMT9d45SyZYnGsRCBnWyWFkrZS7cSaxgJa7,false
1268,e6-lifecycle-20260706T050147.291694346Z-c4-real-task-0179,signed_query_latest,true,0,1783314110892,0,QmQrqM4ZAvnyMT9d45SyZYnGsRCBnWyWFkrZS7cSaxgJa7,false
1269,e6-lifecycle-20260706T050147.291694346Z-c4-real-task-0179,ipfs_verify,true,9,1783314110892,0,QmQrqM4ZAvnyMT9d45SyZYnGsRCBnWyWFkrZS7cSaxgJa7,false
1270,e6-lifecycle-20260706T050147.291694346Z-c4-real-task-0180,ipfs_add,true,56,1783314110846,2760,,false
1271,e6-lifecycle-20260706T050147.291694346Z-c4-real-task-0178,ipfs_add,true,90,1783314110812,4045,,false
1272,e6-lifecycle-20260706T050147.291694346Z-c4-real-task-0180,signed_posttask,true,3,1783314110902,0,QmR6Px5R1u5xpqRRLw23vf5EBSJuihmVCpGdNJzv4EWUGT,false
1273,e6-lifecycle-20260706T050147.291694346Z-c4-real-task-0180,signed_postallocation,true,2,1783314110905,0,QmR6Px5R1u5xpqRRLw23vf5EBSJuihmVCpGdNJzv4EWUGT,false
1274,e6-lifecycle-20260706T050147.291694346Z-c4-real-task-0178,signed_posttask,true,6,1783314110902,0,QmcMmCeXPTgB5hUZ5zyMPbzTYpXhmULJPRgFkQk49JE2yo,false
1275,e6-lifecycle-20260706T050147.291694346Z-c4-real-task-0178,signed_postallocation,true,2,1783314110908,0,QmcMmCeXPTgB5hUZ5zyMPbzTYpXhmULJPRgFkQk49JE2yo,false
1276,e6-lifecycle-20260706T050147.291694346Z-c4-real-task-0180,signed_post_evalsnapshot,true,5,1783314110907,0,QmR6Px5R1u5xpqRRLw23vf5EBSJuihmVCpGdNJzv4EWUGT,false
1277,e6-lifecycle-20260706T050147.291694346Z-c4-real-task-0180,signed_vote1,true,2,1783314110912,0,QmR6Px5R1u5xpqRRLw23vf5EBSJuihmVCpGdNJzv4EWUGT,false
1278,e6-lifecycle-20260706T050147.291694346Z-c4-real-task-0178,signed_post_evalsnapshot,true,5,1783314110910,0,QmcMmCeXPTgB5hUZ5zyMPbzTYpXhmULJPRgFkQk49JE2yo,false
1279,e6-lifecycle-20260706T050147.291694346Z-c4-real-task-0178,signed_vote1,true,2,1783314110915,0,QmcMmCeXPTgB5hUZ5zyMPbzTYpXhmULJPRgFkQk49JE2yo,false
1280,e6-lifecycle-20260706T050147.291694346Z-c4-real-task-0180,signed_vote2,true,6,1783314110914,0,QmR6Px5R1u5xpqRRLw23vf5EBSJuihmVCpGdNJzv4EWUGT,false
1281,e6-lifecycle-20260706T050147.291694346Z-c4-real-task-0180,signed_settlement,true,2,1783314110920,0,QmR6Px5R1u5xpqRRLw23vf5EBSJuihmVCpGdNJzv4EWUGT,false
1282,e6-lifecycle-20260706T050147.291694346Z-c4-real-task-0178,signed_vote2,true,6,1783314110917,0,QmcMmCeXPTgB5hUZ5zyMPbzTYpXhmULJPRgFkQk49JE2yo,false
1283,e6-lifecycle-20260706T050147.291694346Z-c4-real-task-0180,signed_query_latest,true,3,1783314110922,0,QmR6Px5R1u5xpqRRLw23vf5EBSJuihmVCpGdNJzv4EWUGT,false
1284,e6-lifecycle-20260706T050147.291694346Z-c4-real-task-0178,signed_settlement,true,2,1783314110923,0,QmcMmCeXPTgB5hUZ5zyMPbzTYpXhmULJPRgFkQk49JE2yo,false
1285,e6-lifecycle-20260706T050147.291694346Z-c4-real-task-0178,signed_query_latest,true,0,1783314110925,0,QmcMmCeXPTgB5hUZ5zyMPbzTYpXhmULJPRgFkQk49JE2yo,false
1286,e6-lifecycle-20260706T050147.291694346Z-c4-real-task-0181,ipfs_add,true,70,1783314110858,7983,,false
1287,e6-lifecycle-20260706T050147.291694346Z-c4-real-task-0181,signed_posttask,true,2,1783314110928,0,QmXfW8NQE7G8zKM2qSnSb7fyMnVy3r3ZfRZA2fMzkkS18d,false
1288,e6-lifecycle-20260706T050147.291694346Z-c4-real-task-0181,signed_postallocation,true,2,1783314110930,0,QmXfW8NQE7G8zKM2qSnSb7fyMnVy3r3ZfRZA2fMzkkS18d,false
1289,e6-lifecycle-20260706T050147.291694346Z-c4-real-task-0181,signed_post_evalsnapshot,true,2,1783314110932,0,QmXfW8NQE7G8zKM2qSnSb7fyMnVy3r3ZfRZA2fMzkkS18d,false
1290,e6-lifecycle-20260706T050147.291694346Z-c4-real-task-0181,signed_vote1,true,1,1783314110934,0,QmXfW8NQE7G8zKM2qSnSb7fyMnVy3r3ZfRZA2fMzkkS18d,false
1291,e6-lifecycle-20260706T050147.291694346Z-c4-real-task-0181,signed_vote2,true,2,1783314110935,0,QmXfW8NQE7G8zKM2qSnSb7fyMnVy3r3ZfRZA2fMzkkS18d,false
1292,e6-lifecycle-20260706T050147.291694346Z-c4-real-task-0178,ipfs_verify,true,14,1783314110925,0,QmcMmCeXPTgB5hUZ5zyMPbzTYpXhmULJPRgFkQk49JE2yo,false
1293,e6-lifecycle-20260706T050147.291694346Z-c4-real-task-0181,signed_settlement,true,2,1783314110937,0,QmXfW8NQE7G8zKM2qSnSb7fyMnVy3r3ZfRZA2fMzkkS18d,false
1294,e6-lifecycle-20260706T050147.291694346Z-c4-real-task-0181,signed_query_latest,true,0,1783314110939,0,QmXfW8NQE7G8zKM2qSnSb7fyMnVy3r3ZfRZA2fMzkkS18d,false
1295,e6-lifecycle-20260706T050147.291694346Z-c4-real-task-0180,ipfs_verify,true,17,1783314110925,0,QmR6Px5R1u5xpqRRLw23vf5EBSJuihmVCpGdNJzv4EWUGT,false
1296,e6-lifecycle-20260706T050147.291694346Z-c4-real-task-0181,ipfs_verify,true,8,1783314110939,0,QmXfW8NQE7G8zKM2qSnSb7fyMnVy3r3ZfRZA2fMzkkS18d,false
1297,e6-lifecycle-20260706T050147.291694346Z-c4-real-task-0182,ipfs_add,true,48,1783314110901,7430,,false
1298,e6-lifecycle-20260706T050147.291694346Z-c4-real-task-0182,signed_posttask,true,2,1783314110949,0,QmPh87qX4uXxDva18VFEqYFHobSnGGDvKi4JqHTLbhxoLw,false
1299,e6-lifecycle-20260706T050147.291694346Z-c4-real-task-0182,signed_postallocation,true,1,1783314110951,0,QmPh87qX4uXxDva18VFEqYFHobSnGGDvKi4JqHTLbhxoLw,false
1300,e6-lifecycle-20260706T050147.291694346Z-c4-real-task-0182,signed_post_evalsnapshot,true,2,1783314110952,0,QmPh87qX4uXxDva18VFEqYFHobSnGGDvKi4JqHTLbhxoLw,false
1301,e6-lifecycle-20260706T050147.291694346Z-c4-real-task-0182,signed_vote1,true,2,1783314110954,0,QmPh87qX4uXxDva18VFEqYFHobSnGGDvKi4JqHTLbhxoLw,false
1302,e6-lifecycle-20260706T050147.291694346Z-c4-real-task-0182,signed_vote2,true,2,1783314110956,0,QmPh87qX4uXxDva18VFEqYFHobSnGGDvKi4JqHTLbhxoLw,false
1303,e6-lifecycle-20260706T050147.291694346Z-c4-real-task-0182,signed_settlement,true,2,1783314110958,0,QmPh87qX4uXxDva18VFEqYFHobSnGGDvKi4JqHTLbhxoLw,false
1304,e6-lifecycle-20260706T050147.291694346Z-c4-real-task-0182,signed_query_latest,true,0,1783314110960,0,QmPh87qX4uXxDva18VFEqYFHobSnGGDvKi4JqHTLbhxoLw,false
1305,e6-lifecycle-20260706T050147.291694346Z-c4-real-task-0182,ipfs_verify,true,10,1783314110960,0,QmPh87qX4uXxDva18VFEqYFHobSnGGDvKi4JqHTLbhxoLw,false
1306,e6-lifecycle-20260706T050147.291694346Z-c4-real-task-0183,ipfs_add,true,38,1783314110939,4217,,false
1307,e6-lifecycle-20260706T050147.291694346Z-c4-real-task-0183,signed_posttask,true,2,1783314110977,0,QmbPwt9E6tLQ5debxusYUVQUr65wy3vAm8TvxdJjEf6yoF,false
1308,e6-lifecycle-20260706T050147.291694346Z-c4-real-task-0183,signed_postallocation,true,2,1783314110979,0,QmbPwt9E6tLQ5debxusYUVQUr65wy3vAm8TvxdJjEf6yoF,false
1309,e6-lifecycle-20260706T050147.291694346Z-c4-real-task-0183,signed_post_evalsnapshot,true,1,1783314110981,0,QmbPwt9E6tLQ5debxusYUVQUr65wy3vAm8TvxdJjEf6yoF,false
1310,e6-lifecycle-20260706T050147.291694346Z-c4-real-task-0183,signed_vote1,true,2,1783314110982,0,QmbPwt9E6tLQ5debxusYUVQUr65wy3vAm8TvxdJjEf6yoF,false
1311,e6-lifecycle-20260706T050147.291694346Z-c4-real-task-0183,signed_vote2,true,3,1783314110984,0,QmbPwt9E6tLQ5debxusYUVQUr65wy3vAm8TvxdJjEf6yoF,false
1312,e6-lifecycle-20260706T050147.291694346Z-c4-real-task-0183,signed_settlement,true,4,1783314110987,0,QmbPwt9E6tLQ5debxusYUVQUr65wy3vAm8TvxdJjEf6yoF,false
1313,e6-lifecycle-20260706T050147.291694346Z-c4-real-task-0183,signed_query_latest,true,0,1783314110991,0,QmbPwt9E6tLQ5debxusYUVQUr65wy3vAm8TvxdJjEf6yoF,false
1314,e6-lifecycle-20260706T050147.291694346Z-c4-real-task-0183,ipfs_verify,true,18,1783314110991,0,QmbPwt9E6tLQ5debxusYUVQUr65wy3vAm8TvxdJjEf6yoF,false
1315,e6-lifecycle-20260706T050147.291694346Z-c4-real-task-0184,ipfs_add,true,81,1783314110942,4322,,false
1316,e6-lifecycle-20260706T050147.291694346Z-c4-real-task-0184,signed_posttask,true,2,1783314111023,0,QmPSZKSDhc3oMmRRsdGa893tPo9QETi3JkqUddqajNAxLy,false
1317,e6-lifecycle-20260706T050147.291694346Z-c4-real-task-0184,signed_postallocation,true,2,1783314111025,0,QmPSZKSDhc3oMmRRsdGa893tPo9QETi3JkqUddqajNAxLy,false
1318,e6-lifecycle-20260706T050147.291694346Z-c4-real-task-0184,signed_post_evalsnapshot,true,2,1783314111027,0,QmPSZKSDhc3oMmRRsdGa893tPo9QETi3JkqUddqajNAxLy,false
1319,e6-lifecycle-20260706T050147.291694346Z-c4-real-task-0184,signed_vote1,true,2,1783314111029,0,QmPSZKSDhc3oMmRRsdGa893tPo9QETi3JkqUddqajNAxLy,false
1320,e6-lifecycle-20260706T050147.291694346Z-c4-real-task-0184,signed_vote2,true,1,1783314111031,0,QmPSZKSDhc3oMmRRsdGa893tPo9QETi3JkqUddqajNAxLy,false
1321,e6-lifecycle-20260706T050147.291694346Z-c4-real-task-0184,signed_settlement,true,2,1783314111032,0,QmPSZKSDhc3oMmRRsdGa893tPo9QETi3JkqUddqajNAxLy,false
1322,e6-lifecycle-20260706T050147.291694346Z-c4-real-task-0184,signed_query_latest,true,0,1783314111034,0,QmPSZKSDhc3oMmRRsdGa893tPo9QETi3JkqUddqajNAxLy,false
1323,e6-lifecycle-20260706T050147.291694346Z-c4-real-task-0184,ipfs_verify,true,8,1783314111034,0,QmPSZKSDhc3oMmRRsdGa893tPo9QETi3JkqUddqajNAxLy,false
1324,e6-lifecycle-20260706T050147.291694346Z-c4-real-task-0185,ipfs_add,true,99,1783314110948,4040,,false
1325,e6-lifecycle-20260706T050147.291694346Z-c4-real-task-0185,signed_posttask,true,2,1783314111047,0,QmT4bZjUycokNSYzs2a92RaLgz1rz7cYRBH2nyFGYtkV7Q,false
1326,e6-lifecycle-20260706T050147.291694346Z-c4-real-task-0185,signed_postallocation,true,1,1783314111049,0,QmT4bZjUycokNSYzs2a92RaLgz1rz7cYRBH2nyFGYtkV7Q,false
1327,e6-lifecycle-20260706T050147.291694346Z-c4-real-task-0185,signed_post_evalsnapshot,true,3,1783314111050,0,QmT4bZjUycokNSYzs2a92RaLgz1rz7cYRBH2nyFGYtkV7Q,false
1328,e6-lifecycle-20260706T050147.291694346Z-c4-real-task-0185,signed_vote1,true,2,1783314111053,0,QmT4bZjUycokNSYzs2a92RaLgz1rz7cYRBH2nyFGYtkV7Q,false
1329,e6-lifecycle-20260706T050147.291694346Z-c4-real-task-0185,signed_vote2,true,3,1783314111055,0,QmT4bZjUycokNSYzs2a92RaLgz1rz7cYRBH2nyFGYtkV7Q,false
1330,e6-lifecycle-20260706T050147.291694346Z-c4-real-task-0185,signed_settlement,true,2,1783314111058,0,QmT4bZjUycokNSYzs2a92RaLgz1rz7cYRBH2nyFGYtkV7Q,false
1331,e6-lifecycle-20260706T050147.291694346Z-c4-real-task-0185,signed_query_latest,true,0,1783314111060,0,QmT4bZjUycokNSYzs2a92RaLgz1rz7cYRBH2nyFGYtkV7Q,false
1332,e6-lifecycle-20260706T050147.291694346Z-c4-real-task-0186,ipfs_add,true,98,1783314110970,3760,,false
1333,e6-lifecycle-20260706T050147.291694346Z-c4-real-task-0185,ipfs_verify,true,8,1783314111060,0,QmT4bZjUycokNSYzs2a92RaLgz1rz7cYRBH2nyFGYtkV7Q,false
1334,e6-lifecycle-20260706T050147.291694346Z-c4-real-task-0186,signed_posttask,true,3,1783314111068,0,QmZA8PgSFKJwCnC8xR9o1nzuniwJhwtRPJevn7qR23cM26,false
1335,e6-lifecycle-20260706T050147.291694346Z-c4-real-task-0186,signed_postallocation,true,2,1783314111071,0,QmZA8PgSFKJwCnC8xR9o1nzuniwJhwtRPJevn7qR23cM26,false
1336,e6-lifecycle-20260706T050147.291694346Z-c4-real-task-0186,signed_post_evalsnapshot,true,3,1783314111073,0,QmZA8PgSFKJwCnC8xR9o1nzuniwJhwtRPJevn7qR23cM26,false
1337,e6-lifecycle-20260706T050147.291694346Z-c4-real-task-0186,signed_vote1,true,2,1783314111076,0,QmZA8PgSFKJwCnC8xR9o1nzuniwJhwtRPJevn7qR23cM26,false
1338,e6-lifecycle-20260706T050147.291694346Z-c4-real-task-0186,signed_vote2,true,1,1783314111078,0,QmZA8PgSFKJwCnC8xR9o1nzuniwJhwtRPJevn7qR23cM26,false
1339,e6-lifecycle-20260706T050147.291694346Z-c4-real-task-0186,signed_settlement,true,1,1783314111080,0,QmZA8PgSFKJwCnC8xR9o1nzuniwJhwtRPJevn7qR23cM26,false
1340,e6-lifecycle-20260706T050147.291694346Z-c4-real-task-0186,signed_query_latest,true,0,1783314111081,0,QmZA8PgSFKJwCnC8xR9o1nzuniwJhwtRPJevn7qR23cM26,false
1341,e6-lifecycle-20260706T050147.291694346Z-c4-real-task-0186,ipfs_verify,true,11,1783314111081,0,QmZA8PgSFKJwCnC8xR9o1nzuniwJhwtRPJevn7qR23cM26,false
1342,e6-lifecycle-20260706T050147.291694346Z-c4-real-task-0187,ipfs_add,true,83,1783314111009,3817,,false
1343,e6-lifecycle-20260706T050147.291694346Z-c4-real-task-0187,signed_posttask,true,5,1783314111092,0,Qmf8fbnaf3R2y5rxjCXbb3pgaPsQKQp68yoMb3dsh3Aeyh,false
1344,e6-lifecycle-20260706T050147.291694346Z-c4-real-task-0187,signed_postallocation,true,5,1783314111097,0,Qmf8fbnaf3R2y5rxjCXbb3pgaPsQKQp68yoMb3dsh3Aeyh,false
1345,e6-lifecycle-20260706T050147.291694346Z-c4-real-task-0187,signed_post_evalsnapshot,true,3,1783314111102,0,Qmf8fbnaf3R2y5rxjCXbb3pgaPsQKQp68yoMb3dsh3Aeyh,false
1346,e6-lifecycle-20260706T050147.291694346Z-c4-real-task-0187,signed_vote1,true,1,1783314111105,0,Qmf8fbnaf3R2y5rxjCXbb3pgaPsQKQp68yoMb3dsh3Aeyh,false
1347,e6-lifecycle-20260706T050147.291694346Z-c4-real-task-0187,signed_vote2,true,2,1783314111106,0,Qmf8fbnaf3R2y5rxjCXbb3pgaPsQKQp68yoMb3dsh3Aeyh,false
1348,e6-lifecycle-20260706T050147.291694346Z-c4-real-task-0187,signed_settlement,true,2,1783314111108,0,Qmf8fbnaf3R2y5rxjCXbb3pgaPsQKQp68yoMb3dsh3Aeyh,false
1349,e6-lifecycle-20260706T050147.291694346Z-c4-real-task-0187,signed_query_latest,true,0,1783314111110,0,Qmf8fbnaf3R2y5rxjCXbb3pgaPsQKQp68yoMb3dsh3Aeyh,false
1350,e6-lifecycle-20260706T050147.291694346Z-c4-real-task-0188,ipfs_add,true,76,1783314111042,3588,,false
1351,e6-lifecycle-20260706T050147.291694346Z-c4-real-task-0187,ipfs_verify,true,8,1783314111110,0,Qmf8fbnaf3R2y5rxjCXbb3pgaPsQKQp68yoMb3dsh3Aeyh,false
1352,e6-lifecycle-20260706T050147.291694346Z-c4-real-task-0188,signed_posttask,true,2,1783314111118,0,QmcA2snS31e3yhCPjoMSmuW8w6FVceBCsiYRZuzgLXJZRG,false
1353,e6-lifecycle-20260706T050147.291694346Z-c4-real-task-0188,signed_postallocation,true,1,1783314111120,0,QmcA2snS31e3yhCPjoMSmuW8w6FVceBCsiYRZuzgLXJZRG,false
1354,e6-lifecycle-20260706T050147.291694346Z-c4-real-task-0188,signed_post_evalsnapshot,true,2,1783314111121,0,QmcA2snS31e3yhCPjoMSmuW8w6FVceBCsiYRZuzgLXJZRG,false
1355,e6-lifecycle-20260706T050147.291694346Z-c4-real-task-0188,signed_vote1,true,5,1783314111123,0,QmcA2snS31e3yhCPjoMSmuW8w6FVceBCsiYRZuzgLXJZRG,false
1356,e6-lifecycle-20260706T050147.291694346Z-c4-real-task-0188,signed_vote2,true,2,1783314111128,0,QmcA2snS31e3yhCPjoMSmuW8w6FVceBCsiYRZuzgLXJZRG,false
1357,e6-lifecycle-20260706T050147.291694346Z-c4-real-task-0188,signed_settlement,true,3,1783314111130,0,QmcA2snS31e3yhCPjoMSmuW8w6FVceBCsiYRZuzgLXJZRG,false
1358,e6-lifecycle-20260706T050147.291694346Z-c4-real-task-0188,signed_query_latest,true,0,1783314111133,0,QmcA2snS31e3yhCPjoMSmuW8w6FVceBCsiYRZuzgLXJZRG,false
1359,e6-lifecycle-20260706T050147.291694346Z-c4-real-task-0188,ipfs_verify,true,10,1783314111133,0,QmcA2snS31e3yhCPjoMSmuW8w6FVceBCsiYRZuzgLXJZRG,false
1360,e6-lifecycle-20260706T050147.291694346Z-c4-real-task-0189,ipfs_add,true,75,1783314111068,3813,,false
1361,e6-lifecycle-20260706T050147.291694346Z-c4-real-task-0189,signed_posttask,true,3,1783314111143,0,QmddcGv3BfwnFZsm5H1ArqWuKN7jPveB9ZhCJXqBYVXr4Z,false
1362,e6-lifecycle-20260706T050147.291694346Z-c4-real-task-0189,signed_postallocation,true,1,1783314111146,0,QmddcGv3BfwnFZsm5H1ArqWuKN7jPveB9ZhCJXqBYVXr4Z,false
1363,e6-lifecycle-20260706T050147.291694346Z-c4-real-task-0189,signed_post_evalsnapshot,true,2,1783314111147,0,QmddcGv3BfwnFZsm5H1ArqWuKN7jPveB9ZhCJXqBYVXr4Z,false
1364,e6-lifecycle-20260706T050147.291694346Z-c4-real-task-0189,signed_vote1,true,2,1783314111149,0,QmddcGv3BfwnFZsm5H1ArqWuKN7jPveB9ZhCJXqBYVXr4Z,false
1365,e6-lifecycle-20260706T050147.291694346Z-c4-real-task-0189,signed_vote2,true,2,1783314111151,0,QmddcGv3BfwnFZsm5H1ArqWuKN7jPveB9ZhCJXqBYVXr4Z,false
1366,e6-lifecycle-20260706T050147.291694346Z-c4-real-task-0189,signed_settlement,true,2,1783314111153,0,QmddcGv3BfwnFZsm5H1ArqWuKN7jPveB9ZhCJXqBYVXr4Z,false
1367,e6-lifecycle-20260706T050147.291694346Z-c4-real-task-0189,signed_query_latest,true,0,1783314111155,0,QmddcGv3BfwnFZsm5H1ArqWuKN7jPveB9ZhCJXqBYVXr4Z,false
1368,e6-lifecycle-20260706T050147.291694346Z-c4-real-task-0189,ipfs_verify,true,8,1783314111155,0,QmddcGv3BfwnFZsm5H1ArqWuKN7jPveB9ZhCJXqBYVXr4Z,false
1369,e6-lifecycle-20260706T050147.291694346Z-c4-real-task-0190,ipfs_add,true,74,1783314111092,4444,,false
1370,e6-lifecycle-20260706T050147.291694346Z-c4-real-task-0190,signed_posttask,true,3,1783314111166,0,QmTYyB6jg19PhoaP2Bg8ox3B4TonwPSLo68XR9yyH3VskB,false
1371,e6-lifecycle-20260706T050147.291694346Z-c4-real-task-0190,signed_postallocation,true,1,1783314111169,0,QmTYyB6jg19PhoaP2Bg8ox3B4TonwPSLo68XR9yyH3VskB,false
1372,e6-lifecycle-20260706T050147.291694346Z-c4-real-task-0190,signed_post_evalsnapshot,true,2,1783314111170,0,QmTYyB6jg19PhoaP2Bg8ox3B4TonwPSLo68XR9yyH3VskB,false
1373,e6-lifecycle-20260706T050147.291694346Z-c4-real-task-0190,signed_vote1,true,3,1783314111172,0,QmTYyB6jg19PhoaP2Bg8ox3B4TonwPSLo68XR9yyH3VskB,false
1374,e6-lifecycle-20260706T050147.291694346Z-c4-real-task-0190,signed_vote2,true,1,1783314111175,0,QmTYyB6jg19PhoaP2Bg8ox3B4TonwPSLo68XR9yyH3VskB,false
1375,e6-lifecycle-20260706T050147.291694346Z-c4-real-task-0190,signed_settlement,true,2,1783314111176,0,QmTYyB6jg19PhoaP2Bg8ox3B4TonwPSLo68XR9yyH3VskB,false
1376,e6-lifecycle-20260706T050147.291694346Z-c4-real-task-0190,signed_query_latest,true,0,1783314111178,0,QmTYyB6jg19PhoaP2Bg8ox3B4TonwPSLo68XR9yyH3VskB,false
1377,e6-lifecycle-20260706T050147.291694346Z-c4-real-task-0190,ipfs_verify,true,7,1783314111178,0,QmTYyB6jg19PhoaP2Bg8ox3B4TonwPSLo68XR9yyH3VskB,false
1378,e6-lifecycle-20260706T050147.291694346Z-c4-real-task-0191,ipfs_add,true,73,1783314111118,4761,,false
1379,e6-lifecycle-20260706T050147.291694346Z-c4-real-task-0191,signed_posttask,true,3,1783314111191,0,QmQK4ChDQQAbfnUHBQHNjhVcC13LjvmaW51QAJHKkyJuWr,false
1380,e6-lifecycle-20260706T050147.291694346Z-c4-real-task-0191,signed_postallocation,true,2,1783314111194,0,QmQK4ChDQQAbfnUHBQHNjhVcC13LjvmaW51QAJHKkyJuWr,false
1381,e6-lifecycle-20260706T050147.291694346Z-c4-real-task-0191,signed_post_evalsnapshot,true,2,1783314111196,0,QmQK4ChDQQAbfnUHBQHNjhVcC13LjvmaW51QAJHKkyJuWr,false
1382,e6-lifecycle-20260706T050147.291694346Z-c4-real-task-0191,signed_vote1,true,2,1783314111198,0,QmQK4ChDQQAbfnUHBQHNjhVcC13LjvmaW51QAJHKkyJuWr,false
1383,e6-lifecycle-20260706T050147.291694346Z-c4-real-task-0191,signed_vote2,true,2,1783314111200,0,QmQK4ChDQQAbfnUHBQHNjhVcC13LjvmaW51QAJHKkyJuWr,false
1384,e6-lifecycle-20260706T050147.291694346Z-c4-real-task-0191,signed_settlement,true,1,1783314111202,0,QmQK4ChDQQAbfnUHBQHNjhVcC13LjvmaW51QAJHKkyJuWr,false
1385,e6-lifecycle-20260706T050147.291694346Z-c4-real-task-0191,signed_query_latest,true,0,1783314111203,0,QmQK4ChDQQAbfnUHBQHNjhVcC13LjvmaW51QAJHKkyJuWr,false
1386,e6-lifecycle-20260706T050147.291694346Z-c4-real-task-0191,ipfs_verify,true,9,1783314111203,0,QmQK4ChDQQAbfnUHBQHNjhVcC13LjvmaW51QAJHKkyJuWr,false
1387,e6-lifecycle-20260706T050147.291694346Z-c4-real-task-0192,ipfs_add,true,70,1783314111143,4212,,false
1388,e6-lifecycle-20260706T050147.291694346Z-c4-real-task-0192,signed_posttask,true,2,1783314111213,0,QmWMsVVs2hySKHixiKJetRsQBSH7CcjzbQrS3sZphmmfLm,false
1389,e6-lifecycle-20260706T050147.291694346Z-c4-real-task-0192,signed_postallocation,true,2,1783314111215,0,QmWMsVVs2hySKHixiKJetRsQBSH7CcjzbQrS3sZphmmfLm,false
1390,e6-lifecycle-20260706T050147.291694346Z-c4-real-task-0192,signed_post_evalsnapshot,true,2,1783314111217,0,QmWMsVVs2hySKHixiKJetRsQBSH7CcjzbQrS3sZphmmfLm,false
1391,e6-lifecycle-20260706T050147.291694346Z-c4-real-task-0192,signed_vote1,true,1,1783314111219,0,QmWMsVVs2hySKHixiKJetRsQBSH7CcjzbQrS3sZphmmfLm,false
1392,e6-lifecycle-20260706T050147.291694346Z-c4-real-task-0192,signed_vote2,true,2,1783314111220,0,QmWMsVVs2hySKHixiKJetRsQBSH7CcjzbQrS3sZphmmfLm,false
1393,e6-lifecycle-20260706T050147.291694346Z-c4-real-task-0192,signed_settlement,true,2,1783314111222,0,QmWMsVVs2hySKHixiKJetRsQBSH7CcjzbQrS3sZphmmfLm,false
1394,e6-lifecycle-20260706T050147.291694346Z-c4-real-task-0192,signed_query_latest,true,0,1783314111224,0,QmWMsVVs2hySKHixiKJetRsQBSH7CcjzbQrS3sZphmmfLm,false
1395,e6-lifecycle-20260706T050147.291694346Z-c4-real-task-0192,ipfs_verify,true,7,1783314111224,0,QmWMsVVs2hySKHixiKJetRsQBSH7CcjzbQrS3sZphmmfLm,false
1396,e6-lifecycle-20260706T050147.291694346Z-c4-real-task-0193,ipfs_add,true,70,1783314111163,3656,,false
1397,e6-lifecycle-20260706T050147.291694346Z-c4-real-task-0193,signed_posttask,true,2,1783314111233,0,QmW9nojj3tyFNDDEodDC3x43Y5jA3Ac4z7TE78zw1HD6qu,false
1398,e6-lifecycle-20260706T050147.291694346Z-c4-real-task-0193,signed_postallocation,true,1,1783314111235,0,QmW9nojj3tyFNDDEodDC3x43Y5jA3Ac4z7TE78zw1HD6qu,false
1399,e6-lifecycle-20260706T050147.291694346Z-c4-real-task-0193,signed_post_evalsnapshot,true,2,1783314111236,0,QmW9nojj3tyFNDDEodDC3x43Y5jA3Ac4z7TE78zw1HD6qu,false
1400,e6-lifecycle-20260706T050147.291694346Z-c4-real-task-0193,signed_vote1,true,1,1783314111238,0,QmW9nojj3tyFNDDEodDC3x43Y5jA3Ac4z7TE78zw1HD6qu,false
1401,e6-lifecycle-20260706T050147.291694346Z-c4-real-task-0193,signed_vote2,true,2,1783314111239,0,QmW9nojj3tyFNDDEodDC3x43Y5jA3Ac4z7TE78zw1HD6qu,false
1402,e6-lifecycle-20260706T050147.291694346Z-c4-real-task-0193,signed_settlement,true,2,1783314111241,0,QmW9nojj3tyFNDDEodDC3x43Y5jA3Ac4z7TE78zw1HD6qu,false
1403,e6-lifecycle-20260706T050147.291694346Z-c4-real-task-0193,signed_query_latest,true,0,1783314111243,0,QmW9nojj3tyFNDDEodDC3x43Y5jA3Ac4z7TE78zw1HD6qu,false
1404,e6-lifecycle-20260706T050147.291694346Z-c4-real-task-0193,ipfs_verify,true,8,1783314111243,0,QmW9nojj3tyFNDDEodDC3x43Y5jA3Ac4z7TE78zw1HD6qu,false
1405,e6-lifecycle-20260706T050147.291694346Z-c4-real-task-0194,ipfs_add,true,68,1783314111185,5127,,false
1406,e6-lifecycle-20260706T050147.291694346Z-c4-real-task-0194,signed_posttask,true,5,1783314111253,0,QmUQkF6tMKomfpeYcTdtmNy7TBXYJGRPRM9P1cpCwR1MJF,false
1407,e6-lifecycle-20260706T050147.291694346Z-c4-real-task-0194,signed_postallocation,true,2,1783314111258,0,QmUQkF6tMKomfpeYcTdtmNy7TBXYJGRPRM9P1cpCwR1MJF,false
1408,e6-lifecycle-20260706T050147.291694346Z-c4-real-task-0194,signed_post_evalsnapshot,true,2,1783314111260,0,QmUQkF6tMKomfpeYcTdtmNy7TBXYJGRPRM9P1cpCwR1MJF,false
1409,e6-lifecycle-20260706T050147.291694346Z-c4-real-task-0194,signed_vote1,true,1,1783314111262,0,QmUQkF6tMKomfpeYcTdtmNy7TBXYJGRPRM9P1cpCwR1MJF,false
1410,e6-lifecycle-20260706T050147.291694346Z-c4-real-task-0194,signed_vote2,true,2,1783314111263,0,QmUQkF6tMKomfpeYcTdtmNy7TBXYJGRPRM9P1cpCwR1MJF,false
1411,e6-lifecycle-20260706T050147.291694346Z-c4-real-task-0194,signed_settlement,true,2,1783314111265,0,QmUQkF6tMKomfpeYcTdtmNy7TBXYJGRPRM9P1cpCwR1MJF,false
1412,e6-lifecycle-20260706T050147.291694346Z-c4-real-task-0194,signed_query_latest,true,0,1783314111267,0,QmUQkF6tMKomfpeYcTdtmNy7TBXYJGRPRM9P1cpCwR1MJF,false
1413,e6-lifecycle-20260706T050147.291694346Z-c4-real-task-0194,ipfs_verify,true,8,1783314111267,0,QmUQkF6tMKomfpeYcTdtmNy7TBXYJGRPRM9P1cpCwR1MJF,false
1414,e6-lifecycle-20260706T050147.291694346Z-c4-real-task-0195,ipfs_add,true,63,1783314111212,4765,,false
1415,e6-lifecycle-20260706T050147.291694346Z-c4-real-task-0195,signed_posttask,true,2,1783314111275,0,QmWaLq11VC2STk3MM8gwJdsmwiV6pMb8XyjpXUZRgju27h,false
1416,e6-lifecycle-20260706T050147.291694346Z-c4-real-task-0195,signed_postallocation,true,2,1783314111277,0,QmWaLq11VC2STk3MM8gwJdsmwiV6pMb8XyjpXUZRgju27h,false
1417,e6-lifecycle-20260706T050147.291694346Z-c4-real-task-0195,signed_post_evalsnapshot,true,1,1783314111279,0,QmWaLq11VC2STk3MM8gwJdsmwiV6pMb8XyjpXUZRgju27h,false
1418,e6-lifecycle-20260706T050147.291694346Z-c4-real-task-0195,signed_vote1,true,2,1783314111280,0,QmWaLq11VC2STk3MM8gwJdsmwiV6pMb8XyjpXUZRgju27h,false
1419,e6-lifecycle-20260706T050147.291694346Z-c4-real-task-0195,signed_vote2,true,2,1783314111282,0,QmWaLq11VC2STk3MM8gwJdsmwiV6pMb8XyjpXUZRgju27h,false
1420,e6-lifecycle-20260706T050147.291694346Z-c4-real-task-0195,signed_settlement,true,2,1783314111284,0,QmWaLq11VC2STk3MM8gwJdsmwiV6pMb8XyjpXUZRgju27h,false
1421,e6-lifecycle-20260706T050147.291694346Z-c4-real-task-0195,signed_query_latest,true,0,1783314111286,0,QmWaLq11VC2STk3MM8gwJdsmwiV6pMb8XyjpXUZRgju27h,false
1422,e6-lifecycle-20260706T050147.291694346Z-c4-real-task-0195,ipfs_verify,true,7,1783314111286,0,QmWaLq11VC2STk3MM8gwJdsmwiV6pMb8XyjpXUZRgju27h,false
1423,e6-lifecycle-20260706T050147.291694346Z-c4-real-task-0196,ipfs_add,true,64,1783314111231,4122,,false
1424,e6-lifecycle-20260706T050147.291694346Z-c4-real-task-0196,signed_posttask,true,2,1783314111295,0,QmTQ1PbJFgNKhVego5qTuyTZaXyLBFPkpTGPcPVQGwbk9W,false
1425,e6-lifecycle-20260706T050147.291694346Z-c4-real-task-0196,signed_postallocation,true,2,1783314111297,0,QmTQ1PbJFgNKhVego5qTuyTZaXyLBFPkpTGPcPVQGwbk9W,false
1426,e6-lifecycle-20260706T050147.291694346Z-c4-real-task-0196,signed_post_evalsnapshot,true,2,1783314111299,0,QmTQ1PbJFgNKhVego5qTuyTZaXyLBFPkpTGPcPVQGwbk9W,false
1427,e6-lifecycle-20260706T050147.291694346Z-c4-real-task-0196,signed_vote1,true,4,1783314111301,0,QmTQ1PbJFgNKhVego5qTuyTZaXyLBFPkpTGPcPVQGwbk9W,false
1428,e6-lifecycle-20260706T050147.291694346Z-c4-real-task-0196,signed_vote2,true,1,1783314111305,0,QmTQ1PbJFgNKhVego5qTuyTZaXyLBFPkpTGPcPVQGwbk9W,false
1429,e6-lifecycle-20260706T050147.291694346Z-c4-real-task-0196,signed_settlement,true,2,1783314111306,0,QmTQ1PbJFgNKhVego5qTuyTZaXyLBFPkpTGPcPVQGwbk9W,false
1430,e6-lifecycle-20260706T050147.291694346Z-c4-real-task-0196,signed_query_latest,true,0,1783314111308,0,QmTQ1PbJFgNKhVego5qTuyTZaXyLBFPkpTGPcPVQGwbk9W,false
1431,e6-lifecycle-20260706T050147.291694346Z-c4-real-task-0197,ipfs_add,true,64,1783314111251,4817,,false
1432,e6-lifecycle-20260706T050147.291694346Z-c4-real-task-0196,ipfs_verify,true,8,1783314111308,0,QmTQ1PbJFgNKhVego5qTuyTZaXyLBFPkpTGPcPVQGwbk9W,false
1433,e6-lifecycle-20260706T050147.291694346Z-c4-real-task-0197,signed_posttask,true,3,1783314111315,0,QmbvahhBBxPPJvX1kedLaAKjiVK7gTyk8mGFKobzfLRtWp,false
1434,e6-lifecycle-20260706T050147.291694346Z-c4-real-task-0197,signed_postallocation,true,1,1783314111318,0,QmbvahhBBxPPJvX1kedLaAKjiVK7gTyk8mGFKobzfLRtWp,false
1435,e6-lifecycle-20260706T050147.291694346Z-c4-real-task-0197,signed_post_evalsnapshot,true,2,1783314111319,0,QmbvahhBBxPPJvX1kedLaAKjiVK7gTyk8mGFKobzfLRtWp,false
1436,e6-lifecycle-20260706T050147.291694346Z-c4-real-task-0197,signed_vote1,true,2,1783314111321,0,QmbvahhBBxPPJvX1kedLaAKjiVK7gTyk8mGFKobzfLRtWp,false
1437,e6-lifecycle-20260706T050147.291694346Z-c4-real-task-0197,signed_vote2,true,3,1783314111323,0,QmbvahhBBxPPJvX1kedLaAKjiVK7gTyk8mGFKobzfLRtWp,false
1438,e6-lifecycle-20260706T050147.291694346Z-c4-real-task-0197,signed_settlement,true,2,1783314111326,0,QmbvahhBBxPPJvX1kedLaAKjiVK7gTyk8mGFKobzfLRtWp,false
1439,e6-lifecycle-20260706T050147.291694346Z-c4-real-task-0197,signed_query_latest,true,0,1783314111328,0,QmbvahhBBxPPJvX1kedLaAKjiVK7gTyk8mGFKobzfLRtWp,false
1440,e6-lifecycle-20260706T050147.291694346Z-c4-real-task-0197,ipfs_verify,true,9,1783314111328,0,QmbvahhBBxPPJvX1kedLaAKjiVK7gTyk8mGFKobzfLRtWp,false
1441,e6-lifecycle-20260706T050147.291694346Z-c4-real-task-0198,ipfs_add,true,65,1783314111275,3540,,false
1442,e6-lifecycle-20260706T050147.291694346Z-c4-real-task-0198,signed_posttask,true,3,1783314111340,0,QmZWNqHHBwy3oA7Ng8hVTaUMhZ6QkUps6zYhcegYz5enFd,false
1443,e6-lifecycle-20260706T050147.291694346Z-c4-real-task-0198,signed_postallocation,true,4,1783314111343,0,QmZWNqHHBwy3oA7Ng8hVTaUMhZ6QkUps6zYhcegYz5enFd,false
1444,e6-lifecycle-20260706T050147.291694346Z-c4-real-task-0198,signed_post_evalsnapshot,true,3,1783314111347,0,QmZWNqHHBwy3oA7Ng8hVTaUMhZ6QkUps6zYhcegYz5enFd,false
1445,e6-lifecycle-20260706T050147.291694346Z-c4-real-task-0198,signed_vote1,true,2,1783314111350,0,QmZWNqHHBwy3oA7Ng8hVTaUMhZ6QkUps6zYhcegYz5enFd,false
1446,e6-lifecycle-20260706T050147.291694346Z-c4-real-task-0198,signed_vote2,true,2,1783314111352,0,QmZWNqHHBwy3oA7Ng8hVTaUMhZ6QkUps6zYhcegYz5enFd,false
1447,e6-lifecycle-20260706T050147.291694346Z-c4-real-task-0198,signed_settlement,true,2,1783314111354,0,QmZWNqHHBwy3oA7Ng8hVTaUMhZ6QkUps6zYhcegYz5enFd,false
1448,e6-lifecycle-20260706T050147.291694346Z-c4-real-task-0198,signed_query_latest,true,0,1783314111356,0,QmZWNqHHBwy3oA7Ng8hVTaUMhZ6QkUps6zYhcegYz5enFd,false
1449,e6-lifecycle-20260706T050147.291694346Z-c4-real-task-0199,ipfs_add,true,69,1783314111293,5047,,false
1450,e6-lifecycle-20260706T050147.291694346Z-c4-real-task-0198,ipfs_verify,true,8,1783314111356,0,QmZWNqHHBwy3oA7Ng8hVTaUMhZ6QkUps6zYhcegYz5enFd,false
1451,e6-lifecycle-20260706T050147.291694346Z-c4-real-task-0199,signed_posttask,true,2,1783314111362,0,QmWy11MokeVCNQuSN9bfWQHz1CevithknjYMzKuymcZo7S,false
1452,e6-lifecycle-20260706T050147.291694346Z-c4-real-task-0199,signed_postallocation,true,2,1783314111364,0,QmWy11MokeVCNQuSN9bfWQHz1CevithknjYMzKuymcZo7S,false
1453,e6-lifecycle-20260706T050147.291694346Z-c4-real-task-0199,signed_post_evalsnapshot,true,3,1783314111366,0,QmWy11MokeVCNQuSN9bfWQHz1CevithknjYMzKuymcZo7S,false
1454,e6-lifecycle-20260706T050147.291694346Z-c4-real-task-0199,signed_vote1,true,2,1783314111369,0,QmWy11MokeVCNQuSN9bfWQHz1CevithknjYMzKuymcZo7S,false
1455,e6-lifecycle-20260706T050147.291694346Z-c4-real-task-0199,signed_vote2,true,2,1783314111371,0,QmWy11MokeVCNQuSN9bfWQHz1CevithknjYMzKuymcZo7S,false
1456,e6-lifecycle-20260706T050147.291694346Z-c4-real-task-0199,signed_settlement,true,1,1783314111373,0,QmWy11MokeVCNQuSN9bfWQHz1CevithknjYMzKuymcZo7S,false
1457,e6-lifecycle-20260706T050147.291694346Z-c4-real-task-0199,signed_query_latest,true,0,1783314111374,0,QmWy11MokeVCNQuSN9bfWQHz1CevithknjYMzKuymcZo7S,false
1458,e6-lifecycle-20260706T050147.291694346Z-c4-real-task-0199,ipfs_verify,true,9,1783314111374,0,QmWy11MokeVCNQuSN9bfWQHz1CevithknjYMzKuymcZo7S,false
1459,e6-lifecycle-20260706T050147.291694346Z-c4-real-task-0201,ipfs_add,true,70,1783314111337,4340,,false
1460,e6-lifecycle-20260706T050147.291694346Z-c4-real-task-0201,signed_posttask,true,2,1783314111407,0,QmdjzG35Tv9EawU3dwjehMfhybFdJmmnFHpEtFdcm5VuFK,false
1461,e6-lifecycle-20260706T050147.291694346Z-c4-real-task-0201,signed_postallocation,true,2,1783314111409,0,QmdjzG35Tv9EawU3dwjehMfhybFdJmmnFHpEtFdcm5VuFK,false
1462,e6-lifecycle-20260706T050147.291694346Z-c4-real-task-0201,signed_post_evalsnapshot,true,2,1783314111411,0,QmdjzG35Tv9EawU3dwjehMfhybFdJmmnFHpEtFdcm5VuFK,false
1463,e6-lifecycle-20260706T050147.291694346Z-c4-real-task-0201,signed_vote1,true,2,1783314111413,0,QmdjzG35Tv9EawU3dwjehMfhybFdJmmnFHpEtFdcm5VuFK,false
1464,e6-lifecycle-20260706T050147.291694346Z-c4-real-task-0201,signed_vote2,true,1,1783314111415,0,QmdjzG35Tv9EawU3dwjehMfhybFdJmmnFHpEtFdcm5VuFK,false
1465,e6-lifecycle-20260706T050147.291694346Z-c4-real-task-0201,signed_settlement,true,2,1783314111416,0,QmdjzG35Tv9EawU3dwjehMfhybFdJmmnFHpEtFdcm5VuFK,false
1466,e6-lifecycle-20260706T050147.291694346Z-c4-real-task-0201,signed_query_latest,true,0,1783314111418,0,QmdjzG35Tv9EawU3dwjehMfhybFdJmmnFHpEtFdcm5VuFK,false
1467,e6-lifecycle-20260706T050147.291694346Z-c4-real-task-0201,ipfs_verify,true,7,1783314111418,0,QmdjzG35Tv9EawU3dwjehMfhybFdJmmnFHpEtFdcm5VuFK,false
1468,e6-lifecycle-20260706T050147.291694346Z-c4-real-task-0202,ipfs_add,true,62,1783314111364,4638,,false
1469,e6-lifecycle-20260706T050147.291694346Z-c4-real-task-0200,ipfs_add,true,110,1783314111316,5145,,false
1470,e6-lifecycle-20260706T050147.291694346Z-c4-real-task-0202,signed_posttask,true,3,1783314111426,0,QmejhkZWTARckuAaEe1Q6SLFZ3XMmF1EjcDYpHuMGkpBsf,false
1471,e6-lifecycle-20260706T050147.291694346Z-c4-real-task-0202,signed_postallocation,true,2,1783314111429,0,QmejhkZWTARckuAaEe1Q6SLFZ3XMmF1EjcDYpHuMGkpBsf,false
1472,e6-lifecycle-20260706T050147.291694346Z-c4-real-task-0200,signed_posttask,true,7,1783314111426,0,QmWsn3VH4qEmQoJUcTTgaCC8C8yvu9U6JQYjovtYXaQr7y,false
1473,e6-lifecycle-20260706T050147.291694346Z-c4-real-task-0200,signed_postallocation,true,1,1783314111433,0,QmWsn3VH4qEmQoJUcTTgaCC8C8yvu9U6JQYjovtYXaQr7y,false
1474,e6-lifecycle-20260706T050147.291694346Z-c4-real-task-0202,signed_post_evalsnapshot,true,5,1783314111431,0,QmejhkZWTARckuAaEe1Q6SLFZ3XMmF1EjcDYpHuMGkpBsf,false
1475,e6-lifecycle-20260706T050147.291694346Z-c4-real-task-0202,signed_vote1,true,2,1783314111436,0,QmejhkZWTARckuAaEe1Q6SLFZ3XMmF1EjcDYpHuMGkpBsf,false
1476,e6-lifecycle-20260706T050147.291694346Z-c4-real-task-0200,signed_post_evalsnapshot,true,5,1783314111434,0,QmWsn3VH4qEmQoJUcTTgaCC8C8yvu9U6JQYjovtYXaQr7y,false
1477,e6-lifecycle-20260706T050147.291694346Z-c4-real-task-0200,signed_vote1,true,2,1783314111439,0,QmWsn3VH4qEmQoJUcTTgaCC8C8yvu9U6JQYjovtYXaQr7y,false
1478,e6-lifecycle-20260706T050147.291694346Z-c4-real-task-0202,signed_vote2,true,5,1783314111438,0,QmejhkZWTARckuAaEe1Q6SLFZ3XMmF1EjcDYpHuMGkpBsf,false
1479,e6-lifecycle-20260706T050147.291694346Z-c4-real-task-0202,signed_settlement,true,2,1783314111443,0,QmejhkZWTARckuAaEe1Q6SLFZ3XMmF1EjcDYpHuMGkpBsf,false
1480,e6-lifecycle-20260706T050147.291694346Z-c4-real-task-0200,signed_vote2,true,6,1783314111441,0,QmWsn3VH4qEmQoJUcTTgaCC8C8yvu9U6JQYjovtYXaQr7y,false
1481,e6-lifecycle-20260706T050147.291694346Z-c4-real-task-0203,ipfs_add,true,65,1783314111383,1827,,false
1482,e6-lifecycle-20260706T050147.291694346Z-c4-real-task-0200,signed_settlement,true,3,1783314111447,0,QmWsn3VH4qEmQoJUcTTgaCC8C8yvu9U6JQYjovtYXaQr7y,false
1483,e6-lifecycle-20260706T050147.291694346Z-c4-real-task-0202,signed_query_latest,true,5,1783314111445,0,QmejhkZWTARckuAaEe1Q6SLFZ3XMmF1EjcDYpHuMGkpBsf,false
1484,e6-lifecycle-20260706T050147.291694346Z-c4-real-task-0203,signed_posttask,true,5,1783314111448,0,QmR9AwrhqhKCpezziPe8S8GRSS3cqcjrASSQ3HJBYfXh7k,false
1485,e6-lifecycle-20260706T050147.291694346Z-c4-real-task-0200,signed_query_latest,true,5,1783314111450,0,QmWsn3VH4qEmQoJUcTTgaCC8C8yvu9U6JQYjovtYXaQr7y,false
1486,e6-lifecycle-20260706T050147.291694346Z-c4-real-task-0203,signed_postallocation,true,2,1783314111453,0,QmR9AwrhqhKCpezziPe8S8GRSS3cqcjrASSQ3HJBYfXh7k,false
1487,e6-lifecycle-20260706T050147.291694346Z-c4-real-task-0203,signed_post_evalsnapshot,true,5,1783314111455,0,QmR9AwrhqhKCpezziPe8S8GRSS3cqcjrASSQ3HJBYfXh7k,false
1488,e6-lifecycle-20260706T050147.291694346Z-c4-real-task-0202,ipfs_verify,true,11,1783314111450,0,QmejhkZWTARckuAaEe1Q6SLFZ3XMmF1EjcDYpHuMGkpBsf,false
1489,e6-lifecycle-20260706T050147.291694346Z-c4-real-task-0203,signed_vote1,true,2,1783314111460,0,QmR9AwrhqhKCpezziPe8S8GRSS3cqcjrASSQ3HJBYfXh7k,false
1490,e6-lifecycle-20260706T050147.291694346Z-c4-real-task-0203,signed_vote2,true,3,1783314111462,0,QmR9AwrhqhKCpezziPe8S8GRSS3cqcjrASSQ3HJBYfXh7k,false
1491,e6-lifecycle-20260706T050147.291694346Z-c4-real-task-0203,signed_settlement,true,2,1783314111465,0,QmR9AwrhqhKCpezziPe8S8GRSS3cqcjrASSQ3HJBYfXh7k,false
1492,e6-lifecycle-20260706T050147.291694346Z-c4-real-task-0203,signed_query_latest,true,0,1783314111467,0,QmR9AwrhqhKCpezziPe8S8GRSS3cqcjrASSQ3HJBYfXh7k,false
1493,e6-lifecycle-20260706T050147.291694346Z-c4-real-task-0200,ipfs_verify,true,15,1783314111455,0,QmWsn3VH4qEmQoJUcTTgaCC8C8yvu9U6JQYjovtYXaQr7y,false
1494,e6-lifecycle-20260706T050147.291694346Z-c4-real-task-0203,ipfs_verify,true,10,1783314111467,0,QmR9AwrhqhKCpezziPe8S8GRSS3cqcjrASSQ3HJBYfXh7k,false
1495,e6-lifecycle-20260706T050147.291694346Z-c4-real-task-0204,ipfs_add,true,55,1783314111425,3115,,false
1496,e6-lifecycle-20260706T050147.291694346Z-c4-real-task-0204,signed_posttask,true,5,1783314111480,0,QmT17R388wMj8koQenucVuHVy5XiFPC6auRTn2sDFmDkQF,false
1497,e6-lifecycle-20260706T050147.291694346Z-c4-real-task-0204,signed_postallocation,true,2,1783314111485,0,QmT17R388wMj8koQenucVuHVy5XiFPC6auRTn2sDFmDkQF,false
1498,e6-lifecycle-20260706T050147.291694346Z-c4-real-task-0204,signed_post_evalsnapshot,true,2,1783314111487,0,QmT17R388wMj8koQenucVuHVy5XiFPC6auRTn2sDFmDkQF,false
1499,e6-lifecycle-20260706T050147.291694346Z-c4-real-task-0204,signed_vote1,true,2,1783314111489,0,QmT17R388wMj8koQenucVuHVy5XiFPC6auRTn2sDFmDkQF,false
1500,e6-lifecycle-20260706T050147.291694346Z-c4-real-task-0204,signed_vote2,true,2,1783314111491,0,QmT17R388wMj8koQenucVuHVy5XiFPC6auRTn2sDFmDkQF,false
1501,e6-lifecycle-20260706T050147.291694346Z-c4-real-task-0204,signed_settlement,true,2,1783314111493,0,QmT17R388wMj8koQenucVuHVy5XiFPC6auRTn2sDFmDkQF,false
1502,e6-lifecycle-20260706T050147.291694346Z-c4-real-task-0204,signed_query_latest,true,0,1783314111495,0,QmT17R388wMj8koQenucVuHVy5XiFPC6auRTn2sDFmDkQF,false
1503,e6-lifecycle-20260706T050147.291694346Z-c4-real-task-0204,ipfs_verify,true,9,1783314111495,0,QmT17R388wMj8koQenucVuHVy5XiFPC6auRTn2sDFmDkQF,false
1504,e6-lifecycle-20260706T050147.291694346Z-c4-real-task-0205,ipfs_add,true,45,1783314111461,2139,,false
1505,e6-lifecycle-20260706T050147.291694346Z-c4-real-task-0205,signed_posttask,true,2,1783314111506,0,QmUUFnwdCbT48nkPpC4zLFD1bWTmkmSZxRTWRwZWU44JUW,false
1506,e6-lifecycle-20260706T050147.291694346Z-c4-real-task-0205,signed_postallocation,true,3,1783314111508,0,QmUUFnwdCbT48nkPpC4zLFD1bWTmkmSZxRTWRwZWU44JUW,false
1507,e6-lifecycle-20260706T050147.291694346Z-c4-real-task-0205,signed_post_evalsnapshot,true,2,1783314111511,0,QmUUFnwdCbT48nkPpC4zLFD1bWTmkmSZxRTWRwZWU44JUW,false
1508,e6-lifecycle-20260706T050147.291694346Z-c4-real-task-0205,signed_vote1,true,2,1783314111513,0,QmUUFnwdCbT48nkPpC4zLFD1bWTmkmSZxRTWRwZWU44JUW,false
1509,e6-lifecycle-20260706T050147.291694346Z-c4-real-task-0205,signed_vote2,true,2,1783314111515,0,QmUUFnwdCbT48nkPpC4zLFD1bWTmkmSZxRTWRwZWU44JUW,false
1510,e6-lifecycle-20260706T050147.291694346Z-c4-real-task-0205,signed_settlement,true,2,1783314111517,0,QmUUFnwdCbT48nkPpC4zLFD1bWTmkmSZxRTWRwZWU44JUW,false
1511,e6-lifecycle-20260706T050147.291694346Z-c4-real-task-0205,signed_query_latest,true,0,1783314111519,0,QmUUFnwdCbT48nkPpC4zLFD1bWTmkmSZxRTWRwZWU44JUW,false
1512,e6-lifecycle-20260706T050147.291694346Z-c4-real-task-0205,ipfs_verify,true,8,1783314111519,0,QmUUFnwdCbT48nkPpC4zLFD1bWTmkmSZxRTWRwZWU44JUW,false
1513,e6-lifecycle-20260706T050147.291694346Z-c4-real-task-0206,ipfs_add,true,60,1783314111470,5535,,false
1514,e6-lifecycle-20260706T050147.291694346Z-c4-real-task-0206,signed_posttask,true,2,1783314111530,0,QmQXv6YSFiLLxg9uat8XZ1hkWrZyU2221cre3jpTXuS7mT,false
1515,e6-lifecycle-20260706T050147.291694346Z-c4-real-task-0206,signed_postallocation,true,3,1783314111532,0,QmQXv6YSFiLLxg9uat8XZ1hkWrZyU2221cre3jpTXuS7mT,false
1516,e6-lifecycle-20260706T050147.291694346Z-c4-real-task-0206,signed_post_evalsnapshot,true,2,1783314111535,0,QmQXv6YSFiLLxg9uat8XZ1hkWrZyU2221cre3jpTXuS7mT,false
1517,e6-lifecycle-20260706T050147.291694346Z-c4-real-task-0206,signed_vote1,true,2,1783314111537,0,QmQXv6YSFiLLxg9uat8XZ1hkWrZyU2221cre3jpTXuS7mT,false
1518,e6-lifecycle-20260706T050147.291694346Z-c4-real-task-0206,signed_vote2,true,2,1783314111539,0,QmQXv6YSFiLLxg9uat8XZ1hkWrZyU2221cre3jpTXuS7mT,false
1519,e6-lifecycle-20260706T050147.291694346Z-c4-real-task-0206,signed_settlement,true,2,1783314111541,0,QmQXv6YSFiLLxg9uat8XZ1hkWrZyU2221cre3jpTXuS7mT,false
1520,e6-lifecycle-20260706T050147.291694346Z-c4-real-task-0206,signed_query_latest,true,0,1783314111543,0,QmQXv6YSFiLLxg9uat8XZ1hkWrZyU2221cre3jpTXuS7mT,false
1521,e6-lifecycle-20260706T050147.291694346Z-c4-real-task-0206,ipfs_verify,true,9,1783314111543,0,QmQXv6YSFiLLxg9uat8XZ1hkWrZyU2221cre3jpTXuS7mT,false
1522,e6-lifecycle-20260706T050147.291694346Z-c4-real-task-0207,ipfs_add,true,110,1783314111477,5182,,false
1523,e6-lifecycle-20260706T050147.291694346Z-c4-real-task-0207,signed_posttask,true,3,1783314111587,0,QmXXXkdjgsyNeAxA7XiH7hfF8KD8Wy4XQUrDjRARTUGPSz,false
1524,e6-lifecycle-20260706T050147.291694346Z-c4-real-task-0207,signed_postallocation,true,2,1783314111590,0,QmXXXkdjgsyNeAxA7XiH7hfF8KD8Wy4XQUrDjRARTUGPSz,false
1525,e6-lifecycle-20260706T050147.291694346Z-c4-real-task-0207,signed_post_evalsnapshot,true,2,1783314111592,0,QmXXXkdjgsyNeAxA7XiH7hfF8KD8Wy4XQUrDjRARTUGPSz,false
1526,e6-lifecycle-20260706T050147.291694346Z-c4-real-task-0207,signed_vote1,true,1,1783314111594,0,QmXXXkdjgsyNeAxA7XiH7hfF8KD8Wy4XQUrDjRARTUGPSz,false
1527,e6-lifecycle-20260706T050147.291694346Z-c4-real-task-0207,signed_vote2,true,2,1783314111595,0,QmXXXkdjgsyNeAxA7XiH7hfF8KD8Wy4XQUrDjRARTUGPSz,false
1528,e6-lifecycle-20260706T050147.291694346Z-c4-real-task-0207,signed_settlement,true,2,1783314111597,0,QmXXXkdjgsyNeAxA7XiH7hfF8KD8Wy4XQUrDjRARTUGPSz,false
1529,e6-lifecycle-20260706T050147.291694346Z-c4-real-task-0207,signed_query_latest,true,0,1783314111599,0,QmXXXkdjgsyNeAxA7XiH7hfF8KD8Wy4XQUrDjRARTUGPSz,false
1530,e6-lifecycle-20260706T050147.291694346Z-c4-real-task-0207,ipfs_verify,true,8,1783314111599,0,QmXXXkdjgsyNeAxA7XiH7hfF8KD8Wy4XQUrDjRARTUGPSz,false
1531,e6-lifecycle-20260706T050147.291694346Z-c4-real-task-0233,ipfs_add,true,56,1783314111552,5561,,false
1532,e6-lifecycle-20260706T050147.291694346Z-c4-real-task-0208,ipfs_add,true,104,1783314111504,2245,,false
1533,e6-lifecycle-20260706T050147.291694346Z-c4-real-task-0233,signed_posttask,true,2,1783314111608,0,QmPiTWkJT1mbrmoTnV9zypQTW3Way5fUm3QKFnVCGaYeHm,false
1534,e6-lifecycle-20260706T050147.291694346Z-c4-real-task-0209,ipfs_add,true,83,1783314111527,6194,,false
1535,e6-lifecycle-20260706T050147.291694346Z-c4-real-task-0233,signed_postallocation,true,2,1783314111610,0,QmPiTWkJT1mbrmoTnV9zypQTW3Way5fUm3QKFnVCGaYeHm,false
1536,e6-lifecycle-20260706T050147.291694346Z-c4-real-task-0208,signed_posttask,true,5,1783314111608,0,QmWbqs7TsZvkdFAxBV91sbxF9ziEZRMeF4rkcsPMKgPbAc,false
1537,e6-lifecycle-20260706T050147.291694346Z-c4-real-task-0209,signed_posttask,true,5,1783314111610,0,Qme252yonjeJmYr5f17inPXCqkGhcB4JhPq2rK9zrRu12P,false
1538,e6-lifecycle-20260706T050147.291694346Z-c4-real-task-0233,signed_post_evalsnapshot,true,5,1783314111612,0,QmPiTWkJT1mbrmoTnV9zypQTW3Way5fUm3QKFnVCGaYeHm,false
1539,e6-lifecycle-20260706T050147.291694346Z-c4-real-task-0208,signed_postallocation,true,6,1783314111613,0,QmWbqs7TsZvkdFAxBV91sbxF9ziEZRMeF4rkcsPMKgPbAc,false
1540,e6-lifecycle-20260706T050147.291694346Z-c4-real-task-0209,signed_postallocation,true,6,1783314111615,0,Qme252yonjeJmYr5f17inPXCqkGhcB4JhPq2rK9zrRu12P,false
1541,e6-lifecycle-20260706T050147.291694346Z-c4-real-task-0233,signed_vote1,true,6,1783314111617,0,QmPiTWkJT1mbrmoTnV9zypQTW3Way5fUm3QKFnVCGaYeHm,false
1542,e6-lifecycle-20260706T050147.291694346Z-c4-real-task-0208,signed_post_evalsnapshot,true,5,1783314111620,0,QmWbqs7TsZvkdFAxBV91sbxF9ziEZRMeF4rkcsPMKgPbAc,false
1543,e6-lifecycle-20260706T050147.291694346Z-c4-real-task-0209,signed_post_evalsnapshot,true,5,1783314111621,0,Qme252yonjeJmYr5f17inPXCqkGhcB4JhPq2rK9zrRu12P,false
1544,e6-lifecycle-20260706T050147.291694346Z-c4-real-task-0233,signed_vote2,true,5,1783314111623,0,QmPiTWkJT1mbrmoTnV9zypQTW3Way5fUm3QKFnVCGaYeHm,false
1545,e6-lifecycle-20260706T050147.291694346Z-c4-real-task-0208,signed_vote1,true,5,1783314111625,0,QmWbqs7TsZvkdFAxBV91sbxF9ziEZRMeF4rkcsPMKgPbAc,false
1546,e6-lifecycle-20260706T050147.291694346Z-c4-real-task-0209,signed_vote1,true,7,1783314111626,0,Qme252yonjeJmYr5f17inPXCqkGhcB4JhPq2rK9zrRu12P,false
1547,e6-lifecycle-20260706T050147.291694346Z-c4-real-task-0233,signed_settlement,true,8,1783314111628,0,QmPiTWkJT1mbrmoTnV9zypQTW3Way5fUm3QKFnVCGaYeHm,false
1548,e6-lifecycle-20260706T050147.291694346Z-c4-real-task-0208,signed_vote2,true,8,1783314111630,0,QmWbqs7TsZvkdFAxBV91sbxF9ziEZRMeF4rkcsPMKgPbAc,false
1549,e6-lifecycle-20260706T050147.291694346Z-c4-real-task-0209,signed_vote2,true,7,1783314111633,0,Qme252yonjeJmYr5f17inPXCqkGhcB4JhPq2rK9zrRu12P,false
1550,e6-lifecycle-20260706T050147.291694346Z-c4-real-task-0233,signed_query_latest,true,4,1783314111636,0,QmPiTWkJT1mbrmoTnV9zypQTW3Way5fUm3QKFnVCGaYeHm,false
1551,e6-lifecycle-20260706T050147.291694346Z-c4-real-task-0234,ipfs_add,true,33,1783314111607,4813,,false
1552,e6-lifecycle-20260706T050147.291694346Z-c4-real-task-0208,signed_settlement,true,4,1783314111638,0,QmWbqs7TsZvkdFAxBV91sbxF9ziEZRMeF4rkcsPMKgPbAc,false
1553,e6-lifecycle-20260706T050147.291694346Z-c4-real-task-0208,signed_query_latest,true,0,1783314111642,0,QmWbqs7TsZvkdFAxBV91sbxF9ziEZRMeF4rkcsPMKgPbAc,false
1554,e6-lifecycle-20260706T050147.291694346Z-c4-real-task-0209,signed_settlement,true,3,1783314111640,0,Qme252yonjeJmYr5f17inPXCqkGhcB4JhPq2rK9zrRu12P,false
1555,e6-lifecycle-20260706T050147.291694346Z-c4-real-task-0209,signed_query_latest,true,0,1783314111643,0,Qme252yonjeJmYr5f17inPXCqkGhcB4JhPq2rK9zrRu12P,false
1556,e6-lifecycle-20260706T050147.291694346Z-c4-real-task-0234,signed_posttask,true,5,1783314111640,0,QmPib3HBbwLaFsPuT1LMCQzfpjcraJk2ud1LU6KcqXFQ9r,false
1557,e6-lifecycle-20260706T050147.291694346Z-c4-real-task-0234,signed_postallocation,true,2,1783314111645,0,QmPib3HBbwLaFsPuT1LMCQzfpjcraJk2ud1LU6KcqXFQ9r,false
1558,e6-lifecycle-20260706T050147.291694346Z-c4-real-task-0233,ipfs_verify,true,8,1783314111640,0,QmPiTWkJT1mbrmoTnV9zypQTW3Way5fUm3QKFnVCGaYeHm,false
1559,e6-lifecycle-20260706T050147.291694346Z-c4-real-task-0234,signed_post_evalsnapshot,true,2,1783314111647,0,QmPib3HBbwLaFsPuT1LMCQzfpjcraJk2ud1LU6KcqXFQ9r,false
1560,e6-lifecycle-20260706T050147.291694346Z-c4-real-task-0208,ipfs_verify,true,7,1783314111642,0,QmWbqs7TsZvkdFAxBV91sbxF9ziEZRMeF4rkcsPMKgPbAc,false
1561,e6-lifecycle-20260706T050147.291694346Z-c4-real-task-0209,ipfs_verify,true,7,1783314111643,0,Qme252yonjeJmYr5f17inPXCqkGhcB4JhPq2rK9zrRu12P,false
1562,e6-lifecycle-20260706T050147.291694346Z-c4-real-task-0234,signed_vote1,true,1,1783314111649,0,QmPib3HBbwLaFsPuT1LMCQzfpjcraJk2ud1LU6KcqXFQ9r,false
1563,e6-lifecycle-20260706T050147.291694346Z-c4-real-task-0234,signed_vote2,true,2,1783314111650,0,QmPib3HBbwLaFsPuT1LMCQzfpjcraJk2ud1LU6KcqXFQ9r,false
1564,e6-lifecycle-20260706T050147.291694346Z-c4-real-task-0234,signed_settlement,true,2,1783314111652,0,QmPib3HBbwLaFsPuT1LMCQzfpjcraJk2ud1LU6KcqXFQ9r,false
1565,e6-lifecycle-20260706T050147.291694346Z-c4-real-task-0234,signed_query_latest,true,0,1783314111654,0,QmPib3HBbwLaFsPuT1LMCQzfpjcraJk2ud1LU6KcqXFQ9r,false
1566,e6-lifecycle-20260706T050147.291694346Z-c4-real-task-0234,ipfs_verify,true,9,1783314111654,0,QmPib3HBbwLaFsPuT1LMCQzfpjcraJk2ud1LU6KcqXFQ9r,false
1567,e6-lifecycle-20260706T050147.291694346Z-c4-real-task-0235,ipfs_add,true,29,1783314111648,3473,,false
1568,e6-lifecycle-20260706T050147.291694346Z-c4-real-task-0235,signed_posttask,true,2,1783314111677,0,QmYicVCk9mEpCXvCjMGcMHHmbJVaPePcbBgZQABLWpBqqW,false
1569,e6-lifecycle-20260706T050147.291694346Z-c4-real-task-0235,signed_postallocation,true,2,1783314111679,0,QmYicVCk9mEpCXvCjMGcMHHmbJVaPePcbBgZQABLWpBqqW,false
1570,e6-lifecycle-20260706T050147.291694346Z-c4-real-task-0235,signed_post_evalsnapshot,true,2,1783314111681,0,QmYicVCk9mEpCXvCjMGcMHHmbJVaPePcbBgZQABLWpBqqW,false
1571,e6-lifecycle-20260706T050147.291694346Z-c4-real-task-0235,signed_vote1,true,2,1783314111683,0,QmYicVCk9mEpCXvCjMGcMHHmbJVaPePcbBgZQABLWpBqqW,false
1572,e6-lifecycle-20260706T050147.291694346Z-c4-real-task-0235,signed_vote2,true,1,1783314111685,0,QmYicVCk9mEpCXvCjMGcMHHmbJVaPePcbBgZQABLWpBqqW,false
1573,e6-lifecycle-20260706T050147.291694346Z-c4-real-task-0235,signed_settlement,true,2,1783314111686,0,QmYicVCk9mEpCXvCjMGcMHHmbJVaPePcbBgZQABLWpBqqW,false
1574,e6-lifecycle-20260706T050147.291694346Z-c4-real-task-0235,signed_query_latest,true,0,1783314111688,0,QmYicVCk9mEpCXvCjMGcMHHmbJVaPePcbBgZQABLWpBqqW,false
1575,e6-lifecycle-20260706T050147.291694346Z-c4-real-task-0235,ipfs_verify,true,9,1783314111688,0,QmYicVCk9mEpCXvCjMGcMHHmbJVaPePcbBgZQABLWpBqqW,false
1576,e6-lifecycle-20260706T050147.291694346Z-c4-real-task-0237,ipfs_add,true,50,1783314111650,5358,,false
1577,e6-lifecycle-20260706T050147.291694346Z-c4-real-task-0237,signed_posttask,true,2,1783314111700,0,QmVAq5JsSc7aMPcAaJdKWcsK7zz4oLxAr4YXCyVDbZzyuX,false
1578,e6-lifecycle-20260706T050147.291694346Z-c4-real-task-0237,signed_postallocation,true,2,1783314111702,0,QmVAq5JsSc7aMPcAaJdKWcsK7zz4oLxAr4YXCyVDbZzyuX,false
1579,e6-lifecycle-20260706T050147.291694346Z-c4-real-task-0237,signed_post_evalsnapshot,true,4,1783314111704,0,QmVAq5JsSc7aMPcAaJdKWcsK7zz4oLxAr4YXCyVDbZzyuX,false
1580,e6-lifecycle-20260706T050147.291694346Z-c4-real-task-0237,signed_vote1,true,2,1783314111708,0,QmVAq5JsSc7aMPcAaJdKWcsK7zz4oLxAr4YXCyVDbZzyuX,false
1581,e6-lifecycle-20260706T050147.291694346Z-c4-real-task-0237,signed_vote2,true,3,1783314111710,0,QmVAq5JsSc7aMPcAaJdKWcsK7zz4oLxAr4YXCyVDbZzyuX,false
1582,e6-lifecycle-20260706T050147.291694346Z-c4-real-task-0237,signed_settlement,true,2,1783314111713,0,QmVAq5JsSc7aMPcAaJdKWcsK7zz4oLxAr4YXCyVDbZzyuX,false
1583,e6-lifecycle-20260706T050147.291694346Z-c4-real-task-0237,signed_query_latest,true,0,1783314111715,0,QmVAq5JsSc7aMPcAaJdKWcsK7zz4oLxAr4YXCyVDbZzyuX,false
1584,e6-lifecycle-20260706T050147.291694346Z-c4-real-task-0236,ipfs_add,true,77,1783314111649,3609,,false
1585,e6-lifecycle-20260706T050147.291694346Z-c4-real-task-0237,ipfs_verify,true,11,1783314111715,0,QmVAq5JsSc7aMPcAaJdKWcsK7zz4oLxAr4YXCyVDbZzyuX,false
1586,e6-lifecycle-20260706T050147.291694346Z-c4-real-task-0236,signed_posttask,true,4,1783314111726,0,QmVXqjnDPn1ZWZeaYTpic5k9LeY4VnPGoRNhtDotr1gFPf,false
1587,e6-lifecycle-20260706T050147.291694346Z-c4-real-task-0236,signed_postallocation,true,3,1783314111730,0,QmVXqjnDPn1ZWZeaYTpic5k9LeY4VnPGoRNhtDotr1gFPf,false
1588,e6-lifecycle-20260706T050147.291694346Z-c4-real-task-0236,signed_post_evalsnapshot,true,2,1783314111733,0,QmVXqjnDPn1ZWZeaYTpic5k9LeY4VnPGoRNhtDotr1gFPf,false
1589,e6-lifecycle-20260706T050147.291694346Z-c4-real-task-0236,signed_vote1,true,3,1783314111735,0,QmVXqjnDPn1ZWZeaYTpic5k9LeY4VnPGoRNhtDotr1gFPf,false
1590,e6-lifecycle-20260706T050147.291694346Z-c4-real-task-0236,signed_vote2,true,2,1783314111738,0,QmVXqjnDPn1ZWZeaYTpic5k9LeY4VnPGoRNhtDotr1gFPf,false
1591,e6-lifecycle-20260706T050147.291694346Z-c4-real-task-0236,signed_settlement,true,2,1783314111740,0,QmVXqjnDPn1ZWZeaYTpic5k9LeY4VnPGoRNhtDotr1gFPf,false
1592,e6-lifecycle-20260706T050147.291694346Z-c4-real-task-0236,signed_query_latest,true,0,1783314111742,0,QmVXqjnDPn1ZWZeaYTpic5k9LeY4VnPGoRNhtDotr1gFPf,false
1593,e6-lifecycle-20260706T050147.291694346Z-c4-real-task-0238,ipfs_add,true,85,1783314111663,2789,,false
1594,e6-lifecycle-20260706T050147.291694346Z-c4-real-task-0238,signed_posttask,true,2,1783314111748,0,QmT6ZzLsRWnFGbDxFiczkk711sF8hynyFyTCPutJbTgPxU,false
1595,e6-lifecycle-20260706T050147.291694346Z-c4-real-task-0238,signed_postallocation,true,1,1783314111750,0,QmT6ZzLsRWnFGbDxFiczkk711sF8hynyFyTCPutJbTgPxU,false
1596,e6-lifecycle-20260706T050147.291694346Z-c4-real-task-0236,ipfs_verify,true,10,1783314111742,0,QmVXqjnDPn1ZWZeaYTpic5k9LeY4VnPGoRNhtDotr1gFPf,false
1597,e6-lifecycle-20260706T050147.291694346Z-c4-real-task-0238,signed_post_evalsnapshot,true,2,1783314111751,0,QmT6ZzLsRWnFGbDxFiczkk711sF8hynyFyTCPutJbTgPxU,false
1598,e6-lifecycle-20260706T050147.291694346Z-c4-real-task-0238,signed_vote1,true,2,1783314111753,0,QmT6ZzLsRWnFGbDxFiczkk711sF8hynyFyTCPutJbTgPxU,false
1599,e6-lifecycle-20260706T050147.291694346Z-c4-real-task-0238,signed_vote2,true,1,1783314111755,0,QmT6ZzLsRWnFGbDxFiczkk711sF8hynyFyTCPutJbTgPxU,false
1600,e6-lifecycle-20260706T050147.291694346Z-c4-real-task-0238,signed_settlement,true,3,1783314111756,0,QmT6ZzLsRWnFGbDxFiczkk711sF8hynyFyTCPutJbTgPxU,false
1601,e6-lifecycle-20260706T050147.291694346Z-c4-real-task-0238,signed_query_latest,true,0,1783314111759,0,QmT6ZzLsRWnFGbDxFiczkk711sF8hynyFyTCPutJbTgPxU,false
1602,e6-lifecycle-20260706T050147.291694346Z-c4-real-task-0238,ipfs_verify,true,14,1783314111759,0,QmT6ZzLsRWnFGbDxFiczkk711sF8hynyFyTCPutJbTgPxU,false
1603,e6-lifecycle-20260706T050147.291694346Z-c4-real-task-0239,ipfs_add,true,82,1783314111697,1409,,false
1604,e6-lifecycle-20260706T050147.291694346Z-c4-real-task-0239,signed_posttask,true,3,1783314111779,0,QmQMeGcZwLYK3Pq3gZevpTDuLFbfuYKryRgEJBym4Nhd1b,false
1605,e6-lifecycle-20260706T050147.291694346Z-c4-real-task-0239,signed_postallocation,true,2,1783314111782,0,QmQMeGcZwLYK3Pq3gZevpTDuLFbfuYKryRgEJBym4Nhd1b,false
1606,e6-lifecycle-20260706T050147.291694346Z-c4-real-task-0239,signed_post_evalsnapshot,true,2,1783314111784,0,QmQMeGcZwLYK3Pq3gZevpTDuLFbfuYKryRgEJBym4Nhd1b,false
1607,e6-lifecycle-20260706T050147.291694346Z-c4-real-task-0239,signed_vote1,true,2,1783314111786,0,QmQMeGcZwLYK3Pq3gZevpTDuLFbfuYKryRgEJBym4Nhd1b,false
1608,e6-lifecycle-20260706T050147.291694346Z-c4-real-task-0239,signed_vote2,true,2,1783314111788,0,QmQMeGcZwLYK3Pq3gZevpTDuLFbfuYKryRgEJBym4Nhd1b,false
1609,e6-lifecycle-20260706T050147.291694346Z-c4-real-task-0239,signed_settlement,true,2,1783314111790,0,QmQMeGcZwLYK3Pq3gZevpTDuLFbfuYKryRgEJBym4Nhd1b,false
1610,e6-lifecycle-20260706T050147.291694346Z-c4-real-task-0239,signed_query_latest,true,0,1783314111792,0,QmQMeGcZwLYK3Pq3gZevpTDuLFbfuYKryRgEJBym4Nhd1b,false
1611,e6-lifecycle-20260706T050147.291694346Z-c4-real-task-0239,ipfs_verify,true,8,1783314111792,0,QmQMeGcZwLYK3Pq3gZevpTDuLFbfuYKryRgEJBym4Nhd1b,false
1612,e6-lifecycle-20260706T050147.291694346Z-c4-real-task-0240,ipfs_add,true,74,1783314111726,1900,,false
1613,e6-lifecycle-20260706T050147.291694346Z-c4-real-task-0240,signed_posttask,true,2,1783314111800,0,QmRfDCDvLXbQCMFDCB2yZ6ZQfQ9nRcY5sEkbivZjmdkej6,false
1614,e6-lifecycle-20260706T050147.291694346Z-c4-real-task-0240,signed_postallocation,true,1,1783314111802,0,QmRfDCDvLXbQCMFDCB2yZ6ZQfQ9nRcY5sEkbivZjmdkej6,false
1615,e6-lifecycle-20260706T050147.291694346Z-c4-real-task-0240,signed_post_evalsnapshot,true,2,1783314111803,0,QmRfDCDvLXbQCMFDCB2yZ6ZQfQ9nRcY5sEkbivZjmdkej6,false
1616,e6-lifecycle-20260706T050147.291694346Z-c4-real-task-0240,signed_vote1,true,2,1783314111805,0,QmRfDCDvLXbQCMFDCB2yZ6ZQfQ9nRcY5sEkbivZjmdkej6,false
1617,e6-lifecycle-20260706T050147.291694346Z-c4-real-task-0240,signed_vote2,true,2,1783314111807,0,QmRfDCDvLXbQCMFDCB2yZ6ZQfQ9nRcY5sEkbivZjmdkej6,false
1618,e6-lifecycle-20260706T050147.291694346Z-c4-real-task-0240,signed_settlement,true,1,1783314111809,0,QmRfDCDvLXbQCMFDCB2yZ6ZQfQ9nRcY5sEkbivZjmdkej6,false
1619,e6-lifecycle-20260706T050147.291694346Z-c4-real-task-0240,signed_query_latest,true,0,1783314111810,0,QmRfDCDvLXbQCMFDCB2yZ6ZQfQ9nRcY5sEkbivZjmdkej6,false
1620,e6-lifecycle-20260706T050147.291694346Z-c4-real-task-0240,ipfs_verify,true,12,1783314111810,0,QmRfDCDvLXbQCMFDCB2yZ6ZQfQ9nRcY5sEkbivZjmdkej6,false
1621,e6-lifecycle-20260706T050147.291694346Z-c4-real-task-0241,ipfs_add,true,72,1783314111752,2700,,false
1622,e6-lifecycle-20260706T050147.291694346Z-c4-real-task-0241,signed_posttask,true,2,1783314111824,0,QmfEJkxeZXBCtVrzRc9tWUkiwMt3QbnPxy27zPrhErg5Mj,false
1623,e6-lifecycle-20260706T050147.291694346Z-c4-real-task-0241,signed_postallocation,true,3,1783314111826,0,QmfEJkxeZXBCtVrzRc9tWUkiwMt3QbnPxy27zPrhErg5Mj,false
1624,e6-lifecycle-20260706T050147.291694346Z-c4-real-task-0241,signed_post_evalsnapshot,true,2,1783314111829,0,QmfEJkxeZXBCtVrzRc9tWUkiwMt3QbnPxy27zPrhErg5Mj,false
1625,e6-lifecycle-20260706T050147.291694346Z-c4-real-task-0241,signed_vote1,true,2,1783314111831,0,QmfEJkxeZXBCtVrzRc9tWUkiwMt3QbnPxy27zPrhErg5Mj,false
1626,e6-lifecycle-20260706T050147.291694346Z-c4-real-task-0241,signed_vote2,true,1,1783314111833,0,QmfEJkxeZXBCtVrzRc9tWUkiwMt3QbnPxy27zPrhErg5Mj,false
1627,e6-lifecycle-20260706T050147.291694346Z-c4-real-task-0241,signed_settlement,true,2,1783314111834,0,QmfEJkxeZXBCtVrzRc9tWUkiwMt3QbnPxy27zPrhErg5Mj,false
1628,e6-lifecycle-20260706T050147.291694346Z-c4-real-task-0241,signed_query_latest,true,0,1783314111836,0,QmfEJkxeZXBCtVrzRc9tWUkiwMt3QbnPxy27zPrhErg5Mj,false
1629,e6-lifecycle-20260706T050147.291694346Z-c4-real-task-0241,ipfs_verify,true,7,1783314111836,0,QmfEJkxeZXBCtVrzRc9tWUkiwMt3QbnPxy27zPrhErg5Mj,false
1630,e6-lifecycle-20260706T050147.291694346Z-c4-real-task-0242,ipfs_add,true,71,1783314111773,2053,,false
1631,e6-lifecycle-20260706T050147.291694346Z-c4-real-task-0242,signed_posttask,true,2,1783314111844,0,QmNubnQEoCoKW34iLEEdjbFpwQuVWvqdKUZP7pPaRitT9Z,false
1632,e6-lifecycle-20260706T050147.291694346Z-c4-real-task-0242,signed_postallocation,true,2,1783314111846,0,QmNubnQEoCoKW34iLEEdjbFpwQuVWvqdKUZP7pPaRitT9Z,false
1633,e6-lifecycle-20260706T050147.291694346Z-c4-real-task-0242,signed_post_evalsnapshot,true,1,1783314111848,0,QmNubnQEoCoKW34iLEEdjbFpwQuVWvqdKUZP7pPaRitT9Z,false
1634,e6-lifecycle-20260706T050147.291694346Z-c4-real-task-0242,signed_vote1,true,2,1783314111850,0,QmNubnQEoCoKW34iLEEdjbFpwQuVWvqdKUZP7pPaRitT9Z,false
1635,e6-lifecycle-20260706T050147.291694346Z-c4-real-task-0242,signed_vote2,true,2,1783314111852,0,QmNubnQEoCoKW34iLEEdjbFpwQuVWvqdKUZP7pPaRitT9Z,false
1636,e6-lifecycle-20260706T050147.291694346Z-c4-real-task-0242,signed_settlement,true,2,1783314111854,0,QmNubnQEoCoKW34iLEEdjbFpwQuVWvqdKUZP7pPaRitT9Z,false
1637,e6-lifecycle-20260706T050147.291694346Z-c4-real-task-0242,signed_query_latest,true,0,1783314111856,0,QmNubnQEoCoKW34iLEEdjbFpwQuVWvqdKUZP7pPaRitT9Z,false
1638,e6-lifecycle-20260706T050147.291694346Z-c4-real-task-0242,ipfs_verify,true,7,1783314111856,0,QmNubnQEoCoKW34iLEEdjbFpwQuVWvqdKUZP7pPaRitT9Z,false
1639,e6-lifecycle-20260706T050147.291694346Z-c4-real-task-0243,ipfs_add,true,66,1783314111800,1456,,false
1640,e6-lifecycle-20260706T050147.291694346Z-c4-real-task-0243,signed_posttask,true,2,1783314111866,0,QmRSRcL9QGoh8VvDT2ixSsZg96fnWrX8z1a5S7uHJpt7kp,false
1641,e6-lifecycle-20260706T050147.291694346Z-c4-real-task-0243,signed_postallocation,true,2,1783314111868,0,QmRSRcL9QGoh8VvDT2ixSsZg96fnWrX8z1a5S7uHJpt7kp,false
1642,e6-lifecycle-20260706T050147.291694346Z-c4-real-task-0243,signed_post_evalsnapshot,true,2,1783314111870,0,QmRSRcL9QGoh8VvDT2ixSsZg96fnWrX8z1a5S7uHJpt7kp,false
1643,e6-lifecycle-20260706T050147.291694346Z-c4-real-task-0243,signed_vote1,true,2,1783314111872,0,QmRSRcL9QGoh8VvDT2ixSsZg96fnWrX8z1a5S7uHJpt7kp,false
1644,e6-lifecycle-20260706T050147.291694346Z-c4-real-task-0243,signed_vote2,true,1,1783314111874,0,QmRSRcL9QGoh8VvDT2ixSsZg96fnWrX8z1a5S7uHJpt7kp,false
1645,e6-lifecycle-20260706T050147.291694346Z-c4-real-task-0243,signed_settlement,true,2,1783314111875,0,QmRSRcL9QGoh8VvDT2ixSsZg96fnWrX8z1a5S7uHJpt7kp,false
1646,e6-lifecycle-20260706T050147.291694346Z-c4-real-task-0243,signed_query_latest,true,0,1783314111877,0,QmRSRcL9QGoh8VvDT2ixSsZg96fnWrX8z1a5S7uHJpt7kp,false
1647,e6-lifecycle-20260706T050147.291694346Z-c4-real-task-0244,ipfs_add,true,66,1783314111822,1940,,false
1648,e6-lifecycle-20260706T050147.291694346Z-c4-real-task-0243,ipfs_verify,true,12,1783314111877,0,QmRSRcL9QGoh8VvDT2ixSsZg96fnWrX8z1a5S7uHJpt7kp,false
1649,e6-lifecycle-20260706T050147.291694346Z-c4-real-task-0244,signed_posttask,true,2,1783314111888,0,QmZRkcbZv6DrZ32YxAdk9t2kzi1YwGMwtxRpuS6Qjz4ByS,false
1650,e6-lifecycle-20260706T050147.291694346Z-c4-real-task-0244,signed_postallocation,true,5,1783314111890,0,QmZRkcbZv6DrZ32YxAdk9t2kzi1YwGMwtxRpuS6Qjz4ByS,false
1651,e6-lifecycle-20260706T050147.291694346Z-c4-real-task-0244,signed_post_evalsnapshot,true,2,1783314111895,0,QmZRkcbZv6DrZ32YxAdk9t2kzi1YwGMwtxRpuS6Qjz4ByS,false
1652,e6-lifecycle-20260706T050147.291694346Z-c4-real-task-0244,signed_vote1,true,3,1783314111897,0,QmZRkcbZv6DrZ32YxAdk9t2kzi1YwGMwtxRpuS6Qjz4ByS,false
1653,e6-lifecycle-20260706T050147.291694346Z-c4-real-task-0244,signed_vote2,true,3,1783314111900,0,QmZRkcbZv6DrZ32YxAdk9t2kzi1YwGMwtxRpuS6Qjz4ByS,false
1654,e6-lifecycle-20260706T050147.291694346Z-c4-real-task-0244,signed_settlement,true,3,1783314111903,0,QmZRkcbZv6DrZ32YxAdk9t2kzi1YwGMwtxRpuS6Qjz4ByS,false
1655,e6-lifecycle-20260706T050147.291694346Z-c4-real-task-0244,signed_query_latest,true,0,1783314111906,0,QmZRkcbZv6DrZ32YxAdk9t2kzi1YwGMwtxRpuS6Qjz4ByS,false
1656,e6-lifecycle-20260706T050147.291694346Z-c4-real-task-0245,ipfs_add,true,67,1783314111843,1397,,false
1657,e6-lifecycle-20260706T050147.291694346Z-c4-real-task-0245,signed_posttask,true,2,1783314111910,0,QmRfQ29mFdu3DgQcz3fAXc1k7t6oBRgjxH4rKPuQH1fX4o,false
1658,e6-lifecycle-20260706T050147.291694346Z-c4-real-task-0245,signed_postallocation,true,2,1783314111912,0,QmRfQ29mFdu3DgQcz3fAXc1k7t6oBRgjxH4rKPuQH1fX4o,false
1659,e6-lifecycle-20260706T050147.291694346Z-c4-real-task-0244,ipfs_verify,true,10,1783314111906,0,QmZRkcbZv6DrZ32YxAdk9t2kzi1YwGMwtxRpuS6Qjz4ByS,false
1660,e6-lifecycle-20260706T050147.291694346Z-c4-real-task-0245,signed_post_evalsnapshot,true,2,1783314111914,0,QmRfQ29mFdu3DgQcz3fAXc1k7t6oBRgjxH4rKPuQH1fX4o,false
1661,e6-lifecycle-20260706T050147.291694346Z-c4-real-task-0245,signed_vote1,true,2,1783314111916,0,QmRfQ29mFdu3DgQcz3fAXc1k7t6oBRgjxH4rKPuQH1fX4o,false
1662,e6-lifecycle-20260706T050147.291694346Z-c4-real-task-0245,signed_vote2,true,2,1783314111918,0,QmRfQ29mFdu3DgQcz3fAXc1k7t6oBRgjxH4rKPuQH1fX4o,false
1663,e6-lifecycle-20260706T050147.291694346Z-c4-real-task-0245,signed_settlement,true,2,1783314111920,0,QmRfQ29mFdu3DgQcz3fAXc1k7t6oBRgjxH4rKPuQH1fX4o,false
1664,e6-lifecycle-20260706T050147.291694346Z-c4-real-task-0245,signed_query_latest,true,0,1783314111922,0,QmRfQ29mFdu3DgQcz3fAXc1k7t6oBRgjxH4rKPuQH1fX4o,false
1665,e6-lifecycle-20260706T050147.291694346Z-c4-real-task-0245,ipfs_verify,true,9,1783314111922,0,QmRfQ29mFdu3DgQcz3fAXc1k7t6oBRgjxH4rKPuQH1fX4o,false
1666,e6-lifecycle-20260706T050147.291694346Z-c4-real-task-0247,ipfs_add,true,62,1783314111889,1442,,false
1667,e6-lifecycle-20260706T050147.291694346Z-c4-real-task-0247,signed_posttask,true,2,1783314111951,0,QmX6Pz1owsVrhohFcJpqY4nN99ZYTUNsMhoWJHmcAATrUC,false
1668,e6-lifecycle-20260706T050147.291694346Z-c4-real-task-0247,signed_postallocation,true,2,1783314111953,0,QmX6Pz1owsVrhohFcJpqY4nN99ZYTUNsMhoWJHmcAATrUC,false
1669,e6-lifecycle-20260706T050147.291694346Z-c4-real-task-0247,signed_post_evalsnapshot,true,2,1783314111955,0,QmX6Pz1owsVrhohFcJpqY4nN99ZYTUNsMhoWJHmcAATrUC,false
1670,e6-lifecycle-20260706T050147.291694346Z-c4-real-task-0247,signed_vote1,true,1,1783314111957,0,QmX6Pz1owsVrhohFcJpqY4nN99ZYTUNsMhoWJHmcAATrUC,false
1671,e6-lifecycle-20260706T050147.291694346Z-c4-real-task-0247,signed_vote2,true,3,1783314111958,0,QmX6Pz1owsVrhohFcJpqY4nN99ZYTUNsMhoWJHmcAATrUC,false
1672,e6-lifecycle-20260706T050147.291694346Z-c4-real-task-0247,signed_settlement,true,2,1783314111961,0,QmX6Pz1owsVrhohFcJpqY4nN99ZYTUNsMhoWJHmcAATrUC,false
1673,e6-lifecycle-20260706T050147.291694346Z-c4-real-task-0247,signed_query_latest,true,0,1783314111963,0,QmX6Pz1owsVrhohFcJpqY4nN99ZYTUNsMhoWJHmcAATrUC,false
1674,e6-lifecycle-20260706T050147.291694346Z-c4-real-task-0247,ipfs_verify,true,10,1783314111963,0,QmX6Pz1owsVrhohFcJpqY4nN99ZYTUNsMhoWJHmcAATrUC,false
1675,e6-lifecycle-20260706T050147.291694346Z-c4-real-task-0248,ipfs_add,true,62,1783314111916,1513,,false
1676,e6-lifecycle-20260706T050147.291694346Z-c4-real-task-0246,ipfs_add,true,115,1783314111863,1908,,false
1677,e6-lifecycle-20260706T050147.291694346Z-c4-real-task-0248,signed_posttask,true,2,1783314111978,0,QmZm8oEeNJE8ud88izCLhLnkvJbBpn3DcxxACsWhMRdYhA,false
1678,e6-lifecycle-20260706T050147.291694346Z-c4-real-task-0248,signed_postallocation,true,4,1783314111980,0,QmZm8oEeNJE8ud88izCLhLnkvJbBpn3DcxxACsWhMRdYhA,false
1679,e6-lifecycle-20260706T050147.291694346Z-c4-real-task-0246,signed_posttask,true,7,1783314111978,0,Qmbd379qf1e5jFN3VfVGanPkH2qj7HaxhCKRJVLas9XhVH,false
1680,e6-lifecycle-20260706T050147.291694346Z-c4-real-task-0246,signed_postallocation,true,2,1783314111986,0,Qmbd379qf1e5jFN3VfVGanPkH2qj7HaxhCKRJVLas9XhVH,false
1681,e6-lifecycle-20260706T050147.291694346Z-c4-real-task-0248,signed_post_evalsnapshot,true,5,1783314111984,0,QmZm8oEeNJE8ud88izCLhLnkvJbBpn3DcxxACsWhMRdYhA,false
1682,e6-lifecycle-20260706T050147.291694346Z-c4-real-task-0248,signed_vote1,true,2,1783314111989,0,QmZm8oEeNJE8ud88izCLhLnkvJbBpn3DcxxACsWhMRdYhA,false
1683,e6-lifecycle-20260706T050147.291694346Z-c4-real-task-0246,signed_post_evalsnapshot,true,5,1783314111988,0,Qmbd379qf1e5jFN3VfVGanPkH2qj7HaxhCKRJVLas9XhVH,false
1684,e6-lifecycle-20260706T050147.291694346Z-c4-real-task-0246,signed_vote1,true,2,1783314111993,0,Qmbd379qf1e5jFN3VfVGanPkH2qj7HaxhCKRJVLas9XhVH,false
1685,e6-lifecycle-20260706T050147.291694346Z-c4-real-task-0248,signed_vote2,true,6,1783314111991,0,QmZm8oEeNJE8ud88izCLhLnkvJbBpn3DcxxACsWhMRdYhA,false
1686,e6-lifecycle-20260706T050147.291694346Z-c4-real-task-0248,signed_settlement,true,2,1783314111997,0,QmZm8oEeNJE8ud88izCLhLnkvJbBpn3DcxxACsWhMRdYhA,false
1687,e6-lifecycle-20260706T050147.291694346Z-c4-real-task-0246,signed_vote2,true,6,1783314111995,0,Qmbd379qf1e5jFN3VfVGanPkH2qj7HaxhCKRJVLas9XhVH,false
1688,e6-lifecycle-20260706T050147.291694346Z-c4-real-task-0248,signed_query_latest,true,4,1783314111999,0,QmZm8oEeNJE8ud88izCLhLnkvJbBpn3DcxxACsWhMRdYhA,false
1689,e6-lifecycle-20260706T050147.291694346Z-c4-real-task-0246,signed_settlement,true,2,1783314112001,0,Qmbd379qf1e5jFN3VfVGanPkH2qj7HaxhCKRJVLas9XhVH,false
1690,e6-lifecycle-20260706T050147.291694346Z-c4-real-task-0246,signed_query_latest,true,0,1783314112003,0,Qmbd379qf1e5jFN3VfVGanPkH2qj7HaxhCKRJVLas9XhVH,false
1691,e6-lifecycle-20260706T050147.291694346Z-c4-real-task-0249,ipfs_add,true,79,1783314111931,1622,,false
1692,e6-lifecycle-20260706T050147.291694346Z-c4-real-task-0249,signed_posttask,true,2,1783314112010,0,QmWhPk74ArLFk2azBUEPeV5DfbYzPqL1rjTNqE5zSC1Eut,false
1693,e6-lifecycle-20260706T050147.291694346Z-c4-real-task-0248,ipfs_verify,true,9,1783314112003,0,QmZm8oEeNJE8ud88izCLhLnkvJbBpn3DcxxACsWhMRdYhA,false
1694,e6-lifecycle-20260706T050147.291694346Z-c4-real-task-0246,ipfs_verify,true,10,1783314112003,0,Qmbd379qf1e5jFN3VfVGanPkH2qj7HaxhCKRJVLas9XhVH,false
1695,e6-lifecycle-20260706T050147.291694346Z-c4-real-task-0249,signed_postallocation,true,1,1783314112012,0,QmWhPk74ArLFk2azBUEPeV5DfbYzPqL1rjTNqE5zSC1Eut,false
1696,e6-lifecycle-20260706T050147.291694346Z-c4-real-task-0249,signed_post_evalsnapshot,true,2,1783314112013,0,QmWhPk74ArLFk2azBUEPeV5DfbYzPqL1rjTNqE5zSC1Eut,false
1697,e6-lifecycle-20260706T050147.291694346Z-c4-real-task-0249,signed_vote1,true,2,1783314112015,0,QmWhPk74ArLFk2azBUEPeV5DfbYzPqL1rjTNqE5zSC1Eut,false
1698,e6-lifecycle-20260706T050147.291694346Z-c4-real-task-0249,signed_vote2,true,3,1783314112017,0,QmWhPk74ArLFk2azBUEPeV5DfbYzPqL1rjTNqE5zSC1Eut,false
1699,e6-lifecycle-20260706T050147.291694346Z-c4-real-task-0249,signed_settlement,true,1,1783314112020,0,QmWhPk74ArLFk2azBUEPeV5DfbYzPqL1rjTNqE5zSC1Eut,false
1700,e6-lifecycle-20260706T050147.291694346Z-c4-real-task-0249,signed_query_latest,true,0,1783314112021,0,QmWhPk74ArLFk2azBUEPeV5DfbYzPqL1rjTNqE5zSC1Eut,false
1701,e6-lifecycle-20260706T050147.291694346Z-c4-real-task-0250,ipfs_add,true,58,1783314111973,1536,,false
1702,e6-lifecycle-20260706T050147.291694346Z-c4-real-task-0249,ipfs_verify,true,10,1783314112021,0,QmWhPk74ArLFk2azBUEPeV5DfbYzPqL1rjTNqE5zSC1Eut,false
1703,e6-lifecycle-20260706T050147.291694346Z-c4-real-task-0250,signed_posttask,true,1,1783314112031,0,Qmed7xmh1Coiscy6DWRC1YB617j5DeuyK8AizbfmSS6upB,false
1704,e6-lifecycle-20260706T050147.291694346Z-c4-real-task-0250,signed_postallocation,true,2,1783314112032,0,Qmed7xmh1Coiscy6DWRC1YB617j5DeuyK8AizbfmSS6upB,false
1705,e6-lifecycle-20260706T050147.291694346Z-c4-real-task-0250,signed_post_evalsnapshot,true,2,1783314112034,0,Qmed7xmh1Coiscy6DWRC1YB617j5DeuyK8AizbfmSS6upB,false
1706,e6-lifecycle-20260706T050147.291694346Z-c4-real-task-0250,signed_vote1,true,1,1783314112036,0,Qmed7xmh1Coiscy6DWRC1YB617j5DeuyK8AizbfmSS6upB,false
1707,e6-lifecycle-20260706T050147.291694346Z-c4-real-task-0250,signed_vote2,true,2,1783314112037,0,Qmed7xmh1Coiscy6DWRC1YB617j5DeuyK8AizbfmSS6upB,false
1708,e6-lifecycle-20260706T050147.291694346Z-c4-real-task-0250,signed_settlement,true,1,1783314112039,0,Qmed7xmh1Coiscy6DWRC1YB617j5DeuyK8AizbfmSS6upB,false
1709,e6-lifecycle-20260706T050147.291694346Z-c4-real-task-0250,signed_query_latest,true,0,1783314112040,0,Qmed7xmh1Coiscy6DWRC1YB617j5DeuyK8AizbfmSS6upB,false
1710,e6-lifecycle-20260706T050147.291694346Z-c4-real-task-0250,ipfs_verify,true,11,1783314112040,0,Qmed7xmh1Coiscy6DWRC1YB617j5DeuyK8AizbfmSS6upB,false
1711,e6-lifecycle-20260706T050147.291694346Z-c4-real-task-0251,ipfs_add,true,41,1783314112012,1557,,false
1712,e6-lifecycle-20260706T050147.291694346Z-c4-real-task-0251,signed_posttask,true,6,1783314112053,0,QmZcHg4d9H8MPruWuXm1QwpfemphbX6MHQxju4nZvRocmZ,false
1713,e6-lifecycle-20260706T050147.291694346Z-c4-real-task-0251,signed_postallocation,true,2,1783314112059,0,QmZcHg4d9H8MPruWuXm1QwpfemphbX6MHQxju4nZvRocmZ,false
1714,e6-lifecycle-20260706T050147.291694346Z-c4-real-task-0251,signed_post_evalsnapshot,true,2,1783314112061,0,QmZcHg4d9H8MPruWuXm1QwpfemphbX6MHQxju4nZvRocmZ,false
1715,e6-lifecycle-20260706T050147.291694346Z-c4-real-task-0251,signed_vote1,true,2,1783314112063,0,QmZcHg4d9H8MPruWuXm1QwpfemphbX6MHQxju4nZvRocmZ,false
1716,e6-lifecycle-20260706T050147.291694346Z-c4-real-task-0251,signed_vote2,true,2,1783314112065,0,QmZcHg4d9H8MPruWuXm1QwpfemphbX6MHQxju4nZvRocmZ,false
1717,e6-lifecycle-20260706T050147.291694346Z-c4-real-task-0251,signed_settlement,true,2,1783314112067,0,QmZcHg4d9H8MPruWuXm1QwpfemphbX6MHQxju4nZvRocmZ,false
1718,e6-lifecycle-20260706T050147.291694346Z-c4-real-task-0251,signed_query_latest,true,0,1783314112069,0,QmZcHg4d9H8MPruWuXm1QwpfemphbX6MHQxju4nZvRocmZ,false
1719,e6-lifecycle-20260706T050147.291694346Z-c4-real-task-0251,ipfs_verify,true,7,1783314112069,0,QmZcHg4d9H8MPruWuXm1QwpfemphbX6MHQxju4nZvRocmZ,false
1720,e6-lifecycle-20260706T050147.291694346Z-c4-real-task-0252,ipfs_add,true,66,1783314112013,2362,,false
1721,e6-lifecycle-20260706T050147.291694346Z-c4-real-task-0252,signed_posttask,true,1,1783314112079,0,QmSPWZE8QTcLPVYdwtzz4Jdbw1i2rDGXNp1NbNXG6cAtWU,false
1722,e6-lifecycle-20260706T050147.291694346Z-c4-real-task-0252,signed_postallocation,true,2,1783314112080,0,QmSPWZE8QTcLPVYdwtzz4Jdbw1i2rDGXNp1NbNXG6cAtWU,false
1723,e6-lifecycle-20260706T050147.291694346Z-c4-real-task-0252,signed_post_evalsnapshot,true,2,1783314112082,0,QmSPWZE8QTcLPVYdwtzz4Jdbw1i2rDGXNp1NbNXG6cAtWU,false
1724,e6-lifecycle-20260706T050147.291694346Z-c4-real-task-0252,signed_vote1,true,2,1783314112084,0,QmSPWZE8QTcLPVYdwtzz4Jdbw1i2rDGXNp1NbNXG6cAtWU,false
1725,e6-lifecycle-20260706T050147.291694346Z-c4-real-task-0252,signed_vote2,true,2,1783314112086,0,QmSPWZE8QTcLPVYdwtzz4Jdbw1i2rDGXNp1NbNXG6cAtWU,false
1726,e6-lifecycle-20260706T050147.291694346Z-c4-real-task-0252,signed_settlement,true,1,1783314112088,0,QmSPWZE8QTcLPVYdwtzz4Jdbw1i2rDGXNp1NbNXG6cAtWU,false
1727,e6-lifecycle-20260706T050147.291694346Z-c4-real-task-0252,signed_query_latest,true,0,1783314112089,0,QmSPWZE8QTcLPVYdwtzz4Jdbw1i2rDGXNp1NbNXG6cAtWU,false
1728,e6-lifecycle-20260706T050147.291694346Z-c4-real-task-0252,ipfs_verify,true,8,1783314112089,0,QmSPWZE8QTcLPVYdwtzz4Jdbw1i2rDGXNp1NbNXG6cAtWU,false
1729,e6-lifecycle-20260706T050147.291694346Z-c4-real-task-0253,ipfs_add,true,72,1783314112031,2993,,false
1730,e6-lifecycle-20260706T050147.291694346Z-c4-real-task-0253,signed_posttask,true,2,1783314112103,0,QmU6GWKSsXJ8p8tB8vPkjDBspe6KHsKQiKg2i4XDbpW64S,false
1731,e6-lifecycle-20260706T050147.291694346Z-c4-real-task-0253,signed_postallocation,true,2,1783314112105,0,QmU6GWKSsXJ8p8tB8vPkjDBspe6KHsKQiKg2i4XDbpW64S,false
1732,e6-lifecycle-20260706T050147.291694346Z-c4-real-task-0253,signed_post_evalsnapshot,true,2,1783314112107,0,QmU6GWKSsXJ8p8tB8vPkjDBspe6KHsKQiKg2i4XDbpW64S,false
1733,e6-lifecycle-20260706T050147.291694346Z-c4-real-task-0253,signed_vote1,true,2,1783314112109,0,QmU6GWKSsXJ8p8tB8vPkjDBspe6KHsKQiKg2i4XDbpW64S,false
1734,e6-lifecycle-20260706T050147.291694346Z-c4-real-task-0253,signed_vote2,true,2,1783314112111,0,QmU6GWKSsXJ8p8tB8vPkjDBspe6KHsKQiKg2i4XDbpW64S,false
1735,e6-lifecycle-20260706T050147.291694346Z-c4-real-task-0253,signed_settlement,true,2,1783314112113,0,QmU6GWKSsXJ8p8tB8vPkjDBspe6KHsKQiKg2i4XDbpW64S,false
1736,e6-lifecycle-20260706T050147.291694346Z-c4-real-task-0253,signed_query_latest,true,0,1783314112115,0,QmU6GWKSsXJ8p8tB8vPkjDBspe6KHsKQiKg2i4XDbpW64S,false
1737,e6-lifecycle-20260706T050147.291694346Z-c4-real-task-0253,ipfs_verify,true,12,1783314112115,0,QmU6GWKSsXJ8p8tB8vPkjDBspe6KHsKQiKg2i4XDbpW64S,false
1738,e6-lifecycle-20260706T050147.291694346Z-c4-real-task-0254,ipfs_add,true,76,1783314112051,1295,,false
1739,e6-lifecycle-20260706T050147.291694346Z-c4-real-task-0254,signed_posttask,true,3,1783314112127,0,QmNNK1VZwQQrsmt9689RK9RnXVSmh5jmJ6wJxbnwquT91z,false
1740,e6-lifecycle-20260706T050147.291694346Z-c4-real-task-0254,signed_postallocation,true,2,1783314112130,0,QmNNK1VZwQQrsmt9689RK9RnXVSmh5jmJ6wJxbnwquT91z,false
1741,e6-lifecycle-20260706T050147.291694346Z-c4-real-task-0254,signed_post_evalsnapshot,true,2,1783314112132,0,QmNNK1VZwQQrsmt9689RK9RnXVSmh5jmJ6wJxbnwquT91z,false
1742,e6-lifecycle-20260706T050147.291694346Z-c4-real-task-0254,signed_vote1,true,2,1783314112134,0,QmNNK1VZwQQrsmt9689RK9RnXVSmh5jmJ6wJxbnwquT91z,false
1743,e6-lifecycle-20260706T050147.291694346Z-c4-real-task-0254,signed_vote2,true,13,1783314112136,0,QmNNK1VZwQQrsmt9689RK9RnXVSmh5jmJ6wJxbnwquT91z,false
1744,e6-lifecycle-20260706T050147.291694346Z-c4-real-task-0254,signed_settlement,true,2,1783314112149,0,QmNNK1VZwQQrsmt9689RK9RnXVSmh5jmJ6wJxbnwquT91z,false
1745,e6-lifecycle-20260706T050147.291694346Z-c4-real-task-0254,signed_query_latest,true,0,1783314112151,0,QmNNK1VZwQQrsmt9689RK9RnXVSmh5jmJ6wJxbnwquT91z,false
1746,e6-lifecycle-20260706T050147.291694346Z-c4-real-task-0254,ipfs_verify,true,13,1783314112151,0,QmNNK1VZwQQrsmt9689RK9RnXVSmh5jmJ6wJxbnwquT91z,false
1747,e6-lifecycle-20260706T050147.291694346Z-c4-real-task-0220,ipfs_add,true,97,1783314112076,4548,,false
1748,e6-lifecycle-20260706T050147.291694346Z-c4-real-task-0220,signed_posttask,true,2,1783314112173,0,QmYYxvJgNUHcuw3V2RQoYsrDaUwRXmGhJB4S5YoBbJAdi9,false
1749,e6-lifecycle-20260706T050147.291694346Z-c4-real-task-0220,signed_postallocation,true,2,1783314112175,0,QmYYxvJgNUHcuw3V2RQoYsrDaUwRXmGhJB4S5YoBbJAdi9,false
1750,e6-lifecycle-20260706T050147.291694346Z-c4-real-task-0220,signed_post_evalsnapshot,true,1,1783314112177,0,QmYYxvJgNUHcuw3V2RQoYsrDaUwRXmGhJB4S5YoBbJAdi9,false
1751,e6-lifecycle-20260706T050147.291694346Z-c4-real-task-0220,signed_vote1,true,2,1783314112178,0,QmYYxvJgNUHcuw3V2RQoYsrDaUwRXmGhJB4S5YoBbJAdi9,false
1752,e6-lifecycle-20260706T050147.291694346Z-c4-real-task-0220,signed_vote2,true,1,1783314112180,0,QmYYxvJgNUHcuw3V2RQoYsrDaUwRXmGhJB4S5YoBbJAdi9,false
1753,e6-lifecycle-20260706T050147.291694346Z-c4-real-task-0220,signed_settlement,true,2,1783314112181,0,QmYYxvJgNUHcuw3V2RQoYsrDaUwRXmGhJB4S5YoBbJAdi9,false
1754,e6-lifecycle-20260706T050147.291694346Z-c4-real-task-0220,signed_query_latest,true,0,1783314112183,0,QmYYxvJgNUHcuw3V2RQoYsrDaUwRXmGhJB4S5YoBbJAdi9,false
1755,e6-lifecycle-20260706T050147.291694346Z-c4-real-task-0220,ipfs_verify,true,7,1783314112183,0,QmYYxvJgNUHcuw3V2RQoYsrDaUwRXmGhJB4S5YoBbJAdi9,false
1756,e6-lifecycle-20260706T050147.291694346Z-c4-real-task-0210,ipfs_add,true,94,1783314112097,4993,,false
1757,e6-lifecycle-20260706T050147.291694346Z-c4-real-task-0210,signed_posttask,true,3,1783314112191,0,QmYWQDJhTUHPSwS8macjgfKhMk7DhsPuXJUCoxJ8RUpDKq,false
1758,e6-lifecycle-20260706T050147.291694346Z-c4-real-task-0210,signed_postallocation,true,2,1783314112194,0,QmYWQDJhTUHPSwS8macjgfKhMk7DhsPuXJUCoxJ8RUpDKq,false
1759,e6-lifecycle-20260706T050147.291694346Z-c4-real-task-0210,signed_post_evalsnapshot,true,2,1783314112196,0,QmYWQDJhTUHPSwS8macjgfKhMk7DhsPuXJUCoxJ8RUpDKq,false
1760,e6-lifecycle-20260706T050147.291694346Z-c4-real-task-0210,signed_vote1,true,3,1783314112198,0,QmYWQDJhTUHPSwS8macjgfKhMk7DhsPuXJUCoxJ8RUpDKq,false
1761,e6-lifecycle-20260706T050147.291694346Z-c4-real-task-0210,signed_vote2,true,2,1783314112201,0,QmYWQDJhTUHPSwS8macjgfKhMk7DhsPuXJUCoxJ8RUpDKq,false
1762,e6-lifecycle-20260706T050147.291694346Z-c4-real-task-0210,signed_settlement,true,2,1783314112203,0,QmYWQDJhTUHPSwS8macjgfKhMk7DhsPuXJUCoxJ8RUpDKq,false
1763,e6-lifecycle-20260706T050147.291694346Z-c4-real-task-0210,signed_query_latest,true,0,1783314112205,0,QmYWQDJhTUHPSwS8macjgfKhMk7DhsPuXJUCoxJ8RUpDKq,false
1764,e6-lifecycle-20260706T050147.291694346Z-c4-real-task-0210,ipfs_verify,true,8,1783314112205,0,QmYWQDJhTUHPSwS8macjgfKhMk7DhsPuXJUCoxJ8RUpDKq,false
1765,e6-lifecycle-20260706T050147.291694346Z-c4-real-task-0211,ipfs_add,true,86,1783314112127,2188,,false
1766,e6-lifecycle-20260706T050147.291694346Z-c4-real-task-0211,signed_posttask,true,3,1783314112213,0,QmSruFaoTdkpvWrKYpZR3J5CegMm6LLAWeQUC4xAiE69U9,false
1767,e6-lifecycle-20260706T050147.291694346Z-c4-real-task-0211,signed_postallocation,true,2,1783314112216,0,QmSruFaoTdkpvWrKYpZR3J5CegMm6LLAWeQUC4xAiE69U9,false
1768,e6-lifecycle-20260706T050147.291694346Z-c4-real-task-0211,signed_post_evalsnapshot,true,2,1783314112218,0,QmSruFaoTdkpvWrKYpZR3J5CegMm6LLAWeQUC4xAiE69U9,false
1769,e6-lifecycle-20260706T050147.291694346Z-c4-real-task-0211,signed_vote1,true,1,1783314112220,0,QmSruFaoTdkpvWrKYpZR3J5CegMm6LLAWeQUC4xAiE69U9,false
1770,e6-lifecycle-20260706T050147.291694346Z-c4-real-task-0211,signed_vote2,true,2,1783314112221,0,QmSruFaoTdkpvWrKYpZR3J5CegMm6LLAWeQUC4xAiE69U9,false
1771,e6-lifecycle-20260706T050147.291694346Z-c4-real-task-0211,signed_settlement,true,2,1783314112223,0,QmSruFaoTdkpvWrKYpZR3J5CegMm6LLAWeQUC4xAiE69U9,false
1772,e6-lifecycle-20260706T050147.291694346Z-c4-real-task-0211,signed_query_latest,true,0,1783314112225,0,QmSruFaoTdkpvWrKYpZR3J5CegMm6LLAWeQUC4xAiE69U9,false
1773,e6-lifecycle-20260706T050147.291694346Z-c4-real-task-0211,ipfs_verify,true,7,1783314112225,0,QmSruFaoTdkpvWrKYpZR3J5CegMm6LLAWeQUC4xAiE69U9,false
1774,e6-lifecycle-20260706T050147.291694346Z-c4-real-task-0212,ipfs_add,true,68,1783314112165,2819,,false
1775,e6-lifecycle-20260706T050147.291694346Z-c4-real-task-0212,signed_posttask,true,2,1783314112233,0,Qmaib3WGRkqTQustpCT5rKV9YQe2ieXfDc5aAxzzBF7FaH,false
1776,e6-lifecycle-20260706T050147.291694346Z-c4-real-task-0212,signed_postallocation,true,2,1783314112235,0,Qmaib3WGRkqTQustpCT5rKV9YQe2ieXfDc5aAxzzBF7FaH,false
1777,e6-lifecycle-20260706T050147.291694346Z-c4-real-task-0212,signed_post_evalsnapshot,true,2,1783314112237,0,Qmaib3WGRkqTQustpCT5rKV9YQe2ieXfDc5aAxzzBF7FaH,false
1778,e6-lifecycle-20260706T050147.291694346Z-c4-real-task-0212,signed_vote1,true,3,1783314112239,0,Qmaib3WGRkqTQustpCT5rKV9YQe2ieXfDc5aAxzzBF7FaH,false
1779,e6-lifecycle-20260706T050147.291694346Z-c4-real-task-0212,signed_vote2,true,4,1783314112242,0,Qmaib3WGRkqTQustpCT5rKV9YQe2ieXfDc5aAxzzBF7FaH,false
1780,e6-lifecycle-20260706T050147.291694346Z-c4-real-task-0212,signed_settlement,true,1,1783314112246,0,Qmaib3WGRkqTQustpCT5rKV9YQe2ieXfDc5aAxzzBF7FaH,false
1781,e6-lifecycle-20260706T050147.291694346Z-c4-real-task-0212,signed_query_latest,true,0,1783314112247,0,Qmaib3WGRkqTQustpCT5rKV9YQe2ieXfDc5aAxzzBF7FaH,false
1782,e6-lifecycle-20260706T050147.291694346Z-c4-real-task-0213,ipfs_add,true,67,1783314112190,4132,,false
1783,e6-lifecycle-20260706T050147.291694346Z-c4-real-task-0212,ipfs_verify,true,12,1783314112247,0,Qmaib3WGRkqTQustpCT5rKV9YQe2ieXfDc5aAxzzBF7FaH,false
1784,e6-lifecycle-20260706T050147.291694346Z-c4-real-task-0213,signed_posttask,true,2,1783314112257,0,QmctLbZZivJVW7cFwYF2T1Ru2jPZUBYB55doQKWJ3SD4r5,false
1785,e6-lifecycle-20260706T050147.291694346Z-c4-real-task-0213,signed_postallocation,true,6,1783314112259,0,QmctLbZZivJVW7cFwYF2T1Ru2jPZUBYB55doQKWJ3SD4r5,false
1786,e6-lifecycle-20260706T050147.291694346Z-c4-real-task-0213,signed_post_evalsnapshot,true,3,1783314112265,0,QmctLbZZivJVW7cFwYF2T1Ru2jPZUBYB55doQKWJ3SD4r5,false
1787,e6-lifecycle-20260706T050147.291694346Z-c4-real-task-0213,signed_vote1,true,2,1783314112268,0,QmctLbZZivJVW7cFwYF2T1Ru2jPZUBYB55doQKWJ3SD4r5,false
1788,e6-lifecycle-20260706T050147.291694346Z-c4-real-task-0213,signed_vote2,true,2,1783314112270,0,QmctLbZZivJVW7cFwYF2T1Ru2jPZUBYB55doQKWJ3SD4r5,false
1789,e6-lifecycle-20260706T050147.291694346Z-c4-real-task-0213,signed_settlement,true,1,1783314112272,0,QmctLbZZivJVW7cFwYF2T1Ru2jPZUBYB55doQKWJ3SD4r5,false
1790,e6-lifecycle-20260706T050147.291694346Z-c4-real-task-0213,signed_query_latest,true,0,1783314112273,0,QmctLbZZivJVW7cFwYF2T1Ru2jPZUBYB55doQKWJ3SD4r5,false
1791,e6-lifecycle-20260706T050147.291694346Z-c4-real-task-0214,ipfs_add,true,69,1783314112213,3407,,false
1792,e6-lifecycle-20260706T050147.291694346Z-c4-real-task-0214,signed_posttask,true,2,1783314112282,0,QmW8eUfmmaQLniD2wxDZwMJfZvPcEb95FaZBwzxdvv4GUs,false
1793,e6-lifecycle-20260706T050147.291694346Z-c4-real-task-0213,ipfs_verify,true,12,1783314112273,0,QmctLbZZivJVW7cFwYF2T1Ru2jPZUBYB55doQKWJ3SD4r5,false
1794,e6-lifecycle-20260706T050147.291694346Z-c4-real-task-0214,signed_postallocation,true,2,1783314112284,0,QmW8eUfmmaQLniD2wxDZwMJfZvPcEb95FaZBwzxdvv4GUs,false
1795,e6-lifecycle-20260706T050147.291694346Z-c4-real-task-0214,signed_post_evalsnapshot,true,2,1783314112286,0,QmW8eUfmmaQLniD2wxDZwMJfZvPcEb95FaZBwzxdvv4GUs,false
1796,e6-lifecycle-20260706T050147.291694346Z-c4-real-task-0214,signed_vote1,true,1,1783314112288,0,QmW8eUfmmaQLniD2wxDZwMJfZvPcEb95FaZBwzxdvv4GUs,false
1797,e6-lifecycle-20260706T050147.291694346Z-c4-real-task-0214,signed_vote2,true,2,1783314112289,0,QmW8eUfmmaQLniD2wxDZwMJfZvPcEb95FaZBwzxdvv4GUs,false
1798,e6-lifecycle-20260706T050147.291694346Z-c4-real-task-0214,signed_settlement,true,2,1783314112291,0,QmW8eUfmmaQLniD2wxDZwMJfZvPcEb95FaZBwzxdvv4GUs,false
1799,e6-lifecycle-20260706T050147.291694346Z-c4-real-task-0214,signed_query_latest,true,0,1783314112293,0,QmW8eUfmmaQLniD2wxDZwMJfZvPcEb95FaZBwzxdvv4GUs,false
1800,e6-lifecycle-20260706T050147.291694346Z-c4-real-task-0214,ipfs_verify,true,10,1783314112293,0,QmW8eUfmmaQLniD2wxDZwMJfZvPcEb95FaZBwzxdvv4GUs,false
1801,e6-lifecycle-20260706T050147.291694346Z-c4-real-task-0215,ipfs_add,true,72,1783314112232,5293,,false
1802,e6-lifecycle-20260706T050147.291694346Z-c4-real-task-0215,signed_posttask,true,2,1783314112304,0,QmTpnKYxxgCcizoT1wCDmcgvVbp5FYFvr7h2HQoANwFfJK,false
1803,e6-lifecycle-20260706T050147.291694346Z-c4-real-task-0215,signed_postallocation,true,2,1783314112306,0,QmTpnKYxxgCcizoT1wCDmcgvVbp5FYFvr7h2HQoANwFfJK,false
1804,e6-lifecycle-20260706T050147.291694346Z-c4-real-task-0215,signed_post_evalsnapshot,true,2,1783314112308,0,QmTpnKYxxgCcizoT1wCDmcgvVbp5FYFvr7h2HQoANwFfJK,false
1805,e6-lifecycle-20260706T050147.291694346Z-c4-real-task-0215,signed_vote1,true,1,1783314112310,0,QmTpnKYxxgCcizoT1wCDmcgvVbp5FYFvr7h2HQoANwFfJK,false
1806,e6-lifecycle-20260706T050147.291694346Z-c4-real-task-0215,signed_vote2,true,2,1783314112311,0,QmTpnKYxxgCcizoT1wCDmcgvVbp5FYFvr7h2HQoANwFfJK,false
1807,e6-lifecycle-20260706T050147.291694346Z-c4-real-task-0215,signed_settlement,true,2,1783314112313,0,QmTpnKYxxgCcizoT1wCDmcgvVbp5FYFvr7h2HQoANwFfJK,false
1808,e6-lifecycle-20260706T050147.291694346Z-c4-real-task-0215,signed_query_latest,true,0,1783314112315,0,QmTpnKYxxgCcizoT1wCDmcgvVbp5FYFvr7h2HQoANwFfJK,false
1809,e6-lifecycle-20260706T050147.291694346Z-c4-real-task-0215,ipfs_verify,true,6,1783314112315,0,QmTpnKYxxgCcizoT1wCDmcgvVbp5FYFvr7h2HQoANwFfJK,false
1810,e6-lifecycle-20260706T050147.291694346Z-c4-real-task-0216,ipfs_add,true,66,1783314112259,4886,,false
1811,e6-lifecycle-20260706T050147.291694346Z-c4-real-task-0216,signed_posttask,true,2,1783314112325,0,QmWRqVXWHuiCnyPwtVKNcTtPcSDmJqXWmtgqtbSbCRQFN4,false
1812,e6-lifecycle-20260706T050147.291694346Z-c4-real-task-0216,signed_postallocation,true,2,1783314112327,0,QmWRqVXWHuiCnyPwtVKNcTtPcSDmJqXWmtgqtbSbCRQFN4,false
1813,e6-lifecycle-20260706T050147.291694346Z-c4-real-task-0216,signed_post_evalsnapshot,true,1,1783314112329,0,QmWRqVXWHuiCnyPwtVKNcTtPcSDmJqXWmtgqtbSbCRQFN4,false
1814,e6-lifecycle-20260706T050147.291694346Z-c4-real-task-0216,signed_vote1,true,2,1783314112330,0,QmWRqVXWHuiCnyPwtVKNcTtPcSDmJqXWmtgqtbSbCRQFN4,false
1815,e6-lifecycle-20260706T050147.291694346Z-c4-real-task-0216,signed_vote2,true,2,1783314112332,0,QmWRqVXWHuiCnyPwtVKNcTtPcSDmJqXWmtgqtbSbCRQFN4,false
1816,e6-lifecycle-20260706T050147.291694346Z-c4-real-task-0216,signed_settlement,true,2,1783314112334,0,QmWRqVXWHuiCnyPwtVKNcTtPcSDmJqXWmtgqtbSbCRQFN4,false
1817,e6-lifecycle-20260706T050147.291694346Z-c4-real-task-0216,signed_query_latest,true,0,1783314112336,0,QmWRqVXWHuiCnyPwtVKNcTtPcSDmJqXWmtgqtbSbCRQFN4,false
1818,e6-lifecycle-20260706T050147.291694346Z-c4-real-task-0216,ipfs_verify,true,10,1783314112336,0,QmWRqVXWHuiCnyPwtVKNcTtPcSDmJqXWmtgqtbSbCRQFN4,false
1819,e6-lifecycle-20260706T050147.291694346Z-c4-real-task-0217,ipfs_add,true,62,1783314112285,2716,,false
1820,e6-lifecycle-20260706T050147.291694346Z-c4-real-task-0217,signed_posttask,true,2,1783314112347,0,QmSJABdfLv4Bpp2eX5n5HPKM57QCdjn63jgA55THvNNed2,false
1821,e6-lifecycle-20260706T050147.291694346Z-c4-real-task-0217,signed_postallocation,true,1,1783314112349,0,QmSJABdfLv4Bpp2eX5n5HPKM57QCdjn63jgA55THvNNed2,false
1822,e6-lifecycle-20260706T050147.291694346Z-c4-real-task-0217,signed_post_evalsnapshot,true,2,1783314112350,0,QmSJABdfLv4Bpp2eX5n5HPKM57QCdjn63jgA55THvNNed2,false
1823,e6-lifecycle-20260706T050147.291694346Z-c4-real-task-0217,signed_vote1,true,3,1783314112352,0,QmSJABdfLv4Bpp2eX5n5HPKM57QCdjn63jgA55THvNNed2,false
1824,e6-lifecycle-20260706T050147.291694346Z-c4-real-task-0217,signed_vote2,true,1,1783314112355,0,QmSJABdfLv4Bpp2eX5n5HPKM57QCdjn63jgA55THvNNed2,false
1825,e6-lifecycle-20260706T050147.291694346Z-c4-real-task-0217,signed_settlement,true,2,1783314112356,0,QmSJABdfLv4Bpp2eX5n5HPKM57QCdjn63jgA55THvNNed2,false
1826,e6-lifecycle-20260706T050147.291694346Z-c4-real-task-0217,signed_query_latest,true,0,1783314112358,0,QmSJABdfLv4Bpp2eX5n5HPKM57QCdjn63jgA55THvNNed2,false
1827,e6-lifecycle-20260706T050147.291694346Z-c4-real-task-0217,ipfs_verify,true,7,1783314112358,0,QmSJABdfLv4Bpp2eX5n5HPKM57QCdjn63jgA55THvNNed2,false
1828,e6-lifecycle-20260706T050147.291694346Z-c4-real-task-0219,ipfs_add,true,68,1783314112321,2892,,false
1829,e6-lifecycle-20260706T050147.291694346Z-c4-real-task-0219,signed_posttask,true,3,1783314112389,0,QmNhbectLBJKJjaBFkjTFgZM6bzSgrQqfV2nzNGd7hnhXp,false
1830,e6-lifecycle-20260706T050147.291694346Z-c4-real-task-0219,signed_postallocation,true,2,1783314112392,0,QmNhbectLBJKJjaBFkjTFgZM6bzSgrQqfV2nzNGd7hnhXp,false
1831,e6-lifecycle-20260706T050147.291694346Z-c4-real-task-0219,signed_post_evalsnapshot,true,1,1783314112394,0,QmNhbectLBJKJjaBFkjTFgZM6bzSgrQqfV2nzNGd7hnhXp,false
1832,e6-lifecycle-20260706T050147.291694346Z-c4-real-task-0219,signed_vote1,true,2,1783314112395,0,QmNhbectLBJKJjaBFkjTFgZM6bzSgrQqfV2nzNGd7hnhXp,false
1833,e6-lifecycle-20260706T050147.291694346Z-c4-real-task-0219,signed_vote2,true,1,1783314112397,0,QmNhbectLBJKJjaBFkjTFgZM6bzSgrQqfV2nzNGd7hnhXp,false
1834,e6-lifecycle-20260706T050147.291694346Z-c4-real-task-0219,signed_settlement,true,2,1783314112398,0,QmNhbectLBJKJjaBFkjTFgZM6bzSgrQqfV2nzNGd7hnhXp,false
1835,e6-lifecycle-20260706T050147.291694346Z-c4-real-task-0219,signed_query_latest,true,0,1783314112400,0,QmNhbectLBJKJjaBFkjTFgZM6bzSgrQqfV2nzNGd7hnhXp,false
1836,e6-lifecycle-20260706T050147.291694346Z-c4-real-task-0219,ipfs_verify,true,8,1783314112400,0,QmNhbectLBJKJjaBFkjTFgZM6bzSgrQqfV2nzNGd7hnhXp,false
1837,e6-lifecycle-20260706T050147.291694346Z-c4-real-task-0218,ipfs_add,true,106,1783314112303,4685,,false
1838,e6-lifecycle-20260706T050147.291694346Z-c4-real-task-0226,ipfs_add,true,64,1783314112346,2097,,false
1839,e6-lifecycle-20260706T050147.291694346Z-c4-real-task-0218,signed_posttask,true,4,1783314112409,0,Qme1iJktEs7YhnQf7MbuHozo4uZPGWWEs3BYJ6zBCFpdMN,false
1840,e6-lifecycle-20260706T050147.291694346Z-c4-real-task-0218,signed_postallocation,true,1,1783314112413,0,Qme1iJktEs7YhnQf7MbuHozo4uZPGWWEs3BYJ6zBCFpdMN,false
1841,e6-lifecycle-20260706T050147.291694346Z-c4-real-task-0226,signed_posttask,true,6,1783314112410,0,QmYKcvqVA5kpfJsuCUkNUdEao6JQhFACmrPAQEP38tsjSp,false
1842,e6-lifecycle-20260706T050147.291694346Z-c4-real-task-0226,signed_postallocation,true,2,1783314112416,0,QmYKcvqVA5kpfJsuCUkNUdEao6JQhFACmrPAQEP38tsjSp,false
1843,e6-lifecycle-20260706T050147.291694346Z-c4-real-task-0218,signed_post_evalsnapshot,true,6,1783314112414,0,Qme1iJktEs7YhnQf7MbuHozo4uZPGWWEs3BYJ6zBCFpdMN,false
1844,e6-lifecycle-20260706T050147.291694346Z-c4-real-task-0218,signed_vote1,true,1,1783314112420,0,Qme1iJktEs7YhnQf7MbuHozo4uZPGWWEs3BYJ6zBCFpdMN,false
1845,e6-lifecycle-20260706T050147.291694346Z-c4-real-task-0226,signed_post_evalsnapshot,true,5,1783314112418,0,QmYKcvqVA5kpfJsuCUkNUdEao6JQhFACmrPAQEP38tsjSp,false
1846,e6-lifecycle-20260706T050147.291694346Z-c4-real-task-0226,signed_vote1,true,1,1783314112423,0,QmYKcvqVA5kpfJsuCUkNUdEao6JQhFACmrPAQEP38tsjSp,false
1847,e6-lifecycle-20260706T050147.291694346Z-c4-real-task-0218,signed_vote2,true,5,1783314112421,0,Qme1iJktEs7YhnQf7MbuHozo4uZPGWWEs3BYJ6zBCFpdMN,false
1848,e6-lifecycle-20260706T050147.291694346Z-c4-real-task-0218,signed_settlement,true,2,1783314112426,0,Qme1iJktEs7YhnQf7MbuHozo4uZPGWWEs3BYJ6zBCFpdMN,false
1849,e6-lifecycle-20260706T050147.291694346Z-c4-real-task-0226,signed_vote2,true,5,1783314112424,0,QmYKcvqVA5kpfJsuCUkNUdEao6JQhFACmrPAQEP38tsjSp,false
1850,e6-lifecycle-20260706T050147.291694346Z-c4-real-task-0221,ipfs_add,true,66,1783314112365,3158,,false
1851,e6-lifecycle-20260706T050147.291694346Z-c4-real-task-0226,signed_settlement,true,2,1783314112429,0,QmYKcvqVA5kpfJsuCUkNUdEao6JQhFACmrPAQEP38tsjSp,false
1852,e6-lifecycle-20260706T050147.291694346Z-c4-real-task-0218,signed_query_latest,true,3,1783314112428,0,Qme1iJktEs7YhnQf7MbuHozo4uZPGWWEs3BYJ6zBCFpdMN,false
1853,e6-lifecycle-20260706T050147.291694346Z-c4-real-task-0221,signed_posttask,true,2,1783314112431,0,QmWVfmqjcSuDEvXN6AQHwxkPXEvwWEr5xAd7VvqaLGMK2z,false
1854,e6-lifecycle-20260706T050147.291694346Z-c4-real-task-0226,signed_query_latest,true,4,1783314112431,0,QmYKcvqVA5kpfJsuCUkNUdEao6JQhFACmrPAQEP38tsjSp,false
1855,e6-lifecycle-20260706T050147.291694346Z-c4-real-task-0221,signed_postallocation,true,2,1783314112433,0,QmWVfmqjcSuDEvXN6AQHwxkPXEvwWEr5xAd7VvqaLGMK2z,false
1856,e6-lifecycle-20260706T050147.291694346Z-c4-real-task-0218,ipfs_verify,true,8,1783314112431,0,Qme1iJktEs7YhnQf7MbuHozo4uZPGWWEs3BYJ6zBCFpdMN,false
1857,e6-lifecycle-20260706T050147.291694346Z-c4-real-task-0221,signed_post_evalsnapshot,true,6,1783314112435,0,QmWVfmqjcSuDEvXN6AQHwxkPXEvwWEr5xAd7VvqaLGMK2z,false
1858,e6-lifecycle-20260706T050147.291694346Z-c4-real-task-0221,signed_vote1,true,2,1783314112441,0,QmWVfmqjcSuDEvXN6AQHwxkPXEvwWEr5xAd7VvqaLGMK2z,false
1859,e6-lifecycle-20260706T050147.291694346Z-c4-real-task-0226,ipfs_verify,true,8,1783314112435,0,QmYKcvqVA5kpfJsuCUkNUdEao6JQhFACmrPAQEP38tsjSp,false
1860,e6-lifecycle-20260706T050147.291694346Z-c4-real-task-0221,signed_vote2,true,2,1783314112443,0,QmWVfmqjcSuDEvXN6AQHwxkPXEvwWEr5xAd7VvqaLGMK2z,false
1861,e6-lifecycle-20260706T050147.291694346Z-c4-real-task-0221,signed_settlement,true,1,1783314112445,0,QmWVfmqjcSuDEvXN6AQHwxkPXEvwWEr5xAd7VvqaLGMK2z,false
1862,e6-lifecycle-20260706T050147.291694346Z-c4-real-task-0221,signed_query_latest,true,0,1783314112446,0,QmWVfmqjcSuDEvXN6AQHwxkPXEvwWEr5xAd7VvqaLGMK2z,false
1863,e6-lifecycle-20260706T050147.291694346Z-c4-real-task-0221,ipfs_verify,true,8,1783314112446,0,QmWVfmqjcSuDEvXN6AQHwxkPXEvwWEr5xAd7VvqaLGMK2z,false
1864,e6-lifecycle-20260706T050147.291694346Z-c4-real-task-0222,ipfs_add,true,56,1783314112408,1324,,false
1865,e6-lifecycle-20260706T050147.291694346Z-c4-real-task-0222,signed_posttask,true,2,1783314112464,0,QmS9gSDSA2dNcaqguAdbXiugT37zErUJRQhyYdHW4FYF1Z,false
1866,e6-lifecycle-20260706T050147.291694346Z-c4-real-task-0222,signed_postallocation,true,2,1783314112466,0,QmS9gSDSA2dNcaqguAdbXiugT37zErUJRQhyYdHW4FYF1Z,false
1867,e6-lifecycle-20260706T050147.291694346Z-c4-real-task-0222,signed_post_evalsnapshot,true,2,1783314112468,0,QmS9gSDSA2dNcaqguAdbXiugT37zErUJRQhyYdHW4FYF1Z,false
1868,e6-lifecycle-20260706T050147.291694346Z-c4-real-task-0222,signed_vote1,true,2,1783314112470,0,QmS9gSDSA2dNcaqguAdbXiugT37zErUJRQhyYdHW4FYF1Z,false
1869,e6-lifecycle-20260706T050147.291694346Z-c4-real-task-0222,signed_vote2,true,2,1783314112472,0,QmS9gSDSA2dNcaqguAdbXiugT37zErUJRQhyYdHW4FYF1Z,false
1870,e6-lifecycle-20260706T050147.291694346Z-c4-real-task-0222,signed_settlement,true,2,1783314112474,0,QmS9gSDSA2dNcaqguAdbXiugT37zErUJRQhyYdHW4FYF1Z,false
1871,e6-lifecycle-20260706T050147.291694346Z-c4-real-task-0222,signed_query_latest,true,0,1783314112476,0,QmS9gSDSA2dNcaqguAdbXiugT37zErUJRQhyYdHW4FYF1Z,false
1872,e6-lifecycle-20260706T050147.291694346Z-c4-real-task-0223,ipfs_add,true,45,1783314112439,3496,,false
1873,e6-lifecycle-20260706T050147.291694346Z-c4-real-task-0222,ipfs_verify,true,9,1783314112476,0,QmS9gSDSA2dNcaqguAdbXiugT37zErUJRQhyYdHW4FYF1Z,false
1874,e6-lifecycle-20260706T050147.291694346Z-c4-real-task-0223,signed_posttask,true,2,1783314112484,0,QmWbbDn5PocUVAwa1Z8DaHWZAUyYjNR994MzCi3frghkPT,false
1875,e6-lifecycle-20260706T050147.291694346Z-c4-real-task-0223,signed_postallocation,true,2,1783314112486,0,QmWbbDn5PocUVAwa1Z8DaHWZAUyYjNR994MzCi3frghkPT,false
1876,e6-lifecycle-20260706T050147.291694346Z-c4-real-task-0223,signed_post_evalsnapshot,true,2,1783314112488,0,QmWbbDn5PocUVAwa1Z8DaHWZAUyYjNR994MzCi3frghkPT,false
1877,e6-lifecycle-20260706T050147.291694346Z-c4-real-task-0223,signed_vote1,true,1,1783314112490,0,QmWbbDn5PocUVAwa1Z8DaHWZAUyYjNR994MzCi3frghkPT,false
1878,e6-lifecycle-20260706T050147.291694346Z-c4-real-task-0223,signed_vote2,true,2,1783314112491,0,QmWbbDn5PocUVAwa1Z8DaHWZAUyYjNR994MzCi3frghkPT,false
1879,e6-lifecycle-20260706T050147.291694346Z-c4-real-task-0223,signed_settlement,true,2,1783314112493,0,QmWbbDn5PocUVAwa1Z8DaHWZAUyYjNR994MzCi3frghkPT,false
1880,e6-lifecycle-20260706T050147.291694346Z-c4-real-task-0223,signed_query_latest,true,0,1783314112495,0,QmWbbDn5PocUVAwa1Z8DaHWZAUyYjNR994MzCi3frghkPT,false
1881,e6-lifecycle-20260706T050147.291694346Z-c4-real-task-0223,ipfs_verify,true,10,1783314112495,0,QmWbbDn5PocUVAwa1Z8DaHWZAUyYjNR994MzCi3frghkPT,false
1882,e6-lifecycle-20260706T050147.291694346Z-c4-real-task-0224,ipfs_add,true,65,1783314112443,1434,,false
1883,e6-lifecycle-20260706T050147.291694346Z-c4-real-task-0224,signed_posttask,true,3,1783314112508,0,Qmbpj7kBGWLUhW2szT9f3rx2oZsCwi6t2fMD1Smb2wFi3D,false
1884,e6-lifecycle-20260706T050147.291694346Z-c4-real-task-0224,signed_postallocation,true,2,1783314112511,0,Qmbpj7kBGWLUhW2szT9f3rx2oZsCwi6t2fMD1Smb2wFi3D,false
1885,e6-lifecycle-20260706T050147.291694346Z-c4-real-task-0224,signed_post_evalsnapshot,true,2,1783314112513,0,Qmbpj7kBGWLUhW2szT9f3rx2oZsCwi6t2fMD1Smb2wFi3D,false
1886,e6-lifecycle-20260706T050147.291694346Z-c4-real-task-0224,signed_vote1,true,2,1783314112515,0,Qmbpj7kBGWLUhW2szT9f3rx2oZsCwi6t2fMD1Smb2wFi3D,false
1887,e6-lifecycle-20260706T050147.291694346Z-c4-real-task-0224,signed_vote2,true,2,1783314112517,0,Qmbpj7kBGWLUhW2szT9f3rx2oZsCwi6t2fMD1Smb2wFi3D,false
1888,e6-lifecycle-20260706T050147.291694346Z-c4-real-task-0224,signed_settlement,true,2,1783314112519,0,Qmbpj7kBGWLUhW2szT9f3rx2oZsCwi6t2fMD1Smb2wFi3D,false
1889,e6-lifecycle-20260706T050147.291694346Z-c4-real-task-0224,signed_query_latest,true,0,1783314112521,0,Qmbpj7kBGWLUhW2szT9f3rx2oZsCwi6t2fMD1Smb2wFi3D,false
1890,e6-lifecycle-20260706T050147.291694346Z-c4-real-task-0225,ipfs_add,true,83,1783314112454,2951,,false
1891,e6-lifecycle-20260706T050147.291694346Z-c4-real-task-0224,ipfs_verify,true,16,1783314112521,0,Qmbpj7kBGWLUhW2szT9f3rx2oZsCwi6t2fMD1Smb2wFi3D,false
1892,e6-lifecycle-20260706T050147.291694346Z-c4-real-task-0225,signed_posttask,true,2,1783314112537,0,QmP2y2GKPy6gwArpzaE2RA5dRRgeXWNUH6Gyquaruz27DM,false
1893,e6-lifecycle-20260706T050147.291694346Z-c4-real-task-0225,signed_postallocation,true,3,1783314112539,0,QmP2y2GKPy6gwArpzaE2RA5dRRgeXWNUH6Gyquaruz27DM,false
1894,e6-lifecycle-20260706T050147.291694346Z-c4-real-task-0225,signed_post_evalsnapshot,true,1,1783314112542,0,QmP2y2GKPy6gwArpzaE2RA5dRRgeXWNUH6Gyquaruz27DM,false
1895,e6-lifecycle-20260706T050147.291694346Z-c4-real-task-0225,signed_vote1,true,3,1783314112543,0,QmP2y2GKPy6gwArpzaE2RA5dRRgeXWNUH6Gyquaruz27DM,false
1896,e6-lifecycle-20260706T050147.291694346Z-c4-real-task-0225,signed_vote2,true,1,1783314112546,0,QmP2y2GKPy6gwArpzaE2RA5dRRgeXWNUH6Gyquaruz27DM,false
1897,e6-lifecycle-20260706T050147.291694346Z-c4-real-task-0225,signed_settlement,true,2,1783314112547,0,QmP2y2GKPy6gwArpzaE2RA5dRRgeXWNUH6Gyquaruz27DM,false
1898,e6-lifecycle-20260706T050147.291694346Z-c4-real-task-0225,signed_query_latest,true,0,1783314112549,0,QmP2y2GKPy6gwArpzaE2RA5dRRgeXWNUH6Gyquaruz27DM,false
1899,e6-lifecycle-20260706T050147.291694346Z-c4-real-task-0229,ipfs_add,true,73,1783314112485,1853,,false
1900,e6-lifecycle-20260706T050147.291694346Z-c4-real-task-0225,ipfs_verify,true,9,1783314112549,0,QmP2y2GKPy6gwArpzaE2RA5dRRgeXWNUH6Gyquaruz27DM,false
1901,e6-lifecycle-20260706T050147.291694346Z-c4-real-task-0229,signed_posttask,true,2,1783314112558,0,QmU1c3q88Niv1hpqR47GYDb1SQRJPW8Sq3y68qKJ6gnFaK,false
1902,e6-lifecycle-20260706T050147.291694346Z-c4-real-task-0229,signed_postallocation,true,2,1783314112560,0,QmU1c3q88Niv1hpqR47GYDb1SQRJPW8Sq3y68qKJ6gnFaK,false
1903,e6-lifecycle-20260706T050147.291694346Z-c4-real-task-0229,signed_post_evalsnapshot,true,1,1783314112562,0,QmU1c3q88Niv1hpqR47GYDb1SQRJPW8Sq3y68qKJ6gnFaK,false
1904,e6-lifecycle-20260706T050147.291694346Z-c4-real-task-0229,signed_vote1,true,3,1783314112563,0,QmU1c3q88Niv1hpqR47GYDb1SQRJPW8Sq3y68qKJ6gnFaK,false
1905,e6-lifecycle-20260706T050147.291694346Z-c4-real-task-0229,signed_vote2,true,2,1783314112566,0,QmU1c3q88Niv1hpqR47GYDb1SQRJPW8Sq3y68qKJ6gnFaK,false
1906,e6-lifecycle-20260706T050147.291694346Z-c4-real-task-0229,signed_settlement,true,3,1783314112568,0,QmU1c3q88Niv1hpqR47GYDb1SQRJPW8Sq3y68qKJ6gnFaK,false
1907,e6-lifecycle-20260706T050147.291694346Z-c4-real-task-0229,signed_query_latest,true,0,1783314112571,0,QmU1c3q88Niv1hpqR47GYDb1SQRJPW8Sq3y68qKJ6gnFaK,false
1908,e6-lifecycle-20260706T050147.291694346Z-c4-real-task-0227,ipfs_add,true,74,1783314112505,2681,,false
1909,e6-lifecycle-20260706T050147.291694346Z-c4-real-task-0229,ipfs_verify,true,8,1783314112571,0,QmU1c3q88Niv1hpqR47GYDb1SQRJPW8Sq3y68qKJ6gnFaK,false
1910,e6-lifecycle-20260706T050147.291694346Z-c4-real-task-0227,signed_posttask,true,2,1783314112579,0,QmaotMaC4Hb3cSu92BbQ6XF1kKexFQRifGmXvXQ9CscYbr,false
1911,e6-lifecycle-20260706T050147.291694346Z-c4-real-task-0227,signed_postallocation,true,2,1783314112581,0,QmaotMaC4Hb3cSu92BbQ6XF1kKexFQRifGmXvXQ9CscYbr,false
1912,e6-lifecycle-20260706T050147.291694346Z-c4-real-task-0227,signed_post_evalsnapshot,true,1,1783314112583,0,QmaotMaC4Hb3cSu92BbQ6XF1kKexFQRifGmXvXQ9CscYbr,false
1913,e6-lifecycle-20260706T050147.291694346Z-c4-real-task-0227,signed_vote1,true,2,1783314112584,0,QmaotMaC4Hb3cSu92BbQ6XF1kKexFQRifGmXvXQ9CscYbr,false
1914,e6-lifecycle-20260706T050147.291694346Z-c4-real-task-0227,signed_vote2,true,2,1783314112586,0,QmaotMaC4Hb3cSu92BbQ6XF1kKexFQRifGmXvXQ9CscYbr,false
1915,e6-lifecycle-20260706T050147.291694346Z-c4-real-task-0227,signed_settlement,true,2,1783314112588,0,QmaotMaC4Hb3cSu92BbQ6XF1kKexFQRifGmXvXQ9CscYbr,false
1916,e6-lifecycle-20260706T050147.291694346Z-c4-real-task-0227,signed_query_latest,true,0,1783314112590,0,QmaotMaC4Hb3cSu92BbQ6XF1kKexFQRifGmXvXQ9CscYbr,false
1917,e6-lifecycle-20260706T050147.291694346Z-c4-real-task-0227,ipfs_verify,true,8,1783314112590,0,QmaotMaC4Hb3cSu92BbQ6XF1kKexFQRifGmXvXQ9CscYbr,false
1918,e6-lifecycle-20260706T050147.291694346Z-c4-real-task-0228,ipfs_add,true,62,1783314112537,3049,,false
1919,e6-lifecycle-20260706T050147.291694346Z-c4-real-task-0228,signed_posttask,true,2,1783314112599,0,Qmcg9hZwBNt4mPUVQKwcf3whBnxD8r9WzcLGYR2bbkVKYL,false
1920,e6-lifecycle-20260706T050147.291694346Z-c4-real-task-0228,signed_postallocation,true,2,1783314112601,0,Qmcg9hZwBNt4mPUVQKwcf3whBnxD8r9WzcLGYR2bbkVKYL,false
1921,e6-lifecycle-20260706T050147.291694346Z-c4-real-task-0228,signed_post_evalsnapshot,true,1,1783314112603,0,Qmcg9hZwBNt4mPUVQKwcf3whBnxD8r9WzcLGYR2bbkVKYL,false
1922,e6-lifecycle-20260706T050147.291694346Z-c4-real-task-0228,signed_vote1,true,2,1783314112604,0,Qmcg9hZwBNt4mPUVQKwcf3whBnxD8r9WzcLGYR2bbkVKYL,false
1923,e6-lifecycle-20260706T050147.291694346Z-c4-real-task-0228,signed_vote2,true,2,1783314112606,0,Qmcg9hZwBNt4mPUVQKwcf3whBnxD8r9WzcLGYR2bbkVKYL,false
1924,e6-lifecycle-20260706T050147.291694346Z-c4-real-task-0228,signed_settlement,true,2,1783314112608,0,Qmcg9hZwBNt4mPUVQKwcf3whBnxD8r9WzcLGYR2bbkVKYL,false
1925,e6-lifecycle-20260706T050147.291694346Z-c4-real-task-0228,signed_query_latest,true,0,1783314112610,0,Qmcg9hZwBNt4mPUVQKwcf3whBnxD8r9WzcLGYR2bbkVKYL,false
1926,e6-lifecycle-20260706T050147.291694346Z-c4-real-task-0228,ipfs_verify,true,13,1783314112610,0,Qmcg9hZwBNt4mPUVQKwcf3whBnxD8r9WzcLGYR2bbkVKYL,false
1927,e6-lifecycle-20260706T050147.291694346Z-c4-real-task-0230,ipfs_add,true,69,1783314112558,4672,,false
1928,e6-lifecycle-20260706T050147.291694346Z-c4-real-task-0230,signed_posttask,true,2,1783314112627,0,QmVVrWGoPddnyHraUM2wUgG7XF2t7LkAUG71CvTqMUfisz,false
1929,e6-lifecycle-20260706T050147.291694346Z-c4-real-task-0230,signed_postallocation,true,2,1783314112629,0,QmVVrWGoPddnyHraUM2wUgG7XF2t7LkAUG71CvTqMUfisz,false
1930,e6-lifecycle-20260706T050147.291694346Z-c4-real-task-0230,signed_post_evalsnapshot,true,2,1783314112631,0,QmVVrWGoPddnyHraUM2wUgG7XF2t7LkAUG71CvTqMUfisz,false
1931,e6-lifecycle-20260706T050147.291694346Z-c4-real-task-0230,signed_vote1,true,1,1783314112633,0,QmVVrWGoPddnyHraUM2wUgG7XF2t7LkAUG71CvTqMUfisz,false
1932,e6-lifecycle-20260706T050147.291694346Z-c4-real-task-0230,signed_vote2,true,2,1783314112634,0,QmVVrWGoPddnyHraUM2wUgG7XF2t7LkAUG71CvTqMUfisz,false
1933,e6-lifecycle-20260706T050147.291694346Z-c4-real-task-0230,signed_settlement,true,2,1783314112636,0,QmVVrWGoPddnyHraUM2wUgG7XF2t7LkAUG71CvTqMUfisz,false
1934,e6-lifecycle-20260706T050147.291694346Z-c4-real-task-0230,signed_query_latest,true,0,1783314112638,0,QmVVrWGoPddnyHraUM2wUgG7XF2t7LkAUG71CvTqMUfisz,false
1935,e6-lifecycle-20260706T050147.291694346Z-c4-real-task-0230,ipfs_verify,true,7,1783314112638,0,QmVVrWGoPddnyHraUM2wUgG7XF2t7LkAUG71CvTqMUfisz,false
1936,e6-lifecycle-20260706T050147.291694346Z-c4-real-task-0022,ipfs_add,true,70,1783314112579,2068,,false
1937,e6-lifecycle-20260706T050147.291694346Z-c4-real-task-0022,signed_posttask,true,2,1783314112649,0,QmNqxnqMtb8sfjsbs8nXG3svpSGcf4Pq1qS9nykNsjeEqq,false
1938,e6-lifecycle-20260706T050147.291694346Z-c4-real-task-0022,signed_postallocation,true,2,1783314112651,0,QmNqxnqMtb8sfjsbs8nXG3svpSGcf4Pq1qS9nykNsjeEqq,false
1939,e6-lifecycle-20260706T050147.291694346Z-c4-real-task-0022,signed_post_evalsnapshot,true,2,1783314112653,0,QmNqxnqMtb8sfjsbs8nXG3svpSGcf4Pq1qS9nykNsjeEqq,false
1940,e6-lifecycle-20260706T050147.291694346Z-c4-real-task-0022,signed_vote1,true,1,1783314112655,0,QmNqxnqMtb8sfjsbs8nXG3svpSGcf4Pq1qS9nykNsjeEqq,false
1941,e6-lifecycle-20260706T050147.291694346Z-c4-real-task-0022,signed_vote2,true,2,1783314112656,0,QmNqxnqMtb8sfjsbs8nXG3svpSGcf4Pq1qS9nykNsjeEqq,false
1942,e6-lifecycle-20260706T050147.291694346Z-c4-real-task-0022,signed_settlement,true,2,1783314112658,0,QmNqxnqMtb8sfjsbs8nXG3svpSGcf4Pq1qS9nykNsjeEqq,false
1943,e6-lifecycle-20260706T050147.291694346Z-c4-real-task-0022,signed_query_latest,true,0,1783314112660,0,QmNqxnqMtb8sfjsbs8nXG3svpSGcf4Pq1qS9nykNsjeEqq,false
1944,e6-lifecycle-20260706T050147.291694346Z-c4-real-task-0003,ipfs_add,true,71,1783314112598,2446,,false
1945,e6-lifecycle-20260706T050147.291694346Z-c4-real-task-0022,ipfs_verify,true,9,1783314112660,0,QmNqxnqMtb8sfjsbs8nXG3svpSGcf4Pq1qS9nykNsjeEqq,false
1946,e6-lifecycle-20260706T050147.291694346Z-c4-real-task-0003,signed_posttask,true,5,1783314112669,0,QmPvR785HfFDDiGzRGUjqnESf82yCdppnLSJbnvszkNAGt,false
1947,e6-lifecycle-20260706T050147.291694346Z-c4-real-task-0003,signed_postallocation,true,2,1783314112674,0,QmPvR785HfFDDiGzRGUjqnESf82yCdppnLSJbnvszkNAGt,false
1948,e6-lifecycle-20260706T050147.291694346Z-c4-real-task-0003,signed_post_evalsnapshot,true,1,1783314112676,0,QmPvR785HfFDDiGzRGUjqnESf82yCdppnLSJbnvszkNAGt,false
1949,e6-lifecycle-20260706T050147.291694346Z-c4-real-task-0003,signed_vote1,true,2,1783314112677,0,QmPvR785HfFDDiGzRGUjqnESf82yCdppnLSJbnvszkNAGt,false
1950,e6-lifecycle-20260706T050147.291694346Z-c4-real-task-0003,signed_vote2,true,2,1783314112679,0,QmPvR785HfFDDiGzRGUjqnESf82yCdppnLSJbnvszkNAGt,false
1951,e6-lifecycle-20260706T050147.291694346Z-c4-real-task-0003,signed_settlement,true,2,1783314112681,0,QmPvR785HfFDDiGzRGUjqnESf82yCdppnLSJbnvszkNAGt,false
1952,e6-lifecycle-20260706T050147.291694346Z-c4-real-task-0003,signed_query_latest,true,0,1783314112683,0,QmPvR785HfFDDiGzRGUjqnESf82yCdppnLSJbnvszkNAGt,false
1953,e6-lifecycle-20260706T050147.291694346Z-c4-real-task-0003,ipfs_verify,true,9,1783314112683,0,QmPvR785HfFDDiGzRGUjqnESf82yCdppnLSJbnvszkNAGt,false
1954,e6-lifecycle-20260706T050147.291694346Z-c4-real-task-0004,ipfs_add,true,72,1783314112623,4001,,false
1955,e6-lifecycle-20260706T050147.291694346Z-c4-real-task-0004,signed_posttask,true,2,1783314112695,0,Qmaz6UxvY2c7v7Afz5qnVeVQ353BpWF64tC6snuKvMXMMH,false
1956,e6-lifecycle-20260706T050147.291694346Z-c4-real-task-0004,signed_postallocation,true,2,1783314112697,0,Qmaz6UxvY2c7v7Afz5qnVeVQ353BpWF64tC6snuKvMXMMH,false
1957,e6-lifecycle-20260706T050147.291694346Z-c4-real-task-0004,signed_post_evalsnapshot,true,1,1783314112699,0,Qmaz6UxvY2c7v7Afz5qnVeVQ353BpWF64tC6snuKvMXMMH,false
1958,e6-lifecycle-20260706T050147.291694346Z-c4-real-task-0004,signed_vote1,true,2,1783314112700,0,Qmaz6UxvY2c7v7Afz5qnVeVQ353BpWF64tC6snuKvMXMMH,false
1959,e6-lifecycle-20260706T050147.291694346Z-c4-real-task-0004,signed_vote2,true,2,1783314112702,0,Qmaz6UxvY2c7v7Afz5qnVeVQ353BpWF64tC6snuKvMXMMH,false
1960,e6-lifecycle-20260706T050147.291694346Z-c4-real-task-0004,signed_settlement,true,1,1783314112704,0,Qmaz6UxvY2c7v7Afz5qnVeVQ353BpWF64tC6snuKvMXMMH,false
1961,e6-lifecycle-20260706T050147.291694346Z-c4-real-task-0004,signed_query_latest,true,0,1783314112705,0,Qmaz6UxvY2c7v7Afz5qnVeVQ353BpWF64tC6snuKvMXMMH,false
1962,e6-lifecycle-20260706T050147.291694346Z-c4-real-task-0004,ipfs_verify,true,9,1783314112705,0,Qmaz6UxvY2c7v7Afz5qnVeVQ353BpWF64tC6snuKvMXMMH,false
1963,e6-lifecycle-20260706T050147.291694346Z-c4-real-task-0005,ipfs_add,true,74,1783314112645,1568,,false
1964,e6-lifecycle-20260706T050147.291694346Z-c4-real-task-0005,signed_posttask,true,2,1783314112719,0,QmQGqX18RcT7NsFPmbZfQoD9JQ4oRJAgNfw6hWJoUowyXr,false
1965,e6-lifecycle-20260706T050147.291694346Z-c4-real-task-0005,signed_postallocation,true,2,1783314112721,0,QmQGqX18RcT7NsFPmbZfQoD9JQ4oRJAgNfw6hWJoUowyXr,false
1966,e6-lifecycle-20260706T050147.291694346Z-c4-real-task-0005,signed_post_evalsnapshot,true,1,1783314112723,0,QmQGqX18RcT7NsFPmbZfQoD9JQ4oRJAgNfw6hWJoUowyXr,false
1967,e6-lifecycle-20260706T050147.291694346Z-c4-real-task-0005,signed_vote1,true,2,1783314112724,0,QmQGqX18RcT7NsFPmbZfQoD9JQ4oRJAgNfw6hWJoUowyXr,false
1968,e6-lifecycle-20260706T050147.291694346Z-c4-real-task-0005,signed_vote2,true,2,1783314112726,0,QmQGqX18RcT7NsFPmbZfQoD9JQ4oRJAgNfw6hWJoUowyXr,false
1969,e6-lifecycle-20260706T050147.291694346Z-c4-real-task-0005,signed_settlement,true,2,1783314112728,0,QmQGqX18RcT7NsFPmbZfQoD9JQ4oRJAgNfw6hWJoUowyXr,false
1970,e6-lifecycle-20260706T050147.291694346Z-c4-real-task-0005,signed_query_latest,true,0,1783314112730,0,QmQGqX18RcT7NsFPmbZfQoD9JQ4oRJAgNfw6hWJoUowyXr,false
1971,e6-lifecycle-20260706T050147.291694346Z-c4-real-task-0005,ipfs_verify,true,7,1783314112730,0,QmQGqX18RcT7NsFPmbZfQoD9JQ4oRJAgNfw6hWJoUowyXr,false
1972,e6-lifecycle-20260706T050147.291694346Z-c4-real-task-0006,ipfs_add,true,69,1783314112669,1837,,false
1973,e6-lifecycle-20260706T050147.291694346Z-c4-real-task-0006,signed_posttask,true,2,1783314112738,0,QmXGbR3DqVcFxShbFVjPMj7ToNDuYqpp9jmC8SXxYHpmsi,false
1974,e6-lifecycle-20260706T050147.291694346Z-c4-real-task-0006,signed_postallocation,true,1,1783314112740,0,QmXGbR3DqVcFxShbFVjPMj7ToNDuYqpp9jmC8SXxYHpmsi,false
1975,e6-lifecycle-20260706T050147.291694346Z-c4-real-task-0006,signed_post_evalsnapshot,true,2,1783314112741,0,QmXGbR3DqVcFxShbFVjPMj7ToNDuYqpp9jmC8SXxYHpmsi,false
1976,e6-lifecycle-20260706T050147.291694346Z-c4-real-task-0006,signed_vote1,true,2,1783314112743,0,QmXGbR3DqVcFxShbFVjPMj7ToNDuYqpp9jmC8SXxYHpmsi,false
1977,e6-lifecycle-20260706T050147.291694346Z-c4-real-task-0006,signed_vote2,true,2,1783314112745,0,QmXGbR3DqVcFxShbFVjPMj7ToNDuYqpp9jmC8SXxYHpmsi,false
1978,e6-lifecycle-20260706T050147.291694346Z-c4-real-task-0006,signed_settlement,true,2,1783314112747,0,QmXGbR3DqVcFxShbFVjPMj7ToNDuYqpp9jmC8SXxYHpmsi,false
1979,e6-lifecycle-20260706T050147.291694346Z-c4-real-task-0006,signed_query_latest,true,0,1783314112749,0,QmXGbR3DqVcFxShbFVjPMj7ToNDuYqpp9jmC8SXxYHpmsi,false
1980,e6-lifecycle-20260706T050147.291694346Z-c4-real-task-0006,ipfs_verify,true,8,1783314112749,0,QmXGbR3DqVcFxShbFVjPMj7ToNDuYqpp9jmC8SXxYHpmsi,false
1981,e6-lifecycle-20260706T050147.291694346Z-c4-real-task-0008,ipfs_add,true,62,1783314112714,4944,,false
1982,e6-lifecycle-20260706T050147.291694346Z-c4-real-task-0008,signed_posttask,true,1,1783314112776,0,Qmadej9boMA3zvMcjFpwW1dMDJCrBFKribSZiwN8Np95v4,false
1983,e6-lifecycle-20260706T050147.291694346Z-c4-real-task-0008,signed_postallocation,true,2,1783314112777,0,Qmadej9boMA3zvMcjFpwW1dMDJCrBFKribSZiwN8Np95v4,false
1984,e6-lifecycle-20260706T050147.291694346Z-c4-real-task-0008,signed_post_evalsnapshot,true,2,1783314112779,0,Qmadej9boMA3zvMcjFpwW1dMDJCrBFKribSZiwN8Np95v4,false
1985,e6-lifecycle-20260706T050147.291694346Z-c4-real-task-0008,signed_vote1,true,1,1783314112781,0,Qmadej9boMA3zvMcjFpwW1dMDJCrBFKribSZiwN8Np95v4,false
1986,e6-lifecycle-20260706T050147.291694346Z-c4-real-task-0008,signed_vote2,true,2,1783314112782,0,Qmadej9boMA3zvMcjFpwW1dMDJCrBFKribSZiwN8Np95v4,false
1987,e6-lifecycle-20260706T050147.291694346Z-c4-real-task-0008,signed_settlement,true,2,1783314112784,0,Qmadej9boMA3zvMcjFpwW1dMDJCrBFKribSZiwN8Np95v4,false
1988,e6-lifecycle-20260706T050147.291694346Z-c4-real-task-0008,signed_query_latest,true,0,1783314112786,0,Qmadej9boMA3zvMcjFpwW1dMDJCrBFKribSZiwN8Np95v4,false
1989,e6-lifecycle-20260706T050147.291694346Z-c4-real-task-0008,ipfs_verify,true,8,1783314112786,0,Qmadej9boMA3zvMcjFpwW1dMDJCrBFKribSZiwN8Np95v4,false
1990,e6-lifecycle-20260706T050147.291694346Z-c4-real-task-0009,ipfs_add,true,58,1783314112738,2473,,false
1991,e6-lifecycle-20260706T050147.291694346Z-c4-real-task-0007,ipfs_add,true,104,1783314112692,1947,,false
1992,e6-lifecycle-20260706T050147.291694346Z-c4-real-task-0007,signed_posttask,true,3,1783314112796,0,QmZ2mJtGsrx1z5XKWoUvbBSuSSfsFtGubMTSXMJ9cMGQnJ,false
1993,e6-lifecycle-20260706T050147.291694346Z-c4-real-task-0007,signed_postallocation,true,1,1783314112799,0,QmZ2mJtGsrx1z5XKWoUvbBSuSSfsFtGubMTSXMJ9cMGQnJ,false
1994,e6-lifecycle-20260706T050147.291694346Z-c4-real-task-0009,signed_posttask,true,6,1783314112796,0,QmQL4VyiyFbbfeWbQLp7Qp6cU5MBzGngHTJYLaPrdaD1Q5,false
1995,e6-lifecycle-20260706T050147.291694346Z-c4-real-task-0009,signed_postallocation,true,2,1783314112802,0,QmQL4VyiyFbbfeWbQLp7Qp6cU5MBzGngHTJYLaPrdaD1Q5,false
1996,e6-lifecycle-20260706T050147.291694346Z-c4-real-task-0007,signed_post_evalsnapshot,true,6,1783314112800,0,QmZ2mJtGsrx1z5XKWoUvbBSuSSfsFtGubMTSXMJ9cMGQnJ,false
1997,e6-lifecycle-20260706T050147.291694346Z-c4-real-task-0007,signed_vote1,true,2,1783314112806,0,QmZ2mJtGsrx1z5XKWoUvbBSuSSfsFtGubMTSXMJ9cMGQnJ,false
1998,e6-lifecycle-20260706T050147.291694346Z-c4-real-task-0009,signed_post_evalsnapshot,true,7,1783314112804,0,QmQL4VyiyFbbfeWbQLp7Qp6cU5MBzGngHTJYLaPrdaD1Q5,false
1999,e6-lifecycle-20260706T050147.291694346Z-c4-real-task-0009,signed_vote1,true,2,1783314112811,0,QmQL4VyiyFbbfeWbQLp7Qp6cU5MBzGngHTJYLaPrdaD1Q5,false
2000,e6-lifecycle-20260706T050147.291694346Z-c4-real-task-0007,signed_vote2,true,7,1783314112808,0,QmZ2mJtGsrx1z5XKWoUvbBSuSSfsFtGubMTSXMJ9cMGQnJ,false
2001,e6-lifecycle-20260706T050147.291694346Z-c4-real-task-0007,signed_settlement,true,2,1783314112815,0,QmZ2mJtGsrx1z5XKWoUvbBSuSSfsFtGubMTSXMJ9cMGQnJ,false
2002,e6-lifecycle-20260706T050147.291694346Z-c4-real-task-0009,signed_vote2,true,6,1783314112813,0,QmQL4VyiyFbbfeWbQLp7Qp6cU5MBzGngHTJYLaPrdaD1Q5,false
2003,e6-lifecycle-20260706T050147.291694346Z-c4-real-task-0007,signed_query_latest,true,4,1783314112817,0,QmZ2mJtGsrx1z5XKWoUvbBSuSSfsFtGubMTSXMJ9cMGQnJ,false
2004,e6-lifecycle-20260706T050147.291694346Z-c4-real-task-0009,signed_settlement,true,2,1783314112819,0,QmQL4VyiyFbbfeWbQLp7Qp6cU5MBzGngHTJYLaPrdaD1Q5,false
2005,e6-lifecycle-20260706T050147.291694346Z-c4-real-task-0009,signed_query_latest,true,0,1783314112821,0,QmQL4VyiyFbbfeWbQLp7Qp6cU5MBzGngHTJYLaPrdaD1Q5,false
2006,e6-lifecycle-20260706T050147.291694346Z-c4-real-task-0009,ipfs_verify,true,7,1783314112821,0,QmQL4VyiyFbbfeWbQLp7Qp6cU5MBzGngHTJYLaPrdaD1Q5,false
2007,e6-lifecycle-20260706T050147.291694346Z-c4-real-task-0007,ipfs_verify,true,8,1783314112821,0,QmZ2mJtGsrx1z5XKWoUvbBSuSSfsFtGubMTSXMJ9cMGQnJ,false
2008,e6-lifecycle-20260706T050147.291694346Z-c4-real-task-0011,ipfs_add,true,50,1783314112794,1792,,false
2009,e6-lifecycle-20260706T050147.291694346Z-c4-real-task-0010,ipfs_add,true,87,1783314112757,1920,,false
2010,e6-lifecycle-20260706T050147.291694346Z-c4-real-task-0011,signed_posttask,true,3,1783314112844,0,QmRYRwmnCKh97pHrWVSsWgKT9hwEK6SXPP8N3DGcdkp1Hf,false
2011,e6-lifecycle-20260706T050147.291694346Z-c4-real-task-0011,signed_postallocation,true,2,1783314112847,0,QmRYRwmnCKh97pHrWVSsWgKT9hwEK6SXPP8N3DGcdkp1Hf,false
2012,e6-lifecycle-20260706T050147.291694346Z-c4-real-task-0010,signed_posttask,true,6,1783314112844,0,QmW8orLvUAo2YwFjjwaFvXPFemWqGCNshgP2T5TSk9ed5J,false
2013,e6-lifecycle-20260706T050147.291694346Z-c4-real-task-0010,signed_postallocation,true,2,1783314112850,0,QmW8orLvUAo2YwFjjwaFvXPFemWqGCNshgP2T5TSk9ed5J,false
2014,e6-lifecycle-20260706T050147.291694346Z-c4-real-task-0011,signed_post_evalsnapshot,true,4,1783314112849,0,QmRYRwmnCKh97pHrWVSsWgKT9hwEK6SXPP8N3DGcdkp1Hf,false
2015,e6-lifecycle-20260706T050147.291694346Z-c4-real-task-0011,signed_vote1,true,2,1783314112853,0,QmRYRwmnCKh97pHrWVSsWgKT9hwEK6SXPP8N3DGcdkp1Hf,false
2016,e6-lifecycle-20260706T050147.291694346Z-c4-real-task-0010,signed_post_evalsnapshot,true,5,1783314112852,0,QmW8orLvUAo2YwFjjwaFvXPFemWqGCNshgP2T5TSk9ed5J,false
2017,e6-lifecycle-20260706T050147.291694346Z-c4-real-task-0010,signed_vote1,true,2,1783314112857,0,QmW8orLvUAo2YwFjjwaFvXPFemWqGCNshgP2T5TSk9ed5J,false
2018,e6-lifecycle-20260706T050147.291694346Z-c4-real-task-0011,signed_vote2,true,6,1783314112855,0,QmRYRwmnCKh97pHrWVSsWgKT9hwEK6SXPP8N3DGcdkp1Hf,false
2019,e6-lifecycle-20260706T050147.291694346Z-c4-real-task-0011,signed_settlement,true,2,1783314112861,0,QmRYRwmnCKh97pHrWVSsWgKT9hwEK6SXPP8N3DGcdkp1Hf,false
2020,e6-lifecycle-20260706T050147.291694346Z-c4-real-task-0010,signed_vote2,true,6,1783314112859,0,QmW8orLvUAo2YwFjjwaFvXPFemWqGCNshgP2T5TSk9ed5J,false
2021,e6-lifecycle-20260706T050147.291694346Z-c4-real-task-0013,ipfs_add,true,36,1783314112829,1794,,false
2022,e6-lifecycle-20260706T050147.291694346Z-c4-real-task-0010,signed_settlement,true,1,1783314112865,0,QmW8orLvUAo2YwFjjwaFvXPFemWqGCNshgP2T5TSk9ed5J,false
2023,e6-lifecycle-20260706T050147.291694346Z-c4-real-task-0011,signed_query_latest,true,3,1783314112863,0,QmRYRwmnCKh97pHrWVSsWgKT9hwEK6SXPP8N3DGcdkp1Hf,false
2024,e6-lifecycle-20260706T050147.291694346Z-c4-real-task-0013,signed_posttask,true,3,1783314112865,0,QmZ836RGQ6upMRwgQ3XnYgMNByct8U1cPTyzW3j4N7nzJk,false
2025,e6-lifecycle-20260706T050147.291694346Z-c4-real-task-0010,signed_query_latest,true,4,1783314112866,0,QmW8orLvUAo2YwFjjwaFvXPFemWqGCNshgP2T5TSk9ed5J,false
2026,e6-lifecycle-20260706T050147.291694346Z-c4-real-task-0013,signed_postallocation,true,2,1783314112868,0,QmZ836RGQ6upMRwgQ3XnYgMNByct8U1cPTyzW3j4N7nzJk,false
2027,e6-lifecycle-20260706T050147.291694346Z-c4-real-task-0013,signed_post_evalsnapshot,true,2,1783314112870,0,QmZ836RGQ6upMRwgQ3XnYgMNByct8U1cPTyzW3j4N7nzJk,false
2028,e6-lifecycle-20260706T050147.291694346Z-c4-real-task-0013,signed_vote1,true,2,1783314112872,0,QmZ836RGQ6upMRwgQ3XnYgMNByct8U1cPTyzW3j4N7nzJk,false
2029,e6-lifecycle-20260706T050147.291694346Z-c4-real-task-0013,signed_vote2,true,2,1783314112874,0,QmZ836RGQ6upMRwgQ3XnYgMNByct8U1cPTyzW3j4N7nzJk,false
2030,e6-lifecycle-20260706T050147.291694346Z-c4-real-task-0013,signed_settlement,true,3,1783314112876,0,QmZ836RGQ6upMRwgQ3XnYgMNByct8U1cPTyzW3j4N7nzJk,false
2031,e6-lifecycle-20260706T050147.291694346Z-c4-real-task-0013,signed_query_latest,true,0,1783314112879,0,QmZ836RGQ6upMRwgQ3XnYgMNByct8U1cPTyzW3j4N7nzJk,false
2032,e6-lifecycle-20260706T050147.291694346Z-c4-real-task-0010,ipfs_verify,true,9,1783314112870,0,QmW8orLvUAo2YwFjjwaFvXPFemWqGCNshgP2T5TSk9ed5J,false
2033,e6-lifecycle-20260706T050147.291694346Z-c4-real-task-0011,ipfs_verify,true,14,1783314112866,0,QmRYRwmnCKh97pHrWVSsWgKT9hwEK6SXPP8N3DGcdkp1Hf,false
2034,e6-lifecycle-20260706T050147.291694346Z-c4-real-task-0012,ipfs_add,true,60,1783314112829,2481,,false
2035,e6-lifecycle-20260706T050147.291694346Z-c4-real-task-0013,ipfs_verify,true,10,1783314112879,0,QmZ836RGQ6upMRwgQ3XnYgMNByct8U1cPTyzW3j4N7nzJk,false
2036,e6-lifecycle-20260706T050147.291694346Z-c4-real-task-0012,signed_posttask,true,2,1783314112889,0,QmbLZmrnw2YxkgQegnEMgsfhkBbcndvvPFprkSdibX7c49,false
2037,e6-lifecycle-20260706T050147.291694346Z-c4-real-task-0012,signed_postallocation,true,1,1783314112891,0,QmbLZmrnw2YxkgQegnEMgsfhkBbcndvvPFprkSdibX7c49,false
2038,e6-lifecycle-20260706T050147.291694346Z-c4-real-task-0012,signed_post_evalsnapshot,true,2,1783314112892,0,QmbLZmrnw2YxkgQegnEMgsfhkBbcndvvPFprkSdibX7c49,false
2039,e6-lifecycle-20260706T050147.291694346Z-c4-real-task-0012,signed_vote1,true,2,1783314112894,0,QmbLZmrnw2YxkgQegnEMgsfhkBbcndvvPFprkSdibX7c49,false
2040,e6-lifecycle-20260706T050147.291694346Z-c4-real-task-0012,signed_vote2,true,2,1783314112896,0,QmbLZmrnw2YxkgQegnEMgsfhkBbcndvvPFprkSdibX7c49,false
2041,e6-lifecycle-20260706T050147.291694346Z-c4-real-task-0012,signed_settlement,true,1,1783314112898,0,QmbLZmrnw2YxkgQegnEMgsfhkBbcndvvPFprkSdibX7c49,false
2042,e6-lifecycle-20260706T050147.291694346Z-c4-real-task-0012,signed_query_latest,true,0,1783314112899,0,QmbLZmrnw2YxkgQegnEMgsfhkBbcndvvPFprkSdibX7c49,false
2043,e6-lifecycle-20260706T050147.291694346Z-c4-real-task-0012,ipfs_verify,true,10,1783314112899,0,QmbLZmrnw2YxkgQegnEMgsfhkBbcndvvPFprkSdibX7c49,false
2044,e6-lifecycle-20260706T050147.291694346Z-c4-real-task-0015,ipfs_add,true,29,1783314112880,3558,,false
2045,e6-lifecycle-20260706T050147.291694346Z-c4-real-task-0015,signed_posttask,true,3,1783314112909,0,QmX9kmCUGB3VHpYs1Jhps4JrTzKker7mYqwzfhduHDQrrA,false
2046,e6-lifecycle-20260706T050147.291694346Z-c4-real-task-0015,signed_postallocation,true,2,1783314112912,0,QmX9kmCUGB3VHpYs1Jhps4JrTzKker7mYqwzfhduHDQrrA,false
2047,e6-lifecycle-20260706T050147.291694346Z-c4-real-task-0015,signed_post_evalsnapshot,true,2,1783314112914,0,QmX9kmCUGB3VHpYs1Jhps4JrTzKker7mYqwzfhduHDQrrA,false
2048,e6-lifecycle-20260706T050147.291694346Z-c4-real-task-0015,signed_vote1,true,2,1783314112916,0,QmX9kmCUGB3VHpYs1Jhps4JrTzKker7mYqwzfhduHDQrrA,false
2049,e6-lifecycle-20260706T050147.291694346Z-c4-real-task-0015,signed_vote2,true,2,1783314112918,0,QmX9kmCUGB3VHpYs1Jhps4JrTzKker7mYqwzfhduHDQrrA,false
2050,e6-lifecycle-20260706T050147.291694346Z-c4-real-task-0015,signed_settlement,true,2,1783314112920,0,QmX9kmCUGB3VHpYs1Jhps4JrTzKker7mYqwzfhduHDQrrA,false
2051,e6-lifecycle-20260706T050147.291694346Z-c4-real-task-0015,signed_query_latest,true,0,1783314112922,0,QmX9kmCUGB3VHpYs1Jhps4JrTzKker7mYqwzfhduHDQrrA,false
2052,e6-lifecycle-20260706T050147.291694346Z-c4-real-task-0014,ipfs_add,true,52,1783314112879,2050,,false
2053,e6-lifecycle-20260706T050147.291694346Z-c4-real-task-0015,ipfs_verify,true,9,1783314112922,0,QmX9kmCUGB3VHpYs1Jhps4JrTzKker7mYqwzfhduHDQrrA,false
2054,e6-lifecycle-20260706T050147.291694346Z-c4-real-task-0014,signed_posttask,true,6,1783314112931,0,QmdA4H658GbdXFpaibWrSNhL4kRmi3VbbpP3Y5MfYbX6k2,false
2055,e6-lifecycle-20260706T050147.291694346Z-c4-real-task-0014,signed_postallocation,true,2,1783314112937,0,QmdA4H658GbdXFpaibWrSNhL4kRmi3VbbpP3Y5MfYbX6k2,false
2056,e6-lifecycle-20260706T050147.291694346Z-c4-real-task-0014,signed_post_evalsnapshot,true,2,1783314112939,0,QmdA4H658GbdXFpaibWrSNhL4kRmi3VbbpP3Y5MfYbX6k2,false
2057,e6-lifecycle-20260706T050147.291694346Z-c4-real-task-0014,signed_vote1,true,1,1783314112941,0,QmdA4H658GbdXFpaibWrSNhL4kRmi3VbbpP3Y5MfYbX6k2,false
2058,e6-lifecycle-20260706T050147.291694346Z-c4-real-task-0014,signed_vote2,true,2,1783314112942,0,QmdA4H658GbdXFpaibWrSNhL4kRmi3VbbpP3Y5MfYbX6k2,false
2059,e6-lifecycle-20260706T050147.291694346Z-c4-real-task-0014,signed_settlement,true,2,1783314112944,0,QmdA4H658GbdXFpaibWrSNhL4kRmi3VbbpP3Y5MfYbX6k2,false
2060,e6-lifecycle-20260706T050147.291694346Z-c4-real-task-0014,signed_query_latest,true,0,1783314112946,0,QmdA4H658GbdXFpaibWrSNhL4kRmi3VbbpP3Y5MfYbX6k2,false
2061,e6-lifecycle-20260706T050147.291694346Z-c4-real-task-0016,ipfs_add,true,63,1783314112889,1806,,false
2062,e6-lifecycle-20260706T050147.291694346Z-c4-real-task-0016,signed_posttask,true,2,1783314112952,0,QmRXEbbwSGrTFGj6rGcuUsRHhWgzm9E9di73MsPSjQyDqY,false
2063,e6-lifecycle-20260706T050147.291694346Z-c4-real-task-0016,signed_postallocation,true,1,1783314112954,0,QmRXEbbwSGrTFGj6rGcuUsRHhWgzm9E9di73MsPSjQyDqY,false
2064,e6-lifecycle-20260706T050147.291694346Z-c4-real-task-0014,ipfs_verify,true,10,1783314112946,0,QmdA4H658GbdXFpaibWrSNhL4kRmi3VbbpP3Y5MfYbX6k2,false
2065,e6-lifecycle-20260706T050147.291694346Z-c4-real-task-0016,signed_post_evalsnapshot,true,3,1783314112955,0,QmRXEbbwSGrTFGj6rGcuUsRHhWgzm9E9di73MsPSjQyDqY,false
2066,e6-lifecycle-20260706T050147.291694346Z-c4-real-task-0016,signed_vote1,true,2,1783314112958,0,QmRXEbbwSGrTFGj6rGcuUsRHhWgzm9E9di73MsPSjQyDqY,false
2067,e6-lifecycle-20260706T050147.291694346Z-c4-real-task-0016,signed_vote2,true,2,1783314112960,0,QmRXEbbwSGrTFGj6rGcuUsRHhWgzm9E9di73MsPSjQyDqY,false
2068,e6-lifecycle-20260706T050147.291694346Z-c4-real-task-0016,signed_settlement,true,2,1783314112962,0,QmRXEbbwSGrTFGj6rGcuUsRHhWgzm9E9di73MsPSjQyDqY,false
2069,e6-lifecycle-20260706T050147.291694346Z-c4-real-task-0016,signed_query_latest,true,0,1783314112964,0,QmRXEbbwSGrTFGj6rGcuUsRHhWgzm9E9di73MsPSjQyDqY,false
2070,e6-lifecycle-20260706T050147.291694346Z-c4-real-task-0016,ipfs_verify,true,10,1783314112964,0,QmRXEbbwSGrTFGj6rGcuUsRHhWgzm9E9di73MsPSjQyDqY,false
2071,e6-lifecycle-20260706T050147.291694346Z-c4-real-task-0018,ipfs_add,true,65,1783314112931,1628,,false
2072,e6-lifecycle-20260706T050147.291694346Z-c4-real-task-0018,signed_posttask,true,1,1783314112996,0,QmXxhuw4zLhaZUxTgm3nVAPdVDi7RC4E8cy48iMSw5X5cc,false
2073,e6-lifecycle-20260706T050147.291694346Z-c4-real-task-0018,signed_postallocation,true,3,1783314112997,0,QmXxhuw4zLhaZUxTgm3nVAPdVDi7RC4E8cy48iMSw5X5cc,false
2074,e6-lifecycle-20260706T050147.291694346Z-c4-real-task-0018,signed_post_evalsnapshot,true,2,1783314113000,0,QmXxhuw4zLhaZUxTgm3nVAPdVDi7RC4E8cy48iMSw5X5cc,false
2075,e6-lifecycle-20260706T050147.291694346Z-c4-real-task-0018,signed_vote1,true,1,1783314113002,0,QmXxhuw4zLhaZUxTgm3nVAPdVDi7RC4E8cy48iMSw5X5cc,false
2076,e6-lifecycle-20260706T050147.291694346Z-c4-real-task-0018,signed_vote2,true,2,1783314113003,0,QmXxhuw4zLhaZUxTgm3nVAPdVDi7RC4E8cy48iMSw5X5cc,false
2077,e6-lifecycle-20260706T050147.291694346Z-c4-real-task-0018,signed_settlement,true,2,1783314113005,0,QmXxhuw4zLhaZUxTgm3nVAPdVDi7RC4E8cy48iMSw5X5cc,false
2078,e6-lifecycle-20260706T050147.291694346Z-c4-real-task-0018,signed_query_latest,true,0,1783314113007,0,QmXxhuw4zLhaZUxTgm3nVAPdVDi7RC4E8cy48iMSw5X5cc,false
2079,e6-lifecycle-20260706T050147.291694346Z-c4-real-task-0018,ipfs_verify,true,9,1783314113007,0,QmXxhuw4zLhaZUxTgm3nVAPdVDi7RC4E8cy48iMSw5X5cc,false
2080,e6-lifecycle-20260706T050147.291694346Z-c4-real-task-0017,ipfs_add,true,109,1783314112909,1714,,false
2081,e6-lifecycle-20260706T050147.291694346Z-c4-real-task-0019,ipfs_add,true,62,1783314112956,1779,,false
2082,e6-lifecycle-20260706T050147.291694346Z-c4-real-task-0017,signed_posttask,true,2,1783314113018,0,QmWKrJKRZfeQnkT8t5aowLXrHM3GpoZqpDn7cXYRceXJsh,false
2083,e6-lifecycle-20260706T050147.291694346Z-c4-real-task-0017,signed_postallocation,true,2,1783314113020,0,QmWKrJKRZfeQnkT8t5aowLXrHM3GpoZqpDn7cXYRceXJsh,false
2084,e6-lifecycle-20260706T050147.291694346Z-c4-real-task-0019,signed_posttask,true,5,1783314113018,0,QmSciV8g79eMrjXm8f2BtxoJrkCttCpUNrWTNbQtrPN26s,false
2085,e6-lifecycle-20260706T050147.291694346Z-c4-real-task-0019,signed_postallocation,true,2,1783314113023,0,QmSciV8g79eMrjXm8f2BtxoJrkCttCpUNrWTNbQtrPN26s,false
2086,e6-lifecycle-20260706T050147.291694346Z-c4-real-task-0017,signed_post_evalsnapshot,true,5,1783314113022,0,QmWKrJKRZfeQnkT8t5aowLXrHM3GpoZqpDn7cXYRceXJsh,false
2087,e6-lifecycle-20260706T050147.291694346Z-c4-real-task-0017,signed_vote1,true,1,1783314113027,0,QmWKrJKRZfeQnkT8t5aowLXrHM3GpoZqpDn7cXYRceXJsh,false
2088,e6-lifecycle-20260706T050147.291694346Z-c4-real-task-0019,signed_post_evalsnapshot,true,5,1783314113025,0,QmSciV8g79eMrjXm8f2BtxoJrkCttCpUNrWTNbQtrPN26s,false
2089,e6-lifecycle-20260706T050147.291694346Z-c4-real-task-0019,signed_vote1,true,1,1783314113030,0,QmSciV8g79eMrjXm8f2BtxoJrkCttCpUNrWTNbQtrPN26s,false
2090,e6-lifecycle-20260706T050147.291694346Z-c4-real-task-0017,signed_vote2,true,4,1783314113028,0,QmWKrJKRZfeQnkT8t5aowLXrHM3GpoZqpDn7cXYRceXJsh,false
2091,e6-lifecycle-20260706T050147.291694346Z-c4-real-task-0017,signed_settlement,true,2,1783314113032,0,QmWKrJKRZfeQnkT8t5aowLXrHM3GpoZqpDn7cXYRceXJsh,false
2092,e6-lifecycle-20260706T050147.291694346Z-c4-real-task-0019,signed_vote2,true,5,1783314113031,0,QmSciV8g79eMrjXm8f2BtxoJrkCttCpUNrWTNbQtrPN26s,false
2093,e6-lifecycle-20260706T050147.291694346Z-c4-real-task-0020,ipfs_add,true,63,1783314112974,1555,,false
2094,e6-lifecycle-20260706T050147.291694346Z-c4-real-task-0019,signed_settlement,true,2,1783314113036,0,QmSciV8g79eMrjXm8f2BtxoJrkCttCpUNrWTNbQtrPN26s,false
2095,e6-lifecycle-20260706T050147.291694346Z-c4-real-task-0017,signed_query_latest,true,4,1783314113034,0,QmWKrJKRZfeQnkT8t5aowLXrHM3GpoZqpDn7cXYRceXJsh,false
2096,e6-lifecycle-20260706T050147.291694346Z-c4-real-task-0020,signed_posttask,true,3,1783314113037,0,QmVVEEsRWTrpHyCUMfWzaezUv7i29R95rTPN8N3iBYMKsY,false
2097,e6-lifecycle-20260706T050147.291694346Z-c4-real-task-0019,signed_query_latest,true,5,1783314113038,0,QmSciV8g79eMrjXm8f2BtxoJrkCttCpUNrWTNbQtrPN26s,false
2098,e6-lifecycle-20260706T050147.291694346Z-c4-real-task-0020,signed_postallocation,true,3,1783314113040,0,QmVVEEsRWTrpHyCUMfWzaezUv7i29R95rTPN8N3iBYMKsY,false
2099,e6-lifecycle-20260706T050147.291694346Z-c4-real-task-0020,signed_post_evalsnapshot,true,2,1783314113043,0,QmVVEEsRWTrpHyCUMfWzaezUv7i29R95rTPN8N3iBYMKsY,false
2100,e6-lifecycle-20260706T050147.291694346Z-c4-real-task-0020,signed_vote1,true,1,1783314113045,0,QmVVEEsRWTrpHyCUMfWzaezUv7i29R95rTPN8N3iBYMKsY,false
2101,e6-lifecycle-20260706T050147.291694346Z-c4-real-task-0017,ipfs_verify,true,9,1783314113038,0,QmWKrJKRZfeQnkT8t5aowLXrHM3GpoZqpDn7cXYRceXJsh,false
2102,e6-lifecycle-20260706T050147.291694346Z-c4-real-task-0020,signed_vote2,true,2,1783314113046,0,QmVVEEsRWTrpHyCUMfWzaezUv7i29R95rTPN8N3iBYMKsY,false
2103,e6-lifecycle-20260706T050147.291694346Z-c4-real-task-0020,signed_settlement,true,2,1783314113048,0,QmVVEEsRWTrpHyCUMfWzaezUv7i29R95rTPN8N3iBYMKsY,false
2104,e6-lifecycle-20260706T050147.291694346Z-c4-real-task-0020,signed_query_latest,true,0,1783314113050,0,QmVVEEsRWTrpHyCUMfWzaezUv7i29R95rTPN8N3iBYMKsY,false
2105,e6-lifecycle-20260706T050147.291694346Z-c4-real-task-0019,ipfs_verify,true,10,1783314113043,0,QmSciV8g79eMrjXm8f2BtxoJrkCttCpUNrWTNbQtrPN26s,false
2106,e6-lifecycle-20260706T050147.291694346Z-c4-real-task-0020,ipfs_verify,true,9,1783314113050,0,QmVVEEsRWTrpHyCUMfWzaezUv7i29R95rTPN8N3iBYMKsY,false
2107,e6-lifecycle-20260706T050147.291694346Z-c4-real-task-0021,ipfs_add,true,49,1783314113016,2376,,false
2108,e6-lifecycle-20260706T050147.291694346Z-c4-real-task-0021,signed_posttask,true,1,1783314113065,0,QmcMDgZ1hZ3GkUEYEYALditW6azhFYA2tjToNN57pgr9Md,false
2109,e6-lifecycle-20260706T050147.291694346Z-c4-real-task-0021,signed_postallocation,true,2,1783314113066,0,QmcMDgZ1hZ3GkUEYEYALditW6azhFYA2tjToNN57pgr9Md,false
2110,e6-lifecycle-20260706T050147.291694346Z-c4-real-task-0021,signed_post_evalsnapshot,true,2,1783314113068,0,QmcMDgZ1hZ3GkUEYEYALditW6azhFYA2tjToNN57pgr9Md,false
2111,e6-lifecycle-20260706T050147.291694346Z-c4-real-task-0021,signed_vote1,true,2,1783314113070,0,QmcMDgZ1hZ3GkUEYEYALditW6azhFYA2tjToNN57pgr9Md,false
2112,e6-lifecycle-20260706T050147.291694346Z-c4-real-task-0021,signed_vote2,true,2,1783314113072,0,QmcMDgZ1hZ3GkUEYEYALditW6azhFYA2tjToNN57pgr9Md,false
2113,e6-lifecycle-20260706T050147.291694346Z-c4-real-task-0021,signed_settlement,true,1,1783314113074,0,QmcMDgZ1hZ3GkUEYEYALditW6azhFYA2tjToNN57pgr9Md,false
2114,e6-lifecycle-20260706T050147.291694346Z-c4-real-task-0021,signed_query_latest,true,0,1783314113075,0,QmcMDgZ1hZ3GkUEYEYALditW6azhFYA2tjToNN57pgr9Md,false
2115,e6-lifecycle-20260706T050147.291694346Z-c4-real-task-0021,ipfs_verify,true,9,1783314113075,0,QmcMDgZ1hZ3GkUEYEYALditW6azhFYA2tjToNN57pgr9Md,false
2116,e6-lifecycle-20260706T050147.291694346Z-c4-real-task-0032,ipfs_add,true,38,1783314113047,4244,,false
2117,e6-lifecycle-20260706T050147.291694346Z-c4-real-task-0032,signed_posttask,true,3,1783314113085,0,QmTUE1xZhmfV2QSdvfbaurUfSv66ET7R31e5urBxmKFSfb,false
2118,e6-lifecycle-20260706T050147.291694346Z-c4-real-task-0032,signed_postallocation,true,1,1783314113088,0,QmTUE1xZhmfV2QSdvfbaurUfSv66ET7R31e5urBxmKFSfb,false
2119,e6-lifecycle-20260706T050147.291694346Z-c4-real-task-0032,signed_post_evalsnapshot,true,2,1783314113089,0,QmTUE1xZhmfV2QSdvfbaurUfSv66ET7R31e5urBxmKFSfb,false
2120,e6-lifecycle-20260706T050147.291694346Z-c4-real-task-0032,signed_vote1,true,2,1783314113091,0,QmTUE1xZhmfV2QSdvfbaurUfSv66ET7R31e5urBxmKFSfb,false
2121,e6-lifecycle-20260706T050147.291694346Z-c4-real-task-0032,signed_vote2,true,2,1783314113093,0,QmTUE1xZhmfV2QSdvfbaurUfSv66ET7R31e5urBxmKFSfb,false
2122,e6-lifecycle-20260706T050147.291694346Z-c4-real-task-0032,signed_settlement,true,2,1783314113095,0,QmTUE1xZhmfV2QSdvfbaurUfSv66ET7R31e5urBxmKFSfb,false
2123,e6-lifecycle-20260706T050147.291694346Z-c4-real-task-0032,signed_query_latest,true,0,1783314113097,0,QmTUE1xZhmfV2QSdvfbaurUfSv66ET7R31e5urBxmKFSfb,false
2124,e6-lifecycle-20260706T050147.291694346Z-c4-real-task-0023,ipfs_add,true,51,1783314113054,1700,,false
2125,e6-lifecycle-20260706T050147.291694346Z-c4-real-task-0032,ipfs_verify,true,8,1783314113097,0,QmTUE1xZhmfV2QSdvfbaurUfSv66ET7R31e5urBxmKFSfb,false
2126,e6-lifecycle-20260706T050147.291694346Z-c4-real-task-0023,signed_posttask,true,2,1783314113105,0,QmSNTzME5ExH9MXjsfAXcGbriDzvpgibF4VxHLZTbZtpFe,false
2127,e6-lifecycle-20260706T050147.291694346Z-c4-real-task-0023,signed_postallocation,true,2,1783314113107,0,QmSNTzME5ExH9MXjsfAXcGbriDzvpgibF4VxHLZTbZtpFe,false
2128,e6-lifecycle-20260706T050147.291694346Z-c4-real-task-0023,signed_post_evalsnapshot,true,2,1783314113109,0,QmSNTzME5ExH9MXjsfAXcGbriDzvpgibF4VxHLZTbZtpFe,false
2129,e6-lifecycle-20260706T050147.291694346Z-c4-real-task-0023,signed_vote1,true,2,1783314113111,0,QmSNTzME5ExH9MXjsfAXcGbriDzvpgibF4VxHLZTbZtpFe,false
2130,e6-lifecycle-20260706T050147.291694346Z-c4-real-task-0023,signed_vote2,true,3,1783314113113,0,QmSNTzME5ExH9MXjsfAXcGbriDzvpgibF4VxHLZTbZtpFe,false
2131,e6-lifecycle-20260706T050147.291694346Z-c4-real-task-0023,signed_settlement,true,1,1783314113116,0,QmSNTzME5ExH9MXjsfAXcGbriDzvpgibF4VxHLZTbZtpFe,false
2132,e6-lifecycle-20260706T050147.291694346Z-c4-real-task-0023,signed_query_latest,true,0,1783314113117,0,QmSNTzME5ExH9MXjsfAXcGbriDzvpgibF4VxHLZTbZtpFe,false
2133,e6-lifecycle-20260706T050147.291694346Z-c4-real-task-0023,ipfs_verify,true,10,1783314113117,0,QmSNTzME5ExH9MXjsfAXcGbriDzvpgibF4VxHLZTbZtpFe,false
2134,e6-lifecycle-20260706T050147.291694346Z-c4-real-task-0024,ipfs_add,true,75,1783314113059,1380,,false
2135,e6-lifecycle-20260706T050147.291694346Z-c4-real-task-0024,signed_posttask,true,2,1783314113134,0,QmVMeHnQxmGXaDj74SJcQxSejhibib6Ve54PwgWQGkenB7,false
2136,e6-lifecycle-20260706T050147.291694346Z-c4-real-task-0024,signed_postallocation,true,3,1783314113136,0,QmVMeHnQxmGXaDj74SJcQxSejhibib6Ve54PwgWQGkenB7,false
2137,e6-lifecycle-20260706T050147.291694346Z-c4-real-task-0024,signed_post_evalsnapshot,true,1,1783314113139,0,QmVMeHnQxmGXaDj74SJcQxSejhibib6Ve54PwgWQGkenB7,false
2138,e6-lifecycle-20260706T050147.291694346Z-c4-real-task-0024,signed_vote1,true,2,1783314113140,0,QmVMeHnQxmGXaDj74SJcQxSejhibib6Ve54PwgWQGkenB7,false
2139,e6-lifecycle-20260706T050147.291694346Z-c4-real-task-0024,signed_vote2,true,1,1783314113142,0,QmVMeHnQxmGXaDj74SJcQxSejhibib6Ve54PwgWQGkenB7,false
2140,e6-lifecycle-20260706T050147.291694346Z-c4-real-task-0024,signed_settlement,true,2,1783314113143,0,QmVMeHnQxmGXaDj74SJcQxSejhibib6Ve54PwgWQGkenB7,false
2141,e6-lifecycle-20260706T050147.291694346Z-c4-real-task-0024,signed_query_latest,true,0,1783314113145,0,QmVMeHnQxmGXaDj74SJcQxSejhibib6Ve54PwgWQGkenB7,false
2142,e6-lifecycle-20260706T050147.291694346Z-c4-real-task-0025,ipfs_add,true,70,1783314113084,1470,,false
2143,e6-lifecycle-20260706T050147.291694346Z-c4-real-task-0024,ipfs_verify,true,12,1783314113145,0,QmVMeHnQxmGXaDj74SJcQxSejhibib6Ve54PwgWQGkenB7,false
2144,e6-lifecycle-20260706T050147.291694346Z-c4-real-task-0025,signed_posttask,true,3,1783314113154,0,QmfV4xn5gz8tktJ19swpdMmXMvtkpfJY5tXJWbBSUFSHFi,false
2145,e6-lifecycle-20260706T050147.291694346Z-c4-real-task-0025,signed_postallocation,true,2,1783314113157,0,QmfV4xn5gz8tktJ19swpdMmXMvtkpfJY5tXJWbBSUFSHFi,false
2146,e6-lifecycle-20260706T050147.291694346Z-c4-real-task-0025,signed_post_evalsnapshot,true,7,1783314113159,0,QmfV4xn5gz8tktJ19swpdMmXMvtkpfJY5tXJWbBSUFSHFi,false
2147,e6-lifecycle-20260706T050147.291694346Z-c4-real-task-0025,signed_vote1,true,1,1783314113166,0,QmfV4xn5gz8tktJ19swpdMmXMvtkpfJY5tXJWbBSUFSHFi,false
2148,e6-lifecycle-20260706T050147.291694346Z-c4-real-task-0025,signed_vote2,true,3,1783314113167,0,QmfV4xn5gz8tktJ19swpdMmXMvtkpfJY5tXJWbBSUFSHFi,false
2149,e6-lifecycle-20260706T050147.291694346Z-c4-real-task-0025,signed_settlement,true,1,1783314113170,0,QmfV4xn5gz8tktJ19swpdMmXMvtkpfJY5tXJWbBSUFSHFi,false
2150,e6-lifecycle-20260706T050147.291694346Z-c4-real-task-0025,signed_query_latest,true,0,1783314113171,0,QmfV4xn5gz8tktJ19swpdMmXMvtkpfJY5tXJWbBSUFSHFi,false
2151,e6-lifecycle-20260706T050147.291694346Z-c4-real-task-0025,ipfs_verify,true,8,1783314113171,0,QmfV4xn5gz8tktJ19swpdMmXMvtkpfJY5tXJWbBSUFSHFi,false
2152,e6-lifecycle-20260706T050147.291694346Z-c4-real-task-0026,ipfs_add,true,76,1783314113105,2285,,false
2153,e6-lifecycle-20260706T050147.291694346Z-c4-real-task-0026,signed_posttask,true,5,1783314113181,0,QmPA4QSCZorDwximTUj45HQYaqqLrUR1uWw8YCaw56AYrQ,false
2154,e6-lifecycle-20260706T050147.291694346Z-c4-real-task-0026,signed_postallocation,true,2,1783314113186,0,QmPA4QSCZorDwximTUj45HQYaqqLrUR1uWw8YCaw56AYrQ,false
2155,e6-lifecycle-20260706T050147.291694346Z-c4-real-task-0026,signed_post_evalsnapshot,true,1,1783314113188,0,QmPA4QSCZorDwximTUj45HQYaqqLrUR1uWw8YCaw56AYrQ,false
2156,e6-lifecycle-20260706T050147.291694346Z-c4-real-task-0026,signed_vote1,true,2,1783314113189,0,QmPA4QSCZorDwximTUj45HQYaqqLrUR1uWw8YCaw56AYrQ,false
2157,e6-lifecycle-20260706T050147.291694346Z-c4-real-task-0026,signed_vote2,true,2,1783314113191,0,QmPA4QSCZorDwximTUj45HQYaqqLrUR1uWw8YCaw56AYrQ,false
2158,e6-lifecycle-20260706T050147.291694346Z-c4-real-task-0026,signed_settlement,true,2,1783314113193,0,QmPA4QSCZorDwximTUj45HQYaqqLrUR1uWw8YCaw56AYrQ,false
2159,e6-lifecycle-20260706T050147.291694346Z-c4-real-task-0026,signed_query_latest,true,0,1783314113195,0,QmPA4QSCZorDwximTUj45HQYaqqLrUR1uWw8YCaw56AYrQ,false
2160,e6-lifecycle-20260706T050147.291694346Z-c4-real-task-0027,ipfs_add,true,76,1783314113127,1942,,false
2161,e6-lifecycle-20260706T050147.291694346Z-c4-real-task-0026,ipfs_verify,true,8,1783314113195,0,QmPA4QSCZorDwximTUj45HQYaqqLrUR1uWw8YCaw56AYrQ,false
2162,e6-lifecycle-20260706T050147.291694346Z-c4-real-task-0027,signed_posttask,true,12,1783314113203,0,QmNy38ZnCY29gNwh56gk2CQJXsETwyHTceFnkSP4vC85KR,false
2163,e6-lifecycle-20260706T050147.291694346Z-c4-real-task-0027,signed_postallocation,true,2,1783314113215,0,QmNy38ZnCY29gNwh56gk2CQJXsETwyHTceFnkSP4vC85KR,false
2164,e6-lifecycle-20260706T050147.291694346Z-c4-real-task-0027,signed_post_evalsnapshot,true,3,1783314113217,0,QmNy38ZnCY29gNwh56gk2CQJXsETwyHTceFnkSP4vC85KR,false
2165,e6-lifecycle-20260706T050147.291694346Z-c4-real-task-0027,signed_vote1,true,2,1783314113220,0,QmNy38ZnCY29gNwh56gk2CQJXsETwyHTceFnkSP4vC85KR,false
2166,e6-lifecycle-20260706T050147.291694346Z-c4-real-task-0027,signed_vote2,true,2,1783314113222,0,QmNy38ZnCY29gNwh56gk2CQJXsETwyHTceFnkSP4vC85KR,false
2167,e6-lifecycle-20260706T050147.291694346Z-c4-real-task-0027,signed_settlement,true,1,1783314113224,0,QmNy38ZnCY29gNwh56gk2CQJXsETwyHTceFnkSP4vC85KR,false
2168,e6-lifecycle-20260706T050147.291694346Z-c4-real-task-0027,signed_query_latest,true,0,1783314113225,0,QmNy38ZnCY29gNwh56gk2CQJXsETwyHTceFnkSP4vC85KR,false
2169,e6-lifecycle-20260706T050147.291694346Z-c4-real-task-0027,ipfs_verify,true,6,1783314113225,0,QmNy38ZnCY29gNwh56gk2CQJXsETwyHTceFnkSP4vC85KR,false
2170,e6-lifecycle-20260706T050147.291694346Z-c4-real-task-0028,ipfs_add,true,78,1783314113157,2235,,false
2171,e6-lifecycle-20260706T050147.291694346Z-c4-real-task-0028,signed_posttask,true,1,1783314113235,0,QmPDqC4FvPihq4H2RHnNdvzHBK2kp3vUV7gp3cD2AmeuSG,false
2172,e6-lifecycle-20260706T050147.291694346Z-c4-real-task-0028,signed_postallocation,true,3,1783314113236,0,QmPDqC4FvPihq4H2RHnNdvzHBK2kp3vUV7gp3cD2AmeuSG,false
2173,e6-lifecycle-20260706T050147.291694346Z-c4-real-task-0028,signed_post_evalsnapshot,true,3,1783314113239,0,QmPDqC4FvPihq4H2RHnNdvzHBK2kp3vUV7gp3cD2AmeuSG,false
2174,e6-lifecycle-20260706T050147.291694346Z-c4-real-task-0028,signed_vote1,true,2,1783314113242,0,QmPDqC4FvPihq4H2RHnNdvzHBK2kp3vUV7gp3cD2AmeuSG,false
2175,e6-lifecycle-20260706T050147.291694346Z-c4-real-task-0028,signed_vote2,true,2,1783314113244,0,QmPDqC4FvPihq4H2RHnNdvzHBK2kp3vUV7gp3cD2AmeuSG,false
2176,e6-lifecycle-20260706T050147.291694346Z-c4-real-task-0028,signed_settlement,true,2,1783314113246,0,QmPDqC4FvPihq4H2RHnNdvzHBK2kp3vUV7gp3cD2AmeuSG,false
2177,e6-lifecycle-20260706T050147.291694346Z-c4-real-task-0028,signed_query_latest,true,0,1783314113248,0,QmPDqC4FvPihq4H2RHnNdvzHBK2kp3vUV7gp3cD2AmeuSG,false
2178,e6-lifecycle-20260706T050147.291694346Z-c4-real-task-0028,ipfs_verify,true,8,1783314113248,0,QmPDqC4FvPihq4H2RHnNdvzHBK2kp3vUV7gp3cD2AmeuSG,false
2179,e6-lifecycle-20260706T050147.291694346Z-c4-real-task-0029,ipfs_add,true,79,1783314113179,1996,,false
2180,e6-lifecycle-20260706T050147.291694346Z-c4-real-task-0029,signed_posttask,true,3,1783314113258,0,QmacXcTiVxv9uHJiorLkYH2xDDraJTZ3uq6FBG4Ctr6VoC,false
2181,e6-lifecycle-20260706T050147.291694346Z-c4-real-task-0029,signed_postallocation,true,2,1783314113261,0,QmacXcTiVxv9uHJiorLkYH2xDDraJTZ3uq6FBG4Ctr6VoC,false
2182,e6-lifecycle-20260706T050147.291694346Z-c4-real-task-0029,signed_post_evalsnapshot,true,1,1783314113263,0,QmacXcTiVxv9uHJiorLkYH2xDDraJTZ3uq6FBG4Ctr6VoC,false
2183,e6-lifecycle-20260706T050147.291694346Z-c4-real-task-0029,signed_vote1,true,2,1783314113264,0,QmacXcTiVxv9uHJiorLkYH2xDDraJTZ3uq6FBG4Ctr6VoC,false
2184,e6-lifecycle-20260706T050147.291694346Z-c4-real-task-0029,signed_vote2,true,1,1783314113266,0,QmacXcTiVxv9uHJiorLkYH2xDDraJTZ3uq6FBG4Ctr6VoC,false
2185,e6-lifecycle-20260706T050147.291694346Z-c4-real-task-0029,signed_settlement,true,2,1783314113267,0,QmacXcTiVxv9uHJiorLkYH2xDDraJTZ3uq6FBG4Ctr6VoC,false
2186,e6-lifecycle-20260706T050147.291694346Z-c4-real-task-0029,signed_query_latest,true,0,1783314113269,0,QmacXcTiVxv9uHJiorLkYH2xDDraJTZ3uq6FBG4Ctr6VoC,false
2187,e6-lifecycle-20260706T050147.291694346Z-c4-real-task-0029,ipfs_verify,true,8,1783314113269,0,QmacXcTiVxv9uHJiorLkYH2xDDraJTZ3uq6FBG4Ctr6VoC,false
2188,e6-lifecycle-20260706T050147.291694346Z-c4-real-task-0030,ipfs_add,true,77,1783314113203,4609,,false
2189,e6-lifecycle-20260706T050147.291694346Z-c4-real-task-0030,signed_posttask,true,3,1783314113280,0,QmXUNpwtX2A1bcF51kySLa1p7B6HvhMNsMQoiVdNUoJig7,false
2190,e6-lifecycle-20260706T050147.291694346Z-c4-real-task-0030,signed_postallocation,true,2,1783314113283,0,QmXUNpwtX2A1bcF51kySLa1p7B6HvhMNsMQoiVdNUoJig7,false
2191,e6-lifecycle-20260706T050147.291694346Z-c4-real-task-0030,signed_post_evalsnapshot,true,1,1783314113285,0,QmXUNpwtX2A1bcF51kySLa1p7B6HvhMNsMQoiVdNUoJig7,false
2192,e6-lifecycle-20260706T050147.291694346Z-c4-real-task-0030,signed_vote1,true,2,1783314113286,0,QmXUNpwtX2A1bcF51kySLa1p7B6HvhMNsMQoiVdNUoJig7,false
2193,e6-lifecycle-20260706T050147.291694346Z-c4-real-task-0030,signed_vote2,true,1,1783314113288,0,QmXUNpwtX2A1bcF51kySLa1p7B6HvhMNsMQoiVdNUoJig7,false
2194,e6-lifecycle-20260706T050147.291694346Z-c4-real-task-0030,signed_settlement,true,2,1783314113289,0,QmXUNpwtX2A1bcF51kySLa1p7B6HvhMNsMQoiVdNUoJig7,false
2195,e6-lifecycle-20260706T050147.291694346Z-c4-real-task-0030,signed_query_latest,true,0,1783314113291,0,QmXUNpwtX2A1bcF51kySLa1p7B6HvhMNsMQoiVdNUoJig7,false
2196,e6-lifecycle-20260706T050147.291694346Z-c4-real-task-0030,ipfs_verify,true,9,1783314113291,0,QmXUNpwtX2A1bcF51kySLa1p7B6HvhMNsMQoiVdNUoJig7,false
2197,e6-lifecycle-20260706T050147.291694346Z-c4-real-task-0031,ipfs_add,true,71,1783314113231,2037,,false
2198,e6-lifecycle-20260706T050147.291694346Z-c4-real-task-0031,signed_posttask,true,2,1783314113302,0,QmcMwXc4Z8ftz7kr4SLihnEKFezGYhMs51A9cNDVd2ZUGa,false
2199,e6-lifecycle-20260706T050147.291694346Z-c4-real-task-0031,signed_postallocation,true,2,1783314113304,0,QmcMwXc4Z8ftz7kr4SLihnEKFezGYhMs51A9cNDVd2ZUGa,false
2200,e6-lifecycle-20260706T050147.291694346Z-c4-real-task-0031,signed_post_evalsnapshot,true,2,1783314113306,0,QmcMwXc4Z8ftz7kr4SLihnEKFezGYhMs51A9cNDVd2ZUGa,false
2201,e6-lifecycle-20260706T050147.291694346Z-c4-real-task-0031,signed_vote1,true,1,1783314113308,0,QmcMwXc4Z8ftz7kr4SLihnEKFezGYhMs51A9cNDVd2ZUGa,false
2202,e6-lifecycle-20260706T050147.291694346Z-c4-real-task-0031,signed_vote2,true,2,1783314113309,0,QmcMwXc4Z8ftz7kr4SLihnEKFezGYhMs51A9cNDVd2ZUGa,false
2203,e6-lifecycle-20260706T050147.291694346Z-c4-real-task-0031,signed_settlement,true,2,1783314113311,0,QmcMwXc4Z8ftz7kr4SLihnEKFezGYhMs51A9cNDVd2ZUGa,false
2204,e6-lifecycle-20260706T050147.291694346Z-c4-real-task-0031,signed_query_latest,true,0,1783314113313,0,QmcMwXc4Z8ftz7kr4SLihnEKFezGYhMs51A9cNDVd2ZUGa,false
2205,e6-lifecycle-20260706T050147.291694346Z-c4-real-task-0031,ipfs_verify,true,7,1783314113313,0,QmcMwXc4Z8ftz7kr4SLihnEKFezGYhMs51A9cNDVd2ZUGa,false
2206,e6-lifecycle-20260706T050147.291694346Z-c4-real-task-0037,ipfs_add,true,66,1783314113256,2773,,false
2207,e6-lifecycle-20260706T050147.291694346Z-c4-real-task-0037,signed_posttask,true,2,1783314113322,0,QmWmrqK7bzA1Pq5z5dsLEen6BZ5iPRNFNBXLJnZmr5J9ff,false
2208,e6-lifecycle-20260706T050147.291694346Z-c4-real-task-0037,signed_postallocation,true,2,1783314113324,0,QmWmrqK7bzA1Pq5z5dsLEen6BZ5iPRNFNBXLJnZmr5J9ff,false
2209,e6-lifecycle-20260706T050147.291694346Z-c4-real-task-0037,signed_post_evalsnapshot,true,2,1783314113326,0,QmWmrqK7bzA1Pq5z5dsLEen6BZ5iPRNFNBXLJnZmr5J9ff,false
2210,e6-lifecycle-20260706T050147.291694346Z-c4-real-task-0037,signed_vote1,true,2,1783314113328,0,QmWmrqK7bzA1Pq5z5dsLEen6BZ5iPRNFNBXLJnZmr5J9ff,false
2211,e6-lifecycle-20260706T050147.291694346Z-c4-real-task-0037,signed_vote2,true,2,1783314113330,0,QmWmrqK7bzA1Pq5z5dsLEen6BZ5iPRNFNBXLJnZmr5J9ff,false
2212,e6-lifecycle-20260706T050147.291694346Z-c4-real-task-0037,signed_settlement,true,1,1783314113332,0,QmWmrqK7bzA1Pq5z5dsLEen6BZ5iPRNFNBXLJnZmr5J9ff,false
2213,e6-lifecycle-20260706T050147.291694346Z-c4-real-task-0037,signed_query_latest,true,0,1783314113333,0,QmWmrqK7bzA1Pq5z5dsLEen6BZ5iPRNFNBXLJnZmr5J9ff,false
2214,e6-lifecycle-20260706T050147.291694346Z-c4-real-task-0037,ipfs_verify,true,8,1783314113333,0,QmWmrqK7bzA1Pq5z5dsLEen6BZ5iPRNFNBXLJnZmr5J9ff,false
2215,e6-lifecycle-20260706T050147.291694346Z-c4-real-task-0033,ipfs_add,true,67,1783314113277,7207,,false
2216,e6-lifecycle-20260706T050147.291694346Z-c4-real-task-0033,signed_posttask,true,5,1783314113344,0,QmQ48RSbPCJevCydnQupZo9nDcEmZKcjzn5kaHFiESq88N,false
2217,e6-lifecycle-20260706T050147.291694346Z-c4-real-task-0033,signed_postallocation,true,2,1783314113349,0,QmQ48RSbPCJevCydnQupZo9nDcEmZKcjzn5kaHFiESq88N,false
2218,e6-lifecycle-20260706T050147.291694346Z-c4-real-task-0033,signed_post_evalsnapshot,true,2,1783314113351,0,QmQ48RSbPCJevCydnQupZo9nDcEmZKcjzn5kaHFiESq88N,false
2219,e6-lifecycle-20260706T050147.291694346Z-c4-real-task-0033,signed_vote1,true,2,1783314113353,0,QmQ48RSbPCJevCydnQupZo9nDcEmZKcjzn5kaHFiESq88N,false
2220,e6-lifecycle-20260706T050147.291694346Z-c4-real-task-0033,signed_vote2,true,1,1783314113355,0,QmQ48RSbPCJevCydnQupZo9nDcEmZKcjzn5kaHFiESq88N,false
2221,e6-lifecycle-20260706T050147.291694346Z-c4-real-task-0033,signed_settlement,true,2,1783314113356,0,QmQ48RSbPCJevCydnQupZo9nDcEmZKcjzn5kaHFiESq88N,false
2222,e6-lifecycle-20260706T050147.291694346Z-c4-real-task-0033,signed_query_latest,true,0,1783314113358,0,QmQ48RSbPCJevCydnQupZo9nDcEmZKcjzn5kaHFiESq88N,false
2223,e6-lifecycle-20260706T050147.291694346Z-c4-real-task-0033,ipfs_verify,true,8,1783314113358,0,QmQ48RSbPCJevCydnQupZo9nDcEmZKcjzn5kaHFiESq88N,false
2224,e6-lifecycle-20260706T050147.291694346Z-c4-real-task-0034,ipfs_add,true,68,1783314113300,1614,,false
2225,e6-lifecycle-20260706T050147.291694346Z-c4-real-task-0034,signed_posttask,true,2,1783314113368,0,QmPfG9yDWdYPi2SxVxc2HNwGgKxYHpb8KNnTKLEUsSwYJF,false
2226,e6-lifecycle-20260706T050147.291694346Z-c4-real-task-0034,signed_postallocation,true,1,1783314113370,0,QmPfG9yDWdYPi2SxVxc2HNwGgKxYHpb8KNnTKLEUsSwYJF,false
2227,e6-lifecycle-20260706T050147.291694346Z-c4-real-task-0034,signed_post_evalsnapshot,true,2,1783314113371,0,QmPfG9yDWdYPi2SxVxc2HNwGgKxYHpb8KNnTKLEUsSwYJF,false
2228,e6-lifecycle-20260706T050147.291694346Z-c4-real-task-0034,signed_vote1,true,4,1783314113373,0,QmPfG9yDWdYPi2SxVxc2HNwGgKxYHpb8KNnTKLEUsSwYJF,false
2229,e6-lifecycle-20260706T050147.291694346Z-c4-real-task-0034,signed_vote2,true,2,1783314113377,0,QmPfG9yDWdYPi2SxVxc2HNwGgKxYHpb8KNnTKLEUsSwYJF,false
2230,e6-lifecycle-20260706T050147.291694346Z-c4-real-task-0034,signed_settlement,true,2,1783314113379,0,QmPfG9yDWdYPi2SxVxc2HNwGgKxYHpb8KNnTKLEUsSwYJF,false
2231,e6-lifecycle-20260706T050147.291694346Z-c4-real-task-0034,signed_query_latest,true,0,1783314113381,0,QmPfG9yDWdYPi2SxVxc2HNwGgKxYHpb8KNnTKLEUsSwYJF,false
2232,e6-lifecycle-20260706T050147.291694346Z-c4-real-task-0034,ipfs_verify,true,10,1783314113381,0,QmPfG9yDWdYPi2SxVxc2HNwGgKxYHpb8KNnTKLEUsSwYJF,false
2233,e6-lifecycle-20260706T050147.291694346Z-c4-real-task-0036,ipfs_add,true,80,1783314113341,2427,,false
2234,e6-lifecycle-20260706T050147.291694346Z-c4-real-task-0036,signed_posttask,true,2,1783314113421,0,QmPSKMPmcfaaWUAvL2tX88QhRRxXXC4SXnChDHzjSbwd8b,false
2235,e6-lifecycle-20260706T050147.291694346Z-c4-real-task-0036,signed_postallocation,true,2,1783314113423,0,QmPSKMPmcfaaWUAvL2tX88QhRRxXXC4SXnChDHzjSbwd8b,false
2236,e6-lifecycle-20260706T050147.291694346Z-c4-real-task-0036,signed_post_evalsnapshot,true,2,1783314113425,0,QmPSKMPmcfaaWUAvL2tX88QhRRxXXC4SXnChDHzjSbwd8b,false
2237,e6-lifecycle-20260706T050147.291694346Z-c4-real-task-0036,signed_vote1,true,2,1783314113427,0,QmPSKMPmcfaaWUAvL2tX88QhRRxXXC4SXnChDHzjSbwd8b,false
2238,e6-lifecycle-20260706T050147.291694346Z-c4-real-task-0036,signed_vote2,true,1,1783314113429,0,QmPSKMPmcfaaWUAvL2tX88QhRRxXXC4SXnChDHzjSbwd8b,false
2239,e6-lifecycle-20260706T050147.291694346Z-c4-real-task-0036,signed_settlement,true,2,1783314113430,0,QmPSKMPmcfaaWUAvL2tX88QhRRxXXC4SXnChDHzjSbwd8b,false
2240,e6-lifecycle-20260706T050147.291694346Z-c4-real-task-0036,signed_query_latest,true,0,1783314113432,0,QmPSKMPmcfaaWUAvL2tX88QhRRxXXC4SXnChDHzjSbwd8b,false
2241,e6-lifecycle-20260706T050147.291694346Z-c4-real-task-0036,ipfs_verify,true,11,1783314113432,0,QmPSKMPmcfaaWUAvL2tX88QhRRxXXC4SXnChDHzjSbwd8b,false
2242,e6-lifecycle-20260706T050147.291694346Z-c4-real-task-0231,ipfs_add,true,78,1783314113366,4749,,false
2243,e6-lifecycle-20260706T050147.291694346Z-c4-real-task-0035,ipfs_add,true,124,1783314113320,1846,,false
2244,e6-lifecycle-20260706T050147.291694346Z-c4-real-task-0231,signed_posttask,true,2,1783314113444,0,QmZ1zUyz7qR3sEW9z4W3mHUGs871kKaNMsvhBu7yRneVTT,false
2245,e6-lifecycle-20260706T050147.291694346Z-c4-real-task-0231,signed_postallocation,true,2,1783314113446,0,QmZ1zUyz7qR3sEW9z4W3mHUGs871kKaNMsvhBu7yRneVTT,false
2246,e6-lifecycle-20260706T050147.291694346Z-c4-real-task-0035,signed_posttask,true,6,1783314113444,0,QmXkECAAwC32vhNNVm7xZTatUjGVbfHbwXcCezk2t5DnUf,false
2247,e6-lifecycle-20260706T050147.291694346Z-c4-real-task-0035,signed_postallocation,true,10,1783314113450,0,QmXkECAAwC32vhNNVm7xZTatUjGVbfHbwXcCezk2t5DnUf,false
2248,e6-lifecycle-20260706T050147.291694346Z-c4-real-task-0231,signed_post_evalsnapshot,true,13,1783314113448,0,QmZ1zUyz7qR3sEW9z4W3mHUGs871kKaNMsvhBu7yRneVTT,false
2249,e6-lifecycle-20260706T050147.291694346Z-c4-real-task-0231,signed_vote1,true,2,1783314113461,0,QmZ1zUyz7qR3sEW9z4W3mHUGs871kKaNMsvhBu7yRneVTT,false
2250,e6-lifecycle-20260706T050147.291694346Z-c4-real-task-0035,signed_post_evalsnapshot,true,7,1783314113460,0,QmXkECAAwC32vhNNVm7xZTatUjGVbfHbwXcCezk2t5DnUf,false
2251,e6-lifecycle-20260706T050147.291694346Z-c4-real-task-0231,signed_vote2,true,6,1783314113463,0,QmZ1zUyz7qR3sEW9z4W3mHUGs871kKaNMsvhBu7yRneVTT,false
2252,e6-lifecycle-20260706T050147.291694346Z-c4-real-task-0231,signed_settlement,true,2,1783314113469,0,QmZ1zUyz7qR3sEW9z4W3mHUGs871kKaNMsvhBu7yRneVTT,false
2253,e6-lifecycle-20260706T050147.291694346Z-c4-real-task-0035,signed_vote1,true,6,1783314113467,0,QmXkECAAwC32vhNNVm7xZTatUjGVbfHbwXcCezk2t5DnUf,false
2254,e6-lifecycle-20260706T050147.291694346Z-c4-real-task-0231,signed_query_latest,true,4,1783314113471,0,QmZ1zUyz7qR3sEW9z4W3mHUGs871kKaNMsvhBu7yRneVTT,false
2255,e6-lifecycle-20260706T050147.291694346Z-c4-real-task-0035,signed_vote2,true,2,1783314113473,0,QmXkECAAwC32vhNNVm7xZTatUjGVbfHbwXcCezk2t5DnUf,false
2256,e6-lifecycle-20260706T050147.291694346Z-c4-real-task-0040,ipfs_add,true,84,1783314113391,1852,,false
2257,e6-lifecycle-20260706T050147.291694346Z-c4-real-task-0035,signed_settlement,true,2,1783314113475,0,QmXkECAAwC32vhNNVm7xZTatUjGVbfHbwXcCezk2t5DnUf,false
2258,e6-lifecycle-20260706T050147.291694346Z-c4-real-task-0035,signed_query_latest,true,0,1783314113477,0,QmXkECAAwC32vhNNVm7xZTatUjGVbfHbwXcCezk2t5DnUf,false
2259,e6-lifecycle-20260706T050147.291694346Z-c4-real-task-0040,signed_posttask,true,3,1783314113476,0,Qme8h8cEVWXzKEmaj7rkRo9NHBoPXxWrTLcYQjWRpqrisB,false
2260,e6-lifecycle-20260706T050147.291694346Z-c4-real-task-0040,signed_postallocation,true,1,1783314113479,0,Qme8h8cEVWXzKEmaj7rkRo9NHBoPXxWrTLcYQjWRpqrisB,false
2261,e6-lifecycle-20260706T050147.291694346Z-c4-real-task-0040,signed_post_evalsnapshot,true,3,1783314113480,0,Qme8h8cEVWXzKEmaj7rkRo9NHBoPXxWrTLcYQjWRpqrisB,false
2262,e6-lifecycle-20260706T050147.291694346Z-c4-real-task-0040,signed_vote1,true,2,1783314113483,0,Qme8h8cEVWXzKEmaj7rkRo9NHBoPXxWrTLcYQjWRpqrisB,false
2263,e6-lifecycle-20260706T050147.291694346Z-c4-real-task-0040,signed_vote2,true,2,1783314113485,0,Qme8h8cEVWXzKEmaj7rkRo9NHBoPXxWrTLcYQjWRpqrisB,false
2264,e6-lifecycle-20260706T050147.291694346Z-c4-real-task-0035,ipfs_verify,true,10,1783314113477,0,QmXkECAAwC32vhNNVm7xZTatUjGVbfHbwXcCezk2t5DnUf,false
2265,e6-lifecycle-20260706T050147.291694346Z-c4-real-task-0231,ipfs_verify,true,12,1783314113475,0,QmZ1zUyz7qR3sEW9z4W3mHUGs871kKaNMsvhBu7yRneVTT,false
2266,e6-lifecycle-20260706T050147.291694346Z-c4-real-task-0040,signed_settlement,true,2,1783314113487,0,Qme8h8cEVWXzKEmaj7rkRo9NHBoPXxWrTLcYQjWRpqrisB,false
2267,e6-lifecycle-20260706T050147.291694346Z-c4-real-task-0040,signed_query_latest,true,0,1783314113489,0,Qme8h8cEVWXzKEmaj7rkRo9NHBoPXxWrTLcYQjWRpqrisB,false
2268,e6-lifecycle-20260706T050147.291694346Z-c4-real-task-0040,ipfs_verify,true,8,1783314113489,0,Qme8h8cEVWXzKEmaj7rkRo9NHBoPXxWrTLcYQjWRpqrisB,false
2269,e6-lifecycle-20260706T050147.291694346Z-c4-real-task-0038,ipfs_add,true,55,1783314113443,3829,,false
2270,e6-lifecycle-20260706T050147.291694346Z-c4-real-task-0038,signed_posttask,true,2,1783314113498,0,QmUB51xuBaMCywUYGFiM9cTrnAhyjLu2J5jzTrZkY11kPF,false
2271,e6-lifecycle-20260706T050147.291694346Z-c4-real-task-0038,signed_postallocation,true,5,1783314113500,0,QmUB51xuBaMCywUYGFiM9cTrnAhyjLu2J5jzTrZkY11kPF,false
2272,e6-lifecycle-20260706T050147.291694346Z-c4-real-task-0038,signed_post_evalsnapshot,true,2,1783314113505,0,QmUB51xuBaMCywUYGFiM9cTrnAhyjLu2J5jzTrZkY11kPF,false
2273,e6-lifecycle-20260706T050147.291694346Z-c4-real-task-0038,signed_vote1,true,3,1783314113507,0,QmUB51xuBaMCywUYGFiM9cTrnAhyjLu2J5jzTrZkY11kPF,false
2274,e6-lifecycle-20260706T050147.291694346Z-c4-real-task-0038,signed_vote2,true,2,1783314113510,0,QmUB51xuBaMCywUYGFiM9cTrnAhyjLu2J5jzTrZkY11kPF,false
2275,e6-lifecycle-20260706T050147.291694346Z-c4-real-task-0038,signed_settlement,true,2,1783314113512,0,QmUB51xuBaMCywUYGFiM9cTrnAhyjLu2J5jzTrZkY11kPF,false
2276,e6-lifecycle-20260706T050147.291694346Z-c4-real-task-0038,signed_query_latest,true,0,1783314113514,0,QmUB51xuBaMCywUYGFiM9cTrnAhyjLu2J5jzTrZkY11kPF,false
2277,e6-lifecycle-20260706T050147.291694346Z-c4-real-task-0038,ipfs_verify,true,13,1783314113514,0,QmUB51xuBaMCywUYGFiM9cTrnAhyjLu2J5jzTrZkY11kPF,false
2278,e6-lifecycle-20260706T050147.291694346Z-c4-real-task-0041,ipfs_add,true,63,1783314113487,3950,,false
2279,e6-lifecycle-20260706T050147.291694346Z-c4-real-task-0041,signed_posttask,true,2,1783314113550,0,QmcFrzAGhrprmDxHPdunRd28u27YRTGcAAnGPSotWa75JU,false
2280,e6-lifecycle-20260706T050147.291694346Z-c4-real-task-0041,signed_postallocation,true,2,1783314113552,0,QmcFrzAGhrprmDxHPdunRd28u27YRTGcAAnGPSotWa75JU,false
2281,e6-lifecycle-20260706T050147.291694346Z-c4-real-task-0041,signed_post_evalsnapshot,true,2,1783314113554,0,QmcFrzAGhrprmDxHPdunRd28u27YRTGcAAnGPSotWa75JU,false
2282,e6-lifecycle-20260706T050147.291694346Z-c4-real-task-0041,signed_vote1,true,2,1783314113556,0,QmcFrzAGhrprmDxHPdunRd28u27YRTGcAAnGPSotWa75JU,false
2283,e6-lifecycle-20260706T050147.291694346Z-c4-real-task-0041,signed_vote2,true,3,1783314113558,0,QmcFrzAGhrprmDxHPdunRd28u27YRTGcAAnGPSotWa75JU,false
2284,e6-lifecycle-20260706T050147.291694346Z-c4-real-task-0041,signed_settlement,true,2,1783314113561,0,QmcFrzAGhrprmDxHPdunRd28u27YRTGcAAnGPSotWa75JU,false
2285,e6-lifecycle-20260706T050147.291694346Z-c4-real-task-0041,signed_query_latest,true,0,1783314113563,0,QmcFrzAGhrprmDxHPdunRd28u27YRTGcAAnGPSotWa75JU,false
2286,e6-lifecycle-20260706T050147.291694346Z-c4-real-task-0041,ipfs_verify,true,13,1783314113563,0,QmcFrzAGhrprmDxHPdunRd28u27YRTGcAAnGPSotWa75JU,false
2287,e6-lifecycle-20260706T050147.291694346Z-c4-real-task-0039,ipfs_add,true,100,1783314113487,2185,,false
2288,e6-lifecycle-20260706T050147.291694346Z-c4-real-task-0039,signed_posttask,true,2,1783314113587,0,QmasU8pZpyfk1aUFRpicohvbDCx1eFRWjH9p29sHpDSiZZ,false
2289,e6-lifecycle-20260706T050147.291694346Z-c4-real-task-0039,signed_postallocation,true,2,1783314113589,0,QmasU8pZpyfk1aUFRpicohvbDCx1eFRWjH9p29sHpDSiZZ,false
2290,e6-lifecycle-20260706T050147.291694346Z-c4-real-task-0039,signed_post_evalsnapshot,true,1,1783314113591,0,QmasU8pZpyfk1aUFRpicohvbDCx1eFRWjH9p29sHpDSiZZ,false
2291,e6-lifecycle-20260706T050147.291694346Z-c4-real-task-0039,signed_vote1,true,2,1783314113592,0,QmasU8pZpyfk1aUFRpicohvbDCx1eFRWjH9p29sHpDSiZZ,false
2292,e6-lifecycle-20260706T050147.291694346Z-c4-real-task-0039,signed_vote2,true,2,1783314113594,0,QmasU8pZpyfk1aUFRpicohvbDCx1eFRWjH9p29sHpDSiZZ,false
2293,e6-lifecycle-20260706T050147.291694346Z-c4-real-task-0039,signed_settlement,true,2,1783314113596,0,QmasU8pZpyfk1aUFRpicohvbDCx1eFRWjH9p29sHpDSiZZ,false
2294,e6-lifecycle-20260706T050147.291694346Z-c4-real-task-0039,signed_query_latest,true,0,1783314113598,0,QmasU8pZpyfk1aUFRpicohvbDCx1eFRWjH9p29sHpDSiZZ,false
2295,e6-lifecycle-20260706T050147.291694346Z-c4-real-task-0042,ipfs_add,true,111,1783314113497,4943,,false
2296,e6-lifecycle-20260706T050147.291694346Z-c4-real-task-0039,ipfs_verify,true,10,1783314113598,0,QmasU8pZpyfk1aUFRpicohvbDCx1eFRWjH9p29sHpDSiZZ,false
2297,e6-lifecycle-20260706T050147.291694346Z-c4-real-task-0042,signed_posttask,true,1,1783314113608,0,QmZaKHLtuvdC3131ZMjSafgzCnFunsBDrKht7U6CRuhaDJ,false
2298,e6-lifecycle-20260706T050147.291694346Z-c4-real-task-0042,signed_postallocation,true,2,1783314113609,0,QmZaKHLtuvdC3131ZMjSafgzCnFunsBDrKht7U6CRuhaDJ,false
2299,e6-lifecycle-20260706T050147.291694346Z-c4-real-task-0042,signed_post_evalsnapshot,true,2,1783314113611,0,QmZaKHLtuvdC3131ZMjSafgzCnFunsBDrKht7U6CRuhaDJ,false
2300,e6-lifecycle-20260706T050147.291694346Z-c4-real-task-0042,signed_vote1,true,1,1783314113613,0,QmZaKHLtuvdC3131ZMjSafgzCnFunsBDrKht7U6CRuhaDJ,false
2301,e6-lifecycle-20260706T050147.291694346Z-c4-real-task-0042,signed_vote2,true,3,1783314113614,0,QmZaKHLtuvdC3131ZMjSafgzCnFunsBDrKht7U6CRuhaDJ,false
2302,e6-lifecycle-20260706T050147.291694346Z-c4-real-task-0042,signed_settlement,true,1,1783314113617,0,QmZaKHLtuvdC3131ZMjSafgzCnFunsBDrKht7U6CRuhaDJ,false
2303,e6-lifecycle-20260706T050147.291694346Z-c4-real-task-0042,signed_query_latest,true,0,1783314113618,0,QmZaKHLtuvdC3131ZMjSafgzCnFunsBDrKht7U6CRuhaDJ,false
2304,e6-lifecycle-20260706T050147.291694346Z-c4-real-task-0042,ipfs_verify,true,8,1783314113618,0,QmZaKHLtuvdC3131ZMjSafgzCnFunsBDrKht7U6CRuhaDJ,false
2305,e6-lifecycle-20260706T050147.291694346Z-c4-real-task-0232,ipfs_add,true,107,1783314113527,5652,,false
2306,e6-lifecycle-20260706T050147.291694346Z-c4-real-task-0232,signed_posttask,true,1,1783314113634,0,QmSoSsUedyqXDpWjs8cPi259zwcokeishbBomFLbck3bFS,false
2307,e6-lifecycle-20260706T050147.291694346Z-c4-real-task-0232,signed_postallocation,true,2,1783314113635,0,QmSoSsUedyqXDpWjs8cPi259zwcokeishbBomFLbck3bFS,false
2308,e6-lifecycle-20260706T050147.291694346Z-c4-real-task-0232,signed_post_evalsnapshot,true,2,1783314113637,0,QmSoSsUedyqXDpWjs8cPi259zwcokeishbBomFLbck3bFS,false
2309,e6-lifecycle-20260706T050147.291694346Z-c4-real-task-0232,signed_vote1,true,1,1783314113639,0,QmSoSsUedyqXDpWjs8cPi259zwcokeishbBomFLbck3bFS,false
2310,e6-lifecycle-20260706T050147.291694346Z-c4-real-task-0232,signed_vote2,true,2,1783314113640,0,QmSoSsUedyqXDpWjs8cPi259zwcokeishbBomFLbck3bFS,false
2311,e6-lifecycle-20260706T050147.291694346Z-c4-real-task-0232,signed_settlement,true,1,1783314113642,0,QmSoSsUedyqXDpWjs8cPi259zwcokeishbBomFLbck3bFS,false
2312,e6-lifecycle-20260706T050147.291694346Z-c4-real-task-0232,signed_query_latest,true,0,1783314113643,0,QmSoSsUedyqXDpWjs8cPi259zwcokeishbBomFLbck3bFS,false
2313,e6-lifecycle-20260706T050147.291694346Z-c4-real-task-0232,ipfs_verify,true,8,1783314113643,0,QmSoSsUedyqXDpWjs8cPi259zwcokeishbBomFLbck3bFS,false
