seq,run_id,task_id,op,success,error,latency_ms,started_at_ms,bytes_sent,cid,warmup
1,b2-fabric-b1-c4-r2,b2-fabric-b1-c4-r2-warmup-0000,ipfs_add,True,,32,1783272788061,2041,,True
2,b2-fabric-b1-c4-r2,b2-fabric-b1-c4-r2-warmup-0000,fabric_post_task,True,,2519,1783272788093,2041,QmZpceyXD65orbHnVn4w3sPB8ea42LnxKYXnQkqH8QFV8f,True
3,b2-fabric-b1-c4-r2,b2-fabric-b1-c4-r2-warmup-0000,fabric_post_allocation,True,,2591,1783272790612,0,,True
4,b2-fabric-b1-c4-r2,b2-fabric-b1-c4-r2-warmup-0000,fabric_post_snapshot,True,,2554,1783272793203,0,,True
5,b2-fabric-b1-c4-r2,b2-fabric-b1-c4-r2-warmup-0000,fabric_query_confirmation,True,,417,1783272795757,0,,True
6,b2-fabric-b1-c4-r2,b2-fabric-b1-c4-r2-warmup-0000,fabric_vote_1,True,,2482,1783272796174,0,,True
7,b2-fabric-b1-c4-r2,b2-fabric-b1-c4-r2-warmup-0000,fabric_vote_2,True,,2523,1783272798656,0,,True
8,b2-fabric-b1-c4-r2,b2-fabric-b1-c4-r2-warmup-0000,fabric_settlement,True,,3504,1783272801179,0,,True
9,b2-fabric-b1-c4-r2,b2-fabric-b1-c4-r2-warmup-0000,fabric_query_final,True,,1286,1783272804683,0,,True
10,b2-fabric-b1-c4-r2,b2-fabric-b1-c4-r2-warmup-0000,ipfs_verify,True,,6,1783272805969,0,QmZpceyXD65orbHnVn4w3sPB8ea42LnxKYXnQkqH8QFV8f,True
11,b2-fabric-b1-c4-r2,b2-fabric-b1-c4-r2-task-0000,ipfs_add,True,,28,1783272805976,2041,,False
12,b2-fabric-b1-c4-r2,b2-fabric-b1-c4-r2-task-0002,ipfs_add,True,,43,1783272805978,4391,,False
13,b2-fabric-b1-c4-r2,b2-fabric-b1-c4-r2-task-0001,ipfs_add,True,,61,1783272805977,1691,,False
14,b2-fabric-b1-c4-r2,b2-fabric-b1-c4-r2-task-0003,ipfs_add,True,,75,1783272805982,2446,,False
15,b2-fabric-b1-c4-r2,b2-fabric-b1-c4-r2-task-0001,fabric_post_task,True,,2449,1783272806038,1691,QmWLjQroE5HFCEHpAAXxtDJw9HMkY6m5xMyNL3BCoktNFe,False
16,b2-fabric-b1-c4-r2,b2-fabric-b1-c4-r2-task-0002,fabric_post_task,True,,2467,1783272806021,4391,QmadZcFHB1uQSGYUnYEPgsvcDpcDhp6t3Vn4pKLzTyZW3B,False
17,b2-fabric-b1-c4-r2,b2-fabric-b1-c4-r2-task-0003,fabric_post_task,True,,2431,1783272806057,2446,QmPvR785HfFDDiGzRGUjqnESf82yCdppnLSJbnvszkNAGt,False
18,b2-fabric-b1-c4-r2,b2-fabric-b1-c4-r2-task-0000,fabric_post_task,True,,2487,1783272806004,2041,QmZpceyXD65orbHnVn4w3sPB8ea42LnxKYXnQkqH8QFV8f,False
19,b2-fabric-b1-c4-r2,b2-fabric-b1-c4-r2-task-0002,fabric_post_allocation,True,,2552,1783272808488,0,,False
20,b2-fabric-b1-c4-r2,b2-fabric-b1-c4-r2-task-0001,fabric_post_allocation,True,,2554,1783272808487,0,,False
21,b2-fabric-b1-c4-r2,b2-fabric-b1-c4-r2-task-0003,fabric_post_allocation,True,,2553,1783272808488,0,,False
22,b2-fabric-b1-c4-r2,b2-fabric-b1-c4-r2-task-0000,fabric_post_allocation,True,,2553,1783272808491,0,,False
23,b2-fabric-b1-c4-r2,b2-fabric-b1-c4-r2-task-0000,fabric_post_snapshot,True,,2508,1783272811044,0,,False
24,b2-fabric-b1-c4-r2,b2-fabric-b1-c4-r2-task-0003,fabric_post_snapshot,True,,2513,1783272811041,0,,False
25,b2-fabric-b1-c4-r2,b2-fabric-b1-c4-r2-task-0002,fabric_post_snapshot,True,,2514,1783272811040,0,,False
26,b2-fabric-b1-c4-r2,b2-fabric-b1-c4-r2-task-0001,fabric_post_snapshot,True,,2514,1783272811041,0,,False
27,b2-fabric-b1-c4-r2,b2-fabric-b1-c4-r2-task-0001,fabric_query_confirmation,True,,120,1783272813555,0,,False
28,b2-fabric-b1-c4-r2,b2-fabric-b1-c4-r2-task-0002,fabric_query_confirmation,True,,121,1783272813554,0,,False
29,b2-fabric-b1-c4-r2,b2-fabric-b1-c4-r2-task-0000,fabric_query_confirmation,True,,124,1783272813552,0,,False
30,b2-fabric-b1-c4-r2,b2-fabric-b1-c4-r2-task-0003,fabric_query_confirmation,True,,124,1783272813554,0,,False
31,b2-fabric-b1-c4-r2,b2-fabric-b1-c4-r2-task-0000,fabric_vote_1,True,,2548,1783272813676,0,,False
32,b2-fabric-b1-c4-r2,b2-fabric-b1-c4-r2-task-0002,fabric_vote_1,True,,2550,1783272813675,0,,False
33,b2-fabric-b1-c4-r2,b2-fabric-b1-c4-r2-task-0003,fabric_vote_1,True,,2547,1783272813678,0,,False
34,b2-fabric-b1-c4-r2,b2-fabric-b1-c4-r2-task-0001,fabric_vote_1,True,,2551,1783272813675,0,,False
35,b2-fabric-b1-c4-r2,b2-fabric-b1-c4-r2-task-0000,fabric_vote_2,True,,-37,1783272816224,0,,False
36,b2-fabric-b1-c4-r2,b2-fabric-b1-c4-r2-task-0002,fabric_vote_2,True,,-37,1783272816225,0,,False
37,b2-fabric-b1-c4-r2,b2-fabric-b1-c4-r2-task-0001,fabric_vote_2,True,,-38,1783272816226,0,,False
38,b2-fabric-b1-c4-r2,b2-fabric-b1-c4-r2-task-0003,fabric_vote_2,True,,-35,1783272816225,0,,False
39,b2-fabric-b1-c4-r2,b2-fabric-b1-c4-r2-task-0002,fabric_settlement,True,,2546,1783272816188,0,,False
40,b2-fabric-b1-c4-r2,b2-fabric-b1-c4-r2-task-0001,fabric_settlement,True,,2547,1783272816188,0,,False
41,b2-fabric-b1-c4-r2,b2-fabric-b1-c4-r2-task-0000,fabric_settlement,True,,2549,1783272816187,0,,False
42,b2-fabric-b1-c4-r2,b2-fabric-b1-c4-r2-task-0003,fabric_settlement,True,,2548,1783272816190,0,,False
43,b2-fabric-b1-c4-r2,b2-fabric-b1-c4-r2-task-0003,fabric_query_final,True,,560,1783272818738,0,,False
44,b2-fabric-b1-c4-r2,b2-fabric-b1-c4-r2-task-0000,fabric_query_final,True,,563,1783272818736,0,,False
45,b2-fabric-b1-c4-r2,b2-fabric-b1-c4-r2-task-0002,fabric_query_final,True,,566,1783272818734,0,,False
46,b2-fabric-b1-c4-r2,b2-fabric-b1-c4-r2-task-0001,fabric_query_final,True,,568,1783272818735,0,,False
47,b2-fabric-b1-c4-r2,b2-fabric-b1-c4-r2-task-0000,ipfs_verify,True,,7,1783272819299,0,QmZpceyXD65orbHnVn4w3sPB8ea42LnxKYXnQkqH8QFV8f,False
48,b2-fabric-b1-c4-r2,b2-fabric-b1-c4-r2-task-0002,ipfs_verify,True,,7,1783272819300,0,QmadZcFHB1uQSGYUnYEPgsvcDpcDhp6t3Vn4pKLzTyZW3B,False
49,b2-fabric-b1-c4-r2,b2-fabric-b1-c4-r2-task-0003,ipfs_verify,True,,9,1783272819298,0,QmPvR785HfFDDiGzRGUjqnESf82yCdppnLSJbnvszkNAGt,False
50,b2-fabric-b1-c4-r2,b2-fabric-b1-c4-r2-task-0001,ipfs_verify,True,,7,1783272819303,0,QmWLjQroE5HFCEHpAAXxtDJw9HMkY6m5xMyNL3BCoktNFe,False
51,b2-fabric-b1-c4-r2,b2-fabric-b1-c4-r2-task-0004,ipfs_add,True,,97,1783272819306,4001,,False
52,b2-fabric-b1-c4-r2,b2-fabric-b1-c4-r2-task-0006,ipfs_add,True,,128,1783272819307,1837,,False
53,b2-fabric-b1-c4-r2,b2-fabric-b1-c4-r2-task-0007,ipfs_add,True,,141,1783272819310,1947,,False
54,b2-fabric-b1-c4-r2,b2-fabric-b1-c4-r2-task-0005,ipfs_add,True,,145,1783272819307,1568,,False
55,b2-fabric-b1-c4-r2,b2-fabric-b1-c4-r2-task-0005,fabric_post_task,True,,2556,1783272819452,1568,QmQGqX18RcT7NsFPmbZfQoD9JQ4oRJAgNfw6hWJoUowyXr,False
56,b2-fabric-b1-c4-r2,b2-fabric-b1-c4-r2-task-0004,fabric_post_task,True,,2606,1783272819403,4001,Qmaz6UxvY2c7v7Afz5qnVeVQ353BpWF64tC6snuKvMXMMH,False
57,b2-fabric-b1-c4-r2,b2-fabric-b1-c4-r2-task-0007,fabric_post_task,True,,2558,1783272819451,1947,QmZ2mJtGsrx1z5XKWoUvbBSuSSfsFtGubMTSXMJ9cMGQnJ,False
58,b2-fabric-b1-c4-r2,b2-fabric-b1-c4-r2-task-0006,fabric_post_task,True,,2576,1783272819435,1837,QmXGbR3DqVcFxShbFVjPMj7ToNDuYqpp9jmC8SXxYHpmsi,False
59,b2-fabric-b1-c4-r2,b2-fabric-b1-c4-r2-task-0007,fabric_post_allocation,True,,2489,1783272822009,0,,False
60,b2-fabric-b1-c4-r2,b2-fabric-b1-c4-r2-task-0004,fabric_post_allocation,True,,2489,1783272822009,0,,False
61,b2-fabric-b1-c4-r2,b2-fabric-b1-c4-r2-task-0005,fabric_post_allocation,True,,2491,1783272822008,0,,False
62,b2-fabric-b1-c4-r2,b2-fabric-b1-c4-r2-task-0006,fabric_post_allocation,True,,2491,1783272822011,0,,False
63,b2-fabric-b1-c4-r2,b2-fabric-b1-c4-r2-task-0005,fabric_post_snapshot,True,,2467,1783272824499,0,,False
64,b2-fabric-b1-c4-r2,b2-fabric-b1-c4-r2-task-0006,fabric_post_snapshot,True,,2465,1783272824502,0,,False
65,b2-fabric-b1-c4-r2,b2-fabric-b1-c4-r2-task-0007,fabric_post_snapshot,True,,2470,1783272824498,0,,False
66,b2-fabric-b1-c4-r2,b2-fabric-b1-c4-r2-task-0004,fabric_post_snapshot,True,,2470,1783272824498,0,,False
67,b2-fabric-b1-c4-r2,b2-fabric-b1-c4-r2-task-0006,fabric_query_confirmation,True,,109,1783272826967,0,,False
68,b2-fabric-b1-c4-r2,b2-fabric-b1-c4-r2-task-0005,fabric_query_confirmation,True,,111,1783272826966,0,,False
69,b2-fabric-b1-c4-r2,b2-fabric-b1-c4-r2-task-0004,fabric_query_confirmation,True,,109,1783272826968,0,,False
70,b2-fabric-b1-c4-r2,b2-fabric-b1-c4-r2-task-0007,fabric_query_confirmation,True,,111,1783272826968,0,,False
71,b2-fabric-b1-c4-r2,b2-fabric-b1-c4-r2-task-0007,fabric_vote_1,True,,2254,1783272827079,0,,False
72,b2-fabric-b1-c4-r2,b2-fabric-b1-c4-r2-task-0004,fabric_vote_1,True,,2257,1783272827077,0,,False
73,b2-fabric-b1-c4-r2,b2-fabric-b1-c4-r2-task-0005,fabric_vote_1,True,,2257,1783272827077,0,,False
74,b2-fabric-b1-c4-r2,b2-fabric-b1-c4-r2-task-0006,fabric_vote_1,True,,2261,1783272827076,0,,False
75,b2-fabric-b1-c4-r2,b2-fabric-b1-c4-r2-task-0004,fabric_vote_2,True,,3472,1783272829334,0,,False
76,b2-fabric-b1-c4-r2,b2-fabric-b1-c4-r2-task-0007,fabric_vote_2,True,,3473,1783272829333,0,,False
77,b2-fabric-b1-c4-r2,b2-fabric-b1-c4-r2-task-0005,fabric_vote_2,True,,3473,1783272829334,0,,False
78,b2-fabric-b1-c4-r2,b2-fabric-b1-c4-r2-task-0006,fabric_vote_2,True,,3471,1783272829337,0,,False
79,b2-fabric-b1-c4-r2,b2-fabric-b1-c4-r2-task-0006,fabric_settlement,True,,2310,1783272832808,0,,False
80,b2-fabric-b1-c4-r2,b2-fabric-b1-c4-r2-task-0007,fabric_settlement,True,,2313,1783272832806,0,,False
81,b2-fabric-b1-c4-r2,b2-fabric-b1-c4-r2-task-0004,fabric_settlement,True,,2313,1783272832806,0,,False
82,b2-fabric-b1-c4-r2,b2-fabric-b1-c4-r2-task-0005,fabric_settlement,True,,2314,1783272832807,0,,False
83,b2-fabric-b1-c4-r2,b2-fabric-b1-c4-r2-task-0005,fabric_query_final,True,,782,1783272835121,0,,False
84,b2-fabric-b1-c4-r2,b2-fabric-b1-c4-r2-task-0007,fabric_query_final,True,,784,1783272835119,0,,False
85,b2-fabric-b1-c4-r2,b2-fabric-b1-c4-r2-task-0004,fabric_query_final,True,,784,1783272835119,0,,False
86,b2-fabric-b1-c4-r2,b2-fabric-b1-c4-r2-task-0006,fabric_query_final,True,,788,1783272835118,0,,False
87,b2-fabric-b1-c4-r2,b2-fabric-b1-c4-r2-task-0007,ipfs_verify,True,,7,1783272835903,0,QmZ2mJtGsrx1z5XKWoUvbBSuSSfsFtGubMTSXMJ9cMGQnJ,False
88,b2-fabric-b1-c4-r2,b2-fabric-b1-c4-r2-task-0004,ipfs_verify,True,,8,1783272835903,0,Qmaz6UxvY2c7v7Afz5qnVeVQ353BpWF64tC6snuKvMXMMH,False
89,b2-fabric-b1-c4-r2,b2-fabric-b1-c4-r2-task-0005,ipfs_verify,True,,9,1783272835903,0,QmQGqX18RcT7NsFPmbZfQoD9JQ4oRJAgNfw6hWJoUowyXr,False
90,b2-fabric-b1-c4-r2,b2-fabric-b1-c4-r2-task-0006,ipfs_verify,True,,8,1783272835906,0,QmXGbR3DqVcFxShbFVjPMj7ToNDuYqpp9jmC8SXxYHpmsi,False
91,b2-fabric-b1-c4-r2,b2-fabric-b1-c4-r2-task-0009,ipfs_add,True,,31,1783272835911,2473,,False
92,b2-fabric-b1-c4-r2,b2-fabric-b1-c4-r2-task-0011,ipfs_add,True,,46,1783272835914,1792,,False
93,b2-fabric-b1-c4-r2,b2-fabric-b1-c4-r2-task-0008,ipfs_add,True,,92,1783272835911,4944,,False
94,b2-fabric-b1-c4-r2,b2-fabric-b1-c4-r2-task-0010,ipfs_add,True,,91,1783272835912,1920,,False
95,b2-fabric-b1-c4-r2,b2-fabric-b1-c4-r2-task-0009,fabric_post_task,True,,2469,1783272835942,2473,QmQL4VyiyFbbfeWbQLp7Qp6cU5MBzGngHTJYLaPrdaD1Q5,False
96,b2-fabric-b1-c4-r2,b2-fabric-b1-c4-r2-task-0010,fabric_post_task,True,,2412,1783272836003,1920,QmW8orLvUAo2YwFjjwaFvXPFemWqGCNshgP2T5TSk9ed5J,False
97,b2-fabric-b1-c4-r2,b2-fabric-b1-c4-r2-task-0008,fabric_post_task,True,,2412,1783272836003,4944,Qmadej9boMA3zvMcjFpwW1dMDJCrBFKribSZiwN8Np95v4,False
98,b2-fabric-b1-c4-r2,b2-fabric-b1-c4-r2-task-0011,fabric_post_task,True,,2456,1783272835960,1792,QmRYRwmnCKh97pHrWVSsWgKT9hwEK6SXPP8N3DGcdkp1Hf,False
99,b2-fabric-b1-c4-r2,b2-fabric-b1-c4-r2-task-0011,fabric_post_allocation,True,,2287,1783272838416,0,,False
100,b2-fabric-b1-c4-r2,b2-fabric-b1-c4-r2-task-0008,fabric_post_allocation,True,,2290,1783272838415,0,,False
101,b2-fabric-b1-c4-r2,b2-fabric-b1-c4-r2-task-0009,fabric_post_allocation,True,,2294,1783272838411,0,,False
102,b2-fabric-b1-c4-r2,b2-fabric-b1-c4-r2-task-0010,fabric_post_allocation,True,,2292,1783272838415,0,,False
103,b2-fabric-b1-c4-r2,b2-fabric-b1-c4-r2-task-0008,fabric_post_snapshot,True,,2459,1783272840705,0,,False
104,b2-fabric-b1-c4-r2,b2-fabric-b1-c4-r2-task-0011,fabric_post_snapshot,True,,2461,1783272840704,0,,False
105,b2-fabric-b1-c4-r2,b2-fabric-b1-c4-r2-task-0010,fabric_post_snapshot,True,,2458,1783272840707,0,,False
106,b2-fabric-b1-c4-r2,b2-fabric-b1-c4-r2-task-0009,fabric_post_snapshot,True,,2463,1783272840705,0,,False
107,b2-fabric-b1-c4-r2,b2-fabric-b1-c4-r2-task-0011,fabric_query_confirmation,True,,319,1783272843165,0,,False
108,b2-fabric-b1-c4-r2,b2-fabric-b1-c4-r2-task-0009,fabric_query_confirmation,True,,317,1783272843168,0,,False
109,b2-fabric-b1-c4-r2,b2-fabric-b1-c4-r2-task-0010,fabric_query_confirmation,True,,320,1783272843165,0,,False
110,b2-fabric-b1-c4-r2,b2-fabric-b1-c4-r2-task-0008,fabric_query_confirmation,True,,322,1783272843164,0,,False
111,b2-fabric-b1-c4-r2,b2-fabric-b1-c4-r2-task-0011,fabric_vote_1,True,,2263,1783272843484,0,,False
112,b2-fabric-b1-c4-r2,b2-fabric-b1-c4-r2-task-0010,fabric_vote_1,True,,2262,1783272843485,0,,False
113,b2-fabric-b1-c4-r2,b2-fabric-b1-c4-r2-task-0009,fabric_vote_1,True,,2263,1783272843485,0,,False
114,b2-fabric-b1-c4-r2,b2-fabric-b1-c4-r2-task-0008,fabric_vote_1,True,,2263,1783272843486,0,,False
115,b2-fabric-b1-c4-r2,b2-fabric-b1-c4-r2-task-0010,fabric_vote_2,True,,-110,1783272845747,0,,False
116,b2-fabric-b1-c4-r2,b2-fabric-b1-c4-r2-task-0011,fabric_vote_2,True,,-110,1783272845747,0,,False
117,b2-fabric-b1-c4-r2,b2-fabric-b1-c4-r2-task-0009,fabric_vote_2,True,,-110,1783272845748,0,,False
118,b2-fabric-b1-c4-r2,b2-fabric-b1-c4-r2-task-0008,fabric_vote_2,True,,-108,1783272845749,0,,False
119,b2-fabric-b1-c4-r2,b2-fabric-b1-c4-r2-task-0009,fabric_settlement,True,,2506,1783272845638,0,,False
120,b2-fabric-b1-c4-r2,b2-fabric-b1-c4-r2-task-0011,fabric_settlement,True,,2508,1783272845637,0,,False
121,b2-fabric-b1-c4-r2,b2-fabric-b1-c4-r2-task-0008,fabric_settlement,True,,2505,1783272845641,0,,False
122,b2-fabric-b1-c4-r2,b2-fabric-b1-c4-r2-task-0010,fabric_settlement,True,,2511,1783272845637,0,,False
123,b2-fabric-b1-c4-r2,b2-fabric-b1-c4-r2-task-0010,fabric_query_final,True,,741,1783272848148,0,,False
124,b2-fabric-b1-c4-r2,b2-fabric-b1-c4-r2-task-0008,fabric_query_final,True,,746,1783272848146,0,,False
125,b2-fabric-b1-c4-r2,b2-fabric-b1-c4-r2-task-0009,fabric_query_final,True,,748,1783272848144,0,,False
126,b2-fabric-b1-c4-r2,b2-fabric-b1-c4-r2-task-0011,fabric_query_final,True,,751,1783272848145,0,,False
127,b2-fabric-b1-c4-r2,b2-fabric-b1-c4-r2-task-0010,ipfs_verify,True,,9,1783272848889,0,QmW8orLvUAo2YwFjjwaFvXPFemWqGCNshgP2T5TSk9ed5J,False
128,b2-fabric-b1-c4-r2,b2-fabric-b1-c4-r2-task-0009,ipfs_verify,True,,8,1783272848892,0,QmQL4VyiyFbbfeWbQLp7Qp6cU5MBzGngHTJYLaPrdaD1Q5,False
129,b2-fabric-b1-c4-r2,b2-fabric-b1-c4-r2-task-0008,ipfs_verify,True,,9,1783272848892,0,Qmadej9boMA3zvMcjFpwW1dMDJCrBFKribSZiwN8Np95v4,False
130,b2-fabric-b1-c4-r2,b2-fabric-b1-c4-r2-task-0011,ipfs_verify,True,,8,1783272848896,0,QmRYRwmnCKh97pHrWVSsWgKT9hwEK6SXPP8N3DGcdkp1Hf,False
131,b2-fabric-b1-c4-r2,b2-fabric-b1-c4-r2-task-0012,ipfs_add,True,,28,1783272848898,2481,,False
132,b2-fabric-b1-c4-r2,b2-fabric-b1-c4-r2-task-0013,ipfs_add,True,,42,1783272848900,1794,,False
133,b2-fabric-b1-c4-r2,b2-fabric-b1-c4-r2-task-0014,ipfs_add,True,,66,1783272848902,2050,,False
134,b2-fabric-b1-c4-r2,b2-fabric-b1-c4-r2-task-0015,ipfs_add,True,,81,1783272848904,3558,,False
135,b2-fabric-b1-c4-r2,b2-fabric-b1-c4-r2-task-0013,fabric_post_task,True,,2466,1783272848942,1794,QmZ836RGQ6upMRwgQ3XnYgMNByct8U1cPTyzW3j4N7nzJk,False
136,b2-fabric-b1-c4-r2,b2-fabric-b1-c4-r2-task-0012,fabric_post_task,True,,2483,1783272848926,2481,QmbLZmrnw2YxkgQegnEMgsfhkBbcndvvPFprkSdibX7c49,False
137,b2-fabric-b1-c4-r2,b2-fabric-b1-c4-r2-task-0014,fabric_post_task,True,,2442,1783272848968,2050,QmdA4H658GbdXFpaibWrSNhL4kRmi3VbbpP3Y5MfYbX6k2,False
138,b2-fabric-b1-c4-r2,b2-fabric-b1-c4-r2-task-0015,fabric_post_task,True,,2425,1783272848985,3558,QmX9kmCUGB3VHpYs1Jhps4JrTzKker7mYqwzfhduHDQrrA,False
139,b2-fabric-b1-c4-r2,b2-fabric-b1-c4-r2-task-0012,fabric_post_allocation,True,,2297,1783272851409,0,,False
140,b2-fabric-b1-c4-r2,b2-fabric-b1-c4-r2-task-0015,fabric_post_allocation,True,,2296,1783272851410,0,,False
141,b2-fabric-b1-c4-r2,b2-fabric-b1-c4-r2-task-0014,fabric_post_allocation,True,,2297,1783272851410,0,,False
142,b2-fabric-b1-c4-r2,b2-fabric-b1-c4-r2-task-0013,fabric_post_allocation,True,,2300,1783272851408,0,,False
143,b2-fabric-b1-c4-r2,b2-fabric-b1-c4-r2-task-0015,fabric_post_snapshot,True,,2255,1783272853706,0,,False
144,b2-fabric-b1-c4-r2,b2-fabric-b1-c4-r2-task-0013,fabric_post_snapshot,True,,2254,1783272853708,0,,False
145,b2-fabric-b1-c4-r2,b2-fabric-b1-c4-r2-task-0014,fabric_post_snapshot,True,,2256,1783272853707,0,,False
146,b2-fabric-b1-c4-r2,b2-fabric-b1-c4-r2-task-0012,fabric_post_snapshot,True,,2258,1783272853706,0,,False
147,b2-fabric-b1-c4-r2,b2-fabric-b1-c4-r2-task-0013,fabric_query_confirmation,True,,323,1783272855962,0,,False
148,b2-fabric-b1-c4-r2,b2-fabric-b1-c4-r2-task-0012,fabric_query_confirmation,True,,322,1783272855964,0,,False
149,b2-fabric-b1-c4-r2,b2-fabric-b1-c4-r2-task-0015,fabric_query_confirmation,True,,326,1783272855961,0,,False
150,b2-fabric-b1-c4-r2,b2-fabric-b1-c4-r2-task-0014,fabric_query_confirmation,True,,325,1783272855963,0,,False
151,b2-fabric-b1-c4-r2,b2-fabric-b1-c4-r2-task-0015,fabric_vote_1,True,,3366,1783272856287,0,,False
152,b2-fabric-b1-c4-r2,b2-fabric-b1-c4-r2-task-0014,fabric_vote_1,True,,3366,1783272856288,0,,False
153,b2-fabric-b1-c4-r2,b2-fabric-b1-c4-r2-task-0013,fabric_vote_1,True,,3370,1783272856285,0,,False
154,b2-fabric-b1-c4-r2,b2-fabric-b1-c4-r2-task-0012,fabric_vote_1,True,,3372,1783272856286,0,,False
155,b2-fabric-b1-c4-r2,b2-fabric-b1-c4-r2-task-0012,fabric_vote_2,True,,2471,1783272859658,0,,False
156,b2-fabric-b1-c4-r2,b2-fabric-b1-c4-r2-task-0014,fabric_vote_2,True,,2477,1783272859654,0,,False
157,b2-fabric-b1-c4-r2,b2-fabric-b1-c4-r2-task-0015,fabric_vote_2,True,,2479,1783272859653,0,,False
158,b2-fabric-b1-c4-r2,b2-fabric-b1-c4-r2-task-0013,fabric_vote_2,True,,2478,1783272859655,0,,False
159,b2-fabric-b1-c4-r2,b2-fabric-b1-c4-r2-task-0013,fabric_settlement,True,,2300,1783272862133,0,,False
160,b2-fabric-b1-c4-r2,b2-fabric-b1-c4-r2-task-0012,fabric_settlement,True,,2304,1783272862130,0,,False
161,b2-fabric-b1-c4-r2,b2-fabric-b1-c4-r2-task-0014,fabric_settlement,True,,2304,1783272862131,0,,False
162,b2-fabric-b1-c4-r2,b2-fabric-b1-c4-r2-task-0015,fabric_settlement,True,,2305,1783272862132,0,,False
163,b2-fabric-b1-c4-r2,b2-fabric-b1-c4-r2-task-0014,fabric_query_final,True,,533,1783272864435,0,,False
164,b2-fabric-b1-c4-r2,b2-fabric-b1-c4-r2-task-0015,fabric_query_final,True,,531,1783272864437,0,,False
165,b2-fabric-b1-c4-r2,b2-fabric-b1-c4-r2-task-0012,fabric_query_final,True,,535,1783272864434,0,,False
166,b2-fabric-b1-c4-r2,b2-fabric-b1-c4-r2-task-0013,fabric_query_final,True,,539,1783272864433,0,,False
167,b2-fabric-b1-c4-r2,b2-fabric-b1-c4-r2-task-0012,ipfs_verify,True,,7,1783272864969,0,QmbLZmrnw2YxkgQegnEMgsfhkBbcndvvPFprkSdibX7c49,False
168,b2-fabric-b1-c4-r2,b2-fabric-b1-c4-r2-task-0015,ipfs_verify,True,,9,1783272864968,0,QmX9kmCUGB3VHpYs1Jhps4JrTzKker7mYqwzfhduHDQrrA,False
169,b2-fabric-b1-c4-r2,b2-fabric-b1-c4-r2-task-0014,ipfs_verify,True,,9,1783272864968,0,QmdA4H658GbdXFpaibWrSNhL4kRmi3VbbpP3Y5MfYbX6k2,False
170,b2-fabric-b1-c4-r2,b2-fabric-b1-c4-r2-task-0013,ipfs_verify,True,,7,1783272864972,0,QmZ836RGQ6upMRwgQ3XnYgMNByct8U1cPTyzW3j4N7nzJk,False
171,b2-fabric-b1-c4-r2,b2-fabric-b1-c4-r2-task-0018,ipfs_add,True,,25,1783272864978,1628,,False
172,b2-fabric-b1-c4-r2,b2-fabric-b1-c4-r2-task-0016,ipfs_add,True,,44,1783272864976,1806,,False
173,b2-fabric-b1-c4-r2,b2-fabric-b1-c4-r2-task-0017,ipfs_add,True,,59,1783272864977,1714,,False
174,b2-fabric-b1-c4-r2,b2-fabric-b1-c4-r2-task-0019,ipfs_add,True,,74,1783272864979,1779,,False
175,b2-fabric-b1-c4-r2,b2-fabric-b1-c4-r2-task-0019,fabric_post_task,True,,2490,1783272865053,1779,QmSciV8g79eMrjXm8f2BtxoJrkCttCpUNrWTNbQtrPN26s,False
176,b2-fabric-b1-c4-r2,b2-fabric-b1-c4-r2-task-0018,fabric_post_task,True,,2543,1783272865003,1628,QmXxhuw4zLhaZUxTgm3nVAPdVDi7RC4E8cy48iMSw5X5cc,False
177,b2-fabric-b1-c4-r2,b2-fabric-b1-c4-r2-task-0017,fabric_post_task,True,,2511,1783272865036,1714,QmWKrJKRZfeQnkT8t5aowLXrHM3GpoZqpDn7cXYRceXJsh,False
178,b2-fabric-b1-c4-r2,b2-fabric-b1-c4-r2-task-0016,fabric_post_task,True,,2528,1783272865020,1806,QmRXEbbwSGrTFGj6rGcuUsRHhWgzm9E9di73MsPSjQyDqY,False
179,b2-fabric-b1-c4-r2,b2-fabric-b1-c4-r2-task-0017,fabric_post_allocation,True,,2297,1783272867547,0,,False
180,b2-fabric-b1-c4-r2,b2-fabric-b1-c4-r2-task-0016,fabric_post_allocation,True,,2297,1783272867548,0,,False
181,b2-fabric-b1-c4-r2,b2-fabric-b1-c4-r2-task-0018,fabric_post_allocation,True,,2299,1783272867547,0,,False
182,b2-fabric-b1-c4-r2,b2-fabric-b1-c4-r2-task-0019,fabric_post_allocation,True,,2304,1783272867543,0,,False
183,b2-fabric-b1-c4-r2,b2-fabric-b1-c4-r2-task-0019,fabric_post_snapshot,True,,2258,1783272869847,0,,False
184,b2-fabric-b1-c4-r2,b2-fabric-b1-c4-r2-task-0017,fabric_post_snapshot,True,,2261,1783272869844,0,,False
185,b2-fabric-b1-c4-r2,b2-fabric-b1-c4-r2-task-0016,fabric_post_snapshot,True,,2261,1783272869845,0,,False
186,b2-fabric-b1-c4-r2,b2-fabric-b1-c4-r2-task-0018,fabric_post_snapshot,True,,2265,1783272869846,0,,False
187,b2-fabric-b1-c4-r2,b2-fabric-b1-c4-r2-task-0018,fabric_query_confirmation,True,,121,1783272872111,0,,False
188,b2-fabric-b1-c4-r2,b2-fabric-b1-c4-r2-task-0016,fabric_query_confirmation,True,,127,1783272872106,0,,False
189,b2-fabric-b1-c4-r2,b2-fabric-b1-c4-r2-task-0017,fabric_query_confirmation,True,,129,1783272872105,0,,False
190,b2-fabric-b1-c4-r2,b2-fabric-b1-c4-r2-task-0019,fabric_query_confirmation,True,,131,1783272872105,0,,False
191,b2-fabric-b1-c4-r2,b2-fabric-b1-c4-r2-task-0019,fabric_vote_1,True,,2536,1783272872236,0,,False
192,b2-fabric-b1-c4-r2,b2-fabric-b1-c4-r2-task-0017,fabric_vote_1,True,,2538,1783272872234,0,,False
193,b2-fabric-b1-c4-r2,b2-fabric-b1-c4-r2-task-0016,fabric_vote_1,True,,2540,1783272872233,0,,False
194,b2-fabric-b1-c4-r2,b2-fabric-b1-c4-r2-task-0018,fabric_vote_1,True,,2543,1783272872232,0,,False
195,b2-fabric-b1-c4-r2,b2-fabric-b1-c4-r2-task-0016,fabric_vote_2,True,,292,1783272874773,0,,False
196,b2-fabric-b1-c4-r2,b2-fabric-b1-c4-r2-task-0017,fabric_vote_2,True,,294,1783272874772,0,,False
197,b2-fabric-b1-c4-r2,b2-fabric-b1-c4-r2-task-0018,fabric_vote_2,True,,292,1783272874775,0,,False
198,b2-fabric-b1-c4-r2,b2-fabric-b1-c4-r2-task-0019,fabric_vote_2,True,,296,1783272874772,0,,False
199,b2-fabric-b1-c4-r2,b2-fabric-b1-c4-r2-task-0016,fabric_settlement,True,,2307,1783272875065,0,,False
200,b2-fabric-b1-c4-r2,b2-fabric-b1-c4-r2-task-0018,fabric_settlement,True,,2306,1783272875067,0,,False
201,b2-fabric-b1-c4-r2,b2-fabric-b1-c4-r2-task-0017,fabric_settlement,True,,2307,1783272875066,0,,False
202,b2-fabric-b1-c4-r2,b2-fabric-b1-c4-r2-task-0019,fabric_settlement,True,,2308,1783272875068,0,,False
203,b2-fabric-b1-c4-r2,b2-fabric-b1-c4-r2-task-0016,fabric_query_final,True,,678,1783272877372,0,,False
204,b2-fabric-b1-c4-r2,b2-fabric-b1-c4-r2-task-0018,fabric_query_final,True,,679,1783272877373,0,,False
205,b2-fabric-b1-c4-r2,b2-fabric-b1-c4-r2-task-0019,fabric_query_final,True,,678,1783272877376,0,,False
206,b2-fabric-b1-c4-r2,b2-fabric-b1-c4-r2-task-0018,ipfs_verify,True,,9,1783272878052,0,QmXxhuw4zLhaZUxTgm3nVAPdVDi7RC4E8cy48iMSw5X5cc,False
207,b2-fabric-b1-c4-r2,b2-fabric-b1-c4-r2-task-0016,ipfs_verify,True,,11,1783272878050,0,QmRXEbbwSGrTFGj6rGcuUsRHhWgzm9E9di73MsPSjQyDqY,False
208,b2-fabric-b1-c4-r2,b2-fabric-b1-c4-r2-task-0019,ipfs_verify,True,,10,1783272878054,0,QmSciV8g79eMrjXm8f2BtxoJrkCttCpUNrWTNbQtrPN26s,False
209,b2-fabric-b1-c4-r2,b2-fabric-b1-c4-r2-task-0020,ipfs_add,True,,36,1783272878061,1555,,False
210,b2-fabric-b1-c4-r2,b2-fabric-b1-c4-r2-task-0017,fabric_query_final,True,,727,1783272877373,0,,False
211,b2-fabric-b1-c4-r2,b2-fabric-b1-c4-r2-task-0017,ipfs_verify,True,,11,1783272878100,0,QmWKrJKRZfeQnkT8t5aowLXrHM3GpoZqpDn7cXYRceXJsh,False
212,b2-fabric-b1-c4-r2,b2-fabric-b1-c4-r2-task-0021,ipfs_add,True,,56,1783272878061,2376,,False
213,b2-fabric-b1-c4-r2,b2-fabric-b1-c4-r2-task-0022,ipfs_add,True,,75,1783272878064,2068,,False
214,b2-fabric-b1-c4-r2,b2-fabric-b1-c4-r2-task-0023,ipfs_add,True,,48,1783272878111,1700,,False
215,b2-fabric-b1-c4-r2,b2-fabric-b1-c4-r2-task-0022,fabric_post_task,True,,2527,1783272878139,2068,QmNqxnqMtb8sfjsbs8nXG3svpSGcf4Pq1qS9nykNsjeEqq,False
216,b2-fabric-b1-c4-r2,b2-fabric-b1-c4-r2-task-0023,fabric_post_task,True,,2509,1783272878160,1700,QmSNTzME5ExH9MXjsfAXcGbriDzvpgibF4VxHLZTbZtpFe,False
217,b2-fabric-b1-c4-r2,b2-fabric-b1-c4-r2-task-0020,fabric_post_task,True,,2573,1783272878097,1555,QmVVEEsRWTrpHyCUMfWzaezUv7i29R95rTPN8N3iBYMKsY,False
218,b2-fabric-b1-c4-r2,b2-fabric-b1-c4-r2-task-0021,fabric_post_task,True,,2554,1783272878117,2376,QmcMDgZ1hZ3GkUEYEYALditW6azhFYA2tjToNN57pgr9Md,False
219,b2-fabric-b1-c4-r2,b2-fabric-b1-c4-r2-task-0020,fabric_post_allocation,True,,2502,1783272880670,0,,False
220,b2-fabric-b1-c4-r2,b2-fabric-b1-c4-r2-task-0022,fabric_post_allocation,True,,2507,1783272880666,0,,False
221,b2-fabric-b1-c4-r2,b2-fabric-b1-c4-r2-task-0021,fabric_post_allocation,True,,2502,1783272880671,0,,False
222,b2-fabric-b1-c4-r2,b2-fabric-b1-c4-r2-task-0023,fabric_post_allocation,True,,2506,1783272880669,0,,False
223,b2-fabric-b1-c4-r2,b2-fabric-b1-c4-r2-task-0021,fabric_post_snapshot,True,,2266,1783272883173,0,,False
224,b2-fabric-b1-c4-r2,b2-fabric-b1-c4-r2-task-0020,fabric_post_snapshot,True,,2269,1783272883172,0,,False
225,b2-fabric-b1-c4-r2,b2-fabric-b1-c4-r2-task-0023,fabric_post_snapshot,True,,2266,1783272883175,0,,False
226,b2-fabric-b1-c4-r2,b2-fabric-b1-c4-r2-task-0022,fabric_post_snapshot,True,,2270,1783272883173,0,,False
227,b2-fabric-b1-c4-r2,b2-fabric-b1-c4-r2-task-0022,fabric_query_confirmation,True,,117,1783272885443,0,,False
228,b2-fabric-b1-c4-r2,b2-fabric-b1-c4-r2-task-0021,fabric_query_confirmation,True,,122,1783272885439,0,,False
229,b2-fabric-b1-c4-r2,b2-fabric-b1-c4-r2-task-0020,fabric_query_confirmation,True,,120,1783272885441,0,,False
230,b2-fabric-b1-c4-r2,b2-fabric-b1-c4-r2-task-0023,fabric_query_confirmation,True,,121,1783272885441,0,,False
231,b2-fabric-b1-c4-r2,b2-fabric-b1-c4-r2-task-0020,fabric_vote_1,True,,3289,1783272885561,0,,False
232,b2-fabric-b1-c4-r2,b2-fabric-b1-c4-r2-task-0022,fabric_vote_1,True,,3291,1783272885560,0,,False
233,b2-fabric-b1-c4-r2,b2-fabric-b1-c4-r2-task-0021,fabric_vote_1,True,,3290,1783272885561,0,,False
234,b2-fabric-b1-c4-r2,b2-fabric-b1-c4-r2-task-0023,fabric_vote_1,True,,3290,1783272885562,0,,False
235,b2-fabric-b1-c4-r2,b2-fabric-b1-c4-r2-task-0021,fabric_vote_2,True,,2265,1783272888851,0,,False
236,b2-fabric-b1-c4-r2,b2-fabric-b1-c4-r2-task-0022,fabric_vote_2,True,,2266,1783272888851,0,,False
237,b2-fabric-b1-c4-r2,b2-fabric-b1-c4-r2-task-0020,fabric_vote_2,True,,2268,1783272888850,0,,False
238,b2-fabric-b1-c4-r2,b2-fabric-b1-c4-r2-task-0023,fabric_vote_2,True,,2269,1783272888852,0,,False
239,b2-fabric-b1-c4-r2,b2-fabric-b1-c4-r2-task-0022,fabric_settlement,True,,2595,1783272891117,0,,False
240,b2-fabric-b1-c4-r2,b2-fabric-b1-c4-r2-task-0020,fabric_settlement,True,,2595,1783272891118,0,,False
241,b2-fabric-b1-c4-r2,b2-fabric-b1-c4-r2-task-0023,fabric_settlement,True,,2592,1783272891121,0,,False
242,b2-fabric-b1-c4-r2,b2-fabric-b1-c4-r2-task-0021,fabric_settlement,True,,2599,1783272891116,0,,False
243,b2-fabric-b1-c4-r2,b2-fabric-b1-c4-r2-task-0021,fabric_query_final,True,,816,1783272893715,0,,False
244,b2-fabric-b1-c4-r2,b2-fabric-b1-c4-r2-task-0023,fabric_query_final,True,,819,1783272893713,0,,False
245,b2-fabric-b1-c4-r2,b2-fabric-b1-c4-r2-task-0020,fabric_query_final,True,,819,1783272893713,0,,False
246,b2-fabric-b1-c4-r2,b2-fabric-b1-c4-r2-task-0022,fabric_query_final,True,,824,1783272893712,0,,False
247,b2-fabric-b1-c4-r2,b2-fabric-b1-c4-r2-task-0020,ipfs_verify,True,,7,1783272894532,0,QmVVEEsRWTrpHyCUMfWzaezUv7i29R95rTPN8N3iBYMKsY,False
248,b2-fabric-b1-c4-r2,b2-fabric-b1-c4-r2-task-0021,ipfs_verify,True,,9,1783272894531,0,QmcMDgZ1hZ3GkUEYEYALditW6azhFYA2tjToNN57pgr9Md,False
249,b2-fabric-b1-c4-r2,b2-fabric-b1-c4-r2-task-0023,ipfs_verify,True,,8,1783272894532,0,QmSNTzME5ExH9MXjsfAXcGbriDzvpgibF4VxHLZTbZtpFe,False
250,b2-fabric-b1-c4-r2,b2-fabric-b1-c4-r2-task-0022,ipfs_verify,True,,7,1783272894536,0,QmNqxnqMtb8sfjsbs8nXG3svpSGcf4Pq1qS9nykNsjeEqq,False
251,b2-fabric-b1-c4-r2,b2-fabric-b1-c4-r2-task-0025,ipfs_add,True,,32,1783272894540,1470,,False
252,b2-fabric-b1-c4-r2,b2-fabric-b1-c4-r2-task-0026,ipfs_add,True,,50,1783272894540,2285,,False
253,b2-fabric-b1-c4-r2,b2-fabric-b1-c4-r2-task-0024,ipfs_add,True,,71,1783272894539,1380,,False
254,b2-fabric-b1-c4-r2,b2-fabric-b1-c4-r2-task-0027,ipfs_add,True,,84,1783272894543,1942,,False
255,b2-fabric-b1-c4-r2,b2-fabric-b1-c4-r2-task-0025,fabric_post_task,True,,2531,1783272894572,1470,QmfV4xn5gz8tktJ19swpdMmXMvtkpfJY5tXJWbBSUFSHFi,False
256,b2-fabric-b1-c4-r2,b2-fabric-b1-c4-r2-task-0026,fabric_post_task,True,,2515,1783272894590,2285,QmPA4QSCZorDwximTUj45HQYaqqLrUR1uWw8YCaw56AYrQ,False
257,b2-fabric-b1-c4-r2,b2-fabric-b1-c4-r2-task-0024,fabric_post_task,True,,2495,1783272894610,1380,QmVMeHnQxmGXaDj74SJcQxSejhibib6Ve54PwgWQGkenB7,False
258,b2-fabric-b1-c4-r2,b2-fabric-b1-c4-r2-task-0027,fabric_post_task,True,,2478,1783272894627,1942,QmNy38ZnCY29gNwh56gk2CQJXsETwyHTceFnkSP4vC85KR,False
259,b2-fabric-b1-c4-r2,b2-fabric-b1-c4-r2-task-0024,fabric_post_allocation,True,,2297,1783272897105,0,,False
260,b2-fabric-b1-c4-r2,b2-fabric-b1-c4-r2-task-0025,fabric_post_allocation,True,,2299,1783272897103,0,,False
261,b2-fabric-b1-c4-r2,b2-fabric-b1-c4-r2-task-0027,fabric_post_allocation,True,,2298,1783272897105,0,,False
262,b2-fabric-b1-c4-r2,b2-fabric-b1-c4-r2-task-0026,fabric_post_allocation,True,,2301,1783272897105,0,,False
263,b2-fabric-b1-c4-r2,b2-fabric-b1-c4-r2-task-0027,fabric_post_snapshot,True,,2487,1783272899403,0,,False
264,b2-fabric-b1-c4-r2,b2-fabric-b1-c4-r2-task-0024,fabric_post_snapshot,True,,2489,1783272899402,0,,False
265,b2-fabric-b1-c4-r2,b2-fabric-b1-c4-r2-task-0026,fabric_post_snapshot,True,,2486,1783272899406,0,,False
266,b2-fabric-b1-c4-r2,b2-fabric-b1-c4-r2-task-0025,fabric_post_snapshot,True,,2492,1783272899402,0,,False
267,b2-fabric-b1-c4-r2,b2-fabric-b1-c4-r2-task-0026,fabric_query_confirmation,True,,196,1783272901892,0,,False
268,b2-fabric-b1-c4-r2,b2-fabric-b1-c4-r2-task-0027,fabric_query_confirmation,True,,199,1783272901890,0,,False
269,b2-fabric-b1-c4-r2,b2-fabric-b1-c4-r2-task-0025,fabric_query_confirmation,True,,196,1783272901894,0,,False
270,b2-fabric-b1-c4-r2,b2-fabric-b1-c4-r2-task-0024,fabric_query_confirmation,True,,201,1783272901891,0,,False
271,b2-fabric-b1-c4-r2,b2-fabric-b1-c4-r2-task-0025,fabric_vote_1,True,,0,1783272902090,0,,False
272,b2-fabric-b1-c4-r2,b2-fabric-b1-c4-r2-task-0027,fabric_vote_1,True,,1,1783272902089,0,,False
273,b2-fabric-b1-c4-r2,b2-fabric-b1-c4-r2-task-0026,fabric_vote_1,True,,3,1783272902088,0,,False
274,b2-fabric-b1-c4-r2,b2-fabric-b1-c4-r2-task-0024,fabric_vote_1,True,,-1,1783272902092,0,,False
275,b2-fabric-b1-c4-r2,b2-fabric-b1-c4-r2-task-0026,fabric_vote_2,True,,2277,1783272902091,0,,False
276,b2-fabric-b1-c4-r2,b2-fabric-b1-c4-r2-task-0027,fabric_vote_2,True,,2279,1783272902090,0,,False
277,b2-fabric-b1-c4-r2,b2-fabric-b1-c4-r2-task-0024,fabric_vote_2,True,,2279,1783272902091,0,,False
278,b2-fabric-b1-c4-r2,b2-fabric-b1-c4-r2-task-0025,fabric_vote_2,True,,2282,1783272902090,0,,False
279,b2-fabric-b1-c4-r2,b2-fabric-b1-c4-r2-task-0024,fabric_settlement,True,,2533,1783272904370,0,,False
280,b2-fabric-b1-c4-r2,b2-fabric-b1-c4-r2-task-0025,fabric_settlement,True,,2534,1783272904372,0,,False
281,b2-fabric-b1-c4-r2,b2-fabric-b1-c4-r2-task-0026,fabric_settlement,True,,2538,1783272904368,0,,False
282,b2-fabric-b1-c4-r2,b2-fabric-b1-c4-r2-task-0027,fabric_settlement,True,,2538,1783272904369,0,,False
283,b2-fabric-b1-c4-r2,b2-fabric-b1-c4-r2-task-0027,fabric_query_final,True,,768,1783272906907,0,,False
284,b2-fabric-b1-c4-r2,b2-fabric-b1-c4-r2-task-0025,fabric_query_final,True,,770,1783272906906,0,,False
285,b2-fabric-b1-c4-r2,b2-fabric-b1-c4-r2-task-0024,fabric_query_final,True,,774,1783272906903,0,,False
286,b2-fabric-b1-c4-r2,b2-fabric-b1-c4-r2-task-0026,fabric_query_final,True,,774,1783272906906,0,,False
287,b2-fabric-b1-c4-r2,b2-fabric-b1-c4-r2-task-0025,ipfs_verify,True,,7,1783272907676,0,QmfV4xn5gz8tktJ19swpdMmXMvtkpfJY5tXJWbBSUFSHFi,False
288,b2-fabric-b1-c4-r2,b2-fabric-b1-c4-r2-task-0024,ipfs_verify,True,,6,1783272907677,0,QmVMeHnQxmGXaDj74SJcQxSejhibib6Ve54PwgWQGkenB7,False
289,b2-fabric-b1-c4-r2,b2-fabric-b1-c4-r2-task-0027,ipfs_verify,True,,9,1783272907675,0,QmNy38ZnCY29gNwh56gk2CQJXsETwyHTceFnkSP4vC85KR,False
290,b2-fabric-b1-c4-r2,b2-fabric-b1-c4-r2-task-0026,ipfs_verify,True,,6,1783272907680,0,QmPA4QSCZorDwximTUj45HQYaqqLrUR1uWw8YCaw56AYrQ,False
291,b2-fabric-b1-c4-r2,b2-fabric-b1-c4-r2-task-0028,ipfs_add,True,,31,1783272907683,2235,,False
292,b2-fabric-b1-c4-r2,b2-fabric-b1-c4-r2-task-0030,ipfs_add,True,,47,1783272907684,4609,,False
293,b2-fabric-b1-c4-r2,b2-fabric-b1-c4-r2-task-0029,ipfs_add,True,,65,1783272907683,1996,,False
294,b2-fabric-b1-c4-r2,b2-fabric-b1-c4-r2-task-0031,ipfs_add,True,,79,1783272907686,2037,,False
295,b2-fabric-b1-c4-r2,b2-fabric-b1-c4-r2-task-0031,fabric_post_task,True,,2445,1783272907765,2037,QmcMwXc4Z8ftz7kr4SLihnEKFezGYhMs51A9cNDVd2ZUGa,False
296,b2-fabric-b1-c4-r2,b2-fabric-b1-c4-r2-task-0030,fabric_post_task,True,,2481,1783272907731,4609,QmXUNpwtX2A1bcF51kySLa1p7B6HvhMNsMQoiVdNUoJig7,False
297,b2-fabric-b1-c4-r2,b2-fabric-b1-c4-r2-task-0029,fabric_post_task,True,,2464,1783272907748,1996,QmacXcTiVxv9uHJiorLkYH2xDDraJTZ3uq6FBG4Ctr6VoC,False
298,b2-fabric-b1-c4-r2,b2-fabric-b1-c4-r2-task-0028,fabric_post_task,True,,2500,1783272907714,2235,QmPDqC4FvPihq4H2RHnNdvzHBK2kp3vUV7gp3cD2AmeuSG,False
299,b2-fabric-b1-c4-r2,b2-fabric-b1-c4-r2-task-0031,fabric_post_allocation,True,,2305,1783272910210,0,,False
300,b2-fabric-b1-c4-r2,b2-fabric-b1-c4-r2-task-0029,fabric_post_allocation,True,,2303,1783272910212,0,,False
301,b2-fabric-b1-c4-r2,b2-fabric-b1-c4-r2-task-0030,fabric_post_allocation,True,,2305,1783272910212,0,,False
302,b2-fabric-b1-c4-r2,b2-fabric-b1-c4-r2-task-0028,fabric_post_allocation,True,,2303,1783272910214,0,,False
303,b2-fabric-b1-c4-r2,b2-fabric-b1-c4-r2-task-0029,fabric_post_snapshot,True,,2274,1783272912516,0,,False
304,b2-fabric-b1-c4-r2,b2-fabric-b1-c4-r2-task-0031,fabric_post_snapshot,True,,2276,1783272912515,0,,False
305,b2-fabric-b1-c4-r2,b2-fabric-b1-c4-r2-task-0030,fabric_post_snapshot,True,,2275,1783272912517,0,,False
306,b2-fabric-b1-c4-r2,b2-fabric-b1-c4-r2-task-0028,fabric_post_snapshot,True,,2277,1783272912517,0,,False
307,b2-fabric-b1-c4-r2,b2-fabric-b1-c4-r2-task-0029,fabric_query_confirmation,True,,351,1783272914790,0,,False
308,b2-fabric-b1-c4-r2,b2-fabric-b1-c4-r2-task-0028,fabric_query_confirmation,True,,347,1783272914794,0,,False
309,b2-fabric-b1-c4-r2,b2-fabric-b1-c4-r2-task-0030,fabric_query_confirmation,True,,351,1783272914792,0,,False
310,b2-fabric-b1-c4-r2,b2-fabric-b1-c4-r2-task-0031,fabric_query_confirmation,True,,354,1783272914791,0,,False
311,b2-fabric-b1-c4-r2,b2-fabric-b1-c4-r2-task-0030,fabric_vote_1,True,,3454,1783272915143,0,,False
312,b2-fabric-b1-c4-r2,b2-fabric-b1-c4-r2-task-0029,fabric_vote_1,True,,3457,1783272915141,0,,False
313,b2-fabric-b1-c4-r2,b2-fabric-b1-c4-r2-task-0028,fabric_vote_1,True,,3458,1783272915141,0,,False
314,b2-fabric-b1-c4-r2,b2-fabric-b1-c4-r2-task-0031,fabric_vote_1,True,,3455,1783272915145,0,,False
315,b2-fabric-b1-c4-r2,b2-fabric-b1-c4-r2-task-0028,fabric_vote_2,True,,2278,1783272918599,0,,False
316,b2-fabric-b1-c4-r2,b2-fabric-b1-c4-r2-task-0029,fabric_vote_2,True,,2280,1783272918598,0,,False
317,b2-fabric-b1-c4-r2,b2-fabric-b1-c4-r2-task-0031,fabric_vote_2,True,,2279,1783272918600,0,,False
318,b2-fabric-b1-c4-r2,b2-fabric-b1-c4-r2-task-0030,fabric_vote_2,True,,2284,1783272918597,0,,False
319,b2-fabric-b1-c4-r2,b2-fabric-b1-c4-r2-task-0028,fabric_settlement,True,,2604,1783272920877,0,,False
320,b2-fabric-b1-c4-r2,b2-fabric-b1-c4-r2-task-0030,fabric_settlement,True,,2601,1783272920881,0,,False
321,b2-fabric-b1-c4-r2,b2-fabric-b1-c4-r2-task-0031,fabric_settlement,True,,2604,1783272920879,0,,False
322,b2-fabric-b1-c4-r2,b2-fabric-b1-c4-r2-task-0029,fabric_settlement,True,,2607,1783272920878,0,,False
323,b2-fabric-b1-c4-r2,b2-fabric-b1-c4-r2-task-0031,fabric_query_final,True,,792,1783272923483,0,,False
324,b2-fabric-b1-c4-r2,b2-fabric-b1-c4-r2-task-0030,fabric_query_final,True,,794,1783272923483,0,,False
325,b2-fabric-b1-c4-r2,b2-fabric-b1-c4-r2-task-0028,fabric_query_final,True,,797,1783272923481,0,,False
326,b2-fabric-b1-c4-r2,b2-fabric-b1-c4-r2-task-0029,fabric_query_final,True,,798,1783272923485,0,,False
327,b2-fabric-b1-c4-r2,b2-fabric-b1-c4-r2-task-0030,ipfs_verify,True,,9,1783272924277,0,QmXUNpwtX2A1bcF51kySLa1p7B6HvhMNsMQoiVdNUoJig7,False
328,b2-fabric-b1-c4-r2,b2-fabric-b1-c4-r2-task-0031,ipfs_verify,True,,12,1783272924275,0,QmcMwXc4Z8ftz7kr4SLihnEKFezGYhMs51A9cNDVd2ZUGa,False
329,b2-fabric-b1-c4-r2,b2-fabric-b1-c4-r2-task-0028,ipfs_verify,True,,10,1783272924278,0,QmPDqC4FvPihq4H2RHnNdvzHBK2kp3vUV7gp3cD2AmeuSG,False
330,b2-fabric-b1-c4-r2,b2-fabric-b1-c4-r2-task-0029,ipfs_verify,True,,9,1783272924283,0,QmacXcTiVxv9uHJiorLkYH2xDDraJTZ3uq6FBG4Ctr6VoC,False
331,b2-fabric-b1-c4-r2,b2-fabric-b1-c4-r2-task-0032,ipfs_add,True,,48,1783272924286,4244,,False
332,b2-fabric-b1-c4-r2,b2-fabric-b1-c4-r2-task-0034,ipfs_add,True,,62,1783272924288,1614,,False
333,b2-fabric-b1-c4-r2,b2-fabric-b1-c4-r2-task-0033,ipfs_add,True,,78,1783272924288,7207,,False
334,b2-fabric-b1-c4-r2,b2-fabric-b1-c4-r2-task-0035,ipfs_add,True,,91,1783272924293,1846,,False
335,b2-fabric-b1-c4-r2,b2-fabric-b1-c4-r2-task-0033,fabric_post_task,True,,2451,1783272924366,7207,QmQ48RSbPCJevCydnQupZo9nDcEmZKcjzn5kaHFiESq88N,False
336,b2-fabric-b1-c4-r2,b2-fabric-b1-c4-r2-task-0035,fabric_post_task,True,,2434,1783272924384,1846,QmXkECAAwC32vhNNVm7xZTatUjGVbfHbwXcCezk2t5DnUf,False
337,b2-fabric-b1-c4-r2,b2-fabric-b1-c4-r2-task-0032,fabric_post_task,True,,2485,1783272924334,4244,QmTUE1xZhmfV2QSdvfbaurUfSv66ET7R31e5urBxmKFSfb,False
338,b2-fabric-b1-c4-r2,b2-fabric-b1-c4-r2-task-0034,fabric_post_task,True,,2470,1783272924350,1614,QmPfG9yDWdYPi2SxVxc2HNwGgKxYHpb8KNnTKLEUsSwYJF,False
339,b2-fabric-b1-c4-r2,b2-fabric-b1-c4-r2-task-0033,fabric_post_allocation,True,,2312,1783272926817,0,,False
340,b2-fabric-b1-c4-r2,b2-fabric-b1-c4-r2-task-0034,fabric_post_allocation,True,,2309,1783272926820,0,,False
341,b2-fabric-b1-c4-r2,b2-fabric-b1-c4-r2-task-0035,fabric_post_allocation,True,,2312,1783272926818,0,,False
342,b2-fabric-b1-c4-r2,b2-fabric-b1-c4-r2-task-0032,fabric_post_allocation,True,,2314,1783272926819,0,,False
343,b2-fabric-b1-c4-r2,b2-fabric-b1-c4-r2-task-0035,fabric_post_snapshot,True,,2498,1783272929130,0,,False
344,b2-fabric-b1-c4-r2,b2-fabric-b1-c4-r2-task-0032,fabric_post_snapshot,True,,2495,1783272929133,0,,False
345,b2-fabric-b1-c4-r2,b2-fabric-b1-c4-r2-task-0033,fabric_post_snapshot,True,,2501,1783272929129,0,,False
346,b2-fabric-b1-c4-r2,b2-fabric-b1-c4-r2-task-0034,fabric_post_snapshot,True,,2501,1783272929129,0,,False
347,b2-fabric-b1-c4-r2,b2-fabric-b1-c4-r2-task-0033,fabric_query_confirmation,True,,144,1783272931630,0,,False
348,b2-fabric-b1-c4-r2,b2-fabric-b1-c4-r2-task-0032,fabric_query_confirmation,True,,147,1783272931628,0,,False
349,b2-fabric-b1-c4-r2,b2-fabric-b1-c4-r2-task-0035,fabric_query_confirmation,True,,148,1783272931628,0,,False
350,b2-fabric-b1-c4-r2,b2-fabric-b1-c4-r2-task-0034,fabric_query_confirmation,True,,150,1783272931630,0,,False
351,b2-fabric-b1-c4-r2,b2-fabric-b1-c4-r2-task-0032,fabric_vote_1,True,,251,1783272931775,0,,False
352,b2-fabric-b1-c4-r2,b2-fabric-b1-c4-r2-task-0035,fabric_vote_1,True,,252,1783272931776,0,,False
353,b2-fabric-b1-c4-r2,b2-fabric-b1-c4-r2-task-0033,fabric_vote_1,True,,255,1783272931774,0,,False
354,b2-fabric-b1-c4-r2,b2-fabric-b1-c4-r2-task-0034,fabric_vote_1,True,,250,1783272931780,0,,False
355,b2-fabric-b1-c4-r2,b2-fabric-b1-c4-r2-task-0033,fabric_vote_2,True,,2501,1783272932029,0,,False
356,b2-fabric-b1-c4-r2,b2-fabric-b1-c4-r2-task-0034,fabric_vote_2,True,,2501,1783272932030,0,,False
357,b2-fabric-b1-c4-r2,b2-fabric-b1-c4-r2-task-0032,fabric_vote_2,True,,2506,1783272932026,0,,False
358,b2-fabric-b1-c4-r2,b2-fabric-b1-c4-r2-task-0035,fabric_vote_2,True,,2504,1783272932028,0,,False
359,b2-fabric-b1-c4-r2,b2-fabric-b1-c4-r2-task-0035,fabric_settlement,True,,2300,1783272934532,0,,False
360,b2-fabric-b1-c4-r2,b2-fabric-b1-c4-r2-task-0033,fabric_settlement,True,,2303,1783272934530,0,,False
361,b2-fabric-b1-c4-r2,b2-fabric-b1-c4-r2-task-0034,fabric_settlement,True,,2303,1783272934531,0,,False
362,b2-fabric-b1-c4-r2,b2-fabric-b1-c4-r2-task-0032,fabric_settlement,True,,2302,1783272934532,0,,False
363,b2-fabric-b1-c4-r2,b2-fabric-b1-c4-r2-task-0033,fabric_query_final,True,,566,1783272936833,0,,False
364,b2-fabric-b1-c4-r2,b2-fabric-b1-c4-r2-task-0035,fabric_query_final,True,,567,1783272936832,0,,False
365,b2-fabric-b1-c4-r2,b2-fabric-b1-c4-r2-task-0034,fabric_query_final,True,,566,1783272936834,0,,False
366,b2-fabric-b1-c4-r2,b2-fabric-b1-c4-r2-task-0032,fabric_query_final,True,,571,1783272936834,0,,False
367,b2-fabric-b1-c4-r2,b2-fabric-b1-c4-r2-task-0033,ipfs_verify,True,,8,1783272937399,0,QmQ48RSbPCJevCydnQupZo9nDcEmZKcjzn5kaHFiESq88N,False
368,b2-fabric-b1-c4-r2,b2-fabric-b1-c4-r2-task-0034,ipfs_verify,True,,8,1783272937400,0,QmPfG9yDWdYPi2SxVxc2HNwGgKxYHpb8KNnTKLEUsSwYJF,False
369,b2-fabric-b1-c4-r2,b2-fabric-b1-c4-r2-task-0035,ipfs_verify,True,,9,1783272937399,0,QmXkECAAwC32vhNNVm7xZTatUjGVbfHbwXcCezk2t5DnUf,False
370,b2-fabric-b1-c4-r2,b2-fabric-b1-c4-r2-task-0032,ipfs_verify,True,,7,1783272937405,0,QmTUE1xZhmfV2QSdvfbaurUfSv66ET7R31e5urBxmKFSfb,False
371,b2-fabric-b1-c4-r2,b2-fabric-b1-c4-r2-task-0037,ipfs_add,True,,35,1783272937408,2773,,False
372,b2-fabric-b1-c4-r2,b2-fabric-b1-c4-r2-task-0036,ipfs_add,True,,52,1783272937407,2427,,False
373,b2-fabric-b1-c4-r2,b2-fabric-b1-c4-r2-task-0038,ipfs_add,True,,68,1783272937408,3829,,False
374,b2-fabric-b1-c4-r2,b2-fabric-b1-c4-r2-task-0039,ipfs_add,True,,83,1783272937412,2185,,False
375,b2-fabric-b1-c4-r2,b2-fabric-b1-c4-r2-task-0036,fabric_post_task,True,,2501,1783272937459,2427,QmPSKMPmcfaaWUAvL2tX88QhRRxXXC4SXnChDHzjSbwd8b,False
376,b2-fabric-b1-c4-r2,b2-fabric-b1-c4-r2-task-0038,fabric_post_task,True,,2488,1783272937476,3829,QmUB51xuBaMCywUYGFiM9cTrnAhyjLu2J5jzTrZkY11kPF,False
377,b2-fabric-b1-c4-r2,b2-fabric-b1-c4-r2-task-0037,fabric_post_task,True,,2522,1783272937443,2773,QmWmrqK7bzA1Pq5z5dsLEen6BZ5iPRNFNBXLJnZmr5J9ff,False
378,b2-fabric-b1-c4-r2,b2-fabric-b1-c4-r2-task-0039,fabric_post_task,True,,2471,1783272937495,2185,QmasU8pZpyfk1aUFRpicohvbDCx1eFRWjH9p29sHpDSiZZ,False
379,b2-fabric-b1-c4-r2,b2-fabric-b1-c4-r2-task-0039,fabric_post_allocation,True,,2399,1783272939966,0,,False
380,b2-fabric-b1-c4-r2,b2-fabric-b1-c4-r2-task-0038,fabric_post_allocation,True,,2402,1783272939964,0,,False
381,b2-fabric-b1-c4-r2,b2-fabric-b1-c4-r2-task-0037,fabric_post_allocation,True,,2403,1783272939965,0,,False
382,b2-fabric-b1-c4-r2,b2-fabric-b1-c4-r2-task-0036,fabric_post_allocation,True,,2408,1783272939960,0,,False
383,b2-fabric-b1-c4-r2,b2-fabric-b1-c4-r2-task-0036,fabric_post_snapshot,True,,3188,1783272942368,0,,False
384,b2-fabric-b1-c4-r2,b2-fabric-b1-c4-r2-task-0038,fabric_post_snapshot,True,,3191,1783272942366,0,,False
385,b2-fabric-b1-c4-r2,b2-fabric-b1-c4-r2-task-0039,fabric_post_snapshot,True,,3193,1783272942365,0,,False
386,b2-fabric-b1-c4-r2,b2-fabric-b1-c4-r2-task-0037,fabric_post_snapshot,True,,3191,1783272942368,0,,False
387,b2-fabric-b1-c4-r2,b2-fabric-b1-c4-r2-task-0036,fabric_query_confirmation,True,,125,1783272945556,0,,False
388,b2-fabric-b1-c4-r2,b2-fabric-b1-c4-r2-task-0038,fabric_query_confirmation,True,,124,1783272945557,0,,False
389,b2-fabric-b1-c4-r2,b2-fabric-b1-c4-r2-task-0039,fabric_query_confirmation,True,,124,1783272945558,0,,False
390,b2-fabric-b1-c4-r2,b2-fabric-b1-c4-r2-task-0037,fabric_query_confirmation,True,,124,1783272945559,0,,False
391,b2-fabric-b1-c4-r2,b2-fabric-b1-c4-r2-task-0037,fabric_vote_1,True,,2273,1783272945683,0,,False
392,b2-fabric-b1-c4-r2,b2-fabric-b1-c4-r2-task-0039,fabric_vote_1,True,,2274,1783272945682,0,,False
393,b2-fabric-b1-c4-r2,b2-fabric-b1-c4-r2-task-0036,fabric_vote_1,True,,2276,1783272945681,0,,False
394,b2-fabric-b1-c4-r2,b2-fabric-b1-c4-r2-task-0038,fabric_vote_1,True,,2277,1783272945681,0,,False
395,b2-fabric-b1-c4-r2,b2-fabric-b1-c4-r2-task-0037,fabric_vote_2,True,,2254,1783272947956,0,,False
396,b2-fabric-b1-c4-r2,b2-fabric-b1-c4-r2-task-0036,fabric_vote_2,True,,2254,1783272947957,0,,False
397,b2-fabric-b1-c4-r2,b2-fabric-b1-c4-r2-task-0038,fabric_vote_2,True,,2253,1783272947958,0,,False
398,b2-fabric-b1-c4-r2,b2-fabric-b1-c4-r2-task-0039,fabric_vote_2,True,,2257,1783272947956,0,,False
399,b2-fabric-b1-c4-r2,b2-fabric-b1-c4-r2-task-0039,fabric_settlement,True,,2310,1783272950213,0,,False
400,b2-fabric-b1-c4-r2,b2-fabric-b1-c4-r2-task-0036,fabric_settlement,True,,2313,1783272950211,0,,False
401,b2-fabric-b1-c4-r2,b2-fabric-b1-c4-r2-task-0038,fabric_settlement,True,,2314,1783272950211,0,,False
402,b2-fabric-b1-c4-r2,b2-fabric-b1-c4-r2-task-0037,fabric_settlement,True,,2317,1783272950210,0,,False
403,b2-fabric-b1-c4-r2,b2-fabric-b1-c4-r2-task-0038,fabric_query_final,True,,382,1783272952525,0,,False
404,b2-fabric-b1-c4-r2,b2-fabric-b1-c4-r2-task-0036,fabric_query_final,True,,383,1783272952524,0,,False
405,b2-fabric-b1-c4-r2,b2-fabric-b1-c4-r2-task-0039,fabric_query_final,True,,385,1783272952523,0,,False
406,b2-fabric-b1-c4-r2,b2-fabric-b1-c4-r2-task-0037,fabric_query_final,True,,383,1783272952527,0,,False
407,b2-fabric-b1-c4-r2,b2-fabric-b1-c4-r2-task-0039,ipfs_verify,True,,8,1783272952908,0,QmasU8pZpyfk1aUFRpicohvbDCx1eFRWjH9p29sHpDSiZZ,False
408,b2-fabric-b1-c4-r2,b2-fabric-b1-c4-r2-task-0036,ipfs_verify,True,,10,1783272952907,0,QmPSKMPmcfaaWUAvL2tX88QhRRxXXC4SXnChDHzjSbwd8b,False
409,b2-fabric-b1-c4-r2,b2-fabric-b1-c4-r2-task-0038,ipfs_verify,True,,11,1783272952907,0,QmUB51xuBaMCywUYGFiM9cTrnAhyjLu2J5jzTrZkY11kPF,False
410,b2-fabric-b1-c4-r2,b2-fabric-b1-c4-r2-task-0037,ipfs_verify,True,,9,1783272952910,0,QmWmrqK7bzA1Pq5z5dsLEen6BZ5iPRNFNBXLJnZmr5J9ff,False
411,b2-fabric-b1-c4-r2,b2-fabric-b1-c4-r2-task-0040,ipfs_add,True,,29,1783272952916,1852,,False
412,b2-fabric-b1-c4-r2,b2-fabric-b1-c4-r2-task-0041,ipfs_add,True,,46,1783272952917,3950,,False
413,b2-fabric-b1-c4-r2,b2-fabric-b1-c4-r2-task-0043,ipfs_add,True,,62,1783272952919,4365,,False
414,b2-fabric-b1-c4-r2,b2-fabric-b1-c4-r2-task-0042,ipfs_add,True,,80,1783272952919,4943,,False
415,b2-fabric-b1-c4-r2,b2-fabric-b1-c4-r2-task-0041,fabric_post_task,True,,2508,1783272952963,3950,QmcFrzAGhrprmDxHPdunRd28u27YRTGcAAnGPSotWa75JU,False
416,b2-fabric-b1-c4-r2,b2-fabric-b1-c4-r2-task-0040,fabric_post_task,True,,2526,1783272952945,1852,Qme8h8cEVWXzKEmaj7rkRo9NHBoPXxWrTLcYQjWRpqrisB,False
417,b2-fabric-b1-c4-r2,b2-fabric-b1-c4-r2-task-0043,fabric_post_task,True,,2491,1783272952981,4365,QmNyUP9PxhaGNgSe7A4vos9UdtKrgujw25dFezkghCHMSN,False
418,b2-fabric-b1-c4-r2,b2-fabric-b1-c4-r2-task-0042,fabric_post_task,True,,2476,1783272952999,4943,QmZaKHLtuvdC3131ZMjSafgzCnFunsBDrKht7U6CRuhaDJ,False
419,b2-fabric-b1-c4-r2,b2-fabric-b1-c4-r2-task-0040,fabric_post_allocation,True,,2547,1783272955471,0,,False
420,b2-fabric-b1-c4-r2,b2-fabric-b1-c4-r2-task-0042,fabric_post_allocation,True,,2544,1783272955475,0,,False
421,b2-fabric-b1-c4-r2,b2-fabric-b1-c4-r2-task-0043,fabric_post_allocation,True,,2548,1783272955472,0,,False
422,b2-fabric-b1-c4-r2,b2-fabric-b1-c4-r2-task-0041,fabric_post_allocation,True,,2550,1783272955471,0,,False
423,b2-fabric-b1-c4-r2,b2-fabric-b1-c4-r2-task-0043,fabric_post_snapshot,True,,2295,1783272958020,0,,False
424,b2-fabric-b1-c4-r2,b2-fabric-b1-c4-r2-task-0041,fabric_post_snapshot,True,,2294,1783272958021,0,,False
425,b2-fabric-b1-c4-r2,b2-fabric-b1-c4-r2-task-0042,fabric_post_snapshot,True,,2297,1783272958019,0,,False
426,b2-fabric-b1-c4-r2,b2-fabric-b1-c4-r2-task-0040,fabric_post_snapshot,True,,2299,1783272958018,0,,False
427,b2-fabric-b1-c4-r2,b2-fabric-b1-c4-r2-task-0041,fabric_query_confirmation,True,,123,1783272960315,0,,False
428,b2-fabric-b1-c4-r2,b2-fabric-b1-c4-r2-task-0042,fabric_query_confirmation,True,,123,1783272960316,0,,False
429,b2-fabric-b1-c4-r2,b2-fabric-b1-c4-r2-task-0040,fabric_query_confirmation,True,,122,1783272960317,0,,False
430,b2-fabric-b1-c4-r2,b2-fabric-b1-c4-r2-task-0043,fabric_query_confirmation,True,,125,1783272960315,0,,False
431,b2-fabric-b1-c4-r2,b2-fabric-b1-c4-r2-task-0041,fabric_vote_1,True,,-63,1783272960438,0,,False
432,b2-fabric-b1-c4-r2,b2-fabric-b1-c4-r2-task-0040,fabric_vote_1,True,,-63,1783272960439,0,,False
433,b2-fabric-b1-c4-r2,b2-fabric-b1-c4-r2-task-0043,fabric_vote_1,True,,-64,1783272960440,0,,False
434,b2-fabric-b1-c4-r2,b2-fabric-b1-c4-r2-task-0042,fabric_vote_1,True,,-60,1783272960439,0,,False
435,b2-fabric-b1-c4-r2,b2-fabric-b1-c4-r2-task-0041,fabric_vote_2,True,,2592,1783272960375,0,,False
436,b2-fabric-b1-c4-r2,b2-fabric-b1-c4-r2-task-0040,fabric_vote_2,True,,2591,1783272960376,0,,False
437,b2-fabric-b1-c4-r2,b2-fabric-b1-c4-r2-task-0042,fabric_vote_2,True,,2589,1783272960379,0,,False
438,b2-fabric-b1-c4-r2,b2-fabric-b1-c4-r2-task-0043,fabric_vote_2,True,,2593,1783272960376,0,,False
439,b2-fabric-b1-c4-r2,b2-fabric-b1-c4-r2-task-0043,fabric_settlement,True,,2289,1783272962969,0,,False
440,b2-fabric-b1-c4-r2,b2-fabric-b1-c4-r2-task-0041,fabric_settlement,True,,2292,1783272962967,0,,False
441,b2-fabric-b1-c4-r2,b2-fabric-b1-c4-r2-task-0042,fabric_settlement,True,,2291,1783272962968,0,,False
442,b2-fabric-b1-c4-r2,b2-fabric-b1-c4-r2-task-0040,fabric_settlement,True,,2294,1783272962968,0,,False
443,b2-fabric-b1-c4-r2,b2-fabric-b1-c4-r2-task-0041,fabric_query_final,True,,549,1783272965259,0,,False
444,b2-fabric-b1-c4-r2,b2-fabric-b1-c4-r2-task-0042,fabric_query_final,True,,549,1783272965259,0,,False
445,b2-fabric-b1-c4-r2,b2-fabric-b1-c4-r2-task-0040,fabric_query_final,True,,547,1783272965262,0,,False
446,b2-fabric-b1-c4-r2,b2-fabric-b1-c4-r2-task-0043,fabric_query_final,True,,554,1783272965258,0,,False
447,b2-fabric-b1-c4-r2,b2-fabric-b1-c4-r2-task-0041,ipfs_verify,True,,8,1783272965808,0,QmcFrzAGhrprmDxHPdunRd28u27YRTGcAAnGPSotWa75JU,False
448,b2-fabric-b1-c4-r2,b2-fabric-b1-c4-r2-task-0040,ipfs_verify,True,,7,1783272965809,0,Qme8h8cEVWXzKEmaj7rkRo9NHBoPXxWrTLcYQjWRpqrisB,False
449,b2-fabric-b1-c4-r2,b2-fabric-b1-c4-r2-task-0042,ipfs_verify,True,,9,1783272965808,0,QmZaKHLtuvdC3131ZMjSafgzCnFunsBDrKht7U6CRuhaDJ,False
450,b2-fabric-b1-c4-r2,b2-fabric-b1-c4-r2-task-0043,ipfs_verify,True,,7,1783272965812,0,QmNyUP9PxhaGNgSe7A4vos9UdtKrgujw25dFezkghCHMSN,False
451,b2-fabric-b1-c4-r2,b2-fabric-b1-c4-r2-task-0045,ipfs_add,True,,29,1783272965816,2595,,False
452,b2-fabric-b1-c4-r2,b2-fabric-b1-c4-r2-task-0046,ipfs_add,True,,44,1783272965817,1643,,False
453,b2-fabric-b1-c4-r2,b2-fabric-b1-c4-r2-task-0044,ipfs_add,True,,63,1783272965816,1996,,False
454,b2-fabric-b1-c4-r2,b2-fabric-b1-c4-r2-task-0047,ipfs_add,True,,79,1783272965819,4867,,False
455,b2-fabric-b1-c4-r2,b2-fabric-b1-c4-r2-task-0045,fabric_post_task,True,,2506,1783272965845,2595,QmfZqW6816xBeSRuQN3KqApyKbwjb4f3u87p8veGLitLQh,False
456,b2-fabric-b1-c4-r2,b2-fabric-b1-c4-r2-task-0047,fabric_post_task,True,,2455,1783272965898,4867,QmeV2Nyd6AXfLrfL94BuWtPhgFx2BQKzDFrxvN5H5wGM4v,False
457,b2-fabric-b1-c4-r2,b2-fabric-b1-c4-r2-task-0046,fabric_post_task,True,,2493,1783272965861,1643,QmTnaHUQXj9xeoWHT2zVraSQfVPSZ3kwXbfxhynCbSD478,False
458,b2-fabric-b1-c4-r2,b2-fabric-b1-c4-r2-task-0044,fabric_post_task,True,,2476,1783272965879,1996,QmRdq27qE1F3dGzbT9p9PnePh4D88Nw3KFAmJZ2C7W4jcT,False
459,b2-fabric-b1-c4-r2,b2-fabric-b1-c4-r2-task-0044,fabric_post_allocation,True,,2304,1783272968355,0,,False
460,b2-fabric-b1-c4-r2,b2-fabric-b1-c4-r2-task-0047,fabric_post_allocation,True,,2307,1783272968353,0,,False
461,b2-fabric-b1-c4-r2,b2-fabric-b1-c4-r2-task-0046,fabric_post_allocation,True,,2307,1783272968354,0,,False
462,b2-fabric-b1-c4-r2,b2-fabric-b1-c4-r2-task-0045,fabric_post_allocation,True,,2311,1783272968351,0,,False
463,b2-fabric-b1-c4-r2,b2-fabric-b1-c4-r2-task-0044,fabric_post_snapshot,True,,2292,1783272970659,0,,False
464,b2-fabric-b1-c4-r2,b2-fabric-b1-c4-r2-task-0045,fabric_post_snapshot,True,,2291,1783272970662,0,,False
465,b2-fabric-b1-c4-r2,b2-fabric-b1-c4-r2-task-0046,fabric_post_snapshot,True,,2292,1783272970661,0,,False
466,b2-fabric-b1-c4-r2,b2-fabric-b1-c4-r2-task-0047,fabric_post_snapshot,True,,2295,1783272970660,0,,False
467,b2-fabric-b1-c4-r2,b2-fabric-b1-c4-r2-task-0044,fabric_query_confirmation,True,,1317,1783272972951,0,,False
468,b2-fabric-b1-c4-r2,b2-fabric-b1-c4-r2-task-0045,fabric_query_confirmation,True,,1316,1783272972953,0,,False
469,b2-fabric-b1-c4-r2,b2-fabric-b1-c4-r2-task-0046,fabric_query_confirmation,True,,1317,1783272972953,0,,False
470,b2-fabric-b1-c4-r2,b2-fabric-b1-c4-r2-task-0047,fabric_query_confirmation,True,,1316,1783272972955,0,,False
471,b2-fabric-b1-c4-r2,b2-fabric-b1-c4-r2-task-0044,fabric_vote_1,True,,2560,1783272974268,0,,False
472,b2-fabric-b1-c4-r2,b2-fabric-b1-c4-r2-task-0046,fabric_vote_1,True,,2558,1783272974270,0,,False
473,b2-fabric-b1-c4-r2,b2-fabric-b1-c4-r2-task-0047,fabric_vote_1,True,,2558,1783272974271,0,,False
474,b2-fabric-b1-c4-r2,b2-fabric-b1-c4-r2-task-0045,fabric_vote_1,True,,2562,1783272974269,0,,False
475,b2-fabric-b1-c4-r2,b2-fabric-b1-c4-r2-task-0045,fabric_vote_2,True,,2275,1783272976831,0,,False
476,b2-fabric-b1-c4-r2,b2-fabric-b1-c4-r2-task-0047,fabric_vote_2,True,,2277,1783272976829,0,,False
477,b2-fabric-b1-c4-r2,b2-fabric-b1-c4-r2-task-0044,fabric_vote_2,True,,2279,1783272976828,0,,False
478,b2-fabric-b1-c4-r2,b2-fabric-b1-c4-r2-task-0046,fabric_vote_2,True,,2282,1783272976828,0,,False
479,b2-fabric-b1-c4-r2,b2-fabric-b1-c4-r2-task-0045,fabric_settlement,True,,2560,1783272979106,0,,False
480,b2-fabric-b1-c4-r2,b2-fabric-b1-c4-r2-task-0047,fabric_settlement,True,,2562,1783272979106,0,,False
481,b2-fabric-b1-c4-r2,b2-fabric-b1-c4-r2-task-0046,fabric_settlement,True,,2559,1783272979110,0,,False
482,b2-fabric-b1-c4-r2,b2-fabric-b1-c4-r2-task-0044,fabric_settlement,True,,2562,1783272979107,0,,False
483,b2-fabric-b1-c4-r2,b2-fabric-b1-c4-r2-task-0044,fabric_query_final,True,,617,1783272981669,0,,False
484,b2-fabric-b1-c4-r2,b2-fabric-b1-c4-r2-task-0047,fabric_query_final,True,,620,1783272981668,0,,False
485,b2-fabric-b1-c4-r2,b2-fabric-b1-c4-r2-task-0046,fabric_query_final,True,,620,1783272981669,0,,False
486,b2-fabric-b1-c4-r2,b2-fabric-b1-c4-r2-task-0044,ipfs_verify,True,,7,1783272982286,0,QmRdq27qE1F3dGzbT9p9PnePh4D88Nw3KFAmJZ2C7W4jcT,False
487,b2-fabric-b1-c4-r2,b2-fabric-b1-c4-r2-task-0046,ipfs_verify,True,,6,1783272982289,0,QmTnaHUQXj9xeoWHT2zVraSQfVPSZ3kwXbfxhynCbSD478,False
488,b2-fabric-b1-c4-r2,b2-fabric-b1-c4-r2-task-0047,ipfs_verify,True,,7,1783272982288,0,QmeV2Nyd6AXfLrfL94BuWtPhgFx2BQKzDFrxvN5H5wGM4v,False
489,b2-fabric-b1-c4-r2,b2-fabric-b1-c4-r2-task-0045,fabric_query_final,True,,631,1783272981666,0,,False
490,b2-fabric-b1-c4-r2,b2-fabric-b1-c4-r2-task-0045,ipfs_verify,True,,6,1783272982297,0,QmfZqW6816xBeSRuQN3KqApyKbwjb4f3u87p8veGLitLQh,False
491,b2-fabric-b1-c4-r2,b2-fabric-b1-c4-r2-task-0048,ipfs_add,True,,32,1783272982294,6584,,False
492,b2-fabric-b1-c4-r2,b2-fabric-b1-c4-r2-task-0049,ipfs_add,True,,49,1783272982295,1811,,False
493,b2-fabric-b1-c4-r2,b2-fabric-b1-c4-r2-task-0050,ipfs_add,True,,66,1783272982295,1999,,False
494,b2-fabric-b1-c4-r2,b2-fabric-b1-c4-r2-task-0051,ipfs_add,True,,75,1783272982303,3763,,False
495,b2-fabric-b1-c4-r2,b2-fabric-b1-c4-r2-task-0050,fabric_post_task,True,,2470,1783272982361,1999,QmdV6Xsz9DDJaY4mD6E1omWqFwV485nsfcNWmZWMizL9Jc,False
496,b2-fabric-b1-c4-r2,b2-fabric-b1-c4-r2-task-0048,fabric_post_task,True,,2506,1783272982326,6584,QmZxwAc5vt22wSQ5mT8jRWQr3tdyJrTwAGgotYvEjWf3wN,False
497,b2-fabric-b1-c4-r2,b2-fabric-b1-c4-r2-task-0049,fabric_post_task,True,,2488,1783272982344,1811,Qme9dPNL59uRhU5hx2jyKbBdCPqBgF1krPA6WvcCYu8eVf,False
498,b2-fabric-b1-c4-r2,b2-fabric-b1-c4-r2-task-0051,fabric_post_task,True,,2455,1783272982379,3763,QmTGsXsSojSBkAHS2R8QsjK4DdKDvRJKAvmLyhxkyrWAi1,False
499,b2-fabric-b1-c4-r2,b2-fabric-b1-c4-r2-task-0048,fabric_post_allocation,True,,2512,1783272984832,0,,False
500,b2-fabric-b1-c4-r2,b2-fabric-b1-c4-r2-task-0051,fabric_post_allocation,True,,2512,1783272984834,0,,False
501,b2-fabric-b1-c4-r2,b2-fabric-b1-c4-r2-task-0049,fabric_post_allocation,True,,2516,1783272984832,0,,False
502,b2-fabric-b1-c4-r2,b2-fabric-b1-c4-r2-task-0050,fabric_post_allocation,True,,2518,1783272984831,0,,False
503,b2-fabric-b1-c4-r2,b2-fabric-b1-c4-r2-task-0048,fabric_post_snapshot,True,,-88,1783272987344,0,,False
504,b2-fabric-b1-c4-r2,b2-fabric-b1-c4-r2-task-0051,fabric_post_snapshot,True,,-89,1783272987346,0,,False
505,b2-fabric-b1-c4-r2,b2-fabric-b1-c4-r2-task-0049,fabric_post_snapshot,True,,-91,1783272987348,0,,False
506,b2-fabric-b1-c4-r2,b2-fabric-b1-c4-r2-task-0050,fabric_post_snapshot,True,,-91,1783272987349,0,,False
507,b2-fabric-b1-c4-r2,b2-fabric-b1-c4-r2-task-0051,fabric_query_confirmation,True,,130,1783272987257,0,,False
508,b2-fabric-b1-c4-r2,b2-fabric-b1-c4-r2-task-0048,fabric_query_confirmation,True,,131,1783272987256,0,,False
509,b2-fabric-b1-c4-r2,b2-fabric-b1-c4-r2-task-0050,fabric_query_confirmation,True,,129,1783272987258,0,,False
510,b2-fabric-b1-c4-r2,b2-fabric-b1-c4-r2-task-0049,fabric_query_confirmation,True,,131,1783272987257,0,,False
511,b2-fabric-b1-c4-r2,b2-fabric-b1-c4-r2-task-0051,fabric_vote_1,True,,2297,1783272987387,0,,False
512,b2-fabric-b1-c4-r2,b2-fabric-b1-c4-r2-task-0050,fabric_vote_1,True,,2297,1783272987387,0,,False
513,b2-fabric-b1-c4-r2,b2-fabric-b1-c4-r2-task-0049,fabric_vote_1,True,,2302,1783272987388,0,,False
514,b2-fabric-b1-c4-r2,b2-fabric-b1-c4-r2-task-0048,fabric_vote_1,True,,2306,1783272987387,0,,False
515,b2-fabric-b1-c4-r2,b2-fabric-b1-c4-r2-task-0048,fabric_vote_2,True,,2346,1783272989693,0,,False
516,b2-fabric-b1-c4-r2,b2-fabric-b1-c4-r2-task-0050,fabric_vote_2,True,,2355,1783272989684,0,,False
517,b2-fabric-b1-c4-r2,b2-fabric-b1-c4-r2-task-0049,fabric_vote_2,True,,2350,1783272989690,0,,False
518,b2-fabric-b1-c4-r2,b2-fabric-b1-c4-r2-task-0051,fabric_vote_2,True,,2357,1783272989684,0,,False
519,b2-fabric-b1-c4-r2,b2-fabric-b1-c4-r2-task-0049,fabric_settlement,True,,2307,1783272992040,0,,False
520,b2-fabric-b1-c4-r2,b2-fabric-b1-c4-r2-task-0051,fabric_settlement,True,,2307,1783272992041,0,,False
521,b2-fabric-b1-c4-r2,b2-fabric-b1-c4-r2-task-0050,fabric_settlement,True,,2310,1783272992039,0,,False
522,b2-fabric-b1-c4-r2,b2-fabric-b1-c4-r2-task-0048,fabric_settlement,True,,2310,1783272992039,0,,False
523,b2-fabric-b1-c4-r2,b2-fabric-b1-c4-r2-task-0050,fabric_query_final,True,,549,1783272994349,0,,False
524,b2-fabric-b1-c4-r2,b2-fabric-b1-c4-r2-task-0048,fabric_query_final,True,,549,1783272994349,0,,False
525,b2-fabric-b1-c4-r2,b2-fabric-b1-c4-r2-task-0049,fabric_query_final,True,,551,1783272994347,0,,False
526,b2-fabric-b1-c4-r2,b2-fabric-b1-c4-r2-task-0051,fabric_query_final,True,,555,1783272994348,0,,False
527,b2-fabric-b1-c4-r2,b2-fabric-b1-c4-r2-task-0049,ipfs_verify,True,,7,1783272994898,0,Qme9dPNL59uRhU5hx2jyKbBdCPqBgF1krPA6WvcCYu8eVf,False
528,b2-fabric-b1-c4-r2,b2-fabric-b1-c4-r2-task-0050,ipfs_verify,True,,8,1783272994898,0,QmdV6Xsz9DDJaY4mD6E1omWqFwV485nsfcNWmZWMizL9Jc,False
529,b2-fabric-b1-c4-r2,b2-fabric-b1-c4-r2-task-0048,ipfs_verify,True,,9,1783272994898,0,QmZxwAc5vt22wSQ5mT8jRWQr3tdyJrTwAGgotYvEjWf3wN,False
530,b2-fabric-b1-c4-r2,b2-fabric-b1-c4-r2-task-0051,ipfs_verify,True,,7,1783272994903,0,QmTGsXsSojSBkAHS2R8QsjK4DdKDvRJKAvmLyhxkyrWAi1,False
531,b2-fabric-b1-c4-r2,b2-fabric-b1-c4-r2-task-0052,ipfs_add,True,,30,1783272994905,3794,,False
532,b2-fabric-b1-c4-r2,b2-fabric-b1-c4-r2-task-0054,ipfs_add,True,,43,1783272994907,5229,,False
533,b2-fabric-b1-c4-r2,b2-fabric-b1-c4-r2-task-0053,ipfs_add,True,,60,1783272994906,4728,,False
534,b2-fabric-b1-c4-r2,b2-fabric-b1-c4-r2-task-0055,ipfs_add,True,,72,1783272994910,3299,,False
535,b2-fabric-b1-c4-r2,b2-fabric-b1-c4-r2-task-0055,fabric_post_task,True,,2444,1783272994982,3299,QmafKJifZc1XAPwnCM3rfjeY8ycoRWBTEzRKJWmaz2X2pf,False
536,b2-fabric-b1-c4-r2,b2-fabric-b1-c4-r2-task-0054,fabric_post_task,True,,2477,1783272994950,5229,QmPnCtNRFcwQFtC6bqhKn6Lncju1wDzgW5MAzMVD7Hqnio,False
537,b2-fabric-b1-c4-r2,b2-fabric-b1-c4-r2-task-0053,fabric_post_task,True,,2462,1783272994966,4728,QmQhmCX3uicZrhvWeBbc6PdBzun14HpniDh8sPFQzpyV9X,False
538,b2-fabric-b1-c4-r2,b2-fabric-b1-c4-r2-task-0052,fabric_post_task,True,,2495,1783272994935,3794,Qmbhf75a6jKFm6r3n83e1TgGA1Jv3MZMWPn5DZ6DAQKRGx,False
539,b2-fabric-b1-c4-r2,b2-fabric-b1-c4-r2-task-0055,fabric_post_allocation,True,,2512,1783272997426,0,,False
540,b2-fabric-b1-c4-r2,b2-fabric-b1-c4-r2-task-0054,fabric_post_allocation,True,,2511,1783272997427,0,,False
541,b2-fabric-b1-c4-r2,b2-fabric-b1-c4-r2-task-0053,fabric_post_allocation,True,,2511,1783272997428,0,,False
542,b2-fabric-b1-c4-r2,b2-fabric-b1-c4-r2-task-0052,fabric_post_allocation,True,,2510,1783272997430,0,,False
543,b2-fabric-b1-c4-r2,b2-fabric-b1-c4-r2-task-0052,fabric_post_snapshot,True,,3220,1783272999940,0,,False
544,b2-fabric-b1-c4-r2,b2-fabric-b1-c4-r2-task-0054,fabric_post_snapshot,True,,3221,1783272999939,0,,False
545,b2-fabric-b1-c4-r2,b2-fabric-b1-c4-r2-task-0053,fabric_post_snapshot,True,,3222,1783272999939,0,,False
546,b2-fabric-b1-c4-r2,b2-fabric-b1-c4-r2-task-0055,fabric_post_snapshot,True,,3224,1783272999938,0,,False
547,b2-fabric-b1-c4-r2,b2-fabric-b1-c4-r2-task-0055,fabric_query_confirmation,True,,137,1783273003162,0,,False
548,b2-fabric-b1-c4-r2,b2-fabric-b1-c4-r2-task-0052,fabric_query_confirmation,True,,140,1783273003160,0,,False
549,b2-fabric-b1-c4-r2,b2-fabric-b1-c4-r2-task-0054,fabric_query_confirmation,True,,140,1783273003160,0,,False
550,b2-fabric-b1-c4-r2,b2-fabric-b1-c4-r2-task-0053,fabric_query_confirmation,True,,140,1783273003161,0,,False
551,b2-fabric-b1-c4-r2,b2-fabric-b1-c4-r2-task-0053,fabric_vote_1,True,,2279,1783273003301,0,,False
552,b2-fabric-b1-c4-r2,b2-fabric-b1-c4-r2-task-0054,fabric_vote_1,True,,2280,1783273003300,0,,False
553,b2-fabric-b1-c4-r2,b2-fabric-b1-c4-r2-task-0052,fabric_vote_1,True,,2282,1783273003300,0,,False
554,b2-fabric-b1-c4-r2,b2-fabric-b1-c4-r2-task-0055,fabric_vote_1,True,,2283,1783273003299,0,,False
555,b2-fabric-b1-c4-r2,b2-fabric-b1-c4-r2-task-0052,fabric_vote_2,True,,2302,1783273005582,0,,False
556,b2-fabric-b1-c4-r2,b2-fabric-b1-c4-r2-task-0055,fabric_vote_2,True,,2303,1783273005582,0,,False
557,b2-fabric-b1-c4-r2,b2-fabric-b1-c4-r2-task-0054,fabric_vote_2,True,,2305,1783273005580,0,,False
558,b2-fabric-b1-c4-r2,b2-fabric-b1-c4-r2-task-0053,fabric_vote_2,True,,2306,1783273005580,0,,False
559,b2-fabric-b1-c4-r2,b2-fabric-b1-c4-r2-task-0052,fabric_settlement,True,,2331,1783273007884,0,,False
560,b2-fabric-b1-c4-r2,b2-fabric-b1-c4-r2-task-0055,fabric_settlement,True,,2331,1783273007885,0,,False
561,b2-fabric-b1-c4-r2,b2-fabric-b1-c4-r2-task-0054,fabric_settlement,True,,2331,1783273007885,0,,False
562,b2-fabric-b1-c4-r2,b2-fabric-b1-c4-r2-task-0053,fabric_settlement,True,,2330,1783273007886,0,,False
563,b2-fabric-b1-c4-r2,b2-fabric-b1-c4-r2-task-0053,fabric_query_final,True,,386,1783273010216,0,,False
564,b2-fabric-b1-c4-r2,b2-fabric-b1-c4-r2-task-0054,fabric_query_final,True,,387,1783273010216,0,,False
565,b2-fabric-b1-c4-r2,b2-fabric-b1-c4-r2-task-0052,fabric_query_final,True,,388,1783273010215,0,,False
566,b2-fabric-b1-c4-r2,b2-fabric-b1-c4-r2-task-0055,fabric_query_final,True,,391,1783273010216,0,,False
567,b2-fabric-b1-c4-r2,b2-fabric-b1-c4-r2-task-0052,ipfs_verify,True,,8,1783273010603,0,Qmbhf75a6jKFm6r3n83e1TgGA1Jv3MZMWPn5DZ6DAQKRGx,False
568,b2-fabric-b1-c4-r2,b2-fabric-b1-c4-r2-task-0054,ipfs_verify,True,,9,1783273010603,0,QmPnCtNRFcwQFtC6bqhKn6Lncju1wDzgW5MAzMVD7Hqnio,False
569,b2-fabric-b1-c4-r2,b2-fabric-b1-c4-r2-task-0053,ipfs_verify,True,,12,1783273010602,0,QmQhmCX3uicZrhvWeBbc6PdBzun14HpniDh8sPFQzpyV9X,False
570,b2-fabric-b1-c4-r2,b2-fabric-b1-c4-r2-task-0055,ipfs_verify,True,,9,1783273010607,0,QmafKJifZc1XAPwnCM3rfjeY8ycoRWBTEzRKJWmaz2X2pf,False
571,b2-fabric-b1-c4-r2,b2-fabric-b1-c4-r2-task-0056,ipfs_add,True,,71,1783273010611,4022,,False
572,b2-fabric-b1-c4-r2,b2-fabric-b1-c4-r2-task-0058,ipfs_add,True,,86,1783273010614,2250,,False
573,b2-fabric-b1-c4-r2,b2-fabric-b1-c4-r2-task-0059,ipfs_add,True,,102,1783273010616,4487,,False
574,b2-fabric-b1-c4-r2,b2-fabric-b1-c4-r2-task-0057,ipfs_add,True,,106,1783273010612,1961,,False
575,b2-fabric-b1-c4-r2,b2-fabric-b1-c4-r2-task-0057,fabric_post_task,True,,2498,1783273010718,1961,QmXe2mVbUwjU9upyR6EUuSfmWPVCsUJ2XbjviLk1VWsWi5,False
576,b2-fabric-b1-c4-r2,b2-fabric-b1-c4-r2-task-0056,fabric_post_task,True,,2535,1783273010682,4022,QmZ7pYazDS7aTNmx4r1RUas5pautaRbk4VUrw59C2XLkhW,False
577,b2-fabric-b1-c4-r2,b2-fabric-b1-c4-r2-task-0058,fabric_post_task,True,,2518,1783273010700,2250,QmXUCNGHMpTciMXWytGi2sfx8616VuyyUoqZa3oAtvFoDt,False
578,b2-fabric-b1-c4-r2,b2-fabric-b1-c4-r2-task-0059,fabric_post_task,True,,2501,1783273010718,4487,QmPBEGhSk6VvenSUj3Vr6bj3gHyXAjWBknK2erA4F3iiDo,False
579,b2-fabric-b1-c4-r2,b2-fabric-b1-c4-r2-task-0056,fabric_post_allocation,True,,2324,1783273013217,0,,False
580,b2-fabric-b1-c4-r2,b2-fabric-b1-c4-r2-task-0057,fabric_post_allocation,True,,2326,1783273013216,0,,False
581,b2-fabric-b1-c4-r2,b2-fabric-b1-c4-r2-task-0059,fabric_post_allocation,True,,2324,1783273013219,0,,False
582,b2-fabric-b1-c4-r2,b2-fabric-b1-c4-r2-task-0058,fabric_post_allocation,True,,2326,1783273013218,0,,False
583,b2-fabric-b1-c4-r2,b2-fabric-b1-c4-r2-task-0057,fabric_post_snapshot,True,,-43,1783273015542,0,,False
584,b2-fabric-b1-c4-r2,b2-fabric-b1-c4-r2-task-0059,fabric_post_snapshot,True,,-43,1783273015543,0,,False
585,b2-fabric-b1-c4-r2,b2-fabric-b1-c4-r2-task-0058,fabric_post_snapshot,True,,-43,1783273015544,0,,False
586,b2-fabric-b1-c4-r2,b2-fabric-b1-c4-r2-task-0056,fabric_post_snapshot,True,,-37,1783273015541,0,,False
587,b2-fabric-b1-c4-r2,b2-fabric-b1-c4-r2-task-0056,fabric_query_confirmation,True,,342,1783273015504,0,,False
588,b2-fabric-b1-c4-r2,b2-fabric-b1-c4-r2-task-0057,fabric_query_confirmation,True,,347,1783273015499,0,,False
589,b2-fabric-b1-c4-r2,b2-fabric-b1-c4-r2-task-0059,fabric_query_confirmation,True,,347,1783273015500,0,,False
590,b2-fabric-b1-c4-r2,b2-fabric-b1-c4-r2-task-0058,fabric_query_confirmation,True,,348,1783273015501,0,,False
591,b2-fabric-b1-c4-r2,b2-fabric-b1-c4-r2-task-0058,fabric_vote_1,True,,2517,1783273015849,0,,False
592,b2-fabric-b1-c4-r2,b2-fabric-b1-c4-r2-task-0059,fabric_vote_1,True,,2521,1783273015847,0,,False
593,b2-fabric-b1-c4-r2,b2-fabric-b1-c4-r2-task-0056,fabric_vote_1,True,,2522,1783273015846,0,,False
594,b2-fabric-b1-c4-r2,b2-fabric-b1-c4-r2-task-0057,fabric_vote_1,True,,2524,1783273015846,0,,False
595,b2-fabric-b1-c4-r2,b2-fabric-b1-c4-r2-task-0057,fabric_vote_2,True,,2287,1783273018370,0,,False
596,b2-fabric-b1-c4-r2,b2-fabric-b1-c4-r2-task-0058,fabric_vote_2,True,,2293,1783273018366,0,,False
597,b2-fabric-b1-c4-r2,b2-fabric-b1-c4-r2-task-0059,fabric_vote_2,True,,2291,1783273018368,0,,False
598,b2-fabric-b1-c4-r2,b2-fabric-b1-c4-r2-task-0056,fabric_vote_2,True,,2292,1783273018368,0,,False
599,b2-fabric-b1-c4-r2,b2-fabric-b1-c4-r2-task-0057,fabric_settlement,True,,2310,1783273020657,0,,False
600,b2-fabric-b1-c4-r2,b2-fabric-b1-c4-r2-task-0056,fabric_settlement,True,,2308,1783273020660,0,,False
601,b2-fabric-b1-c4-r2,b2-fabric-b1-c4-r2-task-0058,fabric_settlement,True,,2309,1783273020659,0,,False
602,b2-fabric-b1-c4-r2,b2-fabric-b1-c4-r2-task-0059,fabric_settlement,True,,2311,1783273020659,0,,False
603,b2-fabric-b1-c4-r2,b2-fabric-b1-c4-r2-task-0058,fabric_query_final,True,,782,1783273022968,0,,False
604,b2-fabric-b1-c4-r2,b2-fabric-b1-c4-r2-task-0059,fabric_query_final,True,,781,1783273022970,0,,False
605,b2-fabric-b1-c4-r2,b2-fabric-b1-c4-r2-task-0056,fabric_query_final,True,,784,1783273022968,0,,False
606,b2-fabric-b1-c4-r2,b2-fabric-b1-c4-r2-task-0057,fabric_query_final,True,,789,1783273022967,0,,False
607,b2-fabric-b1-c4-r2,b2-fabric-b1-c4-r2-task-0059,ipfs_verify,True,,8,1783273023751,0,QmPBEGhSk6VvenSUj3Vr6bj3gHyXAjWBknK2erA4F3iiDo,False
608,b2-fabric-b1-c4-r2,b2-fabric-b1-c4-r2-task-0058,ipfs_verify,True,,10,1783273023750,0,QmXUCNGHMpTciMXWytGi2sfx8616VuyyUoqZa3oAtvFoDt,False
609,b2-fabric-b1-c4-r2,b2-fabric-b1-c4-r2-task-0056,ipfs_verify,True,,8,1783273023752,0,QmZ7pYazDS7aTNmx4r1RUas5pautaRbk4VUrw59C2XLkhW,False
610,b2-fabric-b1-c4-r2,b2-fabric-b1-c4-r2-task-0057,ipfs_verify,True,,9,1783273023756,0,QmXe2mVbUwjU9upyR6EUuSfmWPVCsUJ2XbjviLk1VWsWi5,False
611,b2-fabric-b1-c4-r2,b2-fabric-b1-c4-r2-task-0060,ipfs_add,True,,29,1783273023759,5935,,False
612,b2-fabric-b1-c4-r2,b2-fabric-b1-c4-r2-task-0062,ipfs_add,True,,45,1783273023760,1552,,False
613,b2-fabric-b1-c4-r2,b2-fabric-b1-c4-r2-task-0061,ipfs_add,True,,63,1783273023760,5946,,False
614,b2-fabric-b1-c4-r2,b2-fabric-b1-c4-r2-task-0063,ipfs_add,True,,74,1783273023766,1951,,False
615,b2-fabric-b1-c4-r2,b2-fabric-b1-c4-r2-task-0060,fabric_post_task,True,,2499,1783273023789,5935,QmNcgtQQTiKYTTZfgDnKUurGta1J2EPad8N1cioGFFfEnj,False
616,b2-fabric-b1-c4-r2,b2-fabric-b1-c4-r2-task-0062,fabric_post_task,True,,2483,1783273023805,1552,Qmb6iH1Q8fsUxVYrQmrcgAvCnH14JPTvzRbCctsufq5we3,False
617,b2-fabric-b1-c4-r2,b2-fabric-b1-c4-r2-task-0061,fabric_post_task,True,,2466,1783273023823,5946,QmZznbE6Q8qgJZM6zko75Z5kysY6RRAzfTKYtPEykpkpaT,False
618,b2-fabric-b1-c4-r2,b2-fabric-b1-c4-r2-task-0063,fabric_post_task,True,,2450,1783273023840,1951,Qmeq8QyrjD6bZ4YprHuPoMgTMvTCxaH2JtzMLSbHb4KCGp,False
619,b2-fabric-b1-c4-r2,b2-fabric-b1-c4-r2-task-0061,fabric_post_allocation,True,,2302,1783273026289,0,,False
620,b2-fabric-b1-c4-r2,b2-fabric-b1-c4-r2-task-0060,fabric_post_allocation,True,,2303,1783273026288,0,,False
621,b2-fabric-b1-c4-r2,b2-fabric-b1-c4-r2-task-0063,fabric_post_allocation,True,,2303,1783273026290,0,,False
622,b2-fabric-b1-c4-r2,b2-fabric-b1-c4-r2-task-0062,fabric_post_allocation,True,,2308,1783273026288,0,,False
623,b2-fabric-b1-c4-r2,b2-fabric-b1-c4-r2-task-0061,fabric_post_snapshot,True,,3304,1783273028591,0,,False
624,b2-fabric-b1-c4-r2,b2-fabric-b1-c4-r2-task-0060,fabric_post_snapshot,True,,3306,1783273028591,0,,False
625,b2-fabric-b1-c4-r2,b2-fabric-b1-c4-r2-task-0062,fabric_post_snapshot,True,,3302,1783273028596,0,,False
626,b2-fabric-b1-c4-r2,b2-fabric-b1-c4-r2-task-0063,fabric_post_snapshot,True,,3307,1783273028593,0,,False
627,b2-fabric-b1-c4-r2,b2-fabric-b1-c4-r2-task-0060,fabric_query_confirmation,True,,351,1783273031897,0,,False
628,b2-fabric-b1-c4-r2,b2-fabric-b1-c4-r2-task-0063,fabric_query_confirmation,True,,349,1783273031900,0,,False
629,b2-fabric-b1-c4-r2,b2-fabric-b1-c4-r2-task-0062,fabric_query_confirmation,True,,352,1783273031898,0,,False
630,b2-fabric-b1-c4-r2,b2-fabric-b1-c4-r2-task-0061,fabric_query_confirmation,True,,357,1783273031895,0,,False
631,b2-fabric-b1-c4-r2,b2-fabric-b1-c4-r2-task-0061,fabric_vote_1,True,,2493,1783273032252,0,,False
632,b2-fabric-b1-c4-r2,b2-fabric-b1-c4-r2-task-0060,fabric_vote_1,True,,2498,1783273032248,0,,False
633,b2-fabric-b1-c4-r2,b2-fabric-b1-c4-r2-task-0063,fabric_vote_1,True,,2498,1783273032249,0,,False
634,b2-fabric-b1-c4-r2,b2-fabric-b1-c4-r2-task-0062,fabric_vote_1,True,,2500,1783273032250,0,,False
635,b2-fabric-b1-c4-r2,b2-fabric-b1-c4-r2-task-0060,fabric_vote_2,True,,2529,1783273034746,0,,False
636,b2-fabric-b1-c4-r2,b2-fabric-b1-c4-r2-task-0061,fabric_vote_2,True,,2531,1783273034745,0,,False
637,b2-fabric-b1-c4-r2,b2-fabric-b1-c4-r2-task-0063,fabric_vote_2,True,,2530,1783273034747,0,,False
638,b2-fabric-b1-c4-r2,b2-fabric-b1-c4-r2-task-0062,fabric_vote_2,True,,2529,1783273034750,0,,False
639,b2-fabric-b1-c4-r2,b2-fabric-b1-c4-r2-task-0061,fabric_settlement,True,,2550,1783273037276,0,,False
640,b2-fabric-b1-c4-r2,b2-fabric-b1-c4-r2-task-0063,fabric_settlement,True,,2549,1783273037277,0,,False
641,b2-fabric-b1-c4-r2,b2-fabric-b1-c4-r2-task-0060,fabric_settlement,True,,2552,1783273037275,0,,False
642,b2-fabric-b1-c4-r2,b2-fabric-b1-c4-r2-task-0062,fabric_settlement,True,,2549,1783273037279,0,,False
643,b2-fabric-b1-c4-r2,b2-fabric-b1-c4-r2-task-0062,fabric_query_final,True,,368,1783273039828,0,,False
644,b2-fabric-b1-c4-r2,b2-fabric-b1-c4-r2-task-0063,fabric_query_final,True,,370,1783273039826,0,,False
645,b2-fabric-b1-c4-r2,b2-fabric-b1-c4-r2-task-0061,fabric_query_final,True,,371,1783273039826,0,,False
646,b2-fabric-b1-c4-r2,b2-fabric-b1-c4-r2-task-0060,fabric_query_final,True,,372,1783273039827,0,,False
647,b2-fabric-b1-c4-r2,b2-fabric-b1-c4-r2-task-0063,ipfs_verify,True,,7,1783273040196,0,Qmeq8QyrjD6bZ4YprHuPoMgTMvTCxaH2JtzMLSbHb4KCGp,False
648,b2-fabric-b1-c4-r2,b2-fabric-b1-c4-r2-task-0061,ipfs_verify,True,,6,1783273040197,0,QmZznbE6Q8qgJZM6zko75Z5kysY6RRAzfTKYtPEykpkpaT,False
649,b2-fabric-b1-c4-r2,b2-fabric-b1-c4-r2-task-0062,ipfs_verify,True,,8,1783273040196,0,Qmb6iH1Q8fsUxVYrQmrcgAvCnH14JPTvzRbCctsufq5we3,False
650,b2-fabric-b1-c4-r2,b2-fabric-b1-c4-r2-task-0060,ipfs_verify,True,,7,1783273040199,0,QmNcgtQQTiKYTTZfgDnKUurGta1J2EPad8N1cioGFFfEnj,False
651,b2-fabric-b1-c4-r2,b2-fabric-b1-c4-r2-task-0065,ipfs_add,True,,27,1783273040203,1532,,False
652,b2-fabric-b1-c4-r2,b2-fabric-b1-c4-r2-task-0066,ipfs_add,True,,44,1783273040204,1779,,False
653,b2-fabric-b1-c4-r2,b2-fabric-b1-c4-r2-task-0064,ipfs_add,True,,63,1783273040203,1718,,False
654,b2-fabric-b1-c4-r2,b2-fabric-b1-c4-r2-task-0067,ipfs_add,True,,76,1783273040206,1494,,False
655,b2-fabric-b1-c4-r2,b2-fabric-b1-c4-r2-task-0065,fabric_post_task,True,,2516,1783273040230,1532,QmTgn7Ef8bcgXc76teLMLFWfXkkV1kNKoL8EES2YSp6nVT,False
656,b2-fabric-b1-c4-r2,b2-fabric-b1-c4-r2-task-0066,fabric_post_task,True,,2500,1783273040248,1779,QmQadZaKvSss26axAEh58nbypRZhkvyv9qKSdKwsKrR3VT,False
657,b2-fabric-b1-c4-r2,b2-fabric-b1-c4-r2-task-0067,fabric_post_task,True,,2466,1783273040282,1494,Qmbt7FG9CTBc6sVfciXAseRzvjXpa6EoV1TehcNf7sChY3,False
658,b2-fabric-b1-c4-r2,b2-fabric-b1-c4-r2-task-0064,fabric_post_task,True,,2484,1783273040266,1718,QmdQasboxBg4eG1zCcznaXELJ43EhrApnvszJDpfVQP7gd,False
659,b2-fabric-b1-c4-r2,b2-fabric-b1-c4-r2-task-0064,fabric_post_allocation,True,,2332,1783273042750,0,,False
660,b2-fabric-b1-c4-r2,b2-fabric-b1-c4-r2-task-0066,fabric_post_allocation,True,,2335,1783273042748,0,,False
661,b2-fabric-b1-c4-r2,b2-fabric-b1-c4-r2-task-0065,fabric_post_allocation,True,,2337,1783273042747,0,,False
662,b2-fabric-b1-c4-r2,b2-fabric-b1-c4-r2-task-0067,fabric_post_allocation,True,,2338,1783273042748,0,,False
663,b2-fabric-b1-c4-r2,b2-fabric-b1-c4-r2-task-0064,fabric_post_snapshot,True,,161,1783273045082,0,,False
664,b2-fabric-b1-c4-r2,b2-fabric-b1-c4-r2-task-0066,fabric_post_snapshot,True,,161,1783273045083,0,,False
665,b2-fabric-b1-c4-r2,b2-fabric-b1-c4-r2-task-0065,fabric_post_snapshot,True,,160,1783273045084,0,,False
666,b2-fabric-b1-c4-r2,b2-fabric-b1-c4-r2-task-0067,fabric_post_snapshot,True,,159,1783273045086,0,,False
667,b2-fabric-b1-c4-r2,b2-fabric-b1-c4-r2-task-0067,fabric_query_confirmation,True,,130,1783273045245,0,,False
668,b2-fabric-b1-c4-r2,b2-fabric-b1-c4-r2-task-0065,fabric_query_confirmation,True,,131,1783273045244,0,,False
669,b2-fabric-b1-c4-r2,b2-fabric-b1-c4-r2-task-0064,fabric_query_confirmation,True,,133,1783273045243,0,,False
670,b2-fabric-b1-c4-r2,b2-fabric-b1-c4-r2-task-0066,fabric_query_confirmation,True,,135,1783273045244,0,,False
671,b2-fabric-b1-c4-r2,b2-fabric-b1-c4-r2-task-0065,fabric_vote_1,True,,2512,1783273045375,0,,False
672,b2-fabric-b1-c4-r2,b2-fabric-b1-c4-r2-task-0066,fabric_vote_1,True,,2510,1783273045379,0,,False
673,b2-fabric-b1-c4-r2,b2-fabric-b1-c4-r2-task-0064,fabric_vote_1,True,,2514,1783273045376,0,,False
674,b2-fabric-b1-c4-r2,b2-fabric-b1-c4-r2-task-0067,fabric_vote_1,True,,2515,1783273045375,0,,False
675,b2-fabric-b1-c4-r2,b2-fabric-b1-c4-r2-task-0067,fabric_vote_2,True,,2298,1783273047890,0,,False
676,b2-fabric-b1-c4-r2,b2-fabric-b1-c4-r2-task-0066,fabric_vote_2,True,,2300,1783273047889,0,,False
677,b2-fabric-b1-c4-r2,b2-fabric-b1-c4-r2-task-0064,fabric_vote_2,True,,2300,1783273047890,0,,False
678,b2-fabric-b1-c4-r2,b2-fabric-b1-c4-r2-task-0065,fabric_vote_2,True,,2306,1783273047887,0,,False
679,b2-fabric-b1-c4-r2,b2-fabric-b1-c4-r2-task-0064,fabric_settlement,True,,2534,1783273050190,0,,False
680,b2-fabric-b1-c4-r2,b2-fabric-b1-c4-r2-task-0065,fabric_settlement,True,,2532,1783273050193,0,,False
681,b2-fabric-b1-c4-r2,b2-fabric-b1-c4-r2-task-0067,fabric_settlement,True,,2538,1783273050188,0,,False
682,b2-fabric-b1-c4-r2,b2-fabric-b1-c4-r2-task-0066,fabric_settlement,True,,2538,1783273050189,0,,False
683,b2-fabric-b1-c4-r2,b2-fabric-b1-c4-r2-task-0066,fabric_query_final,True,,579,1783273052727,0,,False
684,b2-fabric-b1-c4-r2,b2-fabric-b1-c4-r2-task-0067,fabric_query_final,True,,580,1783273052726,0,,False
685,b2-fabric-b1-c4-r2,b2-fabric-b1-c4-r2-task-0065,fabric_query_final,True,,582,1783273052725,0,,False
686,b2-fabric-b1-c4-r2,b2-fabric-b1-c4-r2-task-0064,fabric_query_final,True,,589,1783273052724,0,,False
687,b2-fabric-b1-c4-r2,b2-fabric-b1-c4-r2-task-0067,ipfs_verify,True,,9,1783273053306,0,Qmbt7FG9CTBc6sVfciXAseRzvjXpa6EoV1TehcNf7sChY3,False
688,b2-fabric-b1-c4-r2,b2-fabric-b1-c4-r2-task-0066,ipfs_verify,True,,9,1783273053306,0,QmQadZaKvSss26axAEh58nbypRZhkvyv9qKSdKwsKrR3VT,False
689,b2-fabric-b1-c4-r2,b2-fabric-b1-c4-r2-task-0065,ipfs_verify,True,,9,1783273053307,0,QmTgn7Ef8bcgXc76teLMLFWfXkkV1kNKoL8EES2YSp6nVT,False
690,b2-fabric-b1-c4-r2,b2-fabric-b1-c4-r2-task-0064,ipfs_verify,True,,9,1783273053313,0,QmdQasboxBg4eG1zCcznaXELJ43EhrApnvszJDpfVQP7gd,False
691,b2-fabric-b1-c4-r2,b2-fabric-b1-c4-r2-task-0069,ipfs_add,True,,30,1783273053315,1526,,False
692,b2-fabric-b1-c4-r2,b2-fabric-b1-c4-r2-task-0070,ipfs_add,True,,47,1783273053316,5065,,False
693,b2-fabric-b1-c4-r2,b2-fabric-b1-c4-r2-task-0068,ipfs_add,True,,69,1783273053315,4158,,False
694,b2-fabric-b1-c4-r2,b2-fabric-b1-c4-r2-task-0071,ipfs_add,True,,81,1783273053322,7196,,False
695,b2-fabric-b1-c4-r2,b2-fabric-b1-c4-r2-task-0069,fabric_post_task,True,,2502,1783273053345,1526,Qmc3HzGamX75gaXpQyYRDkmKLfVRUTTUbDLLNafwajDdRv,False
696,b2-fabric-b1-c4-r2,b2-fabric-b1-c4-r2-task-0071,fabric_post_task,True,,2444,1783273053403,7196,QmNqkkGDJvpybcWjHb7TKY3DpGWDegeGBguFT6dBieSUKQ,False
697,b2-fabric-b1-c4-r2,b2-fabric-b1-c4-r2-task-0070,fabric_post_task,True,,2485,1783273053363,5065,QmZdwn7XZ6rmxkCtUjND7GCnAtzGsfmiqSWKEv7AMAoXVQ,False
698,b2-fabric-b1-c4-r2,b2-fabric-b1-c4-r2-task-0068,fabric_post_task,True,,2465,1783273053384,4158,QmdssCZHZja15BD7DuyPiXZPfZufH2mwmGr81QDSStPZPN,False
699,b2-fabric-b1-c4-r2,b2-fabric-b1-c4-r2-task-0068,fabric_post_allocation,True,,2326,1783273055849,0,,False
700,b2-fabric-b1-c4-r2,b2-fabric-b1-c4-r2-task-0070,fabric_post_allocation,True,,2328,1783273055848,0,,False
701,b2-fabric-b1-c4-r2,b2-fabric-b1-c4-r2-task-0069,fabric_post_allocation,True,,2330,1783273055847,0,,False
702,b2-fabric-b1-c4-r2,b2-fabric-b1-c4-r2-task-0071,fabric_post_allocation,True,,2332,1783273055847,0,,False
703,b2-fabric-b1-c4-r2,b2-fabric-b1-c4-r2-task-0071,fabric_post_snapshot,True,,3383,1783273058179,0,,False
704,b2-fabric-b1-c4-r2,b2-fabric-b1-c4-r2-task-0069,fabric_post_snapshot,True,,3386,1783273058177,0,,False
705,b2-fabric-b1-c4-r2,b2-fabric-b1-c4-r2-task-0070,fabric_post_snapshot,True,,3387,1783273058176,0,,False
706,b2-fabric-b1-c4-r2,b2-fabric-b1-c4-r2-task-0068,fabric_post_snapshot,True,,3389,1783273058175,0,,False
707,b2-fabric-b1-c4-r2,b2-fabric-b1-c4-r2-task-0069,fabric_query_confirmation,True,,132,1783273061563,0,,False
708,b2-fabric-b1-c4-r2,b2-fabric-b1-c4-r2-task-0068,fabric_query_confirmation,True,,131,1783273061564,0,,False
709,b2-fabric-b1-c4-r2,b2-fabric-b1-c4-r2-task-0071,fabric_query_confirmation,True,,134,1783273061562,0,,False
710,b2-fabric-b1-c4-r2,b2-fabric-b1-c4-r2-task-0070,fabric_query_confirmation,True,,136,1783273061564,0,,False
711,b2-fabric-b1-c4-r2,b2-fabric-b1-c4-r2-task-0071,fabric_vote_1,True,,2520,1783273061696,0,,False
712,b2-fabric-b1-c4-r2,b2-fabric-b1-c4-r2-task-0069,fabric_vote_1,True,,2523,1783273061695,0,,False
713,b2-fabric-b1-c4-r2,b2-fabric-b1-c4-r2-task-0068,fabric_vote_1,True,,2524,1783273061695,0,,False
714,b2-fabric-b1-c4-r2,b2-fabric-b1-c4-r2-task-0070,fabric_vote_1,True,,2519,1783273061701,0,,False
715,b2-fabric-b1-c4-r2,b2-fabric-b1-c4-r2-task-0069,fabric_vote_2,True,,2320,1783273064218,0,,False
716,b2-fabric-b1-c4-r2,b2-fabric-b1-c4-r2-task-0070,fabric_vote_2,True,,2319,1783273064220,0,,False
717,b2-fabric-b1-c4-r2,b2-fabric-b1-c4-r2-task-0068,fabric_vote_2,True,,2320,1783273064219,0,,False
718,b2-fabric-b1-c4-r2,b2-fabric-b1-c4-r2-task-0071,fabric_vote_2,True,,2324,1783273064216,0,,False
719,b2-fabric-b1-c4-r2,b2-fabric-b1-c4-r2-task-0070,fabric_settlement,True,,2309,1783273066539,0,,False
720,b2-fabric-b1-c4-r2,b2-fabric-b1-c4-r2-task-0071,fabric_settlement,True,,2309,1783273066540,0,,False
721,b2-fabric-b1-c4-r2,b2-fabric-b1-c4-r2-task-0069,fabric_settlement,True,,2312,1783273066538,0,,False
722,b2-fabric-b1-c4-r2,b2-fabric-b1-c4-r2-task-0068,fabric_settlement,True,,2313,1783273066539,0,,False
723,b2-fabric-b1-c4-r2,b2-fabric-b1-c4-r2-task-0069,fabric_query_final,True,,529,1783273068850,0,,False
724,b2-fabric-b1-c4-r2,b2-fabric-b1-c4-r2-task-0070,fabric_query_final,True,,532,1783273068848,0,,False
725,b2-fabric-b1-c4-r2,b2-fabric-b1-c4-r2-task-0068,fabric_query_final,True,,528,1783273068852,0,,False
726,b2-fabric-b1-c4-r2,b2-fabric-b1-c4-r2-task-0071,fabric_query_final,True,,534,1783273068849,0,,False
727,b2-fabric-b1-c4-r2,b2-fabric-b1-c4-r2-task-0070,ipfs_verify,True,,6,1783273069380,0,QmZdwn7XZ6rmxkCtUjND7GCnAtzGsfmiqSWKEv7AMAoXVQ,False
728,b2-fabric-b1-c4-r2,b2-fabric-b1-c4-r2-task-0068,ipfs_verify,True,,7,1783273069380,0,QmdssCZHZja15BD7DuyPiXZPfZufH2mwmGr81QDSStPZPN,False
729,b2-fabric-b1-c4-r2,b2-fabric-b1-c4-r2-task-0069,ipfs_verify,True,,8,1783273069379,0,Qmc3HzGamX75gaXpQyYRDkmKLfVRUTTUbDLLNafwajDdRv,False
730,b2-fabric-b1-c4-r2,b2-fabric-b1-c4-r2-task-0071,ipfs_verify,True,,5,1783273069383,0,QmNqkkGDJvpybcWjHb7TKY3DpGWDegeGBguFT6dBieSUKQ,False
731,b2-fabric-b1-c4-r2,b2-fabric-b1-c4-r2-task-0072,ipfs_add,True,,81,1783273069387,2305,,False
732,b2-fabric-b1-c4-r2,b2-fabric-b1-c4-r2-task-0073,ipfs_add,True,,111,1783273069387,4957,,False
733,b2-fabric-b1-c4-r2,b2-fabric-b1-c4-r2-task-0075,ipfs_add,True,,128,1783273069388,4400,,False
734,b2-fabric-b1-c4-r2,b2-fabric-b1-c4-r2-task-0074,ipfs_add,True,,128,1783273069388,5811,,False
735,b2-fabric-b1-c4-r2,b2-fabric-b1-c4-r2-task-0075,fabric_post_task,True,,2450,1783273069516,4400,QmXvAwLQ7v7nnXbkJPjkYdM3tUdkRw8oF5f6iTNZRPVgzN,False
736,b2-fabric-b1-c4-r2,b2-fabric-b1-c4-r2-task-0073,fabric_post_task,True,,2471,1783273069498,4957,QmUNq5xrs3K1vmXdkKido3g2XmRhi95o132iauehfL4aYG,False
737,b2-fabric-b1-c4-r2,b2-fabric-b1-c4-r2-task-0072,fabric_post_task,True,,2504,1783273069468,2305,QmWanySVkpZ7TybV7YuqtM2nn19ezsxpA246bdcmU47t6X,False
738,b2-fabric-b1-c4-r2,b2-fabric-b1-c4-r2-task-0074,fabric_post_task,True,,2458,1783273069516,5811,QmaeTJAzWRKvsT172vo8HGvAfgV8ipwLvzV1ZMQApxE1QS,False
739,b2-fabric-b1-c4-r2,b2-fabric-b1-c4-r2-task-0072,fabric_post_allocation,True,,2331,1783273071972,0,,False
740,b2-fabric-b1-c4-r2,b2-fabric-b1-c4-r2-task-0075,fabric_post_allocation,True,,2339,1783273071966,0,,False
741,b2-fabric-b1-c4-r2,b2-fabric-b1-c4-r2-task-0074,fabric_post_allocation,True,,2332,1783273071974,0,,False
742,b2-fabric-b1-c4-r2,b2-fabric-b1-c4-r2-task-0073,fabric_post_allocation,True,,2338,1783273071970,0,,False
743,b2-fabric-b1-c4-r2,b2-fabric-b1-c4-r2-task-0073,fabric_post_snapshot,True,,151,1783273074308,0,,False
744,b2-fabric-b1-c4-r2,b2-fabric-b1-c4-r2-task-0074,fabric_post_snapshot,True,,156,1783273074306,0,,False
745,b2-fabric-b1-c4-r2,b2-fabric-b1-c4-r2-task-0072,fabric_post_snapshot,True,,160,1783273074303,0,,False
746,b2-fabric-b1-c4-r2,b2-fabric-b1-c4-r2-task-0075,fabric_post_snapshot,True,,159,1783273074305,0,,False
747,b2-fabric-b1-c4-r2,b2-fabric-b1-c4-r2-task-0072,fabric_query_confirmation,True,,134,1783273074463,0,,False
748,b2-fabric-b1-c4-r2,b2-fabric-b1-c4-r2-task-0074,fabric_query_confirmation,True,,136,1783273074462,0,,False
749,b2-fabric-b1-c4-r2,b2-fabric-b1-c4-r2-task-0073,fabric_query_confirmation,True,,139,1783273074459,0,,False
750,b2-fabric-b1-c4-r2,b2-fabric-b1-c4-r2-task-0075,fabric_query_confirmation,True,,135,1783273074464,0,,False
751,b2-fabric-b1-c4-r2,b2-fabric-b1-c4-r2-task-0073,fabric_vote_1,True,,2275,1783273074598,0,,False
752,b2-fabric-b1-c4-r2,b2-fabric-b1-c4-r2-task-0072,fabric_vote_1,True,,2277,1783273074597,0,,False
753,b2-fabric-b1-c4-r2,b2-fabric-b1-c4-r2-task-0074,fabric_vote_1,True,,2277,1783273074598,0,,False
754,b2-fabric-b1-c4-r2,b2-fabric-b1-c4-r2-task-0075,fabric_vote_1,True,,2279,1783273074599,0,,False
755,b2-fabric-b1-c4-r2,b2-fabric-b1-c4-r2-task-0074,fabric_vote_2,True,,2287,1783273076875,0,,False
756,b2-fabric-b1-c4-r2,b2-fabric-b1-c4-r2-task-0073,fabric_vote_2,True,,2290,1783273076873,0,,False
757,b2-fabric-b1-c4-r2,b2-fabric-b1-c4-r2-task-0072,fabric_vote_2,True,,2290,1783273076874,0,,False
758,b2-fabric-b1-c4-r2,b2-fabric-b1-c4-r2-task-0075,fabric_vote_2,True,,2287,1783273076878,0,,False
759,b2-fabric-b1-c4-r2,b2-fabric-b1-c4-r2-task-0074,fabric_settlement,True,,2372,1783273079162,0,,False
760,b2-fabric-b1-c4-r2,b2-fabric-b1-c4-r2-task-0073,fabric_settlement,True,,2372,1783273079163,0,,False
761,b2-fabric-b1-c4-r2,b2-fabric-b1-c4-r2-task-0072,fabric_settlement,True,,2371,1783273079164,0,,False
762,b2-fabric-b1-c4-r2,b2-fabric-b1-c4-r2-task-0075,fabric_settlement,True,,2374,1783273079165,0,,False
763,b2-fabric-b1-c4-r2,b2-fabric-b1-c4-r2-task-0075,fabric_query_final,True,,1090,1783273081539,0,,False
764,b2-fabric-b1-c4-r2,b2-fabric-b1-c4-r2-task-0072,fabric_query_final,True,,1094,1783273081535,0,,False
765,b2-fabric-b1-c4-r2,b2-fabric-b1-c4-r2-task-0074,fabric_query_final,True,,1096,1783273081534,0,,False
766,b2-fabric-b1-c4-r2,b2-fabric-b1-c4-r2-task-0073,fabric_query_final,True,,1098,1783273081535,0,,False
767,b2-fabric-b1-c4-r2,b2-fabric-b1-c4-r2-task-0072,ipfs_verify,True,,10,1783273082629,0,QmWanySVkpZ7TybV7YuqtM2nn19ezsxpA246bdcmU47t6X,False
768,b2-fabric-b1-c4-r2,b2-fabric-b1-c4-r2-task-0075,ipfs_verify,True,,10,1783273082629,0,QmXvAwLQ7v7nnXbkJPjkYdM3tUdkRw8oF5f6iTNZRPVgzN,False
769,b2-fabric-b1-c4-r2,b2-fabric-b1-c4-r2-task-0074,ipfs_verify,True,,10,1783273082630,0,QmaeTJAzWRKvsT172vo8HGvAfgV8ipwLvzV1ZMQApxE1QS,False
770,b2-fabric-b1-c4-r2,b2-fabric-b1-c4-r2-task-0073,ipfs_verify,True,,8,1783273082633,0,QmUNq5xrs3K1vmXdkKido3g2XmRhi95o132iauehfL4aYG,False
771,b2-fabric-b1-c4-r2,b2-fabric-b1-c4-r2-task-0076,ipfs_add,True,,34,1783273082639,4961,,False
772,b2-fabric-b1-c4-r2,b2-fabric-b1-c4-r2-task-0077,ipfs_add,True,,52,1783273082639,1774,,False
773,b2-fabric-b1-c4-r2,b2-fabric-b1-c4-r2-task-0078,ipfs_add,True,,68,1783273082640,4011,,False
774,b2-fabric-b1-c4-r2,b2-fabric-b1-c4-r2-task-0079,ipfs_add,True,,85,1783273082642,2910,,False
775,b2-fabric-b1-c4-r2,b2-fabric-b1-c4-r2-task-0076,fabric_post_task,True,,2509,1783273082673,4961,QmPYBXNwCTh5Jewpe24hUv1bBvhKKyvE3uxvUw3jvcJV2S,False
776,b2-fabric-b1-c4-r2,b2-fabric-b1-c4-r2-task-0079,fabric_post_task,True,,2456,1783273082727,2910,QmUANPhfiGoG4ujKLWNNL1cTTFTCULjPxcP9sn7jNfzJhL,False
777,b2-fabric-b1-c4-r2,b2-fabric-b1-c4-r2-task-0078,fabric_post_task,True,,2475,1783273082708,4011,QmQMb15VfwTvEopgdonkaUmtV5EoYEVHk6p3eKpDmm7VQJ,False
778,b2-fabric-b1-c4-r2,b2-fabric-b1-c4-r2-task-0077,fabric_post_task,True,,2497,1783273082691,1774,QmYN6ceiUFJghNBVdUfs4AgqbBx4pasRLDxDdrHuAvaYYe,False
779,b2-fabric-b1-c4-r2,b2-fabric-b1-c4-r2-task-0077,fabric_post_allocation,True,,3196,1783273085188,0,,False
780,b2-fabric-b1-c4-r2,b2-fabric-b1-c4-r2-task-0079,fabric_post_allocation,True,,3204,1783273085183,0,,False
781,b2-fabric-b1-c4-r2,b2-fabric-b1-c4-r2-task-0078,fabric_post_allocation,True,,3205,1783273085183,0,,False
782,b2-fabric-b1-c4-r2,b2-fabric-b1-c4-r2-task-0076,fabric_post_allocation,True,,3206,1783273085182,0,,False
783,b2-fabric-b1-c4-r2,b2-fabric-b1-c4-r2-task-0079,fabric_post_snapshot,True,,2302,1783273088387,0,,False
784,b2-fabric-b1-c4-r2,b2-fabric-b1-c4-r2-task-0076,fabric_post_snapshot,True,,2301,1783273088388,0,,False
785,b2-fabric-b1-c4-r2,b2-fabric-b1-c4-r2-task-0078,fabric_post_snapshot,True,,2302,1783273088388,0,,False
786,b2-fabric-b1-c4-r2,b2-fabric-b1-c4-r2-task-0077,fabric_post_snapshot,True,,2308,1783273088384,0,,False
787,b2-fabric-b1-c4-r2,b2-fabric-b1-c4-r2-task-0079,fabric_query_confirmation,True,,349,1783273090689,0,,False
788,b2-fabric-b1-c4-r2,b2-fabric-b1-c4-r2-task-0077,fabric_query_confirmation,True,,347,1783273090692,0,,False
789,b2-fabric-b1-c4-r2,b2-fabric-b1-c4-r2-task-0078,fabric_query_confirmation,True,,349,1783273090690,0,,False
790,b2-fabric-b1-c4-r2,b2-fabric-b1-c4-r2-task-0076,fabric_query_confirmation,True,,352,1783273090689,0,,False
791,b2-fabric-b1-c4-r2,b2-fabric-b1-c4-r2-task-0076,fabric_vote_1,True,,2524,1783273091041,0,,False
792,b2-fabric-b1-c4-r2,b2-fabric-b1-c4-r2-task-0077,fabric_vote_1,True,,2529,1783273091039,0,,False
793,b2-fabric-b1-c4-r2,b2-fabric-b1-c4-r2-task-0078,fabric_vote_1,True,,2530,1783273091039,0,,False
794,b2-fabric-b1-c4-r2,b2-fabric-b1-c4-r2-task-0079,fabric_vote_1,True,,2532,1783273091038,0,,False
795,b2-fabric-b1-c4-r2,b2-fabric-b1-c4-r2-task-0076,fabric_vote_2,True,,2286,1783273093565,0,,False
796,b2-fabric-b1-c4-r2,b2-fabric-b1-c4-r2-task-0078,fabric_vote_2,True,,2283,1783273093569,0,,False
797,b2-fabric-b1-c4-r2,b2-fabric-b1-c4-r2-task-0079,fabric_vote_2,True,,2282,1783273093570,0,,False
798,b2-fabric-b1-c4-r2,b2-fabric-b1-c4-r2-task-0077,fabric_vote_2,True,,2287,1783273093568,0,,False
799,b2-fabric-b1-c4-r2,b2-fabric-b1-c4-r2-task-0076,fabric_settlement,True,,2510,1783273095851,0,,False
800,b2-fabric-b1-c4-r2,b2-fabric-b1-c4-r2-task-0078,fabric_settlement,True,,2509,1783273095852,0,,False
801,b2-fabric-b1-c4-r2,b2-fabric-b1-c4-r2-task-0079,fabric_settlement,True,,2510,1783273095852,0,,False
802,b2-fabric-b1-c4-r2,b2-fabric-b1-c4-r2-task-0077,fabric_settlement,True,,2511,1783273095855,0,,False
803,b2-fabric-b1-c4-r2,b2-fabric-b1-c4-r2-task-0077,fabric_query_final,True,,754,1783273098366,0,,False
804,b2-fabric-b1-c4-r2,b2-fabric-b1-c4-r2-task-0078,fabric_query_final,True,,759,1783273098361,0,,False
805,b2-fabric-b1-c4-r2,b2-fabric-b1-c4-r2-task-0076,fabric_query_final,True,,759,1783273098361,0,,False
806,b2-fabric-b1-c4-r2,b2-fabric-b1-c4-r2-task-0079,fabric_query_final,True,,762,1783273098362,0,,False
807,b2-fabric-b1-c4-r2,b2-fabric-b1-c4-r2-task-0078,ipfs_verify,True,,7,1783273099120,0,QmQMb15VfwTvEopgdonkaUmtV5EoYEVHk6p3eKpDmm7VQJ,False
808,b2-fabric-b1-c4-r2,b2-fabric-b1-c4-r2-task-0077,ipfs_verify,True,,8,1783273099120,0,QmYN6ceiUFJghNBVdUfs4AgqbBx4pasRLDxDdrHuAvaYYe,False
809,b2-fabric-b1-c4-r2,b2-fabric-b1-c4-r2-task-0076,ipfs_verify,True,,9,1783273099120,0,QmPYBXNwCTh5Jewpe24hUv1bBvhKKyvE3uxvUw3jvcJV2S,False
810,b2-fabric-b1-c4-r2,b2-fabric-b1-c4-r2-task-0079,ipfs_verify,True,,6,1783273099124,0,QmUANPhfiGoG4ujKLWNNL1cTTFTCULjPxcP9sn7jNfzJhL,False
811,b2-fabric-b1-c4-r2,b2-fabric-b1-c4-r2-task-0081,ipfs_add,True,,27,1783273099128,9224,,False
812,b2-fabric-b1-c4-r2,b2-fabric-b1-c4-r2-task-0080,ipfs_add,True,,51,1783273099128,2007,,False
813,b2-fabric-b1-c4-r2,b2-fabric-b1-c4-r2-task-0082,ipfs_add,True,,66,1783273099129,9851,,False
814,b2-fabric-b1-c4-r2,b2-fabric-b1-c4-r2-task-0083,ipfs_add,True,,80,1783273099131,4402,,False
815,b2-fabric-b1-c4-r2,b2-fabric-b1-c4-r2-task-0082,fabric_post_task,True,,2417,1783273099195,9851,QmV9rgZvcZKU4rPzj6kpzY1dYdbWXgNxb8v7XJGh6yCSZk,False
816,b2-fabric-b1-c4-r2,b2-fabric-b1-c4-r2-task-0080,fabric_post_task,True,,2436,1783273099179,2007,QmSoqaKbY1pzamSrK5gatTauBKmwAqCw92JyzZxyPFt8FW,False
817,b2-fabric-b1-c4-r2,b2-fabric-b1-c4-r2-task-0081,fabric_post_task,True,,2460,1783273099155,9224,QmQhzdo79vLus2WbHD1UviAJSuaG18vFF57Yt3d5cS2s7M,False
818,b2-fabric-b1-c4-r2,b2-fabric-b1-c4-r2-task-0083,fabric_post_task,True,,2405,1783273099211,4402,QmPd7FL1akHQY92fmAnCsPGgoQXB5msWnC72Pa4Ym8A7LB,False
819,b2-fabric-b1-c4-r2,b2-fabric-b1-c4-r2-task-0081,fabric_post_allocation,True,,451,1783273101615,0,,False
820,b2-fabric-b1-c4-r2,b2-fabric-b1-c4-r2-task-0083,fabric_post_allocation,True,,454,1783273101616,0,,False
821,b2-fabric-b1-c4-r2,b2-fabric-b1-c4-r2-task-0082,fabric_post_allocation,True,,458,1783273101612,0,,False
822,b2-fabric-b1-c4-r2,b2-fabric-b1-c4-r2-task-0080,fabric_post_allocation,True,,457,1783273101615,0,,False
823,b2-fabric-b1-c4-r2,b2-fabric-b1-c4-r2-task-0080,fabric_post_snapshot,True,,2284,1783273102072,0,,False
824,b2-fabric-b1-c4-r2,b2-fabric-b1-c4-r2-task-0083,fabric_post_snapshot,True,,2287,1783273102070,0,,False
825,b2-fabric-b1-c4-r2,b2-fabric-b1-c4-r2-task-0082,fabric_post_snapshot,True,,2288,1783273102070,0,,False
826,b2-fabric-b1-c4-r2,b2-fabric-b1-c4-r2-task-0081,fabric_post_snapshot,True,,2294,1783273102066,0,,False
827,b2-fabric-b1-c4-r2,b2-fabric-b1-c4-r2-task-0081,fabric_query_confirmation,True,,336,1783273104360,0,,False
828,b2-fabric-b1-c4-r2,b2-fabric-b1-c4-r2-task-0080,fabric_query_confirmation,True,,342,1783273104356,0,,False
829,b2-fabric-b1-c4-r2,b2-fabric-b1-c4-r2-task-0083,fabric_query_confirmation,True,,341,1783273104357,0,,False
830,b2-fabric-b1-c4-r2,b2-fabric-b1-c4-r2-task-0082,fabric_query_confirmation,True,,341,1783273104358,0,,False
831,b2-fabric-b1-c4-r2,b2-fabric-b1-c4-r2-task-0080,fabric_vote_1,True,,2282,1783273104698,0,,False
832,b2-fabric-b1-c4-r2,b2-fabric-b1-c4-r2-task-0081,fabric_vote_1,True,,2284,1783273104696,0,,False
833,b2-fabric-b1-c4-r2,b2-fabric-b1-c4-r2-task-0082,fabric_vote_1,True,,2282,1783273104699,0,,False
834,b2-fabric-b1-c4-r2,b2-fabric-b1-c4-r2-task-0083,fabric_vote_1,True,,2284,1783273104698,0,,False
835,b2-fabric-b1-c4-r2,b2-fabric-b1-c4-r2-task-0082,fabric_vote_2,True,,2257,1783273106982,0,,False
836,b2-fabric-b1-c4-r2,b2-fabric-b1-c4-r2-task-0083,fabric_vote_2,True,,2257,1783273106982,0,,False
837,b2-fabric-b1-c4-r2,b2-fabric-b1-c4-r2-task-0081,fabric_vote_2,True,,2260,1783273106980,0,,False
838,b2-fabric-b1-c4-r2,b2-fabric-b1-c4-r2-task-0080,fabric_vote_2,True,,2260,1783273106980,0,,False
839,b2-fabric-b1-c4-r2,b2-fabric-b1-c4-r2-task-0081,fabric_settlement,True,,2343,1783273109240,0,,False
840,b2-fabric-b1-c4-r2,b2-fabric-b1-c4-r2-task-0080,fabric_settlement,True,,2344,1783273109240,0,,False
841,b2-fabric-b1-c4-r2,b2-fabric-b1-c4-r2-task-0082,fabric_settlement,True,,2345,1783273109239,0,,False
842,b2-fabric-b1-c4-r2,b2-fabric-b1-c4-r2-task-0083,fabric_settlement,True,,2349,1783273109239,0,,False
843,b2-fabric-b1-c4-r2,b2-fabric-b1-c4-r2-task-0081,fabric_query_final,True,,1058,1783273111583,0,,False
844,b2-fabric-b1-c4-r2,b2-fabric-b1-c4-r2-task-0080,fabric_query_final,True,,1058,1783273111584,0,,False
845,b2-fabric-b1-c4-r2,b2-fabric-b1-c4-r2-task-0082,fabric_query_final,True,,1059,1783273111584,0,,False
846,b2-fabric-b1-c4-r2,b2-fabric-b1-c4-r2-task-0083,fabric_query_final,True,,1058,1783273111588,0,,False
847,b2-fabric-b1-c4-r2,b2-fabric-b1-c4-r2-task-0080,ipfs_verify,True,,6,1783273112642,0,QmSoqaKbY1pzamSrK5gatTauBKmwAqCw92JyzZxyPFt8FW,False
848,b2-fabric-b1-c4-r2,b2-fabric-b1-c4-r2-task-0081,ipfs_verify,True,,8,1783273112641,0,QmQhzdo79vLus2WbHD1UviAJSuaG18vFF57Yt3d5cS2s7M,False
849,b2-fabric-b1-c4-r2,b2-fabric-b1-c4-r2-task-0082,ipfs_verify,True,,6,1783273112643,0,QmV9rgZvcZKU4rPzj6kpzY1dYdbWXgNxb8v7XJGh6yCSZk,False
850,b2-fabric-b1-c4-r2,b2-fabric-b1-c4-r2-task-0083,ipfs_verify,True,,7,1783273112646,0,QmPd7FL1akHQY92fmAnCsPGgoQXB5msWnC72Pa4Ym8A7LB,False
851,b2-fabric-b1-c4-r2,b2-fabric-b1-c4-r2-task-0086,ipfs_add,True,,32,1783273112650,5003,,False
852,b2-fabric-b1-c4-r2,b2-fabric-b1-c4-r2-task-0085,ipfs_add,True,,50,1783273112649,5393,,False
853,b2-fabric-b1-c4-r2,b2-fabric-b1-c4-r2-task-0084,ipfs_add,True,,67,1783273112649,6840,,False
854,b2-fabric-b1-c4-r2,b2-fabric-b1-c4-r2-task-0087,ipfs_add,True,,79,1783273112654,2524,,False
855,b2-fabric-b1-c4-r2,b2-fabric-b1-c4-r2-task-0086,fabric_post_task,True,,2605,1783273112682,5003,QmUfeTTtpRKHWHGYM8kZeEDzEeTVbVYPN8syBVGcicKp1E,False
856,b2-fabric-b1-c4-r2,b2-fabric-b1-c4-r2-task-0085,fabric_post_task,True,,2589,1783273112699,5393,QmeUxU9Y8M556RrfUeDKwffgmyBADm96MQkeiAE978JMp4,False
857,b2-fabric-b1-c4-r2,b2-fabric-b1-c4-r2-task-0084,fabric_post_task,True,,2573,1783273112716,6840,QmfAG7xP2UTe2HqMXVRZaRh4cF3StaCZniJqRpRTYFaeDM,False
858,b2-fabric-b1-c4-r2,b2-fabric-b1-c4-r2-task-0087,fabric_post_task,True,,2558,1783273112733,2524,QmaCUtHjnRyELCqbtZ1neE9rfnPpeXAWptbrgpbTV3gGcj,False
859,b2-fabric-b1-c4-r2,b2-fabric-b1-c4-r2-task-0087,fabric_post_allocation,True,,3683,1783273115291,0,,False
860,b2-fabric-b1-c4-r2,b2-fabric-b1-c4-r2-task-0084,fabric_post_allocation,True,,3688,1783273115289,0,,False
861,b2-fabric-b1-c4-r2,b2-fabric-b1-c4-r2-task-0086,fabric_post_allocation,True,,3691,1783273115287,0,,False
862,b2-fabric-b1-c4-r2,b2-fabric-b1-c4-r2-task-0085,fabric_post_allocation,True,,3691,1783273115288,0,,False
863,b2-fabric-b1-c4-r2,b2-fabric-b1-c4-r2-task-0087,fabric_post_snapshot,True,,2295,1783273118974,0,,False
864,b2-fabric-b1-c4-r2,b2-fabric-b1-c4-r2-task-0085,fabric_post_snapshot,True,,2290,1783273118979,0,,False
865,b2-fabric-b1-c4-r2,b2-fabric-b1-c4-r2-task-0086,fabric_post_snapshot,True,,2292,1783273118978,0,,False
866,b2-fabric-b1-c4-r2,b2-fabric-b1-c4-r2-task-0084,fabric_post_snapshot,True,,2296,1783273118977,0,,False
867,b2-fabric-b1-c4-r2,b2-fabric-b1-c4-r2-task-0087,fabric_query_confirmation,True,,384,1783273121269,0,,False
868,b2-fabric-b1-c4-r2,b2-fabric-b1-c4-r2-task-0084,fabric_query_confirmation,True,,381,1783273121273,0,,False
869,b2-fabric-b1-c4-r2,b2-fabric-b1-c4-r2-task-0086,fabric_query_confirmation,True,,385,1783273121270,0,,False
870,b2-fabric-b1-c4-r2,b2-fabric-b1-c4-r2-task-0085,fabric_query_confirmation,True,,388,1783273121269,0,,False
871,b2-fabric-b1-c4-r2,b2-fabric-b1-c4-r2-task-0087,fabric_vote_1,True,,2333,1783273121653,0,,False
872,b2-fabric-b1-c4-r2,b2-fabric-b1-c4-r2-task-0086,fabric_vote_1,True,,2332,1783273121655,0,,False
873,b2-fabric-b1-c4-r2,b2-fabric-b1-c4-r2-task-0085,fabric_vote_1,True,,2330,1783273121657,0,,False
874,b2-fabric-b1-c4-r2,b2-fabric-b1-c4-r2-task-0084,fabric_vote_1,True,,2336,1783273121654,0,,False
875,b2-fabric-b1-c4-r2,b2-fabric-b1-c4-r2-task-0086,fabric_vote_2,True,,2472,1783273123987,0,,False
876,b2-fabric-b1-c4-r2,b2-fabric-b1-c4-r2-task-0085,fabric_vote_2,True,,2472,1783273123987,0,,False
877,b2-fabric-b1-c4-r2,b2-fabric-b1-c4-r2-task-0087,fabric_vote_2,True,,2474,1783273123986,0,,False
878,b2-fabric-b1-c4-r2,b2-fabric-b1-c4-r2-task-0084,fabric_vote_2,True,,2472,1783273123990,0,,False
879,b2-fabric-b1-c4-r2,b2-fabric-b1-c4-r2-task-0086,fabric_settlement,True,,2545,1783273126459,0,,False
880,b2-fabric-b1-c4-r2,b2-fabric-b1-c4-r2-task-0087,fabric_settlement,True,,2545,1783273126460,0,,False
881,b2-fabric-b1-c4-r2,b2-fabric-b1-c4-r2-task-0085,fabric_settlement,True,,2547,1783273126459,0,,False
882,b2-fabric-b1-c4-r2,b2-fabric-b1-c4-r2-task-0084,fabric_settlement,True,,2545,1783273126462,0,,False
883,b2-fabric-b1-c4-r2,b2-fabric-b1-c4-r2-task-0086,fabric_query_final,True,,600,1783273129004,0,,False
884,b2-fabric-b1-c4-r2,b2-fabric-b1-c4-r2-task-0087,fabric_query_final,True,,600,1783273129005,0,,False
885,b2-fabric-b1-c4-r2,b2-fabric-b1-c4-r2-task-0085,fabric_query_final,True,,599,1783273129006,0,,False
886,b2-fabric-b1-c4-r2,b2-fabric-b1-c4-r2-task-0084,fabric_query_final,True,,603,1783273129007,0,,False
887,b2-fabric-b1-c4-r2,b2-fabric-b1-c4-r2-task-0086,ipfs_verify,True,,9,1783273129604,0,QmUfeTTtpRKHWHGYM8kZeEDzEeTVbVYPN8syBVGcicKp1E,False
888,b2-fabric-b1-c4-r2,b2-fabric-b1-c4-r2-task-0085,ipfs_verify,True,,9,1783273129605,0,QmeUxU9Y8M556RrfUeDKwffgmyBADm96MQkeiAE978JMp4,False
889,b2-fabric-b1-c4-r2,b2-fabric-b1-c4-r2-task-0087,ipfs_verify,True,,10,1783273129605,0,QmaCUtHjnRyELCqbtZ1neE9rfnPpeXAWptbrgpbTV3gGcj,False
890,b2-fabric-b1-c4-r2,b2-fabric-b1-c4-r2-task-0084,ipfs_verify,True,,7,1783273129610,0,QmfAG7xP2UTe2HqMXVRZaRh4cF3StaCZniJqRpRTYFaeDM,False
891,b2-fabric-b1-c4-r2,b2-fabric-b1-c4-r2-task-0090,ipfs_add,True,,34,1783273129615,6914,,False
892,b2-fabric-b1-c4-r2,b2-fabric-b1-c4-r2-task-0089,ipfs_add,True,,52,1783273129614,7941,,False
893,b2-fabric-b1-c4-r2,b2-fabric-b1-c4-r2-task-0088,ipfs_add,True,,69,1783273129614,6313,,False
894,b2-fabric-b1-c4-r2,b2-fabric-b1-c4-r2-task-0091,ipfs_add,True,,84,1783273129617,1951,,False
895,b2-fabric-b1-c4-r2,b2-fabric-b1-c4-r2-task-0089,fabric_post_task,True,,-194,1783273129666,7941,QmVftiZx5cF23Q6fEY7jKzUu6HRmm42Q1XtHogR3LDyhCd,False
896,b2-fabric-b1-c4-r2,b2-fabric-b1-c4-r2-task-0090,fabric_post_task,True,,-176,1783273129649,6914,QmUFJ4iN46ZdBAqPuKeTPTjzJskJ6t9opLUxf3WHdGBRsp,False
897,b2-fabric-b1-c4-r2,b2-fabric-b1-c4-r2-task-0088,fabric_post_task,True,,-210,1783273129683,6313,QmUQTJ8LNhjew8dD5w4F6KUYvuRCsc5Joz6Pxfc2Ykcf3n,False
898,b2-fabric-b1-c4-r2,b2-fabric-b1-c4-r2-task-0091,fabric_post_task,True,,-226,1783273129701,1951,QmYv9mxEgFLjPUKuWCa4UJ2mudHV34x9WAJXvNME9guXYs,False
899,b2-fabric-b1-c4-r2,b2-fabric-b1-c4-r2-task-0091,fabric_post_allocation,True,,2365,1783273129475,0,,False
900,b2-fabric-b1-c4-r2,b2-fabric-b1-c4-r2-task-0088,fabric_post_allocation,True,,2368,1783273129473,0,,False
901,b2-fabric-b1-c4-r2,b2-fabric-b1-c4-r2-task-0089,fabric_post_allocation,True,,2370,1783273129472,0,,False
902,b2-fabric-b1-c4-r2,b2-fabric-b1-c4-r2-task-0090,fabric_post_allocation,True,,2371,1783273129473,0,,False
903,b2-fabric-b1-c4-r2,b2-fabric-b1-c4-r2-task-0091,fabric_post_snapshot,True,,2517,1783273131840,0,,False
904,b2-fabric-b1-c4-r2,b2-fabric-b1-c4-r2-task-0088,fabric_post_snapshot,True,,2517,1783273131841,0,,False
905,b2-fabric-b1-c4-r2,b2-fabric-b1-c4-r2-task-0089,fabric_post_snapshot,True,,2516,1783273131842,0,,False
906,b2-fabric-b1-c4-r2,b2-fabric-b1-c4-r2-task-0090,fabric_post_snapshot,True,,2516,1783273131844,0,,False
907,b2-fabric-b1-c4-r2,b2-fabric-b1-c4-r2-task-0088,fabric_query_confirmation,True,,313,1783273134358,0,,False
908,b2-fabric-b1-c4-r2,b2-fabric-b1-c4-r2-task-0090,fabric_query_confirmation,True,,312,1783273134360,0,,False
909,b2-fabric-b1-c4-r2,b2-fabric-b1-c4-r2-task-0091,fabric_query_confirmation,True,,315,1783273134357,0,,False
910,b2-fabric-b1-c4-r2,b2-fabric-b1-c4-r2-task-0089,fabric_query_confirmation,True,,315,1783273134358,0,,False
911,b2-fabric-b1-c4-r2,b2-fabric-b1-c4-r2-task-0090,fabric_vote_1,True,,2260,1783273134672,0,,False
912,b2-fabric-b1-c4-r2,b2-fabric-b1-c4-r2-task-0089,fabric_vote_1,True,,2260,1783273134673,0,,False
913,b2-fabric-b1-c4-r2,b2-fabric-b1-c4-r2-task-0088,fabric_vote_1,True,,2263,1783273134671,0,,False
914,b2-fabric-b1-c4-r2,b2-fabric-b1-c4-r2-task-0091,fabric_vote_1,True,,2263,1783273134672,0,,False
915,b2-fabric-b1-c4-r2,b2-fabric-b1-c4-r2-task-0089,fabric_vote_2,True,,2471,1783273136933,0,,False
916,b2-fabric-b1-c4-r2,b2-fabric-b1-c4-r2-task-0088,fabric_vote_2,True,,2471,1783273136934,0,,False
917,b2-fabric-b1-c4-r2,b2-fabric-b1-c4-r2-task-0090,fabric_vote_2,True,,2475,1783273136932,0,,False
918,b2-fabric-b1-c4-r2,b2-fabric-b1-c4-r2-task-0091,fabric_vote_2,True,,2473,1783273136935,0,,False
919,b2-fabric-b1-c4-r2,b2-fabric-b1-c4-r2-task-0089,fabric_settlement,True,,2298,1783273139404,0,,False
920,b2-fabric-b1-c4-r2,b2-fabric-b1-c4-r2-task-0090,fabric_settlement,True,,2296,1783273139407,0,,False
921,b2-fabric-b1-c4-r2,b2-fabric-b1-c4-r2-task-0091,fabric_settlement,True,,2296,1783273139408,0,,False
922,b2-fabric-b1-c4-r2,b2-fabric-b1-c4-r2-task-0088,fabric_settlement,True,,2299,1783273139405,0,,False
923,b2-fabric-b1-c4-r2,b2-fabric-b1-c4-r2-task-0089,fabric_query_final,True,,807,1783273141702,0,,False
924,b2-fabric-b1-c4-r2,b2-fabric-b1-c4-r2-task-0091,fabric_query_final,True,,806,1783273141704,0,,False
925,b2-fabric-b1-c4-r2,b2-fabric-b1-c4-r2-task-0090,fabric_query_final,True,,807,1783273141703,0,,False
926,b2-fabric-b1-c4-r2,b2-fabric-b1-c4-r2-task-0088,fabric_query_final,True,,811,1783273141704,0,,False
927,b2-fabric-b1-c4-r2,b2-fabric-b1-c4-r2-task-0089,ipfs_verify,True,,8,1783273142509,0,QmVftiZx5cF23Q6fEY7jKzUu6HRmm42Q1XtHogR3LDyhCd,False
928,b2-fabric-b1-c4-r2,b2-fabric-b1-c4-r2-task-0091,ipfs_verify,True,,8,1783273142510,0,QmYv9mxEgFLjPUKuWCa4UJ2mudHV34x9WAJXvNME9guXYs,False
929,b2-fabric-b1-c4-r2,b2-fabric-b1-c4-r2-task-0090,ipfs_verify,True,,9,1783273142510,0,QmUFJ4iN46ZdBAqPuKeTPTjzJskJ6t9opLUxf3WHdGBRsp,False
930,b2-fabric-b1-c4-r2,b2-fabric-b1-c4-r2-task-0088,ipfs_verify,True,,6,1783273142515,0,QmUQTJ8LNhjew8dD5w4F6KUYvuRCsc5Joz6Pxfc2Ykcf3n,False
931,b2-fabric-b1-c4-r2,b2-fabric-b1-c4-r2-task-0093,ipfs_add,True,,29,1783273142518,2270,,False
932,b2-fabric-b1-c4-r2,b2-fabric-b1-c4-r2-task-0094,ipfs_add,True,,46,1783273142519,1639,,False
933,b2-fabric-b1-c4-r2,b2-fabric-b1-c4-r2-task-0092,ipfs_add,True,,64,1783273142517,1493,,False
934,b2-fabric-b1-c4-r2,b2-fabric-b1-c4-r2-task-0095,ipfs_add,True,,77,1783273142521,1666,,False
935,b2-fabric-b1-c4-r2,b2-fabric-b1-c4-r2-task-0094,fabric_post_task,True,,3421,1783273142565,1639,Qmcoy7jVpQZts4qfhnY3Dq68TwHxh42aM1HD89yiYyLqXr,False
936,b2-fabric-b1-c4-r2,b2-fabric-b1-c4-r2-task-0092,fabric_post_task,True,,3406,1783273142581,1493,QmXnhuyu5tzEEDxeWhdNGMapRsWVTkNn4G5PkDzHAKVv9Y,False
937,b2-fabric-b1-c4-r2,b2-fabric-b1-c4-r2-task-0095,fabric_post_task,True,,3391,1783273142598,1666,QmdSd9pjj1twsznRx6uZJeXFdtGiEY3Nn6QmQrPgRMBbaZ,False
938,b2-fabric-b1-c4-r2,b2-fabric-b1-c4-r2-task-0093,fabric_post_task,True,,3442,1783273142547,2270,QmPvFCcsxh1cDhtjZSsbtn5uF81JA3vawovaWSBsW1MLDC,False
939,b2-fabric-b1-c4-r2,b2-fabric-b1-c4-r2-task-0093,fabric_post_allocation,True,,2303,1783273145989,0,,False
940,b2-fabric-b1-c4-r2,b2-fabric-b1-c4-r2-task-0092,fabric_post_allocation,True,,2305,1783273145987,0,,False
941,b2-fabric-b1-c4-r2,b2-fabric-b1-c4-r2-task-0095,fabric_post_allocation,True,,2304,1783273145989,0,,False
942,b2-fabric-b1-c4-r2,b2-fabric-b1-c4-r2-task-0094,fabric_post_allocation,True,,2310,1783273145986,0,,False
943,b2-fabric-b1-c4-r2,b2-fabric-b1-c4-r2-task-0093,fabric_post_snapshot,True,,2481,1783273148292,0,,False
944,b2-fabric-b1-c4-r2,b2-fabric-b1-c4-r2-task-0092,fabric_post_snapshot,True,,2483,1783273148292,0,,False
945,b2-fabric-b1-c4-r2,b2-fabric-b1-c4-r2-task-0094,fabric_post_snapshot,True,,2481,1783273148296,0,,False
946,b2-fabric-b1-c4-r2,b2-fabric-b1-c4-r2-task-0095,fabric_post_snapshot,True,,2485,1783273148293,0,,False
947,b2-fabric-b1-c4-r2,b2-fabric-b1-c4-r2-task-0095,fabric_query_confirmation,True,,116,1783273150778,0,,False
948,b2-fabric-b1-c4-r2,b2-fabric-b1-c4-r2-task-0093,fabric_query_confirmation,True,,121,1783273150773,0,,False
949,b2-fabric-b1-c4-r2,b2-fabric-b1-c4-r2-task-0092,fabric_query_confirmation,True,,120,1783273150775,0,,False
950,b2-fabric-b1-c4-r2,b2-fabric-b1-c4-r2-task-0094,fabric_query_confirmation,True,,120,1783273150777,0,,False
951,b2-fabric-b1-c4-r2,b2-fabric-b1-c4-r2-task-0095,fabric_vote_1,True,,2537,1783273150894,0,,False
952,b2-fabric-b1-c4-r2,b2-fabric-b1-c4-r2-task-0092,fabric_vote_1,True,,2538,1783273150895,0,,False
953,b2-fabric-b1-c4-r2,b2-fabric-b1-c4-r2-task-0094,fabric_vote_1,True,,2537,1783273150897,0,,False
954,b2-fabric-b1-c4-r2,b2-fabric-b1-c4-r2-task-0093,fabric_vote_1,True,,2540,1783273150894,0,,False
955,b2-fabric-b1-c4-r2,b2-fabric-b1-c4-r2-task-0093,fabric_vote_2,True,,2265,1783273153434,0,,False
956,b2-fabric-b1-c4-r2,b2-fabric-b1-c4-r2-task-0094,fabric_vote_2,True,,2266,1783273153434,0,,False
957,b2-fabric-b1-c4-r2,b2-fabric-b1-c4-r2-task-0092,fabric_vote_2,True,,2266,1783273153434,0,,False
958,b2-fabric-b1-c4-r2,b2-fabric-b1-c4-r2-task-0095,fabric_vote_2,True,,2272,1783273153431,0,,False
959,b2-fabric-b1-c4-r2,b2-fabric-b1-c4-r2-task-0092,fabric_settlement,True,,2632,1783273155700,0,,False
960,b2-fabric-b1-c4-r2,b2-fabric-b1-c4-r2-task-0095,fabric_settlement,True,,2631,1783273155703,0,,False
961,b2-fabric-b1-c4-r2,b2-fabric-b1-c4-r2-task-0094,fabric_settlement,True,,2634,1783273155700,0,,False
962,b2-fabric-b1-c4-r2,b2-fabric-b1-c4-r2-task-0093,fabric_settlement,True,,2636,1783273155699,0,,False
963,b2-fabric-b1-c4-r2,b2-fabric-b1-c4-r2-task-0092,fabric_query_final,True,,578,1783273158332,0,,False
964,b2-fabric-b1-c4-r2,b2-fabric-b1-c4-r2-task-0094,fabric_query_final,True,,577,1783273158334,0,,False
965,b2-fabric-b1-c4-r2,b2-fabric-b1-c4-r2-task-0093,fabric_query_final,True,,576,1783273158335,0,,False
966,b2-fabric-b1-c4-r2,b2-fabric-b1-c4-r2-task-0092,ipfs_verify,True,,8,1783273158910,0,QmXnhuyu5tzEEDxeWhdNGMapRsWVTkNn4G5PkDzHAKVv9Y,False
967,b2-fabric-b1-c4-r2,b2-fabric-b1-c4-r2-task-0094,ipfs_verify,True,,7,1783273158911,0,Qmcoy7jVpQZts4qfhnY3Dq68TwHxh42aM1HD89yiYyLqXr,False
968,b2-fabric-b1-c4-r2,b2-fabric-b1-c4-r2-task-0093,ipfs_verify,True,,7,1783273158911,0,QmPvFCcsxh1cDhtjZSsbtn5uF81JA3vawovaWSBsW1MLDC,False
969,b2-fabric-b1-c4-r2,b2-fabric-b1-c4-r2-task-0097,ipfs_add,True,,35,1783273158918,1649,,False
970,b2-fabric-b1-c4-r2,b2-fabric-b1-c4-r2-task-0095,fabric_query_final,True,,630,1783273158334,0,,False
971,b2-fabric-b1-c4-r2,b2-fabric-b1-c4-r2-task-0095,ipfs_verify,True,,7,1783273158964,0,QmdSd9pjj1twsznRx6uZJeXFdtGiEY3Nn6QmQrPgRMBbaZ,False
972,b2-fabric-b1-c4-r2,b2-fabric-b1-c4-r2-task-0098,ipfs_add,True,,54,1783273158919,3590,,False
973,b2-fabric-b1-c4-r2,b2-fabric-b1-c4-r2-task-0096,ipfs_add,True,,73,1783273158918,2843,,False
974,b2-fabric-b1-c4-r2,b2-fabric-b1-c4-r2-task-0099,ipfs_add,True,,48,1783273158971,3207,,False
975,b2-fabric-b1-c4-r2,b2-fabric-b1-c4-r2-task-0097,fabric_post_task,True,,-147,1783273158953,1649,QmNX4bEbwRABibt5cFrusp6rKpTF22Q825H2qa5P9Az1hz,False
976,b2-fabric-b1-c4-r2,b2-fabric-b1-c4-r2-task-0098,fabric_post_task,True,,-166,1783273158973,3590,QmZoaRAf2gEWbEjnaUCHcSduuDsYzeHrLqzszhQ2ULKfVV,False
977,b2-fabric-b1-c4-r2,b2-fabric-b1-c4-r2-task-0096,fabric_post_task,True,,-184,1783273158991,2843,QmXpJ5kFWD2okXAFe7urToABtqXCCNvN8itRWAGfao9xTz,False
978,b2-fabric-b1-c4-r2,b2-fabric-b1-c4-r2-task-0099,fabric_post_task,True,,-211,1783273159019,3207,QmUeEY5ZMsLVq5hCKHXEbov76UeSbY3avaFYh4SXuXhhrw,False
979,b2-fabric-b1-c4-r2,b2-fabric-b1-c4-r2-task-0098,fabric_post_allocation,True,,2287,1783273158807,0,,False
980,b2-fabric-b1-c4-r2,b2-fabric-b1-c4-r2-task-0096,fabric_post_allocation,True,,2288,1783273158807,0,,False
981,b2-fabric-b1-c4-r2,b2-fabric-b1-c4-r2-task-0099,fabric_post_allocation,True,,2288,1783273158808,0,,False
982,b2-fabric-b1-c4-r2,b2-fabric-b1-c4-r2-task-0097,fabric_post_allocation,True,,2293,1783273158806,0,,False
983,b2-fabric-b1-c4-r2,b2-fabric-b1-c4-r2-task-0096,fabric_post_snapshot,True,,2473,1783273161095,0,,False
984,b2-fabric-b1-c4-r2,b2-fabric-b1-c4-r2-task-0097,fabric_post_snapshot,True,,2470,1783273161099,0,,False
985,b2-fabric-b1-c4-r2,b2-fabric-b1-c4-r2-task-0099,fabric_post_snapshot,True,,2474,1783273161096,0,,False
986,b2-fabric-b1-c4-r2,b2-fabric-b1-c4-r2-task-0098,fabric_post_snapshot,True,,2477,1783273161094,0,,False
987,b2-fabric-b1-c4-r2,b2-fabric-b1-c4-r2-task-0099,fabric_query_confirmation,True,,118,1783273163570,0,,False
988,b2-fabric-b1-c4-r2,b2-fabric-b1-c4-r2-task-0098,fabric_query_confirmation,True,,118,1783273163571,0,,False
989,b2-fabric-b1-c4-r2,b2-fabric-b1-c4-r2-task-0096,fabric_query_confirmation,True,,121,1783273163568,0,,False
990,b2-fabric-b1-c4-r2,b2-fabric-b1-c4-r2-task-0097,fabric_query_confirmation,True,,120,1783273163569,0,,False
991,b2-fabric-b1-c4-r2,b2-fabric-b1-c4-r2-task-0096,fabric_vote_1,True,,2276,1783273163689,0,,False
992,b2-fabric-b1-c4-r2,b2-fabric-b1-c4-r2-task-0097,fabric_vote_1,True,,2277,1783273163689,0,,False
993,b2-fabric-b1-c4-r2,b2-fabric-b1-c4-r2-task-0099,fabric_vote_1,True,,2278,1783273163688,0,,False
994,b2-fabric-b1-c4-r2,b2-fabric-b1-c4-r2-task-0098,fabric_vote_1,True,,2281,1783273163689,0,,False
995,b2-fabric-b1-c4-r2,b2-fabric-b1-c4-r2-task-0096,fabric_vote_2,True,,2470,1783273165965,0,,False
996,b2-fabric-b1-c4-r2,b2-fabric-b1-c4-r2-task-0097,fabric_vote_2,True,,2471,1783273165966,0,,False
997,b2-fabric-b1-c4-r2,b2-fabric-b1-c4-r2-task-0098,fabric_vote_2,True,,2468,1783273165970,0,,False
998,b2-fabric-b1-c4-r2,b2-fabric-b1-c4-r2-task-0099,fabric_vote_2,True,,2472,1783273165966,0,,False
999,b2-fabric-b1-c4-r2,b2-fabric-b1-c4-r2-task-0097,fabric_settlement,True,,2292,1783273168437,0,,False
1000,b2-fabric-b1-c4-r2,b2-fabric-b1-c4-r2-task-0099,fabric_settlement,True,,2292,1783273168438,0,,False
1001,b2-fabric-b1-c4-r2,b2-fabric-b1-c4-r2-task-0096,fabric_settlement,True,,2296,1783273168435,0,,False
1002,b2-fabric-b1-c4-r2,b2-fabric-b1-c4-r2-task-0098,fabric_settlement,True,,2294,1783273168438,0,,False
1003,b2-fabric-b1-c4-r2,b2-fabric-b1-c4-r2-task-0096,fabric_query_final,True,,356,1783273170731,0,,False
1004,b2-fabric-b1-c4-r2,b2-fabric-b1-c4-r2-task-0097,fabric_query_final,True,,358,1783273170729,0,,False
1005,b2-fabric-b1-c4-r2,b2-fabric-b1-c4-r2-task-0099,fabric_query_final,True,,358,1783273170730,0,,False
1006,b2-fabric-b1-c4-r2,b2-fabric-b1-c4-r2-task-0097,ipfs_verify,True,,8,1783273171087,0,QmNX4bEbwRABibt5cFrusp6rKpTF22Q825H2qa5P9Az1hz,False
1007,b2-fabric-b1-c4-r2,b2-fabric-b1-c4-r2-task-0099,ipfs_verify,True,,8,1783273171088,0,QmUeEY5ZMsLVq5hCKHXEbov76UeSbY3avaFYh4SXuXhhrw,False
1008,b2-fabric-b1-c4-r2,b2-fabric-b1-c4-r2-task-0096,ipfs_verify,True,,10,1783273171087,0,QmXpJ5kFWD2okXAFe7urToABtqXCCNvN8itRWAGfao9xTz,False
1009,b2-fabric-b1-c4-r2,b2-fabric-b1-c4-r2-task-0101,ipfs_add,True,,28,1783273171096,1874,,False
1010,b2-fabric-b1-c4-r2,b2-fabric-b1-c4-r2-task-0102,ipfs_add,True,,45,1783273171097,4429,,False
1011,b2-fabric-b1-c4-r2,b2-fabric-b1-c4-r2-task-0100,ipfs_add,True,,66,1783273171095,2945,,False
1012,b2-fabric-b1-c4-r2,b2-fabric-b1-c4-r2-task-0098,fabric_query_final,True,,539,1783273170732,0,,False
1013,b2-fabric-b1-c4-r2,b2-fabric-b1-c4-r2-task-0098,ipfs_verify,True,,8,1783273171271,0,QmZoaRAf2gEWbEjnaUCHcSduuDsYzeHrLqzszhQ2ULKfVV,False
1014,b2-fabric-b1-c4-r2,b2-fabric-b1-c4-r2-task-0103,ipfs_add,True,,40,1783273171279,3139,,False
1015,b2-fabric-b1-c4-r2,b2-fabric-b1-c4-r2-task-0103,fabric_post_task,True,,3052,1783273171319,3139,Qmc4xnckxk7qCTpwS2dEmtXtCM97x5nt65Euz3m5frq31g,False
1016,b2-fabric-b1-c4-r2,b2-fabric-b1-c4-r2-task-0100,fabric_post_task,True,,3211,1783273171161,2945,QmYqpkcYraZDtetSGERMQ5ScFL6z1t9K48g7RtKw5Tvbyw,False
1017,b2-fabric-b1-c4-r2,b2-fabric-b1-c4-r2-task-0101,fabric_post_task,True,,3249,1783273171124,1874,QmcEMDBTMAr7MFk4NRejhz1qsW7piumtRhyZgqaAVxpA1P,False
1018,b2-fabric-b1-c4-r2,b2-fabric-b1-c4-r2-task-0102,fabric_post_task,True,,3232,1783273171142,4429,QmNZpWPb8zZGufRx9cTAqzT38jqs3J5Nju6aTffMo2mWMM,False
1019,b2-fabric-b1-c4-r2,b2-fabric-b1-c4-r2-task-0102,fabric_post_allocation,True,,2315,1783273174374,0,,False
1020,b2-fabric-b1-c4-r2,b2-fabric-b1-c4-r2-task-0100,fabric_post_allocation,True,,2319,1783273174372,0,,False
1021,b2-fabric-b1-c4-r2,b2-fabric-b1-c4-r2-task-0101,fabric_post_allocation,True,,2318,1783273174373,0,,False
1022,b2-fabric-b1-c4-r2,b2-fabric-b1-c4-r2-task-0103,fabric_post_allocation,True,,2320,1783273174371,0,,False
1023,b2-fabric-b1-c4-r2,b2-fabric-b1-c4-r2-task-0100,fabric_post_snapshot,True,,2241,1783273176691,0,,False
1024,b2-fabric-b1-c4-r2,b2-fabric-b1-c4-r2-task-0101,fabric_post_snapshot,True,,2242,1783273176691,0,,False
1025,b2-fabric-b1-c4-r2,b2-fabric-b1-c4-r2-task-0102,fabric_post_snapshot,True,,2245,1783273176689,0,,False
1026,b2-fabric-b1-c4-r2,b2-fabric-b1-c4-r2-task-0103,fabric_post_snapshot,True,,2246,1783273176691,0,,False
1027,b2-fabric-b1-c4-r2,b2-fabric-b1-c4-r2-task-0101,fabric_query_confirmation,True,,328,1783273178933,0,,False
1028,b2-fabric-b1-c4-r2,b2-fabric-b1-c4-r2-task-0102,fabric_query_confirmation,True,,328,1783273178934,0,,False
1029,b2-fabric-b1-c4-r2,b2-fabric-b1-c4-r2-task-0100,fabric_query_confirmation,True,,330,1783273178932,0,,False
1030,b2-fabric-b1-c4-r2,b2-fabric-b1-c4-r2-task-0103,fabric_query_confirmation,True,,325,1783273178937,0,,False
1031,b2-fabric-b1-c4-r2,b2-fabric-b1-c4-r2-task-0103,fabric_vote_1,True,,2267,1783273179262,0,,False
1032,b2-fabric-b1-c4-r2,b2-fabric-b1-c4-r2-task-0100,fabric_vote_1,True,,2267,1783273179262,0,,False
1033,b2-fabric-b1-c4-r2,b2-fabric-b1-c4-r2-task-0102,fabric_vote_1,True,,2268,1783273179262,0,,False
1034,b2-fabric-b1-c4-r2,b2-fabric-b1-c4-r2-task-0101,fabric_vote_1,True,,2273,1783273179261,0,,False
1035,b2-fabric-b1-c4-r2,b2-fabric-b1-c4-r2-task-0102,fabric_vote_2,True,,2576,1783273181530,0,,False
1036,b2-fabric-b1-c4-r2,b2-fabric-b1-c4-r2-task-0100,fabric_vote_2,True,,2578,1783273181529,0,,False
1037,b2-fabric-b1-c4-r2,b2-fabric-b1-c4-r2-task-0101,fabric_vote_2,True,,2574,1783273181534,0,,False
1038,b2-fabric-b1-c4-r2,b2-fabric-b1-c4-r2-task-0103,fabric_vote_2,True,,2580,1783273181529,0,,False
1039,b2-fabric-b1-c4-r2,b2-fabric-b1-c4-r2-task-0100,fabric_settlement,True,,2282,1783273184107,0,,False
1040,b2-fabric-b1-c4-r2,b2-fabric-b1-c4-r2-task-0103,fabric_settlement,True,,2281,1783273184109,0,,False
1041,b2-fabric-b1-c4-r2,b2-fabric-b1-c4-r2-task-0101,fabric_settlement,True,,2283,1783273184108,0,,False
1042,b2-fabric-b1-c4-r2,b2-fabric-b1-c4-r2-task-0102,fabric_settlement,True,,2287,1783273184106,0,,False
1043,b2-fabric-b1-c4-r2,b2-fabric-b1-c4-r2-task-0102,fabric_query_final,True,,986,1783273186393,0,,False
1044,b2-fabric-b1-c4-r2,b2-fabric-b1-c4-r2-task-0103,fabric_query_final,True,,990,1783273186390,0,,False
1045,b2-fabric-b1-c4-r2,b2-fabric-b1-c4-r2-task-0101,fabric_query_final,True,,989,1783273186391,0,,False
1046,b2-fabric-b1-c4-r2,b2-fabric-b1-c4-r2-task-0100,fabric_query_final,True,,994,1783273186389,0,,False
1047,b2-fabric-b1-c4-r2,b2-fabric-b1-c4-r2-task-0102,ipfs_verify,True,,7,1783273187379,0,QmNZpWPb8zZGufRx9cTAqzT38jqs3J5Nju6aTffMo2mWMM,False
1048,b2-fabric-b1-c4-r2,b2-fabric-b1-c4-r2-task-0101,ipfs_verify,True,,8,1783273187380,0,QmcEMDBTMAr7MFk4NRejhz1qsW7piumtRhyZgqaAVxpA1P,False
1049,b2-fabric-b1-c4-r2,b2-fabric-b1-c4-r2-task-0103,ipfs_verify,True,,8,1783273187380,0,Qmc4xnckxk7qCTpwS2dEmtXtCM97x5nt65Euz3m5frq31g,False
1050,b2-fabric-b1-c4-r2,b2-fabric-b1-c4-r2-task-0100,ipfs_verify,True,,7,1783273187383,0,QmYqpkcYraZDtetSGERMQ5ScFL6z1t9K48g7RtKw5Tvbyw,False
1051,b2-fabric-b1-c4-r2,b2-fabric-b1-c4-r2-task-0104,ipfs_add,True,,28,1783273187386,2386,,False
1052,b2-fabric-b1-c4-r2,b2-fabric-b1-c4-r2-task-0105,ipfs_add,True,,42,1783273187388,1811,,False
1053,b2-fabric-b1-c4-r2,b2-fabric-b1-c4-r2-task-0106,ipfs_add,True,,59,1783273187388,2561,,False
1054,b2-fabric-b1-c4-r2,b2-fabric-b1-c4-r2-task-0107,ipfs_add,True,,75,1783273187390,1574,,False
1055,b2-fabric-b1-c4-r2,b2-fabric-b1-c4-r2-task-0105,fabric_post_task,True,,153,1783273187430,1811,QmeCN824YLFxhs6KPZdvcJ1YLRBL2KDGosFsYoMEvLrqvu,False
1056,b2-fabric-b1-c4-r2,b2-fabric-b1-c4-r2-task-0104,fabric_post_task,True,,170,1783273187414,2386,Qme3dLUfvZ5b63FixxsTuqwxwjVCFs2b8ADm8Kvk2U2qwP,False
1057,b2-fabric-b1-c4-r2,b2-fabric-b1-c4-r2-task-0107,fabric_post_task,True,,119,1783273187465,1574,QmRupjhdCiNmsSv9JCRZ7Adv2HjXu13WhkMdY6ZAUYj3p5,False
1058,b2-fabric-b1-c4-r2,b2-fabric-b1-c4-r2-task-0106,fabric_post_task,True,,138,1783273187447,2561,QmQpT2pSYN1xnsKEAYYzR7wpihutiAWCLX46Wag6nTE83B,False
1059,b2-fabric-b1-c4-r2,b2-fabric-b1-c4-r2-task-0107,fabric_post_allocation,True,,2319,1783273187584,0,,False
1060,b2-fabric-b1-c4-r2,b2-fabric-b1-c4-r2-task-0105,fabric_post_allocation,True,,2321,1783273187583,0,,False
1061,b2-fabric-b1-c4-r2,b2-fabric-b1-c4-r2-task-0106,fabric_post_allocation,True,,2320,1783273187585,0,,False
1062,b2-fabric-b1-c4-r2,b2-fabric-b1-c4-r2-task-0104,fabric_post_allocation,True,,2321,1783273187584,0,,False
1063,b2-fabric-b1-c4-r2,b2-fabric-b1-c4-r2-task-0106,fabric_post_snapshot,True,,2362,1783273189905,0,,False
1064,b2-fabric-b1-c4-r2,b2-fabric-b1-c4-r2-task-0104,fabric_post_snapshot,True,,2363,1783273189905,0,,False
1065,b2-fabric-b1-c4-r2,b2-fabric-b1-c4-r2-task-0105,fabric_post_snapshot,True,,2366,1783273189904,0,,False
1066,b2-fabric-b1-c4-r2,b2-fabric-b1-c4-r2-task-0107,fabric_post_snapshot,True,,2370,1783273189903,0,,False
1067,b2-fabric-b1-c4-r2,b2-fabric-b1-c4-r2-task-0104,fabric_query_confirmation,True,,354,1783273192268,0,,False
1068,b2-fabric-b1-c4-r2,b2-fabric-b1-c4-r2-task-0105,fabric_query_confirmation,True,,353,1783273192270,0,,False
1069,b2-fabric-b1-c4-r2,b2-fabric-b1-c4-r2-task-0107,fabric_query_confirmation,True,,351,1783273192273,0,,False
1070,b2-fabric-b1-c4-r2,b2-fabric-b1-c4-r2-task-0106,fabric_query_confirmation,True,,359,1783273192267,0,,False
1071,b2-fabric-b1-c4-r2,b2-fabric-b1-c4-r2-task-0104,fabric_vote_1,True,,2503,1783273192622,0,,False
1072,b2-fabric-b1-c4-r2,b2-fabric-b1-c4-r2-task-0106,fabric_vote_1,True,,2500,1783273192626,0,,False
1073,b2-fabric-b1-c4-r2,b2-fabric-b1-c4-r2-task-0105,fabric_vote_1,True,,2504,1783273192623,0,,False
1074,b2-fabric-b1-c4-r2,b2-fabric-b1-c4-r2-task-0107,fabric_vote_1,True,,2505,1783273192624,0,,False
1075,b2-fabric-b1-c4-r2,b2-fabric-b1-c4-r2-task-0104,fabric_vote_2,True,,2475,1783273195125,0,,False
1076,b2-fabric-b1-c4-r2,b2-fabric-b1-c4-r2-task-0105,fabric_vote_2,True,,2474,1783273195127,0,,False
1077,b2-fabric-b1-c4-r2,b2-fabric-b1-c4-r2-task-0107,fabric_vote_2,True,,2472,1783273195129,0,,False
1078,b2-fabric-b1-c4-r2,b2-fabric-b1-c4-r2-task-0106,fabric_vote_2,True,,2478,1783273195126,0,,False
1079,b2-fabric-b1-c4-r2,b2-fabric-b1-c4-r2-task-0107,fabric_settlement,True,,2507,1783273197601,0,,False
1080,b2-fabric-b1-c4-r2,b2-fabric-b1-c4-r2-task-0106,fabric_settlement,True,,2505,1783273197604,0,,False
1081,b2-fabric-b1-c4-r2,b2-fabric-b1-c4-r2-task-0105,fabric_settlement,True,,2508,1783273197601,0,,False
1082,b2-fabric-b1-c4-r2,b2-fabric-b1-c4-r2-task-0104,fabric_settlement,True,,2511,1783273197600,0,,False
1083,b2-fabric-b1-c4-r2,b2-fabric-b1-c4-r2-task-0107,fabric_query_final,True,,421,1783273200108,0,,False
1084,b2-fabric-b1-c4-r2,b2-fabric-b1-c4-r2-task-0105,fabric_query_final,True,,421,1783273200109,0,,False
1085,b2-fabric-b1-c4-r2,b2-fabric-b1-c4-r2-task-0106,fabric_query_final,True,,421,1783273200109,0,,False
1086,b2-fabric-b1-c4-r2,b2-fabric-b1-c4-r2-task-0106,ipfs_verify,True,,8,1783273200530,0,QmQpT2pSYN1xnsKEAYYzR7wpihutiAWCLX46Wag6nTE83B,False
1087,b2-fabric-b1-c4-r2,b2-fabric-b1-c4-r2-task-0107,ipfs_verify,True,,10,1783273200529,0,QmRupjhdCiNmsSv9JCRZ7Adv2HjXu13WhkMdY6ZAUYj3p5,False
1088,b2-fabric-b1-c4-r2,b2-fabric-b1-c4-r2-task-0105,ipfs_verify,True,,9,1783273200530,0,QmeCN824YLFxhs6KPZdvcJ1YLRBL2KDGosFsYoMEvLrqvu,False
1089,b2-fabric-b1-c4-r2,b2-fabric-b1-c4-r2-task-0109,ipfs_add,True,,35,1783273200539,1914,,False
1090,b2-fabric-b1-c4-r2,b2-fabric-b1-c4-r2-task-0104,fabric_query_final,True,,466,1783273200111,0,,False
1091,b2-fabric-b1-c4-r2,b2-fabric-b1-c4-r2-task-0104,ipfs_verify,True,,7,1783273200577,0,Qme3dLUfvZ5b63FixxsTuqwxwjVCFs2b8ADm8Kvk2U2qwP,False
1092,b2-fabric-b1-c4-r2,b2-fabric-b1-c4-r2-task-0110,ipfs_add,True,,53,1783273200539,1468,,False
1093,b2-fabric-b1-c4-r2,b2-fabric-b1-c4-r2-task-0108,ipfs_add,True,,73,1783273200538,1359,,False
1094,b2-fabric-b1-c4-r2,b2-fabric-b1-c4-r2-task-0111,ipfs_add,True,,45,1783273200585,1486,,False
1095,b2-fabric-b1-c4-r2,b2-fabric-b1-c4-r2-task-0109,fabric_post_task,True,,3218,1783273200574,1914,QmPEDBMMbuCpx7HLnDJ23QuLxzYuyd7P4wwLKNZcfCQeou,False
1096,b2-fabric-b1-c4-r2,b2-fabric-b1-c4-r2-task-0111,fabric_post_task,True,,3166,1783273200630,1486,QmayJynjkMacRcqFDbnuYugxcbsQqHFTjbXCeD8Z8namKr,False
1097,b2-fabric-b1-c4-r2,b2-fabric-b1-c4-r2-task-0108,fabric_post_task,True,,3187,1783273200611,1359,QmZZqy6hSeEaVGJcieqsrZVeztXme75mBRRsw2ZBiEVxze,False
1098,b2-fabric-b1-c4-r2,b2-fabric-b1-c4-r2-task-0110,fabric_post_task,True,,3206,1783273200592,1468,QmYdNPvQFsdXFQa7hym9WZ3ACL8dS3nT2z6E7NU9T2QPtY,False
1099,b2-fabric-b1-c4-r2,b2-fabric-b1-c4-r2-task-0110,fabric_post_allocation,True,,2425,1783273203798,0,,False
1100,b2-fabric-b1-c4-r2,b2-fabric-b1-c4-r2-task-0108,fabric_post_allocation,True,,2426,1783273203798,0,,False
1101,b2-fabric-b1-c4-r2,b2-fabric-b1-c4-r2-task-0111,fabric_post_allocation,True,,2429,1783273203796,0,,False
1102,b2-fabric-b1-c4-r2,b2-fabric-b1-c4-r2-task-0109,fabric_post_allocation,True,,2434,1783273203792,0,,False
1103,b2-fabric-b1-c4-r2,b2-fabric-b1-c4-r2-task-0108,fabric_post_snapshot,True,,2288,1783273206224,0,,False
1104,b2-fabric-b1-c4-r2,b2-fabric-b1-c4-r2-task-0109,fabric_post_snapshot,True,,2287,1783273206226,0,,False
1105,b2-fabric-b1-c4-r2,b2-fabric-b1-c4-r2-task-0110,fabric_post_snapshot,True,,2290,1783273206223,0,,False
1106,b2-fabric-b1-c4-r2,b2-fabric-b1-c4-r2-task-0111,fabric_post_snapshot,True,,2289,1783273206225,0,,False
1107,b2-fabric-b1-c4-r2,b2-fabric-b1-c4-r2-task-0108,fabric_query_confirmation,True,,127,1783273208512,0,,False
1108,b2-fabric-b1-c4-r2,b2-fabric-b1-c4-r2-task-0110,fabric_query_confirmation,True,,127,1783273208513,0,,False
1109,b2-fabric-b1-c4-r2,b2-fabric-b1-c4-r2-task-0109,fabric_query_confirmation,True,,128,1783273208513,0,,False
1110,b2-fabric-b1-c4-r2,b2-fabric-b1-c4-r2-task-0111,fabric_query_confirmation,True,,129,1783273208514,0,,False
1111,b2-fabric-b1-c4-r2,b2-fabric-b1-c4-r2-task-0109,fabric_vote_1,True,,2499,1783273208641,0,,False
1112,b2-fabric-b1-c4-r2,b2-fabric-b1-c4-r2-task-0108,fabric_vote_1,True,,2501,1783273208640,0,,False
1113,b2-fabric-b1-c4-r2,b2-fabric-b1-c4-r2-task-0110,fabric_vote_1,True,,2503,1783273208640,0,,False
1114,b2-fabric-b1-c4-r2,b2-fabric-b1-c4-r2-task-0111,fabric_vote_1,True,,2501,1783273208643,0,,False
1115,b2-fabric-b1-c4-r2,b2-fabric-b1-c4-r2-task-0109,fabric_vote_2,True,,2275,1783273211140,0,,False
1116,b2-fabric-b1-c4-r2,b2-fabric-b1-c4-r2-task-0110,fabric_vote_2,True,,2273,1783273211143,0,,False
1117,b2-fabric-b1-c4-r2,b2-fabric-b1-c4-r2-task-0108,fabric_vote_2,True,,2275,1783273211141,0,,False
1118,b2-fabric-b1-c4-r2,b2-fabric-b1-c4-r2-task-0111,fabric_vote_2,True,,2274,1783273211144,0,,False
1119,b2-fabric-b1-c4-r2,b2-fabric-b1-c4-r2-task-0111,fabric_settlement,True,,2498,1783273213418,0,,False
1120,b2-fabric-b1-c4-r2,b2-fabric-b1-c4-r2-task-0110,fabric_settlement,True,,2501,1783273213416,0,,False
1121,b2-fabric-b1-c4-r2,b2-fabric-b1-c4-r2-task-0108,fabric_settlement,True,,2502,1783273213416,0,,False
1122,b2-fabric-b1-c4-r2,b2-fabric-b1-c4-r2-task-0109,fabric_settlement,True,,2506,1783273213415,0,,False
1123,b2-fabric-b1-c4-r2,b2-fabric-b1-c4-r2-task-0108,fabric_query_final,True,,400,1783273215918,0,,False
1124,b2-fabric-b1-c4-r2,b2-fabric-b1-c4-r2-task-0110,fabric_query_final,True,,402,1783273215917,0,,False
1125,b2-fabric-b1-c4-r2,b2-fabric-b1-c4-r2-task-0111,fabric_query_final,True,,404,1783273215916,0,,False
1126,b2-fabric-b1-c4-r2,b2-fabric-b1-c4-r2-task-0108,ipfs_verify,True,,8,1783273216318,0,QmZZqy6hSeEaVGJcieqsrZVeztXme75mBRRsw2ZBiEVxze,False
1127,b2-fabric-b1-c4-r2,b2-fabric-b1-c4-r2-task-0110,ipfs_verify,True,,7,1783273216319,0,QmYdNPvQFsdXFQa7hym9WZ3ACL8dS3nT2z6E7NU9T2QPtY,False
1128,b2-fabric-b1-c4-r2,b2-fabric-b1-c4-r2-task-0111,ipfs_verify,True,,6,1783273216320,0,QmayJynjkMacRcqFDbnuYugxcbsQqHFTjbXCeD8Z8namKr,False
1129,b2-fabric-b1-c4-r2,b2-fabric-b1-c4-r2-task-0113,ipfs_add,True,,28,1783273216326,4766,,False
1130,b2-fabric-b1-c4-r2,b2-fabric-b1-c4-r2-task-0112,ipfs_add,True,,45,1783273216327,5135,,False
1131,b2-fabric-b1-c4-r2,b2-fabric-b1-c4-r2-task-0114,ipfs_add,True,,66,1783273216327,2458,,False
1132,b2-fabric-b1-c4-r2,b2-fabric-b1-c4-r2-task-0109,fabric_query_final,True,,595,1783273215921,0,,False
1133,b2-fabric-b1-c4-r2,b2-fabric-b1-c4-r2-task-0109,ipfs_verify,True,,8,1783273216516,0,QmPEDBMMbuCpx7HLnDJ23QuLxzYuyd7P4wwLKNZcfCQeou,False
1134,b2-fabric-b1-c4-r2,b2-fabric-b1-c4-r2-task-0115,ipfs_add,True,,39,1783273216524,2635,,False
1135,b2-fabric-b1-c4-r2,b2-fabric-b1-c4-r2-task-0115,fabric_post_task,True,,-434,1783273216563,2635,Qma9XmC6B4RUGteeGsz2AKqR24nBDfvvDDZwxigq29cfeA,False
1136,b2-fabric-b1-c4-r2,b2-fabric-b1-c4-r2-task-0113,fabric_post_task,True,,-224,1783273216354,4766,QmSnXYpjm45y1HovE7atHSayP63uxu2Taj3HG6S4aa6fLe,False
1137,b2-fabric-b1-c4-r2,b2-fabric-b1-c4-r2-task-0112,fabric_post_task,True,,-242,1783273216372,5135,QmZTL4eW5hkumUyYeoedLXa2XWBWSX7WLRmm3kBgrvtRta,False
1138,b2-fabric-b1-c4-r2,b2-fabric-b1-c4-r2-task-0114,fabric_post_task,True,,-260,1783273216393,2458,Qma7TSawbLY7JCkagGsqyq5TKbNQrHnAHkXGU7KmTPbqNN,False
1139,b2-fabric-b1-c4-r2,b2-fabric-b1-c4-r2-task-0112,fabric_post_allocation,True,,2352,1783273216130,0,,False
1140,b2-fabric-b1-c4-r2,b2-fabric-b1-c4-r2-task-0115,fabric_post_allocation,True,,2354,1783273216129,0,,False
1141,b2-fabric-b1-c4-r2,b2-fabric-b1-c4-r2-task-0113,fabric_post_allocation,True,,2353,1783273216130,0,,False
1142,b2-fabric-b1-c4-r2,b2-fabric-b1-c4-r2-task-0114,fabric_post_allocation,True,,2355,1783273216133,0,,False
1143,b2-fabric-b1-c4-r2,b2-fabric-b1-c4-r2-task-0115,fabric_post_snapshot,True,,2482,1783273218483,0,,False
1144,b2-fabric-b1-c4-r2,b2-fabric-b1-c4-r2-task-0112,fabric_post_snapshot,True,,2485,1783273218482,0,,False
1145,b2-fabric-b1-c4-r2,b2-fabric-b1-c4-r2-task-0113,fabric_post_snapshot,True,,2484,1783273218483,0,,False
1146,b2-fabric-b1-c4-r2,b2-fabric-b1-c4-r2-task-0114,fabric_post_snapshot,True,,2480,1783273218488,0,,False
1147,b2-fabric-b1-c4-r2,b2-fabric-b1-c4-r2-task-0113,fabric_query_confirmation,True,,125,1783273220967,0,,False
1148,b2-fabric-b1-c4-r2,b2-fabric-b1-c4-r2-task-0112,fabric_query_confirmation,True,,125,1783273220967,0,,False
1149,b2-fabric-b1-c4-r2,b2-fabric-b1-c4-r2-task-0114,fabric_query_confirmation,True,,125,1783273220968,0,,False
1150,b2-fabric-b1-c4-r2,b2-fabric-b1-c4-r2-task-0115,fabric_query_confirmation,True,,128,1783273220966,0,,False
1151,b2-fabric-b1-c4-r2,b2-fabric-b1-c4-r2-task-0114,fabric_vote_1,True,,2270,1783273221093,0,,False
1152,b2-fabric-b1-c4-r2,b2-fabric-b1-c4-r2-task-0115,fabric_vote_1,True,,2270,1783273221094,0,,False
1153,b2-fabric-b1-c4-r2,b2-fabric-b1-c4-r2-task-0112,fabric_vote_1,True,,2272,1783273221092,0,,False
1154,b2-fabric-b1-c4-r2,b2-fabric-b1-c4-r2-task-0113,fabric_vote_1,True,,2273,1783273221092,0,,False
1155,b2-fabric-b1-c4-r2,b2-fabric-b1-c4-r2-task-0115,fabric_vote_2,True,,2270,1783273223364,0,,False
1156,b2-fabric-b1-c4-r2,b2-fabric-b1-c4-r2-task-0114,fabric_vote_2,True,,2272,1783273223363,0,,False
1157,b2-fabric-b1-c4-r2,b2-fabric-b1-c4-r2-task-0113,fabric_vote_2,True,,2271,1783273223365,0,,False
1158,b2-fabric-b1-c4-r2,b2-fabric-b1-c4-r2-task-0112,fabric_vote_2,True,,2274,1783273223364,0,,False
1159,b2-fabric-b1-c4-r2,b2-fabric-b1-c4-r2-task-0112,fabric_settlement,True,,2487,1783273225638,0,,False
1160,b2-fabric-b1-c4-r2,b2-fabric-b1-c4-r2-task-0114,fabric_settlement,True,,2491,1783273225635,0,,False
1161,b2-fabric-b1-c4-r2,b2-fabric-b1-c4-r2-task-0115,fabric_settlement,True,,2493,1783273225634,0,,False
1162,b2-fabric-b1-c4-r2,b2-fabric-b1-c4-r2-task-0113,fabric_settlement,True,,2492,1783273225636,0,,False
1163,b2-fabric-b1-c4-r2,b2-fabric-b1-c4-r2-task-0113,fabric_query_final,True,,582,1783273228128,0,,False
1164,b2-fabric-b1-c4-r2,b2-fabric-b1-c4-r2-task-0112,fabric_query_final,True,,586,1783273228125,0,,False
1165,b2-fabric-b1-c4-r2,b2-fabric-b1-c4-r2-task-0115,fabric_query_final,True,,584,1783273228127,0,,False
1166,b2-fabric-b1-c4-r2,b2-fabric-b1-c4-r2-task-0114,fabric_query_final,True,,588,1783273228126,0,,False
1167,b2-fabric-b1-c4-r2,b2-fabric-b1-c4-r2-task-0112,ipfs_verify,True,,7,1783273228711,0,QmZTL4eW5hkumUyYeoedLXa2XWBWSX7WLRmm3kBgrvtRta,False
1168,b2-fabric-b1-c4-r2,b2-fabric-b1-c4-r2-task-0115,ipfs_verify,True,,7,1783273228711,0,Qma9XmC6B4RUGteeGsz2AKqR24nBDfvvDDZwxigq29cfeA,False
1169,b2-fabric-b1-c4-r2,b2-fabric-b1-c4-r2-task-0113,ipfs_verify,True,,10,1783273228710,0,QmSnXYpjm45y1HovE7atHSayP63uxu2Taj3HG6S4aa6fLe,False
1170,b2-fabric-b1-c4-r2,b2-fabric-b1-c4-r2-task-0114,ipfs_verify,True,,7,1783273228714,0,Qma7TSawbLY7JCkagGsqyq5TKbNQrHnAHkXGU7KmTPbqNN,False
1171,b2-fabric-b1-c4-r2,b2-fabric-b1-c4-r2-task-0117,ipfs_add,True,,26,1783273228719,2547,,False
1172,b2-fabric-b1-c4-r2,b2-fabric-b1-c4-r2-task-0116,ipfs_add,True,,44,1783273228718,4456,,False
1173,b2-fabric-b1-c4-r2,b2-fabric-b1-c4-r2-task-0118,ipfs_add,True,,59,1783273228720,4013,,False
1174,b2-fabric-b1-c4-r2,b2-fabric-b1-c4-r2-task-0119,ipfs_add,True,,76,1783273228721,4895,,False
1175,b2-fabric-b1-c4-r2,b2-fabric-b1-c4-r2-task-0118,fabric_post_task,True,,3517,1783273228779,4013,QmUp6JMhmHCN1XhJbSgJKuqgcUi5RcanQaaL5Hru6z8S4Q,False
1176,b2-fabric-b1-c4-r2,b2-fabric-b1-c4-r2-task-0116,fabric_post_task,True,,3535,1783273228762,4456,QmcWhQm9LyFEHK6Y6cGHfAC2N6UZ5aeiyCpaBr9ty1evkK,False
1177,b2-fabric-b1-c4-r2,b2-fabric-b1-c4-r2-task-0119,fabric_post_task,True,,3501,1783273228797,4895,QmS8grZr8V1jUVspi4mAGU2GS5MHVKC3yUBsy7aQszAoNe,False
1178,b2-fabric-b1-c4-r2,b2-fabric-b1-c4-r2-task-0117,fabric_post_task,True,,3554,1783273228745,2547,QmXDQtx3geYo8PJ2SMzx1hAd7UVXRuUHhfKDP8gxpWugpu,False
1179,b2-fabric-b1-c4-r2,b2-fabric-b1-c4-r2-task-0118,fabric_post_allocation,True,,2328,1783273232296,0,,False
1180,b2-fabric-b1-c4-r2,b2-fabric-b1-c4-r2-task-0119,fabric_post_allocation,True,,2327,1783273232298,0,,False
1181,b2-fabric-b1-c4-r2,b2-fabric-b1-c4-r2-task-0116,fabric_post_allocation,True,,2328,1783273232297,0,,False
1182,b2-fabric-b1-c4-r2,b2-fabric-b1-c4-r2-task-0117,fabric_post_allocation,True,,2328,1783273232299,0,,False
1183,b2-fabric-b1-c4-r2,b2-fabric-b1-c4-r2-task-0117,fabric_post_snapshot,True,,2380,1783273234627,0,,False
1184,b2-fabric-b1-c4-r2,b2-fabric-b1-c4-r2-task-0118,fabric_post_snapshot,True,,2384,1783273234624,0,,False
1185,b2-fabric-b1-c4-r2,b2-fabric-b1-c4-r2-task-0116,fabric_post_snapshot,True,,2385,1783273234625,0,,False
1186,b2-fabric-b1-c4-r2,b2-fabric-b1-c4-r2-task-0119,fabric_post_snapshot,True,,2388,1783273234625,0,,False
1187,b2-fabric-b1-c4-r2,b2-fabric-b1-c4-r2-task-0118,fabric_query_confirmation,True,,358,1783273237008,0,,False
1188,b2-fabric-b1-c4-r2,b2-fabric-b1-c4-r2-task-0117,fabric_query_confirmation,True,,360,1783273237007,0,,False
1189,b2-fabric-b1-c4-r2,b2-fabric-b1-c4-r2-task-0116,fabric_query_confirmation,True,,357,1783273237010,0,,False
1190,b2-fabric-b1-c4-r2,b2-fabric-b1-c4-r2-task-0119,fabric_query_confirmation,True,,357,1783273237013,0,,False
1191,b2-fabric-b1-c4-r2,b2-fabric-b1-c4-r2-task-0118,fabric_vote_1,True,,2496,1783273237366,0,,False
1192,b2-fabric-b1-c4-r2,b2-fabric-b1-c4-r2-task-0119,fabric_vote_1,True,,2493,1783273237370,0,,False
1193,b2-fabric-b1-c4-r2,b2-fabric-b1-c4-r2-task-0117,fabric_vote_1,True,,2497,1783273237367,0,,False
1194,b2-fabric-b1-c4-r2,b2-fabric-b1-c4-r2-task-0116,fabric_vote_1,True,,2498,1783273237367,0,,False
1195,b2-fabric-b1-c4-r2,b2-fabric-b1-c4-r2-task-0118,fabric_vote_2,True,,2340,1783273239862,0,,False
1196,b2-fabric-b1-c4-r2,b2-fabric-b1-c4-r2-task-0119,fabric_vote_2,True,,2340,1783273239863,0,,False
1197,b2-fabric-b1-c4-r2,b2-fabric-b1-c4-r2-task-0116,fabric_vote_2,True,,2338,1783273239865,0,,False
1198,b2-fabric-b1-c4-r2,b2-fabric-b1-c4-r2-task-0117,fabric_vote_2,True,,2342,1783273239864,0,,False
1199,b2-fabric-b1-c4-r2,b2-fabric-b1-c4-r2-task-0117,fabric_settlement,True,,2549,1783273242206,0,,False
1200,b2-fabric-b1-c4-r2,b2-fabric-b1-c4-r2-task-0118,fabric_settlement,True,,2554,1783273242202,0,,False
1201,b2-fabric-b1-c4-r2,b2-fabric-b1-c4-r2-task-0116,fabric_settlement,True,,2556,1783273242203,0,,False
1202,b2-fabric-b1-c4-r2,b2-fabric-b1-c4-r2-task-0119,fabric_settlement,True,,2556,1783273242203,0,,False
1203,b2-fabric-b1-c4-r2,b2-fabric-b1-c4-r2-task-0118,fabric_query_final,True,,719,1783273244756,0,,False
1204,b2-fabric-b1-c4-r2,b2-fabric-b1-c4-r2-task-0119,fabric_query_final,True,,716,1783273244759,0,,False
1205,b2-fabric-b1-c4-r2,b2-fabric-b1-c4-r2-task-0117,fabric_query_final,True,,721,1783273244755,0,,False
1206,b2-fabric-b1-c4-r2,b2-fabric-b1-c4-r2-task-0116,fabric_query_final,True,,720,1783273244759,0,,False
1207,b2-fabric-b1-c4-r2,b2-fabric-b1-c4-r2-task-0118,ipfs_verify,True,,9,1783273245475,0,QmUp6JMhmHCN1XhJbSgJKuqgcUi5RcanQaaL5Hru6z8S4Q,False
1208,b2-fabric-b1-c4-r2,b2-fabric-b1-c4-r2-task-0119,ipfs_verify,True,,9,1783273245475,0,QmS8grZr8V1jUVspi4mAGU2GS5MHVKC3yUBsy7aQszAoNe,False
1209,b2-fabric-b1-c4-r2,b2-fabric-b1-c4-r2-task-0117,ipfs_verify,True,,9,1783273245476,0,QmXDQtx3geYo8PJ2SMzx1hAd7UVXRuUHhfKDP8gxpWugpu,False
1210,b2-fabric-b1-c4-r2,b2-fabric-b1-c4-r2-task-0116,ipfs_verify,True,,9,1783273245479,0,QmcWhQm9LyFEHK6Y6cGHfAC2N6UZ5aeiyCpaBr9ty1evkK,False
1211,b2-fabric-b1-c4-r2,b2-fabric-b1-c4-r2-task-0122,ipfs_add,True,,28,1783273245485,5117,,False
1212,b2-fabric-b1-c4-r2,b2-fabric-b1-c4-r2-task-0120,ipfs_add,True,,47,1783273245484,7055,,False
1213,b2-fabric-b1-c4-r2,b2-fabric-b1-c4-r2-task-0121,ipfs_add,True,,66,1783273245484,4778,,False
1214,b2-fabric-b1-c4-r2,b2-fabric-b1-c4-r2-task-0123,ipfs_add,True,,81,1783273245489,9648,,False
1215,b2-fabric-b1-c4-r2,b2-fabric-b1-c4-r2-task-0122,fabric_post_task,True,,82,1783273245513,5117,QmXUXcH529nakix9U15cpEidT2HourhoUQvG7aoS3dLkEG,False
1216,b2-fabric-b1-c4-r2,b2-fabric-b1-c4-r2-task-0123,fabric_post_task,True,,26,1783273245570,9648,QmUDRUxNR3wiggGYgdFqXj9FiZaoAXkrjj2gf4wreybMnY,False
1217,b2-fabric-b1-c4-r2,b2-fabric-b1-c4-r2-task-0120,fabric_post_task,True,,66,1783273245532,7055,QmcCwWQBqZ6738sqSyuLRWTxPt6Qtc8U1RvhvPAW1oWkkW,False
1218,b2-fabric-b1-c4-r2,b2-fabric-b1-c4-r2-task-0121,fabric_post_task,True,,49,1783273245550,4778,QmamWwWGyFXDPTzs47NnXQaDJCnKmJNML2uLgwtA49YMHU,False
1219,b2-fabric-b1-c4-r2,b2-fabric-b1-c4-r2-task-0121,fabric_post_allocation,True,,2332,1783273245599,0,,False
1220,b2-fabric-b1-c4-r2,b2-fabric-b1-c4-r2-task-0122,fabric_post_allocation,True,,2336,1783273245595,0,,False
1221,b2-fabric-b1-c4-r2,b2-fabric-b1-c4-r2-task-0120,fabric_post_allocation,True,,2334,1783273245598,0,,False
1222,b2-fabric-b1-c4-r2,b2-fabric-b1-c4-r2-task-0123,fabric_post_allocation,True,,2339,1783273245596,0,,False
1223,b2-fabric-b1-c4-r2,b2-fabric-b1-c4-r2-task-0121,fabric_post_snapshot,True,,2283,1783273247931,0,,False
1224,b2-fabric-b1-c4-r2,b2-fabric-b1-c4-r2-task-0120,fabric_post_snapshot,True,,2283,1783273247932,0,,False
1225,b2-fabric-b1-c4-r2,b2-fabric-b1-c4-r2-task-0122,fabric_post_snapshot,True,,2285,1783273247931,0,,False
1226,b2-fabric-b1-c4-r2,b2-fabric-b1-c4-r2-task-0123,fabric_post_snapshot,True,,2284,1783273247935,0,,False
1227,b2-fabric-b1-c4-r2,b2-fabric-b1-c4-r2-task-0123,fabric_query_confirmation,True,,145,1783273250219,0,,False
1228,b2-fabric-b1-c4-r2,b2-fabric-b1-c4-r2-task-0122,fabric_query_confirmation,True,,148,1783273250216,0,,False
1229,b2-fabric-b1-c4-r2,b2-fabric-b1-c4-r2-task-0121,fabric_query_confirmation,True,,151,1783273250214,0,,False
1230,b2-fabric-b1-c4-r2,b2-fabric-b1-c4-r2-task-0120,fabric_query_confirmation,True,,151,1783273250215,0,,False
1231,b2-fabric-b1-c4-r2,b2-fabric-b1-c4-r2-task-0123,fabric_vote_1,True,,2293,1783273250364,0,,False
1232,b2-fabric-b1-c4-r2,b2-fabric-b1-c4-r2-task-0121,fabric_vote_1,True,,2293,1783273250365,0,,False
1233,b2-fabric-b1-c4-r2,b2-fabric-b1-c4-r2-task-0120,fabric_vote_1,True,,2292,1783273250366,0,,False
1234,b2-fabric-b1-c4-r2,b2-fabric-b1-c4-r2-task-0122,fabric_vote_1,True,,2295,1783273250364,0,,False
1235,b2-fabric-b1-c4-r2,b2-fabric-b1-c4-r2-task-0122,fabric_vote_2,True,,2269,1783273252660,0,,False
1236,b2-fabric-b1-c4-r2,b2-fabric-b1-c4-r2-task-0121,fabric_vote_2,True,,2272,1783273252658,0,,False
1237,b2-fabric-b1-c4-r2,b2-fabric-b1-c4-r2-task-0120,fabric_vote_2,True,,2272,1783273252658,0,,False
1238,b2-fabric-b1-c4-r2,b2-fabric-b1-c4-r2-task-0123,fabric_vote_2,True,,2275,1783273252657,0,,False
1239,b2-fabric-b1-c4-r2,b2-fabric-b1-c4-r2-task-0120,fabric_settlement,True,,2329,1783273254930,0,,False
1240,b2-fabric-b1-c4-r2,b2-fabric-b1-c4-r2-task-0122,fabric_settlement,True,,2330,1783273254929,0,,False
1241,b2-fabric-b1-c4-r2,b2-fabric-b1-c4-r2-task-0123,fabric_settlement,True,,2328,1783273254932,0,,False
1242,b2-fabric-b1-c4-r2,b2-fabric-b1-c4-r2-task-0121,fabric_settlement,True,,2331,1783273254930,0,,False
1243,b2-fabric-b1-c4-r2,b2-fabric-b1-c4-r2-task-0122,fabric_query_final,True,,336,1783273257259,0,,False
1244,b2-fabric-b1-c4-r2,b2-fabric-b1-c4-r2-task-0123,fabric_query_final,True,,336,1783273257260,0,,False
1245,b2-fabric-b1-c4-r2,b2-fabric-b1-c4-r2-task-0121,fabric_query_final,True,,336,1783273257261,0,,False
1246,b2-fabric-b1-c4-r2,b2-fabric-b1-c4-r2-task-0120,fabric_query_final,True,,343,1783273257259,0,,False
1247,b2-fabric-b1-c4-r2,b2-fabric-b1-c4-r2-task-0123,ipfs_verify,True,,7,1783273257596,0,QmUDRUxNR3wiggGYgdFqXj9FiZaoAXkrjj2gf4wreybMnY,False
1248,b2-fabric-b1-c4-r2,b2-fabric-b1-c4-r2-task-0121,ipfs_verify,True,,7,1783273257597,0,QmamWwWGyFXDPTzs47NnXQaDJCnKmJNML2uLgwtA49YMHU,False
1249,b2-fabric-b1-c4-r2,b2-fabric-b1-c4-r2-task-0122,ipfs_verify,True,,9,1783273257596,0,QmXUXcH529nakix9U15cpEidT2HourhoUQvG7aoS3dLkEG,False
1250,b2-fabric-b1-c4-r2,b2-fabric-b1-c4-r2-task-0120,ipfs_verify,True,,7,1783273257602,0,QmcCwWQBqZ6738sqSyuLRWTxPt6Qtc8U1RvhvPAW1oWkkW,False
1251,b2-fabric-b1-c4-r2,b2-fabric-b1-c4-r2-task-0124,ipfs_add,True,,81,1783273257603,10193,,False
1252,b2-fabric-b1-c4-r2,b2-fabric-b1-c4-r2-task-0125,ipfs_add,True,,96,1783273257604,3206,,False
1253,b2-fabric-b1-c4-r2,b2-fabric-b1-c4-r2-task-0126,ipfs_add,True,,111,1783273257606,3991,,False
1254,b2-fabric-b1-c4-r2,b2-fabric-b1-c4-r2-task-0127,ipfs_add,True,,124,1783273257609,3969,,False
1255,b2-fabric-b1-c4-r2,b2-fabric-b1-c4-r2-task-0126,fabric_post_task,True,,3489,1783273257717,3991,QmPtdsowq8zmmDRQ1z7WASkkcgXTNTYdCxgN5vM5mEmQKU,False
1256,b2-fabric-b1-c4-r2,b2-fabric-b1-c4-r2-task-0127,fabric_post_task,True,,3473,1783273257733,3969,QmNxQCkAaLmLFLMatMwgJb5bdva2owFTE2JpVTzuEA6pnQ,False
1257,b2-fabric-b1-c4-r2,b2-fabric-b1-c4-r2-task-0125,fabric_post_task,True,,3508,1783273257700,3206,QmWe76Fc6xMc7UE2TtXhWtuzFokCa6FcSgWL6dg6i6SRfJ,False
1258,b2-fabric-b1-c4-r2,b2-fabric-b1-c4-r2-task-0124,fabric_post_task,True,,3525,1783273257684,10193,QmdN3kmV8Nauo2ypczxkgeUDFa3J43mcbGqcZVtUsrbPFC,False
1259,b2-fabric-b1-c4-r2,b2-fabric-b1-c4-r2-task-0127,fabric_post_allocation,True,,2342,1783273261206,0,,False
1260,b2-fabric-b1-c4-r2,b2-fabric-b1-c4-r2-task-0124,fabric_post_allocation,True,,2340,1783273261209,0,,False
1261,b2-fabric-b1-c4-r2,b2-fabric-b1-c4-r2-task-0126,fabric_post_allocation,True,,2345,1783273261206,0,,False
1262,b2-fabric-b1-c4-r2,b2-fabric-b1-c4-r2-task-0125,fabric_post_allocation,True,,2343,1783273261208,0,,False
1263,b2-fabric-b1-c4-r2,b2-fabric-b1-c4-r2-task-0125,fabric_post_snapshot,True,,2439,1783273263551,0,,False
1264,b2-fabric-b1-c4-r2,b2-fabric-b1-c4-r2-task-0127,fabric_post_snapshot,True,,2443,1783273263548,0,,False
1265,b2-fabric-b1-c4-r2,b2-fabric-b1-c4-r2-task-0126,fabric_post_snapshot,True,,2440,1783273263551,0,,False
1266,b2-fabric-b1-c4-r2,b2-fabric-b1-c4-r2-task-0124,fabric_post_snapshot,True,,2445,1783273263549,0,,False
1267,b2-fabric-b1-c4-r2,b2-fabric-b1-c4-r2-task-0124,fabric_query_confirmation,True,,356,1783273265994,0,,False
1268,b2-fabric-b1-c4-r2,b2-fabric-b1-c4-r2-task-0127,fabric_query_confirmation,True,,359,1783273265991,0,,False
1269,b2-fabric-b1-c4-r2,b2-fabric-b1-c4-r2-task-0125,fabric_query_confirmation,True,,361,1783273265990,0,,False
1270,b2-fabric-b1-c4-r2,b2-fabric-b1-c4-r2-task-0126,fabric_query_confirmation,True,,360,1783273265991,0,,False
1271,b2-fabric-b1-c4-r2,b2-fabric-b1-c4-r2-task-0127,fabric_vote_1,True,,2303,1783273266351,0,,False
1272,b2-fabric-b1-c4-r2,b2-fabric-b1-c4-r2-task-0125,fabric_vote_1,True,,2305,1783273266351,0,,False
1273,b2-fabric-b1-c4-r2,b2-fabric-b1-c4-r2-task-0126,fabric_vote_1,True,,2306,1783273266351,0,,False
1274,b2-fabric-b1-c4-r2,b2-fabric-b1-c4-r2-task-0124,fabric_vote_1,True,,2307,1783273266350,0,,False
1275,b2-fabric-b1-c4-r2,b2-fabric-b1-c4-r2-task-0126,fabric_vote_2,True,,2274,1783273268657,0,,False
1276,b2-fabric-b1-c4-r2,b2-fabric-b1-c4-r2-task-0125,fabric_vote_2,True,,2275,1783273268656,0,,False
1277,b2-fabric-b1-c4-r2,b2-fabric-b1-c4-r2-task-0127,fabric_vote_2,True,,2276,1783273268655,0,,False
1278,b2-fabric-b1-c4-r2,b2-fabric-b1-c4-r2-task-0124,fabric_vote_2,True,,2277,1783273268657,0,,False
1279,b2-fabric-b1-c4-r2,b2-fabric-b1-c4-r2-task-0125,fabric_settlement,True,,2490,1783273270931,0,,False
1280,b2-fabric-b1-c4-r2,b2-fabric-b1-c4-r2-task-0126,fabric_settlement,True,,2491,1783273270931,0,,False
1281,b2-fabric-b1-c4-r2,b2-fabric-b1-c4-r2-task-0124,fabric_settlement,True,,2489,1783273270934,0,,False
1282,b2-fabric-b1-c4-r2,b2-fabric-b1-c4-r2-task-0127,fabric_settlement,True,,2493,1783273270931,0,,False
1283,b2-fabric-b1-c4-r2,b2-fabric-b1-c4-r2-task-0124,fabric_query_final,True,,591,1783273273423,0,,False
1284,b2-fabric-b1-c4-r2,b2-fabric-b1-c4-r2-task-0126,fabric_query_final,True,,592,1783273273422,0,,False
1285,b2-fabric-b1-c4-r2,b2-fabric-b1-c4-r2-task-0127,fabric_query_final,True,,590,1783273273424,0,,False
1286,b2-fabric-b1-c4-r2,b2-fabric-b1-c4-r2-task-0125,fabric_query_final,True,,598,1783273273421,0,,False
1287,b2-fabric-b1-c4-r2,b2-fabric-b1-c4-r2-task-0126,ipfs_verify,True,,9,1783273274014,0,QmPtdsowq8zmmDRQ1z7WASkkcgXTNTYdCxgN5vM5mEmQKU,False
1288,b2-fabric-b1-c4-r2,b2-fabric-b1-c4-r2-task-0127,ipfs_verify,True,,10,1783273274014,0,QmNxQCkAaLmLFLMatMwgJb5bdva2owFTE2JpVTzuEA6pnQ,False
1289,b2-fabric-b1-c4-r2,b2-fabric-b1-c4-r2-task-0124,ipfs_verify,True,,10,1783273274014,0,QmdN3kmV8Nauo2ypczxkgeUDFa3J43mcbGqcZVtUsrbPFC,False
1290,b2-fabric-b1-c4-r2,b2-fabric-b1-c4-r2-task-0125,ipfs_verify,True,,8,1783273274019,0,QmWe76Fc6xMc7UE2TtXhWtuzFokCa6FcSgWL6dg6i6SRfJ,False
1291,b2-fabric-b1-c4-r2,b2-fabric-b1-c4-r2-task-0128,ipfs_add,True,,31,1783273274024,5323,,False
1292,b2-fabric-b1-c4-r2,b2-fabric-b1-c4-r2-task-0129,ipfs_add,True,,48,1783273274024,6435,,False
1293,b2-fabric-b1-c4-r2,b2-fabric-b1-c4-r2-task-0131,ipfs_add,True,,81,1783273274027,5219,,False
1294,b2-fabric-b1-c4-r2,b2-fabric-b1-c4-r2-task-0130,ipfs_add,True,,83,1783273274025,5421,,False
1295,b2-fabric-b1-c4-r2,b2-fabric-b1-c4-r2-task-0131,fabric_post_task,True,,112,1783273274108,5219,QmZj7xUMfzrxW16za1Jy2ZVd3iayZXWvUsAREvSyZuRbVu,False
1296,b2-fabric-b1-c4-r2,b2-fabric-b1-c4-r2-task-0129,fabric_post_task,True,,149,1783273274072,6435,QmRdeeEenQRgmkxSMK2mGyLCkKoN4YhqNwubfvJSfxYpPa,False
1297,b2-fabric-b1-c4-r2,b2-fabric-b1-c4-r2-task-0128,fabric_post_task,True,,167,1783273274055,5323,QmQos5pRc9wxqep7nncifrFotxQs5uTEqHL3FeTHYErDSa,False
1298,b2-fabric-b1-c4-r2,b2-fabric-b1-c4-r2-task-0130,fabric_post_task,True,,116,1783273274108,5421,QmasDoPun8NvohoPkm66UZpwkaJFFvmh8hCVDMoxGk7S7Z,False
1299,b2-fabric-b1-c4-r2,b2-fabric-b1-c4-r2-task-0128,fabric_post_allocation,True,,2557,1783273274222,0,,False
1300,b2-fabric-b1-c4-r2,b2-fabric-b1-c4-r2-task-0130,fabric_post_allocation,True,,2555,1783273274224,0,,False
1301,b2-fabric-b1-c4-r2,b2-fabric-b1-c4-r2-task-0129,fabric_post_allocation,True,,2559,1783273274221,0,,False
1302,b2-fabric-b1-c4-r2,b2-fabric-b1-c4-r2-task-0131,fabric_post_allocation,True,,2563,1783273274220,0,,False
1303,b2-fabric-b1-c4-r2,b2-fabric-b1-c4-r2-task-0128,fabric_post_snapshot,True,,2277,1783273276779,0,,False
1304,b2-fabric-b1-c4-r2,b2-fabric-b1-c4-r2-task-0131,fabric_post_snapshot,True,,2274,1783273276783,0,,False
1305,b2-fabric-b1-c4-r2,b2-fabric-b1-c4-r2-task-0130,fabric_post_snapshot,True,,2279,1783273276779,0,,False
1306,b2-fabric-b1-c4-r2,b2-fabric-b1-c4-r2-task-0129,fabric_post_snapshot,True,,2279,1783273276780,0,,False
1307,b2-fabric-b1-c4-r2,b2-fabric-b1-c4-r2-task-0129,fabric_query_confirmation,True,,121,1783273279059,0,,False
1308,b2-fabric-b1-c4-r2,b2-fabric-b1-c4-r2-task-0128,fabric_query_confirmation,True,,124,1783273279056,0,,False
1309,b2-fabric-b1-c4-r2,b2-fabric-b1-c4-r2-task-0131,fabric_query_confirmation,True,,124,1783273279057,0,,False
1310,b2-fabric-b1-c4-r2,b2-fabric-b1-c4-r2-task-0130,fabric_query_confirmation,True,,125,1783273279058,0,,False
1311,b2-fabric-b1-c4-r2,b2-fabric-b1-c4-r2-task-0131,fabric_vote_1,True,,2478,1783273279181,0,,False
1312,b2-fabric-b1-c4-r2,b2-fabric-b1-c4-r2-task-0130,fabric_vote_1,True,,2477,1783273279183,0,,False
1313,b2-fabric-b1-c4-r2,b2-fabric-b1-c4-r2-task-0128,fabric_vote_1,True,,2481,1783273279180,0,,False
1314,b2-fabric-b1-c4-r2,b2-fabric-b1-c4-r2-task-0129,fabric_vote_1,True,,2482,1783273279180,0,,False
1315,b2-fabric-b1-c4-r2,b2-fabric-b1-c4-r2-task-0129,fabric_vote_2,True,,2295,1783273281662,0,,False
1316,b2-fabric-b1-c4-r2,b2-fabric-b1-c4-r2-task-0128,fabric_vote_2,True,,2297,1783273281661,0,,False
1317,b2-fabric-b1-c4-r2,b2-fabric-b1-c4-r2-task-0130,fabric_vote_2,True,,2299,1783273281660,0,,False
1318,b2-fabric-b1-c4-r2,b2-fabric-b1-c4-r2-task-0131,fabric_vote_2,True,,2300,1783273281659,0,,False
1319,b2-fabric-b1-c4-r2,b2-fabric-b1-c4-r2-task-0128,fabric_settlement,True,,2284,1783273283958,0,,False
1320,b2-fabric-b1-c4-r2,b2-fabric-b1-c4-r2-task-0131,fabric_settlement,True,,2284,1783273283959,0,,False
1321,b2-fabric-b1-c4-r2,b2-fabric-b1-c4-r2-task-0129,fabric_settlement,True,,2286,1783273283957,0,,False
1322,b2-fabric-b1-c4-r2,b2-fabric-b1-c4-r2-task-0130,fabric_settlement,True,,2286,1783273283959,0,,False
1323,b2-fabric-b1-c4-r2,b2-fabric-b1-c4-r2-task-0130,fabric_query_final,True,,1530,1783273286245,0,,False
1324,b2-fabric-b1-c4-r2,b2-fabric-b1-c4-r2-task-0131,fabric_query_final,True,,1533,1783273286243,0,,False
1325,b2-fabric-b1-c4-r2,b2-fabric-b1-c4-r2-task-0129,fabric_query_final,True,,1534,1783273286243,0,,False
1326,b2-fabric-b1-c4-r2,b2-fabric-b1-c4-r2-task-0128,fabric_query_final,True,,1539,1783273286242,0,,False
1327,b2-fabric-b1-c4-r2,b2-fabric-b1-c4-r2-task-0130,ipfs_verify,True,,9,1783273287775,0,QmasDoPun8NvohoPkm66UZpwkaJFFvmh8hCVDMoxGk7S7Z,False
1328,b2-fabric-b1-c4-r2,b2-fabric-b1-c4-r2-task-0129,ipfs_verify,True,,8,1783273287777,0,QmRdeeEenQRgmkxSMK2mGyLCkKoN4YhqNwubfvJSfxYpPa,False
1329,b2-fabric-b1-c4-r2,b2-fabric-b1-c4-r2-task-0131,ipfs_verify,True,,9,1783273287776,0,QmZj7xUMfzrxW16za1Jy2ZVd3iayZXWvUsAREvSyZuRbVu,False
1330,b2-fabric-b1-c4-r2,b2-fabric-b1-c4-r2-task-0128,ipfs_verify,True,,8,1783273287781,0,QmQos5pRc9wxqep7nncifrFotxQs5uTEqHL3FeTHYErDSa,False
1331,b2-fabric-b1-c4-r2,b2-fabric-b1-c4-r2-task-0133,ipfs_add,True,,32,1783273287785,4372,,False
1332,b2-fabric-b1-c4-r2,b2-fabric-b1-c4-r2-task-0132,ipfs_add,True,,51,1783273287784,5599,,False
1333,b2-fabric-b1-c4-r2,b2-fabric-b1-c4-r2-task-0134,ipfs_add,True,,66,1783273287785,5569,,False
1334,b2-fabric-b1-c4-r2,b2-fabric-b1-c4-r2-task-0135,ipfs_add,True,,81,1783273287789,6297,,False
1335,b2-fabric-b1-c4-r2,b2-fabric-b1-c4-r2-task-0134,fabric_post_task,True,,2458,1783273287851,5569,QmPW1qU3hoUSoGbD2KjbwxVen41kGxev6EBjJ6zmEFnCrD,False
1336,b2-fabric-b1-c4-r2,b2-fabric-b1-c4-r2-task-0135,fabric_post_task,True,,2440,1783273287870,6297,QmRgs6w8r3X2JvyiVmXrFPnc5Whw1EhTnEw6iDRUTAKBSq,False
1337,b2-fabric-b1-c4-r2,b2-fabric-b1-c4-r2-task-0133,fabric_post_task,True,,2494,1783273287817,4372,QmV9gx3VUoqhkXRkzRD7hEPhbZz6mSJ82UTFrCpLh1TD3b,False
1338,b2-fabric-b1-c4-r2,b2-fabric-b1-c4-r2-task-0132,fabric_post_task,True,,2477,1783273287835,5599,QmYCBqE2NteLr9sLnHjbiStJeVErpKho8QFCw7417W1UW7,False
1339,b2-fabric-b1-c4-r2,b2-fabric-b1-c4-r2-task-0133,fabric_post_allocation,True,,2318,1783273290311,0,,False
1340,b2-fabric-b1-c4-r2,b2-fabric-b1-c4-r2-task-0132,fabric_post_allocation,True,,2317,1783273290312,0,,False
1341,b2-fabric-b1-c4-r2,b2-fabric-b1-c4-r2-task-0134,fabric_post_allocation,True,,2321,1783273290309,0,,False
1342,b2-fabric-b1-c4-r2,b2-fabric-b1-c4-r2-task-0135,fabric_post_allocation,True,,2322,1783273290310,0,,False
1343,b2-fabric-b1-c4-r2,b2-fabric-b1-c4-r2-task-0132,fabric_post_snapshot,True,,2245,1783273292629,0,,False
1344,b2-fabric-b1-c4-r2,b2-fabric-b1-c4-r2-task-0133,fabric_post_snapshot,True,,2245,1783273292629,0,,False
1345,b2-fabric-b1-c4-r2,b2-fabric-b1-c4-r2-task-0134,fabric_post_snapshot,True,,2246,1783273292630,0,,False
1346,b2-fabric-b1-c4-r2,b2-fabric-b1-c4-r2-task-0135,fabric_post_snapshot,True,,2244,1783273292632,0,,False
1347,b2-fabric-b1-c4-r2,b2-fabric-b1-c4-r2-task-0132,fabric_query_confirmation,True,,131,1783273294874,0,,False
1348,b2-fabric-b1-c4-r2,b2-fabric-b1-c4-r2-task-0133,fabric_query_confirmation,True,,132,1783273294874,0,,False
1349,b2-fabric-b1-c4-r2,b2-fabric-b1-c4-r2-task-0135,fabric_query_confirmation,True,,130,1783273294876,0,,False
1350,b2-fabric-b1-c4-r2,b2-fabric-b1-c4-r2-task-0134,fabric_query_confirmation,True,,131,1783273294876,0,,False
1351,b2-fabric-b1-c4-r2,b2-fabric-b1-c4-r2-task-0132,fabric_vote_1,True,,2264,1783273295005,0,,False
1352,b2-fabric-b1-c4-r2,b2-fabric-b1-c4-r2-task-0135,fabric_vote_1,True,,2264,1783273295006,0,,False
1353,b2-fabric-b1-c4-r2,b2-fabric-b1-c4-r2-task-0133,fabric_vote_1,True,,2266,1783273295006,0,,False
1354,b2-fabric-b1-c4-r2,b2-fabric-b1-c4-r2-task-0134,fabric_vote_1,True,,2266,1783273295007,0,,False
1355,b2-fabric-b1-c4-r2,b2-fabric-b1-c4-r2-task-0132,fabric_vote_2,True,,2262,1783273297269,0,,False
1356,b2-fabric-b1-c4-r2,b2-fabric-b1-c4-r2-task-0133,fabric_vote_2,True,,2260,1783273297272,0,,False
1357,b2-fabric-b1-c4-r2,b2-fabric-b1-c4-r2-task-0134,fabric_vote_2,True,,2259,1783273297273,0,,False
1358,b2-fabric-b1-c4-r2,b2-fabric-b1-c4-r2-task-0135,fabric_vote_2,True,,2263,1783273297270,0,,False
1359,b2-fabric-b1-c4-r2,b2-fabric-b1-c4-r2-task-0134,fabric_settlement,True,,2302,1783273299532,0,,False
1360,b2-fabric-b1-c4-r2,b2-fabric-b1-c4-r2-task-0135,fabric_settlement,True,,2302,1783273299533,0,,False
1361,b2-fabric-b1-c4-r2,b2-fabric-b1-c4-r2-task-0133,fabric_settlement,True,,2304,1783273299532,0,,False
1362,b2-fabric-b1-c4-r2,b2-fabric-b1-c4-r2-task-0132,fabric_settlement,True,,2307,1783273299532,0,,False
1363,b2-fabric-b1-c4-r2,b2-fabric-b1-c4-r2-task-0134,fabric_query_final,True,,545,1783273301834,0,,False
1364,b2-fabric-b1-c4-r2,b2-fabric-b1-c4-r2-task-0135,fabric_query_final,True,,544,1783273301835,0,,False
1365,b2-fabric-b1-c4-r2,b2-fabric-b1-c4-r2-task-0133,fabric_query_final,True,,546,1783273301836,0,,False
1366,b2-fabric-b1-c4-r2,b2-fabric-b1-c4-r2-task-0133,ipfs_verify,True,,8,1783273302382,0,QmV9gx3VUoqhkXRkzRD7hEPhbZz6mSJ82UTFrCpLh1TD3b,False
1367,b2-fabric-b1-c4-r2,b2-fabric-b1-c4-r2-task-0134,ipfs_verify,True,,12,1783273302379,0,QmPW1qU3hoUSoGbD2KjbwxVen41kGxev6EBjJ6zmEFnCrD,False
1368,b2-fabric-b1-c4-r2,b2-fabric-b1-c4-r2-task-0135,ipfs_verify,True,,13,1783273302379,0,QmRgs6w8r3X2JvyiVmXrFPnc5Whw1EhTnEw6iDRUTAKBSq,False
1369,b2-fabric-b1-c4-r2,b2-fabric-b1-c4-r2-task-0136,ipfs_add,True,,50,1783273302390,6870,,False
1370,b2-fabric-b1-c4-r2,b2-fabric-b1-c4-r2-task-0137,ipfs_add,True,,70,1783273302392,7887,,False
1371,b2-fabric-b1-c4-r2,b2-fabric-b1-c4-r2-task-0138,ipfs_add,True,,94,1783273302392,6123,,False
1372,b2-fabric-b1-c4-r2,b2-fabric-b1-c4-r2-task-0132,fabric_query_final,True,,790,1783273301839,0,,False
1373,b2-fabric-b1-c4-r2,b2-fabric-b1-c4-r2-task-0132,ipfs_verify,True,,10,1783273302629,0,QmYCBqE2NteLr9sLnHjbiStJeVErpKho8QFCw7417W1UW7,False
1374,b2-fabric-b1-c4-r2,b2-fabric-b1-c4-r2-task-0139,ipfs_add,True,,43,1783273302640,6068,,False
1375,b2-fabric-b1-c4-r2,b2-fabric-b1-c4-r2-task-0137,fabric_post_task,True,,-96,1783273302462,7887,QmWoPof7qbWPGdMFqG2nBUciJqbqXCfAPLUDZ7bcxJMDyk,False
1376,b2-fabric-b1-c4-r2,b2-fabric-b1-c4-r2-task-0136,fabric_post_task,True,,-72,1783273302440,6870,QmUPhkQr4hDrWibXiUjzuteThhvoD1pXuAQ2pvNnCtyJec,False
1377,b2-fabric-b1-c4-r2,b2-fabric-b1-c4-r2-task-0138,fabric_post_task,True,,-118,1783273302486,6123,QmbxM1rZVTmJDLmT8oQiDaJVpa1uuVzFek4Pc5717x6PYe,False
1378,b2-fabric-b1-c4-r2,b2-fabric-b1-c4-r2-task-0139,fabric_post_task,True,,-314,1783273302683,6068,QmcYTUAPQTyEWywqTmthoC8xdU1HHnjNHDDrwpWHCUcep9,False
1379,b2-fabric-b1-c4-r2,b2-fabric-b1-c4-r2-task-0136,fabric_post_allocation,True,,2340,1783273302368,0,,False
1380,b2-fabric-b1-c4-r2,b2-fabric-b1-c4-r2-task-0137,fabric_post_allocation,True,,2343,1783273302366,0,,False
1381,b2-fabric-b1-c4-r2,b2-fabric-b1-c4-r2-task-0138,fabric_post_allocation,True,,2342,1783273302368,0,,False
1382,b2-fabric-b1-c4-r2,b2-fabric-b1-c4-r2-task-0139,fabric_post_allocation,True,,2341,1783273302369,0,,False
1383,b2-fabric-b1-c4-r2,b2-fabric-b1-c4-r2-task-0137,fabric_post_snapshot,True,,2266,1783273304709,0,,False
1384,b2-fabric-b1-c4-r2,b2-fabric-b1-c4-r2-task-0139,fabric_post_snapshot,True,,2265,1783273304710,0,,False
1385,b2-fabric-b1-c4-r2,b2-fabric-b1-c4-r2-task-0136,fabric_post_snapshot,True,,2268,1783273304708,0,,False
1386,b2-fabric-b1-c4-r2,b2-fabric-b1-c4-r2-task-0138,fabric_post_snapshot,True,,2268,1783273304710,0,,False
1387,b2-fabric-b1-c4-r2,b2-fabric-b1-c4-r2-task-0139,fabric_query_confirmation,True,,319,1783273306975,0,,False
1388,b2-fabric-b1-c4-r2,b2-fabric-b1-c4-r2-task-0136,fabric_query_confirmation,True,,319,1783273306976,0,,False
1389,b2-fabric-b1-c4-r2,b2-fabric-b1-c4-r2-task-0138,fabric_query_confirmation,True,,325,1783273306978,0,,False
1390,b2-fabric-b1-c4-r2,b2-fabric-b1-c4-r2-task-0137,fabric_query_confirmation,True,,328,1783273306975,0,,False
1391,b2-fabric-b1-c4-r2,b2-fabric-b1-c4-r2-task-0139,fabric_vote_1,True,,2272,1783273307294,0,,False
1392,b2-fabric-b1-c4-r2,b2-fabric-b1-c4-r2-task-0136,fabric_vote_1,True,,2272,1783273307295,0,,False
1393,b2-fabric-b1-c4-r2,b2-fabric-b1-c4-r2-task-0138,fabric_vote_1,True,,2265,1783273307303,0,,False
1394,b2-fabric-b1-c4-r2,b2-fabric-b1-c4-r2-task-0137,fabric_vote_1,True,,2265,1783273307303,0,,False
1395,b2-fabric-b1-c4-r2,b2-fabric-b1-c4-r2-task-0137,fabric_vote_2,True,,2266,1783273309568,0,,False
1396,b2-fabric-b1-c4-r2,b2-fabric-b1-c4-r2-task-0138,fabric_vote_2,True,,2267,1783273309568,0,,False
1397,b2-fabric-b1-c4-r2,b2-fabric-b1-c4-r2-task-0136,fabric_vote_2,True,,2269,1783273309567,0,,False
1398,b2-fabric-b1-c4-r2,b2-fabric-b1-c4-r2-task-0139,fabric_vote_2,True,,2273,1783273309566,0,,False
1399,b2-fabric-b1-c4-r2,b2-fabric-b1-c4-r2-task-0138,fabric_settlement,True,,2331,1783273311835,0,,False
1400,b2-fabric-b1-c4-r2,b2-fabric-b1-c4-r2-task-0136,fabric_settlement,True,,2331,1783273311836,0,,False
1401,b2-fabric-b1-c4-r2,b2-fabric-b1-c4-r2-task-0139,fabric_settlement,True,,2328,1783273311839,0,,False
1402,b2-fabric-b1-c4-r2,b2-fabric-b1-c4-r2-task-0137,fabric_settlement,True,,2335,1783273311834,0,,False
1403,b2-fabric-b1-c4-r2,b2-fabric-b1-c4-r2-task-0138,fabric_query_final,True,,595,1783273314166,0,,False
1404,b2-fabric-b1-c4-r2,b2-fabric-b1-c4-r2-task-0139,fabric_query_final,True,,594,1783273314167,0,,False
1405,b2-fabric-b1-c4-r2,b2-fabric-b1-c4-r2-task-0136,fabric_query_final,True,,596,1783273314167,0,,False
1406,b2-fabric-b1-c4-r2,b2-fabric-b1-c4-r2-task-0137,fabric_query_final,True,,599,1783273314169,0,,False
1407,b2-fabric-b1-c4-r2,b2-fabric-b1-c4-r2-task-0138,ipfs_verify,True,,12,1783273314761,0,QmbxM1rZVTmJDLmT8oQiDaJVpa1uuVzFek4Pc5717x6PYe,False
1408,b2-fabric-b1-c4-r2,b2-fabric-b1-c4-r2-task-0136,ipfs_verify,True,,11,1783273314763,0,QmUPhkQr4hDrWibXiUjzuteThhvoD1pXuAQ2pvNnCtyJec,False
1409,b2-fabric-b1-c4-r2,b2-fabric-b1-c4-r2-task-0139,ipfs_verify,True,,13,1783273314761,0,QmcYTUAPQTyEWywqTmthoC8xdU1HHnjNHDDrwpWHCUcep9,False
1410,b2-fabric-b1-c4-r2,b2-fabric-b1-c4-r2-task-0137,ipfs_verify,True,,10,1783273314768,0,QmWoPof7qbWPGdMFqG2nBUciJqbqXCfAPLUDZ7bcxJMDyk,False
1411,b2-fabric-b1-c4-r2,b2-fabric-b1-c4-r2-task-0142,ipfs_add,True,,33,1783273314774,4723,,False
1412,b2-fabric-b1-c4-r2,b2-fabric-b1-c4-r2-task-0140,ipfs_add,True,,52,1783273314773,3566,,False
1413,b2-fabric-b1-c4-r2,b2-fabric-b1-c4-r2-task-0141,ipfs_add,True,,68,1783273314775,3943,,False
1414,b2-fabric-b1-c4-r2,b2-fabric-b1-c4-r2-task-0143,ipfs_add,True,,82,1783273314778,4660,,False
1415,b2-fabric-b1-c4-r2,b2-fabric-b1-c4-r2-task-0140,fabric_post_task,True,,3453,1783273314825,3566,QmbKUL6FKk5HdN2RKMY4E5T2YgBw8gzyMB9qqscewgU2PM,False
1416,b2-fabric-b1-c4-r2,b2-fabric-b1-c4-r2-task-0141,fabric_post_task,True,,3438,1783273314843,3943,QmU8ccPSVuF7qqoiKy2DMjjWHVge9mBhGy7hX3oM4mFnxu,False
1417,b2-fabric-b1-c4-r2,b2-fabric-b1-c4-r2-task-0143,fabric_post_task,True,,3421,1783273314860,4660,QmTVqeXCxoxwjjanTn4HJUbLVnB4bpVmZgGrTummJ1AQqo,False
1418,b2-fabric-b1-c4-r2,b2-fabric-b1-c4-r2-task-0142,fabric_post_task,True,,3475,1783273314807,4723,QmU3gpt8BjdpgMNTTBdF3QXFR37K5SeqUjAYEdmDDig4s5,False
1419,b2-fabric-b1-c4-r2,b2-fabric-b1-c4-r2-task-0143,fabric_post_allocation,True,,2354,1783273318281,0,,False
1420,b2-fabric-b1-c4-r2,b2-fabric-b1-c4-r2-task-0141,fabric_post_allocation,True,,2355,1783273318281,0,,False
1421,b2-fabric-b1-c4-r2,b2-fabric-b1-c4-r2-task-0142,fabric_post_allocation,True,,2355,1783273318282,0,,False
1422,b2-fabric-b1-c4-r2,b2-fabric-b1-c4-r2-task-0140,fabric_post_allocation,True,,2361,1783273318278,0,,False
1423,b2-fabric-b1-c4-r2,b2-fabric-b1-c4-r2-task-0140,fabric_post_snapshot,True,,2289,1783273320639,0,,False
1424,b2-fabric-b1-c4-r2,b2-fabric-b1-c4-r2-task-0141,fabric_post_snapshot,True,,2293,1783273320636,0,,False
1425,b2-fabric-b1-c4-r2,b2-fabric-b1-c4-r2-task-0142,fabric_post_snapshot,True,,2292,1783273320637,0,,False
1426,b2-fabric-b1-c4-r2,b2-fabric-b1-c4-r2-task-0143,fabric_post_snapshot,True,,2297,1783273320635,0,,False
1427,b2-fabric-b1-c4-r2,b2-fabric-b1-c4-r2-task-0140,fabric_query_confirmation,True,,337,1783273322928,0,,False
1428,b2-fabric-b1-c4-r2,b2-fabric-b1-c4-r2-task-0143,fabric_query_confirmation,True,,334,1783273322932,0,,False
1429,b2-fabric-b1-c4-r2,b2-fabric-b1-c4-r2-task-0141,fabric_query_confirmation,True,,338,1783273322929,0,,False
1430,b2-fabric-b1-c4-r2,b2-fabric-b1-c4-r2-task-0142,fabric_query_confirmation,True,,338,1783273322929,0,,False
1431,b2-fabric-b1-c4-r2,b2-fabric-b1-c4-r2-task-0141,fabric_vote_1,True,,2355,1783273323267,0,,False
1432,b2-fabric-b1-c4-r2,b2-fabric-b1-c4-r2-task-0143,fabric_vote_1,True,,2356,1783273323266,0,,False
1433,b2-fabric-b1-c4-r2,b2-fabric-b1-c4-r2-task-0142,fabric_vote_1,True,,2356,1783273323267,0,,False
1434,b2-fabric-b1-c4-r2,b2-fabric-b1-c4-r2-task-0140,fabric_vote_1,True,,2359,1783273323265,0,,False
1435,b2-fabric-b1-c4-r2,b2-fabric-b1-c4-r2-task-0141,fabric_vote_2,True,,2267,1783273325622,0,,False
1436,b2-fabric-b1-c4-r2,b2-fabric-b1-c4-r2-task-0143,fabric_vote_2,True,,2267,1783273325622,0,,False
1437,b2-fabric-b1-c4-r2,b2-fabric-b1-c4-r2-task-0140,fabric_vote_2,True,,2266,1783273325624,0,,False
1438,b2-fabric-b1-c4-r2,b2-fabric-b1-c4-r2-task-0142,fabric_vote_2,True,,2271,1783273325623,0,,False
1439,b2-fabric-b1-c4-r2,b2-fabric-b1-c4-r2-task-0140,fabric_settlement,True,,2506,1783273327890,0,,False
1440,b2-fabric-b1-c4-r2,b2-fabric-b1-c4-r2-task-0142,fabric_settlement,True,,2502,1783273327894,0,,False
1441,b2-fabric-b1-c4-r2,b2-fabric-b1-c4-r2-task-0143,fabric_settlement,True,,2508,1783273327889,0,,False
1442,b2-fabric-b1-c4-r2,b2-fabric-b1-c4-r2-task-0141,fabric_settlement,True,,2509,1783273327889,0,,False
1443,b2-fabric-b1-c4-r2,b2-fabric-b1-c4-r2-task-0141,fabric_query_final,True,,342,1783273330398,0,,False
1444,b2-fabric-b1-c4-r2,b2-fabric-b1-c4-r2-task-0142,fabric_query_final,True,,344,1783273330396,0,,False
1445,b2-fabric-b1-c4-r2,b2-fabric-b1-c4-r2-task-0140,fabric_query_final,True,,345,1783273330396,0,,False
1446,b2-fabric-b1-c4-r2,b2-fabric-b1-c4-r2-task-0143,fabric_query_final,True,,347,1783273330397,0,,False
1447,b2-fabric-b1-c4-r2,b2-fabric-b1-c4-r2-task-0140,ipfs_verify,True,,6,1783273330741,0,QmbKUL6FKk5HdN2RKMY4E5T2YgBw8gzyMB9qqscewgU2PM,False
1448,b2-fabric-b1-c4-r2,b2-fabric-b1-c4-r2-task-0142,ipfs_verify,True,,8,1783273330740,0,QmU3gpt8BjdpgMNTTBdF3QXFR37K5SeqUjAYEdmDDig4s5,False
1449,b2-fabric-b1-c4-r2,b2-fabric-b1-c4-r2-task-0141,ipfs_verify,True,,9,1783273330740,0,QmU8ccPSVuF7qqoiKy2DMjjWHVge9mBhGy7hX3oM4mFnxu,False
1450,b2-fabric-b1-c4-r2,b2-fabric-b1-c4-r2-task-0143,ipfs_verify,True,,6,1783273330744,0,QmTVqeXCxoxwjjanTn4HJUbLVnB4bpVmZgGrTummJ1AQqo,False
1451,b2-fabric-b1-c4-r2,b2-fabric-b1-c4-r2-task-0144,ipfs_add,True,,28,1783273330747,4312,,False
1452,b2-fabric-b1-c4-r2,b2-fabric-b1-c4-r2-task-0146,ipfs_add,True,,42,1783273330749,5475,,False
1453,b2-fabric-b1-c4-r2,b2-fabric-b1-c4-r2-task-0145,ipfs_add,True,,59,1783273330748,5462,,False
1454,b2-fabric-b1-c4-r2,b2-fabric-b1-c4-r2-task-0147,ipfs_add,True,,75,1783273330751,4284,,False
1455,b2-fabric-b1-c4-r2,b2-fabric-b1-c4-r2-task-0147,fabric_post_task,True,,-5,1783273330826,4284,QmaFJBETp4JJdAzBH3NfaGGXCVai8pRVmMEDArMatXyrJg,False
1456,b2-fabric-b1-c4-r2,b2-fabric-b1-c4-r2-task-0146,fabric_post_task,True,,32,1783273330791,5475,QmTMCQj8BgjN1EopLd1uCHtQPJNQPLrifD8h5c2wtJkq4h,False
1457,b2-fabric-b1-c4-r2,b2-fabric-b1-c4-r2-task-0145,fabric_post_task,True,,16,1783273330808,5462,QmQawzw1KxV8h7JpxSeDVLwBKMdBrxUCm6dAZkW6LZqh7T,False
1458,b2-fabric-b1-c4-r2,b2-fabric-b1-c4-r2-task-0144,fabric_post_task,True,,50,1783273330775,4312,QmQZAxaxKLLJQ3P2WWPiuXefNDpmhXdj7A3T7qaNxDGnnf,False
1459,b2-fabric-b1-c4-r2,b2-fabric-b1-c4-r2-task-0144,fabric_post_allocation,True,,2376,1783273330825,0,,False
1460,b2-fabric-b1-c4-r2,b2-fabric-b1-c4-r2-task-0145,fabric_post_allocation,True,,2378,1783273330824,0,,False
1461,b2-fabric-b1-c4-r2,b2-fabric-b1-c4-r2-task-0146,fabric_post_allocation,True,,2379,1783273330823,0,,False
1462,b2-fabric-b1-c4-r2,b2-fabric-b1-c4-r2-task-0147,fabric_post_allocation,True,,2384,1783273330821,0,,False
1463,b2-fabric-b1-c4-r2,b2-fabric-b1-c4-r2-task-0147,fabric_post_snapshot,True,,2493,1783273333205,0,,False
1464,b2-fabric-b1-c4-r2,b2-fabric-b1-c4-r2-task-0146,fabric_post_snapshot,True,,2497,1783273333202,0,,False
1465,b2-fabric-b1-c4-r2,b2-fabric-b1-c4-r2-task-0145,fabric_post_snapshot,True,,2497,1783273333202,0,,False
1466,b2-fabric-b1-c4-r2,b2-fabric-b1-c4-r2-task-0144,fabric_post_snapshot,True,,2502,1783273333201,0,,False
1467,b2-fabric-b1-c4-r2,b2-fabric-b1-c4-r2-task-0147,fabric_query_confirmation,True,,329,1783273335698,0,,False
1468,b2-fabric-b1-c4-r2,b2-fabric-b1-c4-r2-task-0145,fabric_query_confirmation,True,,329,1783273335699,0,,False
1469,b2-fabric-b1-c4-r2,b2-fabric-b1-c4-r2-task-0146,fabric_query_confirmation,True,,330,1783273335699,0,,False
1470,b2-fabric-b1-c4-r2,b2-fabric-b1-c4-r2-task-0144,fabric_query_confirmation,True,,327,1783273335703,0,,False
1471,b2-fabric-b1-c4-r2,b2-fabric-b1-c4-r2-task-0147,fabric_vote_1,True,,2541,1783273336028,0,,False
1472,b2-fabric-b1-c4-r2,b2-fabric-b1-c4-r2-task-0144,fabric_vote_1,True,,2540,1783273336030,0,,False
1473,b2-fabric-b1-c4-r2,b2-fabric-b1-c4-r2-task-0145,fabric_vote_1,True,,2543,1783273336028,0,,False
1474,b2-fabric-b1-c4-r2,b2-fabric-b1-c4-r2-task-0146,fabric_vote_1,True,,2546,1783273336029,0,,False
1475,b2-fabric-b1-c4-r2,b2-fabric-b1-c4-r2-task-0144,fabric_vote_2,True,,2295,1783273338570,0,,False
1476,b2-fabric-b1-c4-r2,b2-fabric-b1-c4-r2-task-0145,fabric_vote_2,True,,2294,1783273338571,0,,False
1477,b2-fabric-b1-c4-r2,b2-fabric-b1-c4-r2-task-0147,fabric_vote_2,True,,2296,1783273338569,0,,False
1478,b2-fabric-b1-c4-r2,b2-fabric-b1-c4-r2-task-0146,fabric_vote_2,True,,2291,1783273338575,0,,False
1479,b2-fabric-b1-c4-r2,b2-fabric-b1-c4-r2-task-0147,fabric_settlement,True,,2318,1783273340865,0,,False
1480,b2-fabric-b1-c4-r2,b2-fabric-b1-c4-r2-task-0146,fabric_settlement,True,,2318,1783273340866,0,,False
1481,b2-fabric-b1-c4-r2,b2-fabric-b1-c4-r2-task-0145,fabric_settlement,True,,2320,1783273340865,0,,False
1482,b2-fabric-b1-c4-r2,b2-fabric-b1-c4-r2-task-0144,fabric_settlement,True,,2324,1783273340865,0,,False
1483,b2-fabric-b1-c4-r2,b2-fabric-b1-c4-r2-task-0145,fabric_query_final,True,,381,1783273343185,0,,False
1484,b2-fabric-b1-c4-r2,b2-fabric-b1-c4-r2-task-0147,fabric_query_final,True,,384,1783273343183,0,,False
1485,b2-fabric-b1-c4-r2,b2-fabric-b1-c4-r2-task-0144,fabric_query_final,True,,378,1783273343189,0,,False
1486,b2-fabric-b1-c4-r2,b2-fabric-b1-c4-r2-task-0146,fabric_query_final,True,,389,1783273343184,0,,False
1487,b2-fabric-b1-c4-r2,b2-fabric-b1-c4-r2-task-0144,ipfs_verify,False,"curl: (56) Recv failure: Connection reset by peer
",7,1783273343567,0,QmQZAxaxKLLJQ3P2WWPiuXefNDpmhXdj7A3T7qaNxDGnnf,False
1488,b2-fabric-b1-c4-r2,b2-fabric-b1-c4-r2-task-0147,ipfs_verify,False,"curl: (56) Recv failure: Connection reset by peer
",8,1783273343567,0,QmaFJBETp4JJdAzBH3NfaGGXCVai8pRVmMEDArMatXyrJg,False
1489,b2-fabric-b1-c4-r2,b2-fabric-b1-c4-r2-task-0145,ipfs_verify,False,"curl: (56) Recv failure: Connection reset by peer
",10,1783273343566,0,QmQawzw1KxV8h7JpxSeDVLwBKMdBrxUCm6dAZkW6LZqh7T,False
1490,b2-fabric-b1-c4-r2,b2-fabric-b1-c4-r2-task-0146,ipfs_verify,False,"curl: (56) Recv failure: Connection reset by peer
",7,1783273343573,0,QmTMCQj8BgjN1EopLd1uCHtQPJNQPLrifD8h5c2wtJkq4h,False
1491,b2-fabric-b1-c4-r2,b2-fabric-b1-c4-r2-task-0148,ipfs_add,False,"curl: (56) Recv failure: Connection reset by peer
",8,1783273343575,5640,,False
1492,b2-fabric-b1-c4-r2,b2-fabric-b1-c4-r2-task-0149,ipfs_add,False,"curl: (56) Recv failure: Connection reset by peer
",9,1783273343575,2546,,False
1493,b2-fabric-b1-c4-r2,b2-fabric-b1-c4-r2-task-0150,ipfs_add,False,"curl: (56) Recv failure: Connection reset by peer
",8,1783273343577,1854,,False
1494,b2-fabric-b1-c4-r2,b2-fabric-b1-c4-r2-task-0151,ipfs_add,False,"curl: (56) Recv failure: Connection reset by peer
",7,1783273343581,8145,,False
1495,b2-fabric-b1-c4-r2,b2-fabric-b1-c4-r2-task-0152,ipfs_add,False,"curl: (56) Recv failure: Connection reset by peer
",9,1783273343583,1875,,False
1496,b2-fabric-b1-c4-r2,b2-fabric-b1-c4-r2-task-0153,ipfs_add,False,"curl: (56) Recv failure: Connection reset by peer
",9,1783273343584,1788,,False
1497,b2-fabric-b1-c4-r2,b2-fabric-b1-c4-r2-task-0154,ipfs_add,False,"curl: (56) Recv failure: Connection reset by peer
",10,1783273343585,1793,,False
1498,b2-fabric-b1-c4-r2,b2-fabric-b1-c4-r2-task-0155,ipfs_add,False,"curl: (56) Recv failure: Connection reset by peer
",8,1783273343589,1762,,False
1499,b2-fabric-b1-c4-r2,b2-fabric-b1-c4-r2-task-0156,ipfs_add,False,"curl: (56) Recv failure: Connection reset by peer
",8,1783273343592,5744,,False
1500,b2-fabric-b1-c4-r2,b2-fabric-b1-c4-r2-task-0157,ipfs_add,False,"curl: (56) Recv failure: Connection reset by peer
",9,1783273343593,5957,,False
1501,b2-fabric-b1-c4-r2,b2-fabric-b1-c4-r2-task-0158,ipfs_add,False,"curl: (56) Recv failure: Connection reset by peer
",9,1783273343596,2353,,False
1502,b2-fabric-b1-c4-r2,b2-fabric-b1-c4-r2-task-0159,ipfs_add,False,"curl: (56) Recv failure: Connection reset by peer
",9,1783273343597,1618,,False
1503,b2-fabric-b1-c4-r2,b2-fabric-b1-c4-r2-task-0160,ipfs_add,False,"curl: (56) Recv failure: Connection reset by peer
",8,1783273343600,3112,,False
1504,b2-fabric-b1-c4-r2,b2-fabric-b1-c4-r2-task-0161,ipfs_add,False,"curl: (56) Recv failure: Connection reset by peer
",8,1783273343602,2567,,False
1505,b2-fabric-b1-c4-r2,b2-fabric-b1-c4-r2-task-0162,ipfs_add,False,"curl: (56) Recv failure: Connection reset by peer
",8,1783273343605,2034,,False
1506,b2-fabric-b1-c4-r2,b2-fabric-b1-c4-r2-task-0163,ipfs_add,False,"curl: (56) Recv failure: Connection reset by peer
",8,1783273343606,5564,,False
1507,b2-fabric-b1-c4-r2,b2-fabric-b1-c4-r2-task-0164,ipfs_add,False,"curl: (56) Recv failure: Connection reset by peer
",7,1783273343608,1901,,False
1508,b2-fabric-b1-c4-r2,b2-fabric-b1-c4-r2-task-0165,ipfs_add,False,"curl: (56) Recv failure: Connection reset by peer
",8,1783273343610,5181,,False
1509,b2-fabric-b1-c4-r2,b2-fabric-b1-c4-r2-task-0166,ipfs_add,False,"curl: (56) Recv failure: Connection reset by peer
",7,1783273343614,3237,,False
1510,b2-fabric-b1-c4-r2,b2-fabric-b1-c4-r2-task-0168,ipfs_add,False,"curl: (56) Recv failure: Connection reset by peer
",7,1783273343616,3309,,False
1511,b2-fabric-b1-c4-r2,b2-fabric-b1-c4-r2-task-0167,ipfs_add,False,"curl: (56) Recv failure: Connection reset by peer
",9,1783273343615,2244,,False
1512,b2-fabric-b1-c4-r2,b2-fabric-b1-c4-r2-task-0169,ipfs_add,False,"curl: (56) Recv failure: Connection reset by peer
",7,1783273343618,7969,,False
1513,b2-fabric-b1-c4-r2,b2-fabric-b1-c4-r2-task-0170,ipfs_add,False,"curl: (56) Recv failure: Connection reset by peer
",7,1783273343622,4645,,False
1514,b2-fabric-b1-c4-r2,b2-fabric-b1-c4-r2-task-0171,ipfs_add,False,"curl: (56) Recv failure: Connection reset by peer
",7,1783273343623,4195,,False
1515,b2-fabric-b1-c4-r2,b2-fabric-b1-c4-r2-task-0172,ipfs_add,False,"curl: (56) Recv failure: Connection reset by peer
",9,1783273343624,1446,,False
1516,b2-fabric-b1-c4-r2,b2-fabric-b1-c4-r2-task-0173,ipfs_add,False,"curl: (56) Recv failure: Connection reset by peer
",8,1783273343626,4300,,False
1517,b2-fabric-b1-c4-r2,b2-fabric-b1-c4-r2-task-0174,ipfs_add,False,"curl: (56) Recv failure: Connection reset by peer
",8,1783273343629,5608,,False
1518,b2-fabric-b1-c4-r2,b2-fabric-b1-c4-r2-task-0175,ipfs_add,False,"curl: (56) Recv failure: Connection reset by peer
",8,1783273343630,3257,,False
1519,b2-fabric-b1-c4-r2,b2-fabric-b1-c4-r2-task-0176,ipfs_add,False,"curl: (56) Recv failure: Connection reset by peer
",7,1783273343633,4034,,False
1520,b2-fabric-b1-c4-r2,b2-fabric-b1-c4-r2-task-0177,ipfs_add,False,"curl: (56) Recv failure: Connection reset by peer
",8,1783273343634,5306,,False
1521,b2-fabric-b1-c4-r2,b2-fabric-b1-c4-r2-task-0178,ipfs_add,False,"curl: (56) Recv failure: Connection reset by peer
",8,1783273343637,4045,,False
1522,b2-fabric-b1-c4-r2,b2-fabric-b1-c4-r2-task-0179,ipfs_add,False,"curl: (56) Recv failure: Connection reset by peer
",7,1783273343639,4715,,False
1523,b2-fabric-b1-c4-r2,b2-fabric-b1-c4-r2-task-0180,ipfs_add,False,"curl: (56) Recv failure: Connection reset by peer
",8,1783273343640,2760,,False
1524,b2-fabric-b1-c4-r2,b2-fabric-b1-c4-r2-task-0181,ipfs_add,False,"curl: (56) Recv failure: Connection reset by peer
",7,1783273343642,7983,,False
1525,b2-fabric-b1-c4-r2,b2-fabric-b1-c4-r2-task-0182,ipfs_add,False,"curl: (56) Recv failure: Connection reset by peer
",8,1783273343645,7430,,False
1526,b2-fabric-b1-c4-r2,b2-fabric-b1-c4-r2-task-0183,ipfs_add,False,"curl: (56) Recv failure: Connection reset by peer
",8,1783273343646,4217,,False
1527,b2-fabric-b1-c4-r2,b2-fabric-b1-c4-r2-task-0184,ipfs_add,False,"curl: (56) Recv failure: Connection reset by peer
",7,1783273343648,4322,,False
1528,b2-fabric-b1-c4-r2,b2-fabric-b1-c4-r2-task-0185,ipfs_add,False,"curl: (56) Recv failure: Connection reset by peer
",7,1783273343650,4040,,False
1529,b2-fabric-b1-c4-r2,b2-fabric-b1-c4-r2-task-0186,ipfs_add,False,"curl: (56) Recv failure: Connection reset by peer
",7,1783273343653,3760,,False
1530,b2-fabric-b1-c4-r2,b2-fabric-b1-c4-r2-task-0187,ipfs_add,False,"curl: (56) Recv failure: Connection reset by peer
",7,1783273343655,3817,,False
1531,b2-fabric-b1-c4-r2,b2-fabric-b1-c4-r2-task-0188,ipfs_add,False,"curl: (56) Recv failure: Connection reset by peer
",8,1783273343655,3588,,False
1532,b2-fabric-b1-c4-r2,b2-fabric-b1-c4-r2-task-0189,ipfs_add,False,"curl: (56) Recv failure: Connection reset by peer
",8,1783273343657,3813,,False
1533,b2-fabric-b1-c4-r2,b2-fabric-b1-c4-r2-task-0190,ipfs_add,False,"curl: (56) Recv failure: Connection reset by peer
",8,1783273343660,4444,,False
1534,b2-fabric-b1-c4-r2,b2-fabric-b1-c4-r2-task-0192,ipfs_add,False,"curl: (56) Recv failure: Connection reset by peer
",7,1783273343663,4212,,False
1535,b2-fabric-b1-c4-r2,b2-fabric-b1-c4-r2-task-0191,ipfs_add,False,"curl: (56) Recv failure: Connection reset by peer
",7,1783273343663,4761,,False
1536,b2-fabric-b1-c4-r2,b2-fabric-b1-c4-r2-task-0193,ipfs_add,False,"curl: (56) Recv failure: Connection reset by peer
",8,1783273343665,3656,,False
1537,b2-fabric-b1-c4-r2,b2-fabric-b1-c4-r2-task-0194,ipfs_add,False,"curl: (56) Recv failure: Connection reset by peer
",7,1783273343668,5127,,False
1538,b2-fabric-b1-c4-r2,b2-fabric-b1-c4-r2-task-0196,ipfs_add,False,"curl: (56) Recv failure: Connection reset by peer
",8,1783273343670,4122,,False
1539,b2-fabric-b1-c4-r2,b2-fabric-b1-c4-r2-task-0195,ipfs_add,False,"curl: (56) Recv failure: Connection reset by peer
",9,1783273343670,4765,,False
1540,b2-fabric-b1-c4-r2,b2-fabric-b1-c4-r2-task-0197,ipfs_add,False,"curl: (56) Recv failure: Connection reset by peer
",7,1783273343673,4817,,False
1541,b2-fabric-b1-c4-r2,b2-fabric-b1-c4-r2-task-0198,ipfs_add,False,"curl: (56) Recv failure: Connection reset by peer
",8,1783273343675,3540,,False
1542,b2-fabric-b1-c4-r2,b2-fabric-b1-c4-r2-task-0200,ipfs_add,False,"curl: (56) Recv failure: Connection reset by peer
",8,1783273343679,5145,,False
1543,b2-fabric-b1-c4-r2,b2-fabric-b1-c4-r2-task-0201,ipfs_add,False,"curl: (56) Recv failure: Connection reset by peer
",7,1783273343681,4340,,False
1544,b2-fabric-b1-c4-r2,b2-fabric-b1-c4-r2-task-0199,ipfs_add,False,"curl: (56) Recv failure: Connection reset by peer
",10,1783273343678,5047,,False
1545,b2-fabric-b1-c4-r2,b2-fabric-b1-c4-r2-task-0202,ipfs_add,False,"curl: (56) Recv failure: Connection reset by peer
",6,1783273343684,4638,,False
1546,b2-fabric-b1-c4-r2,b2-fabric-b1-c4-r2-task-0203,ipfs_add,False,"curl: (56) Recv failure: Connection reset by peer
",8,1783273343687,1827,,False
1547,b2-fabric-b1-c4-r2,b2-fabric-b1-c4-r2-task-0204,ipfs_add,False,"curl: (56) Recv failure: Connection reset by peer
",9,1783273343689,3115,,False
1548,b2-fabric-b1-c4-r2,b2-fabric-b1-c4-r2-task-0206,ipfs_add,False,"curl: (56) Recv failure: Connection reset by peer
",8,1783273343691,5535,,False
1549,b2-fabric-b1-c4-r2,b2-fabric-b1-c4-r2-task-0205,ipfs_add,False,"curl: (56) Recv failure: Connection reset by peer
",10,1783273343690,2139,,False
1550,b2-fabric-b1-c4-r2,b2-fabric-b1-c4-r2-task-0207,ipfs_add,False,"curl: (56) Recv failure: Connection reset by peer
",7,1783273343695,5182,,False
1551,b2-fabric-b1-c4-r2,b2-fabric-b1-c4-r2-task-0209,ipfs_add,False,"curl: (56) Recv failure: Connection reset by peer
",7,1783273343699,6194,,False
1552,b2-fabric-b1-c4-r2,b2-fabric-b1-c4-r2-task-0208,ipfs_add,False,"curl: (56) Recv failure: Connection reset by peer
",8,1783273343698,2245,,False
1553,b2-fabric-b1-c4-r2,b2-fabric-b1-c4-r2-task-0210,ipfs_add,False,"curl: (56) Recv failure: Connection reset by peer
",8,1783273343700,4993,,False
1554,b2-fabric-b1-c4-r2,b2-fabric-b1-c4-r2-task-0211,ipfs_add,False,"curl: (56) Recv failure: Connection reset by peer
",7,1783273343702,2188,,False
1555,b2-fabric-b1-c4-r2,b2-fabric-b1-c4-r2-task-0212,ipfs_add,False,"curl: (56) Recv failure: Connection reset by peer
",11,1783273343706,2819,,False
1556,b2-fabric-b1-c4-r2,b2-fabric-b1-c4-r2-task-0214,ipfs_add,False,"curl: (56) Recv failure: Connection reset by peer
",8,1783273343710,3407,,False
1557,b2-fabric-b1-c4-r2,b2-fabric-b1-c4-r2-task-0213,ipfs_add,False,"curl: (56) Recv failure: Connection reset by peer
",12,1783273343707,4132,,False
1558,b2-fabric-b1-c4-r2,b2-fabric-b1-c4-r2-task-0215,ipfs_add,False,"curl: (56) Recv failure: Connection reset by peer
",9,1783273343711,5293,,False
1559,b2-fabric-b1-c4-r2,b2-fabric-b1-c4-r2-task-0216,ipfs_add,False,"curl: (56) Recv failure: Connection reset by peer
",8,1783273343717,4886,,False
1560,b2-fabric-b1-c4-r2,b2-fabric-b1-c4-r2-task-0217,ipfs_add,False,"curl: (56) Recv failure: Connection reset by peer
",8,1783273343719,2716,,False
1561,b2-fabric-b1-c4-r2,b2-fabric-b1-c4-r2-task-0218,ipfs_add,False,"curl: (56) Recv failure: Connection reset by peer
",8,1783273343720,4685,,False
1562,b2-fabric-b1-c4-r2,b2-fabric-b1-c4-r2-task-0219,ipfs_add,False,"curl: (56) Recv failure: Connection reset by peer
",9,1783273343721,2892,,False
1563,b2-fabric-b1-c4-r2,b2-fabric-b1-c4-r2-task-0220,ipfs_add,False,"curl: (56) Recv failure: Connection reset by peer
",11,1783273343725,4548,,False
1564,b2-fabric-b1-c4-r2,b2-fabric-b1-c4-r2-task-0221,ipfs_add,False,"curl: (56) Recv failure: Connection reset by peer
",10,1783273343727,3158,,False
1565,b2-fabric-b1-c4-r2,b2-fabric-b1-c4-r2-task-0222,ipfs_add,False,"curl: (56) Recv failure: Connection reset by peer
",10,1783273343728,1324,,False
1566,b2-fabric-b1-c4-r2,b2-fabric-b1-c4-r2-task-0223,ipfs_add,False,"curl: (56) Recv failure: Connection reset by peer
",9,1783273343730,3496,,False
1567,b2-fabric-b1-c4-r2,b2-fabric-b1-c4-r2-task-0224,ipfs_add,False,"curl: (56) Recv failure: Connection reset by peer
",9,1783273343736,1434,,False
1568,b2-fabric-b1-c4-r2,b2-fabric-b1-c4-r2-task-0225,ipfs_add,False,"curl: (56) Recv failure: Connection reset by peer
",10,1783273343737,2951,,False
1569,b2-fabric-b1-c4-r2,b2-fabric-b1-c4-r2-task-0226,ipfs_add,False,"curl: (56) Recv failure: Connection reset by peer
",9,1783273343738,2097,,False
1570,b2-fabric-b1-c4-r2,b2-fabric-b1-c4-r2-task-0227,ipfs_add,False,"curl: (56) Recv failure: Connection reset by peer
",8,1783273343740,2681,,False
1571,b2-fabric-b1-c4-r2,b2-fabric-b1-c4-r2-task-0229,ipfs_add,False,"curl: (56) Recv failure: Connection reset by peer
",10,1783273343747,1853,,False
1572,b2-fabric-b1-c4-r2,b2-fabric-b1-c4-r2-task-0228,ipfs_add,False,"curl: (56) Recv failure: Connection reset by peer
",12,1783273343746,3049,,False
1573,b2-fabric-b1-c4-r2,b2-fabric-b1-c4-r2-task-0230,ipfs_add,False,"curl: (56) Recv failure: Connection reset by peer
",12,1783273343748,4672,,False
1574,b2-fabric-b1-c4-r2,b2-fabric-b1-c4-r2-task-0231,ipfs_add,False,"curl: (56) Recv failure: Connection reset by peer
",12,1783273343750,4749,,False
1575,b2-fabric-b1-c4-r2,b2-fabric-b1-c4-r2-task-0233,ipfs_add,False,"curl: (56) Recv failure: Connection reset by peer
",11,1783273343758,5561,,False
1576,b2-fabric-b1-c4-r2,b2-fabric-b1-c4-r2-task-0232,ipfs_add,False,"curl: (56) Recv failure: Connection reset by peer
",11,1783273343758,5652,,False
1577,b2-fabric-b1-c4-r2,b2-fabric-b1-c4-r2-task-0234,ipfs_add,False,"curl: (56) Recv failure: Connection reset by peer
",11,1783273343760,4813,,False
1578,b2-fabric-b1-c4-r2,b2-fabric-b1-c4-r2-task-0235,ipfs_add,False,"curl: (56) Recv failure: Connection reset by peer
",9,1783273343763,3473,,False
1579,b2-fabric-b1-c4-r2,b2-fabric-b1-c4-r2-task-0236,ipfs_add,False,"curl: (56) Recv failure: Connection reset by peer
",11,1783273343770,3609,,False
1580,b2-fabric-b1-c4-r2,b2-fabric-b1-c4-r2-task-0237,ipfs_add,False,"curl: (56) Recv failure: Connection reset by peer
",11,1783273343770,5358,,False
1581,b2-fabric-b1-c4-r2,b2-fabric-b1-c4-r2-task-0239,ipfs_add,False,"curl: (56) Recv failure: Connection reset by peer
",10,1783273343774,1409,,False
1582,b2-fabric-b1-c4-r2,b2-fabric-b1-c4-r2-task-0238,ipfs_add,False,"curl: (56) Recv failure: Connection reset by peer
",12,1783273343773,2789,,False
1583,b2-fabric-b1-c4-r2,b2-fabric-b1-c4-r2-task-0241,ipfs_add,False,"curl: (56) Recv failure: Connection reset by peer
",10,1783273343781,2700,,False
1584,b2-fabric-b1-c4-r2,b2-fabric-b1-c4-r2-task-0240,ipfs_add,False,"curl: (56) Recv failure: Connection reset by peer
",12,1783273343781,1900,,False
1585,b2-fabric-b1-c4-r2,b2-fabric-b1-c4-r2-task-0242,ipfs_add,False,"curl: (56) Recv failure: Connection reset by peer
",12,1783273343785,2053,,False
1586,b2-fabric-b1-c4-r2,b2-fabric-b1-c4-r2-task-0243,ipfs_add,False,"curl: (56) Recv failure: Connection reset by peer
",11,1783273343786,1456,,False
1587,b2-fabric-b1-c4-r2,b2-fabric-b1-c4-r2-task-0244,ipfs_add,False,"curl: (56) Recv failure: Connection reset by peer
",11,1783273343791,1940,,False
1588,b2-fabric-b1-c4-r2,b2-fabric-b1-c4-r2-task-0245,ipfs_add,False,"curl: (56) Recv failure: Connection reset by peer
",10,1783273343793,1397,,False
1589,b2-fabric-b1-c4-r2,b2-fabric-b1-c4-r2-task-0246,ipfs_add,False,"curl: (56) Recv failure: Connection reset by peer
",9,1783273343797,1908,,False
1590,b2-fabric-b1-c4-r2,b2-fabric-b1-c4-r2-task-0247,ipfs_add,False,"curl: (56) Recv failure: Connection reset by peer
",9,1783273343798,1442,,False
1591,b2-fabric-b1-c4-r2,b2-fabric-b1-c4-r2-task-0249,ipfs_add,False,"curl: (56) Recv failure: Connection reset by peer
",10,1783273343803,1622,,False
1592,b2-fabric-b1-c4-r2,b2-fabric-b1-c4-r2-task-0250,ipfs_add,False,"curl: (56) Recv failure: Connection reset by peer
",9,1783273343806,1536,,False
1593,b2-fabric-b1-c4-r2,b2-fabric-b1-c4-r2-task-0248,ipfs_add,False,"curl: (56) Recv failure: Connection reset by peer
",14,1783273343802,1513,,False
1594,b2-fabric-b1-c4-r2,b2-fabric-b1-c4-r2-task-0251,ipfs_add,False,"curl: (56) Recv failure: Connection reset by peer
",11,1783273343807,1557,,False
1595,b2-fabric-b1-c4-r2,b2-fabric-b1-c4-r2-task-0252,ipfs_add,False,"curl: (56) Recv failure: Connection reset by peer
",12,1783273343814,2362,,False
1596,b2-fabric-b1-c4-r2,b2-fabric-b1-c4-r2-task-0253,ipfs_add,False,"curl: (56) Recv failure: Connection reset by peer
",11,1783273343816,2993,,False
1597,b2-fabric-b1-c4-r2,b2-fabric-b1-c4-r2-task-0254,ipfs_add,False,"curl: (56) Recv failure: Connection reset by peer
",10,1783273343817,1295,,False
1598,b2-fabric-b1-c4-r2,b2-fabric-b1-c4-r2-task-0255,ipfs_add,False,"curl: (56) Recv failure: Connection reset by peer
",9,1783273343819,1650,,False
