seq,run_id,task_id,op,success,error,latency_ms,started_at_ms,bytes_sent,cid,warmup
1,b2-fabric-b1-c4-r2-retry1,b2-fabric-b1-c4-r2-retry1-warmup-0000,ipfs_add,True,,26,1783311789948,2041,,True
2,b2-fabric-b1-c4-r2-retry1,b2-fabric-b1-c4-r2-retry1-warmup-0000,fabric_post_task,True,,2724,1783311789974,2041,QmZpceyXD65orbHnVn4w3sPB8ea42LnxKYXnQkqH8QFV8f,True
3,b2-fabric-b1-c4-r2-retry1,b2-fabric-b1-c4-r2-retry1-warmup-0000,fabric_post_allocation,True,,3240,1783311792698,0,,True
4,b2-fabric-b1-c4-r2-retry1,b2-fabric-b1-c4-r2-retry1-warmup-0000,fabric_post_snapshot,True,,2554,1783311795938,0,,True
5,b2-fabric-b1-c4-r2-retry1,b2-fabric-b1-c4-r2-retry1-warmup-0000,fabric_query_confirmation,True,,411,1783311798492,0,,True
6,b2-fabric-b1-c4-r2-retry1,b2-fabric-b1-c4-r2-retry1-warmup-0000,fabric_vote_1,True,,2544,1783311798903,0,,True
7,b2-fabric-b1-c4-r2-retry1,b2-fabric-b1-c4-r2-retry1-warmup-0000,fabric_vote_2,True,,2614,1783311801447,0,,True
8,b2-fabric-b1-c4-r2-retry1,b2-fabric-b1-c4-r2-retry1-warmup-0000,fabric_settlement,True,,2618,1783311804061,0,,True
9,b2-fabric-b1-c4-r2-retry1,b2-fabric-b1-c4-r2-retry1-warmup-0000,fabric_query_final,True,,1328,1783311806679,0,,True
10,b2-fabric-b1-c4-r2-retry1,b2-fabric-b1-c4-r2-retry1-warmup-0000,ipfs_verify,True,,6,1783311808008,0,QmZpceyXD65orbHnVn4w3sPB8ea42LnxKYXnQkqH8QFV8f,True
11,b2-fabric-b1-c4-r2-retry1,b2-fabric-b1-c4-r2-retry1-task-0001,ipfs_add,True,,66,1783311808016,1691,,False
12,b2-fabric-b1-c4-r2-retry1,b2-fabric-b1-c4-r2-retry1-task-0003,ipfs_add,True,,97,1783311808017,2446,,False
13,b2-fabric-b1-c4-r2-retry1,b2-fabric-b1-c4-r2-retry1-task-0000,ipfs_add,True,,115,1783311808015,2041,,False
14,b2-fabric-b1-c4-r2-retry1,b2-fabric-b1-c4-r2-retry1-task-0002,ipfs_add,True,,114,1783311808017,4391,,False
15,b2-fabric-b1-c4-r2-retry1,b2-fabric-b1-c4-r2-retry1-task-0001,fabric_post_task,True,,1684,1783311808082,1691,QmWLjQroE5HFCEHpAAXxtDJw9HMkY6m5xMyNL3BCoktNFe,False
16,b2-fabric-b1-c4-r2-retry1,b2-fabric-b1-c4-r2-retry1-task-0000,fabric_post_task,True,,1637,1783311808130,2041,QmZpceyXD65orbHnVn4w3sPB8ea42LnxKYXnQkqH8QFV8f,False
17,b2-fabric-b1-c4-r2-retry1,b2-fabric-b1-c4-r2-retry1-task-0002,fabric_post_task,True,,1637,1783311808131,4391,QmadZcFHB1uQSGYUnYEPgsvcDpcDhp6t3Vn4pKLzTyZW3B,False
18,b2-fabric-b1-c4-r2-retry1,b2-fabric-b1-c4-r2-retry1-task-0003,fabric_post_task,True,,1655,1783311808114,2446,QmPvR785HfFDDiGzRGUjqnESf82yCdppnLSJbnvszkNAGt,False
19,b2-fabric-b1-c4-r2-retry1,b2-fabric-b1-c4-r2-retry1-task-0000,fabric_post_allocation,True,,2317,1783311809767,0,,False
20,b2-fabric-b1-c4-r2-retry1,b2-fabric-b1-c4-r2-retry1-task-0002,fabric_post_allocation,True,,2316,1783311809768,0,,False
21,b2-fabric-b1-c4-r2-retry1,b2-fabric-b1-c4-r2-retry1-task-0001,fabric_post_allocation,True,,2319,1783311809766,0,,False
22,b2-fabric-b1-c4-r2-retry1,b2-fabric-b1-c4-r2-retry1-task-0003,fabric_post_allocation,True,,2318,1783311809769,0,,False
23,b2-fabric-b1-c4-r2-retry1,b2-fabric-b1-c4-r2-retry1-task-0001,fabric_post_snapshot,True,,2454,1783311812085,0,,False
24,b2-fabric-b1-c4-r2-retry1,b2-fabric-b1-c4-r2-retry1-task-0000,fabric_post_snapshot,True,,2456,1783311812084,0,,False
25,b2-fabric-b1-c4-r2-retry1,b2-fabric-b1-c4-r2-retry1-task-0003,fabric_post_snapshot,True,,2455,1783311812087,0,,False
26,b2-fabric-b1-c4-r2-retry1,b2-fabric-b1-c4-r2-retry1-task-0002,fabric_post_snapshot,True,,2458,1783311812084,0,,False
27,b2-fabric-b1-c4-r2-retry1,b2-fabric-b1-c4-r2-retry1-task-0003,fabric_query_confirmation,True,,107,1783311814542,0,,False
28,b2-fabric-b1-c4-r2-retry1,b2-fabric-b1-c4-r2-retry1-task-0000,fabric_query_confirmation,True,,109,1783311814540,0,,False
29,b2-fabric-b1-c4-r2-retry1,b2-fabric-b1-c4-r2-retry1-task-0001,fabric_query_confirmation,True,,111,1783311814539,0,,False
30,b2-fabric-b1-c4-r2-retry1,b2-fabric-b1-c4-r2-retry1-task-0002,fabric_query_confirmation,True,,109,1783311814542,0,,False
31,b2-fabric-b1-c4-r2-retry1,b2-fabric-b1-c4-r2-retry1-task-0001,fabric_vote_1,True,,2255,1783311814650,0,,False
32,b2-fabric-b1-c4-r2-retry1,b2-fabric-b1-c4-r2-retry1-task-0002,fabric_vote_1,True,,2257,1783311814651,0,,False
33,b2-fabric-b1-c4-r2-retry1,b2-fabric-b1-c4-r2-retry1-task-0003,fabric_vote_1,True,,2260,1783311814649,0,,False
34,b2-fabric-b1-c4-r2-retry1,b2-fabric-b1-c4-r2-retry1-task-0000,fabric_vote_1,True,,2262,1783311814649,0,,False
35,b2-fabric-b1-c4-r2-retry1,b2-fabric-b1-c4-r2-retry1-task-0002,fabric_vote_2,True,,2482,1783311816908,0,,False
36,b2-fabric-b1-c4-r2-retry1,b2-fabric-b1-c4-r2-retry1-task-0003,fabric_vote_2,True,,2483,1783311816909,0,,False
37,b2-fabric-b1-c4-r2-retry1,b2-fabric-b1-c4-r2-retry1-task-0001,fabric_vote_2,True,,2488,1783311816905,0,,False
38,b2-fabric-b1-c4-r2-retry1,b2-fabric-b1-c4-r2-retry1-task-0000,fabric_vote_2,True,,2482,1783311816911,0,,False
39,b2-fabric-b1-c4-r2-retry1,b2-fabric-b1-c4-r2-retry1-task-0002,fabric_settlement,True,,2320,1783311819390,0,,False
40,b2-fabric-b1-c4-r2-retry1,b2-fabric-b1-c4-r2-retry1-task-0003,fabric_settlement,True,,2319,1783311819392,0,,False
41,b2-fabric-b1-c4-r2-retry1,b2-fabric-b1-c4-r2-retry1-task-0001,fabric_settlement,True,,2319,1783311819393,0,,False
42,b2-fabric-b1-c4-r2-retry1,b2-fabric-b1-c4-r2-retry1-task-0000,fabric_settlement,True,,2321,1783311819393,0,,False
43,b2-fabric-b1-c4-r2-retry1,b2-fabric-b1-c4-r2-retry1-task-0000,fabric_query_final,True,,600,1783311821714,0,,False
44,b2-fabric-b1-c4-r2-retry1,b2-fabric-b1-c4-r2-retry1-task-0001,fabric_query_final,True,,603,1783311821712,0,,False
45,b2-fabric-b1-c4-r2-retry1,b2-fabric-b1-c4-r2-retry1-task-0002,fabric_query_final,True,,605,1783311821710,0,,False
46,b2-fabric-b1-c4-r2-retry1,b2-fabric-b1-c4-r2-retry1-task-0003,fabric_query_final,True,,612,1783311821711,0,,False
47,b2-fabric-b1-c4-r2-retry1,b2-fabric-b1-c4-r2-retry1-task-0000,ipfs_verify,True,,10,1783311822314,0,QmZpceyXD65orbHnVn4w3sPB8ea42LnxKYXnQkqH8QFV8f,False
48,b2-fabric-b1-c4-r2-retry1,b2-fabric-b1-c4-r2-retry1-task-0001,ipfs_verify,True,,9,1783311822315,0,QmWLjQroE5HFCEHpAAXxtDJw9HMkY6m5xMyNL3BCoktNFe,False
49,b2-fabric-b1-c4-r2-retry1,b2-fabric-b1-c4-r2-retry1-task-0002,ipfs_verify,True,,10,1783311822315,0,QmadZcFHB1uQSGYUnYEPgsvcDpcDhp6t3Vn4pKLzTyZW3B,False
50,b2-fabric-b1-c4-r2-retry1,b2-fabric-b1-c4-r2-retry1-task-0003,ipfs_verify,True,,8,1783311822323,0,QmPvR785HfFDDiGzRGUjqnESf82yCdppnLSJbnvszkNAGt,False
51,b2-fabric-b1-c4-r2-retry1,b2-fabric-b1-c4-r2-retry1-task-0006,ipfs_add,True,,37,1783311822325,1837,,False
52,b2-fabric-b1-c4-r2-retry1,b2-fabric-b1-c4-r2-retry1-task-0005,ipfs_add,True,,58,1783311822324,1568,,False
53,b2-fabric-b1-c4-r2-retry1,b2-fabric-b1-c4-r2-retry1-task-0004,ipfs_add,True,,74,1783311822325,4001,,False
54,b2-fabric-b1-c4-r2-retry1,b2-fabric-b1-c4-r2-retry1-task-0007,ipfs_add,True,,84,1783311822332,1947,,False
55,b2-fabric-b1-c4-r2-retry1,b2-fabric-b1-c4-r2-retry1-task-0004,fabric_post_task,True,,3344,1783311822399,4001,Qmaz6UxvY2c7v7Afz5qnVeVQ353BpWF64tC6snuKvMXMMH,False
56,b2-fabric-b1-c4-r2-retry1,b2-fabric-b1-c4-r2-retry1-task-0005,fabric_post_task,True,,3362,1783311822382,1568,QmQGqX18RcT7NsFPmbZfQoD9JQ4oRJAgNfw6hWJoUowyXr,False
57,b2-fabric-b1-c4-r2-retry1,b2-fabric-b1-c4-r2-retry1-task-0007,fabric_post_task,True,,3329,1783311822416,1947,QmZ2mJtGsrx1z5XKWoUvbBSuSSfsFtGubMTSXMJ9cMGQnJ,False
58,b2-fabric-b1-c4-r2-retry1,b2-fabric-b1-c4-r2-retry1-task-0006,fabric_post_task,True,,3383,1783311822362,1837,QmXGbR3DqVcFxShbFVjPMj7ToNDuYqpp9jmC8SXxYHpmsi,False
59,b2-fabric-b1-c4-r2-retry1,b2-fabric-b1-c4-r2-retry1-task-0005,fabric_post_allocation,True,,2359,1783311825744,0,,False
60,b2-fabric-b1-c4-r2-retry1,b2-fabric-b1-c4-r2-retry1-task-0006,fabric_post_allocation,True,,2359,1783311825745,0,,False
61,b2-fabric-b1-c4-r2-retry1,b2-fabric-b1-c4-r2-retry1-task-0007,fabric_post_allocation,True,,2360,1783311825745,0,,False
62,b2-fabric-b1-c4-r2-retry1,b2-fabric-b1-c4-r2-retry1-task-0004,fabric_post_allocation,True,,2365,1783311825743,0,,False
63,b2-fabric-b1-c4-r2-retry1,b2-fabric-b1-c4-r2-retry1-task-0004,fabric_post_snapshot,True,,2580,1783311828108,0,,False
64,b2-fabric-b1-c4-r2-retry1,b2-fabric-b1-c4-r2-retry1-task-0006,fabric_post_snapshot,True,,2585,1783311828104,0,,False
65,b2-fabric-b1-c4-r2-retry1,b2-fabric-b1-c4-r2-retry1-task-0005,fabric_post_snapshot,True,,2586,1783311828103,0,,False
66,b2-fabric-b1-c4-r2-retry1,b2-fabric-b1-c4-r2-retry1-task-0007,fabric_post_snapshot,True,,2585,1783311828105,0,,False
67,b2-fabric-b1-c4-r2-retry1,b2-fabric-b1-c4-r2-retry1-task-0007,fabric_query_confirmation,True,,130,1783311830690,0,,False
68,b2-fabric-b1-c4-r2-retry1,b2-fabric-b1-c4-r2-retry1-task-0006,fabric_query_confirmation,True,,132,1783311830689,0,,False
69,b2-fabric-b1-c4-r2-retry1,b2-fabric-b1-c4-r2-retry1-task-0005,fabric_query_confirmation,True,,132,1783311830689,0,,False
70,b2-fabric-b1-c4-r2-retry1,b2-fabric-b1-c4-r2-retry1-task-0004,fabric_query_confirmation,True,,135,1783311830688,0,,False
71,b2-fabric-b1-c4-r2-retry1,b2-fabric-b1-c4-r2-retry1-task-0005,fabric_vote_1,True,,2496,1783311830821,0,,False
72,b2-fabric-b1-c4-r2-retry1,b2-fabric-b1-c4-r2-retry1-task-0007,fabric_vote_1,True,,2499,1783311830820,0,,False
73,b2-fabric-b1-c4-r2-retry1,b2-fabric-b1-c4-r2-retry1-task-0006,fabric_vote_1,True,,2498,1783311830821,0,,False
74,b2-fabric-b1-c4-r2-retry1,b2-fabric-b1-c4-r2-retry1-task-0004,fabric_vote_1,True,,2499,1783311830823,0,,False
75,b2-fabric-b1-c4-r2-retry1,b2-fabric-b1-c4-r2-retry1-task-0005,fabric_vote_2,True,,2562,1783311833317,0,,False
76,b2-fabric-b1-c4-r2-retry1,b2-fabric-b1-c4-r2-retry1-task-0007,fabric_vote_2,True,,2562,1783311833319,0,,False
77,b2-fabric-b1-c4-r2-retry1,b2-fabric-b1-c4-r2-retry1-task-0006,fabric_vote_2,True,,2562,1783311833319,0,,False
78,b2-fabric-b1-c4-r2-retry1,b2-fabric-b1-c4-r2-retry1-task-0004,fabric_vote_2,True,,2560,1783311833322,0,,False
79,b2-fabric-b1-c4-r2-retry1,b2-fabric-b1-c4-r2-retry1-task-0005,fabric_settlement,True,,2356,1783311835879,0,,False
80,b2-fabric-b1-c4-r2-retry1,b2-fabric-b1-c4-r2-retry1-task-0006,fabric_settlement,True,,2355,1783311835881,0,,False
81,b2-fabric-b1-c4-r2-retry1,b2-fabric-b1-c4-r2-retry1-task-0004,fabric_settlement,True,,2355,1783311835882,0,,False
82,b2-fabric-b1-c4-r2-retry1,b2-fabric-b1-c4-r2-retry1-task-0007,fabric_settlement,True,,2359,1783311835881,0,,False
83,b2-fabric-b1-c4-r2-retry1,b2-fabric-b1-c4-r2-retry1-task-0005,fabric_query_final,True,,611,1783311838235,0,,False
84,b2-fabric-b1-c4-r2-retry1,b2-fabric-b1-c4-r2-retry1-task-0004,fabric_query_final,True,,610,1783311838237,0,,False
85,b2-fabric-b1-c4-r2-retry1,b2-fabric-b1-c4-r2-retry1-task-0007,fabric_query_final,True,,609,1783311838240,0,,False
86,b2-fabric-b1-c4-r2-retry1,b2-fabric-b1-c4-r2-retry1-task-0004,ipfs_verify,True,,9,1783311838847,0,Qmaz6UxvY2c7v7Afz5qnVeVQ353BpWF64tC6snuKvMXMMH,False
87,b2-fabric-b1-c4-r2-retry1,b2-fabric-b1-c4-r2-retry1-task-0007,ipfs_verify,True,,9,1783311838849,0,QmZ2mJtGsrx1z5XKWoUvbBSuSSfsFtGubMTSXMJ9cMGQnJ,False
88,b2-fabric-b1-c4-r2-retry1,b2-fabric-b1-c4-r2-retry1-task-0005,ipfs_verify,True,,12,1783311838846,0,QmQGqX18RcT7NsFPmbZfQoD9JQ4oRJAgNfw6hWJoUowyXr,False
89,b2-fabric-b1-c4-r2-retry1,b2-fabric-b1-c4-r2-retry1-task-0006,fabric_query_final,True,,623,1783311838236,0,,False
90,b2-fabric-b1-c4-r2-retry1,b2-fabric-b1-c4-r2-retry1-task-0006,ipfs_verify,True,,7,1783311838859,0,QmXGbR3DqVcFxShbFVjPMj7ToNDuYqpp9jmC8SXxYHpmsi,False
91,b2-fabric-b1-c4-r2-retry1,b2-fabric-b1-c4-r2-retry1-task-0008,ipfs_add,True,,30,1783311838857,4944,,False
92,b2-fabric-b1-c4-r2-retry1,b2-fabric-b1-c4-r2-retry1-task-0009,ipfs_add,True,,47,1783311838858,2473,,False
93,b2-fabric-b1-c4-r2-retry1,b2-fabric-b1-c4-r2-retry1-task-0010,ipfs_add,True,,65,1783311838858,1920,,False
94,b2-fabric-b1-c4-r2-retry1,b2-fabric-b1-c4-r2-retry1-task-0011,ipfs_add,True,,74,1783311838867,1792,,False
95,b2-fabric-b1-c4-r2-retry1,b2-fabric-b1-c4-r2-retry1-task-0008,fabric_post_task,True,,1882,1783311838887,4944,Qmadej9boMA3zvMcjFpwW1dMDJCrBFKribSZiwN8Np95v4,False
96,b2-fabric-b1-c4-r2-retry1,b2-fabric-b1-c4-r2-retry1-task-0009,fabric_post_task,True,,1865,1783311838905,2473,QmQL4VyiyFbbfeWbQLp7Qp6cU5MBzGngHTJYLaPrdaD1Q5,False
97,b2-fabric-b1-c4-r2-retry1,b2-fabric-b1-c4-r2-retry1-task-0010,fabric_post_task,True,,1848,1783311838923,1920,QmW8orLvUAo2YwFjjwaFvXPFemWqGCNshgP2T5TSk9ed5J,False
98,b2-fabric-b1-c4-r2-retry1,b2-fabric-b1-c4-r2-retry1-task-0011,fabric_post_task,True,,1831,1783311838941,1792,QmRYRwmnCKh97pHrWVSsWgKT9hwEK6SXPP8N3DGcdkp1Hf,False
99,b2-fabric-b1-c4-r2-retry1,b2-fabric-b1-c4-r2-retry1-task-0010,fabric_post_allocation,True,,2323,1783311840771,0,,False
100,b2-fabric-b1-c4-r2-retry1,b2-fabric-b1-c4-r2-retry1-task-0009,fabric_post_allocation,True,,2324,1783311840770,0,,False
101,b2-fabric-b1-c4-r2-retry1,b2-fabric-b1-c4-r2-retry1-task-0011,fabric_post_allocation,True,,2323,1783311840772,0,,False
102,b2-fabric-b1-c4-r2-retry1,b2-fabric-b1-c4-r2-retry1-task-0008,fabric_post_allocation,True,,2328,1783311840769,0,,False
103,b2-fabric-b1-c4-r2-retry1,b2-fabric-b1-c4-r2-retry1-task-0010,fabric_post_snapshot,True,,2562,1783311843094,0,,False
104,b2-fabric-b1-c4-r2-retry1,b2-fabric-b1-c4-r2-retry1-task-0009,fabric_post_snapshot,True,,2564,1783311843094,0,,False
105,b2-fabric-b1-c4-r2-retry1,b2-fabric-b1-c4-r2-retry1-task-0011,fabric_post_snapshot,True,,2565,1783311843095,0,,False
106,b2-fabric-b1-c4-r2-retry1,b2-fabric-b1-c4-r2-retry1-task-0008,fabric_post_snapshot,True,,2565,1783311843097,0,,False
107,b2-fabric-b1-c4-r2-retry1,b2-fabric-b1-c4-r2-retry1-task-0011,fabric_query_confirmation,True,,335,1783311845660,0,,False
108,b2-fabric-b1-c4-r2-retry1,b2-fabric-b1-c4-r2-retry1-task-0008,fabric_query_confirmation,True,,333,1783311845662,0,,False
109,b2-fabric-b1-c4-r2-retry1,b2-fabric-b1-c4-r2-retry1-task-0009,fabric_query_confirmation,True,,338,1783311845658,0,,False
110,b2-fabric-b1-c4-r2-retry1,b2-fabric-b1-c4-r2-retry1-task-0010,fabric_query_confirmation,True,,342,1783311845657,0,,False
111,b2-fabric-b1-c4-r2-retry1,b2-fabric-b1-c4-r2-retry1-task-0010,fabric_vote_1,True,,2483,1783311845999,0,,False
112,b2-fabric-b1-c4-r2-retry1,b2-fabric-b1-c4-r2-retry1-task-0009,fabric_vote_1,True,,2487,1783311845996,0,,False
113,b2-fabric-b1-c4-r2-retry1,b2-fabric-b1-c4-r2-retry1-task-0011,fabric_vote_1,True,,2488,1783311845995,0,,False
114,b2-fabric-b1-c4-r2-retry1,b2-fabric-b1-c4-r2-retry1-task-0008,fabric_vote_1,True,,2490,1783311845995,0,,False
115,b2-fabric-b1-c4-r2-retry1,b2-fabric-b1-c4-r2-retry1-task-0008,fabric_vote_2,True,,2268,1783311848485,0,,False
116,b2-fabric-b1-c4-r2-retry1,b2-fabric-b1-c4-r2-retry1-task-0011,fabric_vote_2,True,,2271,1783311848483,0,,False
117,b2-fabric-b1-c4-r2-retry1,b2-fabric-b1-c4-r2-retry1-task-0009,fabric_vote_2,True,,2271,1783311848483,0,,False
118,b2-fabric-b1-c4-r2-retry1,b2-fabric-b1-c4-r2-retry1-task-0010,fabric_vote_2,True,,2275,1783311848482,0,,False
119,b2-fabric-b1-c4-r2-retry1,b2-fabric-b1-c4-r2-retry1-task-0009,fabric_settlement,True,,2571,1783311850754,0,,False
120,b2-fabric-b1-c4-r2-retry1,b2-fabric-b1-c4-r2-retry1-task-0010,fabric_settlement,True,,2570,1783311850757,0,,False
121,b2-fabric-b1-c4-r2-retry1,b2-fabric-b1-c4-r2-retry1-task-0008,fabric_settlement,True,,2575,1783311850753,0,,False
122,b2-fabric-b1-c4-r2-retry1,b2-fabric-b1-c4-r2-retry1-task-0011,fabric_settlement,True,,2579,1783311850754,0,,False
123,b2-fabric-b1-c4-r2-retry1,b2-fabric-b1-c4-r2-retry1-task-0008,fabric_query_final,True,,386,1783311853328,0,,False
124,b2-fabric-b1-c4-r2-retry1,b2-fabric-b1-c4-r2-retry1-task-0010,fabric_query_final,True,,389,1783311853327,0,,False
125,b2-fabric-b1-c4-r2-retry1,b2-fabric-b1-c4-r2-retry1-task-0009,fabric_query_final,True,,391,1783311853325,0,,False
126,b2-fabric-b1-c4-r2-retry1,b2-fabric-b1-c4-r2-retry1-task-0010,ipfs_verify,True,,9,1783311853716,0,QmW8orLvUAo2YwFjjwaFvXPFemWqGCNshgP2T5TSk9ed5J,False
127,b2-fabric-b1-c4-r2-retry1,b2-fabric-b1-c4-r2-retry1-task-0009,ipfs_verify,True,,10,1783311853716,0,QmQL4VyiyFbbfeWbQLp7Qp6cU5MBzGngHTJYLaPrdaD1Q5,False
128,b2-fabric-b1-c4-r2-retry1,b2-fabric-b1-c4-r2-retry1-task-0008,ipfs_verify,True,,13,1783311853714,0,Qmadej9boMA3zvMcjFpwW1dMDJCrBFKribSZiwN8Np95v4,False
129,b2-fabric-b1-c4-r2-retry1,b2-fabric-b1-c4-r2-retry1-task-0012,ipfs_add,True,,31,1783311853725,2481,,False
130,b2-fabric-b1-c4-r2-retry1,b2-fabric-b1-c4-r2-retry1-task-0014,ipfs_add,True,,48,1783311853727,2050,,False
131,b2-fabric-b1-c4-r2-retry1,b2-fabric-b1-c4-r2-retry1-task-0013,ipfs_add,True,,68,1783311853726,1794,,False
132,b2-fabric-b1-c4-r2-retry1,b2-fabric-b1-c4-r2-retry1-task-0011,fabric_query_final,True,,597,1783311853333,0,,False
133,b2-fabric-b1-c4-r2-retry1,b2-fabric-b1-c4-r2-retry1-task-0011,ipfs_verify,True,,8,1783311853930,0,QmRYRwmnCKh97pHrWVSsWgKT9hwEK6SXPP8N3DGcdkp1Hf,False
134,b2-fabric-b1-c4-r2-retry1,b2-fabric-b1-c4-r2-retry1-task-0015,ipfs_add,True,,38,1783311853938,3558,,False
135,b2-fabric-b1-c4-r2-retry1,b2-fabric-b1-c4-r2-retry1-task-0014,fabric_post_task,True,,2762,1783311853775,2050,QmdA4H658GbdXFpaibWrSNhL4kRmi3VbbpP3Y5MfYbX6k2,False
136,b2-fabric-b1-c4-r2-retry1,b2-fabric-b1-c4-r2-retry1-task-0015,fabric_post_task,True,,2562,1783311853976,3558,QmX9kmCUGB3VHpYs1Jhps4JrTzKker7mYqwzfhduHDQrrA,False
137,b2-fabric-b1-c4-r2-retry1,b2-fabric-b1-c4-r2-retry1-task-0012,fabric_post_task,True,,2783,1783311853756,2481,QmbLZmrnw2YxkgQegnEMgsfhkBbcndvvPFprkSdibX7c49,False
138,b2-fabric-b1-c4-r2-retry1,b2-fabric-b1-c4-r2-retry1-task-0013,fabric_post_task,True,,2745,1783311853794,1794,QmZ836RGQ6upMRwgQ3XnYgMNByct8U1cPTyzW3j4N7nzJk,False
139,b2-fabric-b1-c4-r2-retry1,b2-fabric-b1-c4-r2-retry1-task-0012,fabric_post_allocation,True,,2336,1783311856539,0,,False
140,b2-fabric-b1-c4-r2-retry1,b2-fabric-b1-c4-r2-retry1-task-0015,fabric_post_allocation,True,,2338,1783311856538,0,,False
141,b2-fabric-b1-c4-r2-retry1,b2-fabric-b1-c4-r2-retry1-task-0013,fabric_post_allocation,True,,2338,1783311856539,0,,False
142,b2-fabric-b1-c4-r2-retry1,b2-fabric-b1-c4-r2-retry1-task-0014,fabric_post_allocation,True,,2342,1783311856537,0,,False
143,b2-fabric-b1-c4-r2-retry1,b2-fabric-b1-c4-r2-retry1-task-0012,fabric_post_snapshot,True,,2494,1783311858875,0,,False
144,b2-fabric-b1-c4-r2-retry1,b2-fabric-b1-c4-r2-retry1-task-0015,fabric_post_snapshot,True,,2494,1783311858876,0,,False
145,b2-fabric-b1-c4-r2-retry1,b2-fabric-b1-c4-r2-retry1-task-0014,fabric_post_snapshot,True,,2492,1783311858879,0,,False
146,b2-fabric-b1-c4-r2-retry1,b2-fabric-b1-c4-r2-retry1-task-0013,fabric_post_snapshot,True,,2495,1783311858877,0,,False
147,b2-fabric-b1-c4-r2-retry1,b2-fabric-b1-c4-r2-retry1-task-0013,fabric_query_confirmation,True,,120,1783311861372,0,,False
148,b2-fabric-b1-c4-r2-retry1,b2-fabric-b1-c4-r2-retry1-task-0014,fabric_query_confirmation,True,,122,1783311861371,0,,False
149,b2-fabric-b1-c4-r2-retry1,b2-fabric-b1-c4-r2-retry1-task-0015,fabric_query_confirmation,True,,123,1783311861370,0,,False
150,b2-fabric-b1-c4-r2-retry1,b2-fabric-b1-c4-r2-retry1-task-0012,fabric_query_confirmation,True,,127,1783311861369,0,,False
151,b2-fabric-b1-c4-r2-retry1,b2-fabric-b1-c4-r2-retry1-task-0013,fabric_vote_1,True,,2513,1783311861492,0,,False
152,b2-fabric-b1-c4-r2-retry1,b2-fabric-b1-c4-r2-retry1-task-0015,fabric_vote_1,True,,2515,1783311861493,0,,False
153,b2-fabric-b1-c4-r2-retry1,b2-fabric-b1-c4-r2-retry1-task-0012,fabric_vote_1,True,,2513,1783311861496,0,,False
154,b2-fabric-b1-c4-r2-retry1,b2-fabric-b1-c4-r2-retry1-task-0014,fabric_vote_1,True,,2517,1783311861493,0,,False
155,b2-fabric-b1-c4-r2-retry1,b2-fabric-b1-c4-r2-retry1-task-0013,fabric_vote_2,True,,2290,1783311864005,0,,False
156,b2-fabric-b1-c4-r2-retry1,b2-fabric-b1-c4-r2-retry1-task-0012,fabric_vote_2,True,,2286,1783311864009,0,,False
157,b2-fabric-b1-c4-r2-retry1,b2-fabric-b1-c4-r2-retry1-task-0015,fabric_vote_2,True,,2288,1783311864008,0,,False
158,b2-fabric-b1-c4-r2-retry1,b2-fabric-b1-c4-r2-retry1-task-0014,fabric_vote_2,True,,2287,1783311864010,0,,False
159,b2-fabric-b1-c4-r2-retry1,b2-fabric-b1-c4-r2-retry1-task-0012,fabric_settlement,True,,2291,1783311866295,0,,False
160,b2-fabric-b1-c4-r2-retry1,b2-fabric-b1-c4-r2-retry1-task-0014,fabric_settlement,True,,2289,1783311866297,0,,False
161,b2-fabric-b1-c4-r2-retry1,b2-fabric-b1-c4-r2-retry1-task-0015,fabric_settlement,True,,2291,1783311866296,0,,False
162,b2-fabric-b1-c4-r2-retry1,b2-fabric-b1-c4-r2-retry1-task-0013,fabric_settlement,True,,2294,1783311866295,0,,False
163,b2-fabric-b1-c4-r2-retry1,b2-fabric-b1-c4-r2-retry1-task-0012,fabric_query_final,True,,362,1783311868586,0,,False
164,b2-fabric-b1-c4-r2-retry1,b2-fabric-b1-c4-r2-retry1-task-0015,fabric_query_final,True,,361,1783311868587,0,,False
165,b2-fabric-b1-c4-r2-retry1,b2-fabric-b1-c4-r2-retry1-task-0014,fabric_query_final,True,,362,1783311868587,0,,False
166,b2-fabric-b1-c4-r2-retry1,b2-fabric-b1-c4-r2-retry1-task-0013,fabric_query_final,True,,363,1783311868589,0,,False
167,b2-fabric-b1-c4-r2-retry1,b2-fabric-b1-c4-r2-retry1-task-0012,ipfs_verify,True,,8,1783311868948,0,QmbLZmrnw2YxkgQegnEMgsfhkBbcndvvPFprkSdibX7c49,False
168,b2-fabric-b1-c4-r2-retry1,b2-fabric-b1-c4-r2-retry1-task-0015,ipfs_verify,True,,8,1783311868948,0,QmX9kmCUGB3VHpYs1Jhps4JrTzKker7mYqwzfhduHDQrrA,False
169,b2-fabric-b1-c4-r2-retry1,b2-fabric-b1-c4-r2-retry1-task-0014,ipfs_verify,True,,8,1783311868949,0,QmdA4H658GbdXFpaibWrSNhL4kRmi3VbbpP3Y5MfYbX6k2,False
170,b2-fabric-b1-c4-r2-retry1,b2-fabric-b1-c4-r2-retry1-task-0013,ipfs_verify,True,,7,1783311868952,0,QmZ836RGQ6upMRwgQ3XnYgMNByct8U1cPTyzW3j4N7nzJk,False
171,b2-fabric-b1-c4-r2-retry1,b2-fabric-b1-c4-r2-retry1-task-0018,ipfs_add,True,,30,1783311868957,1628,,False
172,b2-fabric-b1-c4-r2-retry1,b2-fabric-b1-c4-r2-retry1-task-0017,ipfs_add,True,,47,1783311868956,1714,,False
173,b2-fabric-b1-c4-r2-retry1,b2-fabric-b1-c4-r2-retry1-task-0016,ipfs_add,True,,63,1783311868956,1806,,False
174,b2-fabric-b1-c4-r2-retry1,b2-fabric-b1-c4-r2-retry1-task-0019,ipfs_add,True,,78,1783311868959,1779,,False
175,b2-fabric-b1-c4-r2-retry1,b2-fabric-b1-c4-r2-retry1-task-0018,fabric_post_task,True,,1917,1783311868987,1628,QmXxhuw4zLhaZUxTgm3nVAPdVDi7RC4E8cy48iMSw5X5cc,False
176,b2-fabric-b1-c4-r2-retry1,b2-fabric-b1-c4-r2-retry1-task-0019,fabric_post_task,True,,1871,1783311869037,1779,QmSciV8g79eMrjXm8f2BtxoJrkCttCpUNrWTNbQtrPN26s,False
177,b2-fabric-b1-c4-r2-retry1,b2-fabric-b1-c4-r2-retry1-task-0017,fabric_post_task,True,,1906,1783311869003,1714,QmWKrJKRZfeQnkT8t5aowLXrHM3GpoZqpDn7cXYRceXJsh,False
178,b2-fabric-b1-c4-r2-retry1,b2-fabric-b1-c4-r2-retry1-task-0016,fabric_post_task,True,,1892,1783311869019,1806,QmRXEbbwSGrTFGj6rGcuUsRHhWgzm9E9di73MsPSjQyDqY,False
179,b2-fabric-b1-c4-r2-retry1,b2-fabric-b1-c4-r2-retry1-task-0018,fabric_post_allocation,True,,2556,1783311870904,0,,False
180,b2-fabric-b1-c4-r2-retry1,b2-fabric-b1-c4-r2-retry1-task-0016,fabric_post_allocation,True,,2550,1783311870911,0,,False
181,b2-fabric-b1-c4-r2-retry1,b2-fabric-b1-c4-r2-retry1-task-0019,fabric_post_allocation,True,,2555,1783311870908,0,,False
182,b2-fabric-b1-c4-r2-retry1,b2-fabric-b1-c4-r2-retry1-task-0017,fabric_post_allocation,True,,2556,1783311870909,0,,False
183,b2-fabric-b1-c4-r2-retry1,b2-fabric-b1-c4-r2-retry1-task-0018,fabric_post_snapshot,True,,2308,1783311873460,0,,False
184,b2-fabric-b1-c4-r2-retry1,b2-fabric-b1-c4-r2-retry1-task-0016,fabric_post_snapshot,True,,2308,1783311873461,0,,False
185,b2-fabric-b1-c4-r2-retry1,b2-fabric-b1-c4-r2-retry1-task-0019,fabric_post_snapshot,True,,2306,1783311873463,0,,False
186,b2-fabric-b1-c4-r2-retry1,b2-fabric-b1-c4-r2-retry1-task-0017,fabric_post_snapshot,True,,2306,1783311873465,0,,False
187,b2-fabric-b1-c4-r2-retry1,b2-fabric-b1-c4-r2-retry1-task-0016,fabric_query_confirmation,True,,129,1783311875769,0,,False
188,b2-fabric-b1-c4-r2-retry1,b2-fabric-b1-c4-r2-retry1-task-0019,fabric_query_confirmation,True,,130,1783311875769,0,,False
189,b2-fabric-b1-c4-r2-retry1,b2-fabric-b1-c4-r2-retry1-task-0018,fabric_query_confirmation,True,,131,1783311875768,0,,False
190,b2-fabric-b1-c4-r2-retry1,b2-fabric-b1-c4-r2-retry1-task-0017,fabric_query_confirmation,True,,172,1783311875771,0,,False
191,b2-fabric-b1-c4-r2-retry1,b2-fabric-b1-c4-r2-retry1-task-0018,fabric_vote_1,True,,2278,1783311875899,0,,False
192,b2-fabric-b1-c4-r2-retry1,b2-fabric-b1-c4-r2-retry1-task-0016,fabric_vote_1,True,,2279,1783311875898,0,,False
193,b2-fabric-b1-c4-r2-retry1,b2-fabric-b1-c4-r2-retry1-task-0019,fabric_vote_1,True,,2279,1783311875899,0,,False
194,b2-fabric-b1-c4-r2-retry1,b2-fabric-b1-c4-r2-retry1-task-0017,fabric_vote_1,True,,2238,1783311875943,0,,False
195,b2-fabric-b1-c4-r2-retry1,b2-fabric-b1-c4-r2-retry1-task-0019,fabric_vote_2,True,,2270,1783311878178,0,,False
196,b2-fabric-b1-c4-r2-retry1,b2-fabric-b1-c4-r2-retry1-task-0017,fabric_vote_2,True,,2267,1783311878181,0,,False
197,b2-fabric-b1-c4-r2-retry1,b2-fabric-b1-c4-r2-retry1-task-0016,fabric_vote_2,True,,2273,1783311878177,0,,False
198,b2-fabric-b1-c4-r2-retry1,b2-fabric-b1-c4-r2-retry1-task-0018,fabric_vote_2,True,,2273,1783311878177,0,,False
199,b2-fabric-b1-c4-r2-retry1,b2-fabric-b1-c4-r2-retry1-task-0019,fabric_settlement,True,,2316,1783311880448,0,,False
200,b2-fabric-b1-c4-r2-retry1,b2-fabric-b1-c4-r2-retry1-task-0018,fabric_settlement,True,,2315,1783311880450,0,,False
201,b2-fabric-b1-c4-r2-retry1,b2-fabric-b1-c4-r2-retry1-task-0017,fabric_settlement,True,,2319,1783311880448,0,,False
202,b2-fabric-b1-c4-r2-retry1,b2-fabric-b1-c4-r2-retry1-task-0016,fabric_settlement,True,,2318,1783311880450,0,,False
203,b2-fabric-b1-c4-r2-retry1,b2-fabric-b1-c4-r2-retry1-task-0019,fabric_query_final,True,,409,1783311882765,0,,False
204,b2-fabric-b1-c4-r2-retry1,b2-fabric-b1-c4-r2-retry1-task-0017,fabric_query_final,True,,407,1783311882767,0,,False
205,b2-fabric-b1-c4-r2-retry1,b2-fabric-b1-c4-r2-retry1-task-0018,fabric_query_final,True,,411,1783311882765,0,,False
206,b2-fabric-b1-c4-r2-retry1,b2-fabric-b1-c4-r2-retry1-task-0016,fabric_query_final,True,,413,1783311882768,0,,False
207,b2-fabric-b1-c4-r2-retry1,b2-fabric-b1-c4-r2-retry1-task-0019,ipfs_verify,True,,8,1783311883174,0,QmSciV8g79eMrjXm8f2BtxoJrkCttCpUNrWTNbQtrPN26s,False
208,b2-fabric-b1-c4-r2-retry1,b2-fabric-b1-c4-r2-retry1-task-0018,ipfs_verify,True,,8,1783311883176,0,QmXxhuw4zLhaZUxTgm3nVAPdVDi7RC4E8cy48iMSw5X5cc,False
209,b2-fabric-b1-c4-r2-retry1,b2-fabric-b1-c4-r2-retry1-task-0017,ipfs_verify,True,,11,1783311883174,0,QmWKrJKRZfeQnkT8t5aowLXrHM3GpoZqpDn7cXYRceXJsh,False
210,b2-fabric-b1-c4-r2-retry1,b2-fabric-b1-c4-r2-retry1-task-0016,ipfs_verify,True,,7,1783311883181,0,QmRXEbbwSGrTFGj6rGcuUsRHhWgzm9E9di73MsPSjQyDqY,False
211,b2-fabric-b1-c4-r2-retry1,b2-fabric-b1-c4-r2-retry1-task-0020,ipfs_add,True,,32,1783311883182,1555,,False
212,b2-fabric-b1-c4-r2-retry1,b2-fabric-b1-c4-r2-retry1-task-0021,ipfs_add,True,,51,1783311883184,2376,,False
213,b2-fabric-b1-c4-r2-retry1,b2-fabric-b1-c4-r2-retry1-task-0022,ipfs_add,True,,67,1783311883185,2068,,False
214,b2-fabric-b1-c4-r2-retry1,b2-fabric-b1-c4-r2-retry1-task-0023,ipfs_add,True,,82,1783311883188,1700,,False
215,b2-fabric-b1-c4-r2-retry1,b2-fabric-b1-c4-r2-retry1-task-0020,fabric_post_task,True,,2946,1783311883214,1555,QmVVEEsRWTrpHyCUMfWzaezUv7i29R95rTPN8N3iBYMKsY,False
216,b2-fabric-b1-c4-r2-retry1,b2-fabric-b1-c4-r2-retry1-task-0021,fabric_post_task,True,,2927,1783311883235,2376,QmcMDgZ1hZ3GkUEYEYALditW6azhFYA2tjToNN57pgr9Md,False
217,b2-fabric-b1-c4-r2-retry1,b2-fabric-b1-c4-r2-retry1-task-0023,fabric_post_task,True,,2894,1783311883270,1700,QmSNTzME5ExH9MXjsfAXcGbriDzvpgibF4VxHLZTbZtpFe,False
218,b2-fabric-b1-c4-r2-retry1,b2-fabric-b1-c4-r2-retry1-task-0022,fabric_post_task,True,,2913,1783311883252,2068,QmNqxnqMtb8sfjsbs8nXG3svpSGcf4Pq1qS9nykNsjeEqq,False
219,b2-fabric-b1-c4-r2-retry1,b2-fabric-b1-c4-r2-retry1-task-0022,fabric_post_allocation,True,,2314,1783311886165,0,,False
220,b2-fabric-b1-c4-r2-retry1,b2-fabric-b1-c4-r2-retry1-task-0021,fabric_post_allocation,True,,2319,1783311886162,0,,False
221,b2-fabric-b1-c4-r2-retry1,b2-fabric-b1-c4-r2-retry1-task-0020,fabric_post_allocation,True,,2321,1783311886160,0,,False
222,b2-fabric-b1-c4-r2-retry1,b2-fabric-b1-c4-r2-retry1-task-0023,fabric_post_allocation,True,,2319,1783311886164,0,,False
223,b2-fabric-b1-c4-r2-retry1,b2-fabric-b1-c4-r2-retry1-task-0023,fabric_post_snapshot,True,,2302,1783311888483,0,,False
224,b2-fabric-b1-c4-r2-retry1,b2-fabric-b1-c4-r2-retry1-task-0022,fabric_post_snapshot,True,,2307,1783311888479,0,,False
225,b2-fabric-b1-c4-r2-retry1,b2-fabric-b1-c4-r2-retry1-task-0020,fabric_post_snapshot,True,,2306,1783311888481,0,,False
226,b2-fabric-b1-c4-r2-retry1,b2-fabric-b1-c4-r2-retry1-task-0021,fabric_post_snapshot,True,,2307,1783311888481,0,,False
227,b2-fabric-b1-c4-r2-retry1,b2-fabric-b1-c4-r2-retry1-task-0023,fabric_query_confirmation,True,,145,1783311890785,0,,False
228,b2-fabric-b1-c4-r2-retry1,b2-fabric-b1-c4-r2-retry1-task-0021,fabric_query_confirmation,True,,142,1783311890788,0,,False
229,b2-fabric-b1-c4-r2-retry1,b2-fabric-b1-c4-r2-retry1-task-0022,fabric_query_confirmation,True,,145,1783311890786,0,,False
230,b2-fabric-b1-c4-r2-retry1,b2-fabric-b1-c4-r2-retry1-task-0020,fabric_query_confirmation,True,,147,1783311890787,0,,False
231,b2-fabric-b1-c4-r2-retry1,b2-fabric-b1-c4-r2-retry1-task-0022,fabric_vote_1,True,,2507,1783311890932,0,,False
232,b2-fabric-b1-c4-r2-retry1,b2-fabric-b1-c4-r2-retry1-task-0020,fabric_vote_1,True,,2506,1783311890934,0,,False
233,b2-fabric-b1-c4-r2-retry1,b2-fabric-b1-c4-r2-retry1-task-0021,fabric_vote_1,True,,2510,1783311890930,0,,False
234,b2-fabric-b1-c4-r2-retry1,b2-fabric-b1-c4-r2-retry1-task-0023,fabric_vote_1,True,,2512,1783311890930,0,,False
235,b2-fabric-b1-c4-r2-retry1,b2-fabric-b1-c4-r2-retry1-task-0021,fabric_vote_2,True,,2540,1783311893440,0,,False
236,b2-fabric-b1-c4-r2-retry1,b2-fabric-b1-c4-r2-retry1-task-0022,fabric_vote_2,True,,2543,1783311893439,0,,False
237,b2-fabric-b1-c4-r2-retry1,b2-fabric-b1-c4-r2-retry1-task-0020,fabric_vote_2,True,,2544,1783311893440,0,,False
238,b2-fabric-b1-c4-r2-retry1,b2-fabric-b1-c4-r2-retry1-task-0023,fabric_vote_2,True,,2543,1783311893442,0,,False
239,b2-fabric-b1-c4-r2-retry1,b2-fabric-b1-c4-r2-retry1-task-0021,fabric_settlement,True,,2350,1783311895981,0,,False
240,b2-fabric-b1-c4-r2-retry1,b2-fabric-b1-c4-r2-retry1-task-0022,fabric_settlement,True,,2350,1783311895982,0,,False
241,b2-fabric-b1-c4-r2-retry1,b2-fabric-b1-c4-r2-retry1-task-0020,fabric_settlement,True,,2348,1783311895984,0,,False
242,b2-fabric-b1-c4-r2-retry1,b2-fabric-b1-c4-r2-retry1-task-0023,fabric_settlement,True,,2351,1783311895985,0,,False
243,b2-fabric-b1-c4-r2-retry1,b2-fabric-b1-c4-r2-retry1-task-0023,fabric_query_final,True,,582,1783311898336,0,,False
244,b2-fabric-b1-c4-r2-retry1,b2-fabric-b1-c4-r2-retry1-task-0020,fabric_query_final,True,,587,1783311898332,0,,False
245,b2-fabric-b1-c4-r2-retry1,b2-fabric-b1-c4-r2-retry1-task-0022,fabric_query_final,True,,587,1783311898332,0,,False
246,b2-fabric-b1-c4-r2-retry1,b2-fabric-b1-c4-r2-retry1-task-0023,ipfs_verify,True,,8,1783311898918,0,QmSNTzME5ExH9MXjsfAXcGbriDzvpgibF4VxHLZTbZtpFe,False
247,b2-fabric-b1-c4-r2-retry1,b2-fabric-b1-c4-r2-retry1-task-0020,ipfs_verify,True,,8,1783311898919,0,QmVVEEsRWTrpHyCUMfWzaezUv7i29R95rTPN8N3iBYMKsY,False
248,b2-fabric-b1-c4-r2-retry1,b2-fabric-b1-c4-r2-retry1-task-0022,ipfs_verify,True,,9,1783311898919,0,QmNqxnqMtb8sfjsbs8nXG3svpSGcf4Pq1qS9nykNsjeEqq,False
249,b2-fabric-b1-c4-r2-retry1,b2-fabric-b1-c4-r2-retry1-task-0021,fabric_query_final,True,,610,1783311898331,0,,False
250,b2-fabric-b1-c4-r2-retry1,b2-fabric-b1-c4-r2-retry1-task-0021,ipfs_verify,True,,8,1783311898941,0,QmcMDgZ1hZ3GkUEYEYALditW6azhFYA2tjToNN57pgr9Md,False
251,b2-fabric-b1-c4-r2-retry1,b2-fabric-b1-c4-r2-retry1-task-0026,ipfs_add,True,,29,1783311898928,2285,,False
252,b2-fabric-b1-c4-r2-retry1,b2-fabric-b1-c4-r2-retry1-task-0025,ipfs_add,True,,48,1783311898927,1470,,False
253,b2-fabric-b1-c4-r2-retry1,b2-fabric-b1-c4-r2-retry1-task-0024,ipfs_add,True,,66,1783311898927,1380,,False
254,b2-fabric-b1-c4-r2-retry1,b2-fabric-b1-c4-r2-retry1-task-0027,ipfs_add,True,,62,1783311898949,1942,,False
255,b2-fabric-b1-c4-r2-retry1,b2-fabric-b1-c4-r2-retry1-task-0025,fabric_post_task,True,,1781,1783311898975,1470,QmfV4xn5gz8tktJ19swpdMmXMvtkpfJY5tXJWbBSUFSHFi,False
256,b2-fabric-b1-c4-r2-retry1,b2-fabric-b1-c4-r2-retry1-task-0024,fabric_post_task,True,,1766,1783311898993,1380,QmVMeHnQxmGXaDj74SJcQxSejhibib6Ve54PwgWQGkenB7,False
257,b2-fabric-b1-c4-r2-retry1,b2-fabric-b1-c4-r2-retry1-task-0027,fabric_post_task,True,,1749,1783311899011,1942,QmNy38ZnCY29gNwh56gk2CQJXsETwyHTceFnkSP4vC85KR,False
258,b2-fabric-b1-c4-r2-retry1,b2-fabric-b1-c4-r2-retry1-task-0026,fabric_post_task,True,,1804,1783311898957,2285,QmPA4QSCZorDwximTUj45HQYaqqLrUR1uWw8YCaw56AYrQ,False
259,b2-fabric-b1-c4-r2-retry1,b2-fabric-b1-c4-r2-retry1-task-0024,fabric_post_allocation,True,,2323,1783311900759,0,,False
260,b2-fabric-b1-c4-r2-retry1,b2-fabric-b1-c4-r2-retry1-task-0026,fabric_post_allocation,True,,2323,1783311900761,0,,False
261,b2-fabric-b1-c4-r2-retry1,b2-fabric-b1-c4-r2-retry1-task-0027,fabric_post_allocation,True,,2325,1783311900760,0,,False
262,b2-fabric-b1-c4-r2-retry1,b2-fabric-b1-c4-r2-retry1-task-0025,fabric_post_allocation,True,,2329,1783311900757,0,,False
263,b2-fabric-b1-c4-r2-retry1,b2-fabric-b1-c4-r2-retry1-task-0024,fabric_post_snapshot,True,,2504,1783311903082,0,,False
264,b2-fabric-b1-c4-r2-retry1,b2-fabric-b1-c4-r2-retry1-task-0026,fabric_post_snapshot,True,,2502,1783311903084,0,,False
265,b2-fabric-b1-c4-r2-retry1,b2-fabric-b1-c4-r2-retry1-task-0025,fabric_post_snapshot,True,,2500,1783311903086,0,,False
266,b2-fabric-b1-c4-r2-retry1,b2-fabric-b1-c4-r2-retry1-task-0027,fabric_post_snapshot,True,,2504,1783311903085,0,,False
267,b2-fabric-b1-c4-r2-retry1,b2-fabric-b1-c4-r2-retry1-task-0027,fabric_query_confirmation,True,,121,1783311905589,0,,False
268,b2-fabric-b1-c4-r2-retry1,b2-fabric-b1-c4-r2-retry1-task-0025,fabric_query_confirmation,True,,123,1783311905587,0,,False
269,b2-fabric-b1-c4-r2-retry1,b2-fabric-b1-c4-r2-retry1-task-0024,fabric_query_confirmation,True,,125,1783311905586,0,,False
270,b2-fabric-b1-c4-r2-retry1,b2-fabric-b1-c4-r2-retry1-task-0026,fabric_query_confirmation,True,,173,1783311905586,0,,False
271,b2-fabric-b1-c4-r2-retry1,b2-fabric-b1-c4-r2-retry1-task-0026,fabric_vote_1,True,,2223,1783311905759,0,,False
272,b2-fabric-b1-c4-r2-retry1,b2-fabric-b1-c4-r2-retry1-task-0024,fabric_vote_1,True,,2271,1783311905711,0,,False
273,b2-fabric-b1-c4-r2-retry1,b2-fabric-b1-c4-r2-retry1-task-0025,fabric_vote_1,True,,2275,1783311905710,0,,False
274,b2-fabric-b1-c4-r2-retry1,b2-fabric-b1-c4-r2-retry1-task-0027,fabric_vote_1,True,,2276,1783311905710,0,,False
275,b2-fabric-b1-c4-r2-retry1,b2-fabric-b1-c4-r2-retry1-task-0026,fabric_vote_2,True,,2298,1783311907982,0,,False
276,b2-fabric-b1-c4-r2-retry1,b2-fabric-b1-c4-r2-retry1-task-0025,fabric_vote_2,True,,2298,1783311907985,0,,False
277,b2-fabric-b1-c4-r2-retry1,b2-fabric-b1-c4-r2-retry1-task-0027,fabric_vote_2,True,,2299,1783311907986,0,,False
278,b2-fabric-b1-c4-r2-retry1,b2-fabric-b1-c4-r2-retry1-task-0024,fabric_vote_2,True,,2305,1783311907982,0,,False
279,b2-fabric-b1-c4-r2-retry1,b2-fabric-b1-c4-r2-retry1-task-0027,fabric_settlement,True,,2555,1783311910285,0,,False
280,b2-fabric-b1-c4-r2-retry1,b2-fabric-b1-c4-r2-retry1-task-0025,fabric_settlement,True,,2558,1783311910283,0,,False
281,b2-fabric-b1-c4-r2-retry1,b2-fabric-b1-c4-r2-retry1-task-0026,fabric_settlement,True,,2562,1783311910280,0,,False
282,b2-fabric-b1-c4-r2-retry1,b2-fabric-b1-c4-r2-retry1-task-0024,fabric_settlement,True,,2558,1783311910287,0,,False
283,b2-fabric-b1-c4-r2-retry1,b2-fabric-b1-c4-r2-retry1-task-0026,fabric_query_final,True,,1382,1783311912842,0,,False
284,b2-fabric-b1-c4-r2-retry1,b2-fabric-b1-c4-r2-retry1-task-0025,fabric_query_final,True,,1384,1783311912841,0,,False
285,b2-fabric-b1-c4-r2-retry1,b2-fabric-b1-c4-r2-retry1-task-0024,fabric_query_final,True,,1380,1783311912845,0,,False
286,b2-fabric-b1-c4-r2-retry1,b2-fabric-b1-c4-r2-retry1-task-0027,fabric_query_final,True,,1390,1783311912840,0,,False
287,b2-fabric-b1-c4-r2-retry1,b2-fabric-b1-c4-r2-retry1-task-0025,ipfs_verify,True,,9,1783311914225,0,QmfV4xn5gz8tktJ19swpdMmXMvtkpfJY5tXJWbBSUFSHFi,False
288,b2-fabric-b1-c4-r2-retry1,b2-fabric-b1-c4-r2-retry1-task-0026,ipfs_verify,True,,11,1783311914224,0,QmPA4QSCZorDwximTUj45HQYaqqLrUR1uWw8YCaw56AYrQ,False
289,b2-fabric-b1-c4-r2-retry1,b2-fabric-b1-c4-r2-retry1-task-0024,ipfs_verify,True,,11,1783311914225,0,QmVMeHnQxmGXaDj74SJcQxSejhibib6Ve54PwgWQGkenB7,False
290,b2-fabric-b1-c4-r2-retry1,b2-fabric-b1-c4-r2-retry1-task-0027,ipfs_verify,True,,10,1783311914230,0,QmNy38ZnCY29gNwh56gk2CQJXsETwyHTceFnkSP4vC85KR,False
291,b2-fabric-b1-c4-r2-retry1,b2-fabric-b1-c4-r2-retry1-task-0028,ipfs_add,True,,34,1783311914234,2235,,False
292,b2-fabric-b1-c4-r2-retry1,b2-fabric-b1-c4-r2-retry1-task-0029,ipfs_add,True,,51,1783311914235,1996,,False
293,b2-fabric-b1-c4-r2-retry1,b2-fabric-b1-c4-r2-retry1-task-0030,ipfs_add,True,,68,1783311914236,4609,,False
294,b2-fabric-b1-c4-r2-retry1,b2-fabric-b1-c4-r2-retry1-task-0031,ipfs_add,True,,85,1783311914240,2037,,False
295,b2-fabric-b1-c4-r2-retry1,b2-fabric-b1-c4-r2-retry1-task-0031,fabric_post_task,True,,2518,1783311914325,2037,QmcMwXc4Z8ftz7kr4SLihnEKFezGYhMs51A9cNDVd2ZUGa,False
296,b2-fabric-b1-c4-r2-retry1,b2-fabric-b1-c4-r2-retry1-task-0028,fabric_post_task,True,,2576,1783311914268,2235,QmPDqC4FvPihq4H2RHnNdvzHBK2kp3vUV7gp3cD2AmeuSG,False
297,b2-fabric-b1-c4-r2-retry1,b2-fabric-b1-c4-r2-retry1-task-0029,fabric_post_task,True,,2559,1783311914286,1996,QmacXcTiVxv9uHJiorLkYH2xDDraJTZ3uq6FBG4Ctr6VoC,False
298,b2-fabric-b1-c4-r2-retry1,b2-fabric-b1-c4-r2-retry1-task-0030,fabric_post_task,True,,2543,1783311914304,4609,QmXUNpwtX2A1bcF51kySLa1p7B6HvhMNsMQoiVdNUoJig7,False
299,b2-fabric-b1-c4-r2-retry1,b2-fabric-b1-c4-r2-retry1-task-0028,fabric_post_allocation,True,,2315,1783311916844,0,,False
300,b2-fabric-b1-c4-r2-retry1,b2-fabric-b1-c4-r2-retry1-task-0031,fabric_post_allocation,True,,2317,1783311916843,0,,False
301,b2-fabric-b1-c4-r2-retry1,b2-fabric-b1-c4-r2-retry1-task-0030,fabric_post_allocation,True,,2315,1783311916847,0,,False
302,b2-fabric-b1-c4-r2-retry1,b2-fabric-b1-c4-r2-retry1-task-0029,fabric_post_allocation,True,,2317,1783311916845,0,,False
303,b2-fabric-b1-c4-r2-retry1,b2-fabric-b1-c4-r2-retry1-task-0030,fabric_post_snapshot,True,,2285,1783311919162,0,,False
304,b2-fabric-b1-c4-r2-retry1,b2-fabric-b1-c4-r2-retry1-task-0029,fabric_post_snapshot,True,,2286,1783311919162,0,,False
305,b2-fabric-b1-c4-r2-retry1,b2-fabric-b1-c4-r2-retry1-task-0031,fabric_post_snapshot,True,,2289,1783311919160,0,,False
306,b2-fabric-b1-c4-r2-retry1,b2-fabric-b1-c4-r2-retry1-task-0028,fabric_post_snapshot,True,,2292,1783311919159,0,,False
307,b2-fabric-b1-c4-r2-retry1,b2-fabric-b1-c4-r2-retry1-task-0029,fabric_query_confirmation,True,,326,1783311921448,0,,False
308,b2-fabric-b1-c4-r2-retry1,b2-fabric-b1-c4-r2-retry1-task-0031,fabric_query_confirmation,True,,327,1783311921449,0,,False
309,b2-fabric-b1-c4-r2-retry1,b2-fabric-b1-c4-r2-retry1-task-0030,fabric_query_confirmation,True,,329,1783311921447,0,,False
310,b2-fabric-b1-c4-r2-retry1,b2-fabric-b1-c4-r2-retry1-task-0028,fabric_query_confirmation,True,,325,1783311921451,0,,False
311,b2-fabric-b1-c4-r2-retry1,b2-fabric-b1-c4-r2-retry1-task-0030,fabric_vote_1,True,,2267,1783311921776,0,,False
312,b2-fabric-b1-c4-r2-retry1,b2-fabric-b1-c4-r2-retry1-task-0028,fabric_vote_1,True,,2267,1783311921776,0,,False
313,b2-fabric-b1-c4-r2-retry1,b2-fabric-b1-c4-r2-retry1-task-0029,fabric_vote_1,True,,2270,1783311921774,0,,False
314,b2-fabric-b1-c4-r2-retry1,b2-fabric-b1-c4-r2-retry1-task-0031,fabric_vote_1,True,,2269,1783311921776,0,,False
315,b2-fabric-b1-c4-r2-retry1,b2-fabric-b1-c4-r2-retry1-task-0028,fabric_vote_2,True,,2271,1783311924043,0,,False
316,b2-fabric-b1-c4-r2-retry1,b2-fabric-b1-c4-r2-retry1-task-0029,fabric_vote_2,True,,2271,1783311924044,0,,False
317,b2-fabric-b1-c4-r2-retry1,b2-fabric-b1-c4-r2-retry1-task-0031,fabric_vote_2,True,,2271,1783311924045,0,,False
318,b2-fabric-b1-c4-r2-retry1,b2-fabric-b1-c4-r2-retry1-task-0030,fabric_vote_2,True,,2274,1783311924043,0,,False
319,b2-fabric-b1-c4-r2-retry1,b2-fabric-b1-c4-r2-retry1-task-0030,fabric_settlement,True,,2293,1783311926317,0,,False
320,b2-fabric-b1-c4-r2-retry1,b2-fabric-b1-c4-r2-retry1-task-0028,fabric_settlement,True,,2297,1783311926314,0,,False
321,b2-fabric-b1-c4-r2-retry1,b2-fabric-b1-c4-r2-retry1-task-0029,fabric_settlement,True,,2297,1783311926315,0,,False
322,b2-fabric-b1-c4-r2-retry1,b2-fabric-b1-c4-r2-retry1-task-0031,fabric_settlement,True,,2296,1783311926316,0,,False
323,b2-fabric-b1-c4-r2-retry1,b2-fabric-b1-c4-r2-retry1-task-0030,fabric_query_final,True,,773,1783311928610,0,,False
324,b2-fabric-b1-c4-r2-retry1,b2-fabric-b1-c4-r2-retry1-task-0031,fabric_query_final,True,,772,1783311928612,0,,False
325,b2-fabric-b1-c4-r2-retry1,b2-fabric-b1-c4-r2-retry1-task-0028,fabric_query_final,True,,774,1783311928611,0,,False
326,b2-fabric-b1-c4-r2-retry1,b2-fabric-b1-c4-r2-retry1-task-0029,fabric_query_final,True,,778,1783311928612,0,,False
327,b2-fabric-b1-c4-r2-retry1,b2-fabric-b1-c4-r2-retry1-task-0031,ipfs_verify,True,,9,1783311929384,0,QmcMwXc4Z8ftz7kr4SLihnEKFezGYhMs51A9cNDVd2ZUGa,False
328,b2-fabric-b1-c4-r2-retry1,b2-fabric-b1-c4-r2-retry1-task-0028,ipfs_verify,True,,9,1783311929385,0,QmPDqC4FvPihq4H2RHnNdvzHBK2kp3vUV7gp3cD2AmeuSG,False
329,b2-fabric-b1-c4-r2-retry1,b2-fabric-b1-c4-r2-retry1-task-0030,ipfs_verify,True,,12,1783311929383,0,QmXUNpwtX2A1bcF51kySLa1p7B6HvhMNsMQoiVdNUoJig7,False
330,b2-fabric-b1-c4-r2-retry1,b2-fabric-b1-c4-r2-retry1-task-0029,ipfs_verify,True,,7,1783311929390,0,QmacXcTiVxv9uHJiorLkYH2xDDraJTZ3uq6FBG4Ctr6VoC,False
331,b2-fabric-b1-c4-r2-retry1,b2-fabric-b1-c4-r2-retry1-task-0032,ipfs_add,True,,27,1783311929393,4244,,False
332,b2-fabric-b1-c4-r2-retry1,b2-fabric-b1-c4-r2-retry1-task-0034,ipfs_add,True,,42,1783311929395,1614,,False
333,b2-fabric-b1-c4-r2-retry1,b2-fabric-b1-c4-r2-retry1-task-0033,ipfs_add,True,,60,1783311929394,7207,,False
334,b2-fabric-b1-c4-r2-retry1,b2-fabric-b1-c4-r2-retry1-task-0035,ipfs_add,True,,74,1783311929397,1846,,False
335,b2-fabric-b1-c4-r2-retry1,b2-fabric-b1-c4-r2-retry1-task-0034,fabric_post_task,True,,1860,1783311929438,1614,QmPfG9yDWdYPi2SxVxc2HNwGgKxYHpb8KNnTKLEUsSwYJF,False
336,b2-fabric-b1-c4-r2-retry1,b2-fabric-b1-c4-r2-retry1-task-0035,fabric_post_task,True,,1828,1783311929471,1846,QmXkECAAwC32vhNNVm7xZTatUjGVbfHbwXcCezk2t5DnUf,False
337,b2-fabric-b1-c4-r2-retry1,b2-fabric-b1-c4-r2-retry1-task-0033,fabric_post_task,True,,1846,1783311929454,7207,QmQ48RSbPCJevCydnQupZo9nDcEmZKcjzn5kaHFiESq88N,False
338,b2-fabric-b1-c4-r2-retry1,b2-fabric-b1-c4-r2-retry1-task-0032,fabric_post_task,True,,1881,1783311929420,4244,QmTUE1xZhmfV2QSdvfbaurUfSv66ET7R31e5urBxmKFSfb,False
339,b2-fabric-b1-c4-r2-retry1,b2-fabric-b1-c4-r2-retry1-task-0035,fabric_post_allocation,True,,2402,1783311931299,0,,False
340,b2-fabric-b1-c4-r2-retry1,b2-fabric-b1-c4-r2-retry1-task-0033,fabric_post_allocation,True,,2402,1783311931300,0,,False
341,b2-fabric-b1-c4-r2-retry1,b2-fabric-b1-c4-r2-retry1-task-0034,fabric_post_allocation,True,,2404,1783311931298,0,,False
342,b2-fabric-b1-c4-r2-retry1,b2-fabric-b1-c4-r2-retry1-task-0032,fabric_post_allocation,True,,2403,1783311931301,0,,False
343,b2-fabric-b1-c4-r2-retry1,b2-fabric-b1-c4-r2-retry1-task-0035,fabric_post_snapshot,True,,2259,1783311933701,0,,False
344,b2-fabric-b1-c4-r2-retry1,b2-fabric-b1-c4-r2-retry1-task-0034,fabric_post_snapshot,True,,2260,1783311933702,0,,False
345,b2-fabric-b1-c4-r2-retry1,b2-fabric-b1-c4-r2-retry1-task-0032,fabric_post_snapshot,True,,2258,1783311933704,0,,False
346,b2-fabric-b1-c4-r2-retry1,b2-fabric-b1-c4-r2-retry1-task-0033,fabric_post_snapshot,True,,2260,1783311933702,0,,False
347,b2-fabric-b1-c4-r2-retry1,b2-fabric-b1-c4-r2-retry1-task-0032,fabric_query_confirmation,True,,116,1783311935962,0,,False
348,b2-fabric-b1-c4-r2-retry1,b2-fabric-b1-c4-r2-retry1-task-0033,fabric_query_confirmation,True,,117,1783311935962,0,,False
349,b2-fabric-b1-c4-r2-retry1,b2-fabric-b1-c4-r2-retry1-task-0034,fabric_query_confirmation,True,,117,1783311935962,0,,False
350,b2-fabric-b1-c4-r2-retry1,b2-fabric-b1-c4-r2-retry1-task-0035,fabric_query_confirmation,True,,120,1783311935960,0,,False
351,b2-fabric-b1-c4-r2-retry1,b2-fabric-b1-c4-r2-retry1-task-0032,fabric_vote_1,True,,2262,1783311936078,0,,False
352,b2-fabric-b1-c4-r2-retry1,b2-fabric-b1-c4-r2-retry1-task-0035,fabric_vote_1,True,,2264,1783311936080,0,,False
353,b2-fabric-b1-c4-r2-retry1,b2-fabric-b1-c4-r2-retry1-task-0034,fabric_vote_1,True,,2265,1783311936079,0,,False
354,b2-fabric-b1-c4-r2-retry1,b2-fabric-b1-c4-r2-retry1-task-0033,fabric_vote_1,True,,2266,1783311936079,0,,False
355,b2-fabric-b1-c4-r2-retry1,b2-fabric-b1-c4-r2-retry1-task-0033,fabric_vote_2,True,,2273,1783311938345,0,,False
356,b2-fabric-b1-c4-r2-retry1,b2-fabric-b1-c4-r2-retry1-task-0034,fabric_vote_2,True,,2274,1783311938344,0,,False
357,b2-fabric-b1-c4-r2-retry1,b2-fabric-b1-c4-r2-retry1-task-0032,fabric_vote_2,True,,2280,1783311938340,0,,False
358,b2-fabric-b1-c4-r2-retry1,b2-fabric-b1-c4-r2-retry1-task-0035,fabric_vote_2,True,,2277,1783311938344,0,,False
359,b2-fabric-b1-c4-r2-retry1,b2-fabric-b1-c4-r2-retry1-task-0034,fabric_settlement,True,,2310,1783311940618,0,,False
360,b2-fabric-b1-c4-r2-retry1,b2-fabric-b1-c4-r2-retry1-task-0032,fabric_settlement,True,,2309,1783311940620,0,,False
361,b2-fabric-b1-c4-r2-retry1,b2-fabric-b1-c4-r2-retry1-task-0033,fabric_settlement,True,,2311,1783311940618,0,,False
362,b2-fabric-b1-c4-r2-retry1,b2-fabric-b1-c4-r2-retry1-task-0035,fabric_settlement,True,,2312,1783311940621,0,,False
363,b2-fabric-b1-c4-r2-retry1,b2-fabric-b1-c4-r2-retry1-task-0032,fabric_query_final,True,,1363,1783311942929,0,,False
364,b2-fabric-b1-c4-r2-retry1,b2-fabric-b1-c4-r2-retry1-task-0033,fabric_query_final,True,,1364,1783311942929,0,,False
365,b2-fabric-b1-c4-r2-retry1,b2-fabric-b1-c4-r2-retry1-task-0034,fabric_query_final,True,,1366,1783311942928,0,,False
366,b2-fabric-b1-c4-r2-retry1,b2-fabric-b1-c4-r2-retry1-task-0035,fabric_query_final,True,,1365,1783311942933,0,,False
367,b2-fabric-b1-c4-r2-retry1,b2-fabric-b1-c4-r2-retry1-task-0032,ipfs_verify,True,,9,1783311944292,0,QmTUE1xZhmfV2QSdvfbaurUfSv66ET7R31e5urBxmKFSfb,False
368,b2-fabric-b1-c4-r2-retry1,b2-fabric-b1-c4-r2-retry1-task-0034,ipfs_verify,True,,8,1783311944294,0,QmPfG9yDWdYPi2SxVxc2HNwGgKxYHpb8KNnTKLEUsSwYJF,False
369,b2-fabric-b1-c4-r2-retry1,b2-fabric-b1-c4-r2-retry1-task-0033,ipfs_verify,True,,9,1783311944293,0,QmQ48RSbPCJevCydnQupZo9nDcEmZKcjzn5kaHFiESq88N,False
370,b2-fabric-b1-c4-r2-retry1,b2-fabric-b1-c4-r2-retry1-task-0035,ipfs_verify,True,,10,1783311944298,0,QmXkECAAwC32vhNNVm7xZTatUjGVbfHbwXcCezk2t5DnUf,False
371,b2-fabric-b1-c4-r2-retry1,b2-fabric-b1-c4-r2-retry1-task-0036,ipfs_add,True,,35,1783311944301,2427,,False
372,b2-fabric-b1-c4-r2-retry1,b2-fabric-b1-c4-r2-retry1-task-0038,ipfs_add,True,,53,1783311944302,3829,,False
373,b2-fabric-b1-c4-r2-retry1,b2-fabric-b1-c4-r2-retry1-task-0037,ipfs_add,True,,69,1783311944303,2773,,False
374,b2-fabric-b1-c4-r2-retry1,b2-fabric-b1-c4-r2-retry1-task-0039,ipfs_add,True,,83,1783311944309,2185,,False
375,b2-fabric-b1-c4-r2-retry1,b2-fabric-b1-c4-r2-retry1-task-0036,fabric_post_task,True,,2483,1783311944336,2427,QmPSKMPmcfaaWUAvL2tX88QhRRxXXC4SXnChDHzjSbwd8b,False
376,b2-fabric-b1-c4-r2-retry1,b2-fabric-b1-c4-r2-retry1-task-0038,fabric_post_task,True,,2466,1783311944355,3829,QmUB51xuBaMCywUYGFiM9cTrnAhyjLu2J5jzTrZkY11kPF,False
377,b2-fabric-b1-c4-r2-retry1,b2-fabric-b1-c4-r2-retry1-task-0037,fabric_post_task,True,,2450,1783311944372,2773,QmWmrqK7bzA1Pq5z5dsLEen6BZ5iPRNFNBXLJnZmr5J9ff,False
378,b2-fabric-b1-c4-r2-retry1,b2-fabric-b1-c4-r2-retry1-task-0039,fabric_post_task,True,,2430,1783311944392,2185,QmasU8pZpyfk1aUFRpicohvbDCx1eFRWjH9p29sHpDSiZZ,False
379,b2-fabric-b1-c4-r2-retry1,b2-fabric-b1-c4-r2-retry1-task-0036,fabric_post_allocation,True,,2318,1783311946819,0,,False
380,b2-fabric-b1-c4-r2-retry1,b2-fabric-b1-c4-r2-retry1-task-0037,fabric_post_allocation,True,,2318,1783311946822,0,,False
381,b2-fabric-b1-c4-r2-retry1,b2-fabric-b1-c4-r2-retry1-task-0039,fabric_post_allocation,True,,2318,1783311946822,0,,False
382,b2-fabric-b1-c4-r2-retry1,b2-fabric-b1-c4-r2-retry1-task-0038,fabric_post_allocation,True,,2321,1783311946821,0,,False
383,b2-fabric-b1-c4-r2-retry1,b2-fabric-b1-c4-r2-retry1-task-0038,fabric_post_snapshot,True,,2250,1783311949142,0,,False
384,b2-fabric-b1-c4-r2-retry1,b2-fabric-b1-c4-r2-retry1-task-0036,fabric_post_snapshot,True,,2255,1783311949137,0,,False
385,b2-fabric-b1-c4-r2-retry1,b2-fabric-b1-c4-r2-retry1-task-0039,fabric_post_snapshot,True,,2253,1783311949140,0,,False
386,b2-fabric-b1-c4-r2-retry1,b2-fabric-b1-c4-r2-retry1-task-0037,fabric_post_snapshot,True,,2257,1783311949140,0,,False
387,b2-fabric-b1-c4-r2-retry1,b2-fabric-b1-c4-r2-retry1-task-0039,fabric_query_confirmation,True,,347,1783311951393,0,,False
388,b2-fabric-b1-c4-r2-retry1,b2-fabric-b1-c4-r2-retry1-task-0036,fabric_query_confirmation,True,,350,1783311951392,0,,False
389,b2-fabric-b1-c4-r2-retry1,b2-fabric-b1-c4-r2-retry1-task-0038,fabric_query_confirmation,True,,350,1783311951392,0,,False
390,b2-fabric-b1-c4-r2-retry1,b2-fabric-b1-c4-r2-retry1-task-0037,fabric_query_confirmation,True,,345,1783311951397,0,,False
391,b2-fabric-b1-c4-r2-retry1,b2-fabric-b1-c4-r2-retry1-task-0036,fabric_vote_1,True,,2266,1783311951742,0,,False
392,b2-fabric-b1-c4-r2-retry1,b2-fabric-b1-c4-r2-retry1-task-0039,fabric_vote_1,True,,2268,1783311951740,0,,False
393,b2-fabric-b1-c4-r2-retry1,b2-fabric-b1-c4-r2-retry1-task-0037,fabric_vote_1,True,,2268,1783311951742,0,,False
394,b2-fabric-b1-c4-r2-retry1,b2-fabric-b1-c4-r2-retry1-task-0038,fabric_vote_1,True,,2269,1783311951742,0,,False
395,b2-fabric-b1-c4-r2-retry1,b2-fabric-b1-c4-r2-retry1-task-0036,fabric_vote_2,True,,2271,1783311954008,0,,False
396,b2-fabric-b1-c4-r2-retry1,b2-fabric-b1-c4-r2-retry1-task-0038,fabric_vote_2,True,,2268,1783311954011,0,,False
397,b2-fabric-b1-c4-r2-retry1,b2-fabric-b1-c4-r2-retry1-task-0037,fabric_vote_2,True,,2270,1783311954010,0,,False
398,b2-fabric-b1-c4-r2-retry1,b2-fabric-b1-c4-r2-retry1-task-0039,fabric_vote_2,True,,2275,1783311954008,0,,False
399,b2-fabric-b1-c4-r2-retry1,b2-fabric-b1-c4-r2-retry1-task-0037,fabric_settlement,True,,2552,1783311956280,0,,False
400,b2-fabric-b1-c4-r2-retry1,b2-fabric-b1-c4-r2-retry1-task-0038,fabric_settlement,True,,2555,1783311956279,0,,False
401,b2-fabric-b1-c4-r2-retry1,b2-fabric-b1-c4-r2-retry1-task-0036,fabric_settlement,True,,2555,1783311956279,0,,False
402,b2-fabric-b1-c4-r2-retry1,b2-fabric-b1-c4-r2-retry1-task-0039,fabric_settlement,True,,2552,1783311956283,0,,False
403,b2-fabric-b1-c4-r2-retry1,b2-fabric-b1-c4-r2-retry1-task-0038,fabric_query_final,True,,550,1783311958834,0,,False
404,b2-fabric-b1-c4-r2-retry1,b2-fabric-b1-c4-r2-retry1-task-0037,fabric_query_final,True,,553,1783311958832,0,,False
405,b2-fabric-b1-c4-r2-retry1,b2-fabric-b1-c4-r2-retry1-task-0039,fabric_query_final,True,,551,1783311958835,0,,False
406,b2-fabric-b1-c4-r2-retry1,b2-fabric-b1-c4-r2-retry1-task-0036,fabric_query_final,True,,554,1783311958834,0,,False
407,b2-fabric-b1-c4-r2-retry1,b2-fabric-b1-c4-r2-retry1-task-0038,ipfs_verify,True,,8,1783311959384,0,QmUB51xuBaMCywUYGFiM9cTrnAhyjLu2J5jzTrZkY11kPF,False
408,b2-fabric-b1-c4-r2-retry1,b2-fabric-b1-c4-r2-retry1-task-0039,ipfs_verify,True,,7,1783311959386,0,QmasU8pZpyfk1aUFRpicohvbDCx1eFRWjH9p29sHpDSiZZ,False
409,b2-fabric-b1-c4-r2-retry1,b2-fabric-b1-c4-r2-retry1-task-0037,ipfs_verify,True,,9,1783311959385,0,QmWmrqK7bzA1Pq5z5dsLEen6BZ5iPRNFNBXLJnZmr5J9ff,False
410,b2-fabric-b1-c4-r2-retry1,b2-fabric-b1-c4-r2-retry1-task-0036,ipfs_verify,True,,6,1783311959388,0,QmPSKMPmcfaaWUAvL2tX88QhRRxXXC4SXnChDHzjSbwd8b,False
411,b2-fabric-b1-c4-r2-retry1,b2-fabric-b1-c4-r2-retry1-task-0040,ipfs_add,True,,41,1783311959392,1852,,False
412,b2-fabric-b1-c4-r2-retry1,b2-fabric-b1-c4-r2-retry1-task-0042,ipfs_add,True,,56,1783311959394,4943,,False
413,b2-fabric-b1-c4-r2-retry1,b2-fabric-b1-c4-r2-retry1-task-0041,ipfs_add,True,,73,1783311959393,3950,,False
414,b2-fabric-b1-c4-r2-retry1,b2-fabric-b1-c4-r2-retry1-task-0043,ipfs_add,True,,89,1783311959394,4365,,False
415,b2-fabric-b1-c4-r2-retry1,b2-fabric-b1-c4-r2-retry1-task-0042,fabric_post_task,True,,1865,1783311959450,4943,QmZaKHLtuvdC3131ZMjSafgzCnFunsBDrKht7U6CRuhaDJ,False
416,b2-fabric-b1-c4-r2-retry1,b2-fabric-b1-c4-r2-retry1-task-0043,fabric_post_task,True,,1834,1783311959483,4365,QmNyUP9PxhaGNgSe7A4vos9UdtKrgujw25dFezkghCHMSN,False
417,b2-fabric-b1-c4-r2-retry1,b2-fabric-b1-c4-r2-retry1-task-0041,fabric_post_task,True,,1851,1783311959466,3950,QmcFrzAGhrprmDxHPdunRd28u27YRTGcAAnGPSotWa75JU,False
418,b2-fabric-b1-c4-r2-retry1,b2-fabric-b1-c4-r2-retry1-task-0040,fabric_post_task,True,,1885,1783311959433,1852,Qme8h8cEVWXzKEmaj7rkRo9NHBoPXxWrTLcYQjWRpqrisB,False
419,b2-fabric-b1-c4-r2-retry1,b2-fabric-b1-c4-r2-retry1-task-0041,fabric_post_allocation,True,,2381,1783311961317,0,,False
420,b2-fabric-b1-c4-r2-retry1,b2-fabric-b1-c4-r2-retry1-task-0043,fabric_post_allocation,True,,2382,1783311961317,0,,False
421,b2-fabric-b1-c4-r2-retry1,b2-fabric-b1-c4-r2-retry1-task-0040,fabric_post_allocation,True,,2381,1783311961318,0,,False
422,b2-fabric-b1-c4-r2-retry1,b2-fabric-b1-c4-r2-retry1-task-0042,fabric_post_allocation,True,,2386,1783311961315,0,,False
423,b2-fabric-b1-c4-r2-retry1,b2-fabric-b1-c4-r2-retry1-task-0040,fabric_post_snapshot,True,,2284,1783311963699,0,,False
424,b2-fabric-b1-c4-r2-retry1,b2-fabric-b1-c4-r2-retry1-task-0043,fabric_post_snapshot,True,,2285,1783311963699,0,,False
425,b2-fabric-b1-c4-r2-retry1,b2-fabric-b1-c4-r2-retry1-task-0041,fabric_post_snapshot,True,,2287,1783311963698,0,,False
426,b2-fabric-b1-c4-r2-retry1,b2-fabric-b1-c4-r2-retry1-task-0042,fabric_post_snapshot,True,,2287,1783311963701,0,,False
427,b2-fabric-b1-c4-r2-retry1,b2-fabric-b1-c4-r2-retry1-task-0043,fabric_query_confirmation,True,,339,1783311965984,0,,False
428,b2-fabric-b1-c4-r2-retry1,b2-fabric-b1-c4-r2-retry1-task-0041,fabric_query_confirmation,True,,338,1783311965985,0,,False
429,b2-fabric-b1-c4-r2-retry1,b2-fabric-b1-c4-r2-retry1-task-0042,fabric_query_confirmation,True,,336,1783311965988,0,,False
430,b2-fabric-b1-c4-r2-retry1,b2-fabric-b1-c4-r2-retry1-task-0040,fabric_query_confirmation,True,,343,1783311965983,0,,False
431,b2-fabric-b1-c4-r2-retry1,b2-fabric-b1-c4-r2-retry1-task-0042,fabric_vote_1,True,,2533,1783311966324,0,,False
432,b2-fabric-b1-c4-r2-retry1,b2-fabric-b1-c4-r2-retry1-task-0040,fabric_vote_1,True,,2532,1783311966326,0,,False
433,b2-fabric-b1-c4-r2-retry1,b2-fabric-b1-c4-r2-retry1-task-0043,fabric_vote_1,True,,2536,1783311966323,0,,False
434,b2-fabric-b1-c4-r2-retry1,b2-fabric-b1-c4-r2-retry1-task-0041,fabric_vote_1,True,,2536,1783311966323,0,,False
435,b2-fabric-b1-c4-r2-retry1,b2-fabric-b1-c4-r2-retry1-task-0041,fabric_vote_2,True,,2336,1783311968859,0,,False
436,b2-fabric-b1-c4-r2-retry1,b2-fabric-b1-c4-r2-retry1-task-0042,fabric_vote_2,True,,2339,1783311968857,0,,False
437,b2-fabric-b1-c4-r2-retry1,b2-fabric-b1-c4-r2-retry1-task-0043,fabric_vote_2,True,,2338,1783311968859,0,,False
438,b2-fabric-b1-c4-r2-retry1,b2-fabric-b1-c4-r2-retry1-task-0040,fabric_vote_2,True,,2342,1783311968858,0,,False
439,b2-fabric-b1-c4-r2-retry1,b2-fabric-b1-c4-r2-retry1-task-0042,fabric_settlement,True,,3027,1783311971196,0,,False
440,b2-fabric-b1-c4-r2-retry1,b2-fabric-b1-c4-r2-retry1-task-0041,fabric_settlement,True,,3029,1783311971195,0,,False
441,b2-fabric-b1-c4-r2-retry1,b2-fabric-b1-c4-r2-retry1-task-0043,fabric_settlement,True,,3029,1783311971197,0,,False
442,b2-fabric-b1-c4-r2-retry1,b2-fabric-b1-c4-r2-retry1-task-0040,fabric_settlement,True,,3028,1783311971200,0,,False
443,b2-fabric-b1-c4-r2-retry1,b2-fabric-b1-c4-r2-retry1-task-0040,fabric_query_final,True,,369,1783311974228,0,,False
444,b2-fabric-b1-c4-r2-retry1,b2-fabric-b1-c4-r2-retry1-task-0043,fabric_query_final,True,,372,1783311974226,0,,False
445,b2-fabric-b1-c4-r2-retry1,b2-fabric-b1-c4-r2-retry1-task-0042,fabric_query_final,True,,377,1783311974223,0,,False
446,b2-fabric-b1-c4-r2-retry1,b2-fabric-b1-c4-r2-retry1-task-0043,ipfs_verify,True,,6,1783311974598,0,QmNyUP9PxhaGNgSe7A4vos9UdtKrgujw25dFezkghCHMSN,False
447,b2-fabric-b1-c4-r2-retry1,b2-fabric-b1-c4-r2-retry1-task-0040,ipfs_verify,True,,8,1783311974597,0,Qme8h8cEVWXzKEmaj7rkRo9NHBoPXxWrTLcYQjWRpqrisB,False
448,b2-fabric-b1-c4-r2-retry1,b2-fabric-b1-c4-r2-retry1-task-0042,ipfs_verify,True,,6,1783311974600,0,QmZaKHLtuvdC3131ZMjSafgzCnFunsBDrKht7U6CRuhaDJ,False
449,b2-fabric-b1-c4-r2-retry1,b2-fabric-b1-c4-r2-retry1-task-0044,ipfs_add,True,,48,1783311974605,1996,,False
450,b2-fabric-b1-c4-r2-retry1,b2-fabric-b1-c4-r2-retry1-task-0045,ipfs_add,True,,65,1783311974605,2595,,False
451,b2-fabric-b1-c4-r2-retry1,b2-fabric-b1-c4-r2-retry1-task-0046,ipfs_add,True,,65,1783311974606,1643,,False
452,b2-fabric-b1-c4-r2-retry1,b2-fabric-b1-c4-r2-retry1-task-0041,fabric_query_final,True,,563,1783311974224,0,,False
453,b2-fabric-b1-c4-r2-retry1,b2-fabric-b1-c4-r2-retry1-task-0041,ipfs_verify,True,,7,1783311974787,0,QmcFrzAGhrprmDxHPdunRd28u27YRTGcAAnGPSotWa75JU,False
454,b2-fabric-b1-c4-r2-retry1,b2-fabric-b1-c4-r2-retry1-task-0047,ipfs_add,True,,39,1783311974794,4867,,False
455,b2-fabric-b1-c4-r2-retry1,b2-fabric-b1-c4-r2-retry1-task-0046,fabric_post_task,True,,2234,1783311974671,1643,QmTnaHUQXj9xeoWHT2zVraSQfVPSZ3kwXbfxhynCbSD478,False
456,b2-fabric-b1-c4-r2-retry1,b2-fabric-b1-c4-r2-retry1-task-0047,fabric_post_task,True,,2072,1783311974833,4867,QmeV2Nyd6AXfLrfL94BuWtPhgFx2BQKzDFrxvN5H5wGM4v,False
457,b2-fabric-b1-c4-r2-retry1,b2-fabric-b1-c4-r2-retry1-task-0044,fabric_post_task,True,,2253,1783311974653,1996,QmRdq27qE1F3dGzbT9p9PnePh4D88Nw3KFAmJZ2C7W4jcT,False
458,b2-fabric-b1-c4-r2-retry1,b2-fabric-b1-c4-r2-retry1-task-0045,fabric_post_task,True,,2237,1783311974670,2595,QmfZqW6816xBeSRuQN3KqApyKbwjb4f3u87p8veGLitLQh,False
459,b2-fabric-b1-c4-r2-retry1,b2-fabric-b1-c4-r2-retry1-task-0047,fabric_post_allocation,True,,2326,1783311976905,0,,False
460,b2-fabric-b1-c4-r2-retry1,b2-fabric-b1-c4-r2-retry1-task-0044,fabric_post_allocation,True,,2326,1783311976906,0,,False
461,b2-fabric-b1-c4-r2-retry1,b2-fabric-b1-c4-r2-retry1-task-0045,fabric_post_allocation,True,,2325,1783311976907,0,,False
462,b2-fabric-b1-c4-r2-retry1,b2-fabric-b1-c4-r2-retry1-task-0046,fabric_post_allocation,True,,2328,1783311976905,0,,False
463,b2-fabric-b1-c4-r2-retry1,b2-fabric-b1-c4-r2-retry1-task-0044,fabric_post_snapshot,True,,2285,1783311979232,0,,False
464,b2-fabric-b1-c4-r2-retry1,b2-fabric-b1-c4-r2-retry1-task-0046,fabric_post_snapshot,True,,2285,1783311979233,0,,False
465,b2-fabric-b1-c4-r2-retry1,b2-fabric-b1-c4-r2-retry1-task-0045,fabric_post_snapshot,True,,2287,1783311979232,0,,False
466,b2-fabric-b1-c4-r2-retry1,b2-fabric-b1-c4-r2-retry1-task-0047,fabric_post_snapshot,True,,2290,1783311979231,0,,False
467,b2-fabric-b1-c4-r2-retry1,b2-fabric-b1-c4-r2-retry1-task-0047,fabric_query_confirmation,True,,122,1783311981521,0,,False
468,b2-fabric-b1-c4-r2-retry1,b2-fabric-b1-c4-r2-retry1-task-0045,fabric_query_confirmation,True,,124,1783311981519,0,,False
469,b2-fabric-b1-c4-r2-retry1,b2-fabric-b1-c4-r2-retry1-task-0044,fabric_query_confirmation,True,,128,1783311981517,0,,False
470,b2-fabric-b1-c4-r2-retry1,b2-fabric-b1-c4-r2-retry1-task-0046,fabric_query_confirmation,True,,127,1783311981518,0,,False
471,b2-fabric-b1-c4-r2-retry1,b2-fabric-b1-c4-r2-retry1-task-0047,fabric_vote_1,True,,2301,1783311981643,0,,False
472,b2-fabric-b1-c4-r2-retry1,b2-fabric-b1-c4-r2-retry1-task-0045,fabric_vote_1,True,,2302,1783311981643,0,,False
473,b2-fabric-b1-c4-r2-retry1,b2-fabric-b1-c4-r2-retry1-task-0046,fabric_vote_1,True,,2300,1783311981645,0,,False
474,b2-fabric-b1-c4-r2-retry1,b2-fabric-b1-c4-r2-retry1-task-0044,fabric_vote_1,True,,2302,1783311981645,0,,False
475,b2-fabric-b1-c4-r2-retry1,b2-fabric-b1-c4-r2-retry1-task-0047,fabric_vote_2,True,,2297,1783311983944,0,,False
476,b2-fabric-b1-c4-r2-retry1,b2-fabric-b1-c4-r2-retry1-task-0046,fabric_vote_2,True,,2298,1783311983945,0,,False
477,b2-fabric-b1-c4-r2-retry1,b2-fabric-b1-c4-r2-retry1-task-0044,fabric_vote_2,True,,2297,1783311983947,0,,False
478,b2-fabric-b1-c4-r2-retry1,b2-fabric-b1-c4-r2-retry1-task-0045,fabric_vote_2,True,,2300,1783311983945,0,,False
479,b2-fabric-b1-c4-r2-retry1,b2-fabric-b1-c4-r2-retry1-task-0046,fabric_settlement,True,,2334,1783311986243,0,,False
480,b2-fabric-b1-c4-r2-retry1,b2-fabric-b1-c4-r2-retry1-task-0044,fabric_settlement,True,,2335,1783311986244,0,,False
481,b2-fabric-b1-c4-r2-retry1,b2-fabric-b1-c4-r2-retry1-task-0047,fabric_settlement,True,,2338,1783311986241,0,,False
482,b2-fabric-b1-c4-r2-retry1,b2-fabric-b1-c4-r2-retry1-task-0045,fabric_settlement,True,,2335,1783311986245,0,,False
483,b2-fabric-b1-c4-r2-retry1,b2-fabric-b1-c4-r2-retry1-task-0047,fabric_query_final,True,,364,1783311988579,0,,False
484,b2-fabric-b1-c4-r2-retry1,b2-fabric-b1-c4-r2-retry1-task-0044,fabric_query_final,True,,364,1783311988579,0,,False
485,b2-fabric-b1-c4-r2-retry1,b2-fabric-b1-c4-r2-retry1-task-0046,fabric_query_final,True,,367,1783311988577,0,,False
486,b2-fabric-b1-c4-r2-retry1,b2-fabric-b1-c4-r2-retry1-task-0045,fabric_query_final,True,,369,1783311988580,0,,False
487,b2-fabric-b1-c4-r2-retry1,b2-fabric-b1-c4-r2-retry1-task-0047,ipfs_verify,True,,8,1783311988943,0,QmeV2Nyd6AXfLrfL94BuWtPhgFx2BQKzDFrxvN5H5wGM4v,False
488,b2-fabric-b1-c4-r2-retry1,b2-fabric-b1-c4-r2-retry1-task-0044,ipfs_verify,True,,8,1783311988943,0,QmRdq27qE1F3dGzbT9p9PnePh4D88Nw3KFAmJZ2C7W4jcT,False
489,b2-fabric-b1-c4-r2-retry1,b2-fabric-b1-c4-r2-retry1-task-0046,ipfs_verify,True,,8,1783311988944,0,QmTnaHUQXj9xeoWHT2zVraSQfVPSZ3kwXbfxhynCbSD478,False
490,b2-fabric-b1-c4-r2-retry1,b2-fabric-b1-c4-r2-retry1-task-0045,ipfs_verify,True,,8,1783311988949,0,QmfZqW6816xBeSRuQN3KqApyKbwjb4f3u87p8veGLitLQh,False
491,b2-fabric-b1-c4-r2-retry1,b2-fabric-b1-c4-r2-retry1-task-0049,ipfs_add,True,,25,1783311988952,1811,,False
492,b2-fabric-b1-c4-r2-retry1,b2-fabric-b1-c4-r2-retry1-task-0048,ipfs_add,True,,43,1783311988951,6584,,False
493,b2-fabric-b1-c4-r2-retry1,b2-fabric-b1-c4-r2-retry1-task-0050,ipfs_add,True,,59,1783311988952,1999,,False
494,b2-fabric-b1-c4-r2-retry1,b2-fabric-b1-c4-r2-retry1-task-0051,ipfs_add,True,,70,1783311988957,3763,,False
495,b2-fabric-b1-c4-r2-retry1,b2-fabric-b1-c4-r2-retry1-task-0050,fabric_post_task,True,,1785,1783311989011,1999,QmdV6Xsz9DDJaY4mD6E1omWqFwV485nsfcNWmZWMizL9Jc,False
496,b2-fabric-b1-c4-r2-retry1,b2-fabric-b1-c4-r2-retry1-task-0051,fabric_post_task,True,,1770,1783311989027,3763,QmTGsXsSojSBkAHS2R8QsjK4DdKDvRJKAvmLyhxkyrWAi1,False
497,b2-fabric-b1-c4-r2-retry1,b2-fabric-b1-c4-r2-retry1-task-0049,fabric_post_task,True,,1821,1783311988977,1811,Qme9dPNL59uRhU5hx2jyKbBdCPqBgF1krPA6WvcCYu8eVf,False
498,b2-fabric-b1-c4-r2-retry1,b2-fabric-b1-c4-r2-retry1-task-0048,fabric_post_task,True,,1805,1783311988994,6584,QmZxwAc5vt22wSQ5mT8jRWQr3tdyJrTwAGgotYvEjWf3wN,False
499,b2-fabric-b1-c4-r2-retry1,b2-fabric-b1-c4-r2-retry1-task-0051,fabric_post_allocation,True,,2322,1783311990797,0,,False
500,b2-fabric-b1-c4-r2-retry1,b2-fabric-b1-c4-r2-retry1-task-0050,fabric_post_allocation,True,,2324,1783311990796,0,,False
501,b2-fabric-b1-c4-r2-retry1,b2-fabric-b1-c4-r2-retry1-task-0048,fabric_post_allocation,True,,2322,1783311990799,0,,False
502,b2-fabric-b1-c4-r2-retry1,b2-fabric-b1-c4-r2-retry1-task-0049,fabric_post_allocation,True,,2324,1783311990798,0,,False
503,b2-fabric-b1-c4-r2-retry1,b2-fabric-b1-c4-r2-retry1-task-0048,fabric_post_snapshot,True,,2273,1783311993121,0,,False
504,b2-fabric-b1-c4-r2-retry1,b2-fabric-b1-c4-r2-retry1-task-0051,fabric_post_snapshot,True,,2276,1783311993119,0,,False
505,b2-fabric-b1-c4-r2-retry1,b2-fabric-b1-c4-r2-retry1-task-0050,fabric_post_snapshot,True,,2276,1783311993120,0,,False
506,b2-fabric-b1-c4-r2-retry1,b2-fabric-b1-c4-r2-retry1-task-0049,fabric_post_snapshot,True,,2275,1783311993122,0,,False
507,b2-fabric-b1-c4-r2-retry1,b2-fabric-b1-c4-r2-retry1-task-0049,fabric_query_confirmation,True,,114,1783311995397,0,,False
508,b2-fabric-b1-c4-r2-retry1,b2-fabric-b1-c4-r2-retry1-task-0048,fabric_query_confirmation,True,,117,1783311995395,0,,False
509,b2-fabric-b1-c4-r2-retry1,b2-fabric-b1-c4-r2-retry1-task-0050,fabric_query_confirmation,True,,116,1783311995396,0,,False
510,b2-fabric-b1-c4-r2-retry1,b2-fabric-b1-c4-r2-retry1-task-0051,fabric_query_confirmation,True,,118,1783311995395,0,,False
511,b2-fabric-b1-c4-r2-retry1,b2-fabric-b1-c4-r2-retry1-task-0050,fabric_vote_1,True,,2264,1783311995512,0,,False
512,b2-fabric-b1-c4-r2-retry1,b2-fabric-b1-c4-r2-retry1-task-0048,fabric_vote_1,True,,2265,1783311995512,0,,False
513,b2-fabric-b1-c4-r2-retry1,b2-fabric-b1-c4-r2-retry1-task-0051,fabric_vote_1,True,,2265,1783311995513,0,,False
514,b2-fabric-b1-c4-r2-retry1,b2-fabric-b1-c4-r2-retry1-task-0049,fabric_vote_1,True,,2268,1783311995511,0,,False
515,b2-fabric-b1-c4-r2-retry1,b2-fabric-b1-c4-r2-retry1-task-0051,fabric_vote_2,True,,2261,1783311997778,0,,False
516,b2-fabric-b1-c4-r2-retry1,b2-fabric-b1-c4-r2-retry1-task-0050,fabric_vote_2,True,,2263,1783311997776,0,,False
517,b2-fabric-b1-c4-r2-retry1,b2-fabric-b1-c4-r2-retry1-task-0048,fabric_vote_2,True,,2266,1783311997777,0,,False
518,b2-fabric-b1-c4-r2-retry1,b2-fabric-b1-c4-r2-retry1-task-0049,fabric_vote_2,True,,2265,1783311997779,0,,False
519,b2-fabric-b1-c4-r2-retry1,b2-fabric-b1-c4-r2-retry1-task-0050,fabric_settlement,True,,2323,1783312000039,0,,False
520,b2-fabric-b1-c4-r2-retry1,b2-fabric-b1-c4-r2-retry1-task-0049,fabric_settlement,True,,2319,1783312000044,0,,False
521,b2-fabric-b1-c4-r2-retry1,b2-fabric-b1-c4-r2-retry1-task-0048,fabric_settlement,True,,2322,1783312000043,0,,False
522,b2-fabric-b1-c4-r2-retry1,b2-fabric-b1-c4-r2-retry1-task-0051,fabric_settlement,True,,2326,1783312000039,0,,False
523,b2-fabric-b1-c4-r2-retry1,b2-fabric-b1-c4-r2-retry1-task-0049,fabric_query_final,True,,406,1783312002363,0,,False
524,b2-fabric-b1-c4-r2-retry1,b2-fabric-b1-c4-r2-retry1-task-0051,fabric_query_final,True,,404,1783312002365,0,,False
525,b2-fabric-b1-c4-r2-retry1,b2-fabric-b1-c4-r2-retry1-task-0048,fabric_query_final,True,,405,1783312002365,0,,False
526,b2-fabric-b1-c4-r2-retry1,b2-fabric-b1-c4-r2-retry1-task-0050,fabric_query_final,True,,411,1783312002362,0,,False
527,b2-fabric-b1-c4-r2-retry1,b2-fabric-b1-c4-r2-retry1-task-0048,ipfs_verify,True,,7,1783312002770,0,QmZxwAc5vt22wSQ5mT8jRWQr3tdyJrTwAGgotYvEjWf3wN,False
528,b2-fabric-b1-c4-r2-retry1,b2-fabric-b1-c4-r2-retry1-task-0051,ipfs_verify,True,,9,1783312002769,0,QmTGsXsSojSBkAHS2R8QsjK4DdKDvRJKAvmLyhxkyrWAi1,False
529,b2-fabric-b1-c4-r2-retry1,b2-fabric-b1-c4-r2-retry1-task-0049,ipfs_verify,True,,10,1783312002769,0,Qme9dPNL59uRhU5hx2jyKbBdCPqBgF1krPA6WvcCYu8eVf,False
530,b2-fabric-b1-c4-r2-retry1,b2-fabric-b1-c4-r2-retry1-task-0050,ipfs_verify,True,,10,1783312002773,0,QmdV6Xsz9DDJaY4mD6E1omWqFwV485nsfcNWmZWMizL9Jc,False
531,b2-fabric-b1-c4-r2-retry1,b2-fabric-b1-c4-r2-retry1-task-0052,ipfs_add,True,,29,1783312002777,3794,,False
532,b2-fabric-b1-c4-r2-retry1,b2-fabric-b1-c4-r2-retry1-task-0054,ipfs_add,True,,42,1783312002780,5229,,False
533,b2-fabric-b1-c4-r2-retry1,b2-fabric-b1-c4-r2-retry1-task-0053,ipfs_add,True,,61,1783312002778,4728,,False
534,b2-fabric-b1-c4-r2-retry1,b2-fabric-b1-c4-r2-retry1-task-0055,ipfs_add,True,,73,1783312002783,3299,,False
535,b2-fabric-b1-c4-r2-retry1,b2-fabric-b1-c4-r2-retry1-task-0053,fabric_post_task,True,,2980,1783312002839,4728,QmQhmCX3uicZrhvWeBbc6PdBzun14HpniDh8sPFQzpyV9X,False
536,b2-fabric-b1-c4-r2-retry1,b2-fabric-b1-c4-r2-retry1-task-0055,fabric_post_task,True,,2965,1783312002856,3299,QmafKJifZc1XAPwnCM3rfjeY8ycoRWBTEzRKJWmaz2X2pf,False
537,b2-fabric-b1-c4-r2-retry1,b2-fabric-b1-c4-r2-retry1-task-0054,fabric_post_task,True,,2999,1783312002822,5229,QmPnCtNRFcwQFtC6bqhKn6Lncju1wDzgW5MAzMVD7Hqnio,False
538,b2-fabric-b1-c4-r2-retry1,b2-fabric-b1-c4-r2-retry1-task-0052,fabric_post_task,True,,3015,1783312002806,3794,Qmbhf75a6jKFm6r3n83e1TgGA1Jv3MZMWPn5DZ6DAQKRGx,False
539,b2-fabric-b1-c4-r2-retry1,b2-fabric-b1-c4-r2-retry1-task-0055,fabric_post_allocation,True,,2304,1783312005821,0,,False
540,b2-fabric-b1-c4-r2-retry1,b2-fabric-b1-c4-r2-retry1-task-0053,fabric_post_allocation,True,,2307,1783312005819,0,,False
541,b2-fabric-b1-c4-r2-retry1,b2-fabric-b1-c4-r2-retry1-task-0054,fabric_post_allocation,True,,2305,1783312005821,0,,False
542,b2-fabric-b1-c4-r2-retry1,b2-fabric-b1-c4-r2-retry1-task-0052,fabric_post_allocation,True,,2306,1783312005821,0,,False
543,b2-fabric-b1-c4-r2-retry1,b2-fabric-b1-c4-r2-retry1-task-0053,fabric_post_snapshot,True,,2257,1783312008126,0,,False
544,b2-fabric-b1-c4-r2-retry1,b2-fabric-b1-c4-r2-retry1-task-0052,fabric_post_snapshot,True,,2257,1783312008127,0,,False
545,b2-fabric-b1-c4-r2-retry1,b2-fabric-b1-c4-r2-retry1-task-0055,fabric_post_snapshot,True,,2261,1783312008125,0,,False
546,b2-fabric-b1-c4-r2-retry1,b2-fabric-b1-c4-r2-retry1-task-0054,fabric_post_snapshot,True,,2262,1783312008126,0,,False
547,b2-fabric-b1-c4-r2-retry1,b2-fabric-b1-c4-r2-retry1-task-0054,fabric_query_confirmation,True,,332,1783312010388,0,,False
548,b2-fabric-b1-c4-r2-retry1,b2-fabric-b1-c4-r2-retry1-task-0055,fabric_query_confirmation,True,,335,1783312010386,0,,False
549,b2-fabric-b1-c4-r2-retry1,b2-fabric-b1-c4-r2-retry1-task-0053,fabric_query_confirmation,True,,339,1783312010383,0,,False
550,b2-fabric-b1-c4-r2-retry1,b2-fabric-b1-c4-r2-retry1-task-0052,fabric_query_confirmation,True,,339,1783312010384,0,,False
551,b2-fabric-b1-c4-r2-retry1,b2-fabric-b1-c4-r2-retry1-task-0052,fabric_vote_1,True,,2272,1783312010723,0,,False
552,b2-fabric-b1-c4-r2-retry1,b2-fabric-b1-c4-r2-retry1-task-0053,fabric_vote_1,True,,2274,1783312010722,0,,False
553,b2-fabric-b1-c4-r2-retry1,b2-fabric-b1-c4-r2-retry1-task-0055,fabric_vote_1,True,,2275,1783312010721,0,,False
554,b2-fabric-b1-c4-r2-retry1,b2-fabric-b1-c4-r2-retry1-task-0054,fabric_vote_1,True,,2277,1783312010720,0,,False
555,b2-fabric-b1-c4-r2-retry1,b2-fabric-b1-c4-r2-retry1-task-0055,fabric_vote_2,True,,2271,1783312012996,0,,False
556,b2-fabric-b1-c4-r2-retry1,b2-fabric-b1-c4-r2-retry1-task-0053,fabric_vote_2,True,,2272,1783312012996,0,,False
557,b2-fabric-b1-c4-r2-retry1,b2-fabric-b1-c4-r2-retry1-task-0054,fabric_vote_2,True,,2272,1783312012997,0,,False
558,b2-fabric-b1-c4-r2-retry1,b2-fabric-b1-c4-r2-retry1-task-0052,fabric_vote_2,True,,2275,1783312012995,0,,False
559,b2-fabric-b1-c4-r2-retry1,b2-fabric-b1-c4-r2-retry1-task-0053,fabric_settlement,True,,2310,1783312015268,0,,False
560,b2-fabric-b1-c4-r2-retry1,b2-fabric-b1-c4-r2-retry1-task-0052,fabric_settlement,True,,2308,1783312015270,0,,False
561,b2-fabric-b1-c4-r2-retry1,b2-fabric-b1-c4-r2-retry1-task-0055,fabric_settlement,True,,2312,1783312015267,0,,False
562,b2-fabric-b1-c4-r2-retry1,b2-fabric-b1-c4-r2-retry1-task-0054,fabric_settlement,True,,2311,1783312015269,0,,False
563,b2-fabric-b1-c4-r2-retry1,b2-fabric-b1-c4-r2-retry1-task-0055,fabric_query_final,True,,392,1783312017579,0,,False
564,b2-fabric-b1-c4-r2-retry1,b2-fabric-b1-c4-r2-retry1-task-0052,fabric_query_final,True,,393,1783312017578,0,,False
565,b2-fabric-b1-c4-r2-retry1,b2-fabric-b1-c4-r2-retry1-task-0054,fabric_query_final,True,,392,1783312017580,0,,False
566,b2-fabric-b1-c4-r2-retry1,b2-fabric-b1-c4-r2-retry1-task-0052,ipfs_verify,True,,8,1783312017971,0,Qmbhf75a6jKFm6r3n83e1TgGA1Jv3MZMWPn5DZ6DAQKRGx,False
567,b2-fabric-b1-c4-r2-retry1,b2-fabric-b1-c4-r2-retry1-task-0053,fabric_query_final,True,,402,1783312017578,0,,False
568,b2-fabric-b1-c4-r2-retry1,b2-fabric-b1-c4-r2-retry1-task-0054,ipfs_verify,True,,9,1783312017972,0,QmPnCtNRFcwQFtC6bqhKn6Lncju1wDzgW5MAzMVD7Hqnio,False
569,b2-fabric-b1-c4-r2-retry1,b2-fabric-b1-c4-r2-retry1-task-0055,ipfs_verify,True,,10,1783312017971,0,QmafKJifZc1XAPwnCM3rfjeY8ycoRWBTEzRKJWmaz2X2pf,False
570,b2-fabric-b1-c4-r2-retry1,b2-fabric-b1-c4-r2-retry1-task-0053,ipfs_verify,True,,8,1783312017980,0,QmQhmCX3uicZrhvWeBbc6PdBzun14HpniDh8sPFQzpyV9X,False
571,b2-fabric-b1-c4-r2-retry1,b2-fabric-b1-c4-r2-retry1-task-0057,ipfs_add,True,,28,1783312017981,1961,,False
572,b2-fabric-b1-c4-r2-retry1,b2-fabric-b1-c4-r2-retry1-task-0056,ipfs_add,True,,46,1783312017980,4022,,False
573,b2-fabric-b1-c4-r2-retry1,b2-fabric-b1-c4-r2-retry1-task-0058,ipfs_add,True,,83,1783312017982,2250,,False
574,b2-fabric-b1-c4-r2-retry1,b2-fabric-b1-c4-r2-retry1-task-0059,ipfs_add,True,,77,1783312017989,4487,,False
575,b2-fabric-b1-c4-r2-retry1,b2-fabric-b1-c4-r2-retry1-task-0057,fabric_post_task,True,,1855,1783312018009,1961,QmXe2mVbUwjU9upyR6EUuSfmWPVCsUJ2XbjviLk1VWsWi5,False
576,b2-fabric-b1-c4-r2-retry1,b2-fabric-b1-c4-r2-retry1-task-0058,fabric_post_task,True,,1800,1783312018065,2250,QmXUCNGHMpTciMXWytGi2sfx8616VuyyUoqZa3oAtvFoDt,False
577,b2-fabric-b1-c4-r2-retry1,b2-fabric-b1-c4-r2-retry1-task-0056,fabric_post_task,True,,1840,1783312018026,4022,QmZ7pYazDS7aTNmx4r1RUas5pautaRbk4VUrw59C2XLkhW,False
578,b2-fabric-b1-c4-r2-retry1,b2-fabric-b1-c4-r2-retry1-task-0059,fabric_post_task,True,,1801,1783312018066,4487,QmPBEGhSk6VvenSUj3Vr6bj3gHyXAjWBknK2erA4F3iiDo,False
579,b2-fabric-b1-c4-r2-retry1,b2-fabric-b1-c4-r2-retry1-task-0056,fabric_post_allocation,True,,2292,1783312019866,0,,False
580,b2-fabric-b1-c4-r2-retry1,b2-fabric-b1-c4-r2-retry1-task-0058,fabric_post_allocation,True,,2293,1783312019865,0,,False
581,b2-fabric-b1-c4-r2-retry1,b2-fabric-b1-c4-r2-retry1-task-0057,fabric_post_allocation,True,,2295,1783312019864,0,,False
582,b2-fabric-b1-c4-r2-retry1,b2-fabric-b1-c4-r2-retry1-task-0059,fabric_post_allocation,True,,2293,1783312019867,0,,False
583,b2-fabric-b1-c4-r2-retry1,b2-fabric-b1-c4-r2-retry1-task-0058,fabric_post_snapshot,True,,2275,1783312022158,0,,False
584,b2-fabric-b1-c4-r2-retry1,b2-fabric-b1-c4-r2-retry1-task-0056,fabric_post_snapshot,True,,2276,1783312022158,0,,False
585,b2-fabric-b1-c4-r2-retry1,b2-fabric-b1-c4-r2-retry1-task-0059,fabric_post_snapshot,True,,2276,1783312022160,0,,False
586,b2-fabric-b1-c4-r2-retry1,b2-fabric-b1-c4-r2-retry1-task-0057,fabric_post_snapshot,True,,2278,1783312022159,0,,False
587,b2-fabric-b1-c4-r2-retry1,b2-fabric-b1-c4-r2-retry1-task-0057,fabric_query_confirmation,True,,117,1783312024437,0,,False
588,b2-fabric-b1-c4-r2-retry1,b2-fabric-b1-c4-r2-retry1-task-0058,fabric_query_confirmation,True,,122,1783312024433,0,,False
589,b2-fabric-b1-c4-r2-retry1,b2-fabric-b1-c4-r2-retry1-task-0056,fabric_query_confirmation,True,,121,1783312024434,0,,False
590,b2-fabric-b1-c4-r2-retry1,b2-fabric-b1-c4-r2-retry1-task-0059,fabric_query_confirmation,True,,120,1783312024436,0,,False
591,b2-fabric-b1-c4-r2-retry1,b2-fabric-b1-c4-r2-retry1-task-0059,fabric_vote_1,True,,2260,1783312024556,0,,False
592,b2-fabric-b1-c4-r2-retry1,b2-fabric-b1-c4-r2-retry1-task-0057,fabric_vote_1,True,,2263,1783312024554,0,,False
593,b2-fabric-b1-c4-r2-retry1,b2-fabric-b1-c4-r2-retry1-task-0056,fabric_vote_1,True,,2263,1783312024555,0,,False
594,b2-fabric-b1-c4-r2-retry1,b2-fabric-b1-c4-r2-retry1-task-0058,fabric_vote_1,True,,2264,1783312024555,0,,False
595,b2-fabric-b1-c4-r2-retry1,b2-fabric-b1-c4-r2-retry1-task-0056,fabric_vote_2,True,,2259,1783312026818,0,,False
596,b2-fabric-b1-c4-r2-retry1,b2-fabric-b1-c4-r2-retry1-task-0059,fabric_vote_2,True,,2262,1783312026816,0,,False
597,b2-fabric-b1-c4-r2-retry1,b2-fabric-b1-c4-r2-retry1-task-0058,fabric_vote_2,True,,2260,1783312026819,0,,False
598,b2-fabric-b1-c4-r2-retry1,b2-fabric-b1-c4-r2-retry1-task-0057,fabric_vote_2,True,,2262,1783312026817,0,,False
599,b2-fabric-b1-c4-r2-retry1,b2-fabric-b1-c4-r2-retry1-task-0059,fabric_settlement,True,,2322,1783312029078,0,,False
600,b2-fabric-b1-c4-r2-retry1,b2-fabric-b1-c4-r2-retry1-task-0058,fabric_settlement,True,,2322,1783312029079,0,,False
601,b2-fabric-b1-c4-r2-retry1,b2-fabric-b1-c4-r2-retry1-task-0056,fabric_settlement,True,,2324,1783312029077,0,,False
602,b2-fabric-b1-c4-r2-retry1,b2-fabric-b1-c4-r2-retry1-task-0057,fabric_settlement,True,,2325,1783312029079,0,,False
603,b2-fabric-b1-c4-r2-retry1,b2-fabric-b1-c4-r2-retry1-task-0059,fabric_query_final,True,,469,1783312031400,0,,False
604,b2-fabric-b1-c4-r2-retry1,b2-fabric-b1-c4-r2-retry1-task-0056,fabric_query_final,True,,469,1783312031401,0,,False
605,b2-fabric-b1-c4-r2-retry1,b2-fabric-b1-c4-r2-retry1-task-0057,fabric_query_final,True,,470,1783312031404,0,,False
606,b2-fabric-b1-c4-r2-retry1,b2-fabric-b1-c4-r2-retry1-task-0059,ipfs_verify,True,,12,1783312031869,0,QmPBEGhSk6VvenSUj3Vr6bj3gHyXAjWBknK2erA4F3iiDo,False
607,b2-fabric-b1-c4-r2-retry1,b2-fabric-b1-c4-r2-retry1-task-0058,fabric_query_final,True,,485,1783312031401,0,,False
608,b2-fabric-b1-c4-r2-retry1,b2-fabric-b1-c4-r2-retry1-task-0056,ipfs_verify,True,,18,1783312031870,0,QmZ7pYazDS7aTNmx4r1RUas5pautaRbk4VUrw59C2XLkhW,False
609,b2-fabric-b1-c4-r2-retry1,b2-fabric-b1-c4-r2-retry1-task-0058,ipfs_verify,True,,11,1783312031886,0,QmXUCNGHMpTciMXWytGi2sfx8616VuyyUoqZa3oAtvFoDt,False
610,b2-fabric-b1-c4-r2-retry1,b2-fabric-b1-c4-r2-retry1-task-0057,ipfs_verify,True,,24,1783312031874,0,QmXe2mVbUwjU9upyR6EUuSfmWPVCsUJ2XbjviLk1VWsWi5,False
611,b2-fabric-b1-c4-r2-retry1,b2-fabric-b1-c4-r2-retry1-task-0060,ipfs_add,True,,38,1783312031881,5935,,False
612,b2-fabric-b1-c4-r2-retry1,b2-fabric-b1-c4-r2-retry1-task-0061,ipfs_add,True,,49,1783312031888,5946,,False
613,b2-fabric-b1-c4-r2-retry1,b2-fabric-b1-c4-r2-retry1-task-0063,ipfs_add,True,,58,1783312031898,1951,,False
614,b2-fabric-b1-c4-r2-retry1,b2-fabric-b1-c4-r2-retry1-task-0062,ipfs_add,True,,78,1783312031897,1552,,False
615,b2-fabric-b1-c4-r2-retry1,b2-fabric-b1-c4-r2-retry1-task-0063,fabric_post_task,True,,2925,1783312031956,1951,Qmeq8QyrjD6bZ4YprHuPoMgTMvTCxaH2JtzMLSbHb4KCGp,False
616,b2-fabric-b1-c4-r2-retry1,b2-fabric-b1-c4-r2-retry1-task-0062,fabric_post_task,True,,2908,1783312031975,1552,Qmb6iH1Q8fsUxVYrQmrcgAvCnH14JPTvzRbCctsufq5we3,False
617,b2-fabric-b1-c4-r2-retry1,b2-fabric-b1-c4-r2-retry1-task-0061,fabric_post_task,True,,2947,1783312031937,5946,QmZznbE6Q8qgJZM6zko75Z5kysY6RRAzfTKYtPEykpkpaT,False
618,b2-fabric-b1-c4-r2-retry1,b2-fabric-b1-c4-r2-retry1-task-0060,fabric_post_task,True,,2965,1783312031919,5935,QmNcgtQQTiKYTTZfgDnKUurGta1J2EPad8N1cioGFFfEnj,False
619,b2-fabric-b1-c4-r2-retry1,b2-fabric-b1-c4-r2-retry1-task-0063,fabric_post_allocation,True,,2312,1783312034881,0,,False
620,b2-fabric-b1-c4-r2-retry1,b2-fabric-b1-c4-r2-retry1-task-0060,fabric_post_allocation,True,,2309,1783312034884,0,,False
621,b2-fabric-b1-c4-r2-retry1,b2-fabric-b1-c4-r2-retry1-task-0062,fabric_post_allocation,True,,2311,1783312034883,0,,False
622,b2-fabric-b1-c4-r2-retry1,b2-fabric-b1-c4-r2-retry1-task-0061,fabric_post_allocation,True,,2313,1783312034884,0,,False
623,b2-fabric-b1-c4-r2-retry1,b2-fabric-b1-c4-r2-retry1-task-0063,fabric_post_snapshot,True,,2467,1783312037193,0,,False
624,b2-fabric-b1-c4-r2-retry1,b2-fabric-b1-c4-r2-retry1-task-0062,fabric_post_snapshot,True,,2467,1783312037194,0,,False
625,b2-fabric-b1-c4-r2-retry1,b2-fabric-b1-c4-r2-retry1-task-0061,fabric_post_snapshot,True,,2465,1783312037197,0,,False
626,b2-fabric-b1-c4-r2-retry1,b2-fabric-b1-c4-r2-retry1-task-0060,fabric_post_snapshot,True,,2469,1783312037193,0,,False
627,b2-fabric-b1-c4-r2-retry1,b2-fabric-b1-c4-r2-retry1-task-0061,fabric_query_confirmation,True,,119,1783312039662,0,,False
628,b2-fabric-b1-c4-r2-retry1,b2-fabric-b1-c4-r2-retry1-task-0063,fabric_query_confirmation,True,,121,1783312039660,0,,False
629,b2-fabric-b1-c4-r2-retry1,b2-fabric-b1-c4-r2-retry1-task-0060,fabric_query_confirmation,True,,120,1783312039662,0,,False
630,b2-fabric-b1-c4-r2-retry1,b2-fabric-b1-c4-r2-retry1-task-0062,fabric_query_confirmation,True,,123,1783312039661,0,,False
631,b2-fabric-b1-c4-r2-retry1,b2-fabric-b1-c4-r2-retry1-task-0062,fabric_vote_1,True,,2502,1783312039784,0,,False
632,b2-fabric-b1-c4-r2-retry1,b2-fabric-b1-c4-r2-retry1-task-0061,fabric_vote_1,True,,2506,1783312039781,0,,False
633,b2-fabric-b1-c4-r2-retry1,b2-fabric-b1-c4-r2-retry1-task-0060,fabric_vote_1,True,,2506,1783312039782,0,,False
634,b2-fabric-b1-c4-r2-retry1,b2-fabric-b1-c4-r2-retry1-task-0063,fabric_vote_1,True,,2508,1783312039781,0,,False
635,b2-fabric-b1-c4-r2-retry1,b2-fabric-b1-c4-r2-retry1-task-0060,fabric_vote_2,True,,2267,1783312042288,0,,False
636,b2-fabric-b1-c4-r2-retry1,b2-fabric-b1-c4-r2-retry1-task-0061,fabric_vote_2,True,,2269,1783312042287,0,,False
637,b2-fabric-b1-c4-r2-retry1,b2-fabric-b1-c4-r2-retry1-task-0063,fabric_vote_2,True,,2267,1783312042289,0,,False
638,b2-fabric-b1-c4-r2-retry1,b2-fabric-b1-c4-r2-retry1-task-0062,fabric_vote_2,True,,2271,1783312042286,0,,False
639,b2-fabric-b1-c4-r2-retry1,b2-fabric-b1-c4-r2-retry1-task-0063,fabric_settlement,True,,2325,1783312044556,0,,False
640,b2-fabric-b1-c4-r2-retry1,b2-fabric-b1-c4-r2-retry1-task-0060,fabric_settlement,True,,2327,1783312044555,0,,False
641,b2-fabric-b1-c4-r2-retry1,b2-fabric-b1-c4-r2-retry1-task-0061,fabric_settlement,True,,2327,1783312044556,0,,False
642,b2-fabric-b1-c4-r2-retry1,b2-fabric-b1-c4-r2-retry1-task-0062,fabric_settlement,True,,2328,1783312044557,0,,False
643,b2-fabric-b1-c4-r2-retry1,b2-fabric-b1-c4-r2-retry1-task-0061,fabric_query_final,True,,665,1783312046883,0,,False
644,b2-fabric-b1-c4-r2-retry1,b2-fabric-b1-c4-r2-retry1-task-0063,fabric_query_final,True,,668,1783312046881,0,,False
645,b2-fabric-b1-c4-r2-retry1,b2-fabric-b1-c4-r2-retry1-task-0062,fabric_query_final,True,,665,1783312046885,0,,False
646,b2-fabric-b1-c4-r2-retry1,b2-fabric-b1-c4-r2-retry1-task-0060,fabric_query_final,True,,672,1783312046882,0,,False
647,b2-fabric-b1-c4-r2-retry1,b2-fabric-b1-c4-r2-retry1-task-0062,ipfs_verify,True,,7,1783312047550,0,Qmb6iH1Q8fsUxVYrQmrcgAvCnH14JPTvzRbCctsufq5we3,False
648,b2-fabric-b1-c4-r2-retry1,b2-fabric-b1-c4-r2-retry1-task-0061,ipfs_verify,True,,11,1783312047548,0,QmZznbE6Q8qgJZM6zko75Z5kysY6RRAzfTKYtPEykpkpaT,False
649,b2-fabric-b1-c4-r2-retry1,b2-fabric-b1-c4-r2-retry1-task-0063,ipfs_verify,True,,11,1783312047549,0,Qmeq8QyrjD6bZ4YprHuPoMgTMvTCxaH2JtzMLSbHb4KCGp,False
650,b2-fabric-b1-c4-r2-retry1,b2-fabric-b1-c4-r2-retry1-task-0060,ipfs_verify,True,,10,1783312047554,0,QmNcgtQQTiKYTTZfgDnKUurGta1J2EPad8N1cioGFFfEnj,False
651,b2-fabric-b1-c4-r2-retry1,b2-fabric-b1-c4-r2-retry1-task-0066,ipfs_add,True,,41,1783312047560,1779,,False
652,b2-fabric-b1-c4-r2-retry1,b2-fabric-b1-c4-r2-retry1-task-0064,ipfs_add,True,,80,1783312047558,1718,,False
653,b2-fabric-b1-c4-r2-retry1,b2-fabric-b1-c4-r2-retry1-task-0067,ipfs_add,True,,93,1783312047564,1494,,False
654,b2-fabric-b1-c4-r2-retry1,b2-fabric-b1-c4-r2-retry1-task-0065,ipfs_add,True,,98,1783312047559,1532,,False
655,b2-fabric-b1-c4-r2-retry1,b2-fabric-b1-c4-r2-retry1-task-0067,fabric_post_task,True,,1853,1783312047657,1494,Qmbt7FG9CTBc6sVfciXAseRzvjXpa6EoV1TehcNf7sChY3,False
656,b2-fabric-b1-c4-r2-retry1,b2-fabric-b1-c4-r2-retry1-task-0064,fabric_post_task,True,,1873,1783312047638,1718,QmdQasboxBg4eG1zCcznaXELJ43EhrApnvszJDpfVQP7gd,False
657,b2-fabric-b1-c4-r2-retry1,b2-fabric-b1-c4-r2-retry1-task-0065,fabric_post_task,True,,1855,1783312047657,1532,QmTgn7Ef8bcgXc76teLMLFWfXkkV1kNKoL8EES2YSp6nVT,False
658,b2-fabric-b1-c4-r2-retry1,b2-fabric-b1-c4-r2-retry1-task-0066,fabric_post_task,True,,1911,1783312047601,1779,QmQadZaKvSss26axAEh58nbypRZhkvyv9qKSdKwsKrR3VT,False
659,b2-fabric-b1-c4-r2-retry1,b2-fabric-b1-c4-r2-retry1-task-0064,fabric_post_allocation,True,,2322,1783312049511,0,,False
660,b2-fabric-b1-c4-r2-retry1,b2-fabric-b1-c4-r2-retry1-task-0067,fabric_post_allocation,True,,2324,1783312049510,0,,False
661,b2-fabric-b1-c4-r2-retry1,b2-fabric-b1-c4-r2-retry1-task-0066,fabric_post_allocation,True,,2323,1783312049512,0,,False
662,b2-fabric-b1-c4-r2-retry1,b2-fabric-b1-c4-r2-retry1-task-0065,fabric_post_allocation,True,,2324,1783312049512,0,,False
663,b2-fabric-b1-c4-r2-retry1,b2-fabric-b1-c4-r2-retry1-task-0067,fabric_post_snapshot,True,,2255,1783312051834,0,,False
664,b2-fabric-b1-c4-r2-retry1,b2-fabric-b1-c4-r2-retry1-task-0064,fabric_post_snapshot,True,,2257,1783312051833,0,,False
665,b2-fabric-b1-c4-r2-retry1,b2-fabric-b1-c4-r2-retry1-task-0065,fabric_post_snapshot,True,,2254,1783312051836,0,,False
666,b2-fabric-b1-c4-r2-retry1,b2-fabric-b1-c4-r2-retry1-task-0066,fabric_post_snapshot,True,,2259,1783312051835,0,,False
667,b2-fabric-b1-c4-r2-retry1,b2-fabric-b1-c4-r2-retry1-task-0066,fabric_query_confirmation,True,,330,1783312054094,0,,False
668,b2-fabric-b1-c4-r2-retry1,b2-fabric-b1-c4-r2-retry1-task-0067,fabric_query_confirmation,True,,336,1783312054089,0,,False
669,b2-fabric-b1-c4-r2-retry1,b2-fabric-b1-c4-r2-retry1-task-0064,fabric_query_confirmation,True,,336,1783312054090,0,,False
670,b2-fabric-b1-c4-r2-retry1,b2-fabric-b1-c4-r2-retry1-task-0065,fabric_query_confirmation,True,,336,1783312054090,0,,False
671,b2-fabric-b1-c4-r2-retry1,b2-fabric-b1-c4-r2-retry1-task-0064,fabric_vote_1,True,,2297,1783312054426,0,,False
672,b2-fabric-b1-c4-r2-retry1,b2-fabric-b1-c4-r2-retry1-task-0065,fabric_vote_1,True,,2300,1783312054426,0,,False
673,b2-fabric-b1-c4-r2-retry1,b2-fabric-b1-c4-r2-retry1-task-0066,fabric_vote_1,True,,2304,1783312054424,0,,False
674,b2-fabric-b1-c4-r2-retry1,b2-fabric-b1-c4-r2-retry1-task-0067,fabric_vote_1,True,,2303,1783312054425,0,,False
675,b2-fabric-b1-c4-r2-retry1,b2-fabric-b1-c4-r2-retry1-task-0064,fabric_vote_2,True,,2323,1783312056723,0,,False
676,b2-fabric-b1-c4-r2-retry1,b2-fabric-b1-c4-r2-retry1-task-0067,fabric_vote_2,True,,2318,1783312056728,0,,False
677,b2-fabric-b1-c4-r2-retry1,b2-fabric-b1-c4-r2-retry1-task-0066,fabric_vote_2,True,,2319,1783312056728,0,,False
678,b2-fabric-b1-c4-r2-retry1,b2-fabric-b1-c4-r2-retry1-task-0065,fabric_vote_2,True,,2325,1783312056726,0,,False
679,b2-fabric-b1-c4-r2-retry1,b2-fabric-b1-c4-r2-retry1-task-0066,fabric_settlement,True,,2594,1783312059047,0,,False
680,b2-fabric-b1-c4-r2-retry1,b2-fabric-b1-c4-r2-retry1-task-0067,fabric_settlement,True,,2597,1783312059046,0,,False
681,b2-fabric-b1-c4-r2-retry1,b2-fabric-b1-c4-r2-retry1-task-0064,fabric_settlement,True,,2600,1783312059046,0,,False
682,b2-fabric-b1-c4-r2-retry1,b2-fabric-b1-c4-r2-retry1-task-0065,fabric_settlement,True,,2596,1783312059051,0,,False
683,b2-fabric-b1-c4-r2-retry1,b2-fabric-b1-c4-r2-retry1-task-0064,fabric_query_final,True,,435,1783312061646,0,,False
684,b2-fabric-b1-c4-r2-retry1,b2-fabric-b1-c4-r2-retry1-task-0066,fabric_query_final,True,,441,1783312061641,0,,False
685,b2-fabric-b1-c4-r2-retry1,b2-fabric-b1-c4-r2-retry1-task-0065,fabric_query_final,True,,435,1783312061647,0,,False
686,b2-fabric-b1-c4-r2-retry1,b2-fabric-b1-c4-r2-retry1-task-0064,ipfs_verify,True,,8,1783312062081,0,QmdQasboxBg4eG1zCcznaXELJ43EhrApnvszJDpfVQP7gd,False
687,b2-fabric-b1-c4-r2-retry1,b2-fabric-b1-c4-r2-retry1-task-0065,ipfs_verify,True,,8,1783312062082,0,QmTgn7Ef8bcgXc76teLMLFWfXkkV1kNKoL8EES2YSp6nVT,False
688,b2-fabric-b1-c4-r2-retry1,b2-fabric-b1-c4-r2-retry1-task-0066,ipfs_verify,True,,9,1783312062082,0,QmQadZaKvSss26axAEh58nbypRZhkvyv9qKSdKwsKrR3VT,False
689,b2-fabric-b1-c4-r2-retry1,b2-fabric-b1-c4-r2-retry1-task-0069,ipfs_add,True,,29,1783312062090,1526,,False
690,b2-fabric-b1-c4-r2-retry1,b2-fabric-b1-c4-r2-retry1-task-0068,ipfs_add,True,,53,1783312062089,4158,,False
691,b2-fabric-b1-c4-r2-retry1,b2-fabric-b1-c4-r2-retry1-task-0070,ipfs_add,True,,69,1783312062091,5065,,False
692,b2-fabric-b1-c4-r2-retry1,b2-fabric-b1-c4-r2-retry1-task-0067,fabric_query_final,True,,608,1783312061643,0,,False
693,b2-fabric-b1-c4-r2-retry1,b2-fabric-b1-c4-r2-retry1-task-0067,ipfs_verify,True,,7,1783312062251,0,Qmbt7FG9CTBc6sVfciXAseRzvjXpa6EoV1TehcNf7sChY3,False
694,b2-fabric-b1-c4-r2-retry1,b2-fabric-b1-c4-r2-retry1-task-0071,ipfs_add,True,,68,1783312062259,7196,,False
695,b2-fabric-b1-c4-r2-retry1,b2-fabric-b1-c4-r2-retry1-task-0068,fabric_post_task,True,,2689,1783312062142,4158,QmdssCZHZja15BD7DuyPiXZPfZufH2mwmGr81QDSStPZPN,False
696,b2-fabric-b1-c4-r2-retry1,b2-fabric-b1-c4-r2-retry1-task-0071,fabric_post_task,True,,2506,1783312062327,7196,QmNqkkGDJvpybcWjHb7TKY3DpGWDegeGBguFT6dBieSUKQ,False
697,b2-fabric-b1-c4-r2-retry1,b2-fabric-b1-c4-r2-retry1-task-0070,fabric_post_task,True,,2672,1783312062161,5065,QmZdwn7XZ6rmxkCtUjND7GCnAtzGsfmiqSWKEv7AMAoXVQ,False
698,b2-fabric-b1-c4-r2-retry1,b2-fabric-b1-c4-r2-retry1-task-0069,fabric_post_task,True,,2714,1783312062119,1526,Qmc3HzGamX75gaXpQyYRDkmKLfVRUTTUbDLLNafwajDdRv,False
699,b2-fabric-b1-c4-r2-retry1,b2-fabric-b1-c4-r2-retry1-task-0071,fabric_post_allocation,True,,2314,1783312064833,0,,False
700,b2-fabric-b1-c4-r2-retry1,b2-fabric-b1-c4-r2-retry1-task-0068,fabric_post_allocation,True,,2317,1783312064831,0,,False
701,b2-fabric-b1-c4-r2-retry1,b2-fabric-b1-c4-r2-retry1-task-0070,fabric_post_allocation,True,,2316,1783312064833,0,,False
702,b2-fabric-b1-c4-r2-retry1,b2-fabric-b1-c4-r2-retry1-task-0069,fabric_post_allocation,True,,2319,1783312064833,0,,False
703,b2-fabric-b1-c4-r2-retry1,b2-fabric-b1-c4-r2-retry1-task-0070,fabric_post_snapshot,True,,2455,1783312067149,0,,False
704,b2-fabric-b1-c4-r2-retry1,b2-fabric-b1-c4-r2-retry1-task-0068,fabric_post_snapshot,True,,2457,1783312067148,0,,False
705,b2-fabric-b1-c4-r2-retry1,b2-fabric-b1-c4-r2-retry1-task-0069,fabric_post_snapshot,True,,2456,1783312067152,0,,False
706,b2-fabric-b1-c4-r2-retry1,b2-fabric-b1-c4-r2-retry1-task-0071,fabric_post_snapshot,True,,2462,1783312067147,0,,False
707,b2-fabric-b1-c4-r2-retry1,b2-fabric-b1-c4-r2-retry1-task-0070,fabric_query_confirmation,True,,124,1783312069604,0,,False
708,b2-fabric-b1-c4-r2-retry1,b2-fabric-b1-c4-r2-retry1-task-0068,fabric_query_confirmation,True,,124,1783312069605,0,,False
709,b2-fabric-b1-c4-r2-retry1,b2-fabric-b1-c4-r2-retry1-task-0071,fabric_query_confirmation,True,,120,1783312069609,0,,False
710,b2-fabric-b1-c4-r2-retry1,b2-fabric-b1-c4-r2-retry1-task-0069,fabric_query_confirmation,True,,122,1783312069608,0,,False
711,b2-fabric-b1-c4-r2-retry1,b2-fabric-b1-c4-r2-retry1-task-0071,fabric_vote_1,True,,2322,1783312069729,0,,False
712,b2-fabric-b1-c4-r2-retry1,b2-fabric-b1-c4-r2-retry1-task-0068,fabric_vote_1,True,,2323,1783312069729,0,,False
713,b2-fabric-b1-c4-r2-retry1,b2-fabric-b1-c4-r2-retry1-task-0070,fabric_vote_1,True,,2324,1783312069728,0,,False
714,b2-fabric-b1-c4-r2-retry1,b2-fabric-b1-c4-r2-retry1-task-0069,fabric_vote_1,True,,2326,1783312069730,0,,False
715,b2-fabric-b1-c4-r2-retry1,b2-fabric-b1-c4-r2-retry1-task-0069,fabric_vote_2,True,,2566,1783312072056,0,,False
716,b2-fabric-b1-c4-r2-retry1,b2-fabric-b1-c4-r2-retry1-task-0070,fabric_vote_2,True,,2570,1783312072052,0,,False
717,b2-fabric-b1-c4-r2-retry1,b2-fabric-b1-c4-r2-retry1-task-0071,fabric_vote_2,True,,2572,1783312072051,0,,False
718,b2-fabric-b1-c4-r2-retry1,b2-fabric-b1-c4-r2-retry1-task-0068,fabric_vote_2,True,,2573,1783312072052,0,,False
719,b2-fabric-b1-c4-r2-retry1,b2-fabric-b1-c4-r2-retry1-task-0070,fabric_settlement,True,,2503,1783312074622,0,,False
720,b2-fabric-b1-c4-r2-retry1,b2-fabric-b1-c4-r2-retry1-task-0071,fabric_settlement,True,,2503,1783312074623,0,,False
721,b2-fabric-b1-c4-r2-retry1,b2-fabric-b1-c4-r2-retry1-task-0069,fabric_settlement,True,,2504,1783312074622,0,,False
722,b2-fabric-b1-c4-r2-retry1,b2-fabric-b1-c4-r2-retry1-task-0068,fabric_settlement,True,,2503,1783312074625,0,,False
723,b2-fabric-b1-c4-r2-retry1,b2-fabric-b1-c4-r2-retry1-task-0071,fabric_query_final,True,,587,1783312077126,0,,False
724,b2-fabric-b1-c4-r2-retry1,b2-fabric-b1-c4-r2-retry1-task-0070,fabric_query_final,True,,589,1783312077125,0,,False
725,b2-fabric-b1-c4-r2-retry1,b2-fabric-b1-c4-r2-retry1-task-0068,fabric_query_final,True,,587,1783312077128,0,,False
726,b2-fabric-b1-c4-r2-retry1,b2-fabric-b1-c4-r2-retry1-task-0069,fabric_query_final,True,,593,1783312077126,0,,False
727,b2-fabric-b1-c4-r2-retry1,b2-fabric-b1-c4-r2-retry1-task-0071,ipfs_verify,True,,9,1783312077713,0,QmNqkkGDJvpybcWjHb7TKY3DpGWDegeGBguFT6dBieSUKQ,False
728,b2-fabric-b1-c4-r2-retry1,b2-fabric-b1-c4-r2-retry1-task-0070,ipfs_verify,True,,8,1783312077714,0,QmZdwn7XZ6rmxkCtUjND7GCnAtzGsfmiqSWKEv7AMAoXVQ,False
729,b2-fabric-b1-c4-r2-retry1,b2-fabric-b1-c4-r2-retry1-task-0068,ipfs_verify,True,,7,1783312077715,0,QmdssCZHZja15BD7DuyPiXZPfZufH2mwmGr81QDSStPZPN,False
730,b2-fabric-b1-c4-r2-retry1,b2-fabric-b1-c4-r2-retry1-task-0069,ipfs_verify,True,,7,1783312077719,0,Qmc3HzGamX75gaXpQyYRDkmKLfVRUTTUbDLLNafwajDdRv,False
731,b2-fabric-b1-c4-r2-retry1,b2-fabric-b1-c4-r2-retry1-task-0073,ipfs_add,True,,54,1783312077722,4957,,False
732,b2-fabric-b1-c4-r2-retry1,b2-fabric-b1-c4-r2-retry1-task-0072,ipfs_add,True,,70,1783312077722,2305,,False
733,b2-fabric-b1-c4-r2-retry1,b2-fabric-b1-c4-r2-retry1-task-0074,ipfs_add,True,,87,1783312077722,5811,,False
734,b2-fabric-b1-c4-r2-retry1,b2-fabric-b1-c4-r2-retry1-task-0075,ipfs_add,True,,100,1783312077726,4400,,False
735,b2-fabric-b1-c4-r2-retry1,b2-fabric-b1-c4-r2-retry1-task-0074,fabric_post_task,True,,1783,1783312077809,5811,QmaeTJAzWRKvsT172vo8HGvAfgV8ipwLvzV1ZMQApxE1QS,False
736,b2-fabric-b1-c4-r2-retry1,b2-fabric-b1-c4-r2-retry1-task-0072,fabric_post_task,True,,1801,1783312077792,2305,QmWanySVkpZ7TybV7YuqtM2nn19ezsxpA246bdcmU47t6X,False
737,b2-fabric-b1-c4-r2-retry1,b2-fabric-b1-c4-r2-retry1-task-0073,fabric_post_task,True,,1818,1783312077776,4957,QmUNq5xrs3K1vmXdkKido3g2XmRhi95o132iauehfL4aYG,False
738,b2-fabric-b1-c4-r2-retry1,b2-fabric-b1-c4-r2-retry1-task-0075,fabric_post_task,True,,1770,1783312077826,4400,QmXvAwLQ7v7nnXbkJPjkYdM3tUdkRw8oF5f6iTNZRPVgzN,False
739,b2-fabric-b1-c4-r2-retry1,b2-fabric-b1-c4-r2-retry1-task-0074,fabric_post_allocation,True,,2515,1783312079593,0,,False
740,b2-fabric-b1-c4-r2-retry1,b2-fabric-b1-c4-r2-retry1-task-0072,fabric_post_allocation,True,,2517,1783312079593,0,,False
741,b2-fabric-b1-c4-r2-retry1,b2-fabric-b1-c4-r2-retry1-task-0073,fabric_post_allocation,True,,2516,1783312079594,0,,False
742,b2-fabric-b1-c4-r2-retry1,b2-fabric-b1-c4-r2-retry1-task-0075,fabric_post_allocation,True,,2515,1783312079596,0,,False
743,b2-fabric-b1-c4-r2-retry1,b2-fabric-b1-c4-r2-retry1-task-0072,fabric_post_snapshot,True,,2250,1783312082110,0,,False
744,b2-fabric-b1-c4-r2-retry1,b2-fabric-b1-c4-r2-retry1-task-0073,fabric_post_snapshot,True,,2251,1783312082110,0,,False
745,b2-fabric-b1-c4-r2-retry1,b2-fabric-b1-c4-r2-retry1-task-0075,fabric_post_snapshot,True,,2250,1783312082112,0,,False
746,b2-fabric-b1-c4-r2-retry1,b2-fabric-b1-c4-r2-retry1-task-0074,fabric_post_snapshot,True,,2258,1783312082108,0,,False
747,b2-fabric-b1-c4-r2-retry1,b2-fabric-b1-c4-r2-retry1-task-0074,fabric_query_confirmation,True,,329,1783312084366,0,,False
748,b2-fabric-b1-c4-r2-retry1,b2-fabric-b1-c4-r2-retry1-task-0073,fabric_query_confirmation,True,,335,1783312084361,0,,False
749,b2-fabric-b1-c4-r2-retry1,b2-fabric-b1-c4-r2-retry1-task-0072,fabric_query_confirmation,True,,337,1783312084360,0,,False
750,b2-fabric-b1-c4-r2-retry1,b2-fabric-b1-c4-r2-retry1-task-0075,fabric_query_confirmation,True,,336,1783312084362,0,,False
751,b2-fabric-b1-c4-r2-retry1,b2-fabric-b1-c4-r2-retry1-task-0075,fabric_vote_1,True,,2324,1783312084698,0,,False
752,b2-fabric-b1-c4-r2-retry1,b2-fabric-b1-c4-r2-retry1-task-0073,fabric_vote_1,True,,2328,1783312084696,0,,False
753,b2-fabric-b1-c4-r2-retry1,b2-fabric-b1-c4-r2-retry1-task-0072,fabric_vote_1,True,,2328,1783312084697,0,,False
754,b2-fabric-b1-c4-r2-retry1,b2-fabric-b1-c4-r2-retry1-task-0074,fabric_vote_1,True,,2332,1783312084695,0,,False
755,b2-fabric-b1-c4-r2-retry1,b2-fabric-b1-c4-r2-retry1-task-0075,fabric_vote_2,True,,2474,1783312087022,0,,False
756,b2-fabric-b1-c4-r2-retry1,b2-fabric-b1-c4-r2-retry1-task-0072,fabric_vote_2,True,,2472,1783312087025,0,,False
757,b2-fabric-b1-c4-r2-retry1,b2-fabric-b1-c4-r2-retry1-task-0074,fabric_vote_2,True,,2470,1783312087027,0,,False
758,b2-fabric-b1-c4-r2-retry1,b2-fabric-b1-c4-r2-retry1-task-0073,fabric_vote_2,True,,2474,1783312087024,0,,False
759,b2-fabric-b1-c4-r2-retry1,b2-fabric-b1-c4-r2-retry1-task-0075,fabric_settlement,True,,2327,1783312089496,0,,False
760,b2-fabric-b1-c4-r2-retry1,b2-fabric-b1-c4-r2-retry1-task-0072,fabric_settlement,True,,2327,1783312089497,0,,False
761,b2-fabric-b1-c4-r2-retry1,b2-fabric-b1-c4-r2-retry1-task-0074,fabric_settlement,True,,2327,1783312089497,0,,False
762,b2-fabric-b1-c4-r2-retry1,b2-fabric-b1-c4-r2-retry1-task-0073,fabric_settlement,True,,2327,1783312089498,0,,False
763,b2-fabric-b1-c4-r2-retry1,b2-fabric-b1-c4-r2-retry1-task-0072,fabric_query_final,True,,614,1783312091824,0,,False
764,b2-fabric-b1-c4-r2-retry1,b2-fabric-b1-c4-r2-retry1-task-0075,fabric_query_final,True,,616,1783312091823,0,,False
765,b2-fabric-b1-c4-r2-retry1,b2-fabric-b1-c4-r2-retry1-task-0074,fabric_query_final,True,,616,1783312091824,0,,False
766,b2-fabric-b1-c4-r2-retry1,b2-fabric-b1-c4-r2-retry1-task-0073,fabric_query_final,True,,618,1783312091825,0,,False
767,b2-fabric-b1-c4-r2-retry1,b2-fabric-b1-c4-r2-retry1-task-0072,ipfs_verify,True,,8,1783312092438,0,QmWanySVkpZ7TybV7YuqtM2nn19ezsxpA246bdcmU47t6X,False
768,b2-fabric-b1-c4-r2-retry1,b2-fabric-b1-c4-r2-retry1-task-0075,ipfs_verify,True,,8,1783312092439,0,QmXvAwLQ7v7nnXbkJPjkYdM3tUdkRw8oF5f6iTNZRPVgzN,False
769,b2-fabric-b1-c4-r2-retry1,b2-fabric-b1-c4-r2-retry1-task-0074,ipfs_verify,True,,7,1783312092440,0,QmaeTJAzWRKvsT172vo8HGvAfgV8ipwLvzV1ZMQApxE1QS,False
770,b2-fabric-b1-c4-r2-retry1,b2-fabric-b1-c4-r2-retry1-task-0073,ipfs_verify,True,,7,1783312092443,0,QmUNq5xrs3K1vmXdkKido3g2XmRhi95o132iauehfL4aYG,False
771,b2-fabric-b1-c4-r2-retry1,b2-fabric-b1-c4-r2-retry1-task-0077,ipfs_add,True,,116,1783312092447,1774,,False
772,b2-fabric-b1-c4-r2-retry1,b2-fabric-b1-c4-r2-retry1-task-0076,ipfs_add,True,,132,1783312092447,4961,,False
773,b2-fabric-b1-c4-r2-retry1,b2-fabric-b1-c4-r2-retry1-task-0079,ipfs_add,True,,630,1783312092450,2910,,False
774,b2-fabric-b1-c4-r2-retry1,b2-fabric-b1-c4-r2-retry1-task-0078,ipfs_add,True,,633,1783312092448,4011,,False
775,b2-fabric-b1-c4-r2-retry1,b2-fabric-b1-c4-r2-retry1-task-0079,fabric_post_task,True,,2553,1783312093080,2910,QmUANPhfiGoG4ujKLWNNL1cTTFTCULjPxcP9sn7jNfzJhL,False
776,b2-fabric-b1-c4-r2-retry1,b2-fabric-b1-c4-r2-retry1-task-0078,fabric_post_task,True,,2552,1783312093081,4011,QmQMb15VfwTvEopgdonkaUmtV5EoYEVHk6p3eKpDmm7VQJ,False
777,b2-fabric-b1-c4-r2-retry1,b2-fabric-b1-c4-r2-retry1-task-0077,fabric_post_task,True,,3071,1783312092563,1774,QmYN6ceiUFJghNBVdUfs4AgqbBx4pasRLDxDdrHuAvaYYe,False
778,b2-fabric-b1-c4-r2-retry1,b2-fabric-b1-c4-r2-retry1-task-0076,fabric_post_task,True,,3057,1783312092579,4961,QmPYBXNwCTh5Jewpe24hUv1bBvhKKyvE3uxvUw3jvcJV2S,False
779,b2-fabric-b1-c4-r2-retry1,b2-fabric-b1-c4-r2-retry1-task-0076,fabric_post_allocation,True,,2512,1783312095636,0,,False
780,b2-fabric-b1-c4-r2-retry1,b2-fabric-b1-c4-r2-retry1-task-0078,fabric_post_allocation,True,,2516,1783312095633,0,,False
781,b2-fabric-b1-c4-r2-retry1,b2-fabric-b1-c4-r2-retry1-task-0077,fabric_post_allocation,True,,2515,1783312095634,0,,False
782,b2-fabric-b1-c4-r2-retry1,b2-fabric-b1-c4-r2-retry1-task-0079,fabric_post_allocation,True,,2517,1783312095633,0,,False
783,b2-fabric-b1-c4-r2-retry1,b2-fabric-b1-c4-r2-retry1-task-0078,fabric_post_snapshot,True,,2258,1783312098149,0,,False
784,b2-fabric-b1-c4-r2-retry1,b2-fabric-b1-c4-r2-retry1-task-0076,fabric_post_snapshot,True,,2259,1783312098148,0,,False
785,b2-fabric-b1-c4-r2-retry1,b2-fabric-b1-c4-r2-retry1-task-0079,fabric_post_snapshot,True,,2258,1783312098150,0,,False
786,b2-fabric-b1-c4-r2-retry1,b2-fabric-b1-c4-r2-retry1-task-0077,fabric_post_snapshot,True,,2259,1783312098149,0,,False
787,b2-fabric-b1-c4-r2-retry1,b2-fabric-b1-c4-r2-retry1-task-0076,fabric_query_confirmation,True,,121,1783312100407,0,,False
788,b2-fabric-b1-c4-r2-retry1,b2-fabric-b1-c4-r2-retry1-task-0077,fabric_query_confirmation,True,,121,1783312100408,0,,False
789,b2-fabric-b1-c4-r2-retry1,b2-fabric-b1-c4-r2-retry1-task-0078,fabric_query_confirmation,True,,123,1783312100407,0,,False
790,b2-fabric-b1-c4-r2-retry1,b2-fabric-b1-c4-r2-retry1-task-0079,fabric_query_confirmation,True,,122,1783312100408,0,,False
791,b2-fabric-b1-c4-r2-retry1,b2-fabric-b1-c4-r2-retry1-task-0078,fabric_vote_1,True,,2267,1783312100530,0,,False
792,b2-fabric-b1-c4-r2-retry1,b2-fabric-b1-c4-r2-retry1-task-0077,fabric_vote_1,True,,2268,1783312100529,0,,False
793,b2-fabric-b1-c4-r2-retry1,b2-fabric-b1-c4-r2-retry1-task-0076,fabric_vote_1,True,,2271,1783312100528,0,,False
794,b2-fabric-b1-c4-r2-retry1,b2-fabric-b1-c4-r2-retry1-task-0079,fabric_vote_1,True,,2271,1783312100530,0,,False
795,b2-fabric-b1-c4-r2-retry1,b2-fabric-b1-c4-r2-retry1-task-0079,fabric_vote_2,True,,2479,1783312102801,0,,False
796,b2-fabric-b1-c4-r2-retry1,b2-fabric-b1-c4-r2-retry1-task-0078,fabric_vote_2,True,,2484,1783312102797,0,,False
797,b2-fabric-b1-c4-r2-retry1,b2-fabric-b1-c4-r2-retry1-task-0077,fabric_vote_2,True,,2485,1783312102797,0,,False
798,b2-fabric-b1-c4-r2-retry1,b2-fabric-b1-c4-r2-retry1-task-0076,fabric_vote_2,True,,2486,1783312102799,0,,False
799,b2-fabric-b1-c4-r2-retry1,b2-fabric-b1-c4-r2-retry1-task-0077,fabric_settlement,True,,2521,1783312105282,0,,False
800,b2-fabric-b1-c4-r2-retry1,b2-fabric-b1-c4-r2-retry1-task-0076,fabric_settlement,True,,2519,1783312105285,0,,False
801,b2-fabric-b1-c4-r2-retry1,b2-fabric-b1-c4-r2-retry1-task-0078,fabric_settlement,True,,2524,1783312105281,0,,False
802,b2-fabric-b1-c4-r2-retry1,b2-fabric-b1-c4-r2-retry1-task-0079,fabric_settlement,True,,2526,1783312105280,0,,False
803,b2-fabric-b1-c4-r2-retry1,b2-fabric-b1-c4-r2-retry1-task-0079,fabric_query_final,True,,339,1783312107806,0,,False
804,b2-fabric-b1-c4-r2-retry1,b2-fabric-b1-c4-r2-retry1-task-0077,fabric_query_final,True,,343,1783312107803,0,,False
805,b2-fabric-b1-c4-r2-retry1,b2-fabric-b1-c4-r2-retry1-task-0076,fabric_query_final,True,,342,1783312107804,0,,False
806,b2-fabric-b1-c4-r2-retry1,b2-fabric-b1-c4-r2-retry1-task-0078,fabric_query_final,True,,346,1783312107805,0,,False
807,b2-fabric-b1-c4-r2-retry1,b2-fabric-b1-c4-r2-retry1-task-0079,ipfs_verify,True,,8,1783312108145,0,QmUANPhfiGoG4ujKLWNNL1cTTFTCULjPxcP9sn7jNfzJhL,False
808,b2-fabric-b1-c4-r2-retry1,b2-fabric-b1-c4-r2-retry1-task-0077,ipfs_verify,True,,8,1783312108146,0,QmYN6ceiUFJghNBVdUfs4AgqbBx4pasRLDxDdrHuAvaYYe,False
809,b2-fabric-b1-c4-r2-retry1,b2-fabric-b1-c4-r2-retry1-task-0076,ipfs_verify,True,,8,1783312108146,0,QmPYBXNwCTh5Jewpe24hUv1bBvhKKyvE3uxvUw3jvcJV2S,False
810,b2-fabric-b1-c4-r2-retry1,b2-fabric-b1-c4-r2-retry1-task-0078,ipfs_verify,True,,6,1783312108151,0,QmQMb15VfwTvEopgdonkaUmtV5EoYEVHk6p3eKpDmm7VQJ,False
811,b2-fabric-b1-c4-r2-retry1,b2-fabric-b1-c4-r2-retry1-task-0080,ipfs_add,True,,30,1783312108153,2007,,False
812,b2-fabric-b1-c4-r2-retry1,b2-fabric-b1-c4-r2-retry1-task-0081,ipfs_add,True,,45,1783312108155,9224,,False
813,b2-fabric-b1-c4-r2-retry1,b2-fabric-b1-c4-r2-retry1-task-0082,ipfs_add,True,,61,1783312108154,9851,,False
814,b2-fabric-b1-c4-r2-retry1,b2-fabric-b1-c4-r2-retry1-task-0083,ipfs_add,True,,72,1783312108158,4402,,False
815,b2-fabric-b1-c4-r2-retry1,b2-fabric-b1-c4-r2-retry1-task-0083,fabric_post_task,True,,1792,1783312108230,4402,QmPd7FL1akHQY92fmAnCsPGgoQXB5msWnC72Pa4Ym8A7LB,False
816,b2-fabric-b1-c4-r2-retry1,b2-fabric-b1-c4-r2-retry1-task-0082,fabric_post_task,True,,1808,1783312108215,9851,QmV9rgZvcZKU4rPzj6kpzY1dYdbWXgNxb8v7XJGh6yCSZk,False
817,b2-fabric-b1-c4-r2-retry1,b2-fabric-b1-c4-r2-retry1-task-0081,fabric_post_task,True,,1826,1783312108200,9224,QmQhzdo79vLus2WbHD1UviAJSuaG18vFF57Yt3d5cS2s7M,False
818,b2-fabric-b1-c4-r2-retry1,b2-fabric-b1-c4-r2-retry1-task-0080,fabric_post_task,True,,1844,1783312108183,2007,QmSoqaKbY1pzamSrK5gatTauBKmwAqCw92JyzZxyPFt8FW,False
819,b2-fabric-b1-c4-r2-retry1,b2-fabric-b1-c4-r2-retry1-task-0080,fabric_post_allocation,True,,2294,1783312110027,0,,False
820,b2-fabric-b1-c4-r2-retry1,b2-fabric-b1-c4-r2-retry1-task-0083,fabric_post_allocation,True,,2299,1783312110022,0,,False
821,b2-fabric-b1-c4-r2-retry1,b2-fabric-b1-c4-r2-retry1-task-0082,fabric_post_allocation,True,,2299,1783312110023,0,,False
822,b2-fabric-b1-c4-r2-retry1,b2-fabric-b1-c4-r2-retry1-task-0081,fabric_post_allocation,True,,2298,1783312110026,0,,False
823,b2-fabric-b1-c4-r2-retry1,b2-fabric-b1-c4-r2-retry1-task-0082,fabric_post_snapshot,True,,2255,1783312112322,0,,False
824,b2-fabric-b1-c4-r2-retry1,b2-fabric-b1-c4-r2-retry1-task-0081,fabric_post_snapshot,True,,2254,1783312112324,0,,False
825,b2-fabric-b1-c4-r2-retry1,b2-fabric-b1-c4-r2-retry1-task-0083,fabric_post_snapshot,True,,2257,1783312112321,0,,False
826,b2-fabric-b1-c4-r2-retry1,b2-fabric-b1-c4-r2-retry1-task-0080,fabric_post_snapshot,True,,2258,1783312112321,0,,False
827,b2-fabric-b1-c4-r2-retry1,b2-fabric-b1-c4-r2-retry1-task-0083,fabric_query_confirmation,True,,125,1783312114578,0,,False
828,b2-fabric-b1-c4-r2-retry1,b2-fabric-b1-c4-r2-retry1-task-0081,fabric_query_confirmation,True,,125,1783312114578,0,,False
829,b2-fabric-b1-c4-r2-retry1,b2-fabric-b1-c4-r2-retry1-task-0082,fabric_query_confirmation,True,,127,1783312114577,0,,False
830,b2-fabric-b1-c4-r2-retry1,b2-fabric-b1-c4-r2-retry1-task-0080,fabric_query_confirmation,True,,126,1783312114579,0,,False
831,b2-fabric-b1-c4-r2-retry1,b2-fabric-b1-c4-r2-retry1-task-0083,fabric_vote_1,True,,2490,1783312114703,0,,False
832,b2-fabric-b1-c4-r2-retry1,b2-fabric-b1-c4-r2-retry1-task-0081,fabric_vote_1,True,,2491,1783312114703,0,,False
833,b2-fabric-b1-c4-r2-retry1,b2-fabric-b1-c4-r2-retry1-task-0080,fabric_vote_1,True,,2490,1783312114705,0,,False
834,b2-fabric-b1-c4-r2-retry1,b2-fabric-b1-c4-r2-retry1-task-0082,fabric_vote_1,True,,2492,1783312114704,0,,False
835,b2-fabric-b1-c4-r2-retry1,b2-fabric-b1-c4-r2-retry1-task-0082,fabric_vote_2,True,,2282,1783312117196,0,,False
836,b2-fabric-b1-c4-r2-retry1,b2-fabric-b1-c4-r2-retry1-task-0083,fabric_vote_2,True,,2286,1783312117193,0,,False
837,b2-fabric-b1-c4-r2-retry1,b2-fabric-b1-c4-r2-retry1-task-0081,fabric_vote_2,True,,2286,1783312117194,0,,False
838,b2-fabric-b1-c4-r2-retry1,b2-fabric-b1-c4-r2-retry1-task-0080,fabric_vote_2,True,,2290,1783312117195,0,,False
839,b2-fabric-b1-c4-r2-retry1,b2-fabric-b1-c4-r2-retry1-task-0081,fabric_settlement,True,,2345,1783312119480,0,,False
840,b2-fabric-b1-c4-r2-retry1,b2-fabric-b1-c4-r2-retry1-task-0080,fabric_settlement,True,,2341,1783312119485,0,,False
841,b2-fabric-b1-c4-r2-retry1,b2-fabric-b1-c4-r2-retry1-task-0083,fabric_settlement,True,,2347,1783312119479,0,,False
842,b2-fabric-b1-c4-r2-retry1,b2-fabric-b1-c4-r2-retry1-task-0082,fabric_settlement,True,,2350,1783312119478,0,,False
843,b2-fabric-b1-c4-r2-retry1,b2-fabric-b1-c4-r2-retry1-task-0083,fabric_query_final,True,,381,1783312121826,0,,False
844,b2-fabric-b1-c4-r2-retry1,b2-fabric-b1-c4-r2-retry1-task-0080,fabric_query_final,True,,382,1783312121826,0,,False
845,b2-fabric-b1-c4-r2-retry1,b2-fabric-b1-c4-r2-retry1-task-0081,fabric_query_final,True,,384,1783312121825,0,,False
846,b2-fabric-b1-c4-r2-retry1,b2-fabric-b1-c4-r2-retry1-task-0080,ipfs_verify,True,,8,1783312122208,0,QmSoqaKbY1pzamSrK5gatTauBKmwAqCw92JyzZxyPFt8FW,False
847,b2-fabric-b1-c4-r2-retry1,b2-fabric-b1-c4-r2-retry1-task-0081,ipfs_verify,True,,7,1783312122209,0,QmQhzdo79vLus2WbHD1UviAJSuaG18vFF57Yt3d5cS2s7M,False
848,b2-fabric-b1-c4-r2-retry1,b2-fabric-b1-c4-r2-retry1-task-0083,ipfs_verify,True,,10,1783312122207,0,QmPd7FL1akHQY92fmAnCsPGgoQXB5msWnC72Pa4Ym8A7LB,False
849,b2-fabric-b1-c4-r2-retry1,b2-fabric-b1-c4-r2-retry1-task-0084,ipfs_add,True,,29,1783312122216,6840,,False
850,b2-fabric-b1-c4-r2-retry1,b2-fabric-b1-c4-r2-retry1-task-0086,ipfs_add,True,,47,1783312122217,5003,,False
851,b2-fabric-b1-c4-r2-retry1,b2-fabric-b1-c4-r2-retry1-task-0085,ipfs_add,True,,81,1783312122216,5393,,False
852,b2-fabric-b1-c4-r2-retry1,b2-fabric-b1-c4-r2-retry1-task-0082,fabric_query_final,True,,533,1783312121828,0,,False
853,b2-fabric-b1-c4-r2-retry1,b2-fabric-b1-c4-r2-retry1-task-0082,ipfs_verify,True,,9,1783312122361,0,QmV9rgZvcZKU4rPzj6kpzY1dYdbWXgNxb8v7XJGh6yCSZk,False
854,b2-fabric-b1-c4-r2-retry1,b2-fabric-b1-c4-r2-retry1-task-0087,ipfs_add,True,,522,1783312122370,2524,,False
855,b2-fabric-b1-c4-r2-retry1,b2-fabric-b1-c4-r2-retry1-task-0085,fabric_post_task,True,,2703,1783312122297,5393,QmeUxU9Y8M556RrfUeDKwffgmyBADm96MQkeiAE978JMp4,False
856,b2-fabric-b1-c4-r2-retry1,b2-fabric-b1-c4-r2-retry1-task-0086,fabric_post_task,True,,2739,1783312122264,5003,QmUfeTTtpRKHWHGYM8kZeEDzEeTVbVYPN8syBVGcicKp1E,False
857,b2-fabric-b1-c4-r2-retry1,b2-fabric-b1-c4-r2-retry1-task-0084,fabric_post_task,True,,2759,1783312122245,6840,QmfAG7xP2UTe2HqMXVRZaRh4cF3StaCZniJqRpRTYFaeDM,False
858,b2-fabric-b1-c4-r2-retry1,b2-fabric-b1-c4-r2-retry1-task-0087,fabric_post_task,True,,2113,1783312122892,2524,QmaCUtHjnRyELCqbtZ1neE9rfnPpeXAWptbrgpbTV3gGcj,False
859,b2-fabric-b1-c4-r2-retry1,b2-fabric-b1-c4-r2-retry1-task-0084,fabric_post_allocation,True,,2327,1783312125004,0,,False
860,b2-fabric-b1-c4-r2-retry1,b2-fabric-b1-c4-r2-retry1-task-0087,fabric_post_allocation,True,,2327,1783312125005,0,,False
861,b2-fabric-b1-c4-r2-retry1,b2-fabric-b1-c4-r2-retry1-task-0085,fabric_post_allocation,True,,2333,1783312125000,0,,False
862,b2-fabric-b1-c4-r2-retry1,b2-fabric-b1-c4-r2-retry1-task-0086,fabric_post_allocation,True,,2335,1783312125003,0,,False
863,b2-fabric-b1-c4-r2-retry1,b2-fabric-b1-c4-r2-retry1-task-0085,fabric_post_snapshot,True,,2263,1783312127333,0,,False
864,b2-fabric-b1-c4-r2-retry1,b2-fabric-b1-c4-r2-retry1-task-0086,fabric_post_snapshot,True,,2258,1783312127338,0,,False
865,b2-fabric-b1-c4-r2-retry1,b2-fabric-b1-c4-r2-retry1-task-0084,fabric_post_snapshot,True,,2267,1783312127331,0,,False
866,b2-fabric-b1-c4-r2-retry1,b2-fabric-b1-c4-r2-retry1-task-0087,fabric_post_snapshot,True,,2269,1783312127332,0,,False
867,b2-fabric-b1-c4-r2-retry1,b2-fabric-b1-c4-r2-retry1-task-0085,fabric_query_confirmation,True,,123,1783312129596,0,,False
868,b2-fabric-b1-c4-r2-retry1,b2-fabric-b1-c4-r2-retry1-task-0087,fabric_query_confirmation,True,,118,1783312129601,0,,False
869,b2-fabric-b1-c4-r2-retry1,b2-fabric-b1-c4-r2-retry1-task-0084,fabric_query_confirmation,True,,122,1783312129598,0,,False
870,b2-fabric-b1-c4-r2-retry1,b2-fabric-b1-c4-r2-retry1-task-0086,fabric_query_confirmation,True,,125,1783312129596,0,,False
871,b2-fabric-b1-c4-r2-retry1,b2-fabric-b1-c4-r2-retry1-task-0087,fabric_vote_1,True,,2259,1783312129719,0,,False
872,b2-fabric-b1-c4-r2-retry1,b2-fabric-b1-c4-r2-retry1-task-0084,fabric_vote_1,True,,2258,1783312129720,0,,False
873,b2-fabric-b1-c4-r2-retry1,b2-fabric-b1-c4-r2-retry1-task-0086,fabric_vote_1,True,,2258,1783312129721,0,,False
874,b2-fabric-b1-c4-r2-retry1,b2-fabric-b1-c4-r2-retry1-task-0085,fabric_vote_1,True,,2263,1783312129719,0,,False
875,b2-fabric-b1-c4-r2-retry1,b2-fabric-b1-c4-r2-retry1-task-0087,fabric_vote_2,True,,2553,1783312131978,0,,False
876,b2-fabric-b1-c4-r2-retry1,b2-fabric-b1-c4-r2-retry1-task-0084,fabric_vote_2,True,,2555,1783312131978,0,,False
877,b2-fabric-b1-c4-r2-retry1,b2-fabric-b1-c4-r2-retry1-task-0085,fabric_vote_2,True,,2551,1783312131982,0,,False
878,b2-fabric-b1-c4-r2-retry1,b2-fabric-b1-c4-r2-retry1-task-0086,fabric_vote_2,True,,2556,1783312131979,0,,False
879,b2-fabric-b1-c4-r2-retry1,b2-fabric-b1-c4-r2-retry1-task-0087,fabric_settlement,True,,2574,1783312134531,0,,False
880,b2-fabric-b1-c4-r2-retry1,b2-fabric-b1-c4-r2-retry1-task-0084,fabric_settlement,True,,2574,1783312134533,0,,False
881,b2-fabric-b1-c4-r2-retry1,b2-fabric-b1-c4-r2-retry1-task-0086,fabric_settlement,True,,2573,1783312134535,0,,False
882,b2-fabric-b1-c4-r2-retry1,b2-fabric-b1-c4-r2-retry1-task-0085,fabric_settlement,True,,2575,1783312134533,0,,False
883,b2-fabric-b1-c4-r2-retry1,b2-fabric-b1-c4-r2-retry1-task-0086,fabric_query_final,True,,351,1783312137108,0,,False
884,b2-fabric-b1-c4-r2-retry1,b2-fabric-b1-c4-r2-retry1-task-0085,fabric_query_final,True,,351,1783312137108,0,,False
885,b2-fabric-b1-c4-r2-retry1,b2-fabric-b1-c4-r2-retry1-task-0084,fabric_query_final,True,,353,1783312137107,0,,False
886,b2-fabric-b1-c4-r2-retry1,b2-fabric-b1-c4-r2-retry1-task-0086,ipfs_verify,True,,8,1783312137459,0,QmUfeTTtpRKHWHGYM8kZeEDzEeTVbVYPN8syBVGcicKp1E,False
887,b2-fabric-b1-c4-r2-retry1,b2-fabric-b1-c4-r2-retry1-task-0087,fabric_query_final,True,,362,1783312137105,0,,False
888,b2-fabric-b1-c4-r2-retry1,b2-fabric-b1-c4-r2-retry1-task-0085,ipfs_verify,True,,9,1783312137459,0,QmeUxU9Y8M556RrfUeDKwffgmyBADm96MQkeiAE978JMp4,False
889,b2-fabric-b1-c4-r2-retry1,b2-fabric-b1-c4-r2-retry1-task-0084,ipfs_verify,True,,8,1783312137460,0,QmfAG7xP2UTe2HqMXVRZaRh4cF3StaCZniJqRpRTYFaeDM,False
890,b2-fabric-b1-c4-r2-retry1,b2-fabric-b1-c4-r2-retry1-task-0087,ipfs_verify,True,,8,1783312137467,0,QmaCUtHjnRyELCqbtZ1neE9rfnPpeXAWptbrgpbTV3gGcj,False
891,b2-fabric-b1-c4-r2-retry1,b2-fabric-b1-c4-r2-retry1-task-0088,ipfs_add,True,,34,1783312137467,6313,,False
892,b2-fabric-b1-c4-r2-retry1,b2-fabric-b1-c4-r2-retry1-task-0089,ipfs_add,True,,50,1783312137468,7941,,False
893,b2-fabric-b1-c4-r2-retry1,b2-fabric-b1-c4-r2-retry1-task-0090,ipfs_add,True,,67,1783312137468,6914,,False
894,b2-fabric-b1-c4-r2-retry1,b2-fabric-b1-c4-r2-retry1-task-0091,ipfs_add,True,,78,1783312137475,1951,,False
895,b2-fabric-b1-c4-r2-retry1,b2-fabric-b1-c4-r2-retry1-task-0091,fabric_post_task,True,,1733,1783312137553,1951,QmYv9mxEgFLjPUKuWCa4UJ2mudHV34x9WAJXvNME9guXYs,False
896,b2-fabric-b1-c4-r2-retry1,b2-fabric-b1-c4-r2-retry1-task-0089,fabric_post_task,True,,1769,1783312137518,7941,QmVftiZx5cF23Q6fEY7jKzUu6HRmm42Q1XtHogR3LDyhCd,False
897,b2-fabric-b1-c4-r2-retry1,b2-fabric-b1-c4-r2-retry1-task-0090,fabric_post_task,True,,1752,1783312137535,6914,QmUFJ4iN46ZdBAqPuKeTPTjzJskJ6t9opLUxf3WHdGBRsp,False
898,b2-fabric-b1-c4-r2-retry1,b2-fabric-b1-c4-r2-retry1-task-0088,fabric_post_task,True,,1789,1783312137501,6313,QmUQTJ8LNhjew8dD5w4F6KUYvuRCsc5Joz6Pxfc2Ykcf3n,False
899,b2-fabric-b1-c4-r2-retry1,b2-fabric-b1-c4-r2-retry1-task-0090,fabric_post_allocation,True,,2504,1783312139287,0,,False
900,b2-fabric-b1-c4-r2-retry1,b2-fabric-b1-c4-r2-retry1-task-0088,fabric_post_allocation,True,,2502,1783312139290,0,,False
901,b2-fabric-b1-c4-r2-retry1,b2-fabric-b1-c4-r2-retry1-task-0091,fabric_post_allocation,True,,2508,1783312139286,0,,False
902,b2-fabric-b1-c4-r2-retry1,b2-fabric-b1-c4-r2-retry1-task-0089,fabric_post_allocation,True,,2507,1783312139287,0,,False
903,b2-fabric-b1-c4-r2-retry1,b2-fabric-b1-c4-r2-retry1-task-0089,fabric_post_snapshot,True,,2251,1783312141794,0,,False
904,b2-fabric-b1-c4-r2-retry1,b2-fabric-b1-c4-r2-retry1-task-0090,fabric_post_snapshot,True,,2255,1783312141791,0,,False
905,b2-fabric-b1-c4-r2-retry1,b2-fabric-b1-c4-r2-retry1-task-0088,fabric_post_snapshot,True,,2254,1783312141792,0,,False
906,b2-fabric-b1-c4-r2-retry1,b2-fabric-b1-c4-r2-retry1-task-0091,fabric_post_snapshot,True,,2255,1783312141794,0,,False
907,b2-fabric-b1-c4-r2-retry1,b2-fabric-b1-c4-r2-retry1-task-0090,fabric_query_confirmation,True,,356,1783312144046,0,,False
908,b2-fabric-b1-c4-r2-retry1,b2-fabric-b1-c4-r2-retry1-task-0088,fabric_query_confirmation,True,,357,1783312144046,0,,False
909,b2-fabric-b1-c4-r2-retry1,b2-fabric-b1-c4-r2-retry1-task-0091,fabric_query_confirmation,True,,355,1783312144049,0,,False
910,b2-fabric-b1-c4-r2-retry1,b2-fabric-b1-c4-r2-retry1-task-0089,fabric_query_confirmation,True,,359,1783312144045,0,,False
911,b2-fabric-b1-c4-r2-retry1,b2-fabric-b1-c4-r2-retry1-task-0089,fabric_vote_1,True,,2280,1783312144404,0,,False
912,b2-fabric-b1-c4-r2-retry1,b2-fabric-b1-c4-r2-retry1-task-0088,fabric_vote_1,True,,2282,1783312144403,0,,False
913,b2-fabric-b1-c4-r2-retry1,b2-fabric-b1-c4-r2-retry1-task-0091,fabric_vote_1,True,,2283,1783312144404,0,,False
914,b2-fabric-b1-c4-r2-retry1,b2-fabric-b1-c4-r2-retry1-task-0090,fabric_vote_1,True,,2287,1783312144402,0,,False
915,b2-fabric-b1-c4-r2-retry1,b2-fabric-b1-c4-r2-retry1-task-0088,fabric_vote_2,True,,2479,1783312146685,0,,False
916,b2-fabric-b1-c4-r2-retry1,b2-fabric-b1-c4-r2-retry1-task-0090,fabric_vote_2,True,,2475,1783312146689,0,,False
917,b2-fabric-b1-c4-r2-retry1,b2-fabric-b1-c4-r2-retry1-task-0089,fabric_vote_2,True,,2481,1783312146684,0,,False
918,b2-fabric-b1-c4-r2-retry1,b2-fabric-b1-c4-r2-retry1-task-0091,fabric_vote_2,True,,2479,1783312146687,0,,False
919,b2-fabric-b1-c4-r2-retry1,b2-fabric-b1-c4-r2-retry1-task-0091,fabric_settlement,True,,2309,1783312149166,0,,False
920,b2-fabric-b1-c4-r2-retry1,b2-fabric-b1-c4-r2-retry1-task-0088,fabric_settlement,True,,2314,1783312149164,0,,False
921,b2-fabric-b1-c4-r2-retry1,b2-fabric-b1-c4-r2-retry1-task-0089,fabric_settlement,True,,2314,1783312149165,0,,False
922,b2-fabric-b1-c4-r2-retry1,b2-fabric-b1-c4-r2-retry1-task-0090,fabric_settlement,True,,2316,1783312149164,0,,False
923,b2-fabric-b1-c4-r2-retry1,b2-fabric-b1-c4-r2-retry1-task-0089,fabric_query_final,True,,524,1783312151479,0,,False
924,b2-fabric-b1-c4-r2-retry1,b2-fabric-b1-c4-r2-retry1-task-0091,fabric_query_final,True,,532,1783312151475,0,,False
925,b2-fabric-b1-c4-r2-retry1,b2-fabric-b1-c4-r2-retry1-task-0088,fabric_query_final,True,,535,1783312151478,0,,False
926,b2-fabric-b1-c4-r2-retry1,b2-fabric-b1-c4-r2-retry1-task-0089,ipfs_verify,True,,11,1783312152003,0,QmVftiZx5cF23Q6fEY7jKzUu6HRmm42Q1XtHogR3LDyhCd,False
927,b2-fabric-b1-c4-r2-retry1,b2-fabric-b1-c4-r2-retry1-task-0091,ipfs_verify,True,,10,1783312152007,0,QmYv9mxEgFLjPUKuWCa4UJ2mudHV34x9WAJXvNME9guXYs,False
928,b2-fabric-b1-c4-r2-retry1,b2-fabric-b1-c4-r2-retry1-task-0088,ipfs_verify,True,,11,1783312152013,0,QmUQTJ8LNhjew8dD5w4F6KUYvuRCsc5Joz6Pxfc2Ykcf3n,False
929,b2-fabric-b1-c4-r2-retry1,b2-fabric-b1-c4-r2-retry1-task-0092,ipfs_add,True,,114,1783312152014,1493,,False
930,b2-fabric-b1-c4-r2-retry1,b2-fabric-b1-c4-r2-retry1-task-0093,ipfs_add,True,,131,1783312152017,2270,,False
931,b2-fabric-b1-c4-r2-retry1,b2-fabric-b1-c4-r2-retry1-task-0094,ipfs_add,True,,151,1783312152024,1639,,False
932,b2-fabric-b1-c4-r2-retry1,b2-fabric-b1-c4-r2-retry1-task-0090,fabric_query_final,True,,1213,1783312151480,0,,False
933,b2-fabric-b1-c4-r2-retry1,b2-fabric-b1-c4-r2-retry1-task-0090,ipfs_verify,True,,10,1783312152693,0,QmUFJ4iN46ZdBAqPuKeTPTjzJskJ6t9opLUxf3WHdGBRsp,False
934,b2-fabric-b1-c4-r2-retry1,b2-fabric-b1-c4-r2-retry1-task-0095,ipfs_add,True,,36,1783312152703,1666,,False
935,b2-fabric-b1-c4-r2-retry1,b2-fabric-b1-c4-r2-retry1-task-0094,fabric_post_task,True,,2818,1783312152175,1639,Qmcoy7jVpQZts4qfhnY3Dq68TwHxh42aM1HD89yiYyLqXr,False
936,b2-fabric-b1-c4-r2-retry1,b2-fabric-b1-c4-r2-retry1-task-0095,fabric_post_task,True,,2255,1783312152739,1666,QmdSd9pjj1twsznRx6uZJeXFdtGiEY3Nn6QmQrPgRMBbaZ,False
937,b2-fabric-b1-c4-r2-retry1,b2-fabric-b1-c4-r2-retry1-task-0092,fabric_post_task,True,,2867,1783312152128,1493,QmXnhuyu5tzEEDxeWhdNGMapRsWVTkNn4G5PkDzHAKVv9Y,False
938,b2-fabric-b1-c4-r2-retry1,b2-fabric-b1-c4-r2-retry1-task-0093,fabric_post_task,True,,2848,1783312152148,2270,QmPvFCcsxh1cDhtjZSsbtn5uF81JA3vawovaWSBsW1MLDC,False
939,b2-fabric-b1-c4-r2-retry1,b2-fabric-b1-c4-r2-retry1-task-0092,fabric_post_allocation,True,,2299,1783312154995,0,,False
940,b2-fabric-b1-c4-r2-retry1,b2-fabric-b1-c4-r2-retry1-task-0094,fabric_post_allocation,True,,2302,1783312154993,0,,False
941,b2-fabric-b1-c4-r2-retry1,b2-fabric-b1-c4-r2-retry1-task-0093,fabric_post_allocation,True,,2300,1783312154996,0,,False
942,b2-fabric-b1-c4-r2-retry1,b2-fabric-b1-c4-r2-retry1-task-0095,fabric_post_allocation,True,,2304,1783312154994,0,,False
943,b2-fabric-b1-c4-r2-retry1,b2-fabric-b1-c4-r2-retry1-task-0093,fabric_post_snapshot,True,,2476,1783312157296,0,,False
944,b2-fabric-b1-c4-r2-retry1,b2-fabric-b1-c4-r2-retry1-task-0092,fabric_post_snapshot,True,,2479,1783312157294,0,,False
945,b2-fabric-b1-c4-r2-retry1,b2-fabric-b1-c4-r2-retry1-task-0094,fabric_post_snapshot,True,,2478,1783312157295,0,,False
946,b2-fabric-b1-c4-r2-retry1,b2-fabric-b1-c4-r2-retry1-task-0095,fabric_post_snapshot,True,,2477,1783312157298,0,,False
947,b2-fabric-b1-c4-r2-retry1,b2-fabric-b1-c4-r2-retry1-task-0092,fabric_query_confirmation,True,,324,1783312159773,0,,False
948,b2-fabric-b1-c4-r2-retry1,b2-fabric-b1-c4-r2-retry1-task-0095,fabric_query_confirmation,True,,323,1783312159775,0,,False
949,b2-fabric-b1-c4-r2-retry1,b2-fabric-b1-c4-r2-retry1-task-0094,fabric_query_confirmation,True,,325,1783312159773,0,,False
950,b2-fabric-b1-c4-r2-retry1,b2-fabric-b1-c4-r2-retry1-task-0093,fabric_query_confirmation,True,,328,1783312159772,0,,False
951,b2-fabric-b1-c4-r2-retry1,b2-fabric-b1-c4-r2-retry1-task-0092,fabric_vote_1,True,,2472,1783312160097,0,,False
952,b2-fabric-b1-c4-r2-retry1,b2-fabric-b1-c4-r2-retry1-task-0095,fabric_vote_1,True,,2473,1783312160098,0,,False
953,b2-fabric-b1-c4-r2-retry1,b2-fabric-b1-c4-r2-retry1-task-0093,fabric_vote_1,True,,2472,1783312160100,0,,False
954,b2-fabric-b1-c4-r2-retry1,b2-fabric-b1-c4-r2-retry1-task-0094,fabric_vote_1,True,,2474,1783312160098,0,,False
955,b2-fabric-b1-c4-r2-retry1,b2-fabric-b1-c4-r2-retry1-task-0093,fabric_vote_2,True,,2258,1783312162572,0,,False
956,b2-fabric-b1-c4-r2-retry1,b2-fabric-b1-c4-r2-retry1-task-0094,fabric_vote_2,True,,2259,1783312162572,0,,False
957,b2-fabric-b1-c4-r2-retry1,b2-fabric-b1-c4-r2-retry1-task-0092,fabric_vote_2,True,,2262,1783312162569,0,,False
958,b2-fabric-b1-c4-r2-retry1,b2-fabric-b1-c4-r2-retry1-task-0095,fabric_vote_2,True,,2263,1783312162571,0,,False
959,b2-fabric-b1-c4-r2-retry1,b2-fabric-b1-c4-r2-retry1-task-0093,fabric_settlement,True,,2343,1783312164830,0,,False
960,b2-fabric-b1-c4-r2-retry1,b2-fabric-b1-c4-r2-retry1-task-0092,fabric_settlement,True,,2343,1783312164831,0,,False
961,b2-fabric-b1-c4-r2-retry1,b2-fabric-b1-c4-r2-retry1-task-0094,fabric_settlement,True,,2343,1783312164831,0,,False
962,b2-fabric-b1-c4-r2-retry1,b2-fabric-b1-c4-r2-retry1-task-0095,fabric_settlement,True,,2342,1783312164834,0,,False
963,b2-fabric-b1-c4-r2-retry1,b2-fabric-b1-c4-r2-retry1-task-0093,fabric_query_final,True,,984,1783312167173,0,,False
964,b2-fabric-b1-c4-r2-retry1,b2-fabric-b1-c4-r2-retry1-task-0095,fabric_query_final,True,,982,1783312167176,0,,False
965,b2-fabric-b1-c4-r2-retry1,b2-fabric-b1-c4-r2-retry1-task-0092,fabric_query_final,True,,985,1783312167174,0,,False
966,b2-fabric-b1-c4-r2-retry1,b2-fabric-b1-c4-r2-retry1-task-0094,fabric_query_final,True,,988,1783312167174,0,,False
967,b2-fabric-b1-c4-r2-retry1,b2-fabric-b1-c4-r2-retry1-task-0095,ipfs_verify,True,,8,1783312168158,0,QmdSd9pjj1twsznRx6uZJeXFdtGiEY3Nn6QmQrPgRMBbaZ,False
968,b2-fabric-b1-c4-r2-retry1,b2-fabric-b1-c4-r2-retry1-task-0092,ipfs_verify,True,,7,1783312168159,0,QmXnhuyu5tzEEDxeWhdNGMapRsWVTkNn4G5PkDzHAKVv9Y,False
969,b2-fabric-b1-c4-r2-retry1,b2-fabric-b1-c4-r2-retry1-task-0093,ipfs_verify,True,,10,1783312168157,0,QmPvFCcsxh1cDhtjZSsbtn5uF81JA3vawovaWSBsW1MLDC,False
970,b2-fabric-b1-c4-r2-retry1,b2-fabric-b1-c4-r2-retry1-task-0094,ipfs_verify,True,,7,1783312168162,0,Qmcoy7jVpQZts4qfhnY3Dq68TwHxh42aM1HD89yiYyLqXr,False
971,b2-fabric-b1-c4-r2-retry1,b2-fabric-b1-c4-r2-retry1-task-0097,ipfs_add,True,,-670,1783312168166,1649,,False
972,b2-fabric-b1-c4-r2-retry1,b2-fabric-b1-c4-r2-retry1-task-0096,ipfs_add,True,,-653,1783312168167,2843,,False
973,b2-fabric-b1-c4-r2-retry1,b2-fabric-b1-c4-r2-retry1-task-0099,ipfs_add,True,,-638,1783312168169,3207,,False
974,b2-fabric-b1-c4-r2-retry1,b2-fabric-b1-c4-r2-retry1-task-0098,ipfs_add,True,,-620,1783312168167,3590,,False
975,b2-fabric-b1-c4-r2-retry1,b2-fabric-b1-c4-r2-retry1-task-0098,fabric_post_task,True,,2403,1783312167547,3590,QmZoaRAf2gEWbEjnaUCHcSduuDsYzeHrLqzszhQ2ULKfVV,False
976,b2-fabric-b1-c4-r2-retry1,b2-fabric-b1-c4-r2-retry1-task-0096,fabric_post_task,True,,2436,1783312167514,2843,QmXpJ5kFWD2okXAFe7urToABtqXCCNvN8itRWAGfao9xTz,False
977,b2-fabric-b1-c4-r2-retry1,b2-fabric-b1-c4-r2-retry1-task-0099,fabric_post_task,True,,2420,1783312167531,3207,QmUeEY5ZMsLVq5hCKHXEbov76UeSbY3avaFYh4SXuXhhrw,False
978,b2-fabric-b1-c4-r2-retry1,b2-fabric-b1-c4-r2-retry1-task-0097,fabric_post_task,True,,2457,1783312167496,1649,QmNX4bEbwRABibt5cFrusp6rKpTF22Q825H2qa5P9Az1hz,False
979,b2-fabric-b1-c4-r2-retry1,b2-fabric-b1-c4-r2-retry1-task-0098,fabric_post_allocation,True,,2309,1783312169950,0,,False
980,b2-fabric-b1-c4-r2-retry1,b2-fabric-b1-c4-r2-retry1-task-0097,fabric_post_allocation,True,,2307,1783312169953,0,,False
981,b2-fabric-b1-c4-r2-retry1,b2-fabric-b1-c4-r2-retry1-task-0099,fabric_post_allocation,True,,2309,1783312169951,0,,False
982,b2-fabric-b1-c4-r2-retry1,b2-fabric-b1-c4-r2-retry1-task-0096,fabric_post_allocation,True,,2312,1783312169950,0,,False
983,b2-fabric-b1-c4-r2-retry1,b2-fabric-b1-c4-r2-retry1-task-0097,fabric_post_snapshot,True,,2268,1783312172260,0,,False
984,b2-fabric-b1-c4-r2-retry1,b2-fabric-b1-c4-r2-retry1-task-0099,fabric_post_snapshot,True,,2268,1783312172260,0,,False
985,b2-fabric-b1-c4-r2-retry1,b2-fabric-b1-c4-r2-retry1-task-0098,fabric_post_snapshot,True,,2270,1783312172259,0,,False
986,b2-fabric-b1-c4-r2-retry1,b2-fabric-b1-c4-r2-retry1-task-0096,fabric_post_snapshot,True,,2268,1783312172262,0,,False
987,b2-fabric-b1-c4-r2-retry1,b2-fabric-b1-c4-r2-retry1-task-0097,fabric_query_confirmation,True,,121,1783312174528,0,,False
988,b2-fabric-b1-c4-r2-retry1,b2-fabric-b1-c4-r2-retry1-task-0099,fabric_query_confirmation,True,,122,1783312174528,0,,False
989,b2-fabric-b1-c4-r2-retry1,b2-fabric-b1-c4-r2-retry1-task-0098,fabric_query_confirmation,True,,122,1783312174529,0,,False
990,b2-fabric-b1-c4-r2-retry1,b2-fabric-b1-c4-r2-retry1-task-0096,fabric_query_confirmation,True,,123,1783312174530,0,,False
991,b2-fabric-b1-c4-r2-retry1,b2-fabric-b1-c4-r2-retry1-task-0097,fabric_vote_1,True,,2527,1783312174649,0,,False
992,b2-fabric-b1-c4-r2-retry1,b2-fabric-b1-c4-r2-retry1-task-0099,fabric_vote_1,True,,2526,1783312174650,0,,False
993,b2-fabric-b1-c4-r2-retry1,b2-fabric-b1-c4-r2-retry1-task-0098,fabric_vote_1,True,,2526,1783312174651,0,,False
994,b2-fabric-b1-c4-r2-retry1,b2-fabric-b1-c4-r2-retry1-task-0096,fabric_vote_1,True,,2527,1783312174653,0,,False
995,b2-fabric-b1-c4-r2-retry1,b2-fabric-b1-c4-r2-retry1-task-0098,fabric_vote_2,True,,2475,1783312177177,0,,False
996,b2-fabric-b1-c4-r2-retry1,b2-fabric-b1-c4-r2-retry1-task-0097,fabric_vote_2,True,,2477,1783312177176,0,,False
997,b2-fabric-b1-c4-r2-retry1,b2-fabric-b1-c4-r2-retry1-task-0096,fabric_vote_2,True,,2474,1783312177180,0,,False
998,b2-fabric-b1-c4-r2-retry1,b2-fabric-b1-c4-r2-retry1-task-0099,fabric_vote_2,True,,2478,1783312177176,0,,False
999,b2-fabric-b1-c4-r2-retry1,b2-fabric-b1-c4-r2-retry1-task-0098,fabric_settlement,True,,2818,1783312179652,0,,False
1000,b2-fabric-b1-c4-r2-retry1,b2-fabric-b1-c4-r2-retry1-task-0096,fabric_settlement,True,,2816,1783312179654,0,,False
1001,b2-fabric-b1-c4-r2-retry1,b2-fabric-b1-c4-r2-retry1-task-0097,fabric_settlement,True,,2818,1783312179653,0,,False
1002,b2-fabric-b1-c4-r2-retry1,b2-fabric-b1-c4-r2-retry1-task-0099,fabric_settlement,True,,2820,1783312179654,0,,False
1003,b2-fabric-b1-c4-r2-retry1,b2-fabric-b1-c4-r2-retry1-task-0097,fabric_query_final,True,,574,1783312182471,0,,False
1004,b2-fabric-b1-c4-r2-retry1,b2-fabric-b1-c4-r2-retry1-task-0099,fabric_query_final,True,,572,1783312182474,0,,False
1005,b2-fabric-b1-c4-r2-retry1,b2-fabric-b1-c4-r2-retry1-task-0096,fabric_query_final,True,,576,1783312182470,0,,False
1006,b2-fabric-b1-c4-r2-retry1,b2-fabric-b1-c4-r2-retry1-task-0097,ipfs_verify,True,,8,1783312183045,0,QmNX4bEbwRABibt5cFrusp6rKpTF22Q825H2qa5P9Az1hz,False
1007,b2-fabric-b1-c4-r2-retry1,b2-fabric-b1-c4-r2-retry1-task-0099,ipfs_verify,True,,8,1783312183046,0,QmUeEY5ZMsLVq5hCKHXEbov76UeSbY3avaFYh4SXuXhhrw,False
1008,b2-fabric-b1-c4-r2-retry1,b2-fabric-b1-c4-r2-retry1-task-0096,ipfs_verify,True,,8,1783312183046,0,QmXpJ5kFWD2okXAFe7urToABtqXCCNvN8itRWAGfao9xTz,False
1009,b2-fabric-b1-c4-r2-retry1,b2-fabric-b1-c4-r2-retry1-task-0098,fabric_query_final,True,,622,1783312182470,0,,False
1010,b2-fabric-b1-c4-r2-retry1,b2-fabric-b1-c4-r2-retry1-task-0102,ipfs_add,True,,40,1783312183054,4429,,False
1011,b2-fabric-b1-c4-r2-retry1,b2-fabric-b1-c4-r2-retry1-task-0098,ipfs_verify,True,,8,1783312183092,0,QmZoaRAf2gEWbEjnaUCHcSduuDsYzeHrLqzszhQ2ULKfVV,False
1012,b2-fabric-b1-c4-r2-retry1,b2-fabric-b1-c4-r2-retry1-task-0100,ipfs_add,True,,58,1783312183053,2945,,False
1013,b2-fabric-b1-c4-r2-retry1,b2-fabric-b1-c4-r2-retry1-task-0101,ipfs_add,True,,73,1783312183054,1874,,False
1014,b2-fabric-b1-c4-r2-retry1,b2-fabric-b1-c4-r2-retry1-task-0103,ipfs_add,True,,44,1783312183100,3139,,False
1015,b2-fabric-b1-c4-r2-retry1,b2-fabric-b1-c4-r2-retry1-task-0102,fabric_post_task,True,,2471,1783312183094,4429,QmNZpWPb8zZGufRx9cTAqzT38jqs3J5Nju6aTffMo2mWMM,False
1016,b2-fabric-b1-c4-r2-retry1,b2-fabric-b1-c4-r2-retry1-task-0100,fabric_post_task,True,,2455,1783312183111,2945,QmYqpkcYraZDtetSGERMQ5ScFL6z1t9K48g7RtKw5Tvbyw,False
1017,b2-fabric-b1-c4-r2-retry1,b2-fabric-b1-c4-r2-retry1-task-0103,fabric_post_task,True,,2423,1783312183144,3139,Qmc4xnckxk7qCTpwS2dEmtXtCM97x5nt65Euz3m5frq31g,False
1018,b2-fabric-b1-c4-r2-retry1,b2-fabric-b1-c4-r2-retry1-task-0101,fabric_post_task,True,,2441,1783312183127,1874,QmcEMDBTMAr7MFk4NRejhz1qsW7piumtRhyZgqaAVxpA1P,False
1019,b2-fabric-b1-c4-r2-retry1,b2-fabric-b1-c4-r2-retry1-task-0100,fabric_post_allocation,True,,2390,1783312185566,0,,False
1020,b2-fabric-b1-c4-r2-retry1,b2-fabric-b1-c4-r2-retry1-task-0101,fabric_post_allocation,True,,2389,1783312185568,0,,False
1021,b2-fabric-b1-c4-r2-retry1,b2-fabric-b1-c4-r2-retry1-task-0103,fabric_post_allocation,True,,2391,1783312185567,0,,False
1022,b2-fabric-b1-c4-r2-retry1,b2-fabric-b1-c4-r2-retry1-task-0102,fabric_post_allocation,True,,2394,1783312185565,0,,False
1023,b2-fabric-b1-c4-r2-retry1,b2-fabric-b1-c4-r2-retry1-task-0102,fabric_post_snapshot,True,,2333,1783312187959,0,,False
1024,b2-fabric-b1-c4-r2-retry1,b2-fabric-b1-c4-r2-retry1-task-0100,fabric_post_snapshot,True,,2337,1783312187956,0,,False
1025,b2-fabric-b1-c4-r2-retry1,b2-fabric-b1-c4-r2-retry1-task-0103,fabric_post_snapshot,True,,2336,1783312187958,0,,False
1026,b2-fabric-b1-c4-r2-retry1,b2-fabric-b1-c4-r2-retry1-task-0101,fabric_post_snapshot,True,,2339,1783312187957,0,,False
1027,b2-fabric-b1-c4-r2-retry1,b2-fabric-b1-c4-r2-retry1-task-0102,fabric_query_confirmation,True,,328,1783312190292,0,,False
1028,b2-fabric-b1-c4-r2-retry1,b2-fabric-b1-c4-r2-retry1-task-0103,fabric_query_confirmation,True,,327,1783312190294,0,,False
1029,b2-fabric-b1-c4-r2-retry1,b2-fabric-b1-c4-r2-retry1-task-0101,fabric_query_confirmation,True,,325,1783312190296,0,,False
1030,b2-fabric-b1-c4-r2-retry1,b2-fabric-b1-c4-r2-retry1-task-0100,fabric_query_confirmation,True,,329,1783312190293,0,,False
1031,b2-fabric-b1-c4-r2-retry1,b2-fabric-b1-c4-r2-retry1-task-0103,fabric_vote_1,True,,2347,1783312190621,0,,False
1032,b2-fabric-b1-c4-r2-retry1,b2-fabric-b1-c4-r2-retry1-task-0100,fabric_vote_1,True,,2347,1783312190622,0,,False
1033,b2-fabric-b1-c4-r2-retry1,b2-fabric-b1-c4-r2-retry1-task-0101,fabric_vote_1,True,,2350,1783312190621,0,,False
1034,b2-fabric-b1-c4-r2-retry1,b2-fabric-b1-c4-r2-retry1-task-0102,fabric_vote_1,True,,2351,1783312190620,0,,False
1035,b2-fabric-b1-c4-r2-retry1,b2-fabric-b1-c4-r2-retry1-task-0102,fabric_vote_2,True,,2284,1783312192971,0,,False
1036,b2-fabric-b1-c4-r2-retry1,b2-fabric-b1-c4-r2-retry1-task-0100,fabric_vote_2,True,,2288,1783312192969,0,,False
1037,b2-fabric-b1-c4-r2-retry1,b2-fabric-b1-c4-r2-retry1-task-0101,fabric_vote_2,True,,2287,1783312192971,0,,False
1038,b2-fabric-b1-c4-r2-retry1,b2-fabric-b1-c4-r2-retry1-task-0103,fabric_vote_2,True,,2291,1783312192968,0,,False
1039,b2-fabric-b1-c4-r2-retry1,b2-fabric-b1-c4-r2-retry1-task-0100,fabric_settlement,True,,2306,1783312195257,0,,False
1040,b2-fabric-b1-c4-r2-retry1,b2-fabric-b1-c4-r2-retry1-task-0102,fabric_settlement,True,,2309,1783312195255,0,,False
1041,b2-fabric-b1-c4-r2-retry1,b2-fabric-b1-c4-r2-retry1-task-0101,fabric_settlement,True,,2307,1783312195258,0,,False
1042,b2-fabric-b1-c4-r2-retry1,b2-fabric-b1-c4-r2-retry1-task-0103,fabric_settlement,True,,2307,1783312195259,0,,False
1043,b2-fabric-b1-c4-r2-retry1,b2-fabric-b1-c4-r2-retry1-task-0103,fabric_query_final,True,,-131,1783312197566,0,,False
1044,b2-fabric-b1-c4-r2-retry1,b2-fabric-b1-c4-r2-retry1-task-0102,fabric_query_final,True,,-128,1783312197564,0,,False
1045,b2-fabric-b1-c4-r2-retry1,b2-fabric-b1-c4-r2-retry1-task-0101,fabric_query_final,True,,-129,1783312197565,0,,False
1046,b2-fabric-b1-c4-r2-retry1,b2-fabric-b1-c4-r2-retry1-task-0100,fabric_query_final,True,,-122,1783312197563,0,,False
1047,b2-fabric-b1-c4-r2-retry1,b2-fabric-b1-c4-r2-retry1-task-0102,ipfs_verify,True,,7,1783312197436,0,QmNZpWPb8zZGufRx9cTAqzT38jqs3J5Nju6aTffMo2mWMM,False
1048,b2-fabric-b1-c4-r2-retry1,b2-fabric-b1-c4-r2-retry1-task-0101,ipfs_verify,True,,8,1783312197436,0,QmcEMDBTMAr7MFk4NRejhz1qsW7piumtRhyZgqaAVxpA1P,False
1049,b2-fabric-b1-c4-r2-retry1,b2-fabric-b1-c4-r2-retry1-task-0103,ipfs_verify,True,,9,1783312197435,0,Qmc4xnckxk7qCTpwS2dEmtXtCM97x5nt65Euz3m5frq31g,False
1050,b2-fabric-b1-c4-r2-retry1,b2-fabric-b1-c4-r2-retry1-task-0100,ipfs_verify,True,,7,1783312197441,0,QmYqpkcYraZDtetSGERMQ5ScFL6z1t9K48g7RtKw5Tvbyw,False
1051,b2-fabric-b1-c4-r2-retry1,b2-fabric-b1-c4-r2-retry1-task-0105,ipfs_add,True,,34,1783312197444,1811,,False
1052,b2-fabric-b1-c4-r2-retry1,b2-fabric-b1-c4-r2-retry1-task-0104,ipfs_add,True,,51,1783312197443,2386,,False
1053,b2-fabric-b1-c4-r2-retry1,b2-fabric-b1-c4-r2-retry1-task-0106,ipfs_add,True,,68,1783312197444,2561,,False
1054,b2-fabric-b1-c4-r2-retry1,b2-fabric-b1-c4-r2-retry1-task-0107,ipfs_add,True,,80,1783312197448,1574,,False
1055,b2-fabric-b1-c4-r2-retry1,b2-fabric-b1-c4-r2-retry1-task-0105,fabric_post_task,True,,2489,1783312197478,1811,QmeCN824YLFxhs6KPZdvcJ1YLRBL2KDGosFsYoMEvLrqvu,False
1056,b2-fabric-b1-c4-r2-retry1,b2-fabric-b1-c4-r2-retry1-task-0106,fabric_post_task,True,,2456,1783312197512,2561,QmQpT2pSYN1xnsKEAYYzR7wpihutiAWCLX46Wag6nTE83B,False
1057,b2-fabric-b1-c4-r2-retry1,b2-fabric-b1-c4-r2-retry1-task-0107,fabric_post_task,True,,2441,1783312197528,1574,QmRupjhdCiNmsSv9JCRZ7Adv2HjXu13WhkMdY6ZAUYj3p5,False
1058,b2-fabric-b1-c4-r2-retry1,b2-fabric-b1-c4-r2-retry1-task-0104,fabric_post_task,True,,2476,1783312197494,2386,Qme3dLUfvZ5b63FixxsTuqwxwjVCFs2b8ADm8Kvk2U2qwP,False
1059,b2-fabric-b1-c4-r2-retry1,b2-fabric-b1-c4-r2-retry1-task-0106,fabric_post_allocation,True,,2302,1783312199968,0,,False
1060,b2-fabric-b1-c4-r2-retry1,b2-fabric-b1-c4-r2-retry1-task-0104,fabric_post_allocation,True,,2301,1783312199970,0,,False
1061,b2-fabric-b1-c4-r2-retry1,b2-fabric-b1-c4-r2-retry1-task-0105,fabric_post_allocation,True,,2304,1783312199967,0,,False
1062,b2-fabric-b1-c4-r2-retry1,b2-fabric-b1-c4-r2-retry1-task-0107,fabric_post_allocation,True,,2303,1783312199969,0,,False
1063,b2-fabric-b1-c4-r2-retry1,b2-fabric-b1-c4-r2-retry1-task-0106,fabric_post_snapshot,True,,2260,1783312202270,0,,False
1064,b2-fabric-b1-c4-r2-retry1,b2-fabric-b1-c4-r2-retry1-task-0105,fabric_post_snapshot,True,,2259,1783312202271,0,,False
1065,b2-fabric-b1-c4-r2-retry1,b2-fabric-b1-c4-r2-retry1-task-0107,fabric_post_snapshot,True,,2259,1783312202272,0,,False
1066,b2-fabric-b1-c4-r2-retry1,b2-fabric-b1-c4-r2-retry1-task-0104,fabric_post_snapshot,True,,2261,1783312202271,0,,False
1067,b2-fabric-b1-c4-r2-retry1,b2-fabric-b1-c4-r2-retry1-task-0107,fabric_query_confirmation,True,,124,1783312204531,0,,False
1068,b2-fabric-b1-c4-r2-retry1,b2-fabric-b1-c4-r2-retry1-task-0106,fabric_query_confirmation,True,,126,1783312204530,0,,False
1069,b2-fabric-b1-c4-r2-retry1,b2-fabric-b1-c4-r2-retry1-task-0105,fabric_query_confirmation,True,,127,1783312204530,0,,False
1070,b2-fabric-b1-c4-r2-retry1,b2-fabric-b1-c4-r2-retry1-task-0104,fabric_query_confirmation,True,,127,1783312204532,0,,False
1071,b2-fabric-b1-c4-r2-retry1,b2-fabric-b1-c4-r2-retry1-task-0106,fabric_vote_1,True,,2522,1783312204656,0,,False
1072,b2-fabric-b1-c4-r2-retry1,b2-fabric-b1-c4-r2-retry1-task-0105,fabric_vote_1,True,,2523,1783312204657,0,,False
1073,b2-fabric-b1-c4-r2-retry1,b2-fabric-b1-c4-r2-retry1-task-0104,fabric_vote_1,True,,2521,1783312204659,0,,False
1074,b2-fabric-b1-c4-r2-retry1,b2-fabric-b1-c4-r2-retry1-task-0107,fabric_vote_1,True,,2526,1783312204655,0,,False
1075,b2-fabric-b1-c4-r2-retry1,b2-fabric-b1-c4-r2-retry1-task-0106,fabric_vote_2,True,,2278,1783312207178,0,,False
1076,b2-fabric-b1-c4-r2-retry1,b2-fabric-b1-c4-r2-retry1-task-0107,fabric_vote_2,True,,2275,1783312207181,0,,False
1077,b2-fabric-b1-c4-r2-retry1,b2-fabric-b1-c4-r2-retry1-task-0104,fabric_vote_2,True,,2277,1783312207180,0,,False
1078,b2-fabric-b1-c4-r2-retry1,b2-fabric-b1-c4-r2-retry1-task-0105,fabric_vote_2,True,,2281,1783312207180,0,,False
1079,b2-fabric-b1-c4-r2-retry1,b2-fabric-b1-c4-r2-retry1-task-0105,fabric_settlement,True,,2976,1783312209461,0,,False
1080,b2-fabric-b1-c4-r2-retry1,b2-fabric-b1-c4-r2-retry1-task-0106,fabric_settlement,True,,2983,1783312209456,0,,False
1081,b2-fabric-b1-c4-r2-retry1,b2-fabric-b1-c4-r2-retry1-task-0107,fabric_settlement,True,,2983,1783312209456,0,,False
1082,b2-fabric-b1-c4-r2-retry1,b2-fabric-b1-c4-r2-retry1-task-0104,fabric_settlement,True,,2983,1783312209457,0,,False
1083,b2-fabric-b1-c4-r2-retry1,b2-fabric-b1-c4-r2-retry1-task-0107,fabric_query_final,True,,576,1783312212439,0,,False
1084,b2-fabric-b1-c4-r2-retry1,b2-fabric-b1-c4-r2-retry1-task-0104,fabric_query_final,True,,575,1783312212440,0,,False
1085,b2-fabric-b1-c4-r2-retry1,b2-fabric-b1-c4-r2-retry1-task-0105,fabric_query_final,True,,579,1783312212437,0,,False
1086,b2-fabric-b1-c4-r2-retry1,b2-fabric-b1-c4-r2-retry1-task-0106,fabric_query_final,True,,581,1783312212439,0,,False
1087,b2-fabric-b1-c4-r2-retry1,b2-fabric-b1-c4-r2-retry1-task-0104,ipfs_verify,True,,9,1783312213015,0,Qme3dLUfvZ5b63FixxsTuqwxwjVCFs2b8ADm8Kvk2U2qwP,False
1088,b2-fabric-b1-c4-r2-retry1,b2-fabric-b1-c4-r2-retry1-task-0105,ipfs_verify,True,,9,1783312213016,0,QmeCN824YLFxhs6KPZdvcJ1YLRBL2KDGosFsYoMEvLrqvu,False
1089,b2-fabric-b1-c4-r2-retry1,b2-fabric-b1-c4-r2-retry1-task-0107,ipfs_verify,True,,11,1783312213015,0,QmRupjhdCiNmsSv9JCRZ7Adv2HjXu13WhkMdY6ZAUYj3p5,False
1090,b2-fabric-b1-c4-r2-retry1,b2-fabric-b1-c4-r2-retry1-task-0106,ipfs_verify,True,,7,1783312213020,0,QmQpT2pSYN1xnsKEAYYzR7wpihutiAWCLX46Wag6nTE83B,False
1091,b2-fabric-b1-c4-r2-retry1,b2-fabric-b1-c4-r2-retry1-task-0109,ipfs_add,True,,54,1783312213025,1914,,False
1092,b2-fabric-b1-c4-r2-retry1,b2-fabric-b1-c4-r2-retry1-task-0108,ipfs_add,True,,73,1783312213024,1359,,False
1093,b2-fabric-b1-c4-r2-retry1,b2-fabric-b1-c4-r2-retry1-task-0111,ipfs_add,True,,88,1783312213028,1486,,False
1094,b2-fabric-b1-c4-r2-retry1,b2-fabric-b1-c4-r2-retry1-task-0110,ipfs_add,True,,107,1783312213026,1468,,False
1095,b2-fabric-b1-c4-r2-retry1,b2-fabric-b1-c4-r2-retry1-task-0110,fabric_post_task,True,,2443,1783312213133,1468,QmYdNPvQFsdXFQa7hym9WZ3ACL8dS3nT2z6E7NU9T2QPtY,False
1096,b2-fabric-b1-c4-r2-retry1,b2-fabric-b1-c4-r2-retry1-task-0109,fabric_post_task,True,,2498,1783312213079,1914,QmPEDBMMbuCpx7HLnDJ23QuLxzYuyd7P4wwLKNZcfCQeou,False
1097,b2-fabric-b1-c4-r2-retry1,b2-fabric-b1-c4-r2-retry1-task-0108,fabric_post_task,True,,2480,1783312213097,1359,QmZZqy6hSeEaVGJcieqsrZVeztXme75mBRRsw2ZBiEVxze,False
1098,b2-fabric-b1-c4-r2-retry1,b2-fabric-b1-c4-r2-retry1-task-0111,fabric_post_task,True,,2463,1783312213116,1486,QmayJynjkMacRcqFDbnuYugxcbsQqHFTjbXCeD8Z8namKr,False
1099,b2-fabric-b1-c4-r2-retry1,b2-fabric-b1-c4-r2-retry1-task-0111,fabric_post_allocation,True,,2535,1783312215579,0,,False
1100,b2-fabric-b1-c4-r2-retry1,b2-fabric-b1-c4-r2-retry1-task-0108,fabric_post_allocation,True,,2538,1783312215577,0,,False
1101,b2-fabric-b1-c4-r2-retry1,b2-fabric-b1-c4-r2-retry1-task-0109,fabric_post_allocation,True,,2539,1783312215577,0,,False
1102,b2-fabric-b1-c4-r2-retry1,b2-fabric-b1-c4-r2-retry1-task-0110,fabric_post_allocation,True,,2543,1783312215576,0,,False
1103,b2-fabric-b1-c4-r2-retry1,b2-fabric-b1-c4-r2-retry1-task-0110,fabric_post_snapshot,True,,2466,1783312218119,0,,False
1104,b2-fabric-b1-c4-r2-retry1,b2-fabric-b1-c4-r2-retry1-task-0109,fabric_post_snapshot,True,,2470,1783312218116,0,,False
1105,b2-fabric-b1-c4-r2-retry1,b2-fabric-b1-c4-r2-retry1-task-0108,fabric_post_snapshot,True,,2471,1783312218115,0,,False
1106,b2-fabric-b1-c4-r2-retry1,b2-fabric-b1-c4-r2-retry1-task-0111,fabric_post_snapshot,True,,2473,1783312218114,0,,False
1107,b2-fabric-b1-c4-r2-retry1,b2-fabric-b1-c4-r2-retry1-task-0111,fabric_query_confirmation,True,,120,1783312220587,0,,False
1108,b2-fabric-b1-c4-r2-retry1,b2-fabric-b1-c4-r2-retry1-task-0110,fabric_query_confirmation,True,,122,1783312220585,0,,False
1109,b2-fabric-b1-c4-r2-retry1,b2-fabric-b1-c4-r2-retry1-task-0109,fabric_query_confirmation,True,,121,1783312220586,0,,False
1110,b2-fabric-b1-c4-r2-retry1,b2-fabric-b1-c4-r2-retry1-task-0108,fabric_query_confirmation,True,,123,1783312220586,0,,False
1111,b2-fabric-b1-c4-r2-retry1,b2-fabric-b1-c4-r2-retry1-task-0109,fabric_vote_1,True,,2464,1783312220707,0,,False
1112,b2-fabric-b1-c4-r2-retry1,b2-fabric-b1-c4-r2-retry1-task-0110,fabric_vote_1,True,,2465,1783312220707,0,,False
1113,b2-fabric-b1-c4-r2-retry1,b2-fabric-b1-c4-r2-retry1-task-0111,fabric_vote_1,True,,2465,1783312220707,0,,False
1114,b2-fabric-b1-c4-r2-retry1,b2-fabric-b1-c4-r2-retry1-task-0108,fabric_vote_1,True,,2464,1783312220709,0,,False
1115,b2-fabric-b1-c4-r2-retry1,b2-fabric-b1-c4-r2-retry1-task-0108,fabric_vote_2,True,,2285,1783312223173,0,,False
1116,b2-fabric-b1-c4-r2-retry1,b2-fabric-b1-c4-r2-retry1-task-0109,fabric_vote_2,True,,2288,1783312223171,0,,False
1117,b2-fabric-b1-c4-r2-retry1,b2-fabric-b1-c4-r2-retry1-task-0110,fabric_vote_2,True,,2288,1783312223172,0,,False
1118,b2-fabric-b1-c4-r2-retry1,b2-fabric-b1-c4-r2-retry1-task-0111,fabric_vote_2,True,,2289,1783312223172,0,,False
1119,b2-fabric-b1-c4-r2-retry1,b2-fabric-b1-c4-r2-retry1-task-0109,fabric_settlement,True,,1624,1783312225459,0,,False
1120,b2-fabric-b1-c4-r2-retry1,b2-fabric-b1-c4-r2-retry1-task-0111,fabric_settlement,True,,1622,1783312225461,0,,False
1121,b2-fabric-b1-c4-r2-retry1,b2-fabric-b1-c4-r2-retry1-task-0108,fabric_settlement,True,,1625,1783312225458,0,,False
1122,b2-fabric-b1-c4-r2-retry1,b2-fabric-b1-c4-r2-retry1-task-0110,fabric_settlement,True,,1625,1783312225460,0,,False
1123,b2-fabric-b1-c4-r2-retry1,b2-fabric-b1-c4-r2-retry1-task-0108,fabric_query_final,True,,359,1783312227083,0,,False
1124,b2-fabric-b1-c4-r2-retry1,b2-fabric-b1-c4-r2-retry1-task-0109,fabric_query_final,True,,359,1783312227083,0,,False
1125,b2-fabric-b1-c4-r2-retry1,b2-fabric-b1-c4-r2-retry1-task-0110,fabric_query_final,True,,358,1783312227085,0,,False
1126,b2-fabric-b1-c4-r2-retry1,b2-fabric-b1-c4-r2-retry1-task-0111,fabric_query_final,True,,363,1783312227083,0,,False
1127,b2-fabric-b1-c4-r2-retry1,b2-fabric-b1-c4-r2-retry1-task-0109,ipfs_verify,True,,8,1783312227442,0,QmPEDBMMbuCpx7HLnDJ23QuLxzYuyd7P4wwLKNZcfCQeou,False
1128,b2-fabric-b1-c4-r2-retry1,b2-fabric-b1-c4-r2-retry1-task-0110,ipfs_verify,True,,8,1783312227443,0,QmYdNPvQFsdXFQa7hym9WZ3ACL8dS3nT2z6E7NU9T2QPtY,False
1129,b2-fabric-b1-c4-r2-retry1,b2-fabric-b1-c4-r2-retry1-task-0108,ipfs_verify,True,,10,1783312227442,0,QmZZqy6hSeEaVGJcieqsrZVeztXme75mBRRsw2ZBiEVxze,False
1130,b2-fabric-b1-c4-r2-retry1,b2-fabric-b1-c4-r2-retry1-task-0111,ipfs_verify,True,,7,1783312227446,0,QmayJynjkMacRcqFDbnuYugxcbsQqHFTjbXCeD8Z8namKr,False
1131,b2-fabric-b1-c4-r2-retry1,b2-fabric-b1-c4-r2-retry1-task-0112,ipfs_add,True,,31,1783312227450,5135,,False
1132,b2-fabric-b1-c4-r2-retry1,b2-fabric-b1-c4-r2-retry1-task-0113,ipfs_add,True,,62,1783312227451,4766,,False
1133,b2-fabric-b1-c4-r2-retry1,b2-fabric-b1-c4-r2-retry1-task-0114,ipfs_add,True,,76,1783312227453,2458,,False
1134,b2-fabric-b1-c4-r2-retry1,b2-fabric-b1-c4-r2-retry1-task-0115,ipfs_add,True,,76,1783312227453,2635,,False
1135,b2-fabric-b1-c4-r2-retry1,b2-fabric-b1-c4-r2-retry1-task-0114,fabric_post_task,True,,2440,1783312227529,2458,Qma7TSawbLY7JCkagGsqyq5TKbNQrHnAHkXGU7KmTPbqNN,False
1136,b2-fabric-b1-c4-r2-retry1,b2-fabric-b1-c4-r2-retry1-task-0113,fabric_post_task,True,,2457,1783312227513,4766,QmSnXYpjm45y1HovE7atHSayP63uxu2Taj3HG6S4aa6fLe,False
1137,b2-fabric-b1-c4-r2-retry1,b2-fabric-b1-c4-r2-retry1-task-0115,fabric_post_task,True,,2442,1783312227529,2635,Qma9XmC6B4RUGteeGsz2AKqR24nBDfvvDDZwxigq29cfeA,False
1138,b2-fabric-b1-c4-r2-retry1,b2-fabric-b1-c4-r2-retry1-task-0112,fabric_post_task,True,,2492,1783312227481,5135,QmZTL4eW5hkumUyYeoedLXa2XWBWSX7WLRmm3kBgrvtRta,False
1139,b2-fabric-b1-c4-r2-retry1,b2-fabric-b1-c4-r2-retry1-task-0113,fabric_post_allocation,True,,2514,1783312229970,0,,False
1140,b2-fabric-b1-c4-r2-retry1,b2-fabric-b1-c4-r2-retry1-task-0115,fabric_post_allocation,True,,2514,1783312229971,0,,False
1141,b2-fabric-b1-c4-r2-retry1,b2-fabric-b1-c4-r2-retry1-task-0114,fabric_post_allocation,True,,2516,1783312229969,0,,False
1142,b2-fabric-b1-c4-r2-retry1,b2-fabric-b1-c4-r2-retry1-task-0112,fabric_post_allocation,True,,2513,1783312229973,0,,False
1143,b2-fabric-b1-c4-r2-retry1,b2-fabric-b1-c4-r2-retry1-task-0112,fabric_post_snapshot,True,,2255,1783312232486,0,,False
1144,b2-fabric-b1-c4-r2-retry1,b2-fabric-b1-c4-r2-retry1-task-0113,fabric_post_snapshot,True,,2257,1783312232484,0,,False
1145,b2-fabric-b1-c4-r2-retry1,b2-fabric-b1-c4-r2-retry1-task-0115,fabric_post_snapshot,True,,2257,1783312232485,0,,False
1146,b2-fabric-b1-c4-r2-retry1,b2-fabric-b1-c4-r2-retry1-task-0114,fabric_post_snapshot,True,,2259,1783312232485,0,,False
1147,b2-fabric-b1-c4-r2-retry1,b2-fabric-b1-c4-r2-retry1-task-0112,fabric_query_confirmation,True,,122,1783312234741,0,,False
1148,b2-fabric-b1-c4-r2-retry1,b2-fabric-b1-c4-r2-retry1-task-0115,fabric_query_confirmation,True,,122,1783312234742,0,,False
1149,b2-fabric-b1-c4-r2-retry1,b2-fabric-b1-c4-r2-retry1-task-0114,fabric_query_confirmation,True,,120,1783312234744,0,,False
1150,b2-fabric-b1-c4-r2-retry1,b2-fabric-b1-c4-r2-retry1-task-0113,fabric_query_confirmation,True,,125,1783312234741,0,,False
1151,b2-fabric-b1-c4-r2-retry1,b2-fabric-b1-c4-r2-retry1-task-0112,fabric_vote_1,True,,2274,1783312234863,0,,False
1152,b2-fabric-b1-c4-r2-retry1,b2-fabric-b1-c4-r2-retry1-task-0113,fabric_vote_1,True,,2271,1783312234866,0,,False
1153,b2-fabric-b1-c4-r2-retry1,b2-fabric-b1-c4-r2-retry1-task-0114,fabric_vote_1,True,,2274,1783312234864,0,,False
1154,b2-fabric-b1-c4-r2-retry1,b2-fabric-b1-c4-r2-retry1-task-0115,fabric_vote_1,True,,2276,1783312234864,0,,False
1155,b2-fabric-b1-c4-r2-retry1,b2-fabric-b1-c4-r2-retry1-task-0114,fabric_vote_2,True,,2485,1783312237138,0,,False
1156,b2-fabric-b1-c4-r2-retry1,b2-fabric-b1-c4-r2-retry1-task-0112,fabric_vote_2,True,,2487,1783312237137,0,,False
1157,b2-fabric-b1-c4-r2-retry1,b2-fabric-b1-c4-r2-retry1-task-0113,fabric_vote_2,True,,2489,1783312237137,0,,False
1158,b2-fabric-b1-c4-r2-retry1,b2-fabric-b1-c4-r2-retry1-task-0115,fabric_vote_2,True,,2486,1783312237140,0,,False
1159,b2-fabric-b1-c4-r2-retry1,b2-fabric-b1-c4-r2-retry1-task-0115,fabric_settlement,True,,2770,1783312239626,0,,False
1160,b2-fabric-b1-c4-r2-retry1,b2-fabric-b1-c4-r2-retry1-task-0113,fabric_settlement,True,,2771,1783312239626,0,,False
1161,b2-fabric-b1-c4-r2-retry1,b2-fabric-b1-c4-r2-retry1-task-0112,fabric_settlement,True,,2774,1783312239624,0,,False
1162,b2-fabric-b1-c4-r2-retry1,b2-fabric-b1-c4-r2-retry1-task-0114,fabric_settlement,True,,2776,1783312239623,0,,False
1163,b2-fabric-b1-c4-r2-retry1,b2-fabric-b1-c4-r2-retry1-task-0115,fabric_query_final,True,,383,1783312242396,0,,False
1164,b2-fabric-b1-c4-r2-retry1,b2-fabric-b1-c4-r2-retry1-task-0114,fabric_query_final,True,,381,1783312242399,0,,False
1165,b2-fabric-b1-c4-r2-retry1,b2-fabric-b1-c4-r2-retry1-task-0113,fabric_query_final,True,,383,1783312242397,0,,False
1166,b2-fabric-b1-c4-r2-retry1,b2-fabric-b1-c4-r2-retry1-task-0112,fabric_query_final,True,,387,1783312242398,0,,False
1167,b2-fabric-b1-c4-r2-retry1,b2-fabric-b1-c4-r2-retry1-task-0114,ipfs_verify,True,,7,1783312242780,0,Qma7TSawbLY7JCkagGsqyq5TKbNQrHnAHkXGU7KmTPbqNN,False
1168,b2-fabric-b1-c4-r2-retry1,b2-fabric-b1-c4-r2-retry1-task-0115,ipfs_verify,True,,8,1783312242779,0,Qma9XmC6B4RUGteeGsz2AKqR24nBDfvvDDZwxigq29cfeA,False
1169,b2-fabric-b1-c4-r2-retry1,b2-fabric-b1-c4-r2-retry1-task-0113,ipfs_verify,True,,8,1783312242780,0,QmSnXYpjm45y1HovE7atHSayP63uxu2Taj3HG6S4aa6fLe,False
1170,b2-fabric-b1-c4-r2-retry1,b2-fabric-b1-c4-r2-retry1-task-0112,ipfs_verify,True,,7,1783312242785,0,QmZTL4eW5hkumUyYeoedLXa2XWBWSX7WLRmm3kBgrvtRta,False
1171,b2-fabric-b1-c4-r2-retry1,b2-fabric-b1-c4-r2-retry1-task-0117,ipfs_add,True,,51,1783312242787,2547,,False
1172,b2-fabric-b1-c4-r2-retry1,b2-fabric-b1-c4-r2-retry1-task-0118,ipfs_add,True,,66,1783312242788,4013,,False
1173,b2-fabric-b1-c4-r2-retry1,b2-fabric-b1-c4-r2-retry1-task-0116,ipfs_add,True,,83,1783312242787,4456,,False
1174,b2-fabric-b1-c4-r2-retry1,b2-fabric-b1-c4-r2-retry1-task-0119,ipfs_add,True,,96,1783312242792,4895,,False
1175,b2-fabric-b1-c4-r2-retry1,b2-fabric-b1-c4-r2-retry1-task-0116,fabric_post_task,True,,2475,1783312242870,4456,QmcWhQm9LyFEHK6Y6cGHfAC2N6UZ5aeiyCpaBr9ty1evkK,False
1176,b2-fabric-b1-c4-r2-retry1,b2-fabric-b1-c4-r2-retry1-task-0119,fabric_post_task,True,,2458,1783312242888,4895,QmS8grZr8V1jUVspi4mAGU2GS5MHVKC3yUBsy7aQszAoNe,False
1177,b2-fabric-b1-c4-r2-retry1,b2-fabric-b1-c4-r2-retry1-task-0117,fabric_post_task,True,,2509,1783312242838,2547,QmXDQtx3geYo8PJ2SMzx1hAd7UVXRuUHhfKDP8gxpWugpu,False
1178,b2-fabric-b1-c4-r2-retry1,b2-fabric-b1-c4-r2-retry1-task-0118,fabric_post_task,True,,2494,1783312242854,4013,QmUp6JMhmHCN1XhJbSgJKuqgcUi5RcanQaaL5Hru6z8S4Q,False
1179,b2-fabric-b1-c4-r2-retry1,b2-fabric-b1-c4-r2-retry1-task-0116,fabric_post_allocation,True,,2327,1783312245345,0,,False
1180,b2-fabric-b1-c4-r2-retry1,b2-fabric-b1-c4-r2-retry1-task-0118,fabric_post_allocation,True,,2325,1783312245348,0,,False
1181,b2-fabric-b1-c4-r2-retry1,b2-fabric-b1-c4-r2-retry1-task-0117,fabric_post_allocation,True,,2327,1783312245347,0,,False
1182,b2-fabric-b1-c4-r2-retry1,b2-fabric-b1-c4-r2-retry1-task-0119,fabric_post_allocation,True,,2330,1783312245346,0,,False
1183,b2-fabric-b1-c4-r2-retry1,b2-fabric-b1-c4-r2-retry1-task-0116,fabric_post_snapshot,True,,2456,1783312247672,0,,False
1184,b2-fabric-b1-c4-r2-retry1,b2-fabric-b1-c4-r2-retry1-task-0117,fabric_post_snapshot,True,,2455,1783312247674,0,,False
1185,b2-fabric-b1-c4-r2-retry1,b2-fabric-b1-c4-r2-retry1-task-0118,fabric_post_snapshot,True,,2457,1783312247673,0,,False
1186,b2-fabric-b1-c4-r2-retry1,b2-fabric-b1-c4-r2-retry1-task-0119,fabric_post_snapshot,True,,2454,1783312247676,0,,False
1187,b2-fabric-b1-c4-r2-retry1,b2-fabric-b1-c4-r2-retry1-task-0116,fabric_query_confirmation,True,,126,1783312250128,0,,False
1188,b2-fabric-b1-c4-r2-retry1,b2-fabric-b1-c4-r2-retry1-task-0117,fabric_query_confirmation,True,,126,1783312250129,0,,False
1189,b2-fabric-b1-c4-r2-retry1,b2-fabric-b1-c4-r2-retry1-task-0118,fabric_query_confirmation,True,,126,1783312250130,0,,False
1190,b2-fabric-b1-c4-r2-retry1,b2-fabric-b1-c4-r2-retry1-task-0119,fabric_query_confirmation,True,,128,1783312250130,0,,False
1191,b2-fabric-b1-c4-r2-retry1,b2-fabric-b1-c4-r2-retry1-task-0119,fabric_vote_1,True,,2471,1783312250258,0,,False
1192,b2-fabric-b1-c4-r2-retry1,b2-fabric-b1-c4-r2-retry1-task-0116,fabric_vote_1,True,,2477,1783312250254,0,,False
1193,b2-fabric-b1-c4-r2-retry1,b2-fabric-b1-c4-r2-retry1-task-0118,fabric_vote_1,True,,2476,1783312250256,0,,False
1194,b2-fabric-b1-c4-r2-retry1,b2-fabric-b1-c4-r2-retry1-task-0117,fabric_vote_1,True,,2477,1783312250255,0,,False
1195,b2-fabric-b1-c4-r2-retry1,b2-fabric-b1-c4-r2-retry1-task-0118,fabric_vote_2,True,,2279,1783312252732,0,,False
1196,b2-fabric-b1-c4-r2-retry1,b2-fabric-b1-c4-r2-retry1-task-0117,fabric_vote_2,True,,2281,1783312252732,0,,False
1197,b2-fabric-b1-c4-r2-retry1,b2-fabric-b1-c4-r2-retry1-task-0116,fabric_vote_2,True,,2283,1783312252731,0,,False
1198,b2-fabric-b1-c4-r2-retry1,b2-fabric-b1-c4-r2-retry1-task-0119,fabric_vote_2,True,,2287,1783312252729,0,,False
1199,b2-fabric-b1-c4-r2-retry1,b2-fabric-b1-c4-r2-retry1-task-0118,fabric_settlement,True,,2501,1783312255012,0,,False
1200,b2-fabric-b1-c4-r2-retry1,b2-fabric-b1-c4-r2-retry1-task-0117,fabric_settlement,True,,2501,1783312255013,0,,False
1201,b2-fabric-b1-c4-r2-retry1,b2-fabric-b1-c4-r2-retry1-task-0116,fabric_settlement,True,,2502,1783312255014,0,,False
1202,b2-fabric-b1-c4-r2-retry1,b2-fabric-b1-c4-r2-retry1-task-0119,fabric_settlement,True,,2501,1783312255016,0,,False
1203,b2-fabric-b1-c4-r2-retry1,b2-fabric-b1-c4-r2-retry1-task-0116,fabric_query_final,True,,-96,1783312257516,0,,False
1204,b2-fabric-b1-c4-r2-retry1,b2-fabric-b1-c4-r2-retry1-task-0119,fabric_query_final,True,,-96,1783312257517,0,,False
1205,b2-fabric-b1-c4-r2-retry1,b2-fabric-b1-c4-r2-retry1-task-0117,fabric_query_final,True,,-93,1783312257514,0,,False
1206,b2-fabric-b1-c4-r2-retry1,b2-fabric-b1-c4-r2-retry1-task-0118,fabric_query_final,True,,-88,1783312257513,0,,False
1207,b2-fabric-b1-c4-r2-retry1,b2-fabric-b1-c4-r2-retry1-task-0116,ipfs_verify,True,,8,1783312257420,0,QmcWhQm9LyFEHK6Y6cGHfAC2N6UZ5aeiyCpaBr9ty1evkK,False
1208,b2-fabric-b1-c4-r2-retry1,b2-fabric-b1-c4-r2-retry1-task-0119,ipfs_verify,True,,8,1783312257421,0,QmS8grZr8V1jUVspi4mAGU2GS5MHVKC3yUBsy7aQszAoNe,False
1209,b2-fabric-b1-c4-r2-retry1,b2-fabric-b1-c4-r2-retry1-task-0117,ipfs_verify,True,,9,1783312257421,0,QmXDQtx3geYo8PJ2SMzx1hAd7UVXRuUHhfKDP8gxpWugpu,False
1210,b2-fabric-b1-c4-r2-retry1,b2-fabric-b1-c4-r2-retry1-task-0118,ipfs_verify,True,,8,1783312257425,0,QmUp6JMhmHCN1XhJbSgJKuqgcUi5RcanQaaL5Hru6z8S4Q,False
1211,b2-fabric-b1-c4-r2-retry1,b2-fabric-b1-c4-r2-retry1-task-0120,ipfs_add,True,,37,1783312257428,7055,,False
1212,b2-fabric-b1-c4-r2-retry1,b2-fabric-b1-c4-r2-retry1-task-0121,ipfs_add,True,,53,1783312257430,4778,,False
1213,b2-fabric-b1-c4-r2-retry1,b2-fabric-b1-c4-r2-retry1-task-0122,ipfs_add,True,,69,1783312257430,5117,,False
1214,b2-fabric-b1-c4-r2-retry1,b2-fabric-b1-c4-r2-retry1-task-0123,ipfs_add,True,,83,1783312257433,9648,,False
1215,b2-fabric-b1-c4-r2-retry1,b2-fabric-b1-c4-r2-retry1-task-0122,fabric_post_task,True,,2454,1783312257499,5117,QmXUXcH529nakix9U15cpEidT2HourhoUQvG7aoS3dLkEG,False
1216,b2-fabric-b1-c4-r2-retry1,b2-fabric-b1-c4-r2-retry1-task-0121,fabric_post_task,True,,2471,1783312257483,4778,QmamWwWGyFXDPTzs47NnXQaDJCnKmJNML2uLgwtA49YMHU,False
1217,b2-fabric-b1-c4-r2-retry1,b2-fabric-b1-c4-r2-retry1-task-0120,fabric_post_task,True,,2490,1783312257465,7055,QmcCwWQBqZ6738sqSyuLRWTxPt6Qtc8U1RvhvPAW1oWkkW,False
1218,b2-fabric-b1-c4-r2-retry1,b2-fabric-b1-c4-r2-retry1-task-0123,fabric_post_task,True,,2439,1783312257516,9648,QmUDRUxNR3wiggGYgdFqXj9FiZaoAXkrjj2gf4wreybMnY,False
1219,b2-fabric-b1-c4-r2-retry1,b2-fabric-b1-c4-r2-retry1-task-0123,fabric_post_allocation,True,,2339,1783312259955,0,,False
1220,b2-fabric-b1-c4-r2-retry1,b2-fabric-b1-c4-r2-retry1-task-0122,fabric_post_allocation,True,,2342,1783312259953,0,,False
1221,b2-fabric-b1-c4-r2-retry1,b2-fabric-b1-c4-r2-retry1-task-0121,fabric_post_allocation,True,,2342,1783312259954,0,,False
1222,b2-fabric-b1-c4-r2-retry1,b2-fabric-b1-c4-r2-retry1-task-0120,fabric_post_allocation,True,,2342,1783312259955,0,,False
1223,b2-fabric-b1-c4-r2-retry1,b2-fabric-b1-c4-r2-retry1-task-0122,fabric_post_snapshot,True,,2273,1783312262295,0,,False
1224,b2-fabric-b1-c4-r2-retry1,b2-fabric-b1-c4-r2-retry1-task-0120,fabric_post_snapshot,True,,2272,1783312262297,0,,False
1225,b2-fabric-b1-c4-r2-retry1,b2-fabric-b1-c4-r2-retry1-task-0121,fabric_post_snapshot,True,,2274,1783312262296,0,,False
1226,b2-fabric-b1-c4-r2-retry1,b2-fabric-b1-c4-r2-retry1-task-0123,fabric_post_snapshot,True,,2277,1783312262294,0,,False
1227,b2-fabric-b1-c4-r2-retry1,b2-fabric-b1-c4-r2-retry1-task-0122,fabric_query_confirmation,True,,119,1783312264568,0,,False
1228,b2-fabric-b1-c4-r2-retry1,b2-fabric-b1-c4-r2-retry1-task-0121,fabric_query_confirmation,True,,117,1783312264570,0,,False
1229,b2-fabric-b1-c4-r2-retry1,b2-fabric-b1-c4-r2-retry1-task-0123,fabric_query_confirmation,True,,117,1783312264571,0,,False
1230,b2-fabric-b1-c4-r2-retry1,b2-fabric-b1-c4-r2-retry1-task-0120,fabric_query_confirmation,True,,119,1783312264569,0,,False
1231,b2-fabric-b1-c4-r2-retry1,b2-fabric-b1-c4-r2-retry1-task-0123,fabric_vote_1,True,,2269,1783312264688,0,,False
1232,b2-fabric-b1-c4-r2-retry1,b2-fabric-b1-c4-r2-retry1-task-0121,fabric_vote_1,True,,2270,1783312264687,0,,False
1233,b2-fabric-b1-c4-r2-retry1,b2-fabric-b1-c4-r2-retry1-task-0120,fabric_vote_1,True,,2270,1783312264688,0,,False
1234,b2-fabric-b1-c4-r2-retry1,b2-fabric-b1-c4-r2-retry1-task-0122,fabric_vote_1,True,,2274,1783312264687,0,,False
1235,b2-fabric-b1-c4-r2-retry1,b2-fabric-b1-c4-r2-retry1-task-0123,fabric_vote_2,True,,2501,1783312266957,0,,False
1236,b2-fabric-b1-c4-r2-retry1,b2-fabric-b1-c4-r2-retry1-task-0122,fabric_vote_2,True,,2498,1783312266961,0,,False
1237,b2-fabric-b1-c4-r2-retry1,b2-fabric-b1-c4-r2-retry1-task-0121,fabric_vote_2,True,,2503,1783312266957,0,,False
1238,b2-fabric-b1-c4-r2-retry1,b2-fabric-b1-c4-r2-retry1-task-0120,fabric_vote_2,True,,2502,1783312266958,0,,False
1239,b2-fabric-b1-c4-r2-retry1,b2-fabric-b1-c4-r2-retry1-task-0122,fabric_settlement,True,,2842,1783312269459,0,,False
1240,b2-fabric-b1-c4-r2-retry1,b2-fabric-b1-c4-r2-retry1-task-0123,fabric_settlement,True,,2846,1783312269458,0,,False
1241,b2-fabric-b1-c4-r2-retry1,b2-fabric-b1-c4-r2-retry1-task-0121,fabric_settlement,True,,2845,1783312269460,0,,False
1242,b2-fabric-b1-c4-r2-retry1,b2-fabric-b1-c4-r2-retry1-task-0120,fabric_settlement,True,,2847,1783312269460,0,,False
1243,b2-fabric-b1-c4-r2-retry1,b2-fabric-b1-c4-r2-retry1-task-0122,fabric_query_final,True,,662,1783312272301,0,,False
1244,b2-fabric-b1-c4-r2-retry1,b2-fabric-b1-c4-r2-retry1-task-0120,fabric_query_final,True,,657,1783312272307,0,,False
1245,b2-fabric-b1-c4-r2-retry1,b2-fabric-b1-c4-r2-retry1-task-0123,fabric_query_final,True,,660,1783312272304,0,,False
1246,b2-fabric-b1-c4-r2-retry1,b2-fabric-b1-c4-r2-retry1-task-0121,fabric_query_final,True,,667,1783312272305,0,,False
1247,b2-fabric-b1-c4-r2-retry1,b2-fabric-b1-c4-r2-retry1-task-0122,ipfs_verify,True,,11,1783312272963,0,QmXUXcH529nakix9U15cpEidT2HourhoUQvG7aoS3dLkEG,False
1248,b2-fabric-b1-c4-r2-retry1,b2-fabric-b1-c4-r2-retry1-task-0120,ipfs_verify,True,,11,1783312272964,0,QmcCwWQBqZ6738sqSyuLRWTxPt6Qtc8U1RvhvPAW1oWkkW,False
1249,b2-fabric-b1-c4-r2-retry1,b2-fabric-b1-c4-r2-retry1-task-0123,ipfs_verify,True,,12,1783312272964,0,QmUDRUxNR3wiggGYgdFqXj9FiZaoAXkrjj2gf4wreybMnY,False
1250,b2-fabric-b1-c4-r2-retry1,b2-fabric-b1-c4-r2-retry1-task-0121,ipfs_verify,True,,9,1783312272972,0,QmamWwWGyFXDPTzs47NnXQaDJCnKmJNML2uLgwtA49YMHU,False
1251,b2-fabric-b1-c4-r2-retry1,b2-fabric-b1-c4-r2-retry1-task-0125,ipfs_add,True,,50,1783312272975,3206,,False
1252,b2-fabric-b1-c4-r2-retry1,b2-fabric-b1-c4-r2-retry1-task-0124,ipfs_add,True,,66,1783312272975,10193,,False
1253,b2-fabric-b1-c4-r2-retry1,b2-fabric-b1-c4-r2-retry1-task-0126,ipfs_add,True,,81,1783312272976,3991,,False
1254,b2-fabric-b1-c4-r2-retry1,b2-fabric-b1-c4-r2-retry1-task-0127,ipfs_add,True,,92,1783312272982,3969,,False
1255,b2-fabric-b1-c4-r2-retry1,b2-fabric-b1-c4-r2-retry1-task-0125,fabric_post_task,True,,2531,1783312273025,3206,QmWe76Fc6xMc7UE2TtXhWtuzFokCa6FcSgWL6dg6i6SRfJ,False
1256,b2-fabric-b1-c4-r2-retry1,b2-fabric-b1-c4-r2-retry1-task-0127,fabric_post_task,True,,2482,1783312273074,3969,QmNxQCkAaLmLFLMatMwgJb5bdva2owFTE2JpVTzuEA6pnQ,False
1257,b2-fabric-b1-c4-r2-retry1,b2-fabric-b1-c4-r2-retry1-task-0126,fabric_post_task,True,,2500,1783312273057,3991,QmPtdsowq8zmmDRQ1z7WASkkcgXTNTYdCxgN5vM5mEmQKU,False
1258,b2-fabric-b1-c4-r2-retry1,b2-fabric-b1-c4-r2-retry1-task-0124,fabric_post_task,True,,2516,1783312273041,10193,QmdN3kmV8Nauo2ypczxkgeUDFa3J43mcbGqcZVtUsrbPFC,False
1259,b2-fabric-b1-c4-r2-retry1,b2-fabric-b1-c4-r2-retry1-task-0127,fabric_post_allocation,True,,2349,1783312275556,0,,False
1260,b2-fabric-b1-c4-r2-retry1,b2-fabric-b1-c4-r2-retry1-task-0125,fabric_post_allocation,True,,2350,1783312275556,0,,False
1261,b2-fabric-b1-c4-r2-retry1,b2-fabric-b1-c4-r2-retry1-task-0126,fabric_post_allocation,True,,2350,1783312275557,0,,False
1262,b2-fabric-b1-c4-r2-retry1,b2-fabric-b1-c4-r2-retry1-task-0124,fabric_post_allocation,True,,2352,1783312275558,0,,False
1263,b2-fabric-b1-c4-r2-retry1,b2-fabric-b1-c4-r2-retry1-task-0126,fabric_post_snapshot,True,,2513,1783312277907,0,,False
1264,b2-fabric-b1-c4-r2-retry1,b2-fabric-b1-c4-r2-retry1-task-0125,fabric_post_snapshot,True,,2515,1783312277906,0,,False
1265,b2-fabric-b1-c4-r2-retry1,b2-fabric-b1-c4-r2-retry1-task-0124,fabric_post_snapshot,True,,2511,1783312277910,0,,False
1266,b2-fabric-b1-c4-r2-retry1,b2-fabric-b1-c4-r2-retry1-task-0127,fabric_post_snapshot,True,,2517,1783312277905,0,,False
1267,b2-fabric-b1-c4-r2-retry1,b2-fabric-b1-c4-r2-retry1-task-0124,fabric_query_confirmation,True,,119,1783312280421,0,,False
1268,b2-fabric-b1-c4-r2-retry1,b2-fabric-b1-c4-r2-retry1-task-0125,fabric_query_confirmation,True,,120,1783312280421,0,,False
1269,b2-fabric-b1-c4-r2-retry1,b2-fabric-b1-c4-r2-retry1-task-0126,fabric_query_confirmation,True,,121,1783312280420,0,,False
1270,b2-fabric-b1-c4-r2-retry1,b2-fabric-b1-c4-r2-retry1-task-0127,fabric_query_confirmation,True,,121,1783312280422,0,,False
1271,b2-fabric-b1-c4-r2-retry1,b2-fabric-b1-c4-r2-retry1-task-0124,fabric_vote_1,True,,2512,1783312280540,0,,False
1272,b2-fabric-b1-c4-r2-retry1,b2-fabric-b1-c4-r2-retry1-task-0127,fabric_vote_1,True,,2511,1783312280543,0,,False
1273,b2-fabric-b1-c4-r2-retry1,b2-fabric-b1-c4-r2-retry1-task-0126,fabric_vote_1,True,,2515,1783312280541,0,,False
1274,b2-fabric-b1-c4-r2-retry1,b2-fabric-b1-c4-r2-retry1-task-0125,fabric_vote_1,True,,2516,1783312280541,0,,False
1275,b2-fabric-b1-c4-r2-retry1,b2-fabric-b1-c4-r2-retry1-task-0127,fabric_vote_2,True,,2305,1783312283054,0,,False
1276,b2-fabric-b1-c4-r2-retry1,b2-fabric-b1-c4-r2-retry1-task-0126,fabric_vote_2,True,,2304,1783312283056,0,,False
1277,b2-fabric-b1-c4-r2-retry1,b2-fabric-b1-c4-r2-retry1-task-0124,fabric_vote_2,True,,2309,1783312283052,0,,False
1278,b2-fabric-b1-c4-r2-retry1,b2-fabric-b1-c4-r2-retry1-task-0125,fabric_vote_2,True,,2305,1783312283057,0,,False
1279,b2-fabric-b1-c4-r2-retry1,b2-fabric-b1-c4-r2-retry1-task-0124,fabric_settlement,True,,1686,1783312285361,0,,False
1280,b2-fabric-b1-c4-r2-retry1,b2-fabric-b1-c4-r2-retry1-task-0125,fabric_settlement,True,,1686,1783312285362,0,,False
1281,b2-fabric-b1-c4-r2-retry1,b2-fabric-b1-c4-r2-retry1-task-0127,fabric_settlement,True,,1691,1783312285359,0,,False
1282,b2-fabric-b1-c4-r2-retry1,b2-fabric-b1-c4-r2-retry1-task-0126,fabric_settlement,True,,1690,1783312285360,0,,False
1283,b2-fabric-b1-c4-r2-retry1,b2-fabric-b1-c4-r2-retry1-task-0124,fabric_query_final,True,,409,1783312287047,0,,False
1284,b2-fabric-b1-c4-r2-retry1,b2-fabric-b1-c4-r2-retry1-task-0126,fabric_query_final,True,,407,1783312287050,0,,False
1285,b2-fabric-b1-c4-r2-retry1,b2-fabric-b1-c4-r2-retry1-task-0127,fabric_query_final,True,,407,1783312287050,0,,False
1286,b2-fabric-b1-c4-r2-retry1,b2-fabric-b1-c4-r2-retry1-task-0127,ipfs_verify,True,,12,1783312287457,0,QmNxQCkAaLmLFLMatMwgJb5bdva2owFTE2JpVTzuEA6pnQ,False
1287,b2-fabric-b1-c4-r2-retry1,b2-fabric-b1-c4-r2-retry1-task-0124,ipfs_verify,True,,14,1783312287456,0,QmdN3kmV8Nauo2ypczxkgeUDFa3J43mcbGqcZVtUsrbPFC,False
1288,b2-fabric-b1-c4-r2-retry1,b2-fabric-b1-c4-r2-retry1-task-0126,ipfs_verify,True,,15,1783312287457,0,QmPtdsowq8zmmDRQ1z7WASkkcgXTNTYdCxgN5vM5mEmQKU,False
1289,b2-fabric-b1-c4-r2-retry1,b2-fabric-b1-c4-r2-retry1-task-0128,ipfs_add,True,,29,1783312287469,5323,,False
1290,b2-fabric-b1-c4-r2-retry1,b2-fabric-b1-c4-r2-retry1-task-0129,ipfs_add,True,,50,1783312287470,6435,,False
1291,b2-fabric-b1-c4-r2-retry1,b2-fabric-b1-c4-r2-retry1-task-0130,ipfs_add,True,,68,1783312287472,5421,,False
1292,b2-fabric-b1-c4-r2-retry1,b2-fabric-b1-c4-r2-retry1-task-0125,fabric_query_final,True,,562,1783312287048,0,,False
1293,b2-fabric-b1-c4-r2-retry1,b2-fabric-b1-c4-r2-retry1-task-0125,ipfs_verify,True,,9,1783312287610,0,QmWe76Fc6xMc7UE2TtXhWtuzFokCa6FcSgWL6dg6i6SRfJ,False
1294,b2-fabric-b1-c4-r2-retry1,b2-fabric-b1-c4-r2-retry1-task-0131,ipfs_add,True,,35,1783312287619,5219,,False
1295,b2-fabric-b1-c4-r2-retry1,b2-fabric-b1-c4-r2-retry1-task-0129,fabric_post_task,True,,2295,1783312287520,6435,QmRdeeEenQRgmkxSMK2mGyLCkKoN4YhqNwubfvJSfxYpPa,False
1296,b2-fabric-b1-c4-r2-retry1,b2-fabric-b1-c4-r2-retry1-task-0128,fabric_post_task,True,,2318,1783312287498,5323,QmQos5pRc9wxqep7nncifrFotxQs5uTEqHL3FeTHYErDSa,False
1297,b2-fabric-b1-c4-r2-retry1,b2-fabric-b1-c4-r2-retry1-task-0130,fabric_post_task,True,,2276,1783312287540,5421,QmasDoPun8NvohoPkm66UZpwkaJFFvmh8hCVDMoxGk7S7Z,False
1298,b2-fabric-b1-c4-r2-retry1,b2-fabric-b1-c4-r2-retry1-task-0131,fabric_post_task,True,,2164,1783312287654,5219,QmZj7xUMfzrxW16za1Jy2ZVd3iayZXWvUsAREvSyZuRbVu,False
1299,b2-fabric-b1-c4-r2-retry1,b2-fabric-b1-c4-r2-retry1-task-0131,fabric_post_allocation,True,,2294,1783312289818,0,,False
1300,b2-fabric-b1-c4-r2-retry1,b2-fabric-b1-c4-r2-retry1-task-0128,fabric_post_allocation,True,,2297,1783312289816,0,,False
1301,b2-fabric-b1-c4-r2-retry1,b2-fabric-b1-c4-r2-retry1-task-0129,fabric_post_allocation,True,,2301,1783312289815,0,,False
1302,b2-fabric-b1-c4-r2-retry1,b2-fabric-b1-c4-r2-retry1-task-0130,fabric_post_allocation,True,,2300,1783312289816,0,,False
1303,b2-fabric-b1-c4-r2-retry1,b2-fabric-b1-c4-r2-retry1-task-0128,fabric_post_snapshot,True,,2293,1783312292113,0,,False
1304,b2-fabric-b1-c4-r2-retry1,b2-fabric-b1-c4-r2-retry1-task-0131,fabric_post_snapshot,True,,2293,1783312292113,0,,False
1305,b2-fabric-b1-c4-r2-retry1,b2-fabric-b1-c4-r2-retry1-task-0129,fabric_post_snapshot,True,,2291,1783312292116,0,,False
1306,b2-fabric-b1-c4-r2-retry1,b2-fabric-b1-c4-r2-retry1-task-0130,fabric_post_snapshot,True,,2294,1783312292116,0,,False
1307,b2-fabric-b1-c4-r2-retry1,b2-fabric-b1-c4-r2-retry1-task-0128,fabric_query_confirmation,True,,325,1783312294406,0,,False
1308,b2-fabric-b1-c4-r2-retry1,b2-fabric-b1-c4-r2-retry1-task-0131,fabric_query_confirmation,True,,326,1783312294406,0,,False
1309,b2-fabric-b1-c4-r2-retry1,b2-fabric-b1-c4-r2-retry1-task-0129,fabric_query_confirmation,True,,325,1783312294407,0,,False
1310,b2-fabric-b1-c4-r2-retry1,b2-fabric-b1-c4-r2-retry1-task-0130,fabric_query_confirmation,True,,324,1783312294410,0,,False
1311,b2-fabric-b1-c4-r2-retry1,b2-fabric-b1-c4-r2-retry1-task-0130,fabric_vote_1,True,,2276,1783312294734,0,,False
1312,b2-fabric-b1-c4-r2-retry1,b2-fabric-b1-c4-r2-retry1-task-0131,fabric_vote_1,True,,2278,1783312294732,0,,False
1313,b2-fabric-b1-c4-r2-retry1,b2-fabric-b1-c4-r2-retry1-task-0129,fabric_vote_1,True,,2280,1783312294732,0,,False
1314,b2-fabric-b1-c4-r2-retry1,b2-fabric-b1-c4-r2-retry1-task-0128,fabric_vote_1,True,,2285,1783312294731,0,,False
1315,b2-fabric-b1-c4-r2-retry1,b2-fabric-b1-c4-r2-retry1-task-0130,fabric_vote_2,True,,2277,1783312297010,0,,False
1316,b2-fabric-b1-c4-r2-retry1,b2-fabric-b1-c4-r2-retry1-task-0128,fabric_vote_2,True,,2271,1783312297016,0,,False
1317,b2-fabric-b1-c4-r2-retry1,b2-fabric-b1-c4-r2-retry1-task-0131,fabric_vote_2,True,,2279,1783312297010,0,,False
1318,b2-fabric-b1-c4-r2-retry1,b2-fabric-b1-c4-r2-retry1-task-0129,fabric_vote_2,True,,2277,1783312297012,0,,False
1319,b2-fabric-b1-c4-r2-retry1,b2-fabric-b1-c4-r2-retry1-task-0128,fabric_settlement,True,,2766,1783312299287,0,,False
1320,b2-fabric-b1-c4-r2-retry1,b2-fabric-b1-c4-r2-retry1-task-0129,fabric_settlement,True,,2765,1783312299289,0,,False
1321,b2-fabric-b1-c4-r2-retry1,b2-fabric-b1-c4-r2-retry1-task-0130,fabric_settlement,True,,2768,1783312299287,0,,False
1322,b2-fabric-b1-c4-r2-retry1,b2-fabric-b1-c4-r2-retry1-task-0131,fabric_settlement,True,,2767,1783312299289,0,,False
1323,b2-fabric-b1-c4-r2-retry1,b2-fabric-b1-c4-r2-retry1-task-0129,fabric_query_final,True,,444,1783312302054,0,,False
1324,b2-fabric-b1-c4-r2-retry1,b2-fabric-b1-c4-r2-retry1-task-0130,fabric_query_final,True,,444,1783312302055,0,,False
1325,b2-fabric-b1-c4-r2-retry1,b2-fabric-b1-c4-r2-retry1-task-0131,fabric_query_final,True,,443,1783312302056,0,,False
1326,b2-fabric-b1-c4-r2-retry1,b2-fabric-b1-c4-r2-retry1-task-0128,fabric_query_final,True,,453,1783312302053,0,,False
1327,b2-fabric-b1-c4-r2-retry1,b2-fabric-b1-c4-r2-retry1-task-0131,ipfs_verify,True,,8,1783312302499,0,QmZj7xUMfzrxW16za1Jy2ZVd3iayZXWvUsAREvSyZuRbVu,False
1328,b2-fabric-b1-c4-r2-retry1,b2-fabric-b1-c4-r2-retry1-task-0130,ipfs_verify,True,,8,1783312302499,0,QmasDoPun8NvohoPkm66UZpwkaJFFvmh8hCVDMoxGk7S7Z,False
1329,b2-fabric-b1-c4-r2-retry1,b2-fabric-b1-c4-r2-retry1-task-0129,ipfs_verify,True,,10,1783312302498,0,QmRdeeEenQRgmkxSMK2mGyLCkKoN4YhqNwubfvJSfxYpPa,False
1330,b2-fabric-b1-c4-r2-retry1,b2-fabric-b1-c4-r2-retry1-task-0128,ipfs_verify,True,,7,1783312302506,0,QmQos5pRc9wxqep7nncifrFotxQs5uTEqHL3FeTHYErDSa,False
1331,b2-fabric-b1-c4-r2-retry1,b2-fabric-b1-c4-r2-retry1-task-0132,ipfs_add,True,,27,1783312302507,5599,,False
1332,b2-fabric-b1-c4-r2-retry1,b2-fabric-b1-c4-r2-retry1-task-0134,ipfs_add,True,,58,1783312302508,5569,,False
1333,b2-fabric-b1-c4-r2-retry1,b2-fabric-b1-c4-r2-retry1-task-0133,ipfs_add,True,,76,1783312302507,4372,,False
1334,b2-fabric-b1-c4-r2-retry1,b2-fabric-b1-c4-r2-retry1-task-0135,ipfs_add,True,,71,1783312302513,6297,,False
1335,b2-fabric-b1-c4-r2-retry1,b2-fabric-b1-c4-r2-retry1-task-0133,fabric_post_task,True,,2437,1783312302583,4372,QmV9gx3VUoqhkXRkzRD7hEPhbZz6mSJ82UTFrCpLh1TD3b,False
1336,b2-fabric-b1-c4-r2-retry1,b2-fabric-b1-c4-r2-retry1-task-0132,fabric_post_task,True,,2487,1783312302534,5599,QmYCBqE2NteLr9sLnHjbiStJeVErpKho8QFCw7417W1UW7,False
1337,b2-fabric-b1-c4-r2-retry1,b2-fabric-b1-c4-r2-retry1-task-0135,fabric_post_task,True,,2437,1783312302584,6297,QmRgs6w8r3X2JvyiVmXrFPnc5Whw1EhTnEw6iDRUTAKBSq,False
1338,b2-fabric-b1-c4-r2-retry1,b2-fabric-b1-c4-r2-retry1-task-0134,fabric_post_task,True,,2457,1783312302566,5569,QmPW1qU3hoUSoGbD2KjbwxVen41kGxev6EBjJ6zmEFnCrD,False
1339,b2-fabric-b1-c4-r2-retry1,b2-fabric-b1-c4-r2-retry1-task-0135,fabric_post_allocation,True,,2311,1783312305021,0,,False
1340,b2-fabric-b1-c4-r2-retry1,b2-fabric-b1-c4-r2-retry1-task-0133,fabric_post_allocation,True,,2312,1783312305020,0,,False
1341,b2-fabric-b1-c4-r2-retry1,b2-fabric-b1-c4-r2-retry1-task-0132,fabric_post_allocation,True,,2312,1783312305021,0,,False
1342,b2-fabric-b1-c4-r2-retry1,b2-fabric-b1-c4-r2-retry1-task-0134,fabric_post_allocation,True,,2312,1783312305023,0,,False
1343,b2-fabric-b1-c4-r2-retry1,b2-fabric-b1-c4-r2-retry1-task-0135,fabric_post_snapshot,True,,2468,1783312307332,0,,False
1344,b2-fabric-b1-c4-r2-retry1,b2-fabric-b1-c4-r2-retry1-task-0133,fabric_post_snapshot,True,,2468,1783312307332,0,,False
1345,b2-fabric-b1-c4-r2-retry1,b2-fabric-b1-c4-r2-retry1-task-0132,fabric_post_snapshot,True,,2470,1783312307333,0,,False
1346,b2-fabric-b1-c4-r2-retry1,b2-fabric-b1-c4-r2-retry1-task-0134,fabric_post_snapshot,True,,2469,1783312307335,0,,False
1347,b2-fabric-b1-c4-r2-retry1,b2-fabric-b1-c4-r2-retry1-task-0134,fabric_query_confirmation,True,,123,1783312309804,0,,False
1348,b2-fabric-b1-c4-r2-retry1,b2-fabric-b1-c4-r2-retry1-task-0135,fabric_query_confirmation,True,,128,1783312309800,0,,False
1349,b2-fabric-b1-c4-r2-retry1,b2-fabric-b1-c4-r2-retry1-task-0132,fabric_query_confirmation,True,,125,1783312309803,0,,False
1350,b2-fabric-b1-c4-r2-retry1,b2-fabric-b1-c4-r2-retry1-task-0133,fabric_query_confirmation,True,,176,1783312309800,0,,False
1351,b2-fabric-b1-c4-r2-retry1,b2-fabric-b1-c4-r2-retry1-task-0134,fabric_vote_1,True,,2274,1783312309927,0,,False
1352,b2-fabric-b1-c4-r2-retry1,b2-fabric-b1-c4-r2-retry1-task-0135,fabric_vote_1,True,,2275,1783312309928,0,,False
1353,b2-fabric-b1-c4-r2-retry1,b2-fabric-b1-c4-r2-retry1-task-0132,fabric_vote_1,True,,2275,1783312309928,0,,False
1354,b2-fabric-b1-c4-r2-retry1,b2-fabric-b1-c4-r2-retry1-task-0133,fabric_vote_1,True,,2228,1783312309976,0,,False
1355,b2-fabric-b1-c4-r2-retry1,b2-fabric-b1-c4-r2-retry1-task-0135,fabric_vote_2,True,,2309,1783312312203,0,,False
1356,b2-fabric-b1-c4-r2-retry1,b2-fabric-b1-c4-r2-retry1-task-0132,fabric_vote_2,True,,2310,1783312312203,0,,False
1357,b2-fabric-b1-c4-r2-retry1,b2-fabric-b1-c4-r2-retry1-task-0133,fabric_vote_2,True,,2310,1783312312204,0,,False
1358,b2-fabric-b1-c4-r2-retry1,b2-fabric-b1-c4-r2-retry1-task-0134,fabric_vote_2,True,,2313,1783312312201,0,,False
1359,b2-fabric-b1-c4-r2-retry1,b2-fabric-b1-c4-r2-retry1-task-0135,fabric_settlement,True,,2324,1783312314512,0,,False
1360,b2-fabric-b1-c4-r2-retry1,b2-fabric-b1-c4-r2-retry1-task-0134,fabric_settlement,True,,2323,1783312314514,0,,False
1361,b2-fabric-b1-c4-r2-retry1,b2-fabric-b1-c4-r2-retry1-task-0133,fabric_settlement,True,,2323,1783312314514,0,,False
1362,b2-fabric-b1-c4-r2-retry1,b2-fabric-b1-c4-r2-retry1-task-0132,fabric_settlement,True,,2326,1783312314513,0,,False
1363,b2-fabric-b1-c4-r2-retry1,b2-fabric-b1-c4-r2-retry1-task-0132,fabric_query_final,True,,-150,1783312316839,0,,False
1364,b2-fabric-b1-c4-r2-retry1,b2-fabric-b1-c4-r2-retry1-task-0133,fabric_query_final,True,,-147,1783312316837,0,,False
1365,b2-fabric-b1-c4-r2-retry1,b2-fabric-b1-c4-r2-retry1-task-0134,fabric_query_final,True,,-146,1783312316837,0,,False
1366,b2-fabric-b1-c4-r2-retry1,b2-fabric-b1-c4-r2-retry1-task-0135,fabric_query_final,True,,-142,1783312316836,0,,False
1367,b2-fabric-b1-c4-r2-retry1,b2-fabric-b1-c4-r2-retry1-task-0133,ipfs_verify,True,,9,1783312316690,0,QmV9gx3VUoqhkXRkzRD7hEPhbZz6mSJ82UTFrCpLh1TD3b,False
1368,b2-fabric-b1-c4-r2-retry1,b2-fabric-b1-c4-r2-retry1-task-0132,ipfs_verify,True,,10,1783312316689,0,QmYCBqE2NteLr9sLnHjbiStJeVErpKho8QFCw7417W1UW7,False
1369,b2-fabric-b1-c4-r2-retry1,b2-fabric-b1-c4-r2-retry1-task-0134,ipfs_verify,True,,9,1783312316691,0,QmPW1qU3hoUSoGbD2KjbwxVen41kGxev6EBjJ6zmEFnCrD,False
1370,b2-fabric-b1-c4-r2-retry1,b2-fabric-b1-c4-r2-retry1-task-0135,ipfs_verify,True,,8,1783312316694,0,QmRgs6w8r3X2JvyiVmXrFPnc5Whw1EhTnEw6iDRUTAKBSq,False
1371,b2-fabric-b1-c4-r2-retry1,b2-fabric-b1-c4-r2-retry1-task-0136,ipfs_add,True,,31,1783312316699,6870,,False
1372,b2-fabric-b1-c4-r2-retry1,b2-fabric-b1-c4-r2-retry1-task-0137,ipfs_add,True,,64,1783312316700,7887,,False
1373,b2-fabric-b1-c4-r2-retry1,b2-fabric-b1-c4-r2-retry1-task-0138,ipfs_add,True,,82,1783312316700,6123,,False
1374,b2-fabric-b1-c4-r2-retry1,b2-fabric-b1-c4-r2-retry1-task-0139,ipfs_add,True,,81,1783312316702,6068,,False
1375,b2-fabric-b1-c4-r2-retry1,b2-fabric-b1-c4-r2-retry1-task-0138,fabric_post_task,True,,2477,1783312316782,6123,QmbxM1rZVTmJDLmT8oQiDaJVpa1uuVzFek4Pc5717x6PYe,False
1376,b2-fabric-b1-c4-r2-retry1,b2-fabric-b1-c4-r2-retry1-task-0139,fabric_post_task,True,,2478,1783312316783,6068,QmcYTUAPQTyEWywqTmthoC8xdU1HHnjNHDDrwpWHCUcep9,False
1377,b2-fabric-b1-c4-r2-retry1,b2-fabric-b1-c4-r2-retry1-task-0136,fabric_post_task,True,,2532,1783312316730,6870,QmUPhkQr4hDrWibXiUjzuteThhvoD1pXuAQ2pvNnCtyJec,False
1378,b2-fabric-b1-c4-r2-retry1,b2-fabric-b1-c4-r2-retry1-task-0137,fabric_post_task,True,,2499,1783312316764,7887,QmWoPof7qbWPGdMFqG2nBUciJqbqXCfAPLUDZ7bcxJMDyk,False
1379,b2-fabric-b1-c4-r2-retry1,b2-fabric-b1-c4-r2-retry1-task-0139,fabric_post_allocation,True,,2363,1783312319261,0,,False
1380,b2-fabric-b1-c4-r2-retry1,b2-fabric-b1-c4-r2-retry1-task-0137,fabric_post_allocation,True,,2361,1783312319263,0,,False
1381,b2-fabric-b1-c4-r2-retry1,b2-fabric-b1-c4-r2-retry1-task-0138,fabric_post_allocation,True,,2365,1783312319260,0,,False
1382,b2-fabric-b1-c4-r2-retry1,b2-fabric-b1-c4-r2-retry1-task-0136,fabric_post_allocation,True,,2365,1783312319262,0,,False
1383,b2-fabric-b1-c4-r2-retry1,b2-fabric-b1-c4-r2-retry1-task-0136,fabric_post_snapshot,True,,2324,1783312321627,0,,False
1384,b2-fabric-b1-c4-r2-retry1,b2-fabric-b1-c4-r2-retry1-task-0139,fabric_post_snapshot,True,,2329,1783312321624,0,,False
1385,b2-fabric-b1-c4-r2-retry1,b2-fabric-b1-c4-r2-retry1-task-0138,fabric_post_snapshot,True,,2328,1783312321625,0,,False
1386,b2-fabric-b1-c4-r2-retry1,b2-fabric-b1-c4-r2-retry1-task-0137,fabric_post_snapshot,True,,2332,1783312321624,0,,False
1387,b2-fabric-b1-c4-r2-retry1,b2-fabric-b1-c4-r2-retry1-task-0139,fabric_query_confirmation,True,,417,1783312323953,0,,False
1388,b2-fabric-b1-c4-r2-retry1,b2-fabric-b1-c4-r2-retry1-task-0137,fabric_query_confirmation,True,,415,1783312323956,0,,False
1389,b2-fabric-b1-c4-r2-retry1,b2-fabric-b1-c4-r2-retry1-task-0138,fabric_query_confirmation,True,,418,1783312323953,0,,False
1390,b2-fabric-b1-c4-r2-retry1,b2-fabric-b1-c4-r2-retry1-task-0136,fabric_query_confirmation,True,,421,1783312323951,0,,False
1391,b2-fabric-b1-c4-r2-retry1,b2-fabric-b1-c4-r2-retry1-task-0137,fabric_vote_1,True,,2305,1783312324371,0,,False
1392,b2-fabric-b1-c4-r2-retry1,b2-fabric-b1-c4-r2-retry1-task-0139,fabric_vote_1,True,,2308,1783312324370,0,,False
1393,b2-fabric-b1-c4-r2-retry1,b2-fabric-b1-c4-r2-retry1-task-0136,fabric_vote_1,True,,2306,1783312324372,0,,False
1394,b2-fabric-b1-c4-r2-retry1,b2-fabric-b1-c4-r2-retry1-task-0138,fabric_vote_1,True,,2309,1783312324371,0,,False
1395,b2-fabric-b1-c4-r2-retry1,b2-fabric-b1-c4-r2-retry1-task-0137,fabric_vote_2,True,,2255,1783312326676,0,,False
1396,b2-fabric-b1-c4-r2-retry1,b2-fabric-b1-c4-r2-retry1-task-0136,fabric_vote_2,True,,2254,1783312326678,0,,False
1397,b2-fabric-b1-c4-r2-retry1,b2-fabric-b1-c4-r2-retry1-task-0138,fabric_vote_2,True,,2252,1783312326680,0,,False
1398,b2-fabric-b1-c4-r2-retry1,b2-fabric-b1-c4-r2-retry1-task-0139,fabric_vote_2,True,,2258,1783312326678,0,,False
1399,b2-fabric-b1-c4-r2-retry1,b2-fabric-b1-c4-r2-retry1-task-0138,fabric_settlement,True,,2893,1783312328932,0,,False
1400,b2-fabric-b1-c4-r2-retry1,b2-fabric-b1-c4-r2-retry1-task-0139,fabric_settlement,True,,2893,1783312328936,0,,False
1401,b2-fabric-b1-c4-r2-retry1,b2-fabric-b1-c4-r2-retry1-task-0136,fabric_settlement,True,,2899,1783312328932,0,,False
1402,b2-fabric-b1-c4-r2-retry1,b2-fabric-b1-c4-r2-retry1-task-0137,fabric_settlement,True,,2900,1783312328931,0,,False
1403,b2-fabric-b1-c4-r2-retry1,b2-fabric-b1-c4-r2-retry1-task-0136,fabric_query_final,True,,700,1783312331831,0,,False
1404,b2-fabric-b1-c4-r2-retry1,b2-fabric-b1-c4-r2-retry1-task-0138,fabric_query_final,True,,706,1783312331825,0,,False
1405,b2-fabric-b1-c4-r2-retry1,b2-fabric-b1-c4-r2-retry1-task-0139,fabric_query_final,True,,703,1783312331829,0,,False
1406,b2-fabric-b1-c4-r2-retry1,b2-fabric-b1-c4-r2-retry1-task-0137,fabric_query_final,True,,704,1783312331831,0,,False
1407,b2-fabric-b1-c4-r2-retry1,b2-fabric-b1-c4-r2-retry1-task-0139,ipfs_verify,True,,7,1783312332532,0,QmcYTUAPQTyEWywqTmthoC8xdU1HHnjNHDDrwpWHCUcep9,False
1408,b2-fabric-b1-c4-r2-retry1,b2-fabric-b1-c4-r2-retry1-task-0138,ipfs_verify,True,,9,1783312332531,0,QmbxM1rZVTmJDLmT8oQiDaJVpa1uuVzFek4Pc5717x6PYe,False
1409,b2-fabric-b1-c4-r2-retry1,b2-fabric-b1-c4-r2-retry1-task-0136,ipfs_verify,True,,10,1783312332531,0,QmUPhkQr4hDrWibXiUjzuteThhvoD1pXuAQ2pvNnCtyJec,False
1410,b2-fabric-b1-c4-r2-retry1,b2-fabric-b1-c4-r2-retry1-task-0137,ipfs_verify,True,,8,1783312332535,0,QmWoPof7qbWPGdMFqG2nBUciJqbqXCfAPLUDZ7bcxJMDyk,False
1411,b2-fabric-b1-c4-r2-retry1,b2-fabric-b1-c4-r2-retry1-task-0142,ipfs_add,True,,39,1783312332541,4723,,False
1412,b2-fabric-b1-c4-r2-retry1,b2-fabric-b1-c4-r2-retry1-task-0140,ipfs_add,True,,57,1783312332539,3566,,False
1413,b2-fabric-b1-c4-r2-retry1,b2-fabric-b1-c4-r2-retry1-task-0141,ipfs_add,True,,74,1783312332540,3943,,False
1414,b2-fabric-b1-c4-r2-retry1,b2-fabric-b1-c4-r2-retry1-task-0143,ipfs_add,True,,72,1783312332543,4660,,False
1415,b2-fabric-b1-c4-r2-retry1,b2-fabric-b1-c4-r2-retry1-task-0142,fabric_post_task,True,,2540,1783312332580,4723,QmU3gpt8BjdpgMNTTBdF3QXFR37K5SeqUjAYEdmDDig4s5,False
1416,b2-fabric-b1-c4-r2-retry1,b2-fabric-b1-c4-r2-retry1-task-0143,fabric_post_task,True,,2507,1783312332615,4660,QmTVqeXCxoxwjjanTn4HJUbLVnB4bpVmZgGrTummJ1AQqo,False
1417,b2-fabric-b1-c4-r2-retry1,b2-fabric-b1-c4-r2-retry1-task-0141,fabric_post_task,True,,2509,1783312332614,3943,QmU8ccPSVuF7qqoiKy2DMjjWHVge9mBhGy7hX3oM4mFnxu,False
1418,b2-fabric-b1-c4-r2-retry1,b2-fabric-b1-c4-r2-retry1-task-0140,fabric_post_task,True,,2528,1783312332597,3566,QmbKUL6FKk5HdN2RKMY4E5T2YgBw8gzyMB9qqscewgU2PM,False
1419,b2-fabric-b1-c4-r2-retry1,b2-fabric-b1-c4-r2-retry1-task-0143,fabric_post_allocation,True,,2359,1783312335122,0,,False
1420,b2-fabric-b1-c4-r2-retry1,b2-fabric-b1-c4-r2-retry1-task-0141,fabric_post_allocation,True,,2364,1783312335123,0,,False
1421,b2-fabric-b1-c4-r2-retry1,b2-fabric-b1-c4-r2-retry1-task-0142,fabric_post_allocation,True,,2368,1783312335120,0,,False
1422,b2-fabric-b1-c4-r2-retry1,b2-fabric-b1-c4-r2-retry1-task-0140,fabric_post_allocation,True,,2363,1783312335125,0,,False
1423,b2-fabric-b1-c4-r2-retry1,b2-fabric-b1-c4-r2-retry1-task-0140,fabric_post_snapshot,True,,2268,1783312337488,0,,False
1424,b2-fabric-b1-c4-r2-retry1,b2-fabric-b1-c4-r2-retry1-task-0141,fabric_post_snapshot,True,,2270,1783312337487,0,,False
1425,b2-fabric-b1-c4-r2-retry1,b2-fabric-b1-c4-r2-retry1-task-0143,fabric_post_snapshot,True,,2276,1783312337481,0,,False
1426,b2-fabric-b1-c4-r2-retry1,b2-fabric-b1-c4-r2-retry1-task-0142,fabric_post_snapshot,True,,2271,1783312337488,0,,False
1427,b2-fabric-b1-c4-r2-retry1,b2-fabric-b1-c4-r2-retry1-task-0141,fabric_query_confirmation,True,,124,1783312339757,0,,False
1428,b2-fabric-b1-c4-r2-retry1,b2-fabric-b1-c4-r2-retry1-task-0142,fabric_query_confirmation,True,,122,1783312339759,0,,False
1429,b2-fabric-b1-c4-r2-retry1,b2-fabric-b1-c4-r2-retry1-task-0140,fabric_query_confirmation,True,,126,1783312339756,0,,False
1430,b2-fabric-b1-c4-r2-retry1,b2-fabric-b1-c4-r2-retry1-task-0143,fabric_query_confirmation,True,,128,1783312339757,0,,False
1431,b2-fabric-b1-c4-r2-retry1,b2-fabric-b1-c4-r2-retry1-task-0141,fabric_vote_1,True,,2508,1783312339881,0,,False
1432,b2-fabric-b1-c4-r2-retry1,b2-fabric-b1-c4-r2-retry1-task-0142,fabric_vote_1,True,,2511,1783312339881,0,,False
1433,b2-fabric-b1-c4-r2-retry1,b2-fabric-b1-c4-r2-retry1-task-0143,fabric_vote_1,True,,2510,1783312339885,0,,False
1434,b2-fabric-b1-c4-r2-retry1,b2-fabric-b1-c4-r2-retry1-task-0140,fabric_vote_1,True,,2515,1783312339882,0,,False
1435,b2-fabric-b1-c4-r2-retry1,b2-fabric-b1-c4-r2-retry1-task-0140,fabric_vote_2,True,,2341,1783312342397,0,,False
1436,b2-fabric-b1-c4-r2-retry1,b2-fabric-b1-c4-r2-retry1-task-0143,fabric_vote_2,True,,2344,1783312342395,0,,False
1437,b2-fabric-b1-c4-r2-retry1,b2-fabric-b1-c4-r2-retry1-task-0141,fabric_vote_2,True,,2350,1783312342389,0,,False
1438,b2-fabric-b1-c4-r2-retry1,b2-fabric-b1-c4-r2-retry1-task-0142,fabric_vote_2,True,,2351,1783312342392,0,,False
1439,b2-fabric-b1-c4-r2-retry1,b2-fabric-b1-c4-r2-retry1-task-0143,fabric_settlement,True,,1819,1783312344739,0,,False
1440,b2-fabric-b1-c4-r2-retry1,b2-fabric-b1-c4-r2-retry1-task-0140,fabric_settlement,True,,1822,1783312344738,0,,False
1441,b2-fabric-b1-c4-r2-retry1,b2-fabric-b1-c4-r2-retry1-task-0142,fabric_settlement,True,,1817,1783312344743,0,,False
1442,b2-fabric-b1-c4-r2-retry1,b2-fabric-b1-c4-r2-retry1-task-0141,fabric_settlement,True,,1825,1783312344739,0,,False
1443,b2-fabric-b1-c4-r2-retry1,b2-fabric-b1-c4-r2-retry1-task-0140,fabric_query_final,True,,793,1783312346560,0,,False
1444,b2-fabric-b1-c4-r2-retry1,b2-fabric-b1-c4-r2-retry1-task-0142,fabric_query_final,True,,794,1783312346560,0,,False
1445,b2-fabric-b1-c4-r2-retry1,b2-fabric-b1-c4-r2-retry1-task-0143,fabric_query_final,True,,798,1783312346558,0,,False
1446,b2-fabric-b1-c4-r2-retry1,b2-fabric-b1-c4-r2-retry1-task-0141,fabric_query_final,True,,799,1783312346564,0,,False
1447,b2-fabric-b1-c4-r2-retry1,b2-fabric-b1-c4-r2-retry1-task-0143,ipfs_verify,True,,7,1783312347356,0,QmTVqeXCxoxwjjanTn4HJUbLVnB4bpVmZgGrTummJ1AQqo,False
1448,b2-fabric-b1-c4-r2-retry1,b2-fabric-b1-c4-r2-retry1-task-0142,ipfs_verify,True,,10,1783312347354,0,QmU3gpt8BjdpgMNTTBdF3QXFR37K5SeqUjAYEdmDDig4s5,False
1449,b2-fabric-b1-c4-r2-retry1,b2-fabric-b1-c4-r2-retry1-task-0140,ipfs_verify,True,,13,1783312347353,0,QmbKUL6FKk5HdN2RKMY4E5T2YgBw8gzyMB9qqscewgU2PM,False
1450,b2-fabric-b1-c4-r2-retry1,b2-fabric-b1-c4-r2-retry1-task-0141,ipfs_verify,True,,8,1783312347363,0,QmU8ccPSVuF7qqoiKy2DMjjWHVge9mBhGy7hX3oM4mFnxu,False
1451,b2-fabric-b1-c4-r2-retry1,b2-fabric-b1-c4-r2-retry1-task-0145,ipfs_add,True,,33,1783312347364,5462,,False
1452,b2-fabric-b1-c4-r2-retry1,b2-fabric-b1-c4-r2-retry1-task-0144,ipfs_add,True,,50,1783312347364,4312,,False
1453,b2-fabric-b1-c4-r2-retry1,b2-fabric-b1-c4-r2-retry1-task-0146,ipfs_add,True,,64,1783312347366,5475,,False
1454,b2-fabric-b1-c4-r2-retry1,b2-fabric-b1-c4-r2-retry1-task-0147,ipfs_add,True,,77,1783312347371,4284,,False
1455,b2-fabric-b1-c4-r2-retry1,b2-fabric-b1-c4-r2-retry1-task-0147,fabric_post_task,True,,2448,1783312347448,4284,QmaFJBETp4JJdAzBH3NfaGGXCVai8pRVmMEDArMatXyrJg,False
1456,b2-fabric-b1-c4-r2-retry1,b2-fabric-b1-c4-r2-retry1-task-0146,fabric_post_task,True,,2466,1783312347430,5475,QmTMCQj8BgjN1EopLd1uCHtQPJNQPLrifD8h5c2wtJkq4h,False
1457,b2-fabric-b1-c4-r2-retry1,b2-fabric-b1-c4-r2-retry1-task-0145,fabric_post_task,True,,2501,1783312347397,5462,QmQawzw1KxV8h7JpxSeDVLwBKMdBrxUCm6dAZkW6LZqh7T,False
1458,b2-fabric-b1-c4-r2-retry1,b2-fabric-b1-c4-r2-retry1-task-0144,fabric_post_task,True,,2485,1783312347414,4312,QmQZAxaxKLLJQ3P2WWPiuXefNDpmhXdj7A3T7qaNxDGnnf,False
1459,b2-fabric-b1-c4-r2-retry1,b2-fabric-b1-c4-r2-retry1-task-0145,fabric_post_allocation,True,,2378,1783312349898,0,,False
1460,b2-fabric-b1-c4-r2-retry1,b2-fabric-b1-c4-r2-retry1-task-0144,fabric_post_allocation,True,,2378,1783312349899,0,,False
1461,b2-fabric-b1-c4-r2-retry1,b2-fabric-b1-c4-r2-retry1-task-0146,fabric_post_allocation,True,,2385,1783312349896,0,,False
1462,b2-fabric-b1-c4-r2-retry1,b2-fabric-b1-c4-r2-retry1-task-0147,fabric_post_allocation,True,,2387,1783312349896,0,,False
1463,b2-fabric-b1-c4-r2-retry1,b2-fabric-b1-c4-r2-retry1-task-0145,fabric_post_snapshot,True,,2356,1783312352276,0,,False
1464,b2-fabric-b1-c4-r2-retry1,b2-fabric-b1-c4-r2-retry1-task-0144,fabric_post_snapshot,True,,2356,1783312352277,0,,False
1465,b2-fabric-b1-c4-r2-retry1,b2-fabric-b1-c4-r2-retry1-task-0147,fabric_post_snapshot,True,,2350,1783312352283,0,,False
1466,b2-fabric-b1-c4-r2-retry1,b2-fabric-b1-c4-r2-retry1-task-0146,fabric_post_snapshot,True,,2355,1783312352281,0,,False
1467,b2-fabric-b1-c4-r2-retry1,b2-fabric-b1-c4-r2-retry1-task-0144,fabric_query_confirmation,True,,125,1783312354633,0,,False
1468,b2-fabric-b1-c4-r2-retry1,b2-fabric-b1-c4-r2-retry1-task-0146,fabric_query_confirmation,True,,124,1783312354636,0,,False
1469,b2-fabric-b1-c4-r2-retry1,b2-fabric-b1-c4-r2-retry1-task-0147,fabric_query_confirmation,True,,128,1783312354633,0,,False
1470,b2-fabric-b1-c4-r2-retry1,b2-fabric-b1-c4-r2-retry1-task-0145,fabric_query_confirmation,True,,131,1783312354632,0,,False
1471,b2-fabric-b1-c4-r2-retry1,b2-fabric-b1-c4-r2-retry1-task-0144,fabric_vote_1,True,,2269,1783312354758,0,,False
1472,b2-fabric-b1-c4-r2-retry1,b2-fabric-b1-c4-r2-retry1-task-0147,fabric_vote_1,True,,2266,1783312354761,0,,False
1473,b2-fabric-b1-c4-r2-retry1,b2-fabric-b1-c4-r2-retry1-task-0145,fabric_vote_1,True,,2265,1783312354763,0,,False
1474,b2-fabric-b1-c4-r2-retry1,b2-fabric-b1-c4-r2-retry1-task-0146,fabric_vote_1,True,,2271,1783312354760,0,,False
1475,b2-fabric-b1-c4-r2-retry1,b2-fabric-b1-c4-r2-retry1-task-0147,fabric_vote_2,True,,2489,1783312357027,0,,False
1476,b2-fabric-b1-c4-r2-retry1,b2-fabric-b1-c4-r2-retry1-task-0146,fabric_vote_2,True,,2488,1783312357031,0,,False
1477,b2-fabric-b1-c4-r2-retry1,b2-fabric-b1-c4-r2-retry1-task-0144,fabric_vote_2,True,,2492,1783312357027,0,,False
1478,b2-fabric-b1-c4-r2-retry1,b2-fabric-b1-c4-r2-retry1-task-0145,fabric_vote_2,True,,2492,1783312357028,0,,False
1479,b2-fabric-b1-c4-r2-retry1,b2-fabric-b1-c4-r2-retry1-task-0146,fabric_settlement,True,,2774,1783312359519,0,,False
1480,b2-fabric-b1-c4-r2-retry1,b2-fabric-b1-c4-r2-retry1-task-0144,fabric_settlement,True,,2776,1783312359519,0,,False
1481,b2-fabric-b1-c4-r2-retry1,b2-fabric-b1-c4-r2-retry1-task-0145,fabric_settlement,True,,2775,1783312359520,0,,False
1482,b2-fabric-b1-c4-r2-retry1,b2-fabric-b1-c4-r2-retry1-task-0147,fabric_settlement,True,,2780,1783312359516,0,,False
1483,b2-fabric-b1-c4-r2-retry1,b2-fabric-b1-c4-r2-retry1-task-0144,fabric_query_final,True,,685,1783312362295,0,,False
1484,b2-fabric-b1-c4-r2-retry1,b2-fabric-b1-c4-r2-retry1-task-0145,fabric_query_final,True,,685,1783312362295,0,,False
1485,b2-fabric-b1-c4-r2-retry1,b2-fabric-b1-c4-r2-retry1-task-0147,fabric_query_final,True,,685,1783312362296,0,,False
1486,b2-fabric-b1-c4-r2-retry1,b2-fabric-b1-c4-r2-retry1-task-0146,fabric_query_final,True,,690,1783312362293,0,,False
1487,b2-fabric-b1-c4-r2-retry1,b2-fabric-b1-c4-r2-retry1-task-0145,ipfs_verify,True,,7,1783312362980,0,QmQawzw1KxV8h7JpxSeDVLwBKMdBrxUCm6dAZkW6LZqh7T,False
1488,b2-fabric-b1-c4-r2-retry1,b2-fabric-b1-c4-r2-retry1-task-0144,ipfs_verify,True,,9,1783312362980,0,QmQZAxaxKLLJQ3P2WWPiuXefNDpmhXdj7A3T7qaNxDGnnf,False
1489,b2-fabric-b1-c4-r2-retry1,b2-fabric-b1-c4-r2-retry1-task-0147,ipfs_verify,True,,8,1783312362981,0,QmaFJBETp4JJdAzBH3NfaGGXCVai8pRVmMEDArMatXyrJg,False
1490,b2-fabric-b1-c4-r2-retry1,b2-fabric-b1-c4-r2-retry1-task-0146,ipfs_verify,True,,7,1783312362983,0,QmTMCQj8BgjN1EopLd1uCHtQPJNQPLrifD8h5c2wtJkq4h,False
1491,b2-fabric-b1-c4-r2-retry1,b2-fabric-b1-c4-r2-retry1-task-0149,ipfs_add,True,,66,1783312362989,2546,,False
1492,b2-fabric-b1-c4-r2-retry1,b2-fabric-b1-c4-r2-retry1-task-0148,ipfs_add,True,,114,1783312362988,5640,,False
1493,b2-fabric-b1-c4-r2-retry1,b2-fabric-b1-c4-r2-retry1-task-0150,ipfs_add,True,,114,1783312362989,1854,,False
1494,b2-fabric-b1-c4-r2-retry1,b2-fabric-b1-c4-r2-retry1-task-0151,ipfs_add,True,,113,1783312362990,8145,,False
1495,b2-fabric-b1-c4-r2-retry1,b2-fabric-b1-c4-r2-retry1-task-0149,fabric_post_task,True,,2511,1783312363055,2546,QmauYMYLrj6Qa4iDEtbq6r8Nut8Mam7NzrHGxXBG78msQ1,False
1496,b2-fabric-b1-c4-r2-retry1,b2-fabric-b1-c4-r2-retry1-task-0148,fabric_post_task,True,,2465,1783312363102,5640,QmdfWtEvP6wCkESL2DE4rXkFf4ZAEuqAaWhur95DF4ivC9,False
1497,b2-fabric-b1-c4-r2-retry1,b2-fabric-b1-c4-r2-retry1-task-0150,fabric_post_task,True,,2466,1783312363103,1854,Qmai7UoY48iFcYWTQWg3KAhEtCNFhrWvnyLa9J1qYPcDzG,False
1498,b2-fabric-b1-c4-r2-retry1,b2-fabric-b1-c4-r2-retry1-task-0151,fabric_post_task,True,,2467,1783312363103,8145,QmeY5sC4Xv3La4heuKD61xoMY8zD7nwjwXk76bcuFjtHdG,False
1499,b2-fabric-b1-c4-r2-retry1,b2-fabric-b1-c4-r2-retry1-task-0148,fabric_post_allocation,True,,2304,1783312365567,0,,False
1500,b2-fabric-b1-c4-r2-retry1,b2-fabric-b1-c4-r2-retry1-task-0150,fabric_post_allocation,True,,2303,1783312365569,0,,False
1501,b2-fabric-b1-c4-r2-retry1,b2-fabric-b1-c4-r2-retry1-task-0151,fabric_post_allocation,True,,2303,1783312365570,0,,False
1502,b2-fabric-b1-c4-r2-retry1,b2-fabric-b1-c4-r2-retry1-task-0149,fabric_post_allocation,True,,2307,1783312365566,0,,False
1503,b2-fabric-b1-c4-r2-retry1,b2-fabric-b1-c4-r2-retry1-task-0148,fabric_post_snapshot,True,,2274,1783312367871,0,,False
1504,b2-fabric-b1-c4-r2-retry1,b2-fabric-b1-c4-r2-retry1-task-0150,fabric_post_snapshot,True,,2273,1783312367872,0,,False
1505,b2-fabric-b1-c4-r2-retry1,b2-fabric-b1-c4-r2-retry1-task-0149,fabric_post_snapshot,True,,2274,1783312367873,0,,False
1506,b2-fabric-b1-c4-r2-retry1,b2-fabric-b1-c4-r2-retry1-task-0151,fabric_post_snapshot,True,,2274,1783312367873,0,,False
1507,b2-fabric-b1-c4-r2-retry1,b2-fabric-b1-c4-r2-retry1-task-0151,fabric_query_confirmation,True,,126,1783312370147,0,,False
1508,b2-fabric-b1-c4-r2-retry1,b2-fabric-b1-c4-r2-retry1-task-0150,fabric_query_confirmation,True,,129,1783312370145,0,,False
1509,b2-fabric-b1-c4-r2-retry1,b2-fabric-b1-c4-r2-retry1-task-0148,fabric_query_confirmation,True,,131,1783312370145,0,,False
1510,b2-fabric-b1-c4-r2-retry1,b2-fabric-b1-c4-r2-retry1-task-0149,fabric_query_confirmation,True,,129,1783312370147,0,,False
1511,b2-fabric-b1-c4-r2-retry1,b2-fabric-b1-c4-r2-retry1-task-0149,fabric_vote_1,True,,2325,1783312370276,0,,False
1512,b2-fabric-b1-c4-r2-retry1,b2-fabric-b1-c4-r2-retry1-task-0148,fabric_vote_1,True,,2326,1783312370276,0,,False
1513,b2-fabric-b1-c4-r2-retry1,b2-fabric-b1-c4-r2-retry1-task-0150,fabric_vote_1,True,,2329,1783312370274,0,,False
1514,b2-fabric-b1-c4-r2-retry1,b2-fabric-b1-c4-r2-retry1-task-0151,fabric_vote_1,True,,2331,1783312370273,0,,False
1515,b2-fabric-b1-c4-r2-retry1,b2-fabric-b1-c4-r2-retry1-task-0148,fabric_vote_2,True,,2321,1783312372602,0,,False
1516,b2-fabric-b1-c4-r2-retry1,b2-fabric-b1-c4-r2-retry1-task-0150,fabric_vote_2,True,,2321,1783312372603,0,,False
1517,b2-fabric-b1-c4-r2-retry1,b2-fabric-b1-c4-r2-retry1-task-0149,fabric_vote_2,True,,2323,1783312372601,0,,False
1518,b2-fabric-b1-c4-r2-retry1,b2-fabric-b1-c4-r2-retry1-task-0151,fabric_vote_2,True,,2322,1783312372604,0,,False
1519,b2-fabric-b1-c4-r2-retry1,b2-fabric-b1-c4-r2-retry1-task-0151,fabric_settlement,True,,1844,1783312374926,0,,False
1520,b2-fabric-b1-c4-r2-retry1,b2-fabric-b1-c4-r2-retry1-task-0149,fabric_settlement,True,,1847,1783312374924,0,,False
1521,b2-fabric-b1-c4-r2-retry1,b2-fabric-b1-c4-r2-retry1-task-0148,fabric_settlement,True,,1849,1783312374923,0,,False
1522,b2-fabric-b1-c4-r2-retry1,b2-fabric-b1-c4-r2-retry1-task-0150,fabric_settlement,True,,1848,1783312374924,0,,False
1523,b2-fabric-b1-c4-r2-retry1,b2-fabric-b1-c4-r2-retry1-task-0151,fabric_query_final,True,,363,1783312376770,0,,False
1524,b2-fabric-b1-c4-r2-retry1,b2-fabric-b1-c4-r2-retry1-task-0150,fabric_query_final,True,,362,1783312376772,0,,False
1525,b2-fabric-b1-c4-r2-retry1,b2-fabric-b1-c4-r2-retry1-task-0149,fabric_query_final,True,,363,1783312376771,0,,False
1526,b2-fabric-b1-c4-r2-retry1,b2-fabric-b1-c4-r2-retry1-task-0148,fabric_query_final,True,,366,1783312376772,0,,False
1527,b2-fabric-b1-c4-r2-retry1,b2-fabric-b1-c4-r2-retry1-task-0150,ipfs_verify,True,,7,1783312377134,0,Qmai7UoY48iFcYWTQWg3KAhEtCNFhrWvnyLa9J1qYPcDzG,False
1528,b2-fabric-b1-c4-r2-retry1,b2-fabric-b1-c4-r2-retry1-task-0149,ipfs_verify,True,,8,1783312377134,0,QmauYMYLrj6Qa4iDEtbq6r8Nut8Mam7NzrHGxXBG78msQ1,False
1529,b2-fabric-b1-c4-r2-retry1,b2-fabric-b1-c4-r2-retry1-task-0151,ipfs_verify,True,,10,1783312377133,0,QmeY5sC4Xv3La4heuKD61xoMY8zD7nwjwXk76bcuFjtHdG,False
1530,b2-fabric-b1-c4-r2-retry1,b2-fabric-b1-c4-r2-retry1-task-0148,ipfs_verify,True,,7,1783312377138,0,QmdfWtEvP6wCkESL2DE4rXkFf4ZAEuqAaWhur95DF4ivC9,False
1531,b2-fabric-b1-c4-r2-retry1,b2-fabric-b1-c4-r2-retry1-task-0152,ipfs_add,True,,28,1783312377141,1875,,False
1532,b2-fabric-b1-c4-r2-retry1,b2-fabric-b1-c4-r2-retry1-task-0153,ipfs_add,True,,43,1783312377142,1788,,False
1533,b2-fabric-b1-c4-r2-retry1,b2-fabric-b1-c4-r2-retry1-task-0154,ipfs_add,True,,58,1783312377143,1793,,False
1534,b2-fabric-b1-c4-r2-retry1,b2-fabric-b1-c4-r2-retry1-task-0155,ipfs_add,True,,73,1783312377145,1762,,False
1535,b2-fabric-b1-c4-r2-retry1,b2-fabric-b1-c4-r2-retry1-task-0152,fabric_post_task,True,,2461,1783312377169,1875,QmPmVehraUyhMbSn9HCTL8q359r1tCfXC2uYfULpBHLvjP,False
1536,b2-fabric-b1-c4-r2-retry1,b2-fabric-b1-c4-r2-retry1-task-0153,fabric_post_task,True,,2446,1783312377185,1788,QmRZHsRgbCA4gkEdt79xRJkB1H6eYmgZjWvtkeZDXPP6aA,False
1537,b2-fabric-b1-c4-r2-retry1,b2-fabric-b1-c4-r2-retry1-task-0154,fabric_post_task,True,,2433,1783312377201,1793,QmP1smz82VDmVYAjCDQXQL3tQyjhLY9AZx4ihRR3bmQmqR,False
1538,b2-fabric-b1-c4-r2-retry1,b2-fabric-b1-c4-r2-retry1-task-0155,fabric_post_task,True,,2418,1783312377218,1762,QmZKGWeYUaSbmhea5zAe3URkAmm7YgQGteWNmKZR7217eJ,False
1539,b2-fabric-b1-c4-r2-retry1,b2-fabric-b1-c4-r2-retry1-task-0155,fabric_post_allocation,True,,2342,1783312379636,0,,False
1540,b2-fabric-b1-c4-r2-retry1,b2-fabric-b1-c4-r2-retry1-task-0154,fabric_post_allocation,True,,2344,1783312379634,0,,False
1541,b2-fabric-b1-c4-r2-retry1,b2-fabric-b1-c4-r2-retry1-task-0153,fabric_post_allocation,True,,2348,1783312379631,0,,False
1542,b2-fabric-b1-c4-r2-retry1,b2-fabric-b1-c4-r2-retry1-task-0152,fabric_post_allocation,True,,2351,1783312379630,0,,False
1543,b2-fabric-b1-c4-r2-retry1,b2-fabric-b1-c4-r2-retry1-task-0154,fabric_post_snapshot,True,,2276,1783312381978,0,,False
1544,b2-fabric-b1-c4-r2-retry1,b2-fabric-b1-c4-r2-retry1-task-0155,fabric_post_snapshot,True,,2276,1783312381978,0,,False
1545,b2-fabric-b1-c4-r2-retry1,b2-fabric-b1-c4-r2-retry1-task-0152,fabric_post_snapshot,True,,2274,1783312381981,0,,False
1546,b2-fabric-b1-c4-r2-retry1,b2-fabric-b1-c4-r2-retry1-task-0153,fabric_post_snapshot,True,,2276,1783312381979,0,,False
1547,b2-fabric-b1-c4-r2-retry1,b2-fabric-b1-c4-r2-retry1-task-0152,fabric_query_confirmation,True,,126,1783312384255,0,,False
1548,b2-fabric-b1-c4-r2-retry1,b2-fabric-b1-c4-r2-retry1-task-0153,fabric_query_confirmation,True,,126,1783312384256,0,,False
1549,b2-fabric-b1-c4-r2-retry1,b2-fabric-b1-c4-r2-retry1-task-0154,fabric_query_confirmation,True,,129,1783312384254,0,,False
1550,b2-fabric-b1-c4-r2-retry1,b2-fabric-b1-c4-r2-retry1-task-0155,fabric_query_confirmation,True,,131,1783312384254,0,,False
1551,b2-fabric-b1-c4-r2-retry1,b2-fabric-b1-c4-r2-retry1-task-0152,fabric_vote_1,True,,2278,1783312384381,0,,False
1552,b2-fabric-b1-c4-r2-retry1,b2-fabric-b1-c4-r2-retry1-task-0153,fabric_vote_1,True,,2278,1783312384382,0,,False
1553,b2-fabric-b1-c4-r2-retry1,b2-fabric-b1-c4-r2-retry1-task-0155,fabric_vote_1,True,,2276,1783312384385,0,,False
1554,b2-fabric-b1-c4-r2-retry1,b2-fabric-b1-c4-r2-retry1-task-0154,fabric_vote_1,True,,2279,1783312384383,0,,False
1555,b2-fabric-b1-c4-r2-retry1,b2-fabric-b1-c4-r2-retry1-task-0153,fabric_vote_2,True,,2267,1783312386660,0,,False
1556,b2-fabric-b1-c4-r2-retry1,b2-fabric-b1-c4-r2-retry1-task-0155,fabric_vote_2,True,,2267,1783312386661,0,,False
1557,b2-fabric-b1-c4-r2-retry1,b2-fabric-b1-c4-r2-retry1-task-0152,fabric_vote_2,True,,2270,1783312386659,0,,False
1558,b2-fabric-b1-c4-r2-retry1,b2-fabric-b1-c4-r2-retry1-task-0154,fabric_vote_2,True,,2268,1783312386662,0,,False
1559,b2-fabric-b1-c4-r2-retry1,b2-fabric-b1-c4-r2-retry1-task-0152,fabric_settlement,True,,2781,1783312388929,0,,False
1560,b2-fabric-b1-c4-r2-retry1,b2-fabric-b1-c4-r2-retry1-task-0153,fabric_settlement,True,,2784,1783312388927,0,,False
1561,b2-fabric-b1-c4-r2-retry1,b2-fabric-b1-c4-r2-retry1-task-0154,fabric_settlement,True,,2782,1783312388930,0,,False
1562,b2-fabric-b1-c4-r2-retry1,b2-fabric-b1-c4-r2-retry1-task-0155,fabric_settlement,True,,2784,1783312388928,0,,False
1563,b2-fabric-b1-c4-r2-retry1,b2-fabric-b1-c4-r2-retry1-task-0154,fabric_query_final,True,,382,1783312391712,0,,False
1564,b2-fabric-b1-c4-r2-retry1,b2-fabric-b1-c4-r2-retry1-task-0152,fabric_query_final,True,,385,1783312391710,0,,False
1565,b2-fabric-b1-c4-r2-retry1,b2-fabric-b1-c4-r2-retry1-task-0153,fabric_query_final,True,,384,1783312391711,0,,False
1566,b2-fabric-b1-c4-r2-retry1,b2-fabric-b1-c4-r2-retry1-task-0154,ipfs_verify,True,,9,1783312392094,0,QmP1smz82VDmVYAjCDQXQL3tQyjhLY9AZx4ihRR3bmQmqR,False
1567,b2-fabric-b1-c4-r2-retry1,b2-fabric-b1-c4-r2-retry1-task-0155,fabric_query_final,True,,392,1783312391712,0,,False
1568,b2-fabric-b1-c4-r2-retry1,b2-fabric-b1-c4-r2-retry1-task-0152,ipfs_verify,True,,10,1783312392095,0,QmPmVehraUyhMbSn9HCTL8q359r1tCfXC2uYfULpBHLvjP,False
1569,b2-fabric-b1-c4-r2-retry1,b2-fabric-b1-c4-r2-retry1-task-0153,ipfs_verify,True,,10,1783312392095,0,QmRZHsRgbCA4gkEdt79xRJkB1H6eYmgZjWvtkeZDXPP6aA,False
1570,b2-fabric-b1-c4-r2-retry1,b2-fabric-b1-c4-r2-retry1-task-0155,ipfs_verify,True,,7,1783312392104,0,QmZKGWeYUaSbmhea5zAe3URkAmm7YgQGteWNmKZR7217eJ,False
1571,b2-fabric-b1-c4-r2-retry1,b2-fabric-b1-c4-r2-retry1-task-0156,ipfs_add,True,,29,1783312392103,5744,,False
1572,b2-fabric-b1-c4-r2-retry1,b2-fabric-b1-c4-r2-retry1-task-0157,ipfs_add,True,,68,1783312392105,5957,,False
1573,b2-fabric-b1-c4-r2-retry1,b2-fabric-b1-c4-r2-retry1-task-0158,ipfs_add,True,,86,1783312392105,2353,,False
1574,b2-fabric-b1-c4-r2-retry1,b2-fabric-b1-c4-r2-retry1-task-0159,ipfs_add,True,,80,1783312392112,1618,,False
1575,b2-fabric-b1-c4-r2-retry1,b2-fabric-b1-c4-r2-retry1-task-0159,fabric_post_task,True,,2569,1783312392192,1618,QmdxYpLKMtBw1hrsF8LgCLrKH1BbADtRRsjGCzLCCrthCc,False
1576,b2-fabric-b1-c4-r2-retry1,b2-fabric-b1-c4-r2-retry1-task-0158,fabric_post_task,True,,2571,1783312392191,2353,QmW45d5KDagXQxapoDsAgos4eR8RW7sWehPq9Qivyv3imb,False
1577,b2-fabric-b1-c4-r2-retry1,b2-fabric-b1-c4-r2-retry1-task-0157,fabric_post_task,True,,2590,1783312392173,5957,QmWamsqRbU1q3fiJX5vX2XCvBRJV8eoK1PEp3ctrbdxoam,False
1578,b2-fabric-b1-c4-r2-retry1,b2-fabric-b1-c4-r2-retry1-task-0156,fabric_post_task,True,,2631,1783312392132,5744,QmSqr1qUgBC93JV58qSDUGhGxFsKaVMkP8Lc2oQULWUSmz,False
1579,b2-fabric-b1-c4-r2-retry1,b2-fabric-b1-c4-r2-retry1-task-0157,fabric_post_allocation,True,,2318,1783312394763,0,,False
1580,b2-fabric-b1-c4-r2-retry1,b2-fabric-b1-c4-r2-retry1-task-0159,fabric_post_allocation,True,,2321,1783312394761,0,,False
1581,b2-fabric-b1-c4-r2-retry1,b2-fabric-b1-c4-r2-retry1-task-0156,fabric_post_allocation,True,,2319,1783312394763,0,,False
1582,b2-fabric-b1-c4-r2-retry1,b2-fabric-b1-c4-r2-retry1-task-0158,fabric_post_allocation,True,,2325,1783312394762,0,,False
1583,b2-fabric-b1-c4-r2-retry1,b2-fabric-b1-c4-r2-retry1-task-0158,fabric_post_snapshot,True,,2514,1783312397087,0,,False
1584,b2-fabric-b1-c4-r2-retry1,b2-fabric-b1-c4-r2-retry1-task-0157,fabric_post_snapshot,True,,2522,1783312397081,0,,False
1585,b2-fabric-b1-c4-r2-retry1,b2-fabric-b1-c4-r2-retry1-task-0159,fabric_post_snapshot,True,,2521,1783312397082,0,,False
1586,b2-fabric-b1-c4-r2-retry1,b2-fabric-b1-c4-r2-retry1-task-0156,fabric_post_snapshot,True,,2523,1783312397082,0,,False
1587,b2-fabric-b1-c4-r2-retry1,b2-fabric-b1-c4-r2-retry1-task-0157,fabric_query_confirmation,True,,121,1783312399603,0,,False
1588,b2-fabric-b1-c4-r2-retry1,b2-fabric-b1-c4-r2-retry1-task-0156,fabric_query_confirmation,True,,119,1783312399605,0,,False
1589,b2-fabric-b1-c4-r2-retry1,b2-fabric-b1-c4-r2-retry1-task-0159,fabric_query_confirmation,True,,122,1783312399603,0,,False
1590,b2-fabric-b1-c4-r2-retry1,b2-fabric-b1-c4-r2-retry1-task-0158,fabric_query_confirmation,True,,125,1783312399601,0,,False
1591,b2-fabric-b1-c4-r2-retry1,b2-fabric-b1-c4-r2-retry1-task-0159,fabric_vote_1,True,,2280,1783312399725,0,,False
1592,b2-fabric-b1-c4-r2-retry1,b2-fabric-b1-c4-r2-retry1-task-0156,fabric_vote_1,True,,2282,1783312399724,0,,False
1593,b2-fabric-b1-c4-r2-retry1,b2-fabric-b1-c4-r2-retry1-task-0157,fabric_vote_1,True,,2283,1783312399724,0,,False
1594,b2-fabric-b1-c4-r2-retry1,b2-fabric-b1-c4-r2-retry1-task-0158,fabric_vote_1,True,,2281,1783312399726,0,,False
1595,b2-fabric-b1-c4-r2-retry1,b2-fabric-b1-c4-r2-retry1-task-0159,fabric_vote_2,True,,2277,1783312402005,0,,False
1596,b2-fabric-b1-c4-r2-retry1,b2-fabric-b1-c4-r2-retry1-task-0156,fabric_vote_2,True,,2276,1783312402006,0,,False
1597,b2-fabric-b1-c4-r2-retry1,b2-fabric-b1-c4-r2-retry1-task-0157,fabric_vote_2,True,,2276,1783312402007,0,,False
1598,b2-fabric-b1-c4-r2-retry1,b2-fabric-b1-c4-r2-retry1-task-0158,fabric_vote_2,True,,2277,1783312402007,0,,False
1599,b2-fabric-b1-c4-r2-retry1,b2-fabric-b1-c4-r2-retry1-task-0156,fabric_settlement,True,,1655,1783312404282,0,,False
1600,b2-fabric-b1-c4-r2-retry1,b2-fabric-b1-c4-r2-retry1-task-0159,fabric_settlement,True,,1657,1783312404282,0,,False
1601,b2-fabric-b1-c4-r2-retry1,b2-fabric-b1-c4-r2-retry1-task-0158,fabric_settlement,True,,1656,1783312404284,0,,False
1602,b2-fabric-b1-c4-r2-retry1,b2-fabric-b1-c4-r2-retry1-task-0157,fabric_settlement,True,,1657,1783312404283,0,,False
1603,b2-fabric-b1-c4-r2-retry1,b2-fabric-b1-c4-r2-retry1-task-0157,fabric_query_final,True,,608,1783312405940,0,,False
1604,b2-fabric-b1-c4-r2-retry1,b2-fabric-b1-c4-r2-retry1-task-0158,fabric_query_final,True,,608,1783312405940,0,,False
1605,b2-fabric-b1-c4-r2-retry1,b2-fabric-b1-c4-r2-retry1-task-0159,fabric_query_final,True,,610,1783312405939,0,,False
1606,b2-fabric-b1-c4-r2-retry1,b2-fabric-b1-c4-r2-retry1-task-0156,fabric_query_final,True,,617,1783312405937,0,,False
1607,b2-fabric-b1-c4-r2-retry1,b2-fabric-b1-c4-r2-retry1-task-0159,ipfs_verify,True,,5,1783312406550,0,QmdxYpLKMtBw1hrsF8LgCLrKH1BbADtRRsjGCzLCCrthCc,False
1608,b2-fabric-b1-c4-r2-retry1,b2-fabric-b1-c4-r2-retry1-task-0157,ipfs_verify,True,,8,1783312406548,0,QmWamsqRbU1q3fiJX5vX2XCvBRJV8eoK1PEp3ctrbdxoam,False
1609,b2-fabric-b1-c4-r2-retry1,b2-fabric-b1-c4-r2-retry1-task-0158,ipfs_verify,True,,8,1783312406548,0,QmW45d5KDagXQxapoDsAgos4eR8RW7sWehPq9Qivyv3imb,False
1610,b2-fabric-b1-c4-r2-retry1,b2-fabric-b1-c4-r2-retry1-task-0156,ipfs_verify,True,,7,1783312406554,0,QmSqr1qUgBC93JV58qSDUGhGxFsKaVMkP8Lc2oQULWUSmz,False
1611,b2-fabric-b1-c4-r2-retry1,b2-fabric-b1-c4-r2-retry1-task-0160,ipfs_add,True,,32,1783312406555,3112,,False
1612,b2-fabric-b1-c4-r2-retry1,b2-fabric-b1-c4-r2-retry1-task-0162,ipfs_add,True,,48,1783312406556,2034,,False
1613,b2-fabric-b1-c4-r2-retry1,b2-fabric-b1-c4-r2-retry1-task-0161,ipfs_add,True,,65,1783312406556,2567,,False
1614,b2-fabric-b1-c4-r2-retry1,b2-fabric-b1-c4-r2-retry1-task-0163,ipfs_add,True,,77,1783312406561,5564,,False
1615,b2-fabric-b1-c4-r2-retry1,b2-fabric-b1-c4-r2-retry1-task-0162,fabric_post_task,True,,2494,1783312406604,2034,QmWEY5PvyU4H8vYcY2riKxKMc1nBFYKtSn243fBKXvUxUT,False
1616,b2-fabric-b1-c4-r2-retry1,b2-fabric-b1-c4-r2-retry1-task-0163,fabric_post_task,True,,2461,1783312406638,5564,QmWVNuFxXBBoYjDDqPM5JjHqatxTLGdC8aLk7ick1Kz4Yb,False
1617,b2-fabric-b1-c4-r2-retry1,b2-fabric-b1-c4-r2-retry1-task-0161,fabric_post_task,True,,2478,1783312406621,2567,QmVHT5ucjcpkHShAnZazRTavev3cXT2osoYZL29UVeigZs,False
1618,b2-fabric-b1-c4-r2-retry1,b2-fabric-b1-c4-r2-retry1-task-0160,fabric_post_task,True,,2513,1783312406587,3112,QmZcHogHrAZaeaBhWnqwZoH5LhmdVbJ6pEy6KSUXD7Sqeh,False
1619,b2-fabric-b1-c4-r2-retry1,b2-fabric-b1-c4-r2-retry1-task-0162,fabric_post_allocation,True,,2298,1783312409098,0,,False
1620,b2-fabric-b1-c4-r2-retry1,b2-fabric-b1-c4-r2-retry1-task-0160,fabric_post_allocation,True,,2297,1783312409100,0,,False
1621,b2-fabric-b1-c4-r2-retry1,b2-fabric-b1-c4-r2-retry1-task-0161,fabric_post_allocation,True,,2299,1783312409099,0,,False
1622,b2-fabric-b1-c4-r2-retry1,b2-fabric-b1-c4-r2-retry1-task-0163,fabric_post_allocation,True,,2299,1783312409099,0,,False
1623,b2-fabric-b1-c4-r2-retry1,b2-fabric-b1-c4-r2-retry1-task-0162,fabric_post_snapshot,True,,2257,1783312411396,0,,False
1624,b2-fabric-b1-c4-r2-retry1,b2-fabric-b1-c4-r2-retry1-task-0161,fabric_post_snapshot,True,,2255,1783312411398,0,,False
1625,b2-fabric-b1-c4-r2-retry1,b2-fabric-b1-c4-r2-retry1-task-0163,fabric_post_snapshot,True,,2257,1783312411398,0,,False
1626,b2-fabric-b1-c4-r2-retry1,b2-fabric-b1-c4-r2-retry1-task-0160,fabric_post_snapshot,True,,2260,1783312411397,0,,False
1627,b2-fabric-b1-c4-r2-retry1,b2-fabric-b1-c4-r2-retry1-task-0160,fabric_query_confirmation,True,,338,1783312413657,0,,False
1628,b2-fabric-b1-c4-r2-retry1,b2-fabric-b1-c4-r2-retry1-task-0162,fabric_query_confirmation,True,,343,1783312413653,0,,False
1629,b2-fabric-b1-c4-r2-retry1,b2-fabric-b1-c4-r2-retry1-task-0163,fabric_query_confirmation,True,,342,1783312413655,0,,False
1630,b2-fabric-b1-c4-r2-retry1,b2-fabric-b1-c4-r2-retry1-task-0161,fabric_query_confirmation,True,,343,1783312413654,0,,False
1631,b2-fabric-b1-c4-r2-retry1,b2-fabric-b1-c4-r2-retry1-task-0163,fabric_vote_1,True,,2334,1783312413997,0,,False
1632,b2-fabric-b1-c4-r2-retry1,b2-fabric-b1-c4-r2-retry1-task-0160,fabric_vote_1,True,,2338,1783312413995,0,,False
1633,b2-fabric-b1-c4-r2-retry1,b2-fabric-b1-c4-r2-retry1-task-0161,fabric_vote_1,True,,2338,1783312413997,0,,False
1634,b2-fabric-b1-c4-r2-retry1,b2-fabric-b1-c4-r2-retry1-task-0162,fabric_vote_1,True,,2340,1783312413996,0,,False
1635,b2-fabric-b1-c4-r2-retry1,b2-fabric-b1-c4-r2-retry1-task-0162,fabric_vote_2,True,,2329,1783312416336,0,,False
1636,b2-fabric-b1-c4-r2-retry1,b2-fabric-b1-c4-r2-retry1-task-0161,fabric_vote_2,True,,2330,1783312416335,0,,False
1637,b2-fabric-b1-c4-r2-retry1,b2-fabric-b1-c4-r2-retry1-task-0160,fabric_vote_2,True,,2333,1783312416333,0,,False
1638,b2-fabric-b1-c4-r2-retry1,b2-fabric-b1-c4-r2-retry1-task-0163,fabric_vote_2,True,,2338,1783312416331,0,,False
1639,b2-fabric-b1-c4-r2-retry1,b2-fabric-b1-c4-r2-retry1-task-0162,fabric_settlement,True,,2790,1783312418665,0,,False
1640,b2-fabric-b1-c4-r2-retry1,b2-fabric-b1-c4-r2-retry1-task-0163,fabric_settlement,True,,2786,1783312418669,0,,False
1641,b2-fabric-b1-c4-r2-retry1,b2-fabric-b1-c4-r2-retry1-task-0160,fabric_settlement,True,,2790,1783312418666,0,,False
1642,b2-fabric-b1-c4-r2-retry1,b2-fabric-b1-c4-r2-retry1-task-0161,fabric_settlement,True,,2792,1783312418665,0,,False
1643,b2-fabric-b1-c4-r2-retry1,b2-fabric-b1-c4-r2-retry1-task-0163,fabric_query_final,True,,360,1783312421455,0,,False
1644,b2-fabric-b1-c4-r2-retry1,b2-fabric-b1-c4-r2-retry1-task-0161,fabric_query_final,True,,359,1783312421457,0,,False
1645,b2-fabric-b1-c4-r2-retry1,b2-fabric-b1-c4-r2-retry1-task-0160,fabric_query_final,True,,360,1783312421456,0,,False
1646,b2-fabric-b1-c4-r2-retry1,b2-fabric-b1-c4-r2-retry1-task-0162,fabric_query_final,True,,369,1783312421455,0,,False
1647,b2-fabric-b1-c4-r2-retry1,b2-fabric-b1-c4-r2-retry1-task-0161,ipfs_verify,True,,10,1783312421816,0,QmVHT5ucjcpkHShAnZazRTavev3cXT2osoYZL29UVeigZs,False
1648,b2-fabric-b1-c4-r2-retry1,b2-fabric-b1-c4-r2-retry1-task-0160,ipfs_verify,True,,11,1783312421816,0,QmZcHogHrAZaeaBhWnqwZoH5LhmdVbJ6pEy6KSUXD7Sqeh,False
1649,b2-fabric-b1-c4-r2-retry1,b2-fabric-b1-c4-r2-retry1-task-0163,ipfs_verify,True,,12,1783312421815,0,QmWVNuFxXBBoYjDDqPM5JjHqatxTLGdC8aLk7ick1Kz4Yb,False
1650,b2-fabric-b1-c4-r2-retry1,b2-fabric-b1-c4-r2-retry1-task-0162,ipfs_verify,True,,10,1783312421824,0,QmWEY5PvyU4H8vYcY2riKxKMc1nBFYKtSn243fBKXvUxUT,False
1651,b2-fabric-b1-c4-r2-retry1,b2-fabric-b1-c4-r2-retry1-task-0164,ipfs_add,True,,39,1783312421826,1901,,False
1652,b2-fabric-b1-c4-r2-retry1,b2-fabric-b1-c4-r2-retry1-task-0166,ipfs_add,True,,57,1783312421827,3237,,False
1653,b2-fabric-b1-c4-r2-retry1,b2-fabric-b1-c4-r2-retry1-task-0165,ipfs_add,True,,74,1783312421827,5181,,False
1654,b2-fabric-b1-c4-r2-retry1,b2-fabric-b1-c4-r2-retry1-task-0167,ipfs_add,True,,84,1783312421834,2244,,False
1655,b2-fabric-b1-c4-r2-retry1,b2-fabric-b1-c4-r2-retry1-task-0164,fabric_post_task,True,,2490,1783312421865,1901,QmenUvYwtVYLLgnnt9kzR3UcGRzkbap5J3M93Rp33ndQBW,False
1656,b2-fabric-b1-c4-r2-retry1,b2-fabric-b1-c4-r2-retry1-task-0167,fabric_post_task,True,,2438,1783312421918,2244,Qmb6sxdzbJZRHwThCpZp383LPMsQpPY5tVXmGq6tj6WAkE,False
1657,b2-fabric-b1-c4-r2-retry1,b2-fabric-b1-c4-r2-retry1-task-0166,fabric_post_task,True,,2473,1783312421884,3237,QmTApS5qYgw5B1RZ5zisGBzCjQxmJKLLc5piMQryNc95Lw,False
1658,b2-fabric-b1-c4-r2-retry1,b2-fabric-b1-c4-r2-retry1-task-0165,fabric_post_task,True,,2457,1783312421901,5181,QmfCP6JMHwAJzdeV44wRErrYPKwmwJ5zKaxLaC7PSEh7Xv,False
1659,b2-fabric-b1-c4-r2-retry1,b2-fabric-b1-c4-r2-retry1-task-0165,fabric_post_allocation,True,,2302,1783312424358,0,,False
1660,b2-fabric-b1-c4-r2-retry1,b2-fabric-b1-c4-r2-retry1-task-0166,fabric_post_allocation,True,,2305,1783312424357,0,,False
1661,b2-fabric-b1-c4-r2-retry1,b2-fabric-b1-c4-r2-retry1-task-0167,fabric_post_allocation,True,,2306,1783312424356,0,,False
1662,b2-fabric-b1-c4-r2-retry1,b2-fabric-b1-c4-r2-retry1-task-0164,fabric_post_allocation,True,,2309,1783312424355,0,,False
1663,b2-fabric-b1-c4-r2-retry1,b2-fabric-b1-c4-r2-retry1-task-0164,fabric_post_snapshot,True,,2493,1783312426664,0,,False
1664,b2-fabric-b1-c4-r2-retry1,b2-fabric-b1-c4-r2-retry1-task-0165,fabric_post_snapshot,True,,2498,1783312426660,0,,False
1665,b2-fabric-b1-c4-r2-retry1,b2-fabric-b1-c4-r2-retry1-task-0166,fabric_post_snapshot,True,,2499,1783312426662,0,,False
1666,b2-fabric-b1-c4-r2-retry1,b2-fabric-b1-c4-r2-retry1-task-0167,fabric_post_snapshot,True,,2500,1783312426662,0,,False
1667,b2-fabric-b1-c4-r2-retry1,b2-fabric-b1-c4-r2-retry1-task-0165,fabric_query_confirmation,True,,121,1783312429158,0,,False
1668,b2-fabric-b1-c4-r2-retry1,b2-fabric-b1-c4-r2-retry1-task-0167,fabric_query_confirmation,True,,119,1783312429162,0,,False
1669,b2-fabric-b1-c4-r2-retry1,b2-fabric-b1-c4-r2-retry1-task-0164,fabric_query_confirmation,True,,124,1783312429157,0,,False
1670,b2-fabric-b1-c4-r2-retry1,b2-fabric-b1-c4-r2-retry1-task-0166,fabric_query_confirmation,True,,121,1783312429161,0,,False
1671,b2-fabric-b1-c4-r2-retry1,b2-fabric-b1-c4-r2-retry1-task-0164,fabric_vote_1,True,,2273,1783312429281,0,,False
1672,b2-fabric-b1-c4-r2-retry1,b2-fabric-b1-c4-r2-retry1-task-0167,fabric_vote_1,True,,2275,1783312429281,0,,False
1673,b2-fabric-b1-c4-r2-retry1,b2-fabric-b1-c4-r2-retry1-task-0165,fabric_vote_1,True,,2280,1783312429279,0,,False
1674,b2-fabric-b1-c4-r2-retry1,b2-fabric-b1-c4-r2-retry1-task-0166,fabric_vote_1,True,,2277,1783312429282,0,,False
1675,b2-fabric-b1-c4-r2-retry1,b2-fabric-b1-c4-r2-retry1-task-0165,fabric_vote_2,True,,2277,1783312431559,0,,False
1676,b2-fabric-b1-c4-r2-retry1,b2-fabric-b1-c4-r2-retry1-task-0164,fabric_vote_2,True,,2283,1783312431554,0,,False
1677,b2-fabric-b1-c4-r2-retry1,b2-fabric-b1-c4-r2-retry1-task-0167,fabric_vote_2,True,,2282,1783312431556,0,,False
1678,b2-fabric-b1-c4-r2-retry1,b2-fabric-b1-c4-r2-retry1-task-0166,fabric_vote_2,True,,2282,1783312431559,0,,False
1679,b2-fabric-b1-c4-r2-retry1,b2-fabric-b1-c4-r2-retry1-task-0165,fabric_settlement,True,,1856,1783312433836,0,,False
1680,b2-fabric-b1-c4-r2-retry1,b2-fabric-b1-c4-r2-retry1-task-0164,fabric_settlement,True,,1857,1783312433837,0,,False
1681,b2-fabric-b1-c4-r2-retry1,b2-fabric-b1-c4-r2-retry1-task-0167,fabric_settlement,True,,1857,1783312433838,0,,False
1682,b2-fabric-b1-c4-r2-retry1,b2-fabric-b1-c4-r2-retry1-task-0166,fabric_settlement,True,,1855,1783312433841,0,,False
1683,b2-fabric-b1-c4-r2-retry1,b2-fabric-b1-c4-r2-retry1-task-0167,fabric_query_final,True,,787,1783312435695,0,,False
1684,b2-fabric-b1-c4-r2-retry1,b2-fabric-b1-c4-r2-retry1-task-0165,fabric_query_final,True,,791,1783312435692,0,,False
1685,b2-fabric-b1-c4-r2-retry1,b2-fabric-b1-c4-r2-retry1-task-0166,fabric_query_final,True,,787,1783312435696,0,,False
1686,b2-fabric-b1-c4-r2-retry1,b2-fabric-b1-c4-r2-retry1-task-0164,fabric_query_final,True,,793,1783312435694,0,,False
1687,b2-fabric-b1-c4-r2-retry1,b2-fabric-b1-c4-r2-retry1-task-0167,ipfs_verify,True,,9,1783312436482,0,Qmb6sxdzbJZRHwThCpZp383LPMsQpPY5tVXmGq6tj6WAkE,False
1688,b2-fabric-b1-c4-r2-retry1,b2-fabric-b1-c4-r2-retry1-task-0165,ipfs_verify,True,,9,1783312436483,0,QmfCP6JMHwAJzdeV44wRErrYPKwmwJ5zKaxLaC7PSEh7Xv,False
1689,b2-fabric-b1-c4-r2-retry1,b2-fabric-b1-c4-r2-retry1-task-0166,ipfs_verify,True,,10,1783312436483,0,QmTApS5qYgw5B1RZ5zisGBzCjQxmJKLLc5piMQryNc95Lw,False
1690,b2-fabric-b1-c4-r2-retry1,b2-fabric-b1-c4-r2-retry1-task-0164,ipfs_verify,True,,8,1783312436487,0,QmenUvYwtVYLLgnnt9kzR3UcGRzkbap5J3M93Rp33ndQBW,False
1691,b2-fabric-b1-c4-r2-retry1,b2-fabric-b1-c4-r2-retry1-task-0169,ipfs_add,True,,30,1783312436492,7969,,False
1692,b2-fabric-b1-c4-r2-retry1,b2-fabric-b1-c4-r2-retry1-task-0168,ipfs_add,True,,46,1783312436492,3309,,False
1693,b2-fabric-b1-c4-r2-retry1,b2-fabric-b1-c4-r2-retry1-task-0170,ipfs_add,True,,63,1783312436493,4645,,False
1694,b2-fabric-b1-c4-r2-retry1,b2-fabric-b1-c4-r2-retry1-task-0171,ipfs_add,True,,79,1783312436495,4195,,False
1695,b2-fabric-b1-c4-r2-retry1,b2-fabric-b1-c4-r2-retry1-task-0168,fabric_post_task,True,,2496,1783312436538,3309,QmW3R2ZUk1JeXnvoaVApYX6D73xdA2HnR93n8FvAGo1XWp,False
1696,b2-fabric-b1-c4-r2-retry1,b2-fabric-b1-c4-r2-retry1-task-0170,fabric_post_task,True,,2480,1783312436556,4645,QmSos72kuKbiboaW2t61phLxW7ptKFQdMCisw6tNBtbcDE,False
1697,b2-fabric-b1-c4-r2-retry1,b2-fabric-b1-c4-r2-retry1-task-0171,fabric_post_task,True,,2464,1783312436574,4195,QmZjdLVQXtktv5yJUsy2JQrY7etRcY2dQbqD5P8k7FzLSd,False
1698,b2-fabric-b1-c4-r2-retry1,b2-fabric-b1-c4-r2-retry1-task-0169,fabric_post_task,True,,2517,1783312436522,7969,QmZLqC3g86PSYcSxK1cxvHGJ8Aik2UoKw8caWw7XhNXkPF,False
1699,b2-fabric-b1-c4-r2-retry1,b2-fabric-b1-c4-r2-retry1-task-0168,fabric_post_allocation,True,,2307,1783312439034,0,,False
1700,b2-fabric-b1-c4-r2-retry1,b2-fabric-b1-c4-r2-retry1-task-0170,fabric_post_allocation,True,,2305,1783312439036,0,,False
1701,b2-fabric-b1-c4-r2-retry1,b2-fabric-b1-c4-r2-retry1-task-0169,fabric_post_allocation,True,,2304,1783312439039,0,,False
1702,b2-fabric-b1-c4-r2-retry1,b2-fabric-b1-c4-r2-retry1-task-0171,fabric_post_allocation,True,,2306,1783312439038,0,,False
1703,b2-fabric-b1-c4-r2-retry1,b2-fabric-b1-c4-r2-retry1-task-0170,fabric_post_snapshot,True,,2263,1783312441341,0,,False
1704,b2-fabric-b1-c4-r2-retry1,b2-fabric-b1-c4-r2-retry1-task-0171,fabric_post_snapshot,True,,2261,1783312441344,0,,False
1705,b2-fabric-b1-c4-r2-retry1,b2-fabric-b1-c4-r2-retry1-task-0169,fabric_post_snapshot,True,,2263,1783312441343,0,,False
1706,b2-fabric-b1-c4-r2-retry1,b2-fabric-b1-c4-r2-retry1-task-0168,fabric_post_snapshot,True,,2267,1783312441341,0,,False
1707,b2-fabric-b1-c4-r2-retry1,b2-fabric-b1-c4-r2-retry1-task-0171,fabric_query_confirmation,True,,118,1783312443605,0,,False
1708,b2-fabric-b1-c4-r2-retry1,b2-fabric-b1-c4-r2-retry1-task-0170,fabric_query_confirmation,True,,119,1783312443604,0,,False
1709,b2-fabric-b1-c4-r2-retry1,b2-fabric-b1-c4-r2-retry1-task-0168,fabric_query_confirmation,True,,116,1783312443608,0,,False
1710,b2-fabric-b1-c4-r2-retry1,b2-fabric-b1-c4-r2-retry1-task-0169,fabric_query_confirmation,True,,120,1783312443606,0,,False
1711,b2-fabric-b1-c4-r2-retry1,b2-fabric-b1-c4-r2-retry1-task-0170,fabric_vote_1,True,,2496,1783312443724,0,,False
1712,b2-fabric-b1-c4-r2-retry1,b2-fabric-b1-c4-r2-retry1-task-0169,fabric_vote_1,True,,2495,1783312443726,0,,False
1713,b2-fabric-b1-c4-r2-retry1,b2-fabric-b1-c4-r2-retry1-task-0168,fabric_vote_1,True,,2498,1783312443724,0,,False
1714,b2-fabric-b1-c4-r2-retry1,b2-fabric-b1-c4-r2-retry1-task-0171,fabric_vote_1,True,,2500,1783312443723,0,,False
1715,b2-fabric-b1-c4-r2-retry1,b2-fabric-b1-c4-r2-retry1-task-0169,fabric_vote_2,True,,2267,1783312446221,0,,False
1716,b2-fabric-b1-c4-r2-retry1,b2-fabric-b1-c4-r2-retry1-task-0171,fabric_vote_2,True,,2266,1783312446223,0,,False
1717,b2-fabric-b1-c4-r2-retry1,b2-fabric-b1-c4-r2-retry1-task-0170,fabric_vote_2,True,,2269,1783312446220,0,,False
1718,b2-fabric-b1-c4-r2-retry1,b2-fabric-b1-c4-r2-retry1-task-0168,fabric_vote_2,True,,2268,1783312446222,0,,False
1719,b2-fabric-b1-c4-r2-retry1,b2-fabric-b1-c4-r2-retry1-task-0168,fabric_settlement,True,,2711,1783312448490,0,,False
1720,b2-fabric-b1-c4-r2-retry1,b2-fabric-b1-c4-r2-retry1-task-0169,fabric_settlement,True,,2713,1783312448488,0,,False
1721,b2-fabric-b1-c4-r2-retry1,b2-fabric-b1-c4-r2-retry1-task-0170,fabric_settlement,True,,2713,1783312448489,0,,False
1722,b2-fabric-b1-c4-r2-retry1,b2-fabric-b1-c4-r2-retry1-task-0171,fabric_settlement,True,,2715,1783312448489,0,,False
1723,b2-fabric-b1-c4-r2-retry1,b2-fabric-b1-c4-r2-retry1-task-0169,fabric_query_final,True,,759,1783312451201,0,,False
1724,b2-fabric-b1-c4-r2-retry1,b2-fabric-b1-c4-r2-retry1-task-0171,fabric_query_final,True,,762,1783312451204,0,,False
1725,b2-fabric-b1-c4-r2-retry1,b2-fabric-b1-c4-r2-retry1-task-0170,fabric_query_final,True,,765,1783312451202,0,,False
1726,b2-fabric-b1-c4-r2-retry1,b2-fabric-b1-c4-r2-retry1-task-0169,ipfs_verify,True,,8,1783312451960,0,QmZLqC3g86PSYcSxK1cxvHGJ8Aik2UoKw8caWw7XhNXkPF,False
1727,b2-fabric-b1-c4-r2-retry1,b2-fabric-b1-c4-r2-retry1-task-0170,ipfs_verify,True,,6,1783312451967,0,QmSos72kuKbiboaW2t61phLxW7ptKFQdMCisw6tNBtbcDE,False
1728,b2-fabric-b1-c4-r2-retry1,b2-fabric-b1-c4-r2-retry1-task-0171,ipfs_verify,True,,8,1783312451966,0,QmZjdLVQXtktv5yJUsy2JQrY7etRcY2dQbqD5P8k7FzLSd,False
1729,b2-fabric-b1-c4-r2-retry1,b2-fabric-b1-c4-r2-retry1-task-0168,fabric_query_final,True,,773,1783312451201,0,,False
1730,b2-fabric-b1-c4-r2-retry1,b2-fabric-b1-c4-r2-retry1-task-0168,ipfs_verify,True,,7,1783312451974,0,QmW3R2ZUk1JeXnvoaVApYX6D73xdA2HnR93n8FvAGo1XWp,False
1731,b2-fabric-b1-c4-r2-retry1,b2-fabric-b1-c4-r2-retry1-task-0172,ipfs_add,True,,27,1783312451968,1446,,False
1732,b2-fabric-b1-c4-r2-retry1,b2-fabric-b1-c4-r2-retry1-task-0174,ipfs_add,True,,39,1783312451975,5608,,False
1733,b2-fabric-b1-c4-r2-retry1,b2-fabric-b1-c4-r2-retry1-task-0173,ipfs_add,True,,60,1783312451973,4300,,False
1734,b2-fabric-b1-c4-r2-retry1,b2-fabric-b1-c4-r2-retry1-task-0175,ipfs_add,True,,67,1783312451982,3257,,False
1735,b2-fabric-b1-c4-r2-retry1,b2-fabric-b1-c4-r2-retry1-task-0175,fabric_post_task,True,,2431,1783312452049,3257,Qme56HU6MmPTV4JMa2UFRRBLDMk4TTUSKEeBW74bEDj7dJ,False
1736,b2-fabric-b1-c4-r2-retry1,b2-fabric-b1-c4-r2-retry1-task-0174,fabric_post_task,True,,2468,1783312452014,5608,QmPxEGbddJ32igioNjm2AWhhmWQnoqqpTMJsfYKy6YhAFx,False
1737,b2-fabric-b1-c4-r2-retry1,b2-fabric-b1-c4-r2-retry1-task-0173,fabric_post_task,True,,2450,1783312452033,4300,QmbfTxCmxcHLajsThp62tm2pwqsRpuG1kR3xMMAoDmU5AM,False
1738,b2-fabric-b1-c4-r2-retry1,b2-fabric-b1-c4-r2-retry1-task-0172,fabric_post_task,True,,2488,1783312451995,1446,QmWCXhJMHo5d7nRYTgmt9DNVZcy4VxB9ac3rTxcCb2NF2D,False
1739,b2-fabric-b1-c4-r2-retry1,b2-fabric-b1-c4-r2-retry1-task-0172,fabric_post_allocation,True,,2294,1783312454483,0,,False
1740,b2-fabric-b1-c4-r2-retry1,b2-fabric-b1-c4-r2-retry1-task-0175,fabric_post_allocation,True,,2299,1783312454480,0,,False
1741,b2-fabric-b1-c4-r2-retry1,b2-fabric-b1-c4-r2-retry1-task-0173,fabric_post_allocation,True,,2296,1783312454483,0,,False
1742,b2-fabric-b1-c4-r2-retry1,b2-fabric-b1-c4-r2-retry1-task-0174,fabric_post_allocation,True,,2300,1783312454482,0,,False
1743,b2-fabric-b1-c4-r2-retry1,b2-fabric-b1-c4-r2-retry1-task-0172,fabric_post_snapshot,True,,2476,1783312456778,0,,False
1744,b2-fabric-b1-c4-r2-retry1,b2-fabric-b1-c4-r2-retry1-task-0175,fabric_post_snapshot,True,,2477,1783312456779,0,,False
1745,b2-fabric-b1-c4-r2-retry1,b2-fabric-b1-c4-r2-retry1-task-0174,fabric_post_snapshot,True,,2474,1783312456782,0,,False
1746,b2-fabric-b1-c4-r2-retry1,b2-fabric-b1-c4-r2-retry1-task-0173,fabric_post_snapshot,True,,2482,1783312456779,0,,False
1747,b2-fabric-b1-c4-r2-retry1,b2-fabric-b1-c4-r2-retry1-task-0172,fabric_query_confirmation,True,,145,1783312459254,0,,False
1748,b2-fabric-b1-c4-r2-retry1,b2-fabric-b1-c4-r2-retry1-task-0174,fabric_query_confirmation,True,,144,1783312459256,0,,False
1749,b2-fabric-b1-c4-r2-retry1,b2-fabric-b1-c4-r2-retry1-task-0175,fabric_query_confirmation,True,,144,1783312459256,0,,False
1750,b2-fabric-b1-c4-r2-retry1,b2-fabric-b1-c4-r2-retry1-task-0173,fabric_query_confirmation,True,,140,1783312459261,0,,False
1751,b2-fabric-b1-c4-r2-retry1,b2-fabric-b1-c4-r2-retry1-task-0175,fabric_vote_1,True,,2275,1783312459400,0,,False
1752,b2-fabric-b1-c4-r2-retry1,b2-fabric-b1-c4-r2-retry1-task-0172,fabric_vote_1,True,,2276,1783312459399,0,,False
1753,b2-fabric-b1-c4-r2-retry1,b2-fabric-b1-c4-r2-retry1-task-0173,fabric_vote_1,True,,2275,1783312459401,0,,False
1754,b2-fabric-b1-c4-r2-retry1,b2-fabric-b1-c4-r2-retry1-task-0174,fabric_vote_1,True,,2278,1783312459400,0,,False
1755,b2-fabric-b1-c4-r2-retry1,b2-fabric-b1-c4-r2-retry1-task-0174,fabric_vote_2,True,,2249,1783312461678,0,,False
1756,b2-fabric-b1-c4-r2-retry1,b2-fabric-b1-c4-r2-retry1-task-0175,fabric_vote_2,True,,2252,1783312461675,0,,False
1757,b2-fabric-b1-c4-r2-retry1,b2-fabric-b1-c4-r2-retry1-task-0173,fabric_vote_2,True,,2255,1783312461676,0,,False
1758,b2-fabric-b1-c4-r2-retry1,b2-fabric-b1-c4-r2-retry1-task-0172,fabric_vote_2,True,,2257,1783312461675,0,,False
1759,b2-fabric-b1-c4-r2-retry1,b2-fabric-b1-c4-r2-retry1-task-0174,fabric_settlement,True,,1633,1783312463927,0,,False
1760,b2-fabric-b1-c4-r2-retry1,b2-fabric-b1-c4-r2-retry1-task-0173,fabric_settlement,True,,1629,1783312463931,0,,False
1761,b2-fabric-b1-c4-r2-retry1,b2-fabric-b1-c4-r2-retry1-task-0175,fabric_settlement,True,,1634,1783312463927,0,,False
1762,b2-fabric-b1-c4-r2-retry1,b2-fabric-b1-c4-r2-retry1-task-0172,fabric_settlement,True,,1630,1783312463932,0,,False
1763,b2-fabric-b1-c4-r2-retry1,b2-fabric-b1-c4-r2-retry1-task-0173,fabric_query_final,True,,348,1783312465560,0,,False
1764,b2-fabric-b1-c4-r2-retry1,b2-fabric-b1-c4-r2-retry1-task-0174,fabric_query_final,True,,348,1783312465560,0,,False
1765,b2-fabric-b1-c4-r2-retry1,b2-fabric-b1-c4-r2-retry1-task-0175,fabric_query_final,True,,349,1783312465561,0,,False
1766,b2-fabric-b1-c4-r2-retry1,b2-fabric-b1-c4-r2-retry1-task-0174,ipfs_verify,True,,9,1783312465908,0,QmPxEGbddJ32igioNjm2AWhhmWQnoqqpTMJsfYKy6YhAFx,False
1767,b2-fabric-b1-c4-r2-retry1,b2-fabric-b1-c4-r2-retry1-task-0175,ipfs_verify,True,,7,1783312465910,0,Qme56HU6MmPTV4JMa2UFRRBLDMk4TTUSKEeBW74bEDj7dJ,False
1768,b2-fabric-b1-c4-r2-retry1,b2-fabric-b1-c4-r2-retry1-task-0173,ipfs_verify,True,,9,1783312465908,0,QmbfTxCmxcHLajsThp62tm2pwqsRpuG1kR3xMMAoDmU5AM,False
1769,b2-fabric-b1-c4-r2-retry1,b2-fabric-b1-c4-r2-retry1-task-0177,ipfs_add,True,,48,1783312465917,5306,,False
1770,b2-fabric-b1-c4-r2-retry1,b2-fabric-b1-c4-r2-retry1-task-0176,ipfs_add,True,,65,1783312465917,4034,,False
1771,b2-fabric-b1-c4-r2-retry1,b2-fabric-b1-c4-r2-retry1-task-0178,ipfs_add,True,,84,1783312465917,4045,,False
1772,b2-fabric-b1-c4-r2-retry1,b2-fabric-b1-c4-r2-retry1-task-0172,fabric_query_final,True,,532,1783312465562,0,,False
1773,b2-fabric-b1-c4-r2-retry1,b2-fabric-b1-c4-r2-retry1-task-0172,ipfs_verify,True,,11,1783312466094,0,QmWCXhJMHo5d7nRYTgmt9DNVZcy4VxB9ac3rTxcCb2NF2D,False
1774,b2-fabric-b1-c4-r2-retry1,b2-fabric-b1-c4-r2-retry1-task-0179,ipfs_add,True,,56,1783312466105,4715,,False
1775,b2-fabric-b1-c4-r2-retry1,b2-fabric-b1-c4-r2-retry1-task-0177,fabric_post_task,True,,2288,1783312465965,5306,Qme3x2wCQzF4crmA39HiD75kt4VPr32vpRsBDzTvRxgq25,False
1776,b2-fabric-b1-c4-r2-retry1,b2-fabric-b1-c4-r2-retry1-task-0178,fabric_post_task,True,,2253,1783312466001,4045,QmcMmCeXPTgB5hUZ5zyMPbzTYpXhmULJPRgFkQk49JE2yo,False
1777,b2-fabric-b1-c4-r2-retry1,b2-fabric-b1-c4-r2-retry1-task-0179,fabric_post_task,True,,2096,1783312466161,4715,QmQrqM4ZAvnyMT9d45SyZYnGsRCBnWyWFkrZS7cSaxgJa7,False
1778,b2-fabric-b1-c4-r2-retry1,b2-fabric-b1-c4-r2-retry1-task-0176,fabric_post_task,True,,2276,1783312465982,4034,QmWYpLa462QawExYZYEgndjMGHkBMC8A8zrbHbrtqQ4Wqh,False
1779,b2-fabric-b1-c4-r2-retry1,b2-fabric-b1-c4-r2-retry1-task-0177,fabric_post_allocation,True,,2348,1783312468253,0,,False
1780,b2-fabric-b1-c4-r2-retry1,b2-fabric-b1-c4-r2-retry1-task-0178,fabric_post_allocation,True,,2348,1783312468254,0,,False
1781,b2-fabric-b1-c4-r2-retry1,b2-fabric-b1-c4-r2-retry1-task-0176,fabric_post_allocation,True,,2345,1783312468258,0,,False
1782,b2-fabric-b1-c4-r2-retry1,b2-fabric-b1-c4-r2-retry1-task-0179,fabric_post_allocation,True,,2347,1783312468257,0,,False
1783,b2-fabric-b1-c4-r2-retry1,b2-fabric-b1-c4-r2-retry1-task-0176,fabric_post_snapshot,True,,2242,1783312470603,0,,False
1784,b2-fabric-b1-c4-r2-retry1,b2-fabric-b1-c4-r2-retry1-task-0177,fabric_post_snapshot,True,,2246,1783312470601,0,,False
1785,b2-fabric-b1-c4-r2-retry1,b2-fabric-b1-c4-r2-retry1-task-0178,fabric_post_snapshot,True,,2246,1783312470602,0,,False
1786,b2-fabric-b1-c4-r2-retry1,b2-fabric-b1-c4-r2-retry1-task-0179,fabric_post_snapshot,True,,2245,1783312470604,0,,False
1787,b2-fabric-b1-c4-r2-retry1,b2-fabric-b1-c4-r2-retry1-task-0179,fabric_query_confirmation,True,,114,1783312472849,0,,False
1788,b2-fabric-b1-c4-r2-retry1,b2-fabric-b1-c4-r2-retry1-task-0176,fabric_query_confirmation,True,,118,1783312472845,0,,False
1789,b2-fabric-b1-c4-r2-retry1,b2-fabric-b1-c4-r2-retry1-task-0178,fabric_query_confirmation,True,,116,1783312472848,0,,False
1790,b2-fabric-b1-c4-r2-retry1,b2-fabric-b1-c4-r2-retry1-task-0177,fabric_query_confirmation,True,,118,1783312472847,0,,False
1791,b2-fabric-b1-c4-r2-retry1,b2-fabric-b1-c4-r2-retry1-task-0177,fabric_vote_1,True,,2521,1783312472965,0,,False
1792,b2-fabric-b1-c4-r2-retry1,b2-fabric-b1-c4-r2-retry1-task-0178,fabric_vote_1,True,,2523,1783312472964,0,,False
1793,b2-fabric-b1-c4-r2-retry1,b2-fabric-b1-c4-r2-retry1-task-0179,fabric_vote_1,True,,2525,1783312472963,0,,False
1794,b2-fabric-b1-c4-r2-retry1,b2-fabric-b1-c4-r2-retry1-task-0176,fabric_vote_1,True,,2526,1783312472963,0,,False
1795,b2-fabric-b1-c4-r2-retry1,b2-fabric-b1-c4-r2-retry1-task-0177,fabric_vote_2,True,,2285,1783312475486,0,,False
1796,b2-fabric-b1-c4-r2-retry1,b2-fabric-b1-c4-r2-retry1-task-0178,fabric_vote_2,True,,2285,1783312475487,0,,False
1797,b2-fabric-b1-c4-r2-retry1,b2-fabric-b1-c4-r2-retry1-task-0176,fabric_vote_2,True,,2284,1783312475489,0,,False
1798,b2-fabric-b1-c4-r2-retry1,b2-fabric-b1-c4-r2-retry1-task-0179,fabric_vote_2,True,,2286,1783312475488,0,,False
1799,b2-fabric-b1-c4-r2-retry1,b2-fabric-b1-c4-r2-retry1-task-0176,fabric_settlement,True,,2944,1783312477773,0,,False
1800,b2-fabric-b1-c4-r2-retry1,b2-fabric-b1-c4-r2-retry1-task-0177,fabric_settlement,True,,2946,1783312477771,0,,False
1801,b2-fabric-b1-c4-r2-retry1,b2-fabric-b1-c4-r2-retry1-task-0178,fabric_settlement,True,,2946,1783312477772,0,,False
1802,b2-fabric-b1-c4-r2-retry1,b2-fabric-b1-c4-r2-retry1-task-0179,fabric_settlement,True,,2946,1783312477774,0,,False
1803,b2-fabric-b1-c4-r2-retry1,b2-fabric-b1-c4-r2-retry1-task-0176,fabric_query_final,True,,745,1783312480717,0,,False
1804,b2-fabric-b1-c4-r2-retry1,b2-fabric-b1-c4-r2-retry1-task-0178,fabric_query_final,True,,744,1783312480718,0,,False
1805,b2-fabric-b1-c4-r2-retry1,b2-fabric-b1-c4-r2-retry1-task-0177,fabric_query_final,True,,745,1783312480717,0,,False
1806,b2-fabric-b1-c4-r2-retry1,b2-fabric-b1-c4-r2-retry1-task-0179,fabric_query_final,True,,745,1783312480720,0,,False
1807,b2-fabric-b1-c4-r2-retry1,b2-fabric-b1-c4-r2-retry1-task-0177,ipfs_verify,True,,7,1783312481462,0,Qme3x2wCQzF4crmA39HiD75kt4VPr32vpRsBDzTvRxgq25,False
1808,b2-fabric-b1-c4-r2-retry1,b2-fabric-b1-c4-r2-retry1-task-0176,ipfs_verify,True,,8,1783312481462,0,QmWYpLa462QawExYZYEgndjMGHkBMC8A8zrbHbrtqQ4Wqh,False
1809,b2-fabric-b1-c4-r2-retry1,b2-fabric-b1-c4-r2-retry1-task-0178,ipfs_verify,True,,9,1783312481462,0,QmcMmCeXPTgB5hUZ5zyMPbzTYpXhmULJPRgFkQk49JE2yo,False
1810,b2-fabric-b1-c4-r2-retry1,b2-fabric-b1-c4-r2-retry1-task-0179,ipfs_verify,True,,7,1783312481465,0,QmQrqM4ZAvnyMT9d45SyZYnGsRCBnWyWFkrZS7cSaxgJa7,False
1811,b2-fabric-b1-c4-r2-retry1,b2-fabric-b1-c4-r2-retry1-task-0180,ipfs_add,True,,25,1783312481470,2760,,False
1812,b2-fabric-b1-c4-r2-retry1,b2-fabric-b1-c4-r2-retry1-task-0183,ipfs_add,True,,39,1783312481472,4217,,False
1813,b2-fabric-b1-c4-r2-retry1,b2-fabric-b1-c4-r2-retry1-task-0181,ipfs_add,True,,71,1783312481470,7983,,False
1814,b2-fabric-b1-c4-r2-retry1,b2-fabric-b1-c4-r2-retry1-task-0182,ipfs_add,True,,70,1783312481471,7430,,False
1815,b2-fabric-b1-c4-r2-retry1,b2-fabric-b1-c4-r2-retry1-task-0182,fabric_post_task,True,,2398,1783312481541,7430,QmPh87qX4uXxDva18VFEqYFHobSnGGDvKi4JqHTLbhxoLw,False
1816,b2-fabric-b1-c4-r2-retry1,b2-fabric-b1-c4-r2-retry1-task-0180,fabric_post_task,True,,2447,1783312481495,2760,QmR6Px5R1u5xpqRRLw23vf5EBSJuihmVCpGdNJzv4EWUGT,False
1817,b2-fabric-b1-c4-r2-retry1,b2-fabric-b1-c4-r2-retry1-task-0181,fabric_post_task,True,,2401,1783312481541,7983,QmXfW8NQE7G8zKM2qSnSb7fyMnVy3r3ZfRZA2fMzkkS18d,False
1818,b2-fabric-b1-c4-r2-retry1,b2-fabric-b1-c4-r2-retry1-task-0183,fabric_post_task,True,,2432,1783312481511,4217,QmbPwt9E6tLQ5debxusYUVQUr65wy3vAm8TvxdJjEf6yoF,False
1819,b2-fabric-b1-c4-r2-retry1,b2-fabric-b1-c4-r2-retry1-task-0181,fabric_post_allocation,True,,2302,1783312483942,0,,False
1820,b2-fabric-b1-c4-r2-retry1,b2-fabric-b1-c4-r2-retry1-task-0183,fabric_post_allocation,True,,2302,1783312483943,0,,False
1821,b2-fabric-b1-c4-r2-retry1,b2-fabric-b1-c4-r2-retry1-task-0182,fabric_post_allocation,True,,2306,1783312483939,0,,False
1822,b2-fabric-b1-c4-r2-retry1,b2-fabric-b1-c4-r2-retry1-task-0180,fabric_post_allocation,True,,2305,1783312483942,0,,False
1823,b2-fabric-b1-c4-r2-retry1,b2-fabric-b1-c4-r2-retry1-task-0180,fabric_post_snapshot,True,,2274,1783312486247,0,,False
1824,b2-fabric-b1-c4-r2-retry1,b2-fabric-b1-c4-r2-retry1-task-0182,fabric_post_snapshot,True,,2278,1783312486245,0,,False
1825,b2-fabric-b1-c4-r2-retry1,b2-fabric-b1-c4-r2-retry1-task-0183,fabric_post_snapshot,True,,2278,1783312486245,0,,False
1826,b2-fabric-b1-c4-r2-retry1,b2-fabric-b1-c4-r2-retry1-task-0181,fabric_post_snapshot,True,,2280,1783312486244,0,,False
1827,b2-fabric-b1-c4-r2-retry1,b2-fabric-b1-c4-r2-retry1-task-0182,fabric_query_confirmation,True,,120,1783312488523,0,,False
1828,b2-fabric-b1-c4-r2-retry1,b2-fabric-b1-c4-r2-retry1-task-0180,fabric_query_confirmation,True,,122,1783312488521,0,,False
1829,b2-fabric-b1-c4-r2-retry1,b2-fabric-b1-c4-r2-retry1-task-0183,fabric_query_confirmation,True,,121,1783312488523,0,,False
1830,b2-fabric-b1-c4-r2-retry1,b2-fabric-b1-c4-r2-retry1-task-0181,fabric_query_confirmation,True,,120,1783312488524,0,,False
1831,b2-fabric-b1-c4-r2-retry1,b2-fabric-b1-c4-r2-retry1-task-0182,fabric_vote_1,True,,2254,1783312488643,0,,False
1832,b2-fabric-b1-c4-r2-retry1,b2-fabric-b1-c4-r2-retry1-task-0181,fabric_vote_1,True,,2253,1783312488644,0,,False
1833,b2-fabric-b1-c4-r2-retry1,b2-fabric-b1-c4-r2-retry1-task-0183,fabric_vote_1,True,,2254,1783312488644,0,,False
1834,b2-fabric-b1-c4-r2-retry1,b2-fabric-b1-c4-r2-retry1-task-0180,fabric_vote_1,True,,2257,1783312488643,0,,False
1835,b2-fabric-b1-c4-r2-retry1,b2-fabric-b1-c4-r2-retry1-task-0182,fabric_vote_2,True,,2486,1783312490897,0,,False
1836,b2-fabric-b1-c4-r2-retry1,b2-fabric-b1-c4-r2-retry1-task-0183,fabric_vote_2,True,,2487,1783312490898,0,,False
1837,b2-fabric-b1-c4-r2-retry1,b2-fabric-b1-c4-r2-retry1-task-0180,fabric_vote_2,True,,2486,1783312490900,0,,False
1838,b2-fabric-b1-c4-r2-retry1,b2-fabric-b1-c4-r2-retry1-task-0181,fabric_vote_2,True,,2489,1783312490897,0,,False
1839,b2-fabric-b1-c4-r2-retry1,b2-fabric-b1-c4-r2-retry1-task-0183,fabric_settlement,True,,1616,1783312493385,0,,False
1840,b2-fabric-b1-c4-r2-retry1,b2-fabric-b1-c4-r2-retry1-task-0181,fabric_settlement,True,,1615,1783312493386,0,,False
1841,b2-fabric-b1-c4-r2-retry1,b2-fabric-b1-c4-r2-retry1-task-0182,fabric_settlement,True,,1619,1783312493383,0,,False
1842,b2-fabric-b1-c4-r2-retry1,b2-fabric-b1-c4-r2-retry1-task-0180,fabric_settlement,True,,1619,1783312493386,0,,False
1843,b2-fabric-b1-c4-r2-retry1,b2-fabric-b1-c4-r2-retry1-task-0183,fabric_query_final,True,,704,1783312495001,0,,False
1844,b2-fabric-b1-c4-r2-retry1,b2-fabric-b1-c4-r2-retry1-task-0181,fabric_query_final,True,,705,1783312495001,0,,False
1845,b2-fabric-b1-c4-r2-retry1,b2-fabric-b1-c4-r2-retry1-task-0182,fabric_query_final,True,,704,1783312495002,0,,False
1846,b2-fabric-b1-c4-r2-retry1,b2-fabric-b1-c4-r2-retry1-task-0180,fabric_query_final,True,,704,1783312495005,0,,False
1847,b2-fabric-b1-c4-r2-retry1,b2-fabric-b1-c4-r2-retry1-task-0182,ipfs_verify,True,,6,1783312495706,0,QmPh87qX4uXxDva18VFEqYFHobSnGGDvKi4JqHTLbhxoLw,False
1848,b2-fabric-b1-c4-r2-retry1,b2-fabric-b1-c4-r2-retry1-task-0183,ipfs_verify,True,,8,1783312495705,0,QmbPwt9E6tLQ5debxusYUVQUr65wy3vAm8TvxdJjEf6yoF,False
1849,b2-fabric-b1-c4-r2-retry1,b2-fabric-b1-c4-r2-retry1-task-0181,ipfs_verify,True,,8,1783312495706,0,QmXfW8NQE7G8zKM2qSnSb7fyMnVy3r3ZfRZA2fMzkkS18d,False
1850,b2-fabric-b1-c4-r2-retry1,b2-fabric-b1-c4-r2-retry1-task-0180,ipfs_verify,True,,5,1783312495709,0,QmR6Px5R1u5xpqRRLw23vf5EBSJuihmVCpGdNJzv4EWUGT,False
1851,b2-fabric-b1-c4-r2-retry1,b2-fabric-b1-c4-r2-retry1-task-0185,ipfs_add,True,,26,1783312495713,4040,,False
1852,b2-fabric-b1-c4-r2-retry1,b2-fabric-b1-c4-r2-retry1-task-0186,ipfs_add,True,,41,1783312495714,3760,,False
1853,b2-fabric-b1-c4-r2-retry1,b2-fabric-b1-c4-r2-retry1-task-0187,ipfs_add,True,,57,1783312495715,3817,,False
1854,b2-fabric-b1-c4-r2-retry1,b2-fabric-b1-c4-r2-retry1-task-0184,ipfs_add,True,,75,1783312495713,4322,,False
1855,b2-fabric-b1-c4-r2-retry1,b2-fabric-b1-c4-r2-retry1-task-0187,fabric_post_task,True,,2496,1783312495772,3817,Qmf8fbnaf3R2y5rxjCXbb3pgaPsQKQp68yoMb3dsh3Aeyh,False
1856,b2-fabric-b1-c4-r2-retry1,b2-fabric-b1-c4-r2-retry1-task-0186,fabric_post_task,True,,2517,1783312495755,3760,QmZA8PgSFKJwCnC8xR9o1nzuniwJhwtRPJevn7qR23cM26,False
1857,b2-fabric-b1-c4-r2-retry1,b2-fabric-b1-c4-r2-retry1-task-0185,fabric_post_task,True,,2534,1783312495739,4040,QmT4bZjUycokNSYzs2a92RaLgz1rz7cYRBH2nyFGYtkV7Q,False
1858,b2-fabric-b1-c4-r2-retry1,b2-fabric-b1-c4-r2-retry1-task-0184,fabric_post_task,True,,2485,1783312495788,4322,QmPSZKSDhc3oMmRRsdGa893tPo9QETi3JkqUddqajNAxLy,False
1859,b2-fabric-b1-c4-r2-retry1,b2-fabric-b1-c4-r2-retry1-task-0187,fabric_post_allocation,True,,2301,1783312498268,0,,False
1860,b2-fabric-b1-c4-r2-retry1,b2-fabric-b1-c4-r2-retry1-task-0185,fabric_post_allocation,True,,2297,1783312498273,0,,False
1861,b2-fabric-b1-c4-r2-retry1,b2-fabric-b1-c4-r2-retry1-task-0184,fabric_post_allocation,True,,2298,1783312498273,0,,False
1862,b2-fabric-b1-c4-r2-retry1,b2-fabric-b1-c4-r2-retry1-task-0186,fabric_post_allocation,True,,2302,1783312498272,0,,False
1863,b2-fabric-b1-c4-r2-retry1,b2-fabric-b1-c4-r2-retry1-task-0184,fabric_post_snapshot,True,,2462,1783312500571,0,,False
1864,b2-fabric-b1-c4-r2-retry1,b2-fabric-b1-c4-r2-retry1-task-0185,fabric_post_snapshot,True,,2465,1783312500570,0,,False
1865,b2-fabric-b1-c4-r2-retry1,b2-fabric-b1-c4-r2-retry1-task-0187,fabric_post_snapshot,True,,2467,1783312500569,0,,False
1866,b2-fabric-b1-c4-r2-retry1,b2-fabric-b1-c4-r2-retry1-task-0186,fabric_post_snapshot,True,,2462,1783312500574,0,,False
1867,b2-fabric-b1-c4-r2-retry1,b2-fabric-b1-c4-r2-retry1-task-0184,fabric_query_confirmation,True,,112,1783312503034,0,,False
1868,b2-fabric-b1-c4-r2-retry1,b2-fabric-b1-c4-r2-retry1-task-0187,fabric_query_confirmation,True,,110,1783312503036,0,,False
1869,b2-fabric-b1-c4-r2-retry1,b2-fabric-b1-c4-r2-retry1-task-0186,fabric_query_confirmation,True,,111,1783312503036,0,,False
1870,b2-fabric-b1-c4-r2-retry1,b2-fabric-b1-c4-r2-retry1-task-0185,fabric_query_confirmation,True,,115,1783312503035,0,,False
1871,b2-fabric-b1-c4-r2-retry1,b2-fabric-b1-c4-r2-retry1-task-0187,fabric_vote_1,True,,2464,1783312503146,0,,False
1872,b2-fabric-b1-c4-r2-retry1,b2-fabric-b1-c4-r2-retry1-task-0185,fabric_vote_1,True,,2461,1783312503150,0,,False
1873,b2-fabric-b1-c4-r2-retry1,b2-fabric-b1-c4-r2-retry1-task-0186,fabric_vote_1,True,,2465,1783312503147,0,,False
1874,b2-fabric-b1-c4-r2-retry1,b2-fabric-b1-c4-r2-retry1-task-0184,fabric_vote_1,True,,2466,1783312503146,0,,False
1875,b2-fabric-b1-c4-r2-retry1,b2-fabric-b1-c4-r2-retry1-task-0187,fabric_vote_2,True,,2250,1783312505610,0,,False
1876,b2-fabric-b1-c4-r2-retry1,b2-fabric-b1-c4-r2-retry1-task-0186,fabric_vote_2,True,,2249,1783312505612,0,,False
1877,b2-fabric-b1-c4-r2-retry1,b2-fabric-b1-c4-r2-retry1-task-0185,fabric_vote_2,True,,2250,1783312505611,0,,False
1878,b2-fabric-b1-c4-r2-retry1,b2-fabric-b1-c4-r2-retry1-task-0184,fabric_vote_2,True,,2250,1783312505612,0,,False
1879,b2-fabric-b1-c4-r2-retry1,b2-fabric-b1-c4-r2-retry1-task-0184,fabric_settlement,True,,2662,1783312507862,0,,False
1880,b2-fabric-b1-c4-r2-retry1,b2-fabric-b1-c4-r2-retry1-task-0186,fabric_settlement,True,,2664,1783312507861,0,,False
1881,b2-fabric-b1-c4-r2-retry1,b2-fabric-b1-c4-r2-retry1-task-0185,fabric_settlement,True,,2664,1783312507861,0,,False
1882,b2-fabric-b1-c4-r2-retry1,b2-fabric-b1-c4-r2-retry1-task-0187,fabric_settlement,True,,2666,1783312507860,0,,False
1883,b2-fabric-b1-c4-r2-retry1,b2-fabric-b1-c4-r2-retry1-task-0184,fabric_query_final,True,,726,1783312510524,0,,False
1884,b2-fabric-b1-c4-r2-retry1,b2-fabric-b1-c4-r2-retry1-task-0187,fabric_query_final,True,,725,1783312510526,0,,False
1885,b2-fabric-b1-c4-r2-retry1,b2-fabric-b1-c4-r2-retry1-task-0185,fabric_query_final,True,,727,1783312510525,0,,False
1886,b2-fabric-b1-c4-r2-retry1,b2-fabric-b1-c4-r2-retry1-task-0186,fabric_query_final,True,,734,1783312510525,0,,False
1887,b2-fabric-b1-c4-r2-retry1,b2-fabric-b1-c4-r2-retry1-task-0184,ipfs_verify,True,,10,1783312511250,0,QmPSZKSDhc3oMmRRsdGa893tPo9QETi3JkqUddqajNAxLy,False
1888,b2-fabric-b1-c4-r2-retry1,b2-fabric-b1-c4-r2-retry1-task-0187,ipfs_verify,True,,10,1783312511251,0,Qmf8fbnaf3R2y5rxjCXbb3pgaPsQKQp68yoMb3dsh3Aeyh,False
1889,b2-fabric-b1-c4-r2-retry1,b2-fabric-b1-c4-r2-retry1-task-0185,ipfs_verify,True,,10,1783312511252,0,QmT4bZjUycokNSYzs2a92RaLgz1rz7cYRBH2nyFGYtkV7Q,False
1890,b2-fabric-b1-c4-r2-retry1,b2-fabric-b1-c4-r2-retry1-task-0186,ipfs_verify,True,,8,1783312511259,0,QmZA8PgSFKJwCnC8xR9o1nzuniwJhwtRPJevn7qR23cM26,False
1891,b2-fabric-b1-c4-r2-retry1,b2-fabric-b1-c4-r2-retry1-task-0188,ipfs_add,True,,41,1783312511260,3588,,False
1892,b2-fabric-b1-c4-r2-retry1,b2-fabric-b1-c4-r2-retry1-task-0189,ipfs_add,True,,56,1783312511261,3813,,False
1893,b2-fabric-b1-c4-r2-retry1,b2-fabric-b1-c4-r2-retry1-task-0190,ipfs_add,True,,70,1783312511262,4444,,False
1894,b2-fabric-b1-c4-r2-retry1,b2-fabric-b1-c4-r2-retry1-task-0191,ipfs_add,True,,81,1783312511267,4761,,False
1895,b2-fabric-b1-c4-r2-retry1,b2-fabric-b1-c4-r2-retry1-task-0191,fabric_post_task,True,,2398,1783312511348,4761,QmQK4ChDQQAbfnUHBQHNjhVcC13LjvmaW51QAJHKkyJuWr,False
1896,b2-fabric-b1-c4-r2-retry1,b2-fabric-b1-c4-r2-retry1-task-0188,fabric_post_task,True,,2447,1783312511301,3588,QmcA2snS31e3yhCPjoMSmuW8w6FVceBCsiYRZuzgLXJZRG,False
1897,b2-fabric-b1-c4-r2-retry1,b2-fabric-b1-c4-r2-retry1-task-0189,fabric_post_task,True,,2432,1783312511317,3813,QmddcGv3BfwnFZsm5H1ArqWuKN7jPveB9ZhCJXqBYVXr4Z,False
1898,b2-fabric-b1-c4-r2-retry1,b2-fabric-b1-c4-r2-retry1-task-0190,fabric_post_task,True,,2418,1783312511332,4444,QmTYyB6jg19PhoaP2Bg8ox3B4TonwPSLo68XR9yyH3VskB,False
1899,b2-fabric-b1-c4-r2-retry1,b2-fabric-b1-c4-r2-retry1-task-0188,fabric_post_allocation,True,,2317,1783312513748,0,,False
1900,b2-fabric-b1-c4-r2-retry1,b2-fabric-b1-c4-r2-retry1-task-0189,fabric_post_allocation,True,,2317,1783312513749,0,,False
1901,b2-fabric-b1-c4-r2-retry1,b2-fabric-b1-c4-r2-retry1-task-0191,fabric_post_allocation,True,,2319,1783312513747,0,,False
1902,b2-fabric-b1-c4-r2-retry1,b2-fabric-b1-c4-r2-retry1-task-0190,fabric_post_allocation,True,,2318,1783312513750,0,,False
1903,b2-fabric-b1-c4-r2-retry1,b2-fabric-b1-c4-r2-retry1-task-0189,fabric_post_snapshot,True,,2285,1783312516066,0,,False
1904,b2-fabric-b1-c4-r2-retry1,b2-fabric-b1-c4-r2-retry1-task-0191,fabric_post_snapshot,True,,2287,1783312516066,0,,False
1905,b2-fabric-b1-c4-r2-retry1,b2-fabric-b1-c4-r2-retry1-task-0190,fabric_post_snapshot,True,,2286,1783312516068,0,,False
1906,b2-fabric-b1-c4-r2-retry1,b2-fabric-b1-c4-r2-retry1-task-0188,fabric_post_snapshot,True,,2289,1783312516065,0,,False
1907,b2-fabric-b1-c4-r2-retry1,b2-fabric-b1-c4-r2-retry1-task-0188,fabric_query_confirmation,True,,136,1783312518355,0,,False
1908,b2-fabric-b1-c4-r2-retry1,b2-fabric-b1-c4-r2-retry1-task-0190,fabric_query_confirmation,True,,137,1783312518354,0,,False
1909,b2-fabric-b1-c4-r2-retry1,b2-fabric-b1-c4-r2-retry1-task-0189,fabric_query_confirmation,True,,141,1783312518351,0,,False
1910,b2-fabric-b1-c4-r2-retry1,b2-fabric-b1-c4-r2-retry1-task-0191,fabric_query_confirmation,True,,139,1783312518353,0,,False
1911,b2-fabric-b1-c4-r2-retry1,b2-fabric-b1-c4-r2-retry1-task-0191,fabric_vote_1,True,,2271,1783312518492,0,,False
1912,b2-fabric-b1-c4-r2-retry1,b2-fabric-b1-c4-r2-retry1-task-0189,fabric_vote_1,True,,2272,1783312518492,0,,False
1913,b2-fabric-b1-c4-r2-retry1,b2-fabric-b1-c4-r2-retry1-task-0190,fabric_vote_1,True,,2273,1783312518491,0,,False
1914,b2-fabric-b1-c4-r2-retry1,b2-fabric-b1-c4-r2-retry1-task-0188,fabric_vote_1,True,,2274,1783312518491,0,,False
1915,b2-fabric-b1-c4-r2-retry1,b2-fabric-b1-c4-r2-retry1-task-0188,fabric_vote_2,True,,2272,1783312520765,0,,False
1916,b2-fabric-b1-c4-r2-retry1,b2-fabric-b1-c4-r2-retry1-task-0191,fabric_vote_2,True,,2276,1783312520763,0,,False
1917,b2-fabric-b1-c4-r2-retry1,b2-fabric-b1-c4-r2-retry1-task-0190,fabric_vote_2,True,,2275,1783312520764,0,,False
1918,b2-fabric-b1-c4-r2-retry1,b2-fabric-b1-c4-r2-retry1-task-0189,fabric_vote_2,True,,2278,1783312520764,0,,False
1919,b2-fabric-b1-c4-r2-retry1,b2-fabric-b1-c4-r2-retry1-task-0188,fabric_settlement,True,,1872,1783312523037,0,,False
1920,b2-fabric-b1-c4-r2-retry1,b2-fabric-b1-c4-r2-retry1-task-0191,fabric_settlement,True,,1871,1783312523039,0,,False
1921,b2-fabric-b1-c4-r2-retry1,b2-fabric-b1-c4-r2-retry1-task-0190,fabric_settlement,True,,1872,1783312523039,0,,False
1922,b2-fabric-b1-c4-r2-retry1,b2-fabric-b1-c4-r2-retry1-task-0189,fabric_settlement,True,,1870,1783312523042,0,,False
1923,b2-fabric-b1-c4-r2-retry1,b2-fabric-b1-c4-r2-retry1-task-0191,fabric_query_final,True,,403,1783312524910,0,,False
1924,b2-fabric-b1-c4-r2-retry1,b2-fabric-b1-c4-r2-retry1-task-0189,fabric_query_final,True,,401,1783312524912,0,,False
1925,b2-fabric-b1-c4-r2-retry1,b2-fabric-b1-c4-r2-retry1-task-0188,fabric_query_final,True,,405,1783312524909,0,,False
1926,b2-fabric-b1-c4-r2-retry1,b2-fabric-b1-c4-r2-retry1-task-0190,fabric_query_final,True,,408,1783312524911,0,,False
1927,b2-fabric-b1-c4-r2-retry1,b2-fabric-b1-c4-r2-retry1-task-0189,ipfs_verify,True,,8,1783312525313,0,QmddcGv3BfwnFZsm5H1ArqWuKN7jPveB9ZhCJXqBYVXr4Z,False
1928,b2-fabric-b1-c4-r2-retry1,b2-fabric-b1-c4-r2-retry1-task-0191,ipfs_verify,True,,9,1783312525313,0,QmQK4ChDQQAbfnUHBQHNjhVcC13LjvmaW51QAJHKkyJuWr,False
1929,b2-fabric-b1-c4-r2-retry1,b2-fabric-b1-c4-r2-retry1-task-0188,ipfs_verify,True,,9,1783312525314,0,QmcA2snS31e3yhCPjoMSmuW8w6FVceBCsiYRZuzgLXJZRG,False
1930,b2-fabric-b1-c4-r2-retry1,b2-fabric-b1-c4-r2-retry1-task-0190,ipfs_verify,True,,7,1783312525319,0,QmTYyB6jg19PhoaP2Bg8ox3B4TonwPSLo68XR9yyH3VskB,False
1931,b2-fabric-b1-c4-r2-retry1,b2-fabric-b1-c4-r2-retry1-task-0193,ipfs_add,True,,36,1783312525322,3656,,False
1932,b2-fabric-b1-c4-r2-retry1,b2-fabric-b1-c4-r2-retry1-task-0192,ipfs_add,True,,55,1783312525321,4212,,False
1933,b2-fabric-b1-c4-r2-retry1,b2-fabric-b1-c4-r2-retry1-task-0194,ipfs_add,True,,71,1783312525323,5127,,False
1934,b2-fabric-b1-c4-r2-retry1,b2-fabric-b1-c4-r2-retry1-task-0195,ipfs_add,True,,86,1783312525326,4765,,False
1935,b2-fabric-b1-c4-r2-retry1,b2-fabric-b1-c4-r2-retry1-task-0195,fabric_post_task,True,,2548,1783312525412,4765,QmWaLq11VC2STk3MM8gwJdsmwiV6pMb8XyjpXUZRgju27h,False
1936,b2-fabric-b1-c4-r2-retry1,b2-fabric-b1-c4-r2-retry1-task-0194,fabric_post_task,True,,2567,1783312525394,5127,QmUQkF6tMKomfpeYcTdtmNy7TBXYJGRPRM9P1cpCwR1MJF,False
1937,b2-fabric-b1-c4-r2-retry1,b2-fabric-b1-c4-r2-retry1-task-0193,fabric_post_task,True,,2603,1783312525358,3656,QmW9nojj3tyFNDDEodDC3x43Y5jA3Ac4z7TE78zw1HD6qu,False
1938,b2-fabric-b1-c4-r2-retry1,b2-fabric-b1-c4-r2-retry1-task-0192,fabric_post_task,True,,2587,1783312525376,4212,QmWMsVVs2hySKHixiKJetRsQBSH7CcjzbQrS3sZphmmfLm,False
1939,b2-fabric-b1-c4-r2-retry1,b2-fabric-b1-c4-r2-retry1-task-0194,fabric_post_allocation,True,,2292,1783312527961,0,,False
1940,b2-fabric-b1-c4-r2-retry1,b2-fabric-b1-c4-r2-retry1-task-0195,fabric_post_allocation,True,,2294,1783312527960,0,,False
1941,b2-fabric-b1-c4-r2-retry1,b2-fabric-b1-c4-r2-retry1-task-0193,fabric_post_allocation,True,,2294,1783312527961,0,,False
1942,b2-fabric-b1-c4-r2-retry1,b2-fabric-b1-c4-r2-retry1-task-0192,fabric_post_allocation,True,,2293,1783312527963,0,,False
1943,b2-fabric-b1-c4-r2-retry1,b2-fabric-b1-c4-r2-retry1-task-0194,fabric_post_snapshot,True,,2269,1783312530253,0,,False
1944,b2-fabric-b1-c4-r2-retry1,b2-fabric-b1-c4-r2-retry1-task-0192,fabric_post_snapshot,True,,2267,1783312530256,0,,False
1945,b2-fabric-b1-c4-r2-retry1,b2-fabric-b1-c4-r2-retry1-task-0195,fabric_post_snapshot,True,,2269,1783312530254,0,,False
1946,b2-fabric-b1-c4-r2-retry1,b2-fabric-b1-c4-r2-retry1-task-0193,fabric_post_snapshot,True,,2269,1783312530255,0,,False
1947,b2-fabric-b1-c4-r2-retry1,b2-fabric-b1-c4-r2-retry1-task-0195,fabric_query_confirmation,True,,113,1783312532523,0,,False
1948,b2-fabric-b1-c4-r2-retry1,b2-fabric-b1-c4-r2-retry1-task-0194,fabric_query_confirmation,True,,115,1783312532522,0,,False
1949,b2-fabric-b1-c4-r2-retry1,b2-fabric-b1-c4-r2-retry1-task-0193,fabric_query_confirmation,True,,113,1783312532524,0,,False
1950,b2-fabric-b1-c4-r2-retry1,b2-fabric-b1-c4-r2-retry1-task-0192,fabric_query_confirmation,True,,159,1783312532523,0,,False
1951,b2-fabric-b1-c4-r2-retry1,b2-fabric-b1-c4-r2-retry1-task-0192,fabric_vote_1,True,,2235,1783312532682,0,,False
1952,b2-fabric-b1-c4-r2-retry1,b2-fabric-b1-c4-r2-retry1-task-0195,fabric_vote_1,True,,2282,1783312532636,0,,False
1953,b2-fabric-b1-c4-r2-retry1,b2-fabric-b1-c4-r2-retry1-task-0193,fabric_vote_1,True,,2281,1783312532637,0,,False
1954,b2-fabric-b1-c4-r2-retry1,b2-fabric-b1-c4-r2-retry1-task-0194,fabric_vote_1,True,,2282,1783312532637,0,,False
1955,b2-fabric-b1-c4-r2-retry1,b2-fabric-b1-c4-r2-retry1-task-0193,fabric_vote_2,True,,2241,1783312534918,0,,False
1956,b2-fabric-b1-c4-r2-retry1,b2-fabric-b1-c4-r2-retry1-task-0194,fabric_vote_2,True,,2241,1783312534919,0,,False
1957,b2-fabric-b1-c4-r2-retry1,b2-fabric-b1-c4-r2-retry1-task-0192,fabric_vote_2,True,,2243,1783312534917,0,,False
1958,b2-fabric-b1-c4-r2-retry1,b2-fabric-b1-c4-r2-retry1-task-0195,fabric_vote_2,True,,2244,1783312534918,0,,False
1959,b2-fabric-b1-c4-r2-retry1,b2-fabric-b1-c4-r2-retry1-task-0193,fabric_settlement,True,,2834,1783312537159,0,,False
1960,b2-fabric-b1-c4-r2-retry1,b2-fabric-b1-c4-r2-retry1-task-0194,fabric_settlement,True,,2834,1783312537160,0,,False
1961,b2-fabric-b1-c4-r2-retry1,b2-fabric-b1-c4-r2-retry1-task-0192,fabric_settlement,True,,2834,1783312537160,0,,False
1962,b2-fabric-b1-c4-r2-retry1,b2-fabric-b1-c4-r2-retry1-task-0195,fabric_settlement,True,,2835,1783312537162,0,,False
1963,b2-fabric-b1-c4-r2-retry1,b2-fabric-b1-c4-r2-retry1-task-0195,fabric_query_final,True,,896,1783312539997,0,,False
1964,b2-fabric-b1-c4-r2-retry1,b2-fabric-b1-c4-r2-retry1-task-0194,fabric_query_final,True,,900,1783312539994,0,,False
1965,b2-fabric-b1-c4-r2-retry1,b2-fabric-b1-c4-r2-retry1-task-0192,fabric_query_final,True,,900,1783312539994,0,,False
1966,b2-fabric-b1-c4-r2-retry1,b2-fabric-b1-c4-r2-retry1-task-0193,fabric_query_final,True,,907,1783312539993,0,,False
1967,b2-fabric-b1-c4-r2-retry1,b2-fabric-b1-c4-r2-retry1-task-0195,ipfs_verify,True,,8,1783312540893,0,QmWaLq11VC2STk3MM8gwJdsmwiV6pMb8XyjpXUZRgju27h,False
1968,b2-fabric-b1-c4-r2-retry1,b2-fabric-b1-c4-r2-retry1-task-0192,ipfs_verify,True,,8,1783312540894,0,QmWMsVVs2hySKHixiKJetRsQBSH7CcjzbQrS3sZphmmfLm,False
1969,b2-fabric-b1-c4-r2-retry1,b2-fabric-b1-c4-r2-retry1-task-0194,ipfs_verify,True,,8,1783312540894,0,QmUQkF6tMKomfpeYcTdtmNy7TBXYJGRPRM9P1cpCwR1MJF,False
1970,b2-fabric-b1-c4-r2-retry1,b2-fabric-b1-c4-r2-retry1-task-0193,ipfs_verify,True,,6,1783312540900,0,QmW9nojj3tyFNDDEodDC3x43Y5jA3Ac4z7TE78zw1HD6qu,False
1971,b2-fabric-b1-c4-r2-retry1,b2-fabric-b1-c4-r2-retry1-task-0197,ipfs_add,True,,30,1783312540902,4817,,False
1972,b2-fabric-b1-c4-r2-retry1,b2-fabric-b1-c4-r2-retry1-task-0196,ipfs_add,True,,45,1783312540902,4122,,False
1973,b2-fabric-b1-c4-r2-retry1,b2-fabric-b1-c4-r2-retry1-task-0198,ipfs_add,True,,137,1783312540903,3540,,False
1974,b2-fabric-b1-c4-r2-retry1,b2-fabric-b1-c4-r2-retry1-task-0199,ipfs_add,True,,149,1783312540907,5047,,False
1975,b2-fabric-b1-c4-r2-retry1,b2-fabric-b1-c4-r2-retry1-task-0197,fabric_post_task,True,,2449,1783312540932,4817,QmbvahhBBxPPJvX1kedLaAKjiVK7gTyk8mGFKobzfLRtWp,False
1976,b2-fabric-b1-c4-r2-retry1,b2-fabric-b1-c4-r2-retry1-task-0198,fabric_post_task,True,,2342,1783312541040,3540,QmZWNqHHBwy3oA7Ng8hVTaUMhZ6QkUps6zYhcegYz5enFd,False
1977,b2-fabric-b1-c4-r2-retry1,b2-fabric-b1-c4-r2-retry1-task-0196,fabric_post_task,True,,2437,1783312540947,4122,QmTQ1PbJFgNKhVego5qTuyTZaXyLBFPkpTGPcPVQGwbk9W,False
1978,b2-fabric-b1-c4-r2-retry1,b2-fabric-b1-c4-r2-retry1-task-0199,fabric_post_task,True,,2328,1783312541056,5047,QmWy11MokeVCNQuSN9bfWQHz1CevithknjYMzKuymcZo7S,False
1979,b2-fabric-b1-c4-r2-retry1,b2-fabric-b1-c4-r2-retry1-task-0197,fabric_post_allocation,True,,2302,1783312543381,0,,False
1980,b2-fabric-b1-c4-r2-retry1,b2-fabric-b1-c4-r2-retry1-task-0199,fabric_post_allocation,True,,2299,1783312543384,0,,False
1981,b2-fabric-b1-c4-r2-retry1,b2-fabric-b1-c4-r2-retry1-task-0196,fabric_post_allocation,True,,2300,1783312543384,0,,False
1982,b2-fabric-b1-c4-r2-retry1,b2-fabric-b1-c4-r2-retry1-task-0198,fabric_post_allocation,True,,2304,1783312543382,0,,False
1983,b2-fabric-b1-c4-r2-retry1,b2-fabric-b1-c4-r2-retry1-task-0199,fabric_post_snapshot,True,,2455,1783312545683,0,,False
1984,b2-fabric-b1-c4-r2-retry1,b2-fabric-b1-c4-r2-retry1-task-0198,fabric_post_snapshot,True,,2453,1783312545686,0,,False
1985,b2-fabric-b1-c4-r2-retry1,b2-fabric-b1-c4-r2-retry1-task-0196,fabric_post_snapshot,True,,2456,1783312545684,0,,False
1986,b2-fabric-b1-c4-r2-retry1,b2-fabric-b1-c4-r2-retry1-task-0197,fabric_post_snapshot,True,,2457,1783312545683,0,,False
1987,b2-fabric-b1-c4-r2-retry1,b2-fabric-b1-c4-r2-retry1-task-0196,fabric_query_confirmation,True,,121,1783312548140,0,,False
1988,b2-fabric-b1-c4-r2-retry1,b2-fabric-b1-c4-r2-retry1-task-0199,fabric_query_confirmation,True,,123,1783312548138,0,,False
1989,b2-fabric-b1-c4-r2-retry1,b2-fabric-b1-c4-r2-retry1-task-0197,fabric_query_confirmation,True,,122,1783312548140,0,,False
1990,b2-fabric-b1-c4-r2-retry1,b2-fabric-b1-c4-r2-retry1-task-0198,fabric_query_confirmation,True,,124,1783312548139,0,,False
1991,b2-fabric-b1-c4-r2-retry1,b2-fabric-b1-c4-r2-retry1-task-0199,fabric_vote_1,True,,2257,1783312548261,0,,False
1992,b2-fabric-b1-c4-r2-retry1,b2-fabric-b1-c4-r2-retry1-task-0196,fabric_vote_1,True,,2258,1783312548261,0,,False
1993,b2-fabric-b1-c4-r2-retry1,b2-fabric-b1-c4-r2-retry1-task-0198,fabric_vote_1,True,,2256,1783312548263,0,,False
1994,b2-fabric-b1-c4-r2-retry1,b2-fabric-b1-c4-r2-retry1-task-0197,fabric_vote_1,True,,2258,1783312548262,0,,False
1995,b2-fabric-b1-c4-r2-retry1,b2-fabric-b1-c4-r2-retry1-task-0198,fabric_vote_2,True,,2271,1783312550519,0,,False
1996,b2-fabric-b1-c4-r2-retry1,b2-fabric-b1-c4-r2-retry1-task-0197,fabric_vote_2,True,,2270,1783312550520,0,,False
1997,b2-fabric-b1-c4-r2-retry1,b2-fabric-b1-c4-r2-retry1-task-0196,fabric_vote_2,True,,2273,1783312550519,0,,False
1998,b2-fabric-b1-c4-r2-retry1,b2-fabric-b1-c4-r2-retry1-task-0199,fabric_vote_2,True,,2275,1783312550518,0,,False
1999,b2-fabric-b1-c4-r2-retry1,b2-fabric-b1-c4-r2-retry1-task-0196,fabric_settlement,True,,1607,1783312552792,0,,False
2000,b2-fabric-b1-c4-r2-retry1,b2-fabric-b1-c4-r2-retry1-task-0197,fabric_settlement,True,,1610,1783312552791,0,,False
2001,b2-fabric-b1-c4-r2-retry1,b2-fabric-b1-c4-r2-retry1-task-0198,fabric_settlement,True,,1611,1783312552790,0,,False
2002,b2-fabric-b1-c4-r2-retry1,b2-fabric-b1-c4-r2-retry1-task-0199,fabric_settlement,True,,1610,1783312552793,0,,False
2003,b2-fabric-b1-c4-r2-retry1,b2-fabric-b1-c4-r2-retry1-task-0198,fabric_query_final,True,,513,1783312554401,0,,False
2004,b2-fabric-b1-c4-r2-retry1,b2-fabric-b1-c4-r2-retry1-task-0199,fabric_query_final,True,,512,1783312554403,0,,False
2005,b2-fabric-b1-c4-r2-retry1,b2-fabric-b1-c4-r2-retry1-task-0197,fabric_query_final,True,,514,1783312554401,0,,False
2006,b2-fabric-b1-c4-r2-retry1,b2-fabric-b1-c4-r2-retry1-task-0196,fabric_query_final,True,,518,1783312554399,0,,False
2007,b2-fabric-b1-c4-r2-retry1,b2-fabric-b1-c4-r2-retry1-task-0199,ipfs_verify,True,,6,1783312554915,0,QmWy11MokeVCNQuSN9bfWQHz1CevithknjYMzKuymcZo7S,False
2008,b2-fabric-b1-c4-r2-retry1,b2-fabric-b1-c4-r2-retry1-task-0197,ipfs_verify,True,,6,1783312554915,0,QmbvahhBBxPPJvX1kedLaAKjiVK7gTyk8mGFKobzfLRtWp,False
2009,b2-fabric-b1-c4-r2-retry1,b2-fabric-b1-c4-r2-retry1-task-0198,ipfs_verify,True,,7,1783312554914,0,QmZWNqHHBwy3oA7Ng8hVTaUMhZ6QkUps6zYhcegYz5enFd,False
2010,b2-fabric-b1-c4-r2-retry1,b2-fabric-b1-c4-r2-retry1-task-0196,ipfs_verify,True,,7,1783312554917,0,QmTQ1PbJFgNKhVego5qTuyTZaXyLBFPkpTGPcPVQGwbk9W,False
2011,b2-fabric-b1-c4-r2-retry1,b2-fabric-b1-c4-r2-retry1-task-0202,ipfs_add,True,,43,1783312554922,4638,,False
2012,b2-fabric-b1-c4-r2-retry1,b2-fabric-b1-c4-r2-retry1-task-0200,ipfs_add,True,,59,1783312554922,5145,,False
2013,b2-fabric-b1-c4-r2-retry1,b2-fabric-b1-c4-r2-retry1-task-0201,ipfs_add,True,,77,1783312554921,4340,,False
2014,b2-fabric-b1-c4-r2-retry1,b2-fabric-b1-c4-r2-retry1-task-0203,ipfs_add,True,,75,1783312554924,1827,,False
2015,b2-fabric-b1-c4-r2-retry1,b2-fabric-b1-c4-r2-retry1-task-0203,fabric_post_task,True,,2432,1783312554999,1827,QmR9AwrhqhKCpezziPe8S8GRSS3cqcjrASSQ3HJBYfXh7k,False
2016,b2-fabric-b1-c4-r2-retry1,b2-fabric-b1-c4-r2-retry1-task-0201,fabric_post_task,True,,2435,1783312554998,4340,QmdjzG35Tv9EawU3dwjehMfhybFdJmmnFHpEtFdcm5VuFK,False
2017,b2-fabric-b1-c4-r2-retry1,b2-fabric-b1-c4-r2-retry1-task-0200,fabric_post_task,True,,2452,1783312554981,5145,QmWsn3VH4qEmQoJUcTTgaCC8C8yvu9U6JQYjovtYXaQr7y,False
2018,b2-fabric-b1-c4-r2-retry1,b2-fabric-b1-c4-r2-retry1-task-0202,fabric_post_task,True,,2469,1783312554965,4638,QmejhkZWTARckuAaEe1Q6SLFZ3XMmF1EjcDYpHuMGkpBsf,False
2019,b2-fabric-b1-c4-r2-retry1,b2-fabric-b1-c4-r2-retry1-task-0203,fabric_post_allocation,True,,2299,1783312557431,0,,False
2020,b2-fabric-b1-c4-r2-retry1,b2-fabric-b1-c4-r2-retry1-task-0202,fabric_post_allocation,True,,2296,1783312557434,0,,False
2021,b2-fabric-b1-c4-r2-retry1,b2-fabric-b1-c4-r2-retry1-task-0201,fabric_post_allocation,True,,2298,1783312557433,0,,False
2022,b2-fabric-b1-c4-r2-retry1,b2-fabric-b1-c4-r2-retry1-task-0200,fabric_post_allocation,True,,2301,1783312557433,0,,False
2023,b2-fabric-b1-c4-r2-retry1,b2-fabric-b1-c4-r2-retry1-task-0200,fabric_post_snapshot,True,,2467,1783312559735,0,,False
2024,b2-fabric-b1-c4-r2-retry1,b2-fabric-b1-c4-r2-retry1-task-0201,fabric_post_snapshot,True,,2473,1783312559731,0,,False
2025,b2-fabric-b1-c4-r2-retry1,b2-fabric-b1-c4-r2-retry1-task-0202,fabric_post_snapshot,True,,2475,1783312559730,0,,False
2026,b2-fabric-b1-c4-r2-retry1,b2-fabric-b1-c4-r2-retry1-task-0203,fabric_post_snapshot,True,,2476,1783312559730,0,,False
2027,b2-fabric-b1-c4-r2-retry1,b2-fabric-b1-c4-r2-retry1-task-0203,fabric_query_confirmation,True,,127,1783312562206,0,,False
2028,b2-fabric-b1-c4-r2-retry1,b2-fabric-b1-c4-r2-retry1-task-0201,fabric_query_confirmation,True,,129,1783312562205,0,,False
2029,b2-fabric-b1-c4-r2-retry1,b2-fabric-b1-c4-r2-retry1-task-0202,fabric_query_confirmation,True,,130,1783312562205,0,,False
2030,b2-fabric-b1-c4-r2-retry1,b2-fabric-b1-c4-r2-retry1-task-0200,fabric_query_confirmation,True,,134,1783312562202,0,,False
2031,b2-fabric-b1-c4-r2-retry1,b2-fabric-b1-c4-r2-retry1-task-0202,fabric_vote_1,True,,2253,1783312562335,0,,False
2032,b2-fabric-b1-c4-r2-retry1,b2-fabric-b1-c4-r2-retry1-task-0201,fabric_vote_1,True,,2255,1783312562334,0,,False
2033,b2-fabric-b1-c4-r2-retry1,b2-fabric-b1-c4-r2-retry1-task-0200,fabric_vote_1,True,,2253,1783312562336,0,,False
2034,b2-fabric-b1-c4-r2-retry1,b2-fabric-b1-c4-r2-retry1-task-0203,fabric_vote_1,True,,2255,1783312562334,0,,False
2035,b2-fabric-b1-c4-r2-retry1,b2-fabric-b1-c4-r2-retry1-task-0200,fabric_vote_2,True,,2275,1783312564589,0,,False
2036,b2-fabric-b1-c4-r2-retry1,b2-fabric-b1-c4-r2-retry1-task-0203,fabric_vote_2,True,,2276,1783312564589,0,,False
2037,b2-fabric-b1-c4-r2-retry1,b2-fabric-b1-c4-r2-retry1-task-0201,fabric_vote_2,True,,2276,1783312564589,0,,False
2038,b2-fabric-b1-c4-r2-retry1,b2-fabric-b1-c4-r2-retry1-task-0202,fabric_vote_2,True,,2279,1783312564588,0,,False
2039,b2-fabric-b1-c4-r2-retry1,b2-fabric-b1-c4-r2-retry1-task-0201,fabric_settlement,True,,2919,1783312566865,0,,False
2040,b2-fabric-b1-c4-r2-retry1,b2-fabric-b1-c4-r2-retry1-task-0203,fabric_settlement,True,,2919,1783312566865,0,,False
2041,b2-fabric-b1-c4-r2-retry1,b2-fabric-b1-c4-r2-retry1-task-0202,fabric_settlement,True,,2919,1783312566867,0,,False
2042,b2-fabric-b1-c4-r2-retry1,b2-fabric-b1-c4-r2-retry1-task-0200,fabric_settlement,True,,2922,1783312566864,0,,False
2043,b2-fabric-b1-c4-r2-retry1,b2-fabric-b1-c4-r2-retry1-task-0202,fabric_query_final,True,,319,1783312569786,0,,False
2044,b2-fabric-b1-c4-r2-retry1,b2-fabric-b1-c4-r2-retry1-task-0200,fabric_query_final,True,,320,1783312569786,0,,False
2045,b2-fabric-b1-c4-r2-retry1,b2-fabric-b1-c4-r2-retry1-task-0201,fabric_query_final,True,,322,1783312569784,0,,False
2046,b2-fabric-b1-c4-r2-retry1,b2-fabric-b1-c4-r2-retry1-task-0203,fabric_query_final,True,,325,1783312569784,0,,False
2047,b2-fabric-b1-c4-r2-retry1,b2-fabric-b1-c4-r2-retry1-task-0202,ipfs_verify,True,,6,1783312570105,0,QmejhkZWTARckuAaEe1Q6SLFZ3XMmF1EjcDYpHuMGkpBsf,False
2048,b2-fabric-b1-c4-r2-retry1,b2-fabric-b1-c4-r2-retry1-task-0200,ipfs_verify,True,,6,1783312570106,0,QmWsn3VH4qEmQoJUcTTgaCC8C8yvu9U6JQYjovtYXaQr7y,False
2049,b2-fabric-b1-c4-r2-retry1,b2-fabric-b1-c4-r2-retry1-task-0201,ipfs_verify,True,,7,1783312570106,0,QmdjzG35Tv9EawU3dwjehMfhybFdJmmnFHpEtFdcm5VuFK,False
2050,b2-fabric-b1-c4-r2-retry1,b2-fabric-b1-c4-r2-retry1-task-0203,ipfs_verify,True,,5,1783312570109,0,QmR9AwrhqhKCpezziPe8S8GRSS3cqcjrASSQ3HJBYfXh7k,False
2051,b2-fabric-b1-c4-r2-retry1,b2-fabric-b1-c4-r2-retry1-task-0204,ipfs_add,True,,25,1783312570112,3115,,False
2052,b2-fabric-b1-c4-r2-retry1,b2-fabric-b1-c4-r2-retry1-task-0205,ipfs_add,True,,40,1783312570112,2139,,False
2053,b2-fabric-b1-c4-r2-retry1,b2-fabric-b1-c4-r2-retry1-task-0207,ipfs_add,True,,53,1783312570114,5182,,False
2054,b2-fabric-b1-c4-r2-retry1,b2-fabric-b1-c4-r2-retry1-task-0206,ipfs_add,True,,70,1783312570113,5535,,False
2055,b2-fabric-b1-c4-r2-retry1,b2-fabric-b1-c4-r2-retry1-task-0205,fabric_post_task,True,,2434,1783312570152,2139,QmUUFnwdCbT48nkPpC4zLFD1bWTmkmSZxRTWRwZWU44JUW,False
2056,b2-fabric-b1-c4-r2-retry1,b2-fabric-b1-c4-r2-retry1-task-0206,fabric_post_task,True,,2403,1783312570183,5535,QmQXv6YSFiLLxg9uat8XZ1hkWrZyU2221cre3jpTXuS7mT,False
2057,b2-fabric-b1-c4-r2-retry1,b2-fabric-b1-c4-r2-retry1-task-0207,fabric_post_task,True,,2420,1783312570167,5182,QmXXXkdjgsyNeAxA7XiH7hfF8KD8Wy4XQUrDjRARTUGPSz,False
2058,b2-fabric-b1-c4-r2-retry1,b2-fabric-b1-c4-r2-retry1-task-0204,fabric_post_task,True,,2455,1783312570137,3115,QmT17R388wMj8koQenucVuHVy5XiFPC6auRTn2sDFmDkQF,False
2059,b2-fabric-b1-c4-r2-retry1,b2-fabric-b1-c4-r2-retry1-task-0207,fabric_post_allocation,True,,2583,1783312572587,0,,False
2060,b2-fabric-b1-c4-r2-retry1,b2-fabric-b1-c4-r2-retry1-task-0204,fabric_post_allocation,True,,2579,1783312572592,0,,False
2061,b2-fabric-b1-c4-r2-retry1,b2-fabric-b1-c4-r2-retry1-task-0206,fabric_post_allocation,True,,2586,1783312572586,0,,False
2062,b2-fabric-b1-c4-r2-retry1,b2-fabric-b1-c4-r2-retry1-task-0205,fabric_post_allocation,True,,2586,1783312572586,0,,False
2063,b2-fabric-b1-c4-r2-retry1,b2-fabric-b1-c4-r2-retry1-task-0207,fabric_post_snapshot,True,,2231,1783312575170,0,,False
2064,b2-fabric-b1-c4-r2-retry1,b2-fabric-b1-c4-r2-retry1-task-0204,fabric_post_snapshot,True,,2231,1783312575171,0,,False
2065,b2-fabric-b1-c4-r2-retry1,b2-fabric-b1-c4-r2-retry1-task-0206,fabric_post_snapshot,True,,2231,1783312575172,0,,False
2066,b2-fabric-b1-c4-r2-retry1,b2-fabric-b1-c4-r2-retry1-task-0205,fabric_post_snapshot,True,,2233,1783312575172,0,,False
2067,b2-fabric-b1-c4-r2-retry1,b2-fabric-b1-c4-r2-retry1-task-0205,fabric_query_confirmation,True,,313,1783312577405,0,,False
2068,b2-fabric-b1-c4-r2-retry1,b2-fabric-b1-c4-r2-retry1-task-0204,fabric_query_confirmation,True,,317,1783312577402,0,,False
2069,b2-fabric-b1-c4-r2-retry1,b2-fabric-b1-c4-r2-retry1-task-0206,fabric_query_confirmation,True,,316,1783312577403,0,,False
2070,b2-fabric-b1-c4-r2-retry1,b2-fabric-b1-c4-r2-retry1-task-0207,fabric_query_confirmation,True,,319,1783312577401,0,,False
2071,b2-fabric-b1-c4-r2-retry1,b2-fabric-b1-c4-r2-retry1-task-0206,fabric_vote_1,True,,2252,1783312577719,0,,False
2072,b2-fabric-b1-c4-r2-retry1,b2-fabric-b1-c4-r2-retry1-task-0207,fabric_vote_1,True,,2252,1783312577720,0,,False
2073,b2-fabric-b1-c4-r2-retry1,b2-fabric-b1-c4-r2-retry1-task-0205,fabric_vote_1,True,,2254,1783312577718,0,,False
2074,b2-fabric-b1-c4-r2-retry1,b2-fabric-b1-c4-r2-retry1-task-0204,fabric_vote_1,True,,2255,1783312577719,0,,False
2075,b2-fabric-b1-c4-r2-retry1,b2-fabric-b1-c4-r2-retry1-task-0207,fabric_vote_2,True,,2245,1783312579972,0,,False
2076,b2-fabric-b1-c4-r2-retry1,b2-fabric-b1-c4-r2-retry1-task-0204,fabric_vote_2,True,,2244,1783312579974,0,,False
2077,b2-fabric-b1-c4-r2-retry1,b2-fabric-b1-c4-r2-retry1-task-0205,fabric_vote_2,True,,2247,1783312579972,0,,False
2078,b2-fabric-b1-c4-r2-retry1,b2-fabric-b1-c4-r2-retry1-task-0206,fabric_vote_2,True,,2250,1783312579971,0,,False
2079,b2-fabric-b1-c4-r2-retry1,b2-fabric-b1-c4-r2-retry1-task-0206,fabric_settlement,True,,2495,1783312582221,0,,False
2080,b2-fabric-b1-c4-r2-retry1,b2-fabric-b1-c4-r2-retry1-task-0205,fabric_settlement,True,,2499,1783312582219,0,,False
2081,b2-fabric-b1-c4-r2-retry1,b2-fabric-b1-c4-r2-retry1-task-0204,fabric_settlement,True,,2500,1783312582218,0,,False
2082,b2-fabric-b1-c4-r2-retry1,b2-fabric-b1-c4-r2-retry1-task-0207,fabric_settlement,True,,2503,1783312582217,0,,False
2083,b2-fabric-b1-c4-r2-retry1,b2-fabric-b1-c4-r2-retry1-task-0207,fabric_query_final,True,,-369,1783312584720,0,,False
2084,b2-fabric-b1-c4-r2-retry1,b2-fabric-b1-c4-r2-retry1-task-0205,fabric_query_final,True,,-367,1783312584718,0,,False
2085,b2-fabric-b1-c4-r2-retry1,b2-fabric-b1-c4-r2-retry1-task-0206,fabric_query_final,True,,-364,1783312584716,0,,False
2086,b2-fabric-b1-c4-r2-retry1,b2-fabric-b1-c4-r2-retry1-task-0207,ipfs_verify,True,,7,1783312584351,0,QmXXXkdjgsyNeAxA7XiH7hfF8KD8Wy4XQUrDjRARTUGPSz,False
2087,b2-fabric-b1-c4-r2-retry1,b2-fabric-b1-c4-r2-retry1-task-0206,ipfs_verify,True,,7,1783312584352,0,QmQXv6YSFiLLxg9uat8XZ1hkWrZyU2221cre3jpTXuS7mT,False
2088,b2-fabric-b1-c4-r2-retry1,b2-fabric-b1-c4-r2-retry1-task-0205,ipfs_verify,True,,9,1783312584351,0,QmUUFnwdCbT48nkPpC4zLFD1bWTmkmSZxRTWRwZWU44JUW,False
2089,b2-fabric-b1-c4-r2-retry1,b2-fabric-b1-c4-r2-retry1-task-0209,ipfs_add,True,,29,1783312584359,6194,,False
2090,b2-fabric-b1-c4-r2-retry1,b2-fabric-b1-c4-r2-retry1-task-0210,ipfs_add,True,,66,1783312584360,4993,,False
2091,b2-fabric-b1-c4-r2-retry1,b2-fabric-b1-c4-r2-retry1-task-0208,ipfs_add,True,,69,1783312584358,2245,,False
2092,b2-fabric-b1-c4-r2-retry1,b2-fabric-b1-c4-r2-retry1-task-0204,fabric_query_final,True,,-228,1783312584718,0,,False
2093,b2-fabric-b1-c4-r2-retry1,b2-fabric-b1-c4-r2-retry1-task-0204,ipfs_verify,True,,8,1783312584490,0,QmT17R388wMj8koQenucVuHVy5XiFPC6auRTn2sDFmDkQF,False
2094,b2-fabric-b1-c4-r2-retry1,b2-fabric-b1-c4-r2-retry1-task-0211,ipfs_add,True,,32,1783312584498,2188,,False
2095,b2-fabric-b1-c4-r2-retry1,b2-fabric-b1-c4-r2-retry1-task-0211,fabric_post_task,True,,2121,1783312584530,2188,QmSruFaoTdkpvWrKYpZR3J5CegMm6LLAWeQUC4xAiE69U9,False
2096,b2-fabric-b1-c4-r2-retry1,b2-fabric-b1-c4-r2-retry1-task-0210,fabric_post_task,True,,2225,1783312584426,4993,QmYWQDJhTUHPSwS8macjgfKhMk7DhsPuXJUCoxJ8RUpDKq,False
2097,b2-fabric-b1-c4-r2-retry1,b2-fabric-b1-c4-r2-retry1-task-0208,fabric_post_task,True,,2226,1783312584427,2245,QmWbqs7TsZvkdFAxBV91sbxF9ziEZRMeF4rkcsPMKgPbAc,False
2098,b2-fabric-b1-c4-r2-retry1,b2-fabric-b1-c4-r2-retry1-task-0209,fabric_post_task,True,,2267,1783312584388,6194,Qme252yonjeJmYr5f17inPXCqkGhcB4JhPq2rK9zrRu12P,False
2099,b2-fabric-b1-c4-r2-retry1,b2-fabric-b1-c4-r2-retry1-task-0211,fabric_post_allocation,True,,2312,1783312586651,0,,False
2100,b2-fabric-b1-c4-r2-retry1,b2-fabric-b1-c4-r2-retry1-task-0208,fabric_post_allocation,True,,2310,1783312586653,0,,False
2101,b2-fabric-b1-c4-r2-retry1,b2-fabric-b1-c4-r2-retry1-task-0210,fabric_post_allocation,True,,2313,1783312586651,0,,False
2102,b2-fabric-b1-c4-r2-retry1,b2-fabric-b1-c4-r2-retry1-task-0209,fabric_post_allocation,True,,2310,1783312586655,0,,False
2103,b2-fabric-b1-c4-r2-retry1,b2-fabric-b1-c4-r2-retry1-task-0208,fabric_post_snapshot,True,,2249,1783312588963,0,,False
2104,b2-fabric-b1-c4-r2-retry1,b2-fabric-b1-c4-r2-retry1-task-0209,fabric_post_snapshot,True,,2248,1783312588965,0,,False
2105,b2-fabric-b1-c4-r2-retry1,b2-fabric-b1-c4-r2-retry1-task-0211,fabric_post_snapshot,True,,2250,1783312588963,0,,False
2106,b2-fabric-b1-c4-r2-retry1,b2-fabric-b1-c4-r2-retry1-task-0210,fabric_post_snapshot,True,,2251,1783312588964,0,,False
2107,b2-fabric-b1-c4-r2-retry1,b2-fabric-b1-c4-r2-retry1-task-0209,fabric_query_confirmation,True,,120,1783312591213,0,,False
2108,b2-fabric-b1-c4-r2-retry1,b2-fabric-b1-c4-r2-retry1-task-0208,fabric_query_confirmation,True,,121,1783312591212,0,,False
2109,b2-fabric-b1-c4-r2-retry1,b2-fabric-b1-c4-r2-retry1-task-0211,fabric_query_confirmation,True,,121,1783312591213,0,,False
2110,b2-fabric-b1-c4-r2-retry1,b2-fabric-b1-c4-r2-retry1-task-0210,fabric_query_confirmation,True,,168,1783312591215,0,,False
2111,b2-fabric-b1-c4-r2-retry1,b2-fabric-b1-c4-r2-retry1-task-0211,fabric_vote_1,True,,2297,1783312591334,0,,False
2112,b2-fabric-b1-c4-r2-retry1,b2-fabric-b1-c4-r2-retry1-task-0209,fabric_vote_1,True,,2300,1783312591333,0,,False
2113,b2-fabric-b1-c4-r2-retry1,b2-fabric-b1-c4-r2-retry1-task-0208,fabric_vote_1,True,,2300,1783312591333,0,,False
2114,b2-fabric-b1-c4-r2-retry1,b2-fabric-b1-c4-r2-retry1-task-0210,fabric_vote_1,True,,2251,1783312591383,0,,False
2115,b2-fabric-b1-c4-r2-retry1,b2-fabric-b1-c4-r2-retry1-task-0210,fabric_vote_2,True,,2285,1783312593634,0,,False
2116,b2-fabric-b1-c4-r2-retry1,b2-fabric-b1-c4-r2-retry1-task-0209,fabric_vote_2,True,,2286,1783312593633,0,,False
2117,b2-fabric-b1-c4-r2-retry1,b2-fabric-b1-c4-r2-retry1-task-0211,fabric_vote_2,True,,2289,1783312593631,0,,False
2118,b2-fabric-b1-c4-r2-retry1,b2-fabric-b1-c4-r2-retry1-task-0208,fabric_vote_2,True,,2287,1783312593633,0,,False
2119,b2-fabric-b1-c4-r2-retry1,b2-fabric-b1-c4-r2-retry1-task-0209,fabric_settlement,True,,2285,1783312595919,0,,False
2120,b2-fabric-b1-c4-r2-retry1,b2-fabric-b1-c4-r2-retry1-task-0208,fabric_settlement,True,,2284,1783312595920,0,,False
2121,b2-fabric-b1-c4-r2-retry1,b2-fabric-b1-c4-r2-retry1-task-0210,fabric_settlement,True,,2286,1783312595919,0,,False
2122,b2-fabric-b1-c4-r2-retry1,b2-fabric-b1-c4-r2-retry1-task-0211,fabric_settlement,True,,2286,1783312595920,0,,False
2123,b2-fabric-b1-c4-r2-retry1,b2-fabric-b1-c4-r2-retry1-task-0210,fabric_query_final,True,,815,1783312598205,0,,False
2124,b2-fabric-b1-c4-r2-retry1,b2-fabric-b1-c4-r2-retry1-task-0209,fabric_query_final,True,,817,1783312598204,0,,False
2125,b2-fabric-b1-c4-r2-retry1,b2-fabric-b1-c4-r2-retry1-task-0208,fabric_query_final,True,,818,1783312598204,0,,False
2126,b2-fabric-b1-c4-r2-retry1,b2-fabric-b1-c4-r2-retry1-task-0211,fabric_query_final,True,,822,1783312598206,0,,False
2127,b2-fabric-b1-c4-r2-retry1,b2-fabric-b1-c4-r2-retry1-task-0209,ipfs_verify,True,,9,1783312599021,0,Qme252yonjeJmYr5f17inPXCqkGhcB4JhPq2rK9zrRu12P,False
2128,b2-fabric-b1-c4-r2-retry1,b2-fabric-b1-c4-r2-retry1-task-0210,ipfs_verify,True,,10,1783312599020,0,QmYWQDJhTUHPSwS8macjgfKhMk7DhsPuXJUCoxJ8RUpDKq,False
2129,b2-fabric-b1-c4-r2-retry1,b2-fabric-b1-c4-r2-retry1-task-0208,ipfs_verify,True,,9,1783312599022,0,QmWbqs7TsZvkdFAxBV91sbxF9ziEZRMeF4rkcsPMKgPbAc,False
2130,b2-fabric-b1-c4-r2-retry1,b2-fabric-b1-c4-r2-retry1-task-0211,ipfs_verify,True,,9,1783312599028,0,QmSruFaoTdkpvWrKYpZR3J5CegMm6LLAWeQUC4xAiE69U9,False
2131,b2-fabric-b1-c4-r2-retry1,b2-fabric-b1-c4-r2-retry1-task-0212,ipfs_add,True,,27,1783312599030,2819,,False
2132,b2-fabric-b1-c4-r2-retry1,b2-fabric-b1-c4-r2-retry1-task-0213,ipfs_add,True,,42,1783312599031,4132,,False
2133,b2-fabric-b1-c4-r2-retry1,b2-fabric-b1-c4-r2-retry1-task-0214,ipfs_add,True,,60,1783312599031,3407,,False
2134,b2-fabric-b1-c4-r2-retry1,b2-fabric-b1-c4-r2-retry1-task-0215,ipfs_add,True,,71,1783312599037,5293,,False
2135,b2-fabric-b1-c4-r2-retry1,b2-fabric-b1-c4-r2-retry1-task-0215,fabric_post_task,True,,2447,1783312599108,5293,QmTpnKYxxgCcizoT1wCDmcgvVbp5FYFvr7h2HQoANwFfJK,False
2136,b2-fabric-b1-c4-r2-retry1,b2-fabric-b1-c4-r2-retry1-task-0213,fabric_post_task,True,,2483,1783312599073,4132,QmctLbZZivJVW7cFwYF2T1Ru2jPZUBYB55doQKWJ3SD4r5,False
2137,b2-fabric-b1-c4-r2-retry1,b2-fabric-b1-c4-r2-retry1-task-0212,fabric_post_task,True,,2500,1783312599057,2819,Qmaib3WGRkqTQustpCT5rKV9YQe2ieXfDc5aAxzzBF7FaH,False
2138,b2-fabric-b1-c4-r2-retry1,b2-fabric-b1-c4-r2-retry1-task-0214,fabric_post_task,True,,2467,1783312599091,3407,QmW8eUfmmaQLniD2wxDZwMJfZvPcEb95FaZBwzxdvv4GUs,False
2139,b2-fabric-b1-c4-r2-retry1,b2-fabric-b1-c4-r2-retry1-task-0213,fabric_post_allocation,True,,2309,1783312601556,0,,False
2140,b2-fabric-b1-c4-r2-retry1,b2-fabric-b1-c4-r2-retry1-task-0215,fabric_post_allocation,True,,2311,1783312601555,0,,False
2141,b2-fabric-b1-c4-r2-retry1,b2-fabric-b1-c4-r2-retry1-task-0212,fabric_post_allocation,True,,2309,1783312601557,0,,False
2142,b2-fabric-b1-c4-r2-retry1,b2-fabric-b1-c4-r2-retry1-task-0214,fabric_post_allocation,True,,2311,1783312601558,0,,False
2143,b2-fabric-b1-c4-r2-retry1,b2-fabric-b1-c4-r2-retry1-task-0212,fabric_post_snapshot,True,,2452,1783312603866,0,,False
2144,b2-fabric-b1-c4-r2-retry1,b2-fabric-b1-c4-r2-retry1-task-0214,fabric_post_snapshot,True,,2451,1783312603869,0,,False
2145,b2-fabric-b1-c4-r2-retry1,b2-fabric-b1-c4-r2-retry1-task-0215,fabric_post_snapshot,True,,2454,1783312603866,0,,False
2146,b2-fabric-b1-c4-r2-retry1,b2-fabric-b1-c4-r2-retry1-task-0213,fabric_post_snapshot,True,,2456,1783312603865,0,,False
2147,b2-fabric-b1-c4-r2-retry1,b2-fabric-b1-c4-r2-retry1-task-0213,fabric_query_confirmation,True,,111,1783312606321,0,,False
2148,b2-fabric-b1-c4-r2-retry1,b2-fabric-b1-c4-r2-retry1-task-0214,fabric_query_confirmation,True,,113,1783312606320,0,,False
2149,b2-fabric-b1-c4-r2-retry1,b2-fabric-b1-c4-r2-retry1-task-0215,fabric_query_confirmation,True,,113,1783312606320,0,,False
2150,b2-fabric-b1-c4-r2-retry1,b2-fabric-b1-c4-r2-retry1-task-0212,fabric_query_confirmation,True,,116,1783312606319,0,,False
2151,b2-fabric-b1-c4-r2-retry1,b2-fabric-b1-c4-r2-retry1-task-0214,fabric_vote_1,True,,2520,1783312606433,0,,False
2152,b2-fabric-b1-c4-r2-retry1,b2-fabric-b1-c4-r2-retry1-task-0212,fabric_vote_1,True,,2520,1783312606435,0,,False
2153,b2-fabric-b1-c4-r2-retry1,b2-fabric-b1-c4-r2-retry1-task-0213,fabric_vote_1,True,,2525,1783312606432,0,,False
2154,b2-fabric-b1-c4-r2-retry1,b2-fabric-b1-c4-r2-retry1-task-0215,fabric_vote_1,True,,2524,1783312606433,0,,False
2155,b2-fabric-b1-c4-r2-retry1,b2-fabric-b1-c4-r2-retry1-task-0212,fabric_vote_2,True,,2244,1783312608955,0,,False
2156,b2-fabric-b1-c4-r2-retry1,b2-fabric-b1-c4-r2-retry1-task-0215,fabric_vote_2,True,,2243,1783312608957,0,,False
2157,b2-fabric-b1-c4-r2-retry1,b2-fabric-b1-c4-r2-retry1-task-0213,fabric_vote_2,True,,2243,1783312608957,0,,False
2158,b2-fabric-b1-c4-r2-retry1,b2-fabric-b1-c4-r2-retry1-task-0214,fabric_vote_2,True,,2250,1783312608953,0,,False
2159,b2-fabric-b1-c4-r2-retry1,b2-fabric-b1-c4-r2-retry1-task-0214,fabric_settlement,True,,2479,1783312611203,0,,False
2160,b2-fabric-b1-c4-r2-retry1,b2-fabric-b1-c4-r2-retry1-task-0215,fabric_settlement,True,,2483,1783312611200,0,,False
2161,b2-fabric-b1-c4-r2-retry1,b2-fabric-b1-c4-r2-retry1-task-0213,fabric_settlement,True,,2483,1783312611200,0,,False
2162,b2-fabric-b1-c4-r2-retry1,b2-fabric-b1-c4-r2-retry1-task-0212,fabric_settlement,True,,2487,1783312611199,0,,False
2163,b2-fabric-b1-c4-r2-retry1,b2-fabric-b1-c4-r2-retry1-task-0215,fabric_query_final,True,,517,1783312613683,0,,False
2164,b2-fabric-b1-c4-r2-retry1,b2-fabric-b1-c4-r2-retry1-task-0213,fabric_query_final,True,,518,1783312613683,0,,False
2165,b2-fabric-b1-c4-r2-retry1,b2-fabric-b1-c4-r2-retry1-task-0212,fabric_query_final,True,,517,1783312613686,0,,False
2166,b2-fabric-b1-c4-r2-retry1,b2-fabric-b1-c4-r2-retry1-task-0214,fabric_query_final,True,,526,1783312613682,0,,False
2167,b2-fabric-b1-c4-r2-retry1,b2-fabric-b1-c4-r2-retry1-task-0215,ipfs_verify,True,,10,1783312614200,0,QmTpnKYxxgCcizoT1wCDmcgvVbp5FYFvr7h2HQoANwFfJK,False
2168,b2-fabric-b1-c4-r2-retry1,b2-fabric-b1-c4-r2-retry1-task-0213,ipfs_verify,True,,9,1783312614201,0,QmctLbZZivJVW7cFwYF2T1Ru2jPZUBYB55doQKWJ3SD4r5,False
2169,b2-fabric-b1-c4-r2-retry1,b2-fabric-b1-c4-r2-retry1-task-0212,ipfs_verify,True,,8,1783312614203,0,Qmaib3WGRkqTQustpCT5rKV9YQe2ieXfDc5aAxzzBF7FaH,False
2170,b2-fabric-b1-c4-r2-retry1,b2-fabric-b1-c4-r2-retry1-task-0214,ipfs_verify,True,,7,1783312614208,0,QmW8eUfmmaQLniD2wxDZwMJfZvPcEb95FaZBwzxdvv4GUs,False
2171,b2-fabric-b1-c4-r2-retry1,b2-fabric-b1-c4-r2-retry1-task-0216,ipfs_add,True,,-673,1783312614210,4886,,False
2172,b2-fabric-b1-c4-r2-retry1,b2-fabric-b1-c4-r2-retry1-task-0217,ipfs_add,True,,-657,1783312614210,2716,,False
2173,b2-fabric-b1-c4-r2-retry1,b2-fabric-b1-c4-r2-retry1-task-0218,ipfs_add,True,,-641,1783312614211,4685,,False
2174,b2-fabric-b1-c4-r2-retry1,b2-fabric-b1-c4-r2-retry1-task-0219,ipfs_add,True,,-628,1783312614215,2892,,False
2175,b2-fabric-b1-c4-r2-retry1,b2-fabric-b1-c4-r2-retry1-task-0219,fabric_post_task,True,,2400,1783312613587,2892,QmNhbectLBJKJjaBFkjTFgZM6bzSgrQqfV2nzNGd7hnhXp,False
2176,b2-fabric-b1-c4-r2-retry1,b2-fabric-b1-c4-r2-retry1-task-0217,fabric_post_task,True,,2435,1783312613553,2716,QmSJABdfLv4Bpp2eX5n5HPKM57QCdjn63jgA55THvNNed2,False
2177,b2-fabric-b1-c4-r2-retry1,b2-fabric-b1-c4-r2-retry1-task-0218,fabric_post_task,True,,2420,1783312613570,4685,Qme1iJktEs7YhnQf7MbuHozo4uZPGWWEs3BYJ6zBCFpdMN,False
2178,b2-fabric-b1-c4-r2-retry1,b2-fabric-b1-c4-r2-retry1-task-0216,fabric_post_task,True,,2453,1783312613537,4886,QmWRqVXWHuiCnyPwtVKNcTtPcSDmJqXWmtgqtbSbCRQFN4,False
2179,b2-fabric-b1-c4-r2-retry1,b2-fabric-b1-c4-r2-retry1-task-0219,fabric_post_allocation,True,,2301,1783312615987,0,,False
2180,b2-fabric-b1-c4-r2-retry1,b2-fabric-b1-c4-r2-retry1-task-0218,fabric_post_allocation,True,,2300,1783312615990,0,,False
2181,b2-fabric-b1-c4-r2-retry1,b2-fabric-b1-c4-r2-retry1-task-0217,fabric_post_allocation,True,,2302,1783312615988,0,,False
2182,b2-fabric-b1-c4-r2-retry1,b2-fabric-b1-c4-r2-retry1-task-0216,fabric_post_allocation,True,,2301,1783312615990,0,,False
2183,b2-fabric-b1-c4-r2-retry1,b2-fabric-b1-c4-r2-retry1-task-0219,fabric_post_snapshot,True,,2244,1783312618288,0,,False
2184,b2-fabric-b1-c4-r2-retry1,b2-fabric-b1-c4-r2-retry1-task-0218,fabric_post_snapshot,True,,2242,1783312618290,0,,False
2185,b2-fabric-b1-c4-r2-retry1,b2-fabric-b1-c4-r2-retry1-task-0217,fabric_post_snapshot,True,,2242,1783312618290,0,,False
2186,b2-fabric-b1-c4-r2-retry1,b2-fabric-b1-c4-r2-retry1-task-0216,fabric_post_snapshot,True,,2244,1783312618291,0,,False
2187,b2-fabric-b1-c4-r2-retry1,b2-fabric-b1-c4-r2-retry1-task-0218,fabric_query_confirmation,True,,112,1783312620532,0,,False
2188,b2-fabric-b1-c4-r2-retry1,b2-fabric-b1-c4-r2-retry1-task-0219,fabric_query_confirmation,True,,113,1783312620532,0,,False
2189,b2-fabric-b1-c4-r2-retry1,b2-fabric-b1-c4-r2-retry1-task-0216,fabric_query_confirmation,True,,110,1783312620535,0,,False
2190,b2-fabric-b1-c4-r2-retry1,b2-fabric-b1-c4-r2-retry1-task-0217,fabric_query_confirmation,True,,114,1783312620532,0,,False
2191,b2-fabric-b1-c4-r2-retry1,b2-fabric-b1-c4-r2-retry1-task-0218,fabric_vote_1,True,,2250,1783312620644,0,,False
2192,b2-fabric-b1-c4-r2-retry1,b2-fabric-b1-c4-r2-retry1-task-0219,fabric_vote_1,True,,2250,1783312620645,0,,False
2193,b2-fabric-b1-c4-r2-retry1,b2-fabric-b1-c4-r2-retry1-task-0216,fabric_vote_1,True,,2251,1783312620645,0,,False
2194,b2-fabric-b1-c4-r2-retry1,b2-fabric-b1-c4-r2-retry1-task-0217,fabric_vote_1,True,,2252,1783312620646,0,,False
2195,b2-fabric-b1-c4-r2-retry1,b2-fabric-b1-c4-r2-retry1-task-0218,fabric_vote_2,True,,2471,1783312622895,0,,False
2196,b2-fabric-b1-c4-r2-retry1,b2-fabric-b1-c4-r2-retry1-task-0219,fabric_vote_2,True,,2472,1783312622895,0,,False
2197,b2-fabric-b1-c4-r2-retry1,b2-fabric-b1-c4-r2-retry1-task-0217,fabric_vote_2,True,,2469,1783312622898,0,,False
2198,b2-fabric-b1-c4-r2-retry1,b2-fabric-b1-c4-r2-retry1-task-0216,fabric_vote_2,True,,2473,1783312622896,0,,False
2199,b2-fabric-b1-c4-r2-retry1,b2-fabric-b1-c4-r2-retry1-task-0216,fabric_settlement,True,,2480,1783312625369,0,,False
2200,b2-fabric-b1-c4-r2-retry1,b2-fabric-b1-c4-r2-retry1-task-0217,fabric_settlement,True,,2483,1783312625367,0,,False
2201,b2-fabric-b1-c4-r2-retry1,b2-fabric-b1-c4-r2-retry1-task-0219,fabric_settlement,True,,2483,1783312625367,0,,False
2202,b2-fabric-b1-c4-r2-retry1,b2-fabric-b1-c4-r2-retry1-task-0218,fabric_settlement,True,,2485,1783312625366,0,,False
2203,b2-fabric-b1-c4-r2-retry1,b2-fabric-b1-c4-r2-retry1-task-0217,fabric_query_final,True,,985,1783312627850,0,,False
2204,b2-fabric-b1-c4-r2-retry1,b2-fabric-b1-c4-r2-retry1-task-0216,fabric_query_final,True,,986,1783312627849,0,,False
2205,b2-fabric-b1-c4-r2-retry1,b2-fabric-b1-c4-r2-retry1-task-0219,fabric_query_final,True,,986,1783312627850,0,,False
2206,b2-fabric-b1-c4-r2-retry1,b2-fabric-b1-c4-r2-retry1-task-0218,fabric_query_final,True,,988,1783312627851,0,,False
2207,b2-fabric-b1-c4-r2-retry1,b2-fabric-b1-c4-r2-retry1-task-0219,ipfs_verify,True,,8,1783312628836,0,QmNhbectLBJKJjaBFkjTFgZM6bzSgrQqfV2nzNGd7hnhXp,False
2208,b2-fabric-b1-c4-r2-retry1,b2-fabric-b1-c4-r2-retry1-task-0216,ipfs_verify,True,,9,1783312628835,0,QmWRqVXWHuiCnyPwtVKNcTtPcSDmJqXWmtgqtbSbCRQFN4,False
2209,b2-fabric-b1-c4-r2-retry1,b2-fabric-b1-c4-r2-retry1-task-0217,ipfs_verify,True,,11,1783312628835,0,QmSJABdfLv4Bpp2eX5n5HPKM57QCdjn63jgA55THvNNed2,False
2210,b2-fabric-b1-c4-r2-retry1,b2-fabric-b1-c4-r2-retry1-task-0218,ipfs_verify,True,,7,1783312628839,0,Qme1iJktEs7YhnQf7MbuHozo4uZPGWWEs3BYJ6zBCFpdMN,False
2211,b2-fabric-b1-c4-r2-retry1,b2-fabric-b1-c4-r2-retry1-task-0220,ipfs_add,True,,27,1783312628845,4548,,False
2212,b2-fabric-b1-c4-r2-retry1,b2-fabric-b1-c4-r2-retry1-task-0222,ipfs_add,True,,42,1783312628846,1324,,False
2213,b2-fabric-b1-c4-r2-retry1,b2-fabric-b1-c4-r2-retry1-task-0223,ipfs_add,True,,58,1783312628846,3496,,False
2214,b2-fabric-b1-c4-r2-retry1,b2-fabric-b1-c4-r2-retry1-task-0221,ipfs_add,True,,77,1783312628844,3158,,False
2215,b2-fabric-b1-c4-r2-retry1,b2-fabric-b1-c4-r2-retry1-task-0220,fabric_post_task,True,,2451,1783312628872,4548,QmYYxvJgNUHcuw3V2RQoYsrDaUwRXmGhJB4S5YoBbJAdi9,False
2216,b2-fabric-b1-c4-r2-retry1,b2-fabric-b1-c4-r2-retry1-task-0222,fabric_post_task,True,,2437,1783312628888,1324,QmS9gSDSA2dNcaqguAdbXiugT37zErUJRQhyYdHW4FYF1Z,False
2217,b2-fabric-b1-c4-r2-retry1,b2-fabric-b1-c4-r2-retry1-task-0223,fabric_post_task,True,,2422,1783312628904,3496,QmWbbDn5PocUVAwa1Z8DaHWZAUyYjNR994MzCi3frghkPT,False
2218,b2-fabric-b1-c4-r2-retry1,b2-fabric-b1-c4-r2-retry1-task-0221,fabric_post_task,True,,2406,1783312628921,3158,QmWVfmqjcSuDEvXN6AQHwxkPXEvwWEr5xAd7VvqaLGMK2z,False
2219,b2-fabric-b1-c4-r2-retry1,b2-fabric-b1-c4-r2-retry1-task-0220,fabric_post_allocation,True,,2529,1783312631323,0,,False
2220,b2-fabric-b1-c4-r2-retry1,b2-fabric-b1-c4-r2-retry1-task-0221,fabric_post_allocation,True,,2525,1783312631328,0,,False
2221,b2-fabric-b1-c4-r2-retry1,b2-fabric-b1-c4-r2-retry1-task-0223,fabric_post_allocation,True,,2527,1783312631326,0,,False
2222,b2-fabric-b1-c4-r2-retry1,b2-fabric-b1-c4-r2-retry1-task-0222,fabric_post_allocation,True,,2529,1783312631325,0,,False
2223,b2-fabric-b1-c4-r2-retry1,b2-fabric-b1-c4-r2-retry1-task-0220,fabric_post_snapshot,True,,2247,1783312633852,0,,False
2224,b2-fabric-b1-c4-r2-retry1,b2-fabric-b1-c4-r2-retry1-task-0223,fabric_post_snapshot,True,,2247,1783312633853,0,,False
2225,b2-fabric-b1-c4-r2-retry1,b2-fabric-b1-c4-r2-retry1-task-0222,fabric_post_snapshot,True,,2247,1783312633854,0,,False
2226,b2-fabric-b1-c4-r2-retry1,b2-fabric-b1-c4-r2-retry1-task-0221,fabric_post_snapshot,True,,2248,1783312633853,0,,False
2227,b2-fabric-b1-c4-r2-retry1,b2-fabric-b1-c4-r2-retry1-task-0220,fabric_query_confirmation,True,,112,1783312636099,0,,False
2228,b2-fabric-b1-c4-r2-retry1,b2-fabric-b1-c4-r2-retry1-task-0222,fabric_query_confirmation,True,,111,1783312636101,0,,False
2229,b2-fabric-b1-c4-r2-retry1,b2-fabric-b1-c4-r2-retry1-task-0223,fabric_query_confirmation,True,,112,1783312636100,0,,False
2230,b2-fabric-b1-c4-r2-retry1,b2-fabric-b1-c4-r2-retry1-task-0221,fabric_query_confirmation,True,,113,1783312636101,0,,False
2231,b2-fabric-b1-c4-r2-retry1,b2-fabric-b1-c4-r2-retry1-task-0220,fabric_vote_1,True,,2255,1783312636211,0,,False
2232,b2-fabric-b1-c4-r2-retry1,b2-fabric-b1-c4-r2-retry1-task-0221,fabric_vote_1,True,,2253,1783312636214,0,,False
2233,b2-fabric-b1-c4-r2-retry1,b2-fabric-b1-c4-r2-retry1-task-0222,fabric_vote_1,True,,2255,1783312636212,0,,False
2234,b2-fabric-b1-c4-r2-retry1,b2-fabric-b1-c4-r2-retry1-task-0223,fabric_vote_1,True,,2256,1783312636212,0,,False
2235,b2-fabric-b1-c4-r2-retry1,b2-fabric-b1-c4-r2-retry1-task-0222,fabric_vote_2,True,,2248,1783312638467,0,,False
2236,b2-fabric-b1-c4-r2-retry1,b2-fabric-b1-c4-r2-retry1-task-0221,fabric_vote_2,True,,2249,1783312638467,0,,False
2237,b2-fabric-b1-c4-r2-retry1,b2-fabric-b1-c4-r2-retry1-task-0223,fabric_vote_2,True,,2248,1783312638468,0,,False
2238,b2-fabric-b1-c4-r2-retry1,b2-fabric-b1-c4-r2-retry1-task-0220,fabric_vote_2,True,,2251,1783312638466,0,,False
2239,b2-fabric-b1-c4-r2-retry1,b2-fabric-b1-c4-r2-retry1-task-0220,fabric_settlement,True,,2288,1783312640717,0,,False
2240,b2-fabric-b1-c4-r2-retry1,b2-fabric-b1-c4-r2-retry1-task-0223,fabric_settlement,True,,2290,1783312640716,0,,False
2241,b2-fabric-b1-c4-r2-retry1,b2-fabric-b1-c4-r2-retry1-task-0221,fabric_settlement,True,,2291,1783312640716,0,,False
2242,b2-fabric-b1-c4-r2-retry1,b2-fabric-b1-c4-r2-retry1-task-0222,fabric_settlement,True,,2292,1783312640715,0,,False
2243,b2-fabric-b1-c4-r2-retry1,b2-fabric-b1-c4-r2-retry1-task-0221,fabric_query_final,True,,508,1783312643007,0,,False
2244,b2-fabric-b1-c4-r2-retry1,b2-fabric-b1-c4-r2-retry1-task-0220,fabric_query_final,True,,510,1783312643005,0,,False
2245,b2-fabric-b1-c4-r2-retry1,b2-fabric-b1-c4-r2-retry1-task-0223,fabric_query_final,True,,510,1783312643006,0,,False
2246,b2-fabric-b1-c4-r2-retry1,b2-fabric-b1-c4-r2-retry1-task-0222,fabric_query_final,True,,511,1783312643007,0,,False
2247,b2-fabric-b1-c4-r2-retry1,b2-fabric-b1-c4-r2-retry1-task-0220,ipfs_verify,True,,7,1783312643515,0,QmYYxvJgNUHcuw3V2RQoYsrDaUwRXmGhJB4S5YoBbJAdi9,False
2248,b2-fabric-b1-c4-r2-retry1,b2-fabric-b1-c4-r2-retry1-task-0223,ipfs_verify,True,,7,1783312643516,0,QmWbbDn5PocUVAwa1Z8DaHWZAUyYjNR994MzCi3frghkPT,False
2249,b2-fabric-b1-c4-r2-retry1,b2-fabric-b1-c4-r2-retry1-task-0221,ipfs_verify,True,,9,1783312643515,0,QmWVfmqjcSuDEvXN6AQHwxkPXEvwWEr5xAd7VvqaLGMK2z,False
2250,b2-fabric-b1-c4-r2-retry1,b2-fabric-b1-c4-r2-retry1-task-0222,ipfs_verify,True,,7,1783312643518,0,QmS9gSDSA2dNcaqguAdbXiugT37zErUJRQhyYdHW4FYF1Z,False
2251,b2-fabric-b1-c4-r2-retry1,b2-fabric-b1-c4-r2-retry1-task-0224,ipfs_add,True,,26,1783312643523,1434,,False
2252,b2-fabric-b1-c4-r2-retry1,b2-fabric-b1-c4-r2-retry1-task-0227,ipfs_add,True,,41,1783312643525,2681,,False
2253,b2-fabric-b1-c4-r2-retry1,b2-fabric-b1-c4-r2-retry1-task-0226,ipfs_add,True,,60,1783312643524,2097,,False
2254,b2-fabric-b1-c4-r2-retry1,b2-fabric-b1-c4-r2-retry1-task-0225,ipfs_add,True,,79,1783312643523,2951,,False
2255,b2-fabric-b1-c4-r2-retry1,b2-fabric-b1-c4-r2-retry1-task-0225,fabric_post_task,True,,1716,1783312643602,2951,QmP2y2GKPy6gwArpzaE2RA5dRRgeXWNUH6Gyquaruz27DM,False
2256,b2-fabric-b1-c4-r2-retry1,b2-fabric-b1-c4-r2-retry1-task-0224,fabric_post_task,True,,1769,1783312643549,1434,Qmbpj7kBGWLUhW2szT9f3rx2oZsCwi6t2fMD1Smb2wFi3D,False
2257,b2-fabric-b1-c4-r2-retry1,b2-fabric-b1-c4-r2-retry1-task-0227,fabric_post_task,True,,1754,1783312643566,2681,QmaotMaC4Hb3cSu92BbQ6XF1kKexFQRifGmXvXQ9CscYbr,False
2258,b2-fabric-b1-c4-r2-retry1,b2-fabric-b1-c4-r2-retry1-task-0226,fabric_post_task,True,,1738,1783312643584,2097,QmYKcvqVA5kpfJsuCUkNUdEao6JQhFACmrPAQEP38tsjSp,False
2259,b2-fabric-b1-c4-r2-retry1,b2-fabric-b1-c4-r2-retry1-task-0225,fabric_post_allocation,True,,2498,1783312645318,0,,False
2260,b2-fabric-b1-c4-r2-retry1,b2-fabric-b1-c4-r2-retry1-task-0227,fabric_post_allocation,True,,2497,1783312645320,0,,False
2261,b2-fabric-b1-c4-r2-retry1,b2-fabric-b1-c4-r2-retry1-task-0226,fabric_post_allocation,True,,2497,1783312645322,0,,False
2262,b2-fabric-b1-c4-r2-retry1,b2-fabric-b1-c4-r2-retry1-task-0224,fabric_post_allocation,True,,2501,1783312645318,0,,False
2263,b2-fabric-b1-c4-r2-retry1,b2-fabric-b1-c4-r2-retry1-task-0227,fabric_post_snapshot,True,,2242,1783312647817,0,,False
2264,b2-fabric-b1-c4-r2-retry1,b2-fabric-b1-c4-r2-retry1-task-0226,fabric_post_snapshot,True,,2241,1783312647819,0,,False
2265,b2-fabric-b1-c4-r2-retry1,b2-fabric-b1-c4-r2-retry1-task-0225,fabric_post_snapshot,True,,2244,1783312647816,0,,False
2266,b2-fabric-b1-c4-r2-retry1,b2-fabric-b1-c4-r2-retry1-task-0224,fabric_post_snapshot,True,,2243,1783312647819,0,,False
2267,b2-fabric-b1-c4-r2-retry1,b2-fabric-b1-c4-r2-retry1-task-0224,fabric_query_confirmation,True,,302,1783312650062,0,,False
2268,b2-fabric-b1-c4-r2-retry1,b2-fabric-b1-c4-r2-retry1-task-0226,fabric_query_confirmation,True,,306,1783312650060,0,,False
2269,b2-fabric-b1-c4-r2-retry1,b2-fabric-b1-c4-r2-retry1-task-0227,fabric_query_confirmation,True,,307,1783312650059,0,,False
2270,b2-fabric-b1-c4-r2-retry1,b2-fabric-b1-c4-r2-retry1-task-0225,fabric_query_confirmation,True,,306,1783312650060,0,,False
2271,b2-fabric-b1-c4-r2-retry1,b2-fabric-b1-c4-r2-retry1-task-0225,fabric_vote_1,True,,2293,1783312650366,0,,False
2272,b2-fabric-b1-c4-r2-retry1,b2-fabric-b1-c4-r2-retry1-task-0226,fabric_vote_1,True,,2294,1783312650366,0,,False
2273,b2-fabric-b1-c4-r2-retry1,b2-fabric-b1-c4-r2-retry1-task-0224,fabric_vote_1,True,,2296,1783312650364,0,,False
2274,b2-fabric-b1-c4-r2-retry1,b2-fabric-b1-c4-r2-retry1-task-0227,fabric_vote_1,True,,2296,1783312650366,0,,False
2275,b2-fabric-b1-c4-r2-retry1,b2-fabric-b1-c4-r2-retry1-task-0224,fabric_vote_2,True,,2436,1783312652660,0,,False
2276,b2-fabric-b1-c4-r2-retry1,b2-fabric-b1-c4-r2-retry1-task-0226,fabric_vote_2,True,,2437,1783312652660,0,,False
2277,b2-fabric-b1-c4-r2-retry1,b2-fabric-b1-c4-r2-retry1-task-0227,fabric_vote_2,True,,2436,1783312652662,0,,False
2278,b2-fabric-b1-c4-r2-retry1,b2-fabric-b1-c4-r2-retry1-task-0225,fabric_vote_2,True,,2441,1783312652659,0,,False
2279,b2-fabric-b1-c4-r2-retry1,b2-fabric-b1-c4-r2-retry1-task-0225,fabric_settlement,True,,2469,1783312655100,0,,False
2280,b2-fabric-b1-c4-r2-retry1,b2-fabric-b1-c4-r2-retry1-task-0226,fabric_settlement,True,,2473,1783312655097,0,,False
2281,b2-fabric-b1-c4-r2-retry1,b2-fabric-b1-c4-r2-retry1-task-0227,fabric_settlement,True,,2471,1783312655099,0,,False
2282,b2-fabric-b1-c4-r2-retry1,b2-fabric-b1-c4-r2-retry1-task-0224,fabric_settlement,True,,2475,1783312655096,0,,False
2283,b2-fabric-b1-c4-r2-retry1,b2-fabric-b1-c4-r2-retry1-task-0225,fabric_query_final,True,,971,1783312657569,0,,False
2284,b2-fabric-b1-c4-r2-retry1,b2-fabric-b1-c4-r2-retry1-task-0227,fabric_query_final,True,,970,1783312657570,0,,False
2285,b2-fabric-b1-c4-r2-retry1,b2-fabric-b1-c4-r2-retry1-task-0224,fabric_query_final,True,,970,1783312657571,0,,False
2286,b2-fabric-b1-c4-r2-retry1,b2-fabric-b1-c4-r2-retry1-task-0226,fabric_query_final,True,,974,1783312657570,0,,False
2287,b2-fabric-b1-c4-r2-retry1,b2-fabric-b1-c4-r2-retry1-task-0224,ipfs_verify,True,,7,1783312658541,0,Qmbpj7kBGWLUhW2szT9f3rx2oZsCwi6t2fMD1Smb2wFi3D,False
2288,b2-fabric-b1-c4-r2-retry1,b2-fabric-b1-c4-r2-retry1-task-0225,ipfs_verify,True,,9,1783312658540,0,QmP2y2GKPy6gwArpzaE2RA5dRRgeXWNUH6Gyquaruz27DM,False
2289,b2-fabric-b1-c4-r2-retry1,b2-fabric-b1-c4-r2-retry1-task-0227,ipfs_verify,True,,9,1783312658540,0,QmaotMaC4Hb3cSu92BbQ6XF1kKexFQRifGmXvXQ9CscYbr,False
2290,b2-fabric-b1-c4-r2-retry1,b2-fabric-b1-c4-r2-retry1-task-0226,ipfs_verify,True,,7,1783312658544,0,QmYKcvqVA5kpfJsuCUkNUdEao6JQhFACmrPAQEP38tsjSp,False
2291,b2-fabric-b1-c4-r2-retry1,b2-fabric-b1-c4-r2-retry1-task-0228,ipfs_add,True,,40,1783312658548,3049,,False
2292,b2-fabric-b1-c4-r2-retry1,b2-fabric-b1-c4-r2-retry1-task-0231,ipfs_add,True,,53,1783312658551,4749,,False
2293,b2-fabric-b1-c4-r2-retry1,b2-fabric-b1-c4-r2-retry1-task-0229,ipfs_add,True,,70,1783312658549,1853,,False
2294,b2-fabric-b1-c4-r2-retry1,b2-fabric-b1-c4-r2-retry1-task-0230,ipfs_add,True,,70,1783312658550,4672,,False
2295,b2-fabric-b1-c4-r2-retry1,b2-fabric-b1-c4-r2-retry1-task-0229,fabric_post_task,True,,2436,1783312658619,1853,QmU1c3q88Niv1hpqR47GYDb1SQRJPW8Sq3y68qKJ6gnFaK,False
2296,b2-fabric-b1-c4-r2-retry1,b2-fabric-b1-c4-r2-retry1-task-0230,fabric_post_task,True,,2436,1783312658620,4672,QmVVrWGoPddnyHraUM2wUgG7XF2t7LkAUG71CvTqMUfisz,False
2297,b2-fabric-b1-c4-r2-retry1,b2-fabric-b1-c4-r2-retry1-task-0231,fabric_post_task,True,,2453,1783312658604,4749,QmZ1zUyz7qR3sEW9z4W3mHUGs871kKaNMsvhBu7yRneVTT,False
2298,b2-fabric-b1-c4-r2-retry1,b2-fabric-b1-c4-r2-retry1-task-0228,fabric_post_task,True,,2471,1783312658588,3049,Qmcg9hZwBNt4mPUVQKwcf3whBnxD8r9WzcLGYR2bbkVKYL,False
2299,b2-fabric-b1-c4-r2-retry1,b2-fabric-b1-c4-r2-retry1-task-0230,fabric_post_allocation,True,,2321,1783312661056,0,,False
2300,b2-fabric-b1-c4-r2-retry1,b2-fabric-b1-c4-r2-retry1-task-0231,fabric_post_allocation,True,,2321,1783312661057,0,,False
2301,b2-fabric-b1-c4-r2-retry1,b2-fabric-b1-c4-r2-retry1-task-0228,fabric_post_allocation,True,,2320,1783312661059,0,,False
2302,b2-fabric-b1-c4-r2-retry1,b2-fabric-b1-c4-r2-retry1-task-0229,fabric_post_allocation,True,,2326,1783312661055,0,,False
2303,b2-fabric-b1-c4-r2-retry1,b2-fabric-b1-c4-r2-retry1-task-0229,fabric_post_snapshot,True,,2466,1783312663381,0,,False
2304,b2-fabric-b1-c4-r2-retry1,b2-fabric-b1-c4-r2-retry1-task-0230,fabric_post_snapshot,True,,2471,1783312663377,0,,False
2305,b2-fabric-b1-c4-r2-retry1,b2-fabric-b1-c4-r2-retry1-task-0231,fabric_post_snapshot,True,,2471,1783312663378,0,,False
2306,b2-fabric-b1-c4-r2-retry1,b2-fabric-b1-c4-r2-retry1-task-0228,fabric_post_snapshot,True,,2472,1783312663379,0,,False
2307,b2-fabric-b1-c4-r2-retry1,b2-fabric-b1-c4-r2-retry1-task-0229,fabric_query_confirmation,True,,313,1783312665847,0,,False
2308,b2-fabric-b1-c4-r2-retry1,b2-fabric-b1-c4-r2-retry1-task-0230,fabric_query_confirmation,True,,312,1783312665848,0,,False
2309,b2-fabric-b1-c4-r2-retry1,b2-fabric-b1-c4-r2-retry1-task-0228,fabric_query_confirmation,True,,310,1783312665851,0,,False
2310,b2-fabric-b1-c4-r2-retry1,b2-fabric-b1-c4-r2-retry1-task-0231,fabric_query_confirmation,True,,314,1783312665849,0,,False
2311,b2-fabric-b1-c4-r2-retry1,b2-fabric-b1-c4-r2-retry1-task-0228,fabric_vote_1,True,,2427,1783312666161,0,,False
2312,b2-fabric-b1-c4-r2-retry1,b2-fabric-b1-c4-r2-retry1-task-0229,fabric_vote_1,True,,2429,1783312666160,0,,False
2313,b2-fabric-b1-c4-r2-retry1,b2-fabric-b1-c4-r2-retry1-task-0231,fabric_vote_1,True,,2426,1783312666163,0,,False
2314,b2-fabric-b1-c4-r2-retry1,b2-fabric-b1-c4-r2-retry1-task-0230,fabric_vote_1,True,,2431,1783312666160,0,,False
2315,b2-fabric-b1-c4-r2-retry1,b2-fabric-b1-c4-r2-retry1-task-0228,fabric_vote_2,True,,2240,1783312668588,0,,False
2316,b2-fabric-b1-c4-r2-retry1,b2-fabric-b1-c4-r2-retry1-task-0231,fabric_vote_2,True,,2240,1783312668589,0,,False
2317,b2-fabric-b1-c4-r2-retry1,b2-fabric-b1-c4-r2-retry1-task-0230,fabric_vote_2,True,,2239,1783312668591,0,,False
2318,b2-fabric-b1-c4-r2-retry1,b2-fabric-b1-c4-r2-retry1-task-0229,fabric_vote_2,True,,2242,1783312668589,0,,False
2319,b2-fabric-b1-c4-r2-retry1,b2-fabric-b1-c4-r2-retry1-task-0231,fabric_settlement,True,,2283,1783312670829,0,,False
2320,b2-fabric-b1-c4-r2-retry1,b2-fabric-b1-c4-r2-retry1-task-0228,fabric_settlement,True,,2284,1783312670828,0,,False
2321,b2-fabric-b1-c4-r2-retry1,b2-fabric-b1-c4-r2-retry1-task-0229,fabric_settlement,True,,2282,1783312670831,0,,False
2322,b2-fabric-b1-c4-r2-retry1,b2-fabric-b1-c4-r2-retry1-task-0230,fabric_settlement,True,,2286,1783312670830,0,,False
2323,b2-fabric-b1-c4-r2-retry1,b2-fabric-b1-c4-r2-retry1-task-0229,fabric_query_final,True,,-16,1783312673113,0,,False
2324,b2-fabric-b1-c4-r2-retry1,b2-fabric-b1-c4-r2-retry1-task-0228,fabric_query_final,True,,-14,1783312673112,0,,False
2325,b2-fabric-b1-c4-r2-retry1,b2-fabric-b1-c4-r2-retry1-task-0231,fabric_query_final,True,,-13,1783312673112,0,,False
2326,b2-fabric-b1-c4-r2-retry1,b2-fabric-b1-c4-r2-retry1-task-0230,fabric_query_final,True,,-14,1783312673116,0,,False
2327,b2-fabric-b1-c4-r2-retry1,b2-fabric-b1-c4-r2-retry1-task-0228,ipfs_verify,True,,8,1783312673098,0,Qmcg9hZwBNt4mPUVQKwcf3whBnxD8r9WzcLGYR2bbkVKYL,False
2328,b2-fabric-b1-c4-r2-retry1,b2-fabric-b1-c4-r2-retry1-task-0229,ipfs_verify,True,,9,1783312673097,0,QmU1c3q88Niv1hpqR47GYDb1SQRJPW8Sq3y68qKJ6gnFaK,False
2329,b2-fabric-b1-c4-r2-retry1,b2-fabric-b1-c4-r2-retry1-task-0231,ipfs_verify,True,,7,1783312673099,0,QmZ1zUyz7qR3sEW9z4W3mHUGs871kKaNMsvhBu7yRneVTT,False
2330,b2-fabric-b1-c4-r2-retry1,b2-fabric-b1-c4-r2-retry1-task-0230,ipfs_verify,True,,7,1783312673102,0,QmVVrWGoPddnyHraUM2wUgG7XF2t7LkAUG71CvTqMUfisz,False
2331,b2-fabric-b1-c4-r2-retry1,b2-fabric-b1-c4-r2-retry1-task-0233,ipfs_add,True,,25,1783312673106,5561,,False
2332,b2-fabric-b1-c4-r2-retry1,b2-fabric-b1-c4-r2-retry1-task-0234,ipfs_add,True,,39,1783312673107,4813,,False
2333,b2-fabric-b1-c4-r2-retry1,b2-fabric-b1-c4-r2-retry1-task-0232,ipfs_add,True,,55,1783312673106,5652,,False
2334,b2-fabric-b1-c4-r2-retry1,b2-fabric-b1-c4-r2-retry1-task-0235,ipfs_add,True,,67,1783312673109,3473,,False
2335,b2-fabric-b1-c4-r2-retry1,b2-fabric-b1-c4-r2-retry1-task-0235,fabric_post_task,True,,2415,1783312673176,3473,QmYicVCk9mEpCXvCjMGcMHHmbJVaPePcbBgZQABLWpBqqW,False
2336,b2-fabric-b1-c4-r2-retry1,b2-fabric-b1-c4-r2-retry1-task-0233,fabric_post_task,True,,2461,1783312673131,5561,QmPiTWkJT1mbrmoTnV9zypQTW3Way5fUm3QKFnVCGaYeHm,False
2337,b2-fabric-b1-c4-r2-retry1,b2-fabric-b1-c4-r2-retry1-task-0232,fabric_post_task,True,,2431,1783312673161,5652,QmSoSsUedyqXDpWjs8cPi259zwcokeishbBomFLbck3bFS,False
2338,b2-fabric-b1-c4-r2-retry1,b2-fabric-b1-c4-r2-retry1-task-0234,fabric_post_task,True,,2449,1783312673146,4813,QmPib3HBbwLaFsPuT1LMCQzfpjcraJk2ud1LU6KcqXFQ9r,False
2339,b2-fabric-b1-c4-r2-retry1,b2-fabric-b1-c4-r2-retry1-task-0234,fabric_post_allocation,True,,2331,1783312675595,0,,False
2340,b2-fabric-b1-c4-r2-retry1,b2-fabric-b1-c4-r2-retry1-task-0233,fabric_post_allocation,True,,2335,1783312675592,0,,False
2341,b2-fabric-b1-c4-r2-retry1,b2-fabric-b1-c4-r2-retry1-task-0232,fabric_post_allocation,True,,2337,1783312675592,0,,False
2342,b2-fabric-b1-c4-r2-retry1,b2-fabric-b1-c4-r2-retry1-task-0235,fabric_post_allocation,True,,2339,1783312675591,0,,False
2343,b2-fabric-b1-c4-r2-retry1,b2-fabric-b1-c4-r2-retry1-task-0232,fabric_post_snapshot,True,,2436,1783312677929,0,,False
2344,b2-fabric-b1-c4-r2-retry1,b2-fabric-b1-c4-r2-retry1-task-0233,fabric_post_snapshot,True,,2439,1783312677927,0,,False
2345,b2-fabric-b1-c4-r2-retry1,b2-fabric-b1-c4-r2-retry1-task-0234,fabric_post_snapshot,True,,2441,1783312677926,0,,False
2346,b2-fabric-b1-c4-r2-retry1,b2-fabric-b1-c4-r2-retry1-task-0235,fabric_post_snapshot,True,,2439,1783312677930,0,,False
2347,b2-fabric-b1-c4-r2-retry1,b2-fabric-b1-c4-r2-retry1-task-0232,fabric_query_confirmation,True,,117,1783312680365,0,,False
2348,b2-fabric-b1-c4-r2-retry1,b2-fabric-b1-c4-r2-retry1-task-0235,fabric_query_confirmation,True,,113,1783312680369,0,,False
2349,b2-fabric-b1-c4-r2-retry1,b2-fabric-b1-c4-r2-retry1-task-0233,fabric_query_confirmation,True,,117,1783312680366,0,,False
2350,b2-fabric-b1-c4-r2-retry1,b2-fabric-b1-c4-r2-retry1-task-0234,fabric_query_confirmation,True,,117,1783312680367,0,,False
2351,b2-fabric-b1-c4-r2-retry1,b2-fabric-b1-c4-r2-retry1-task-0233,fabric_vote_1,True,,2431,1783312680483,0,,False
2352,b2-fabric-b1-c4-r2-retry1,b2-fabric-b1-c4-r2-retry1-task-0232,fabric_vote_1,True,,2433,1783312680482,0,,False
2353,b2-fabric-b1-c4-r2-retry1,b2-fabric-b1-c4-r2-retry1-task-0234,fabric_vote_1,True,,2431,1783312680484,0,,False
2354,b2-fabric-b1-c4-r2-retry1,b2-fabric-b1-c4-r2-retry1-task-0235,fabric_vote_1,True,,2434,1783312680482,0,,False
2355,b2-fabric-b1-c4-r2-retry1,b2-fabric-b1-c4-r2-retry1-task-0233,fabric_vote_2,True,,2246,1783312682914,0,,False
2356,b2-fabric-b1-c4-r2-retry1,b2-fabric-b1-c4-r2-retry1-task-0234,fabric_vote_2,True,,2245,1783312682915,0,,False
2357,b2-fabric-b1-c4-r2-retry1,b2-fabric-b1-c4-r2-retry1-task-0235,fabric_vote_2,True,,2245,1783312682916,0,,False
2358,b2-fabric-b1-c4-r2-retry1,b2-fabric-b1-c4-r2-retry1-task-0232,fabric_vote_2,True,,2248,1783312682915,0,,False
2359,b2-fabric-b1-c4-r2-retry1,b2-fabric-b1-c4-r2-retry1-task-0234,fabric_settlement,True,,2847,1783312685160,0,,False
2360,b2-fabric-b1-c4-r2-retry1,b2-fabric-b1-c4-r2-retry1-task-0233,fabric_settlement,True,,2848,1783312685160,0,,False
2361,b2-fabric-b1-c4-r2-retry1,b2-fabric-b1-c4-r2-retry1-task-0232,fabric_settlement,True,,2846,1783312685163,0,,False
2362,b2-fabric-b1-c4-r2-retry1,b2-fabric-b1-c4-r2-retry1-task-0235,fabric_settlement,True,,2849,1783312685161,0,,False
2363,b2-fabric-b1-c4-r2-retry1,b2-fabric-b1-c4-r2-retry1-task-0232,fabric_query_final,True,,328,1783312688009,0,,False
2364,b2-fabric-b1-c4-r2-retry1,b2-fabric-b1-c4-r2-retry1-task-0235,fabric_query_final,True,,328,1783312688010,0,,False
2365,b2-fabric-b1-c4-r2-retry1,b2-fabric-b1-c4-r2-retry1-task-0233,fabric_query_final,True,,331,1783312688008,0,,False
2366,b2-fabric-b1-c4-r2-retry1,b2-fabric-b1-c4-r2-retry1-task-0234,fabric_query_final,True,,333,1783312688007,0,,False
2367,b2-fabric-b1-c4-r2-retry1,b2-fabric-b1-c4-r2-retry1-task-0233,ipfs_verify,True,,6,1783312688339,0,QmPiTWkJT1mbrmoTnV9zypQTW3Way5fUm3QKFnVCGaYeHm,False
2368,b2-fabric-b1-c4-r2-retry1,b2-fabric-b1-c4-r2-retry1-task-0232,ipfs_verify,True,,8,1783312688337,0,QmSoSsUedyqXDpWjs8cPi259zwcokeishbBomFLbck3bFS,False
2369,b2-fabric-b1-c4-r2-retry1,b2-fabric-b1-c4-r2-retry1-task-0235,ipfs_verify,True,,8,1783312688338,0,QmYicVCk9mEpCXvCjMGcMHHmbJVaPePcbBgZQABLWpBqqW,False
2370,b2-fabric-b1-c4-r2-retry1,b2-fabric-b1-c4-r2-retry1-task-0234,ipfs_verify,True,,6,1783312688340,0,QmPib3HBbwLaFsPuT1LMCQzfpjcraJk2ud1LU6KcqXFQ9r,False
2371,b2-fabric-b1-c4-r2-retry1,b2-fabric-b1-c4-r2-retry1-task-0236,ipfs_add,True,,30,1783312688345,3609,,False
2372,b2-fabric-b1-c4-r2-retry1,b2-fabric-b1-c4-r2-retry1-task-0238,ipfs_add,True,,44,1783312688346,2789,,False
2373,b2-fabric-b1-c4-r2-retry1,b2-fabric-b1-c4-r2-retry1-task-0237,ipfs_add,True,,62,1783312688345,5358,,False
2374,b2-fabric-b1-c4-r2-retry1,b2-fabric-b1-c4-r2-retry1-task-0239,ipfs_add,True,,78,1783312688346,1409,,False
2375,b2-fabric-b1-c4-r2-retry1,b2-fabric-b1-c4-r2-retry1-task-0238,fabric_post_task,True,,2491,1783312688391,2789,QmT6ZzLsRWnFGbDxFiczkk711sF8hynyFyTCPutJbTgPxU,False
2376,b2-fabric-b1-c4-r2-retry1,b2-fabric-b1-c4-r2-retry1-task-0236,fabric_post_task,True,,2509,1783312688375,3609,QmVXqjnDPn1ZWZeaYTpic5k9LeY4VnPGoRNhtDotr1gFPf,False
2377,b2-fabric-b1-c4-r2-retry1,b2-fabric-b1-c4-r2-retry1-task-0237,fabric_post_task,True,,2477,1783312688407,5358,QmVAq5JsSc7aMPcAaJdKWcsK7zz4oLxAr4YXCyVDbZzyuX,False
2378,b2-fabric-b1-c4-r2-retry1,b2-fabric-b1-c4-r2-retry1-task-0239,fabric_post_task,True,,2461,1783312688424,1409,QmQMeGcZwLYK3Pq3gZevpTDuLFbfuYKryRgEJBym4Nhd1b,False
2379,b2-fabric-b1-c4-r2-retry1,b2-fabric-b1-c4-r2-retry1-task-0236,fabric_post_allocation,True,,2315,1783312690884,0,,False
2380,b2-fabric-b1-c4-r2-retry1,b2-fabric-b1-c4-r2-retry1-task-0237,fabric_post_allocation,True,,2316,1783312690884,0,,False
2381,b2-fabric-b1-c4-r2-retry1,b2-fabric-b1-c4-r2-retry1-task-0238,fabric_post_allocation,True,,2319,1783312690882,0,,False
2382,b2-fabric-b1-c4-r2-retry1,b2-fabric-b1-c4-r2-retry1-task-0239,fabric_post_allocation,True,,2317,1783312690885,0,,False
2383,b2-fabric-b1-c4-r2-retry1,b2-fabric-b1-c4-r2-retry1-task-0238,fabric_post_snapshot,True,,2246,1783312693201,0,,False
2384,b2-fabric-b1-c4-r2-retry1,b2-fabric-b1-c4-r2-retry1-task-0236,fabric_post_snapshot,True,,2249,1783312693199,0,,False
2385,b2-fabric-b1-c4-r2-retry1,b2-fabric-b1-c4-r2-retry1-task-0237,fabric_post_snapshot,True,,2249,1783312693200,0,,False
2386,b2-fabric-b1-c4-r2-retry1,b2-fabric-b1-c4-r2-retry1-task-0239,fabric_post_snapshot,True,,2249,1783312693202,0,,False
2387,b2-fabric-b1-c4-r2-retry1,b2-fabric-b1-c4-r2-retry1-task-0237,fabric_query_confirmation,True,,304,1783312695449,0,,False
2388,b2-fabric-b1-c4-r2-retry1,b2-fabric-b1-c4-r2-retry1-task-0239,fabric_query_confirmation,True,,302,1783312695451,0,,False
2389,b2-fabric-b1-c4-r2-retry1,b2-fabric-b1-c4-r2-retry1-task-0236,fabric_query_confirmation,True,,306,1783312695448,0,,False
2390,b2-fabric-b1-c4-r2-retry1,b2-fabric-b1-c4-r2-retry1-task-0238,fabric_query_confirmation,True,,309,1783312695447,0,,False
2391,b2-fabric-b1-c4-r2-retry1,b2-fabric-b1-c4-r2-retry1-task-0238,fabric_vote_1,True,,2446,1783312695756,0,,False
2392,b2-fabric-b1-c4-r2-retry1,b2-fabric-b1-c4-r2-retry1-task-0237,fabric_vote_1,True,,2450,1783312695753,0,,False
2393,b2-fabric-b1-c4-r2-retry1,b2-fabric-b1-c4-r2-retry1-task-0239,fabric_vote_1,True,,2450,1783312695753,0,,False
2394,b2-fabric-b1-c4-r2-retry1,b2-fabric-b1-c4-r2-retry1-task-0236,fabric_vote_1,True,,2450,1783312695754,0,,False
2395,b2-fabric-b1-c4-r2-retry1,b2-fabric-b1-c4-r2-retry1-task-0239,fabric_vote_2,True,,2252,1783312698203,0,,False
2396,b2-fabric-b1-c4-r2-retry1,b2-fabric-b1-c4-r2-retry1-task-0238,fabric_vote_2,True,,2253,1783312698202,0,,False
2397,b2-fabric-b1-c4-r2-retry1,b2-fabric-b1-c4-r2-retry1-task-0237,fabric_vote_2,True,,2253,1783312698203,0,,False
2398,b2-fabric-b1-c4-r2-retry1,b2-fabric-b1-c4-r2-retry1-task-0236,fabric_vote_2,True,,2254,1783312698204,0,,False
2399,b2-fabric-b1-c4-r2-retry1,b2-fabric-b1-c4-r2-retry1-task-0239,fabric_settlement,True,,2498,1783312700455,0,,False
2400,b2-fabric-b1-c4-r2-retry1,b2-fabric-b1-c4-r2-retry1-task-0238,fabric_settlement,True,,2498,1783312700455,0,,False
2401,b2-fabric-b1-c4-r2-retry1,b2-fabric-b1-c4-r2-retry1-task-0237,fabric_settlement,True,,2498,1783312700456,0,,False
2402,b2-fabric-b1-c4-r2-retry1,b2-fabric-b1-c4-r2-retry1-task-0236,fabric_settlement,True,,2497,1783312700458,0,,False
2403,b2-fabric-b1-c4-r2-retry1,b2-fabric-b1-c4-r2-retry1-task-0238,fabric_query_final,True,,-195,1783312702953,0,,False
2404,b2-fabric-b1-c4-r2-retry1,b2-fabric-b1-c4-r2-retry1-task-0237,fabric_query_final,True,,-195,1783312702954,0,,False
2405,b2-fabric-b1-c4-r2-retry1,b2-fabric-b1-c4-r2-retry1-task-0239,fabric_query_final,True,,-194,1783312702953,0,,False
2406,b2-fabric-b1-c4-r2-retry1,b2-fabric-b1-c4-r2-retry1-task-0236,fabric_query_final,True,,-191,1783312702955,0,,False
2407,b2-fabric-b1-c4-r2-retry1,b2-fabric-b1-c4-r2-retry1-task-0239,ipfs_verify,True,,7,1783312702759,0,QmQMeGcZwLYK3Pq3gZevpTDuLFbfuYKryRgEJBym4Nhd1b,False
2408,b2-fabric-b1-c4-r2-retry1,b2-fabric-b1-c4-r2-retry1-task-0238,ipfs_verify,True,,8,1783312702758,0,QmT6ZzLsRWnFGbDxFiczkk711sF8hynyFyTCPutJbTgPxU,False
2409,b2-fabric-b1-c4-r2-retry1,b2-fabric-b1-c4-r2-retry1-task-0237,ipfs_verify,True,,8,1783312702759,0,QmVAq5JsSc7aMPcAaJdKWcsK7zz4oLxAr4YXCyVDbZzyuX,False
2410,b2-fabric-b1-c4-r2-retry1,b2-fabric-b1-c4-r2-retry1-task-0236,ipfs_verify,True,,6,1783312702764,0,QmVXqjnDPn1ZWZeaYTpic5k9LeY4VnPGoRNhtDotr1gFPf,False
2411,b2-fabric-b1-c4-r2-retry1,b2-fabric-b1-c4-r2-retry1-task-0241,ipfs_add,True,,27,1783312702766,2700,,False
2412,b2-fabric-b1-c4-r2-retry1,b2-fabric-b1-c4-r2-retry1-task-0240,ipfs_add,True,,43,1783312702766,1900,,False
2413,b2-fabric-b1-c4-r2-retry1,b2-fabric-b1-c4-r2-retry1-task-0242,ipfs_add,True,,58,1783312702767,2053,,False
2414,b2-fabric-b1-c4-r2-retry1,b2-fabric-b1-c4-r2-retry1-task-0243,ipfs_add,True,,72,1783312702770,1456,,False
2415,b2-fabric-b1-c4-r2-retry1,b2-fabric-b1-c4-r2-retry1-task-0242,fabric_post_task,True,,2469,1783312702825,2053,QmNubnQEoCoKW34iLEEdjbFpwQuVWvqdKUZP7pPaRitT9Z,False
2416,b2-fabric-b1-c4-r2-retry1,b2-fabric-b1-c4-r2-retry1-task-0240,fabric_post_task,True,,2486,1783312702809,1900,QmRfDCDvLXbQCMFDCB2yZ6ZQfQ9nRcY5sEkbivZjmdkej6,False
2417,b2-fabric-b1-c4-r2-retry1,b2-fabric-b1-c4-r2-retry1-task-0241,fabric_post_task,True,,2503,1783312702793,2700,QmfEJkxeZXBCtVrzRc9tWUkiwMt3QbnPxy27zPrhErg5Mj,False
2418,b2-fabric-b1-c4-r2-retry1,b2-fabric-b1-c4-r2-retry1-task-0243,fabric_post_task,True,,2456,1783312702842,1456,QmRSRcL9QGoh8VvDT2ixSsZg96fnWrX8z1a5S7uHJpt7kp,False
2419,b2-fabric-b1-c4-r2-retry1,b2-fabric-b1-c4-r2-retry1-task-0243,fabric_post_allocation,True,,2311,1783312705298,0,,False
2420,b2-fabric-b1-c4-r2-retry1,b2-fabric-b1-c4-r2-retry1-task-0242,fabric_post_allocation,True,,2315,1783312705294,0,,False
2421,b2-fabric-b1-c4-r2-retry1,b2-fabric-b1-c4-r2-retry1-task-0240,fabric_post_allocation,True,,2314,1783312705296,0,,False
2422,b2-fabric-b1-c4-r2-retry1,b2-fabric-b1-c4-r2-retry1-task-0241,fabric_post_allocation,True,,2314,1783312705296,0,,False
2423,b2-fabric-b1-c4-r2-retry1,b2-fabric-b1-c4-r2-retry1-task-0240,fabric_post_snapshot,True,,2358,1783312707610,0,,False
2424,b2-fabric-b1-c4-r2-retry1,b2-fabric-b1-c4-r2-retry1-task-0241,fabric_post_snapshot,True,,2359,1783312707610,0,,False
2425,b2-fabric-b1-c4-r2-retry1,b2-fabric-b1-c4-r2-retry1-task-0243,fabric_post_snapshot,True,,2360,1783312707609,0,,False
2426,b2-fabric-b1-c4-r2-retry1,b2-fabric-b1-c4-r2-retry1-task-0242,fabric_post_snapshot,True,,2363,1783312707609,0,,False
2427,b2-fabric-b1-c4-r2-retry1,b2-fabric-b1-c4-r2-retry1-task-0243,fabric_query_confirmation,True,,301,1783312709969,0,,False
2428,b2-fabric-b1-c4-r2-retry1,b2-fabric-b1-c4-r2-retry1-task-0240,fabric_query_confirmation,True,,303,1783312709968,0,,False
2429,b2-fabric-b1-c4-r2-retry1,b2-fabric-b1-c4-r2-retry1-task-0241,fabric_query_confirmation,True,,303,1783312709969,0,,False
2430,b2-fabric-b1-c4-r2-retry1,b2-fabric-b1-c4-r2-retry1-task-0242,fabric_query_confirmation,True,,300,1783312709972,0,,False
2431,b2-fabric-b1-c4-r2-retry1,b2-fabric-b1-c4-r2-retry1-task-0243,fabric_vote_1,True,,2296,1783312710270,0,,False
2432,b2-fabric-b1-c4-r2-retry1,b2-fabric-b1-c4-r2-retry1-task-0241,fabric_vote_1,True,,2295,1783312710272,0,,False
2433,b2-fabric-b1-c4-r2-retry1,b2-fabric-b1-c4-r2-retry1-task-0240,fabric_vote_1,True,,2297,1783312710271,0,,False
2434,b2-fabric-b1-c4-r2-retry1,b2-fabric-b1-c4-r2-retry1-task-0242,fabric_vote_1,True,,2298,1783312710272,0,,False
2435,b2-fabric-b1-c4-r2-retry1,b2-fabric-b1-c4-r2-retry1-task-0242,fabric_vote_2,True,,2437,1783312712570,0,,False
2436,b2-fabric-b1-c4-r2-retry1,b2-fabric-b1-c4-r2-retry1-task-0241,fabric_vote_2,True,,2441,1783312712567,0,,False
2437,b2-fabric-b1-c4-r2-retry1,b2-fabric-b1-c4-r2-retry1-task-0243,fabric_vote_2,True,,2443,1783312712566,0,,False
2438,b2-fabric-b1-c4-r2-retry1,b2-fabric-b1-c4-r2-retry1-task-0240,fabric_vote_2,True,,2441,1783312712568,0,,False
2439,b2-fabric-b1-c4-r2-retry1,b2-fabric-b1-c4-r2-retry1-task-0240,fabric_settlement,True,,2688,1783312715009,0,,False
2440,b2-fabric-b1-c4-r2-retry1,b2-fabric-b1-c4-r2-retry1-task-0241,fabric_settlement,True,,2690,1783312715008,0,,False
2441,b2-fabric-b1-c4-r2-retry1,b2-fabric-b1-c4-r2-retry1-task-0243,fabric_settlement,True,,2689,1783312715009,0,,False
2442,b2-fabric-b1-c4-r2-retry1,b2-fabric-b1-c4-r2-retry1-task-0242,fabric_settlement,True,,2694,1783312715007,0,,False
2443,b2-fabric-b1-c4-r2-retry1,b2-fabric-b1-c4-r2-retry1-task-0243,fabric_query_final,True,,746,1783312717698,0,,False
2444,b2-fabric-b1-c4-r2-retry1,b2-fabric-b1-c4-r2-retry1-task-0240,fabric_query_final,True,,747,1783312717697,0,,False
2445,b2-fabric-b1-c4-r2-retry1,b2-fabric-b1-c4-r2-retry1-task-0241,fabric_query_final,True,,746,1783312717698,0,,False
2446,b2-fabric-b1-c4-r2-retry1,b2-fabric-b1-c4-r2-retry1-task-0242,fabric_query_final,True,,749,1783312717701,0,,False
2447,b2-fabric-b1-c4-r2-retry1,b2-fabric-b1-c4-r2-retry1-task-0243,ipfs_verify,True,,8,1783312718444,0,QmRSRcL9QGoh8VvDT2ixSsZg96fnWrX8z1a5S7uHJpt7kp,False
2448,b2-fabric-b1-c4-r2-retry1,b2-fabric-b1-c4-r2-retry1-task-0240,ipfs_verify,True,,8,1783312718444,0,QmRfDCDvLXbQCMFDCB2yZ6ZQfQ9nRcY5sEkbivZjmdkej6,False
2449,b2-fabric-b1-c4-r2-retry1,b2-fabric-b1-c4-r2-retry1-task-0241,ipfs_verify,True,,8,1783312718444,0,QmfEJkxeZXBCtVrzRc9tWUkiwMt3QbnPxy27zPrhErg5Mj,False
2450,b2-fabric-b1-c4-r2-retry1,b2-fabric-b1-c4-r2-retry1-task-0242,ipfs_verify,True,,5,1783312718450,0,QmNubnQEoCoKW34iLEEdjbFpwQuVWvqdKUZP7pPaRitT9Z,False
2451,b2-fabric-b1-c4-r2-retry1,b2-fabric-b1-c4-r2-retry1-task-0245,ipfs_add,True,,29,1783312718452,1397,,False
2452,b2-fabric-b1-c4-r2-retry1,b2-fabric-b1-c4-r2-retry1-task-0246,ipfs_add,True,,46,1783312718452,1908,,False
2453,b2-fabric-b1-c4-r2-retry1,b2-fabric-b1-c4-r2-retry1-task-0244,ipfs_add,True,,65,1783312718452,1940,,False
2454,b2-fabric-b1-c4-r2-retry1,b2-fabric-b1-c4-r2-retry1-task-0247,ipfs_add,True,,78,1783312718455,1442,,False
2455,b2-fabric-b1-c4-r2-retry1,b2-fabric-b1-c4-r2-retry1-task-0244,fabric_post_task,True,,2432,1783312718517,1940,QmZRkcbZv6DrZ32YxAdk9t2kzi1YwGMwtxRpuS6Qjz4ByS,False
2456,b2-fabric-b1-c4-r2-retry1,b2-fabric-b1-c4-r2-retry1-task-0245,fabric_post_task,True,,2470,1783312718481,1397,QmRfQ29mFdu3DgQcz3fAXc1k7t6oBRgjxH4rKPuQH1fX4o,False
2457,b2-fabric-b1-c4-r2-retry1,b2-fabric-b1-c4-r2-retry1-task-0247,fabric_post_task,True,,2417,1783312718534,1442,QmX6Pz1owsVrhohFcJpqY4nN99ZYTUNsMhoWJHmcAATrUC,False
2458,b2-fabric-b1-c4-r2-retry1,b2-fabric-b1-c4-r2-retry1-task-0246,fabric_post_task,True,,2455,1783312718498,1908,Qmbd379qf1e5jFN3VfVGanPkH2qj7HaxhCKRJVLas9XhVH,False
2459,b2-fabric-b1-c4-r2-retry1,b2-fabric-b1-c4-r2-retry1-task-0246,fabric_post_allocation,True,,2502,1783312720953,0,,False
2460,b2-fabric-b1-c4-r2-retry1,b2-fabric-b1-c4-r2-retry1-task-0244,fabric_post_allocation,True,,2507,1783312720949,0,,False
2461,b2-fabric-b1-c4-r2-retry1,b2-fabric-b1-c4-r2-retry1-task-0247,fabric_post_allocation,True,,2506,1783312720951,0,,False
2462,b2-fabric-b1-c4-r2-retry1,b2-fabric-b1-c4-r2-retry1-task-0245,fabric_post_allocation,True,,2506,1783312720951,0,,False
2463,b2-fabric-b1-c4-r2-retry1,b2-fabric-b1-c4-r2-retry1-task-0246,fabric_post_snapshot,True,,2248,1783312723455,0,,False
2464,b2-fabric-b1-c4-r2-retry1,b2-fabric-b1-c4-r2-retry1-task-0247,fabric_post_snapshot,True,,2247,1783312723457,0,,False
2465,b2-fabric-b1-c4-r2-retry1,b2-fabric-b1-c4-r2-retry1-task-0244,fabric_post_snapshot,True,,2248,1783312723456,0,,False
2466,b2-fabric-b1-c4-r2-retry1,b2-fabric-b1-c4-r2-retry1-task-0245,fabric_post_snapshot,True,,2250,1783312723457,0,,False
2467,b2-fabric-b1-c4-r2-retry1,b2-fabric-b1-c4-r2-retry1-task-0247,fabric_query_confirmation,True,,301,1783312725704,0,,False
2468,b2-fabric-b1-c4-r2-retry1,b2-fabric-b1-c4-r2-retry1-task-0244,fabric_query_confirmation,True,,303,1783312725704,0,,False
2469,b2-fabric-b1-c4-r2-retry1,b2-fabric-b1-c4-r2-retry1-task-0246,fabric_query_confirmation,True,,304,1783312725703,0,,False
2470,b2-fabric-b1-c4-r2-retry1,b2-fabric-b1-c4-r2-retry1-task-0245,fabric_query_confirmation,True,,301,1783312725707,0,,False
2471,b2-fabric-b1-c4-r2-retry1,b2-fabric-b1-c4-r2-retry1-task-0245,fabric_vote_1,True,,2275,1783312726008,0,,False
2472,b2-fabric-b1-c4-r2-retry1,b2-fabric-b1-c4-r2-retry1-task-0247,fabric_vote_1,True,,2279,1783312726005,0,,False
2473,b2-fabric-b1-c4-r2-retry1,b2-fabric-b1-c4-r2-retry1-task-0246,fabric_vote_1,True,,2277,1783312726007,0,,False
2474,b2-fabric-b1-c4-r2-retry1,b2-fabric-b1-c4-r2-retry1-task-0244,fabric_vote_1,True,,2279,1783312726007,0,,False
2475,b2-fabric-b1-c4-r2-retry1,b2-fabric-b1-c4-r2-retry1-task-0245,fabric_vote_2,True,,2288,1783312728283,0,,False
2476,b2-fabric-b1-c4-r2-retry1,b2-fabric-b1-c4-r2-retry1-task-0244,fabric_vote_2,True,,2286,1783312728286,0,,False
2477,b2-fabric-b1-c4-r2-retry1,b2-fabric-b1-c4-r2-retry1-task-0247,fabric_vote_2,True,,2288,1783312728284,0,,False
2478,b2-fabric-b1-c4-r2-retry1,b2-fabric-b1-c4-r2-retry1-task-0246,fabric_vote_2,True,,2289,1783312728284,0,,False
2479,b2-fabric-b1-c4-r2-retry1,b2-fabric-b1-c4-r2-retry1-task-0245,fabric_settlement,True,,2285,1783312730571,0,,False
2480,b2-fabric-b1-c4-r2-retry1,b2-fabric-b1-c4-r2-retry1-task-0246,fabric_settlement,True,,2284,1783312730573,0,,False
2481,b2-fabric-b1-c4-r2-retry1,b2-fabric-b1-c4-r2-retry1-task-0244,fabric_settlement,True,,2285,1783312730572,0,,False
2482,b2-fabric-b1-c4-r2-retry1,b2-fabric-b1-c4-r2-retry1-task-0247,fabric_settlement,True,,2286,1783312730572,0,,False
2483,b2-fabric-b1-c4-r2-retry1,b2-fabric-b1-c4-r2-retry1-task-0247,fabric_query_final,True,,-374,1783312732858,0,,False
2484,b2-fabric-b1-c4-r2-retry1,b2-fabric-b1-c4-r2-retry1-task-0245,fabric_query_final,True,,-372,1783312732856,0,,False
2485,b2-fabric-b1-c4-r2-retry1,b2-fabric-b1-c4-r2-retry1-task-0244,fabric_query_final,True,,-372,1783312732857,0,,False
2486,b2-fabric-b1-c4-r2-retry1,b2-fabric-b1-c4-r2-retry1-task-0246,fabric_query_final,True,,-369,1783312732857,0,,False
2487,b2-fabric-b1-c4-r2-retry1,b2-fabric-b1-c4-r2-retry1-task-0247,ipfs_verify,True,,7,1783312732484,0,QmX6Pz1owsVrhohFcJpqY4nN99ZYTUNsMhoWJHmcAATrUC,False
2488,b2-fabric-b1-c4-r2-retry1,b2-fabric-b1-c4-r2-retry1-task-0244,ipfs_verify,True,,7,1783312732485,0,QmZRkcbZv6DrZ32YxAdk9t2kzi1YwGMwtxRpuS6Qjz4ByS,False
2489,b2-fabric-b1-c4-r2-retry1,b2-fabric-b1-c4-r2-retry1-task-0245,ipfs_verify,True,,8,1783312732484,0,QmRfQ29mFdu3DgQcz3fAXc1k7t6oBRgjxH4rKPuQH1fX4o,False
2490,b2-fabric-b1-c4-r2-retry1,b2-fabric-b1-c4-r2-retry1-task-0246,ipfs_verify,True,,7,1783312732488,0,Qmbd379qf1e5jFN3VfVGanPkH2qj7HaxhCKRJVLas9XhVH,False
2491,b2-fabric-b1-c4-r2-retry1,b2-fabric-b1-c4-r2-retry1-task-0248,ipfs_add,True,,34,1783312732492,1513,,False
2492,b2-fabric-b1-c4-r2-retry1,b2-fabric-b1-c4-r2-retry1-task-0250,ipfs_add,True,,50,1783312732492,1536,,False
2493,b2-fabric-b1-c4-r2-retry1,b2-fabric-b1-c4-r2-retry1-task-0249,ipfs_add,True,,66,1783312732492,1622,,False
2494,b2-fabric-b1-c4-r2-retry1,b2-fabric-b1-c4-r2-retry1-task-0251,ipfs_add,True,,78,1783312732495,1557,,False
2495,b2-fabric-b1-c4-r2-retry1,b2-fabric-b1-c4-r2-retry1-task-0248,fabric_post_task,True,,2481,1783312732526,1513,QmZm8oEeNJE8ud88izCLhLnkvJbBpn3DcxxACsWhMRdYhA,False
2496,b2-fabric-b1-c4-r2-retry1,b2-fabric-b1-c4-r2-retry1-task-0250,fabric_post_task,True,,2466,1783312732542,1536,Qmed7xmh1Coiscy6DWRC1YB617j5DeuyK8AizbfmSS6upB,False
2497,b2-fabric-b1-c4-r2-retry1,b2-fabric-b1-c4-r2-retry1-task-0251,fabric_post_task,True,,2435,1783312732573,1557,QmZcHg4d9H8MPruWuXm1QwpfemphbX6MHQxju4nZvRocmZ,False
2498,b2-fabric-b1-c4-r2-retry1,b2-fabric-b1-c4-r2-retry1-task-0249,fabric_post_task,True,,2451,1783312732558,1622,QmWhPk74ArLFk2azBUEPeV5DfbYzPqL1rjTNqE5zSC1Eut,False
2499,b2-fabric-b1-c4-r2-retry1,b2-fabric-b1-c4-r2-retry1-task-0248,fabric_post_allocation,True,,2298,1783312735007,0,,False
2500,b2-fabric-b1-c4-r2-retry1,b2-fabric-b1-c4-r2-retry1-task-0249,fabric_post_allocation,True,,2297,1783312735009,0,,False
2501,b2-fabric-b1-c4-r2-retry1,b2-fabric-b1-c4-r2-retry1-task-0251,fabric_post_allocation,True,,2298,1783312735008,0,,False
2502,b2-fabric-b1-c4-r2-retry1,b2-fabric-b1-c4-r2-retry1-task-0250,fabric_post_allocation,True,,2299,1783312735008,0,,False
2503,b2-fabric-b1-c4-r2-retry1,b2-fabric-b1-c4-r2-retry1-task-0248,fabric_post_snapshot,True,,2256,1783312737305,0,,False
2504,b2-fabric-b1-c4-r2-retry1,b2-fabric-b1-c4-r2-retry1-task-0249,fabric_post_snapshot,True,,2255,1783312737306,0,,False
2505,b2-fabric-b1-c4-r2-retry1,b2-fabric-b1-c4-r2-retry1-task-0250,fabric_post_snapshot,True,,2255,1783312737307,0,,False
2506,b2-fabric-b1-c4-r2-retry1,b2-fabric-b1-c4-r2-retry1-task-0251,fabric_post_snapshot,True,,2256,1783312737306,0,,False
2507,b2-fabric-b1-c4-r2-retry1,b2-fabric-b1-c4-r2-retry1-task-0250,fabric_query_confirmation,True,,109,1783312739562,0,,False
2508,b2-fabric-b1-c4-r2-retry1,b2-fabric-b1-c4-r2-retry1-task-0248,fabric_query_confirmation,True,,111,1783312739561,0,,False
2509,b2-fabric-b1-c4-r2-retry1,b2-fabric-b1-c4-r2-retry1-task-0251,fabric_query_confirmation,True,,110,1783312739562,0,,False
2510,b2-fabric-b1-c4-r2-retry1,b2-fabric-b1-c4-r2-retry1-task-0249,fabric_query_confirmation,True,,114,1783312739561,0,,False
2511,b2-fabric-b1-c4-r2-retry1,b2-fabric-b1-c4-r2-retry1-task-0248,fabric_vote_1,True,,2443,1783312739672,0,,False
2512,b2-fabric-b1-c4-r2-retry1,b2-fabric-b1-c4-r2-retry1-task-0251,fabric_vote_1,True,,2443,1783312739672,0,,False
2513,b2-fabric-b1-c4-r2-retry1,b2-fabric-b1-c4-r2-retry1-task-0250,fabric_vote_1,True,,2445,1783312739671,0,,False
2514,b2-fabric-b1-c4-r2-retry1,b2-fabric-b1-c4-r2-retry1-task-0249,fabric_vote_1,True,,2442,1783312739675,0,,False
2515,b2-fabric-b1-c4-r2-retry1,b2-fabric-b1-c4-r2-retry1-task-0250,fabric_vote_2,True,,2315,1783312742116,0,,False
2516,b2-fabric-b1-c4-r2-retry1,b2-fabric-b1-c4-r2-retry1-task-0251,fabric_vote_2,True,,2317,1783312742115,0,,False
2517,b2-fabric-b1-c4-r2-retry1,b2-fabric-b1-c4-r2-retry1-task-0248,fabric_vote_2,True,,2318,1783312742115,0,,False
2518,b2-fabric-b1-c4-r2-retry1,b2-fabric-b1-c4-r2-retry1-task-0249,fabric_vote_2,True,,2318,1783312742117,0,,False
2519,b2-fabric-b1-c4-r2-retry1,b2-fabric-b1-c4-r2-retry1-task-0250,fabric_settlement,True,,2338,1783312744431,0,,False
2520,b2-fabric-b1-c4-r2-retry1,b2-fabric-b1-c4-r2-retry1-task-0248,fabric_settlement,True,,2337,1783312744433,0,,False
2521,b2-fabric-b1-c4-r2-retry1,b2-fabric-b1-c4-r2-retry1-task-0249,fabric_settlement,True,,2336,1783312744435,0,,False
2522,b2-fabric-b1-c4-r2-retry1,b2-fabric-b1-c4-r2-retry1-task-0251,fabric_settlement,True,,2340,1783312744432,0,,False
2523,b2-fabric-b1-c4-r2-retry1,b2-fabric-b1-c4-r2-retry1-task-0249,fabric_query_final,True,,753,1783312746771,0,,False
2524,b2-fabric-b1-c4-r2-retry1,b2-fabric-b1-c4-r2-retry1-task-0251,fabric_query_final,True,,752,1783312746772,0,,False
2525,b2-fabric-b1-c4-r2-retry1,b2-fabric-b1-c4-r2-retry1-task-0250,fabric_query_final,True,,757,1783312746769,0,,False
2526,b2-fabric-b1-c4-r2-retry1,b2-fabric-b1-c4-r2-retry1-task-0248,fabric_query_final,True,,758,1783312746770,0,,False
2527,b2-fabric-b1-c4-r2-retry1,b2-fabric-b1-c4-r2-retry1-task-0250,ipfs_verify,True,,5,1783312747526,0,Qmed7xmh1Coiscy6DWRC1YB617j5DeuyK8AizbfmSS6upB,False
2528,b2-fabric-b1-c4-r2-retry1,b2-fabric-b1-c4-r2-retry1-task-0249,ipfs_verify,True,,7,1783312747524,0,QmWhPk74ArLFk2azBUEPeV5DfbYzPqL1rjTNqE5zSC1Eut,False
2529,b2-fabric-b1-c4-r2-retry1,b2-fabric-b1-c4-r2-retry1-task-0251,ipfs_verify,True,,8,1783312747524,0,QmZcHg4d9H8MPruWuXm1QwpfemphbX6MHQxju4nZvRocmZ,False
2530,b2-fabric-b1-c4-r2-retry1,b2-fabric-b1-c4-r2-retry1-task-0248,ipfs_verify,True,,6,1783312747528,0,QmZm8oEeNJE8ud88izCLhLnkvJbBpn3DcxxACsWhMRdYhA,False
2531,b2-fabric-b1-c4-r2-retry1,b2-fabric-b1-c4-r2-retry1-task-0253,ipfs_add,True,,66,1783312747532,2993,,False
2532,b2-fabric-b1-c4-r2-retry1,b2-fabric-b1-c4-r2-retry1-task-0252,ipfs_add,True,,84,1783312747531,2362,,False
2533,b2-fabric-b1-c4-r2-retry1,b2-fabric-b1-c4-r2-retry1-task-0254,ipfs_add,True,,99,1783312747532,1295,,False
2534,b2-fabric-b1-c4-r2-retry1,b2-fabric-b1-c4-r2-retry1-task-0255,ipfs_add,True,,113,1783312747534,1650,,False
2535,b2-fabric-b1-c4-r2-retry1,b2-fabric-b1-c4-r2-retry1-task-0255,fabric_post_task,True,,2419,1783312747647,1650,QmShJ7kpkti4YE6UAoU3vGkK7ayqB2qDgXzzhbDE3arDFM,False
2536,b2-fabric-b1-c4-r2-retry1,b2-fabric-b1-c4-r2-retry1-task-0253,fabric_post_task,True,,2469,1783312747598,2993,QmU6GWKSsXJ8p8tB8vPkjDBspe6KHsKQiKg2i4XDbpW64S,False
2537,b2-fabric-b1-c4-r2-retry1,b2-fabric-b1-c4-r2-retry1-task-0252,fabric_post_task,True,,2453,1783312747615,2362,QmSPWZE8QTcLPVYdwtzz4Jdbw1i2rDGXNp1NbNXG6cAtWU,False
2538,b2-fabric-b1-c4-r2-retry1,b2-fabric-b1-c4-r2-retry1-task-0254,fabric_post_task,True,,2438,1783312747631,1295,QmNNK1VZwQQrsmt9689RK9RnXVSmh5jmJ6wJxbnwquT91z,False
2539,b2-fabric-b1-c4-r2-retry1,b2-fabric-b1-c4-r2-retry1-task-0252,fabric_post_allocation,True,,2289,1783312750068,0,,False
2540,b2-fabric-b1-c4-r2-retry1,b2-fabric-b1-c4-r2-retry1-task-0254,fabric_post_allocation,True,,2289,1783312750069,0,,False
2541,b2-fabric-b1-c4-r2-retry1,b2-fabric-b1-c4-r2-retry1-task-0253,fabric_post_allocation,True,,2291,1783312750067,0,,False
2542,b2-fabric-b1-c4-r2-retry1,b2-fabric-b1-c4-r2-retry1-task-0255,fabric_post_allocation,True,,2294,1783312750067,0,,False
2543,b2-fabric-b1-c4-r2-retry1,b2-fabric-b1-c4-r2-retry1-task-0252,fabric_post_snapshot,True,,2548,1783312752357,0,,False
2544,b2-fabric-b1-c4-r2-retry1,b2-fabric-b1-c4-r2-retry1-task-0254,fabric_post_snapshot,True,,2548,1783312752358,0,,False
2545,b2-fabric-b1-c4-r2-retry1,b2-fabric-b1-c4-r2-retry1-task-0255,fabric_post_snapshot,True,,2545,1783312752361,0,,False
2546,b2-fabric-b1-c4-r2-retry1,b2-fabric-b1-c4-r2-retry1-task-0253,fabric_post_snapshot,True,,2551,1783312752358,0,,False
2547,b2-fabric-b1-c4-r2-retry1,b2-fabric-b1-c4-r2-retry1-task-0252,fabric_query_confirmation,True,,306,1783312754905,0,,False
2548,b2-fabric-b1-c4-r2-retry1,b2-fabric-b1-c4-r2-retry1-task-0255,fabric_query_confirmation,True,,306,1783312754906,0,,False
2549,b2-fabric-b1-c4-r2-retry1,b2-fabric-b1-c4-r2-retry1-task-0254,fabric_query_confirmation,True,,306,1783312754906,0,,False
2550,b2-fabric-b1-c4-r2-retry1,b2-fabric-b1-c4-r2-retry1-task-0253,fabric_query_confirmation,True,,305,1783312754909,0,,False
2551,b2-fabric-b1-c4-r2-retry1,b2-fabric-b1-c4-r2-retry1-task-0253,fabric_vote_1,True,,2455,1783312755214,0,,False
2552,b2-fabric-b1-c4-r2-retry1,b2-fabric-b1-c4-r2-retry1-task-0254,fabric_vote_1,True,,2457,1783312755212,0,,False
2553,b2-fabric-b1-c4-r2-retry1,b2-fabric-b1-c4-r2-retry1-task-0252,fabric_vote_1,True,,2459,1783312755211,0,,False
2554,b2-fabric-b1-c4-r2-retry1,b2-fabric-b1-c4-r2-retry1-task-0255,fabric_vote_1,True,,2459,1783312755212,0,,False
2555,b2-fabric-b1-c4-r2-retry1,b2-fabric-b1-c4-r2-retry1-task-0255,fabric_vote_2,True,,2236,1783312757671,0,,False
2556,b2-fabric-b1-c4-r2-retry1,b2-fabric-b1-c4-r2-retry1-task-0252,fabric_vote_2,True,,2238,1783312757670,0,,False
2557,b2-fabric-b1-c4-r2-retry1,b2-fabric-b1-c4-r2-retry1-task-0254,fabric_vote_2,True,,2238,1783312757670,0,,False
2558,b2-fabric-b1-c4-r2-retry1,b2-fabric-b1-c4-r2-retry1-task-0253,fabric_vote_2,True,,2243,1783312757669,0,,False
2559,b2-fabric-b1-c4-r2-retry1,b2-fabric-b1-c4-r2-retry1-task-0255,fabric_settlement,True,,2465,1783312759907,0,,False
2560,b2-fabric-b1-c4-r2-retry1,b2-fabric-b1-c4-r2-retry1-task-0252,fabric_settlement,True,,2465,1783312759908,0,,False
2561,b2-fabric-b1-c4-r2-retry1,b2-fabric-b1-c4-r2-retry1-task-0253,fabric_settlement,True,,2462,1783312759912,0,,False
2562,b2-fabric-b1-c4-r2-retry1,b2-fabric-b1-c4-r2-retry1-task-0254,fabric_settlement,True,,2467,1783312759908,0,,False
2563,b2-fabric-b1-c4-r2-retry1,b2-fabric-b1-c4-r2-retry1-task-0254,fabric_query_final,True,,107,1783312762375,0,,False
2564,b2-fabric-b1-c4-r2-retry1,b2-fabric-b1-c4-r2-retry1-task-0253,fabric_query_final,True,,108,1783312762374,0,,False
2565,b2-fabric-b1-c4-r2-retry1,b2-fabric-b1-c4-r2-retry1-task-0255,fabric_query_final,True,,111,1783312762372,0,,False
2566,b2-fabric-b1-c4-r2-retry1,b2-fabric-b1-c4-r2-retry1-task-0252,fabric_query_final,True,,113,1783312762373,0,,False
2567,b2-fabric-b1-c4-r2-retry1,b2-fabric-b1-c4-r2-retry1-task-0253,ipfs_verify,True,,7,1783312762482,0,QmU6GWKSsXJ8p8tB8vPkjDBspe6KHsKQiKg2i4XDbpW64S,False
2568,b2-fabric-b1-c4-r2-retry1,b2-fabric-b1-c4-r2-retry1-task-0254,ipfs_verify,True,,8,1783312762482,0,QmNNK1VZwQQrsmt9689RK9RnXVSmh5jmJ6wJxbnwquT91z,False
2569,b2-fabric-b1-c4-r2-retry1,b2-fabric-b1-c4-r2-retry1-task-0255,ipfs_verify,True,,7,1783312762483,0,QmShJ7kpkti4YE6UAoU3vGkK7ayqB2qDgXzzhbDE3arDFM,False
2570,b2-fabric-b1-c4-r2-retry1,b2-fabric-b1-c4-r2-retry1-task-0252,ipfs_verify,True,,5,1783312762486,0,QmSPWZE8QTcLPVYdwtzz4Jdbw1i2rDGXNp1NbNXG6cAtWU,False
