seq,task_id,op,success,latency_ms,started_at_ms,bytes_sent,cid,warmup
1,e6-lifecycle-20260706T053732.792354049Z-c4-real-warmup-0000,ipfs_add,true,54,1783316252805,2041,,true
2,e6-lifecycle-20260706T053732.792354049Z-c4-real-warmup-0000,signed_posttask,true,3,1783316252859,0,QmZpceyXD65orbHnVn4w3sPB8ea42LnxKYXnQkqH8QFV8f,true
3,e6-lifecycle-20260706T053732.792354049Z-c4-real-warmup-0000,signed_postallocation,true,2,1783316252862,0,QmZpceyXD65orbHnVn4w3sPB8ea42LnxKYXnQkqH8QFV8f,true
4,e6-lifecycle-20260706T053732.792354049Z-c4-real-warmup-0000,signed_post_evalsnapshot,true,2,1783316252864,0,QmZpceyXD65orbHnVn4w3sPB8ea42LnxKYXnQkqH8QFV8f,true
5,e6-lifecycle-20260706T053732.792354049Z-c4-real-warmup-0000,signed_vote1,true,1,1783316252866,0,QmZpceyXD65orbHnVn4w3sPB8ea42LnxKYXnQkqH8QFV8f,true
6,e6-lifecycle-20260706T053732.792354049Z-c4-real-warmup-0000,signed_vote2,true,1,1783316252867,0,QmZpceyXD65orbHnVn4w3sPB8ea42LnxKYXnQkqH8QFV8f,true
7,e6-lifecycle-20260706T053732.792354049Z-c4-real-warmup-0000,signed_settlement,true,2,1783316252868,0,QmZpceyXD65orbHnVn4w3sPB8ea42LnxKYXnQkqH8QFV8f,true
8,e6-lifecycle-20260706T053732.792354049Z-c4-real-warmup-0000,signed_query_latest,true,0,1783316252870,0,QmZpceyXD65orbHnVn4w3sPB8ea42LnxKYXnQkqH8QFV8f,true
9,e6-lifecycle-20260706T053732.792354049Z-c4-real-warmup-0000,ipfs_verify,true,6,1783316252870,0,QmZpceyXD65orbHnVn4w3sPB8ea42LnxKYXnQkqH8QFV8f,true
10,e6-lifecycle-20260706T053732.792354049Z-c4-real-task-0001,ipfs_add,true,23,1783316252882,1691,,false
11,e6-lifecycle-20260706T053732.792354049Z-c4-real-task-0001,signed_posttask,true,4,1783316252905,0,QmWLjQroE5HFCEHpAAXxtDJw9HMkY6m5xMyNL3BCoktNFe,false
12,e6-lifecycle-20260706T053732.792354049Z-c4-real-task-0001,signed_postallocation,true,4,1783316252909,0,QmWLjQroE5HFCEHpAAXxtDJw9HMkY6m5xMyNL3BCoktNFe,false
13,e6-lifecycle-20260706T053732.792354049Z-c4-real-task-0001,signed_post_evalsnapshot,true,1,1783316252913,0,QmWLjQroE5HFCEHpAAXxtDJw9HMkY6m5xMyNL3BCoktNFe,false
14,e6-lifecycle-20260706T053732.792354049Z-c4-real-task-0001,signed_vote1,true,2,1783316252914,0,QmWLjQroE5HFCEHpAAXxtDJw9HMkY6m5xMyNL3BCoktNFe,false
15,e6-lifecycle-20260706T053732.792354049Z-c4-real-task-0001,signed_vote2,true,1,1783316252916,0,QmWLjQroE5HFCEHpAAXxtDJw9HMkY6m5xMyNL3BCoktNFe,false
16,e6-lifecycle-20260706T053732.792354049Z-c4-real-task-0001,signed_settlement,true,2,1783316252917,0,QmWLjQroE5HFCEHpAAXxtDJw9HMkY6m5xMyNL3BCoktNFe,false
17,e6-lifecycle-20260706T053732.792354049Z-c4-real-task-0001,signed_query_latest,true,0,1783316252919,0,QmWLjQroE5HFCEHpAAXxtDJw9HMkY6m5xMyNL3BCoktNFe,false
18,e6-lifecycle-20260706T053732.792354049Z-c4-real-task-0026,ipfs_add,true,41,1783316252882,2285,,false
19,e6-lifecycle-20260706T053732.792354049Z-c4-real-task-0026,signed_posttask,true,2,1783316252923,0,QmPA4QSCZorDwximTUj45HQYaqqLrUR1uWw8YCaw56AYrQ,false
20,e6-lifecycle-20260706T053732.792354049Z-c4-real-task-0001,ipfs_verify,true,7,1783316252919,0,QmWLjQroE5HFCEHpAAXxtDJw9HMkY6m5xMyNL3BCoktNFe,false
21,e6-lifecycle-20260706T053732.792354049Z-c4-real-task-0026,signed_postallocation,true,4,1783316252925,0,QmPA4QSCZorDwximTUj45HQYaqqLrUR1uWw8YCaw56AYrQ,false
22,e6-lifecycle-20260706T053732.792354049Z-c4-real-task-0026,signed_post_evalsnapshot,true,2,1783316252929,0,QmPA4QSCZorDwximTUj45HQYaqqLrUR1uWw8YCaw56AYrQ,false
23,e6-lifecycle-20260706T053732.792354049Z-c4-real-task-0026,signed_vote1,true,1,1783316252931,0,QmPA4QSCZorDwximTUj45HQYaqqLrUR1uWw8YCaw56AYrQ,false
24,e6-lifecycle-20260706T053732.792354049Z-c4-real-task-0026,signed_vote2,true,2,1783316252932,0,QmPA4QSCZorDwximTUj45HQYaqqLrUR1uWw8YCaw56AYrQ,false
25,e6-lifecycle-20260706T053732.792354049Z-c4-real-task-0026,signed_settlement,true,1,1783316252934,0,QmPA4QSCZorDwximTUj45HQYaqqLrUR1uWw8YCaw56AYrQ,false
26,e6-lifecycle-20260706T053732.792354049Z-c4-real-task-0026,signed_query_latest,true,0,1783316252935,0,QmPA4QSCZorDwximTUj45HQYaqqLrUR1uWw8YCaw56AYrQ,false
27,e6-lifecycle-20260706T053732.792354049Z-c4-real-task-0013,ipfs_add,true,58,1783316252882,1794,,false
28,e6-lifecycle-20260706T053732.792354049Z-c4-real-task-0026,ipfs_verify,true,7,1783316252935,0,QmPA4QSCZorDwximTUj45HQYaqqLrUR1uWw8YCaw56AYrQ,false
29,e6-lifecycle-20260706T053732.792354049Z-c4-real-task-0013,signed_posttask,true,3,1783316252940,0,QmZ836RGQ6upMRwgQ3XnYgMNByct8U1cPTyzW3j4N7nzJk,false
30,e6-lifecycle-20260706T053732.792354049Z-c4-real-task-0013,signed_postallocation,true,1,1783316252943,0,QmZ836RGQ6upMRwgQ3XnYgMNByct8U1cPTyzW3j4N7nzJk,false
31,e6-lifecycle-20260706T053732.792354049Z-c4-real-task-0013,signed_post_evalsnapshot,true,2,1783316252944,0,QmZ836RGQ6upMRwgQ3XnYgMNByct8U1cPTyzW3j4N7nzJk,false
32,e6-lifecycle-20260706T053732.792354049Z-c4-real-task-0013,signed_vote1,true,1,1783316252946,0,QmZ836RGQ6upMRwgQ3XnYgMNByct8U1cPTyzW3j4N7nzJk,false
33,e6-lifecycle-20260706T053732.792354049Z-c4-real-task-0013,signed_vote2,true,2,1783316252947,0,QmZ836RGQ6upMRwgQ3XnYgMNByct8U1cPTyzW3j4N7nzJk,false
34,e6-lifecycle-20260706T053732.792354049Z-c4-real-task-0013,signed_settlement,true,1,1783316252949,0,QmZ836RGQ6upMRwgQ3XnYgMNByct8U1cPTyzW3j4N7nzJk,false
35,e6-lifecycle-20260706T053732.792354049Z-c4-real-task-0013,signed_query_latest,true,0,1783316252950,0,QmZ836RGQ6upMRwgQ3XnYgMNByct8U1cPTyzW3j4N7nzJk,false
36,e6-lifecycle-20260706T053732.792354049Z-c4-real-task-0013,ipfs_verify,true,6,1783316252950,0,QmZ836RGQ6upMRwgQ3XnYgMNByct8U1cPTyzW3j4N7nzJk,false
37,e6-lifecycle-20260706T053732.792354049Z-c4-real-task-0000,ipfs_add,true,76,1783316252882,2041,,false
38,e6-lifecycle-20260706T053732.792354049Z-c4-real-task-0000,signed_posttask,true,1,1783316252958,0,QmZpceyXD65orbHnVn4w3sPB8ea42LnxKYXnQkqH8QFV8f,false
39,e6-lifecycle-20260706T053732.792354049Z-c4-real-task-0000,signed_postallocation,true,2,1783316252959,0,QmZpceyXD65orbHnVn4w3sPB8ea42LnxKYXnQkqH8QFV8f,false
40,e6-lifecycle-20260706T053732.792354049Z-c4-real-task-0000,signed_post_evalsnapshot,true,2,1783316252961,0,QmZpceyXD65orbHnVn4w3sPB8ea42LnxKYXnQkqH8QFV8f,false
41,e6-lifecycle-20260706T053732.792354049Z-c4-real-task-0000,signed_vote1,true,2,1783316252963,0,QmZpceyXD65orbHnVn4w3sPB8ea42LnxKYXnQkqH8QFV8f,false
42,e6-lifecycle-20260706T053732.792354049Z-c4-real-task-0000,signed_vote2,true,1,1783316252965,0,QmZpceyXD65orbHnVn4w3sPB8ea42LnxKYXnQkqH8QFV8f,false
43,e6-lifecycle-20260706T053732.792354049Z-c4-real-task-0000,signed_settlement,true,2,1783316252966,0,QmZpceyXD65orbHnVn4w3sPB8ea42LnxKYXnQkqH8QFV8f,false
44,e6-lifecycle-20260706T053732.792354049Z-c4-real-task-0000,signed_query_latest,true,0,1783316252968,0,QmZpceyXD65orbHnVn4w3sPB8ea42LnxKYXnQkqH8QFV8f,false
45,e6-lifecycle-20260706T053732.792354049Z-c4-real-task-0000,ipfs_verify,true,6,1783316252968,0,QmZpceyXD65orbHnVn4w3sPB8ea42LnxKYXnQkqH8QFV8f,false
46,e6-lifecycle-20260706T053732.792354049Z-c4-real-task-0255,ipfs_add,true,52,1783316252926,1650,,false
47,e6-lifecycle-20260706T053732.792354049Z-c4-real-task-0255,signed_posttask,true,2,1783316252978,0,QmShJ7kpkti4YE6UAoU3vGkK7ayqB2qDgXzzhbDE3arDFM,false
48,e6-lifecycle-20260706T053732.792354049Z-c4-real-task-0255,signed_postallocation,true,1,1783316252980,0,QmShJ7kpkti4YE6UAoU3vGkK7ayqB2qDgXzzhbDE3arDFM,false
49,e6-lifecycle-20260706T053732.792354049Z-c4-real-task-0255,signed_post_evalsnapshot,true,2,1783316252981,0,QmShJ7kpkti4YE6UAoU3vGkK7ayqB2qDgXzzhbDE3arDFM,false
50,e6-lifecycle-20260706T053732.792354049Z-c4-real-task-0255,signed_vote1,true,1,1783316252983,0,QmShJ7kpkti4YE6UAoU3vGkK7ayqB2qDgXzzhbDE3arDFM,false
51,e6-lifecycle-20260706T053732.792354049Z-c4-real-task-0255,signed_vote2,true,2,1783316252984,0,QmShJ7kpkti4YE6UAoU3vGkK7ayqB2qDgXzzhbDE3arDFM,false
52,e6-lifecycle-20260706T053732.792354049Z-c4-real-task-0255,signed_settlement,true,2,1783316252986,0,QmShJ7kpkti4YE6UAoU3vGkK7ayqB2qDgXzzhbDE3arDFM,false
53,e6-lifecycle-20260706T053732.792354049Z-c4-real-task-0255,signed_query_latest,true,0,1783316252988,0,QmShJ7kpkti4YE6UAoU3vGkK7ayqB2qDgXzzhbDE3arDFM,false
54,e6-lifecycle-20260706T053732.792354049Z-c4-real-task-0255,ipfs_verify,true,6,1783316252988,0,QmShJ7kpkti4YE6UAoU3vGkK7ayqB2qDgXzzhbDE3arDFM,false
55,e6-lifecycle-20260706T053732.792354049Z-c4-real-task-0136,ipfs_add,true,55,1783316252942,6870,,false
56,e6-lifecycle-20260706T053732.792354049Z-c4-real-task-0136,signed_posttask,true,2,1783316252997,0,QmUPhkQr4hDrWibXiUjzuteThhvoD1pXuAQ2pvNnCtyJec,false
57,e6-lifecycle-20260706T053732.792354049Z-c4-real-task-0136,signed_postallocation,true,2,1783316252999,0,QmUPhkQr4hDrWibXiUjzuteThhvoD1pXuAQ2pvNnCtyJec,false
58,e6-lifecycle-20260706T053732.792354049Z-c4-real-task-0136,signed_post_evalsnapshot,true,2,1783316253001,0,QmUPhkQr4hDrWibXiUjzuteThhvoD1pXuAQ2pvNnCtyJec,false
59,e6-lifecycle-20260706T053732.792354049Z-c4-real-task-0136,signed_vote1,true,1,1783316253003,0,QmUPhkQr4hDrWibXiUjzuteThhvoD1pXuAQ2pvNnCtyJec,false
60,e6-lifecycle-20260706T053732.792354049Z-c4-real-task-0136,signed_vote2,true,1,1783316253004,0,QmUPhkQr4hDrWibXiUjzuteThhvoD1pXuAQ2pvNnCtyJec,false
61,e6-lifecycle-20260706T053732.792354049Z-c4-real-task-0136,signed_settlement,true,2,1783316253005,0,QmUPhkQr4hDrWibXiUjzuteThhvoD1pXuAQ2pvNnCtyJec,false
62,e6-lifecycle-20260706T053732.792354049Z-c4-real-task-0136,signed_query_latest,true,0,1783316253007,0,QmUPhkQr4hDrWibXiUjzuteThhvoD1pXuAQ2pvNnCtyJec,false
63,e6-lifecycle-20260706T053732.792354049Z-c4-real-task-0136,ipfs_verify,true,7,1783316253007,0,QmUPhkQr4hDrWibXiUjzuteThhvoD1pXuAQ2pvNnCtyJec,false
64,e6-lifecycle-20260706T053732.792354049Z-c4-real-task-0137,ipfs_add,true,61,1783316252956,7887,,false
65,e6-lifecycle-20260706T053732.792354049Z-c4-real-task-0137,signed_posttask,true,2,1783316253017,0,QmWoPof7qbWPGdMFqG2nBUciJqbqXCfAPLUDZ7bcxJMDyk,false
66,e6-lifecycle-20260706T053732.792354049Z-c4-real-task-0137,signed_postallocation,true,1,1783316253019,0,QmWoPof7qbWPGdMFqG2nBUciJqbqXCfAPLUDZ7bcxJMDyk,false
67,e6-lifecycle-20260706T053732.792354049Z-c4-real-task-0137,signed_post_evalsnapshot,true,2,1783316253020,0,QmWoPof7qbWPGdMFqG2nBUciJqbqXCfAPLUDZ7bcxJMDyk,false
68,e6-lifecycle-20260706T053732.792354049Z-c4-real-task-0137,signed_vote1,true,1,1783316253022,0,QmWoPof7qbWPGdMFqG2nBUciJqbqXCfAPLUDZ7bcxJMDyk,false
69,e6-lifecycle-20260706T053732.792354049Z-c4-real-task-0137,signed_vote2,true,2,1783316253023,0,QmWoPof7qbWPGdMFqG2nBUciJqbqXCfAPLUDZ7bcxJMDyk,false
70,e6-lifecycle-20260706T053732.792354049Z-c4-real-task-0137,signed_settlement,true,1,1783316253025,0,QmWoPof7qbWPGdMFqG2nBUciJqbqXCfAPLUDZ7bcxJMDyk,false
71,e6-lifecycle-20260706T053732.792354049Z-c4-real-task-0137,signed_query_latest,true,0,1783316253026,0,QmWoPof7qbWPGdMFqG2nBUciJqbqXCfAPLUDZ7bcxJMDyk,false
72,e6-lifecycle-20260706T053732.792354049Z-c4-real-task-0137,ipfs_verify,true,6,1783316253026,0,QmWoPof7qbWPGdMFqG2nBUciJqbqXCfAPLUDZ7bcxJMDyk,false
73,e6-lifecycle-20260706T053732.792354049Z-c4-real-task-0138,ipfs_add,true,64,1783316252974,6123,,false
74,e6-lifecycle-20260706T053732.792354049Z-c4-real-task-0138,signed_posttask,true,2,1783316253038,0,QmbxM1rZVTmJDLmT8oQiDaJVpa1uuVzFek4Pc5717x6PYe,false
75,e6-lifecycle-20260706T053732.792354049Z-c4-real-task-0138,signed_postallocation,true,2,1783316253040,0,QmbxM1rZVTmJDLmT8oQiDaJVpa1uuVzFek4Pc5717x6PYe,false
76,e6-lifecycle-20260706T053732.792354049Z-c4-real-task-0138,signed_post_evalsnapshot,true,2,1783316253042,0,QmbxM1rZVTmJDLmT8oQiDaJVpa1uuVzFek4Pc5717x6PYe,false
77,e6-lifecycle-20260706T053732.792354049Z-c4-real-task-0138,signed_vote1,true,1,1783316253044,0,QmbxM1rZVTmJDLmT8oQiDaJVpa1uuVzFek4Pc5717x6PYe,false
78,e6-lifecycle-20260706T053732.792354049Z-c4-real-task-0138,signed_vote2,true,2,1783316253045,0,QmbxM1rZVTmJDLmT8oQiDaJVpa1uuVzFek4Pc5717x6PYe,false
79,e6-lifecycle-20260706T053732.792354049Z-c4-real-task-0138,signed_settlement,true,1,1783316253047,0,QmbxM1rZVTmJDLmT8oQiDaJVpa1uuVzFek4Pc5717x6PYe,false
80,e6-lifecycle-20260706T053732.792354049Z-c4-real-task-0138,signed_query_latest,true,0,1783316253048,0,QmbxM1rZVTmJDLmT8oQiDaJVpa1uuVzFek4Pc5717x6PYe,false
81,e6-lifecycle-20260706T053732.792354049Z-c4-real-task-0138,ipfs_verify,true,7,1783316253048,0,QmbxM1rZVTmJDLmT8oQiDaJVpa1uuVzFek4Pc5717x6PYe,false
82,e6-lifecycle-20260706T053732.792354049Z-c4-real-task-0139,ipfs_add,true,63,1783316252994,6068,,false
83,e6-lifecycle-20260706T053732.792354049Z-c4-real-task-0139,signed_posttask,true,2,1783316253057,0,QmcYTUAPQTyEWywqTmthoC8xdU1HHnjNHDDrwpWHCUcep9,false
84,e6-lifecycle-20260706T053732.792354049Z-c4-real-task-0139,signed_postallocation,true,1,1783316253059,0,QmcYTUAPQTyEWywqTmthoC8xdU1HHnjNHDDrwpWHCUcep9,false
85,e6-lifecycle-20260706T053732.792354049Z-c4-real-task-0139,signed_post_evalsnapshot,true,2,1783316253060,0,QmcYTUAPQTyEWywqTmthoC8xdU1HHnjNHDDrwpWHCUcep9,false
86,e6-lifecycle-20260706T053732.792354049Z-c4-real-task-0139,signed_vote1,true,1,1783316253062,0,QmcYTUAPQTyEWywqTmthoC8xdU1HHnjNHDDrwpWHCUcep9,false
87,e6-lifecycle-20260706T053732.792354049Z-c4-real-task-0139,signed_vote2,true,2,1783316253063,0,QmcYTUAPQTyEWywqTmthoC8xdU1HHnjNHDDrwpWHCUcep9,false
88,e6-lifecycle-20260706T053732.792354049Z-c4-real-task-0139,signed_settlement,true,2,1783316253065,0,QmcYTUAPQTyEWywqTmthoC8xdU1HHnjNHDDrwpWHCUcep9,false
89,e6-lifecycle-20260706T053732.792354049Z-c4-real-task-0139,signed_query_latest,true,0,1783316253067,0,QmcYTUAPQTyEWywqTmthoC8xdU1HHnjNHDDrwpWHCUcep9,false
90,e6-lifecycle-20260706T053732.792354049Z-c4-real-task-0139,ipfs_verify,true,7,1783316253067,0,QmcYTUAPQTyEWywqTmthoC8xdU1HHnjNHDDrwpWHCUcep9,false
91,e6-lifecycle-20260706T053732.792354049Z-c4-real-task-0140,ipfs_add,true,66,1783316253014,3566,,false
92,e6-lifecycle-20260706T053732.792354049Z-c4-real-task-0140,signed_posttask,true,2,1783316253080,0,QmbKUL6FKk5HdN2RKMY4E5T2YgBw8gzyMB9qqscewgU2PM,false
93,e6-lifecycle-20260706T053732.792354049Z-c4-real-task-0140,signed_postallocation,true,2,1783316253082,0,QmbKUL6FKk5HdN2RKMY4E5T2YgBw8gzyMB9qqscewgU2PM,false
94,e6-lifecycle-20260706T053732.792354049Z-c4-real-task-0140,signed_post_evalsnapshot,true,1,1783316253084,0,QmbKUL6FKk5HdN2RKMY4E5T2YgBw8gzyMB9qqscewgU2PM,false
95,e6-lifecycle-20260706T053732.792354049Z-c4-real-task-0140,signed_vote1,true,2,1783316253085,0,QmbKUL6FKk5HdN2RKMY4E5T2YgBw8gzyMB9qqscewgU2PM,false
96,e6-lifecycle-20260706T053732.792354049Z-c4-real-task-0140,signed_vote2,true,2,1783316253087,0,QmbKUL6FKk5HdN2RKMY4E5T2YgBw8gzyMB9qqscewgU2PM,false
97,e6-lifecycle-20260706T053732.792354049Z-c4-real-task-0140,signed_settlement,true,2,1783316253089,0,QmbKUL6FKk5HdN2RKMY4E5T2YgBw8gzyMB9qqscewgU2PM,false
98,e6-lifecycle-20260706T053732.792354049Z-c4-real-task-0140,signed_query_latest,true,0,1783316253091,0,QmbKUL6FKk5HdN2RKMY4E5T2YgBw8gzyMB9qqscewgU2PM,false
99,e6-lifecycle-20260706T053732.792354049Z-c4-real-task-0140,ipfs_verify,true,8,1783316253091,0,QmbKUL6FKk5HdN2RKMY4E5T2YgBw8gzyMB9qqscewgU2PM,false
100,e6-lifecycle-20260706T053732.792354049Z-c4-real-task-0141,ipfs_add,true,67,1783316253032,3943,,false
101,e6-lifecycle-20260706T053732.792354049Z-c4-real-task-0141,signed_posttask,true,1,1783316253099,0,QmU8ccPSVuF7qqoiKy2DMjjWHVge9mBhGy7hX3oM4mFnxu,false
102,e6-lifecycle-20260706T053732.792354049Z-c4-real-task-0141,signed_postallocation,true,2,1783316253100,0,QmU8ccPSVuF7qqoiKy2DMjjWHVge9mBhGy7hX3oM4mFnxu,false
103,e6-lifecycle-20260706T053732.792354049Z-c4-real-task-0141,signed_post_evalsnapshot,true,1,1783316253102,0,QmU8ccPSVuF7qqoiKy2DMjjWHVge9mBhGy7hX3oM4mFnxu,false
104,e6-lifecycle-20260706T053732.792354049Z-c4-real-task-0141,signed_vote1,true,2,1783316253103,0,QmU8ccPSVuF7qqoiKy2DMjjWHVge9mBhGy7hX3oM4mFnxu,false
105,e6-lifecycle-20260706T053732.792354049Z-c4-real-task-0141,signed_vote2,true,2,1783316253105,0,QmU8ccPSVuF7qqoiKy2DMjjWHVge9mBhGy7hX3oM4mFnxu,false
106,e6-lifecycle-20260706T053732.792354049Z-c4-real-task-0141,signed_settlement,true,2,1783316253107,0,QmU8ccPSVuF7qqoiKy2DMjjWHVge9mBhGy7hX3oM4mFnxu,false
107,e6-lifecycle-20260706T053732.792354049Z-c4-real-task-0141,signed_query_latest,true,0,1783316253109,0,QmU8ccPSVuF7qqoiKy2DMjjWHVge9mBhGy7hX3oM4mFnxu,false
108,e6-lifecycle-20260706T053732.792354049Z-c4-real-task-0141,ipfs_verify,true,8,1783316253109,0,QmU8ccPSVuF7qqoiKy2DMjjWHVge9mBhGy7hX3oM4mFnxu,false
109,e6-lifecycle-20260706T053732.792354049Z-c4-real-task-0142,ipfs_add,true,67,1783316253056,4723,,false
110,e6-lifecycle-20260706T053732.792354049Z-c4-real-task-0142,signed_posttask,true,2,1783316253123,0,QmU3gpt8BjdpgMNTTBdF3QXFR37K5SeqUjAYEdmDDig4s5,false
111,e6-lifecycle-20260706T053732.792354049Z-c4-real-task-0142,signed_postallocation,true,1,1783316253125,0,QmU3gpt8BjdpgMNTTBdF3QXFR37K5SeqUjAYEdmDDig4s5,false
112,e6-lifecycle-20260706T053732.792354049Z-c4-real-task-0142,signed_post_evalsnapshot,true,2,1783316253126,0,QmU3gpt8BjdpgMNTTBdF3QXFR37K5SeqUjAYEdmDDig4s5,false
113,e6-lifecycle-20260706T053732.792354049Z-c4-real-task-0142,signed_vote1,true,1,1783316253128,0,QmU3gpt8BjdpgMNTTBdF3QXFR37K5SeqUjAYEdmDDig4s5,false
114,e6-lifecycle-20260706T053732.792354049Z-c4-real-task-0142,signed_vote2,true,2,1783316253129,0,QmU3gpt8BjdpgMNTTBdF3QXFR37K5SeqUjAYEdmDDig4s5,false
115,e6-lifecycle-20260706T053732.792354049Z-c4-real-task-0142,signed_settlement,true,2,1783316253131,0,QmU3gpt8BjdpgMNTTBdF3QXFR37K5SeqUjAYEdmDDig4s5,false
116,e6-lifecycle-20260706T053732.792354049Z-c4-real-task-0142,signed_query_latest,true,0,1783316253133,0,QmU3gpt8BjdpgMNTTBdF3QXFR37K5SeqUjAYEdmDDig4s5,false
117,e6-lifecycle-20260706T053732.792354049Z-c4-real-task-0142,ipfs_verify,true,6,1783316253133,0,QmU3gpt8BjdpgMNTTBdF3QXFR37K5SeqUjAYEdmDDig4s5,false
118,e6-lifecycle-20260706T053732.792354049Z-c4-real-task-0143,ipfs_add,true,68,1783316253074,4660,,false
119,e6-lifecycle-20260706T053732.792354049Z-c4-real-task-0143,signed_posttask,true,3,1783316253142,0,QmTVqeXCxoxwjjanTn4HJUbLVnB4bpVmZgGrTummJ1AQqo,false
120,e6-lifecycle-20260706T053732.792354049Z-c4-real-task-0143,signed_postallocation,true,2,1783316253145,0,QmTVqeXCxoxwjjanTn4HJUbLVnB4bpVmZgGrTummJ1AQqo,false
121,e6-lifecycle-20260706T053732.792354049Z-c4-real-task-0143,signed_post_evalsnapshot,true,1,1783316253147,0,QmTVqeXCxoxwjjanTn4HJUbLVnB4bpVmZgGrTummJ1AQqo,false
122,e6-lifecycle-20260706T053732.792354049Z-c4-real-task-0143,signed_vote1,true,2,1783316253148,0,QmTVqeXCxoxwjjanTn4HJUbLVnB4bpVmZgGrTummJ1AQqo,false
123,e6-lifecycle-20260706T053732.792354049Z-c4-real-task-0143,signed_vote2,true,1,1783316253150,0,QmTVqeXCxoxwjjanTn4HJUbLVnB4bpVmZgGrTummJ1AQqo,false
124,e6-lifecycle-20260706T053732.792354049Z-c4-real-task-0143,signed_settlement,true,2,1783316253151,0,QmTVqeXCxoxwjjanTn4HJUbLVnB4bpVmZgGrTummJ1AQqo,false
125,e6-lifecycle-20260706T053732.792354049Z-c4-real-task-0143,signed_query_latest,true,0,1783316253153,0,QmTVqeXCxoxwjjanTn4HJUbLVnB4bpVmZgGrTummJ1AQqo,false
126,e6-lifecycle-20260706T053732.792354049Z-c4-real-task-0143,ipfs_verify,true,6,1783316253153,0,QmTVqeXCxoxwjjanTn4HJUbLVnB4bpVmZgGrTummJ1AQqo,false
127,e6-lifecycle-20260706T053732.792354049Z-c4-real-task-0144,ipfs_add,true,62,1783316253099,4312,,false
128,e6-lifecycle-20260706T053732.792354049Z-c4-real-task-0144,signed_posttask,true,2,1783316253161,0,QmQZAxaxKLLJQ3P2WWPiuXefNDpmhXdj7A3T7qaNxDGnnf,false
129,e6-lifecycle-20260706T053732.792354049Z-c4-real-task-0144,signed_postallocation,true,2,1783316253163,0,QmQZAxaxKLLJQ3P2WWPiuXefNDpmhXdj7A3T7qaNxDGnnf,false
130,e6-lifecycle-20260706T053732.792354049Z-c4-real-task-0144,signed_post_evalsnapshot,true,1,1783316253165,0,QmQZAxaxKLLJQ3P2WWPiuXefNDpmhXdj7A3T7qaNxDGnnf,false
131,e6-lifecycle-20260706T053732.792354049Z-c4-real-task-0144,signed_vote1,true,2,1783316253166,0,QmQZAxaxKLLJQ3P2WWPiuXefNDpmhXdj7A3T7qaNxDGnnf,false
132,e6-lifecycle-20260706T053732.792354049Z-c4-real-task-0144,signed_vote2,true,1,1783316253168,0,QmQZAxaxKLLJQ3P2WWPiuXefNDpmhXdj7A3T7qaNxDGnnf,false
133,e6-lifecycle-20260706T053732.792354049Z-c4-real-task-0144,signed_settlement,true,2,1783316253169,0,QmQZAxaxKLLJQ3P2WWPiuXefNDpmhXdj7A3T7qaNxDGnnf,false
134,e6-lifecycle-20260706T053732.792354049Z-c4-real-task-0144,signed_query_latest,true,0,1783316253171,0,QmQZAxaxKLLJQ3P2WWPiuXefNDpmhXdj7A3T7qaNxDGnnf,false
135,e6-lifecycle-20260706T053732.792354049Z-c4-real-task-0144,ipfs_verify,true,9,1783316253171,0,QmQZAxaxKLLJQ3P2WWPiuXefNDpmhXdj7A3T7qaNxDGnnf,false
136,e6-lifecycle-20260706T053732.792354049Z-c4-real-task-0146,ipfs_add,true,58,1783316253139,5475,,false
137,e6-lifecycle-20260706T053732.792354049Z-c4-real-task-0146,signed_posttask,true,2,1783316253197,0,QmTMCQj8BgjN1EopLd1uCHtQPJNQPLrifD8h5c2wtJkq4h,false
138,e6-lifecycle-20260706T053732.792354049Z-c4-real-task-0146,signed_postallocation,true,2,1783316253199,0,QmTMCQj8BgjN1EopLd1uCHtQPJNQPLrifD8h5c2wtJkq4h,false
139,e6-lifecycle-20260706T053732.792354049Z-c4-real-task-0146,signed_post_evalsnapshot,true,2,1783316253201,0,QmTMCQj8BgjN1EopLd1uCHtQPJNQPLrifD8h5c2wtJkq4h,false
140,e6-lifecycle-20260706T053732.792354049Z-c4-real-task-0146,signed_vote1,true,1,1783316253203,0,QmTMCQj8BgjN1EopLd1uCHtQPJNQPLrifD8h5c2wtJkq4h,false
141,e6-lifecycle-20260706T053732.792354049Z-c4-real-task-0146,signed_vote2,true,2,1783316253204,0,QmTMCQj8BgjN1EopLd1uCHtQPJNQPLrifD8h5c2wtJkq4h,false
142,e6-lifecycle-20260706T053732.792354049Z-c4-real-task-0146,signed_settlement,true,1,1783316253206,0,QmTMCQj8BgjN1EopLd1uCHtQPJNQPLrifD8h5c2wtJkq4h,false
143,e6-lifecycle-20260706T053732.792354049Z-c4-real-task-0146,signed_query_latest,true,0,1783316253207,0,QmTMCQj8BgjN1EopLd1uCHtQPJNQPLrifD8h5c2wtJkq4h,false
144,e6-lifecycle-20260706T053732.792354049Z-c4-real-task-0146,ipfs_verify,true,8,1783316253207,0,QmTMCQj8BgjN1EopLd1uCHtQPJNQPLrifD8h5c2wtJkq4h,false
145,e6-lifecycle-20260706T053732.792354049Z-c4-real-task-0147,ipfs_add,true,57,1783316253159,4284,,false
146,e6-lifecycle-20260706T053732.792354049Z-c4-real-task-0145,ipfs_add,true,99,1783316253117,5462,,false
147,e6-lifecycle-20260706T053732.792354049Z-c4-real-task-0147,signed_posttask,true,2,1783316253216,0,QmaFJBETp4JJdAzBH3NfaGGXCVai8pRVmMEDArMatXyrJg,false
148,e6-lifecycle-20260706T053732.792354049Z-c4-real-task-0147,signed_postallocation,true,2,1783316253218,0,QmaFJBETp4JJdAzBH3NfaGGXCVai8pRVmMEDArMatXyrJg,false
149,e6-lifecycle-20260706T053732.792354049Z-c4-real-task-0145,signed_posttask,true,5,1783316253216,0,QmQawzw1KxV8h7JpxSeDVLwBKMdBrxUCm6dAZkW6LZqh7T,false
150,e6-lifecycle-20260706T053732.792354049Z-c4-real-task-0145,signed_postallocation,true,2,1783316253221,0,QmQawzw1KxV8h7JpxSeDVLwBKMdBrxUCm6dAZkW6LZqh7T,false
151,e6-lifecycle-20260706T053732.792354049Z-c4-real-task-0147,signed_post_evalsnapshot,true,5,1783316253220,0,QmaFJBETp4JJdAzBH3NfaGGXCVai8pRVmMEDArMatXyrJg,false
152,e6-lifecycle-20260706T053732.792354049Z-c4-real-task-0147,signed_vote1,true,1,1783316253225,0,QmaFJBETp4JJdAzBH3NfaGGXCVai8pRVmMEDArMatXyrJg,false
153,e6-lifecycle-20260706T053732.792354049Z-c4-real-task-0145,signed_post_evalsnapshot,true,5,1783316253223,0,QmQawzw1KxV8h7JpxSeDVLwBKMdBrxUCm6dAZkW6LZqh7T,false
154,e6-lifecycle-20260706T053732.792354049Z-c4-real-task-0145,signed_vote1,true,2,1783316253228,0,QmQawzw1KxV8h7JpxSeDVLwBKMdBrxUCm6dAZkW6LZqh7T,false
155,e6-lifecycle-20260706T053732.792354049Z-c4-real-task-0147,signed_vote2,true,5,1783316253226,0,QmaFJBETp4JJdAzBH3NfaGGXCVai8pRVmMEDArMatXyrJg,false
156,e6-lifecycle-20260706T053732.792354049Z-c4-real-task-0147,signed_settlement,true,2,1783316253231,0,QmaFJBETp4JJdAzBH3NfaGGXCVai8pRVmMEDArMatXyrJg,false
157,e6-lifecycle-20260706T053732.792354049Z-c4-real-task-0145,signed_vote2,true,5,1783316253230,0,QmQawzw1KxV8h7JpxSeDVLwBKMdBrxUCm6dAZkW6LZqh7T,false
158,e6-lifecycle-20260706T053732.792354049Z-c4-real-task-0147,signed_query_latest,true,3,1783316253233,0,QmaFJBETp4JJdAzBH3NfaGGXCVai8pRVmMEDArMatXyrJg,false
159,e6-lifecycle-20260706T053732.792354049Z-c4-real-task-0145,signed_settlement,true,1,1783316253235,0,QmQawzw1KxV8h7JpxSeDVLwBKMdBrxUCm6dAZkW6LZqh7T,false
160,e6-lifecycle-20260706T053732.792354049Z-c4-real-task-0145,signed_query_latest,true,0,1783316253236,0,QmQawzw1KxV8h7JpxSeDVLwBKMdBrxUCm6dAZkW6LZqh7T,false
161,e6-lifecycle-20260706T053732.792354049Z-c4-real-task-0148,ipfs_add,true,57,1783316253180,5640,,false
162,e6-lifecycle-20260706T053732.792354049Z-c4-real-task-0148,signed_posttask,true,2,1783316253237,0,QmdfWtEvP6wCkESL2DE4rXkFf4ZAEuqAaWhur95DF4ivC9,false
163,e6-lifecycle-20260706T053732.792354049Z-c4-real-task-0148,signed_postallocation,true,2,1783316253239,0,QmdfWtEvP6wCkESL2DE4rXkFf4ZAEuqAaWhur95DF4ivC9,false
164,e6-lifecycle-20260706T053732.792354049Z-c4-real-task-0148,signed_post_evalsnapshot,true,2,1783316253241,0,QmdfWtEvP6wCkESL2DE4rXkFf4ZAEuqAaWhur95DF4ivC9,false
165,e6-lifecycle-20260706T053732.792354049Z-c4-real-task-0145,ipfs_verify,true,7,1783316253236,0,QmQawzw1KxV8h7JpxSeDVLwBKMdBrxUCm6dAZkW6LZqh7T,false
166,e6-lifecycle-20260706T053732.792354049Z-c4-real-task-0147,ipfs_verify,true,7,1783316253236,0,QmaFJBETp4JJdAzBH3NfaGGXCVai8pRVmMEDArMatXyrJg,false
167,e6-lifecycle-20260706T053732.792354049Z-c4-real-task-0148,signed_vote1,true,1,1783316253243,0,QmdfWtEvP6wCkESL2DE4rXkFf4ZAEuqAaWhur95DF4ivC9,false
168,e6-lifecycle-20260706T053732.792354049Z-c4-real-task-0148,signed_vote2,true,2,1783316253244,0,QmdfWtEvP6wCkESL2DE4rXkFf4ZAEuqAaWhur95DF4ivC9,false
169,e6-lifecycle-20260706T053732.792354049Z-c4-real-task-0148,signed_settlement,true,2,1783316253246,0,QmdfWtEvP6wCkESL2DE4rXkFf4ZAEuqAaWhur95DF4ivC9,false
170,e6-lifecycle-20260706T053732.792354049Z-c4-real-task-0148,signed_query_latest,true,0,1783316253248,0,QmdfWtEvP6wCkESL2DE4rXkFf4ZAEuqAaWhur95DF4ivC9,false
171,e6-lifecycle-20260706T053732.792354049Z-c4-real-task-0148,ipfs_verify,true,8,1783316253248,0,QmdfWtEvP6wCkESL2DE4rXkFf4ZAEuqAaWhur95DF4ivC9,false
172,e6-lifecycle-20260706T053732.792354049Z-c4-real-task-0149,ipfs_add,true,41,1783316253215,2546,,false
173,e6-lifecycle-20260706T053732.792354049Z-c4-real-task-0149,signed_posttask,true,1,1783316253256,0,QmauYMYLrj6Qa4iDEtbq6r8Nut8Mam7NzrHGxXBG78msQ1,false
174,e6-lifecycle-20260706T053732.792354049Z-c4-real-task-0149,signed_postallocation,true,2,1783316253257,0,QmauYMYLrj6Qa4iDEtbq6r8Nut8Mam7NzrHGxXBG78msQ1,false
175,e6-lifecycle-20260706T053732.792354049Z-c4-real-task-0149,signed_post_evalsnapshot,true,2,1783316253259,0,QmauYMYLrj6Qa4iDEtbq6r8Nut8Mam7NzrHGxXBG78msQ1,false
176,e6-lifecycle-20260706T053732.792354049Z-c4-real-task-0149,signed_vote1,true,1,1783316253261,0,QmauYMYLrj6Qa4iDEtbq6r8Nut8Mam7NzrHGxXBG78msQ1,false
177,e6-lifecycle-20260706T053732.792354049Z-c4-real-task-0149,signed_vote2,true,2,1783316253262,0,QmauYMYLrj6Qa4iDEtbq6r8Nut8Mam7NzrHGxXBG78msQ1,false
178,e6-lifecycle-20260706T053732.792354049Z-c4-real-task-0149,signed_settlement,true,2,1783316253264,0,QmauYMYLrj6Qa4iDEtbq6r8Nut8Mam7NzrHGxXBG78msQ1,false
179,e6-lifecycle-20260706T053732.792354049Z-c4-real-task-0149,signed_query_latest,true,0,1783316253266,0,QmauYMYLrj6Qa4iDEtbq6r8Nut8Mam7NzrHGxXBG78msQ1,false
180,e6-lifecycle-20260706T053732.792354049Z-c4-real-task-0149,ipfs_verify,true,8,1783316253266,0,QmauYMYLrj6Qa4iDEtbq6r8Nut8Mam7NzrHGxXBG78msQ1,false
181,e6-lifecycle-20260706T053732.792354049Z-c4-real-task-0151,ipfs_add,true,52,1783316253243,8145,,false
182,e6-lifecycle-20260706T053732.792354049Z-c4-real-task-0151,signed_posttask,true,2,1783316253295,0,QmeY5sC4Xv3La4heuKD61xoMY8zD7nwjwXk76bcuFjtHdG,false
183,e6-lifecycle-20260706T053732.792354049Z-c4-real-task-0151,signed_postallocation,true,2,1783316253297,0,QmeY5sC4Xv3La4heuKD61xoMY8zD7nwjwXk76bcuFjtHdG,false
184,e6-lifecycle-20260706T053732.792354049Z-c4-real-task-0151,signed_post_evalsnapshot,true,1,1783316253299,0,QmeY5sC4Xv3La4heuKD61xoMY8zD7nwjwXk76bcuFjtHdG,false
185,e6-lifecycle-20260706T053732.792354049Z-c4-real-task-0151,signed_vote1,true,2,1783316253300,0,QmeY5sC4Xv3La4heuKD61xoMY8zD7nwjwXk76bcuFjtHdG,false
186,e6-lifecycle-20260706T053732.792354049Z-c4-real-task-0151,signed_vote2,true,1,1783316253302,0,QmeY5sC4Xv3La4heuKD61xoMY8zD7nwjwXk76bcuFjtHdG,false
187,e6-lifecycle-20260706T053732.792354049Z-c4-real-task-0151,signed_settlement,true,2,1783316253303,0,QmeY5sC4Xv3La4heuKD61xoMY8zD7nwjwXk76bcuFjtHdG,false
188,e6-lifecycle-20260706T053732.792354049Z-c4-real-task-0151,signed_query_latest,true,0,1783316253305,0,QmeY5sC4Xv3La4heuKD61xoMY8zD7nwjwXk76bcuFjtHdG,false
189,e6-lifecycle-20260706T053732.792354049Z-c4-real-task-0150,ipfs_add,true,70,1783316253243,1854,,false
190,e6-lifecycle-20260706T053732.792354049Z-c4-real-task-0151,ipfs_verify,true,8,1783316253305,0,QmeY5sC4Xv3La4heuKD61xoMY8zD7nwjwXk76bcuFjtHdG,false
191,e6-lifecycle-20260706T053732.792354049Z-c4-real-task-0152,ipfs_add,true,58,1783316253256,1875,,false
192,e6-lifecycle-20260706T053732.792354049Z-c4-real-task-0150,signed_posttask,true,3,1783316253313,0,Qmai7UoY48iFcYWTQWg3KAhEtCNFhrWvnyLa9J1qYPcDzG,false
193,e6-lifecycle-20260706T053732.792354049Z-c4-real-task-0150,signed_postallocation,true,2,1783316253316,0,Qmai7UoY48iFcYWTQWg3KAhEtCNFhrWvnyLa9J1qYPcDzG,false
194,e6-lifecycle-20260706T053732.792354049Z-c4-real-task-0152,signed_posttask,true,5,1783316253314,0,QmPmVehraUyhMbSn9HCTL8q359r1tCfXC2uYfULpBHLvjP,false
195,e6-lifecycle-20260706T053732.792354049Z-c4-real-task-0152,signed_postallocation,true,2,1783316253319,0,QmPmVehraUyhMbSn9HCTL8q359r1tCfXC2uYfULpBHLvjP,false
196,e6-lifecycle-20260706T053732.792354049Z-c4-real-task-0150,signed_post_evalsnapshot,true,5,1783316253318,0,Qmai7UoY48iFcYWTQWg3KAhEtCNFhrWvnyLa9J1qYPcDzG,false
197,e6-lifecycle-20260706T053732.792354049Z-c4-real-task-0150,signed_vote1,true,2,1783316253323,0,Qmai7UoY48iFcYWTQWg3KAhEtCNFhrWvnyLa9J1qYPcDzG,false
198,e6-lifecycle-20260706T053732.792354049Z-c4-real-task-0152,signed_post_evalsnapshot,true,5,1783316253321,0,QmPmVehraUyhMbSn9HCTL8q359r1tCfXC2uYfULpBHLvjP,false
199,e6-lifecycle-20260706T053732.792354049Z-c4-real-task-0152,signed_vote1,true,2,1783316253326,0,QmPmVehraUyhMbSn9HCTL8q359r1tCfXC2uYfULpBHLvjP,false
200,e6-lifecycle-20260706T053732.792354049Z-c4-real-task-0150,signed_vote2,true,4,1783316253325,0,Qmai7UoY48iFcYWTQWg3KAhEtCNFhrWvnyLa9J1qYPcDzG,false
201,e6-lifecycle-20260706T053732.792354049Z-c4-real-task-0150,signed_settlement,true,2,1783316253329,0,Qmai7UoY48iFcYWTQWg3KAhEtCNFhrWvnyLa9J1qYPcDzG,false
202,e6-lifecycle-20260706T053732.792354049Z-c4-real-task-0152,signed_vote2,true,5,1783316253328,0,QmPmVehraUyhMbSn9HCTL8q359r1tCfXC2uYfULpBHLvjP,false
203,e6-lifecycle-20260706T053732.792354049Z-c4-real-task-0150,signed_query_latest,true,4,1783316253331,0,Qmai7UoY48iFcYWTQWg3KAhEtCNFhrWvnyLa9J1qYPcDzG,false
204,e6-lifecycle-20260706T053732.792354049Z-c4-real-task-0152,signed_settlement,true,2,1783316253333,0,QmPmVehraUyhMbSn9HCTL8q359r1tCfXC2uYfULpBHLvjP,false
205,e6-lifecycle-20260706T053732.792354049Z-c4-real-task-0152,signed_query_latest,true,0,1783316253335,0,QmPmVehraUyhMbSn9HCTL8q359r1tCfXC2uYfULpBHLvjP,false
206,e6-lifecycle-20260706T053732.792354049Z-c4-real-task-0153,ipfs_add,true,62,1783316253274,1788,,false
207,e6-lifecycle-20260706T053732.792354049Z-c4-real-task-0153,signed_posttask,true,1,1783316253336,0,QmRZHsRgbCA4gkEdt79xRJkB1H6eYmgZjWvtkeZDXPP6aA,false
208,e6-lifecycle-20260706T053732.792354049Z-c4-real-task-0153,signed_postallocation,true,2,1783316253337,0,QmRZHsRgbCA4gkEdt79xRJkB1H6eYmgZjWvtkeZDXPP6aA,false
209,e6-lifecycle-20260706T053732.792354049Z-c4-real-task-0153,signed_post_evalsnapshot,true,2,1783316253339,0,QmRZHsRgbCA4gkEdt79xRJkB1H6eYmgZjWvtkeZDXPP6aA,false
210,e6-lifecycle-20260706T053732.792354049Z-c4-real-task-0153,signed_vote1,true,1,1783316253341,0,QmRZHsRgbCA4gkEdt79xRJkB1H6eYmgZjWvtkeZDXPP6aA,false
211,e6-lifecycle-20260706T053732.792354049Z-c4-real-task-0152,ipfs_verify,true,8,1783316253335,0,QmPmVehraUyhMbSn9HCTL8q359r1tCfXC2uYfULpBHLvjP,false
212,e6-lifecycle-20260706T053732.792354049Z-c4-real-task-0150,ipfs_verify,true,8,1783316253335,0,Qmai7UoY48iFcYWTQWg3KAhEtCNFhrWvnyLa9J1qYPcDzG,false
213,e6-lifecycle-20260706T053732.792354049Z-c4-real-task-0153,signed_vote2,true,2,1783316253342,0,QmRZHsRgbCA4gkEdt79xRJkB1H6eYmgZjWvtkeZDXPP6aA,false
214,e6-lifecycle-20260706T053732.792354049Z-c4-real-task-0153,signed_settlement,true,2,1783316253344,0,QmRZHsRgbCA4gkEdt79xRJkB1H6eYmgZjWvtkeZDXPP6aA,false
215,e6-lifecycle-20260706T053732.792354049Z-c4-real-task-0153,signed_query_latest,true,0,1783316253346,0,QmRZHsRgbCA4gkEdt79xRJkB1H6eYmgZjWvtkeZDXPP6aA,false
216,e6-lifecycle-20260706T053732.792354049Z-c4-real-task-0153,ipfs_verify,true,7,1783316253346,0,QmRZHsRgbCA4gkEdt79xRJkB1H6eYmgZjWvtkeZDXPP6aA,false
217,e6-lifecycle-20260706T053732.792354049Z-c4-real-task-0154,ipfs_add,true,43,1783316253313,1793,,false
218,e6-lifecycle-20260706T053732.792354049Z-c4-real-task-0154,signed_posttask,true,1,1783316253356,0,QmP1smz82VDmVYAjCDQXQL3tQyjhLY9AZx4ihRR3bmQmqR,false
219,e6-lifecycle-20260706T053732.792354049Z-c4-real-task-0154,signed_postallocation,true,2,1783316253357,0,QmP1smz82VDmVYAjCDQXQL3tQyjhLY9AZx4ihRR3bmQmqR,false
220,e6-lifecycle-20260706T053732.792354049Z-c4-real-task-0154,signed_post_evalsnapshot,true,2,1783316253359,0,QmP1smz82VDmVYAjCDQXQL3tQyjhLY9AZx4ihRR3bmQmqR,false
221,e6-lifecycle-20260706T053732.792354049Z-c4-real-task-0154,signed_vote1,true,1,1783316253361,0,QmP1smz82VDmVYAjCDQXQL3tQyjhLY9AZx4ihRR3bmQmqR,false
222,e6-lifecycle-20260706T053732.792354049Z-c4-real-task-0154,signed_vote2,true,2,1783316253362,0,QmP1smz82VDmVYAjCDQXQL3tQyjhLY9AZx4ihRR3bmQmqR,false
223,e6-lifecycle-20260706T053732.792354049Z-c4-real-task-0154,signed_settlement,true,2,1783316253364,0,QmP1smz82VDmVYAjCDQXQL3tQyjhLY9AZx4ihRR3bmQmqR,false
224,e6-lifecycle-20260706T053732.792354049Z-c4-real-task-0154,signed_query_latest,true,0,1783316253366,0,QmP1smz82VDmVYAjCDQXQL3tQyjhLY9AZx4ihRR3bmQmqR,false
225,e6-lifecycle-20260706T053732.792354049Z-c4-real-task-0154,ipfs_verify,true,6,1783316253366,0,QmP1smz82VDmVYAjCDQXQL3tQyjhLY9AZx4ihRR3bmQmqR,false
226,e6-lifecycle-20260706T053732.792354049Z-c4-real-task-0155,ipfs_add,true,32,1783316253343,1762,,false
227,e6-lifecycle-20260706T053732.792354049Z-c4-real-task-0155,signed_posttask,true,1,1783316253375,0,QmZKGWeYUaSbmhea5zAe3URkAmm7YgQGteWNmKZR7217eJ,false
228,e6-lifecycle-20260706T053732.792354049Z-c4-real-task-0155,signed_postallocation,true,2,1783316253376,0,QmZKGWeYUaSbmhea5zAe3URkAmm7YgQGteWNmKZR7217eJ,false
229,e6-lifecycle-20260706T053732.792354049Z-c4-real-task-0155,signed_post_evalsnapshot,true,2,1783316253378,0,QmZKGWeYUaSbmhea5zAe3URkAmm7YgQGteWNmKZR7217eJ,false
230,e6-lifecycle-20260706T053732.792354049Z-c4-real-task-0155,signed_vote1,true,1,1783316253380,0,QmZKGWeYUaSbmhea5zAe3URkAmm7YgQGteWNmKZR7217eJ,false
231,e6-lifecycle-20260706T053732.792354049Z-c4-real-task-0155,signed_vote2,true,2,1783316253381,0,QmZKGWeYUaSbmhea5zAe3URkAmm7YgQGteWNmKZR7217eJ,false
232,e6-lifecycle-20260706T053732.792354049Z-c4-real-task-0155,signed_settlement,true,2,1783316253383,0,QmZKGWeYUaSbmhea5zAe3URkAmm7YgQGteWNmKZR7217eJ,false
233,e6-lifecycle-20260706T053732.792354049Z-c4-real-task-0155,signed_query_latest,true,0,1783316253385,0,QmZKGWeYUaSbmhea5zAe3URkAmm7YgQGteWNmKZR7217eJ,false
234,e6-lifecycle-20260706T053732.792354049Z-c4-real-task-0155,ipfs_verify,true,8,1783316253385,0,QmZKGWeYUaSbmhea5zAe3URkAmm7YgQGteWNmKZR7217eJ,false
235,e6-lifecycle-20260706T053732.792354049Z-c4-real-task-0156,ipfs_add,true,52,1783316253343,5744,,false
236,e6-lifecycle-20260706T053732.792354049Z-c4-real-task-0156,signed_posttask,true,2,1783316253395,0,QmSqr1qUgBC93JV58qSDUGhGxFsKaVMkP8Lc2oQULWUSmz,false
237,e6-lifecycle-20260706T053732.792354049Z-c4-real-task-0156,signed_postallocation,true,2,1783316253397,0,QmSqr1qUgBC93JV58qSDUGhGxFsKaVMkP8Lc2oQULWUSmz,false
238,e6-lifecycle-20260706T053732.792354049Z-c4-real-task-0156,signed_post_evalsnapshot,true,2,1783316253399,0,QmSqr1qUgBC93JV58qSDUGhGxFsKaVMkP8Lc2oQULWUSmz,false
239,e6-lifecycle-20260706T053732.792354049Z-c4-real-task-0156,signed_vote1,true,2,1783316253401,0,QmSqr1qUgBC93JV58qSDUGhGxFsKaVMkP8Lc2oQULWUSmz,false
240,e6-lifecycle-20260706T053732.792354049Z-c4-real-task-0156,signed_vote2,true,1,1783316253403,0,QmSqr1qUgBC93JV58qSDUGhGxFsKaVMkP8Lc2oQULWUSmz,false
241,e6-lifecycle-20260706T053732.792354049Z-c4-real-task-0156,signed_settlement,true,2,1783316253404,0,QmSqr1qUgBC93JV58qSDUGhGxFsKaVMkP8Lc2oQULWUSmz,false
242,e6-lifecycle-20260706T053732.792354049Z-c4-real-task-0156,signed_query_latest,true,0,1783316253406,0,QmSqr1qUgBC93JV58qSDUGhGxFsKaVMkP8Lc2oQULWUSmz,false
243,e6-lifecycle-20260706T053732.792354049Z-c4-real-task-0156,ipfs_verify,true,6,1783316253406,0,QmSqr1qUgBC93JV58qSDUGhGxFsKaVMkP8Lc2oQULWUSmz,false
244,e6-lifecycle-20260706T053732.792354049Z-c4-real-task-0157,ipfs_add,true,65,1783316253353,5957,,false
245,e6-lifecycle-20260706T053732.792354049Z-c4-real-task-0157,signed_posttask,true,2,1783316253418,0,QmWamsqRbU1q3fiJX5vX2XCvBRJV8eoK1PEp3ctrbdxoam,false
246,e6-lifecycle-20260706T053732.792354049Z-c4-real-task-0157,signed_postallocation,true,2,1783316253420,0,QmWamsqRbU1q3fiJX5vX2XCvBRJV8eoK1PEp3ctrbdxoam,false
247,e6-lifecycle-20260706T053732.792354049Z-c4-real-task-0157,signed_post_evalsnapshot,true,2,1783316253422,0,QmWamsqRbU1q3fiJX5vX2XCvBRJV8eoK1PEp3ctrbdxoam,false
248,e6-lifecycle-20260706T053732.792354049Z-c4-real-task-0157,signed_vote1,true,1,1783316253424,0,QmWamsqRbU1q3fiJX5vX2XCvBRJV8eoK1PEp3ctrbdxoam,false
249,e6-lifecycle-20260706T053732.792354049Z-c4-real-task-0157,signed_vote2,true,2,1783316253425,0,QmWamsqRbU1q3fiJX5vX2XCvBRJV8eoK1PEp3ctrbdxoam,false
250,e6-lifecycle-20260706T053732.792354049Z-c4-real-task-0157,signed_settlement,true,2,1783316253427,0,QmWamsqRbU1q3fiJX5vX2XCvBRJV8eoK1PEp3ctrbdxoam,false
251,e6-lifecycle-20260706T053732.792354049Z-c4-real-task-0157,signed_query_latest,true,0,1783316253429,0,QmWamsqRbU1q3fiJX5vX2XCvBRJV8eoK1PEp3ctrbdxoam,false
252,e6-lifecycle-20260706T053732.792354049Z-c4-real-task-0157,ipfs_verify,true,6,1783316253429,0,QmWamsqRbU1q3fiJX5vX2XCvBRJV8eoK1PEp3ctrbdxoam,false
253,e6-lifecycle-20260706T053732.792354049Z-c4-real-task-0158,ipfs_add,true,65,1783316253372,2353,,false
254,e6-lifecycle-20260706T053732.792354049Z-c4-real-task-0158,signed_posttask,true,2,1783316253437,0,QmW45d5KDagXQxapoDsAgos4eR8RW7sWehPq9Qivyv3imb,false
255,e6-lifecycle-20260706T053732.792354049Z-c4-real-task-0158,signed_postallocation,true,2,1783316253439,0,QmW45d5KDagXQxapoDsAgos4eR8RW7sWehPq9Qivyv3imb,false
256,e6-lifecycle-20260706T053732.792354049Z-c4-real-task-0158,signed_post_evalsnapshot,true,2,1783316253441,0,QmW45d5KDagXQxapoDsAgos4eR8RW7sWehPq9Qivyv3imb,false
257,e6-lifecycle-20260706T053732.792354049Z-c4-real-task-0158,signed_vote1,true,1,1783316253443,0,QmW45d5KDagXQxapoDsAgos4eR8RW7sWehPq9Qivyv3imb,false
258,e6-lifecycle-20260706T053732.792354049Z-c4-real-task-0158,signed_vote2,true,2,1783316253444,0,QmW45d5KDagXQxapoDsAgos4eR8RW7sWehPq9Qivyv3imb,false
259,e6-lifecycle-20260706T053732.792354049Z-c4-real-task-0158,signed_settlement,true,2,1783316253446,0,QmW45d5KDagXQxapoDsAgos4eR8RW7sWehPq9Qivyv3imb,false
260,e6-lifecycle-20260706T053732.792354049Z-c4-real-task-0158,signed_query_latest,true,0,1783316253448,0,QmW45d5KDagXQxapoDsAgos4eR8RW7sWehPq9Qivyv3imb,false
261,e6-lifecycle-20260706T053732.792354049Z-c4-real-task-0158,ipfs_verify,true,9,1783316253448,0,QmW45d5KDagXQxapoDsAgos4eR8RW7sWehPq9Qivyv3imb,false
262,e6-lifecycle-20260706T053732.792354049Z-c4-real-task-0159,ipfs_add,true,68,1783316253393,1618,,false
263,e6-lifecycle-20260706T053732.792354049Z-c4-real-task-0159,signed_posttask,true,2,1783316253461,0,QmdxYpLKMtBw1hrsF8LgCLrKH1BbADtRRsjGCzLCCrthCc,false
264,e6-lifecycle-20260706T053732.792354049Z-c4-real-task-0159,signed_postallocation,true,2,1783316253463,0,QmdxYpLKMtBw1hrsF8LgCLrKH1BbADtRRsjGCzLCCrthCc,false
265,e6-lifecycle-20260706T053732.792354049Z-c4-real-task-0159,signed_post_evalsnapshot,true,2,1783316253465,0,QmdxYpLKMtBw1hrsF8LgCLrKH1BbADtRRsjGCzLCCrthCc,false
266,e6-lifecycle-20260706T053732.792354049Z-c4-real-task-0159,signed_vote1,true,2,1783316253467,0,QmdxYpLKMtBw1hrsF8LgCLrKH1BbADtRRsjGCzLCCrthCc,false
267,e6-lifecycle-20260706T053732.792354049Z-c4-real-task-0159,signed_vote2,true,1,1783316253469,0,QmdxYpLKMtBw1hrsF8LgCLrKH1BbADtRRsjGCzLCCrthCc,false
268,e6-lifecycle-20260706T053732.792354049Z-c4-real-task-0159,signed_settlement,true,2,1783316253470,0,QmdxYpLKMtBw1hrsF8LgCLrKH1BbADtRRsjGCzLCCrthCc,false
269,e6-lifecycle-20260706T053732.792354049Z-c4-real-task-0159,signed_query_latest,true,0,1783316253472,0,QmdxYpLKMtBw1hrsF8LgCLrKH1BbADtRRsjGCzLCCrthCc,false
270,e6-lifecycle-20260706T053732.792354049Z-c4-real-task-0159,ipfs_verify,true,6,1783316253472,0,QmdxYpLKMtBw1hrsF8LgCLrKH1BbADtRRsjGCzLCCrthCc,false
271,e6-lifecycle-20260706T053732.792354049Z-c4-real-task-0160,ipfs_add,true,68,1783316253412,3112,,false
272,e6-lifecycle-20260706T053732.792354049Z-c4-real-task-0160,signed_posttask,true,2,1783316253480,0,QmZcHogHrAZaeaBhWnqwZoH5LhmdVbJ6pEy6KSUXD7Sqeh,false
273,e6-lifecycle-20260706T053732.792354049Z-c4-real-task-0160,signed_postallocation,true,2,1783316253482,0,QmZcHogHrAZaeaBhWnqwZoH5LhmdVbJ6pEy6KSUXD7Sqeh,false
274,e6-lifecycle-20260706T053732.792354049Z-c4-real-task-0160,signed_post_evalsnapshot,true,2,1783316253484,0,QmZcHogHrAZaeaBhWnqwZoH5LhmdVbJ6pEy6KSUXD7Sqeh,false
275,e6-lifecycle-20260706T053732.792354049Z-c4-real-task-0160,signed_vote1,true,2,1783316253486,0,QmZcHogHrAZaeaBhWnqwZoH5LhmdVbJ6pEy6KSUXD7Sqeh,false
276,e6-lifecycle-20260706T053732.792354049Z-c4-real-task-0160,signed_vote2,true,1,1783316253488,0,QmZcHogHrAZaeaBhWnqwZoH5LhmdVbJ6pEy6KSUXD7Sqeh,false
277,e6-lifecycle-20260706T053732.792354049Z-c4-real-task-0160,signed_settlement,true,2,1783316253489,0,QmZcHogHrAZaeaBhWnqwZoH5LhmdVbJ6pEy6KSUXD7Sqeh,false
278,e6-lifecycle-20260706T053732.792354049Z-c4-real-task-0160,signed_query_latest,true,0,1783316253491,0,QmZcHogHrAZaeaBhWnqwZoH5LhmdVbJ6pEy6KSUXD7Sqeh,false
279,e6-lifecycle-20260706T053732.792354049Z-c4-real-task-0160,ipfs_verify,true,7,1783316253491,0,QmZcHogHrAZaeaBhWnqwZoH5LhmdVbJ6pEy6KSUXD7Sqeh,false
280,e6-lifecycle-20260706T053732.792354049Z-c4-real-task-0161,ipfs_add,true,63,1783316253436,2567,,false
281,e6-lifecycle-20260706T053732.792354049Z-c4-real-task-0161,signed_posttask,true,2,1783316253499,0,QmVHT5ucjcpkHShAnZazRTavev3cXT2osoYZL29UVeigZs,false
282,e6-lifecycle-20260706T053732.792354049Z-c4-real-task-0161,signed_postallocation,true,2,1783316253501,0,QmVHT5ucjcpkHShAnZazRTavev3cXT2osoYZL29UVeigZs,false
283,e6-lifecycle-20260706T053732.792354049Z-c4-real-task-0161,signed_post_evalsnapshot,true,2,1783316253503,0,QmVHT5ucjcpkHShAnZazRTavev3cXT2osoYZL29UVeigZs,false
284,e6-lifecycle-20260706T053732.792354049Z-c4-real-task-0161,signed_vote1,true,2,1783316253505,0,QmVHT5ucjcpkHShAnZazRTavev3cXT2osoYZL29UVeigZs,false
285,e6-lifecycle-20260706T053732.792354049Z-c4-real-task-0161,signed_vote2,true,1,1783316253507,0,QmVHT5ucjcpkHShAnZazRTavev3cXT2osoYZL29UVeigZs,false
286,e6-lifecycle-20260706T053732.792354049Z-c4-real-task-0161,signed_settlement,true,2,1783316253508,0,QmVHT5ucjcpkHShAnZazRTavev3cXT2osoYZL29UVeigZs,false
287,e6-lifecycle-20260706T053732.792354049Z-c4-real-task-0161,signed_query_latest,true,0,1783316253510,0,QmVHT5ucjcpkHShAnZazRTavev3cXT2osoYZL29UVeigZs,false
288,e6-lifecycle-20260706T053732.792354049Z-c4-real-task-0161,ipfs_verify,true,9,1783316253510,0,QmVHT5ucjcpkHShAnZazRTavev3cXT2osoYZL29UVeigZs,false
289,e6-lifecycle-20260706T053732.792354049Z-c4-real-task-0162,ipfs_add,true,66,1783316253457,2034,,false
290,e6-lifecycle-20260706T053732.792354049Z-c4-real-task-0162,signed_posttask,true,2,1783316253523,0,QmWEY5PvyU4H8vYcY2riKxKMc1nBFYKtSn243fBKXvUxUT,false
291,e6-lifecycle-20260706T053732.792354049Z-c4-real-task-0162,signed_postallocation,true,2,1783316253525,0,QmWEY5PvyU4H8vYcY2riKxKMc1nBFYKtSn243fBKXvUxUT,false
292,e6-lifecycle-20260706T053732.792354049Z-c4-real-task-0162,signed_post_evalsnapshot,true,2,1783316253527,0,QmWEY5PvyU4H8vYcY2riKxKMc1nBFYKtSn243fBKXvUxUT,false
293,e6-lifecycle-20260706T053732.792354049Z-c4-real-task-0162,signed_vote1,true,1,1783316253529,0,QmWEY5PvyU4H8vYcY2riKxKMc1nBFYKtSn243fBKXvUxUT,false
294,e6-lifecycle-20260706T053732.792354049Z-c4-real-task-0162,signed_vote2,true,2,1783316253530,0,QmWEY5PvyU4H8vYcY2riKxKMc1nBFYKtSn243fBKXvUxUT,false
295,e6-lifecycle-20260706T053732.792354049Z-c4-real-task-0162,signed_settlement,true,2,1783316253532,0,QmWEY5PvyU4H8vYcY2riKxKMc1nBFYKtSn243fBKXvUxUT,false
296,e6-lifecycle-20260706T053732.792354049Z-c4-real-task-0162,signed_query_latest,true,0,1783316253534,0,QmWEY5PvyU4H8vYcY2riKxKMc1nBFYKtSn243fBKXvUxUT,false
297,e6-lifecycle-20260706T053732.792354049Z-c4-real-task-0162,ipfs_verify,true,7,1783316253534,0,QmWEY5PvyU4H8vYcY2riKxKMc1nBFYKtSn243fBKXvUxUT,false
298,e6-lifecycle-20260706T053732.792354049Z-c4-real-task-0163,ipfs_add,true,65,1783316253478,5564,,false
299,e6-lifecycle-20260706T053732.792354049Z-c4-real-task-0163,signed_posttask,true,2,1783316253543,0,QmWVNuFxXBBoYjDDqPM5JjHqatxTLGdC8aLk7ick1Kz4Yb,false
300,e6-lifecycle-20260706T053732.792354049Z-c4-real-task-0163,signed_postallocation,true,2,1783316253545,0,QmWVNuFxXBBoYjDDqPM5JjHqatxTLGdC8aLk7ick1Kz4Yb,false
301,e6-lifecycle-20260706T053732.792354049Z-c4-real-task-0163,signed_post_evalsnapshot,true,2,1783316253547,0,QmWVNuFxXBBoYjDDqPM5JjHqatxTLGdC8aLk7ick1Kz4Yb,false
302,e6-lifecycle-20260706T053732.792354049Z-c4-real-task-0163,signed_vote1,true,1,1783316253549,0,QmWVNuFxXBBoYjDDqPM5JjHqatxTLGdC8aLk7ick1Kz4Yb,false
303,e6-lifecycle-20260706T053732.792354049Z-c4-real-task-0163,signed_vote2,true,2,1783316253550,0,QmWVNuFxXBBoYjDDqPM5JjHqatxTLGdC8aLk7ick1Kz4Yb,false
304,e6-lifecycle-20260706T053732.792354049Z-c4-real-task-0163,signed_settlement,true,2,1783316253552,0,QmWVNuFxXBBoYjDDqPM5JjHqatxTLGdC8aLk7ick1Kz4Yb,false
305,e6-lifecycle-20260706T053732.792354049Z-c4-real-task-0163,signed_query_latest,true,0,1783316253554,0,QmWVNuFxXBBoYjDDqPM5JjHqatxTLGdC8aLk7ick1Kz4Yb,false
306,e6-lifecycle-20260706T053732.792354049Z-c4-real-task-0163,ipfs_verify,true,8,1783316253554,0,QmWVNuFxXBBoYjDDqPM5JjHqatxTLGdC8aLk7ick1Kz4Yb,false
307,e6-lifecycle-20260706T053732.792354049Z-c4-real-task-0164,ipfs_add,true,64,1783316253498,1901,,false
308,e6-lifecycle-20260706T053732.792354049Z-c4-real-task-0164,signed_posttask,true,2,1783316253562,0,QmenUvYwtVYLLgnnt9kzR3UcGRzkbap5J3M93Rp33ndQBW,false
309,e6-lifecycle-20260706T053732.792354049Z-c4-real-task-0164,signed_postallocation,true,1,1783316253564,0,QmenUvYwtVYLLgnnt9kzR3UcGRzkbap5J3M93Rp33ndQBW,false
310,e6-lifecycle-20260706T053732.792354049Z-c4-real-task-0164,signed_post_evalsnapshot,true,2,1783316253565,0,QmenUvYwtVYLLgnnt9kzR3UcGRzkbap5J3M93Rp33ndQBW,false
311,e6-lifecycle-20260706T053732.792354049Z-c4-real-task-0164,signed_vote1,true,1,1783316253567,0,QmenUvYwtVYLLgnnt9kzR3UcGRzkbap5J3M93Rp33ndQBW,false
312,e6-lifecycle-20260706T053732.792354049Z-c4-real-task-0164,signed_vote2,true,3,1783316253568,0,QmenUvYwtVYLLgnnt9kzR3UcGRzkbap5J3M93Rp33ndQBW,false
313,e6-lifecycle-20260706T053732.792354049Z-c4-real-task-0164,signed_settlement,true,2,1783316253571,0,QmenUvYwtVYLLgnnt9kzR3UcGRzkbap5J3M93Rp33ndQBW,false
314,e6-lifecycle-20260706T053732.792354049Z-c4-real-task-0164,signed_query_latest,true,0,1783316253573,0,QmenUvYwtVYLLgnnt9kzR3UcGRzkbap5J3M93Rp33ndQBW,false
315,e6-lifecycle-20260706T053732.792354049Z-c4-real-task-0164,ipfs_verify,true,8,1783316253573,0,QmenUvYwtVYLLgnnt9kzR3UcGRzkbap5J3M93Rp33ndQBW,false
316,e6-lifecycle-20260706T053732.792354049Z-c4-real-task-0165,ipfs_add,true,67,1783316253519,5181,,false
317,e6-lifecycle-20260706T053732.792354049Z-c4-real-task-0165,signed_posttask,true,2,1783316253586,0,QmfCP6JMHwAJzdeV44wRErrYPKwmwJ5zKaxLaC7PSEh7Xv,false
318,e6-lifecycle-20260706T053732.792354049Z-c4-real-task-0165,signed_postallocation,true,2,1783316253588,0,QmfCP6JMHwAJzdeV44wRErrYPKwmwJ5zKaxLaC7PSEh7Xv,false
319,e6-lifecycle-20260706T053732.792354049Z-c4-real-task-0165,signed_post_evalsnapshot,true,1,1783316253590,0,QmfCP6JMHwAJzdeV44wRErrYPKwmwJ5zKaxLaC7PSEh7Xv,false
320,e6-lifecycle-20260706T053732.792354049Z-c4-real-task-0165,signed_vote1,true,2,1783316253591,0,QmfCP6JMHwAJzdeV44wRErrYPKwmwJ5zKaxLaC7PSEh7Xv,false
321,e6-lifecycle-20260706T053732.792354049Z-c4-real-task-0165,signed_vote2,true,1,1783316253593,0,QmfCP6JMHwAJzdeV44wRErrYPKwmwJ5zKaxLaC7PSEh7Xv,false
322,e6-lifecycle-20260706T053732.792354049Z-c4-real-task-0165,signed_settlement,true,2,1783316253594,0,QmfCP6JMHwAJzdeV44wRErrYPKwmwJ5zKaxLaC7PSEh7Xv,false
323,e6-lifecycle-20260706T053732.792354049Z-c4-real-task-0165,signed_query_latest,true,0,1783316253596,0,QmfCP6JMHwAJzdeV44wRErrYPKwmwJ5zKaxLaC7PSEh7Xv,false
324,e6-lifecycle-20260706T053732.792354049Z-c4-real-task-0165,ipfs_verify,true,7,1783316253596,0,QmfCP6JMHwAJzdeV44wRErrYPKwmwJ5zKaxLaC7PSEh7Xv,false
325,e6-lifecycle-20260706T053732.792354049Z-c4-real-task-0167,ipfs_add,true,65,1783316253562,2244,,false
326,e6-lifecycle-20260706T053732.792354049Z-c4-real-task-0167,signed_posttask,true,3,1783316253627,0,Qmb6sxdzbJZRHwThCpZp383LPMsQpPY5tVXmGq6tj6WAkE,false
327,e6-lifecycle-20260706T053732.792354049Z-c4-real-task-0167,signed_postallocation,true,1,1783316253630,0,Qmb6sxdzbJZRHwThCpZp383LPMsQpPY5tVXmGq6tj6WAkE,false
328,e6-lifecycle-20260706T053732.792354049Z-c4-real-task-0167,signed_post_evalsnapshot,true,2,1783316253631,0,Qmb6sxdzbJZRHwThCpZp383LPMsQpPY5tVXmGq6tj6WAkE,false
329,e6-lifecycle-20260706T053732.792354049Z-c4-real-task-0167,signed_vote1,true,2,1783316253633,0,Qmb6sxdzbJZRHwThCpZp383LPMsQpPY5tVXmGq6tj6WAkE,false
330,e6-lifecycle-20260706T053732.792354049Z-c4-real-task-0167,signed_vote2,true,1,1783316253635,0,Qmb6sxdzbJZRHwThCpZp383LPMsQpPY5tVXmGq6tj6WAkE,false
331,e6-lifecycle-20260706T053732.792354049Z-c4-real-task-0167,signed_settlement,true,2,1783316253636,0,Qmb6sxdzbJZRHwThCpZp383LPMsQpPY5tVXmGq6tj6WAkE,false
332,e6-lifecycle-20260706T053732.792354049Z-c4-real-task-0167,signed_query_latest,true,0,1783316253638,0,Qmb6sxdzbJZRHwThCpZp383LPMsQpPY5tVXmGq6tj6WAkE,false
333,e6-lifecycle-20260706T053732.792354049Z-c4-real-task-0167,ipfs_verify,true,7,1783316253638,0,Qmb6sxdzbJZRHwThCpZp383LPMsQpPY5tVXmGq6tj6WAkE,false
334,e6-lifecycle-20260706T053732.792354049Z-c4-real-task-0168,ipfs_add,true,65,1783316253582,3309,,false
335,e6-lifecycle-20260706T053732.792354049Z-c4-real-task-0166,ipfs_add,true,106,1783316253541,3237,,false
336,e6-lifecycle-20260706T053732.792354049Z-c4-real-task-0168,signed_posttask,true,2,1783316253647,0,QmW3R2ZUk1JeXnvoaVApYX6D73xdA2HnR93n8FvAGo1XWp,false
337,e6-lifecycle-20260706T053732.792354049Z-c4-real-task-0168,signed_postallocation,true,2,1783316253649,0,QmW3R2ZUk1JeXnvoaVApYX6D73xdA2HnR93n8FvAGo1XWp,false
338,e6-lifecycle-20260706T053732.792354049Z-c4-real-task-0166,signed_posttask,true,5,1783316253647,0,QmTApS5qYgw5B1RZ5zisGBzCjQxmJKLLc5piMQryNc95Lw,false
339,e6-lifecycle-20260706T053732.792354049Z-c4-real-task-0166,signed_postallocation,true,2,1783316253652,0,QmTApS5qYgw5B1RZ5zisGBzCjQxmJKLLc5piMQryNc95Lw,false
340,e6-lifecycle-20260706T053732.792354049Z-c4-real-task-0168,signed_post_evalsnapshot,true,5,1783316253651,0,QmW3R2ZUk1JeXnvoaVApYX6D73xdA2HnR93n8FvAGo1XWp,false
341,e6-lifecycle-20260706T053732.792354049Z-c4-real-task-0168,signed_vote1,true,1,1783316253656,0,QmW3R2ZUk1JeXnvoaVApYX6D73xdA2HnR93n8FvAGo1XWp,false
342,e6-lifecycle-20260706T053732.792354049Z-c4-real-task-0166,signed_post_evalsnapshot,true,6,1783316253654,0,QmTApS5qYgw5B1RZ5zisGBzCjQxmJKLLc5piMQryNc95Lw,false
343,e6-lifecycle-20260706T053732.792354049Z-c4-real-task-0166,signed_vote1,true,2,1783316253660,0,QmTApS5qYgw5B1RZ5zisGBzCjQxmJKLLc5piMQryNc95Lw,false
344,e6-lifecycle-20260706T053732.792354049Z-c4-real-task-0168,signed_vote2,true,6,1783316253657,0,QmW3R2ZUk1JeXnvoaVApYX6D73xdA2HnR93n8FvAGo1XWp,false
345,e6-lifecycle-20260706T053732.792354049Z-c4-real-task-0168,signed_settlement,true,2,1783316253663,0,QmW3R2ZUk1JeXnvoaVApYX6D73xdA2HnR93n8FvAGo1XWp,false
346,e6-lifecycle-20260706T053732.792354049Z-c4-real-task-0166,signed_vote2,true,4,1783316253662,0,QmTApS5qYgw5B1RZ5zisGBzCjQxmJKLLc5piMQryNc95Lw,false
347,e6-lifecycle-20260706T053732.792354049Z-c4-real-task-0168,signed_query_latest,true,3,1783316253665,0,QmW3R2ZUk1JeXnvoaVApYX6D73xdA2HnR93n8FvAGo1XWp,false
348,e6-lifecycle-20260706T053732.792354049Z-c4-real-task-0166,signed_settlement,true,2,1783316253666,0,QmTApS5qYgw5B1RZ5zisGBzCjQxmJKLLc5piMQryNc95Lw,false
349,e6-lifecycle-20260706T053732.792354049Z-c4-real-task-0166,signed_query_latest,true,0,1783316253668,0,QmTApS5qYgw5B1RZ5zisGBzCjQxmJKLLc5piMQryNc95Lw,false
350,e6-lifecycle-20260706T053732.792354049Z-c4-real-task-0169,ipfs_add,true,66,1783316253603,7969,,false
351,e6-lifecycle-20260706T053732.792354049Z-c4-real-task-0169,signed_posttask,true,1,1783316253669,0,QmZLqC3g86PSYcSxK1cxvHGJ8Aik2UoKw8caWw7XhNXkPF,false
352,e6-lifecycle-20260706T053732.792354049Z-c4-real-task-0169,signed_postallocation,true,2,1783316253670,0,QmZLqC3g86PSYcSxK1cxvHGJ8Aik2UoKw8caWw7XhNXkPF,false
353,e6-lifecycle-20260706T053732.792354049Z-c4-real-task-0169,signed_post_evalsnapshot,true,2,1783316253672,0,QmZLqC3g86PSYcSxK1cxvHGJ8Aik2UoKw8caWw7XhNXkPF,false
354,e6-lifecycle-20260706T053732.792354049Z-c4-real-task-0166,ipfs_verify,true,7,1783316253668,0,QmTApS5qYgw5B1RZ5zisGBzCjQxmJKLLc5piMQryNc95Lw,false
355,e6-lifecycle-20260706T053732.792354049Z-c4-real-task-0168,ipfs_verify,true,7,1783316253668,0,QmW3R2ZUk1JeXnvoaVApYX6D73xdA2HnR93n8FvAGo1XWp,false
356,e6-lifecycle-20260706T053732.792354049Z-c4-real-task-0169,signed_vote1,true,2,1783316253674,0,QmZLqC3g86PSYcSxK1cxvHGJ8Aik2UoKw8caWw7XhNXkPF,false
357,e6-lifecycle-20260706T053732.792354049Z-c4-real-task-0169,signed_vote2,true,2,1783316253676,0,QmZLqC3g86PSYcSxK1cxvHGJ8Aik2UoKw8caWw7XhNXkPF,false
358,e6-lifecycle-20260706T053732.792354049Z-c4-real-task-0169,signed_settlement,true,2,1783316253678,0,QmZLqC3g86PSYcSxK1cxvHGJ8Aik2UoKw8caWw7XhNXkPF,false
359,e6-lifecycle-20260706T053732.792354049Z-c4-real-task-0169,signed_query_latest,true,0,1783316253680,0,QmZLqC3g86PSYcSxK1cxvHGJ8Aik2UoKw8caWw7XhNXkPF,false
360,e6-lifecycle-20260706T053732.792354049Z-c4-real-task-0169,ipfs_verify,true,7,1783316253680,0,QmZLqC3g86PSYcSxK1cxvHGJ8Aik2UoKw8caWw7XhNXkPF,false
361,e6-lifecycle-20260706T053732.792354049Z-c4-real-task-0170,ipfs_add,true,47,1783316253645,4645,,false
362,e6-lifecycle-20260706T053732.792354049Z-c4-real-task-0170,signed_posttask,true,2,1783316253692,0,QmSos72kuKbiboaW2t61phLxW7ptKFQdMCisw6tNBtbcDE,false
363,e6-lifecycle-20260706T053732.792354049Z-c4-real-task-0170,signed_postallocation,true,2,1783316253694,0,QmSos72kuKbiboaW2t61phLxW7ptKFQdMCisw6tNBtbcDE,false
364,e6-lifecycle-20260706T053732.792354049Z-c4-real-task-0170,signed_post_evalsnapshot,true,2,1783316253696,0,QmSos72kuKbiboaW2t61phLxW7ptKFQdMCisw6tNBtbcDE,false
365,e6-lifecycle-20260706T053732.792354049Z-c4-real-task-0170,signed_vote1,true,2,1783316253698,0,QmSos72kuKbiboaW2t61phLxW7ptKFQdMCisw6tNBtbcDE,false
366,e6-lifecycle-20260706T053732.792354049Z-c4-real-task-0170,signed_vote2,true,2,1783316253700,0,QmSos72kuKbiboaW2t61phLxW7ptKFQdMCisw6tNBtbcDE,false
367,e6-lifecycle-20260706T053732.792354049Z-c4-real-task-0170,signed_settlement,true,3,1783316253702,0,QmSos72kuKbiboaW2t61phLxW7ptKFQdMCisw6tNBtbcDE,false
368,e6-lifecycle-20260706T053732.792354049Z-c4-real-task-0170,signed_query_latest,true,0,1783316253705,0,QmSos72kuKbiboaW2t61phLxW7ptKFQdMCisw6tNBtbcDE,false
369,e6-lifecycle-20260706T053732.792354049Z-c4-real-task-0172,ipfs_add,true,38,1783316253675,1446,,false
370,e6-lifecycle-20260706T053732.792354049Z-c4-real-task-0170,ipfs_verify,true,11,1783316253705,0,QmSos72kuKbiboaW2t61phLxW7ptKFQdMCisw6tNBtbcDE,false
371,e6-lifecycle-20260706T053732.792354049Z-c4-real-task-0172,signed_posttask,true,3,1783316253713,0,QmWCXhJMHo5d7nRYTgmt9DNVZcy4VxB9ac3rTxcCb2NF2D,false
372,e6-lifecycle-20260706T053732.792354049Z-c4-real-task-0172,signed_postallocation,true,2,1783316253716,0,QmWCXhJMHo5d7nRYTgmt9DNVZcy4VxB9ac3rTxcCb2NF2D,false
373,e6-lifecycle-20260706T053732.792354049Z-c4-real-task-0172,signed_post_evalsnapshot,true,2,1783316253718,0,QmWCXhJMHo5d7nRYTgmt9DNVZcy4VxB9ac3rTxcCb2NF2D,false
374,e6-lifecycle-20260706T053732.792354049Z-c4-real-task-0172,signed_vote1,true,2,1783316253720,0,QmWCXhJMHo5d7nRYTgmt9DNVZcy4VxB9ac3rTxcCb2NF2D,false
375,e6-lifecycle-20260706T053732.792354049Z-c4-real-task-0172,signed_vote2,true,2,1783316253722,0,QmWCXhJMHo5d7nRYTgmt9DNVZcy4VxB9ac3rTxcCb2NF2D,false
376,e6-lifecycle-20260706T053732.792354049Z-c4-real-task-0172,signed_settlement,true,2,1783316253724,0,QmWCXhJMHo5d7nRYTgmt9DNVZcy4VxB9ac3rTxcCb2NF2D,false
377,e6-lifecycle-20260706T053732.792354049Z-c4-real-task-0172,signed_query_latest,true,0,1783316253726,0,QmWCXhJMHo5d7nRYTgmt9DNVZcy4VxB9ac3rTxcCb2NF2D,false
378,e6-lifecycle-20260706T053732.792354049Z-c4-real-task-0172,ipfs_verify,true,10,1783316253726,0,QmWCXhJMHo5d7nRYTgmt9DNVZcy4VxB9ac3rTxcCb2NF2D,false
379,e6-lifecycle-20260706T053732.792354049Z-c4-real-task-0173,ipfs_add,true,74,1783316253688,4300,,false
380,e6-lifecycle-20260706T053732.792354049Z-c4-real-task-0173,signed_posttask,true,2,1783316253762,0,QmbfTxCmxcHLajsThp62tm2pwqsRpuG1kR3xMMAoDmU5AM,false
381,e6-lifecycle-20260706T053732.792354049Z-c4-real-task-0173,signed_postallocation,true,2,1783316253764,0,QmbfTxCmxcHLajsThp62tm2pwqsRpuG1kR3xMMAoDmU5AM,false
382,e6-lifecycle-20260706T053732.792354049Z-c4-real-task-0173,signed_post_evalsnapshot,true,2,1783316253766,0,QmbfTxCmxcHLajsThp62tm2pwqsRpuG1kR3xMMAoDmU5AM,false
383,e6-lifecycle-20260706T053732.792354049Z-c4-real-task-0173,signed_vote1,true,1,1783316253768,0,QmbfTxCmxcHLajsThp62tm2pwqsRpuG1kR3xMMAoDmU5AM,false
384,e6-lifecycle-20260706T053732.792354049Z-c4-real-task-0173,signed_vote2,true,2,1783316253769,0,QmbfTxCmxcHLajsThp62tm2pwqsRpuG1kR3xMMAoDmU5AM,false
385,e6-lifecycle-20260706T053732.792354049Z-c4-real-task-0173,signed_settlement,true,2,1783316253771,0,QmbfTxCmxcHLajsThp62tm2pwqsRpuG1kR3xMMAoDmU5AM,false
386,e6-lifecycle-20260706T053732.792354049Z-c4-real-task-0173,signed_query_latest,true,0,1783316253773,0,QmbfTxCmxcHLajsThp62tm2pwqsRpuG1kR3xMMAoDmU5AM,false
387,e6-lifecycle-20260706T053732.792354049Z-c4-real-task-0174,ipfs_add,true,66,1783316253716,5608,,false
388,e6-lifecycle-20260706T053732.792354049Z-c4-real-task-0171,ipfs_add,true,107,1783316253675,4195,,false
389,e6-lifecycle-20260706T053732.792354049Z-c4-real-task-0173,ipfs_verify,true,10,1783316253773,0,QmbfTxCmxcHLajsThp62tm2pwqsRpuG1kR3xMMAoDmU5AM,false
390,e6-lifecycle-20260706T053732.792354049Z-c4-real-task-0174,signed_posttask,true,2,1783316253782,0,QmPxEGbddJ32igioNjm2AWhhmWQnoqqpTMJsfYKy6YhAFx,false
391,e6-lifecycle-20260706T053732.792354049Z-c4-real-task-0174,signed_postallocation,true,2,1783316253784,0,QmPxEGbddJ32igioNjm2AWhhmWQnoqqpTMJsfYKy6YhAFx,false
392,e6-lifecycle-20260706T053732.792354049Z-c4-real-task-0171,signed_posttask,true,6,1783316253782,0,QmZjdLVQXtktv5yJUsy2JQrY7etRcY2dQbqD5P8k7FzLSd,false
393,e6-lifecycle-20260706T053732.792354049Z-c4-real-task-0171,signed_postallocation,true,2,1783316253788,0,QmZjdLVQXtktv5yJUsy2JQrY7etRcY2dQbqD5P8k7FzLSd,false
394,e6-lifecycle-20260706T053732.792354049Z-c4-real-task-0174,signed_post_evalsnapshot,true,6,1783316253786,0,QmPxEGbddJ32igioNjm2AWhhmWQnoqqpTMJsfYKy6YhAFx,false
395,e6-lifecycle-20260706T053732.792354049Z-c4-real-task-0174,signed_vote1,true,2,1783316253792,0,QmPxEGbddJ32igioNjm2AWhhmWQnoqqpTMJsfYKy6YhAFx,false
396,e6-lifecycle-20260706T053732.792354049Z-c4-real-task-0171,signed_post_evalsnapshot,true,6,1783316253790,0,QmZjdLVQXtktv5yJUsy2JQrY7etRcY2dQbqD5P8k7FzLSd,false
397,e6-lifecycle-20260706T053732.792354049Z-c4-real-task-0171,signed_vote1,true,2,1783316253796,0,QmZjdLVQXtktv5yJUsy2JQrY7etRcY2dQbqD5P8k7FzLSd,false
398,e6-lifecycle-20260706T053732.792354049Z-c4-real-task-0174,signed_vote2,true,6,1783316253794,0,QmPxEGbddJ32igioNjm2AWhhmWQnoqqpTMJsfYKy6YhAFx,false
399,e6-lifecycle-20260706T053732.792354049Z-c4-real-task-0174,signed_settlement,true,2,1783316253800,0,QmPxEGbddJ32igioNjm2AWhhmWQnoqqpTMJsfYKy6YhAFx,false
400,e6-lifecycle-20260706T053732.792354049Z-c4-real-task-0171,signed_vote2,true,5,1783316253798,0,QmZjdLVQXtktv5yJUsy2JQrY7etRcY2dQbqD5P8k7FzLSd,false
401,e6-lifecycle-20260706T053732.792354049Z-c4-real-task-0174,signed_query_latest,true,3,1783316253802,0,QmPxEGbddJ32igioNjm2AWhhmWQnoqqpTMJsfYKy6YhAFx,false
402,e6-lifecycle-20260706T053732.792354049Z-c4-real-task-0171,signed_settlement,true,2,1783316253803,0,QmZjdLVQXtktv5yJUsy2JQrY7etRcY2dQbqD5P8k7FzLSd,false
403,e6-lifecycle-20260706T053732.792354049Z-c4-real-task-0171,signed_query_latest,true,0,1783316253805,0,QmZjdLVQXtktv5yJUsy2JQrY7etRcY2dQbqD5P8k7FzLSd,false
404,e6-lifecycle-20260706T053732.792354049Z-c4-real-task-0175,ipfs_add,true,75,1783316253736,3257,,false
405,e6-lifecycle-20260706T053732.792354049Z-c4-real-task-0171,ipfs_verify,true,7,1783316253805,0,QmZjdLVQXtktv5yJUsy2JQrY7etRcY2dQbqD5P8k7FzLSd,false
406,e6-lifecycle-20260706T053732.792354049Z-c4-real-task-0174,ipfs_verify,true,7,1783316253805,0,QmPxEGbddJ32igioNjm2AWhhmWQnoqqpTMJsfYKy6YhAFx,false
407,e6-lifecycle-20260706T053732.792354049Z-c4-real-task-0175,signed_posttask,true,3,1783316253811,0,Qme56HU6MmPTV4JMa2UFRRBLDMk4TTUSKEeBW74bEDj7dJ,false
408,e6-lifecycle-20260706T053732.792354049Z-c4-real-task-0175,signed_postallocation,true,2,1783316253814,0,Qme56HU6MmPTV4JMa2UFRRBLDMk4TTUSKEeBW74bEDj7dJ,false
409,e6-lifecycle-20260706T053732.792354049Z-c4-real-task-0175,signed_post_evalsnapshot,true,1,1783316253816,0,Qme56HU6MmPTV4JMa2UFRRBLDMk4TTUSKEeBW74bEDj7dJ,false
410,e6-lifecycle-20260706T053732.792354049Z-c4-real-task-0175,signed_vote1,true,2,1783316253817,0,Qme56HU6MmPTV4JMa2UFRRBLDMk4TTUSKEeBW74bEDj7dJ,false
411,e6-lifecycle-20260706T053732.792354049Z-c4-real-task-0175,signed_vote2,true,2,1783316253819,0,Qme56HU6MmPTV4JMa2UFRRBLDMk4TTUSKEeBW74bEDj7dJ,false
412,e6-lifecycle-20260706T053732.792354049Z-c4-real-task-0175,signed_settlement,true,2,1783316253821,0,Qme56HU6MmPTV4JMa2UFRRBLDMk4TTUSKEeBW74bEDj7dJ,false
413,e6-lifecycle-20260706T053732.792354049Z-c4-real-task-0175,signed_query_latest,true,0,1783316253823,0,Qme56HU6MmPTV4JMa2UFRRBLDMk4TTUSKEeBW74bEDj7dJ,false
414,e6-lifecycle-20260706T053732.792354049Z-c4-real-task-0175,ipfs_verify,true,7,1783316253823,0,Qme56HU6MmPTV4JMa2UFRRBLDMk4TTUSKEeBW74bEDj7dJ,false
415,e6-lifecycle-20260706T053732.792354049Z-c4-real-task-0176,ipfs_add,true,48,1783316253783,4034,,false
416,e6-lifecycle-20260706T053732.792354049Z-c4-real-task-0176,signed_posttask,true,1,1783316253831,0,QmWYpLa462QawExYZYEgndjMGHkBMC8A8zrbHbrtqQ4Wqh,false
417,e6-lifecycle-20260706T053732.792354049Z-c4-real-task-0176,signed_postallocation,true,1,1783316253832,0,QmWYpLa462QawExYZYEgndjMGHkBMC8A8zrbHbrtqQ4Wqh,false
418,e6-lifecycle-20260706T053732.792354049Z-c4-real-task-0176,signed_post_evalsnapshot,true,1,1783316253834,0,QmWYpLa462QawExYZYEgndjMGHkBMC8A8zrbHbrtqQ4Wqh,false
419,e6-lifecycle-20260706T053732.792354049Z-c4-real-task-0176,signed_vote1,true,2,1783316253835,0,QmWYpLa462QawExYZYEgndjMGHkBMC8A8zrbHbrtqQ4Wqh,false
420,e6-lifecycle-20260706T053732.792354049Z-c4-real-task-0176,signed_vote2,true,1,1783316253837,0,QmWYpLa462QawExYZYEgndjMGHkBMC8A8zrbHbrtqQ4Wqh,false
421,e6-lifecycle-20260706T053732.792354049Z-c4-real-task-0176,signed_settlement,true,2,1783316253838,0,QmWYpLa462QawExYZYEgndjMGHkBMC8A8zrbHbrtqQ4Wqh,false
422,e6-lifecycle-20260706T053732.792354049Z-c4-real-task-0176,signed_query_latest,true,0,1783316253840,0,QmWYpLa462QawExYZYEgndjMGHkBMC8A8zrbHbrtqQ4Wqh,false
423,e6-lifecycle-20260706T053732.792354049Z-c4-real-task-0176,ipfs_verify,true,7,1783316253840,0,QmWYpLa462QawExYZYEgndjMGHkBMC8A8zrbHbrtqQ4Wqh,false
424,e6-lifecycle-20260706T053732.792354049Z-c4-real-task-0178,ipfs_add,true,65,1783316253812,4045,,false
425,e6-lifecycle-20260706T053732.792354049Z-c4-real-task-0178,signed_posttask,true,2,1783316253877,0,QmcMmCeXPTgB5hUZ5zyMPbzTYpXhmULJPRgFkQk49JE2yo,false
426,e6-lifecycle-20260706T053732.792354049Z-c4-real-task-0178,signed_postallocation,true,2,1783316253879,0,QmcMmCeXPTgB5hUZ5zyMPbzTYpXhmULJPRgFkQk49JE2yo,false
427,e6-lifecycle-20260706T053732.792354049Z-c4-real-task-0178,signed_post_evalsnapshot,true,2,1783316253881,0,QmcMmCeXPTgB5hUZ5zyMPbzTYpXhmULJPRgFkQk49JE2yo,false
428,e6-lifecycle-20260706T053732.792354049Z-c4-real-task-0178,signed_vote1,true,1,1783316253883,0,QmcMmCeXPTgB5hUZ5zyMPbzTYpXhmULJPRgFkQk49JE2yo,false
429,e6-lifecycle-20260706T053732.792354049Z-c4-real-task-0178,signed_vote2,true,1,1783316253884,0,QmcMmCeXPTgB5hUZ5zyMPbzTYpXhmULJPRgFkQk49JE2yo,false
430,e6-lifecycle-20260706T053732.792354049Z-c4-real-task-0178,signed_settlement,true,2,1783316253885,0,QmcMmCeXPTgB5hUZ5zyMPbzTYpXhmULJPRgFkQk49JE2yo,false
431,e6-lifecycle-20260706T053732.792354049Z-c4-real-task-0178,signed_query_latest,true,0,1783316253887,0,QmcMmCeXPTgB5hUZ5zyMPbzTYpXhmULJPRgFkQk49JE2yo,false
432,e6-lifecycle-20260706T053732.792354049Z-c4-real-task-0178,ipfs_verify,true,7,1783316253887,0,QmcMmCeXPTgB5hUZ5zyMPbzTYpXhmULJPRgFkQk49JE2yo,false
433,e6-lifecycle-20260706T053732.792354049Z-c4-real-task-0177,ipfs_add,true,83,1783316253812,5306,,false
434,e6-lifecycle-20260706T053732.792354049Z-c4-real-task-0179,ipfs_add,true,65,1783316253830,4715,,false
435,e6-lifecycle-20260706T053732.792354049Z-c4-real-task-0177,signed_posttask,true,2,1783316253895,0,Qme3x2wCQzF4crmA39HiD75kt4VPr32vpRsBDzTvRxgq25,false
436,e6-lifecycle-20260706T053732.792354049Z-c4-real-task-0177,signed_postallocation,true,1,1783316253897,0,Qme3x2wCQzF4crmA39HiD75kt4VPr32vpRsBDzTvRxgq25,false
437,e6-lifecycle-20260706T053732.792354049Z-c4-real-task-0179,signed_posttask,true,5,1783316253895,0,QmQrqM4ZAvnyMT9d45SyZYnGsRCBnWyWFkrZS7cSaxgJa7,false
438,e6-lifecycle-20260706T053732.792354049Z-c4-real-task-0179,signed_postallocation,true,1,1783316253900,0,QmQrqM4ZAvnyMT9d45SyZYnGsRCBnWyWFkrZS7cSaxgJa7,false
439,e6-lifecycle-20260706T053732.792354049Z-c4-real-task-0177,signed_post_evalsnapshot,true,5,1783316253898,0,Qme3x2wCQzF4crmA39HiD75kt4VPr32vpRsBDzTvRxgq25,false
440,e6-lifecycle-20260706T053732.792354049Z-c4-real-task-0177,signed_vote1,true,2,1783316253903,0,Qme3x2wCQzF4crmA39HiD75kt4VPr32vpRsBDzTvRxgq25,false
441,e6-lifecycle-20260706T053732.792354049Z-c4-real-task-0179,signed_post_evalsnapshot,true,6,1783316253901,0,QmQrqM4ZAvnyMT9d45SyZYnGsRCBnWyWFkrZS7cSaxgJa7,false
442,e6-lifecycle-20260706T053732.792354049Z-c4-real-task-0179,signed_vote1,true,1,1783316253907,0,QmQrqM4ZAvnyMT9d45SyZYnGsRCBnWyWFkrZS7cSaxgJa7,false
443,e6-lifecycle-20260706T053732.792354049Z-c4-real-task-0177,signed_vote2,true,5,1783316253905,0,Qme3x2wCQzF4crmA39HiD75kt4VPr32vpRsBDzTvRxgq25,false
444,e6-lifecycle-20260706T053732.792354049Z-c4-real-task-0177,signed_settlement,true,2,1783316253910,0,Qme3x2wCQzF4crmA39HiD75kt4VPr32vpRsBDzTvRxgq25,false
445,e6-lifecycle-20260706T053732.792354049Z-c4-real-task-0179,signed_vote2,true,5,1783316253908,0,QmQrqM4ZAvnyMT9d45SyZYnGsRCBnWyWFkrZS7cSaxgJa7,false
446,e6-lifecycle-20260706T053732.792354049Z-c4-real-task-0177,signed_query_latest,true,3,1783316253912,0,Qme3x2wCQzF4crmA39HiD75kt4VPr32vpRsBDzTvRxgq25,false
447,e6-lifecycle-20260706T053732.792354049Z-c4-real-task-0179,signed_settlement,true,2,1783316253913,0,QmQrqM4ZAvnyMT9d45SyZYnGsRCBnWyWFkrZS7cSaxgJa7,false
448,e6-lifecycle-20260706T053732.792354049Z-c4-real-task-0179,signed_query_latest,true,0,1783316253915,0,QmQrqM4ZAvnyMT9d45SyZYnGsRCBnWyWFkrZS7cSaxgJa7,false
449,e6-lifecycle-20260706T053732.792354049Z-c4-real-task-0180,ipfs_add,true,69,1783316253847,2760,,false
450,e6-lifecycle-20260706T053732.792354049Z-c4-real-task-0180,signed_posttask,true,7,1783316253916,0,QmR6Px5R1u5xpqRRLw23vf5EBSJuihmVCpGdNJzv4EWUGT,false
451,e6-lifecycle-20260706T053732.792354049Z-c4-real-task-0177,ipfs_verify,true,8,1783316253915,0,Qme3x2wCQzF4crmA39HiD75kt4VPr32vpRsBDzTvRxgq25,false
452,e6-lifecycle-20260706T053732.792354049Z-c4-real-task-0179,ipfs_verify,true,8,1783316253915,0,QmQrqM4ZAvnyMT9d45SyZYnGsRCBnWyWFkrZS7cSaxgJa7,false
453,e6-lifecycle-20260706T053732.792354049Z-c4-real-task-0180,signed_postallocation,true,2,1783316253923,0,QmR6Px5R1u5xpqRRLw23vf5EBSJuihmVCpGdNJzv4EWUGT,false
454,e6-lifecycle-20260706T053732.792354049Z-c4-real-task-0180,signed_post_evalsnapshot,true,2,1783316253925,0,QmR6Px5R1u5xpqRRLw23vf5EBSJuihmVCpGdNJzv4EWUGT,false
455,e6-lifecycle-20260706T053732.792354049Z-c4-real-task-0180,signed_vote1,true,2,1783316253927,0,QmR6Px5R1u5xpqRRLw23vf5EBSJuihmVCpGdNJzv4EWUGT,false
456,e6-lifecycle-20260706T053732.792354049Z-c4-real-task-0180,signed_vote2,true,2,1783316253929,0,QmR6Px5R1u5xpqRRLw23vf5EBSJuihmVCpGdNJzv4EWUGT,false
457,e6-lifecycle-20260706T053732.792354049Z-c4-real-task-0180,signed_settlement,true,2,1783316253931,0,QmR6Px5R1u5xpqRRLw23vf5EBSJuihmVCpGdNJzv4EWUGT,false
458,e6-lifecycle-20260706T053732.792354049Z-c4-real-task-0180,signed_query_latest,true,0,1783316253933,0,QmR6Px5R1u5xpqRRLw23vf5EBSJuihmVCpGdNJzv4EWUGT,false
459,e6-lifecycle-20260706T053732.792354049Z-c4-real-task-0180,ipfs_verify,true,9,1783316253933,0,QmR6Px5R1u5xpqRRLw23vf5EBSJuihmVCpGdNJzv4EWUGT,false
460,e6-lifecycle-20260706T053732.792354049Z-c4-real-task-0181,ipfs_add,true,49,1783316253894,7983,,false
461,e6-lifecycle-20260706T053732.792354049Z-c4-real-task-0181,signed_posttask,true,2,1783316253943,0,QmXfW8NQE7G8zKM2qSnSb7fyMnVy3r3ZfRZA2fMzkkS18d,false
462,e6-lifecycle-20260706T053732.792354049Z-c4-real-task-0181,signed_postallocation,true,2,1783316253945,0,QmXfW8NQE7G8zKM2qSnSb7fyMnVy3r3ZfRZA2fMzkkS18d,false
463,e6-lifecycle-20260706T053732.792354049Z-c4-real-task-0181,signed_post_evalsnapshot,true,2,1783316253947,0,QmXfW8NQE7G8zKM2qSnSb7fyMnVy3r3ZfRZA2fMzkkS18d,false
464,e6-lifecycle-20260706T053732.792354049Z-c4-real-task-0181,signed_vote1,true,2,1783316253949,0,QmXfW8NQE7G8zKM2qSnSb7fyMnVy3r3ZfRZA2fMzkkS18d,false
465,e6-lifecycle-20260706T053732.792354049Z-c4-real-task-0181,signed_vote2,true,1,1783316253951,0,QmXfW8NQE7G8zKM2qSnSb7fyMnVy3r3ZfRZA2fMzkkS18d,false
466,e6-lifecycle-20260706T053732.792354049Z-c4-real-task-0181,signed_settlement,true,2,1783316253952,0,QmXfW8NQE7G8zKM2qSnSb7fyMnVy3r3ZfRZA2fMzkkS18d,false
467,e6-lifecycle-20260706T053732.792354049Z-c4-real-task-0181,signed_query_latest,true,0,1783316253954,0,QmXfW8NQE7G8zKM2qSnSb7fyMnVy3r3ZfRZA2fMzkkS18d,false
468,e6-lifecycle-20260706T053732.792354049Z-c4-real-task-0181,ipfs_verify,true,7,1783316253954,0,QmXfW8NQE7G8zKM2qSnSb7fyMnVy3r3ZfRZA2fMzkkS18d,false
469,e6-lifecycle-20260706T053732.792354049Z-c4-real-task-0183,ipfs_add,true,40,1783316253923,4217,,false
470,e6-lifecycle-20260706T053732.792354049Z-c4-real-task-0183,signed_posttask,true,2,1783316253963,0,QmbPwt9E6tLQ5debxusYUVQUr65wy3vAm8TvxdJjEf6yoF,false
471,e6-lifecycle-20260706T053732.792354049Z-c4-real-task-0183,signed_postallocation,true,3,1783316253965,0,QmbPwt9E6tLQ5debxusYUVQUr65wy3vAm8TvxdJjEf6yoF,false
472,e6-lifecycle-20260706T053732.792354049Z-c4-real-task-0183,signed_post_evalsnapshot,true,1,1783316253968,0,QmbPwt9E6tLQ5debxusYUVQUr65wy3vAm8TvxdJjEf6yoF,false
473,e6-lifecycle-20260706T053732.792354049Z-c4-real-task-0183,signed_vote1,true,2,1783316253969,0,QmbPwt9E6tLQ5debxusYUVQUr65wy3vAm8TvxdJjEf6yoF,false
474,e6-lifecycle-20260706T053732.792354049Z-c4-real-task-0183,signed_vote2,true,2,1783316253971,0,QmbPwt9E6tLQ5debxusYUVQUr65wy3vAm8TvxdJjEf6yoF,false
475,e6-lifecycle-20260706T053732.792354049Z-c4-real-task-0183,signed_settlement,true,2,1783316253973,0,QmbPwt9E6tLQ5debxusYUVQUr65wy3vAm8TvxdJjEf6yoF,false
476,e6-lifecycle-20260706T053732.792354049Z-c4-real-task-0183,signed_query_latest,true,0,1783316253975,0,QmbPwt9E6tLQ5debxusYUVQUr65wy3vAm8TvxdJjEf6yoF,false
477,e6-lifecycle-20260706T053732.792354049Z-c4-real-task-0183,ipfs_verify,true,8,1783316253975,0,QmbPwt9E6tLQ5debxusYUVQUr65wy3vAm8TvxdJjEf6yoF,false
478,e6-lifecycle-20260706T053732.792354049Z-c4-real-task-0182,ipfs_add,true,60,1783316253923,7430,,false
479,e6-lifecycle-20260706T053732.792354049Z-c4-real-task-0182,signed_posttask,true,2,1783316253983,0,QmPh87qX4uXxDva18VFEqYFHobSnGGDvKi4JqHTLbhxoLw,false
480,e6-lifecycle-20260706T053732.792354049Z-c4-real-task-0182,signed_postallocation,true,2,1783316253985,0,QmPh87qX4uXxDva18VFEqYFHobSnGGDvKi4JqHTLbhxoLw,false
481,e6-lifecycle-20260706T053732.792354049Z-c4-real-task-0182,signed_post_evalsnapshot,true,1,1783316253987,0,QmPh87qX4uXxDva18VFEqYFHobSnGGDvKi4JqHTLbhxoLw,false
482,e6-lifecycle-20260706T053732.792354049Z-c4-real-task-0182,signed_vote1,true,2,1783316253988,0,QmPh87qX4uXxDva18VFEqYFHobSnGGDvKi4JqHTLbhxoLw,false
483,e6-lifecycle-20260706T053732.792354049Z-c4-real-task-0182,signed_vote2,true,2,1783316253990,0,QmPh87qX4uXxDva18VFEqYFHobSnGGDvKi4JqHTLbhxoLw,false
484,e6-lifecycle-20260706T053732.792354049Z-c4-real-task-0182,signed_settlement,true,2,1783316253992,0,QmPh87qX4uXxDva18VFEqYFHobSnGGDvKi4JqHTLbhxoLw,false
485,e6-lifecycle-20260706T053732.792354049Z-c4-real-task-0182,signed_query_latest,true,0,1783316253994,0,QmPh87qX4uXxDva18VFEqYFHobSnGGDvKi4JqHTLbhxoLw,false
486,e6-lifecycle-20260706T053732.792354049Z-c4-real-task-0184,ipfs_add,true,63,1783316253942,4322,,false
487,e6-lifecycle-20260706T053732.792354049Z-c4-real-task-0184,signed_posttask,true,2,1783316254005,0,QmPSZKSDhc3oMmRRsdGa893tPo9QETi3JkqUddqajNAxLy,false
488,e6-lifecycle-20260706T053732.792354049Z-c4-real-task-0182,ipfs_verify,true,15,1783316253994,0,QmPh87qX4uXxDva18VFEqYFHobSnGGDvKi4JqHTLbhxoLw,false
489,e6-lifecycle-20260706T053732.792354049Z-c4-real-task-0184,signed_postallocation,true,2,1783316254007,0,QmPSZKSDhc3oMmRRsdGa893tPo9QETi3JkqUddqajNAxLy,false
490,e6-lifecycle-20260706T053732.792354049Z-c4-real-task-0184,signed_post_evalsnapshot,true,2,1783316254009,0,QmPSZKSDhc3oMmRRsdGa893tPo9QETi3JkqUddqajNAxLy,false
491,e6-lifecycle-20260706T053732.792354049Z-c4-real-task-0184,signed_vote1,true,2,1783316254011,0,QmPSZKSDhc3oMmRRsdGa893tPo9QETi3JkqUddqajNAxLy,false
492,e6-lifecycle-20260706T053732.792354049Z-c4-real-task-0184,signed_vote2,true,2,1783316254013,0,QmPSZKSDhc3oMmRRsdGa893tPo9QETi3JkqUddqajNAxLy,false
493,e6-lifecycle-20260706T053732.792354049Z-c4-real-task-0184,signed_settlement,true,2,1783316254015,0,QmPSZKSDhc3oMmRRsdGa893tPo9QETi3JkqUddqajNAxLy,false
494,e6-lifecycle-20260706T053732.792354049Z-c4-real-task-0184,signed_query_latest,true,0,1783316254017,0,QmPSZKSDhc3oMmRRsdGa893tPo9QETi3JkqUddqajNAxLy,false
495,e6-lifecycle-20260706T053732.792354049Z-c4-real-task-0185,ipfs_add,true,65,1783316253961,4040,,false
496,e6-lifecycle-20260706T053732.792354049Z-c4-real-task-0184,ipfs_verify,true,9,1783316254017,0,QmPSZKSDhc3oMmRRsdGa893tPo9QETi3JkqUddqajNAxLy,false
497,e6-lifecycle-20260706T053732.792354049Z-c4-real-task-0185,signed_posttask,true,2,1783316254026,0,QmT4bZjUycokNSYzs2a92RaLgz1rz7cYRBH2nyFGYtkV7Q,false
498,e6-lifecycle-20260706T053732.792354049Z-c4-real-task-0185,signed_postallocation,true,14,1783316254028,0,QmT4bZjUycokNSYzs2a92RaLgz1rz7cYRBH2nyFGYtkV7Q,false
499,e6-lifecycle-20260706T053732.792354049Z-c4-real-task-0185,signed_post_evalsnapshot,true,2,1783316254042,0,QmT4bZjUycokNSYzs2a92RaLgz1rz7cYRBH2nyFGYtkV7Q,false
500,e6-lifecycle-20260706T053732.792354049Z-c4-real-task-0185,signed_vote1,true,4,1783316254044,0,QmT4bZjUycokNSYzs2a92RaLgz1rz7cYRBH2nyFGYtkV7Q,false
501,e6-lifecycle-20260706T053732.792354049Z-c4-real-task-0185,signed_vote2,true,3,1783316254048,0,QmT4bZjUycokNSYzs2a92RaLgz1rz7cYRBH2nyFGYtkV7Q,false
502,e6-lifecycle-20260706T053732.792354049Z-c4-real-task-0185,signed_settlement,true,3,1783316254051,0,QmT4bZjUycokNSYzs2a92RaLgz1rz7cYRBH2nyFGYtkV7Q,false
503,e6-lifecycle-20260706T053732.792354049Z-c4-real-task-0185,signed_query_latest,true,0,1783316254054,0,QmT4bZjUycokNSYzs2a92RaLgz1rz7cYRBH2nyFGYtkV7Q,false
504,e6-lifecycle-20260706T053732.792354049Z-c4-real-task-0186,ipfs_add,true,83,1783316253983,3760,,false
505,e6-lifecycle-20260706T053732.792354049Z-c4-real-task-0186,signed_posttask,true,2,1783316254066,0,QmZA8PgSFKJwCnC8xR9o1nzuniwJhwtRPJevn7qR23cM26,false
506,e6-lifecycle-20260706T053732.792354049Z-c4-real-task-0185,ipfs_verify,true,15,1783316254054,0,QmT4bZjUycokNSYzs2a92RaLgz1rz7cYRBH2nyFGYtkV7Q,false
507,e6-lifecycle-20260706T053732.792354049Z-c4-real-task-0186,signed_postallocation,true,2,1783316254068,0,QmZA8PgSFKJwCnC8xR9o1nzuniwJhwtRPJevn7qR23cM26,false
508,e6-lifecycle-20260706T053732.792354049Z-c4-real-task-0186,signed_post_evalsnapshot,true,2,1783316254070,0,QmZA8PgSFKJwCnC8xR9o1nzuniwJhwtRPJevn7qR23cM26,false
509,e6-lifecycle-20260706T053732.792354049Z-c4-real-task-0186,signed_vote1,true,2,1783316254072,0,QmZA8PgSFKJwCnC8xR9o1nzuniwJhwtRPJevn7qR23cM26,false
510,e6-lifecycle-20260706T053732.792354049Z-c4-real-task-0186,signed_vote2,true,1,1783316254074,0,QmZA8PgSFKJwCnC8xR9o1nzuniwJhwtRPJevn7qR23cM26,false
511,e6-lifecycle-20260706T053732.792354049Z-c4-real-task-0186,signed_settlement,true,2,1783316254075,0,QmZA8PgSFKJwCnC8xR9o1nzuniwJhwtRPJevn7qR23cM26,false
512,e6-lifecycle-20260706T053732.792354049Z-c4-real-task-0186,signed_query_latest,true,0,1783316254077,0,QmZA8PgSFKJwCnC8xR9o1nzuniwJhwtRPJevn7qR23cM26,false
513,e6-lifecycle-20260706T053732.792354049Z-c4-real-task-0186,ipfs_verify,true,6,1783316254077,0,QmZA8PgSFKJwCnC8xR9o1nzuniwJhwtRPJevn7qR23cM26,false
514,e6-lifecycle-20260706T053732.792354049Z-c4-real-task-0187,ipfs_add,true,79,1783316254009,3817,,false
515,e6-lifecycle-20260706T053732.792354049Z-c4-real-task-0187,signed_posttask,true,2,1783316254088,0,Qmf8fbnaf3R2y5rxjCXbb3pgaPsQKQp68yoMb3dsh3Aeyh,false
516,e6-lifecycle-20260706T053732.792354049Z-c4-real-task-0187,signed_postallocation,true,2,1783316254090,0,Qmf8fbnaf3R2y5rxjCXbb3pgaPsQKQp68yoMb3dsh3Aeyh,false
517,e6-lifecycle-20260706T053732.792354049Z-c4-real-task-0187,signed_post_evalsnapshot,true,2,1783316254092,0,Qmf8fbnaf3R2y5rxjCXbb3pgaPsQKQp68yoMb3dsh3Aeyh,false
518,e6-lifecycle-20260706T053732.792354049Z-c4-real-task-0187,signed_vote1,true,1,1783316254094,0,Qmf8fbnaf3R2y5rxjCXbb3pgaPsQKQp68yoMb3dsh3Aeyh,false
519,e6-lifecycle-20260706T053732.792354049Z-c4-real-task-0187,signed_vote2,true,2,1783316254095,0,Qmf8fbnaf3R2y5rxjCXbb3pgaPsQKQp68yoMb3dsh3Aeyh,false
520,e6-lifecycle-20260706T053732.792354049Z-c4-real-task-0187,signed_settlement,true,3,1783316254097,0,Qmf8fbnaf3R2y5rxjCXbb3pgaPsQKQp68yoMb3dsh3Aeyh,false
521,e6-lifecycle-20260706T053732.792354049Z-c4-real-task-0187,signed_query_latest,true,0,1783316254100,0,Qmf8fbnaf3R2y5rxjCXbb3pgaPsQKQp68yoMb3dsh3Aeyh,false
522,e6-lifecycle-20260706T053732.792354049Z-c4-real-task-0188,ipfs_add,true,85,1783316254026,3588,,false
523,e6-lifecycle-20260706T053732.792354049Z-c4-real-task-0187,ipfs_verify,true,12,1783316254100,0,Qmf8fbnaf3R2y5rxjCXbb3pgaPsQKQp68yoMb3dsh3Aeyh,false
524,e6-lifecycle-20260706T053732.792354049Z-c4-real-task-0188,signed_posttask,true,2,1783316254111,0,QmcA2snS31e3yhCPjoMSmuW8w6FVceBCsiYRZuzgLXJZRG,false
525,e6-lifecycle-20260706T053732.792354049Z-c4-real-task-0188,signed_postallocation,true,2,1783316254113,0,QmcA2snS31e3yhCPjoMSmuW8w6FVceBCsiYRZuzgLXJZRG,false
526,e6-lifecycle-20260706T053732.792354049Z-c4-real-task-0188,signed_post_evalsnapshot,true,2,1783316254115,0,QmcA2snS31e3yhCPjoMSmuW8w6FVceBCsiYRZuzgLXJZRG,false
527,e6-lifecycle-20260706T053732.792354049Z-c4-real-task-0188,signed_vote1,true,1,1783316254117,0,QmcA2snS31e3yhCPjoMSmuW8w6FVceBCsiYRZuzgLXJZRG,false
528,e6-lifecycle-20260706T053732.792354049Z-c4-real-task-0188,signed_vote2,true,2,1783316254118,0,QmcA2snS31e3yhCPjoMSmuW8w6FVceBCsiYRZuzgLXJZRG,false
529,e6-lifecycle-20260706T053732.792354049Z-c4-real-task-0188,signed_settlement,true,2,1783316254120,0,QmcA2snS31e3yhCPjoMSmuW8w6FVceBCsiYRZuzgLXJZRG,false
530,e6-lifecycle-20260706T053732.792354049Z-c4-real-task-0188,signed_query_latest,true,0,1783316254122,0,QmcA2snS31e3yhCPjoMSmuW8w6FVceBCsiYRZuzgLXJZRG,false
531,e6-lifecycle-20260706T053732.792354049Z-c4-real-task-0188,ipfs_verify,true,12,1783316254122,0,QmcA2snS31e3yhCPjoMSmuW8w6FVceBCsiYRZuzgLXJZRG,false
532,e6-lifecycle-20260706T053732.792354049Z-c4-real-task-0189,ipfs_add,true,66,1783316254069,3813,,false
533,e6-lifecycle-20260706T053732.792354049Z-c4-real-task-0189,signed_posttask,true,2,1783316254135,0,QmddcGv3BfwnFZsm5H1ArqWuKN7jPveB9ZhCJXqBYVXr4Z,false
534,e6-lifecycle-20260706T053732.792354049Z-c4-real-task-0189,signed_postallocation,true,1,1783316254137,0,QmddcGv3BfwnFZsm5H1ArqWuKN7jPveB9ZhCJXqBYVXr4Z,false
535,e6-lifecycle-20260706T053732.792354049Z-c4-real-task-0189,signed_post_evalsnapshot,true,2,1783316254138,0,QmddcGv3BfwnFZsm5H1ArqWuKN7jPveB9ZhCJXqBYVXr4Z,false
536,e6-lifecycle-20260706T053732.792354049Z-c4-real-task-0189,signed_vote1,true,2,1783316254140,0,QmddcGv3BfwnFZsm5H1ArqWuKN7jPveB9ZhCJXqBYVXr4Z,false
537,e6-lifecycle-20260706T053732.792354049Z-c4-real-task-0189,signed_vote2,true,2,1783316254142,0,QmddcGv3BfwnFZsm5H1ArqWuKN7jPveB9ZhCJXqBYVXr4Z,false
538,e6-lifecycle-20260706T053732.792354049Z-c4-real-task-0189,signed_settlement,true,1,1783316254144,0,QmddcGv3BfwnFZsm5H1ArqWuKN7jPveB9ZhCJXqBYVXr4Z,false
539,e6-lifecycle-20260706T053732.792354049Z-c4-real-task-0189,signed_query_latest,true,0,1783316254145,0,QmddcGv3BfwnFZsm5H1ArqWuKN7jPveB9ZhCJXqBYVXr4Z,false
540,e6-lifecycle-20260706T053732.792354049Z-c4-real-task-0189,ipfs_verify,true,9,1783316254145,0,QmddcGv3BfwnFZsm5H1ArqWuKN7jPveB9ZhCJXqBYVXr4Z,false
541,e6-lifecycle-20260706T053732.792354049Z-c4-real-task-0190,ipfs_add,true,76,1783316254083,4444,,false
542,e6-lifecycle-20260706T053732.792354049Z-c4-real-task-0190,signed_posttask,true,3,1783316254159,0,QmTYyB6jg19PhoaP2Bg8ox3B4TonwPSLo68XR9yyH3VskB,false
543,e6-lifecycle-20260706T053732.792354049Z-c4-real-task-0190,signed_postallocation,true,2,1783316254162,0,QmTYyB6jg19PhoaP2Bg8ox3B4TonwPSLo68XR9yyH3VskB,false
544,e6-lifecycle-20260706T053732.792354049Z-c4-real-task-0190,signed_post_evalsnapshot,true,2,1783316254164,0,QmTYyB6jg19PhoaP2Bg8ox3B4TonwPSLo68XR9yyH3VskB,false
545,e6-lifecycle-20260706T053732.792354049Z-c4-real-task-0190,signed_vote1,true,1,1783316254166,0,QmTYyB6jg19PhoaP2Bg8ox3B4TonwPSLo68XR9yyH3VskB,false
546,e6-lifecycle-20260706T053732.792354049Z-c4-real-task-0190,signed_vote2,true,2,1783316254167,0,QmTYyB6jg19PhoaP2Bg8ox3B4TonwPSLo68XR9yyH3VskB,false
547,e6-lifecycle-20260706T053732.792354049Z-c4-real-task-0190,signed_settlement,true,2,1783316254169,0,QmTYyB6jg19PhoaP2Bg8ox3B4TonwPSLo68XR9yyH3VskB,false
548,e6-lifecycle-20260706T053732.792354049Z-c4-real-task-0190,signed_query_latest,true,0,1783316254171,0,QmTYyB6jg19PhoaP2Bg8ox3B4TonwPSLo68XR9yyH3VskB,false
549,e6-lifecycle-20260706T053732.792354049Z-c4-real-task-0191,ipfs_add,true,68,1783316254112,4761,,false
550,e6-lifecycle-20260706T053732.792354049Z-c4-real-task-0190,ipfs_verify,true,12,1783316254171,0,QmTYyB6jg19PhoaP2Bg8ox3B4TonwPSLo68XR9yyH3VskB,false
551,e6-lifecycle-20260706T053732.792354049Z-c4-real-task-0191,signed_posttask,true,3,1783316254180,0,QmQK4ChDQQAbfnUHBQHNjhVcC13LjvmaW51QAJHKkyJuWr,false
552,e6-lifecycle-20260706T053732.792354049Z-c4-real-task-0191,signed_postallocation,true,2,1783316254183,0,QmQK4ChDQQAbfnUHBQHNjhVcC13LjvmaW51QAJHKkyJuWr,false
553,e6-lifecycle-20260706T053732.792354049Z-c4-real-task-0191,signed_post_evalsnapshot,true,2,1783316254185,0,QmQK4ChDQQAbfnUHBQHNjhVcC13LjvmaW51QAJHKkyJuWr,false
554,e6-lifecycle-20260706T053732.792354049Z-c4-real-task-0191,signed_vote1,true,2,1783316254187,0,QmQK4ChDQQAbfnUHBQHNjhVcC13LjvmaW51QAJHKkyJuWr,false
555,e6-lifecycle-20260706T053732.792354049Z-c4-real-task-0191,signed_vote2,true,2,1783316254189,0,QmQK4ChDQQAbfnUHBQHNjhVcC13LjvmaW51QAJHKkyJuWr,false
556,e6-lifecycle-20260706T053732.792354049Z-c4-real-task-0191,signed_settlement,true,2,1783316254191,0,QmQK4ChDQQAbfnUHBQHNjhVcC13LjvmaW51QAJHKkyJuWr,false
557,e6-lifecycle-20260706T053732.792354049Z-c4-real-task-0191,signed_query_latest,true,0,1783316254193,0,QmQK4ChDQQAbfnUHBQHNjhVcC13LjvmaW51QAJHKkyJuWr,false
558,e6-lifecycle-20260706T053732.792354049Z-c4-real-task-0192,ipfs_add,true,69,1783316254134,4212,,false
559,e6-lifecycle-20260706T053732.792354049Z-c4-real-task-0192,signed_posttask,true,1,1783316254203,0,QmWMsVVs2hySKHixiKJetRsQBSH7CcjzbQrS3sZphmmfLm,false
560,e6-lifecycle-20260706T053732.792354049Z-c4-real-task-0191,ipfs_verify,true,13,1783316254193,0,QmQK4ChDQQAbfnUHBQHNjhVcC13LjvmaW51QAJHKkyJuWr,false
561,e6-lifecycle-20260706T053732.792354049Z-c4-real-task-0192,signed_postallocation,true,2,1783316254204,0,QmWMsVVs2hySKHixiKJetRsQBSH7CcjzbQrS3sZphmmfLm,false
562,e6-lifecycle-20260706T053732.792354049Z-c4-real-task-0192,signed_post_evalsnapshot,true,2,1783316254206,0,QmWMsVVs2hySKHixiKJetRsQBSH7CcjzbQrS3sZphmmfLm,false
563,e6-lifecycle-20260706T053732.792354049Z-c4-real-task-0192,signed_vote1,true,2,1783316254208,0,QmWMsVVs2hySKHixiKJetRsQBSH7CcjzbQrS3sZphmmfLm,false
564,e6-lifecycle-20260706T053732.792354049Z-c4-real-task-0192,signed_vote2,true,2,1783316254210,0,QmWMsVVs2hySKHixiKJetRsQBSH7CcjzbQrS3sZphmmfLm,false
565,e6-lifecycle-20260706T053732.792354049Z-c4-real-task-0192,signed_settlement,true,2,1783316254212,0,QmWMsVVs2hySKHixiKJetRsQBSH7CcjzbQrS3sZphmmfLm,false
566,e6-lifecycle-20260706T053732.792354049Z-c4-real-task-0192,signed_query_latest,true,0,1783316254214,0,QmWMsVVs2hySKHixiKJetRsQBSH7CcjzbQrS3sZphmmfLm,false
567,e6-lifecycle-20260706T053732.792354049Z-c4-real-task-0192,ipfs_verify,true,8,1783316254214,0,QmWMsVVs2hySKHixiKJetRsQBSH7CcjzbQrS3sZphmmfLm,false
568,e6-lifecycle-20260706T053732.792354049Z-c4-real-task-0193,ipfs_add,true,76,1783316254154,3656,,false
569,e6-lifecycle-20260706T053732.792354049Z-c4-real-task-0193,signed_posttask,true,2,1783316254230,0,QmW9nojj3tyFNDDEodDC3x43Y5jA3Ac4z7TE78zw1HD6qu,false
570,e6-lifecycle-20260706T053732.792354049Z-c4-real-task-0193,signed_postallocation,true,2,1783316254232,0,QmW9nojj3tyFNDDEodDC3x43Y5jA3Ac4z7TE78zw1HD6qu,false
571,e6-lifecycle-20260706T053732.792354049Z-c4-real-task-0193,signed_post_evalsnapshot,true,1,1783316254234,0,QmW9nojj3tyFNDDEodDC3x43Y5jA3Ac4z7TE78zw1HD6qu,false
572,e6-lifecycle-20260706T053732.792354049Z-c4-real-task-0193,signed_vote1,true,3,1783316254235,0,QmW9nojj3tyFNDDEodDC3x43Y5jA3Ac4z7TE78zw1HD6qu,false
573,e6-lifecycle-20260706T053732.792354049Z-c4-real-task-0193,signed_vote2,true,2,1783316254238,0,QmW9nojj3tyFNDDEodDC3x43Y5jA3Ac4z7TE78zw1HD6qu,false
574,e6-lifecycle-20260706T053732.792354049Z-c4-real-task-0193,signed_settlement,true,1,1783316254240,0,QmW9nojj3tyFNDDEodDC3x43Y5jA3Ac4z7TE78zw1HD6qu,false
575,e6-lifecycle-20260706T053732.792354049Z-c4-real-task-0193,signed_query_latest,true,0,1783316254241,0,QmW9nojj3tyFNDDEodDC3x43Y5jA3Ac4z7TE78zw1HD6qu,false
576,e6-lifecycle-20260706T053732.792354049Z-c4-real-task-0193,ipfs_verify,true,11,1783316254241,0,QmW9nojj3tyFNDDEodDC3x43Y5jA3Ac4z7TE78zw1HD6qu,false
577,e6-lifecycle-20260706T053732.792354049Z-c4-real-task-0194,ipfs_add,true,69,1783316254183,5127,,false
578,e6-lifecycle-20260706T053732.792354049Z-c4-real-task-0194,signed_posttask,true,2,1783316254252,0,QmUQkF6tMKomfpeYcTdtmNy7TBXYJGRPRM9P1cpCwR1MJF,false
579,e6-lifecycle-20260706T053732.792354049Z-c4-real-task-0194,signed_postallocation,true,1,1783316254254,0,QmUQkF6tMKomfpeYcTdtmNy7TBXYJGRPRM9P1cpCwR1MJF,false
580,e6-lifecycle-20260706T053732.792354049Z-c4-real-task-0194,signed_post_evalsnapshot,true,1,1783316254255,0,QmUQkF6tMKomfpeYcTdtmNy7TBXYJGRPRM9P1cpCwR1MJF,false
581,e6-lifecycle-20260706T053732.792354049Z-c4-real-task-0194,signed_vote1,true,2,1783316254256,0,QmUQkF6tMKomfpeYcTdtmNy7TBXYJGRPRM9P1cpCwR1MJF,false
582,e6-lifecycle-20260706T053732.792354049Z-c4-real-task-0194,signed_vote2,true,2,1783316254258,0,QmUQkF6tMKomfpeYcTdtmNy7TBXYJGRPRM9P1cpCwR1MJF,false
583,e6-lifecycle-20260706T053732.792354049Z-c4-real-task-0194,signed_settlement,true,2,1783316254260,0,QmUQkF6tMKomfpeYcTdtmNy7TBXYJGRPRM9P1cpCwR1MJF,false
584,e6-lifecycle-20260706T053732.792354049Z-c4-real-task-0194,signed_query_latest,true,0,1783316254262,0,QmUQkF6tMKomfpeYcTdtmNy7TBXYJGRPRM9P1cpCwR1MJF,false
585,e6-lifecycle-20260706T053732.792354049Z-c4-real-task-0194,ipfs_verify,true,8,1783316254262,0,QmUQkF6tMKomfpeYcTdtmNy7TBXYJGRPRM9P1cpCwR1MJF,false
586,e6-lifecycle-20260706T053732.792354049Z-c4-real-task-0195,ipfs_add,true,67,1783316254206,4765,,false
587,e6-lifecycle-20260706T053732.792354049Z-c4-real-task-0195,signed_posttask,true,2,1783316254273,0,QmWaLq11VC2STk3MM8gwJdsmwiV6pMb8XyjpXUZRgju27h,false
588,e6-lifecycle-20260706T053732.792354049Z-c4-real-task-0195,signed_postallocation,true,2,1783316254275,0,QmWaLq11VC2STk3MM8gwJdsmwiV6pMb8XyjpXUZRgju27h,false
589,e6-lifecycle-20260706T053732.792354049Z-c4-real-task-0195,signed_post_evalsnapshot,true,1,1783316254277,0,QmWaLq11VC2STk3MM8gwJdsmwiV6pMb8XyjpXUZRgju27h,false
590,e6-lifecycle-20260706T053732.792354049Z-c4-real-task-0195,signed_vote1,true,2,1783316254278,0,QmWaLq11VC2STk3MM8gwJdsmwiV6pMb8XyjpXUZRgju27h,false
591,e6-lifecycle-20260706T053732.792354049Z-c4-real-task-0195,signed_vote2,true,2,1783316254280,0,QmWaLq11VC2STk3MM8gwJdsmwiV6pMb8XyjpXUZRgju27h,false
592,e6-lifecycle-20260706T053732.792354049Z-c4-real-task-0195,signed_settlement,true,1,1783316254282,0,QmWaLq11VC2STk3MM8gwJdsmwiV6pMb8XyjpXUZRgju27h,false
593,e6-lifecycle-20260706T053732.792354049Z-c4-real-task-0195,signed_query_latest,true,0,1783316254283,0,QmWaLq11VC2STk3MM8gwJdsmwiV6pMb8XyjpXUZRgju27h,false
594,e6-lifecycle-20260706T053732.792354049Z-c4-real-task-0195,ipfs_verify,true,9,1783316254283,0,QmWaLq11VC2STk3MM8gwJdsmwiV6pMb8XyjpXUZRgju27h,false
595,e6-lifecycle-20260706T053732.792354049Z-c4-real-task-0196,ipfs_add,true,83,1783316254223,4122,,false
596,e6-lifecycle-20260706T053732.792354049Z-c4-real-task-0196,signed_posttask,true,4,1783316254306,0,QmTQ1PbJFgNKhVego5qTuyTZaXyLBFPkpTGPcPVQGwbk9W,false
597,e6-lifecycle-20260706T053732.792354049Z-c4-real-task-0196,signed_postallocation,true,1,1783316254310,0,QmTQ1PbJFgNKhVego5qTuyTZaXyLBFPkpTGPcPVQGwbk9W,false
598,e6-lifecycle-20260706T053732.792354049Z-c4-real-task-0196,signed_post_evalsnapshot,true,2,1783316254311,0,QmTQ1PbJFgNKhVego5qTuyTZaXyLBFPkpTGPcPVQGwbk9W,false
599,e6-lifecycle-20260706T053732.792354049Z-c4-real-task-0196,signed_vote1,true,2,1783316254313,0,QmTQ1PbJFgNKhVego5qTuyTZaXyLBFPkpTGPcPVQGwbk9W,false
600,e6-lifecycle-20260706T053732.792354049Z-c4-real-task-0196,signed_vote2,true,2,1783316254315,0,QmTQ1PbJFgNKhVego5qTuyTZaXyLBFPkpTGPcPVQGwbk9W,false
601,e6-lifecycle-20260706T053732.792354049Z-c4-real-task-0196,signed_settlement,true,2,1783316254317,0,QmTQ1PbJFgNKhVego5qTuyTZaXyLBFPkpTGPcPVQGwbk9W,false
602,e6-lifecycle-20260706T053732.792354049Z-c4-real-task-0196,signed_query_latest,true,0,1783316254319,0,QmTQ1PbJFgNKhVego5qTuyTZaXyLBFPkpTGPcPVQGwbk9W,false
603,e6-lifecycle-20260706T053732.792354049Z-c4-real-task-0196,ipfs_verify,true,7,1783316254319,0,QmTQ1PbJFgNKhVego5qTuyTZaXyLBFPkpTGPcPVQGwbk9W,false
604,e6-lifecycle-20260706T053732.792354049Z-c4-real-task-0197,ipfs_add,true,81,1783316254252,4817,,false
605,e6-lifecycle-20260706T053732.792354049Z-c4-real-task-0197,signed_posttask,true,2,1783316254333,0,QmbvahhBBxPPJvX1kedLaAKjiVK7gTyk8mGFKobzfLRtWp,false
606,e6-lifecycle-20260706T053732.792354049Z-c4-real-task-0197,signed_postallocation,true,3,1783316254335,0,QmbvahhBBxPPJvX1kedLaAKjiVK7gTyk8mGFKobzfLRtWp,false
607,e6-lifecycle-20260706T053732.792354049Z-c4-real-task-0197,signed_post_evalsnapshot,true,2,1783316254338,0,QmbvahhBBxPPJvX1kedLaAKjiVK7gTyk8mGFKobzfLRtWp,false
608,e6-lifecycle-20260706T053732.792354049Z-c4-real-task-0197,signed_vote1,true,2,1783316254340,0,QmbvahhBBxPPJvX1kedLaAKjiVK7gTyk8mGFKobzfLRtWp,false
609,e6-lifecycle-20260706T053732.792354049Z-c4-real-task-0197,signed_vote2,true,1,1783316254342,0,QmbvahhBBxPPJvX1kedLaAKjiVK7gTyk8mGFKobzfLRtWp,false
610,e6-lifecycle-20260706T053732.792354049Z-c4-real-task-0197,signed_settlement,true,2,1783316254343,0,QmbvahhBBxPPJvX1kedLaAKjiVK7gTyk8mGFKobzfLRtWp,false
611,e6-lifecycle-20260706T053732.792354049Z-c4-real-task-0197,signed_query_latest,true,0,1783316254345,0,QmbvahhBBxPPJvX1kedLaAKjiVK7gTyk8mGFKobzfLRtWp,false
612,e6-lifecycle-20260706T053732.792354049Z-c4-real-task-0197,ipfs_verify,true,8,1783316254345,0,QmbvahhBBxPPJvX1kedLaAKjiVK7gTyk8mGFKobzfLRtWp,false
613,e6-lifecycle-20260706T053732.792354049Z-c4-real-task-0198,ipfs_add,true,83,1783316254270,3540,,false
614,e6-lifecycle-20260706T053732.792354049Z-c4-real-task-0198,signed_posttask,true,3,1783316254353,0,QmZWNqHHBwy3oA7Ng8hVTaUMhZ6QkUps6zYhcegYz5enFd,false
615,e6-lifecycle-20260706T053732.792354049Z-c4-real-task-0198,signed_postallocation,true,1,1783316254356,0,QmZWNqHHBwy3oA7Ng8hVTaUMhZ6QkUps6zYhcegYz5enFd,false
616,e6-lifecycle-20260706T053732.792354049Z-c4-real-task-0198,signed_post_evalsnapshot,true,2,1783316254357,0,QmZWNqHHBwy3oA7Ng8hVTaUMhZ6QkUps6zYhcegYz5enFd,false
617,e6-lifecycle-20260706T053732.792354049Z-c4-real-task-0198,signed_vote1,true,2,1783316254359,0,QmZWNqHHBwy3oA7Ng8hVTaUMhZ6QkUps6zYhcegYz5enFd,false
618,e6-lifecycle-20260706T053732.792354049Z-c4-real-task-0198,signed_vote2,true,2,1783316254361,0,QmZWNqHHBwy3oA7Ng8hVTaUMhZ6QkUps6zYhcegYz5enFd,false
619,e6-lifecycle-20260706T053732.792354049Z-c4-real-task-0198,signed_settlement,true,2,1783316254363,0,QmZWNqHHBwy3oA7Ng8hVTaUMhZ6QkUps6zYhcegYz5enFd,false
620,e6-lifecycle-20260706T053732.792354049Z-c4-real-task-0198,signed_query_latest,true,0,1783316254365,0,QmZWNqHHBwy3oA7Ng8hVTaUMhZ6QkUps6zYhcegYz5enFd,false
621,e6-lifecycle-20260706T053732.792354049Z-c4-real-task-0199,ipfs_add,true,84,1783316254292,5047,,false
622,e6-lifecycle-20260706T053732.792354049Z-c4-real-task-0198,ipfs_verify,true,12,1783316254365,0,QmZWNqHHBwy3oA7Ng8hVTaUMhZ6QkUps6zYhcegYz5enFd,false
623,e6-lifecycle-20260706T053732.792354049Z-c4-real-task-0199,signed_posttask,true,2,1783316254376,0,QmWy11MokeVCNQuSN9bfWQHz1CevithknjYMzKuymcZo7S,false
624,e6-lifecycle-20260706T053732.792354049Z-c4-real-task-0199,signed_postallocation,true,2,1783316254378,0,QmWy11MokeVCNQuSN9bfWQHz1CevithknjYMzKuymcZo7S,false
625,e6-lifecycle-20260706T053732.792354049Z-c4-real-task-0199,signed_post_evalsnapshot,true,1,1783316254380,0,QmWy11MokeVCNQuSN9bfWQHz1CevithknjYMzKuymcZo7S,false
626,e6-lifecycle-20260706T053732.792354049Z-c4-real-task-0199,signed_vote1,true,2,1783316254381,0,QmWy11MokeVCNQuSN9bfWQHz1CevithknjYMzKuymcZo7S,false
627,e6-lifecycle-20260706T053732.792354049Z-c4-real-task-0199,signed_vote2,true,2,1783316254383,0,QmWy11MokeVCNQuSN9bfWQHz1CevithknjYMzKuymcZo7S,false
628,e6-lifecycle-20260706T053732.792354049Z-c4-real-task-0199,signed_settlement,true,1,1783316254385,0,QmWy11MokeVCNQuSN9bfWQHz1CevithknjYMzKuymcZo7S,false
629,e6-lifecycle-20260706T053732.792354049Z-c4-real-task-0199,signed_query_latest,true,0,1783316254386,0,QmWy11MokeVCNQuSN9bfWQHz1CevithknjYMzKuymcZo7S,false
630,e6-lifecycle-20260706T053732.792354049Z-c4-real-task-0199,ipfs_verify,true,8,1783316254386,0,QmWy11MokeVCNQuSN9bfWQHz1CevithknjYMzKuymcZo7S,false
631,e6-lifecycle-20260706T053732.792354049Z-c4-real-task-0200,ipfs_add,true,80,1783316254326,5145,,false
632,e6-lifecycle-20260706T053732.792354049Z-c4-real-task-0200,signed_posttask,true,1,1783316254406,0,QmWsn3VH4qEmQoJUcTTgaCC8C8yvu9U6JQYjovtYXaQr7y,false
633,e6-lifecycle-20260706T053732.792354049Z-c4-real-task-0200,signed_postallocation,true,2,1783316254407,0,QmWsn3VH4qEmQoJUcTTgaCC8C8yvu9U6JQYjovtYXaQr7y,false
634,e6-lifecycle-20260706T053732.792354049Z-c4-real-task-0200,signed_post_evalsnapshot,true,2,1783316254409,0,QmWsn3VH4qEmQoJUcTTgaCC8C8yvu9U6JQYjovtYXaQr7y,false
635,e6-lifecycle-20260706T053732.792354049Z-c4-real-task-0200,signed_vote1,true,2,1783316254411,0,QmWsn3VH4qEmQoJUcTTgaCC8C8yvu9U6JQYjovtYXaQr7y,false
636,e6-lifecycle-20260706T053732.792354049Z-c4-real-task-0200,signed_vote2,true,3,1783316254413,0,QmWsn3VH4qEmQoJUcTTgaCC8C8yvu9U6JQYjovtYXaQr7y,false
637,e6-lifecycle-20260706T053732.792354049Z-c4-real-task-0200,signed_settlement,true,2,1783316254416,0,QmWsn3VH4qEmQoJUcTTgaCC8C8yvu9U6JQYjovtYXaQr7y,false
638,e6-lifecycle-20260706T053732.792354049Z-c4-real-task-0200,signed_query_latest,true,0,1783316254418,0,QmWsn3VH4qEmQoJUcTTgaCC8C8yvu9U6JQYjovtYXaQr7y,false
639,e6-lifecycle-20260706T053732.792354049Z-c4-real-task-0200,ipfs_verify,true,10,1783316254418,0,QmWsn3VH4qEmQoJUcTTgaCC8C8yvu9U6JQYjovtYXaQr7y,false
640,e6-lifecycle-20260706T053732.792354049Z-c4-real-task-0201,ipfs_add,true,77,1783316254353,4340,,false
641,e6-lifecycle-20260706T053732.792354049Z-c4-real-task-0201,signed_posttask,true,2,1783316254430,0,QmdjzG35Tv9EawU3dwjehMfhybFdJmmnFHpEtFdcm5VuFK,false
642,e6-lifecycle-20260706T053732.792354049Z-c4-real-task-0201,signed_postallocation,true,1,1783316254433,0,QmdjzG35Tv9EawU3dwjehMfhybFdJmmnFHpEtFdcm5VuFK,false
643,e6-lifecycle-20260706T053732.792354049Z-c4-real-task-0201,signed_post_evalsnapshot,true,4,1783316254434,0,QmdjzG35Tv9EawU3dwjehMfhybFdJmmnFHpEtFdcm5VuFK,false
644,e6-lifecycle-20260706T053732.792354049Z-c4-real-task-0201,signed_vote1,true,1,1783316254438,0,QmdjzG35Tv9EawU3dwjehMfhybFdJmmnFHpEtFdcm5VuFK,false
645,e6-lifecycle-20260706T053732.792354049Z-c4-real-task-0201,signed_vote2,true,2,1783316254439,0,QmdjzG35Tv9EawU3dwjehMfhybFdJmmnFHpEtFdcm5VuFK,false
646,e6-lifecycle-20260706T053732.792354049Z-c4-real-task-0201,signed_settlement,true,10,1783316254441,0,QmdjzG35Tv9EawU3dwjehMfhybFdJmmnFHpEtFdcm5VuFK,false
647,e6-lifecycle-20260706T053732.792354049Z-c4-real-task-0201,signed_query_latest,true,0,1783316254451,0,QmdjzG35Tv9EawU3dwjehMfhybFdJmmnFHpEtFdcm5VuFK,false
648,e6-lifecycle-20260706T053732.792354049Z-c4-real-task-0202,ipfs_add,true,81,1783316254377,4638,,false
649,e6-lifecycle-20260706T053732.792354049Z-c4-real-task-0201,ipfs_verify,true,9,1783316254451,0,QmdjzG35Tv9EawU3dwjehMfhybFdJmmnFHpEtFdcm5VuFK,false
650,e6-lifecycle-20260706T053732.792354049Z-c4-real-task-0202,signed_posttask,true,3,1783316254458,0,QmejhkZWTARckuAaEe1Q6SLFZ3XMmF1EjcDYpHuMGkpBsf,false
651,e6-lifecycle-20260706T053732.792354049Z-c4-real-task-0202,signed_postallocation,true,3,1783316254461,0,QmejhkZWTARckuAaEe1Q6SLFZ3XMmF1EjcDYpHuMGkpBsf,false
652,e6-lifecycle-20260706T053732.792354049Z-c4-real-task-0202,signed_post_evalsnapshot,true,2,1783316254464,0,QmejhkZWTARckuAaEe1Q6SLFZ3XMmF1EjcDYpHuMGkpBsf,false
653,e6-lifecycle-20260706T053732.792354049Z-c4-real-task-0202,signed_vote1,true,2,1783316254466,0,QmejhkZWTARckuAaEe1Q6SLFZ3XMmF1EjcDYpHuMGkpBsf,false
654,e6-lifecycle-20260706T053732.792354049Z-c4-real-task-0202,signed_vote2,true,2,1783316254468,0,QmejhkZWTARckuAaEe1Q6SLFZ3XMmF1EjcDYpHuMGkpBsf,false
655,e6-lifecycle-20260706T053732.792354049Z-c4-real-task-0202,signed_settlement,true,2,1783316254470,0,QmejhkZWTARckuAaEe1Q6SLFZ3XMmF1EjcDYpHuMGkpBsf,false
656,e6-lifecycle-20260706T053732.792354049Z-c4-real-task-0202,signed_query_latest,true,0,1783316254472,0,QmejhkZWTARckuAaEe1Q6SLFZ3XMmF1EjcDYpHuMGkpBsf,false
657,e6-lifecycle-20260706T053732.792354049Z-c4-real-task-0203,ipfs_add,true,86,1783316254394,1827,,false
658,e6-lifecycle-20260706T053732.792354049Z-c4-real-task-0202,ipfs_verify,true,9,1783316254472,0,QmejhkZWTARckuAaEe1Q6SLFZ3XMmF1EjcDYpHuMGkpBsf,false
659,e6-lifecycle-20260706T053732.792354049Z-c4-real-task-0203,signed_posttask,true,2,1783316254480,0,QmR9AwrhqhKCpezziPe8S8GRSS3cqcjrASSQ3HJBYfXh7k,false
660,e6-lifecycle-20260706T053732.792354049Z-c4-real-task-0203,signed_postallocation,true,2,1783316254482,0,QmR9AwrhqhKCpezziPe8S8GRSS3cqcjrASSQ3HJBYfXh7k,false
661,e6-lifecycle-20260706T053732.792354049Z-c4-real-task-0203,signed_post_evalsnapshot,true,2,1783316254484,0,QmR9AwrhqhKCpezziPe8S8GRSS3cqcjrASSQ3HJBYfXh7k,false
662,e6-lifecycle-20260706T053732.792354049Z-c4-real-task-0203,signed_vote1,true,2,1783316254486,0,QmR9AwrhqhKCpezziPe8S8GRSS3cqcjrASSQ3HJBYfXh7k,false
663,e6-lifecycle-20260706T053732.792354049Z-c4-real-task-0203,signed_vote2,true,2,1783316254488,0,QmR9AwrhqhKCpezziPe8S8GRSS3cqcjrASSQ3HJBYfXh7k,false
664,e6-lifecycle-20260706T053732.792354049Z-c4-real-task-0203,signed_settlement,true,2,1783316254490,0,QmR9AwrhqhKCpezziPe8S8GRSS3cqcjrASSQ3HJBYfXh7k,false
665,e6-lifecycle-20260706T053732.792354049Z-c4-real-task-0203,signed_query_latest,true,0,1783316254492,0,QmR9AwrhqhKCpezziPe8S8GRSS3cqcjrASSQ3HJBYfXh7k,false
666,e6-lifecycle-20260706T053732.792354049Z-c4-real-task-0203,ipfs_verify,true,8,1783316254492,0,QmR9AwrhqhKCpezziPe8S8GRSS3cqcjrASSQ3HJBYfXh7k,false
667,e6-lifecycle-20260706T053732.792354049Z-c4-real-task-0204,ipfs_add,true,77,1783316254428,3115,,false
668,e6-lifecycle-20260706T053732.792354049Z-c4-real-task-0204,signed_posttask,true,2,1783316254505,0,QmT17R388wMj8koQenucVuHVy5XiFPC6auRTn2sDFmDkQF,false
669,e6-lifecycle-20260706T053732.792354049Z-c4-real-task-0204,signed_postallocation,true,2,1783316254507,0,QmT17R388wMj8koQenucVuHVy5XiFPC6auRTn2sDFmDkQF,false
670,e6-lifecycle-20260706T053732.792354049Z-c4-real-task-0204,signed_post_evalsnapshot,true,2,1783316254509,0,QmT17R388wMj8koQenucVuHVy5XiFPC6auRTn2sDFmDkQF,false
671,e6-lifecycle-20260706T053732.792354049Z-c4-real-task-0204,signed_vote1,true,2,1783316254511,0,QmT17R388wMj8koQenucVuHVy5XiFPC6auRTn2sDFmDkQF,false
672,e6-lifecycle-20260706T053732.792354049Z-c4-real-task-0204,signed_vote2,true,2,1783316254513,0,QmT17R388wMj8koQenucVuHVy5XiFPC6auRTn2sDFmDkQF,false
673,e6-lifecycle-20260706T053732.792354049Z-c4-real-task-0204,signed_settlement,true,1,1783316254515,0,QmT17R388wMj8koQenucVuHVy5XiFPC6auRTn2sDFmDkQF,false
674,e6-lifecycle-20260706T053732.792354049Z-c4-real-task-0204,signed_query_latest,true,0,1783316254516,0,QmT17R388wMj8koQenucVuHVy5XiFPC6auRTn2sDFmDkQF,false
675,e6-lifecycle-20260706T053732.792354049Z-c4-real-task-0205,ipfs_add,true,62,1783316254461,2139,,false
676,e6-lifecycle-20260706T053732.792354049Z-c4-real-task-0204,ipfs_verify,true,8,1783316254516,0,QmT17R388wMj8koQenucVuHVy5XiFPC6auRTn2sDFmDkQF,false
677,e6-lifecycle-20260706T053732.792354049Z-c4-real-task-0205,signed_posttask,true,5,1783316254523,0,QmUUFnwdCbT48nkPpC4zLFD1bWTmkmSZxRTWRwZWU44JUW,false
678,e6-lifecycle-20260706T053732.792354049Z-c4-real-task-0205,signed_postallocation,true,2,1783316254528,0,QmUUFnwdCbT48nkPpC4zLFD1bWTmkmSZxRTWRwZWU44JUW,false
679,e6-lifecycle-20260706T053732.792354049Z-c4-real-task-0205,signed_post_evalsnapshot,true,2,1783316254530,0,QmUUFnwdCbT48nkPpC4zLFD1bWTmkmSZxRTWRwZWU44JUW,false
680,e6-lifecycle-20260706T053732.792354049Z-c4-real-task-0205,signed_vote1,true,2,1783316254532,0,QmUUFnwdCbT48nkPpC4zLFD1bWTmkmSZxRTWRwZWU44JUW,false
681,e6-lifecycle-20260706T053732.792354049Z-c4-real-task-0205,signed_vote2,true,2,1783316254534,0,QmUUFnwdCbT48nkPpC4zLFD1bWTmkmSZxRTWRwZWU44JUW,false
682,e6-lifecycle-20260706T053732.792354049Z-c4-real-task-0205,signed_settlement,true,2,1783316254536,0,QmUUFnwdCbT48nkPpC4zLFD1bWTmkmSZxRTWRwZWU44JUW,false
683,e6-lifecycle-20260706T053732.792354049Z-c4-real-task-0205,signed_query_latest,true,0,1783316254538,0,QmUUFnwdCbT48nkPpC4zLFD1bWTmkmSZxRTWRwZWU44JUW,false
684,e6-lifecycle-20260706T053732.792354049Z-c4-real-task-0206,ipfs_add,true,64,1783316254481,5535,,false
685,e6-lifecycle-20260706T053732.792354049Z-c4-real-task-0205,ipfs_verify,true,8,1783316254538,0,QmUUFnwdCbT48nkPpC4zLFD1bWTmkmSZxRTWRwZWU44JUW,false
686,e6-lifecycle-20260706T053732.792354049Z-c4-real-task-0206,signed_posttask,true,2,1783316254545,0,QmQXv6YSFiLLxg9uat8XZ1hkWrZyU2221cre3jpTXuS7mT,false
687,e6-lifecycle-20260706T053732.792354049Z-c4-real-task-0206,signed_postallocation,true,2,1783316254547,0,QmQXv6YSFiLLxg9uat8XZ1hkWrZyU2221cre3jpTXuS7mT,false
688,e6-lifecycle-20260706T053732.792354049Z-c4-real-task-0206,signed_post_evalsnapshot,true,2,1783316254549,0,QmQXv6YSFiLLxg9uat8XZ1hkWrZyU2221cre3jpTXuS7mT,false
689,e6-lifecycle-20260706T053732.792354049Z-c4-real-task-0206,signed_vote1,true,2,1783316254551,0,QmQXv6YSFiLLxg9uat8XZ1hkWrZyU2221cre3jpTXuS7mT,false
690,e6-lifecycle-20260706T053732.792354049Z-c4-real-task-0206,signed_vote2,true,2,1783316254553,0,QmQXv6YSFiLLxg9uat8XZ1hkWrZyU2221cre3jpTXuS7mT,false
691,e6-lifecycle-20260706T053732.792354049Z-c4-real-task-0206,signed_settlement,true,2,1783316254555,0,QmQXv6YSFiLLxg9uat8XZ1hkWrZyU2221cre3jpTXuS7mT,false
692,e6-lifecycle-20260706T053732.792354049Z-c4-real-task-0206,signed_query_latest,true,0,1783316254557,0,QmQXv6YSFiLLxg9uat8XZ1hkWrZyU2221cre3jpTXuS7mT,false
693,e6-lifecycle-20260706T053732.792354049Z-c4-real-task-0206,ipfs_verify,true,14,1783316254557,0,QmQXv6YSFiLLxg9uat8XZ1hkWrZyU2221cre3jpTXuS7mT,false
694,e6-lifecycle-20260706T053732.792354049Z-c4-real-task-0207,ipfs_add,true,77,1783316254500,5182,,false
695,e6-lifecycle-20260706T053732.792354049Z-c4-real-task-0207,signed_posttask,true,2,1783316254577,0,QmXXXkdjgsyNeAxA7XiH7hfF8KD8Wy4XQUrDjRARTUGPSz,false
696,e6-lifecycle-20260706T053732.792354049Z-c4-real-task-0207,signed_postallocation,true,2,1783316254579,0,QmXXXkdjgsyNeAxA7XiH7hfF8KD8Wy4XQUrDjRARTUGPSz,false
697,e6-lifecycle-20260706T053732.792354049Z-c4-real-task-0207,signed_post_evalsnapshot,true,2,1783316254581,0,QmXXXkdjgsyNeAxA7XiH7hfF8KD8Wy4XQUrDjRARTUGPSz,false
698,e6-lifecycle-20260706T053732.792354049Z-c4-real-task-0207,signed_vote1,true,2,1783316254583,0,QmXXXkdjgsyNeAxA7XiH7hfF8KD8Wy4XQUrDjRARTUGPSz,false
699,e6-lifecycle-20260706T053732.792354049Z-c4-real-task-0207,signed_vote2,true,2,1783316254585,0,QmXXXkdjgsyNeAxA7XiH7hfF8KD8Wy4XQUrDjRARTUGPSz,false
700,e6-lifecycle-20260706T053732.792354049Z-c4-real-task-0207,signed_settlement,true,2,1783316254587,0,QmXXXkdjgsyNeAxA7XiH7hfF8KD8Wy4XQUrDjRARTUGPSz,false
701,e6-lifecycle-20260706T053732.792354049Z-c4-real-task-0207,signed_query_latest,true,0,1783316254589,0,QmXXXkdjgsyNeAxA7XiH7hfF8KD8Wy4XQUrDjRARTUGPSz,false
702,e6-lifecycle-20260706T053732.792354049Z-c4-real-task-0207,ipfs_verify,true,9,1783316254589,0,QmXXXkdjgsyNeAxA7XiH7hfF8KD8Wy4XQUrDjRARTUGPSz,false
703,e6-lifecycle-20260706T053732.792354049Z-c4-real-task-0209,ipfs_add,true,99,1783316254546,6194,,false
704,e6-lifecycle-20260706T053732.792354049Z-c4-real-task-0209,signed_posttask,true,3,1783316254645,0,Qme252yonjeJmYr5f17inPXCqkGhcB4JhPq2rK9zrRu12P,false
705,e6-lifecycle-20260706T053732.792354049Z-c4-real-task-0209,signed_postallocation,true,2,1783316254648,0,Qme252yonjeJmYr5f17inPXCqkGhcB4JhPq2rK9zrRu12P,false
706,e6-lifecycle-20260706T053732.792354049Z-c4-real-task-0209,signed_post_evalsnapshot,true,2,1783316254650,0,Qme252yonjeJmYr5f17inPXCqkGhcB4JhPq2rK9zrRu12P,false
707,e6-lifecycle-20260706T053732.792354049Z-c4-real-task-0209,signed_vote1,true,2,1783316254652,0,Qme252yonjeJmYr5f17inPXCqkGhcB4JhPq2rK9zrRu12P,false
708,e6-lifecycle-20260706T053732.792354049Z-c4-real-task-0209,signed_vote2,true,2,1783316254654,0,Qme252yonjeJmYr5f17inPXCqkGhcB4JhPq2rK9zrRu12P,false
709,e6-lifecycle-20260706T053732.792354049Z-c4-real-task-0209,signed_settlement,true,2,1783316254656,0,Qme252yonjeJmYr5f17inPXCqkGhcB4JhPq2rK9zrRu12P,false
710,e6-lifecycle-20260706T053732.792354049Z-c4-real-task-0209,signed_query_latest,true,0,1783316254658,0,Qme252yonjeJmYr5f17inPXCqkGhcB4JhPq2rK9zrRu12P,false
711,e6-lifecycle-20260706T053732.792354049Z-c4-real-task-0208,ipfs_add,true,145,1783316254524,2245,,false
712,e6-lifecycle-20260706T053732.792354049Z-c4-real-task-0210,ipfs_add,true,98,1783316254571,4993,,false
713,e6-lifecycle-20260706T053732.792354049Z-c4-real-task-0209,ipfs_verify,true,11,1783316254658,0,Qme252yonjeJmYr5f17inPXCqkGhcB4JhPq2rK9zrRu12P,false
714,e6-lifecycle-20260706T053732.792354049Z-c4-real-task-0208,signed_posttask,true,2,1783316254669,0,QmWbqs7TsZvkdFAxBV91sbxF9ziEZRMeF4rkcsPMKgPbAc,false
715,e6-lifecycle-20260706T053732.792354049Z-c4-real-task-0208,signed_postallocation,true,2,1783316254671,0,QmWbqs7TsZvkdFAxBV91sbxF9ziEZRMeF4rkcsPMKgPbAc,false
716,e6-lifecycle-20260706T053732.792354049Z-c4-real-task-0210,signed_posttask,true,6,1783316254669,0,QmYWQDJhTUHPSwS8macjgfKhMk7DhsPuXJUCoxJ8RUpDKq,false
717,e6-lifecycle-20260706T053732.792354049Z-c4-real-task-0210,signed_postallocation,true,2,1783316254675,0,QmYWQDJhTUHPSwS8macjgfKhMk7DhsPuXJUCoxJ8RUpDKq,false
718,e6-lifecycle-20260706T053732.792354049Z-c4-real-task-0208,signed_post_evalsnapshot,true,5,1783316254673,0,QmWbqs7TsZvkdFAxBV91sbxF9ziEZRMeF4rkcsPMKgPbAc,false
719,e6-lifecycle-20260706T053732.792354049Z-c4-real-task-0208,signed_vote1,true,2,1783316254678,0,QmWbqs7TsZvkdFAxBV91sbxF9ziEZRMeF4rkcsPMKgPbAc,false
720,e6-lifecycle-20260706T053732.792354049Z-c4-real-task-0210,signed_post_evalsnapshot,true,5,1783316254677,0,QmYWQDJhTUHPSwS8macjgfKhMk7DhsPuXJUCoxJ8RUpDKq,false
721,e6-lifecycle-20260706T053732.792354049Z-c4-real-task-0210,signed_vote1,true,1,1783316254682,0,QmYWQDJhTUHPSwS8macjgfKhMk7DhsPuXJUCoxJ8RUpDKq,false
722,e6-lifecycle-20260706T053732.792354049Z-c4-real-task-0208,signed_vote2,true,5,1783316254680,0,QmWbqs7TsZvkdFAxBV91sbxF9ziEZRMeF4rkcsPMKgPbAc,false
723,e6-lifecycle-20260706T053732.792354049Z-c4-real-task-0208,signed_settlement,true,2,1783316254685,0,QmWbqs7TsZvkdFAxBV91sbxF9ziEZRMeF4rkcsPMKgPbAc,false
724,e6-lifecycle-20260706T053732.792354049Z-c4-real-task-0210,signed_vote2,true,5,1783316254683,0,QmYWQDJhTUHPSwS8macjgfKhMk7DhsPuXJUCoxJ8RUpDKq,false
725,e6-lifecycle-20260706T053732.792354049Z-c4-real-task-0211,ipfs_add,true,91,1783316254598,2188,,false
726,e6-lifecycle-20260706T053732.792354049Z-c4-real-task-0210,signed_settlement,true,2,1783316254688,0,QmYWQDJhTUHPSwS8macjgfKhMk7DhsPuXJUCoxJ8RUpDKq,false
727,e6-lifecycle-20260706T053732.792354049Z-c4-real-task-0208,signed_query_latest,true,3,1783316254687,0,QmWbqs7TsZvkdFAxBV91sbxF9ziEZRMeF4rkcsPMKgPbAc,false
728,e6-lifecycle-20260706T053732.792354049Z-c4-real-task-0211,signed_posttask,true,3,1783316254689,0,QmSruFaoTdkpvWrKYpZR3J5CegMm6LLAWeQUC4xAiE69U9,false
729,e6-lifecycle-20260706T053732.792354049Z-c4-real-task-0210,signed_query_latest,true,4,1783316254690,0,QmYWQDJhTUHPSwS8macjgfKhMk7DhsPuXJUCoxJ8RUpDKq,false
730,e6-lifecycle-20260706T053732.792354049Z-c4-real-task-0211,signed_postallocation,true,2,1783316254692,0,QmSruFaoTdkpvWrKYpZR3J5CegMm6LLAWeQUC4xAiE69U9,false
731,e6-lifecycle-20260706T053732.792354049Z-c4-real-task-0211,signed_post_evalsnapshot,true,2,1783316254694,0,QmSruFaoTdkpvWrKYpZR3J5CegMm6LLAWeQUC4xAiE69U9,false
732,e6-lifecycle-20260706T053732.792354049Z-c4-real-task-0211,signed_vote1,true,2,1783316254696,0,QmSruFaoTdkpvWrKYpZR3J5CegMm6LLAWeQUC4xAiE69U9,false
733,e6-lifecycle-20260706T053732.792354049Z-c4-real-task-0208,ipfs_verify,true,8,1783316254690,0,QmWbqs7TsZvkdFAxBV91sbxF9ziEZRMeF4rkcsPMKgPbAc,false
734,e6-lifecycle-20260706T053732.792354049Z-c4-real-task-0211,signed_vote2,true,2,1783316254698,0,QmSruFaoTdkpvWrKYpZR3J5CegMm6LLAWeQUC4xAiE69U9,false
735,e6-lifecycle-20260706T053732.792354049Z-c4-real-task-0211,signed_settlement,true,2,1783316254700,0,QmSruFaoTdkpvWrKYpZR3J5CegMm6LLAWeQUC4xAiE69U9,false
736,e6-lifecycle-20260706T053732.792354049Z-c4-real-task-0211,signed_query_latest,true,0,1783316254702,0,QmSruFaoTdkpvWrKYpZR3J5CegMm6LLAWeQUC4xAiE69U9,false
737,e6-lifecycle-20260706T053732.792354049Z-c4-real-task-0210,ipfs_verify,true,8,1783316254694,0,QmYWQDJhTUHPSwS8macjgfKhMk7DhsPuXJUCoxJ8RUpDKq,false
738,e6-lifecycle-20260706T053732.792354049Z-c4-real-task-0211,ipfs_verify,true,8,1783316254702,0,QmSruFaoTdkpvWrKYpZR3J5CegMm6LLAWeQUC4xAiE69U9,false
739,e6-lifecycle-20260706T053732.792354049Z-c4-real-task-0212,ipfs_add,true,42,1783316254669,2819,,false
740,e6-lifecycle-20260706T053732.792354049Z-c4-real-task-0212,signed_posttask,true,2,1783316254711,0,Qmaib3WGRkqTQustpCT5rKV9YQe2ieXfDc5aAxzzBF7FaH,false
741,e6-lifecycle-20260706T053732.792354049Z-c4-real-task-0212,signed_postallocation,true,1,1783316254713,0,Qmaib3WGRkqTQustpCT5rKV9YQe2ieXfDc5aAxzzBF7FaH,false
742,e6-lifecycle-20260706T053732.792354049Z-c4-real-task-0212,signed_post_evalsnapshot,true,2,1783316254714,0,Qmaib3WGRkqTQustpCT5rKV9YQe2ieXfDc5aAxzzBF7FaH,false
743,e6-lifecycle-20260706T053732.792354049Z-c4-real-task-0212,signed_vote1,true,2,1783316254716,0,Qmaib3WGRkqTQustpCT5rKV9YQe2ieXfDc5aAxzzBF7FaH,false
744,e6-lifecycle-20260706T053732.792354049Z-c4-real-task-0212,signed_vote2,true,2,1783316254718,0,Qmaib3WGRkqTQustpCT5rKV9YQe2ieXfDc5aAxzzBF7FaH,false
745,e6-lifecycle-20260706T053732.792354049Z-c4-real-task-0212,signed_settlement,true,4,1783316254720,0,Qmaib3WGRkqTQustpCT5rKV9YQe2ieXfDc5aAxzzBF7FaH,false
746,e6-lifecycle-20260706T053732.792354049Z-c4-real-task-0212,signed_query_latest,true,0,1783316254724,0,Qmaib3WGRkqTQustpCT5rKV9YQe2ieXfDc5aAxzzBF7FaH,false
747,e6-lifecycle-20260706T053732.792354049Z-c4-real-task-0212,ipfs_verify,true,12,1783316254724,0,Qmaib3WGRkqTQustpCT5rKV9YQe2ieXfDc5aAxzzBF7FaH,false
748,e6-lifecycle-20260706T053732.792354049Z-c4-real-task-0213,ipfs_add,true,42,1783316254698,4132,,false
749,e6-lifecycle-20260706T053732.792354049Z-c4-real-task-0213,signed_posttask,true,2,1783316254740,0,QmctLbZZivJVW7cFwYF2T1Ru2jPZUBYB55doQKWJ3SD4r5,false
750,e6-lifecycle-20260706T053732.792354049Z-c4-real-task-0213,signed_postallocation,true,2,1783316254742,0,QmctLbZZivJVW7cFwYF2T1Ru2jPZUBYB55doQKWJ3SD4r5,false
751,e6-lifecycle-20260706T053732.792354049Z-c4-real-task-0213,signed_post_evalsnapshot,true,2,1783316254744,0,QmctLbZZivJVW7cFwYF2T1Ru2jPZUBYB55doQKWJ3SD4r5,false
752,e6-lifecycle-20260706T053732.792354049Z-c4-real-task-0213,signed_vote1,true,2,1783316254746,0,QmctLbZZivJVW7cFwYF2T1Ru2jPZUBYB55doQKWJ3SD4r5,false
753,e6-lifecycle-20260706T053732.792354049Z-c4-real-task-0213,signed_vote2,true,2,1783316254748,0,QmctLbZZivJVW7cFwYF2T1Ru2jPZUBYB55doQKWJ3SD4r5,false
754,e6-lifecycle-20260706T053732.792354049Z-c4-real-task-0213,signed_settlement,true,2,1783316254750,0,QmctLbZZivJVW7cFwYF2T1Ru2jPZUBYB55doQKWJ3SD4r5,false
755,e6-lifecycle-20260706T053732.792354049Z-c4-real-task-0213,signed_query_latest,true,0,1783316254752,0,QmctLbZZivJVW7cFwYF2T1Ru2jPZUBYB55doQKWJ3SD4r5,false
756,e6-lifecycle-20260706T053732.792354049Z-c4-real-task-0214,ipfs_add,true,60,1783316254702,3407,,false
757,e6-lifecycle-20260706T053732.792354049Z-c4-real-task-0213,ipfs_verify,true,11,1783316254752,0,QmctLbZZivJVW7cFwYF2T1Ru2jPZUBYB55doQKWJ3SD4r5,false
758,e6-lifecycle-20260706T053732.792354049Z-c4-real-task-0214,signed_posttask,true,2,1783316254762,0,QmW8eUfmmaQLniD2wxDZwMJfZvPcEb95FaZBwzxdvv4GUs,false
759,e6-lifecycle-20260706T053732.792354049Z-c4-real-task-0214,signed_postallocation,true,2,1783316254764,0,QmW8eUfmmaQLniD2wxDZwMJfZvPcEb95FaZBwzxdvv4GUs,false
760,e6-lifecycle-20260706T053732.792354049Z-c4-real-task-0214,signed_post_evalsnapshot,true,2,1783316254766,0,QmW8eUfmmaQLniD2wxDZwMJfZvPcEb95FaZBwzxdvv4GUs,false
761,e6-lifecycle-20260706T053732.792354049Z-c4-real-task-0214,signed_vote1,true,1,1783316254768,0,QmW8eUfmmaQLniD2wxDZwMJfZvPcEb95FaZBwzxdvv4GUs,false
762,e6-lifecycle-20260706T053732.792354049Z-c4-real-task-0214,signed_vote2,true,2,1783316254769,0,QmW8eUfmmaQLniD2wxDZwMJfZvPcEb95FaZBwzxdvv4GUs,false
763,e6-lifecycle-20260706T053732.792354049Z-c4-real-task-0214,signed_settlement,true,3,1783316254771,0,QmW8eUfmmaQLniD2wxDZwMJfZvPcEb95FaZBwzxdvv4GUs,false
764,e6-lifecycle-20260706T053732.792354049Z-c4-real-task-0214,signed_query_latest,true,0,1783316254774,0,QmW8eUfmmaQLniD2wxDZwMJfZvPcEb95FaZBwzxdvv4GUs,false
765,e6-lifecycle-20260706T053732.792354049Z-c4-real-task-0215,ipfs_add,true,75,1783316254710,5293,,false
766,e6-lifecycle-20260706T053732.792354049Z-c4-real-task-0214,ipfs_verify,true,13,1783316254774,0,QmW8eUfmmaQLniD2wxDZwMJfZvPcEb95FaZBwzxdvv4GUs,false
767,e6-lifecycle-20260706T053732.792354049Z-c4-real-task-0215,signed_posttask,true,3,1783316254785,0,QmTpnKYxxgCcizoT1wCDmcgvVbp5FYFvr7h2HQoANwFfJK,false
768,e6-lifecycle-20260706T053732.792354049Z-c4-real-task-0215,signed_postallocation,true,1,1783316254788,0,QmTpnKYxxgCcizoT1wCDmcgvVbp5FYFvr7h2HQoANwFfJK,false
769,e6-lifecycle-20260706T053732.792354049Z-c4-real-task-0215,signed_post_evalsnapshot,true,2,1783316254789,0,QmTpnKYxxgCcizoT1wCDmcgvVbp5FYFvr7h2HQoANwFfJK,false
770,e6-lifecycle-20260706T053732.792354049Z-c4-real-task-0215,signed_vote1,true,2,1783316254791,0,QmTpnKYxxgCcizoT1wCDmcgvVbp5FYFvr7h2HQoANwFfJK,false
771,e6-lifecycle-20260706T053732.792354049Z-c4-real-task-0215,signed_vote2,true,2,1783316254793,0,QmTpnKYxxgCcizoT1wCDmcgvVbp5FYFvr7h2HQoANwFfJK,false
772,e6-lifecycle-20260706T053732.792354049Z-c4-real-task-0215,signed_settlement,true,1,1783316254795,0,QmTpnKYxxgCcizoT1wCDmcgvVbp5FYFvr7h2HQoANwFfJK,false
773,e6-lifecycle-20260706T053732.792354049Z-c4-real-task-0215,signed_query_latest,true,0,1783316254796,0,QmTpnKYxxgCcizoT1wCDmcgvVbp5FYFvr7h2HQoANwFfJK,false
774,e6-lifecycle-20260706T053732.792354049Z-c4-real-task-0215,ipfs_verify,true,19,1783316254796,0,QmTpnKYxxgCcizoT1wCDmcgvVbp5FYFvr7h2HQoANwFfJK,false
775,e6-lifecycle-20260706T053732.792354049Z-c4-real-task-0216,ipfs_add,true,99,1783316254736,4886,,false
776,e6-lifecycle-20260706T053732.792354049Z-c4-real-task-0216,signed_posttask,true,2,1783316254835,0,QmWRqVXWHuiCnyPwtVKNcTtPcSDmJqXWmtgqtbSbCRQFN4,false
777,e6-lifecycle-20260706T053732.792354049Z-c4-real-task-0216,signed_postallocation,true,1,1783316254837,0,QmWRqVXWHuiCnyPwtVKNcTtPcSDmJqXWmtgqtbSbCRQFN4,false
778,e6-lifecycle-20260706T053732.792354049Z-c4-real-task-0216,signed_post_evalsnapshot,true,2,1783316254838,0,QmWRqVXWHuiCnyPwtVKNcTtPcSDmJqXWmtgqtbSbCRQFN4,false
779,e6-lifecycle-20260706T053732.792354049Z-c4-real-task-0216,signed_vote1,true,1,1783316254840,0,QmWRqVXWHuiCnyPwtVKNcTtPcSDmJqXWmtgqtbSbCRQFN4,false
780,e6-lifecycle-20260706T053732.792354049Z-c4-real-task-0216,signed_vote2,true,2,1783316254841,0,QmWRqVXWHuiCnyPwtVKNcTtPcSDmJqXWmtgqtbSbCRQFN4,false
781,e6-lifecycle-20260706T053732.792354049Z-c4-real-task-0216,signed_settlement,true,2,1783316254843,0,QmWRqVXWHuiCnyPwtVKNcTtPcSDmJqXWmtgqtbSbCRQFN4,false
782,e6-lifecycle-20260706T053732.792354049Z-c4-real-task-0216,signed_query_latest,true,0,1783316254845,0,QmWRqVXWHuiCnyPwtVKNcTtPcSDmJqXWmtgqtbSbCRQFN4,false
783,e6-lifecycle-20260706T053732.792354049Z-c4-real-task-0216,ipfs_verify,true,19,1783316254845,0,QmWRqVXWHuiCnyPwtVKNcTtPcSDmJqXWmtgqtbSbCRQFN4,false
784,e6-lifecycle-20260706T053732.792354049Z-c4-real-task-0217,ipfs_add,true,111,1783316254763,2716,,false
785,e6-lifecycle-20260706T053732.792354049Z-c4-real-task-0217,signed_posttask,true,6,1783316254874,0,QmSJABdfLv4Bpp2eX5n5HPKM57QCdjn63jgA55THvNNed2,false
786,e6-lifecycle-20260706T053732.792354049Z-c4-real-task-0217,signed_postallocation,true,2,1783316254880,0,QmSJABdfLv4Bpp2eX5n5HPKM57QCdjn63jgA55THvNNed2,false
787,e6-lifecycle-20260706T053732.792354049Z-c4-real-task-0217,signed_post_evalsnapshot,true,1,1783316254882,0,QmSJABdfLv4Bpp2eX5n5HPKM57QCdjn63jgA55THvNNed2,false
788,e6-lifecycle-20260706T053732.792354049Z-c4-real-task-0217,signed_vote1,true,2,1783316254883,0,QmSJABdfLv4Bpp2eX5n5HPKM57QCdjn63jgA55THvNNed2,false
789,e6-lifecycle-20260706T053732.792354049Z-c4-real-task-0217,signed_vote2,true,2,1783316254885,0,QmSJABdfLv4Bpp2eX5n5HPKM57QCdjn63jgA55THvNNed2,false
790,e6-lifecycle-20260706T053732.792354049Z-c4-real-task-0217,signed_settlement,true,2,1783316254887,0,QmSJABdfLv4Bpp2eX5n5HPKM57QCdjn63jgA55THvNNed2,false
791,e6-lifecycle-20260706T053732.792354049Z-c4-real-task-0217,signed_query_latest,true,0,1783316254889,0,QmSJABdfLv4Bpp2eX5n5HPKM57QCdjn63jgA55THvNNed2,false
792,e6-lifecycle-20260706T053732.792354049Z-c4-real-task-0217,ipfs_verify,true,10,1783316254889,0,QmSJABdfLv4Bpp2eX5n5HPKM57QCdjn63jgA55THvNNed2,false
793,e6-lifecycle-20260706T053732.792354049Z-c4-real-task-0220,ipfs_add,true,118,1783316254864,4548,,false
794,e6-lifecycle-20260706T053732.792354049Z-c4-real-task-0221,ipfs_add,true,83,1783316254899,3158,,false
795,e6-lifecycle-20260706T053732.792354049Z-c4-real-task-0219,ipfs_add,true,168,1783316254815,2892,,false
796,e6-lifecycle-20260706T053732.792354049Z-c4-real-task-0218,ipfs_add,true,196,1783316254787,4685,,false
797,e6-lifecycle-20260706T053732.792354049Z-c4-real-task-0221,signed_posttask,true,2,1783316254982,0,QmWVfmqjcSuDEvXN6AQHwxkPXEvwWEr5xAd7VvqaLGMK2z,false
798,e6-lifecycle-20260706T053732.792354049Z-c4-real-task-0221,signed_postallocation,true,2,1783316254984,0,QmWVfmqjcSuDEvXN6AQHwxkPXEvwWEr5xAd7VvqaLGMK2z,false
799,e6-lifecycle-20260706T053732.792354049Z-c4-real-task-0220,signed_posttask,true,6,1783316254982,0,QmYYxvJgNUHcuw3V2RQoYsrDaUwRXmGhJB4S5YoBbJAdi9,false
800,e6-lifecycle-20260706T053732.792354049Z-c4-real-task-0219,signed_posttask,true,6,1783316254983,0,QmNhbectLBJKJjaBFkjTFgZM6bzSgrQqfV2nzNGd7hnhXp,false
801,e6-lifecycle-20260706T053732.792354049Z-c4-real-task-0218,signed_posttask,true,8,1783316254983,0,Qme1iJktEs7YhnQf7MbuHozo4uZPGWWEs3BYJ6zBCFpdMN,false
802,e6-lifecycle-20260706T053732.792354049Z-c4-real-task-0221,signed_post_evalsnapshot,true,6,1783316254986,0,QmWVfmqjcSuDEvXN6AQHwxkPXEvwWEr5xAd7VvqaLGMK2z,false
803,e6-lifecycle-20260706T053732.792354049Z-c4-real-task-0220,signed_postallocation,true,6,1783316254988,0,QmYYxvJgNUHcuw3V2RQoYsrDaUwRXmGhJB4S5YoBbJAdi9,false
804,e6-lifecycle-20260706T053732.792354049Z-c4-real-task-0219,signed_postallocation,true,6,1783316254989,0,QmNhbectLBJKJjaBFkjTFgZM6bzSgrQqfV2nzNGd7hnhXp,false
805,e6-lifecycle-20260706T053732.792354049Z-c4-real-task-0218,signed_postallocation,true,6,1783316254991,0,Qme1iJktEs7YhnQf7MbuHozo4uZPGWWEs3BYJ6zBCFpdMN,false
806,e6-lifecycle-20260706T053732.792354049Z-c4-real-task-0221,signed_vote1,true,6,1783316254992,0,QmWVfmqjcSuDEvXN6AQHwxkPXEvwWEr5xAd7VvqaLGMK2z,false
807,e6-lifecycle-20260706T053732.792354049Z-c4-real-task-0220,signed_post_evalsnapshot,true,6,1783316254994,0,QmYYxvJgNUHcuw3V2RQoYsrDaUwRXmGhJB4S5YoBbJAdi9,false
808,e6-lifecycle-20260706T053732.792354049Z-c4-real-task-0219,signed_post_evalsnapshot,true,7,1783316254995,0,QmNhbectLBJKJjaBFkjTFgZM6bzSgrQqfV2nzNGd7hnhXp,false
809,e6-lifecycle-20260706T053732.792354049Z-c4-real-task-0218,signed_post_evalsnapshot,true,8,1783316254997,0,Qme1iJktEs7YhnQf7MbuHozo4uZPGWWEs3BYJ6zBCFpdMN,false
810,e6-lifecycle-20260706T053732.792354049Z-c4-real-task-0221,signed_vote2,true,10,1783316254998,0,QmWVfmqjcSuDEvXN6AQHwxkPXEvwWEr5xAd7VvqaLGMK2z,false
811,e6-lifecycle-20260706T053732.792354049Z-c4-real-task-0220,signed_vote1,true,9,1783316255000,0,QmYYxvJgNUHcuw3V2RQoYsrDaUwRXmGhJB4S5YoBbJAdi9,false
812,e6-lifecycle-20260706T053732.792354049Z-c4-real-task-0219,signed_vote1,true,9,1783316255002,0,QmNhbectLBJKJjaBFkjTFgZM6bzSgrQqfV2nzNGd7hnhXp,false
813,e6-lifecycle-20260706T053732.792354049Z-c4-real-task-0218,signed_vote1,true,8,1783316255005,0,Qme1iJktEs7YhnQf7MbuHozo4uZPGWWEs3BYJ6zBCFpdMN,false
814,e6-lifecycle-20260706T053732.792354049Z-c4-real-task-0221,signed_settlement,true,7,1783316255008,0,QmWVfmqjcSuDEvXN6AQHwxkPXEvwWEr5xAd7VvqaLGMK2z,false
815,e6-lifecycle-20260706T053732.792354049Z-c4-real-task-0220,signed_vote2,true,8,1783316255009,0,QmYYxvJgNUHcuw3V2RQoYsrDaUwRXmGhJB4S5YoBbJAdi9,false
816,e6-lifecycle-20260706T053732.792354049Z-c4-real-task-0219,signed_vote2,true,8,1783316255011,0,QmNhbectLBJKJjaBFkjTFgZM6bzSgrQqfV2nzNGd7hnhXp,false
817,e6-lifecycle-20260706T053732.792354049Z-c4-real-task-0218,signed_vote2,true,8,1783316255013,0,Qme1iJktEs7YhnQf7MbuHozo4uZPGWWEs3BYJ6zBCFpdMN,false
818,e6-lifecycle-20260706T053732.792354049Z-c4-real-task-0221,signed_query_latest,true,6,1783316255015,0,QmWVfmqjcSuDEvXN6AQHwxkPXEvwWEr5xAd7VvqaLGMK2z,false
819,e6-lifecycle-20260706T053732.792354049Z-c4-real-task-0220,signed_settlement,true,6,1783316255017,0,QmYYxvJgNUHcuw3V2RQoYsrDaUwRXmGhJB4S5YoBbJAdi9,false
820,e6-lifecycle-20260706T053732.792354049Z-c4-real-task-0219,signed_settlement,true,6,1783316255019,0,QmNhbectLBJKJjaBFkjTFgZM6bzSgrQqfV2nzNGd7hnhXp,false
821,e6-lifecycle-20260706T053732.792354049Z-c4-real-task-0219,signed_query_latest,true,1,1783316255025,0,QmNhbectLBJKJjaBFkjTFgZM6bzSgrQqfV2nzNGd7hnhXp,false
822,e6-lifecycle-20260706T053732.792354049Z-c4-real-task-0218,signed_settlement,true,5,1783316255021,0,Qme1iJktEs7YhnQf7MbuHozo4uZPGWWEs3BYJ6zBCFpdMN,false
823,e6-lifecycle-20260706T053732.792354049Z-c4-real-task-0218,signed_query_latest,true,0,1783316255026,0,Qme1iJktEs7YhnQf7MbuHozo4uZPGWWEs3BYJ6zBCFpdMN,false
824,e6-lifecycle-20260706T053732.792354049Z-c4-real-task-0220,signed_query_latest,true,3,1783316255023,0,QmYYxvJgNUHcuw3V2RQoYsrDaUwRXmGhJB4S5YoBbJAdi9,false
825,e6-lifecycle-20260706T053732.792354049Z-c4-real-task-0221,ipfs_verify,true,9,1783316255021,0,QmWVfmqjcSuDEvXN6AQHwxkPXEvwWEr5xAd7VvqaLGMK2z,false
826,e6-lifecycle-20260706T053732.792354049Z-c4-real-task-0220,ipfs_verify,true,11,1783316255026,0,QmYYxvJgNUHcuw3V2RQoYsrDaUwRXmGhJB4S5YoBbJAdi9,false
827,e6-lifecycle-20260706T053732.792354049Z-c4-real-task-0218,ipfs_verify,true,11,1783316255026,0,Qme1iJktEs7YhnQf7MbuHozo4uZPGWWEs3BYJ6zBCFpdMN,false
828,e6-lifecycle-20260706T053732.792354049Z-c4-real-task-0219,ipfs_verify,true,14,1783316255026,0,QmNhbectLBJKJjaBFkjTFgZM6bzSgrQqfV2nzNGd7hnhXp,false
829,e6-lifecycle-20260706T053732.792354049Z-c4-real-task-0222,ipfs_add,true,35,1783316255030,1324,,false
830,e6-lifecycle-20260706T053732.792354049Z-c4-real-task-0222,signed_posttask,true,2,1783316255065,0,QmS9gSDSA2dNcaqguAdbXiugT37zErUJRQhyYdHW4FYF1Z,false
831,e6-lifecycle-20260706T053732.792354049Z-c4-real-task-0222,signed_postallocation,true,3,1783316255067,0,QmS9gSDSA2dNcaqguAdbXiugT37zErUJRQhyYdHW4FYF1Z,false
832,e6-lifecycle-20260706T053732.792354049Z-c4-real-task-0222,signed_post_evalsnapshot,true,3,1783316255070,0,QmS9gSDSA2dNcaqguAdbXiugT37zErUJRQhyYdHW4FYF1Z,false
833,e6-lifecycle-20260706T053732.792354049Z-c4-real-task-0222,signed_vote1,true,2,1783316255073,0,QmS9gSDSA2dNcaqguAdbXiugT37zErUJRQhyYdHW4FYF1Z,false
834,e6-lifecycle-20260706T053732.792354049Z-c4-real-task-0222,signed_vote2,true,1,1783316255075,0,QmS9gSDSA2dNcaqguAdbXiugT37zErUJRQhyYdHW4FYF1Z,false
835,e6-lifecycle-20260706T053732.792354049Z-c4-real-task-0222,signed_settlement,true,2,1783316255076,0,QmS9gSDSA2dNcaqguAdbXiugT37zErUJRQhyYdHW4FYF1Z,false
836,e6-lifecycle-20260706T053732.792354049Z-c4-real-task-0222,signed_query_latest,true,0,1783316255078,0,QmS9gSDSA2dNcaqguAdbXiugT37zErUJRQhyYdHW4FYF1Z,false
837,e6-lifecycle-20260706T053732.792354049Z-c4-real-task-0222,ipfs_verify,true,9,1783316255078,0,QmS9gSDSA2dNcaqguAdbXiugT37zErUJRQhyYdHW4FYF1Z,false
838,e6-lifecycle-20260706T053732.792354049Z-c4-real-task-0224,ipfs_add,true,56,1783316255037,1434,,false
839,e6-lifecycle-20260706T053732.792354049Z-c4-real-task-0224,signed_posttask,true,5,1783316255093,0,Qmbpj7kBGWLUhW2szT9f3rx2oZsCwi6t2fMD1Smb2wFi3D,false
840,e6-lifecycle-20260706T053732.792354049Z-c4-real-task-0224,signed_postallocation,true,2,1783316255098,0,Qmbpj7kBGWLUhW2szT9f3rx2oZsCwi6t2fMD1Smb2wFi3D,false
841,e6-lifecycle-20260706T053732.792354049Z-c4-real-task-0224,signed_post_evalsnapshot,true,10,1783316255100,0,Qmbpj7kBGWLUhW2szT9f3rx2oZsCwi6t2fMD1Smb2wFi3D,false
842,e6-lifecycle-20260706T053732.792354049Z-c4-real-task-0224,signed_vote1,true,3,1783316255110,0,Qmbpj7kBGWLUhW2szT9f3rx2oZsCwi6t2fMD1Smb2wFi3D,false
843,e6-lifecycle-20260706T053732.792354049Z-c4-real-task-0224,signed_vote2,true,1,1783316255113,0,Qmbpj7kBGWLUhW2szT9f3rx2oZsCwi6t2fMD1Smb2wFi3D,false
844,e6-lifecycle-20260706T053732.792354049Z-c4-real-task-0224,signed_settlement,true,3,1783316255114,0,Qmbpj7kBGWLUhW2szT9f3rx2oZsCwi6t2fMD1Smb2wFi3D,false
845,e6-lifecycle-20260706T053732.792354049Z-c4-real-task-0224,signed_query_latest,true,0,1783316255117,0,Qmbpj7kBGWLUhW2szT9f3rx2oZsCwi6t2fMD1Smb2wFi3D,false
846,e6-lifecycle-20260706T053732.792354049Z-c4-real-task-0224,ipfs_verify,true,10,1783316255117,0,Qmbpj7kBGWLUhW2szT9f3rx2oZsCwi6t2fMD1Smb2wFi3D,false
847,e6-lifecycle-20260706T053732.792354049Z-c4-real-task-0223,ipfs_add,true,104,1783316255037,3496,,false
848,e6-lifecycle-20260706T053732.792354049Z-c4-real-task-0223,signed_posttask,true,2,1783316255141,0,QmWbbDn5PocUVAwa1Z8DaHWZAUyYjNR994MzCi3frghkPT,false
849,e6-lifecycle-20260706T053732.792354049Z-c4-real-task-0223,signed_postallocation,true,3,1783316255143,0,QmWbbDn5PocUVAwa1Z8DaHWZAUyYjNR994MzCi3frghkPT,false
850,e6-lifecycle-20260706T053732.792354049Z-c4-real-task-0223,signed_post_evalsnapshot,true,2,1783316255146,0,QmWbbDn5PocUVAwa1Z8DaHWZAUyYjNR994MzCi3frghkPT,false
851,e6-lifecycle-20260706T053732.792354049Z-c4-real-task-0223,signed_vote1,true,2,1783316255148,0,QmWbbDn5PocUVAwa1Z8DaHWZAUyYjNR994MzCi3frghkPT,false
852,e6-lifecycle-20260706T053732.792354049Z-c4-real-task-0223,signed_vote2,true,1,1783316255150,0,QmWbbDn5PocUVAwa1Z8DaHWZAUyYjNR994MzCi3frghkPT,false
853,e6-lifecycle-20260706T053732.792354049Z-c4-real-task-0223,signed_settlement,true,2,1783316255151,0,QmWbbDn5PocUVAwa1Z8DaHWZAUyYjNR994MzCi3frghkPT,false
854,e6-lifecycle-20260706T053732.792354049Z-c4-real-task-0223,signed_query_latest,true,0,1783316255153,0,QmWbbDn5PocUVAwa1Z8DaHWZAUyYjNR994MzCi3frghkPT,false
855,e6-lifecycle-20260706T053732.792354049Z-c4-real-task-0223,ipfs_verify,true,10,1783316255153,0,QmWbbDn5PocUVAwa1Z8DaHWZAUyYjNR994MzCi3frghkPT,false
856,e6-lifecycle-20260706T053732.792354049Z-c4-real-task-0225,ipfs_add,true,146,1783316255040,2951,,false
857,e6-lifecycle-20260706T053732.792354049Z-c4-real-task-0225,signed_posttask,true,5,1783316255186,0,QmP2y2GKPy6gwArpzaE2RA5dRRgeXWNUH6Gyquaruz27DM,false
858,e6-lifecycle-20260706T053732.792354049Z-c4-real-task-0225,signed_postallocation,true,2,1783316255191,0,QmP2y2GKPy6gwArpzaE2RA5dRRgeXWNUH6Gyquaruz27DM,false
859,e6-lifecycle-20260706T053732.792354049Z-c4-real-task-0225,signed_post_evalsnapshot,true,3,1783316255193,0,QmP2y2GKPy6gwArpzaE2RA5dRRgeXWNUH6Gyquaruz27DM,false
860,e6-lifecycle-20260706T053732.792354049Z-c4-real-task-0225,signed_vote1,true,2,1783316255196,0,QmP2y2GKPy6gwArpzaE2RA5dRRgeXWNUH6Gyquaruz27DM,false
861,e6-lifecycle-20260706T053732.792354049Z-c4-real-task-0225,signed_vote2,true,2,1783316255198,0,QmP2y2GKPy6gwArpzaE2RA5dRRgeXWNUH6Gyquaruz27DM,false
862,e6-lifecycle-20260706T053732.792354049Z-c4-real-task-0225,signed_settlement,true,2,1783316255200,0,QmP2y2GKPy6gwArpzaE2RA5dRRgeXWNUH6Gyquaruz27DM,false
863,e6-lifecycle-20260706T053732.792354049Z-c4-real-task-0225,signed_query_latest,true,0,1783316255202,0,QmP2y2GKPy6gwArpzaE2RA5dRRgeXWNUH6Gyquaruz27DM,false
864,e6-lifecycle-20260706T053732.792354049Z-c4-real-task-0226,ipfs_add,true,132,1783316255087,2097,,false
865,e6-lifecycle-20260706T053732.792354049Z-c4-real-task-0226,signed_posttask,true,2,1783316255219,0,QmYKcvqVA5kpfJsuCUkNUdEao6JQhFACmrPAQEP38tsjSp,false
866,e6-lifecycle-20260706T053732.792354049Z-c4-real-task-0226,signed_postallocation,true,2,1783316255221,0,QmYKcvqVA5kpfJsuCUkNUdEao6JQhFACmrPAQEP38tsjSp,false
867,e6-lifecycle-20260706T053732.792354049Z-c4-real-task-0225,ipfs_verify,true,22,1783316255202,0,QmP2y2GKPy6gwArpzaE2RA5dRRgeXWNUH6Gyquaruz27DM,false
868,e6-lifecycle-20260706T053732.792354049Z-c4-real-task-0226,signed_post_evalsnapshot,true,6,1783316255223,0,QmYKcvqVA5kpfJsuCUkNUdEao6JQhFACmrPAQEP38tsjSp,false
869,e6-lifecycle-20260706T053732.792354049Z-c4-real-task-0226,signed_vote1,true,4,1783316255229,0,QmYKcvqVA5kpfJsuCUkNUdEao6JQhFACmrPAQEP38tsjSp,false
870,e6-lifecycle-20260706T053732.792354049Z-c4-real-task-0226,signed_vote2,true,3,1783316255233,0,QmYKcvqVA5kpfJsuCUkNUdEao6JQhFACmrPAQEP38tsjSp,false
871,e6-lifecycle-20260706T053732.792354049Z-c4-real-task-0226,signed_settlement,true,3,1783316255236,0,QmYKcvqVA5kpfJsuCUkNUdEao6JQhFACmrPAQEP38tsjSp,false
872,e6-lifecycle-20260706T053732.792354049Z-c4-real-task-0226,signed_query_latest,true,0,1783316255239,0,QmYKcvqVA5kpfJsuCUkNUdEao6JQhFACmrPAQEP38tsjSp,false
873,e6-lifecycle-20260706T053732.792354049Z-c4-real-task-0226,ipfs_verify,true,22,1783316255239,0,QmYKcvqVA5kpfJsuCUkNUdEao6JQhFACmrPAQEP38tsjSp,false
874,e6-lifecycle-20260706T053732.792354049Z-c4-real-task-0227,ipfs_add,true,144,1783316255127,2681,,false
875,e6-lifecycle-20260706T053732.792354049Z-c4-real-task-0227,signed_posttask,true,15,1783316255272,0,QmaotMaC4Hb3cSu92BbQ6XF1kKexFQRifGmXvXQ9CscYbr,false
876,e6-lifecycle-20260706T053732.792354049Z-c4-real-task-0227,signed_postallocation,true,13,1783316255287,0,QmaotMaC4Hb3cSu92BbQ6XF1kKexFQRifGmXvXQ9CscYbr,false
877,e6-lifecycle-20260706T053732.792354049Z-c4-real-task-0227,signed_post_evalsnapshot,true,3,1783316255300,0,QmaotMaC4Hb3cSu92BbQ6XF1kKexFQRifGmXvXQ9CscYbr,false
878,e6-lifecycle-20260706T053732.792354049Z-c4-real-task-0227,signed_vote1,true,3,1783316255303,0,QmaotMaC4Hb3cSu92BbQ6XF1kKexFQRifGmXvXQ9CscYbr,false
879,e6-lifecycle-20260706T053732.792354049Z-c4-real-task-0227,signed_vote2,true,3,1783316255306,0,QmaotMaC4Hb3cSu92BbQ6XF1kKexFQRifGmXvXQ9CscYbr,false
880,e6-lifecycle-20260706T053732.792354049Z-c4-real-task-0227,signed_settlement,true,2,1783316255309,0,QmaotMaC4Hb3cSu92BbQ6XF1kKexFQRifGmXvXQ9CscYbr,false
881,e6-lifecycle-20260706T053732.792354049Z-c4-real-task-0227,signed_query_latest,true,0,1783316255311,0,QmaotMaC4Hb3cSu92BbQ6XF1kKexFQRifGmXvXQ9CscYbr,false
882,e6-lifecycle-20260706T053732.792354049Z-c4-real-task-0227,ipfs_verify,true,12,1783316255311,0,QmaotMaC4Hb3cSu92BbQ6XF1kKexFQRifGmXvXQ9CscYbr,false
883,e6-lifecycle-20260706T053732.792354049Z-c4-real-task-0228,ipfs_add,true,172,1783316255163,3049,,false
884,e6-lifecycle-20260706T053732.792354049Z-c4-real-task-0228,signed_posttask,true,3,1783316255335,0,Qmcg9hZwBNt4mPUVQKwcf3whBnxD8r9WzcLGYR2bbkVKYL,false
885,e6-lifecycle-20260706T053732.792354049Z-c4-real-task-0228,signed_postallocation,true,4,1783316255338,0,Qmcg9hZwBNt4mPUVQKwcf3whBnxD8r9WzcLGYR2bbkVKYL,false
886,e6-lifecycle-20260706T053732.792354049Z-c4-real-task-0228,signed_post_evalsnapshot,true,2,1783316255342,0,Qmcg9hZwBNt4mPUVQKwcf3whBnxD8r9WzcLGYR2bbkVKYL,false
887,e6-lifecycle-20260706T053732.792354049Z-c4-real-task-0228,signed_vote1,true,2,1783316255344,0,Qmcg9hZwBNt4mPUVQKwcf3whBnxD8r9WzcLGYR2bbkVKYL,false
888,e6-lifecycle-20260706T053732.792354049Z-c4-real-task-0228,signed_vote2,true,1,1783316255346,0,Qmcg9hZwBNt4mPUVQKwcf3whBnxD8r9WzcLGYR2bbkVKYL,false
889,e6-lifecycle-20260706T053732.792354049Z-c4-real-task-0228,signed_settlement,true,3,1783316255347,0,Qmcg9hZwBNt4mPUVQKwcf3whBnxD8r9WzcLGYR2bbkVKYL,false
890,e6-lifecycle-20260706T053732.792354049Z-c4-real-task-0228,signed_query_latest,true,0,1783316255350,0,Qmcg9hZwBNt4mPUVQKwcf3whBnxD8r9WzcLGYR2bbkVKYL,false
891,e6-lifecycle-20260706T053732.792354049Z-c4-real-task-0229,ipfs_add,true,136,1783316255224,1853,,false
892,e6-lifecycle-20260706T053732.792354049Z-c4-real-task-0228,ipfs_verify,true,11,1783316255350,0,Qmcg9hZwBNt4mPUVQKwcf3whBnxD8r9WzcLGYR2bbkVKYL,false
893,e6-lifecycle-20260706T053732.792354049Z-c4-real-task-0229,signed_posttask,true,2,1783316255360,0,QmU1c3q88Niv1hpqR47GYDb1SQRJPW8Sq3y68qKJ6gnFaK,false
894,e6-lifecycle-20260706T053732.792354049Z-c4-real-task-0229,signed_postallocation,true,2,1783316255362,0,QmU1c3q88Niv1hpqR47GYDb1SQRJPW8Sq3y68qKJ6gnFaK,false
895,e6-lifecycle-20260706T053732.792354049Z-c4-real-task-0229,signed_post_evalsnapshot,true,2,1783316255364,0,QmU1c3q88Niv1hpqR47GYDb1SQRJPW8Sq3y68qKJ6gnFaK,false
896,e6-lifecycle-20260706T053732.792354049Z-c4-real-task-0229,signed_vote1,true,2,1783316255366,0,QmU1c3q88Niv1hpqR47GYDb1SQRJPW8Sq3y68qKJ6gnFaK,false
897,e6-lifecycle-20260706T053732.792354049Z-c4-real-task-0229,signed_vote2,true,2,1783316255368,0,QmU1c3q88Niv1hpqR47GYDb1SQRJPW8Sq3y68qKJ6gnFaK,false
898,e6-lifecycle-20260706T053732.792354049Z-c4-real-task-0229,signed_settlement,true,2,1783316255370,0,QmU1c3q88Niv1hpqR47GYDb1SQRJPW8Sq3y68qKJ6gnFaK,false
899,e6-lifecycle-20260706T053732.792354049Z-c4-real-task-0229,signed_query_latest,true,0,1783316255372,0,QmU1c3q88Niv1hpqR47GYDb1SQRJPW8Sq3y68qKJ6gnFaK,false
900,e6-lifecycle-20260706T053732.792354049Z-c4-real-task-0229,ipfs_verify,true,19,1783316255372,0,QmU1c3q88Niv1hpqR47GYDb1SQRJPW8Sq3y68qKJ6gnFaK,false
901,e6-lifecycle-20260706T053732.792354049Z-c4-real-task-0230,ipfs_add,true,147,1783316255261,4672,,false
902,e6-lifecycle-20260706T053732.792354049Z-c4-real-task-0230,signed_posttask,true,2,1783316255408,0,QmVVrWGoPddnyHraUM2wUgG7XF2t7LkAUG71CvTqMUfisz,false
903,e6-lifecycle-20260706T053732.792354049Z-c4-real-task-0230,signed_postallocation,true,1,1783316255410,0,QmVVrWGoPddnyHraUM2wUgG7XF2t7LkAUG71CvTqMUfisz,false
904,e6-lifecycle-20260706T053732.792354049Z-c4-real-task-0230,signed_post_evalsnapshot,true,2,1783316255411,0,QmVVrWGoPddnyHraUM2wUgG7XF2t7LkAUG71CvTqMUfisz,false
905,e6-lifecycle-20260706T053732.792354049Z-c4-real-task-0230,signed_vote1,true,2,1783316255413,0,QmVVrWGoPddnyHraUM2wUgG7XF2t7LkAUG71CvTqMUfisz,false
906,e6-lifecycle-20260706T053732.792354049Z-c4-real-task-0230,signed_vote2,true,2,1783316255415,0,QmVVrWGoPddnyHraUM2wUgG7XF2t7LkAUG71CvTqMUfisz,false
907,e6-lifecycle-20260706T053732.792354049Z-c4-real-task-0230,signed_settlement,true,2,1783316255417,0,QmVVrWGoPddnyHraUM2wUgG7XF2t7LkAUG71CvTqMUfisz,false
908,e6-lifecycle-20260706T053732.792354049Z-c4-real-task-0230,signed_query_latest,true,0,1783316255419,0,QmVVrWGoPddnyHraUM2wUgG7XF2t7LkAUG71CvTqMUfisz,false
909,e6-lifecycle-20260706T053732.792354049Z-c4-real-task-0230,ipfs_verify,true,17,1783316255419,0,QmVVrWGoPddnyHraUM2wUgG7XF2t7LkAUG71CvTqMUfisz,false
910,e6-lifecycle-20260706T053732.792354049Z-c4-real-task-0231,ipfs_add,true,143,1783316255323,4749,,false
911,e6-lifecycle-20260706T053732.792354049Z-c4-real-task-0231,signed_posttask,true,2,1783316255467,0,QmZ1zUyz7qR3sEW9z4W3mHUGs871kKaNMsvhBu7yRneVTT,false
912,e6-lifecycle-20260706T053732.792354049Z-c4-real-task-0231,signed_postallocation,true,2,1783316255469,0,QmZ1zUyz7qR3sEW9z4W3mHUGs871kKaNMsvhBu7yRneVTT,false
913,e6-lifecycle-20260706T053732.792354049Z-c4-real-task-0231,signed_post_evalsnapshot,true,2,1783316255471,0,QmZ1zUyz7qR3sEW9z4W3mHUGs871kKaNMsvhBu7yRneVTT,false
914,e6-lifecycle-20260706T053732.792354049Z-c4-real-task-0231,signed_vote1,true,3,1783316255473,0,QmZ1zUyz7qR3sEW9z4W3mHUGs871kKaNMsvhBu7yRneVTT,false
915,e6-lifecycle-20260706T053732.792354049Z-c4-real-task-0231,signed_vote2,true,3,1783316255476,0,QmZ1zUyz7qR3sEW9z4W3mHUGs871kKaNMsvhBu7yRneVTT,false
916,e6-lifecycle-20260706T053732.792354049Z-c4-real-task-0231,signed_settlement,true,3,1783316255479,0,QmZ1zUyz7qR3sEW9z4W3mHUGs871kKaNMsvhBu7yRneVTT,false
917,e6-lifecycle-20260706T053732.792354049Z-c4-real-task-0231,signed_query_latest,true,0,1783316255482,0,QmZ1zUyz7qR3sEW9z4W3mHUGs871kKaNMsvhBu7yRneVTT,false
918,e6-lifecycle-20260706T053732.792354049Z-c4-real-task-0232,ipfs_add,true,141,1783316255361,5652,,false
919,e6-lifecycle-20260706T053732.792354049Z-c4-real-task-0231,ipfs_verify,true,21,1783316255482,0,QmZ1zUyz7qR3sEW9z4W3mHUGs871kKaNMsvhBu7yRneVTT,false
920,e6-lifecycle-20260706T053732.792354049Z-c4-real-task-0232,signed_posttask,true,3,1783316255502,0,QmSoSsUedyqXDpWjs8cPi259zwcokeishbBomFLbck3bFS,false
921,e6-lifecycle-20260706T053732.792354049Z-c4-real-task-0232,signed_postallocation,true,1,1783316255505,0,QmSoSsUedyqXDpWjs8cPi259zwcokeishbBomFLbck3bFS,false
922,e6-lifecycle-20260706T053732.792354049Z-c4-real-task-0232,signed_post_evalsnapshot,true,2,1783316255506,0,QmSoSsUedyqXDpWjs8cPi259zwcokeishbBomFLbck3bFS,false
923,e6-lifecycle-20260706T053732.792354049Z-c4-real-task-0232,signed_vote1,true,2,1783316255508,0,QmSoSsUedyqXDpWjs8cPi259zwcokeishbBomFLbck3bFS,false
924,e6-lifecycle-20260706T053732.792354049Z-c4-real-task-0232,signed_vote2,true,2,1783316255510,0,QmSoSsUedyqXDpWjs8cPi259zwcokeishbBomFLbck3bFS,false
925,e6-lifecycle-20260706T053732.792354049Z-c4-real-task-0232,signed_settlement,true,3,1783316255512,0,QmSoSsUedyqXDpWjs8cPi259zwcokeishbBomFLbck3bFS,false
926,e6-lifecycle-20260706T053732.792354049Z-c4-real-task-0232,signed_query_latest,true,0,1783316255515,0,QmSoSsUedyqXDpWjs8cPi259zwcokeishbBomFLbck3bFS,false
927,e6-lifecycle-20260706T053732.792354049Z-c4-real-task-0232,ipfs_verify,true,11,1783316255515,0,QmSoSsUedyqXDpWjs8cPi259zwcokeishbBomFLbck3bFS,false
928,e6-lifecycle-20260706T053732.792354049Z-c4-real-task-0233,ipfs_add,true,145,1783316255391,5561,,false
929,e6-lifecycle-20260706T053732.792354049Z-c4-real-task-0233,signed_posttask,true,1,1783316255536,0,QmPiTWkJT1mbrmoTnV9zypQTW3Way5fUm3QKFnVCGaYeHm,false
930,e6-lifecycle-20260706T053732.792354049Z-c4-real-task-0233,signed_postallocation,true,2,1783316255537,0,QmPiTWkJT1mbrmoTnV9zypQTW3Way5fUm3QKFnVCGaYeHm,false
931,e6-lifecycle-20260706T053732.792354049Z-c4-real-task-0233,signed_post_evalsnapshot,true,2,1783316255539,0,QmPiTWkJT1mbrmoTnV9zypQTW3Way5fUm3QKFnVCGaYeHm,false
932,e6-lifecycle-20260706T053732.792354049Z-c4-real-task-0233,signed_vote1,true,2,1783316255541,0,QmPiTWkJT1mbrmoTnV9zypQTW3Way5fUm3QKFnVCGaYeHm,false
933,e6-lifecycle-20260706T053732.792354049Z-c4-real-task-0233,signed_vote2,true,1,1783316255543,0,QmPiTWkJT1mbrmoTnV9zypQTW3Way5fUm3QKFnVCGaYeHm,false
934,e6-lifecycle-20260706T053732.792354049Z-c4-real-task-0233,signed_settlement,true,2,1783316255544,0,QmPiTWkJT1mbrmoTnV9zypQTW3Way5fUm3QKFnVCGaYeHm,false
935,e6-lifecycle-20260706T053732.792354049Z-c4-real-task-0233,signed_query_latest,true,0,1783316255546,0,QmPiTWkJT1mbrmoTnV9zypQTW3Way5fUm3QKFnVCGaYeHm,false
936,e6-lifecycle-20260706T053732.792354049Z-c4-real-task-0233,ipfs_verify,true,15,1783316255546,0,QmPiTWkJT1mbrmoTnV9zypQTW3Way5fUm3QKFnVCGaYeHm,false
937,e6-lifecycle-20260706T053732.792354049Z-c4-real-task-0234,ipfs_add,true,150,1783316255437,4813,,false
938,e6-lifecycle-20260706T053732.792354049Z-c4-real-task-0234,signed_posttask,true,5,1783316255587,0,QmPib3HBbwLaFsPuT1LMCQzfpjcraJk2ud1LU6KcqXFQ9r,false
939,e6-lifecycle-20260706T053732.792354049Z-c4-real-task-0234,signed_postallocation,true,4,1783316255592,0,QmPib3HBbwLaFsPuT1LMCQzfpjcraJk2ud1LU6KcqXFQ9r,false
940,e6-lifecycle-20260706T053732.792354049Z-c4-real-task-0234,signed_post_evalsnapshot,true,3,1783316255596,0,QmPib3HBbwLaFsPuT1LMCQzfpjcraJk2ud1LU6KcqXFQ9r,false
941,e6-lifecycle-20260706T053732.792354049Z-c4-real-task-0234,signed_vote1,true,4,1783316255599,0,QmPib3HBbwLaFsPuT1LMCQzfpjcraJk2ud1LU6KcqXFQ9r,false
942,e6-lifecycle-20260706T053732.792354049Z-c4-real-task-0234,signed_vote2,true,1,1783316255603,0,QmPib3HBbwLaFsPuT1LMCQzfpjcraJk2ud1LU6KcqXFQ9r,false
943,e6-lifecycle-20260706T053732.792354049Z-c4-real-task-0234,signed_settlement,true,2,1783316255604,0,QmPib3HBbwLaFsPuT1LMCQzfpjcraJk2ud1LU6KcqXFQ9r,false
944,e6-lifecycle-20260706T053732.792354049Z-c4-real-task-0234,signed_query_latest,true,0,1783316255606,0,QmPib3HBbwLaFsPuT1LMCQzfpjcraJk2ud1LU6KcqXFQ9r,false
945,e6-lifecycle-20260706T053732.792354049Z-c4-real-task-0234,ipfs_verify,true,12,1783316255606,0,QmPib3HBbwLaFsPuT1LMCQzfpjcraJk2ud1LU6KcqXFQ9r,false
946,e6-lifecycle-20260706T053732.792354049Z-c4-real-task-0235,ipfs_add,true,124,1783316255504,3473,,false
947,e6-lifecycle-20260706T053732.792354049Z-c4-real-task-0235,signed_posttask,true,1,1783316255628,0,QmYicVCk9mEpCXvCjMGcMHHmbJVaPePcbBgZQABLWpBqqW,false
948,e6-lifecycle-20260706T053732.792354049Z-c4-real-task-0235,signed_postallocation,true,2,1783316255629,0,QmYicVCk9mEpCXvCjMGcMHHmbJVaPePcbBgZQABLWpBqqW,false
949,e6-lifecycle-20260706T053732.792354049Z-c4-real-task-0235,signed_post_evalsnapshot,true,3,1783316255631,0,QmYicVCk9mEpCXvCjMGcMHHmbJVaPePcbBgZQABLWpBqqW,false
950,e6-lifecycle-20260706T053732.792354049Z-c4-real-task-0235,signed_vote1,true,1,1783316255634,0,QmYicVCk9mEpCXvCjMGcMHHmbJVaPePcbBgZQABLWpBqqW,false
951,e6-lifecycle-20260706T053732.792354049Z-c4-real-task-0235,signed_vote2,true,2,1783316255635,0,QmYicVCk9mEpCXvCjMGcMHHmbJVaPePcbBgZQABLWpBqqW,false
952,e6-lifecycle-20260706T053732.792354049Z-c4-real-task-0235,signed_settlement,true,2,1783316255637,0,QmYicVCk9mEpCXvCjMGcMHHmbJVaPePcbBgZQABLWpBqqW,false
953,e6-lifecycle-20260706T053732.792354049Z-c4-real-task-0235,signed_query_latest,true,0,1783316255639,0,QmYicVCk9mEpCXvCjMGcMHHmbJVaPePcbBgZQABLWpBqqW,false
954,e6-lifecycle-20260706T053732.792354049Z-c4-real-task-0236,ipfs_add,true,133,1783316255526,3609,,false
955,e6-lifecycle-20260706T053732.792354049Z-c4-real-task-0235,ipfs_verify,true,22,1783316255639,0,QmYicVCk9mEpCXvCjMGcMHHmbJVaPePcbBgZQABLWpBqqW,false
956,e6-lifecycle-20260706T053732.792354049Z-c4-real-task-0236,signed_posttask,true,6,1783316255659,0,QmVXqjnDPn1ZWZeaYTpic5k9LeY4VnPGoRNhtDotr1gFPf,false
957,e6-lifecycle-20260706T053732.792354049Z-c4-real-task-0236,signed_postallocation,true,2,1783316255665,0,QmVXqjnDPn1ZWZeaYTpic5k9LeY4VnPGoRNhtDotr1gFPf,false
958,e6-lifecycle-20260706T053732.792354049Z-c4-real-task-0236,signed_post_evalsnapshot,true,3,1783316255667,0,QmVXqjnDPn1ZWZeaYTpic5k9LeY4VnPGoRNhtDotr1gFPf,false
959,e6-lifecycle-20260706T053732.792354049Z-c4-real-task-0236,signed_vote1,true,1,1783316255670,0,QmVXqjnDPn1ZWZeaYTpic5k9LeY4VnPGoRNhtDotr1gFPf,false
960,e6-lifecycle-20260706T053732.792354049Z-c4-real-task-0236,signed_vote2,true,2,1783316255671,0,QmVXqjnDPn1ZWZeaYTpic5k9LeY4VnPGoRNhtDotr1gFPf,false
961,e6-lifecycle-20260706T053732.792354049Z-c4-real-task-0236,signed_settlement,true,2,1783316255673,0,QmVXqjnDPn1ZWZeaYTpic5k9LeY4VnPGoRNhtDotr1gFPf,false
962,e6-lifecycle-20260706T053732.792354049Z-c4-real-task-0236,signed_query_latest,true,0,1783316255675,0,QmVXqjnDPn1ZWZeaYTpic5k9LeY4VnPGoRNhtDotr1gFPf,false
963,e6-lifecycle-20260706T053732.792354049Z-c4-real-task-0236,ipfs_verify,true,15,1783316255675,0,QmVXqjnDPn1ZWZeaYTpic5k9LeY4VnPGoRNhtDotr1gFPf,false
964,e6-lifecycle-20260706T053732.792354049Z-c4-real-task-0237,ipfs_add,true,136,1783316255561,5358,,false
965,e6-lifecycle-20260706T053732.792354049Z-c4-real-task-0237,signed_posttask,true,4,1783316255697,0,QmVAq5JsSc7aMPcAaJdKWcsK7zz4oLxAr4YXCyVDbZzyuX,false
966,e6-lifecycle-20260706T053732.792354049Z-c4-real-task-0237,signed_postallocation,true,2,1783316255701,0,QmVAq5JsSc7aMPcAaJdKWcsK7zz4oLxAr4YXCyVDbZzyuX,false
967,e6-lifecycle-20260706T053732.792354049Z-c4-real-task-0237,signed_post_evalsnapshot,true,3,1783316255703,0,QmVAq5JsSc7aMPcAaJdKWcsK7zz4oLxAr4YXCyVDbZzyuX,false
968,e6-lifecycle-20260706T053732.792354049Z-c4-real-task-0237,signed_vote1,true,2,1783316255706,0,QmVAq5JsSc7aMPcAaJdKWcsK7zz4oLxAr4YXCyVDbZzyuX,false
969,e6-lifecycle-20260706T053732.792354049Z-c4-real-task-0237,signed_vote2,true,3,1783316255708,0,QmVAq5JsSc7aMPcAaJdKWcsK7zz4oLxAr4YXCyVDbZzyuX,false
970,e6-lifecycle-20260706T053732.792354049Z-c4-real-task-0237,signed_settlement,true,2,1783316255711,0,QmVAq5JsSc7aMPcAaJdKWcsK7zz4oLxAr4YXCyVDbZzyuX,false
971,e6-lifecycle-20260706T053732.792354049Z-c4-real-task-0237,signed_query_latest,true,0,1783316255713,0,QmVAq5JsSc7aMPcAaJdKWcsK7zz4oLxAr4YXCyVDbZzyuX,false
972,e6-lifecycle-20260706T053732.792354049Z-c4-real-task-0237,ipfs_verify,true,15,1783316255713,0,QmVAq5JsSc7aMPcAaJdKWcsK7zz4oLxAr4YXCyVDbZzyuX,false
973,e6-lifecycle-20260706T053732.792354049Z-c4-real-task-0238,ipfs_add,true,122,1783316255618,2789,,false
974,e6-lifecycle-20260706T053732.792354049Z-c4-real-task-0238,signed_posttask,true,2,1783316255741,0,QmT6ZzLsRWnFGbDxFiczkk711sF8hynyFyTCPutJbTgPxU,false
975,e6-lifecycle-20260706T053732.792354049Z-c4-real-task-0238,signed_postallocation,true,4,1783316255743,0,QmT6ZzLsRWnFGbDxFiczkk711sF8hynyFyTCPutJbTgPxU,false
976,e6-lifecycle-20260706T053732.792354049Z-c4-real-task-0238,signed_post_evalsnapshot,true,3,1783316255747,0,QmT6ZzLsRWnFGbDxFiczkk711sF8hynyFyTCPutJbTgPxU,false
977,e6-lifecycle-20260706T053732.792354049Z-c4-real-task-0238,signed_vote1,true,1,1783316255750,0,QmT6ZzLsRWnFGbDxFiczkk711sF8hynyFyTCPutJbTgPxU,false
978,e6-lifecycle-20260706T053732.792354049Z-c4-real-task-0238,signed_vote2,true,3,1783316255751,0,QmT6ZzLsRWnFGbDxFiczkk711sF8hynyFyTCPutJbTgPxU,false
979,e6-lifecycle-20260706T053732.792354049Z-c4-real-task-0238,signed_settlement,true,6,1783316255754,0,QmT6ZzLsRWnFGbDxFiczkk711sF8hynyFyTCPutJbTgPxU,false
980,e6-lifecycle-20260706T053732.792354049Z-c4-real-task-0238,signed_query_latest,true,0,1783316255760,0,QmT6ZzLsRWnFGbDxFiczkk711sF8hynyFyTCPutJbTgPxU,false
981,e6-lifecycle-20260706T053732.792354049Z-c4-real-task-0238,ipfs_verify,true,14,1783316255760,0,QmT6ZzLsRWnFGbDxFiczkk711sF8hynyFyTCPutJbTgPxU,false
982,e6-lifecycle-20260706T053732.792354049Z-c4-real-task-0239,ipfs_add,true,115,1783316255661,1409,,false
983,e6-lifecycle-20260706T053732.792354049Z-c4-real-task-0239,signed_posttask,true,2,1783316255776,0,QmQMeGcZwLYK3Pq3gZevpTDuLFbfuYKryRgEJBym4Nhd1b,false
984,e6-lifecycle-20260706T053732.792354049Z-c4-real-task-0239,signed_postallocation,true,2,1783316255778,0,QmQMeGcZwLYK3Pq3gZevpTDuLFbfuYKryRgEJBym4Nhd1b,false
985,e6-lifecycle-20260706T053732.792354049Z-c4-real-task-0239,signed_post_evalsnapshot,true,3,1783316255780,0,QmQMeGcZwLYK3Pq3gZevpTDuLFbfuYKryRgEJBym4Nhd1b,false
986,e6-lifecycle-20260706T053732.792354049Z-c4-real-task-0239,signed_vote1,true,2,1783316255783,0,QmQMeGcZwLYK3Pq3gZevpTDuLFbfuYKryRgEJBym4Nhd1b,false
987,e6-lifecycle-20260706T053732.792354049Z-c4-real-task-0239,signed_vote2,true,2,1783316255785,0,QmQMeGcZwLYK3Pq3gZevpTDuLFbfuYKryRgEJBym4Nhd1b,false
988,e6-lifecycle-20260706T053732.792354049Z-c4-real-task-0239,signed_settlement,true,2,1783316255787,0,QmQMeGcZwLYK3Pq3gZevpTDuLFbfuYKryRgEJBym4Nhd1b,false
989,e6-lifecycle-20260706T053732.792354049Z-c4-real-task-0239,signed_query_latest,true,0,1783316255789,0,QmQMeGcZwLYK3Pq3gZevpTDuLFbfuYKryRgEJBym4Nhd1b,false
990,e6-lifecycle-20260706T053732.792354049Z-c4-real-task-0239,ipfs_verify,true,12,1783316255789,0,QmQMeGcZwLYK3Pq3gZevpTDuLFbfuYKryRgEJBym4Nhd1b,false
991,e6-lifecycle-20260706T053732.792354049Z-c4-real-task-0240,ipfs_add,true,118,1783316255690,1900,,false
992,e6-lifecycle-20260706T053732.792354049Z-c4-real-task-0240,signed_posttask,true,2,1783316255808,0,QmRfDCDvLXbQCMFDCB2yZ6ZQfQ9nRcY5sEkbivZjmdkej6,false
993,e6-lifecycle-20260706T053732.792354049Z-c4-real-task-0240,signed_postallocation,true,1,1783316255810,0,QmRfDCDvLXbQCMFDCB2yZ6ZQfQ9nRcY5sEkbivZjmdkej6,false
994,e6-lifecycle-20260706T053732.792354049Z-c4-real-task-0240,signed_post_evalsnapshot,true,5,1783316255811,0,QmRfDCDvLXbQCMFDCB2yZ6ZQfQ9nRcY5sEkbivZjmdkej6,false
995,e6-lifecycle-20260706T053732.792354049Z-c4-real-task-0240,signed_vote1,true,2,1783316255816,0,QmRfDCDvLXbQCMFDCB2yZ6ZQfQ9nRcY5sEkbivZjmdkej6,false
996,e6-lifecycle-20260706T053732.792354049Z-c4-real-task-0240,signed_vote2,true,3,1783316255818,0,QmRfDCDvLXbQCMFDCB2yZ6ZQfQ9nRcY5sEkbivZjmdkej6,false
997,e6-lifecycle-20260706T053732.792354049Z-c4-real-task-0240,signed_settlement,true,4,1783316255821,0,QmRfDCDvLXbQCMFDCB2yZ6ZQfQ9nRcY5sEkbivZjmdkej6,false
998,e6-lifecycle-20260706T053732.792354049Z-c4-real-task-0240,signed_query_latest,true,0,1783316255825,0,QmRfDCDvLXbQCMFDCB2yZ6ZQfQ9nRcY5sEkbivZjmdkej6,false
999,e6-lifecycle-20260706T053732.792354049Z-c4-real-task-0240,ipfs_verify,true,20,1783316255825,0,QmRfDCDvLXbQCMFDCB2yZ6ZQfQ9nRcY5sEkbivZjmdkej6,false
1000,e6-lifecycle-20260706T053732.792354049Z-c4-real-task-0241,ipfs_add,true,121,1783316255728,2700,,false
1001,e6-lifecycle-20260706T053732.792354049Z-c4-real-task-0241,signed_posttask,true,11,1783316255849,0,QmfEJkxeZXBCtVrzRc9tWUkiwMt3QbnPxy27zPrhErg5Mj,false
1002,e6-lifecycle-20260706T053732.792354049Z-c4-real-task-0241,signed_postallocation,true,3,1783316255860,0,QmfEJkxeZXBCtVrzRc9tWUkiwMt3QbnPxy27zPrhErg5Mj,false
1003,e6-lifecycle-20260706T053732.792354049Z-c4-real-task-0241,signed_post_evalsnapshot,true,2,1783316255863,0,QmfEJkxeZXBCtVrzRc9tWUkiwMt3QbnPxy27zPrhErg5Mj,false
1004,e6-lifecycle-20260706T053732.792354049Z-c4-real-task-0241,signed_vote1,true,3,1783316255865,0,QmfEJkxeZXBCtVrzRc9tWUkiwMt3QbnPxy27zPrhErg5Mj,false
1005,e6-lifecycle-20260706T053732.792354049Z-c4-real-task-0241,signed_vote2,true,2,1783316255868,0,QmfEJkxeZXBCtVrzRc9tWUkiwMt3QbnPxy27zPrhErg5Mj,false
1006,e6-lifecycle-20260706T053732.792354049Z-c4-real-task-0241,signed_settlement,true,2,1783316255870,0,QmfEJkxeZXBCtVrzRc9tWUkiwMt3QbnPxy27zPrhErg5Mj,false
1007,e6-lifecycle-20260706T053732.792354049Z-c4-real-task-0241,signed_query_latest,true,0,1783316255872,0,QmfEJkxeZXBCtVrzRc9tWUkiwMt3QbnPxy27zPrhErg5Mj,false
1008,e6-lifecycle-20260706T053732.792354049Z-c4-real-task-0241,ipfs_verify,true,12,1783316255872,0,QmfEJkxeZXBCtVrzRc9tWUkiwMt3QbnPxy27zPrhErg5Mj,false
1009,e6-lifecycle-20260706T053732.792354049Z-c4-real-task-0242,ipfs_add,true,121,1783316255774,2053,,false
1010,e6-lifecycle-20260706T053732.792354049Z-c4-real-task-0242,signed_posttask,true,3,1783316255895,0,QmNubnQEoCoKW34iLEEdjbFpwQuVWvqdKUZP7pPaRitT9Z,false
1011,e6-lifecycle-20260706T053732.792354049Z-c4-real-task-0242,signed_postallocation,true,4,1783316255898,0,QmNubnQEoCoKW34iLEEdjbFpwQuVWvqdKUZP7pPaRitT9Z,false
1012,e6-lifecycle-20260706T053732.792354049Z-c4-real-task-0242,signed_post_evalsnapshot,true,2,1783316255902,0,QmNubnQEoCoKW34iLEEdjbFpwQuVWvqdKUZP7pPaRitT9Z,false
1013,e6-lifecycle-20260706T053732.792354049Z-c4-real-task-0242,signed_vote1,true,3,1783316255904,0,QmNubnQEoCoKW34iLEEdjbFpwQuVWvqdKUZP7pPaRitT9Z,false
1014,e6-lifecycle-20260706T053732.792354049Z-c4-real-task-0242,signed_vote2,true,2,1783316255907,0,QmNubnQEoCoKW34iLEEdjbFpwQuVWvqdKUZP7pPaRitT9Z,false
1015,e6-lifecycle-20260706T053732.792354049Z-c4-real-task-0242,signed_settlement,true,3,1783316255909,0,QmNubnQEoCoKW34iLEEdjbFpwQuVWvqdKUZP7pPaRitT9Z,false
1016,e6-lifecycle-20260706T053732.792354049Z-c4-real-task-0242,signed_query_latest,true,0,1783316255912,0,QmNubnQEoCoKW34iLEEdjbFpwQuVWvqdKUZP7pPaRitT9Z,false
1017,e6-lifecycle-20260706T053732.792354049Z-c4-real-task-0242,ipfs_verify,true,11,1783316255912,0,QmNubnQEoCoKW34iLEEdjbFpwQuVWvqdKUZP7pPaRitT9Z,false
1018,e6-lifecycle-20260706T053732.792354049Z-c4-real-task-0243,ipfs_add,true,146,1783316255801,1456,,false
1019,e6-lifecycle-20260706T053732.792354049Z-c4-real-task-0243,signed_posttask,true,10,1783316255947,0,QmRSRcL9QGoh8VvDT2ixSsZg96fnWrX8z1a5S7uHJpt7kp,false
1020,e6-lifecycle-20260706T053732.792354049Z-c4-real-task-0243,signed_postallocation,true,2,1783316255957,0,QmRSRcL9QGoh8VvDT2ixSsZg96fnWrX8z1a5S7uHJpt7kp,false
1021,e6-lifecycle-20260706T053732.792354049Z-c4-real-task-0243,signed_post_evalsnapshot,true,2,1783316255959,0,QmRSRcL9QGoh8VvDT2ixSsZg96fnWrX8z1a5S7uHJpt7kp,false
1022,e6-lifecycle-20260706T053732.792354049Z-c4-real-task-0243,signed_vote1,true,3,1783316255961,0,QmRSRcL9QGoh8VvDT2ixSsZg96fnWrX8z1a5S7uHJpt7kp,false
1023,e6-lifecycle-20260706T053732.792354049Z-c4-real-task-0243,signed_vote2,true,2,1783316255964,0,QmRSRcL9QGoh8VvDT2ixSsZg96fnWrX8z1a5S7uHJpt7kp,false
1024,e6-lifecycle-20260706T053732.792354049Z-c4-real-task-0243,signed_settlement,true,2,1783316255966,0,QmRSRcL9QGoh8VvDT2ixSsZg96fnWrX8z1a5S7uHJpt7kp,false
1025,e6-lifecycle-20260706T053732.792354049Z-c4-real-task-0243,signed_query_latest,true,0,1783316255968,0,QmRSRcL9QGoh8VvDT2ixSsZg96fnWrX8z1a5S7uHJpt7kp,false
1026,e6-lifecycle-20260706T053732.792354049Z-c4-real-task-0243,ipfs_verify,true,22,1783316255968,0,QmRSRcL9QGoh8VvDT2ixSsZg96fnWrX8z1a5S7uHJpt7kp,false
1027,e6-lifecycle-20260706T053732.792354049Z-c4-real-task-0244,ipfs_add,true,165,1783316255845,1940,,false
1028,e6-lifecycle-20260706T053732.792354049Z-c4-real-task-0244,signed_posttask,true,2,1783316256010,0,QmZRkcbZv6DrZ32YxAdk9t2kzi1YwGMwtxRpuS6Qjz4ByS,false
1029,e6-lifecycle-20260706T053732.792354049Z-c4-real-task-0244,signed_postallocation,true,3,1783316256012,0,QmZRkcbZv6DrZ32YxAdk9t2kzi1YwGMwtxRpuS6Qjz4ByS,false
1030,e6-lifecycle-20260706T053732.792354049Z-c4-real-task-0244,signed_post_evalsnapshot,true,3,1783316256015,0,QmZRkcbZv6DrZ32YxAdk9t2kzi1YwGMwtxRpuS6Qjz4ByS,false
1031,e6-lifecycle-20260706T053732.792354049Z-c4-real-task-0244,signed_vote1,true,2,1783316256018,0,QmZRkcbZv6DrZ32YxAdk9t2kzi1YwGMwtxRpuS6Qjz4ByS,false
1032,e6-lifecycle-20260706T053732.792354049Z-c4-real-task-0244,signed_vote2,true,3,1783316256020,0,QmZRkcbZv6DrZ32YxAdk9t2kzi1YwGMwtxRpuS6Qjz4ByS,false
1033,e6-lifecycle-20260706T053732.792354049Z-c4-real-task-0244,signed_settlement,true,5,1783316256023,0,QmZRkcbZv6DrZ32YxAdk9t2kzi1YwGMwtxRpuS6Qjz4ByS,false
1034,e6-lifecycle-20260706T053732.792354049Z-c4-real-task-0244,signed_query_latest,true,0,1783316256028,0,QmZRkcbZv6DrZ32YxAdk9t2kzi1YwGMwtxRpuS6Qjz4ByS,false
1035,e6-lifecycle-20260706T053732.792354049Z-c4-real-task-0244,ipfs_verify,true,13,1783316256028,0,QmZRkcbZv6DrZ32YxAdk9t2kzi1YwGMwtxRpuS6Qjz4ByS,false
1036,e6-lifecycle-20260706T053732.792354049Z-c4-real-task-0245,ipfs_add,true,176,1783316255885,1397,,false
1037,e6-lifecycle-20260706T053732.792354049Z-c4-real-task-0245,signed_posttask,true,1,1783316256061,0,QmRfQ29mFdu3DgQcz3fAXc1k7t6oBRgjxH4rKPuQH1fX4o,false
1038,e6-lifecycle-20260706T053732.792354049Z-c4-real-task-0245,signed_postallocation,true,1,1783316256063,0,QmRfQ29mFdu3DgQcz3fAXc1k7t6oBRgjxH4rKPuQH1fX4o,false
1039,e6-lifecycle-20260706T053732.792354049Z-c4-real-task-0245,signed_post_evalsnapshot,true,4,1783316256064,0,QmRfQ29mFdu3DgQcz3fAXc1k7t6oBRgjxH4rKPuQH1fX4o,false
1040,e6-lifecycle-20260706T053732.792354049Z-c4-real-task-0245,signed_vote1,true,2,1783316256068,0,QmRfQ29mFdu3DgQcz3fAXc1k7t6oBRgjxH4rKPuQH1fX4o,false
1041,e6-lifecycle-20260706T053732.792354049Z-c4-real-task-0245,signed_vote2,true,3,1783316256070,0,QmRfQ29mFdu3DgQcz3fAXc1k7t6oBRgjxH4rKPuQH1fX4o,false
1042,e6-lifecycle-20260706T053732.792354049Z-c4-real-task-0245,signed_settlement,true,4,1783316256073,0,QmRfQ29mFdu3DgQcz3fAXc1k7t6oBRgjxH4rKPuQH1fX4o,false
1043,e6-lifecycle-20260706T053732.792354049Z-c4-real-task-0245,signed_query_latest,true,0,1783316256077,0,QmRfQ29mFdu3DgQcz3fAXc1k7t6oBRgjxH4rKPuQH1fX4o,false
1044,e6-lifecycle-20260706T053732.792354049Z-c4-real-task-0245,ipfs_verify,true,19,1783316256077,0,QmRfQ29mFdu3DgQcz3fAXc1k7t6oBRgjxH4rKPuQH1fX4o,false
1045,e6-lifecycle-20260706T053732.792354049Z-c4-real-task-0246,ipfs_add,true,177,1783316255923,1908,,false
1046,e6-lifecycle-20260706T053732.792354049Z-c4-real-task-0246,signed_posttask,true,3,1783316256100,0,Qmbd379qf1e5jFN3VfVGanPkH2qj7HaxhCKRJVLas9XhVH,false
1047,e6-lifecycle-20260706T053732.792354049Z-c4-real-task-0246,signed_postallocation,true,2,1783316256103,0,Qmbd379qf1e5jFN3VfVGanPkH2qj7HaxhCKRJVLas9XhVH,false
1048,e6-lifecycle-20260706T053732.792354049Z-c4-real-task-0246,signed_post_evalsnapshot,true,2,1783316256105,0,Qmbd379qf1e5jFN3VfVGanPkH2qj7HaxhCKRJVLas9XhVH,false
1049,e6-lifecycle-20260706T053732.792354049Z-c4-real-task-0246,signed_vote1,true,2,1783316256107,0,Qmbd379qf1e5jFN3VfVGanPkH2qj7HaxhCKRJVLas9XhVH,false
1050,e6-lifecycle-20260706T053732.792354049Z-c4-real-task-0246,signed_vote2,true,2,1783316256109,0,Qmbd379qf1e5jFN3VfVGanPkH2qj7HaxhCKRJVLas9XhVH,false
1051,e6-lifecycle-20260706T053732.792354049Z-c4-real-task-0246,signed_settlement,true,2,1783316256111,0,Qmbd379qf1e5jFN3VfVGanPkH2qj7HaxhCKRJVLas9XhVH,false
1052,e6-lifecycle-20260706T053732.792354049Z-c4-real-task-0246,signed_query_latest,true,0,1783316256113,0,Qmbd379qf1e5jFN3VfVGanPkH2qj7HaxhCKRJVLas9XhVH,false
1053,e6-lifecycle-20260706T053732.792354049Z-c4-real-task-0247,ipfs_add,true,135,1783316255990,1442,,false
1054,e6-lifecycle-20260706T053732.792354049Z-c4-real-task-0246,ipfs_verify,true,14,1783316256113,0,Qmbd379qf1e5jFN3VfVGanPkH2qj7HaxhCKRJVLas9XhVH,false
1055,e6-lifecycle-20260706T053732.792354049Z-c4-real-task-0247,signed_posttask,true,2,1783316256125,0,QmX6Pz1owsVrhohFcJpqY4nN99ZYTUNsMhoWJHmcAATrUC,false
1056,e6-lifecycle-20260706T053732.792354049Z-c4-real-task-0247,signed_postallocation,true,3,1783316256127,0,QmX6Pz1owsVrhohFcJpqY4nN99ZYTUNsMhoWJHmcAATrUC,false
1057,e6-lifecycle-20260706T053732.792354049Z-c4-real-task-0247,signed_post_evalsnapshot,true,2,1783316256130,0,QmX6Pz1owsVrhohFcJpqY4nN99ZYTUNsMhoWJHmcAATrUC,false
1058,e6-lifecycle-20260706T053732.792354049Z-c4-real-task-0247,signed_vote1,true,2,1783316256132,0,QmX6Pz1owsVrhohFcJpqY4nN99ZYTUNsMhoWJHmcAATrUC,false
1059,e6-lifecycle-20260706T053732.792354049Z-c4-real-task-0247,signed_vote2,true,2,1783316256134,0,QmX6Pz1owsVrhohFcJpqY4nN99ZYTUNsMhoWJHmcAATrUC,false
1060,e6-lifecycle-20260706T053732.792354049Z-c4-real-task-0247,signed_settlement,true,3,1783316256136,0,QmX6Pz1owsVrhohFcJpqY4nN99ZYTUNsMhoWJHmcAATrUC,false
1061,e6-lifecycle-20260706T053732.792354049Z-c4-real-task-0247,signed_query_latest,true,0,1783316256139,0,QmX6Pz1owsVrhohFcJpqY4nN99ZYTUNsMhoWJHmcAATrUC,false
1062,e6-lifecycle-20260706T053732.792354049Z-c4-real-task-0247,ipfs_verify,true,10,1783316256139,0,QmX6Pz1owsVrhohFcJpqY4nN99ZYTUNsMhoWJHmcAATrUC,false
1063,e6-lifecycle-20260706T053732.792354049Z-c4-real-task-0248,ipfs_add,true,166,1783316256041,1513,,false
1064,e6-lifecycle-20260706T053732.792354049Z-c4-real-task-0248,signed_posttask,true,2,1783316256207,0,QmZm8oEeNJE8ud88izCLhLnkvJbBpn3DcxxACsWhMRdYhA,false
1065,e6-lifecycle-20260706T053732.792354049Z-c4-real-task-0248,signed_postallocation,true,2,1783316256209,0,QmZm8oEeNJE8ud88izCLhLnkvJbBpn3DcxxACsWhMRdYhA,false
1066,e6-lifecycle-20260706T053732.792354049Z-c4-real-task-0248,signed_post_evalsnapshot,true,2,1783316256211,0,QmZm8oEeNJE8ud88izCLhLnkvJbBpn3DcxxACsWhMRdYhA,false
1067,e6-lifecycle-20260706T053732.792354049Z-c4-real-task-0248,signed_vote1,true,2,1783316256213,0,QmZm8oEeNJE8ud88izCLhLnkvJbBpn3DcxxACsWhMRdYhA,false
1068,e6-lifecycle-20260706T053732.792354049Z-c4-real-task-0248,signed_vote2,true,2,1783316256215,0,QmZm8oEeNJE8ud88izCLhLnkvJbBpn3DcxxACsWhMRdYhA,false
1069,e6-lifecycle-20260706T053732.792354049Z-c4-real-task-0248,signed_settlement,true,2,1783316256217,0,QmZm8oEeNJE8ud88izCLhLnkvJbBpn3DcxxACsWhMRdYhA,false
1070,e6-lifecycle-20260706T053732.792354049Z-c4-real-task-0248,signed_query_latest,true,0,1783316256219,0,QmZm8oEeNJE8ud88izCLhLnkvJbBpn3DcxxACsWhMRdYhA,false
1071,e6-lifecycle-20260706T053732.792354049Z-c4-real-task-0248,ipfs_verify,true,8,1783316256219,0,QmZm8oEeNJE8ud88izCLhLnkvJbBpn3DcxxACsWhMRdYhA,false
1072,e6-lifecycle-20260706T053732.792354049Z-c4-real-task-0249,ipfs_add,true,133,1783316256096,1622,,false
1073,e6-lifecycle-20260706T053732.792354049Z-c4-real-task-0251,ipfs_add,true,80,1783316256149,1557,,false
1074,e6-lifecycle-20260706T053732.792354049Z-c4-real-task-0250,ipfs_add,true,102,1783316256127,1536,,false
1075,e6-lifecycle-20260706T053732.792354049Z-c4-real-task-0249,signed_posttask,true,2,1783316256229,0,QmWhPk74ArLFk2azBUEPeV5DfbYzPqL1rjTNqE5zSC1Eut,false
1076,e6-lifecycle-20260706T053732.792354049Z-c4-real-task-0249,signed_postallocation,true,2,1783316256231,0,QmWhPk74ArLFk2azBUEPeV5DfbYzPqL1rjTNqE5zSC1Eut,false
1077,e6-lifecycle-20260706T053732.792354049Z-c4-real-task-0251,signed_posttask,true,5,1783316256229,0,QmZcHg4d9H8MPruWuXm1QwpfemphbX6MHQxju4nZvRocmZ,false
1078,e6-lifecycle-20260706T053732.792354049Z-c4-real-task-0250,signed_posttask,true,8,1783316256229,0,Qmed7xmh1Coiscy6DWRC1YB617j5DeuyK8AizbfmSS6upB,false
1079,e6-lifecycle-20260706T053732.792354049Z-c4-real-task-0249,signed_post_evalsnapshot,true,5,1783316256233,0,QmWhPk74ArLFk2azBUEPeV5DfbYzPqL1rjTNqE5zSC1Eut,false
1080,e6-lifecycle-20260706T053732.792354049Z-c4-real-task-0251,signed_postallocation,true,6,1783316256234,0,QmZcHg4d9H8MPruWuXm1QwpfemphbX6MHQxju4nZvRocmZ,false
1081,e6-lifecycle-20260706T053732.792354049Z-c4-real-task-0250,signed_postallocation,true,5,1783316256237,0,Qmed7xmh1Coiscy6DWRC1YB617j5DeuyK8AizbfmSS6upB,false
1082,e6-lifecycle-20260706T053732.792354049Z-c4-real-task-0249,signed_vote1,true,6,1783316256238,0,QmWhPk74ArLFk2azBUEPeV5DfbYzPqL1rjTNqE5zSC1Eut,false
1083,e6-lifecycle-20260706T053732.792354049Z-c4-real-task-0251,signed_post_evalsnapshot,true,6,1783316256240,0,QmZcHg4d9H8MPruWuXm1QwpfemphbX6MHQxju4nZvRocmZ,false
1084,e6-lifecycle-20260706T053732.792354049Z-c4-real-task-0250,signed_post_evalsnapshot,true,6,1783316256242,0,Qmed7xmh1Coiscy6DWRC1YB617j5DeuyK8AizbfmSS6upB,false
1085,e6-lifecycle-20260706T053732.792354049Z-c4-real-task-0249,signed_vote2,true,7,1783316256244,0,QmWhPk74ArLFk2azBUEPeV5DfbYzPqL1rjTNqE5zSC1Eut,false
1086,e6-lifecycle-20260706T053732.792354049Z-c4-real-task-0251,signed_vote1,true,7,1783316256246,0,QmZcHg4d9H8MPruWuXm1QwpfemphbX6MHQxju4nZvRocmZ,false
1087,e6-lifecycle-20260706T053732.792354049Z-c4-real-task-0250,signed_vote1,true,7,1783316256248,0,Qmed7xmh1Coiscy6DWRC1YB617j5DeuyK8AizbfmSS6upB,false
1088,e6-lifecycle-20260706T053732.792354049Z-c4-real-task-0249,signed_settlement,true,7,1783316256251,0,QmWhPk74ArLFk2azBUEPeV5DfbYzPqL1rjTNqE5zSC1Eut,false
1089,e6-lifecycle-20260706T053732.792354049Z-c4-real-task-0252,ipfs_add,true,34,1783316256227,2362,,false
1090,e6-lifecycle-20260706T053732.792354049Z-c4-real-task-0251,signed_vote2,true,8,1783316256253,0,QmZcHg4d9H8MPruWuXm1QwpfemphbX6MHQxju4nZvRocmZ,false
1091,e6-lifecycle-20260706T053732.792354049Z-c4-real-task-0250,signed_vote2,true,8,1783316256255,0,Qmed7xmh1Coiscy6DWRC1YB617j5DeuyK8AizbfmSS6upB,false
1092,e6-lifecycle-20260706T053732.792354049Z-c4-real-task-0249,signed_query_latest,true,5,1783316256258,0,QmWhPk74ArLFk2azBUEPeV5DfbYzPqL1rjTNqE5zSC1Eut,false
1093,e6-lifecycle-20260706T053732.792354049Z-c4-real-task-0252,signed_posttask,true,7,1783316256261,0,QmSPWZE8QTcLPVYdwtzz4Jdbw1i2rDGXNp1NbNXG6cAtWU,false
1094,e6-lifecycle-20260706T053732.792354049Z-c4-real-task-0249,ipfs_verify,true,7,1783316256263,0,QmWhPk74ArLFk2azBUEPeV5DfbYzPqL1rjTNqE5zSC1Eut,false
1095,e6-lifecycle-20260706T053732.792354049Z-c4-real-task-0251,signed_settlement,true,9,1783316256261,0,QmZcHg4d9H8MPruWuXm1QwpfemphbX6MHQxju4nZvRocmZ,false
1096,e6-lifecycle-20260706T053732.792354049Z-c4-real-task-0250,signed_settlement,true,10,1783316256263,0,Qmed7xmh1Coiscy6DWRC1YB617j5DeuyK8AizbfmSS6upB,false
1097,e6-lifecycle-20260706T053732.792354049Z-c4-real-task-0250,signed_query_latest,true,3,1783316256273,0,Qmed7xmh1Coiscy6DWRC1YB617j5DeuyK8AizbfmSS6upB,false
1098,e6-lifecycle-20260706T053732.792354049Z-c4-real-task-0252,signed_postallocation,true,8,1783316256268,0,QmSPWZE8QTcLPVYdwtzz4Jdbw1i2rDGXNp1NbNXG6cAtWU,false
1099,e6-lifecycle-20260706T053732.792354049Z-c4-real-task-0251,signed_query_latest,true,6,1783316256270,0,QmZcHg4d9H8MPruWuXm1QwpfemphbX6MHQxju4nZvRocmZ,false
1100,e6-lifecycle-20260706T053732.792354049Z-c4-real-task-0252,signed_post_evalsnapshot,true,2,1783316256276,0,QmSPWZE8QTcLPVYdwtzz4Jdbw1i2rDGXNp1NbNXG6cAtWU,false
1101,e6-lifecycle-20260706T053732.792354049Z-c4-real-task-0252,signed_vote1,true,2,1783316256278,0,QmSPWZE8QTcLPVYdwtzz4Jdbw1i2rDGXNp1NbNXG6cAtWU,false
1102,e6-lifecycle-20260706T053732.792354049Z-c4-real-task-0251,ipfs_verify,true,11,1783316256276,0,QmZcHg4d9H8MPruWuXm1QwpfemphbX6MHQxju4nZvRocmZ,false
1103,e6-lifecycle-20260706T053732.792354049Z-c4-real-task-0252,signed_vote2,true,7,1783316256280,0,QmSPWZE8QTcLPVYdwtzz4Jdbw1i2rDGXNp1NbNXG6cAtWU,false
1104,e6-lifecycle-20260706T053732.792354049Z-c4-real-task-0250,ipfs_verify,true,12,1783316256276,0,Qmed7xmh1Coiscy6DWRC1YB617j5DeuyK8AizbfmSS6upB,false
1105,e6-lifecycle-20260706T053732.792354049Z-c4-real-task-0252,signed_settlement,true,2,1783316256287,0,QmSPWZE8QTcLPVYdwtzz4Jdbw1i2rDGXNp1NbNXG6cAtWU,false
1106,e6-lifecycle-20260706T053732.792354049Z-c4-real-task-0252,signed_query_latest,true,0,1783316256289,0,QmSPWZE8QTcLPVYdwtzz4Jdbw1i2rDGXNp1NbNXG6cAtWU,false
1107,e6-lifecycle-20260706T053732.792354049Z-c4-real-task-0252,ipfs_verify,true,11,1783316256289,0,QmSPWZE8QTcLPVYdwtzz4Jdbw1i2rDGXNp1NbNXG6cAtWU,false
1108,e6-lifecycle-20260706T053732.792354049Z-c4-real-task-0253,ipfs_add,true,42,1783316256270,2993,,false
1109,e6-lifecycle-20260706T053732.792354049Z-c4-real-task-0253,signed_posttask,true,3,1783316256312,0,QmU6GWKSsXJ8p8tB8vPkjDBspe6KHsKQiKg2i4XDbpW64S,false
1110,e6-lifecycle-20260706T053732.792354049Z-c4-real-task-0253,signed_postallocation,true,2,1783316256315,0,QmU6GWKSsXJ8p8tB8vPkjDBspe6KHsKQiKg2i4XDbpW64S,false
1111,e6-lifecycle-20260706T053732.792354049Z-c4-real-task-0253,signed_post_evalsnapshot,true,2,1783316256317,0,QmU6GWKSsXJ8p8tB8vPkjDBspe6KHsKQiKg2i4XDbpW64S,false
1112,e6-lifecycle-20260706T053732.792354049Z-c4-real-task-0253,signed_vote1,true,4,1783316256319,0,QmU6GWKSsXJ8p8tB8vPkjDBspe6KHsKQiKg2i4XDbpW64S,false
1113,e6-lifecycle-20260706T053732.792354049Z-c4-real-task-0253,signed_vote2,true,3,1783316256323,0,QmU6GWKSsXJ8p8tB8vPkjDBspe6KHsKQiKg2i4XDbpW64S,false
1114,e6-lifecycle-20260706T053732.792354049Z-c4-real-task-0253,signed_settlement,true,2,1783316256326,0,QmU6GWKSsXJ8p8tB8vPkjDBspe6KHsKQiKg2i4XDbpW64S,false
1115,e6-lifecycle-20260706T053732.792354049Z-c4-real-task-0253,signed_query_latest,true,0,1783316256328,0,QmU6GWKSsXJ8p8tB8vPkjDBspe6KHsKQiKg2i4XDbpW64S,false
1116,e6-lifecycle-20260706T053732.792354049Z-c4-real-task-0254,ipfs_add,true,49,1783316256287,1295,,false
1117,e6-lifecycle-20260706T053732.792354049Z-c4-real-task-0254,signed_posttask,true,2,1783316256336,0,QmNNK1VZwQQrsmt9689RK9RnXVSmh5jmJ6wJxbnwquT91z,false
1118,e6-lifecycle-20260706T053732.792354049Z-c4-real-task-0253,ipfs_verify,true,10,1783316256328,0,QmU6GWKSsXJ8p8tB8vPkjDBspe6KHsKQiKg2i4XDbpW64S,false
1119,e6-lifecycle-20260706T053732.792354049Z-c4-real-task-0254,signed_postallocation,true,2,1783316256338,0,QmNNK1VZwQQrsmt9689RK9RnXVSmh5jmJ6wJxbnwquT91z,false
1120,e6-lifecycle-20260706T053732.792354049Z-c4-real-task-0254,signed_post_evalsnapshot,true,1,1783316256340,0,QmNNK1VZwQQrsmt9689RK9RnXVSmh5jmJ6wJxbnwquT91z,false
1121,e6-lifecycle-20260706T053732.792354049Z-c4-real-task-0254,signed_vote1,true,3,1783316256341,0,QmNNK1VZwQQrsmt9689RK9RnXVSmh5jmJ6wJxbnwquT91z,false
1122,e6-lifecycle-20260706T053732.792354049Z-c4-real-task-0254,signed_vote2,true,2,1783316256344,0,QmNNK1VZwQQrsmt9689RK9RnXVSmh5jmJ6wJxbnwquT91z,false
1123,e6-lifecycle-20260706T053732.792354049Z-c4-real-task-0254,signed_settlement,true,2,1783316256346,0,QmNNK1VZwQQrsmt9689RK9RnXVSmh5jmJ6wJxbnwquT91z,false
1124,e6-lifecycle-20260706T053732.792354049Z-c4-real-task-0254,signed_query_latest,true,0,1783316256348,0,QmNNK1VZwQQrsmt9689RK9RnXVSmh5jmJ6wJxbnwquT91z,false
1125,e6-lifecycle-20260706T053732.792354049Z-c4-real-task-0254,ipfs_verify,true,12,1783316256348,0,QmNNK1VZwQQrsmt9689RK9RnXVSmh5jmJ6wJxbnwquT91z,false
1126,e6-lifecycle-20260706T053732.792354049Z-c4-real-task-0007,ipfs_add,true,78,1783316256288,1947,,false
1127,e6-lifecycle-20260706T053732.792354049Z-c4-real-task-0007,signed_posttask,true,2,1783316256366,0,QmZ2mJtGsrx1z5XKWoUvbBSuSSfsFtGubMTSXMJ9cMGQnJ,false
1128,e6-lifecycle-20260706T053732.792354049Z-c4-real-task-0007,signed_postallocation,true,1,1783316256368,0,QmZ2mJtGsrx1z5XKWoUvbBSuSSfsFtGubMTSXMJ9cMGQnJ,false
1129,e6-lifecycle-20260706T053732.792354049Z-c4-real-task-0007,signed_post_evalsnapshot,true,2,1783316256369,0,QmZ2mJtGsrx1z5XKWoUvbBSuSSfsFtGubMTSXMJ9cMGQnJ,false
1130,e6-lifecycle-20260706T053732.792354049Z-c4-real-task-0007,signed_vote1,true,1,1783316256371,0,QmZ2mJtGsrx1z5XKWoUvbBSuSSfsFtGubMTSXMJ9cMGQnJ,false
1131,e6-lifecycle-20260706T053732.792354049Z-c4-real-task-0007,signed_vote2,true,2,1783316256372,0,QmZ2mJtGsrx1z5XKWoUvbBSuSSfsFtGubMTSXMJ9cMGQnJ,false
1132,e6-lifecycle-20260706T053732.792354049Z-c4-real-task-0007,signed_settlement,true,3,1783316256374,0,QmZ2mJtGsrx1z5XKWoUvbBSuSSfsFtGubMTSXMJ9cMGQnJ,false
1133,e6-lifecycle-20260706T053732.792354049Z-c4-real-task-0007,signed_query_latest,true,0,1783316256377,0,QmZ2mJtGsrx1z5XKWoUvbBSuSSfsFtGubMTSXMJ9cMGQnJ,false
1134,e6-lifecycle-20260706T053732.792354049Z-c4-real-task-0002,ipfs_add,true,86,1783316256300,4391,,false
1135,e6-lifecycle-20260706T053732.792354049Z-c4-real-task-0002,signed_posttask,true,4,1783316256386,0,QmadZcFHB1uQSGYUnYEPgsvcDpcDhp6t3Vn4pKLzTyZW3B,false
1136,e6-lifecycle-20260706T053732.792354049Z-c4-real-task-0007,ipfs_verify,true,14,1783316256377,0,QmZ2mJtGsrx1z5XKWoUvbBSuSSfsFtGubMTSXMJ9cMGQnJ,false
1137,e6-lifecycle-20260706T053732.792354049Z-c4-real-task-0002,signed_postallocation,true,2,1783316256390,0,QmadZcFHB1uQSGYUnYEPgsvcDpcDhp6t3Vn4pKLzTyZW3B,false
1138,e6-lifecycle-20260706T053732.792354049Z-c4-real-task-0002,signed_post_evalsnapshot,true,1,1783316256392,0,QmadZcFHB1uQSGYUnYEPgsvcDpcDhp6t3Vn4pKLzTyZW3B,false
1139,e6-lifecycle-20260706T053732.792354049Z-c4-real-task-0002,signed_vote1,true,9,1783316256393,0,QmadZcFHB1uQSGYUnYEPgsvcDpcDhp6t3Vn4pKLzTyZW3B,false
1140,e6-lifecycle-20260706T053732.792354049Z-c4-real-task-0002,signed_vote2,true,4,1783316256402,0,QmadZcFHB1uQSGYUnYEPgsvcDpcDhp6t3Vn4pKLzTyZW3B,false
1141,e6-lifecycle-20260706T053732.792354049Z-c4-real-task-0002,signed_settlement,true,4,1783316256406,0,QmadZcFHB1uQSGYUnYEPgsvcDpcDhp6t3Vn4pKLzTyZW3B,false
1142,e6-lifecycle-20260706T053732.792354049Z-c4-real-task-0002,signed_query_latest,true,0,1783316256410,0,QmadZcFHB1uQSGYUnYEPgsvcDpcDhp6t3Vn4pKLzTyZW3B,false
1143,e6-lifecycle-20260706T053732.792354049Z-c4-real-task-0002,ipfs_verify,true,11,1783316256410,0,QmadZcFHB1uQSGYUnYEPgsvcDpcDhp6t3Vn4pKLzTyZW3B,false
1144,e6-lifecycle-20260706T053732.792354049Z-c4-real-task-0003,ipfs_add,true,91,1783316256338,2446,,false
1145,e6-lifecycle-20260706T053732.792354049Z-c4-real-task-0003,signed_posttask,true,2,1783316256429,0,QmPvR785HfFDDiGzRGUjqnESf82yCdppnLSJbnvszkNAGt,false
1146,e6-lifecycle-20260706T053732.792354049Z-c4-real-task-0003,signed_postallocation,true,2,1783316256431,0,QmPvR785HfFDDiGzRGUjqnESf82yCdppnLSJbnvszkNAGt,false
1147,e6-lifecycle-20260706T053732.792354049Z-c4-real-task-0003,signed_post_evalsnapshot,true,2,1783316256433,0,QmPvR785HfFDDiGzRGUjqnESf82yCdppnLSJbnvszkNAGt,false
1148,e6-lifecycle-20260706T053732.792354049Z-c4-real-task-0003,signed_vote1,true,1,1783316256435,0,QmPvR785HfFDDiGzRGUjqnESf82yCdppnLSJbnvszkNAGt,false
1149,e6-lifecycle-20260706T053732.792354049Z-c4-real-task-0003,signed_vote2,true,3,1783316256436,0,QmPvR785HfFDDiGzRGUjqnESf82yCdppnLSJbnvszkNAGt,false
1150,e6-lifecycle-20260706T053732.792354049Z-c4-real-task-0003,signed_settlement,true,2,1783316256439,0,QmPvR785HfFDDiGzRGUjqnESf82yCdppnLSJbnvszkNAGt,false
1151,e6-lifecycle-20260706T053732.792354049Z-c4-real-task-0003,signed_query_latest,true,0,1783316256441,0,QmPvR785HfFDDiGzRGUjqnESf82yCdppnLSJbnvszkNAGt,false
1152,e6-lifecycle-20260706T053732.792354049Z-c4-real-task-0003,ipfs_verify,true,9,1783316256441,0,QmPvR785HfFDDiGzRGUjqnESf82yCdppnLSJbnvszkNAGt,false
1153,e6-lifecycle-20260706T053732.792354049Z-c4-real-task-0004,ipfs_add,true,98,1783316256360,4001,,false
1154,e6-lifecycle-20260706T053732.792354049Z-c4-real-task-0004,signed_posttask,true,2,1783316256458,0,Qmaz6UxvY2c7v7Afz5qnVeVQ353BpWF64tC6snuKvMXMMH,false
1155,e6-lifecycle-20260706T053732.792354049Z-c4-real-task-0004,signed_postallocation,true,1,1783316256460,0,Qmaz6UxvY2c7v7Afz5qnVeVQ353BpWF64tC6snuKvMXMMH,false
1156,e6-lifecycle-20260706T053732.792354049Z-c4-real-task-0004,signed_post_evalsnapshot,true,2,1783316256461,0,Qmaz6UxvY2c7v7Afz5qnVeVQ353BpWF64tC6snuKvMXMMH,false
1157,e6-lifecycle-20260706T053732.792354049Z-c4-real-task-0004,signed_vote1,true,1,1783316256463,0,Qmaz6UxvY2c7v7Afz5qnVeVQ353BpWF64tC6snuKvMXMMH,false
1158,e6-lifecycle-20260706T053732.792354049Z-c4-real-task-0004,signed_vote2,true,2,1783316256464,0,Qmaz6UxvY2c7v7Afz5qnVeVQ353BpWF64tC6snuKvMXMMH,false
1159,e6-lifecycle-20260706T053732.792354049Z-c4-real-task-0004,signed_settlement,true,3,1783316256466,0,Qmaz6UxvY2c7v7Afz5qnVeVQ353BpWF64tC6snuKvMXMMH,false
1160,e6-lifecycle-20260706T053732.792354049Z-c4-real-task-0004,signed_query_latest,true,0,1783316256469,0,Qmaz6UxvY2c7v7Afz5qnVeVQ353BpWF64tC6snuKvMXMMH,false
1161,e6-lifecycle-20260706T053732.792354049Z-c4-real-task-0004,ipfs_verify,true,7,1783316256469,0,Qmaz6UxvY2c7v7Afz5qnVeVQ353BpWF64tC6snuKvMXMMH,false
1162,e6-lifecycle-20260706T053732.792354049Z-c4-real-task-0005,ipfs_add,true,89,1783316256391,1568,,false
1163,e6-lifecycle-20260706T053732.792354049Z-c4-real-task-0005,signed_posttask,true,3,1783316256480,0,QmQGqX18RcT7NsFPmbZfQoD9JQ4oRJAgNfw6hWJoUowyXr,false
1164,e6-lifecycle-20260706T053732.792354049Z-c4-real-task-0005,signed_postallocation,true,2,1783316256483,0,QmQGqX18RcT7NsFPmbZfQoD9JQ4oRJAgNfw6hWJoUowyXr,false
1165,e6-lifecycle-20260706T053732.792354049Z-c4-real-task-0005,signed_post_evalsnapshot,true,2,1783316256485,0,QmQGqX18RcT7NsFPmbZfQoD9JQ4oRJAgNfw6hWJoUowyXr,false
1166,e6-lifecycle-20260706T053732.792354049Z-c4-real-task-0005,signed_vote1,true,1,1783316256487,0,QmQGqX18RcT7NsFPmbZfQoD9JQ4oRJAgNfw6hWJoUowyXr,false
1167,e6-lifecycle-20260706T053732.792354049Z-c4-real-task-0005,signed_vote2,true,2,1783316256488,0,QmQGqX18RcT7NsFPmbZfQoD9JQ4oRJAgNfw6hWJoUowyXr,false
1168,e6-lifecycle-20260706T053732.792354049Z-c4-real-task-0005,signed_settlement,true,1,1783316256490,0,QmQGqX18RcT7NsFPmbZfQoD9JQ4oRJAgNfw6hWJoUowyXr,false
1169,e6-lifecycle-20260706T053732.792354049Z-c4-real-task-0005,signed_query_latest,true,0,1783316256491,0,QmQGqX18RcT7NsFPmbZfQoD9JQ4oRJAgNfw6hWJoUowyXr,false
1170,e6-lifecycle-20260706T053732.792354049Z-c4-real-task-0005,ipfs_verify,true,11,1783316256491,0,QmQGqX18RcT7NsFPmbZfQoD9JQ4oRJAgNfw6hWJoUowyXr,false
1171,e6-lifecycle-20260706T053732.792354049Z-c4-real-task-0006,ipfs_add,true,81,1783316256421,1837,,false
1172,e6-lifecycle-20260706T053732.792354049Z-c4-real-task-0006,signed_posttask,true,3,1783316256502,0,QmXGbR3DqVcFxShbFVjPMj7ToNDuYqpp9jmC8SXxYHpmsi,false
1173,e6-lifecycle-20260706T053732.792354049Z-c4-real-task-0006,signed_postallocation,true,3,1783316256505,0,QmXGbR3DqVcFxShbFVjPMj7ToNDuYqpp9jmC8SXxYHpmsi,false
1174,e6-lifecycle-20260706T053732.792354049Z-c4-real-task-0006,signed_post_evalsnapshot,true,2,1783316256508,0,QmXGbR3DqVcFxShbFVjPMj7ToNDuYqpp9jmC8SXxYHpmsi,false
1175,e6-lifecycle-20260706T053732.792354049Z-c4-real-task-0006,signed_vote1,true,1,1783316256510,0,QmXGbR3DqVcFxShbFVjPMj7ToNDuYqpp9jmC8SXxYHpmsi,false
1176,e6-lifecycle-20260706T053732.792354049Z-c4-real-task-0006,signed_vote2,true,2,1783316256511,0,QmXGbR3DqVcFxShbFVjPMj7ToNDuYqpp9jmC8SXxYHpmsi,false
1177,e6-lifecycle-20260706T053732.792354049Z-c4-real-task-0006,signed_settlement,true,2,1783316256513,0,QmXGbR3DqVcFxShbFVjPMj7ToNDuYqpp9jmC8SXxYHpmsi,false
1178,e6-lifecycle-20260706T053732.792354049Z-c4-real-task-0006,signed_query_latest,true,0,1783316256515,0,QmXGbR3DqVcFxShbFVjPMj7ToNDuYqpp9jmC8SXxYHpmsi,false
1179,e6-lifecycle-20260706T053732.792354049Z-c4-real-task-0006,ipfs_verify,true,11,1783316256515,0,QmXGbR3DqVcFxShbFVjPMj7ToNDuYqpp9jmC8SXxYHpmsi,false
1180,e6-lifecycle-20260706T053732.792354049Z-c4-real-task-0080,ipfs_add,true,76,1783316256450,2007,,false
1181,e6-lifecycle-20260706T053732.792354049Z-c4-real-task-0080,signed_posttask,true,2,1783316256526,0,QmSoqaKbY1pzamSrK5gatTauBKmwAqCw92JyzZxyPFt8FW,false
1182,e6-lifecycle-20260706T053732.792354049Z-c4-real-task-0080,signed_postallocation,true,1,1783316256528,0,QmSoqaKbY1pzamSrK5gatTauBKmwAqCw92JyzZxyPFt8FW,false
1183,e6-lifecycle-20260706T053732.792354049Z-c4-real-task-0080,signed_post_evalsnapshot,true,2,1783316256529,0,QmSoqaKbY1pzamSrK5gatTauBKmwAqCw92JyzZxyPFt8FW,false
1184,e6-lifecycle-20260706T053732.792354049Z-c4-real-task-0080,signed_vote1,true,2,1783316256531,0,QmSoqaKbY1pzamSrK5gatTauBKmwAqCw92JyzZxyPFt8FW,false
1185,e6-lifecycle-20260706T053732.792354049Z-c4-real-task-0080,signed_vote2,true,2,1783316256533,0,QmSoqaKbY1pzamSrK5gatTauBKmwAqCw92JyzZxyPFt8FW,false
1186,e6-lifecycle-20260706T053732.792354049Z-c4-real-task-0080,signed_settlement,true,1,1783316256535,0,QmSoqaKbY1pzamSrK5gatTauBKmwAqCw92JyzZxyPFt8FW,false
1187,e6-lifecycle-20260706T053732.792354049Z-c4-real-task-0080,signed_query_latest,true,0,1783316256536,0,QmSoqaKbY1pzamSrK5gatTauBKmwAqCw92JyzZxyPFt8FW,false
1188,e6-lifecycle-20260706T053732.792354049Z-c4-real-task-0080,ipfs_verify,true,11,1783316256536,0,QmSoqaKbY1pzamSrK5gatTauBKmwAqCw92JyzZxyPFt8FW,false
1189,e6-lifecycle-20260706T053732.792354049Z-c4-real-task-0027,ipfs_add,true,76,1783316256477,1942,,false
1190,e6-lifecycle-20260706T053732.792354049Z-c4-real-task-0027,signed_posttask,true,2,1783316256553,0,QmNy38ZnCY29gNwh56gk2CQJXsETwyHTceFnkSP4vC85KR,false
1191,e6-lifecycle-20260706T053732.792354049Z-c4-real-task-0027,signed_postallocation,true,1,1783316256555,0,QmNy38ZnCY29gNwh56gk2CQJXsETwyHTceFnkSP4vC85KR,false
1192,e6-lifecycle-20260706T053732.792354049Z-c4-real-task-0027,signed_post_evalsnapshot,true,2,1783316256556,0,QmNy38ZnCY29gNwh56gk2CQJXsETwyHTceFnkSP4vC85KR,false
1193,e6-lifecycle-20260706T053732.792354049Z-c4-real-task-0027,signed_vote1,true,1,1783316256558,0,QmNy38ZnCY29gNwh56gk2CQJXsETwyHTceFnkSP4vC85KR,false
1194,e6-lifecycle-20260706T053732.792354049Z-c4-real-task-0027,signed_vote2,true,2,1783316256559,0,QmNy38ZnCY29gNwh56gk2CQJXsETwyHTceFnkSP4vC85KR,false
1195,e6-lifecycle-20260706T053732.792354049Z-c4-real-task-0027,signed_settlement,true,2,1783316256561,0,QmNy38ZnCY29gNwh56gk2CQJXsETwyHTceFnkSP4vC85KR,false
1196,e6-lifecycle-20260706T053732.792354049Z-c4-real-task-0027,signed_query_latest,true,0,1783316256563,0,QmNy38ZnCY29gNwh56gk2CQJXsETwyHTceFnkSP4vC85KR,false
1197,e6-lifecycle-20260706T053732.792354049Z-c4-real-task-0027,ipfs_verify,true,7,1783316256563,0,QmNy38ZnCY29gNwh56gk2CQJXsETwyHTceFnkSP4vC85KR,false
1198,e6-lifecycle-20260706T053732.792354049Z-c4-real-task-0028,ipfs_add,true,75,1783316256502,2235,,false
1199,e6-lifecycle-20260706T053732.792354049Z-c4-real-task-0028,signed_posttask,true,1,1783316256577,0,QmPDqC4FvPihq4H2RHnNdvzHBK2kp3vUV7gp3cD2AmeuSG,false
1200,e6-lifecycle-20260706T053732.792354049Z-c4-real-task-0028,signed_postallocation,true,3,1783316256578,0,QmPDqC4FvPihq4H2RHnNdvzHBK2kp3vUV7gp3cD2AmeuSG,false
1201,e6-lifecycle-20260706T053732.792354049Z-c4-real-task-0028,signed_post_evalsnapshot,true,2,1783316256581,0,QmPDqC4FvPihq4H2RHnNdvzHBK2kp3vUV7gp3cD2AmeuSG,false
1202,e6-lifecycle-20260706T053732.792354049Z-c4-real-task-0028,signed_vote1,true,2,1783316256583,0,QmPDqC4FvPihq4H2RHnNdvzHBK2kp3vUV7gp3cD2AmeuSG,false
1203,e6-lifecycle-20260706T053732.792354049Z-c4-real-task-0028,signed_vote2,true,1,1783316256585,0,QmPDqC4FvPihq4H2RHnNdvzHBK2kp3vUV7gp3cD2AmeuSG,false
1204,e6-lifecycle-20260706T053732.792354049Z-c4-real-task-0028,signed_settlement,true,2,1783316256586,0,QmPDqC4FvPihq4H2RHnNdvzHBK2kp3vUV7gp3cD2AmeuSG,false
1205,e6-lifecycle-20260706T053732.792354049Z-c4-real-task-0028,signed_query_latest,true,0,1783316256588,0,QmPDqC4FvPihq4H2RHnNdvzHBK2kp3vUV7gp3cD2AmeuSG,false
1206,e6-lifecycle-20260706T053732.792354049Z-c4-real-task-0028,ipfs_verify,true,9,1783316256588,0,QmPDqC4FvPihq4H2RHnNdvzHBK2kp3vUV7gp3cD2AmeuSG,false
1207,e6-lifecycle-20260706T053732.792354049Z-c4-real-task-0029,ipfs_add,true,73,1783316256526,1996,,false
1208,e6-lifecycle-20260706T053732.792354049Z-c4-real-task-0029,signed_posttask,true,2,1783316256599,0,QmacXcTiVxv9uHJiorLkYH2xDDraJTZ3uq6FBG4Ctr6VoC,false
1209,e6-lifecycle-20260706T053732.792354049Z-c4-real-task-0029,signed_postallocation,true,3,1783316256601,0,QmacXcTiVxv9uHJiorLkYH2xDDraJTZ3uq6FBG4Ctr6VoC,false
1210,e6-lifecycle-20260706T053732.792354049Z-c4-real-task-0029,signed_post_evalsnapshot,true,1,1783316256604,0,QmacXcTiVxv9uHJiorLkYH2xDDraJTZ3uq6FBG4Ctr6VoC,false
1211,e6-lifecycle-20260706T053732.792354049Z-c4-real-task-0029,signed_vote1,true,3,1783316256605,0,QmacXcTiVxv9uHJiorLkYH2xDDraJTZ3uq6FBG4Ctr6VoC,false
1212,e6-lifecycle-20260706T053732.792354049Z-c4-real-task-0029,signed_vote2,true,1,1783316256608,0,QmacXcTiVxv9uHJiorLkYH2xDDraJTZ3uq6FBG4Ctr6VoC,false
1213,e6-lifecycle-20260706T053732.792354049Z-c4-real-task-0029,signed_settlement,true,2,1783316256609,0,QmacXcTiVxv9uHJiorLkYH2xDDraJTZ3uq6FBG4Ctr6VoC,false
1214,e6-lifecycle-20260706T053732.792354049Z-c4-real-task-0029,signed_query_latest,true,0,1783316256611,0,QmacXcTiVxv9uHJiorLkYH2xDDraJTZ3uq6FBG4Ctr6VoC,false
1215,e6-lifecycle-20260706T053732.792354049Z-c4-real-task-0029,ipfs_verify,true,9,1783316256611,0,QmacXcTiVxv9uHJiorLkYH2xDDraJTZ3uq6FBG4Ctr6VoC,false
1216,e6-lifecycle-20260706T053732.792354049Z-c4-real-task-0030,ipfs_add,true,74,1783316256547,4609,,false
1217,e6-lifecycle-20260706T053732.792354049Z-c4-real-task-0030,signed_posttask,true,2,1783316256621,0,QmXUNpwtX2A1bcF51kySLa1p7B6HvhMNsMQoiVdNUoJig7,false
1218,e6-lifecycle-20260706T053732.792354049Z-c4-real-task-0030,signed_postallocation,true,2,1783316256623,0,QmXUNpwtX2A1bcF51kySLa1p7B6HvhMNsMQoiVdNUoJig7,false
1219,e6-lifecycle-20260706T053732.792354049Z-c4-real-task-0030,signed_post_evalsnapshot,true,2,1783316256625,0,QmXUNpwtX2A1bcF51kySLa1p7B6HvhMNsMQoiVdNUoJig7,false
1220,e6-lifecycle-20260706T053732.792354049Z-c4-real-task-0030,signed_vote1,true,2,1783316256627,0,QmXUNpwtX2A1bcF51kySLa1p7B6HvhMNsMQoiVdNUoJig7,false
1221,e6-lifecycle-20260706T053732.792354049Z-c4-real-task-0030,signed_vote2,true,2,1783316256629,0,QmXUNpwtX2A1bcF51kySLa1p7B6HvhMNsMQoiVdNUoJig7,false
1222,e6-lifecycle-20260706T053732.792354049Z-c4-real-task-0030,signed_settlement,true,2,1783316256631,0,QmXUNpwtX2A1bcF51kySLa1p7B6HvhMNsMQoiVdNUoJig7,false
1223,e6-lifecycle-20260706T053732.792354049Z-c4-real-task-0030,signed_query_latest,true,0,1783316256633,0,QmXUNpwtX2A1bcF51kySLa1p7B6HvhMNsMQoiVdNUoJig7,false
1224,e6-lifecycle-20260706T053732.792354049Z-c4-real-task-0030,ipfs_verify,true,7,1783316256633,0,QmXUNpwtX2A1bcF51kySLa1p7B6HvhMNsMQoiVdNUoJig7,false
1225,e6-lifecycle-20260706T053732.792354049Z-c4-real-task-0031,ipfs_add,true,72,1783316256570,2037,,false
1226,e6-lifecycle-20260706T053732.792354049Z-c4-real-task-0031,signed_posttask,true,2,1783316256642,0,QmcMwXc4Z8ftz7kr4SLihnEKFezGYhMs51A9cNDVd2ZUGa,false
1227,e6-lifecycle-20260706T053732.792354049Z-c4-real-task-0031,signed_postallocation,true,3,1783316256644,0,QmcMwXc4Z8ftz7kr4SLihnEKFezGYhMs51A9cNDVd2ZUGa,false
1228,e6-lifecycle-20260706T053732.792354049Z-c4-real-task-0031,signed_post_evalsnapshot,true,1,1783316256647,0,QmcMwXc4Z8ftz7kr4SLihnEKFezGYhMs51A9cNDVd2ZUGa,false
1229,e6-lifecycle-20260706T053732.792354049Z-c4-real-task-0031,signed_vote1,true,2,1783316256648,0,QmcMwXc4Z8ftz7kr4SLihnEKFezGYhMs51A9cNDVd2ZUGa,false
1230,e6-lifecycle-20260706T053732.792354049Z-c4-real-task-0031,signed_vote2,true,3,1783316256650,0,QmcMwXc4Z8ftz7kr4SLihnEKFezGYhMs51A9cNDVd2ZUGa,false
1231,e6-lifecycle-20260706T053732.792354049Z-c4-real-task-0031,signed_settlement,true,2,1783316256653,0,QmcMwXc4Z8ftz7kr4SLihnEKFezGYhMs51A9cNDVd2ZUGa,false
1232,e6-lifecycle-20260706T053732.792354049Z-c4-real-task-0031,signed_query_latest,true,0,1783316256655,0,QmcMwXc4Z8ftz7kr4SLihnEKFezGYhMs51A9cNDVd2ZUGa,false
1233,e6-lifecycle-20260706T053732.792354049Z-c4-real-task-0032,ipfs_add,true,66,1783316256597,4244,,false
1234,e6-lifecycle-20260706T053732.792354049Z-c4-real-task-0031,ipfs_verify,true,8,1783316256655,0,QmcMwXc4Z8ftz7kr4SLihnEKFezGYhMs51A9cNDVd2ZUGa,false
1235,e6-lifecycle-20260706T053732.792354049Z-c4-real-task-0032,signed_posttask,true,1,1783316256663,0,QmTUE1xZhmfV2QSdvfbaurUfSv66ET7R31e5urBxmKFSfb,false
1236,e6-lifecycle-20260706T053732.792354049Z-c4-real-task-0032,signed_postallocation,true,2,1783316256664,0,QmTUE1xZhmfV2QSdvfbaurUfSv66ET7R31e5urBxmKFSfb,false
1237,e6-lifecycle-20260706T053732.792354049Z-c4-real-task-0032,signed_post_evalsnapshot,true,2,1783316256666,0,QmTUE1xZhmfV2QSdvfbaurUfSv66ET7R31e5urBxmKFSfb,false
1238,e6-lifecycle-20260706T053732.792354049Z-c4-real-task-0032,signed_vote1,true,1,1783316256668,0,QmTUE1xZhmfV2QSdvfbaurUfSv66ET7R31e5urBxmKFSfb,false
1239,e6-lifecycle-20260706T053732.792354049Z-c4-real-task-0032,signed_vote2,true,2,1783316256669,0,QmTUE1xZhmfV2QSdvfbaurUfSv66ET7R31e5urBxmKFSfb,false
1240,e6-lifecycle-20260706T053732.792354049Z-c4-real-task-0032,signed_settlement,true,3,1783316256671,0,QmTUE1xZhmfV2QSdvfbaurUfSv66ET7R31e5urBxmKFSfb,false
1241,e6-lifecycle-20260706T053732.792354049Z-c4-real-task-0032,signed_query_latest,true,0,1783316256674,0,QmTUE1xZhmfV2QSdvfbaurUfSv66ET7R31e5urBxmKFSfb,false
1242,e6-lifecycle-20260706T053732.792354049Z-c4-real-task-0032,ipfs_verify,true,13,1783316256674,0,QmTUE1xZhmfV2QSdvfbaurUfSv66ET7R31e5urBxmKFSfb,false
1243,e6-lifecycle-20260706T053732.792354049Z-c4-real-task-0033,ipfs_add,true,67,1783316256620,7207,,false
1244,e6-lifecycle-20260706T053732.792354049Z-c4-real-task-0033,signed_posttask,true,3,1783316256687,0,QmQ48RSbPCJevCydnQupZo9nDcEmZKcjzn5kaHFiESq88N,false
1245,e6-lifecycle-20260706T053732.792354049Z-c4-real-task-0033,signed_postallocation,true,2,1783316256690,0,QmQ48RSbPCJevCydnQupZo9nDcEmZKcjzn5kaHFiESq88N,false
1246,e6-lifecycle-20260706T053732.792354049Z-c4-real-task-0033,signed_post_evalsnapshot,true,2,1783316256692,0,QmQ48RSbPCJevCydnQupZo9nDcEmZKcjzn5kaHFiESq88N,false
1247,e6-lifecycle-20260706T053732.792354049Z-c4-real-task-0033,signed_vote1,true,3,1783316256694,0,QmQ48RSbPCJevCydnQupZo9nDcEmZKcjzn5kaHFiESq88N,false
1248,e6-lifecycle-20260706T053732.792354049Z-c4-real-task-0033,signed_vote2,true,1,1783316256697,0,QmQ48RSbPCJevCydnQupZo9nDcEmZKcjzn5kaHFiESq88N,false
1249,e6-lifecycle-20260706T053732.792354049Z-c4-real-task-0033,signed_settlement,true,2,1783316256698,0,QmQ48RSbPCJevCydnQupZo9nDcEmZKcjzn5kaHFiESq88N,false
1250,e6-lifecycle-20260706T053732.792354049Z-c4-real-task-0033,signed_query_latest,true,0,1783316256700,0,QmQ48RSbPCJevCydnQupZo9nDcEmZKcjzn5kaHFiESq88N,false
1251,e6-lifecycle-20260706T053732.792354049Z-c4-real-task-0034,ipfs_add,true,69,1783316256640,1614,,false
1252,e6-lifecycle-20260706T053732.792354049Z-c4-real-task-0033,ipfs_verify,true,10,1783316256700,0,QmQ48RSbPCJevCydnQupZo9nDcEmZKcjzn5kaHFiESq88N,false
1253,e6-lifecycle-20260706T053732.792354049Z-c4-real-task-0034,signed_posttask,true,3,1783316256709,0,QmPfG9yDWdYPi2SxVxc2HNwGgKxYHpb8KNnTKLEUsSwYJF,false
1254,e6-lifecycle-20260706T053732.792354049Z-c4-real-task-0034,signed_postallocation,true,3,1783316256712,0,QmPfG9yDWdYPi2SxVxc2HNwGgKxYHpb8KNnTKLEUsSwYJF,false
1255,e6-lifecycle-20260706T053732.792354049Z-c4-real-task-0034,signed_post_evalsnapshot,true,1,1783316256715,0,QmPfG9yDWdYPi2SxVxc2HNwGgKxYHpb8KNnTKLEUsSwYJF,false
1256,e6-lifecycle-20260706T053732.792354049Z-c4-real-task-0034,signed_vote1,true,2,1783316256716,0,QmPfG9yDWdYPi2SxVxc2HNwGgKxYHpb8KNnTKLEUsSwYJF,false
1257,e6-lifecycle-20260706T053732.792354049Z-c4-real-task-0034,signed_vote2,true,3,1783316256718,0,QmPfG9yDWdYPi2SxVxc2HNwGgKxYHpb8KNnTKLEUsSwYJF,false
1258,e6-lifecycle-20260706T053732.792354049Z-c4-real-task-0034,signed_settlement,true,2,1783316256721,0,QmPfG9yDWdYPi2SxVxc2HNwGgKxYHpb8KNnTKLEUsSwYJF,false
1259,e6-lifecycle-20260706T053732.792354049Z-c4-real-task-0034,signed_query_latest,true,0,1783316256723,0,QmPfG9yDWdYPi2SxVxc2HNwGgKxYHpb8KNnTKLEUsSwYJF,false
1260,e6-lifecycle-20260706T053732.792354049Z-c4-real-task-0034,ipfs_verify,true,8,1783316256723,0,QmPfG9yDWdYPi2SxVxc2HNwGgKxYHpb8KNnTKLEUsSwYJF,false
1261,e6-lifecycle-20260706T053732.792354049Z-c4-real-task-0035,ipfs_add,true,71,1783316256663,1846,,false
1262,e6-lifecycle-20260706T053732.792354049Z-c4-real-task-0035,signed_posttask,true,2,1783316256734,0,QmXkECAAwC32vhNNVm7xZTatUjGVbfHbwXcCezk2t5DnUf,false
1263,e6-lifecycle-20260706T053732.792354049Z-c4-real-task-0035,signed_postallocation,true,3,1783316256736,0,QmXkECAAwC32vhNNVm7xZTatUjGVbfHbwXcCezk2t5DnUf,false
1264,e6-lifecycle-20260706T053732.792354049Z-c4-real-task-0035,signed_post_evalsnapshot,true,2,1783316256739,0,QmXkECAAwC32vhNNVm7xZTatUjGVbfHbwXcCezk2t5DnUf,false
1265,e6-lifecycle-20260706T053732.792354049Z-c4-real-task-0035,signed_vote1,true,2,1783316256741,0,QmXkECAAwC32vhNNVm7xZTatUjGVbfHbwXcCezk2t5DnUf,false
1266,e6-lifecycle-20260706T053732.792354049Z-c4-real-task-0035,signed_vote2,true,1,1783316256743,0,QmXkECAAwC32vhNNVm7xZTatUjGVbfHbwXcCezk2t5DnUf,false
1267,e6-lifecycle-20260706T053732.792354049Z-c4-real-task-0035,signed_settlement,true,4,1783316256744,0,QmXkECAAwC32vhNNVm7xZTatUjGVbfHbwXcCezk2t5DnUf,false
1268,e6-lifecycle-20260706T053732.792354049Z-c4-real-task-0035,signed_query_latest,true,0,1783316256748,0,QmXkECAAwC32vhNNVm7xZTatUjGVbfHbwXcCezk2t5DnUf,false
1269,e6-lifecycle-20260706T053732.792354049Z-c4-real-task-0036,ipfs_add,true,72,1783316256687,2427,,false
1270,e6-lifecycle-20260706T053732.792354049Z-c4-real-task-0035,ipfs_verify,true,11,1783316256748,0,QmXkECAAwC32vhNNVm7xZTatUjGVbfHbwXcCezk2t5DnUf,false
1271,e6-lifecycle-20260706T053732.792354049Z-c4-real-task-0036,signed_posttask,true,2,1783316256759,0,QmPSKMPmcfaaWUAvL2tX88QhRRxXXC4SXnChDHzjSbwd8b,false
1272,e6-lifecycle-20260706T053732.792354049Z-c4-real-task-0036,signed_postallocation,true,2,1783316256761,0,QmPSKMPmcfaaWUAvL2tX88QhRRxXXC4SXnChDHzjSbwd8b,false
1273,e6-lifecycle-20260706T053732.792354049Z-c4-real-task-0036,signed_post_evalsnapshot,true,1,1783316256763,0,QmPSKMPmcfaaWUAvL2tX88QhRRxXXC4SXnChDHzjSbwd8b,false
1274,e6-lifecycle-20260706T053732.792354049Z-c4-real-task-0036,signed_vote1,true,2,1783316256764,0,QmPSKMPmcfaaWUAvL2tX88QhRRxXXC4SXnChDHzjSbwd8b,false
1275,e6-lifecycle-20260706T053732.792354049Z-c4-real-task-0036,signed_vote2,true,2,1783316256766,0,QmPSKMPmcfaaWUAvL2tX88QhRRxXXC4SXnChDHzjSbwd8b,false
1276,e6-lifecycle-20260706T053732.792354049Z-c4-real-task-0036,signed_settlement,true,1,1783316256768,0,QmPSKMPmcfaaWUAvL2tX88QhRRxXXC4SXnChDHzjSbwd8b,false
1277,e6-lifecycle-20260706T053732.792354049Z-c4-real-task-0036,signed_query_latest,true,0,1783316256769,0,QmPSKMPmcfaaWUAvL2tX88QhRRxXXC4SXnChDHzjSbwd8b,false
1278,e6-lifecycle-20260706T053732.792354049Z-c4-real-task-0036,ipfs_verify,true,8,1783316256769,0,QmPSKMPmcfaaWUAvL2tX88QhRRxXXC4SXnChDHzjSbwd8b,false
1279,e6-lifecycle-20260706T053732.792354049Z-c4-real-task-0037,ipfs_add,true,77,1783316256710,2773,,false
1280,e6-lifecycle-20260706T053732.792354049Z-c4-real-task-0037,signed_posttask,true,4,1783316256787,0,QmWmrqK7bzA1Pq5z5dsLEen6BZ5iPRNFNBXLJnZmr5J9ff,false
1281,e6-lifecycle-20260706T053732.792354049Z-c4-real-task-0037,signed_postallocation,true,2,1783316256791,0,QmWmrqK7bzA1Pq5z5dsLEen6BZ5iPRNFNBXLJnZmr5J9ff,false
1282,e6-lifecycle-20260706T053732.792354049Z-c4-real-task-0037,signed_post_evalsnapshot,true,3,1783316256793,0,QmWmrqK7bzA1Pq5z5dsLEen6BZ5iPRNFNBXLJnZmr5J9ff,false
1283,e6-lifecycle-20260706T053732.792354049Z-c4-real-task-0037,signed_vote1,true,2,1783316256796,0,QmWmrqK7bzA1Pq5z5dsLEen6BZ5iPRNFNBXLJnZmr5J9ff,false
1284,e6-lifecycle-20260706T053732.792354049Z-c4-real-task-0037,signed_vote2,true,1,1783316256798,0,QmWmrqK7bzA1Pq5z5dsLEen6BZ5iPRNFNBXLJnZmr5J9ff,false
1285,e6-lifecycle-20260706T053732.792354049Z-c4-real-task-0037,signed_settlement,true,3,1783316256799,0,QmWmrqK7bzA1Pq5z5dsLEen6BZ5iPRNFNBXLJnZmr5J9ff,false
1286,e6-lifecycle-20260706T053732.792354049Z-c4-real-task-0037,signed_query_latest,true,0,1783316256802,0,QmWmrqK7bzA1Pq5z5dsLEen6BZ5iPRNFNBXLJnZmr5J9ff,false
1287,e6-lifecycle-20260706T053732.792354049Z-c4-real-task-0037,ipfs_verify,true,7,1783316256802,0,QmWmrqK7bzA1Pq5z5dsLEen6BZ5iPRNFNBXLJnZmr5J9ff,false
1288,e6-lifecycle-20260706T053732.792354049Z-c4-real-task-0038,ipfs_add,true,79,1783316256731,3829,,false
1289,e6-lifecycle-20260706T053732.792354049Z-c4-real-task-0038,signed_posttask,true,1,1783316256810,0,QmUB51xuBaMCywUYGFiM9cTrnAhyjLu2J5jzTrZkY11kPF,false
1290,e6-lifecycle-20260706T053732.792354049Z-c4-real-task-0038,signed_postallocation,true,2,1783316256812,0,QmUB51xuBaMCywUYGFiM9cTrnAhyjLu2J5jzTrZkY11kPF,false
1291,e6-lifecycle-20260706T053732.792354049Z-c4-real-task-0038,signed_post_evalsnapshot,true,2,1783316256814,0,QmUB51xuBaMCywUYGFiM9cTrnAhyjLu2J5jzTrZkY11kPF,false
1292,e6-lifecycle-20260706T053732.792354049Z-c4-real-task-0038,signed_vote1,true,2,1783316256816,0,QmUB51xuBaMCywUYGFiM9cTrnAhyjLu2J5jzTrZkY11kPF,false
1293,e6-lifecycle-20260706T053732.792354049Z-c4-real-task-0038,signed_vote2,true,2,1783316256818,0,QmUB51xuBaMCywUYGFiM9cTrnAhyjLu2J5jzTrZkY11kPF,false
1294,e6-lifecycle-20260706T053732.792354049Z-c4-real-task-0038,signed_settlement,true,2,1783316256820,0,QmUB51xuBaMCywUYGFiM9cTrnAhyjLu2J5jzTrZkY11kPF,false
1295,e6-lifecycle-20260706T053732.792354049Z-c4-real-task-0038,signed_query_latest,true,0,1783316256822,0,QmUB51xuBaMCywUYGFiM9cTrnAhyjLu2J5jzTrZkY11kPF,false
1296,e6-lifecycle-20260706T053732.792354049Z-c4-real-task-0039,ipfs_add,true,70,1783316256760,2185,,false
1297,e6-lifecycle-20260706T053732.792354049Z-c4-real-task-0038,ipfs_verify,true,10,1783316256822,0,QmUB51xuBaMCywUYGFiM9cTrnAhyjLu2J5jzTrZkY11kPF,false
1298,e6-lifecycle-20260706T053732.792354049Z-c4-real-task-0039,signed_posttask,true,2,1783316256830,0,QmasU8pZpyfk1aUFRpicohvbDCx1eFRWjH9p29sHpDSiZZ,false
1299,e6-lifecycle-20260706T053732.792354049Z-c4-real-task-0039,signed_postallocation,true,2,1783316256832,0,QmasU8pZpyfk1aUFRpicohvbDCx1eFRWjH9p29sHpDSiZZ,false
1300,e6-lifecycle-20260706T053732.792354049Z-c4-real-task-0039,signed_post_evalsnapshot,true,2,1783316256834,0,QmasU8pZpyfk1aUFRpicohvbDCx1eFRWjH9p29sHpDSiZZ,false
1301,e6-lifecycle-20260706T053732.792354049Z-c4-real-task-0039,signed_vote1,true,2,1783316256836,0,QmasU8pZpyfk1aUFRpicohvbDCx1eFRWjH9p29sHpDSiZZ,false
1302,e6-lifecycle-20260706T053732.792354049Z-c4-real-task-0039,signed_vote2,true,2,1783316256838,0,QmasU8pZpyfk1aUFRpicohvbDCx1eFRWjH9p29sHpDSiZZ,false
1303,e6-lifecycle-20260706T053732.792354049Z-c4-real-task-0039,signed_settlement,true,2,1783316256840,0,QmasU8pZpyfk1aUFRpicohvbDCx1eFRWjH9p29sHpDSiZZ,false
1304,e6-lifecycle-20260706T053732.792354049Z-c4-real-task-0039,signed_query_latest,true,0,1783316256842,0,QmasU8pZpyfk1aUFRpicohvbDCx1eFRWjH9p29sHpDSiZZ,false
1305,e6-lifecycle-20260706T053732.792354049Z-c4-real-task-0039,ipfs_verify,true,7,1783316256842,0,QmasU8pZpyfk1aUFRpicohvbDCx1eFRWjH9p29sHpDSiZZ,false
1306,e6-lifecycle-20260706T053732.792354049Z-c4-real-task-0040,ipfs_add,true,75,1783316256777,1852,,false
1307,e6-lifecycle-20260706T053732.792354049Z-c4-real-task-0040,signed_posttask,true,2,1783316256852,0,Qme8h8cEVWXzKEmaj7rkRo9NHBoPXxWrTLcYQjWRpqrisB,false
1308,e6-lifecycle-20260706T053732.792354049Z-c4-real-task-0040,signed_postallocation,true,2,1783316256854,0,Qme8h8cEVWXzKEmaj7rkRo9NHBoPXxWrTLcYQjWRpqrisB,false
1309,e6-lifecycle-20260706T053732.792354049Z-c4-real-task-0040,signed_post_evalsnapshot,true,2,1783316256856,0,Qme8h8cEVWXzKEmaj7rkRo9NHBoPXxWrTLcYQjWRpqrisB,false
1310,e6-lifecycle-20260706T053732.792354049Z-c4-real-task-0040,signed_vote1,true,2,1783316256858,0,Qme8h8cEVWXzKEmaj7rkRo9NHBoPXxWrTLcYQjWRpqrisB,false
1311,e6-lifecycle-20260706T053732.792354049Z-c4-real-task-0040,signed_vote2,true,1,1783316256860,0,Qme8h8cEVWXzKEmaj7rkRo9NHBoPXxWrTLcYQjWRpqrisB,false
1312,e6-lifecycle-20260706T053732.792354049Z-c4-real-task-0040,signed_settlement,true,2,1783316256861,0,Qme8h8cEVWXzKEmaj7rkRo9NHBoPXxWrTLcYQjWRpqrisB,false
1313,e6-lifecycle-20260706T053732.792354049Z-c4-real-task-0040,signed_query_latest,true,0,1783316256863,0,Qme8h8cEVWXzKEmaj7rkRo9NHBoPXxWrTLcYQjWRpqrisB,false
1314,e6-lifecycle-20260706T053732.792354049Z-c4-real-task-0040,ipfs_verify,true,10,1783316256863,0,Qme8h8cEVWXzKEmaj7rkRo9NHBoPXxWrTLcYQjWRpqrisB,false
1315,e6-lifecycle-20260706T053732.792354049Z-c4-real-task-0041,ipfs_add,true,76,1783316256809,3950,,false
1316,e6-lifecycle-20260706T053732.792354049Z-c4-real-task-0041,signed_posttask,true,2,1783316256885,0,QmcFrzAGhrprmDxHPdunRd28u27YRTGcAAnGPSotWa75JU,false
1317,e6-lifecycle-20260706T053732.792354049Z-c4-real-task-0041,signed_postallocation,true,2,1783316256887,0,QmcFrzAGhrprmDxHPdunRd28u27YRTGcAAnGPSotWa75JU,false
1318,e6-lifecycle-20260706T053732.792354049Z-c4-real-task-0041,signed_post_evalsnapshot,true,2,1783316256889,0,QmcFrzAGhrprmDxHPdunRd28u27YRTGcAAnGPSotWa75JU,false
1319,e6-lifecycle-20260706T053732.792354049Z-c4-real-task-0041,signed_vote1,true,1,1783316256891,0,QmcFrzAGhrprmDxHPdunRd28u27YRTGcAAnGPSotWa75JU,false
1320,e6-lifecycle-20260706T053732.792354049Z-c4-real-task-0041,signed_vote2,true,2,1783316256892,0,QmcFrzAGhrprmDxHPdunRd28u27YRTGcAAnGPSotWa75JU,false
1321,e6-lifecycle-20260706T053732.792354049Z-c4-real-task-0041,signed_settlement,true,2,1783316256894,0,QmcFrzAGhrprmDxHPdunRd28u27YRTGcAAnGPSotWa75JU,false
1322,e6-lifecycle-20260706T053732.792354049Z-c4-real-task-0041,signed_query_latest,true,0,1783316256896,0,QmcFrzAGhrprmDxHPdunRd28u27YRTGcAAnGPSotWa75JU,false
1323,e6-lifecycle-20260706T053732.792354049Z-c4-real-task-0041,ipfs_verify,true,8,1783316256896,0,QmcFrzAGhrprmDxHPdunRd28u27YRTGcAAnGPSotWa75JU,false
1324,e6-lifecycle-20260706T053732.792354049Z-c4-real-task-0042,ipfs_add,true,75,1783316256832,4943,,false
1325,e6-lifecycle-20260706T053732.792354049Z-c4-real-task-0042,signed_posttask,true,2,1783316256907,0,QmZaKHLtuvdC3131ZMjSafgzCnFunsBDrKht7U6CRuhaDJ,false
1326,e6-lifecycle-20260706T053732.792354049Z-c4-real-task-0042,signed_postallocation,true,2,1783316256909,0,QmZaKHLtuvdC3131ZMjSafgzCnFunsBDrKht7U6CRuhaDJ,false
1327,e6-lifecycle-20260706T053732.792354049Z-c4-real-task-0042,signed_post_evalsnapshot,true,2,1783316256911,0,QmZaKHLtuvdC3131ZMjSafgzCnFunsBDrKht7U6CRuhaDJ,false
1328,e6-lifecycle-20260706T053732.792354049Z-c4-real-task-0042,signed_vote1,true,2,1783316256913,0,QmZaKHLtuvdC3131ZMjSafgzCnFunsBDrKht7U6CRuhaDJ,false
1329,e6-lifecycle-20260706T053732.792354049Z-c4-real-task-0042,signed_vote2,true,2,1783316256915,0,QmZaKHLtuvdC3131ZMjSafgzCnFunsBDrKht7U6CRuhaDJ,false
1330,e6-lifecycle-20260706T053732.792354049Z-c4-real-task-0042,signed_settlement,true,2,1783316256917,0,QmZaKHLtuvdC3131ZMjSafgzCnFunsBDrKht7U6CRuhaDJ,false
1331,e6-lifecycle-20260706T053732.792354049Z-c4-real-task-0042,signed_query_latest,true,0,1783316256919,0,QmZaKHLtuvdC3131ZMjSafgzCnFunsBDrKht7U6CRuhaDJ,false
1332,e6-lifecycle-20260706T053732.792354049Z-c4-real-task-0043,ipfs_add,true,83,1783316256849,4365,,false
1333,e6-lifecycle-20260706T053732.792354049Z-c4-real-task-0043,signed_posttask,true,2,1783316256932,0,QmNyUP9PxhaGNgSe7A4vos9UdtKrgujw25dFezkghCHMSN,false
1334,e6-lifecycle-20260706T053732.792354049Z-c4-real-task-0042,ipfs_verify,true,15,1783316256919,0,QmZaKHLtuvdC3131ZMjSafgzCnFunsBDrKht7U6CRuhaDJ,false
1335,e6-lifecycle-20260706T053732.792354049Z-c4-real-task-0043,signed_postallocation,true,2,1783316256934,0,QmNyUP9PxhaGNgSe7A4vos9UdtKrgujw25dFezkghCHMSN,false
1336,e6-lifecycle-20260706T053732.792354049Z-c4-real-task-0043,signed_post_evalsnapshot,true,7,1783316256936,0,QmNyUP9PxhaGNgSe7A4vos9UdtKrgujw25dFezkghCHMSN,false
1337,e6-lifecycle-20260706T053732.792354049Z-c4-real-task-0043,signed_vote1,true,2,1783316256943,0,QmNyUP9PxhaGNgSe7A4vos9UdtKrgujw25dFezkghCHMSN,false
1338,e6-lifecycle-20260706T053732.792354049Z-c4-real-task-0043,signed_vote2,true,4,1783316256945,0,QmNyUP9PxhaGNgSe7A4vos9UdtKrgujw25dFezkghCHMSN,false
1339,e6-lifecycle-20260706T053732.792354049Z-c4-real-task-0043,signed_settlement,true,1,1783316256949,0,QmNyUP9PxhaGNgSe7A4vos9UdtKrgujw25dFezkghCHMSN,false
1340,e6-lifecycle-20260706T053732.792354049Z-c4-real-task-0043,signed_query_latest,true,0,1783316256950,0,QmNyUP9PxhaGNgSe7A4vos9UdtKrgujw25dFezkghCHMSN,false
1341,e6-lifecycle-20260706T053732.792354049Z-c4-real-task-0044,ipfs_add,true,84,1783316256873,1996,,false
1342,e6-lifecycle-20260706T053732.792354049Z-c4-real-task-0044,signed_posttask,true,3,1783316256957,0,QmRdq27qE1F3dGzbT9p9PnePh4D88Nw3KFAmJZ2C7W4jcT,false
1343,e6-lifecycle-20260706T053732.792354049Z-c4-real-task-0044,signed_postallocation,true,2,1783316256960,0,QmRdq27qE1F3dGzbT9p9PnePh4D88Nw3KFAmJZ2C7W4jcT,false
1344,e6-lifecycle-20260706T053732.792354049Z-c4-real-task-0043,ipfs_verify,true,13,1783316256950,0,QmNyUP9PxhaGNgSe7A4vos9UdtKrgujw25dFezkghCHMSN,false
1345,e6-lifecycle-20260706T053732.792354049Z-c4-real-task-0044,signed_post_evalsnapshot,true,1,1783316256962,0,QmRdq27qE1F3dGzbT9p9PnePh4D88Nw3KFAmJZ2C7W4jcT,false
1346,e6-lifecycle-20260706T053732.792354049Z-c4-real-task-0044,signed_vote1,true,2,1783316256963,0,QmRdq27qE1F3dGzbT9p9PnePh4D88Nw3KFAmJZ2C7W4jcT,false
1347,e6-lifecycle-20260706T053732.792354049Z-c4-real-task-0044,signed_vote2,true,2,1783316256965,0,QmRdq27qE1F3dGzbT9p9PnePh4D88Nw3KFAmJZ2C7W4jcT,false
1348,e6-lifecycle-20260706T053732.792354049Z-c4-real-task-0044,signed_settlement,true,1,1783316256967,0,QmRdq27qE1F3dGzbT9p9PnePh4D88Nw3KFAmJZ2C7W4jcT,false
1349,e6-lifecycle-20260706T053732.792354049Z-c4-real-task-0044,signed_query_latest,true,0,1783316256968,0,QmRdq27qE1F3dGzbT9p9PnePh4D88Nw3KFAmJZ2C7W4jcT,false
1350,e6-lifecycle-20260706T053732.792354049Z-c4-real-task-0044,ipfs_verify,true,9,1783316256968,0,QmRdq27qE1F3dGzbT9p9PnePh4D88Nw3KFAmJZ2C7W4jcT,false
1351,e6-lifecycle-20260706T053732.792354049Z-c4-real-task-0045,ipfs_add,true,75,1783316256904,2595,,false
1352,e6-lifecycle-20260706T053732.792354049Z-c4-real-task-0045,signed_posttask,true,3,1783316256979,0,QmfZqW6816xBeSRuQN3KqApyKbwjb4f3u87p8veGLitLQh,false
1353,e6-lifecycle-20260706T053732.792354049Z-c4-real-task-0045,signed_postallocation,true,3,1783316256982,0,QmfZqW6816xBeSRuQN3KqApyKbwjb4f3u87p8veGLitLQh,false
1354,e6-lifecycle-20260706T053732.792354049Z-c4-real-task-0045,signed_post_evalsnapshot,true,3,1783316256985,0,QmfZqW6816xBeSRuQN3KqApyKbwjb4f3u87p8veGLitLQh,false
1355,e6-lifecycle-20260706T053732.792354049Z-c4-real-task-0045,signed_vote1,true,2,1783316256988,0,QmfZqW6816xBeSRuQN3KqApyKbwjb4f3u87p8veGLitLQh,false
1356,e6-lifecycle-20260706T053732.792354049Z-c4-real-task-0045,signed_vote2,true,2,1783316256990,0,QmfZqW6816xBeSRuQN3KqApyKbwjb4f3u87p8veGLitLQh,false
1357,e6-lifecycle-20260706T053732.792354049Z-c4-real-task-0045,signed_settlement,true,4,1783316256992,0,QmfZqW6816xBeSRuQN3KqApyKbwjb4f3u87p8veGLitLQh,false
1358,e6-lifecycle-20260706T053732.792354049Z-c4-real-task-0045,signed_query_latest,true,0,1783316256996,0,QmfZqW6816xBeSRuQN3KqApyKbwjb4f3u87p8veGLitLQh,false
1359,e6-lifecycle-20260706T053732.792354049Z-c4-real-task-0046,ipfs_add,true,68,1783316256934,1643,,false
1360,e6-lifecycle-20260706T053732.792354049Z-c4-real-task-0046,signed_posttask,true,2,1783316257002,0,QmTnaHUQXj9xeoWHT2zVraSQfVPSZ3kwXbfxhynCbSD478,false
1361,e6-lifecycle-20260706T053732.792354049Z-c4-real-task-0045,ipfs_verify,true,9,1783316256996,0,QmfZqW6816xBeSRuQN3KqApyKbwjb4f3u87p8veGLitLQh,false
1362,e6-lifecycle-20260706T053732.792354049Z-c4-real-task-0046,signed_postallocation,true,3,1783316257004,0,QmTnaHUQXj9xeoWHT2zVraSQfVPSZ3kwXbfxhynCbSD478,false
1363,e6-lifecycle-20260706T053732.792354049Z-c4-real-task-0046,signed_post_evalsnapshot,true,2,1783316257007,0,QmTnaHUQXj9xeoWHT2zVraSQfVPSZ3kwXbfxhynCbSD478,false
1364,e6-lifecycle-20260706T053732.792354049Z-c4-real-task-0046,signed_vote1,true,2,1783316257009,0,QmTnaHUQXj9xeoWHT2zVraSQfVPSZ3kwXbfxhynCbSD478,false
1365,e6-lifecycle-20260706T053732.792354049Z-c4-real-task-0046,signed_vote2,true,-1086,1783316257011,0,QmTnaHUQXj9xeoWHT2zVraSQfVPSZ3kwXbfxhynCbSD478,false
1366,e6-lifecycle-20260706T053732.792354049Z-c4-real-task-0046,signed_settlement,true,3,1783316255925,0,QmTnaHUQXj9xeoWHT2zVraSQfVPSZ3kwXbfxhynCbSD478,false
1367,e6-lifecycle-20260706T053732.792354049Z-c4-real-task-0046,signed_query_latest,true,0,1783316255928,0,QmTnaHUQXj9xeoWHT2zVraSQfVPSZ3kwXbfxhynCbSD478,false
1368,e6-lifecycle-20260706T053732.792354049Z-c4-real-task-0046,ipfs_verify,true,8,1783316255928,0,QmTnaHUQXj9xeoWHT2zVraSQfVPSZ3kwXbfxhynCbSD478,false
1369,e6-lifecycle-20260706T053732.792354049Z-c4-real-task-0047,ipfs_add,true,-1027,1783316256963,4867,,false
1370,e6-lifecycle-20260706T053732.792354049Z-c4-real-task-0047,signed_posttask,true,2,1783316255936,0,QmeV2Nyd6AXfLrfL94BuWtPhgFx2BQKzDFrxvN5H5wGM4v,false
1371,e6-lifecycle-20260706T053732.792354049Z-c4-real-task-0047,signed_postallocation,true,2,1783316255938,0,QmeV2Nyd6AXfLrfL94BuWtPhgFx2BQKzDFrxvN5H5wGM4v,false
1372,e6-lifecycle-20260706T053732.792354049Z-c4-real-task-0047,signed_post_evalsnapshot,true,1,1783316255940,0,QmeV2Nyd6AXfLrfL94BuWtPhgFx2BQKzDFrxvN5H5wGM4v,false
1373,e6-lifecycle-20260706T053732.792354049Z-c4-real-task-0047,signed_vote1,true,3,1783316255941,0,QmeV2Nyd6AXfLrfL94BuWtPhgFx2BQKzDFrxvN5H5wGM4v,false
1374,e6-lifecycle-20260706T053732.792354049Z-c4-real-task-0047,signed_vote2,true,2,1783316255944,0,QmeV2Nyd6AXfLrfL94BuWtPhgFx2BQKzDFrxvN5H5wGM4v,false
1375,e6-lifecycle-20260706T053732.792354049Z-c4-real-task-0047,signed_settlement,true,2,1783316255946,0,QmeV2Nyd6AXfLrfL94BuWtPhgFx2BQKzDFrxvN5H5wGM4v,false
1376,e6-lifecycle-20260706T053732.792354049Z-c4-real-task-0047,signed_query_latest,true,0,1783316255948,0,QmeV2Nyd6AXfLrfL94BuWtPhgFx2BQKzDFrxvN5H5wGM4v,false
1377,e6-lifecycle-20260706T053732.792354049Z-c4-real-task-0048,ipfs_add,true,-1020,1783316256977,6584,,false
1378,e6-lifecycle-20260706T053732.792354049Z-c4-real-task-0047,ipfs_verify,true,9,1783316255948,0,QmeV2Nyd6AXfLrfL94BuWtPhgFx2BQKzDFrxvN5H5wGM4v,false
1379,e6-lifecycle-20260706T053732.792354049Z-c4-real-task-0048,signed_posttask,true,2,1783316255957,0,QmZxwAc5vt22wSQ5mT8jRWQr3tdyJrTwAGgotYvEjWf3wN,false
1380,e6-lifecycle-20260706T053732.792354049Z-c4-real-task-0048,signed_postallocation,true,2,1783316255959,0,QmZxwAc5vt22wSQ5mT8jRWQr3tdyJrTwAGgotYvEjWf3wN,false
1381,e6-lifecycle-20260706T053732.792354049Z-c4-real-task-0048,signed_post_evalsnapshot,true,2,1783316255961,0,QmZxwAc5vt22wSQ5mT8jRWQr3tdyJrTwAGgotYvEjWf3wN,false
1382,e6-lifecycle-20260706T053732.792354049Z-c4-real-task-0048,signed_vote1,true,3,1783316255963,0,QmZxwAc5vt22wSQ5mT8jRWQr3tdyJrTwAGgotYvEjWf3wN,false
1383,e6-lifecycle-20260706T053732.792354049Z-c4-real-task-0048,signed_vote2,true,1,1783316255966,0,QmZxwAc5vt22wSQ5mT8jRWQr3tdyJrTwAGgotYvEjWf3wN,false
1384,e6-lifecycle-20260706T053732.792354049Z-c4-real-task-0048,signed_settlement,true,3,1783316255967,0,QmZxwAc5vt22wSQ5mT8jRWQr3tdyJrTwAGgotYvEjWf3wN,false
1385,e6-lifecycle-20260706T053732.792354049Z-c4-real-task-0048,signed_query_latest,true,0,1783316255970,0,QmZxwAc5vt22wSQ5mT8jRWQr3tdyJrTwAGgotYvEjWf3wN,false
1386,e6-lifecycle-20260706T053732.792354049Z-c4-real-task-0048,ipfs_verify,true,9,1783316255970,0,QmZxwAc5vt22wSQ5mT8jRWQr3tdyJrTwAGgotYvEjWf3wN,false
1387,e6-lifecycle-20260706T053732.792354049Z-c4-real-task-0049,ipfs_add,true,-1023,1783316257005,1811,,false
1388,e6-lifecycle-20260706T053732.792354049Z-c4-real-task-0049,signed_posttask,true,2,1783316255982,0,Qme9dPNL59uRhU5hx2jyKbBdCPqBgF1krPA6WvcCYu8eVf,false
1389,e6-lifecycle-20260706T053732.792354049Z-c4-real-task-0049,signed_postallocation,true,2,1783316255984,0,Qme9dPNL59uRhU5hx2jyKbBdCPqBgF1krPA6WvcCYu8eVf,false
1390,e6-lifecycle-20260706T053732.792354049Z-c4-real-task-0049,signed_post_evalsnapshot,true,2,1783316255986,0,Qme9dPNL59uRhU5hx2jyKbBdCPqBgF1krPA6WvcCYu8eVf,false
1391,e6-lifecycle-20260706T053732.792354049Z-c4-real-task-0049,signed_vote1,true,2,1783316255988,0,Qme9dPNL59uRhU5hx2jyKbBdCPqBgF1krPA6WvcCYu8eVf,false
1392,e6-lifecycle-20260706T053732.792354049Z-c4-real-task-0049,signed_vote2,true,2,1783316255990,0,Qme9dPNL59uRhU5hx2jyKbBdCPqBgF1krPA6WvcCYu8eVf,false
1393,e6-lifecycle-20260706T053732.792354049Z-c4-real-task-0049,signed_settlement,true,1,1783316255992,0,Qme9dPNL59uRhU5hx2jyKbBdCPqBgF1krPA6WvcCYu8eVf,false
1394,e6-lifecycle-20260706T053732.792354049Z-c4-real-task-0049,signed_query_latest,true,0,1783316255993,0,Qme9dPNL59uRhU5hx2jyKbBdCPqBgF1krPA6WvcCYu8eVf,false
1395,e6-lifecycle-20260706T053732.792354049Z-c4-real-task-0049,ipfs_verify,true,9,1783316255993,0,Qme9dPNL59uRhU5hx2jyKbBdCPqBgF1krPA6WvcCYu8eVf,false
1396,e6-lifecycle-20260706T053732.792354049Z-c4-real-task-0050,ipfs_add,true,72,1783316255936,1999,,false
1397,e6-lifecycle-20260706T053732.792354049Z-c4-real-task-0050,signed_posttask,true,2,1783316256008,0,QmdV6Xsz9DDJaY4mD6E1omWqFwV485nsfcNWmZWMizL9Jc,false
1398,e6-lifecycle-20260706T053732.792354049Z-c4-real-task-0050,signed_postallocation,true,2,1783316256010,0,QmdV6Xsz9DDJaY4mD6E1omWqFwV485nsfcNWmZWMizL9Jc,false
1399,e6-lifecycle-20260706T053732.792354049Z-c4-real-task-0050,signed_post_evalsnapshot,true,2,1783316256012,0,QmdV6Xsz9DDJaY4mD6E1omWqFwV485nsfcNWmZWMizL9Jc,false
1400,e6-lifecycle-20260706T053732.792354049Z-c4-real-task-0050,signed_vote1,true,1,1783316256014,0,QmdV6Xsz9DDJaY4mD6E1omWqFwV485nsfcNWmZWMizL9Jc,false
1401,e6-lifecycle-20260706T053732.792354049Z-c4-real-task-0050,signed_vote2,true,2,1783316256015,0,QmdV6Xsz9DDJaY4mD6E1omWqFwV485nsfcNWmZWMizL9Jc,false
1402,e6-lifecycle-20260706T053732.792354049Z-c4-real-task-0050,signed_settlement,true,1,1783316256017,0,QmdV6Xsz9DDJaY4mD6E1omWqFwV485nsfcNWmZWMizL9Jc,false
1403,e6-lifecycle-20260706T053732.792354049Z-c4-real-task-0050,signed_query_latest,true,0,1783316256018,0,QmdV6Xsz9DDJaY4mD6E1omWqFwV485nsfcNWmZWMizL9Jc,false
1404,e6-lifecycle-20260706T053732.792354049Z-c4-real-task-0050,ipfs_verify,true,10,1783316256018,0,QmdV6Xsz9DDJaY4mD6E1omWqFwV485nsfcNWmZWMizL9Jc,false
1405,e6-lifecycle-20260706T053732.792354049Z-c4-real-task-0051,ipfs_add,true,72,1783316255957,3763,,false
1406,e6-lifecycle-20260706T053732.792354049Z-c4-real-task-0051,signed_posttask,true,4,1783316256029,0,QmTGsXsSojSBkAHS2R8QsjK4DdKDvRJKAvmLyhxkyrWAi1,false
1407,e6-lifecycle-20260706T053732.792354049Z-c4-real-task-0051,signed_postallocation,true,2,1783316256033,0,QmTGsXsSojSBkAHS2R8QsjK4DdKDvRJKAvmLyhxkyrWAi1,false
1408,e6-lifecycle-20260706T053732.792354049Z-c4-real-task-0051,signed_post_evalsnapshot,true,2,1783316256035,0,QmTGsXsSojSBkAHS2R8QsjK4DdKDvRJKAvmLyhxkyrWAi1,false
1409,e6-lifecycle-20260706T053732.792354049Z-c4-real-task-0051,signed_vote1,true,3,1783316256037,0,QmTGsXsSojSBkAHS2R8QsjK4DdKDvRJKAvmLyhxkyrWAi1,false
1410,e6-lifecycle-20260706T053732.792354049Z-c4-real-task-0051,signed_vote2,true,2,1783316256040,0,QmTGsXsSojSBkAHS2R8QsjK4DdKDvRJKAvmLyhxkyrWAi1,false
1411,e6-lifecycle-20260706T053732.792354049Z-c4-real-task-0051,signed_settlement,true,2,1783316256042,0,QmTGsXsSojSBkAHS2R8QsjK4DdKDvRJKAvmLyhxkyrWAi1,false
1412,e6-lifecycle-20260706T053732.792354049Z-c4-real-task-0051,signed_query_latest,true,0,1783316256044,0,QmTGsXsSojSBkAHS2R8QsjK4DdKDvRJKAvmLyhxkyrWAi1,false
1413,e6-lifecycle-20260706T053732.792354049Z-c4-real-task-0052,ipfs_add,true,77,1783316255979,3794,,false
1414,e6-lifecycle-20260706T053732.792354049Z-c4-real-task-0051,ipfs_verify,true,14,1783316256044,0,QmTGsXsSojSBkAHS2R8QsjK4DdKDvRJKAvmLyhxkyrWAi1,false
1415,e6-lifecycle-20260706T053732.792354049Z-c4-real-task-0052,signed_posttask,true,2,1783316256056,0,Qmbhf75a6jKFm6r3n83e1TgGA1Jv3MZMWPn5DZ6DAQKRGx,false
1416,e6-lifecycle-20260706T053732.792354049Z-c4-real-task-0052,signed_postallocation,true,3,1783316256058,0,Qmbhf75a6jKFm6r3n83e1TgGA1Jv3MZMWPn5DZ6DAQKRGx,false
1417,e6-lifecycle-20260706T053732.792354049Z-c4-real-task-0052,signed_post_evalsnapshot,true,3,1783316256061,0,Qmbhf75a6jKFm6r3n83e1TgGA1Jv3MZMWPn5DZ6DAQKRGx,false
1418,e6-lifecycle-20260706T053732.792354049Z-c4-real-task-0052,signed_vote1,true,2,1783316256064,0,Qmbhf75a6jKFm6r3n83e1TgGA1Jv3MZMWPn5DZ6DAQKRGx,false
1419,e6-lifecycle-20260706T053732.792354049Z-c4-real-task-0052,signed_vote2,true,3,1783316256066,0,Qmbhf75a6jKFm6r3n83e1TgGA1Jv3MZMWPn5DZ6DAQKRGx,false
1420,e6-lifecycle-20260706T053732.792354049Z-c4-real-task-0052,signed_settlement,true,2,1783316256069,0,Qmbhf75a6jKFm6r3n83e1TgGA1Jv3MZMWPn5DZ6DAQKRGx,false
1421,e6-lifecycle-20260706T053732.792354049Z-c4-real-task-0052,signed_query_latest,true,0,1783316256071,0,Qmbhf75a6jKFm6r3n83e1TgGA1Jv3MZMWPn5DZ6DAQKRGx,false
1422,e6-lifecycle-20260706T053732.792354049Z-c4-real-task-0052,ipfs_verify,true,8,1783316256071,0,Qmbhf75a6jKFm6r3n83e1TgGA1Jv3MZMWPn5DZ6DAQKRGx,false
1423,e6-lifecycle-20260706T053732.792354049Z-c4-real-task-0053,ipfs_add,true,78,1783316256002,4728,,false
1424,e6-lifecycle-20260706T053732.792354049Z-c4-real-task-0053,signed_posttask,true,2,1783316256080,0,QmQhmCX3uicZrhvWeBbc6PdBzun14HpniDh8sPFQzpyV9X,false
1425,e6-lifecycle-20260706T053732.792354049Z-c4-real-task-0053,signed_postallocation,true,2,1783316256082,0,QmQhmCX3uicZrhvWeBbc6PdBzun14HpniDh8sPFQzpyV9X,false
1426,e6-lifecycle-20260706T053732.792354049Z-c4-real-task-0053,signed_post_evalsnapshot,true,1,1783316256084,0,QmQhmCX3uicZrhvWeBbc6PdBzun14HpniDh8sPFQzpyV9X,false
1427,e6-lifecycle-20260706T053732.792354049Z-c4-real-task-0053,signed_vote1,true,2,1783316256085,0,QmQhmCX3uicZrhvWeBbc6PdBzun14HpniDh8sPFQzpyV9X,false
1428,e6-lifecycle-20260706T053732.792354049Z-c4-real-task-0053,signed_vote2,true,3,1783316256087,0,QmQhmCX3uicZrhvWeBbc6PdBzun14HpniDh8sPFQzpyV9X,false
1429,e6-lifecycle-20260706T053732.792354049Z-c4-real-task-0053,signed_settlement,true,3,1783316256090,0,QmQhmCX3uicZrhvWeBbc6PdBzun14HpniDh8sPFQzpyV9X,false
1430,e6-lifecycle-20260706T053732.792354049Z-c4-real-task-0053,signed_query_latest,true,0,1783316256093,0,QmQhmCX3uicZrhvWeBbc6PdBzun14HpniDh8sPFQzpyV9X,false
1431,e6-lifecycle-20260706T053732.792354049Z-c4-real-task-0054,ipfs_add,true,74,1783316256028,5229,,false
1432,e6-lifecycle-20260706T053732.792354049Z-c4-real-task-0053,ipfs_verify,true,10,1783316256093,0,QmQhmCX3uicZrhvWeBbc6PdBzun14HpniDh8sPFQzpyV9X,false
1433,e6-lifecycle-20260706T053732.792354049Z-c4-real-task-0054,signed_posttask,true,2,1783316256102,0,QmPnCtNRFcwQFtC6bqhKn6Lncju1wDzgW5MAzMVD7Hqnio,false
1434,e6-lifecycle-20260706T053732.792354049Z-c4-real-task-0054,signed_postallocation,true,2,1783316256104,0,QmPnCtNRFcwQFtC6bqhKn6Lncju1wDzgW5MAzMVD7Hqnio,false
1435,e6-lifecycle-20260706T053732.792354049Z-c4-real-task-0054,signed_post_evalsnapshot,true,2,1783316256106,0,QmPnCtNRFcwQFtC6bqhKn6Lncju1wDzgW5MAzMVD7Hqnio,false
1436,e6-lifecycle-20260706T053732.792354049Z-c4-real-task-0054,signed_vote1,true,2,1783316256108,0,QmPnCtNRFcwQFtC6bqhKn6Lncju1wDzgW5MAzMVD7Hqnio,false
1437,e6-lifecycle-20260706T053732.792354049Z-c4-real-task-0054,signed_vote2,true,2,1783316256110,0,QmPnCtNRFcwQFtC6bqhKn6Lncju1wDzgW5MAzMVD7Hqnio,false
1438,e6-lifecycle-20260706T053732.792354049Z-c4-real-task-0054,signed_settlement,true,2,1783316256112,0,QmPnCtNRFcwQFtC6bqhKn6Lncju1wDzgW5MAzMVD7Hqnio,false
1439,e6-lifecycle-20260706T053732.792354049Z-c4-real-task-0054,signed_query_latest,true,0,1783316256114,0,QmPnCtNRFcwQFtC6bqhKn6Lncju1wDzgW5MAzMVD7Hqnio,false
1440,e6-lifecycle-20260706T053732.792354049Z-c4-real-task-0054,ipfs_verify,true,8,1783316256114,0,QmPnCtNRFcwQFtC6bqhKn6Lncju1wDzgW5MAzMVD7Hqnio,false
1441,e6-lifecycle-20260706T053732.792354049Z-c4-real-task-0055,ipfs_add,true,68,1783316256058,3299,,false
1442,e6-lifecycle-20260706T053732.792354049Z-c4-real-task-0055,signed_posttask,true,2,1783316256126,0,QmafKJifZc1XAPwnCM3rfjeY8ycoRWBTEzRKJWmaz2X2pf,false
1443,e6-lifecycle-20260706T053732.792354049Z-c4-real-task-0055,signed_postallocation,true,3,1783316256128,0,QmafKJifZc1XAPwnCM3rfjeY8ycoRWBTEzRKJWmaz2X2pf,false
1444,e6-lifecycle-20260706T053732.792354049Z-c4-real-task-0055,signed_post_evalsnapshot,true,2,1783316256131,0,QmafKJifZc1XAPwnCM3rfjeY8ycoRWBTEzRKJWmaz2X2pf,false
1445,e6-lifecycle-20260706T053732.792354049Z-c4-real-task-0055,signed_vote1,true,2,1783316256133,0,QmafKJifZc1XAPwnCM3rfjeY8ycoRWBTEzRKJWmaz2X2pf,false
1446,e6-lifecycle-20260706T053732.792354049Z-c4-real-task-0055,signed_vote2,true,1,1783316256135,0,QmafKJifZc1XAPwnCM3rfjeY8ycoRWBTEzRKJWmaz2X2pf,false
1447,e6-lifecycle-20260706T053732.792354049Z-c4-real-task-0055,signed_settlement,true,2,1783316256136,0,QmafKJifZc1XAPwnCM3rfjeY8ycoRWBTEzRKJWmaz2X2pf,false
1448,e6-lifecycle-20260706T053732.792354049Z-c4-real-task-0055,signed_query_latest,true,0,1783316256138,0,QmafKJifZc1XAPwnCM3rfjeY8ycoRWBTEzRKJWmaz2X2pf,false
1449,e6-lifecycle-20260706T053732.792354049Z-c4-real-task-0055,ipfs_verify,true,8,1783316256138,0,QmafKJifZc1XAPwnCM3rfjeY8ycoRWBTEzRKJWmaz2X2pf,false
1450,e6-lifecycle-20260706T053732.792354049Z-c4-real-task-0056,ipfs_add,true,67,1783316256079,4022,,false
1451,e6-lifecycle-20260706T053732.792354049Z-c4-real-task-0056,signed_posttask,true,3,1783316256146,0,QmZ7pYazDS7aTNmx4r1RUas5pautaRbk4VUrw59C2XLkhW,false
1452,e6-lifecycle-20260706T053732.792354049Z-c4-real-task-0056,signed_postallocation,true,2,1783316256149,0,QmZ7pYazDS7aTNmx4r1RUas5pautaRbk4VUrw59C2XLkhW,false
1453,e6-lifecycle-20260706T053732.792354049Z-c4-real-task-0056,signed_post_evalsnapshot,true,1,1783316256151,0,QmZ7pYazDS7aTNmx4r1RUas5pautaRbk4VUrw59C2XLkhW,false
1454,e6-lifecycle-20260706T053732.792354049Z-c4-real-task-0056,signed_vote1,true,2,1783316256152,0,QmZ7pYazDS7aTNmx4r1RUas5pautaRbk4VUrw59C2XLkhW,false
1455,e6-lifecycle-20260706T053732.792354049Z-c4-real-task-0056,signed_vote2,true,2,1783316256154,0,QmZ7pYazDS7aTNmx4r1RUas5pautaRbk4VUrw59C2XLkhW,false
1456,e6-lifecycle-20260706T053732.792354049Z-c4-real-task-0056,signed_settlement,true,1,1783316256156,0,QmZ7pYazDS7aTNmx4r1RUas5pautaRbk4VUrw59C2XLkhW,false
1457,e6-lifecycle-20260706T053732.792354049Z-c4-real-task-0056,signed_query_latest,true,0,1783316256157,0,QmZ7pYazDS7aTNmx4r1RUas5pautaRbk4VUrw59C2XLkhW,false
1458,e6-lifecycle-20260706T053732.792354049Z-c4-real-task-0056,ipfs_verify,true,8,1783316256157,0,QmZ7pYazDS7aTNmx4r1RUas5pautaRbk4VUrw59C2XLkhW,false
1459,e6-lifecycle-20260706T053732.792354049Z-c4-real-task-0057,ipfs_add,true,64,1783316256103,1961,,false
1460,e6-lifecycle-20260706T053732.792354049Z-c4-real-task-0057,signed_posttask,true,3,1783316256167,0,QmXe2mVbUwjU9upyR6EUuSfmWPVCsUJ2XbjviLk1VWsWi5,false
1461,e6-lifecycle-20260706T053732.792354049Z-c4-real-task-0057,signed_postallocation,true,2,1783316256170,0,QmXe2mVbUwjU9upyR6EUuSfmWPVCsUJ2XbjviLk1VWsWi5,false
1462,e6-lifecycle-20260706T053732.792354049Z-c4-real-task-0057,signed_post_evalsnapshot,true,2,1783316256172,0,QmXe2mVbUwjU9upyR6EUuSfmWPVCsUJ2XbjviLk1VWsWi5,false
1463,e6-lifecycle-20260706T053732.792354049Z-c4-real-task-0057,signed_vote1,true,2,1783316256174,0,QmXe2mVbUwjU9upyR6EUuSfmWPVCsUJ2XbjviLk1VWsWi5,false
1464,e6-lifecycle-20260706T053732.792354049Z-c4-real-task-0057,signed_vote2,true,3,1783316256176,0,QmXe2mVbUwjU9upyR6EUuSfmWPVCsUJ2XbjviLk1VWsWi5,false
1465,e6-lifecycle-20260706T053732.792354049Z-c4-real-task-0057,signed_settlement,true,1,1783316256179,0,QmXe2mVbUwjU9upyR6EUuSfmWPVCsUJ2XbjviLk1VWsWi5,false
1466,e6-lifecycle-20260706T053732.792354049Z-c4-real-task-0057,signed_query_latest,true,0,1783316256180,0,QmXe2mVbUwjU9upyR6EUuSfmWPVCsUJ2XbjviLk1VWsWi5,false
1467,e6-lifecycle-20260706T053732.792354049Z-c4-real-task-0058,ipfs_add,true,66,1783316256122,2250,,false
1468,e6-lifecycle-20260706T053732.792354049Z-c4-real-task-0057,ipfs_verify,true,8,1783316256180,0,QmXe2mVbUwjU9upyR6EUuSfmWPVCsUJ2XbjviLk1VWsWi5,false
1469,e6-lifecycle-20260706T053732.792354049Z-c4-real-task-0058,signed_posttask,true,2,1783316256188,0,QmXUCNGHMpTciMXWytGi2sfx8616VuyyUoqZa3oAtvFoDt,false
1470,e6-lifecycle-20260706T053732.792354049Z-c4-real-task-0058,signed_postallocation,true,2,1783316256190,0,QmXUCNGHMpTciMXWytGi2sfx8616VuyyUoqZa3oAtvFoDt,false
1471,e6-lifecycle-20260706T053732.792354049Z-c4-real-task-0058,signed_post_evalsnapshot,true,4,1783316256192,0,QmXUCNGHMpTciMXWytGi2sfx8616VuyyUoqZa3oAtvFoDt,false
1472,e6-lifecycle-20260706T053732.792354049Z-c4-real-task-0058,signed_vote1,true,2,1783316256196,0,QmXUCNGHMpTciMXWytGi2sfx8616VuyyUoqZa3oAtvFoDt,false
1473,e6-lifecycle-20260706T053732.792354049Z-c4-real-task-0058,signed_vote2,true,2,1783316256198,0,QmXUCNGHMpTciMXWytGi2sfx8616VuyyUoqZa3oAtvFoDt,false
1474,e6-lifecycle-20260706T053732.792354049Z-c4-real-task-0058,signed_settlement,true,4,1783316256200,0,QmXUCNGHMpTciMXWytGi2sfx8616VuyyUoqZa3oAtvFoDt,false
1475,e6-lifecycle-20260706T053732.792354049Z-c4-real-task-0058,signed_query_latest,true,0,1783316256204,0,QmXUCNGHMpTciMXWytGi2sfx8616VuyyUoqZa3oAtvFoDt,false
1476,e6-lifecycle-20260706T053732.792354049Z-c4-real-task-0059,ipfs_add,true,64,1783316256146,4487,,false
1477,e6-lifecycle-20260706T053732.792354049Z-c4-real-task-0059,signed_posttask,true,3,1783316256210,0,QmPBEGhSk6VvenSUj3Vr6bj3gHyXAjWBknK2erA4F3iiDo,false
1478,e6-lifecycle-20260706T053732.792354049Z-c4-real-task-0058,ipfs_verify,true,10,1783316256204,0,QmXUCNGHMpTciMXWytGi2sfx8616VuyyUoqZa3oAtvFoDt,false
1479,e6-lifecycle-20260706T053732.792354049Z-c4-real-task-0059,signed_postallocation,true,2,1783316256213,0,QmPBEGhSk6VvenSUj3Vr6bj3gHyXAjWBknK2erA4F3iiDo,false
1480,e6-lifecycle-20260706T053732.792354049Z-c4-real-task-0059,signed_post_evalsnapshot,true,2,1783316256215,0,QmPBEGhSk6VvenSUj3Vr6bj3gHyXAjWBknK2erA4F3iiDo,false
1481,e6-lifecycle-20260706T053732.792354049Z-c4-real-task-0059,signed_vote1,true,2,1783316256217,0,QmPBEGhSk6VvenSUj3Vr6bj3gHyXAjWBknK2erA4F3iiDo,false
1482,e6-lifecycle-20260706T053732.792354049Z-c4-real-task-0059,signed_vote2,true,2,1783316256219,0,QmPBEGhSk6VvenSUj3Vr6bj3gHyXAjWBknK2erA4F3iiDo,false
1483,e6-lifecycle-20260706T053732.792354049Z-c4-real-task-0059,signed_settlement,true,3,1783316256221,0,QmPBEGhSk6VvenSUj3Vr6bj3gHyXAjWBknK2erA4F3iiDo,false
1484,e6-lifecycle-20260706T053732.792354049Z-c4-real-task-0059,signed_query_latest,true,0,1783316256224,0,QmPBEGhSk6VvenSUj3Vr6bj3gHyXAjWBknK2erA4F3iiDo,false
1485,e6-lifecycle-20260706T053732.792354049Z-c4-real-task-0059,ipfs_verify,true,9,1783316256224,0,QmPBEGhSk6VvenSUj3Vr6bj3gHyXAjWBknK2erA4F3iiDo,false
1486,e6-lifecycle-20260706T053732.792354049Z-c4-real-task-0060,ipfs_add,true,73,1783316256165,5935,,false
1487,e6-lifecycle-20260706T053732.792354049Z-c4-real-task-0060,signed_posttask,true,5,1783316256238,0,QmNcgtQQTiKYTTZfgDnKUurGta1J2EPad8N1cioGFFfEnj,false
1488,e6-lifecycle-20260706T053732.792354049Z-c4-real-task-0060,signed_postallocation,true,2,1783316256243,0,QmNcgtQQTiKYTTZfgDnKUurGta1J2EPad8N1cioGFFfEnj,false
1489,e6-lifecycle-20260706T053732.792354049Z-c4-real-task-0060,signed_post_evalsnapshot,true,2,1783316256245,0,QmNcgtQQTiKYTTZfgDnKUurGta1J2EPad8N1cioGFFfEnj,false
1490,e6-lifecycle-20260706T053732.792354049Z-c4-real-task-0060,signed_vote1,true,2,1783316256247,0,QmNcgtQQTiKYTTZfgDnKUurGta1J2EPad8N1cioGFFfEnj,false
1491,e6-lifecycle-20260706T053732.792354049Z-c4-real-task-0060,signed_vote2,true,2,1783316256249,0,QmNcgtQQTiKYTTZfgDnKUurGta1J2EPad8N1cioGFFfEnj,false
1492,e6-lifecycle-20260706T053732.792354049Z-c4-real-task-0060,signed_settlement,true,2,1783316256251,0,QmNcgtQQTiKYTTZfgDnKUurGta1J2EPad8N1cioGFFfEnj,false
1493,e6-lifecycle-20260706T053732.792354049Z-c4-real-task-0060,signed_query_latest,true,0,1783316256253,0,QmNcgtQQTiKYTTZfgDnKUurGta1J2EPad8N1cioGFFfEnj,false
1494,e6-lifecycle-20260706T053732.792354049Z-c4-real-task-0061,ipfs_add,true,74,1783316256188,5946,,false
1495,e6-lifecycle-20260706T053732.792354049Z-c4-real-task-0061,signed_posttask,true,3,1783316256262,0,QmZznbE6Q8qgJZM6zko75Z5kysY6RRAzfTKYtPEykpkpaT,false
1496,e6-lifecycle-20260706T053732.792354049Z-c4-real-task-0060,ipfs_verify,true,13,1783316256253,0,QmNcgtQQTiKYTTZfgDnKUurGta1J2EPad8N1cioGFFfEnj,false
1497,e6-lifecycle-20260706T053732.792354049Z-c4-real-task-0061,signed_postallocation,true,3,1783316256265,0,QmZznbE6Q8qgJZM6zko75Z5kysY6RRAzfTKYtPEykpkpaT,false
1498,e6-lifecycle-20260706T053732.792354049Z-c4-real-task-0061,signed_post_evalsnapshot,true,2,1783316256268,0,QmZznbE6Q8qgJZM6zko75Z5kysY6RRAzfTKYtPEykpkpaT,false
1499,e6-lifecycle-20260706T053732.792354049Z-c4-real-task-0061,signed_vote1,true,2,1783316256270,0,QmZznbE6Q8qgJZM6zko75Z5kysY6RRAzfTKYtPEykpkpaT,false
1500,e6-lifecycle-20260706T053732.792354049Z-c4-real-task-0061,signed_vote2,true,2,1783316256272,0,QmZznbE6Q8qgJZM6zko75Z5kysY6RRAzfTKYtPEykpkpaT,false
1501,e6-lifecycle-20260706T053732.792354049Z-c4-real-task-0061,signed_settlement,true,2,1783316256274,0,QmZznbE6Q8qgJZM6zko75Z5kysY6RRAzfTKYtPEykpkpaT,false
1502,e6-lifecycle-20260706T053732.792354049Z-c4-real-task-0061,signed_query_latest,true,0,1783316256276,0,QmZznbE6Q8qgJZM6zko75Z5kysY6RRAzfTKYtPEykpkpaT,false
1503,e6-lifecycle-20260706T053732.792354049Z-c4-real-task-0061,ipfs_verify,true,12,1783316256276,0,QmZznbE6Q8qgJZM6zko75Z5kysY6RRAzfTKYtPEykpkpaT,false
1504,e6-lifecycle-20260706T053732.792354049Z-c4-real-task-0062,ipfs_add,true,76,1783316256214,1552,,false
1505,e6-lifecycle-20260706T053732.792354049Z-c4-real-task-0062,signed_posttask,true,2,1783316256290,0,Qmb6iH1Q8fsUxVYrQmrcgAvCnH14JPTvzRbCctsufq5we3,false
1506,e6-lifecycle-20260706T053732.792354049Z-c4-real-task-0062,signed_postallocation,true,2,1783316256292,0,Qmb6iH1Q8fsUxVYrQmrcgAvCnH14JPTvzRbCctsufq5we3,false
1507,e6-lifecycle-20260706T053732.792354049Z-c4-real-task-0062,signed_post_evalsnapshot,true,2,1783316256294,0,Qmb6iH1Q8fsUxVYrQmrcgAvCnH14JPTvzRbCctsufq5we3,false
1508,e6-lifecycle-20260706T053732.792354049Z-c4-real-task-0062,signed_vote1,true,2,1783316256296,0,Qmb6iH1Q8fsUxVYrQmrcgAvCnH14JPTvzRbCctsufq5we3,false
1509,e6-lifecycle-20260706T053732.792354049Z-c4-real-task-0062,signed_vote2,true,2,1783316256298,0,Qmb6iH1Q8fsUxVYrQmrcgAvCnH14JPTvzRbCctsufq5we3,false
1510,e6-lifecycle-20260706T053732.792354049Z-c4-real-task-0062,signed_settlement,true,1,1783316256300,0,Qmb6iH1Q8fsUxVYrQmrcgAvCnH14JPTvzRbCctsufq5we3,false
1511,e6-lifecycle-20260706T053732.792354049Z-c4-real-task-0062,signed_query_latest,true,0,1783316256301,0,Qmb6iH1Q8fsUxVYrQmrcgAvCnH14JPTvzRbCctsufq5we3,false
1512,e6-lifecycle-20260706T053732.792354049Z-c4-real-task-0062,ipfs_verify,true,7,1783316256301,0,Qmb6iH1Q8fsUxVYrQmrcgAvCnH14JPTvzRbCctsufq5we3,false
1513,e6-lifecycle-20260706T053732.792354049Z-c4-real-task-0063,ipfs_add,true,78,1783316256233,1951,,false
1514,e6-lifecycle-20260706T053732.792354049Z-c4-real-task-0063,signed_posttask,true,2,1783316256311,0,Qmeq8QyrjD6bZ4YprHuPoMgTMvTCxaH2JtzMLSbHb4KCGp,false
1515,e6-lifecycle-20260706T053732.792354049Z-c4-real-task-0063,signed_postallocation,true,2,1783316256313,0,Qmeq8QyrjD6bZ4YprHuPoMgTMvTCxaH2JtzMLSbHb4KCGp,false
1516,e6-lifecycle-20260706T053732.792354049Z-c4-real-task-0063,signed_post_evalsnapshot,true,2,1783316256315,0,Qmeq8QyrjD6bZ4YprHuPoMgTMvTCxaH2JtzMLSbHb4KCGp,false
1517,e6-lifecycle-20260706T053732.792354049Z-c4-real-task-0063,signed_vote1,true,1,1783316256317,0,Qmeq8QyrjD6bZ4YprHuPoMgTMvTCxaH2JtzMLSbHb4KCGp,false
1518,e6-lifecycle-20260706T053732.792354049Z-c4-real-task-0063,signed_vote2,true,2,1783316256318,0,Qmeq8QyrjD6bZ4YprHuPoMgTMvTCxaH2JtzMLSbHb4KCGp,false
1519,e6-lifecycle-20260706T053732.792354049Z-c4-real-task-0063,signed_settlement,true,2,1783316256320,0,Qmeq8QyrjD6bZ4YprHuPoMgTMvTCxaH2JtzMLSbHb4KCGp,false
1520,e6-lifecycle-20260706T053732.792354049Z-c4-real-task-0063,signed_query_latest,true,0,1783316256322,0,Qmeq8QyrjD6bZ4YprHuPoMgTMvTCxaH2JtzMLSbHb4KCGp,false
1521,e6-lifecycle-20260706T053732.792354049Z-c4-real-task-0063,ipfs_verify,true,9,1783316256322,0,Qmeq8QyrjD6bZ4YprHuPoMgTMvTCxaH2JtzMLSbHb4KCGp,false
1522,e6-lifecycle-20260706T053732.792354049Z-c4-real-task-0064,ipfs_add,true,65,1783316256266,1718,,false
1523,e6-lifecycle-20260706T053732.792354049Z-c4-real-task-0064,signed_posttask,true,2,1783316256331,0,QmdQasboxBg4eG1zCcznaXELJ43EhrApnvszJDpfVQP7gd,false
1524,e6-lifecycle-20260706T053732.792354049Z-c4-real-task-0064,signed_postallocation,true,2,1783316256333,0,QmdQasboxBg4eG1zCcznaXELJ43EhrApnvszJDpfVQP7gd,false
1525,e6-lifecycle-20260706T053732.792354049Z-c4-real-task-0064,signed_post_evalsnapshot,true,1,1783316256335,0,QmdQasboxBg4eG1zCcznaXELJ43EhrApnvszJDpfVQP7gd,false
1526,e6-lifecycle-20260706T053732.792354049Z-c4-real-task-0064,signed_vote1,true,2,1783316256336,0,QmdQasboxBg4eG1zCcznaXELJ43EhrApnvszJDpfVQP7gd,false
1527,e6-lifecycle-20260706T053732.792354049Z-c4-real-task-0064,signed_vote2,true,2,1783316256338,0,QmdQasboxBg4eG1zCcznaXELJ43EhrApnvszJDpfVQP7gd,false
1528,e6-lifecycle-20260706T053732.792354049Z-c4-real-task-0064,signed_settlement,true,2,1783316256340,0,QmdQasboxBg4eG1zCcznaXELJ43EhrApnvszJDpfVQP7gd,false
1529,e6-lifecycle-20260706T053732.792354049Z-c4-real-task-0064,signed_query_latest,true,0,1783316256342,0,QmdQasboxBg4eG1zCcznaXELJ43EhrApnvszJDpfVQP7gd,false
1530,e6-lifecycle-20260706T053732.792354049Z-c4-real-task-0064,ipfs_verify,true,9,1783316256342,0,QmdQasboxBg4eG1zCcznaXELJ43EhrApnvszJDpfVQP7gd,false
1531,e6-lifecycle-20260706T053732.792354049Z-c4-real-task-0065,ipfs_add,true,66,1783316256288,1532,,false
1532,e6-lifecycle-20260706T053732.792354049Z-c4-real-task-0065,signed_posttask,true,3,1783316256354,0,QmTgn7Ef8bcgXc76teLMLFWfXkkV1kNKoL8EES2YSp6nVT,false
1533,e6-lifecycle-20260706T053732.792354049Z-c4-real-task-0065,signed_postallocation,true,2,1783316256357,0,QmTgn7Ef8bcgXc76teLMLFWfXkkV1kNKoL8EES2YSp6nVT,false
1534,e6-lifecycle-20260706T053732.792354049Z-c4-real-task-0065,signed_post_evalsnapshot,true,1,1783316256359,0,QmTgn7Ef8bcgXc76teLMLFWfXkkV1kNKoL8EES2YSp6nVT,false
1535,e6-lifecycle-20260706T053732.792354049Z-c4-real-task-0065,signed_vote1,true,2,1783316256360,0,QmTgn7Ef8bcgXc76teLMLFWfXkkV1kNKoL8EES2YSp6nVT,false
1536,e6-lifecycle-20260706T053732.792354049Z-c4-real-task-0065,signed_vote2,true,2,1783316256362,0,QmTgn7Ef8bcgXc76teLMLFWfXkkV1kNKoL8EES2YSp6nVT,false
1537,e6-lifecycle-20260706T053732.792354049Z-c4-real-task-0065,signed_settlement,true,2,1783316256364,0,QmTgn7Ef8bcgXc76teLMLFWfXkkV1kNKoL8EES2YSp6nVT,false
1538,e6-lifecycle-20260706T053732.792354049Z-c4-real-task-0065,signed_query_latest,true,0,1783316256366,0,QmTgn7Ef8bcgXc76teLMLFWfXkkV1kNKoL8EES2YSp6nVT,false
1539,e6-lifecycle-20260706T053732.792354049Z-c4-real-task-0065,ipfs_verify,true,9,1783316256366,0,QmTgn7Ef8bcgXc76teLMLFWfXkkV1kNKoL8EES2YSp6nVT,false
1540,e6-lifecycle-20260706T053732.792354049Z-c4-real-task-0066,ipfs_add,true,69,1783316256308,1779,,false
1541,e6-lifecycle-20260706T053732.792354049Z-c4-real-task-0066,signed_posttask,true,2,1783316256377,0,QmQadZaKvSss26axAEh58nbypRZhkvyv9qKSdKwsKrR3VT,false
1542,e6-lifecycle-20260706T053732.792354049Z-c4-real-task-0066,signed_postallocation,true,2,1783316256379,0,QmQadZaKvSss26axAEh58nbypRZhkvyv9qKSdKwsKrR3VT,false
1543,e6-lifecycle-20260706T053732.792354049Z-c4-real-task-0066,signed_post_evalsnapshot,true,2,1783316256381,0,QmQadZaKvSss26axAEh58nbypRZhkvyv9qKSdKwsKrR3VT,false
1544,e6-lifecycle-20260706T053732.792354049Z-c4-real-task-0066,signed_vote1,true,2,1783316256383,0,QmQadZaKvSss26axAEh58nbypRZhkvyv9qKSdKwsKrR3VT,false
1545,e6-lifecycle-20260706T053732.792354049Z-c4-real-task-0066,signed_vote2,true,1,1783316256385,0,QmQadZaKvSss26axAEh58nbypRZhkvyv9qKSdKwsKrR3VT,false
1546,e6-lifecycle-20260706T053732.792354049Z-c4-real-task-0066,signed_settlement,true,2,1783316256386,0,QmQadZaKvSss26axAEh58nbypRZhkvyv9qKSdKwsKrR3VT,false
1547,e6-lifecycle-20260706T053732.792354049Z-c4-real-task-0066,signed_query_latest,true,0,1783316256388,0,QmQadZaKvSss26axAEh58nbypRZhkvyv9qKSdKwsKrR3VT,false
1548,e6-lifecycle-20260706T053732.792354049Z-c4-real-task-0066,ipfs_verify,true,7,1783316256388,0,QmQadZaKvSss26axAEh58nbypRZhkvyv9qKSdKwsKrR3VT,false
1549,e6-lifecycle-20260706T053732.792354049Z-c4-real-task-0067,ipfs_add,true,67,1783316256331,1494,,false
1550,e6-lifecycle-20260706T053732.792354049Z-c4-real-task-0067,signed_posttask,true,2,1783316256398,0,Qmbt7FG9CTBc6sVfciXAseRzvjXpa6EoV1TehcNf7sChY3,false
1551,e6-lifecycle-20260706T053732.792354049Z-c4-real-task-0067,signed_postallocation,true,2,1783316256400,0,Qmbt7FG9CTBc6sVfciXAseRzvjXpa6EoV1TehcNf7sChY3,false
1552,e6-lifecycle-20260706T053732.792354049Z-c4-real-task-0067,signed_post_evalsnapshot,true,1,1783316256402,0,Qmbt7FG9CTBc6sVfciXAseRzvjXpa6EoV1TehcNf7sChY3,false
1553,e6-lifecycle-20260706T053732.792354049Z-c4-real-task-0067,signed_vote1,true,2,1783316256403,0,Qmbt7FG9CTBc6sVfciXAseRzvjXpa6EoV1TehcNf7sChY3,false
1554,e6-lifecycle-20260706T053732.792354049Z-c4-real-task-0067,signed_vote2,true,1,1783316256405,0,Qmbt7FG9CTBc6sVfciXAseRzvjXpa6EoV1TehcNf7sChY3,false
1555,e6-lifecycle-20260706T053732.792354049Z-c4-real-task-0067,signed_settlement,true,2,1783316256406,0,Qmbt7FG9CTBc6sVfciXAseRzvjXpa6EoV1TehcNf7sChY3,false
1556,e6-lifecycle-20260706T053732.792354049Z-c4-real-task-0067,signed_query_latest,true,0,1783316256408,0,Qmbt7FG9CTBc6sVfciXAseRzvjXpa6EoV1TehcNf7sChY3,false
1557,e6-lifecycle-20260706T053732.792354049Z-c4-real-task-0067,ipfs_verify,true,8,1783316256408,0,Qmbt7FG9CTBc6sVfciXAseRzvjXpa6EoV1TehcNf7sChY3,false
1558,e6-lifecycle-20260706T053732.792354049Z-c4-real-task-0068,ipfs_add,true,65,1783316256351,4158,,false
1559,e6-lifecycle-20260706T053732.792354049Z-c4-real-task-0068,signed_posttask,true,2,1783316256416,0,QmdssCZHZja15BD7DuyPiXZPfZufH2mwmGr81QDSStPZPN,false
1560,e6-lifecycle-20260706T053732.792354049Z-c4-real-task-0068,signed_postallocation,true,2,1783316256418,0,QmdssCZHZja15BD7DuyPiXZPfZufH2mwmGr81QDSStPZPN,false
1561,e6-lifecycle-20260706T053732.792354049Z-c4-real-task-0068,signed_post_evalsnapshot,true,2,1783316256420,0,QmdssCZHZja15BD7DuyPiXZPfZufH2mwmGr81QDSStPZPN,false
1562,e6-lifecycle-20260706T053732.792354049Z-c4-real-task-0068,signed_vote1,true,2,1783316256422,0,QmdssCZHZja15BD7DuyPiXZPfZufH2mwmGr81QDSStPZPN,false
1563,e6-lifecycle-20260706T053732.792354049Z-c4-real-task-0068,signed_vote2,true,2,1783316256424,0,QmdssCZHZja15BD7DuyPiXZPfZufH2mwmGr81QDSStPZPN,false
1564,e6-lifecycle-20260706T053732.792354049Z-c4-real-task-0068,signed_settlement,true,1,1783316256426,0,QmdssCZHZja15BD7DuyPiXZPfZufH2mwmGr81QDSStPZPN,false
1565,e6-lifecycle-20260706T053732.792354049Z-c4-real-task-0068,signed_query_latest,true,0,1783316256427,0,QmdssCZHZja15BD7DuyPiXZPfZufH2mwmGr81QDSStPZPN,false
1566,e6-lifecycle-20260706T053732.792354049Z-c4-real-task-0068,ipfs_verify,true,7,1783316256427,0,QmdssCZHZja15BD7DuyPiXZPfZufH2mwmGr81QDSStPZPN,false
1567,e6-lifecycle-20260706T053732.792354049Z-c4-real-task-0069,ipfs_add,true,60,1783316256375,1526,,false
1568,e6-lifecycle-20260706T053732.792354049Z-c4-real-task-0069,signed_posttask,true,2,1783316256435,0,Qmc3HzGamX75gaXpQyYRDkmKLfVRUTTUbDLLNafwajDdRv,false
1569,e6-lifecycle-20260706T053732.792354049Z-c4-real-task-0069,signed_postallocation,true,1,1783316256437,0,Qmc3HzGamX75gaXpQyYRDkmKLfVRUTTUbDLLNafwajDdRv,false
1570,e6-lifecycle-20260706T053732.792354049Z-c4-real-task-0069,signed_post_evalsnapshot,true,2,1783316256438,0,Qmc3HzGamX75gaXpQyYRDkmKLfVRUTTUbDLLNafwajDdRv,false
1571,e6-lifecycle-20260706T053732.792354049Z-c4-real-task-0069,signed_vote1,true,2,1783316256440,0,Qmc3HzGamX75gaXpQyYRDkmKLfVRUTTUbDLLNafwajDdRv,false
1572,e6-lifecycle-20260706T053732.792354049Z-c4-real-task-0069,signed_vote2,true,2,1783316256442,0,Qmc3HzGamX75gaXpQyYRDkmKLfVRUTTUbDLLNafwajDdRv,false
1573,e6-lifecycle-20260706T053732.792354049Z-c4-real-task-0069,signed_settlement,true,1,1783316256444,0,Qmc3HzGamX75gaXpQyYRDkmKLfVRUTTUbDLLNafwajDdRv,false
1574,e6-lifecycle-20260706T053732.792354049Z-c4-real-task-0069,signed_query_latest,true,0,1783316256445,0,Qmc3HzGamX75gaXpQyYRDkmKLfVRUTTUbDLLNafwajDdRv,false
1575,e6-lifecycle-20260706T053732.792354049Z-c4-real-task-0069,ipfs_verify,true,7,1783316256445,0,Qmc3HzGamX75gaXpQyYRDkmKLfVRUTTUbDLLNafwajDdRv,false
1576,e6-lifecycle-20260706T053732.792354049Z-c4-real-task-0070,ipfs_add,true,60,1783316256395,5065,,false
1577,e6-lifecycle-20260706T053732.792354049Z-c4-real-task-0070,signed_posttask,true,2,1783316256455,0,QmZdwn7XZ6rmxkCtUjND7GCnAtzGsfmiqSWKEv7AMAoXVQ,false
1578,e6-lifecycle-20260706T053732.792354049Z-c4-real-task-0070,signed_postallocation,true,2,1783316256457,0,QmZdwn7XZ6rmxkCtUjND7GCnAtzGsfmiqSWKEv7AMAoXVQ,false
1579,e6-lifecycle-20260706T053732.792354049Z-c4-real-task-0070,signed_post_evalsnapshot,true,2,1783316256459,0,QmZdwn7XZ6rmxkCtUjND7GCnAtzGsfmiqSWKEv7AMAoXVQ,false
1580,e6-lifecycle-20260706T053732.792354049Z-c4-real-task-0070,signed_vote1,true,3,1783316256461,0,QmZdwn7XZ6rmxkCtUjND7GCnAtzGsfmiqSWKEv7AMAoXVQ,false
1581,e6-lifecycle-20260706T053732.792354049Z-c4-real-task-0070,signed_vote2,true,2,1783316256464,0,QmZdwn7XZ6rmxkCtUjND7GCnAtzGsfmiqSWKEv7AMAoXVQ,false
1582,e6-lifecycle-20260706T053732.792354049Z-c4-real-task-0070,signed_settlement,true,2,1783316256466,0,QmZdwn7XZ6rmxkCtUjND7GCnAtzGsfmiqSWKEv7AMAoXVQ,false
1583,e6-lifecycle-20260706T053732.792354049Z-c4-real-task-0070,signed_query_latest,true,0,1783316256468,0,QmZdwn7XZ6rmxkCtUjND7GCnAtzGsfmiqSWKEv7AMAoXVQ,false
1584,e6-lifecycle-20260706T053732.792354049Z-c4-real-task-0070,ipfs_verify,true,10,1783316256468,0,QmZdwn7XZ6rmxkCtUjND7GCnAtzGsfmiqSWKEv7AMAoXVQ,false
1585,e6-lifecycle-20260706T053732.792354049Z-c4-real-task-0071,ipfs_add,true,69,1783316256416,7196,,false
1586,e6-lifecycle-20260706T053732.792354049Z-c4-real-task-0071,signed_posttask,true,2,1783316256485,0,QmNqkkGDJvpybcWjHb7TKY3DpGWDegeGBguFT6dBieSUKQ,false
1587,e6-lifecycle-20260706T053732.792354049Z-c4-real-task-0071,signed_postallocation,true,2,1783316256487,0,QmNqkkGDJvpybcWjHb7TKY3DpGWDegeGBguFT6dBieSUKQ,false
1588,e6-lifecycle-20260706T053732.792354049Z-c4-real-task-0071,signed_post_evalsnapshot,true,2,1783316256489,0,QmNqkkGDJvpybcWjHb7TKY3DpGWDegeGBguFT6dBieSUKQ,false
1589,e6-lifecycle-20260706T053732.792354049Z-c4-real-task-0071,signed_vote1,true,2,1783316256491,0,QmNqkkGDJvpybcWjHb7TKY3DpGWDegeGBguFT6dBieSUKQ,false
1590,e6-lifecycle-20260706T053732.792354049Z-c4-real-task-0071,signed_vote2,true,2,1783316256493,0,QmNqkkGDJvpybcWjHb7TKY3DpGWDegeGBguFT6dBieSUKQ,false
1591,e6-lifecycle-20260706T053732.792354049Z-c4-real-task-0071,signed_settlement,true,2,1783316256495,0,QmNqkkGDJvpybcWjHb7TKY3DpGWDegeGBguFT6dBieSUKQ,false
1592,e6-lifecycle-20260706T053732.792354049Z-c4-real-task-0071,signed_query_latest,true,0,1783316256497,0,QmNqkkGDJvpybcWjHb7TKY3DpGWDegeGBguFT6dBieSUKQ,false
1593,e6-lifecycle-20260706T053732.792354049Z-c4-real-task-0071,ipfs_verify,true,8,1783316256497,0,QmNqkkGDJvpybcWjHb7TKY3DpGWDegeGBguFT6dBieSUKQ,false
1594,e6-lifecycle-20260706T053732.792354049Z-c4-real-task-0072,ipfs_add,true,72,1783316256434,2305,,false
1595,e6-lifecycle-20260706T053732.792354049Z-c4-real-task-0072,signed_posttask,true,2,1783316256506,0,QmWanySVkpZ7TybV7YuqtM2nn19ezsxpA246bdcmU47t6X,false
1596,e6-lifecycle-20260706T053732.792354049Z-c4-real-task-0072,signed_postallocation,true,1,1783316256508,0,QmWanySVkpZ7TybV7YuqtM2nn19ezsxpA246bdcmU47t6X,false
1597,e6-lifecycle-20260706T053732.792354049Z-c4-real-task-0072,signed_post_evalsnapshot,true,2,1783316256509,0,QmWanySVkpZ7TybV7YuqtM2nn19ezsxpA246bdcmU47t6X,false
1598,e6-lifecycle-20260706T053732.792354049Z-c4-real-task-0072,signed_vote1,true,2,1783316256511,0,QmWanySVkpZ7TybV7YuqtM2nn19ezsxpA246bdcmU47t6X,false
1599,e6-lifecycle-20260706T053732.792354049Z-c4-real-task-0072,signed_vote2,true,2,1783316256513,0,QmWanySVkpZ7TybV7YuqtM2nn19ezsxpA246bdcmU47t6X,false
1600,e6-lifecycle-20260706T053732.792354049Z-c4-real-task-0072,signed_settlement,true,2,1783316256515,0,QmWanySVkpZ7TybV7YuqtM2nn19ezsxpA246bdcmU47t6X,false
1601,e6-lifecycle-20260706T053732.792354049Z-c4-real-task-0072,signed_query_latest,true,0,1783316256517,0,QmWanySVkpZ7TybV7YuqtM2nn19ezsxpA246bdcmU47t6X,false
1602,e6-lifecycle-20260706T053732.792354049Z-c4-real-task-0072,ipfs_verify,true,8,1783316256517,0,QmWanySVkpZ7TybV7YuqtM2nn19ezsxpA246bdcmU47t6X,false
1603,e6-lifecycle-20260706T053732.792354049Z-c4-real-task-0073,ipfs_add,true,82,1783316256452,4957,,false
1604,e6-lifecycle-20260706T053732.792354049Z-c4-real-task-0073,signed_posttask,true,2,1783316256534,0,QmUNq5xrs3K1vmXdkKido3g2XmRhi95o132iauehfL4aYG,false
1605,e6-lifecycle-20260706T053732.792354049Z-c4-real-task-0073,signed_postallocation,true,2,1783316256536,0,QmUNq5xrs3K1vmXdkKido3g2XmRhi95o132iauehfL4aYG,false
1606,e6-lifecycle-20260706T053732.792354049Z-c4-real-task-0073,signed_post_evalsnapshot,true,1,1783316256538,0,QmUNq5xrs3K1vmXdkKido3g2XmRhi95o132iauehfL4aYG,false
1607,e6-lifecycle-20260706T053732.792354049Z-c4-real-task-0073,signed_vote1,true,2,1783316256539,0,QmUNq5xrs3K1vmXdkKido3g2XmRhi95o132iauehfL4aYG,false
1608,e6-lifecycle-20260706T053732.792354049Z-c4-real-task-0073,signed_vote2,true,2,1783316256541,0,QmUNq5xrs3K1vmXdkKido3g2XmRhi95o132iauehfL4aYG,false
1609,e6-lifecycle-20260706T053732.792354049Z-c4-real-task-0073,signed_settlement,true,1,1783316256543,0,QmUNq5xrs3K1vmXdkKido3g2XmRhi95o132iauehfL4aYG,false
1610,e6-lifecycle-20260706T053732.792354049Z-c4-real-task-0073,signed_query_latest,true,0,1783316256544,0,QmUNq5xrs3K1vmXdkKido3g2XmRhi95o132iauehfL4aYG,false
1611,e6-lifecycle-20260706T053732.792354049Z-c4-real-task-0073,ipfs_verify,true,9,1783316256544,0,QmUNq5xrs3K1vmXdkKido3g2XmRhi95o132iauehfL4aYG,false
1612,e6-lifecycle-20260706T053732.792354049Z-c4-real-task-0075,ipfs_add,true,86,1783316256506,4400,,false
1613,e6-lifecycle-20260706T053732.792354049Z-c4-real-task-0075,signed_posttask,true,2,1783316256592,0,QmXvAwLQ7v7nnXbkJPjkYdM3tUdkRw8oF5f6iTNZRPVgzN,false
1614,e6-lifecycle-20260706T053732.792354049Z-c4-real-task-0075,signed_postallocation,true,3,1783316256594,0,QmXvAwLQ7v7nnXbkJPjkYdM3tUdkRw8oF5f6iTNZRPVgzN,false
1615,e6-lifecycle-20260706T053732.792354049Z-c4-real-task-0075,signed_post_evalsnapshot,true,2,1783316256597,0,QmXvAwLQ7v7nnXbkJPjkYdM3tUdkRw8oF5f6iTNZRPVgzN,false
1616,e6-lifecycle-20260706T053732.792354049Z-c4-real-task-0075,signed_vote1,true,2,1783316256599,0,QmXvAwLQ7v7nnXbkJPjkYdM3tUdkRw8oF5f6iTNZRPVgzN,false
1617,e6-lifecycle-20260706T053732.792354049Z-c4-real-task-0075,signed_vote2,true,2,1783316256601,0,QmXvAwLQ7v7nnXbkJPjkYdM3tUdkRw8oF5f6iTNZRPVgzN,false
1618,e6-lifecycle-20260706T053732.792354049Z-c4-real-task-0075,signed_settlement,true,2,1783316256603,0,QmXvAwLQ7v7nnXbkJPjkYdM3tUdkRw8oF5f6iTNZRPVgzN,false
1619,e6-lifecycle-20260706T053732.792354049Z-c4-real-task-0075,signed_query_latest,true,0,1783316256605,0,QmXvAwLQ7v7nnXbkJPjkYdM3tUdkRw8oF5f6iTNZRPVgzN,false
1620,e6-lifecycle-20260706T053732.792354049Z-c4-real-task-0075,ipfs_verify,true,7,1783316256605,0,QmXvAwLQ7v7nnXbkJPjkYdM3tUdkRw8oF5f6iTNZRPVgzN,false
1621,e6-lifecycle-20260706T053732.792354049Z-c4-real-task-0076,ipfs_add,true,88,1783316256525,4961,,false
1622,e6-lifecycle-20260706T053732.792354049Z-c4-real-task-0074,ipfs_add,true,135,1783316256478,5811,,false
1623,e6-lifecycle-20260706T053732.792354049Z-c4-real-task-0076,signed_posttask,true,2,1783316256613,0,QmPYBXNwCTh5Jewpe24hUv1bBvhKKyvE3uxvUw3jvcJV2S,false
1624,e6-lifecycle-20260706T053732.792354049Z-c4-real-task-0076,signed_postallocation,true,1,1783316256615,0,QmPYBXNwCTh5Jewpe24hUv1bBvhKKyvE3uxvUw3jvcJV2S,false
1625,e6-lifecycle-20260706T053732.792354049Z-c4-real-task-0074,signed_posttask,true,5,1783316256613,0,QmaeTJAzWRKvsT172vo8HGvAfgV8ipwLvzV1ZMQApxE1QS,false
1626,e6-lifecycle-20260706T053732.792354049Z-c4-real-task-0074,signed_postallocation,true,2,1783316256618,0,QmaeTJAzWRKvsT172vo8HGvAfgV8ipwLvzV1ZMQApxE1QS,false
1627,e6-lifecycle-20260706T053732.792354049Z-c4-real-task-0076,signed_post_evalsnapshot,true,5,1783316256616,0,QmPYBXNwCTh5Jewpe24hUv1bBvhKKyvE3uxvUw3jvcJV2S,false
1628,e6-lifecycle-20260706T053732.792354049Z-c4-real-task-0076,signed_vote1,true,2,1783316256621,0,QmPYBXNwCTh5Jewpe24hUv1bBvhKKyvE3uxvUw3jvcJV2S,false
1629,e6-lifecycle-20260706T053732.792354049Z-c4-real-task-0074,signed_post_evalsnapshot,true,5,1783316256620,0,QmaeTJAzWRKvsT172vo8HGvAfgV8ipwLvzV1ZMQApxE1QS,false
1630,e6-lifecycle-20260706T053732.792354049Z-c4-real-task-0074,signed_vote1,true,2,1783316256625,0,QmaeTJAzWRKvsT172vo8HGvAfgV8ipwLvzV1ZMQApxE1QS,false
1631,e6-lifecycle-20260706T053732.792354049Z-c4-real-task-0076,signed_vote2,true,6,1783316256623,0,QmPYBXNwCTh5Jewpe24hUv1bBvhKKyvE3uxvUw3jvcJV2S,false
1632,e6-lifecycle-20260706T053732.792354049Z-c4-real-task-0076,signed_settlement,true,1,1783316256629,0,QmPYBXNwCTh5Jewpe24hUv1bBvhKKyvE3uxvUw3jvcJV2S,false
1633,e6-lifecycle-20260706T053732.792354049Z-c4-real-task-0074,signed_vote2,true,5,1783316256627,0,QmaeTJAzWRKvsT172vo8HGvAfgV8ipwLvzV1ZMQApxE1QS,false
1634,e6-lifecycle-20260706T053732.792354049Z-c4-real-task-0076,signed_query_latest,true,4,1783316256630,0,QmPYBXNwCTh5Jewpe24hUv1bBvhKKyvE3uxvUw3jvcJV2S,false
1635,e6-lifecycle-20260706T053732.792354049Z-c4-real-task-0074,signed_settlement,true,2,1783316256632,0,QmaeTJAzWRKvsT172vo8HGvAfgV8ipwLvzV1ZMQApxE1QS,false
1636,e6-lifecycle-20260706T053732.792354049Z-c4-real-task-0074,signed_query_latest,true,0,1783316256634,0,QmaeTJAzWRKvsT172vo8HGvAfgV8ipwLvzV1ZMQApxE1QS,false
1637,e6-lifecycle-20260706T053732.792354049Z-c4-real-task-0077,ipfs_add,true,81,1783316256553,1774,,false
1638,e6-lifecycle-20260706T053732.792354049Z-c4-real-task-0077,signed_posttask,true,4,1783316256634,0,QmYN6ceiUFJghNBVdUfs4AgqbBx4pasRLDxDdrHuAvaYYe,false
1639,e6-lifecycle-20260706T053732.792354049Z-c4-real-task-0077,signed_postallocation,true,2,1783316256638,0,QmYN6ceiUFJghNBVdUfs4AgqbBx4pasRLDxDdrHuAvaYYe,false
1640,e6-lifecycle-20260706T053732.792354049Z-c4-real-task-0077,signed_post_evalsnapshot,true,2,1783316256640,0,QmYN6ceiUFJghNBVdUfs4AgqbBx4pasRLDxDdrHuAvaYYe,false
1641,e6-lifecycle-20260706T053732.792354049Z-c4-real-task-0076,ipfs_verify,true,8,1783316256634,0,QmPYBXNwCTh5Jewpe24hUv1bBvhKKyvE3uxvUw3jvcJV2S,false
1642,e6-lifecycle-20260706T053732.792354049Z-c4-real-task-0074,ipfs_verify,true,8,1783316256634,0,QmaeTJAzWRKvsT172vo8HGvAfgV8ipwLvzV1ZMQApxE1QS,false
1643,e6-lifecycle-20260706T053732.792354049Z-c4-real-task-0077,signed_vote1,true,2,1783316256642,0,QmYN6ceiUFJghNBVdUfs4AgqbBx4pasRLDxDdrHuAvaYYe,false
1644,e6-lifecycle-20260706T053732.792354049Z-c4-real-task-0077,signed_vote2,true,1,1783316256644,0,QmYN6ceiUFJghNBVdUfs4AgqbBx4pasRLDxDdrHuAvaYYe,false
1645,e6-lifecycle-20260706T053732.792354049Z-c4-real-task-0077,signed_settlement,true,2,1783316256645,0,QmYN6ceiUFJghNBVdUfs4AgqbBx4pasRLDxDdrHuAvaYYe,false
1646,e6-lifecycle-20260706T053732.792354049Z-c4-real-task-0077,signed_query_latest,true,0,1783316256647,0,QmYN6ceiUFJghNBVdUfs4AgqbBx4pasRLDxDdrHuAvaYYe,false
1647,e6-lifecycle-20260706T053732.792354049Z-c4-real-task-0077,ipfs_verify,true,11,1783316256647,0,QmYN6ceiUFJghNBVdUfs4AgqbBx4pasRLDxDdrHuAvaYYe,false
1648,e6-lifecycle-20260706T053732.792354049Z-c4-real-task-0078,ipfs_add,true,52,1783316256612,4011,,false
1649,e6-lifecycle-20260706T053732.792354049Z-c4-real-task-0078,signed_posttask,true,2,1783316256664,0,QmQMb15VfwTvEopgdonkaUmtV5EoYEVHk6p3eKpDmm7VQJ,false
1650,e6-lifecycle-20260706T053732.792354049Z-c4-real-task-0078,signed_postallocation,true,2,1783316256666,0,QmQMb15VfwTvEopgdonkaUmtV5EoYEVHk6p3eKpDmm7VQJ,false
1651,e6-lifecycle-20260706T053732.792354049Z-c4-real-task-0078,signed_post_evalsnapshot,true,3,1783316256668,0,QmQMb15VfwTvEopgdonkaUmtV5EoYEVHk6p3eKpDmm7VQJ,false
1652,e6-lifecycle-20260706T053732.792354049Z-c4-real-task-0078,signed_vote1,true,2,1783316256671,0,QmQMb15VfwTvEopgdonkaUmtV5EoYEVHk6p3eKpDmm7VQJ,false
1653,e6-lifecycle-20260706T053732.792354049Z-c4-real-task-0078,signed_vote2,true,1,1783316256673,0,QmQMb15VfwTvEopgdonkaUmtV5EoYEVHk6p3eKpDmm7VQJ,false
1654,e6-lifecycle-20260706T053732.792354049Z-c4-real-task-0078,signed_settlement,true,2,1783316256674,0,QmQMb15VfwTvEopgdonkaUmtV5EoYEVHk6p3eKpDmm7VQJ,false
1655,e6-lifecycle-20260706T053732.792354049Z-c4-real-task-0078,signed_query_latest,true,0,1783316256676,0,QmQMb15VfwTvEopgdonkaUmtV5EoYEVHk6p3eKpDmm7VQJ,false
1656,e6-lifecycle-20260706T053732.792354049Z-c4-real-task-0078,ipfs_verify,true,8,1783316256676,0,QmQMb15VfwTvEopgdonkaUmtV5EoYEVHk6p3eKpDmm7VQJ,false
1657,e6-lifecycle-20260706T053732.792354049Z-c4-real-task-0079,ipfs_add,true,43,1783316256642,2910,,false
1658,e6-lifecycle-20260706T053732.792354049Z-c4-real-task-0079,signed_posttask,true,2,1783316256685,0,QmUANPhfiGoG4ujKLWNNL1cTTFTCULjPxcP9sn7jNfzJhL,false
1659,e6-lifecycle-20260706T053732.792354049Z-c4-real-task-0079,signed_postallocation,true,2,1783316256687,0,QmUANPhfiGoG4ujKLWNNL1cTTFTCULjPxcP9sn7jNfzJhL,false
1660,e6-lifecycle-20260706T053732.792354049Z-c4-real-task-0079,signed_post_evalsnapshot,true,2,1783316256689,0,QmUANPhfiGoG4ujKLWNNL1cTTFTCULjPxcP9sn7jNfzJhL,false
1661,e6-lifecycle-20260706T053732.792354049Z-c4-real-task-0079,signed_vote1,true,1,1783316256691,0,QmUANPhfiGoG4ujKLWNNL1cTTFTCULjPxcP9sn7jNfzJhL,false
1662,e6-lifecycle-20260706T053732.792354049Z-c4-real-task-0079,signed_vote2,true,2,1783316256692,0,QmUANPhfiGoG4ujKLWNNL1cTTFTCULjPxcP9sn7jNfzJhL,false
1663,e6-lifecycle-20260706T053732.792354049Z-c4-real-task-0079,signed_settlement,true,1,1783316256694,0,QmUANPhfiGoG4ujKLWNNL1cTTFTCULjPxcP9sn7jNfzJhL,false
1664,e6-lifecycle-20260706T053732.792354049Z-c4-real-task-0079,signed_query_latest,true,0,1783316256695,0,QmUANPhfiGoG4ujKLWNNL1cTTFTCULjPxcP9sn7jNfzJhL,false
1665,e6-lifecycle-20260706T053732.792354049Z-c4-real-task-0079,ipfs_verify,true,11,1783316256695,0,QmUANPhfiGoG4ujKLWNNL1cTTFTCULjPxcP9sn7jNfzJhL,false
1666,e6-lifecycle-20260706T053732.792354049Z-c4-real-task-0107,ipfs_add,true,65,1783316256642,1574,,false
1667,e6-lifecycle-20260706T053732.792354049Z-c4-real-task-0107,signed_posttask,true,2,1783316256707,0,QmRupjhdCiNmsSv9JCRZ7Adv2HjXu13WhkMdY6ZAUYj3p5,false
1668,e6-lifecycle-20260706T053732.792354049Z-c4-real-task-0107,signed_postallocation,true,2,1783316256709,0,QmRupjhdCiNmsSv9JCRZ7Adv2HjXu13WhkMdY6ZAUYj3p5,false
1669,e6-lifecycle-20260706T053732.792354049Z-c4-real-task-0107,signed_post_evalsnapshot,true,3,1783316256711,0,QmRupjhdCiNmsSv9JCRZ7Adv2HjXu13WhkMdY6ZAUYj3p5,false
1670,e6-lifecycle-20260706T053732.792354049Z-c4-real-task-0107,signed_vote1,true,2,1783316256714,0,QmRupjhdCiNmsSv9JCRZ7Adv2HjXu13WhkMdY6ZAUYj3p5,false
1671,e6-lifecycle-20260706T053732.792354049Z-c4-real-task-0107,signed_vote2,true,3,1783316256716,0,QmRupjhdCiNmsSv9JCRZ7Adv2HjXu13WhkMdY6ZAUYj3p5,false
1672,e6-lifecycle-20260706T053732.792354049Z-c4-real-task-0107,signed_settlement,true,2,1783316256719,0,QmRupjhdCiNmsSv9JCRZ7Adv2HjXu13WhkMdY6ZAUYj3p5,false
1673,e6-lifecycle-20260706T053732.792354049Z-c4-real-task-0107,signed_query_latest,true,0,1783316256721,0,QmRupjhdCiNmsSv9JCRZ7Adv2HjXu13WhkMdY6ZAUYj3p5,false
1674,e6-lifecycle-20260706T053732.792354049Z-c4-real-task-0107,ipfs_verify,true,8,1783316256721,0,QmRupjhdCiNmsSv9JCRZ7Adv2HjXu13WhkMdY6ZAUYj3p5,false
1675,e6-lifecycle-20260706T053732.792354049Z-c4-real-task-0081,ipfs_add,true,71,1783316256658,9224,,false
1676,e6-lifecycle-20260706T053732.792354049Z-c4-real-task-0081,signed_posttask,true,2,1783316256729,0,QmQhzdo79vLus2WbHD1UviAJSuaG18vFF57Yt3d5cS2s7M,false
1677,e6-lifecycle-20260706T053732.792354049Z-c4-real-task-0081,signed_postallocation,true,2,1783316256731,0,QmQhzdo79vLus2WbHD1UviAJSuaG18vFF57Yt3d5cS2s7M,false
1678,e6-lifecycle-20260706T053732.792354049Z-c4-real-task-0081,signed_post_evalsnapshot,true,1,1783316256733,0,QmQhzdo79vLus2WbHD1UviAJSuaG18vFF57Yt3d5cS2s7M,false
1679,e6-lifecycle-20260706T053732.792354049Z-c4-real-task-0081,signed_vote1,true,2,1783316256734,0,QmQhzdo79vLus2WbHD1UviAJSuaG18vFF57Yt3d5cS2s7M,false
1680,e6-lifecycle-20260706T053732.792354049Z-c4-real-task-0081,signed_vote2,true,1,1783316256736,0,QmQhzdo79vLus2WbHD1UviAJSuaG18vFF57Yt3d5cS2s7M,false
1681,e6-lifecycle-20260706T053732.792354049Z-c4-real-task-0081,signed_settlement,true,2,1783316256737,0,QmQhzdo79vLus2WbHD1UviAJSuaG18vFF57Yt3d5cS2s7M,false
1682,e6-lifecycle-20260706T053732.792354049Z-c4-real-task-0081,signed_query_latest,true,0,1783316256739,0,QmQhzdo79vLus2WbHD1UviAJSuaG18vFF57Yt3d5cS2s7M,false
1683,e6-lifecycle-20260706T053732.792354049Z-c4-real-task-0081,ipfs_verify,true,7,1783316256739,0,QmQhzdo79vLus2WbHD1UviAJSuaG18vFF57Yt3d5cS2s7M,false
1684,e6-lifecycle-20260706T053732.792354049Z-c4-real-task-0082,ipfs_add,true,66,1783316256684,9851,,false
1685,e6-lifecycle-20260706T053732.792354049Z-c4-real-task-0082,signed_posttask,true,3,1783316256750,0,QmV9rgZvcZKU4rPzj6kpzY1dYdbWXgNxb8v7XJGh6yCSZk,false
1686,e6-lifecycle-20260706T053732.792354049Z-c4-real-task-0082,signed_postallocation,true,2,1783316256753,0,QmV9rgZvcZKU4rPzj6kpzY1dYdbWXgNxb8v7XJGh6yCSZk,false
1687,e6-lifecycle-20260706T053732.792354049Z-c4-real-task-0082,signed_post_evalsnapshot,true,2,1783316256755,0,QmV9rgZvcZKU4rPzj6kpzY1dYdbWXgNxb8v7XJGh6yCSZk,false
1688,e6-lifecycle-20260706T053732.792354049Z-c4-real-task-0082,signed_vote1,true,1,1783316256757,0,QmV9rgZvcZKU4rPzj6kpzY1dYdbWXgNxb8v7XJGh6yCSZk,false
1689,e6-lifecycle-20260706T053732.792354049Z-c4-real-task-0082,signed_vote2,true,2,1783316256758,0,QmV9rgZvcZKU4rPzj6kpzY1dYdbWXgNxb8v7XJGh6yCSZk,false
1690,e6-lifecycle-20260706T053732.792354049Z-c4-real-task-0082,signed_settlement,true,1,1783316256760,0,QmV9rgZvcZKU4rPzj6kpzY1dYdbWXgNxb8v7XJGh6yCSZk,false
1691,e6-lifecycle-20260706T053732.792354049Z-c4-real-task-0082,signed_query_latest,true,0,1783316256761,0,QmV9rgZvcZKU4rPzj6kpzY1dYdbWXgNxb8v7XJGh6yCSZk,false
1692,e6-lifecycle-20260706T053732.792354049Z-c4-real-task-0082,ipfs_verify,true,7,1783316256761,0,QmV9rgZvcZKU4rPzj6kpzY1dYdbWXgNxb8v7XJGh6yCSZk,false
1693,e6-lifecycle-20260706T053732.792354049Z-c4-real-task-0083,ipfs_add,true,63,1783316256706,4402,,false
1694,e6-lifecycle-20260706T053732.792354049Z-c4-real-task-0083,signed_posttask,true,1,1783316256769,0,QmPd7FL1akHQY92fmAnCsPGgoQXB5msWnC72Pa4Ym8A7LB,false
1695,e6-lifecycle-20260706T053732.792354049Z-c4-real-task-0083,signed_postallocation,true,3,1783316256770,0,QmPd7FL1akHQY92fmAnCsPGgoQXB5msWnC72Pa4Ym8A7LB,false
1696,e6-lifecycle-20260706T053732.792354049Z-c4-real-task-0083,signed_post_evalsnapshot,true,2,1783316256773,0,QmPd7FL1akHQY92fmAnCsPGgoQXB5msWnC72Pa4Ym8A7LB,false
1697,e6-lifecycle-20260706T053732.792354049Z-c4-real-task-0083,signed_vote1,true,1,1783316256775,0,QmPd7FL1akHQY92fmAnCsPGgoQXB5msWnC72Pa4Ym8A7LB,false
1698,e6-lifecycle-20260706T053732.792354049Z-c4-real-task-0083,signed_vote2,true,2,1783316256776,0,QmPd7FL1akHQY92fmAnCsPGgoQXB5msWnC72Pa4Ym8A7LB,false
1699,e6-lifecycle-20260706T053732.792354049Z-c4-real-task-0083,signed_settlement,true,2,1783316256778,0,QmPd7FL1akHQY92fmAnCsPGgoQXB5msWnC72Pa4Ym8A7LB,false
1700,e6-lifecycle-20260706T053732.792354049Z-c4-real-task-0083,signed_query_latest,true,0,1783316256780,0,QmPd7FL1akHQY92fmAnCsPGgoQXB5msWnC72Pa4Ym8A7LB,false
1701,e6-lifecycle-20260706T053732.792354049Z-c4-real-task-0083,ipfs_verify,true,8,1783316256780,0,QmPd7FL1akHQY92fmAnCsPGgoQXB5msWnC72Pa4Ym8A7LB,false
1702,e6-lifecycle-20260706T053732.792354049Z-c4-real-task-0084,ipfs_add,true,62,1783316256729,6840,,false
1703,e6-lifecycle-20260706T053732.792354049Z-c4-real-task-0084,signed_posttask,true,3,1783316256791,0,QmfAG7xP2UTe2HqMXVRZaRh4cF3StaCZniJqRpRTYFaeDM,false
1704,e6-lifecycle-20260706T053732.792354049Z-c4-real-task-0084,signed_postallocation,true,2,1783316256794,0,QmfAG7xP2UTe2HqMXVRZaRh4cF3StaCZniJqRpRTYFaeDM,false
1705,e6-lifecycle-20260706T053732.792354049Z-c4-real-task-0084,signed_post_evalsnapshot,true,2,1783316256796,0,QmfAG7xP2UTe2HqMXVRZaRh4cF3StaCZniJqRpRTYFaeDM,false
1706,e6-lifecycle-20260706T053732.792354049Z-c4-real-task-0084,signed_vote1,true,2,1783316256798,0,QmfAG7xP2UTe2HqMXVRZaRh4cF3StaCZniJqRpRTYFaeDM,false
1707,e6-lifecycle-20260706T053732.792354049Z-c4-real-task-0084,signed_vote2,true,2,1783316256800,0,QmfAG7xP2UTe2HqMXVRZaRh4cF3StaCZniJqRpRTYFaeDM,false
1708,e6-lifecycle-20260706T053732.792354049Z-c4-real-task-0084,signed_settlement,true,1,1783316256802,0,QmfAG7xP2UTe2HqMXVRZaRh4cF3StaCZniJqRpRTYFaeDM,false
1709,e6-lifecycle-20260706T053732.792354049Z-c4-real-task-0084,signed_query_latest,true,0,1783316256803,0,QmfAG7xP2UTe2HqMXVRZaRh4cF3StaCZniJqRpRTYFaeDM,false
1710,e6-lifecycle-20260706T053732.792354049Z-c4-real-task-0084,ipfs_verify,true,10,1783316256803,0,QmfAG7xP2UTe2HqMXVRZaRh4cF3StaCZniJqRpRTYFaeDM,false
1711,e6-lifecycle-20260706T053732.792354049Z-c4-real-task-0085,ipfs_add,true,68,1783316256746,5393,,false
1712,e6-lifecycle-20260706T053732.792354049Z-c4-real-task-0085,signed_posttask,true,1,1783316256814,0,QmeUxU9Y8M556RrfUeDKwffgmyBADm96MQkeiAE978JMp4,false
1713,e6-lifecycle-20260706T053732.792354049Z-c4-real-task-0085,signed_postallocation,true,2,1783316256815,0,QmeUxU9Y8M556RrfUeDKwffgmyBADm96MQkeiAE978JMp4,false
1714,e6-lifecycle-20260706T053732.792354049Z-c4-real-task-0085,signed_post_evalsnapshot,true,2,1783316256817,0,QmeUxU9Y8M556RrfUeDKwffgmyBADm96MQkeiAE978JMp4,false
1715,e6-lifecycle-20260706T053732.792354049Z-c4-real-task-0085,signed_vote1,true,1,1783316256819,0,QmeUxU9Y8M556RrfUeDKwffgmyBADm96MQkeiAE978JMp4,false
1716,e6-lifecycle-20260706T053732.792354049Z-c4-real-task-0085,signed_vote2,true,2,1783316256820,0,QmeUxU9Y8M556RrfUeDKwffgmyBADm96MQkeiAE978JMp4,false
1717,e6-lifecycle-20260706T053732.792354049Z-c4-real-task-0085,signed_settlement,true,2,1783316256822,0,QmeUxU9Y8M556RrfUeDKwffgmyBADm96MQkeiAE978JMp4,false
1718,e6-lifecycle-20260706T053732.792354049Z-c4-real-task-0085,signed_query_latest,true,0,1783316256824,0,QmeUxU9Y8M556RrfUeDKwffgmyBADm96MQkeiAE978JMp4,false
1719,e6-lifecycle-20260706T053732.792354049Z-c4-real-task-0085,ipfs_verify,true,7,1783316256824,0,QmeUxU9Y8M556RrfUeDKwffgmyBADm96MQkeiAE978JMp4,false
1720,e6-lifecycle-20260706T053732.792354049Z-c4-real-task-0086,ipfs_add,true,70,1783316256768,5003,,false
1721,e6-lifecycle-20260706T053732.792354049Z-c4-real-task-0086,signed_posttask,true,2,1783316256838,0,QmUfeTTtpRKHWHGYM8kZeEDzEeTVbVYPN8syBVGcicKp1E,false
1722,e6-lifecycle-20260706T053732.792354049Z-c4-real-task-0086,signed_postallocation,true,2,1783316256840,0,QmUfeTTtpRKHWHGYM8kZeEDzEeTVbVYPN8syBVGcicKp1E,false
1723,e6-lifecycle-20260706T053732.792354049Z-c4-real-task-0086,signed_post_evalsnapshot,true,5,1783316256842,0,QmUfeTTtpRKHWHGYM8kZeEDzEeTVbVYPN8syBVGcicKp1E,false
1724,e6-lifecycle-20260706T053732.792354049Z-c4-real-task-0086,signed_vote1,true,3,1783316256847,0,QmUfeTTtpRKHWHGYM8kZeEDzEeTVbVYPN8syBVGcicKp1E,false
1725,e6-lifecycle-20260706T053732.792354049Z-c4-real-task-0086,signed_vote2,true,3,1783316256850,0,QmUfeTTtpRKHWHGYM8kZeEDzEeTVbVYPN8syBVGcicKp1E,false
1726,e6-lifecycle-20260706T053732.792354049Z-c4-real-task-0086,signed_settlement,true,2,1783316256853,0,QmUfeTTtpRKHWHGYM8kZeEDzEeTVbVYPN8syBVGcicKp1E,false
1727,e6-lifecycle-20260706T053732.792354049Z-c4-real-task-0086,signed_query_latest,true,0,1783316256855,0,QmUfeTTtpRKHWHGYM8kZeEDzEeTVbVYPN8syBVGcicKp1E,false
1728,e6-lifecycle-20260706T053732.792354049Z-c4-real-task-0087,ipfs_add,true,78,1783316256788,2524,,false
1729,e6-lifecycle-20260706T053732.792354049Z-c4-real-task-0086,ipfs_verify,true,14,1783316256855,0,QmUfeTTtpRKHWHGYM8kZeEDzEeTVbVYPN8syBVGcicKp1E,false
1730,e6-lifecycle-20260706T053732.792354049Z-c4-real-task-0087,signed_posttask,true,3,1783316256866,0,QmaCUtHjnRyELCqbtZ1neE9rfnPpeXAWptbrgpbTV3gGcj,false
1731,e6-lifecycle-20260706T053732.792354049Z-c4-real-task-0087,signed_postallocation,true,2,1783316256869,0,QmaCUtHjnRyELCqbtZ1neE9rfnPpeXAWptbrgpbTV3gGcj,false
1732,e6-lifecycle-20260706T053732.792354049Z-c4-real-task-0087,signed_post_evalsnapshot,true,3,1783316256871,0,QmaCUtHjnRyELCqbtZ1neE9rfnPpeXAWptbrgpbTV3gGcj,false
1733,e6-lifecycle-20260706T053732.792354049Z-c4-real-task-0087,signed_vote1,true,2,1783316256874,0,QmaCUtHjnRyELCqbtZ1neE9rfnPpeXAWptbrgpbTV3gGcj,false
1734,e6-lifecycle-20260706T053732.792354049Z-c4-real-task-0087,signed_vote2,true,4,1783316256876,0,QmaCUtHjnRyELCqbtZ1neE9rfnPpeXAWptbrgpbTV3gGcj,false
1735,e6-lifecycle-20260706T053732.792354049Z-c4-real-task-0087,signed_settlement,true,3,1783316256880,0,QmaCUtHjnRyELCqbtZ1neE9rfnPpeXAWptbrgpbTV3gGcj,false
1736,e6-lifecycle-20260706T053732.792354049Z-c4-real-task-0087,signed_query_latest,true,0,1783316256883,0,QmaCUtHjnRyELCqbtZ1neE9rfnPpeXAWptbrgpbTV3gGcj,false
1737,e6-lifecycle-20260706T053732.792354049Z-c4-real-task-0087,ipfs_verify,true,14,1783316256883,0,QmaCUtHjnRyELCqbtZ1neE9rfnPpeXAWptbrgpbTV3gGcj,false
1738,e6-lifecycle-20260706T053732.792354049Z-c4-real-task-0088,ipfs_add,true,96,1783316256813,6313,,false
1739,e6-lifecycle-20260706T053732.792354049Z-c4-real-task-0088,signed_posttask,true,3,1783316256909,0,QmUQTJ8LNhjew8dD5w4F6KUYvuRCsc5Joz6Pxfc2Ykcf3n,false
1740,e6-lifecycle-20260706T053732.792354049Z-c4-real-task-0088,signed_postallocation,true,2,1783316256912,0,QmUQTJ8LNhjew8dD5w4F6KUYvuRCsc5Joz6Pxfc2Ykcf3n,false
1741,e6-lifecycle-20260706T053732.792354049Z-c4-real-task-0088,signed_post_evalsnapshot,true,2,1783316256914,0,QmUQTJ8LNhjew8dD5w4F6KUYvuRCsc5Joz6Pxfc2Ykcf3n,false
1742,e6-lifecycle-20260706T053732.792354049Z-c4-real-task-0088,signed_vote1,true,2,1783316256916,0,QmUQTJ8LNhjew8dD5w4F6KUYvuRCsc5Joz6Pxfc2Ykcf3n,false
1743,e6-lifecycle-20260706T053732.792354049Z-c4-real-task-0088,signed_vote2,true,2,1783316256918,0,QmUQTJ8LNhjew8dD5w4F6KUYvuRCsc5Joz6Pxfc2Ykcf3n,false
1744,e6-lifecycle-20260706T053732.792354049Z-c4-real-task-0088,signed_settlement,true,2,1783316256920,0,QmUQTJ8LNhjew8dD5w4F6KUYvuRCsc5Joz6Pxfc2Ykcf3n,false
1745,e6-lifecycle-20260706T053732.792354049Z-c4-real-task-0088,signed_query_latest,true,0,1783316256922,0,QmUQTJ8LNhjew8dD5w4F6KUYvuRCsc5Joz6Pxfc2Ykcf3n,false
1746,e6-lifecycle-20260706T053732.792354049Z-c4-real-task-0088,ipfs_verify,true,14,1783316256922,0,QmUQTJ8LNhjew8dD5w4F6KUYvuRCsc5Joz6Pxfc2Ykcf3n,false
1747,e6-lifecycle-20260706T053732.792354049Z-c4-real-task-0089,ipfs_add,true,118,1783316256831,7941,,false
1748,e6-lifecycle-20260706T053732.792354049Z-c4-real-task-0089,signed_posttask,true,3,1783316256949,0,QmVftiZx5cF23Q6fEY7jKzUu6HRmm42Q1XtHogR3LDyhCd,false
1749,e6-lifecycle-20260706T053732.792354049Z-c4-real-task-0089,signed_postallocation,true,1,1783316256952,0,QmVftiZx5cF23Q6fEY7jKzUu6HRmm42Q1XtHogR3LDyhCd,false
1750,e6-lifecycle-20260706T053732.792354049Z-c4-real-task-0089,signed_post_evalsnapshot,true,2,1783316256953,0,QmVftiZx5cF23Q6fEY7jKzUu6HRmm42Q1XtHogR3LDyhCd,false
1751,e6-lifecycle-20260706T053732.792354049Z-c4-real-task-0089,signed_vote1,true,2,1783316256955,0,QmVftiZx5cF23Q6fEY7jKzUu6HRmm42Q1XtHogR3LDyhCd,false
1752,e6-lifecycle-20260706T053732.792354049Z-c4-real-task-0089,signed_vote2,true,1,1783316256957,0,QmVftiZx5cF23Q6fEY7jKzUu6HRmm42Q1XtHogR3LDyhCd,false
1753,e6-lifecycle-20260706T053732.792354049Z-c4-real-task-0089,signed_settlement,true,3,1783316256958,0,QmVftiZx5cF23Q6fEY7jKzUu6HRmm42Q1XtHogR3LDyhCd,false
1754,e6-lifecycle-20260706T053732.792354049Z-c4-real-task-0089,signed_query_latest,true,0,1783316256961,0,QmVftiZx5cF23Q6fEY7jKzUu6HRmm42Q1XtHogR3LDyhCd,false
1755,e6-lifecycle-20260706T053732.792354049Z-c4-real-task-0089,ipfs_verify,true,11,1783316256961,0,QmVftiZx5cF23Q6fEY7jKzUu6HRmm42Q1XtHogR3LDyhCd,false
1756,e6-lifecycle-20260706T053732.792354049Z-c4-real-task-0090,ipfs_add,true,103,1783316256869,6914,,false
1757,e6-lifecycle-20260706T053732.792354049Z-c4-real-task-0090,signed_posttask,true,2,1783316256972,0,QmUFJ4iN46ZdBAqPuKeTPTjzJskJ6t9opLUxf3WHdGBRsp,false
1758,e6-lifecycle-20260706T053732.792354049Z-c4-real-task-0090,signed_postallocation,true,2,1783316256974,0,QmUFJ4iN46ZdBAqPuKeTPTjzJskJ6t9opLUxf3WHdGBRsp,false
1759,e6-lifecycle-20260706T053732.792354049Z-c4-real-task-0090,signed_post_evalsnapshot,true,2,1783316256976,0,QmUFJ4iN46ZdBAqPuKeTPTjzJskJ6t9opLUxf3WHdGBRsp,false
1760,e6-lifecycle-20260706T053732.792354049Z-c4-real-task-0090,signed_vote1,true,2,1783316256978,0,QmUFJ4iN46ZdBAqPuKeTPTjzJskJ6t9opLUxf3WHdGBRsp,false
1761,e6-lifecycle-20260706T053732.792354049Z-c4-real-task-0090,signed_vote2,true,2,1783316256980,0,QmUFJ4iN46ZdBAqPuKeTPTjzJskJ6t9opLUxf3WHdGBRsp,false
1762,e6-lifecycle-20260706T053732.792354049Z-c4-real-task-0090,signed_settlement,true,1,1783316256982,0,QmUFJ4iN46ZdBAqPuKeTPTjzJskJ6t9opLUxf3WHdGBRsp,false
1763,e6-lifecycle-20260706T053732.792354049Z-c4-real-task-0090,signed_query_latest,true,0,1783316256983,0,QmUFJ4iN46ZdBAqPuKeTPTjzJskJ6t9opLUxf3WHdGBRsp,false
1764,e6-lifecycle-20260706T053732.792354049Z-c4-real-task-0090,ipfs_verify,true,12,1783316256983,0,QmUFJ4iN46ZdBAqPuKeTPTjzJskJ6t9opLUxf3WHdGBRsp,false
1765,e6-lifecycle-20260706T053732.792354049Z-c4-real-task-0091,ipfs_add,true,101,1783316256897,1951,,false
1766,e6-lifecycle-20260706T053732.792354049Z-c4-real-task-0091,signed_posttask,true,2,1783316256998,0,QmYv9mxEgFLjPUKuWCa4UJ2mudHV34x9WAJXvNME9guXYs,false
1767,e6-lifecycle-20260706T053732.792354049Z-c4-real-task-0091,signed_postallocation,true,1,1783316257000,0,QmYv9mxEgFLjPUKuWCa4UJ2mudHV34x9WAJXvNME9guXYs,false
1768,e6-lifecycle-20260706T053732.792354049Z-c4-real-task-0091,signed_post_evalsnapshot,true,2,1783316257001,0,QmYv9mxEgFLjPUKuWCa4UJ2mudHV34x9WAJXvNME9guXYs,false
1769,e6-lifecycle-20260706T053732.792354049Z-c4-real-task-0091,signed_vote1,true,2,1783316257003,0,QmYv9mxEgFLjPUKuWCa4UJ2mudHV34x9WAJXvNME9guXYs,false
1770,e6-lifecycle-20260706T053732.792354049Z-c4-real-task-0091,signed_vote2,true,1,1783316257005,0,QmYv9mxEgFLjPUKuWCa4UJ2mudHV34x9WAJXvNME9guXYs,false
1771,e6-lifecycle-20260706T053732.792354049Z-c4-real-task-0091,signed_settlement,true,1,1783316257006,0,QmYv9mxEgFLjPUKuWCa4UJ2mudHV34x9WAJXvNME9guXYs,false
1772,e6-lifecycle-20260706T053732.792354049Z-c4-real-task-0091,signed_query_latest,true,0,1783316257007,0,QmYv9mxEgFLjPUKuWCa4UJ2mudHV34x9WAJXvNME9guXYs,false
1773,e6-lifecycle-20260706T053732.792354049Z-c4-real-task-0091,ipfs_verify,true,7,1783316257007,0,QmYv9mxEgFLjPUKuWCa4UJ2mudHV34x9WAJXvNME9guXYs,false
1774,e6-lifecycle-20260706T053732.792354049Z-c4-real-task-0092,ipfs_add,true,81,1783316256936,1493,,false
1775,e6-lifecycle-20260706T053732.792354049Z-c4-real-task-0092,signed_posttask,true,2,1783316257017,0,QmXnhuyu5tzEEDxeWhdNGMapRsWVTkNn4G5PkDzHAKVv9Y,false
1776,e6-lifecycle-20260706T053732.792354049Z-c4-real-task-0092,signed_postallocation,true,3,1783316257019,0,QmXnhuyu5tzEEDxeWhdNGMapRsWVTkNn4G5PkDzHAKVv9Y,false
1777,e6-lifecycle-20260706T053732.792354049Z-c4-real-task-0092,signed_post_evalsnapshot,true,3,1783316257022,0,QmXnhuyu5tzEEDxeWhdNGMapRsWVTkNn4G5PkDzHAKVv9Y,false
1778,e6-lifecycle-20260706T053732.792354049Z-c4-real-task-0092,signed_vote1,true,2,1783316257025,0,QmXnhuyu5tzEEDxeWhdNGMapRsWVTkNn4G5PkDzHAKVv9Y,false
1779,e6-lifecycle-20260706T053732.792354049Z-c4-real-task-0092,signed_vote2,true,3,1783316257027,0,QmXnhuyu5tzEEDxeWhdNGMapRsWVTkNn4G5PkDzHAKVv9Y,false
1780,e6-lifecycle-20260706T053732.792354049Z-c4-real-task-0092,signed_settlement,true,2,1783316257030,0,QmXnhuyu5tzEEDxeWhdNGMapRsWVTkNn4G5PkDzHAKVv9Y,false
1781,e6-lifecycle-20260706T053732.792354049Z-c4-real-task-0092,signed_query_latest,true,0,1783316257032,0,QmXnhuyu5tzEEDxeWhdNGMapRsWVTkNn4G5PkDzHAKVv9Y,false
1782,e6-lifecycle-20260706T053732.792354049Z-c4-real-task-0092,ipfs_verify,true,14,1783316257032,0,QmXnhuyu5tzEEDxeWhdNGMapRsWVTkNn4G5PkDzHAKVv9Y,false
1783,e6-lifecycle-20260706T053732.792354049Z-c4-real-task-0093,ipfs_add,true,85,1783316256972,2270,,false
1784,e6-lifecycle-20260706T053732.792354049Z-c4-real-task-0093,signed_posttask,true,1,1783316257057,0,QmPvFCcsxh1cDhtjZSsbtn5uF81JA3vawovaWSBsW1MLDC,false
1785,e6-lifecycle-20260706T053732.792354049Z-c4-real-task-0093,signed_postallocation,true,1,1783316257059,0,QmPvFCcsxh1cDhtjZSsbtn5uF81JA3vawovaWSBsW1MLDC,false
1786,e6-lifecycle-20260706T053732.792354049Z-c4-real-task-0093,signed_post_evalsnapshot,true,2,1783316257060,0,QmPvFCcsxh1cDhtjZSsbtn5uF81JA3vawovaWSBsW1MLDC,false
1787,e6-lifecycle-20260706T053732.792354049Z-c4-real-task-0093,signed_vote1,true,1,1783316257062,0,QmPvFCcsxh1cDhtjZSsbtn5uF81JA3vawovaWSBsW1MLDC,false
1788,e6-lifecycle-20260706T053732.792354049Z-c4-real-task-0093,signed_vote2,true,2,1783316257063,0,QmPvFCcsxh1cDhtjZSsbtn5uF81JA3vawovaWSBsW1MLDC,false
1789,e6-lifecycle-20260706T053732.792354049Z-c4-real-task-0093,signed_settlement,true,2,1783316257065,0,QmPvFCcsxh1cDhtjZSsbtn5uF81JA3vawovaWSBsW1MLDC,false
1790,e6-lifecycle-20260706T053732.792354049Z-c4-real-task-0093,signed_query_latest,true,0,1783316257067,0,QmPvFCcsxh1cDhtjZSsbtn5uF81JA3vawovaWSBsW1MLDC,false
1791,e6-lifecycle-20260706T053732.792354049Z-c4-real-task-0093,ipfs_verify,true,7,1783316257067,0,QmPvFCcsxh1cDhtjZSsbtn5uF81JA3vawovaWSBsW1MLDC,false
1792,e6-lifecycle-20260706T053732.792354049Z-c4-real-task-0094,ipfs_add,true,80,1783316256996,1639,,false
1793,e6-lifecycle-20260706T053732.792354049Z-c4-real-task-0094,signed_posttask,true,2,1783316257076,0,Qmcoy7jVpQZts4qfhnY3Dq68TwHxh42aM1HD89yiYyLqXr,false
1794,e6-lifecycle-20260706T053732.792354049Z-c4-real-task-0094,signed_postallocation,true,2,1783316257078,0,Qmcoy7jVpQZts4qfhnY3Dq68TwHxh42aM1HD89yiYyLqXr,false
1795,e6-lifecycle-20260706T053732.792354049Z-c4-real-task-0094,signed_post_evalsnapshot,true,2,1783316257080,0,Qmcoy7jVpQZts4qfhnY3Dq68TwHxh42aM1HD89yiYyLqXr,false
1796,e6-lifecycle-20260706T053732.792354049Z-c4-real-task-0094,signed_vote1,true,2,1783316257082,0,Qmcoy7jVpQZts4qfhnY3Dq68TwHxh42aM1HD89yiYyLqXr,false
1797,e6-lifecycle-20260706T053732.792354049Z-c4-real-task-0094,signed_vote2,true,2,1783316257084,0,Qmcoy7jVpQZts4qfhnY3Dq68TwHxh42aM1HD89yiYyLqXr,false
1798,e6-lifecycle-20260706T053732.792354049Z-c4-real-task-0094,signed_settlement,true,2,1783316257086,0,Qmcoy7jVpQZts4qfhnY3Dq68TwHxh42aM1HD89yiYyLqXr,false
1799,e6-lifecycle-20260706T053732.792354049Z-c4-real-task-0094,signed_query_latest,true,0,1783316257088,0,Qmcoy7jVpQZts4qfhnY3Dq68TwHxh42aM1HD89yiYyLqXr,false
1800,e6-lifecycle-20260706T053732.792354049Z-c4-real-task-0094,ipfs_verify,true,15,1783316257088,0,Qmcoy7jVpQZts4qfhnY3Dq68TwHxh42aM1HD89yiYyLqXr,false
1801,e6-lifecycle-20260706T053732.792354049Z-c4-real-task-0095,ipfs_add,true,98,1783316257014,1666,,false
1802,e6-lifecycle-20260706T053732.792354049Z-c4-real-task-0095,signed_posttask,true,4,1783316257112,0,QmdSd9pjj1twsznRx6uZJeXFdtGiEY3Nn6QmQrPgRMBbaZ,false
1803,e6-lifecycle-20260706T053732.792354049Z-c4-real-task-0095,signed_postallocation,true,3,1783316257116,0,QmdSd9pjj1twsznRx6uZJeXFdtGiEY3Nn6QmQrPgRMBbaZ,false
1804,e6-lifecycle-20260706T053732.792354049Z-c4-real-task-0095,signed_post_evalsnapshot,true,2,1783316257119,0,QmdSd9pjj1twsznRx6uZJeXFdtGiEY3Nn6QmQrPgRMBbaZ,false
1805,e6-lifecycle-20260706T053732.792354049Z-c4-real-task-0095,signed_vote1,true,3,1783316257121,0,QmdSd9pjj1twsznRx6uZJeXFdtGiEY3Nn6QmQrPgRMBbaZ,false
1806,e6-lifecycle-20260706T053732.792354049Z-c4-real-task-0095,signed_vote2,true,5,1783316257124,0,QmdSd9pjj1twsznRx6uZJeXFdtGiEY3Nn6QmQrPgRMBbaZ,false
1807,e6-lifecycle-20260706T053732.792354049Z-c4-real-task-0095,signed_settlement,true,3,1783316257129,0,QmdSd9pjj1twsznRx6uZJeXFdtGiEY3Nn6QmQrPgRMBbaZ,false
1808,e6-lifecycle-20260706T053732.792354049Z-c4-real-task-0095,signed_query_latest,true,0,1783316257132,0,QmdSd9pjj1twsznRx6uZJeXFdtGiEY3Nn6QmQrPgRMBbaZ,false
1809,e6-lifecycle-20260706T053732.792354049Z-c4-real-task-0095,ipfs_verify,true,17,1783316257132,0,QmdSd9pjj1twsznRx6uZJeXFdtGiEY3Nn6QmQrPgRMBbaZ,false
1810,e6-lifecycle-20260706T053732.792354049Z-c4-real-task-0096,ipfs_add,true,118,1783316257046,2843,,false
1811,e6-lifecycle-20260706T053732.792354049Z-c4-real-task-0096,signed_posttask,true,3,1783316257164,0,QmXpJ5kFWD2okXAFe7urToABtqXCCNvN8itRWAGfao9xTz,false
1812,e6-lifecycle-20260706T053732.792354049Z-c4-real-task-0096,signed_postallocation,true,2,1783316257167,0,QmXpJ5kFWD2okXAFe7urToABtqXCCNvN8itRWAGfao9xTz,false
1813,e6-lifecycle-20260706T053732.792354049Z-c4-real-task-0096,signed_post_evalsnapshot,true,3,1783316257169,0,QmXpJ5kFWD2okXAFe7urToABtqXCCNvN8itRWAGfao9xTz,false
1814,e6-lifecycle-20260706T053732.792354049Z-c4-real-task-0096,signed_vote1,true,1,1783316257172,0,QmXpJ5kFWD2okXAFe7urToABtqXCCNvN8itRWAGfao9xTz,false
1815,e6-lifecycle-20260706T053732.792354049Z-c4-real-task-0096,signed_vote2,true,3,1783316257173,0,QmXpJ5kFWD2okXAFe7urToABtqXCCNvN8itRWAGfao9xTz,false
1816,e6-lifecycle-20260706T053732.792354049Z-c4-real-task-0096,signed_settlement,true,2,1783316257176,0,QmXpJ5kFWD2okXAFe7urToABtqXCCNvN8itRWAGfao9xTz,false
1817,e6-lifecycle-20260706T053732.792354049Z-c4-real-task-0096,signed_query_latest,true,0,1783316257178,0,QmXpJ5kFWD2okXAFe7urToABtqXCCNvN8itRWAGfao9xTz,false
1818,e6-lifecycle-20260706T053732.792354049Z-c4-real-task-0096,ipfs_verify,true,10,1783316257178,0,QmXpJ5kFWD2okXAFe7urToABtqXCCNvN8itRWAGfao9xTz,false
1819,e6-lifecycle-20260706T053732.792354049Z-c4-real-task-0097,ipfs_add,true,118,1783316257074,1649,,false
1820,e6-lifecycle-20260706T053732.792354049Z-c4-real-task-0097,signed_posttask,true,2,1783316257192,0,QmNX4bEbwRABibt5cFrusp6rKpTF22Q825H2qa5P9Az1hz,false
1821,e6-lifecycle-20260706T053732.792354049Z-c4-real-task-0097,signed_postallocation,true,2,1783316257194,0,QmNX4bEbwRABibt5cFrusp6rKpTF22Q825H2qa5P9Az1hz,false
1822,e6-lifecycle-20260706T053732.792354049Z-c4-real-task-0097,signed_post_evalsnapshot,true,2,1783316257196,0,QmNX4bEbwRABibt5cFrusp6rKpTF22Q825H2qa5P9Az1hz,false
1823,e6-lifecycle-20260706T053732.792354049Z-c4-real-task-0097,signed_vote1,true,2,1783316257198,0,QmNX4bEbwRABibt5cFrusp6rKpTF22Q825H2qa5P9Az1hz,false
1824,e6-lifecycle-20260706T053732.792354049Z-c4-real-task-0097,signed_vote2,true,2,1783316257200,0,QmNX4bEbwRABibt5cFrusp6rKpTF22Q825H2qa5P9Az1hz,false
1825,e6-lifecycle-20260706T053732.792354049Z-c4-real-task-0097,signed_settlement,true,2,1783316257202,0,QmNX4bEbwRABibt5cFrusp6rKpTF22Q825H2qa5P9Az1hz,false
1826,e6-lifecycle-20260706T053732.792354049Z-c4-real-task-0097,signed_query_latest,true,0,1783316257204,0,QmNX4bEbwRABibt5cFrusp6rKpTF22Q825H2qa5P9Az1hz,false
1827,e6-lifecycle-20260706T053732.792354049Z-c4-real-task-0097,ipfs_verify,true,9,1783316257204,0,QmNX4bEbwRABibt5cFrusp6rKpTF22Q825H2qa5P9Az1hz,false
1828,e6-lifecycle-20260706T053732.792354049Z-c4-real-task-0098,ipfs_add,true,112,1783316257103,3590,,false
1829,e6-lifecycle-20260706T053732.792354049Z-c4-real-task-0098,signed_posttask,true,5,1783316257215,0,QmZoaRAf2gEWbEjnaUCHcSduuDsYzeHrLqzszhQ2ULKfVV,false
1830,e6-lifecycle-20260706T053732.792354049Z-c4-real-task-0098,signed_postallocation,true,3,1783316257220,0,QmZoaRAf2gEWbEjnaUCHcSduuDsYzeHrLqzszhQ2ULKfVV,false
1831,e6-lifecycle-20260706T053732.792354049Z-c4-real-task-0098,signed_post_evalsnapshot,true,13,1783316257223,0,QmZoaRAf2gEWbEjnaUCHcSduuDsYzeHrLqzszhQ2ULKfVV,false
1832,e6-lifecycle-20260706T053732.792354049Z-c4-real-task-0098,signed_vote1,true,2,1783316257236,0,QmZoaRAf2gEWbEjnaUCHcSduuDsYzeHrLqzszhQ2ULKfVV,false
1833,e6-lifecycle-20260706T053732.792354049Z-c4-real-task-0098,signed_vote2,true,2,1783316257238,0,QmZoaRAf2gEWbEjnaUCHcSduuDsYzeHrLqzszhQ2ULKfVV,false
1834,e6-lifecycle-20260706T053732.792354049Z-c4-real-task-0098,signed_settlement,true,2,1783316257240,0,QmZoaRAf2gEWbEjnaUCHcSduuDsYzeHrLqzszhQ2ULKfVV,false
1835,e6-lifecycle-20260706T053732.792354049Z-c4-real-task-0098,signed_query_latest,true,0,1783316257242,0,QmZoaRAf2gEWbEjnaUCHcSduuDsYzeHrLqzszhQ2ULKfVV,false
1836,e6-lifecycle-20260706T053732.792354049Z-c4-real-task-0098,ipfs_verify,true,10,1783316257242,0,QmZoaRAf2gEWbEjnaUCHcSduuDsYzeHrLqzszhQ2ULKfVV,false
1837,e6-lifecycle-20260706T053732.792354049Z-c4-real-task-0099,ipfs_add,true,115,1783316257149,3207,,false
1838,e6-lifecycle-20260706T053732.792354049Z-c4-real-task-0099,signed_posttask,true,2,1783316257264,0,QmUeEY5ZMsLVq5hCKHXEbov76UeSbY3avaFYh4SXuXhhrw,false
1839,e6-lifecycle-20260706T053732.792354049Z-c4-real-task-0099,signed_postallocation,true,2,1783316257266,0,QmUeEY5ZMsLVq5hCKHXEbov76UeSbY3avaFYh4SXuXhhrw,false
1840,e6-lifecycle-20260706T053732.792354049Z-c4-real-task-0099,signed_post_evalsnapshot,true,2,1783316257268,0,QmUeEY5ZMsLVq5hCKHXEbov76UeSbY3avaFYh4SXuXhhrw,false
1841,e6-lifecycle-20260706T053732.792354049Z-c4-real-task-0099,signed_vote1,true,2,1783316257270,0,QmUeEY5ZMsLVq5hCKHXEbov76UeSbY3avaFYh4SXuXhhrw,false
1842,e6-lifecycle-20260706T053732.792354049Z-c4-real-task-0099,signed_vote2,true,2,1783316257272,0,QmUeEY5ZMsLVq5hCKHXEbov76UeSbY3avaFYh4SXuXhhrw,false
1843,e6-lifecycle-20260706T053732.792354049Z-c4-real-task-0099,signed_settlement,true,2,1783316257274,0,QmUeEY5ZMsLVq5hCKHXEbov76UeSbY3avaFYh4SXuXhhrw,false
1844,e6-lifecycle-20260706T053732.792354049Z-c4-real-task-0099,signed_query_latest,true,0,1783316257276,0,QmUeEY5ZMsLVq5hCKHXEbov76UeSbY3avaFYh4SXuXhhrw,false
1845,e6-lifecycle-20260706T053732.792354049Z-c4-real-task-0099,ipfs_verify,true,9,1783316257276,0,QmUeEY5ZMsLVq5hCKHXEbov76UeSbY3avaFYh4SXuXhhrw,false
1846,e6-lifecycle-20260706T053732.792354049Z-c4-real-task-0100,ipfs_add,true,99,1783316257188,2945,,false
1847,e6-lifecycle-20260706T053732.792354049Z-c4-real-task-0100,signed_posttask,true,4,1783316257287,0,QmYqpkcYraZDtetSGERMQ5ScFL6z1t9K48g7RtKw5Tvbyw,false
1848,e6-lifecycle-20260706T053732.792354049Z-c4-real-task-0100,signed_postallocation,true,1,1783316257291,0,QmYqpkcYraZDtetSGERMQ5ScFL6z1t9K48g7RtKw5Tvbyw,false
1849,e6-lifecycle-20260706T053732.792354049Z-c4-real-task-0100,signed_post_evalsnapshot,true,7,1783316257292,0,QmYqpkcYraZDtetSGERMQ5ScFL6z1t9K48g7RtKw5Tvbyw,false
1850,e6-lifecycle-20260706T053732.792354049Z-c4-real-task-0100,signed_vote1,true,2,1783316257299,0,QmYqpkcYraZDtetSGERMQ5ScFL6z1t9K48g7RtKw5Tvbyw,false
1851,e6-lifecycle-20260706T053732.792354049Z-c4-real-task-0100,signed_vote2,true,2,1783316257301,0,QmYqpkcYraZDtetSGERMQ5ScFL6z1t9K48g7RtKw5Tvbyw,false
1852,e6-lifecycle-20260706T053732.792354049Z-c4-real-task-0100,signed_settlement,true,2,1783316257303,0,QmYqpkcYraZDtetSGERMQ5ScFL6z1t9K48g7RtKw5Tvbyw,false
1853,e6-lifecycle-20260706T053732.792354049Z-c4-real-task-0100,signed_query_latest,true,0,1783316257305,0,QmYqpkcYraZDtetSGERMQ5ScFL6z1t9K48g7RtKw5Tvbyw,false
1854,e6-lifecycle-20260706T053732.792354049Z-c4-real-task-0101,ipfs_add,true,99,1783316257213,1874,,false
1855,e6-lifecycle-20260706T053732.792354049Z-c4-real-task-0101,signed_posttask,true,2,1783316257312,0,QmcEMDBTMAr7MFk4NRejhz1qsW7piumtRhyZgqaAVxpA1P,false
1856,e6-lifecycle-20260706T053732.792354049Z-c4-real-task-0101,signed_postallocation,true,2,1783316257314,0,QmcEMDBTMAr7MFk4NRejhz1qsW7piumtRhyZgqaAVxpA1P,false
1857,e6-lifecycle-20260706T053732.792354049Z-c4-real-task-0100,ipfs_verify,true,12,1783316257305,0,QmYqpkcYraZDtetSGERMQ5ScFL6z1t9K48g7RtKw5Tvbyw,false
1858,e6-lifecycle-20260706T053732.792354049Z-c4-real-task-0101,signed_post_evalsnapshot,true,2,1783316257316,0,QmcEMDBTMAr7MFk4NRejhz1qsW7piumtRhyZgqaAVxpA1P,false
1859,e6-lifecycle-20260706T053732.792354049Z-c4-real-task-0101,signed_vote1,true,1,1783316257318,0,QmcEMDBTMAr7MFk4NRejhz1qsW7piumtRhyZgqaAVxpA1P,false
1860,e6-lifecycle-20260706T053732.792354049Z-c4-real-task-0101,signed_vote2,true,3,1783316257319,0,QmcEMDBTMAr7MFk4NRejhz1qsW7piumtRhyZgqaAVxpA1P,false
1861,e6-lifecycle-20260706T053732.792354049Z-c4-real-task-0101,signed_settlement,true,2,1783316257322,0,QmcEMDBTMAr7MFk4NRejhz1qsW7piumtRhyZgqaAVxpA1P,false
1862,e6-lifecycle-20260706T053732.792354049Z-c4-real-task-0101,signed_query_latest,true,0,1783316257324,0,QmcEMDBTMAr7MFk4NRejhz1qsW7piumtRhyZgqaAVxpA1P,false
1863,e6-lifecycle-20260706T053732.792354049Z-c4-real-task-0101,ipfs_verify,true,10,1783316257324,0,QmcEMDBTMAr7MFk4NRejhz1qsW7piumtRhyZgqaAVxpA1P,false
1864,e6-lifecycle-20260706T053732.792354049Z-c4-real-task-0102,ipfs_add,true,82,1783316257252,4429,,false
1865,e6-lifecycle-20260706T053732.792354049Z-c4-real-task-0102,signed_posttask,true,3,1783316257334,0,QmNZpWPb8zZGufRx9cTAqzT38jqs3J5Nju6aTffMo2mWMM,false
1866,e6-lifecycle-20260706T053732.792354049Z-c4-real-task-0102,signed_postallocation,true,3,1783316257337,0,QmNZpWPb8zZGufRx9cTAqzT38jqs3J5Nju6aTffMo2mWMM,false
1867,e6-lifecycle-20260706T053732.792354049Z-c4-real-task-0102,signed_post_evalsnapshot,true,2,1783316257340,0,QmNZpWPb8zZGufRx9cTAqzT38jqs3J5Nju6aTffMo2mWMM,false
1868,e6-lifecycle-20260706T053732.792354049Z-c4-real-task-0102,signed_vote1,true,2,1783316257342,0,QmNZpWPb8zZGufRx9cTAqzT38jqs3J5Nju6aTffMo2mWMM,false
1869,e6-lifecycle-20260706T053732.792354049Z-c4-real-task-0102,signed_vote2,true,2,1783316257344,0,QmNZpWPb8zZGufRx9cTAqzT38jqs3J5Nju6aTffMo2mWMM,false
1870,e6-lifecycle-20260706T053732.792354049Z-c4-real-task-0102,signed_settlement,true,2,1783316257346,0,QmNZpWPb8zZGufRx9cTAqzT38jqs3J5Nju6aTffMo2mWMM,false
1871,e6-lifecycle-20260706T053732.792354049Z-c4-real-task-0102,signed_query_latest,true,0,1783316257348,0,QmNZpWPb8zZGufRx9cTAqzT38jqs3J5Nju6aTffMo2mWMM,false
1872,e6-lifecycle-20260706T053732.792354049Z-c4-real-task-0102,ipfs_verify,true,5,1783316257348,0,QmNZpWPb8zZGufRx9cTAqzT38jqs3J5Nju6aTffMo2mWMM,false
1873,e6-lifecycle-20260706T053732.792354049Z-c4-real-task-0103,ipfs_add,true,70,1783316257285,3139,,false
1874,e6-lifecycle-20260706T053732.792354049Z-c4-real-task-0103,signed_posttask,true,4,1783316257355,0,Qmc4xnckxk7qCTpwS2dEmtXtCM97x5nt65Euz3m5frq31g,false
1875,e6-lifecycle-20260706T053732.792354049Z-c4-real-task-0103,signed_postallocation,true,3,1783316257359,0,Qmc4xnckxk7qCTpwS2dEmtXtCM97x5nt65Euz3m5frq31g,false
1876,e6-lifecycle-20260706T053732.792354049Z-c4-real-task-0103,signed_post_evalsnapshot,true,1,1783316257362,0,Qmc4xnckxk7qCTpwS2dEmtXtCM97x5nt65Euz3m5frq31g,false
1877,e6-lifecycle-20260706T053732.792354049Z-c4-real-task-0103,signed_vote1,true,3,1783316257363,0,Qmc4xnckxk7qCTpwS2dEmtXtCM97x5nt65Euz3m5frq31g,false
1878,e6-lifecycle-20260706T053732.792354049Z-c4-real-task-0103,signed_vote2,true,2,1783316257366,0,Qmc4xnckxk7qCTpwS2dEmtXtCM97x5nt65Euz3m5frq31g,false
1879,e6-lifecycle-20260706T053732.792354049Z-c4-real-task-0103,signed_settlement,true,2,1783316257368,0,Qmc4xnckxk7qCTpwS2dEmtXtCM97x5nt65Euz3m5frq31g,false
1880,e6-lifecycle-20260706T053732.792354049Z-c4-real-task-0103,signed_query_latest,true,0,1783316257370,0,Qmc4xnckxk7qCTpwS2dEmtXtCM97x5nt65Euz3m5frq31g,false
1881,e6-lifecycle-20260706T053732.792354049Z-c4-real-task-0104,ipfs_add,true,62,1783316257317,2386,,false
1882,e6-lifecycle-20260706T053732.792354049Z-c4-real-task-0104,signed_posttask,true,1,1783316257379,0,Qme3dLUfvZ5b63FixxsTuqwxwjVCFs2b8ADm8Kvk2U2qwP,false
1883,e6-lifecycle-20260706T053732.792354049Z-c4-real-task-0103,ipfs_verify,true,11,1783316257370,0,Qmc4xnckxk7qCTpwS2dEmtXtCM97x5nt65Euz3m5frq31g,false
1884,e6-lifecycle-20260706T053732.792354049Z-c4-real-task-0104,signed_postallocation,true,2,1783316257380,0,Qme3dLUfvZ5b63FixxsTuqwxwjVCFs2b8ADm8Kvk2U2qwP,false
1885,e6-lifecycle-20260706T053732.792354049Z-c4-real-task-0104,signed_post_evalsnapshot,true,5,1783316257382,0,Qme3dLUfvZ5b63FixxsTuqwxwjVCFs2b8ADm8Kvk2U2qwP,false
1886,e6-lifecycle-20260706T053732.792354049Z-c4-real-task-0104,signed_vote1,true,4,1783316257387,0,Qme3dLUfvZ5b63FixxsTuqwxwjVCFs2b8ADm8Kvk2U2qwP,false
1887,e6-lifecycle-20260706T053732.792354049Z-c4-real-task-0104,signed_vote2,true,2,1783316257391,0,Qme3dLUfvZ5b63FixxsTuqwxwjVCFs2b8ADm8Kvk2U2qwP,false
1888,e6-lifecycle-20260706T053732.792354049Z-c4-real-task-0104,signed_settlement,true,2,1783316257393,0,Qme3dLUfvZ5b63FixxsTuqwxwjVCFs2b8ADm8Kvk2U2qwP,false
1889,e6-lifecycle-20260706T053732.792354049Z-c4-real-task-0104,signed_query_latest,true,0,1783316257395,0,Qme3dLUfvZ5b63FixxsTuqwxwjVCFs2b8ADm8Kvk2U2qwP,false
1890,e6-lifecycle-20260706T053732.792354049Z-c4-real-task-0104,ipfs_verify,true,7,1783316257395,0,Qme3dLUfvZ5b63FixxsTuqwxwjVCFs2b8ADm8Kvk2U2qwP,false
1891,e6-lifecycle-20260706T053732.792354049Z-c4-real-task-0105,ipfs_add,true,69,1783316257334,1811,,false
1892,e6-lifecycle-20260706T053732.792354049Z-c4-real-task-0105,signed_posttask,true,2,1783316257403,0,QmeCN824YLFxhs6KPZdvcJ1YLRBL2KDGosFsYoMEvLrqvu,false
1893,e6-lifecycle-20260706T053732.792354049Z-c4-real-task-0105,signed_postallocation,true,2,1783316257405,0,QmeCN824YLFxhs6KPZdvcJ1YLRBL2KDGosFsYoMEvLrqvu,false
1894,e6-lifecycle-20260706T053732.792354049Z-c4-real-task-0105,signed_post_evalsnapshot,true,1,1783316257407,0,QmeCN824YLFxhs6KPZdvcJ1YLRBL2KDGosFsYoMEvLrqvu,false
1895,e6-lifecycle-20260706T053732.792354049Z-c4-real-task-0105,signed_vote1,true,2,1783316257408,0,QmeCN824YLFxhs6KPZdvcJ1YLRBL2KDGosFsYoMEvLrqvu,false
1896,e6-lifecycle-20260706T053732.792354049Z-c4-real-task-0105,signed_vote2,true,1,1783316257410,0,QmeCN824YLFxhs6KPZdvcJ1YLRBL2KDGosFsYoMEvLrqvu,false
1897,e6-lifecycle-20260706T053732.792354049Z-c4-real-task-0105,signed_settlement,true,2,1783316257411,0,QmeCN824YLFxhs6KPZdvcJ1YLRBL2KDGosFsYoMEvLrqvu,false
1898,e6-lifecycle-20260706T053732.792354049Z-c4-real-task-0105,signed_query_latest,true,0,1783316257413,0,QmeCN824YLFxhs6KPZdvcJ1YLRBL2KDGosFsYoMEvLrqvu,false
1899,e6-lifecycle-20260706T053732.792354049Z-c4-real-task-0105,ipfs_verify,true,10,1783316257413,0,QmeCN824YLFxhs6KPZdvcJ1YLRBL2KDGosFsYoMEvLrqvu,false
1900,e6-lifecycle-20260706T053732.792354049Z-c4-real-task-0106,ipfs_add,true,76,1783316257353,2561,,false
1901,e6-lifecycle-20260706T053732.792354049Z-c4-real-task-0106,signed_posttask,true,5,1783316257429,0,QmQpT2pSYN1xnsKEAYYzR7wpihutiAWCLX46Wag6nTE83B,false
1902,e6-lifecycle-20260706T053732.792354049Z-c4-real-task-0106,signed_postallocation,true,3,1783316257434,0,QmQpT2pSYN1xnsKEAYYzR7wpihutiAWCLX46Wag6nTE83B,false
1903,e6-lifecycle-20260706T053732.792354049Z-c4-real-task-0106,signed_post_evalsnapshot,true,2,1783316257437,0,QmQpT2pSYN1xnsKEAYYzR7wpihutiAWCLX46Wag6nTE83B,false
1904,e6-lifecycle-20260706T053732.792354049Z-c4-real-task-0106,signed_vote1,true,2,1783316257439,0,QmQpT2pSYN1xnsKEAYYzR7wpihutiAWCLX46Wag6nTE83B,false
1905,e6-lifecycle-20260706T053732.792354049Z-c4-real-task-0106,signed_vote2,true,2,1783316257441,0,QmQpT2pSYN1xnsKEAYYzR7wpihutiAWCLX46Wag6nTE83B,false
1906,e6-lifecycle-20260706T053732.792354049Z-c4-real-task-0106,signed_settlement,true,3,1783316257443,0,QmQpT2pSYN1xnsKEAYYzR7wpihutiAWCLX46Wag6nTE83B,false
1907,e6-lifecycle-20260706T053732.792354049Z-c4-real-task-0106,signed_query_latest,true,0,1783316257446,0,QmQpT2pSYN1xnsKEAYYzR7wpihutiAWCLX46Wag6nTE83B,false
1908,e6-lifecycle-20260706T053732.792354049Z-c4-real-task-0010,ipfs_add,true,71,1783316257381,1920,,false
1909,e6-lifecycle-20260706T053732.792354049Z-c4-real-task-0010,signed_posttask,true,2,1783316257452,0,QmW8orLvUAo2YwFjjwaFvXPFemWqGCNshgP2T5TSk9ed5J,false
1910,e6-lifecycle-20260706T053732.792354049Z-c4-real-task-0106,ipfs_verify,true,9,1783316257446,0,QmQpT2pSYN1xnsKEAYYzR7wpihutiAWCLX46Wag6nTE83B,false
1911,e6-lifecycle-20260706T053732.792354049Z-c4-real-task-0010,signed_postallocation,true,3,1783316257454,0,QmW8orLvUAo2YwFjjwaFvXPFemWqGCNshgP2T5TSk9ed5J,false
1912,e6-lifecycle-20260706T053732.792354049Z-c4-real-task-0010,signed_post_evalsnapshot,true,1,1783316257457,0,QmW8orLvUAo2YwFjjwaFvXPFemWqGCNshgP2T5TSk9ed5J,false
1913,e6-lifecycle-20260706T053732.792354049Z-c4-real-task-0010,signed_vote1,true,2,1783316257458,0,QmW8orLvUAo2YwFjjwaFvXPFemWqGCNshgP2T5TSk9ed5J,false
1914,e6-lifecycle-20260706T053732.792354049Z-c4-real-task-0010,signed_vote2,true,2,1783316257460,0,QmW8orLvUAo2YwFjjwaFvXPFemWqGCNshgP2T5TSk9ed5J,false
1915,e6-lifecycle-20260706T053732.792354049Z-c4-real-task-0010,signed_settlement,true,2,1783316257462,0,QmW8orLvUAo2YwFjjwaFvXPFemWqGCNshgP2T5TSk9ed5J,false
1916,e6-lifecycle-20260706T053732.792354049Z-c4-real-task-0010,signed_query_latest,true,0,1783316257464,0,QmW8orLvUAo2YwFjjwaFvXPFemWqGCNshgP2T5TSk9ed5J,false
1917,e6-lifecycle-20260706T053732.792354049Z-c4-real-task-0010,ipfs_verify,true,9,1783316257464,0,QmW8orLvUAo2YwFjjwaFvXPFemWqGCNshgP2T5TSk9ed5J,false
1918,e6-lifecycle-20260706T053732.792354049Z-c4-real-task-0008,ipfs_add,true,72,1783316257402,4944,,false
1919,e6-lifecycle-20260706T053732.792354049Z-c4-real-task-0008,signed_posttask,true,2,1783316257474,0,Qmadej9boMA3zvMcjFpwW1dMDJCrBFKribSZiwN8Np95v4,false
1920,e6-lifecycle-20260706T053732.792354049Z-c4-real-task-0008,signed_postallocation,true,1,1783316257476,0,Qmadej9boMA3zvMcjFpwW1dMDJCrBFKribSZiwN8Np95v4,false
1921,e6-lifecycle-20260706T053732.792354049Z-c4-real-task-0008,signed_post_evalsnapshot,true,2,1783316257477,0,Qmadej9boMA3zvMcjFpwW1dMDJCrBFKribSZiwN8Np95v4,false
1922,e6-lifecycle-20260706T053732.792354049Z-c4-real-task-0008,signed_vote1,true,2,1783316257479,0,Qmadej9boMA3zvMcjFpwW1dMDJCrBFKribSZiwN8Np95v4,false
1923,e6-lifecycle-20260706T053732.792354049Z-c4-real-task-0008,signed_vote2,true,1,1783316257481,0,Qmadej9boMA3zvMcjFpwW1dMDJCrBFKribSZiwN8Np95v4,false
1924,e6-lifecycle-20260706T053732.792354049Z-c4-real-task-0008,signed_settlement,true,2,1783316257482,0,Qmadej9boMA3zvMcjFpwW1dMDJCrBFKribSZiwN8Np95v4,false
1925,e6-lifecycle-20260706T053732.792354049Z-c4-real-task-0008,signed_query_latest,true,0,1783316257484,0,Qmadej9boMA3zvMcjFpwW1dMDJCrBFKribSZiwN8Np95v4,false
1926,e6-lifecycle-20260706T053732.792354049Z-c4-real-task-0008,ipfs_verify,true,7,1783316257484,0,Qmadej9boMA3zvMcjFpwW1dMDJCrBFKribSZiwN8Np95v4,false
1927,e6-lifecycle-20260706T053732.792354049Z-c4-real-task-0009,ipfs_add,true,71,1783316257423,2473,,false
1928,e6-lifecycle-20260706T053732.792354049Z-c4-real-task-0009,signed_posttask,true,1,1783316257494,0,QmQL4VyiyFbbfeWbQLp7Qp6cU5MBzGngHTJYLaPrdaD1Q5,false
1929,e6-lifecycle-20260706T053732.792354049Z-c4-real-task-0009,signed_postallocation,true,2,1783316257495,0,QmQL4VyiyFbbfeWbQLp7Qp6cU5MBzGngHTJYLaPrdaD1Q5,false
1930,e6-lifecycle-20260706T053732.792354049Z-c4-real-task-0009,signed_post_evalsnapshot,true,3,1783316257497,0,QmQL4VyiyFbbfeWbQLp7Qp6cU5MBzGngHTJYLaPrdaD1Q5,false
1931,e6-lifecycle-20260706T053732.792354049Z-c4-real-task-0009,signed_vote1,true,2,1783316257500,0,QmQL4VyiyFbbfeWbQLp7Qp6cU5MBzGngHTJYLaPrdaD1Q5,false
1932,e6-lifecycle-20260706T053732.792354049Z-c4-real-task-0009,signed_vote2,true,2,1783316257502,0,QmQL4VyiyFbbfeWbQLp7Qp6cU5MBzGngHTJYLaPrdaD1Q5,false
1933,e6-lifecycle-20260706T053732.792354049Z-c4-real-task-0009,signed_settlement,true,1,1783316257504,0,QmQL4VyiyFbbfeWbQLp7Qp6cU5MBzGngHTJYLaPrdaD1Q5,false
1934,e6-lifecycle-20260706T053732.792354049Z-c4-real-task-0009,signed_query_latest,true,0,1783316257505,0,QmQL4VyiyFbbfeWbQLp7Qp6cU5MBzGngHTJYLaPrdaD1Q5,false
1935,e6-lifecycle-20260706T053732.792354049Z-c4-real-task-0009,ipfs_verify,true,8,1783316257505,0,QmQL4VyiyFbbfeWbQLp7Qp6cU5MBzGngHTJYLaPrdaD1Q5,false
1936,e6-lifecycle-20260706T053732.792354049Z-c4-real-task-0121,ipfs_add,true,66,1783316257455,4778,,false
1937,e6-lifecycle-20260706T053732.792354049Z-c4-real-task-0121,signed_posttask,true,2,1783316257521,0,QmamWwWGyFXDPTzs47NnXQaDJCnKmJNML2uLgwtA49YMHU,false
1938,e6-lifecycle-20260706T053732.792354049Z-c4-real-task-0121,signed_postallocation,true,1,1783316257523,0,QmamWwWGyFXDPTzs47NnXQaDJCnKmJNML2uLgwtA49YMHU,false
1939,e6-lifecycle-20260706T053732.792354049Z-c4-real-task-0121,signed_post_evalsnapshot,true,2,1783316257524,0,QmamWwWGyFXDPTzs47NnXQaDJCnKmJNML2uLgwtA49YMHU,false
1940,e6-lifecycle-20260706T053732.792354049Z-c4-real-task-0121,signed_vote1,true,1,1783316257526,0,QmamWwWGyFXDPTzs47NnXQaDJCnKmJNML2uLgwtA49YMHU,false
1941,e6-lifecycle-20260706T053732.792354049Z-c4-real-task-0121,signed_vote2,true,2,1783316257527,0,QmamWwWGyFXDPTzs47NnXQaDJCnKmJNML2uLgwtA49YMHU,false
1942,e6-lifecycle-20260706T053732.792354049Z-c4-real-task-0121,signed_settlement,true,1,1783316257529,0,QmamWwWGyFXDPTzs47NnXQaDJCnKmJNML2uLgwtA49YMHU,false
1943,e6-lifecycle-20260706T053732.792354049Z-c4-real-task-0121,signed_query_latest,true,0,1783316257530,0,QmamWwWGyFXDPTzs47NnXQaDJCnKmJNML2uLgwtA49YMHU,false
1944,e6-lifecycle-20260706T053732.792354049Z-c4-real-task-0108,ipfs_add,true,64,1783316257473,1359,,false
1945,e6-lifecycle-20260706T053732.792354049Z-c4-real-task-0121,ipfs_verify,true,7,1783316257530,0,QmamWwWGyFXDPTzs47NnXQaDJCnKmJNML2uLgwtA49YMHU,false
1946,e6-lifecycle-20260706T053732.792354049Z-c4-real-task-0108,signed_posttask,true,2,1783316257537,0,QmZZqy6hSeEaVGJcieqsrZVeztXme75mBRRsw2ZBiEVxze,false
1947,e6-lifecycle-20260706T053732.792354049Z-c4-real-task-0108,signed_postallocation,true,2,1783316257539,0,QmZZqy6hSeEaVGJcieqsrZVeztXme75mBRRsw2ZBiEVxze,false
1948,e6-lifecycle-20260706T053732.792354049Z-c4-real-task-0108,signed_post_evalsnapshot,true,2,1783316257541,0,QmZZqy6hSeEaVGJcieqsrZVeztXme75mBRRsw2ZBiEVxze,false
1949,e6-lifecycle-20260706T053732.792354049Z-c4-real-task-0108,signed_vote1,true,2,1783316257543,0,QmZZqy6hSeEaVGJcieqsrZVeztXme75mBRRsw2ZBiEVxze,false
1950,e6-lifecycle-20260706T053732.792354049Z-c4-real-task-0108,signed_vote2,true,2,1783316257545,0,QmZZqy6hSeEaVGJcieqsrZVeztXme75mBRRsw2ZBiEVxze,false
1951,e6-lifecycle-20260706T053732.792354049Z-c4-real-task-0108,signed_settlement,true,2,1783316257547,0,QmZZqy6hSeEaVGJcieqsrZVeztXme75mBRRsw2ZBiEVxze,false
1952,e6-lifecycle-20260706T053732.792354049Z-c4-real-task-0108,signed_query_latest,true,0,1783316257549,0,QmZZqy6hSeEaVGJcieqsrZVeztXme75mBRRsw2ZBiEVxze,false
1953,e6-lifecycle-20260706T053732.792354049Z-c4-real-task-0108,ipfs_verify,true,9,1783316257549,0,QmZZqy6hSeEaVGJcieqsrZVeztXme75mBRRsw2ZBiEVxze,false
1954,e6-lifecycle-20260706T053732.792354049Z-c4-real-task-0109,ipfs_add,true,69,1783316257491,1914,,false
1955,e6-lifecycle-20260706T053732.792354049Z-c4-real-task-0109,signed_posttask,true,2,1783316257560,0,QmPEDBMMbuCpx7HLnDJ23QuLxzYuyd7P4wwLKNZcfCQeou,false
1956,e6-lifecycle-20260706T053732.792354049Z-c4-real-task-0109,signed_postallocation,true,2,1783316257562,0,QmPEDBMMbuCpx7HLnDJ23QuLxzYuyd7P4wwLKNZcfCQeou,false
1957,e6-lifecycle-20260706T053732.792354049Z-c4-real-task-0109,signed_post_evalsnapshot,true,2,1783316257564,0,QmPEDBMMbuCpx7HLnDJ23QuLxzYuyd7P4wwLKNZcfCQeou,false
1958,e6-lifecycle-20260706T053732.792354049Z-c4-real-task-0109,signed_vote1,true,2,1783316257566,0,QmPEDBMMbuCpx7HLnDJ23QuLxzYuyd7P4wwLKNZcfCQeou,false
1959,e6-lifecycle-20260706T053732.792354049Z-c4-real-task-0109,signed_vote2,true,1,1783316257568,0,QmPEDBMMbuCpx7HLnDJ23QuLxzYuyd7P4wwLKNZcfCQeou,false
1960,e6-lifecycle-20260706T053732.792354049Z-c4-real-task-0109,signed_settlement,true,2,1783316257569,0,QmPEDBMMbuCpx7HLnDJ23QuLxzYuyd7P4wwLKNZcfCQeou,false
1961,e6-lifecycle-20260706T053732.792354049Z-c4-real-task-0109,signed_query_latest,true,0,1783316257571,0,QmPEDBMMbuCpx7HLnDJ23QuLxzYuyd7P4wwLKNZcfCQeou,false
1962,e6-lifecycle-20260706T053732.792354049Z-c4-real-task-0109,ipfs_verify,true,8,1783316257571,0,QmPEDBMMbuCpx7HLnDJ23QuLxzYuyd7P4wwLKNZcfCQeou,false
1963,e6-lifecycle-20260706T053732.792354049Z-c4-real-task-0110,ipfs_add,true,71,1783316257513,1468,,false
1964,e6-lifecycle-20260706T053732.792354049Z-c4-real-task-0110,signed_posttask,true,4,1783316257584,0,QmYdNPvQFsdXFQa7hym9WZ3ACL8dS3nT2z6E7NU9T2QPtY,false
1965,e6-lifecycle-20260706T053732.792354049Z-c4-real-task-0110,signed_postallocation,true,2,1783316257588,0,QmYdNPvQFsdXFQa7hym9WZ3ACL8dS3nT2z6E7NU9T2QPtY,false
1966,e6-lifecycle-20260706T053732.792354049Z-c4-real-task-0110,signed_post_evalsnapshot,true,2,1783316257590,0,QmYdNPvQFsdXFQa7hym9WZ3ACL8dS3nT2z6E7NU9T2QPtY,false
1967,e6-lifecycle-20260706T053732.792354049Z-c4-real-task-0110,signed_vote1,true,2,1783316257592,0,QmYdNPvQFsdXFQa7hym9WZ3ACL8dS3nT2z6E7NU9T2QPtY,false
1968,e6-lifecycle-20260706T053732.792354049Z-c4-real-task-0110,signed_vote2,true,2,1783316257594,0,QmYdNPvQFsdXFQa7hym9WZ3ACL8dS3nT2z6E7NU9T2QPtY,false
1969,e6-lifecycle-20260706T053732.792354049Z-c4-real-task-0110,signed_settlement,true,2,1783316257596,0,QmYdNPvQFsdXFQa7hym9WZ3ACL8dS3nT2z6E7NU9T2QPtY,false
1970,e6-lifecycle-20260706T053732.792354049Z-c4-real-task-0110,signed_query_latest,true,0,1783316257598,0,QmYdNPvQFsdXFQa7hym9WZ3ACL8dS3nT2z6E7NU9T2QPtY,false
1971,e6-lifecycle-20260706T053732.792354049Z-c4-real-task-0110,ipfs_verify,true,9,1783316257598,0,QmYdNPvQFsdXFQa7hym9WZ3ACL8dS3nT2z6E7NU9T2QPtY,false
1972,e6-lifecycle-20260706T053732.792354049Z-c4-real-task-0111,ipfs_add,true,72,1783316257537,1486,,false
1973,e6-lifecycle-20260706T053732.792354049Z-c4-real-task-0111,signed_posttask,true,2,1783316257609,0,QmayJynjkMacRcqFDbnuYugxcbsQqHFTjbXCeD8Z8namKr,false
1974,e6-lifecycle-20260706T053732.792354049Z-c4-real-task-0111,signed_postallocation,true,1,1783316257611,0,QmayJynjkMacRcqFDbnuYugxcbsQqHFTjbXCeD8Z8namKr,false
1975,e6-lifecycle-20260706T053732.792354049Z-c4-real-task-0111,signed_post_evalsnapshot,true,2,1783316257612,0,QmayJynjkMacRcqFDbnuYugxcbsQqHFTjbXCeD8Z8namKr,false
1976,e6-lifecycle-20260706T053732.792354049Z-c4-real-task-0111,signed_vote1,true,2,1783316257614,0,QmayJynjkMacRcqFDbnuYugxcbsQqHFTjbXCeD8Z8namKr,false
1977,e6-lifecycle-20260706T053732.792354049Z-c4-real-task-0111,signed_vote2,true,3,1783316257616,0,QmayJynjkMacRcqFDbnuYugxcbsQqHFTjbXCeD8Z8namKr,false
1978,e6-lifecycle-20260706T053732.792354049Z-c4-real-task-0111,signed_settlement,true,2,1783316257619,0,QmayJynjkMacRcqFDbnuYugxcbsQqHFTjbXCeD8Z8namKr,false
1979,e6-lifecycle-20260706T053732.792354049Z-c4-real-task-0111,signed_query_latest,true,0,1783316257621,0,QmayJynjkMacRcqFDbnuYugxcbsQqHFTjbXCeD8Z8namKr,false
1980,e6-lifecycle-20260706T053732.792354049Z-c4-real-task-0112,ipfs_add,true,71,1783316257558,5135,,false
1981,e6-lifecycle-20260706T053732.792354049Z-c4-real-task-0111,ipfs_verify,true,9,1783316257621,0,QmayJynjkMacRcqFDbnuYugxcbsQqHFTjbXCeD8Z8namKr,false
1982,e6-lifecycle-20260706T053732.792354049Z-c4-real-task-0112,signed_posttask,true,2,1783316257629,0,QmZTL4eW5hkumUyYeoedLXa2XWBWSX7WLRmm3kBgrvtRta,false
1983,e6-lifecycle-20260706T053732.792354049Z-c4-real-task-0112,signed_postallocation,true,1,1783316257631,0,QmZTL4eW5hkumUyYeoedLXa2XWBWSX7WLRmm3kBgrvtRta,false
1984,e6-lifecycle-20260706T053732.792354049Z-c4-real-task-0112,signed_post_evalsnapshot,true,2,1783316257632,0,QmZTL4eW5hkumUyYeoedLXa2XWBWSX7WLRmm3kBgrvtRta,false
1985,e6-lifecycle-20260706T053732.792354049Z-c4-real-task-0112,signed_vote1,true,2,1783316257634,0,QmZTL4eW5hkumUyYeoedLXa2XWBWSX7WLRmm3kBgrvtRta,false
1986,e6-lifecycle-20260706T053732.792354049Z-c4-real-task-0112,signed_vote2,true,2,1783316257636,0,QmZTL4eW5hkumUyYeoedLXa2XWBWSX7WLRmm3kBgrvtRta,false
1987,e6-lifecycle-20260706T053732.792354049Z-c4-real-task-0112,signed_settlement,true,1,1783316257638,0,QmZTL4eW5hkumUyYeoedLXa2XWBWSX7WLRmm3kBgrvtRta,false
1988,e6-lifecycle-20260706T053732.792354049Z-c4-real-task-0112,signed_query_latest,true,0,1783316257639,0,QmZTL4eW5hkumUyYeoedLXa2XWBWSX7WLRmm3kBgrvtRta,false
1989,e6-lifecycle-20260706T053732.792354049Z-c4-real-task-0112,ipfs_verify,true,8,1783316257639,0,QmZTL4eW5hkumUyYeoedLXa2XWBWSX7WLRmm3kBgrvtRta,false
1990,e6-lifecycle-20260706T053732.792354049Z-c4-real-task-0113,ipfs_add,true,71,1783316257580,4766,,false
1991,e6-lifecycle-20260706T053732.792354049Z-c4-real-task-0113,signed_posttask,true,2,1783316257651,0,QmSnXYpjm45y1HovE7atHSayP63uxu2Taj3HG6S4aa6fLe,false
1992,e6-lifecycle-20260706T053732.792354049Z-c4-real-task-0113,signed_postallocation,true,2,1783316257653,0,QmSnXYpjm45y1HovE7atHSayP63uxu2Taj3HG6S4aa6fLe,false
1993,e6-lifecycle-20260706T053732.792354049Z-c4-real-task-0113,signed_post_evalsnapshot,true,2,1783316257655,0,QmSnXYpjm45y1HovE7atHSayP63uxu2Taj3HG6S4aa6fLe,false
1994,e6-lifecycle-20260706T053732.792354049Z-c4-real-task-0113,signed_vote1,true,2,1783316257657,0,QmSnXYpjm45y1HovE7atHSayP63uxu2Taj3HG6S4aa6fLe,false
1995,e6-lifecycle-20260706T053732.792354049Z-c4-real-task-0113,signed_vote2,true,1,1783316257659,0,QmSnXYpjm45y1HovE7atHSayP63uxu2Taj3HG6S4aa6fLe,false
1996,e6-lifecycle-20260706T053732.792354049Z-c4-real-task-0113,signed_settlement,true,2,1783316257660,0,QmSnXYpjm45y1HovE7atHSayP63uxu2Taj3HG6S4aa6fLe,false
1997,e6-lifecycle-20260706T053732.792354049Z-c4-real-task-0113,signed_query_latest,true,0,1783316257662,0,QmSnXYpjm45y1HovE7atHSayP63uxu2Taj3HG6S4aa6fLe,false
1998,e6-lifecycle-20260706T053732.792354049Z-c4-real-task-0113,ipfs_verify,true,8,1783316257662,0,QmSnXYpjm45y1HovE7atHSayP63uxu2Taj3HG6S4aa6fLe,false
1999,e6-lifecycle-20260706T053732.792354049Z-c4-real-task-0114,ipfs_add,true,64,1783316257607,2458,,false
2000,e6-lifecycle-20260706T053732.792354049Z-c4-real-task-0114,signed_posttask,true,1,1783316257671,0,Qma7TSawbLY7JCkagGsqyq5TKbNQrHnAHkXGU7KmTPbqNN,false
2001,e6-lifecycle-20260706T053732.792354049Z-c4-real-task-0114,signed_postallocation,true,2,1783316257672,0,Qma7TSawbLY7JCkagGsqyq5TKbNQrHnAHkXGU7KmTPbqNN,false
2002,e6-lifecycle-20260706T053732.792354049Z-c4-real-task-0114,signed_post_evalsnapshot,true,1,1783316257674,0,Qma7TSawbLY7JCkagGsqyq5TKbNQrHnAHkXGU7KmTPbqNN,false
2003,e6-lifecycle-20260706T053732.792354049Z-c4-real-task-0114,signed_vote1,true,2,1783316257675,0,Qma7TSawbLY7JCkagGsqyq5TKbNQrHnAHkXGU7KmTPbqNN,false
2004,e6-lifecycle-20260706T053732.792354049Z-c4-real-task-0114,signed_vote2,true,2,1783316257677,0,Qma7TSawbLY7JCkagGsqyq5TKbNQrHnAHkXGU7KmTPbqNN,false
2005,e6-lifecycle-20260706T053732.792354049Z-c4-real-task-0114,signed_settlement,true,1,1783316257679,0,Qma7TSawbLY7JCkagGsqyq5TKbNQrHnAHkXGU7KmTPbqNN,false
2006,e6-lifecycle-20260706T053732.792354049Z-c4-real-task-0114,signed_query_latest,true,0,1783316257680,0,Qma7TSawbLY7JCkagGsqyq5TKbNQrHnAHkXGU7KmTPbqNN,false
2007,e6-lifecycle-20260706T053732.792354049Z-c4-real-task-0114,ipfs_verify,true,9,1783316257680,0,Qma7TSawbLY7JCkagGsqyq5TKbNQrHnAHkXGU7KmTPbqNN,false
2008,e6-lifecycle-20260706T053732.792354049Z-c4-real-task-0115,ipfs_add,true,70,1783316257630,2635,,false
2009,e6-lifecycle-20260706T053732.792354049Z-c4-real-task-0115,signed_posttask,true,2,1783316257700,0,Qma9XmC6B4RUGteeGsz2AKqR24nBDfvvDDZwxigq29cfeA,false
2010,e6-lifecycle-20260706T053732.792354049Z-c4-real-task-0115,signed_postallocation,true,2,1783316257702,0,Qma9XmC6B4RUGteeGsz2AKqR24nBDfvvDDZwxigq29cfeA,false
2011,e6-lifecycle-20260706T053732.792354049Z-c4-real-task-0115,signed_post_evalsnapshot,true,1,1783316257704,0,Qma9XmC6B4RUGteeGsz2AKqR24nBDfvvDDZwxigq29cfeA,false
2012,e6-lifecycle-20260706T053732.792354049Z-c4-real-task-0115,signed_vote1,true,2,1783316257705,0,Qma9XmC6B4RUGteeGsz2AKqR24nBDfvvDDZwxigq29cfeA,false
2013,e6-lifecycle-20260706T053732.792354049Z-c4-real-task-0115,signed_vote2,true,2,1783316257707,0,Qma9XmC6B4RUGteeGsz2AKqR24nBDfvvDDZwxigq29cfeA,false
2014,e6-lifecycle-20260706T053732.792354049Z-c4-real-task-0115,signed_settlement,true,1,1783316257709,0,Qma9XmC6B4RUGteeGsz2AKqR24nBDfvvDDZwxigq29cfeA,false
2015,e6-lifecycle-20260706T053732.792354049Z-c4-real-task-0115,signed_query_latest,true,0,1783316257710,0,Qma9XmC6B4RUGteeGsz2AKqR24nBDfvvDDZwxigq29cfeA,false
2016,e6-lifecycle-20260706T053732.792354049Z-c4-real-task-0115,ipfs_verify,true,9,1783316257711,0,Qma9XmC6B4RUGteeGsz2AKqR24nBDfvvDDZwxigq29cfeA,false
2017,e6-lifecycle-20260706T053732.792354049Z-c4-real-task-0116,ipfs_add,true,74,1783316257647,4456,,false
2018,e6-lifecycle-20260706T053732.792354049Z-c4-real-task-0116,signed_posttask,true,2,1783316257721,0,QmcWhQm9LyFEHK6Y6cGHfAC2N6UZ5aeiyCpaBr9ty1evkK,false
2019,e6-lifecycle-20260706T053732.792354049Z-c4-real-task-0116,signed_postallocation,true,2,1783316257723,0,QmcWhQm9LyFEHK6Y6cGHfAC2N6UZ5aeiyCpaBr9ty1evkK,false
2020,e6-lifecycle-20260706T053732.792354049Z-c4-real-task-0116,signed_post_evalsnapshot,true,1,1783316257725,0,QmcWhQm9LyFEHK6Y6cGHfAC2N6UZ5aeiyCpaBr9ty1evkK,false
2021,e6-lifecycle-20260706T053732.792354049Z-c4-real-task-0116,signed_vote1,true,2,1783316257726,0,QmcWhQm9LyFEHK6Y6cGHfAC2N6UZ5aeiyCpaBr9ty1evkK,false
2022,e6-lifecycle-20260706T053732.792354049Z-c4-real-task-0116,signed_vote2,true,2,1783316257728,0,QmcWhQm9LyFEHK6Y6cGHfAC2N6UZ5aeiyCpaBr9ty1evkK,false
2023,e6-lifecycle-20260706T053732.792354049Z-c4-real-task-0116,signed_settlement,true,2,1783316257730,0,QmcWhQm9LyFEHK6Y6cGHfAC2N6UZ5aeiyCpaBr9ty1evkK,false
2024,e6-lifecycle-20260706T053732.792354049Z-c4-real-task-0116,signed_query_latest,true,0,1783316257732,0,QmcWhQm9LyFEHK6Y6cGHfAC2N6UZ5aeiyCpaBr9ty1evkK,false
2025,e6-lifecycle-20260706T053732.792354049Z-c4-real-task-0116,ipfs_verify,true,6,1783316257732,0,QmcWhQm9LyFEHK6Y6cGHfAC2N6UZ5aeiyCpaBr9ty1evkK,false
2026,e6-lifecycle-20260706T053732.792354049Z-c4-real-task-0117,ipfs_add,true,73,1783316257670,2547,,false
2027,e6-lifecycle-20260706T053732.792354049Z-c4-real-task-0117,signed_posttask,true,2,1783316257743,0,QmXDQtx3geYo8PJ2SMzx1hAd7UVXRuUHhfKDP8gxpWugpu,false
2028,e6-lifecycle-20260706T053732.792354049Z-c4-real-task-0117,signed_postallocation,true,2,1783316257745,0,QmXDQtx3geYo8PJ2SMzx1hAd7UVXRuUHhfKDP8gxpWugpu,false
2029,e6-lifecycle-20260706T053732.792354049Z-c4-real-task-0117,signed_post_evalsnapshot,true,2,1783316257747,0,QmXDQtx3geYo8PJ2SMzx1hAd7UVXRuUHhfKDP8gxpWugpu,false
2030,e6-lifecycle-20260706T053732.792354049Z-c4-real-task-0117,signed_vote1,true,1,1783316257749,0,QmXDQtx3geYo8PJ2SMzx1hAd7UVXRuUHhfKDP8gxpWugpu,false
2031,e6-lifecycle-20260706T053732.792354049Z-c4-real-task-0117,signed_vote2,true,2,1783316257750,0,QmXDQtx3geYo8PJ2SMzx1hAd7UVXRuUHhfKDP8gxpWugpu,false
2032,e6-lifecycle-20260706T053732.792354049Z-c4-real-task-0117,signed_settlement,true,1,1783316257752,0,QmXDQtx3geYo8PJ2SMzx1hAd7UVXRuUHhfKDP8gxpWugpu,false
2033,e6-lifecycle-20260706T053732.792354049Z-c4-real-task-0117,signed_query_latest,true,0,1783316257753,0,QmXDQtx3geYo8PJ2SMzx1hAd7UVXRuUHhfKDP8gxpWugpu,false
2034,e6-lifecycle-20260706T053732.792354049Z-c4-real-task-0117,ipfs_verify,true,8,1783316257753,0,QmXDQtx3geYo8PJ2SMzx1hAd7UVXRuUHhfKDP8gxpWugpu,false
2035,e6-lifecycle-20260706T053732.792354049Z-c4-real-task-0118,ipfs_add,true,76,1783316257689,4013,,false
2036,e6-lifecycle-20260706T053732.792354049Z-c4-real-task-0118,signed_posttask,true,2,1783316257765,0,QmUp6JMhmHCN1XhJbSgJKuqgcUi5RcanQaaL5Hru6z8S4Q,false
2037,e6-lifecycle-20260706T053732.792354049Z-c4-real-task-0118,signed_postallocation,true,1,1783316257767,0,QmUp6JMhmHCN1XhJbSgJKuqgcUi5RcanQaaL5Hru6z8S4Q,false
2038,e6-lifecycle-20260706T053732.792354049Z-c4-real-task-0118,signed_post_evalsnapshot,true,2,1783316257768,0,QmUp6JMhmHCN1XhJbSgJKuqgcUi5RcanQaaL5Hru6z8S4Q,false
2039,e6-lifecycle-20260706T053732.792354049Z-c4-real-task-0118,signed_vote1,true,3,1783316257770,0,QmUp6JMhmHCN1XhJbSgJKuqgcUi5RcanQaaL5Hru6z8S4Q,false
2040,e6-lifecycle-20260706T053732.792354049Z-c4-real-task-0118,signed_vote2,true,2,1783316257773,0,QmUp6JMhmHCN1XhJbSgJKuqgcUi5RcanQaaL5Hru6z8S4Q,false
2041,e6-lifecycle-20260706T053732.792354049Z-c4-real-task-0118,signed_settlement,true,2,1783316257775,0,QmUp6JMhmHCN1XhJbSgJKuqgcUi5RcanQaaL5Hru6z8S4Q,false
2042,e6-lifecycle-20260706T053732.792354049Z-c4-real-task-0118,signed_query_latest,true,0,1783316257777,0,QmUp6JMhmHCN1XhJbSgJKuqgcUi5RcanQaaL5Hru6z8S4Q,false
2043,e6-lifecycle-20260706T053732.792354049Z-c4-real-task-0118,ipfs_verify,true,8,1783316257777,0,QmUp6JMhmHCN1XhJbSgJKuqgcUi5RcanQaaL5Hru6z8S4Q,false
2044,e6-lifecycle-20260706T053732.792354049Z-c4-real-task-0119,ipfs_add,true,67,1783316257720,4895,,false
2045,e6-lifecycle-20260706T053732.792354049Z-c4-real-task-0119,signed_posttask,true,2,1783316257787,0,QmS8grZr8V1jUVspi4mAGU2GS5MHVKC3yUBsy7aQszAoNe,false
2046,e6-lifecycle-20260706T053732.792354049Z-c4-real-task-0119,signed_postallocation,true,2,1783316257789,0,QmS8grZr8V1jUVspi4mAGU2GS5MHVKC3yUBsy7aQszAoNe,false
2047,e6-lifecycle-20260706T053732.792354049Z-c4-real-task-0119,signed_post_evalsnapshot,true,2,1783316257791,0,QmS8grZr8V1jUVspi4mAGU2GS5MHVKC3yUBsy7aQszAoNe,false
2048,e6-lifecycle-20260706T053732.792354049Z-c4-real-task-0119,signed_vote1,true,2,1783316257793,0,QmS8grZr8V1jUVspi4mAGU2GS5MHVKC3yUBsy7aQszAoNe,false
2049,e6-lifecycle-20260706T053732.792354049Z-c4-real-task-0119,signed_vote2,true,2,1783316257795,0,QmS8grZr8V1jUVspi4mAGU2GS5MHVKC3yUBsy7aQszAoNe,false
2050,e6-lifecycle-20260706T053732.792354049Z-c4-real-task-0119,signed_settlement,true,1,1783316257797,0,QmS8grZr8V1jUVspi4mAGU2GS5MHVKC3yUBsy7aQszAoNe,false
2051,e6-lifecycle-20260706T053732.792354049Z-c4-real-task-0119,signed_query_latest,true,0,1783316257798,0,QmS8grZr8V1jUVspi4mAGU2GS5MHVKC3yUBsy7aQszAoNe,false
2052,e6-lifecycle-20260706T053732.792354049Z-c4-real-task-0119,ipfs_verify,true,10,1783316257798,0,QmS8grZr8V1jUVspi4mAGU2GS5MHVKC3yUBsy7aQszAoNe,false
2053,e6-lifecycle-20260706T053732.792354049Z-c4-real-task-0120,ipfs_add,true,71,1783316257738,7055,,false
2054,e6-lifecycle-20260706T053732.792354049Z-c4-real-task-0120,signed_posttask,true,2,1783316257809,0,QmcCwWQBqZ6738sqSyuLRWTxPt6Qtc8U1RvhvPAW1oWkkW,false
2055,e6-lifecycle-20260706T053732.792354049Z-c4-real-task-0120,signed_postallocation,true,2,1783316257811,0,QmcCwWQBqZ6738sqSyuLRWTxPt6Qtc8U1RvhvPAW1oWkkW,false
2056,e6-lifecycle-20260706T053732.792354049Z-c4-real-task-0120,signed_post_evalsnapshot,true,2,1783316257813,0,QmcCwWQBqZ6738sqSyuLRWTxPt6Qtc8U1RvhvPAW1oWkkW,false
2057,e6-lifecycle-20260706T053732.792354049Z-c4-real-task-0120,signed_vote1,true,2,1783316257815,0,QmcCwWQBqZ6738sqSyuLRWTxPt6Qtc8U1RvhvPAW1oWkkW,false
2058,e6-lifecycle-20260706T053732.792354049Z-c4-real-task-0120,signed_vote2,true,2,1783316257817,0,QmcCwWQBqZ6738sqSyuLRWTxPt6Qtc8U1RvhvPAW1oWkkW,false
2059,e6-lifecycle-20260706T053732.792354049Z-c4-real-task-0120,signed_settlement,true,2,1783316257819,0,QmcCwWQBqZ6738sqSyuLRWTxPt6Qtc8U1RvhvPAW1oWkkW,false
2060,e6-lifecycle-20260706T053732.792354049Z-c4-real-task-0120,signed_query_latest,true,0,1783316257821,0,QmcCwWQBqZ6738sqSyuLRWTxPt6Qtc8U1RvhvPAW1oWkkW,false
2061,e6-lifecycle-20260706T053732.792354049Z-c4-real-task-0120,ipfs_verify,true,8,1783316257821,0,QmcCwWQBqZ6738sqSyuLRWTxPt6Qtc8U1RvhvPAW1oWkkW,false
2062,e6-lifecycle-20260706T053732.792354049Z-c4-real-task-0019,ipfs_add,true,68,1783316257761,1779,,false
2063,e6-lifecycle-20260706T053732.792354049Z-c4-real-task-0019,signed_posttask,true,2,1783316257829,0,QmSciV8g79eMrjXm8f2BtxoJrkCttCpUNrWTNbQtrPN26s,false
2064,e6-lifecycle-20260706T053732.792354049Z-c4-real-task-0019,signed_postallocation,true,2,1783316257831,0,QmSciV8g79eMrjXm8f2BtxoJrkCttCpUNrWTNbQtrPN26s,false
2065,e6-lifecycle-20260706T053732.792354049Z-c4-real-task-0019,signed_post_evalsnapshot,true,1,1783316257833,0,QmSciV8g79eMrjXm8f2BtxoJrkCttCpUNrWTNbQtrPN26s,false
2066,e6-lifecycle-20260706T053732.792354049Z-c4-real-task-0019,signed_vote1,true,2,1783316257834,0,QmSciV8g79eMrjXm8f2BtxoJrkCttCpUNrWTNbQtrPN26s,false
2067,e6-lifecycle-20260706T053732.792354049Z-c4-real-task-0019,signed_vote2,true,2,1783316257836,0,QmSciV8g79eMrjXm8f2BtxoJrkCttCpUNrWTNbQtrPN26s,false
2068,e6-lifecycle-20260706T053732.792354049Z-c4-real-task-0019,signed_settlement,true,3,1783316257838,0,QmSciV8g79eMrjXm8f2BtxoJrkCttCpUNrWTNbQtrPN26s,false
2069,e6-lifecycle-20260706T053732.792354049Z-c4-real-task-0019,signed_query_latest,true,0,1783316257841,0,QmSciV8g79eMrjXm8f2BtxoJrkCttCpUNrWTNbQtrPN26s,false
2070,e6-lifecycle-20260706T053732.792354049Z-c4-real-task-0019,ipfs_verify,true,9,1783316257841,0,QmSciV8g79eMrjXm8f2BtxoJrkCttCpUNrWTNbQtrPN26s,false
2071,e6-lifecycle-20260706T053732.792354049Z-c4-real-task-0014,ipfs_add,true,67,1783316257785,2050,,false
2072,e6-lifecycle-20260706T053732.792354049Z-c4-real-task-0014,signed_posttask,true,1,1783316257852,0,QmdA4H658GbdXFpaibWrSNhL4kRmi3VbbpP3Y5MfYbX6k2,false
2073,e6-lifecycle-20260706T053732.792354049Z-c4-real-task-0014,signed_postallocation,true,2,1783316257853,0,QmdA4H658GbdXFpaibWrSNhL4kRmi3VbbpP3Y5MfYbX6k2,false
2074,e6-lifecycle-20260706T053732.792354049Z-c4-real-task-0014,signed_post_evalsnapshot,true,2,1783316257855,0,QmdA4H658GbdXFpaibWrSNhL4kRmi3VbbpP3Y5MfYbX6k2,false
2075,e6-lifecycle-20260706T053732.792354049Z-c4-real-task-0014,signed_vote1,true,2,1783316257857,0,QmdA4H658GbdXFpaibWrSNhL4kRmi3VbbpP3Y5MfYbX6k2,false
2076,e6-lifecycle-20260706T053732.792354049Z-c4-real-task-0014,signed_vote2,true,2,1783316257859,0,QmdA4H658GbdXFpaibWrSNhL4kRmi3VbbpP3Y5MfYbX6k2,false
2077,e6-lifecycle-20260706T053732.792354049Z-c4-real-task-0014,signed_settlement,true,1,1783316257861,0,QmdA4H658GbdXFpaibWrSNhL4kRmi3VbbpP3Y5MfYbX6k2,false
2078,e6-lifecycle-20260706T053732.792354049Z-c4-real-task-0014,signed_query_latest,true,0,1783316257862,0,QmdA4H658GbdXFpaibWrSNhL4kRmi3VbbpP3Y5MfYbX6k2,false
2079,e6-lifecycle-20260706T053732.792354049Z-c4-real-task-0014,ipfs_verify,true,10,1783316257862,0,QmdA4H658GbdXFpaibWrSNhL4kRmi3VbbpP3Y5MfYbX6k2,false
2080,e6-lifecycle-20260706T053732.792354049Z-c4-real-task-0015,ipfs_add,true,67,1783316257808,3558,,false
2081,e6-lifecycle-20260706T053732.792354049Z-c4-real-task-0015,signed_posttask,true,2,1783316257875,0,QmX9kmCUGB3VHpYs1Jhps4JrTzKker7mYqwzfhduHDQrrA,false
2082,e6-lifecycle-20260706T053732.792354049Z-c4-real-task-0015,signed_postallocation,true,2,1783316257877,0,QmX9kmCUGB3VHpYs1Jhps4JrTzKker7mYqwzfhduHDQrrA,false
2083,e6-lifecycle-20260706T053732.792354049Z-c4-real-task-0015,signed_post_evalsnapshot,true,1,1783316257879,0,QmX9kmCUGB3VHpYs1Jhps4JrTzKker7mYqwzfhduHDQrrA,false
2084,e6-lifecycle-20260706T053732.792354049Z-c4-real-task-0015,signed_vote1,true,3,1783316257880,0,QmX9kmCUGB3VHpYs1Jhps4JrTzKker7mYqwzfhduHDQrrA,false
2085,e6-lifecycle-20260706T053732.792354049Z-c4-real-task-0015,signed_vote2,true,1,1783316257883,0,QmX9kmCUGB3VHpYs1Jhps4JrTzKker7mYqwzfhduHDQrrA,false
2086,e6-lifecycle-20260706T053732.792354049Z-c4-real-task-0015,signed_settlement,true,2,1783316257884,0,QmX9kmCUGB3VHpYs1Jhps4JrTzKker7mYqwzfhduHDQrrA,false
2087,e6-lifecycle-20260706T053732.792354049Z-c4-real-task-0015,signed_query_latest,true,0,1783316257886,0,QmX9kmCUGB3VHpYs1Jhps4JrTzKker7mYqwzfhduHDQrrA,false
2088,e6-lifecycle-20260706T053732.792354049Z-c4-real-task-0016,ipfs_add,true,65,1783316257829,1806,,false
2089,e6-lifecycle-20260706T053732.792354049Z-c4-real-task-0015,ipfs_verify,true,9,1783316257886,0,QmX9kmCUGB3VHpYs1Jhps4JrTzKker7mYqwzfhduHDQrrA,false
2090,e6-lifecycle-20260706T053732.792354049Z-c4-real-task-0016,signed_posttask,true,3,1783316257894,0,QmRXEbbwSGrTFGj6rGcuUsRHhWgzm9E9di73MsPSjQyDqY,false
2091,e6-lifecycle-20260706T053732.792354049Z-c4-real-task-0016,signed_postallocation,true,2,1783316257897,0,QmRXEbbwSGrTFGj6rGcuUsRHhWgzm9E9di73MsPSjQyDqY,false
2092,e6-lifecycle-20260706T053732.792354049Z-c4-real-task-0016,signed_post_evalsnapshot,true,1,1783316257899,0,QmRXEbbwSGrTFGj6rGcuUsRHhWgzm9E9di73MsPSjQyDqY,false
2093,e6-lifecycle-20260706T053732.792354049Z-c4-real-task-0016,signed_vote1,true,2,1783316257900,0,QmRXEbbwSGrTFGj6rGcuUsRHhWgzm9E9di73MsPSjQyDqY,false
2094,e6-lifecycle-20260706T053732.792354049Z-c4-real-task-0016,signed_vote2,true,2,1783316257902,0,QmRXEbbwSGrTFGj6rGcuUsRHhWgzm9E9di73MsPSjQyDqY,false
2095,e6-lifecycle-20260706T053732.792354049Z-c4-real-task-0016,signed_settlement,true,2,1783316257904,0,QmRXEbbwSGrTFGj6rGcuUsRHhWgzm9E9di73MsPSjQyDqY,false
2096,e6-lifecycle-20260706T053732.792354049Z-c4-real-task-0016,signed_query_latest,true,0,1783316257906,0,QmRXEbbwSGrTFGj6rGcuUsRHhWgzm9E9di73MsPSjQyDqY,false
2097,e6-lifecycle-20260706T053732.792354049Z-c4-real-task-0016,ipfs_verify,true,7,1783316257906,0,QmRXEbbwSGrTFGj6rGcuUsRHhWgzm9E9di73MsPSjQyDqY,false
2098,e6-lifecycle-20260706T053732.792354049Z-c4-real-task-0017,ipfs_add,true,65,1783316257850,1714,,false
2099,e6-lifecycle-20260706T053732.792354049Z-c4-real-task-0017,signed_posttask,true,2,1783316257915,0,QmWKrJKRZfeQnkT8t5aowLXrHM3GpoZqpDn7cXYRceXJsh,false
2100,e6-lifecycle-20260706T053732.792354049Z-c4-real-task-0017,signed_postallocation,true,2,1783316257917,0,QmWKrJKRZfeQnkT8t5aowLXrHM3GpoZqpDn7cXYRceXJsh,false
2101,e6-lifecycle-20260706T053732.792354049Z-c4-real-task-0017,signed_post_evalsnapshot,true,1,1783316257919,0,QmWKrJKRZfeQnkT8t5aowLXrHM3GpoZqpDn7cXYRceXJsh,false
2102,e6-lifecycle-20260706T053732.792354049Z-c4-real-task-0017,signed_vote1,true,2,1783316257920,0,QmWKrJKRZfeQnkT8t5aowLXrHM3GpoZqpDn7cXYRceXJsh,false
2103,e6-lifecycle-20260706T053732.792354049Z-c4-real-task-0017,signed_vote2,true,1,1783316257922,0,QmWKrJKRZfeQnkT8t5aowLXrHM3GpoZqpDn7cXYRceXJsh,false
2104,e6-lifecycle-20260706T053732.792354049Z-c4-real-task-0017,signed_settlement,true,2,1783316257923,0,QmWKrJKRZfeQnkT8t5aowLXrHM3GpoZqpDn7cXYRceXJsh,false
2105,e6-lifecycle-20260706T053732.792354049Z-c4-real-task-0017,signed_query_latest,true,0,1783316257925,0,QmWKrJKRZfeQnkT8t5aowLXrHM3GpoZqpDn7cXYRceXJsh,false
2106,e6-lifecycle-20260706T053732.792354049Z-c4-real-task-0017,ipfs_verify,true,8,1783316257925,0,QmWKrJKRZfeQnkT8t5aowLXrHM3GpoZqpDn7cXYRceXJsh,false
2107,e6-lifecycle-20260706T053732.792354049Z-c4-real-task-0018,ipfs_add,true,64,1783316257872,1628,,false
2108,e6-lifecycle-20260706T053732.792354049Z-c4-real-task-0018,signed_posttask,true,2,1783316257936,0,QmXxhuw4zLhaZUxTgm3nVAPdVDi7RC4E8cy48iMSw5X5cc,false
2109,e6-lifecycle-20260706T053732.792354049Z-c4-real-task-0018,signed_postallocation,true,3,1783316257938,0,QmXxhuw4zLhaZUxTgm3nVAPdVDi7RC4E8cy48iMSw5X5cc,false
2110,e6-lifecycle-20260706T053732.792354049Z-c4-real-task-0018,signed_post_evalsnapshot,true,2,1783316257941,0,QmXxhuw4zLhaZUxTgm3nVAPdVDi7RC4E8cy48iMSw5X5cc,false
2111,e6-lifecycle-20260706T053732.792354049Z-c4-real-task-0018,signed_vote1,true,1,1783316257943,0,QmXxhuw4zLhaZUxTgm3nVAPdVDi7RC4E8cy48iMSw5X5cc,false
2112,e6-lifecycle-20260706T053732.792354049Z-c4-real-task-0018,signed_vote2,true,2,1783316257944,0,QmXxhuw4zLhaZUxTgm3nVAPdVDi7RC4E8cy48iMSw5X5cc,false
2113,e6-lifecycle-20260706T053732.792354049Z-c4-real-task-0018,signed_settlement,true,1,1783316257946,0,QmXxhuw4zLhaZUxTgm3nVAPdVDi7RC4E8cy48iMSw5X5cc,false
2114,e6-lifecycle-20260706T053732.792354049Z-c4-real-task-0018,signed_query_latest,true,0,1783316257947,0,QmXxhuw4zLhaZUxTgm3nVAPdVDi7RC4E8cy48iMSw5X5cc,false
2115,e6-lifecycle-20260706T053732.792354049Z-c4-real-task-0018,ipfs_verify,true,13,1783316257947,0,QmXxhuw4zLhaZUxTgm3nVAPdVDi7RC4E8cy48iMSw5X5cc,false
2116,e6-lifecycle-20260706T053732.792354049Z-c4-real-task-0122,ipfs_add,true,87,1783316257913,5117,,false
2117,e6-lifecycle-20260706T053732.792354049Z-c4-real-task-0122,signed_posttask,true,2,1783316258000,0,QmXUXcH529nakix9U15cpEidT2HourhoUQvG7aoS3dLkEG,false
2118,e6-lifecycle-20260706T053732.792354049Z-c4-real-task-0122,signed_postallocation,true,2,1783316258002,0,QmXUXcH529nakix9U15cpEidT2HourhoUQvG7aoS3dLkEG,false
2119,e6-lifecycle-20260706T053732.792354049Z-c4-real-task-0122,signed_post_evalsnapshot,true,2,1783316258004,0,QmXUXcH529nakix9U15cpEidT2HourhoUQvG7aoS3dLkEG,false
2120,e6-lifecycle-20260706T053732.792354049Z-c4-real-task-0122,signed_vote1,true,2,1783316258006,0,QmXUXcH529nakix9U15cpEidT2HourhoUQvG7aoS3dLkEG,false
2121,e6-lifecycle-20260706T053732.792354049Z-c4-real-task-0122,signed_vote2,true,1,1783316258008,0,QmXUXcH529nakix9U15cpEidT2HourhoUQvG7aoS3dLkEG,false
2122,e6-lifecycle-20260706T053732.792354049Z-c4-real-task-0122,signed_settlement,true,2,1783316258009,0,QmXUXcH529nakix9U15cpEidT2HourhoUQvG7aoS3dLkEG,false
2123,e6-lifecycle-20260706T053732.792354049Z-c4-real-task-0122,signed_query_latest,true,0,1783316258011,0,QmXUXcH529nakix9U15cpEidT2HourhoUQvG7aoS3dLkEG,false
2124,e6-lifecycle-20260706T053732.792354049Z-c4-real-task-0122,ipfs_verify,true,10,1783316258011,0,QmXUXcH529nakix9U15cpEidT2HourhoUQvG7aoS3dLkEG,false
2125,e6-lifecycle-20260706T053732.792354049Z-c4-real-task-0123,ipfs_add,true,91,1783316257933,9648,,false
2126,e6-lifecycle-20260706T053732.792354049Z-c4-real-task-0128,ipfs_add,true,129,1783316257895,5323,,false
2127,e6-lifecycle-20260706T053732.792354049Z-c4-real-task-0128,signed_posttask,true,3,1783316258024,0,QmQos5pRc9wxqep7nncifrFotxQs5uTEqHL3FeTHYErDSa,false
2128,e6-lifecycle-20260706T053732.792354049Z-c4-real-task-0128,signed_postallocation,true,2,1783316258027,0,QmQos5pRc9wxqep7nncifrFotxQs5uTEqHL3FeTHYErDSa,false
2129,e6-lifecycle-20260706T053732.792354049Z-c4-real-task-0123,signed_posttask,true,7,1783316258024,0,QmUDRUxNR3wiggGYgdFqXj9FiZaoAXkrjj2gf4wreybMnY,false
2130,e6-lifecycle-20260706T053732.792354049Z-c4-real-task-0123,signed_postallocation,true,2,1783316258031,0,QmUDRUxNR3wiggGYgdFqXj9FiZaoAXkrjj2gf4wreybMnY,false
2131,e6-lifecycle-20260706T053732.792354049Z-c4-real-task-0128,signed_post_evalsnapshot,true,6,1783316258029,0,QmQos5pRc9wxqep7nncifrFotxQs5uTEqHL3FeTHYErDSa,false
2132,e6-lifecycle-20260706T053732.792354049Z-c4-real-task-0128,signed_vote1,true,2,1783316258035,0,QmQos5pRc9wxqep7nncifrFotxQs5uTEqHL3FeTHYErDSa,false
2133,e6-lifecycle-20260706T053732.792354049Z-c4-real-task-0123,signed_post_evalsnapshot,true,6,1783316258033,0,QmUDRUxNR3wiggGYgdFqXj9FiZaoAXkrjj2gf4wreybMnY,false
2134,e6-lifecycle-20260706T053732.792354049Z-c4-real-task-0123,signed_vote1,true,2,1783316258039,0,QmUDRUxNR3wiggGYgdFqXj9FiZaoAXkrjj2gf4wreybMnY,false
2135,e6-lifecycle-20260706T053732.792354049Z-c4-real-task-0128,signed_vote2,true,5,1783316258037,0,QmQos5pRc9wxqep7nncifrFotxQs5uTEqHL3FeTHYErDSa,false
2136,e6-lifecycle-20260706T053732.792354049Z-c4-real-task-0128,signed_settlement,true,2,1783316258042,0,QmQos5pRc9wxqep7nncifrFotxQs5uTEqHL3FeTHYErDSa,false
2137,e6-lifecycle-20260706T053732.792354049Z-c4-real-task-0123,signed_vote2,true,5,1783316258041,0,QmUDRUxNR3wiggGYgdFqXj9FiZaoAXkrjj2gf4wreybMnY,false
2138,e6-lifecycle-20260706T053732.792354049Z-c4-real-task-0124,ipfs_add,true,87,1783316257960,10193,,false
2139,e6-lifecycle-20260706T053732.792354049Z-c4-real-task-0123,signed_settlement,true,2,1783316258046,0,QmUDRUxNR3wiggGYgdFqXj9FiZaoAXkrjj2gf4wreybMnY,false
2140,e6-lifecycle-20260706T053732.792354049Z-c4-real-task-0128,signed_query_latest,true,4,1783316258044,0,QmQos5pRc9wxqep7nncifrFotxQs5uTEqHL3FeTHYErDSa,false
2141,e6-lifecycle-20260706T053732.792354049Z-c4-real-task-0124,signed_posttask,true,3,1783316258047,0,QmdN3kmV8Nauo2ypczxkgeUDFa3J43mcbGqcZVtUsrbPFC,false
2142,e6-lifecycle-20260706T053732.792354049Z-c4-real-task-0123,signed_query_latest,true,3,1783316258048,0,QmUDRUxNR3wiggGYgdFqXj9FiZaoAXkrjj2gf4wreybMnY,false
2143,e6-lifecycle-20260706T053732.792354049Z-c4-real-task-0124,signed_postallocation,true,1,1783316258050,0,QmdN3kmV8Nauo2ypczxkgeUDFa3J43mcbGqcZVtUsrbPFC,false
2144,e6-lifecycle-20260706T053732.792354049Z-c4-real-task-0124,signed_post_evalsnapshot,true,2,1783316258051,0,QmdN3kmV8Nauo2ypczxkgeUDFa3J43mcbGqcZVtUsrbPFC,false
2145,e6-lifecycle-20260706T053732.792354049Z-c4-real-task-0124,signed_vote1,true,2,1783316258053,0,QmdN3kmV8Nauo2ypczxkgeUDFa3J43mcbGqcZVtUsrbPFC,false
2146,e6-lifecycle-20260706T053732.792354049Z-c4-real-task-0128,ipfs_verify,true,8,1783316258048,0,QmQos5pRc9wxqep7nncifrFotxQs5uTEqHL3FeTHYErDSa,false
2147,e6-lifecycle-20260706T053732.792354049Z-c4-real-task-0124,signed_vote2,true,2,1783316258055,0,QmdN3kmV8Nauo2ypczxkgeUDFa3J43mcbGqcZVtUsrbPFC,false
2148,e6-lifecycle-20260706T053732.792354049Z-c4-real-task-0124,signed_settlement,true,3,1783316258057,0,QmdN3kmV8Nauo2ypczxkgeUDFa3J43mcbGqcZVtUsrbPFC,false
2149,e6-lifecycle-20260706T053732.792354049Z-c4-real-task-0124,signed_query_latest,true,0,1783316258060,0,QmdN3kmV8Nauo2ypczxkgeUDFa3J43mcbGqcZVtUsrbPFC,false
2150,e6-lifecycle-20260706T053732.792354049Z-c4-real-task-0123,ipfs_verify,true,9,1783316258051,0,QmUDRUxNR3wiggGYgdFqXj9FiZaoAXkrjj2gf4wreybMnY,false
2151,e6-lifecycle-20260706T053732.792354049Z-c4-real-task-0124,ipfs_verify,true,8,1783316258060,0,QmdN3kmV8Nauo2ypczxkgeUDFa3J43mcbGqcZVtUsrbPFC,false
2152,e6-lifecycle-20260706T053732.792354049Z-c4-real-task-0125,ipfs_add,true,49,1783316258021,3206,,false
2153,e6-lifecycle-20260706T053732.792354049Z-c4-real-task-0125,signed_posttask,true,2,1783316258070,0,QmWe76Fc6xMc7UE2TtXhWtuzFokCa6FcSgWL6dg6i6SRfJ,false
2154,e6-lifecycle-20260706T053732.792354049Z-c4-real-task-0125,signed_postallocation,true,2,1783316258072,0,QmWe76Fc6xMc7UE2TtXhWtuzFokCa6FcSgWL6dg6i6SRfJ,false
2155,e6-lifecycle-20260706T053732.792354049Z-c4-real-task-0125,signed_post_evalsnapshot,true,2,1783316258074,0,QmWe76Fc6xMc7UE2TtXhWtuzFokCa6FcSgWL6dg6i6SRfJ,false
2156,e6-lifecycle-20260706T053732.792354049Z-c4-real-task-0125,signed_vote1,true,2,1783316258076,0,QmWe76Fc6xMc7UE2TtXhWtuzFokCa6FcSgWL6dg6i6SRfJ,false
2157,e6-lifecycle-20260706T053732.792354049Z-c4-real-task-0125,signed_vote2,true,2,1783316258078,0,QmWe76Fc6xMc7UE2TtXhWtuzFokCa6FcSgWL6dg6i6SRfJ,false
2158,e6-lifecycle-20260706T053732.792354049Z-c4-real-task-0125,signed_settlement,true,1,1783316258080,0,QmWe76Fc6xMc7UE2TtXhWtuzFokCa6FcSgWL6dg6i6SRfJ,false
2159,e6-lifecycle-20260706T053732.792354049Z-c4-real-task-0125,signed_query_latest,true,0,1783316258081,0,QmWe76Fc6xMc7UE2TtXhWtuzFokCa6FcSgWL6dg6i6SRfJ,false
2160,e6-lifecycle-20260706T053732.792354049Z-c4-real-task-0125,ipfs_verify,true,13,1783316258081,0,QmWe76Fc6xMc7UE2TtXhWtuzFokCa6FcSgWL6dg6i6SRfJ,false
2161,e6-lifecycle-20260706T053732.792354049Z-c4-real-task-0127,ipfs_add,true,56,1783316258060,3969,,false
2162,e6-lifecycle-20260706T053732.792354049Z-c4-real-task-0127,signed_posttask,true,2,1783316258116,0,QmNxQCkAaLmLFLMatMwgJb5bdva2owFTE2JpVTzuEA6pnQ,false
2163,e6-lifecycle-20260706T053732.792354049Z-c4-real-task-0127,signed_postallocation,true,2,1783316258118,0,QmNxQCkAaLmLFLMatMwgJb5bdva2owFTE2JpVTzuEA6pnQ,false
2164,e6-lifecycle-20260706T053732.792354049Z-c4-real-task-0127,signed_post_evalsnapshot,true,2,1783316258120,0,QmNxQCkAaLmLFLMatMwgJb5bdva2owFTE2JpVTzuEA6pnQ,false
2165,e6-lifecycle-20260706T053732.792354049Z-c4-real-task-0127,signed_vote1,true,2,1783316258122,0,QmNxQCkAaLmLFLMatMwgJb5bdva2owFTE2JpVTzuEA6pnQ,false
2166,e6-lifecycle-20260706T053732.792354049Z-c4-real-task-0127,signed_vote2,true,1,1783316258124,0,QmNxQCkAaLmLFLMatMwgJb5bdva2owFTE2JpVTzuEA6pnQ,false
2167,e6-lifecycle-20260706T053732.792354049Z-c4-real-task-0127,signed_settlement,true,2,1783316258125,0,QmNxQCkAaLmLFLMatMwgJb5bdva2owFTE2JpVTzuEA6pnQ,false
2168,e6-lifecycle-20260706T053732.792354049Z-c4-real-task-0127,signed_query_latest,true,0,1783316258127,0,QmNxQCkAaLmLFLMatMwgJb5bdva2owFTE2JpVTzuEA6pnQ,false
2169,e6-lifecycle-20260706T053732.792354049Z-c4-real-task-0127,ipfs_verify,true,7,1783316258127,0,QmNxQCkAaLmLFLMatMwgJb5bdva2owFTE2JpVTzuEA6pnQ,false
2170,e6-lifecycle-20260706T053732.792354049Z-c4-real-task-0131,ipfs_add,true,67,1783316258068,5219,,false
2171,e6-lifecycle-20260706T053732.792354049Z-c4-real-task-0126,ipfs_add,true,79,1783316258056,3991,,false
2172,e6-lifecycle-20260706T053732.792354049Z-c4-real-task-0126,signed_posttask,true,2,1783316258135,0,QmPtdsowq8zmmDRQ1z7WASkkcgXTNTYdCxgN5vM5mEmQKU,false
2173,e6-lifecycle-20260706T053732.792354049Z-c4-real-task-0126,signed_postallocation,true,2,1783316258137,0,QmPtdsowq8zmmDRQ1z7WASkkcgXTNTYdCxgN5vM5mEmQKU,false
2174,e6-lifecycle-20260706T053732.792354049Z-c4-real-task-0131,signed_posttask,true,5,1783316258135,0,QmZj7xUMfzrxW16za1Jy2ZVd3iayZXWvUsAREvSyZuRbVu,false
2175,e6-lifecycle-20260706T053732.792354049Z-c4-real-task-0131,signed_postallocation,true,3,1783316258140,0,QmZj7xUMfzrxW16za1Jy2ZVd3iayZXWvUsAREvSyZuRbVu,false
2176,e6-lifecycle-20260706T053732.792354049Z-c4-real-task-0126,signed_post_evalsnapshot,true,5,1783316258139,0,QmPtdsowq8zmmDRQ1z7WASkkcgXTNTYdCxgN5vM5mEmQKU,false
2177,e6-lifecycle-20260706T053732.792354049Z-c4-real-task-0126,signed_vote1,true,2,1783316258144,0,QmPtdsowq8zmmDRQ1z7WASkkcgXTNTYdCxgN5vM5mEmQKU,false
2178,e6-lifecycle-20260706T053732.792354049Z-c4-real-task-0131,signed_post_evalsnapshot,true,5,1783316258143,0,QmZj7xUMfzrxW16za1Jy2ZVd3iayZXWvUsAREvSyZuRbVu,false
2179,e6-lifecycle-20260706T053732.792354049Z-c4-real-task-0131,signed_vote1,true,1,1783316258148,0,QmZj7xUMfzrxW16za1Jy2ZVd3iayZXWvUsAREvSyZuRbVu,false
2180,e6-lifecycle-20260706T053732.792354049Z-c4-real-task-0126,signed_vote2,true,5,1783316258146,0,QmPtdsowq8zmmDRQ1z7WASkkcgXTNTYdCxgN5vM5mEmQKU,false
2181,e6-lifecycle-20260706T053732.792354049Z-c4-real-task-0126,signed_settlement,true,2,1783316258151,0,QmPtdsowq8zmmDRQ1z7WASkkcgXTNTYdCxgN5vM5mEmQKU,false
2182,e6-lifecycle-20260706T053732.792354049Z-c4-real-task-0131,signed_vote2,true,6,1783316258149,0,QmZj7xUMfzrxW16za1Jy2ZVd3iayZXWvUsAREvSyZuRbVu,false
2183,e6-lifecycle-20260706T053732.792354049Z-c4-real-task-0126,signed_query_latest,true,3,1783316258153,0,QmPtdsowq8zmmDRQ1z7WASkkcgXTNTYdCxgN5vM5mEmQKU,false
2184,e6-lifecycle-20260706T053732.792354049Z-c4-real-task-0131,signed_settlement,true,1,1783316258155,0,QmZj7xUMfzrxW16za1Jy2ZVd3iayZXWvUsAREvSyZuRbVu,false
2185,e6-lifecycle-20260706T053732.792354049Z-c4-real-task-0131,signed_query_latest,true,0,1783316258156,0,QmZj7xUMfzrxW16za1Jy2ZVd3iayZXWvUsAREvSyZuRbVu,false
2186,e6-lifecycle-20260706T053732.792354049Z-c4-real-task-0129,ipfs_add,true,63,1783316258094,6435,,false
2187,e6-lifecycle-20260706T053732.792354049Z-c4-real-task-0129,signed_posttask,true,4,1783316258157,0,QmRdeeEenQRgmkxSMK2mGyLCkKoN4YhqNwubfvJSfxYpPa,false
2188,e6-lifecycle-20260706T053732.792354049Z-c4-real-task-0129,signed_postallocation,true,2,1783316258161,0,QmRdeeEenQRgmkxSMK2mGyLCkKoN4YhqNwubfvJSfxYpPa,false
2189,e6-lifecycle-20260706T053732.792354049Z-c4-real-task-0129,signed_post_evalsnapshot,true,2,1783316258163,0,QmRdeeEenQRgmkxSMK2mGyLCkKoN4YhqNwubfvJSfxYpPa,false
2190,e6-lifecycle-20260706T053732.792354049Z-c4-real-task-0131,ipfs_verify,true,10,1783316258156,0,QmZj7xUMfzrxW16za1Jy2ZVd3iayZXWvUsAREvSyZuRbVu,false
2191,e6-lifecycle-20260706T053732.792354049Z-c4-real-task-0126,ipfs_verify,true,10,1783316258156,0,QmPtdsowq8zmmDRQ1z7WASkkcgXTNTYdCxgN5vM5mEmQKU,false
2192,e6-lifecycle-20260706T053732.792354049Z-c4-real-task-0129,signed_vote1,true,2,1783316258165,0,QmRdeeEenQRgmkxSMK2mGyLCkKoN4YhqNwubfvJSfxYpPa,false
2193,e6-lifecycle-20260706T053732.792354049Z-c4-real-task-0129,signed_vote2,true,1,1783316258167,0,QmRdeeEenQRgmkxSMK2mGyLCkKoN4YhqNwubfvJSfxYpPa,false
2194,e6-lifecycle-20260706T053732.792354049Z-c4-real-task-0129,signed_settlement,true,2,1783316258168,0,QmRdeeEenQRgmkxSMK2mGyLCkKoN4YhqNwubfvJSfxYpPa,false
2195,e6-lifecycle-20260706T053732.792354049Z-c4-real-task-0129,signed_query_latest,true,0,1783316258170,0,QmRdeeEenQRgmkxSMK2mGyLCkKoN4YhqNwubfvJSfxYpPa,false
2196,e6-lifecycle-20260706T053732.792354049Z-c4-real-task-0129,ipfs_verify,true,7,1783316258170,0,QmRdeeEenQRgmkxSMK2mGyLCkKoN4YhqNwubfvJSfxYpPa,false
2197,e6-lifecycle-20260706T053732.792354049Z-c4-real-task-0130,ipfs_add,true,44,1783316258134,5421,,false
2198,e6-lifecycle-20260706T053732.792354049Z-c4-real-task-0130,signed_posttask,true,2,1783316258178,0,QmasDoPun8NvohoPkm66UZpwkaJFFvmh8hCVDMoxGk7S7Z,false
2199,e6-lifecycle-20260706T053732.792354049Z-c4-real-task-0130,signed_postallocation,true,2,1783316258180,0,QmasDoPun8NvohoPkm66UZpwkaJFFvmh8hCVDMoxGk7S7Z,false
2200,e6-lifecycle-20260706T053732.792354049Z-c4-real-task-0130,signed_post_evalsnapshot,true,2,1783316258182,0,QmasDoPun8NvohoPkm66UZpwkaJFFvmh8hCVDMoxGk7S7Z,false
2201,e6-lifecycle-20260706T053732.792354049Z-c4-real-task-0130,signed_vote1,true,1,1783316258184,0,QmasDoPun8NvohoPkm66UZpwkaJFFvmh8hCVDMoxGk7S7Z,false
2202,e6-lifecycle-20260706T053732.792354049Z-c4-real-task-0130,signed_vote2,true,2,1783316258185,0,QmasDoPun8NvohoPkm66UZpwkaJFFvmh8hCVDMoxGk7S7Z,false
2203,e6-lifecycle-20260706T053732.792354049Z-c4-real-task-0130,signed_settlement,true,2,1783316258187,0,QmasDoPun8NvohoPkm66UZpwkaJFFvmh8hCVDMoxGk7S7Z,false
2204,e6-lifecycle-20260706T053732.792354049Z-c4-real-task-0130,signed_query_latest,true,0,1783316258189,0,QmasDoPun8NvohoPkm66UZpwkaJFFvmh8hCVDMoxGk7S7Z,false
2205,e6-lifecycle-20260706T053732.792354049Z-c4-real-task-0130,ipfs_verify,true,7,1783316258189,0,QmasDoPun8NvohoPkm66UZpwkaJFFvmh8hCVDMoxGk7S7Z,false
2206,e6-lifecycle-20260706T053732.792354049Z-c4-real-task-0011,ipfs_add,true,32,1783316258166,1792,,false
2207,e6-lifecycle-20260706T053732.792354049Z-c4-real-task-0011,signed_posttask,true,2,1783316258198,0,QmRYRwmnCKh97pHrWVSsWgKT9hwEK6SXPP8N3DGcdkp1Hf,false
2208,e6-lifecycle-20260706T053732.792354049Z-c4-real-task-0011,signed_postallocation,true,2,1783316258200,0,QmRYRwmnCKh97pHrWVSsWgKT9hwEK6SXPP8N3DGcdkp1Hf,false
2209,e6-lifecycle-20260706T053732.792354049Z-c4-real-task-0011,signed_post_evalsnapshot,true,1,1783316258202,0,QmRYRwmnCKh97pHrWVSsWgKT9hwEK6SXPP8N3DGcdkp1Hf,false
2210,e6-lifecycle-20260706T053732.792354049Z-c4-real-task-0011,signed_vote1,true,2,1783316258203,0,QmRYRwmnCKh97pHrWVSsWgKT9hwEK6SXPP8N3DGcdkp1Hf,false
2211,e6-lifecycle-20260706T053732.792354049Z-c4-real-task-0011,signed_vote2,true,2,1783316258205,0,QmRYRwmnCKh97pHrWVSsWgKT9hwEK6SXPP8N3DGcdkp1Hf,false
2212,e6-lifecycle-20260706T053732.792354049Z-c4-real-task-0011,signed_settlement,true,1,1783316258207,0,QmRYRwmnCKh97pHrWVSsWgKT9hwEK6SXPP8N3DGcdkp1Hf,false
2213,e6-lifecycle-20260706T053732.792354049Z-c4-real-task-0011,signed_query_latest,true,0,1783316258208,0,QmRYRwmnCKh97pHrWVSsWgKT9hwEK6SXPP8N3DGcdkp1Hf,false
2214,e6-lifecycle-20260706T053732.792354049Z-c4-real-task-0011,ipfs_verify,true,10,1783316258208,0,QmRYRwmnCKh97pHrWVSsWgKT9hwEK6SXPP8N3DGcdkp1Hf,false
2215,e6-lifecycle-20260706T053732.792354049Z-c4-real-task-0022,ipfs_add,true,62,1783316258166,2068,,false
2216,e6-lifecycle-20260706T053732.792354049Z-c4-real-task-0022,signed_posttask,true,3,1783316258228,0,QmNqxnqMtb8sfjsbs8nXG3svpSGcf4Pq1qS9nykNsjeEqq,false
2217,e6-lifecycle-20260706T053732.792354049Z-c4-real-task-0022,signed_postallocation,true,1,1783316258231,0,QmNqxnqMtb8sfjsbs8nXG3svpSGcf4Pq1qS9nykNsjeEqq,false
2218,e6-lifecycle-20260706T053732.792354049Z-c4-real-task-0022,signed_post_evalsnapshot,true,2,1783316258232,0,QmNqxnqMtb8sfjsbs8nXG3svpSGcf4Pq1qS9nykNsjeEqq,false
2219,e6-lifecycle-20260706T053732.792354049Z-c4-real-task-0022,signed_vote1,true,2,1783316258234,0,QmNqxnqMtb8sfjsbs8nXG3svpSGcf4Pq1qS9nykNsjeEqq,false
2220,e6-lifecycle-20260706T053732.792354049Z-c4-real-task-0022,signed_vote2,true,2,1783316258236,0,QmNqxnqMtb8sfjsbs8nXG3svpSGcf4Pq1qS9nykNsjeEqq,false
2221,e6-lifecycle-20260706T053732.792354049Z-c4-real-task-0022,signed_settlement,true,1,1783316258238,0,QmNqxnqMtb8sfjsbs8nXG3svpSGcf4Pq1qS9nykNsjeEqq,false
2222,e6-lifecycle-20260706T053732.792354049Z-c4-real-task-0022,signed_query_latest,true,0,1783316258239,0,QmNqxnqMtb8sfjsbs8nXG3svpSGcf4Pq1qS9nykNsjeEqq,false
2223,e6-lifecycle-20260706T053732.792354049Z-c4-real-task-0022,ipfs_verify,true,8,1783316258239,0,QmNqxnqMtb8sfjsbs8nXG3svpSGcf4Pq1qS9nykNsjeEqq,false
2224,e6-lifecycle-20260706T053732.792354049Z-c4-real-task-0020,ipfs_add,true,70,1783316258177,1555,,false
2225,e6-lifecycle-20260706T053732.792354049Z-c4-real-task-0020,signed_posttask,true,3,1783316258247,0,QmVVEEsRWTrpHyCUMfWzaezUv7i29R95rTPN8N3iBYMKsY,false
2226,e6-lifecycle-20260706T053732.792354049Z-c4-real-task-0020,signed_postallocation,true,2,1783316258250,0,QmVVEEsRWTrpHyCUMfWzaezUv7i29R95rTPN8N3iBYMKsY,false
2227,e6-lifecycle-20260706T053732.792354049Z-c4-real-task-0020,signed_post_evalsnapshot,true,1,1783316258252,0,QmVVEEsRWTrpHyCUMfWzaezUv7i29R95rTPN8N3iBYMKsY,false
2228,e6-lifecycle-20260706T053732.792354049Z-c4-real-task-0020,signed_vote1,true,2,1783316258253,0,QmVVEEsRWTrpHyCUMfWzaezUv7i29R95rTPN8N3iBYMKsY,false
2229,e6-lifecycle-20260706T053732.792354049Z-c4-real-task-0020,signed_vote2,true,2,1783316258255,0,QmVVEEsRWTrpHyCUMfWzaezUv7i29R95rTPN8N3iBYMKsY,false
2230,e6-lifecycle-20260706T053732.792354049Z-c4-real-task-0020,signed_settlement,true,2,1783316258257,0,QmVVEEsRWTrpHyCUMfWzaezUv7i29R95rTPN8N3iBYMKsY,false
2231,e6-lifecycle-20260706T053732.792354049Z-c4-real-task-0020,signed_query_latest,true,0,1783316258259,0,QmVVEEsRWTrpHyCUMfWzaezUv7i29R95rTPN8N3iBYMKsY,false
2232,e6-lifecycle-20260706T053732.792354049Z-c4-real-task-0020,ipfs_verify,true,7,1783316258259,0,QmVVEEsRWTrpHyCUMfWzaezUv7i29R95rTPN8N3iBYMKsY,false
2233,e6-lifecycle-20260706T053732.792354049Z-c4-real-task-0021,ipfs_add,true,71,1783316258196,2376,,false
2234,e6-lifecycle-20260706T053732.792354049Z-c4-real-task-0021,signed_posttask,true,3,1783316258267,0,QmcMDgZ1hZ3GkUEYEYALditW6azhFYA2tjToNN57pgr9Md,false
2235,e6-lifecycle-20260706T053732.792354049Z-c4-real-task-0021,signed_postallocation,true,1,1783316258270,0,QmcMDgZ1hZ3GkUEYEYALditW6azhFYA2tjToNN57pgr9Md,false
2236,e6-lifecycle-20260706T053732.792354049Z-c4-real-task-0021,signed_post_evalsnapshot,true,2,1783316258271,0,QmcMDgZ1hZ3GkUEYEYALditW6azhFYA2tjToNN57pgr9Md,false
2237,e6-lifecycle-20260706T053732.792354049Z-c4-real-task-0021,signed_vote1,true,2,1783316258273,0,QmcMDgZ1hZ3GkUEYEYALditW6azhFYA2tjToNN57pgr9Md,false
2238,e6-lifecycle-20260706T053732.792354049Z-c4-real-task-0021,signed_vote2,true,3,1783316258275,0,QmcMDgZ1hZ3GkUEYEYALditW6azhFYA2tjToNN57pgr9Md,false
2239,e6-lifecycle-20260706T053732.792354049Z-c4-real-task-0021,signed_settlement,true,2,1783316258278,0,QmcMDgZ1hZ3GkUEYEYALditW6azhFYA2tjToNN57pgr9Md,false
2240,e6-lifecycle-20260706T053732.792354049Z-c4-real-task-0021,signed_query_latest,true,0,1783316258280,0,QmcMDgZ1hZ3GkUEYEYALditW6azhFYA2tjToNN57pgr9Md,false
2241,e6-lifecycle-20260706T053732.792354049Z-c4-real-task-0021,ipfs_verify,true,9,1783316258280,0,QmcMDgZ1hZ3GkUEYEYALditW6azhFYA2tjToNN57pgr9Md,false
2242,e6-lifecycle-20260706T053732.792354049Z-c4-real-task-0133,ipfs_add,true,79,1783316258218,4372,,false
2243,e6-lifecycle-20260706T053732.792354049Z-c4-real-task-0133,signed_posttask,true,3,1783316258297,0,QmV9gx3VUoqhkXRkzRD7hEPhbZz6mSJ82UTFrCpLh1TD3b,false
2244,e6-lifecycle-20260706T053732.792354049Z-c4-real-task-0133,signed_postallocation,true,1,1783316258300,0,QmV9gx3VUoqhkXRkzRD7hEPhbZz6mSJ82UTFrCpLh1TD3b,false
2245,e6-lifecycle-20260706T053732.792354049Z-c4-real-task-0133,signed_post_evalsnapshot,true,2,1783316258301,0,QmV9gx3VUoqhkXRkzRD7hEPhbZz6mSJ82UTFrCpLh1TD3b,false
2246,e6-lifecycle-20260706T053732.792354049Z-c4-real-task-0133,signed_vote1,true,2,1783316258303,0,QmV9gx3VUoqhkXRkzRD7hEPhbZz6mSJ82UTFrCpLh1TD3b,false
2247,e6-lifecycle-20260706T053732.792354049Z-c4-real-task-0133,signed_vote2,true,2,1783316258305,0,QmV9gx3VUoqhkXRkzRD7hEPhbZz6mSJ82UTFrCpLh1TD3b,false
2248,e6-lifecycle-20260706T053732.792354049Z-c4-real-task-0133,signed_settlement,true,2,1783316258307,0,QmV9gx3VUoqhkXRkzRD7hEPhbZz6mSJ82UTFrCpLh1TD3b,false
2249,e6-lifecycle-20260706T053732.792354049Z-c4-real-task-0133,signed_query_latest,true,0,1783316258309,0,QmV9gx3VUoqhkXRkzRD7hEPhbZz6mSJ82UTFrCpLh1TD3b,false
2250,e6-lifecycle-20260706T053732.792354049Z-c4-real-task-0133,ipfs_verify,true,8,1783316258309,0,QmV9gx3VUoqhkXRkzRD7hEPhbZz6mSJ82UTFrCpLh1TD3b,false
2251,e6-lifecycle-20260706T053732.792354049Z-c4-real-task-0132,ipfs_add,true,72,1783316258247,5599,,false
2252,e6-lifecycle-20260706T053732.792354049Z-c4-real-task-0132,signed_posttask,true,2,1783316258319,0,QmYCBqE2NteLr9sLnHjbiStJeVErpKho8QFCw7417W1UW7,false
2253,e6-lifecycle-20260706T053732.792354049Z-c4-real-task-0132,signed_postallocation,true,3,1783316258321,0,QmYCBqE2NteLr9sLnHjbiStJeVErpKho8QFCw7417W1UW7,false
2254,e6-lifecycle-20260706T053732.792354049Z-c4-real-task-0132,signed_post_evalsnapshot,true,1,1783316258324,0,QmYCBqE2NteLr9sLnHjbiStJeVErpKho8QFCw7417W1UW7,false
2255,e6-lifecycle-20260706T053732.792354049Z-c4-real-task-0132,signed_vote1,true,2,1783316258325,0,QmYCBqE2NteLr9sLnHjbiStJeVErpKho8QFCw7417W1UW7,false
2256,e6-lifecycle-20260706T053732.792354049Z-c4-real-task-0132,signed_vote2,true,2,1783316258327,0,QmYCBqE2NteLr9sLnHjbiStJeVErpKho8QFCw7417W1UW7,false
2257,e6-lifecycle-20260706T053732.792354049Z-c4-real-task-0132,signed_settlement,true,1,1783316258329,0,QmYCBqE2NteLr9sLnHjbiStJeVErpKho8QFCw7417W1UW7,false
2258,e6-lifecycle-20260706T053732.792354049Z-c4-real-task-0132,signed_query_latest,true,0,1783316258330,0,QmYCBqE2NteLr9sLnHjbiStJeVErpKho8QFCw7417W1UW7,false
2259,e6-lifecycle-20260706T053732.792354049Z-c4-real-task-0132,ipfs_verify,true,11,1783316258330,0,QmYCBqE2NteLr9sLnHjbiStJeVErpKho8QFCw7417W1UW7,false
2260,e6-lifecycle-20260706T053732.792354049Z-c4-real-task-0012,ipfs_add,true,77,1783316258266,2481,,false
2261,e6-lifecycle-20260706T053732.792354049Z-c4-real-task-0012,signed_posttask,true,2,1783316258343,0,QmbLZmrnw2YxkgQegnEMgsfhkBbcndvvPFprkSdibX7c49,false
2262,e6-lifecycle-20260706T053732.792354049Z-c4-real-task-0012,signed_postallocation,true,2,1783316258345,0,QmbLZmrnw2YxkgQegnEMgsfhkBbcndvvPFprkSdibX7c49,false
2263,e6-lifecycle-20260706T053732.792354049Z-c4-real-task-0012,signed_post_evalsnapshot,true,2,1783316258347,0,QmbLZmrnw2YxkgQegnEMgsfhkBbcndvvPFprkSdibX7c49,false
2264,e6-lifecycle-20260706T053732.792354049Z-c4-real-task-0012,signed_vote1,true,2,1783316258349,0,QmbLZmrnw2YxkgQegnEMgsfhkBbcndvvPFprkSdibX7c49,false
2265,e6-lifecycle-20260706T053732.792354049Z-c4-real-task-0012,signed_vote2,true,1,1783316258351,0,QmbLZmrnw2YxkgQegnEMgsfhkBbcndvvPFprkSdibX7c49,false
2266,e6-lifecycle-20260706T053732.792354049Z-c4-real-task-0012,signed_settlement,true,2,1783316258352,0,QmbLZmrnw2YxkgQegnEMgsfhkBbcndvvPFprkSdibX7c49,false
2267,e6-lifecycle-20260706T053732.792354049Z-c4-real-task-0012,signed_query_latest,true,0,1783316258354,0,QmbLZmrnw2YxkgQegnEMgsfhkBbcndvvPFprkSdibX7c49,false
2268,e6-lifecycle-20260706T053732.792354049Z-c4-real-task-0012,ipfs_verify,true,8,1783316258354,0,QmbLZmrnw2YxkgQegnEMgsfhkBbcndvvPFprkSdibX7c49,false
2269,e6-lifecycle-20260706T053732.792354049Z-c4-real-task-0024,ipfs_add,true,77,1783316258289,1380,,false
2270,e6-lifecycle-20260706T053732.792354049Z-c4-real-task-0024,signed_posttask,true,2,1783316258366,0,QmVMeHnQxmGXaDj74SJcQxSejhibib6Ve54PwgWQGkenB7,false
2271,e6-lifecycle-20260706T053732.792354049Z-c4-real-task-0024,signed_postallocation,true,2,1783316258368,0,QmVMeHnQxmGXaDj74SJcQxSejhibib6Ve54PwgWQGkenB7,false
2272,e6-lifecycle-20260706T053732.792354049Z-c4-real-task-0024,signed_post_evalsnapshot,true,1,1783316258370,0,QmVMeHnQxmGXaDj74SJcQxSejhibib6Ve54PwgWQGkenB7,false
2273,e6-lifecycle-20260706T053732.792354049Z-c4-real-task-0024,signed_vote1,true,2,1783316258371,0,QmVMeHnQxmGXaDj74SJcQxSejhibib6Ve54PwgWQGkenB7,false
2274,e6-lifecycle-20260706T053732.792354049Z-c4-real-task-0024,signed_vote2,true,2,1783316258373,0,QmVMeHnQxmGXaDj74SJcQxSejhibib6Ve54PwgWQGkenB7,false
2275,e6-lifecycle-20260706T053732.792354049Z-c4-real-task-0024,signed_settlement,true,3,1783316258375,0,QmVMeHnQxmGXaDj74SJcQxSejhibib6Ve54PwgWQGkenB7,false
2276,e6-lifecycle-20260706T053732.792354049Z-c4-real-task-0024,signed_query_latest,true,0,1783316258378,0,QmVMeHnQxmGXaDj74SJcQxSejhibib6Ve54PwgWQGkenB7,false
2277,e6-lifecycle-20260706T053732.792354049Z-c4-real-task-0024,ipfs_verify,true,9,1783316258378,0,QmVMeHnQxmGXaDj74SJcQxSejhibib6Ve54PwgWQGkenB7,false
2278,e6-lifecycle-20260706T053732.792354049Z-c4-real-task-0134,ipfs_add,true,63,1783316258341,5569,,false
2279,e6-lifecycle-20260706T053732.792354049Z-c4-real-task-0134,signed_posttask,true,2,1783316258404,0,QmPW1qU3hoUSoGbD2KjbwxVen41kGxev6EBjJ6zmEFnCrD,false
2280,e6-lifecycle-20260706T053732.792354049Z-c4-real-task-0134,signed_postallocation,true,1,1783316258406,0,QmPW1qU3hoUSoGbD2KjbwxVen41kGxev6EBjJ6zmEFnCrD,false
2281,e6-lifecycle-20260706T053732.792354049Z-c4-real-task-0134,signed_post_evalsnapshot,true,2,1783316258407,0,QmPW1qU3hoUSoGbD2KjbwxVen41kGxev6EBjJ6zmEFnCrD,false
2282,e6-lifecycle-20260706T053732.792354049Z-c4-real-task-0134,signed_vote1,true,2,1783316258409,0,QmPW1qU3hoUSoGbD2KjbwxVen41kGxev6EBjJ6zmEFnCrD,false
2283,e6-lifecycle-20260706T053732.792354049Z-c4-real-task-0134,signed_vote2,true,1,1783316258411,0,QmPW1qU3hoUSoGbD2KjbwxVen41kGxev6EBjJ6zmEFnCrD,false
2284,e6-lifecycle-20260706T053732.792354049Z-c4-real-task-0134,signed_settlement,true,2,1783316258412,0,QmPW1qU3hoUSoGbD2KjbwxVen41kGxev6EBjJ6zmEFnCrD,false
2285,e6-lifecycle-20260706T053732.792354049Z-c4-real-task-0134,signed_query_latest,true,0,1783316258414,0,QmPW1qU3hoUSoGbD2KjbwxVen41kGxev6EBjJ6zmEFnCrD,false
2286,e6-lifecycle-20260706T053732.792354049Z-c4-real-task-0134,ipfs_verify,true,9,1783316258414,0,QmPW1qU3hoUSoGbD2KjbwxVen41kGxev6EBjJ6zmEFnCrD,false
2287,e6-lifecycle-20260706T053732.792354049Z-c4-real-task-0025,ipfs_add,true,63,1783316258362,1470,,false
2288,e6-lifecycle-20260706T053732.792354049Z-c4-real-task-0023,ipfs_add,true,108,1783316258317,1700,,false
2289,e6-lifecycle-20260706T053732.792354049Z-c4-real-task-0025,signed_posttask,true,2,1783316258425,0,QmfV4xn5gz8tktJ19swpdMmXMvtkpfJY5tXJWbBSUFSHFi,false
2290,e6-lifecycle-20260706T053732.792354049Z-c4-real-task-0025,signed_postallocation,true,2,1783316258427,0,QmfV4xn5gz8tktJ19swpdMmXMvtkpfJY5tXJWbBSUFSHFi,false
2291,e6-lifecycle-20260706T053732.792354049Z-c4-real-task-0023,signed_posttask,true,6,1783316258425,0,QmSNTzME5ExH9MXjsfAXcGbriDzvpgibF4VxHLZTbZtpFe,false
2292,e6-lifecycle-20260706T053732.792354049Z-c4-real-task-0023,signed_postallocation,true,1,1783316258431,0,QmSNTzME5ExH9MXjsfAXcGbriDzvpgibF4VxHLZTbZtpFe,false
2293,e6-lifecycle-20260706T053732.792354049Z-c4-real-task-0025,signed_post_evalsnapshot,true,5,1783316258429,0,QmfV4xn5gz8tktJ19swpdMmXMvtkpfJY5tXJWbBSUFSHFi,false
2294,e6-lifecycle-20260706T053732.792354049Z-c4-real-task-0025,signed_vote1,true,2,1783316258434,0,QmfV4xn5gz8tktJ19swpdMmXMvtkpfJY5tXJWbBSUFSHFi,false
2295,e6-lifecycle-20260706T053732.792354049Z-c4-real-task-0023,signed_post_evalsnapshot,true,5,1783316258432,0,QmSNTzME5ExH9MXjsfAXcGbriDzvpgibF4VxHLZTbZtpFe,false
2296,e6-lifecycle-20260706T053732.792354049Z-c4-real-task-0023,signed_vote1,true,2,1783316258437,0,QmSNTzME5ExH9MXjsfAXcGbriDzvpgibF4VxHLZTbZtpFe,false
2297,e6-lifecycle-20260706T053732.792354049Z-c4-real-task-0025,signed_vote2,true,5,1783316258436,0,QmfV4xn5gz8tktJ19swpdMmXMvtkpfJY5tXJWbBSUFSHFi,false
2298,e6-lifecycle-20260706T053732.792354049Z-c4-real-task-0025,signed_settlement,true,2,1783316258441,0,QmfV4xn5gz8tktJ19swpdMmXMvtkpfJY5tXJWbBSUFSHFi,false
2299,e6-lifecycle-20260706T053732.792354049Z-c4-real-task-0023,signed_vote2,true,6,1783316258439,0,QmSNTzME5ExH9MXjsfAXcGbriDzvpgibF4VxHLZTbZtpFe,false
2300,e6-lifecycle-20260706T053732.792354049Z-c4-real-task-0025,signed_query_latest,true,3,1783316258443,0,QmfV4xn5gz8tktJ19swpdMmXMvtkpfJY5tXJWbBSUFSHFi,false
2301,e6-lifecycle-20260706T053732.792354049Z-c4-real-task-0023,signed_settlement,true,1,1783316258445,0,QmSNTzME5ExH9MXjsfAXcGbriDzvpgibF4VxHLZTbZtpFe,false
2302,e6-lifecycle-20260706T053732.792354049Z-c4-real-task-0023,signed_query_latest,true,0,1783316258446,0,QmSNTzME5ExH9MXjsfAXcGbriDzvpgibF4VxHLZTbZtpFe,false
2303,e6-lifecycle-20260706T053732.792354049Z-c4-real-task-0135,ipfs_add,true,60,1783316258387,6297,,false
2304,e6-lifecycle-20260706T053732.792354049Z-c4-real-task-0135,signed_posttask,true,2,1783316258447,0,QmRgs6w8r3X2JvyiVmXrFPnc5Whw1EhTnEw6iDRUTAKBSq,false
2305,e6-lifecycle-20260706T053732.792354049Z-c4-real-task-0135,signed_postallocation,true,1,1783316258449,0,QmRgs6w8r3X2JvyiVmXrFPnc5Whw1EhTnEw6iDRUTAKBSq,false
2306,e6-lifecycle-20260706T053732.792354049Z-c4-real-task-0135,signed_post_evalsnapshot,true,2,1783316258450,0,QmRgs6w8r3X2JvyiVmXrFPnc5Whw1EhTnEw6iDRUTAKBSq,false
2307,e6-lifecycle-20260706T053732.792354049Z-c4-real-task-0023,ipfs_verify,true,7,1783316258446,0,QmSNTzME5ExH9MXjsfAXcGbriDzvpgibF4VxHLZTbZtpFe,false
2308,e6-lifecycle-20260706T053732.792354049Z-c4-real-task-0025,ipfs_verify,true,7,1783316258446,0,QmfV4xn5gz8tktJ19swpdMmXMvtkpfJY5tXJWbBSUFSHFi,false
2309,e6-lifecycle-20260706T053732.792354049Z-c4-real-task-0135,signed_vote1,true,1,1783316258452,0,QmRgs6w8r3X2JvyiVmXrFPnc5Whw1EhTnEw6iDRUTAKBSq,false
2310,e6-lifecycle-20260706T053732.792354049Z-c4-real-task-0135,signed_vote2,true,2,1783316258453,0,QmRgs6w8r3X2JvyiVmXrFPnc5Whw1EhTnEw6iDRUTAKBSq,false
2311,e6-lifecycle-20260706T053732.792354049Z-c4-real-task-0135,signed_settlement,true,2,1783316258455,0,QmRgs6w8r3X2JvyiVmXrFPnc5Whw1EhTnEw6iDRUTAKBSq,false
2312,e6-lifecycle-20260706T053732.792354049Z-c4-real-task-0135,signed_query_latest,true,0,1783316258457,0,QmRgs6w8r3X2JvyiVmXrFPnc5Whw1EhTnEw6iDRUTAKBSq,false
2313,e6-lifecycle-20260706T053732.792354049Z-c4-real-task-0135,ipfs_verify,true,6,1783316258457,0,QmRgs6w8r3X2JvyiVmXrFPnc5Whw1EhTnEw6iDRUTAKBSq,false
