seq,run_id,task_id,op,success,error,latency_ms,started_at_ms,bytes_sent,cid,warmup
1,b2-fabric-b1-c4-r1,b2-fabric-b1-c4-r1-warmup-0000,ipfs_add,True,,67,1783271601963,2041,,True
2,b2-fabric-b1-c4-r1,b2-fabric-b1-c4-r1-warmup-0000,fabric_post_task,True,,2573,1783271602030,2041,QmZpceyXD65orbHnVn4w3sPB8ea42LnxKYXnQkqH8QFV8f,True
3,b2-fabric-b1-c4-r1,b2-fabric-b1-c4-r1-warmup-0000,fabric_post_allocation,True,,2632,1783271604603,0,,True
4,b2-fabric-b1-c4-r1,b2-fabric-b1-c4-r1-warmup-0000,fabric_post_snapshot,True,,2562,1783271607235,0,,True
5,b2-fabric-b1-c4-r1,b2-fabric-b1-c4-r1-warmup-0000,fabric_query_confirmation,True,,400,1783271609797,0,,True
6,b2-fabric-b1-c4-r1,b2-fabric-b1-c4-r1-warmup-0000,fabric_vote_1,True,,2501,1783271610197,0,,True
7,b2-fabric-b1-c4-r1,b2-fabric-b1-c4-r1-warmup-0000,fabric_vote_2,True,,2641,1783271612698,0,,True
8,b2-fabric-b1-c4-r1,b2-fabric-b1-c4-r1-warmup-0000,fabric_settlement,True,,2503,1783271615339,0,,True
9,b2-fabric-b1-c4-r1,b2-fabric-b1-c4-r1-warmup-0000,fabric_query_final,True,,1111,1783271617842,0,,True
10,b2-fabric-b1-c4-r1,b2-fabric-b1-c4-r1-warmup-0000,ipfs_verify,True,,8,1783271618953,0,QmZpceyXD65orbHnVn4w3sPB8ea42LnxKYXnQkqH8QFV8f,True
11,b2-fabric-b1-c4-r1,b2-fabric-b1-c4-r1-task-0000,ipfs_add,True,,34,1783271618962,2041,,False
12,b2-fabric-b1-c4-r1,b2-fabric-b1-c4-r1-task-0003,ipfs_add,True,,44,1783271618963,2446,,False
13,b2-fabric-b1-c4-r1,b2-fabric-b1-c4-r1-task-0002,ipfs_add,True,,56,1783271618962,4391,,False
14,b2-fabric-b1-c4-r1,b2-fabric-b1-c4-r1-task-0001,ipfs_add,True,,68,1783271618962,1691,,False
15,b2-fabric-b1-c4-r1,b2-fabric-b1-c4-r1-task-0001,fabric_post_task,True,,2501,1783271619030,1691,QmWLjQroE5HFCEHpAAXxtDJw9HMkY6m5xMyNL3BCoktNFe,False
16,b2-fabric-b1-c4-r1,b2-fabric-b1-c4-r1-task-0003,fabric_post_task,True,,2526,1783271619007,2446,QmPvR785HfFDDiGzRGUjqnESf82yCdppnLSJbnvszkNAGt,False
17,b2-fabric-b1-c4-r1,b2-fabric-b1-c4-r1-task-0002,fabric_post_task,True,,2517,1783271619018,4391,QmadZcFHB1uQSGYUnYEPgsvcDpcDhp6t3Vn4pKLzTyZW3B,False
18,b2-fabric-b1-c4-r1,b2-fabric-b1-c4-r1-task-0000,fabric_post_task,True,,2543,1783271618996,2041,QmZpceyXD65orbHnVn4w3sPB8ea42LnxKYXnQkqH8QFV8f,False
19,b2-fabric-b1-c4-r1,b2-fabric-b1-c4-r1-task-0002,fabric_post_allocation,True,,2608,1783271621535,0,,False
20,b2-fabric-b1-c4-r1,b2-fabric-b1-c4-r1-task-0001,fabric_post_allocation,True,,2613,1783271621531,0,,False
21,b2-fabric-b1-c4-r1,b2-fabric-b1-c4-r1-task-0003,fabric_post_allocation,True,,2612,1783271621533,0,,False
22,b2-fabric-b1-c4-r1,b2-fabric-b1-c4-r1-task-0000,fabric_post_allocation,True,,2609,1783271621539,0,,False
23,b2-fabric-b1-c4-r1,b2-fabric-b1-c4-r1-task-0000,fabric_post_snapshot,True,,2697,1783271624148,0,,False
24,b2-fabric-b1-c4-r1,b2-fabric-b1-c4-r1-task-0001,fabric_post_snapshot,True,,2702,1783271624144,0,,False
25,b2-fabric-b1-c4-r1,b2-fabric-b1-c4-r1-task-0002,fabric_post_snapshot,True,,2704,1783271624143,0,,False
26,b2-fabric-b1-c4-r1,b2-fabric-b1-c4-r1-task-0003,fabric_post_snapshot,True,,2701,1783271624146,0,,False
27,b2-fabric-b1-c4-r1,b2-fabric-b1-c4-r1-task-0001,fabric_query_confirmation,True,,120,1783271626846,0,,False
28,b2-fabric-b1-c4-r1,b2-fabric-b1-c4-r1-task-0002,fabric_query_confirmation,True,,120,1783271626847,0,,False
29,b2-fabric-b1-c4-r1,b2-fabric-b1-c4-r1-task-0003,fabric_query_confirmation,True,,120,1783271626847,0,,False
30,b2-fabric-b1-c4-r1,b2-fabric-b1-c4-r1-task-0000,fabric_query_confirmation,True,,123,1783271626845,0,,False
31,b2-fabric-b1-c4-r1,b2-fabric-b1-c4-r1-task-0002,fabric_vote_1,True,,2324,1783271626967,0,,False
32,b2-fabric-b1-c4-r1,b2-fabric-b1-c4-r1-task-0000,fabric_vote_1,True,,2324,1783271626968,0,,False
33,b2-fabric-b1-c4-r1,b2-fabric-b1-c4-r1-task-0001,fabric_vote_1,True,,2326,1783271626966,0,,False
34,b2-fabric-b1-c4-r1,b2-fabric-b1-c4-r1-task-0003,fabric_vote_1,True,,2327,1783271626967,0,,False
35,b2-fabric-b1-c4-r1,b2-fabric-b1-c4-r1-task-0001,fabric_vote_2,True,,2268,1783271629292,0,,False
36,b2-fabric-b1-c4-r1,b2-fabric-b1-c4-r1-task-0000,fabric_vote_2,True,,2268,1783271629292,0,,False
37,b2-fabric-b1-c4-r1,b2-fabric-b1-c4-r1-task-0003,fabric_vote_2,True,,2267,1783271629294,0,,False
38,b2-fabric-b1-c4-r1,b2-fabric-b1-c4-r1-task-0002,fabric_vote_2,True,,2271,1783271629291,0,,False
39,b2-fabric-b1-c4-r1,b2-fabric-b1-c4-r1-task-0002,fabric_settlement,True,,2307,1783271631562,0,,False
40,b2-fabric-b1-c4-r1,b2-fabric-b1-c4-r1-task-0000,fabric_settlement,True,,2310,1783271631560,0,,False
41,b2-fabric-b1-c4-r1,b2-fabric-b1-c4-r1-task-0001,fabric_settlement,True,,2311,1783271631560,0,,False
42,b2-fabric-b1-c4-r1,b2-fabric-b1-c4-r1-task-0003,fabric_settlement,True,,2311,1783271631561,0,,False
43,b2-fabric-b1-c4-r1,b2-fabric-b1-c4-r1-task-0002,fabric_query_final,True,,359,1783271633869,0,,False
44,b2-fabric-b1-c4-r1,b2-fabric-b1-c4-r1-task-0003,fabric_query_final,True,,356,1783271633872,0,,False
45,b2-fabric-b1-c4-r1,b2-fabric-b1-c4-r1-task-0001,fabric_query_final,True,,357,1783271633871,0,,False
46,b2-fabric-b1-c4-r1,b2-fabric-b1-c4-r1-task-0002,ipfs_verify,True,,7,1783271634228,0,QmadZcFHB1uQSGYUnYEPgsvcDpcDhp6t3Vn4pKLzTyZW3B,False
47,b2-fabric-b1-c4-r1,b2-fabric-b1-c4-r1-task-0003,ipfs_verify,True,,7,1783271634228,0,QmPvR785HfFDDiGzRGUjqnESf82yCdppnLSJbnvszkNAGt,False
48,b2-fabric-b1-c4-r1,b2-fabric-b1-c4-r1-task-0001,ipfs_verify,True,,8,1783271634228,0,QmWLjQroE5HFCEHpAAXxtDJw9HMkY6m5xMyNL3BCoktNFe,False
49,b2-fabric-b1-c4-r1,b2-fabric-b1-c4-r1-task-0004,ipfs_add,True,,33,1783271634235,4001,,False
50,b2-fabric-b1-c4-r1,b2-fabric-b1-c4-r1-task-0006,ipfs_add,True,,55,1783271634236,1837,,False
51,b2-fabric-b1-c4-r1,b2-fabric-b1-c4-r1-task-0005,ipfs_add,True,,56,1783271634235,1568,,False
52,b2-fabric-b1-c4-r1,b2-fabric-b1-c4-r1-task-0000,fabric_query_final,True,,519,1783271633870,0,,False
53,b2-fabric-b1-c4-r1,b2-fabric-b1-c4-r1-task-0000,ipfs_verify,True,,9,1783271634389,0,QmZpceyXD65orbHnVn4w3sPB8ea42LnxKYXnQkqH8QFV8f,False
54,b2-fabric-b1-c4-r1,b2-fabric-b1-c4-r1-task-0007,ipfs_add,True,,31,1783271634398,1947,,False
55,b2-fabric-b1-c4-r1,b2-fabric-b1-c4-r1-task-0006,fabric_post_task,True,,2283,1783271634291,1837,QmXGbR3DqVcFxShbFVjPMj7ToNDuYqpp9jmC8SXxYHpmsi,False
56,b2-fabric-b1-c4-r1,b2-fabric-b1-c4-r1-task-0004,fabric_post_task,True,,2309,1783271634268,4001,Qmaz6UxvY2c7v7Afz5qnVeVQ353BpWF64tC6snuKvMXMMH,False
57,b2-fabric-b1-c4-r1,b2-fabric-b1-c4-r1-task-0005,fabric_post_task,True,,2287,1783271634291,1568,QmQGqX18RcT7NsFPmbZfQoD9JQ4oRJAgNfw6hWJoUowyXr,False
58,b2-fabric-b1-c4-r1,b2-fabric-b1-c4-r1-task-0007,fabric_post_task,True,,2153,1783271634429,1947,QmZ2mJtGsrx1z5XKWoUvbBSuSSfsFtGubMTSXMJ9cMGQnJ,False
59,b2-fabric-b1-c4-r1,b2-fabric-b1-c4-r1-task-0004,fabric_post_allocation,True,,2542,1783271636577,0,,False
60,b2-fabric-b1-c4-r1,b2-fabric-b1-c4-r1-task-0007,fabric_post_allocation,True,,2538,1783271636582,0,,False
61,b2-fabric-b1-c4-r1,b2-fabric-b1-c4-r1-task-0005,fabric_post_allocation,True,,2543,1783271636578,0,,False
62,b2-fabric-b1-c4-r1,b2-fabric-b1-c4-r1-task-0006,fabric_post_allocation,True,,2547,1783271636574,0,,False
63,b2-fabric-b1-c4-r1,b2-fabric-b1-c4-r1-task-0007,fabric_post_snapshot,True,,-61,1783271639120,0,,False
64,b2-fabric-b1-c4-r1,b2-fabric-b1-c4-r1-task-0004,fabric_post_snapshot,True,,-59,1783271639119,0,,False
65,b2-fabric-b1-c4-r1,b2-fabric-b1-c4-r1-task-0006,fabric_post_snapshot,True,,-61,1783271639121,0,,False
66,b2-fabric-b1-c4-r1,b2-fabric-b1-c4-r1-task-0005,fabric_post_snapshot,True,,-58,1783271639121,0,,False
67,b2-fabric-b1-c4-r1,b2-fabric-b1-c4-r1-task-0006,fabric_query_confirmation,True,,345,1783271639060,0,,False
68,b2-fabric-b1-c4-r1,b2-fabric-b1-c4-r1-task-0007,fabric_query_confirmation,True,,347,1783271639059,0,,False
69,b2-fabric-b1-c4-r1,b2-fabric-b1-c4-r1-task-0005,fabric_query_confirmation,True,,343,1783271639063,0,,False
70,b2-fabric-b1-c4-r1,b2-fabric-b1-c4-r1-task-0004,fabric_query_confirmation,True,,348,1783271639060,0,,False
71,b2-fabric-b1-c4-r1,b2-fabric-b1-c4-r1-task-0007,fabric_vote_1,True,,2499,1783271639406,0,,False
72,b2-fabric-b1-c4-r1,b2-fabric-b1-c4-r1-task-0006,fabric_vote_1,True,,2500,1783271639405,0,,False
73,b2-fabric-b1-c4-r1,b2-fabric-b1-c4-r1-task-0004,fabric_vote_1,True,,2500,1783271639408,0,,False
74,b2-fabric-b1-c4-r1,b2-fabric-b1-c4-r1-task-0005,fabric_vote_1,True,,2503,1783271639406,0,,False
75,b2-fabric-b1-c4-r1,b2-fabric-b1-c4-r1-task-0005,fabric_vote_2,True,,2536,1783271641909,0,,False
76,b2-fabric-b1-c4-r1,b2-fabric-b1-c4-r1-task-0007,fabric_vote_2,True,,2540,1783271641905,0,,False
77,b2-fabric-b1-c4-r1,b2-fabric-b1-c4-r1-task-0006,fabric_vote_2,True,,2541,1783271641905,0,,False
78,b2-fabric-b1-c4-r1,b2-fabric-b1-c4-r1-task-0004,fabric_vote_2,True,,2541,1783271641908,0,,False
79,b2-fabric-b1-c4-r1,b2-fabric-b1-c4-r1-task-0007,fabric_settlement,True,,2534,1783271644445,0,,False
80,b2-fabric-b1-c4-r1,b2-fabric-b1-c4-r1-task-0005,fabric_settlement,True,,2534,1783271644445,0,,False
81,b2-fabric-b1-c4-r1,b2-fabric-b1-c4-r1-task-0006,fabric_settlement,True,,2535,1783271644446,0,,False
82,b2-fabric-b1-c4-r1,b2-fabric-b1-c4-r1-task-0004,fabric_settlement,True,,2533,1783271644449,0,,False
83,b2-fabric-b1-c4-r1,b2-fabric-b1-c4-r1-task-0007,fabric_query_final,True,,421,1783271646979,0,,False
84,b2-fabric-b1-c4-r1,b2-fabric-b1-c4-r1-task-0004,fabric_query_final,True,,418,1783271646982,0,,False
85,b2-fabric-b1-c4-r1,b2-fabric-b1-c4-r1-task-0006,fabric_query_final,True,,420,1783271646981,0,,False
86,b2-fabric-b1-c4-r1,b2-fabric-b1-c4-r1-task-0006,ipfs_verify,True,,9,1783271647401,0,QmXGbR3DqVcFxShbFVjPMj7ToNDuYqpp9jmC8SXxYHpmsi,False
87,b2-fabric-b1-c4-r1,b2-fabric-b1-c4-r1-task-0004,ipfs_verify,True,,11,1783271647400,0,Qmaz6UxvY2c7v7Afz5qnVeVQ353BpWF64tC6snuKvMXMMH,False
88,b2-fabric-b1-c4-r1,b2-fabric-b1-c4-r1-task-0007,ipfs_verify,True,,12,1783271647400,0,QmZ2mJtGsrx1z5XKWoUvbBSuSSfsFtGubMTSXMJ9cMGQnJ,False
89,b2-fabric-b1-c4-r1,b2-fabric-b1-c4-r1-task-0008,ipfs_add,True,,31,1783271647410,4944,,False
90,b2-fabric-b1-c4-r1,b2-fabric-b1-c4-r1-task-0005,fabric_query_final,True,,476,1783271646979,0,,False
91,b2-fabric-b1-c4-r1,b2-fabric-b1-c4-r1-task-0009,ipfs_add,True,,45,1783271647411,2473,,False
92,b2-fabric-b1-c4-r1,b2-fabric-b1-c4-r1-task-0005,ipfs_verify,True,,11,1783271647455,0,QmQGqX18RcT7NsFPmbZfQoD9JQ4oRJAgNfw6hWJoUowyXr,False
93,b2-fabric-b1-c4-r1,b2-fabric-b1-c4-r1-task-0010,ipfs_add,True,,59,1783271647412,1920,,False
94,b2-fabric-b1-c4-r1,b2-fabric-b1-c4-r1-task-0011,ipfs_add,True,,32,1783271647466,1792,,False
95,b2-fabric-b1-c4-r1,b2-fabric-b1-c4-r1-task-0011,fabric_post_task,True,,2233,1783271647498,1792,QmRYRwmnCKh97pHrWVSsWgKT9hwEK6SXPP8N3DGcdkp1Hf,False
96,b2-fabric-b1-c4-r1,b2-fabric-b1-c4-r1-task-0008,fabric_post_task,True,,2291,1783271647441,4944,Qmadej9boMA3zvMcjFpwW1dMDJCrBFKribSZiwN8Np95v4,False
97,b2-fabric-b1-c4-r1,b2-fabric-b1-c4-r1-task-0009,fabric_post_task,True,,2277,1783271647456,2473,QmQL4VyiyFbbfeWbQLp7Qp6cU5MBzGngHTJYLaPrdaD1Q5,False
98,b2-fabric-b1-c4-r1,b2-fabric-b1-c4-r1-task-0010,fabric_post_task,True,,2263,1783271647471,1920,QmW8orLvUAo2YwFjjwaFvXPFemWqGCNshgP2T5TSk9ed5J,False
99,b2-fabric-b1-c4-r1,b2-fabric-b1-c4-r1-task-0010,fabric_post_allocation,True,,3299,1783271649734,0,,False
100,b2-fabric-b1-c4-r1,b2-fabric-b1-c4-r1-task-0008,fabric_post_allocation,True,,3302,1783271649732,0,,False
101,b2-fabric-b1-c4-r1,b2-fabric-b1-c4-r1-task-0009,fabric_post_allocation,True,,3301,1783271649733,0,,False
102,b2-fabric-b1-c4-r1,b2-fabric-b1-c4-r1-task-0011,fabric_post_allocation,True,,3306,1783271649731,0,,False
103,b2-fabric-b1-c4-r1,b2-fabric-b1-c4-r1-task-0009,fabric_post_snapshot,True,,2513,1783271653034,0,,False
104,b2-fabric-b1-c4-r1,b2-fabric-b1-c4-r1-task-0011,fabric_post_snapshot,True,,2512,1783271653037,0,,False
105,b2-fabric-b1-c4-r1,b2-fabric-b1-c4-r1-task-0010,fabric_post_snapshot,True,,2516,1783271653033,0,,False
106,b2-fabric-b1-c4-r1,b2-fabric-b1-c4-r1-task-0008,fabric_post_snapshot,True,,2517,1783271653034,0,,False
107,b2-fabric-b1-c4-r1,b2-fabric-b1-c4-r1-task-0009,fabric_query_confirmation,True,,133,1783271655547,0,,False
108,b2-fabric-b1-c4-r1,b2-fabric-b1-c4-r1-task-0008,fabric_query_confirmation,True,,130,1783271655551,0,,False
109,b2-fabric-b1-c4-r1,b2-fabric-b1-c4-r1-task-0010,fabric_query_confirmation,True,,132,1783271655549,0,,False
110,b2-fabric-b1-c4-r1,b2-fabric-b1-c4-r1-task-0011,fabric_query_confirmation,True,,133,1783271655549,0,,False
111,b2-fabric-b1-c4-r1,b2-fabric-b1-c4-r1-task-0010,fabric_vote_1,True,,2286,1783271655681,0,,False
112,b2-fabric-b1-c4-r1,b2-fabric-b1-c4-r1-task-0009,fabric_vote_1,True,,2288,1783271655680,0,,False
113,b2-fabric-b1-c4-r1,b2-fabric-b1-c4-r1-task-0008,fabric_vote_1,True,,2289,1783271655681,0,,False
114,b2-fabric-b1-c4-r1,b2-fabric-b1-c4-r1-task-0011,fabric_vote_1,True,,2288,1783271655682,0,,False
115,b2-fabric-b1-c4-r1,b2-fabric-b1-c4-r1-task-0010,fabric_vote_2,True,,2278,1783271657967,0,,False
116,b2-fabric-b1-c4-r1,b2-fabric-b1-c4-r1-task-0009,fabric_vote_2,True,,2278,1783271657968,0,,False
117,b2-fabric-b1-c4-r1,b2-fabric-b1-c4-r1-task-0011,fabric_vote_2,True,,2277,1783271657970,0,,False
118,b2-fabric-b1-c4-r1,b2-fabric-b1-c4-r1-task-0008,fabric_vote_2,True,,2279,1783271657970,0,,False
119,b2-fabric-b1-c4-r1,b2-fabric-b1-c4-r1-task-0009,fabric_settlement,True,,2333,1783271660246,0,,False
120,b2-fabric-b1-c4-r1,b2-fabric-b1-c4-r1-task-0011,fabric_settlement,True,,2332,1783271660247,0,,False
121,b2-fabric-b1-c4-r1,b2-fabric-b1-c4-r1-task-0008,fabric_settlement,True,,2331,1783271660249,0,,False
122,b2-fabric-b1-c4-r1,b2-fabric-b1-c4-r1-task-0010,fabric_settlement,True,,2340,1783271660245,0,,False
123,b2-fabric-b1-c4-r1,b2-fabric-b1-c4-r1-task-0011,fabric_query_final,True,,639,1783271662579,0,,False
124,b2-fabric-b1-c4-r1,b2-fabric-b1-c4-r1-task-0009,fabric_query_final,True,,639,1783271662579,0,,False
125,b2-fabric-b1-c4-r1,b2-fabric-b1-c4-r1-task-0008,fabric_query_final,True,,641,1783271662580,0,,False
126,b2-fabric-b1-c4-r1,b2-fabric-b1-c4-r1-task-0009,ipfs_verify,True,,8,1783271663218,0,QmQL4VyiyFbbfeWbQLp7Qp6cU5MBzGngHTJYLaPrdaD1Q5,False
127,b2-fabric-b1-c4-r1,b2-fabric-b1-c4-r1-task-0008,ipfs_verify,True,,6,1783271663221,0,Qmadej9boMA3zvMcjFpwW1dMDJCrBFKribSZiwN8Np95v4,False
128,b2-fabric-b1-c4-r1,b2-fabric-b1-c4-r1-task-0011,ipfs_verify,True,,9,1783271663218,0,QmRYRwmnCKh97pHrWVSsWgKT9hwEK6SXPP8N3DGcdkp1Hf,False
129,b2-fabric-b1-c4-r1,b2-fabric-b1-c4-r1-task-0014,ipfs_add,True,,28,1783271663228,2050,,False
130,b2-fabric-b1-c4-r1,b2-fabric-b1-c4-r1-task-0010,fabric_query_final,True,,674,1783271662585,0,,False
131,b2-fabric-b1-c4-r1,b2-fabric-b1-c4-r1-task-0010,ipfs_verify,True,,9,1783271663259,0,QmW8orLvUAo2YwFjjwaFvXPFemWqGCNshgP2T5TSk9ed5J,False
132,b2-fabric-b1-c4-r1,b2-fabric-b1-c4-r1-task-0012,ipfs_add,True,,46,1783271663226,2481,,False
133,b2-fabric-b1-c4-r1,b2-fabric-b1-c4-r1-task-0013,ipfs_add,True,,64,1783271663227,1794,,False
134,b2-fabric-b1-c4-r1,b2-fabric-b1-c4-r1-task-0015,ipfs_add,True,,35,1783271663268,3558,,False
135,b2-fabric-b1-c4-r1,b2-fabric-b1-c4-r1-task-0013,fabric_post_task,True,,2234,1783271663291,1794,QmZ836RGQ6upMRwgQ3XnYgMNByct8U1cPTyzW3j4N7nzJk,False
136,b2-fabric-b1-c4-r1,b2-fabric-b1-c4-r1-task-0014,fabric_post_task,True,,2271,1783271663256,2050,QmdA4H658GbdXFpaibWrSNhL4kRmi3VbbpP3Y5MfYbX6k2,False
137,b2-fabric-b1-c4-r1,b2-fabric-b1-c4-r1-task-0015,fabric_post_task,True,,2224,1783271663303,3558,QmX9kmCUGB3VHpYs1Jhps4JrTzKker7mYqwzfhduHDQrrA,False
138,b2-fabric-b1-c4-r1,b2-fabric-b1-c4-r1-task-0012,fabric_post_task,True,,2256,1783271663272,2481,QmbLZmrnw2YxkgQegnEMgsfhkBbcndvvPFprkSdibX7c49,False
139,b2-fabric-b1-c4-r1,b2-fabric-b1-c4-r1-task-0012,fabric_post_allocation,True,,2357,1783271665528,0,,False
140,b2-fabric-b1-c4-r1,b2-fabric-b1-c4-r1-task-0014,fabric_post_allocation,True,,2359,1783271665527,0,,False
141,b2-fabric-b1-c4-r1,b2-fabric-b1-c4-r1-task-0015,fabric_post_allocation,True,,2360,1783271665527,0,,False
142,b2-fabric-b1-c4-r1,b2-fabric-b1-c4-r1-task-0013,fabric_post_allocation,True,,2365,1783271665525,0,,False
143,b2-fabric-b1-c4-r1,b2-fabric-b1-c4-r1-task-0013,fabric_post_snapshot,True,,176,1783271667890,0,,False
144,b2-fabric-b1-c4-r1,b2-fabric-b1-c4-r1-task-0015,fabric_post_snapshot,True,,180,1783271667887,0,,False
145,b2-fabric-b1-c4-r1,b2-fabric-b1-c4-r1-task-0014,fabric_post_snapshot,True,,182,1783271667886,0,,False
146,b2-fabric-b1-c4-r1,b2-fabric-b1-c4-r1-task-0012,fabric_post_snapshot,True,,184,1783271667885,0,,False
147,b2-fabric-b1-c4-r1,b2-fabric-b1-c4-r1-task-0014,fabric_query_confirmation,True,,123,1783271668068,0,,False
148,b2-fabric-b1-c4-r1,b2-fabric-b1-c4-r1-task-0012,fabric_query_confirmation,True,,122,1783271668069,0,,False
149,b2-fabric-b1-c4-r1,b2-fabric-b1-c4-r1-task-0015,fabric_query_confirmation,True,,125,1783271668067,0,,False
150,b2-fabric-b1-c4-r1,b2-fabric-b1-c4-r1-task-0013,fabric_query_confirmation,True,,127,1783271668066,0,,False
151,b2-fabric-b1-c4-r1,b2-fabric-b1-c4-r1-task-0015,fabric_vote_1,True,,2277,1783271668192,0,,False
152,b2-fabric-b1-c4-r1,b2-fabric-b1-c4-r1-task-0014,fabric_vote_1,True,,2279,1783271668191,0,,False
153,b2-fabric-b1-c4-r1,b2-fabric-b1-c4-r1-task-0012,fabric_vote_1,True,,2279,1783271668191,0,,False
154,b2-fabric-b1-c4-r1,b2-fabric-b1-c4-r1-task-0013,fabric_vote_1,True,,2280,1783271668193,0,,False
155,b2-fabric-b1-c4-r1,b2-fabric-b1-c4-r1-task-0013,fabric_vote_2,True,,2507,1783271670473,0,,False
156,b2-fabric-b1-c4-r1,b2-fabric-b1-c4-r1-task-0012,fabric_vote_2,True,,2513,1783271670470,0,,False
157,b2-fabric-b1-c4-r1,b2-fabric-b1-c4-r1-task-0015,fabric_vote_2,True,,2515,1783271670469,0,,False
158,b2-fabric-b1-c4-r1,b2-fabric-b1-c4-r1-task-0014,fabric_vote_2,True,,2514,1783271670470,0,,False
159,b2-fabric-b1-c4-r1,b2-fabric-b1-c4-r1-task-0015,fabric_settlement,True,,2306,1783271672984,0,,False
160,b2-fabric-b1-c4-r1,b2-fabric-b1-c4-r1-task-0013,fabric_settlement,True,,2309,1783271672981,0,,False
161,b2-fabric-b1-c4-r1,b2-fabric-b1-c4-r1-task-0012,fabric_settlement,True,,2308,1783271672983,0,,False
162,b2-fabric-b1-c4-r1,b2-fabric-b1-c4-r1-task-0014,fabric_settlement,True,,2310,1783271672984,0,,False
163,b2-fabric-b1-c4-r1,b2-fabric-b1-c4-r1-task-0014,fabric_query_final,True,,783,1783271675294,0,,False
164,b2-fabric-b1-c4-r1,b2-fabric-b1-c4-r1-task-0013,fabric_query_final,True,,788,1783271675290,0,,False
165,b2-fabric-b1-c4-r1,b2-fabric-b1-c4-r1-task-0015,fabric_query_final,True,,788,1783271675290,0,,False
166,b2-fabric-b1-c4-r1,b2-fabric-b1-c4-r1-task-0012,fabric_query_final,True,,792,1783271675291,0,,False
167,b2-fabric-b1-c4-r1,b2-fabric-b1-c4-r1-task-0013,ipfs_verify,True,,7,1783271676078,0,QmZ836RGQ6upMRwgQ3XnYgMNByct8U1cPTyzW3j4N7nzJk,False
168,b2-fabric-b1-c4-r1,b2-fabric-b1-c4-r1-task-0014,ipfs_verify,True,,8,1783271676077,0,QmdA4H658GbdXFpaibWrSNhL4kRmi3VbbpP3Y5MfYbX6k2,False
169,b2-fabric-b1-c4-r1,b2-fabric-b1-c4-r1-task-0015,ipfs_verify,True,,8,1783271676078,0,QmX9kmCUGB3VHpYs1Jhps4JrTzKker7mYqwzfhduHDQrrA,False
170,b2-fabric-b1-c4-r1,b2-fabric-b1-c4-r1-task-0012,ipfs_verify,True,,8,1783271676083,0,QmbLZmrnw2YxkgQegnEMgsfhkBbcndvvPFprkSdibX7c49,False
171,b2-fabric-b1-c4-r1,b2-fabric-b1-c4-r1-task-0017,ipfs_add,True,,46,1783271676085,1714,,False
172,b2-fabric-b1-c4-r1,b2-fabric-b1-c4-r1-task-0016,ipfs_add,True,,57,1783271676085,1806,,False
173,b2-fabric-b1-c4-r1,b2-fabric-b1-c4-r1-task-0019,ipfs_add,True,,65,1783271676091,1779,,False
174,b2-fabric-b1-c4-r1,b2-fabric-b1-c4-r1-task-0018,ipfs_add,True,,71,1783271676086,1628,,False
175,b2-fabric-b1-c4-r1,b2-fabric-b1-c4-r1-task-0018,fabric_post_task,True,,2492,1783271676157,1628,QmXxhuw4zLhaZUxTgm3nVAPdVDi7RC4E8cy48iMSw5X5cc,False
176,b2-fabric-b1-c4-r1,b2-fabric-b1-c4-r1-task-0016,fabric_post_task,True,,2507,1783271676143,1806,QmRXEbbwSGrTFGj6rGcuUsRHhWgzm9E9di73MsPSjQyDqY,False
177,b2-fabric-b1-c4-r1,b2-fabric-b1-c4-r1-task-0017,fabric_post_task,True,,2521,1783271676131,1714,QmWKrJKRZfeQnkT8t5aowLXrHM3GpoZqpDn7cXYRceXJsh,False
178,b2-fabric-b1-c4-r1,b2-fabric-b1-c4-r1-task-0019,fabric_post_task,True,,2497,1783271676156,1779,QmSciV8g79eMrjXm8f2BtxoJrkCttCpUNrWTNbQtrPN26s,False
179,b2-fabric-b1-c4-r1,b2-fabric-b1-c4-r1-task-0019,fabric_post_allocation,True,,3193,1783271678653,0,,False
180,b2-fabric-b1-c4-r1,b2-fabric-b1-c4-r1-task-0018,fabric_post_allocation,True,,3198,1783271678649,0,,False
181,b2-fabric-b1-c4-r1,b2-fabric-b1-c4-r1-task-0017,fabric_post_allocation,True,,3195,1783271678652,0,,False
182,b2-fabric-b1-c4-r1,b2-fabric-b1-c4-r1-task-0016,fabric_post_allocation,True,,3199,1783271678650,0,,False
183,b2-fabric-b1-c4-r1,b2-fabric-b1-c4-r1-task-0016,fabric_post_snapshot,True,,2264,1783271681849,0,,False
184,b2-fabric-b1-c4-r1,b2-fabric-b1-c4-r1-task-0019,fabric_post_snapshot,True,,2267,1783271681846,0,,False
185,b2-fabric-b1-c4-r1,b2-fabric-b1-c4-r1-task-0018,fabric_post_snapshot,True,,2270,1783271681847,0,,False
186,b2-fabric-b1-c4-r1,b2-fabric-b1-c4-r1-task-0017,fabric_post_snapshot,True,,2270,1783271681847,0,,False
187,b2-fabric-b1-c4-r1,b2-fabric-b1-c4-r1-task-0019,fabric_query_confirmation,True,,128,1783271684113,0,,False
188,b2-fabric-b1-c4-r1,b2-fabric-b1-c4-r1-task-0017,fabric_query_confirmation,True,,124,1783271684117,0,,False
189,b2-fabric-b1-c4-r1,b2-fabric-b1-c4-r1-task-0018,fabric_query_confirmation,True,,125,1783271684117,0,,False
190,b2-fabric-b1-c4-r1,b2-fabric-b1-c4-r1-task-0016,fabric_query_confirmation,True,,129,1783271684113,0,,False
191,b2-fabric-b1-c4-r1,b2-fabric-b1-c4-r1-task-0019,fabric_vote_1,True,,2280,1783271684241,0,,False
192,b2-fabric-b1-c4-r1,b2-fabric-b1-c4-r1-task-0018,fabric_vote_1,True,,2281,1783271684242,0,,False
193,b2-fabric-b1-c4-r1,b2-fabric-b1-c4-r1-task-0017,fabric_vote_1,True,,2282,1783271684241,0,,False
194,b2-fabric-b1-c4-r1,b2-fabric-b1-c4-r1-task-0016,fabric_vote_1,True,,2282,1783271684242,0,,False
195,b2-fabric-b1-c4-r1,b2-fabric-b1-c4-r1-task-0019,fabric_vote_2,True,,2282,1783271686521,0,,False
196,b2-fabric-b1-c4-r1,b2-fabric-b1-c4-r1-task-0016,fabric_vote_2,True,,2280,1783271686524,0,,False
197,b2-fabric-b1-c4-r1,b2-fabric-b1-c4-r1-task-0018,fabric_vote_2,True,,2282,1783271686523,0,,False
198,b2-fabric-b1-c4-r1,b2-fabric-b1-c4-r1-task-0017,fabric_vote_2,True,,2284,1783271686523,0,,False
199,b2-fabric-b1-c4-r1,b2-fabric-b1-c4-r1-task-0017,fabric_settlement,True,,2529,1783271688807,0,,False
200,b2-fabric-b1-c4-r1,b2-fabric-b1-c4-r1-task-0016,fabric_settlement,True,,2532,1783271688804,0,,False
201,b2-fabric-b1-c4-r1,b2-fabric-b1-c4-r1-task-0019,fabric_settlement,True,,2534,1783271688803,0,,False
202,b2-fabric-b1-c4-r1,b2-fabric-b1-c4-r1-task-0018,fabric_settlement,True,,2535,1783271688805,0,,False
203,b2-fabric-b1-c4-r1,b2-fabric-b1-c4-r1-task-0016,fabric_query_final,True,,593,1783271691336,0,,False
204,b2-fabric-b1-c4-r1,b2-fabric-b1-c4-r1-task-0017,fabric_query_final,True,,596,1783271691336,0,,False
205,b2-fabric-b1-c4-r1,b2-fabric-b1-c4-r1-task-0018,fabric_query_final,True,,596,1783271691340,0,,False
206,b2-fabric-b1-c4-r1,b2-fabric-b1-c4-r1-task-0016,ipfs_verify,True,,9,1783271691929,0,QmRXEbbwSGrTFGj6rGcuUsRHhWgzm9E9di73MsPSjQyDqY,False
207,b2-fabric-b1-c4-r1,b2-fabric-b1-c4-r1-task-0017,ipfs_verify,True,,8,1783271691932,0,QmWKrJKRZfeQnkT8t5aowLXrHM3GpoZqpDn7cXYRceXJsh,False
208,b2-fabric-b1-c4-r1,b2-fabric-b1-c4-r1-task-0019,fabric_query_final,True,,605,1783271691337,0,,False
209,b2-fabric-b1-c4-r1,b2-fabric-b1-c4-r1-task-0018,ipfs_verify,True,,8,1783271691936,0,QmXxhuw4zLhaZUxTgm3nVAPdVDi7RC4E8cy48iMSw5X5cc,False
210,b2-fabric-b1-c4-r1,b2-fabric-b1-c4-r1-task-0019,ipfs_verify,True,,7,1783271691942,0,QmSciV8g79eMrjXm8f2BtxoJrkCttCpUNrWTNbQtrPN26s,False
211,b2-fabric-b1-c4-r1,b2-fabric-b1-c4-r1-task-0020,ipfs_add,True,,28,1783271691939,1555,,False
212,b2-fabric-b1-c4-r1,b2-fabric-b1-c4-r1-task-0021,ipfs_add,True,,39,1783271691940,2376,,False
213,b2-fabric-b1-c4-r1,b2-fabric-b1-c4-r1-task-0022,ipfs_add,True,,48,1783271691944,2068,,False
214,b2-fabric-b1-c4-r1,b2-fabric-b1-c4-r1-task-0023,ipfs_add,True,,55,1783271691950,1700,,False
215,b2-fabric-b1-c4-r1,b2-fabric-b1-c4-r1-task-0021,fabric_post_task,True,,2532,1783271691979,2376,QmcMDgZ1hZ3GkUEYEYALditW6azhFYA2tjToNN57pgr9Md,False
216,b2-fabric-b1-c4-r1,b2-fabric-b1-c4-r1-task-0023,fabric_post_task,True,,2508,1783271692005,1700,QmSNTzME5ExH9MXjsfAXcGbriDzvpgibF4VxHLZTbZtpFe,False
217,b2-fabric-b1-c4-r1,b2-fabric-b1-c4-r1-task-0020,fabric_post_task,True,,2547,1783271691967,1555,QmVVEEsRWTrpHyCUMfWzaezUv7i29R95rTPN8N3iBYMKsY,False
218,b2-fabric-b1-c4-r1,b2-fabric-b1-c4-r1-task-0022,fabric_post_task,True,,2523,1783271691992,2068,QmNqxnqMtb8sfjsbs8nXG3svpSGcf4Pq1qS9nykNsjeEqq,False
219,b2-fabric-b1-c4-r1,b2-fabric-b1-c4-r1-task-0022,fabric_post_allocation,True,,36,1783271694515,0,,False
220,b2-fabric-b1-c4-r1,b2-fabric-b1-c4-r1-task-0023,fabric_post_allocation,True,,39,1783271694513,0,,False
221,b2-fabric-b1-c4-r1,b2-fabric-b1-c4-r1-task-0021,fabric_post_allocation,True,,42,1783271694511,0,,False
222,b2-fabric-b1-c4-r1,b2-fabric-b1-c4-r1-task-0020,fabric_post_allocation,True,,40,1783271694514,0,,False
223,b2-fabric-b1-c4-r1,b2-fabric-b1-c4-r1-task-0020,fabric_post_snapshot,True,,2308,1783271694554,0,,False
224,b2-fabric-b1-c4-r1,b2-fabric-b1-c4-r1-task-0022,fabric_post_snapshot,True,,2311,1783271694551,0,,False
225,b2-fabric-b1-c4-r1,b2-fabric-b1-c4-r1-task-0023,fabric_post_snapshot,True,,2311,1783271694552,0,,False
226,b2-fabric-b1-c4-r1,b2-fabric-b1-c4-r1-task-0021,fabric_post_snapshot,True,,2313,1783271694553,0,,False
227,b2-fabric-b1-c4-r1,b2-fabric-b1-c4-r1-task-0022,fabric_query_confirmation,True,,345,1783271696862,0,,False
228,b2-fabric-b1-c4-r1,b2-fabric-b1-c4-r1-task-0023,fabric_query_confirmation,True,,345,1783271696863,0,,False
229,b2-fabric-b1-c4-r1,b2-fabric-b1-c4-r1-task-0020,fabric_query_confirmation,True,,347,1783271696862,0,,False
230,b2-fabric-b1-c4-r1,b2-fabric-b1-c4-r1-task-0021,fabric_query_confirmation,True,,343,1783271696866,0,,False
231,b2-fabric-b1-c4-r1,b2-fabric-b1-c4-r1-task-0022,fabric_vote_1,True,,2339,1783271697207,0,,False
232,b2-fabric-b1-c4-r1,b2-fabric-b1-c4-r1-task-0020,fabric_vote_1,True,,2337,1783271697209,0,,False
233,b2-fabric-b1-c4-r1,b2-fabric-b1-c4-r1-task-0021,fabric_vote_1,True,,2338,1783271697209,0,,False
234,b2-fabric-b1-c4-r1,b2-fabric-b1-c4-r1-task-0023,fabric_vote_1,True,,2340,1783271697208,0,,False
235,b2-fabric-b1-c4-r1,b2-fabric-b1-c4-r1-task-0020,fabric_vote_2,True,,2254,1783271699546,0,,False
236,b2-fabric-b1-c4-r1,b2-fabric-b1-c4-r1-task-0023,fabric_vote_2,True,,2253,1783271699548,0,,False
237,b2-fabric-b1-c4-r1,b2-fabric-b1-c4-r1-task-0021,fabric_vote_2,True,,2255,1783271699547,0,,False
238,b2-fabric-b1-c4-r1,b2-fabric-b1-c4-r1-task-0022,fabric_vote_2,True,,2258,1783271699546,0,,False
239,b2-fabric-b1-c4-r1,b2-fabric-b1-c4-r1-task-0020,fabric_settlement,True,,2511,1783271701800,0,,False
240,b2-fabric-b1-c4-r1,b2-fabric-b1-c4-r1-task-0022,fabric_settlement,True,,2508,1783271701804,0,,False
241,b2-fabric-b1-c4-r1,b2-fabric-b1-c4-r1-task-0021,fabric_settlement,True,,2511,1783271701802,0,,False
242,b2-fabric-b1-c4-r1,b2-fabric-b1-c4-r1-task-0023,fabric_settlement,True,,2514,1783271701801,0,,False
243,b2-fabric-b1-c4-r1,b2-fabric-b1-c4-r1-task-0022,fabric_query_final,True,,570,1783271704312,0,,False
244,b2-fabric-b1-c4-r1,b2-fabric-b1-c4-r1-task-0020,fabric_query_final,True,,572,1783271704311,0,,False
245,b2-fabric-b1-c4-r1,b2-fabric-b1-c4-r1-task-0023,fabric_query_final,True,,569,1783271704315,0,,False
246,b2-fabric-b1-c4-r1,b2-fabric-b1-c4-r1-task-0021,fabric_query_final,True,,574,1783271704313,0,,False
247,b2-fabric-b1-c4-r1,b2-fabric-b1-c4-r1-task-0020,ipfs_verify,True,,7,1783271704883,0,QmVVEEsRWTrpHyCUMfWzaezUv7i29R95rTPN8N3iBYMKsY,False
248,b2-fabric-b1-c4-r1,b2-fabric-b1-c4-r1-task-0022,ipfs_verify,True,,9,1783271704882,0,QmNqxnqMtb8sfjsbs8nXG3svpSGcf4Pq1qS9nykNsjeEqq,False
249,b2-fabric-b1-c4-r1,b2-fabric-b1-c4-r1-task-0023,ipfs_verify,True,,7,1783271704884,0,QmSNTzME5ExH9MXjsfAXcGbriDzvpgibF4VxHLZTbZtpFe,False
250,b2-fabric-b1-c4-r1,b2-fabric-b1-c4-r1-task-0021,ipfs_verify,True,,7,1783271704887,0,QmcMDgZ1hZ3GkUEYEYALditW6azhFYA2tjToNN57pgr9Md,False
251,b2-fabric-b1-c4-r1,b2-fabric-b1-c4-r1-task-0026,ipfs_add,True,,23,1783271704891,2285,,False
252,b2-fabric-b1-c4-r1,b2-fabric-b1-c4-r1-task-0024,ipfs_add,True,,34,1783271704890,1380,,False
253,b2-fabric-b1-c4-r1,b2-fabric-b1-c4-r1-task-0025,ipfs_add,True,,44,1783271704891,1470,,False
254,b2-fabric-b1-c4-r1,b2-fabric-b1-c4-r1-task-0027,ipfs_add,True,,53,1783271704894,1942,,False
255,b2-fabric-b1-c4-r1,b2-fabric-b1-c4-r1-task-0027,fabric_post_task,True,,2613,1783271704947,1942,QmNy38ZnCY29gNwh56gk2CQJXsETwyHTceFnkSP4vC85KR,False
256,b2-fabric-b1-c4-r1,b2-fabric-b1-c4-r1-task-0024,fabric_post_task,True,,2637,1783271704924,1380,QmVMeHnQxmGXaDj74SJcQxSejhibib6Ve54PwgWQGkenB7,False
257,b2-fabric-b1-c4-r1,b2-fabric-b1-c4-r1-task-0025,fabric_post_task,True,,2626,1783271704935,1470,QmfV4xn5gz8tktJ19swpdMmXMvtkpfJY5tXJWbBSUFSHFi,False
258,b2-fabric-b1-c4-r1,b2-fabric-b1-c4-r1-task-0026,fabric_post_task,True,,2652,1783271704914,2285,QmPA4QSCZorDwximTUj45HQYaqqLrUR1uWw8YCaw56AYrQ,False
259,b2-fabric-b1-c4-r1,b2-fabric-b1-c4-r1-task-0027,fabric_post_allocation,True,,3676,1783271707560,0,,False
260,b2-fabric-b1-c4-r1,b2-fabric-b1-c4-r1-task-0025,fabric_post_allocation,True,,3676,1783271707561,0,,False
261,b2-fabric-b1-c4-r1,b2-fabric-b1-c4-r1-task-0024,fabric_post_allocation,True,,3677,1783271707561,0,,False
262,b2-fabric-b1-c4-r1,b2-fabric-b1-c4-r1-task-0026,fabric_post_allocation,True,,3675,1783271707566,0,,False
263,b2-fabric-b1-c4-r1,b2-fabric-b1-c4-r1-task-0027,fabric_post_snapshot,True,,2501,1783271711236,0,,False
264,b2-fabric-b1-c4-r1,b2-fabric-b1-c4-r1-task-0024,fabric_post_snapshot,True,,2500,1783271711238,0,,False
265,b2-fabric-b1-c4-r1,b2-fabric-b1-c4-r1-task-0026,fabric_post_snapshot,True,,2498,1783271711241,0,,False
266,b2-fabric-b1-c4-r1,b2-fabric-b1-c4-r1-task-0025,fabric_post_snapshot,True,,2503,1783271711237,0,,False
267,b2-fabric-b1-c4-r1,b2-fabric-b1-c4-r1-task-0025,fabric_query_confirmation,True,,131,1783271713740,0,,False
268,b2-fabric-b1-c4-r1,b2-fabric-b1-c4-r1-task-0024,fabric_query_confirmation,True,,134,1783271713738,0,,False
269,b2-fabric-b1-c4-r1,b2-fabric-b1-c4-r1-task-0027,fabric_query_confirmation,True,,135,1783271713737,0,,False
270,b2-fabric-b1-c4-r1,b2-fabric-b1-c4-r1-task-0026,fabric_query_confirmation,True,,135,1783271713739,0,,False
271,b2-fabric-b1-c4-r1,b2-fabric-b1-c4-r1-task-0026,fabric_vote_1,True,,2276,1783271713874,0,,False
272,b2-fabric-b1-c4-r1,b2-fabric-b1-c4-r1-task-0025,fabric_vote_1,True,,2279,1783271713871,0,,False
273,b2-fabric-b1-c4-r1,b2-fabric-b1-c4-r1-task-0024,fabric_vote_1,True,,2280,1783271713872,0,,False
274,b2-fabric-b1-c4-r1,b2-fabric-b1-c4-r1-task-0027,fabric_vote_1,True,,2282,1783271713872,0,,False
275,b2-fabric-b1-c4-r1,b2-fabric-b1-c4-r1-task-0025,fabric_vote_2,True,,2531,1783271716150,0,,False
276,b2-fabric-b1-c4-r1,b2-fabric-b1-c4-r1-task-0027,fabric_vote_2,True,,2529,1783271716154,0,,False
277,b2-fabric-b1-c4-r1,b2-fabric-b1-c4-r1-task-0026,fabric_vote_2,True,,2533,1783271716150,0,,False
278,b2-fabric-b1-c4-r1,b2-fabric-b1-c4-r1-task-0024,fabric_vote_2,True,,2532,1783271716152,0,,False
279,b2-fabric-b1-c4-r1,b2-fabric-b1-c4-r1-task-0027,fabric_settlement,True,,2337,1783271718683,0,,False
280,b2-fabric-b1-c4-r1,b2-fabric-b1-c4-r1-task-0025,fabric_settlement,True,,2339,1783271718682,0,,False
281,b2-fabric-b1-c4-r1,b2-fabric-b1-c4-r1-task-0026,fabric_settlement,True,,2339,1783271718683,0,,False
282,b2-fabric-b1-c4-r1,b2-fabric-b1-c4-r1-task-0024,fabric_settlement,True,,2341,1783271718684,0,,False
283,b2-fabric-b1-c4-r1,b2-fabric-b1-c4-r1-task-0027,fabric_query_final,True,,758,1783271721020,0,,False
284,b2-fabric-b1-c4-r1,b2-fabric-b1-c4-r1-task-0025,fabric_query_final,True,,758,1783271721021,0,,False
285,b2-fabric-b1-c4-r1,b2-fabric-b1-c4-r1-task-0026,fabric_query_final,True,,758,1783271721022,0,,False
286,b2-fabric-b1-c4-r1,b2-fabric-b1-c4-r1-task-0024,fabric_query_final,True,,759,1783271721025,0,,False
287,b2-fabric-b1-c4-r1,b2-fabric-b1-c4-r1-task-0027,ipfs_verify,True,,8,1783271721778,0,QmNy38ZnCY29gNwh56gk2CQJXsETwyHTceFnkSP4vC85KR,False
288,b2-fabric-b1-c4-r1,b2-fabric-b1-c4-r1-task-0025,ipfs_verify,True,,8,1783271721779,0,QmfV4xn5gz8tktJ19swpdMmXMvtkpfJY5tXJWbBSUFSHFi,False
289,b2-fabric-b1-c4-r1,b2-fabric-b1-c4-r1-task-0026,ipfs_verify,True,,7,1783271721780,0,QmPA4QSCZorDwximTUj45HQYaqqLrUR1uWw8YCaw56AYrQ,False
290,b2-fabric-b1-c4-r1,b2-fabric-b1-c4-r1-task-0024,ipfs_verify,True,,6,1783271721784,0,QmVMeHnQxmGXaDj74SJcQxSejhibib6Ve54PwgWQGkenB7,False
291,b2-fabric-b1-c4-r1,b2-fabric-b1-c4-r1-task-0030,ipfs_add,True,,69,1783271721787,4609,,False
292,b2-fabric-b1-c4-r1,b2-fabric-b1-c4-r1-task-0029,ipfs_add,True,,84,1783271721787,1996,,False
293,b2-fabric-b1-c4-r1,b2-fabric-b1-c4-r1-task-0028,ipfs_add,True,,97,1783271721786,2235,,False
294,b2-fabric-b1-c4-r1,b2-fabric-b1-c4-r1-task-0031,ipfs_add,True,,106,1783271721790,2037,,False
295,b2-fabric-b1-c4-r1,b2-fabric-b1-c4-r1-task-0030,fabric_post_task,True,,2637,1783271721856,4609,QmXUNpwtX2A1bcF51kySLa1p7B6HvhMNsMQoiVdNUoJig7,False
296,b2-fabric-b1-c4-r1,b2-fabric-b1-c4-r1-task-0031,fabric_post_task,True,,2597,1783271721896,2037,QmcMwXc4Z8ftz7kr4SLihnEKFezGYhMs51A9cNDVd2ZUGa,False
297,b2-fabric-b1-c4-r1,b2-fabric-b1-c4-r1-task-0029,fabric_post_task,True,,2622,1783271721871,1996,QmacXcTiVxv9uHJiorLkYH2xDDraJTZ3uq6FBG4Ctr6VoC,False
298,b2-fabric-b1-c4-r1,b2-fabric-b1-c4-r1-task-0028,fabric_post_task,True,,2612,1783271721883,2235,QmPDqC4FvPihq4H2RHnNdvzHBK2kp3vUV7gp3cD2AmeuSG,False
299,b2-fabric-b1-c4-r1,b2-fabric-b1-c4-r1-task-0029,fabric_post_allocation,True,,40,1783271724493,0,,False
300,b2-fabric-b1-c4-r1,b2-fabric-b1-c4-r1-task-0030,fabric_post_allocation,True,,42,1783271724493,0,,False
301,b2-fabric-b1-c4-r1,b2-fabric-b1-c4-r1-task-0028,fabric_post_allocation,True,,41,1783271724495,0,,False
302,b2-fabric-b1-c4-r1,b2-fabric-b1-c4-r1-task-0031,fabric_post_allocation,True,,44,1783271724493,0,,False
303,b2-fabric-b1-c4-r1,b2-fabric-b1-c4-r1-task-0030,fabric_post_snapshot,True,,2496,1783271724535,0,,False
304,b2-fabric-b1-c4-r1,b2-fabric-b1-c4-r1-task-0029,fabric_post_snapshot,True,,2499,1783271724533,0,,False
305,b2-fabric-b1-c4-r1,b2-fabric-b1-c4-r1-task-0028,fabric_post_snapshot,True,,2497,1783271724536,0,,False
306,b2-fabric-b1-c4-r1,b2-fabric-b1-c4-r1-task-0031,fabric_post_snapshot,True,,2496,1783271724537,0,,False
307,b2-fabric-b1-c4-r1,b2-fabric-b1-c4-r1-task-0031,fabric_query_confirmation,True,,124,1783271727033,0,,False
308,b2-fabric-b1-c4-r1,b2-fabric-b1-c4-r1-task-0029,fabric_query_confirmation,True,,126,1783271727032,0,,False
309,b2-fabric-b1-c4-r1,b2-fabric-b1-c4-r1-task-0030,fabric_query_confirmation,True,,127,1783271727031,0,,False
310,b2-fabric-b1-c4-r1,b2-fabric-b1-c4-r1-task-0028,fabric_query_confirmation,True,,127,1783271727033,0,,False
311,b2-fabric-b1-c4-r1,b2-fabric-b1-c4-r1-task-0028,fabric_vote_1,True,,2490,1783271727160,0,,False
312,b2-fabric-b1-c4-r1,b2-fabric-b1-c4-r1-task-0029,fabric_vote_1,True,,2493,1783271727158,0,,False
313,b2-fabric-b1-c4-r1,b2-fabric-b1-c4-r1-task-0030,fabric_vote_1,True,,2494,1783271727158,0,,False
314,b2-fabric-b1-c4-r1,b2-fabric-b1-c4-r1-task-0031,fabric_vote_1,True,,2496,1783271727157,0,,False
315,b2-fabric-b1-c4-r1,b2-fabric-b1-c4-r1-task-0029,fabric_vote_2,True,,2248,1783271729651,0,,False
316,b2-fabric-b1-c4-r1,b2-fabric-b1-c4-r1-task-0030,fabric_vote_2,True,,2248,1783271729652,0,,False
317,b2-fabric-b1-c4-r1,b2-fabric-b1-c4-r1-task-0028,fabric_vote_2,True,,2250,1783271729650,0,,False
318,b2-fabric-b1-c4-r1,b2-fabric-b1-c4-r1-task-0031,fabric_vote_2,True,,2249,1783271729653,0,,False
319,b2-fabric-b1-c4-r1,b2-fabric-b1-c4-r1-task-0031,fabric_settlement,True,,2290,1783271731902,0,,False
320,b2-fabric-b1-c4-r1,b2-fabric-b1-c4-r1-task-0029,fabric_settlement,True,,2294,1783271731899,0,,False
321,b2-fabric-b1-c4-r1,b2-fabric-b1-c4-r1-task-0028,fabric_settlement,True,,2293,1783271731900,0,,False
322,b2-fabric-b1-c4-r1,b2-fabric-b1-c4-r1-task-0030,fabric_settlement,True,,2295,1783271731900,0,,False
323,b2-fabric-b1-c4-r1,b2-fabric-b1-c4-r1-task-0030,fabric_query_final,True,,587,1783271734195,0,,False
324,b2-fabric-b1-c4-r1,b2-fabric-b1-c4-r1-task-0029,fabric_query_final,True,,589,1783271734193,0,,False
325,b2-fabric-b1-c4-r1,b2-fabric-b1-c4-r1-task-0028,fabric_query_final,True,,590,1783271734193,0,,False
326,b2-fabric-b1-c4-r1,b2-fabric-b1-c4-r1-task-0031,fabric_query_final,True,,593,1783271734192,0,,False
327,b2-fabric-b1-c4-r1,b2-fabric-b1-c4-r1-task-0030,ipfs_verify,True,,7,1783271734782,0,QmXUNpwtX2A1bcF51kySLa1p7B6HvhMNsMQoiVdNUoJig7,False
328,b2-fabric-b1-c4-r1,b2-fabric-b1-c4-r1-task-0029,ipfs_verify,True,,8,1783271734782,0,QmacXcTiVxv9uHJiorLkYH2xDDraJTZ3uq6FBG4Ctr6VoC,False
329,b2-fabric-b1-c4-r1,b2-fabric-b1-c4-r1-task-0028,ipfs_verify,True,,8,1783271734783,0,QmPDqC4FvPihq4H2RHnNdvzHBK2kp3vUV7gp3cD2AmeuSG,False
330,b2-fabric-b1-c4-r1,b2-fabric-b1-c4-r1-task-0031,ipfs_verify,True,,6,1783271734785,0,QmcMwXc4Z8ftz7kr4SLihnEKFezGYhMs51A9cNDVd2ZUGa,False
331,b2-fabric-b1-c4-r1,b2-fabric-b1-c4-r1-task-0032,ipfs_add,True,,22,1783271734789,4244,,False
332,b2-fabric-b1-c4-r1,b2-fabric-b1-c4-r1-task-0033,ipfs_add,True,,34,1783271734790,7207,,False
333,b2-fabric-b1-c4-r1,b2-fabric-b1-c4-r1-task-0034,ipfs_add,True,,54,1783271734791,1614,,False
334,b2-fabric-b1-c4-r1,b2-fabric-b1-c4-r1-task-0035,ipfs_add,True,,55,1783271734791,1846,,False
335,b2-fabric-b1-c4-r1,b2-fabric-b1-c4-r1-task-0033,fabric_post_task,True,,2517,1783271734824,7207,QmQ48RSbPCJevCydnQupZo9nDcEmZKcjzn5kaHFiESq88N,False
336,b2-fabric-b1-c4-r1,b2-fabric-b1-c4-r1-task-0034,fabric_post_task,True,,2497,1783271734845,1614,QmPfG9yDWdYPi2SxVxc2HNwGgKxYHpb8KNnTKLEUsSwYJF,False
337,b2-fabric-b1-c4-r1,b2-fabric-b1-c4-r1-task-0035,fabric_post_task,True,,2498,1783271734846,1846,QmXkECAAwC32vhNNVm7xZTatUjGVbfHbwXcCezk2t5DnUf,False
338,b2-fabric-b1-c4-r1,b2-fabric-b1-c4-r1-task-0032,fabric_post_task,True,,2534,1783271734811,4244,QmTUE1xZhmfV2QSdvfbaurUfSv66ET7R31e5urBxmKFSfb,False
339,b2-fabric-b1-c4-r1,b2-fabric-b1-c4-r1-task-0035,fabric_post_allocation,True,,3508,1783271737344,0,,False
340,b2-fabric-b1-c4-r1,b2-fabric-b1-c4-r1-task-0034,fabric_post_allocation,True,,3511,1783271737342,0,,False
341,b2-fabric-b1-c4-r1,b2-fabric-b1-c4-r1-task-0033,fabric_post_allocation,True,,3512,1783271737341,0,,False
342,b2-fabric-b1-c4-r1,b2-fabric-b1-c4-r1-task-0032,fabric_post_allocation,True,,3509,1783271737345,0,,False
343,b2-fabric-b1-c4-r1,b2-fabric-b1-c4-r1-task-0033,fabric_post_snapshot,True,,2354,1783271740853,0,,False
344,b2-fabric-b1-c4-r1,b2-fabric-b1-c4-r1-task-0035,fabric_post_snapshot,True,,2355,1783271740852,0,,False
345,b2-fabric-b1-c4-r1,b2-fabric-b1-c4-r1-task-0032,fabric_post_snapshot,True,,2355,1783271740854,0,,False
346,b2-fabric-b1-c4-r1,b2-fabric-b1-c4-r1-task-0034,fabric_post_snapshot,True,,2361,1783271740853,0,,False
347,b2-fabric-b1-c4-r1,b2-fabric-b1-c4-r1-task-0035,fabric_query_confirmation,True,,128,1783271743207,0,,False
348,b2-fabric-b1-c4-r1,b2-fabric-b1-c4-r1-task-0033,fabric_query_confirmation,True,,128,1783271743207,0,,False
349,b2-fabric-b1-c4-r1,b2-fabric-b1-c4-r1-task-0032,fabric_query_confirmation,True,,127,1783271743209,0,,False
350,b2-fabric-b1-c4-r1,b2-fabric-b1-c4-r1-task-0034,fabric_query_confirmation,True,,175,1783271743214,0,,False
351,b2-fabric-b1-c4-r1,b2-fabric-b1-c4-r1-task-0032,fabric_vote_1,True,,2354,1783271743336,0,,False
352,b2-fabric-b1-c4-r1,b2-fabric-b1-c4-r1-task-0035,fabric_vote_1,True,,2359,1783271743335,0,,False
353,b2-fabric-b1-c4-r1,b2-fabric-b1-c4-r1-task-0034,fabric_vote_1,True,,2306,1783271743389,0,,False
354,b2-fabric-b1-c4-r1,b2-fabric-b1-c4-r1-task-0033,fabric_vote_1,True,,2362,1783271743335,0,,False
355,b2-fabric-b1-c4-r1,b2-fabric-b1-c4-r1-task-0032,fabric_vote_2,True,,2592,1783271745690,0,,False
356,b2-fabric-b1-c4-r1,b2-fabric-b1-c4-r1-task-0033,fabric_vote_2,True,,2586,1783271745697,0,,False
357,b2-fabric-b1-c4-r1,b2-fabric-b1-c4-r1-task-0035,fabric_vote_2,True,,2589,1783271745694,0,,False
358,b2-fabric-b1-c4-r1,b2-fabric-b1-c4-r1-task-0034,fabric_vote_2,True,,2592,1783271745695,0,,False
359,b2-fabric-b1-c4-r1,b2-fabric-b1-c4-r1-task-0034,fabric_settlement,True,,2614,1783271748287,0,,False
360,b2-fabric-b1-c4-r1,b2-fabric-b1-c4-r1-task-0033,fabric_settlement,True,,2619,1783271748283,0,,False
361,b2-fabric-b1-c4-r1,b2-fabric-b1-c4-r1-task-0035,fabric_settlement,True,,2619,1783271748283,0,,False
362,b2-fabric-b1-c4-r1,b2-fabric-b1-c4-r1-task-0032,fabric_settlement,True,,2621,1783271748282,0,,False
363,b2-fabric-b1-c4-r1,b2-fabric-b1-c4-r1-task-0034,fabric_query_final,True,,588,1783271750901,0,,False
364,b2-fabric-b1-c4-r1,b2-fabric-b1-c4-r1-task-0035,fabric_query_final,True,,587,1783271750902,0,,False
365,b2-fabric-b1-c4-r1,b2-fabric-b1-c4-r1-task-0032,fabric_query_final,True,,587,1783271750903,0,,False
366,b2-fabric-b1-c4-r1,b2-fabric-b1-c4-r1-task-0033,fabric_query_final,True,,592,1783271750902,0,,False
367,b2-fabric-b1-c4-r1,b2-fabric-b1-c4-r1-task-0035,ipfs_verify,True,,9,1783271751489,0,QmXkECAAwC32vhNNVm7xZTatUjGVbfHbwXcCezk2t5DnUf,False
368,b2-fabric-b1-c4-r1,b2-fabric-b1-c4-r1-task-0032,ipfs_verify,True,,9,1783271751490,0,QmTUE1xZhmfV2QSdvfbaurUfSv66ET7R31e5urBxmKFSfb,False
369,b2-fabric-b1-c4-r1,b2-fabric-b1-c4-r1-task-0034,ipfs_verify,True,,11,1783271751489,0,QmPfG9yDWdYPi2SxVxc2HNwGgKxYHpb8KNnTKLEUsSwYJF,False
370,b2-fabric-b1-c4-r1,b2-fabric-b1-c4-r1-task-0033,ipfs_verify,True,,7,1783271751494,0,QmQ48RSbPCJevCydnQupZo9nDcEmZKcjzn5kaHFiESq88N,False
371,b2-fabric-b1-c4-r1,b2-fabric-b1-c4-r1-task-0036,ipfs_add,True,,32,1783271751499,2427,,False
372,b2-fabric-b1-c4-r1,b2-fabric-b1-c4-r1-task-0038,ipfs_add,True,,43,1783271751500,3829,,False
373,b2-fabric-b1-c4-r1,b2-fabric-b1-c4-r1-task-0037,ipfs_add,True,,54,1783271751499,2773,,False
374,b2-fabric-b1-c4-r1,b2-fabric-b1-c4-r1-task-0039,ipfs_add,True,,63,1783271751502,2185,,False
375,b2-fabric-b1-c4-r1,b2-fabric-b1-c4-r1-task-0038,fabric_post_task,True,,2462,1783271751543,3829,QmUB51xuBaMCywUYGFiM9cTrnAhyjLu2J5jzTrZkY11kPF,False
376,b2-fabric-b1-c4-r1,b2-fabric-b1-c4-r1-task-0037,fabric_post_task,True,,2453,1783271751553,2773,QmWmrqK7bzA1Pq5z5dsLEen6BZ5iPRNFNBXLJnZmr5J9ff,False
377,b2-fabric-b1-c4-r1,b2-fabric-b1-c4-r1-task-0039,fabric_post_task,True,,2442,1783271751565,2185,QmasU8pZpyfk1aUFRpicohvbDCx1eFRWjH9p29sHpDSiZZ,False
378,b2-fabric-b1-c4-r1,b2-fabric-b1-c4-r1-task-0036,fabric_post_task,True,,2476,1783271751531,2427,QmPSKMPmcfaaWUAvL2tX88QhRRxXXC4SXnChDHzjSbwd8b,False
379,b2-fabric-b1-c4-r1,b2-fabric-b1-c4-r1-task-0039,fabric_post_allocation,True,,-47,1783271754007,0,,False
380,b2-fabric-b1-c4-r1,b2-fabric-b1-c4-r1-task-0036,fabric_post_allocation,True,,-46,1783271754007,0,,False
381,b2-fabric-b1-c4-r1,b2-fabric-b1-c4-r1-task-0037,fabric_post_allocation,True,,-45,1783271754006,0,,False
382,b2-fabric-b1-c4-r1,b2-fabric-b1-c4-r1-task-0038,fabric_post_allocation,True,,-42,1783271754005,0,,False
383,b2-fabric-b1-c4-r1,b2-fabric-b1-c4-r1-task-0037,fabric_post_snapshot,True,,2362,1783271753961,0,,False
384,b2-fabric-b1-c4-r1,b2-fabric-b1-c4-r1-task-0038,fabric_post_snapshot,True,,2361,1783271753963,0,,False
385,b2-fabric-b1-c4-r1,b2-fabric-b1-c4-r1-task-0039,fabric_post_snapshot,True,,2364,1783271753961,0,,False
386,b2-fabric-b1-c4-r1,b2-fabric-b1-c4-r1-task-0036,fabric_post_snapshot,True,,2365,1783271753961,0,,False
387,b2-fabric-b1-c4-r1,b2-fabric-b1-c4-r1-task-0039,fabric_query_confirmation,True,,123,1783271756325,0,,False
388,b2-fabric-b1-c4-r1,b2-fabric-b1-c4-r1-task-0037,fabric_query_confirmation,True,,126,1783271756323,0,,False
389,b2-fabric-b1-c4-r1,b2-fabric-b1-c4-r1-task-0038,fabric_query_confirmation,True,,125,1783271756324,0,,False
390,b2-fabric-b1-c4-r1,b2-fabric-b1-c4-r1-task-0036,fabric_query_confirmation,True,,124,1783271756326,0,,False
391,b2-fabric-b1-c4-r1,b2-fabric-b1-c4-r1-task-0036,fabric_vote_1,True,,2285,1783271756450,0,,False
392,b2-fabric-b1-c4-r1,b2-fabric-b1-c4-r1-task-0039,fabric_vote_1,True,,2287,1783271756448,0,,False
393,b2-fabric-b1-c4-r1,b2-fabric-b1-c4-r1-task-0038,fabric_vote_1,True,,2288,1783271756449,0,,False
394,b2-fabric-b1-c4-r1,b2-fabric-b1-c4-r1-task-0037,fabric_vote_1,True,,2289,1783271756449,0,,False
395,b2-fabric-b1-c4-r1,b2-fabric-b1-c4-r1-task-0037,fabric_vote_2,True,,2312,1783271758738,0,,False
396,b2-fabric-b1-c4-r1,b2-fabric-b1-c4-r1-task-0036,fabric_vote_2,True,,2316,1783271758735,0,,False
397,b2-fabric-b1-c4-r1,b2-fabric-b1-c4-r1-task-0038,fabric_vote_2,True,,2315,1783271758737,0,,False
398,b2-fabric-b1-c4-r1,b2-fabric-b1-c4-r1-task-0039,fabric_vote_2,True,,2318,1783271758735,0,,False
399,b2-fabric-b1-c4-r1,b2-fabric-b1-c4-r1-task-0039,fabric_settlement,True,,2319,1783271761053,0,,False
400,b2-fabric-b1-c4-r1,b2-fabric-b1-c4-r1-task-0038,fabric_settlement,True,,2321,1783271761052,0,,False
401,b2-fabric-b1-c4-r1,b2-fabric-b1-c4-r1-task-0037,fabric_settlement,True,,2324,1783271761050,0,,False
402,b2-fabric-b1-c4-r1,b2-fabric-b1-c4-r1-task-0036,fabric_settlement,True,,2325,1783271761051,0,,False
403,b2-fabric-b1-c4-r1,b2-fabric-b1-c4-r1-task-0039,fabric_query_final,True,,768,1783271763372,0,,False
404,b2-fabric-b1-c4-r1,b2-fabric-b1-c4-r1-task-0037,fabric_query_final,True,,767,1783271763374,0,,False
405,b2-fabric-b1-c4-r1,b2-fabric-b1-c4-r1-task-0038,fabric_query_final,True,,768,1783271763373,0,,False
406,b2-fabric-b1-c4-r1,b2-fabric-b1-c4-r1-task-0036,fabric_query_final,True,,770,1783271763376,0,,False
407,b2-fabric-b1-c4-r1,b2-fabric-b1-c4-r1-task-0039,ipfs_verify,True,,8,1783271764140,0,QmasU8pZpyfk1aUFRpicohvbDCx1eFRWjH9p29sHpDSiZZ,False
408,b2-fabric-b1-c4-r1,b2-fabric-b1-c4-r1-task-0037,ipfs_verify,True,,7,1783271764141,0,QmWmrqK7bzA1Pq5z5dsLEen6BZ5iPRNFNBXLJnZmr5J9ff,False
409,b2-fabric-b1-c4-r1,b2-fabric-b1-c4-r1-task-0038,ipfs_verify,True,,8,1783271764141,0,QmUB51xuBaMCywUYGFiM9cTrnAhyjLu2J5jzTrZkY11kPF,False
410,b2-fabric-b1-c4-r1,b2-fabric-b1-c4-r1-task-0036,ipfs_verify,True,,8,1783271764146,0,QmPSKMPmcfaaWUAvL2tX88QhRRxXXC4SXnChDHzjSbwd8b,False
411,b2-fabric-b1-c4-r1,b2-fabric-b1-c4-r1-task-0041,ipfs_add,True,,28,1783271764149,3950,,False
412,b2-fabric-b1-c4-r1,b2-fabric-b1-c4-r1-task-0040,ipfs_add,True,,40,1783271764148,1852,,False
413,b2-fabric-b1-c4-r1,b2-fabric-b1-c4-r1-task-0042,ipfs_add,True,,57,1783271764150,4943,,False
414,b2-fabric-b1-c4-r1,b2-fabric-b1-c4-r1-task-0043,ipfs_add,True,,65,1783271764154,4365,,False
415,b2-fabric-b1-c4-r1,b2-fabric-b1-c4-r1-task-0041,fabric_post_task,True,,2477,1783271764177,3950,QmcFrzAGhrprmDxHPdunRd28u27YRTGcAAnGPSotWa75JU,False
416,b2-fabric-b1-c4-r1,b2-fabric-b1-c4-r1-task-0040,fabric_post_task,True,,2466,1783271764188,1852,Qme8h8cEVWXzKEmaj7rkRo9NHBoPXxWrTLcYQjWRpqrisB,False
417,b2-fabric-b1-c4-r1,b2-fabric-b1-c4-r1-task-0042,fabric_post_task,True,,2448,1783271764207,4943,QmZaKHLtuvdC3131ZMjSafgzCnFunsBDrKht7U6CRuhaDJ,False
418,b2-fabric-b1-c4-r1,b2-fabric-b1-c4-r1-task-0043,fabric_post_task,True,,2437,1783271764219,4365,QmNyUP9PxhaGNgSe7A4vos9UdtKrgujw25dFezkghCHMSN,False
419,b2-fabric-b1-c4-r1,b2-fabric-b1-c4-r1-task-0041,fabric_post_allocation,True,,3352,1783271766654,0,,False
420,b2-fabric-b1-c4-r1,b2-fabric-b1-c4-r1-task-0043,fabric_post_allocation,True,,3352,1783271766656,0,,False
421,b2-fabric-b1-c4-r1,b2-fabric-b1-c4-r1-task-0042,fabric_post_allocation,True,,3354,1783271766655,0,,False
422,b2-fabric-b1-c4-r1,b2-fabric-b1-c4-r1-task-0040,fabric_post_allocation,True,,3356,1783271766654,0,,False
423,b2-fabric-b1-c4-r1,b2-fabric-b1-c4-r1-task-0041,fabric_post_snapshot,True,,2310,1783271770007,0,,False
424,b2-fabric-b1-c4-r1,b2-fabric-b1-c4-r1-task-0040,fabric_post_snapshot,True,,2308,1783271770010,0,,False
425,b2-fabric-b1-c4-r1,b2-fabric-b1-c4-r1-task-0042,fabric_post_snapshot,True,,2309,1783271770009,0,,False
426,b2-fabric-b1-c4-r1,b2-fabric-b1-c4-r1-task-0043,fabric_post_snapshot,True,,2314,1783271770008,0,,False
427,b2-fabric-b1-c4-r1,b2-fabric-b1-c4-r1-task-0041,fabric_query_confirmation,True,,368,1783271772318,0,,False
428,b2-fabric-b1-c4-r1,b2-fabric-b1-c4-r1-task-0042,fabric_query_confirmation,True,,369,1783271772318,0,,False
429,b2-fabric-b1-c4-r1,b2-fabric-b1-c4-r1-task-0043,fabric_query_confirmation,True,,365,1783271772322,0,,False
430,b2-fabric-b1-c4-r1,b2-fabric-b1-c4-r1-task-0040,fabric_query_confirmation,True,,371,1783271772318,0,,False
431,b2-fabric-b1-c4-r1,b2-fabric-b1-c4-r1-task-0041,fabric_vote_1,True,,2330,1783271772686,0,,False
432,b2-fabric-b1-c4-r1,b2-fabric-b1-c4-r1-task-0043,fabric_vote_1,True,,2330,1783271772687,0,,False
433,b2-fabric-b1-c4-r1,b2-fabric-b1-c4-r1-task-0042,fabric_vote_1,True,,2331,1783271772687,0,,False
434,b2-fabric-b1-c4-r1,b2-fabric-b1-c4-r1-task-0040,fabric_vote_1,True,,2332,1783271772689,0,,False
435,b2-fabric-b1-c4-r1,b2-fabric-b1-c4-r1-task-0040,fabric_vote_2,True,,2529,1783271775021,0,,False
436,b2-fabric-b1-c4-r1,b2-fabric-b1-c4-r1-task-0043,fabric_vote_2,True,,2534,1783271775017,0,,False
437,b2-fabric-b1-c4-r1,b2-fabric-b1-c4-r1-task-0042,fabric_vote_2,True,,2533,1783271775018,0,,False
438,b2-fabric-b1-c4-r1,b2-fabric-b1-c4-r1-task-0041,fabric_vote_2,True,,2536,1783271775016,0,,False
439,b2-fabric-b1-c4-r1,b2-fabric-b1-c4-r1-task-0041,fabric_settlement,True,,2316,1783271777552,0,,False
440,b2-fabric-b1-c4-r1,b2-fabric-b1-c4-r1-task-0040,fabric_settlement,True,,2319,1783271777550,0,,False
441,b2-fabric-b1-c4-r1,b2-fabric-b1-c4-r1-task-0042,fabric_settlement,True,,2318,1783271777551,0,,False
442,b2-fabric-b1-c4-r1,b2-fabric-b1-c4-r1-task-0043,fabric_settlement,True,,2321,1783271777551,0,,False
443,b2-fabric-b1-c4-r1,b2-fabric-b1-c4-r1-task-0042,fabric_query_final,True,,787,1783271779869,0,,False
444,b2-fabric-b1-c4-r1,b2-fabric-b1-c4-r1-task-0041,fabric_query_final,True,,789,1783271779868,0,,False
445,b2-fabric-b1-c4-r1,b2-fabric-b1-c4-r1-task-0043,fabric_query_final,True,,785,1783271779872,0,,False
446,b2-fabric-b1-c4-r1,b2-fabric-b1-c4-r1-task-0040,fabric_query_final,True,,797,1783271779869,0,,False
447,b2-fabric-b1-c4-r1,b2-fabric-b1-c4-r1-task-0042,ipfs_verify,True,,13,1783271780656,0,QmZaKHLtuvdC3131ZMjSafgzCnFunsBDrKht7U6CRuhaDJ,False
448,b2-fabric-b1-c4-r1,b2-fabric-b1-c4-r1-task-0043,ipfs_verify,True,,13,1783271780657,0,QmNyUP9PxhaGNgSe7A4vos9UdtKrgujw25dFezkghCHMSN,False
449,b2-fabric-b1-c4-r1,b2-fabric-b1-c4-r1-task-0041,ipfs_verify,True,,15,1783271780657,0,QmcFrzAGhrprmDxHPdunRd28u27YRTGcAAnGPSotWa75JU,False
450,b2-fabric-b1-c4-r1,b2-fabric-b1-c4-r1-task-0040,ipfs_verify,True,,12,1783271780666,0,Qme8h8cEVWXzKEmaj7rkRo9NHBoPXxWrTLcYQjWRpqrisB,False
451,b2-fabric-b1-c4-r1,b2-fabric-b1-c4-r1-task-0046,ipfs_add,True,,86,1783271780672,1643,,False
452,b2-fabric-b1-c4-r1,b2-fabric-b1-c4-r1-task-0044,ipfs_add,True,,105,1783271780669,1996,,False
453,b2-fabric-b1-c4-r1,b2-fabric-b1-c4-r1-task-0047,ipfs_add,True,,110,1783271780678,4867,,False
454,b2-fabric-b1-c4-r1,b2-fabric-b1-c4-r1-task-0045,ipfs_add,True,,118,1783271780671,2595,,False
455,b2-fabric-b1-c4-r1,b2-fabric-b1-c4-r1-task-0044,fabric_post_task,True,,273,1783271780774,1996,QmRdq27qE1F3dGzbT9p9PnePh4D88Nw3KFAmJZ2C7W4jcT,False
456,b2-fabric-b1-c4-r1,b2-fabric-b1-c4-r1-task-0047,fabric_post_task,True,,261,1783271780788,4867,QmeV2Nyd6AXfLrfL94BuWtPhgFx2BQKzDFrxvN5H5wGM4v,False
457,b2-fabric-b1-c4-r1,b2-fabric-b1-c4-r1-task-0045,fabric_post_task,True,,261,1783271780789,2595,QmfZqW6816xBeSRuQN3KqApyKbwjb4f3u87p8veGLitLQh,False
458,b2-fabric-b1-c4-r1,b2-fabric-b1-c4-r1-task-0046,fabric_post_task,True,,292,1783271780758,1643,QmTnaHUQXj9xeoWHT2zVraSQfVPSZ3kwXbfxhynCbSD478,False
459,b2-fabric-b1-c4-r1,b2-fabric-b1-c4-r1-task-0045,fabric_post_allocation,True,,2288,1783271781050,0,,False
460,b2-fabric-b1-c4-r1,b2-fabric-b1-c4-r1-task-0046,fabric_post_allocation,True,,2289,1783271781050,0,,False
461,b2-fabric-b1-c4-r1,b2-fabric-b1-c4-r1-task-0047,fabric_post_allocation,True,,2291,1783271781049,0,,False
462,b2-fabric-b1-c4-r1,b2-fabric-b1-c4-r1-task-0044,fabric_post_allocation,True,,2296,1783271781047,0,,False
463,b2-fabric-b1-c4-r1,b2-fabric-b1-c4-r1-task-0044,fabric_post_snapshot,True,,2528,1783271783343,0,,False
464,b2-fabric-b1-c4-r1,b2-fabric-b1-c4-r1-task-0047,fabric_post_snapshot,True,,2532,1783271783340,0,,False
465,b2-fabric-b1-c4-r1,b2-fabric-b1-c4-r1-task-0046,fabric_post_snapshot,True,,2534,1783271783339,0,,False
466,b2-fabric-b1-c4-r1,b2-fabric-b1-c4-r1-task-0045,fabric_post_snapshot,True,,2536,1783271783339,0,,False
467,b2-fabric-b1-c4-r1,b2-fabric-b1-c4-r1-task-0045,fabric_query_confirmation,True,,335,1783271785875,0,,False
468,b2-fabric-b1-c4-r1,b2-fabric-b1-c4-r1-task-0046,fabric_query_confirmation,True,,339,1783271785873,0,,False
469,b2-fabric-b1-c4-r1,b2-fabric-b1-c4-r1-task-0044,fabric_query_confirmation,True,,341,1783271785872,0,,False
470,b2-fabric-b1-c4-r1,b2-fabric-b1-c4-r1-task-0047,fabric_query_confirmation,True,,341,1783271785872,0,,False
471,b2-fabric-b1-c4-r1,b2-fabric-b1-c4-r1-task-0045,fabric_vote_1,True,,2288,1783271786210,0,,False
472,b2-fabric-b1-c4-r1,b2-fabric-b1-c4-r1-task-0047,fabric_vote_1,True,,2285,1783271786213,0,,False
473,b2-fabric-b1-c4-r1,b2-fabric-b1-c4-r1-task-0046,fabric_vote_1,True,,2287,1783271786212,0,,False
474,b2-fabric-b1-c4-r1,b2-fabric-b1-c4-r1-task-0044,fabric_vote_1,True,,2287,1783271786213,0,,False
475,b2-fabric-b1-c4-r1,b2-fabric-b1-c4-r1-task-0044,fabric_vote_2,True,,2386,1783271788500,0,,False
476,b2-fabric-b1-c4-r1,b2-fabric-b1-c4-r1-task-0046,fabric_vote_2,True,,2388,1783271788499,0,,False
477,b2-fabric-b1-c4-r1,b2-fabric-b1-c4-r1-task-0045,fabric_vote_2,True,,2390,1783271788498,0,,False
478,b2-fabric-b1-c4-r1,b2-fabric-b1-c4-r1-task-0047,fabric_vote_2,True,,2390,1783271788499,0,,False
479,b2-fabric-b1-c4-r1,b2-fabric-b1-c4-r1-task-0045,fabric_settlement,True,,2397,1783271790888,0,,False
480,b2-fabric-b1-c4-r1,b2-fabric-b1-c4-r1-task-0044,fabric_settlement,True,,2399,1783271790886,0,,False
481,b2-fabric-b1-c4-r1,b2-fabric-b1-c4-r1-task-0046,fabric_settlement,True,,2399,1783271790887,0,,False
482,b2-fabric-b1-c4-r1,b2-fabric-b1-c4-r1-task-0047,fabric_settlement,True,,2399,1783271790889,0,,False
483,b2-fabric-b1-c4-r1,b2-fabric-b1-c4-r1-task-0044,fabric_query_final,True,,615,1783271793285,0,,False
484,b2-fabric-b1-c4-r1,b2-fabric-b1-c4-r1-task-0045,fabric_query_final,True,,615,1783271793285,0,,False
485,b2-fabric-b1-c4-r1,b2-fabric-b1-c4-r1-task-0047,fabric_query_final,True,,612,1783271793288,0,,False
486,b2-fabric-b1-c4-r1,b2-fabric-b1-c4-r1-task-0044,ipfs_verify,True,,8,1783271793900,0,QmRdq27qE1F3dGzbT9p9PnePh4D88Nw3KFAmJZ2C7W4jcT,False
487,b2-fabric-b1-c4-r1,b2-fabric-b1-c4-r1-task-0047,ipfs_verify,True,,9,1783271793900,0,QmeV2Nyd6AXfLrfL94BuWtPhgFx2BQKzDFrxvN5H5wGM4v,False
488,b2-fabric-b1-c4-r1,b2-fabric-b1-c4-r1-task-0045,ipfs_verify,True,,10,1783271793900,0,QmfZqW6816xBeSRuQN3KqApyKbwjb4f3u87p8veGLitLQh,False
489,b2-fabric-b1-c4-r1,b2-fabric-b1-c4-r1-task-0046,fabric_query_final,True,,732,1783271793286,0,,False
490,b2-fabric-b1-c4-r1,b2-fabric-b1-c4-r1-task-0046,ipfs_verify,True,,7,1783271794018,0,QmTnaHUQXj9xeoWHT2zVraSQfVPSZ3kwXbfxhynCbSD478,False
491,b2-fabric-b1-c4-r1,b2-fabric-b1-c4-r1-task-0049,ipfs_add,True,,120,1783271793909,1811,,False
492,b2-fabric-b1-c4-r1,b2-fabric-b1-c4-r1-task-0050,ipfs_add,True,,136,1783271793910,1999,,False
493,b2-fabric-b1-c4-r1,b2-fabric-b1-c4-r1-task-0048,ipfs_add,True,,151,1783271793908,6584,,False
494,b2-fabric-b1-c4-r1,b2-fabric-b1-c4-r1-task-0051,ipfs_add,True,,46,1783271794025,3763,,False
495,b2-fabric-b1-c4-r1,b2-fabric-b1-c4-r1-task-0048,fabric_post_task,True,,3486,1783271794059,6584,QmZxwAc5vt22wSQ5mT8jRWQr3tdyJrTwAGgotYvEjWf3wN,False
496,b2-fabric-b1-c4-r1,b2-fabric-b1-c4-r1-task-0049,fabric_post_task,True,,3518,1783271794029,1811,Qme9dPNL59uRhU5hx2jyKbBdCPqBgF1krPA6WvcCYu8eVf,False
497,b2-fabric-b1-c4-r1,b2-fabric-b1-c4-r1-task-0051,fabric_post_task,True,,3477,1783271794071,3763,QmTGsXsSojSBkAHS2R8QsjK4DdKDvRJKAvmLyhxkyrWAi1,False
498,b2-fabric-b1-c4-r1,b2-fabric-b1-c4-r1-task-0050,fabric_post_task,True,,3502,1783271794046,1999,QmdV6Xsz9DDJaY4mD6E1omWqFwV485nsfcNWmZWMizL9Jc,False
499,b2-fabric-b1-c4-r1,b2-fabric-b1-c4-r1-task-0048,fabric_post_allocation,True,,2311,1783271797545,0,,False
500,b2-fabric-b1-c4-r1,b2-fabric-b1-c4-r1-task-0049,fabric_post_allocation,True,,2310,1783271797547,0,,False
501,b2-fabric-b1-c4-r1,b2-fabric-b1-c4-r1-task-0050,fabric_post_allocation,True,,2310,1783271797548,0,,False
502,b2-fabric-b1-c4-r1,b2-fabric-b1-c4-r1-task-0051,fabric_post_allocation,True,,2311,1783271797548,0,,False
503,b2-fabric-b1-c4-r1,b2-fabric-b1-c4-r1-task-0050,fabric_post_snapshot,True,,2280,1783271799858,0,,False
504,b2-fabric-b1-c4-r1,b2-fabric-b1-c4-r1-task-0048,fabric_post_snapshot,True,,2283,1783271799856,0,,False
505,b2-fabric-b1-c4-r1,b2-fabric-b1-c4-r1-task-0049,fabric_post_snapshot,True,,2283,1783271799857,0,,False
506,b2-fabric-b1-c4-r1,b2-fabric-b1-c4-r1-task-0051,fabric_post_snapshot,True,,2282,1783271799859,0,,False
507,b2-fabric-b1-c4-r1,b2-fabric-b1-c4-r1-task-0051,fabric_query_confirmation,True,,134,1783271802141,0,,False
508,b2-fabric-b1-c4-r1,b2-fabric-b1-c4-r1-task-0049,fabric_query_confirmation,True,,136,1783271802140,0,,False
509,b2-fabric-b1-c4-r1,b2-fabric-b1-c4-r1-task-0050,fabric_query_confirmation,True,,138,1783271802138,0,,False
510,b2-fabric-b1-c4-r1,b2-fabric-b1-c4-r1-task-0048,fabric_query_confirmation,True,,139,1783271802139,0,,False
511,b2-fabric-b1-c4-r1,b2-fabric-b1-c4-r1-task-0048,fabric_vote_1,True,,2529,1783271802278,0,,False
512,b2-fabric-b1-c4-r1,b2-fabric-b1-c4-r1-task-0049,fabric_vote_1,True,,2532,1783271802276,0,,False
513,b2-fabric-b1-c4-r1,b2-fabric-b1-c4-r1-task-0050,fabric_vote_1,True,,2532,1783271802276,0,,False
514,b2-fabric-b1-c4-r1,b2-fabric-b1-c4-r1-task-0051,fabric_vote_1,True,,2535,1783271802275,0,,False
515,b2-fabric-b1-c4-r1,b2-fabric-b1-c4-r1-task-0049,fabric_vote_2,True,,2292,1783271804808,0,,False
516,b2-fabric-b1-c4-r1,b2-fabric-b1-c4-r1-task-0050,fabric_vote_2,True,,2293,1783271804808,0,,False
517,b2-fabric-b1-c4-r1,b2-fabric-b1-c4-r1-task-0048,fabric_vote_2,True,,2294,1783271804807,0,,False
518,b2-fabric-b1-c4-r1,b2-fabric-b1-c4-r1-task-0051,fabric_vote_2,True,,2292,1783271804810,0,,False
519,b2-fabric-b1-c4-r1,b2-fabric-b1-c4-r1-task-0049,fabric_settlement,True,,2309,1783271807100,0,,False
520,b2-fabric-b1-c4-r1,b2-fabric-b1-c4-r1-task-0048,fabric_settlement,True,,2310,1783271807101,0,,False
521,b2-fabric-b1-c4-r1,b2-fabric-b1-c4-r1-task-0050,fabric_settlement,True,,2311,1783271807101,0,,False
522,b2-fabric-b1-c4-r1,b2-fabric-b1-c4-r1-task-0051,fabric_settlement,True,,2311,1783271807102,0,,False
523,b2-fabric-b1-c4-r1,b2-fabric-b1-c4-r1-task-0048,fabric_query_final,True,,781,1783271809411,0,,False
524,b2-fabric-b1-c4-r1,b2-fabric-b1-c4-r1-task-0049,fabric_query_final,True,,783,1783271809410,0,,False
525,b2-fabric-b1-c4-r1,b2-fabric-b1-c4-r1-task-0051,fabric_query_final,True,,781,1783271809413,0,,False
526,b2-fabric-b1-c4-r1,b2-fabric-b1-c4-r1-task-0050,fabric_query_final,True,,784,1783271809412,0,,False
527,b2-fabric-b1-c4-r1,b2-fabric-b1-c4-r1-task-0049,ipfs_verify,True,,6,1783271810193,0,Qme9dPNL59uRhU5hx2jyKbBdCPqBgF1krPA6WvcCYu8eVf,False
528,b2-fabric-b1-c4-r1,b2-fabric-b1-c4-r1-task-0048,ipfs_verify,True,,8,1783271810192,0,QmZxwAc5vt22wSQ5mT8jRWQr3tdyJrTwAGgotYvEjWf3wN,False
529,b2-fabric-b1-c4-r1,b2-fabric-b1-c4-r1-task-0051,ipfs_verify,True,,7,1783271810194,0,QmTGsXsSojSBkAHS2R8QsjK4DdKDvRJKAvmLyhxkyrWAi1,False
530,b2-fabric-b1-c4-r1,b2-fabric-b1-c4-r1-task-0050,ipfs_verify,True,,6,1783271810196,0,QmdV6Xsz9DDJaY4mD6E1omWqFwV485nsfcNWmZWMizL9Jc,False
531,b2-fabric-b1-c4-r1,b2-fabric-b1-c4-r1-task-0054,ipfs_add,True,,25,1783271810201,5229,,False
532,b2-fabric-b1-c4-r1,b2-fabric-b1-c4-r1-task-0052,ipfs_add,True,,37,1783271810200,3794,,False
533,b2-fabric-b1-c4-r1,b2-fabric-b1-c4-r1-task-0055,ipfs_add,True,,46,1783271810202,3299,,False
534,b2-fabric-b1-c4-r1,b2-fabric-b1-c4-r1-task-0053,ipfs_add,True,,60,1783271810200,4728,,False
535,b2-fabric-b1-c4-r1,b2-fabric-b1-c4-r1-task-0052,fabric_post_task,True,,215,1783271810237,3794,Qmbhf75a6jKFm6r3n83e1TgGA1Jv3MZMWPn5DZ6DAQKRGx,False
536,b2-fabric-b1-c4-r1,b2-fabric-b1-c4-r1-task-0054,fabric_post_task,True,,227,1783271810226,5229,QmPnCtNRFcwQFtC6bqhKn6Lncju1wDzgW5MAzMVD7Hqnio,False
537,b2-fabric-b1-c4-r1,b2-fabric-b1-c4-r1-task-0055,fabric_post_task,True,,205,1783271810248,3299,QmafKJifZc1XAPwnCM3rfjeY8ycoRWBTEzRKJWmaz2X2pf,False
538,b2-fabric-b1-c4-r1,b2-fabric-b1-c4-r1-task-0053,fabric_post_task,True,,195,1783271810260,4728,QmQhmCX3uicZrhvWeBbc6PdBzun14HpniDh8sPFQzpyV9X,False
539,b2-fabric-b1-c4-r1,b2-fabric-b1-c4-r1-task-0053,fabric_post_allocation,True,,2330,1783271810455,0,,False
540,b2-fabric-b1-c4-r1,b2-fabric-b1-c4-r1-task-0052,fabric_post_allocation,True,,2334,1783271810452,0,,False
541,b2-fabric-b1-c4-r1,b2-fabric-b1-c4-r1-task-0055,fabric_post_allocation,True,,2333,1783271810454,0,,False
542,b2-fabric-b1-c4-r1,b2-fabric-b1-c4-r1-task-0054,fabric_post_allocation,True,,2339,1783271810453,0,,False
543,b2-fabric-b1-c4-r1,b2-fabric-b1-c4-r1-task-0052,fabric_post_snapshot,True,,2490,1783271812786,0,,False
544,b2-fabric-b1-c4-r1,b2-fabric-b1-c4-r1-task-0055,fabric_post_snapshot,True,,2490,1783271812788,0,,False
545,b2-fabric-b1-c4-r1,b2-fabric-b1-c4-r1-task-0054,fabric_post_snapshot,True,,2486,1783271812792,0,,False
546,b2-fabric-b1-c4-r1,b2-fabric-b1-c4-r1-task-0053,fabric_post_snapshot,True,,2495,1783271812785,0,,False
547,b2-fabric-b1-c4-r1,b2-fabric-b1-c4-r1-task-0055,fabric_query_confirmation,True,,128,1783271815278,0,,False
548,b2-fabric-b1-c4-r1,b2-fabric-b1-c4-r1-task-0052,fabric_query_confirmation,True,,131,1783271815276,0,,False
549,b2-fabric-b1-c4-r1,b2-fabric-b1-c4-r1-task-0053,fabric_query_confirmation,True,,127,1783271815280,0,,False
550,b2-fabric-b1-c4-r1,b2-fabric-b1-c4-r1-task-0054,fabric_query_confirmation,True,,129,1783271815278,0,,False
551,b2-fabric-b1-c4-r1,b2-fabric-b1-c4-r1-task-0054,fabric_vote_1,True,,2296,1783271815407,0,,False
552,b2-fabric-b1-c4-r1,b2-fabric-b1-c4-r1-task-0052,fabric_vote_1,True,,2298,1783271815407,0,,False
553,b2-fabric-b1-c4-r1,b2-fabric-b1-c4-r1-task-0055,fabric_vote_1,True,,2299,1783271815406,0,,False
554,b2-fabric-b1-c4-r1,b2-fabric-b1-c4-r1-task-0053,fabric_vote_1,True,,2299,1783271815407,0,,False
555,b2-fabric-b1-c4-r1,b2-fabric-b1-c4-r1-task-0054,fabric_vote_2,True,,2497,1783271817703,0,,False
556,b2-fabric-b1-c4-r1,b2-fabric-b1-c4-r1-task-0053,fabric_vote_2,True,,2496,1783271817706,0,,False
557,b2-fabric-b1-c4-r1,b2-fabric-b1-c4-r1-task-0052,fabric_vote_2,True,,2499,1783271817705,0,,False
558,b2-fabric-b1-c4-r1,b2-fabric-b1-c4-r1-task-0055,fabric_vote_2,True,,2499,1783271817705,0,,False
559,b2-fabric-b1-c4-r1,b2-fabric-b1-c4-r1-task-0052,fabric_settlement,True,,2418,1783271820204,0,,False
560,b2-fabric-b1-c4-r1,b2-fabric-b1-c4-r1-task-0054,fabric_settlement,True,,2422,1783271820200,0,,False
561,b2-fabric-b1-c4-r1,b2-fabric-b1-c4-r1-task-0055,fabric_settlement,True,,2419,1783271820204,0,,False
562,b2-fabric-b1-c4-r1,b2-fabric-b1-c4-r1-task-0053,fabric_settlement,True,,2424,1783271820202,0,,False
563,b2-fabric-b1-c4-r1,b2-fabric-b1-c4-r1-task-0054,fabric_query_final,True,,828,1783271822622,0,,False
564,b2-fabric-b1-c4-r1,b2-fabric-b1-c4-r1-task-0053,fabric_query_final,True,,825,1783271822626,0,,False
565,b2-fabric-b1-c4-r1,b2-fabric-b1-c4-r1-task-0055,fabric_query_final,True,,829,1783271822623,0,,False
566,b2-fabric-b1-c4-r1,b2-fabric-b1-c4-r1-task-0052,fabric_query_final,True,,840,1783271822622,0,,False
567,b2-fabric-b1-c4-r1,b2-fabric-b1-c4-r1-task-0055,ipfs_verify,True,,10,1783271823452,0,QmafKJifZc1XAPwnCM3rfjeY8ycoRWBTEzRKJWmaz2X2pf,False
568,b2-fabric-b1-c4-r1,b2-fabric-b1-c4-r1-task-0054,ipfs_verify,True,,13,1783271823450,0,QmPnCtNRFcwQFtC6bqhKn6Lncju1wDzgW5MAzMVD7Hqnio,False
569,b2-fabric-b1-c4-r1,b2-fabric-b1-c4-r1-task-0053,ipfs_verify,True,,13,1783271823451,0,QmQhmCX3uicZrhvWeBbc6PdBzun14HpniDh8sPFQzpyV9X,False
570,b2-fabric-b1-c4-r1,b2-fabric-b1-c4-r1-task-0052,ipfs_verify,True,,8,1783271823462,0,Qmbhf75a6jKFm6r3n83e1TgGA1Jv3MZMWPn5DZ6DAQKRGx,False
571,b2-fabric-b1-c4-r1,b2-fabric-b1-c4-r1-task-0058,ipfs_add,True,,29,1783271823464,2250,,False
572,b2-fabric-b1-c4-r1,b2-fabric-b1-c4-r1-task-0057,ipfs_add,True,,43,1783271823463,1961,,False
573,b2-fabric-b1-c4-r1,b2-fabric-b1-c4-r1-task-0056,ipfs_add,True,,55,1783271823463,4022,,False
574,b2-fabric-b1-c4-r1,b2-fabric-b1-c4-r1-task-0059,ipfs_add,True,,60,1783271823470,4487,,False
575,b2-fabric-b1-c4-r1,b2-fabric-b1-c4-r1-task-0058,fabric_post_task,True,,3687,1783271823493,2250,QmXUCNGHMpTciMXWytGi2sfx8616VuyyUoqZa3oAtvFoDt,False
576,b2-fabric-b1-c4-r1,b2-fabric-b1-c4-r1-task-0059,fabric_post_task,True,,3650,1783271823530,4487,QmPBEGhSk6VvenSUj3Vr6bj3gHyXAjWBknK2erA4F3iiDo,False
577,b2-fabric-b1-c4-r1,b2-fabric-b1-c4-r1-task-0056,fabric_post_task,True,,3663,1783271823518,4022,QmZ7pYazDS7aTNmx4r1RUas5pautaRbk4VUrw59C2XLkhW,False
578,b2-fabric-b1-c4-r1,b2-fabric-b1-c4-r1-task-0057,fabric_post_task,True,,3679,1783271823506,1961,QmXe2mVbUwjU9upyR6EUuSfmWPVCsUJ2XbjviLk1VWsWi5,False
579,b2-fabric-b1-c4-r1,b2-fabric-b1-c4-r1-task-0056,fabric_post_allocation,True,,2543,1783271827181,0,,False
580,b2-fabric-b1-c4-r1,b2-fabric-b1-c4-r1-task-0058,fabric_post_allocation,True,,2546,1783271827180,0,,False
581,b2-fabric-b1-c4-r1,b2-fabric-b1-c4-r1-task-0059,fabric_post_allocation,True,,2546,1783271827180,0,,False
582,b2-fabric-b1-c4-r1,b2-fabric-b1-c4-r1-task-0057,fabric_post_allocation,True,,2542,1783271827185,0,,False
583,b2-fabric-b1-c4-r1,b2-fabric-b1-c4-r1-task-0059,fabric_post_snapshot,True,,2286,1783271829726,0,,False
584,b2-fabric-b1-c4-r1,b2-fabric-b1-c4-r1-task-0056,fabric_post_snapshot,True,,2289,1783271829724,0,,False
585,b2-fabric-b1-c4-r1,b2-fabric-b1-c4-r1-task-0058,fabric_post_snapshot,True,,2288,1783271829726,0,,False
586,b2-fabric-b1-c4-r1,b2-fabric-b1-c4-r1-task-0057,fabric_post_snapshot,True,,2288,1783271829727,0,,False
587,b2-fabric-b1-c4-r1,b2-fabric-b1-c4-r1-task-0058,fabric_query_confirmation,True,,344,1783271832014,0,,False
588,b2-fabric-b1-c4-r1,b2-fabric-b1-c4-r1-task-0057,fabric_query_confirmation,True,,344,1783271832015,0,,False
589,b2-fabric-b1-c4-r1,b2-fabric-b1-c4-r1-task-0056,fabric_query_confirmation,True,,346,1783271832013,0,,False
590,b2-fabric-b1-c4-r1,b2-fabric-b1-c4-r1-task-0059,fabric_query_confirmation,True,,351,1783271832012,0,,False
591,b2-fabric-b1-c4-r1,b2-fabric-b1-c4-r1-task-0057,fabric_vote_1,True,,2313,1783271832359,0,,False
592,b2-fabric-b1-c4-r1,b2-fabric-b1-c4-r1-task-0059,fabric_vote_1,True,,2310,1783271832363,0,,False
593,b2-fabric-b1-c4-r1,b2-fabric-b1-c4-r1-task-0056,fabric_vote_1,True,,2315,1783271832359,0,,False
594,b2-fabric-b1-c4-r1,b2-fabric-b1-c4-r1-task-0058,fabric_vote_1,True,,2319,1783271832358,0,,False
595,b2-fabric-b1-c4-r1,b2-fabric-b1-c4-r1-task-0059,fabric_vote_2,True,,2542,1783271834673,0,,False
596,b2-fabric-b1-c4-r1,b2-fabric-b1-c4-r1-task-0058,fabric_vote_2,True,,2539,1783271834677,0,,False
597,b2-fabric-b1-c4-r1,b2-fabric-b1-c4-r1-task-0056,fabric_vote_2,True,,2542,1783271834674,0,,False
598,b2-fabric-b1-c4-r1,b2-fabric-b1-c4-r1-task-0057,fabric_vote_2,True,,2545,1783271834672,0,,False
599,b2-fabric-b1-c4-r1,b2-fabric-b1-c4-r1-task-0059,fabric_settlement,True,,2335,1783271837215,0,,False
600,b2-fabric-b1-c4-r1,b2-fabric-b1-c4-r1-task-0058,fabric_settlement,True,,2335,1783271837216,0,,False
601,b2-fabric-b1-c4-r1,b2-fabric-b1-c4-r1-task-0056,fabric_settlement,True,,2336,1783271837216,0,,False
602,b2-fabric-b1-c4-r1,b2-fabric-b1-c4-r1-task-0057,fabric_settlement,True,,2335,1783271837217,0,,False
603,b2-fabric-b1-c4-r1,b2-fabric-b1-c4-r1-task-0056,fabric_query_final,True,,562,1783271839552,0,,False
604,b2-fabric-b1-c4-r1,b2-fabric-b1-c4-r1-task-0059,fabric_query_final,True,,566,1783271839550,0,,False
605,b2-fabric-b1-c4-r1,b2-fabric-b1-c4-r1-task-0058,fabric_query_final,True,,565,1783271839551,0,,False
606,b2-fabric-b1-c4-r1,b2-fabric-b1-c4-r1-task-0057,fabric_query_final,True,,568,1783271839552,0,,False
607,b2-fabric-b1-c4-r1,b2-fabric-b1-c4-r1-task-0058,ipfs_verify,True,,7,1783271840116,0,QmXUCNGHMpTciMXWytGi2sfx8616VuyyUoqZa3oAtvFoDt,False
608,b2-fabric-b1-c4-r1,b2-fabric-b1-c4-r1-task-0059,ipfs_verify,True,,8,1783271840116,0,QmPBEGhSk6VvenSUj3Vr6bj3gHyXAjWBknK2erA4F3iiDo,False
609,b2-fabric-b1-c4-r1,b2-fabric-b1-c4-r1-task-0056,ipfs_verify,True,,10,1783271840115,0,QmZ7pYazDS7aTNmx4r1RUas5pautaRbk4VUrw59C2XLkhW,False
610,b2-fabric-b1-c4-r1,b2-fabric-b1-c4-r1-task-0057,ipfs_verify,True,,7,1783271840120,0,QmXe2mVbUwjU9upyR6EUuSfmWPVCsUJ2XbjviLk1VWsWi5,False
611,b2-fabric-b1-c4-r1,b2-fabric-b1-c4-r1-task-0061,ipfs_add,True,,27,1783271840124,5946,,False
612,b2-fabric-b1-c4-r1,b2-fabric-b1-c4-r1-task-0060,ipfs_add,True,,39,1783271840123,5935,,False
613,b2-fabric-b1-c4-r1,b2-fabric-b1-c4-r1-task-0062,ipfs_add,True,,48,1783271840125,1552,,False
614,b2-fabric-b1-c4-r1,b2-fabric-b1-c4-r1-task-0063,ipfs_add,True,,59,1783271840127,1951,,False
615,b2-fabric-b1-c4-r1,b2-fabric-b1-c4-r1-task-0063,fabric_post_task,True,,220,1783271840186,1951,Qmeq8QyrjD6bZ4YprHuPoMgTMvTCxaH2JtzMLSbHb4KCGp,False
616,b2-fabric-b1-c4-r1,b2-fabric-b1-c4-r1-task-0062,fabric_post_task,True,,234,1783271840173,1552,Qmb6iH1Q8fsUxVYrQmrcgAvCnH14JPTvzRbCctsufq5we3,False
617,b2-fabric-b1-c4-r1,b2-fabric-b1-c4-r1-task-0060,fabric_post_task,True,,246,1783271840162,5935,QmNcgtQQTiKYTTZfgDnKUurGta1J2EPad8N1cioGFFfEnj,False
618,b2-fabric-b1-c4-r1,b2-fabric-b1-c4-r1-task-0061,fabric_post_task,True,,257,1783271840152,5946,QmZznbE6Q8qgJZM6zko75Z5kysY6RRAzfTKYtPEykpkpaT,False
619,b2-fabric-b1-c4-r1,b2-fabric-b1-c4-r1-task-0063,fabric_post_allocation,True,,2340,1783271840406,0,,False
620,b2-fabric-b1-c4-r1,b2-fabric-b1-c4-r1-task-0060,fabric_post_allocation,True,,2339,1783271840408,0,,False
621,b2-fabric-b1-c4-r1,b2-fabric-b1-c4-r1-task-0062,fabric_post_allocation,True,,2340,1783271840408,0,,False
622,b2-fabric-b1-c4-r1,b2-fabric-b1-c4-r1-task-0061,fabric_post_allocation,True,,2339,1783271840409,0,,False
623,b2-fabric-b1-c4-r1,b2-fabric-b1-c4-r1-task-0063,fabric_post_snapshot,True,,2274,1783271842746,0,,False
624,b2-fabric-b1-c4-r1,b2-fabric-b1-c4-r1-task-0060,fabric_post_snapshot,True,,2273,1783271842747,0,,False
625,b2-fabric-b1-c4-r1,b2-fabric-b1-c4-r1-task-0061,fabric_post_snapshot,True,,2273,1783271842748,0,,False
626,b2-fabric-b1-c4-r1,b2-fabric-b1-c4-r1-task-0062,fabric_post_snapshot,True,,2276,1783271842748,0,,False
627,b2-fabric-b1-c4-r1,b2-fabric-b1-c4-r1-task-0062,fabric_query_confirmation,True,,343,1783271845024,0,,False
628,b2-fabric-b1-c4-r1,b2-fabric-b1-c4-r1-task-0061,fabric_query_confirmation,True,,346,1783271845021,0,,False
629,b2-fabric-b1-c4-r1,b2-fabric-b1-c4-r1-task-0060,fabric_query_confirmation,True,,348,1783271845020,0,,False
630,b2-fabric-b1-c4-r1,b2-fabric-b1-c4-r1-task-0063,fabric_query_confirmation,True,,348,1783271845020,0,,False
631,b2-fabric-b1-c4-r1,b2-fabric-b1-c4-r1-task-0062,fabric_vote_1,True,,2274,1783271845367,0,,False
632,b2-fabric-b1-c4-r1,b2-fabric-b1-c4-r1-task-0063,fabric_vote_1,True,,2273,1783271845368,0,,False
633,b2-fabric-b1-c4-r1,b2-fabric-b1-c4-r1-task-0061,fabric_vote_1,True,,2275,1783271845367,0,,False
634,b2-fabric-b1-c4-r1,b2-fabric-b1-c4-r1-task-0060,fabric_vote_1,True,,2275,1783271845368,0,,False
635,b2-fabric-b1-c4-r1,b2-fabric-b1-c4-r1-task-0061,fabric_vote_2,True,,2279,1783271847642,0,,False
636,b2-fabric-b1-c4-r1,b2-fabric-b1-c4-r1-task-0062,fabric_vote_2,True,,2281,1783271847641,0,,False
637,b2-fabric-b1-c4-r1,b2-fabric-b1-c4-r1-task-0060,fabric_vote_2,True,,2279,1783271847644,0,,False
638,b2-fabric-b1-c4-r1,b2-fabric-b1-c4-r1-task-0063,fabric_vote_2,True,,2284,1783271847641,0,,False
639,b2-fabric-b1-c4-r1,b2-fabric-b1-c4-r1-task-0060,fabric_settlement,True,,2398,1783271849923,0,,False
640,b2-fabric-b1-c4-r1,b2-fabric-b1-c4-r1-task-0063,fabric_settlement,True,,2397,1783271849925,0,,False
641,b2-fabric-b1-c4-r1,b2-fabric-b1-c4-r1-task-0061,fabric_settlement,True,,2401,1783271849921,0,,False
642,b2-fabric-b1-c4-r1,b2-fabric-b1-c4-r1-task-0062,fabric_settlement,True,,2401,1783271849922,0,,False
643,b2-fabric-b1-c4-r1,b2-fabric-b1-c4-r1-task-0062,fabric_query_final,True,,864,1783271852323,0,,False
644,b2-fabric-b1-c4-r1,b2-fabric-b1-c4-r1-task-0060,fabric_query_final,True,,868,1783271852321,0,,False
645,b2-fabric-b1-c4-r1,b2-fabric-b1-c4-r1-task-0063,fabric_query_final,True,,867,1783271852322,0,,False
646,b2-fabric-b1-c4-r1,b2-fabric-b1-c4-r1-task-0061,fabric_query_final,True,,873,1783271852322,0,,False
647,b2-fabric-b1-c4-r1,b2-fabric-b1-c4-r1-task-0062,ipfs_verify,True,,10,1783271853187,0,Qmb6iH1Q8fsUxVYrQmrcgAvCnH14JPTvzRbCctsufq5we3,False
648,b2-fabric-b1-c4-r1,b2-fabric-b1-c4-r1-task-0060,ipfs_verify,True,,9,1783271853189,0,QmNcgtQQTiKYTTZfgDnKUurGta1J2EPad8N1cioGFFfEnj,False
649,b2-fabric-b1-c4-r1,b2-fabric-b1-c4-r1-task-0063,ipfs_verify,True,,10,1783271853189,0,Qmeq8QyrjD6bZ4YprHuPoMgTMvTCxaH2JtzMLSbHb4KCGp,False
650,b2-fabric-b1-c4-r1,b2-fabric-b1-c4-r1-task-0061,ipfs_verify,True,,9,1783271853195,0,QmZznbE6Q8qgJZM6zko75Z5kysY6RRAzfTKYtPEykpkpaT,False
651,b2-fabric-b1-c4-r1,b2-fabric-b1-c4-r1-task-0065,ipfs_add,True,,1058,1783271853198,1532,,False
652,b2-fabric-b1-c4-r1,b2-fabric-b1-c4-r1-task-0066,ipfs_add,True,,1069,1783271853199,1779,,False
653,b2-fabric-b1-c4-r1,b2-fabric-b1-c4-r1-task-0064,ipfs_add,True,,1083,1783271853197,1718,,False
654,b2-fabric-b1-c4-r1,b2-fabric-b1-c4-r1-task-0067,ipfs_add,True,,1089,1783271853204,1494,,False
655,b2-fabric-b1-c4-r1,b2-fabric-b1-c4-r1-task-0064,fabric_post_task,True,,2504,1783271854280,1718,QmdQasboxBg4eG1zCcznaXELJ43EhrApnvszJDpfVQP7gd,False
656,b2-fabric-b1-c4-r1,b2-fabric-b1-c4-r1-task-0066,fabric_post_task,True,,2516,1783271854268,1779,QmQadZaKvSss26axAEh58nbypRZhkvyv9qKSdKwsKrR3VT,False
657,b2-fabric-b1-c4-r1,b2-fabric-b1-c4-r1-task-0067,fabric_post_task,True,,2493,1783271854293,1494,Qmbt7FG9CTBc6sVfciXAseRzvjXpa6EoV1TehcNf7sChY3,False
658,b2-fabric-b1-c4-r1,b2-fabric-b1-c4-r1-task-0065,fabric_post_task,True,,2532,1783271854256,1532,QmTgn7Ef8bcgXc76teLMLFWfXkkV1kNKoL8EES2YSp6nVT,False
659,b2-fabric-b1-c4-r1,b2-fabric-b1-c4-r1-task-0064,fabric_post_allocation,True,,2548,1783271856784,0,,False
660,b2-fabric-b1-c4-r1,b2-fabric-b1-c4-r1-task-0065,fabric_post_allocation,True,,2547,1783271856788,0,,False
661,b2-fabric-b1-c4-r1,b2-fabric-b1-c4-r1-task-0067,fabric_post_allocation,True,,2550,1783271856786,0,,False
662,b2-fabric-b1-c4-r1,b2-fabric-b1-c4-r1-task-0066,fabric_post_allocation,True,,2553,1783271856784,0,,False
663,b2-fabric-b1-c4-r1,b2-fabric-b1-c4-r1-task-0067,fabric_post_snapshot,True,,2274,1783271859336,0,,False
664,b2-fabric-b1-c4-r1,b2-fabric-b1-c4-r1-task-0066,fabric_post_snapshot,True,,2274,1783271859337,0,,False
665,b2-fabric-b1-c4-r1,b2-fabric-b1-c4-r1-task-0064,fabric_post_snapshot,True,,2279,1783271859332,0,,False
666,b2-fabric-b1-c4-r1,b2-fabric-b1-c4-r1-task-0065,fabric_post_snapshot,True,,2280,1783271859335,0,,False
667,b2-fabric-b1-c4-r1,b2-fabric-b1-c4-r1-task-0066,fabric_query_confirmation,True,,357,1783271861611,0,,False
668,b2-fabric-b1-c4-r1,b2-fabric-b1-c4-r1-task-0067,fabric_query_confirmation,True,,359,1783271861610,0,,False
669,b2-fabric-b1-c4-r1,b2-fabric-b1-c4-r1-task-0064,fabric_query_confirmation,True,,358,1783271861612,0,,False
670,b2-fabric-b1-c4-r1,b2-fabric-b1-c4-r1-task-0065,fabric_query_confirmation,True,,357,1783271861615,0,,False
671,b2-fabric-b1-c4-r1,b2-fabric-b1-c4-r1-task-0067,fabric_vote_1,True,,2503,1783271861969,0,,False
672,b2-fabric-b1-c4-r1,b2-fabric-b1-c4-r1-task-0064,fabric_vote_1,True,,2503,1783271861970,0,,False
673,b2-fabric-b1-c4-r1,b2-fabric-b1-c4-r1-task-0066,fabric_vote_1,True,,2505,1783271861968,0,,False
674,b2-fabric-b1-c4-r1,b2-fabric-b1-c4-r1-task-0065,fabric_vote_1,True,,2503,1783271861972,0,,False
675,b2-fabric-b1-c4-r1,b2-fabric-b1-c4-r1-task-0065,fabric_vote_2,True,,2520,1783271864475,0,,False
676,b2-fabric-b1-c4-r1,b2-fabric-b1-c4-r1-task-0066,fabric_vote_2,True,,2524,1783271864473,0,,False
677,b2-fabric-b1-c4-r1,b2-fabric-b1-c4-r1-task-0067,fabric_vote_2,True,,2526,1783271864472,0,,False
678,b2-fabric-b1-c4-r1,b2-fabric-b1-c4-r1-task-0064,fabric_vote_2,True,,2528,1783271864473,0,,False
679,b2-fabric-b1-c4-r1,b2-fabric-b1-c4-r1-task-0066,fabric_settlement,True,,2529,1783271866997,0,,False
680,b2-fabric-b1-c4-r1,b2-fabric-b1-c4-r1-task-0067,fabric_settlement,True,,2528,1783271866998,0,,False
681,b2-fabric-b1-c4-r1,b2-fabric-b1-c4-r1-task-0065,fabric_settlement,True,,2531,1783271866995,0,,False
682,b2-fabric-b1-c4-r1,b2-fabric-b1-c4-r1-task-0064,fabric_settlement,True,,2529,1783271867001,0,,False
683,b2-fabric-b1-c4-r1,b2-fabric-b1-c4-r1-task-0067,fabric_query_final,True,,-1487,1783271869526,0,,False
684,b2-fabric-b1-c4-r1,b2-fabric-b1-c4-r1-task-0064,fabric_query_final,True,,-1491,1783271869530,0,,False
685,b2-fabric-b1-c4-r1,b2-fabric-b1-c4-r1-task-0066,fabric_query_final,True,,-1486,1783271869526,0,,False
686,b2-fabric-b1-c4-r1,b2-fabric-b1-c4-r1-task-0067,ipfs_verify,True,,7,1783271868039,0,Qmbt7FG9CTBc6sVfciXAseRzvjXpa6EoV1TehcNf7sChY3,False
687,b2-fabric-b1-c4-r1,b2-fabric-b1-c4-r1-task-0066,ipfs_verify,True,,7,1783271868040,0,QmQadZaKvSss26axAEh58nbypRZhkvyv9qKSdKwsKrR3VT,False
688,b2-fabric-b1-c4-r1,b2-fabric-b1-c4-r1-task-0064,ipfs_verify,True,,8,1783271868039,0,QmdQasboxBg4eG1zCcznaXELJ43EhrApnvszJDpfVQP7gd,False
689,b2-fabric-b1-c4-r1,b2-fabric-b1-c4-r1-task-0068,ipfs_add,True,,23,1783271868046,4158,,False
690,b2-fabric-b1-c4-r1,b2-fabric-b1-c4-r1-task-0069,ipfs_add,True,,36,1783271868047,1526,,False
691,b2-fabric-b1-c4-r1,b2-fabric-b1-c4-r1-task-0065,fabric_query_final,True,,-1441,1783271869526,0,,False
692,b2-fabric-b1-c4-r1,b2-fabric-b1-c4-r1-task-0065,ipfs_verify,True,,9,1783271868085,0,QmTgn7Ef8bcgXc76teLMLFWfXkkV1kNKoL8EES2YSp6nVT,False
693,b2-fabric-b1-c4-r1,b2-fabric-b1-c4-r1-task-0070,ipfs_add,True,,50,1783271868047,5065,,False
694,b2-fabric-b1-c4-r1,b2-fabric-b1-c4-r1-task-0071,ipfs_add,True,,27,1783271868095,7196,,False
695,b2-fabric-b1-c4-r1,b2-fabric-b1-c4-r1-task-0070,fabric_post_task,True,,2231,1783271868097,5065,QmZdwn7XZ6rmxkCtUjND7GCnAtzGsfmiqSWKEv7AMAoXVQ,False
696,b2-fabric-b1-c4-r1,b2-fabric-b1-c4-r1-task-0071,fabric_post_task,True,,2207,1783271868122,7196,QmNqkkGDJvpybcWjHb7TKY3DpGWDegeGBguFT6dBieSUKQ,False
697,b2-fabric-b1-c4-r1,b2-fabric-b1-c4-r1-task-0068,fabric_post_task,True,,2261,1783271868069,4158,QmdssCZHZja15BD7DuyPiXZPfZufH2mwmGr81QDSStPZPN,False
698,b2-fabric-b1-c4-r1,b2-fabric-b1-c4-r1-task-0069,fabric_post_task,True,,2247,1783271868083,1526,Qmc3HzGamX75gaXpQyYRDkmKLfVRUTTUbDLLNafwajDdRv,False
699,b2-fabric-b1-c4-r1,b2-fabric-b1-c4-r1-task-0069,fabric_post_allocation,True,,2299,1783271870330,0,,False
700,b2-fabric-b1-c4-r1,b2-fabric-b1-c4-r1-task-0068,fabric_post_allocation,True,,2300,1783271870330,0,,False
701,b2-fabric-b1-c4-r1,b2-fabric-b1-c4-r1-task-0071,fabric_post_allocation,True,,2302,1783271870329,0,,False
702,b2-fabric-b1-c4-r1,b2-fabric-b1-c4-r1-task-0070,fabric_post_allocation,True,,2305,1783271870328,0,,False
703,b2-fabric-b1-c4-r1,b2-fabric-b1-c4-r1-task-0070,fabric_post_snapshot,True,,2505,1783271872633,0,,False
704,b2-fabric-b1-c4-r1,b2-fabric-b1-c4-r1-task-0071,fabric_post_snapshot,True,,2508,1783271872631,0,,False
705,b2-fabric-b1-c4-r1,b2-fabric-b1-c4-r1-task-0068,fabric_post_snapshot,True,,2509,1783271872630,0,,False
706,b2-fabric-b1-c4-r1,b2-fabric-b1-c4-r1-task-0069,fabric_post_snapshot,True,,2513,1783271872629,0,,False
707,b2-fabric-b1-c4-r1,b2-fabric-b1-c4-r1-task-0068,fabric_query_confirmation,True,,125,1783271875139,0,,False
708,b2-fabric-b1-c4-r1,b2-fabric-b1-c4-r1-task-0071,fabric_query_confirmation,True,,126,1783271875139,0,,False
709,b2-fabric-b1-c4-r1,b2-fabric-b1-c4-r1-task-0069,fabric_query_confirmation,True,,124,1783271875142,0,,False
710,b2-fabric-b1-c4-r1,b2-fabric-b1-c4-r1-task-0070,fabric_query_confirmation,True,,129,1783271875138,0,,False
711,b2-fabric-b1-c4-r1,b2-fabric-b1-c4-r1-task-0068,fabric_vote_1,True,,2485,1783271875264,0,,False
712,b2-fabric-b1-c4-r1,b2-fabric-b1-c4-r1-task-0070,fabric_vote_1,True,,2483,1783271875267,0,,False
713,b2-fabric-b1-c4-r1,b2-fabric-b1-c4-r1-task-0071,fabric_vote_1,True,,2486,1783271875265,0,,False
714,b2-fabric-b1-c4-r1,b2-fabric-b1-c4-r1-task-0069,fabric_vote_1,True,,2486,1783271875266,0,,False
715,b2-fabric-b1-c4-r1,b2-fabric-b1-c4-r1-task-0071,fabric_vote_2,True,,2466,1783271877751,0,,False
716,b2-fabric-b1-c4-r1,b2-fabric-b1-c4-r1-task-0068,fabric_vote_2,True,,2470,1783271877749,0,,False
717,b2-fabric-b1-c4-r1,b2-fabric-b1-c4-r1-task-0069,fabric_vote_2,True,,2467,1783271877752,0,,False
718,b2-fabric-b1-c4-r1,b2-fabric-b1-c4-r1-task-0070,fabric_vote_2,True,,2471,1783271877750,0,,False
719,b2-fabric-b1-c4-r1,b2-fabric-b1-c4-r1-task-0070,fabric_settlement,True,,3450,1783271880221,0,,False
720,b2-fabric-b1-c4-r1,b2-fabric-b1-c4-r1-task-0071,fabric_settlement,True,,3455,1783271880217,0,,False
721,b2-fabric-b1-c4-r1,b2-fabric-b1-c4-r1-task-0069,fabric_settlement,True,,3454,1783271880219,0,,False
722,b2-fabric-b1-c4-r1,b2-fabric-b1-c4-r1-task-0068,fabric_settlement,True,,3456,1783271880219,0,,False
723,b2-fabric-b1-c4-r1,b2-fabric-b1-c4-r1-task-0068,fabric_query_final,True,,606,1783271883675,0,,False
724,b2-fabric-b1-c4-r1,b2-fabric-b1-c4-r1-task-0069,fabric_query_final,True,,609,1783271883673,0,,False
725,b2-fabric-b1-c4-r1,b2-fabric-b1-c4-r1-task-0070,fabric_query_final,True,,611,1783271883671,0,,False
726,b2-fabric-b1-c4-r1,b2-fabric-b1-c4-r1-task-0071,fabric_query_final,True,,616,1783271883672,0,,False
727,b2-fabric-b1-c4-r1,b2-fabric-b1-c4-r1-task-0069,ipfs_verify,True,,8,1783271884282,0,Qmc3HzGamX75gaXpQyYRDkmKLfVRUTTUbDLLNafwajDdRv,False
728,b2-fabric-b1-c4-r1,b2-fabric-b1-c4-r1-task-0070,ipfs_verify,True,,9,1783271884282,0,QmZdwn7XZ6rmxkCtUjND7GCnAtzGsfmiqSWKEv7AMAoXVQ,False
729,b2-fabric-b1-c4-r1,b2-fabric-b1-c4-r1-task-0068,ipfs_verify,True,,11,1783271884281,0,QmdssCZHZja15BD7DuyPiXZPfZufH2mwmGr81QDSStPZPN,False
730,b2-fabric-b1-c4-r1,b2-fabric-b1-c4-r1-task-0071,ipfs_verify,True,,8,1783271884288,0,QmNqkkGDJvpybcWjHb7TKY3DpGWDegeGBguFT6dBieSUKQ,False
731,b2-fabric-b1-c4-r1,b2-fabric-b1-c4-r1-task-0072,ipfs_add,True,,28,1783271884290,2305,,False
732,b2-fabric-b1-c4-r1,b2-fabric-b1-c4-r1-task-0073,ipfs_add,True,,38,1783271884291,4957,,False
733,b2-fabric-b1-c4-r1,b2-fabric-b1-c4-r1-task-0074,ipfs_add,True,,49,1783271884292,5811,,False
734,b2-fabric-b1-c4-r1,b2-fabric-b1-c4-r1-task-0075,ipfs_add,True,,57,1783271884296,4400,,False
735,b2-fabric-b1-c4-r1,b2-fabric-b1-c4-r1-task-0073,fabric_post_task,True,,2512,1783271884329,4957,QmUNq5xrs3K1vmXdkKido3g2XmRhi95o132iauehfL4aYG,False
736,b2-fabric-b1-c4-r1,b2-fabric-b1-c4-r1-task-0074,fabric_post_task,True,,2501,1783271884341,5811,QmaeTJAzWRKvsT172vo8HGvAfgV8ipwLvzV1ZMQApxE1QS,False
737,b2-fabric-b1-c4-r1,b2-fabric-b1-c4-r1-task-0072,fabric_post_task,True,,2525,1783271884318,2305,QmWanySVkpZ7TybV7YuqtM2nn19ezsxpA246bdcmU47t6X,False
738,b2-fabric-b1-c4-r1,b2-fabric-b1-c4-r1-task-0075,fabric_post_task,True,,2490,1783271884353,4400,QmXvAwLQ7v7nnXbkJPjkYdM3tUdkRw8oF5f6iTNZRPVgzN,False
739,b2-fabric-b1-c4-r1,b2-fabric-b1-c4-r1-task-0075,fabric_post_allocation,True,,2352,1783271886843,0,,False
740,b2-fabric-b1-c4-r1,b2-fabric-b1-c4-r1-task-0074,fabric_post_allocation,True,,2354,1783271886842,0,,False
741,b2-fabric-b1-c4-r1,b2-fabric-b1-c4-r1-task-0072,fabric_post_allocation,True,,2354,1783271886843,0,,False
742,b2-fabric-b1-c4-r1,b2-fabric-b1-c4-r1-task-0073,fabric_post_allocation,True,,2357,1783271886841,0,,False
743,b2-fabric-b1-c4-r1,b2-fabric-b1-c4-r1-task-0072,fabric_post_snapshot,True,,2288,1783271889197,0,,False
744,b2-fabric-b1-c4-r1,b2-fabric-b1-c4-r1-task-0073,fabric_post_snapshot,True,,2288,1783271889198,0,,False
745,b2-fabric-b1-c4-r1,b2-fabric-b1-c4-r1-task-0075,fabric_post_snapshot,True,,2292,1783271889195,0,,False
746,b2-fabric-b1-c4-r1,b2-fabric-b1-c4-r1-task-0074,fabric_post_snapshot,True,,2293,1783271889196,0,,False
747,b2-fabric-b1-c4-r1,b2-fabric-b1-c4-r1-task-0074,fabric_query_confirmation,True,,120,1783271891489,0,,False
748,b2-fabric-b1-c4-r1,b2-fabric-b1-c4-r1-task-0072,fabric_query_confirmation,True,,124,1783271891485,0,,False
749,b2-fabric-b1-c4-r1,b2-fabric-b1-c4-r1-task-0075,fabric_query_confirmation,True,,122,1783271891487,0,,False
750,b2-fabric-b1-c4-r1,b2-fabric-b1-c4-r1-task-0073,fabric_query_confirmation,True,,124,1783271891486,0,,False
751,b2-fabric-b1-c4-r1,b2-fabric-b1-c4-r1-task-0075,fabric_vote_1,True,,2292,1783271891609,0,,False
752,b2-fabric-b1-c4-r1,b2-fabric-b1-c4-r1-task-0073,fabric_vote_1,True,,2291,1783271891610,0,,False
753,b2-fabric-b1-c4-r1,b2-fabric-b1-c4-r1-task-0074,fabric_vote_1,True,,2294,1783271891609,0,,False
754,b2-fabric-b1-c4-r1,b2-fabric-b1-c4-r1-task-0072,fabric_vote_1,True,,2295,1783271891609,0,,False
755,b2-fabric-b1-c4-r1,b2-fabric-b1-c4-r1-task-0072,fabric_vote_2,True,,2449,1783271893904,0,,False
756,b2-fabric-b1-c4-r1,b2-fabric-b1-c4-r1-task-0074,fabric_vote_2,True,,2451,1783271893903,0,,False
757,b2-fabric-b1-c4-r1,b2-fabric-b1-c4-r1-task-0075,fabric_vote_2,True,,2454,1783271893901,0,,False
758,b2-fabric-b1-c4-r1,b2-fabric-b1-c4-r1-task-0073,fabric_vote_2,True,,2455,1783271893901,0,,False
759,b2-fabric-b1-c4-r1,b2-fabric-b1-c4-r1-task-0072,fabric_settlement,True,,101,1783271896353,0,,False
760,b2-fabric-b1-c4-r1,b2-fabric-b1-c4-r1-task-0074,fabric_settlement,True,,101,1783271896354,0,,False
761,b2-fabric-b1-c4-r1,b2-fabric-b1-c4-r1-task-0075,fabric_settlement,True,,100,1783271896355,0,,False
762,b2-fabric-b1-c4-r1,b2-fabric-b1-c4-r1-task-0073,fabric_settlement,True,,103,1783271896356,0,,False
763,b2-fabric-b1-c4-r1,b2-fabric-b1-c4-r1-task-0075,fabric_query_final,True,,996,1783271896455,0,,False
764,b2-fabric-b1-c4-r1,b2-fabric-b1-c4-r1-task-0073,fabric_query_final,True,,993,1783271896459,0,,False
765,b2-fabric-b1-c4-r1,b2-fabric-b1-c4-r1-task-0074,fabric_query_final,True,,997,1783271896455,0,,False
766,b2-fabric-b1-c4-r1,b2-fabric-b1-c4-r1-task-0072,fabric_query_final,True,,1001,1783271896454,0,,False
767,b2-fabric-b1-c4-r1,b2-fabric-b1-c4-r1-task-0075,ipfs_verify,True,,7,1783271897451,0,QmXvAwLQ7v7nnXbkJPjkYdM3tUdkRw8oF5f6iTNZRPVgzN,False
768,b2-fabric-b1-c4-r1,b2-fabric-b1-c4-r1-task-0074,ipfs_verify,True,,7,1783271897452,0,QmaeTJAzWRKvsT172vo8HGvAfgV8ipwLvzV1ZMQApxE1QS,False
769,b2-fabric-b1-c4-r1,b2-fabric-b1-c4-r1-task-0073,ipfs_verify,True,,7,1783271897452,0,QmUNq5xrs3K1vmXdkKido3g2XmRhi95o132iauehfL4aYG,False
770,b2-fabric-b1-c4-r1,b2-fabric-b1-c4-r1-task-0072,ipfs_verify,True,,8,1783271897455,0,QmWanySVkpZ7TybV7YuqtM2nn19ezsxpA246bdcmU47t6X,False
771,b2-fabric-b1-c4-r1,b2-fabric-b1-c4-r1-task-0076,ipfs_add,True,,26,1783271897458,4961,,False
772,b2-fabric-b1-c4-r1,b2-fabric-b1-c4-r1-task-0077,ipfs_add,True,,36,1783271897459,1774,,False
773,b2-fabric-b1-c4-r1,b2-fabric-b1-c4-r1-task-0078,ipfs_add,True,,48,1783271897459,4011,,False
774,b2-fabric-b1-c4-r1,b2-fabric-b1-c4-r1-task-0079,ipfs_add,True,,55,1783271897463,2910,,False
775,b2-fabric-b1-c4-r1,b2-fabric-b1-c4-r1-task-0078,fabric_post_task,True,,2442,1783271897507,4011,QmQMb15VfwTvEopgdonkaUmtV5EoYEVHk6p3eKpDmm7VQJ,False
776,b2-fabric-b1-c4-r1,b2-fabric-b1-c4-r1-task-0077,fabric_post_task,True,,2455,1783271897495,1774,QmYN6ceiUFJghNBVdUfs4AgqbBx4pasRLDxDdrHuAvaYYe,False
777,b2-fabric-b1-c4-r1,b2-fabric-b1-c4-r1-task-0076,fabric_post_task,True,,2467,1783271897484,4961,QmPYBXNwCTh5Jewpe24hUv1bBvhKKyvE3uxvUw3jvcJV2S,False
778,b2-fabric-b1-c4-r1,b2-fabric-b1-c4-r1-task-0079,fabric_post_task,True,,2433,1783271897518,2910,QmUANPhfiGoG4ujKLWNNL1cTTFTCULjPxcP9sn7jNfzJhL,False
779,b2-fabric-b1-c4-r1,b2-fabric-b1-c4-r1-task-0078,fabric_post_allocation,True,,2311,1783271899949,0,,False
780,b2-fabric-b1-c4-r1,b2-fabric-b1-c4-r1-task-0079,fabric_post_allocation,True,,2310,1783271899951,0,,False
781,b2-fabric-b1-c4-r1,b2-fabric-b1-c4-r1-task-0076,fabric_post_allocation,True,,2310,1783271899951,0,,False
782,b2-fabric-b1-c4-r1,b2-fabric-b1-c4-r1-task-0077,fabric_post_allocation,True,,2312,1783271899950,0,,False
783,b2-fabric-b1-c4-r1,b2-fabric-b1-c4-r1-task-0077,fabric_post_snapshot,True,,2263,1783271902262,0,,False
784,b2-fabric-b1-c4-r1,b2-fabric-b1-c4-r1-task-0076,fabric_post_snapshot,True,,2266,1783271902261,0,,False
785,b2-fabric-b1-c4-r1,b2-fabric-b1-c4-r1-task-0079,fabric_post_snapshot,True,,2267,1783271902261,0,,False
786,b2-fabric-b1-c4-r1,b2-fabric-b1-c4-r1-task-0078,fabric_post_snapshot,True,,2270,1783271902260,0,,False
787,b2-fabric-b1-c4-r1,b2-fabric-b1-c4-r1-task-0079,fabric_query_confirmation,True,,334,1783271904529,0,,False
788,b2-fabric-b1-c4-r1,b2-fabric-b1-c4-r1-task-0076,fabric_query_confirmation,True,,336,1783271904527,0,,False
789,b2-fabric-b1-c4-r1,b2-fabric-b1-c4-r1-task-0078,fabric_query_confirmation,True,,334,1783271904530,0,,False
790,b2-fabric-b1-c4-r1,b2-fabric-b1-c4-r1-task-0077,fabric_query_confirmation,True,,340,1783271904525,0,,False
791,b2-fabric-b1-c4-r1,b2-fabric-b1-c4-r1-task-0077,fabric_vote_1,True,,2471,1783271904865,0,,False
792,b2-fabric-b1-c4-r1,b2-fabric-b1-c4-r1-task-0079,fabric_vote_1,True,,2474,1783271904863,0,,False
793,b2-fabric-b1-c4-r1,b2-fabric-b1-c4-r1-task-0078,fabric_vote_1,True,,2474,1783271904864,0,,False
794,b2-fabric-b1-c4-r1,b2-fabric-b1-c4-r1-task-0076,fabric_vote_1,True,,2476,1783271904863,0,,False
795,b2-fabric-b1-c4-r1,b2-fabric-b1-c4-r1-task-0078,fabric_vote_2,True,,2291,1783271907338,0,,False
796,b2-fabric-b1-c4-r1,b2-fabric-b1-c4-r1-task-0079,fabric_vote_2,True,,2293,1783271907337,0,,False
797,b2-fabric-b1-c4-r1,b2-fabric-b1-c4-r1-task-0076,fabric_vote_2,True,,2291,1783271907339,0,,False
798,b2-fabric-b1-c4-r1,b2-fabric-b1-c4-r1-task-0077,fabric_vote_2,True,,2295,1783271907336,0,,False
799,b2-fabric-b1-c4-r1,b2-fabric-b1-c4-r1-task-0076,fabric_settlement,True,,3350,1783271909630,0,,False
800,b2-fabric-b1-c4-r1,b2-fabric-b1-c4-r1-task-0079,fabric_settlement,True,,3351,1783271909630,0,,False
801,b2-fabric-b1-c4-r1,b2-fabric-b1-c4-r1-task-0078,fabric_settlement,True,,3353,1783271909629,0,,False
802,b2-fabric-b1-c4-r1,b2-fabric-b1-c4-r1-task-0077,fabric_settlement,True,,3354,1783271909631,0,,False
803,b2-fabric-b1-c4-r1,b2-fabric-b1-c4-r1-task-0077,fabric_query_final,True,,825,1783271912985,0,,False
804,b2-fabric-b1-c4-r1,b2-fabric-b1-c4-r1-task-0076,fabric_query_final,True,,831,1783271912980,0,,False
805,b2-fabric-b1-c4-r1,b2-fabric-b1-c4-r1-task-0079,fabric_query_final,True,,830,1783271912981,0,,False
806,b2-fabric-b1-c4-r1,b2-fabric-b1-c4-r1-task-0078,fabric_query_final,True,,833,1783271912982,0,,False
807,b2-fabric-b1-c4-r1,b2-fabric-b1-c4-r1-task-0077,ipfs_verify,True,,8,1783271913810,0,QmYN6ceiUFJghNBVdUfs4AgqbBx4pasRLDxDdrHuAvaYYe,False
808,b2-fabric-b1-c4-r1,b2-fabric-b1-c4-r1-task-0079,ipfs_verify,True,,8,1783271913811,0,QmUANPhfiGoG4ujKLWNNL1cTTFTCULjPxcP9sn7jNfzJhL,False
809,b2-fabric-b1-c4-r1,b2-fabric-b1-c4-r1-task-0076,ipfs_verify,True,,8,1783271913811,0,QmPYBXNwCTh5Jewpe24hUv1bBvhKKyvE3uxvUw3jvcJV2S,False
810,b2-fabric-b1-c4-r1,b2-fabric-b1-c4-r1-task-0078,ipfs_verify,True,,7,1783271913815,0,QmQMb15VfwTvEopgdonkaUmtV5EoYEVHk6p3eKpDmm7VQJ,False
811,b2-fabric-b1-c4-r1,b2-fabric-b1-c4-r1-task-0080,ipfs_add,True,,35,1783271913818,2007,,False
812,b2-fabric-b1-c4-r1,b2-fabric-b1-c4-r1-task-0081,ipfs_add,True,,46,1783271913819,9224,,False
813,b2-fabric-b1-c4-r1,b2-fabric-b1-c4-r1-task-0082,ipfs_add,True,,58,1783271913819,9851,,False
814,b2-fabric-b1-c4-r1,b2-fabric-b1-c4-r1-task-0083,ipfs_add,True,,67,1783271913822,4402,,False
815,b2-fabric-b1-c4-r1,b2-fabric-b1-c4-r1-task-0083,fabric_post_task,True,,2467,1783271913889,4402,QmPd7FL1akHQY92fmAnCsPGgoQXB5msWnC72Pa4Ym8A7LB,False
816,b2-fabric-b1-c4-r1,b2-fabric-b1-c4-r1-task-0080,fabric_post_task,True,,2505,1783271913853,2007,QmSoqaKbY1pzamSrK5gatTauBKmwAqCw92JyzZxyPFt8FW,False
817,b2-fabric-b1-c4-r1,b2-fabric-b1-c4-r1-task-0082,fabric_post_task,True,,2481,1783271913877,9851,QmV9rgZvcZKU4rPzj6kpzY1dYdbWXgNxb8v7XJGh6yCSZk,False
818,b2-fabric-b1-c4-r1,b2-fabric-b1-c4-r1-task-0081,fabric_post_task,True,,2494,1783271913865,9224,QmQhzdo79vLus2WbHD1UviAJSuaG18vFF57Yt3d5cS2s7M,False
819,b2-fabric-b1-c4-r1,b2-fabric-b1-c4-r1-task-0082,fabric_post_allocation,True,,2305,1783271916358,0,,False
820,b2-fabric-b1-c4-r1,b2-fabric-b1-c4-r1-task-0083,fabric_post_allocation,True,,2308,1783271916356,0,,False
821,b2-fabric-b1-c4-r1,b2-fabric-b1-c4-r1-task-0081,fabric_post_allocation,True,,2306,1783271916359,0,,False
822,b2-fabric-b1-c4-r1,b2-fabric-b1-c4-r1-task-0080,fabric_post_allocation,True,,2310,1783271916358,0,,False
823,b2-fabric-b1-c4-r1,b2-fabric-b1-c4-r1-task-0080,fabric_post_snapshot,True,,2513,1783271918668,0,,False
824,b2-fabric-b1-c4-r1,b2-fabric-b1-c4-r1-task-0081,fabric_post_snapshot,True,,2516,1783271918665,0,,False
825,b2-fabric-b1-c4-r1,b2-fabric-b1-c4-r1-task-0083,fabric_post_snapshot,True,,2518,1783271918664,0,,False
826,b2-fabric-b1-c4-r1,b2-fabric-b1-c4-r1-task-0082,fabric_post_snapshot,True,,2520,1783271918663,0,,False
827,b2-fabric-b1-c4-r1,b2-fabric-b1-c4-r1-task-0083,fabric_query_confirmation,True,,125,1783271921182,0,,False
828,b2-fabric-b1-c4-r1,b2-fabric-b1-c4-r1-task-0080,fabric_query_confirmation,True,,128,1783271921181,0,,False
829,b2-fabric-b1-c4-r1,b2-fabric-b1-c4-r1-task-0081,fabric_query_confirmation,True,,128,1783271921181,0,,False
830,b2-fabric-b1-c4-r1,b2-fabric-b1-c4-r1-task-0082,fabric_query_confirmation,True,,126,1783271921184,0,,False
831,b2-fabric-b1-c4-r1,b2-fabric-b1-c4-r1-task-0081,fabric_vote_1,True,,2508,1783271921309,0,,False
832,b2-fabric-b1-c4-r1,b2-fabric-b1-c4-r1-task-0083,fabric_vote_1,True,,2511,1783271921307,0,,False
833,b2-fabric-b1-c4-r1,b2-fabric-b1-c4-r1-task-0080,fabric_vote_1,True,,2510,1783271921309,0,,False
834,b2-fabric-b1-c4-r1,b2-fabric-b1-c4-r1-task-0082,fabric_vote_1,True,,2512,1783271921310,0,,False
835,b2-fabric-b1-c4-r1,b2-fabric-b1-c4-r1-task-0083,fabric_vote_2,True,,2496,1783271923818,0,,False
836,b2-fabric-b1-c4-r1,b2-fabric-b1-c4-r1-task-0082,fabric_vote_2,True,,2494,1783271923822,0,,False
837,b2-fabric-b1-c4-r1,b2-fabric-b1-c4-r1-task-0081,fabric_vote_2,True,,2499,1783271923817,0,,False
838,b2-fabric-b1-c4-r1,b2-fabric-b1-c4-r1-task-0080,fabric_vote_2,True,,2498,1783271923819,0,,False
839,b2-fabric-b1-c4-r1,b2-fabric-b1-c4-r1-task-0080,fabric_settlement,True,,91,1783271926317,0,,False
840,b2-fabric-b1-c4-r1,b2-fabric-b1-c4-r1-task-0083,fabric_settlement,True,,95,1783271926314,0,,False
841,b2-fabric-b1-c4-r1,b2-fabric-b1-c4-r1-task-0081,fabric_settlement,True,,93,1783271926316,0,,False
842,b2-fabric-b1-c4-r1,b2-fabric-b1-c4-r1-task-0082,fabric_settlement,True,,95,1783271926316,0,,False
843,b2-fabric-b1-c4-r1,b2-fabric-b1-c4-r1-task-0081,fabric_query_final,True,,822,1783271926409,0,,False
844,b2-fabric-b1-c4-r1,b2-fabric-b1-c4-r1-task-0080,fabric_query_final,True,,824,1783271926408,0,,False
845,b2-fabric-b1-c4-r1,b2-fabric-b1-c4-r1-task-0083,fabric_query_final,True,,824,1783271926409,0,,False
846,b2-fabric-b1-c4-r1,b2-fabric-b1-c4-r1-task-0082,fabric_query_final,True,,825,1783271926411,0,,False
847,b2-fabric-b1-c4-r1,b2-fabric-b1-c4-r1-task-0081,ipfs_verify,True,,10,1783271927231,0,QmQhzdo79vLus2WbHD1UviAJSuaG18vFF57Yt3d5cS2s7M,False
848,b2-fabric-b1-c4-r1,b2-fabric-b1-c4-r1-task-0080,ipfs_verify,True,,9,1783271927232,0,QmSoqaKbY1pzamSrK5gatTauBKmwAqCw92JyzZxyPFt8FW,False
849,b2-fabric-b1-c4-r1,b2-fabric-b1-c4-r1-task-0083,ipfs_verify,True,,10,1783271927233,0,QmPd7FL1akHQY92fmAnCsPGgoQXB5msWnC72Pa4Ym8A7LB,False
850,b2-fabric-b1-c4-r1,b2-fabric-b1-c4-r1-task-0082,ipfs_verify,True,,8,1783271927236,0,QmV9rgZvcZKU4rPzj6kpzY1dYdbWXgNxb8v7XJGh6yCSZk,False
851,b2-fabric-b1-c4-r1,b2-fabric-b1-c4-r1-task-0084,ipfs_add,True,,32,1783271927242,6840,,False
852,b2-fabric-b1-c4-r1,b2-fabric-b1-c4-r1-task-0085,ipfs_add,True,,44,1783271927242,5393,,False
853,b2-fabric-b1-c4-r1,b2-fabric-b1-c4-r1-task-0087,ipfs_add,True,,53,1783271927245,2524,,False
854,b2-fabric-b1-c4-r1,b2-fabric-b1-c4-r1-task-0086,ipfs_add,True,,66,1783271927243,5003,,False
855,b2-fabric-b1-c4-r1,b2-fabric-b1-c4-r1-task-0085,fabric_post_task,True,,2488,1783271927286,5393,QmeUxU9Y8M556RrfUeDKwffgmyBADm96MQkeiAE978JMp4,False
856,b2-fabric-b1-c4-r1,b2-fabric-b1-c4-r1-task-0086,fabric_post_task,True,,2466,1783271927309,5003,QmUfeTTtpRKHWHGYM8kZeEDzEeTVbVYPN8syBVGcicKp1E,False
857,b2-fabric-b1-c4-r1,b2-fabric-b1-c4-r1-task-0084,fabric_post_task,True,,2503,1783271927274,6840,QmfAG7xP2UTe2HqMXVRZaRh4cF3StaCZniJqRpRTYFaeDM,False
858,b2-fabric-b1-c4-r1,b2-fabric-b1-c4-r1-task-0087,fabric_post_task,True,,2481,1783271927298,2524,QmaCUtHjnRyELCqbtZ1neE9rfnPpeXAWptbrgpbTV3gGcj,False
859,b2-fabric-b1-c4-r1,b2-fabric-b1-c4-r1-task-0084,fabric_post_allocation,True,,2348,1783271929777,0,,False
860,b2-fabric-b1-c4-r1,b2-fabric-b1-c4-r1-task-0087,fabric_post_allocation,True,,2347,1783271929779,0,,False
861,b2-fabric-b1-c4-r1,b2-fabric-b1-c4-r1-task-0085,fabric_post_allocation,True,,2352,1783271929774,0,,False
862,b2-fabric-b1-c4-r1,b2-fabric-b1-c4-r1-task-0086,fabric_post_allocation,True,,2354,1783271929775,0,,False
863,b2-fabric-b1-c4-r1,b2-fabric-b1-c4-r1-task-0086,fabric_post_snapshot,True,,2563,1783271932129,0,,False
864,b2-fabric-b1-c4-r1,b2-fabric-b1-c4-r1-task-0087,fabric_post_snapshot,True,,2567,1783271932126,0,,False
865,b2-fabric-b1-c4-r1,b2-fabric-b1-c4-r1-task-0084,fabric_post_snapshot,True,,2568,1783271932125,0,,False
866,b2-fabric-b1-c4-r1,b2-fabric-b1-c4-r1-task-0085,fabric_post_snapshot,True,,2569,1783271932126,0,,False
867,b2-fabric-b1-c4-r1,b2-fabric-b1-c4-r1-task-0085,fabric_query_confirmation,True,,123,1783271934695,0,,False
868,b2-fabric-b1-c4-r1,b2-fabric-b1-c4-r1-task-0087,fabric_query_confirmation,True,,125,1783271934693,0,,False
869,b2-fabric-b1-c4-r1,b2-fabric-b1-c4-r1-task-0086,fabric_query_confirmation,True,,127,1783271934692,0,,False
870,b2-fabric-b1-c4-r1,b2-fabric-b1-c4-r1-task-0084,fabric_query_confirmation,True,,128,1783271934693,0,,False
871,b2-fabric-b1-c4-r1,b2-fabric-b1-c4-r1-task-0087,fabric_vote_1,True,,2496,1783271934818,0,,False
872,b2-fabric-b1-c4-r1,b2-fabric-b1-c4-r1-task-0084,fabric_vote_1,True,,2494,1783271934821,0,,False
873,b2-fabric-b1-c4-r1,b2-fabric-b1-c4-r1-task-0085,fabric_vote_1,True,,2497,1783271934818,0,,False
874,b2-fabric-b1-c4-r1,b2-fabric-b1-c4-r1-task-0086,fabric_vote_1,True,,2501,1783271934819,0,,False
875,b2-fabric-b1-c4-r1,b2-fabric-b1-c4-r1-task-0086,fabric_vote_2,True,,3589,1783271937320,0,,False
876,b2-fabric-b1-c4-r1,b2-fabric-b1-c4-r1-task-0084,fabric_vote_2,True,,3595,1783271937315,0,,False
877,b2-fabric-b1-c4-r1,b2-fabric-b1-c4-r1-task-0087,fabric_vote_2,True,,3597,1783271937314,0,,False
878,b2-fabric-b1-c4-r1,b2-fabric-b1-c4-r1-task-0085,fabric_vote_2,True,,3597,1783271937315,0,,False
879,b2-fabric-b1-c4-r1,b2-fabric-b1-c4-r1-task-0087,fabric_settlement,True,,2310,1783271940911,0,,False
880,b2-fabric-b1-c4-r1,b2-fabric-b1-c4-r1-task-0086,fabric_settlement,True,,2314,1783271940909,0,,False
881,b2-fabric-b1-c4-r1,b2-fabric-b1-c4-r1-task-0084,fabric_settlement,True,,2314,1783271940910,0,,False
882,b2-fabric-b1-c4-r1,b2-fabric-b1-c4-r1-task-0085,fabric_settlement,True,,2312,1783271940912,0,,False
883,b2-fabric-b1-c4-r1,b2-fabric-b1-c4-r1-task-0087,fabric_query_final,True,,841,1783271943221,0,,False
884,b2-fabric-b1-c4-r1,b2-fabric-b1-c4-r1-task-0085,fabric_query_final,True,,839,1783271943224,0,,False
885,b2-fabric-b1-c4-r1,b2-fabric-b1-c4-r1-task-0084,fabric_query_final,True,,840,1783271943224,0,,False
886,b2-fabric-b1-c4-r1,b2-fabric-b1-c4-r1-task-0086,fabric_query_final,True,,845,1783271943223,0,,False
887,b2-fabric-b1-c4-r1,b2-fabric-b1-c4-r1-task-0087,ipfs_verify,True,,9,1783271944062,0,QmaCUtHjnRyELCqbtZ1neE9rfnPpeXAWptbrgpbTV3gGcj,False
888,b2-fabric-b1-c4-r1,b2-fabric-b1-c4-r1-task-0084,ipfs_verify,True,,8,1783271944064,0,QmfAG7xP2UTe2HqMXVRZaRh4cF3StaCZniJqRpRTYFaeDM,False
889,b2-fabric-b1-c4-r1,b2-fabric-b1-c4-r1-task-0085,ipfs_verify,True,,10,1783271944063,0,QmeUxU9Y8M556RrfUeDKwffgmyBADm96MQkeiAE978JMp4,False
890,b2-fabric-b1-c4-r1,b2-fabric-b1-c4-r1-task-0086,ipfs_verify,True,,9,1783271944068,0,QmUfeTTtpRKHWHGYM8kZeEDzEeTVbVYPN8syBVGcicKp1E,False
891,b2-fabric-b1-c4-r1,b2-fabric-b1-c4-r1-task-0089,ipfs_add,True,,25,1783271944072,7941,,False
892,b2-fabric-b1-c4-r1,b2-fabric-b1-c4-r1-task-0090,ipfs_add,True,,49,1783271944073,6914,,False
893,b2-fabric-b1-c4-r1,b2-fabric-b1-c4-r1-task-0088,ipfs_add,True,,63,1783271944071,6313,,False
894,b2-fabric-b1-c4-r1,b2-fabric-b1-c4-r1-task-0091,ipfs_add,True,,57,1783271944077,1951,,False
895,b2-fabric-b1-c4-r1,b2-fabric-b1-c4-r1-task-0089,fabric_post_task,True,,2505,1783271944097,7941,QmVftiZx5cF23Q6fEY7jKzUu6HRmm42Q1XtHogR3LDyhCd,False
896,b2-fabric-b1-c4-r1,b2-fabric-b1-c4-r1-task-0088,fabric_post_task,True,,2471,1783271944134,6313,QmUQTJ8LNhjew8dD5w4F6KUYvuRCsc5Joz6Pxfc2Ykcf3n,False
897,b2-fabric-b1-c4-r1,b2-fabric-b1-c4-r1-task-0090,fabric_post_task,True,,2483,1783271944122,6914,QmUFJ4iN46ZdBAqPuKeTPTjzJskJ6t9opLUxf3WHdGBRsp,False
898,b2-fabric-b1-c4-r1,b2-fabric-b1-c4-r1-task-0091,fabric_post_task,True,,2472,1783271944134,1951,QmYv9mxEgFLjPUKuWCa4UJ2mudHV34x9WAJXvNME9guXYs,False
899,b2-fabric-b1-c4-r1,b2-fabric-b1-c4-r1-task-0088,fabric_post_allocation,True,,2306,1783271946605,0,,False
900,b2-fabric-b1-c4-r1,b2-fabric-b1-c4-r1-task-0091,fabric_post_allocation,True,,2306,1783271946606,0,,False
901,b2-fabric-b1-c4-r1,b2-fabric-b1-c4-r1-task-0089,fabric_post_allocation,True,,2310,1783271946602,0,,False
902,b2-fabric-b1-c4-r1,b2-fabric-b1-c4-r1-task-0090,fabric_post_allocation,True,,2310,1783271946605,0,,False
903,b2-fabric-b1-c4-r1,b2-fabric-b1-c4-r1-task-0089,fabric_post_snapshot,True,,2498,1783271948912,0,,False
904,b2-fabric-b1-c4-r1,b2-fabric-b1-c4-r1-task-0090,fabric_post_snapshot,True,,2496,1783271948915,0,,False
905,b2-fabric-b1-c4-r1,b2-fabric-b1-c4-r1-task-0088,fabric_post_snapshot,True,,2500,1783271948911,0,,False
906,b2-fabric-b1-c4-r1,b2-fabric-b1-c4-r1-task-0091,fabric_post_snapshot,True,,2501,1783271948912,0,,False
907,b2-fabric-b1-c4-r1,b2-fabric-b1-c4-r1-task-0088,fabric_query_confirmation,True,,355,1783271951411,0,,False
908,b2-fabric-b1-c4-r1,b2-fabric-b1-c4-r1-task-0089,fabric_query_confirmation,True,,356,1783271951410,0,,False
909,b2-fabric-b1-c4-r1,b2-fabric-b1-c4-r1-task-0090,fabric_query_confirmation,True,,355,1783271951411,0,,False
910,b2-fabric-b1-c4-r1,b2-fabric-b1-c4-r1-task-0091,fabric_query_confirmation,True,,356,1783271951413,0,,False
911,b2-fabric-b1-c4-r1,b2-fabric-b1-c4-r1-task-0091,fabric_vote_1,True,,2477,1783271951769,0,,False
912,b2-fabric-b1-c4-r1,b2-fabric-b1-c4-r1-task-0089,fabric_vote_1,True,,2481,1783271951766,0,,False
913,b2-fabric-b1-c4-r1,b2-fabric-b1-c4-r1-task-0090,fabric_vote_1,True,,2482,1783271951766,0,,False
914,b2-fabric-b1-c4-r1,b2-fabric-b1-c4-r1-task-0088,fabric_vote_1,True,,2483,1783271951766,0,,False
915,b2-fabric-b1-c4-r1,b2-fabric-b1-c4-r1-task-0089,fabric_vote_2,True,,9,1783271954247,0,,False
916,b2-fabric-b1-c4-r1,b2-fabric-b1-c4-r1-task-0090,fabric_vote_2,True,,10,1783271954248,0,,False
917,b2-fabric-b1-c4-r1,b2-fabric-b1-c4-r1-task-0088,fabric_vote_2,True,,10,1783271954249,0,,False
918,b2-fabric-b1-c4-r1,b2-fabric-b1-c4-r1-task-0091,fabric_vote_2,True,,15,1783271954246,0,,False
919,b2-fabric-b1-c4-r1,b2-fabric-b1-c4-r1-task-0089,fabric_settlement,True,,2533,1783271954256,0,,False
920,b2-fabric-b1-c4-r1,b2-fabric-b1-c4-r1-task-0091,fabric_settlement,True,,2530,1783271954261,0,,False
921,b2-fabric-b1-c4-r1,b2-fabric-b1-c4-r1-task-0090,fabric_settlement,True,,2534,1783271954258,0,,False
922,b2-fabric-b1-c4-r1,b2-fabric-b1-c4-r1-task-0088,fabric_settlement,True,,2533,1783271954259,0,,False
923,b2-fabric-b1-c4-r1,b2-fabric-b1-c4-r1-task-0089,fabric_query_final,True,,642,1783271956789,0,,False
924,b2-fabric-b1-c4-r1,b2-fabric-b1-c4-r1-task-0088,fabric_query_final,True,,638,1783271956793,0,,False
925,b2-fabric-b1-c4-r1,b2-fabric-b1-c4-r1-task-0090,fabric_query_final,True,,640,1783271956792,0,,False
926,b2-fabric-b1-c4-r1,b2-fabric-b1-c4-r1-task-0091,fabric_query_final,True,,643,1783271956791,0,,False
927,b2-fabric-b1-c4-r1,b2-fabric-b1-c4-r1-task-0089,ipfs_verify,True,,6,1783271957431,0,QmVftiZx5cF23Q6fEY7jKzUu6HRmm42Q1XtHogR3LDyhCd,False
928,b2-fabric-b1-c4-r1,b2-fabric-b1-c4-r1-task-0088,ipfs_verify,True,,7,1783271957431,0,QmUQTJ8LNhjew8dD5w4F6KUYvuRCsc5Joz6Pxfc2Ykcf3n,False
929,b2-fabric-b1-c4-r1,b2-fabric-b1-c4-r1-task-0090,ipfs_verify,True,,6,1783271957432,0,QmUFJ4iN46ZdBAqPuKeTPTjzJskJ6t9opLUxf3WHdGBRsp,False
930,b2-fabric-b1-c4-r1,b2-fabric-b1-c4-r1-task-0091,ipfs_verify,True,,6,1783271957434,0,QmYv9mxEgFLjPUKuWCa4UJ2mudHV34x9WAJXvNME9guXYs,False
931,b2-fabric-b1-c4-r1,b2-fabric-b1-c4-r1-task-0094,ipfs_add,True,,23,1783271957438,1639,,False
932,b2-fabric-b1-c4-r1,b2-fabric-b1-c4-r1-task-0093,ipfs_add,True,,35,1783271957438,2270,,False
933,b2-fabric-b1-c4-r1,b2-fabric-b1-c4-r1-task-0092,ipfs_add,True,,47,1783271957438,1493,,False
934,b2-fabric-b1-c4-r1,b2-fabric-b1-c4-r1-task-0095,ipfs_add,True,,56,1783271957440,1666,,False
935,b2-fabric-b1-c4-r1,b2-fabric-b1-c4-r1-task-0094,fabric_post_task,True,,2477,1783271957461,1639,Qmcoy7jVpQZts4qfhnY3Dq68TwHxh42aM1HD89yiYyLqXr,False
936,b2-fabric-b1-c4-r1,b2-fabric-b1-c4-r1-task-0095,fabric_post_task,True,,2444,1783271957496,1666,QmdSd9pjj1twsznRx6uZJeXFdtGiEY3Nn6QmQrPgRMBbaZ,False
937,b2-fabric-b1-c4-r1,b2-fabric-b1-c4-r1-task-0093,fabric_post_task,True,,2467,1783271957473,2270,QmPvFCcsxh1cDhtjZSsbtn5uF81JA3vawovaWSBsW1MLDC,False
938,b2-fabric-b1-c4-r1,b2-fabric-b1-c4-r1-task-0092,fabric_post_task,True,,2457,1783271957485,1493,QmXnhuyu5tzEEDxeWhdNGMapRsWVTkNn4G5PkDzHAKVv9Y,False
939,b2-fabric-b1-c4-r1,b2-fabric-b1-c4-r1-task-0095,fabric_post_allocation,True,,2314,1783271959940,0,,False
940,b2-fabric-b1-c4-r1,b2-fabric-b1-c4-r1-task-0093,fabric_post_allocation,True,,2315,1783271959940,0,,False
941,b2-fabric-b1-c4-r1,b2-fabric-b1-c4-r1-task-0094,fabric_post_allocation,True,,2317,1783271959938,0,,False
942,b2-fabric-b1-c4-r1,b2-fabric-b1-c4-r1-task-0092,fabric_post_allocation,True,,2316,1783271959942,0,,False
943,b2-fabric-b1-c4-r1,b2-fabric-b1-c4-r1-task-0094,fabric_post_snapshot,True,,2477,1783271962255,0,,False
944,b2-fabric-b1-c4-r1,b2-fabric-b1-c4-r1-task-0093,fabric_post_snapshot,True,,2477,1783271962255,0,,False
945,b2-fabric-b1-c4-r1,b2-fabric-b1-c4-r1-task-0092,fabric_post_snapshot,True,,2476,1783271962258,0,,False
946,b2-fabric-b1-c4-r1,b2-fabric-b1-c4-r1-task-0095,fabric_post_snapshot,True,,2482,1783271962254,0,,False
947,b2-fabric-b1-c4-r1,b2-fabric-b1-c4-r1-task-0092,fabric_query_confirmation,True,,359,1783271964734,0,,False
948,b2-fabric-b1-c4-r1,b2-fabric-b1-c4-r1-task-0095,fabric_query_confirmation,True,,358,1783271964736,0,,False
949,b2-fabric-b1-c4-r1,b2-fabric-b1-c4-r1-task-0094,fabric_query_confirmation,True,,362,1783271964732,0,,False
950,b2-fabric-b1-c4-r1,b2-fabric-b1-c4-r1-task-0093,fabric_query_confirmation,True,,364,1783271964732,0,,False
951,b2-fabric-b1-c4-r1,b2-fabric-b1-c4-r1-task-0094,fabric_vote_1,True,,2546,1783271965094,0,,False
952,b2-fabric-b1-c4-r1,b2-fabric-b1-c4-r1-task-0092,fabric_vote_1,True,,2549,1783271965093,0,,False
953,b2-fabric-b1-c4-r1,b2-fabric-b1-c4-r1-task-0093,fabric_vote_1,True,,2548,1783271965096,0,,False
954,b2-fabric-b1-c4-r1,b2-fabric-b1-c4-r1-task-0095,fabric_vote_1,True,,2550,1783271965094,0,,False
955,b2-fabric-b1-c4-r1,b2-fabric-b1-c4-r1-task-0092,fabric_vote_2,True,,3308,1783271967642,0,,False
956,b2-fabric-b1-c4-r1,b2-fabric-b1-c4-r1-task-0094,fabric_vote_2,True,,3312,1783271967640,0,,False
957,b2-fabric-b1-c4-r1,b2-fabric-b1-c4-r1-task-0095,fabric_vote_2,True,,3309,1783271967644,0,,False
958,b2-fabric-b1-c4-r1,b2-fabric-b1-c4-r1-task-0093,fabric_vote_2,True,,3310,1783271967644,0,,False
959,b2-fabric-b1-c4-r1,b2-fabric-b1-c4-r1-task-0093,fabric_settlement,True,,2374,1783271970954,0,,False
960,b2-fabric-b1-c4-r1,b2-fabric-b1-c4-r1-task-0092,fabric_settlement,True,,2379,1783271970950,0,,False
961,b2-fabric-b1-c4-r1,b2-fabric-b1-c4-r1-task-0095,fabric_settlement,True,,2378,1783271970953,0,,False
962,b2-fabric-b1-c4-r1,b2-fabric-b1-c4-r1-task-0094,fabric_settlement,True,,2380,1783271970952,0,,False
963,b2-fabric-b1-c4-r1,b2-fabric-b1-c4-r1-task-0093,fabric_query_final,True,,352,1783271973328,0,,False
964,b2-fabric-b1-c4-r1,b2-fabric-b1-c4-r1-task-0095,fabric_query_final,True,,350,1783271973331,0,,False
965,b2-fabric-b1-c4-r1,b2-fabric-b1-c4-r1-task-0092,fabric_query_final,True,,353,1783271973329,0,,False
966,b2-fabric-b1-c4-r1,b2-fabric-b1-c4-r1-task-0093,ipfs_verify,True,,9,1783271973680,0,QmPvFCcsxh1cDhtjZSsbtn5uF81JA3vawovaWSBsW1MLDC,False
967,b2-fabric-b1-c4-r1,b2-fabric-b1-c4-r1-task-0095,ipfs_verify,True,,9,1783271973681,0,QmdSd9pjj1twsznRx6uZJeXFdtGiEY3Nn6QmQrPgRMBbaZ,False
968,b2-fabric-b1-c4-r1,b2-fabric-b1-c4-r1-task-0092,ipfs_verify,True,,9,1783271973682,0,QmXnhuyu5tzEEDxeWhdNGMapRsWVTkNn4G5PkDzHAKVv9Y,False
969,b2-fabric-b1-c4-r1,b2-fabric-b1-c4-r1-task-0096,ipfs_add,True,,36,1783271973690,2843,,False
970,b2-fabric-b1-c4-r1,b2-fabric-b1-c4-r1-task-0098,ipfs_add,True,,51,1783271973691,3590,,False
971,b2-fabric-b1-c4-r1,b2-fabric-b1-c4-r1-task-0097,ipfs_add,True,,69,1783271973690,1649,,False
972,b2-fabric-b1-c4-r1,b2-fabric-b1-c4-r1-task-0094,fabric_query_final,True,,552,1783271973332,0,,False
973,b2-fabric-b1-c4-r1,b2-fabric-b1-c4-r1-task-0094,ipfs_verify,True,,12,1783271973884,0,Qmcoy7jVpQZts4qfhnY3Dq68TwHxh42aM1HD89yiYyLqXr,False
974,b2-fabric-b1-c4-r1,b2-fabric-b1-c4-r1-task-0099,ipfs_add,True,,27,1783271973897,3207,,False
975,b2-fabric-b1-c4-r1,b2-fabric-b1-c4-r1-task-0097,fabric_post_task,True,,2228,1783271973759,1649,QmNX4bEbwRABibt5cFrusp6rKpTF22Q825H2qa5P9Az1hz,False
976,b2-fabric-b1-c4-r1,b2-fabric-b1-c4-r1-task-0096,fabric_post_task,True,,2261,1783271973726,2843,QmXpJ5kFWD2okXAFe7urToABtqXCCNvN8itRWAGfao9xTz,False
977,b2-fabric-b1-c4-r1,b2-fabric-b1-c4-r1-task-0099,fabric_post_task,True,,2064,1783271973924,3207,QmUeEY5ZMsLVq5hCKHXEbov76UeSbY3avaFYh4SXuXhhrw,False
978,b2-fabric-b1-c4-r1,b2-fabric-b1-c4-r1-task-0098,fabric_post_task,True,,2249,1783271973742,3590,QmZoaRAf2gEWbEjnaUCHcSduuDsYzeHrLqzszhQ2ULKfVV,False
979,b2-fabric-b1-c4-r1,b2-fabric-b1-c4-r1-task-0098,fabric_post_allocation,True,,2522,1783271975991,0,,False
980,b2-fabric-b1-c4-r1,b2-fabric-b1-c4-r1-task-0099,fabric_post_allocation,True,,2526,1783271975988,0,,False
981,b2-fabric-b1-c4-r1,b2-fabric-b1-c4-r1-task-0097,fabric_post_allocation,True,,2529,1783271975987,0,,False
982,b2-fabric-b1-c4-r1,b2-fabric-b1-c4-r1-task-0096,fabric_post_allocation,True,,2530,1783271975987,0,,False
983,b2-fabric-b1-c4-r1,b2-fabric-b1-c4-r1-task-0099,fabric_post_snapshot,True,,2324,1783271978514,0,,False
984,b2-fabric-b1-c4-r1,b2-fabric-b1-c4-r1-task-0098,fabric_post_snapshot,True,,2325,1783271978513,0,,False
985,b2-fabric-b1-c4-r1,b2-fabric-b1-c4-r1-task-0097,fabric_post_snapshot,True,,2322,1783271978516,0,,False
986,b2-fabric-b1-c4-r1,b2-fabric-b1-c4-r1-task-0096,fabric_post_snapshot,True,,2326,1783271978517,0,,False
987,b2-fabric-b1-c4-r1,b2-fabric-b1-c4-r1-task-0097,fabric_query_confirmation,True,,351,1783271980838,0,,False
988,b2-fabric-b1-c4-r1,b2-fabric-b1-c4-r1-task-0098,fabric_query_confirmation,True,,353,1783271980838,0,,False
989,b2-fabric-b1-c4-r1,b2-fabric-b1-c4-r1-task-0099,fabric_query_confirmation,True,,353,1783271980838,0,,False
990,b2-fabric-b1-c4-r1,b2-fabric-b1-c4-r1-task-0096,fabric_query_confirmation,True,,349,1783271980843,0,,False
991,b2-fabric-b1-c4-r1,b2-fabric-b1-c4-r1-task-0097,fabric_vote_1,True,,2501,1783271981189,0,,False
992,b2-fabric-b1-c4-r1,b2-fabric-b1-c4-r1-task-0099,fabric_vote_1,True,,2500,1783271981191,0,,False
993,b2-fabric-b1-c4-r1,b2-fabric-b1-c4-r1-task-0098,fabric_vote_1,True,,2501,1783271981191,0,,False
994,b2-fabric-b1-c4-r1,b2-fabric-b1-c4-r1-task-0096,fabric_vote_1,True,,2501,1783271981192,0,,False
995,b2-fabric-b1-c4-r1,b2-fabric-b1-c4-r1-task-0097,fabric_vote_2,True,,53,1783271983690,0,,False
996,b2-fabric-b1-c4-r1,b2-fabric-b1-c4-r1-task-0098,fabric_vote_2,True,,51,1783271983692,0,,False
997,b2-fabric-b1-c4-r1,b2-fabric-b1-c4-r1-task-0096,fabric_vote_2,True,,52,1783271983693,0,,False
998,b2-fabric-b1-c4-r1,b2-fabric-b1-c4-r1-task-0099,fabric_vote_2,True,,55,1783271983691,0,,False
999,b2-fabric-b1-c4-r1,b2-fabric-b1-c4-r1-task-0097,fabric_settlement,True,,2551,1783271983743,0,,False
1000,b2-fabric-b1-c4-r1,b2-fabric-b1-c4-r1-task-0099,fabric_settlement,True,,2550,1783271983746,0,,False
1001,b2-fabric-b1-c4-r1,b2-fabric-b1-c4-r1-task-0096,fabric_settlement,True,,2552,1783271983745,0,,False
1002,b2-fabric-b1-c4-r1,b2-fabric-b1-c4-r1-task-0098,fabric_settlement,True,,2555,1783271983743,0,,False
1003,b2-fabric-b1-c4-r1,b2-fabric-b1-c4-r1-task-0099,fabric_query_final,True,,389,1783271986296,0,,False
1004,b2-fabric-b1-c4-r1,b2-fabric-b1-c4-r1-task-0097,fabric_query_final,True,,392,1783271986294,0,,False
1005,b2-fabric-b1-c4-r1,b2-fabric-b1-c4-r1-task-0096,fabric_query_final,True,,393,1783271986297,0,,False
1006,b2-fabric-b1-c4-r1,b2-fabric-b1-c4-r1-task-0097,ipfs_verify,True,,8,1783271986686,0,QmNX4bEbwRABibt5cFrusp6rKpTF22Q825H2qa5P9Az1hz,False
1007,b2-fabric-b1-c4-r1,b2-fabric-b1-c4-r1-task-0099,ipfs_verify,True,,10,1783271986685,0,QmUeEY5ZMsLVq5hCKHXEbov76UeSbY3avaFYh4SXuXhhrw,False
1008,b2-fabric-b1-c4-r1,b2-fabric-b1-c4-r1-task-0096,ipfs_verify,True,,9,1783271986690,0,QmXpJ5kFWD2okXAFe7urToABtqXCCNvN8itRWAGfao9xTz,False
1009,b2-fabric-b1-c4-r1,b2-fabric-b1-c4-r1-task-0100,ipfs_add,True,,32,1783271986695,2945,,False
1010,b2-fabric-b1-c4-r1,b2-fabric-b1-c4-r1-task-0101,ipfs_add,True,,44,1783271986695,1874,,False
1011,b2-fabric-b1-c4-r1,b2-fabric-b1-c4-r1-task-0102,ipfs_add,True,,53,1783271986700,4429,,False
1012,b2-fabric-b1-c4-r1,b2-fabric-b1-c4-r1-task-0098,fabric_query_final,True,,592,1783271986298,0,,False
1013,b2-fabric-b1-c4-r1,b2-fabric-b1-c4-r1-task-0098,ipfs_verify,True,,15,1783271986890,0,QmZoaRAf2gEWbEjnaUCHcSduuDsYzeHrLqzszhQ2ULKfVV,False
1014,b2-fabric-b1-c4-r1,b2-fabric-b1-c4-r1-task-0103,ipfs_add,True,,31,1783271986905,3139,,False
1015,b2-fabric-b1-c4-r1,b2-fabric-b1-c4-r1-task-0100,fabric_post_task,True,,2281,1783271986727,2945,QmYqpkcYraZDtetSGERMQ5ScFL6z1t9K48g7RtKw5Tvbyw,False
1016,b2-fabric-b1-c4-r1,b2-fabric-b1-c4-r1-task-0102,fabric_post_task,True,,2257,1783271986753,4429,QmNZpWPb8zZGufRx9cTAqzT38jqs3J5Nju6aTffMo2mWMM,False
1017,b2-fabric-b1-c4-r1,b2-fabric-b1-c4-r1-task-0101,fabric_post_task,True,,2272,1783271986739,1874,QmcEMDBTMAr7MFk4NRejhz1qsW7piumtRhyZgqaAVxpA1P,False
1018,b2-fabric-b1-c4-r1,b2-fabric-b1-c4-r1-task-0103,fabric_post_task,True,,2077,1783271986936,3139,Qmc4xnckxk7qCTpwS2dEmtXtCM97x5nt65Euz3m5frq31g,False
1019,b2-fabric-b1-c4-r1,b2-fabric-b1-c4-r1-task-0100,fabric_post_allocation,True,,2542,1783271989008,0,,False
1020,b2-fabric-b1-c4-r1,b2-fabric-b1-c4-r1-task-0103,fabric_post_allocation,True,,2540,1783271989013,0,,False
1021,b2-fabric-b1-c4-r1,b2-fabric-b1-c4-r1-task-0102,fabric_post_allocation,True,,2545,1783271989010,0,,False
1022,b2-fabric-b1-c4-r1,b2-fabric-b1-c4-r1-task-0101,fabric_post_allocation,True,,2544,1783271989011,0,,False
1023,b2-fabric-b1-c4-r1,b2-fabric-b1-c4-r1-task-0101,fabric_post_snapshot,True,,2282,1783271991555,0,,False
1024,b2-fabric-b1-c4-r1,b2-fabric-b1-c4-r1-task-0103,fabric_post_snapshot,True,,2283,1783271991554,0,,False
1025,b2-fabric-b1-c4-r1,b2-fabric-b1-c4-r1-task-0100,fabric_post_snapshot,True,,2287,1783271991551,0,,False
1026,b2-fabric-b1-c4-r1,b2-fabric-b1-c4-r1-task-0102,fabric_post_snapshot,True,,2285,1783271991555,0,,False
1027,b2-fabric-b1-c4-r1,b2-fabric-b1-c4-r1-task-0103,fabric_query_confirmation,True,,345,1783271993837,0,,False
1028,b2-fabric-b1-c4-r1,b2-fabric-b1-c4-r1-task-0100,fabric_query_confirmation,True,,345,1783271993838,0,,False
1029,b2-fabric-b1-c4-r1,b2-fabric-b1-c4-r1-task-0102,fabric_query_confirmation,True,,344,1783271993840,0,,False
1030,b2-fabric-b1-c4-r1,b2-fabric-b1-c4-r1-task-0101,fabric_query_confirmation,True,,348,1783271993837,0,,False
1031,b2-fabric-b1-c4-r1,b2-fabric-b1-c4-r1-task-0102,fabric_vote_1,True,,2283,1783271994184,0,,False
1032,b2-fabric-b1-c4-r1,b2-fabric-b1-c4-r1-task-0100,fabric_vote_1,True,,2284,1783271994183,0,,False
1033,b2-fabric-b1-c4-r1,b2-fabric-b1-c4-r1-task-0101,fabric_vote_1,True,,2284,1783271994185,0,,False
1034,b2-fabric-b1-c4-r1,b2-fabric-b1-c4-r1-task-0103,fabric_vote_1,True,,2289,1783271994182,0,,False
1035,b2-fabric-b1-c4-r1,b2-fabric-b1-c4-r1-task-0100,fabric_vote_2,True,,3577,1783271996467,0,,False
1036,b2-fabric-b1-c4-r1,b2-fabric-b1-c4-r1-task-0103,fabric_vote_2,True,,3574,1783271996471,0,,False
1037,b2-fabric-b1-c4-r1,b2-fabric-b1-c4-r1-task-0102,fabric_vote_2,True,,3579,1783271996467,0,,False
1038,b2-fabric-b1-c4-r1,b2-fabric-b1-c4-r1-task-0101,fabric_vote_2,True,,3578,1783271996469,0,,False
1039,b2-fabric-b1-c4-r1,b2-fabric-b1-c4-r1-task-0102,fabric_settlement,True,,2364,1783272000046,0,,False
1040,b2-fabric-b1-c4-r1,b2-fabric-b1-c4-r1-task-0101,fabric_settlement,True,,2363,1783272000047,0,,False
1041,b2-fabric-b1-c4-r1,b2-fabric-b1-c4-r1-task-0103,fabric_settlement,True,,2366,1783272000045,0,,False
1042,b2-fabric-b1-c4-r1,b2-fabric-b1-c4-r1-task-0100,fabric_settlement,True,,2371,1783272000044,0,,False
1043,b2-fabric-b1-c4-r1,b2-fabric-b1-c4-r1-task-0100,fabric_query_final,True,,629,1783272002415,0,,False
1044,b2-fabric-b1-c4-r1,b2-fabric-b1-c4-r1-task-0101,fabric_query_final,True,,633,1783272002411,0,,False
1045,b2-fabric-b1-c4-r1,b2-fabric-b1-c4-r1-task-0103,fabric_query_final,True,,633,1783272002411,0,,False
1046,b2-fabric-b1-c4-r1,b2-fabric-b1-c4-r1-task-0103,ipfs_verify,True,,9,1783272003044,0,Qmc4xnckxk7qCTpwS2dEmtXtCM97x5nt65Euz3m5frq31g,False
1047,b2-fabric-b1-c4-r1,b2-fabric-b1-c4-r1-task-0101,ipfs_verify,True,,10,1783272003044,0,QmcEMDBTMAr7MFk4NRejhz1qsW7piumtRhyZgqaAVxpA1P,False
1048,b2-fabric-b1-c4-r1,b2-fabric-b1-c4-r1-task-0100,ipfs_verify,True,,11,1783272003044,0,QmYqpkcYraZDtetSGERMQ5ScFL6z1t9K48g7RtKw5Tvbyw,False
1049,b2-fabric-b1-c4-r1,b2-fabric-b1-c4-r1-task-0102,fabric_query_final,True,,679,1783272002410,0,,False
1050,b2-fabric-b1-c4-r1,b2-fabric-b1-c4-r1-task-0102,ipfs_verify,True,,7,1783272003089,0,QmNZpWPb8zZGufRx9cTAqzT38jqs3J5Nju6aTffMo2mWMM,False
1051,b2-fabric-b1-c4-r1,b2-fabric-b1-c4-r1-task-0105,ipfs_add,True,,49,1783272003054,1811,,False
1052,b2-fabric-b1-c4-r1,b2-fabric-b1-c4-r1-task-0104,ipfs_add,True,,67,1783272003053,2386,,False
1053,b2-fabric-b1-c4-r1,b2-fabric-b1-c4-r1-task-0106,ipfs_add,True,,78,1783272003055,2561,,False
1054,b2-fabric-b1-c4-r1,b2-fabric-b1-c4-r1-task-0107,ipfs_add,True,,49,1783272003097,1574,,False
1055,b2-fabric-b1-c4-r1,b2-fabric-b1-c4-r1-task-0104,fabric_post_task,True,,2579,1783272003120,2386,Qme3dLUfvZ5b63FixxsTuqwxwjVCFs2b8ADm8Kvk2U2qwP,False
1056,b2-fabric-b1-c4-r1,b2-fabric-b1-c4-r1-task-0105,fabric_post_task,True,,2596,1783272003103,1811,QmeCN824YLFxhs6KPZdvcJ1YLRBL2KDGosFsYoMEvLrqvu,False
1057,b2-fabric-b1-c4-r1,b2-fabric-b1-c4-r1-task-0107,fabric_post_task,True,,2554,1783272003146,1574,QmRupjhdCiNmsSv9JCRZ7Adv2HjXu13WhkMdY6ZAUYj3p5,False
1058,b2-fabric-b1-c4-r1,b2-fabric-b1-c4-r1-task-0106,fabric_post_task,True,,2570,1783272003133,2561,QmQpT2pSYN1xnsKEAYYzR7wpihutiAWCLX46Wag6nTE83B,False
1059,b2-fabric-b1-c4-r1,b2-fabric-b1-c4-r1-task-0106,fabric_post_allocation,True,,2545,1783272005703,0,,False
1060,b2-fabric-b1-c4-r1,b2-fabric-b1-c4-r1-task-0104,fabric_post_allocation,True,,2551,1783272005699,0,,False
1061,b2-fabric-b1-c4-r1,b2-fabric-b1-c4-r1-task-0107,fabric_post_allocation,True,,2552,1783272005700,0,,False
1062,b2-fabric-b1-c4-r1,b2-fabric-b1-c4-r1-task-0105,fabric_post_allocation,True,,2553,1783272005699,0,,False
1063,b2-fabric-b1-c4-r1,b2-fabric-b1-c4-r1-task-0105,fabric_post_snapshot,True,,2272,1783272008252,0,,False
1064,b2-fabric-b1-c4-r1,b2-fabric-b1-c4-r1-task-0107,fabric_post_snapshot,True,,2272,1783272008252,0,,False
1065,b2-fabric-b1-c4-r1,b2-fabric-b1-c4-r1-task-0104,fabric_post_snapshot,True,,2274,1783272008250,0,,False
1066,b2-fabric-b1-c4-r1,b2-fabric-b1-c4-r1-task-0106,fabric_post_snapshot,True,,2279,1783272008248,0,,False
1067,b2-fabric-b1-c4-r1,b2-fabric-b1-c4-r1-task-0104,fabric_query_confirmation,True,,131,1783272010524,0,,False
1068,b2-fabric-b1-c4-r1,b2-fabric-b1-c4-r1-task-0107,fabric_query_confirmation,True,,132,1783272010524,0,,False
1069,b2-fabric-b1-c4-r1,b2-fabric-b1-c4-r1-task-0106,fabric_query_confirmation,True,,130,1783272010527,0,,False
1070,b2-fabric-b1-c4-r1,b2-fabric-b1-c4-r1-task-0105,fabric_query_confirmation,True,,134,1783272010524,0,,False
1071,b2-fabric-b1-c4-r1,b2-fabric-b1-c4-r1-task-0105,fabric_vote_1,True,,2562,1783272010658,0,,False
1072,b2-fabric-b1-c4-r1,b2-fabric-b1-c4-r1-task-0106,fabric_vote_1,True,,2565,1783272010657,0,,False
1073,b2-fabric-b1-c4-r1,b2-fabric-b1-c4-r1-task-0104,fabric_vote_1,True,,2568,1783272010655,0,,False
1074,b2-fabric-b1-c4-r1,b2-fabric-b1-c4-r1-task-0107,fabric_vote_1,True,,2568,1783272010656,0,,False
1075,b2-fabric-b1-c4-r1,b2-fabric-b1-c4-r1-task-0107,fabric_vote_2,True,,18,1783272013224,0,,False
1076,b2-fabric-b1-c4-r1,b2-fabric-b1-c4-r1-task-0106,fabric_vote_2,True,,20,1783272013222,0,,False
1077,b2-fabric-b1-c4-r1,b2-fabric-b1-c4-r1-task-0104,fabric_vote_2,True,,21,1783272013223,0,,False
1078,b2-fabric-b1-c4-r1,b2-fabric-b1-c4-r1-task-0105,fabric_vote_2,True,,25,1783272013220,0,,False
1079,b2-fabric-b1-c4-r1,b2-fabric-b1-c4-r1-task-0104,fabric_settlement,True,,2312,1783272013244,0,,False
1080,b2-fabric-b1-c4-r1,b2-fabric-b1-c4-r1-task-0105,fabric_settlement,True,,2311,1783272013245,0,,False
1081,b2-fabric-b1-c4-r1,b2-fabric-b1-c4-r1-task-0107,fabric_settlement,True,,2315,1783272013242,0,,False
1082,b2-fabric-b1-c4-r1,b2-fabric-b1-c4-r1-task-0106,fabric_settlement,True,,2315,1783272013242,0,,False
1083,b2-fabric-b1-c4-r1,b2-fabric-b1-c4-r1-task-0104,fabric_query_final,True,,788,1783272015556,0,,False
1084,b2-fabric-b1-c4-r1,b2-fabric-b1-c4-r1-task-0107,fabric_query_final,True,,787,1783272015557,0,,False
1085,b2-fabric-b1-c4-r1,b2-fabric-b1-c4-r1-task-0105,fabric_query_final,True,,789,1783272015556,0,,False
1086,b2-fabric-b1-c4-r1,b2-fabric-b1-c4-r1-task-0106,fabric_query_final,True,,793,1783272015557,0,,False
1087,b2-fabric-b1-c4-r1,b2-fabric-b1-c4-r1-task-0107,ipfs_verify,True,,7,1783272016344,0,QmRupjhdCiNmsSv9JCRZ7Adv2HjXu13WhkMdY6ZAUYj3p5,False
1088,b2-fabric-b1-c4-r1,b2-fabric-b1-c4-r1-task-0105,ipfs_verify,True,,7,1783272016345,0,QmeCN824YLFxhs6KPZdvcJ1YLRBL2KDGosFsYoMEvLrqvu,False
1089,b2-fabric-b1-c4-r1,b2-fabric-b1-c4-r1-task-0104,ipfs_verify,True,,8,1783272016344,0,Qme3dLUfvZ5b63FixxsTuqwxwjVCFs2b8ADm8Kvk2U2qwP,False
1090,b2-fabric-b1-c4-r1,b2-fabric-b1-c4-r1-task-0106,ipfs_verify,True,,9,1783272016350,0,QmQpT2pSYN1xnsKEAYYzR7wpihutiAWCLX46Wag6nTE83B,False
1091,b2-fabric-b1-c4-r1,b2-fabric-b1-c4-r1-task-0110,ipfs_add,True,,23,1783272016353,1468,,False
1092,b2-fabric-b1-c4-r1,b2-fabric-b1-c4-r1-task-0108,ipfs_add,True,,36,1783272016351,1359,,False
1093,b2-fabric-b1-c4-r1,b2-fabric-b1-c4-r1-task-0109,ipfs_add,True,,46,1783272016352,1914,,False
1094,b2-fabric-b1-c4-r1,b2-fabric-b1-c4-r1-task-0111,ipfs_add,True,,50,1783272016359,1486,,False
1095,b2-fabric-b1-c4-r1,b2-fabric-b1-c4-r1-task-0111,fabric_post_task,True,,2490,1783272016409,1486,QmayJynjkMacRcqFDbnuYugxcbsQqHFTjbXCeD8Z8namKr,False
1096,b2-fabric-b1-c4-r1,b2-fabric-b1-c4-r1-task-0108,fabric_post_task,True,,2513,1783272016387,1359,QmZZqy6hSeEaVGJcieqsrZVeztXme75mBRRsw2ZBiEVxze,False
1097,b2-fabric-b1-c4-r1,b2-fabric-b1-c4-r1-task-0109,fabric_post_task,True,,2502,1783272016398,1914,QmPEDBMMbuCpx7HLnDJ23QuLxzYuyd7P4wwLKNZcfCQeou,False
1098,b2-fabric-b1-c4-r1,b2-fabric-b1-c4-r1-task-0110,fabric_post_task,True,,2536,1783272016376,1468,QmYdNPvQFsdXFQa7hym9WZ3ACL8dS3nT2z6E7NU9T2QPtY,False
1099,b2-fabric-b1-c4-r1,b2-fabric-b1-c4-r1-task-0111,fabric_post_allocation,True,,2575,1783272018899,0,,False
1100,b2-fabric-b1-c4-r1,b2-fabric-b1-c4-r1-task-0109,fabric_post_allocation,True,,2575,1783272018900,0,,False
1101,b2-fabric-b1-c4-r1,b2-fabric-b1-c4-r1-task-0110,fabric_post_allocation,True,,2563,1783272018912,0,,False
1102,b2-fabric-b1-c4-r1,b2-fabric-b1-c4-r1-task-0108,fabric_post_allocation,True,,2577,1783272018900,0,,False
1103,b2-fabric-b1-c4-r1,b2-fabric-b1-c4-r1-task-0108,fabric_post_snapshot,True,,2518,1783272021477,0,,False
1104,b2-fabric-b1-c4-r1,b2-fabric-b1-c4-r1-task-0111,fabric_post_snapshot,True,,2522,1783272021474,0,,False
1105,b2-fabric-b1-c4-r1,b2-fabric-b1-c4-r1-task-0109,fabric_post_snapshot,True,,2522,1783272021475,0,,False
1106,b2-fabric-b1-c4-r1,b2-fabric-b1-c4-r1-task-0110,fabric_post_snapshot,True,,2522,1783272021475,0,,False
1107,b2-fabric-b1-c4-r1,b2-fabric-b1-c4-r1-task-0111,fabric_query_confirmation,True,,133,1783272023996,0,,False
1108,b2-fabric-b1-c4-r1,b2-fabric-b1-c4-r1-task-0110,fabric_query_confirmation,True,,132,1783272023997,0,,False
1109,b2-fabric-b1-c4-r1,b2-fabric-b1-c4-r1-task-0109,fabric_query_confirmation,True,,133,1783272023997,0,,False
1110,b2-fabric-b1-c4-r1,b2-fabric-b1-c4-r1-task-0108,fabric_query_confirmation,True,,138,1783272023995,0,,False
1111,b2-fabric-b1-c4-r1,b2-fabric-b1-c4-r1-task-0111,fabric_vote_1,True,,3555,1783272024129,0,,False
1112,b2-fabric-b1-c4-r1,b2-fabric-b1-c4-r1-task-0108,fabric_vote_1,True,,3555,1783272024133,0,,False
1113,b2-fabric-b1-c4-r1,b2-fabric-b1-c4-r1-task-0110,fabric_vote_1,True,,3560,1783272024129,0,,False
1114,b2-fabric-b1-c4-r1,b2-fabric-b1-c4-r1-task-0109,fabric_vote_1,True,,3559,1783272024130,0,,False
1115,b2-fabric-b1-c4-r1,b2-fabric-b1-c4-r1-task-0110,fabric_vote_2,True,,2282,1783272027689,0,,False
1116,b2-fabric-b1-c4-r1,b2-fabric-b1-c4-r1-task-0111,fabric_vote_2,True,,2288,1783272027684,0,,False
1117,b2-fabric-b1-c4-r1,b2-fabric-b1-c4-r1-task-0108,fabric_vote_2,True,,2285,1783272027688,0,,False
1118,b2-fabric-b1-c4-r1,b2-fabric-b1-c4-r1-task-0109,fabric_vote_2,True,,2287,1783272027689,0,,False
1119,b2-fabric-b1-c4-r1,b2-fabric-b1-c4-r1-task-0109,fabric_settlement,True,,2603,1783272029976,0,,False
1120,b2-fabric-b1-c4-r1,b2-fabric-b1-c4-r1-task-0108,fabric_settlement,True,,2610,1783272029973,0,,False
1121,b2-fabric-b1-c4-r1,b2-fabric-b1-c4-r1-task-0111,fabric_settlement,True,,2612,1783272029972,0,,False
1122,b2-fabric-b1-c4-r1,b2-fabric-b1-c4-r1-task-0110,fabric_settlement,True,,2613,1783272029972,0,,False
1123,b2-fabric-b1-c4-r1,b2-fabric-b1-c4-r1-task-0108,fabric_query_final,True,,414,1783272032583,0,,False
1124,b2-fabric-b1-c4-r1,b2-fabric-b1-c4-r1-task-0109,fabric_query_final,True,,419,1783272032579,0,,False
1125,b2-fabric-b1-c4-r1,b2-fabric-b1-c4-r1-task-0108,ipfs_verify,True,,9,1783272032997,0,QmZZqy6hSeEaVGJcieqsrZVeztXme75mBRRsw2ZBiEVxze,False
1126,b2-fabric-b1-c4-r1,b2-fabric-b1-c4-r1-task-0109,ipfs_verify,True,,9,1783272032998,0,QmPEDBMMbuCpx7HLnDJ23QuLxzYuyd7P4wwLKNZcfCQeou,False
1127,b2-fabric-b1-c4-r1,b2-fabric-b1-c4-r1-task-0113,ipfs_add,True,,28,1783272033007,4766,,False
1128,b2-fabric-b1-c4-r1,b2-fabric-b1-c4-r1-task-0112,ipfs_add,True,,41,1783272033006,5135,,False
1129,b2-fabric-b1-c4-r1,b2-fabric-b1-c4-r1-task-0111,fabric_query_final,True,,479,1783272032584,0,,False
1130,b2-fabric-b1-c4-r1,b2-fabric-b1-c4-r1-task-0111,ipfs_verify,True,,12,1783272033063,0,QmayJynjkMacRcqFDbnuYugxcbsQqHFTjbXCeD8Z8namKr,False
1131,b2-fabric-b1-c4-r1,b2-fabric-b1-c4-r1-task-0114,ipfs_add,True,,44,1783272033075,2458,,False
1132,b2-fabric-b1-c4-r1,b2-fabric-b1-c4-r1-task-0110,fabric_query_final,True,,643,1783272032585,0,,False
1133,b2-fabric-b1-c4-r1,b2-fabric-b1-c4-r1-task-0110,ipfs_verify,True,,13,1783272033228,0,QmYdNPvQFsdXFQa7hym9WZ3ACL8dS3nT2z6E7NU9T2QPtY,False
1134,b2-fabric-b1-c4-r1,b2-fabric-b1-c4-r1-task-0115,ipfs_add,True,,27,1783272033243,2635,,False
1135,b2-fabric-b1-c4-r1,b2-fabric-b1-c4-r1-task-0113,fabric_post_task,True,,2298,1783272033035,4766,QmSnXYpjm45y1HovE7atHSayP63uxu2Taj3HG6S4aa6fLe,False
1136,b2-fabric-b1-c4-r1,b2-fabric-b1-c4-r1-task-0112,fabric_post_task,True,,2287,1783272033047,5135,QmZTL4eW5hkumUyYeoedLXa2XWBWSX7WLRmm3kBgrvtRta,False
1137,b2-fabric-b1-c4-r1,b2-fabric-b1-c4-r1-task-0115,fabric_post_task,True,,2065,1783272033270,2635,Qma9XmC6B4RUGteeGsz2AKqR24nBDfvvDDZwxigq29cfeA,False
1138,b2-fabric-b1-c4-r1,b2-fabric-b1-c4-r1-task-0114,fabric_post_task,True,,2218,1783272033119,2458,Qma7TSawbLY7JCkagGsqyq5TKbNQrHnAHkXGU7KmTPbqNN,False
1139,b2-fabric-b1-c4-r1,b2-fabric-b1-c4-r1-task-0115,fabric_post_allocation,True,,2376,1783272035335,0,,False
1140,b2-fabric-b1-c4-r1,b2-fabric-b1-c4-r1-task-0114,fabric_post_allocation,True,,2375,1783272035337,0,,False
1141,b2-fabric-b1-c4-r1,b2-fabric-b1-c4-r1-task-0112,fabric_post_allocation,True,,2378,1783272035334,0,,False
1142,b2-fabric-b1-c4-r1,b2-fabric-b1-c4-r1-task-0113,fabric_post_allocation,True,,2381,1783272035333,0,,False
1143,b2-fabric-b1-c4-r1,b2-fabric-b1-c4-r1-task-0114,fabric_post_snapshot,True,,2260,1783272037712,0,,False
1144,b2-fabric-b1-c4-r1,b2-fabric-b1-c4-r1-task-0112,fabric_post_snapshot,True,,2262,1783272037712,0,,False
1145,b2-fabric-b1-c4-r1,b2-fabric-b1-c4-r1-task-0115,fabric_post_snapshot,True,,2264,1783272037711,0,,False
1146,b2-fabric-b1-c4-r1,b2-fabric-b1-c4-r1-task-0113,fabric_post_snapshot,True,,2262,1783272037714,0,,False
1147,b2-fabric-b1-c4-r1,b2-fabric-b1-c4-r1-task-0112,fabric_query_confirmation,True,,122,1783272039974,0,,False
1148,b2-fabric-b1-c4-r1,b2-fabric-b1-c4-r1-task-0115,fabric_query_confirmation,True,,121,1783272039975,0,,False
1149,b2-fabric-b1-c4-r1,b2-fabric-b1-c4-r1-task-0113,fabric_query_confirmation,True,,121,1783272039976,0,,False
1150,b2-fabric-b1-c4-r1,b2-fabric-b1-c4-r1-task-0114,fabric_query_confirmation,True,,128,1783272039972,0,,False
1151,b2-fabric-b1-c4-r1,b2-fabric-b1-c4-r1-task-0112,fabric_vote_1,True,,252,1783272040096,0,,False
1152,b2-fabric-b1-c4-r1,b2-fabric-b1-c4-r1-task-0115,fabric_vote_1,True,,254,1783272040096,0,,False
1153,b2-fabric-b1-c4-r1,b2-fabric-b1-c4-r1-task-0113,fabric_vote_1,True,,254,1783272040097,0,,False
1154,b2-fabric-b1-c4-r1,b2-fabric-b1-c4-r1-task-0114,fabric_vote_1,True,,256,1783272040100,0,,False
1155,b2-fabric-b1-c4-r1,b2-fabric-b1-c4-r1-task-0113,fabric_vote_2,True,,2258,1783272040351,0,,False
1156,b2-fabric-b1-c4-r1,b2-fabric-b1-c4-r1-task-0115,fabric_vote_2,True,,2261,1783272040350,0,,False
1157,b2-fabric-b1-c4-r1,b2-fabric-b1-c4-r1-task-0114,fabric_vote_2,True,,2255,1783272040356,0,,False
1158,b2-fabric-b1-c4-r1,b2-fabric-b1-c4-r1-task-0112,fabric_vote_2,True,,2266,1783272040348,0,,False
1159,b2-fabric-b1-c4-r1,b2-fabric-b1-c4-r1-task-0115,fabric_settlement,True,,2573,1783272042611,0,,False
1160,b2-fabric-b1-c4-r1,b2-fabric-b1-c4-r1-task-0114,fabric_settlement,True,,2575,1783272042611,0,,False
1161,b2-fabric-b1-c4-r1,b2-fabric-b1-c4-r1-task-0112,fabric_settlement,True,,2573,1783272042614,0,,False
1162,b2-fabric-b1-c4-r1,b2-fabric-b1-c4-r1-task-0113,fabric_settlement,True,,2578,1783272042609,0,,False
1163,b2-fabric-b1-c4-r1,b2-fabric-b1-c4-r1-task-0114,fabric_query_final,True,,386,1783272045186,0,,False
1164,b2-fabric-b1-c4-r1,b2-fabric-b1-c4-r1-task-0112,fabric_query_final,True,,386,1783272045187,0,,False
1165,b2-fabric-b1-c4-r1,b2-fabric-b1-c4-r1-task-0115,fabric_query_final,True,,389,1783272045184,0,,False
1166,b2-fabric-b1-c4-r1,b2-fabric-b1-c4-r1-task-0112,ipfs_verify,True,,7,1783272045573,0,QmZTL4eW5hkumUyYeoedLXa2XWBWSX7WLRmm3kBgrvtRta,False
1167,b2-fabric-b1-c4-r1,b2-fabric-b1-c4-r1-task-0115,ipfs_verify,True,,7,1783272045573,0,Qma9XmC6B4RUGteeGsz2AKqR24nBDfvvDDZwxigq29cfeA,False
1168,b2-fabric-b1-c4-r1,b2-fabric-b1-c4-r1-task-0114,ipfs_verify,True,,9,1783272045572,0,Qma7TSawbLY7JCkagGsqyq5TKbNQrHnAHkXGU7KmTPbqNN,False
1169,b2-fabric-b1-c4-r1,b2-fabric-b1-c4-r1-task-0113,fabric_query_final,True,,394,1783272045187,0,,False
1170,b2-fabric-b1-c4-r1,b2-fabric-b1-c4-r1-task-0113,ipfs_verify,True,,8,1783272045581,0,QmSnXYpjm45y1HovE7atHSayP63uxu2Taj3HG6S4aa6fLe,False
1171,b2-fabric-b1-c4-r1,b2-fabric-b1-c4-r1-task-0118,ipfs_add,True,,29,1783272045581,4013,,False
1172,b2-fabric-b1-c4-r1,b2-fabric-b1-c4-r1-task-0116,ipfs_add,True,,42,1783272045580,4456,,False
1173,b2-fabric-b1-c4-r1,b2-fabric-b1-c4-r1-task-0117,ipfs_add,True,,53,1783272045580,2547,,False
1174,b2-fabric-b1-c4-r1,b2-fabric-b1-c4-r1-task-0119,ipfs_add,True,,56,1783272045589,4895,,False
1175,b2-fabric-b1-c4-r1,b2-fabric-b1-c4-r1-task-0117,fabric_post_task,True,,2453,1783272045633,2547,QmXDQtx3geYo8PJ2SMzx1hAd7UVXRuUHhfKDP8gxpWugpu,False
1176,b2-fabric-b1-c4-r1,b2-fabric-b1-c4-r1-task-0119,fabric_post_task,True,,2443,1783272045645,4895,QmS8grZr8V1jUVspi4mAGU2GS5MHVKC3yUBsy7aQszAoNe,False
1177,b2-fabric-b1-c4-r1,b2-fabric-b1-c4-r1-task-0118,fabric_post_task,True,,2478,1783272045610,4013,QmUp6JMhmHCN1XhJbSgJKuqgcUi5RcanQaaL5Hru6z8S4Q,False
1178,b2-fabric-b1-c4-r1,b2-fabric-b1-c4-r1-task-0116,fabric_post_task,True,,2468,1783272045622,4456,QmcWhQm9LyFEHK6Y6cGHfAC2N6UZ5aeiyCpaBr9ty1evkK,False
1179,b2-fabric-b1-c4-r1,b2-fabric-b1-c4-r1-task-0117,fabric_post_allocation,True,,2330,1783272048086,0,,False
1180,b2-fabric-b1-c4-r1,b2-fabric-b1-c4-r1-task-0119,fabric_post_allocation,True,,2328,1783272048088,0,,False
1181,b2-fabric-b1-c4-r1,b2-fabric-b1-c4-r1-task-0116,fabric_post_allocation,True,,2327,1783272048090,0,,False
1182,b2-fabric-b1-c4-r1,b2-fabric-b1-c4-r1-task-0118,fabric_post_allocation,True,,2333,1783272048088,0,,False
1183,b2-fabric-b1-c4-r1,b2-fabric-b1-c4-r1-task-0118,fabric_post_snapshot,True,,2541,1783272050421,0,,False
1184,b2-fabric-b1-c4-r1,b2-fabric-b1-c4-r1-task-0116,fabric_post_snapshot,True,,2545,1783272050417,0,,False
1185,b2-fabric-b1-c4-r1,b2-fabric-b1-c4-r1-task-0117,fabric_post_snapshot,True,,2547,1783272050416,0,,False
1186,b2-fabric-b1-c4-r1,b2-fabric-b1-c4-r1-task-0119,fabric_post_snapshot,True,,2550,1783272050416,0,,False
1187,b2-fabric-b1-c4-r1,b2-fabric-b1-c4-r1-task-0117,fabric_query_confirmation,True,,361,1783272052963,0,,False
1188,b2-fabric-b1-c4-r1,b2-fabric-b1-c4-r1-task-0118,fabric_query_confirmation,True,,365,1783272052962,0,,False
1189,b2-fabric-b1-c4-r1,b2-fabric-b1-c4-r1-task-0119,fabric_query_confirmation,True,,362,1783272052966,0,,False
1190,b2-fabric-b1-c4-r1,b2-fabric-b1-c4-r1-task-0116,fabric_query_confirmation,True,,366,1783272052962,0,,False
1191,b2-fabric-b1-c4-r1,b2-fabric-b1-c4-r1-task-0117,fabric_vote_1,True,,3391,1783272053324,0,,False
1192,b2-fabric-b1-c4-r1,b2-fabric-b1-c4-r1-task-0116,fabric_vote_1,True,,3388,1783272053328,0,,False
1193,b2-fabric-b1-c4-r1,b2-fabric-b1-c4-r1-task-0119,fabric_vote_1,True,,3389,1783272053328,0,,False
1194,b2-fabric-b1-c4-r1,b2-fabric-b1-c4-r1-task-0118,fabric_vote_1,True,,3391,1783272053327,0,,False
1195,b2-fabric-b1-c4-r1,b2-fabric-b1-c4-r1-task-0118,fabric_vote_2,True,,2267,1783272056718,0,,False
1196,b2-fabric-b1-c4-r1,b2-fabric-b1-c4-r1-task-0116,fabric_vote_2,True,,2270,1783272056716,0,,False
1197,b2-fabric-b1-c4-r1,b2-fabric-b1-c4-r1-task-0117,fabric_vote_2,True,,2272,1783272056715,0,,False
1198,b2-fabric-b1-c4-r1,b2-fabric-b1-c4-r1-task-0119,fabric_vote_2,True,,2271,1783272056717,0,,False
1199,b2-fabric-b1-c4-r1,b2-fabric-b1-c4-r1-task-0117,fabric_settlement,True,,2319,1783272058987,0,,False
1200,b2-fabric-b1-c4-r1,b2-fabric-b1-c4-r1-task-0118,fabric_settlement,True,,2321,1783272058985,0,,False
1201,b2-fabric-b1-c4-r1,b2-fabric-b1-c4-r1-task-0119,fabric_settlement,True,,2319,1783272058988,0,,False
1202,b2-fabric-b1-c4-r1,b2-fabric-b1-c4-r1-task-0116,fabric_settlement,True,,2324,1783272058986,0,,False
1203,b2-fabric-b1-c4-r1,b2-fabric-b1-c4-r1-task-0118,fabric_query_final,True,,624,1783272061306,0,,False
1204,b2-fabric-b1-c4-r1,b2-fabric-b1-c4-r1-task-0117,fabric_query_final,True,,625,1783272061306,0,,False
1205,b2-fabric-b1-c4-r1,b2-fabric-b1-c4-r1-task-0116,fabric_query_final,True,,622,1783272061310,0,,False
1206,b2-fabric-b1-c4-r1,b2-fabric-b1-c4-r1-task-0119,fabric_query_final,True,,628,1783272061307,0,,False
1207,b2-fabric-b1-c4-r1,b2-fabric-b1-c4-r1-task-0118,ipfs_verify,True,,9,1783272061930,0,QmUp6JMhmHCN1XhJbSgJKuqgcUi5RcanQaaL5Hru6z8S4Q,False
1208,b2-fabric-b1-c4-r1,b2-fabric-b1-c4-r1-task-0116,ipfs_verify,True,,8,1783272061932,0,QmcWhQm9LyFEHK6Y6cGHfAC2N6UZ5aeiyCpaBr9ty1evkK,False
1209,b2-fabric-b1-c4-r1,b2-fabric-b1-c4-r1-task-0117,ipfs_verify,True,,10,1783272061931,0,QmXDQtx3geYo8PJ2SMzx1hAd7UVXRuUHhfKDP8gxpWugpu,False
1210,b2-fabric-b1-c4-r1,b2-fabric-b1-c4-r1-task-0119,ipfs_verify,True,,8,1783272061935,0,QmS8grZr8V1jUVspi4mAGU2GS5MHVKC3yUBsy7aQszAoNe,False
1211,b2-fabric-b1-c4-r1,b2-fabric-b1-c4-r1-task-0120,ipfs_add,True,,40,1783272061939,7055,,False
1212,b2-fabric-b1-c4-r1,b2-fabric-b1-c4-r1-task-0121,ipfs_add,True,,51,1783272061940,4778,,False
1213,b2-fabric-b1-c4-r1,b2-fabric-b1-c4-r1-task-0122,ipfs_add,True,,66,1783272061941,5117,,False
1214,b2-fabric-b1-c4-r1,b2-fabric-b1-c4-r1-task-0123,ipfs_add,True,,76,1783272061944,9648,,False
1215,b2-fabric-b1-c4-r1,b2-fabric-b1-c4-r1-task-0123,fabric_post_task,True,,2507,1783272062020,9648,QmUDRUxNR3wiggGYgdFqXj9FiZaoAXkrjj2gf4wreybMnY,False
1216,b2-fabric-b1-c4-r1,b2-fabric-b1-c4-r1-task-0122,fabric_post_task,True,,2521,1783272062007,5117,QmXUXcH529nakix9U15cpEidT2HourhoUQvG7aoS3dLkEG,False
1217,b2-fabric-b1-c4-r1,b2-fabric-b1-c4-r1-task-0121,fabric_post_task,True,,2537,1783272061992,4778,QmamWwWGyFXDPTzs47NnXQaDJCnKmJNML2uLgwtA49YMHU,False
1218,b2-fabric-b1-c4-r1,b2-fabric-b1-c4-r1-task-0120,fabric_post_task,True,,2552,1783272061979,7055,QmcCwWQBqZ6738sqSyuLRWTxPt6Qtc8U1RvhvPAW1oWkkW,False
1219,b2-fabric-b1-c4-r1,b2-fabric-b1-c4-r1-task-0123,fabric_post_allocation,True,,2517,1783272064527,0,,False
1220,b2-fabric-b1-c4-r1,b2-fabric-b1-c4-r1-task-0122,fabric_post_allocation,True,,2517,1783272064528,0,,False
1221,b2-fabric-b1-c4-r1,b2-fabric-b1-c4-r1-task-0121,fabric_post_allocation,True,,2517,1783272064529,0,,False
1222,b2-fabric-b1-c4-r1,b2-fabric-b1-c4-r1-task-0120,fabric_post_allocation,True,,2518,1783272064531,0,,False
1223,b2-fabric-b1-c4-r1,b2-fabric-b1-c4-r1-task-0123,fabric_post_snapshot,True,,2556,1783272067044,0,,False
1224,b2-fabric-b1-c4-r1,b2-fabric-b1-c4-r1-task-0121,fabric_post_snapshot,True,,2555,1783272067046,0,,False
1225,b2-fabric-b1-c4-r1,b2-fabric-b1-c4-r1-task-0122,fabric_post_snapshot,True,,2558,1783272067045,0,,False
1226,b2-fabric-b1-c4-r1,b2-fabric-b1-c4-r1-task-0120,fabric_post_snapshot,True,,2556,1783272067049,0,,False
1227,b2-fabric-b1-c4-r1,b2-fabric-b1-c4-r1-task-0122,fabric_query_confirmation,True,,121,1783272069603,0,,False
1228,b2-fabric-b1-c4-r1,b2-fabric-b1-c4-r1-task-0123,fabric_query_confirmation,True,,125,1783272069600,0,,False
1229,b2-fabric-b1-c4-r1,b2-fabric-b1-c4-r1-task-0121,fabric_query_confirmation,True,,124,1783272069601,0,,False
1230,b2-fabric-b1-c4-r1,b2-fabric-b1-c4-r1-task-0120,fabric_query_confirmation,True,,124,1783272069605,0,,False
1231,b2-fabric-b1-c4-r1,b2-fabric-b1-c4-r1-task-0122,fabric_vote_1,True,,202,1783272069724,0,,False
1232,b2-fabric-b1-c4-r1,b2-fabric-b1-c4-r1-task-0120,fabric_vote_1,True,,198,1783272069729,0,,False
1233,b2-fabric-b1-c4-r1,b2-fabric-b1-c4-r1-task-0123,fabric_vote_1,True,,203,1783272069725,0,,False
1234,b2-fabric-b1-c4-r1,b2-fabric-b1-c4-r1-task-0121,fabric_vote_1,True,,206,1783272069725,0,,False
1235,b2-fabric-b1-c4-r1,b2-fabric-b1-c4-r1-task-0121,fabric_vote_2,True,,2498,1783272069931,0,,False
1236,b2-fabric-b1-c4-r1,b2-fabric-b1-c4-r1-task-0122,fabric_vote_2,True,,2502,1783272069927,0,,False
1237,b2-fabric-b1-c4-r1,b2-fabric-b1-c4-r1-task-0123,fabric_vote_2,True,,2502,1783272069928,0,,False
1238,b2-fabric-b1-c4-r1,b2-fabric-b1-c4-r1-task-0120,fabric_vote_2,True,,2505,1783272069927,0,,False
1239,b2-fabric-b1-c4-r1,b2-fabric-b1-c4-r1-task-0122,fabric_settlement,True,,2536,1783272072429,0,,False
1240,b2-fabric-b1-c4-r1,b2-fabric-b1-c4-r1-task-0120,fabric_settlement,True,,2533,1783272072432,0,,False
1241,b2-fabric-b1-c4-r1,b2-fabric-b1-c4-r1-task-0123,fabric_settlement,True,,2536,1783272072430,0,,False
1242,b2-fabric-b1-c4-r1,b2-fabric-b1-c4-r1-task-0121,fabric_settlement,True,,2539,1783272072429,0,,False
1243,b2-fabric-b1-c4-r1,b2-fabric-b1-c4-r1-task-0122,fabric_query_final,True,,832,1783272074965,0,,False
1244,b2-fabric-b1-c4-r1,b2-fabric-b1-c4-r1-task-0121,fabric_query_final,True,,830,1783272074968,0,,False
1245,b2-fabric-b1-c4-r1,b2-fabric-b1-c4-r1-task-0123,fabric_query_final,True,,833,1783272074966,0,,False
1246,b2-fabric-b1-c4-r1,b2-fabric-b1-c4-r1-task-0120,fabric_query_final,True,,837,1783272074965,0,,False
1247,b2-fabric-b1-c4-r1,b2-fabric-b1-c4-r1-task-0123,ipfs_verify,True,,6,1783272075799,0,QmUDRUxNR3wiggGYgdFqXj9FiZaoAXkrjj2gf4wreybMnY,False
1248,b2-fabric-b1-c4-r1,b2-fabric-b1-c4-r1-task-0122,ipfs_verify,True,,9,1783272075797,0,QmXUXcH529nakix9U15cpEidT2HourhoUQvG7aoS3dLkEG,False
1249,b2-fabric-b1-c4-r1,b2-fabric-b1-c4-r1-task-0121,ipfs_verify,True,,9,1783272075798,0,QmamWwWGyFXDPTzs47NnXQaDJCnKmJNML2uLgwtA49YMHU,False
1250,b2-fabric-b1-c4-r1,b2-fabric-b1-c4-r1-task-0120,ipfs_verify,True,,7,1783272075802,0,QmcCwWQBqZ6738sqSyuLRWTxPt6Qtc8U1RvhvPAW1oWkkW,False
1251,b2-fabric-b1-c4-r1,b2-fabric-b1-c4-r1-task-0125,ipfs_add,True,,23,1783272075806,3206,,False
1252,b2-fabric-b1-c4-r1,b2-fabric-b1-c4-r1-task-0124,ipfs_add,True,,35,1783272075806,10193,,False
1253,b2-fabric-b1-c4-r1,b2-fabric-b1-c4-r1-task-0126,ipfs_add,True,,45,1783272075807,3991,,False
1254,b2-fabric-b1-c4-r1,b2-fabric-b1-c4-r1-task-0127,ipfs_add,True,,56,1783272075809,3969,,False
1255,b2-fabric-b1-c4-r1,b2-fabric-b1-c4-r1-task-0127,fabric_post_task,True,,2481,1783272075865,3969,QmNxQCkAaLmLFLMatMwgJb5bdva2owFTE2JpVTzuEA6pnQ,False
1256,b2-fabric-b1-c4-r1,b2-fabric-b1-c4-r1-task-0124,fabric_post_task,True,,2506,1783272075841,10193,QmdN3kmV8Nauo2ypczxkgeUDFa3J43mcbGqcZVtUsrbPFC,False
1257,b2-fabric-b1-c4-r1,b2-fabric-b1-c4-r1-task-0126,fabric_post_task,True,,2496,1783272075852,3991,QmPtdsowq8zmmDRQ1z7WASkkcgXTNTYdCxgN5vM5mEmQKU,False
1258,b2-fabric-b1-c4-r1,b2-fabric-b1-c4-r1-task-0125,fabric_post_task,True,,2521,1783272075829,3206,QmWe76Fc6xMc7UE2TtXhWtuzFokCa6FcSgWL6dg6i6SRfJ,False
1259,b2-fabric-b1-c4-r1,b2-fabric-b1-c4-r1-task-0127,fabric_post_allocation,True,,2522,1783272078346,0,,False
1260,b2-fabric-b1-c4-r1,b2-fabric-b1-c4-r1-task-0124,fabric_post_allocation,True,,2522,1783272078347,0,,False
1261,b2-fabric-b1-c4-r1,b2-fabric-b1-c4-r1-task-0125,fabric_post_allocation,True,,2520,1783272078350,0,,False
1262,b2-fabric-b1-c4-r1,b2-fabric-b1-c4-r1-task-0126,fabric_post_allocation,True,,2523,1783272078348,0,,False
1263,b2-fabric-b1-c4-r1,b2-fabric-b1-c4-r1-task-0127,fabric_post_snapshot,True,,2290,1783272080868,0,,False
1264,b2-fabric-b1-c4-r1,b2-fabric-b1-c4-r1-task-0126,fabric_post_snapshot,True,,2288,1783272080871,0,,False
1265,b2-fabric-b1-c4-r1,b2-fabric-b1-c4-r1-task-0124,fabric_post_snapshot,True,,2291,1783272080869,0,,False
1266,b2-fabric-b1-c4-r1,b2-fabric-b1-c4-r1-task-0125,fabric_post_snapshot,True,,2291,1783272080870,0,,False
1267,b2-fabric-b1-c4-r1,b2-fabric-b1-c4-r1-task-0124,fabric_query_confirmation,True,,133,1783272083160,0,,False
1268,b2-fabric-b1-c4-r1,b2-fabric-b1-c4-r1-task-0127,fabric_query_confirmation,True,,136,1783272083158,0,,False
1269,b2-fabric-b1-c4-r1,b2-fabric-b1-c4-r1-task-0126,fabric_query_confirmation,True,,135,1783272083159,0,,False
1270,b2-fabric-b1-c4-r1,b2-fabric-b1-c4-r1-task-0125,fabric_query_confirmation,True,,137,1783272083161,0,,False
1271,b2-fabric-b1-c4-r1,b2-fabric-b1-c4-r1-task-0125,fabric_vote_1,True,,3500,1783272083298,0,,False
1272,b2-fabric-b1-c4-r1,b2-fabric-b1-c4-r1-task-0127,fabric_vote_1,True,,3505,1783272083294,0,,False
1273,b2-fabric-b1-c4-r1,b2-fabric-b1-c4-r1-task-0124,fabric_vote_1,True,,3507,1783272083294,0,,False
1274,b2-fabric-b1-c4-r1,b2-fabric-b1-c4-r1-task-0126,fabric_vote_1,True,,3508,1783272083294,0,,False
1275,b2-fabric-b1-c4-r1,b2-fabric-b1-c4-r1-task-0126,fabric_vote_2,True,,2346,1783272086802,0,,False
1276,b2-fabric-b1-c4-r1,b2-fabric-b1-c4-r1-task-0125,fabric_vote_2,True,,2351,1783272086798,0,,False
1277,b2-fabric-b1-c4-r1,b2-fabric-b1-c4-r1-task-0127,fabric_vote_2,True,,2349,1783272086800,0,,False
1278,b2-fabric-b1-c4-r1,b2-fabric-b1-c4-r1-task-0124,fabric_vote_2,True,,2349,1783272086801,0,,False
1279,b2-fabric-b1-c4-r1,b2-fabric-b1-c4-r1-task-0127,fabric_settlement,True,,2342,1783272089149,0,,False
1280,b2-fabric-b1-c4-r1,b2-fabric-b1-c4-r1-task-0124,fabric_settlement,True,,2343,1783272089150,0,,False
1281,b2-fabric-b1-c4-r1,b2-fabric-b1-c4-r1-task-0125,fabric_settlement,True,,2344,1783272089149,0,,False
1282,b2-fabric-b1-c4-r1,b2-fabric-b1-c4-r1-task-0126,fabric_settlement,True,,2349,1783272089148,0,,False
1283,b2-fabric-b1-c4-r1,b2-fabric-b1-c4-r1-task-0127,fabric_query_final,True,,1061,1783272091491,0,,False
1284,b2-fabric-b1-c4-r1,b2-fabric-b1-c4-r1-task-0126,fabric_query_final,True,,1057,1783272091497,0,,False
1285,b2-fabric-b1-c4-r1,b2-fabric-b1-c4-r1-task-0124,fabric_query_final,True,,1061,1783272091493,0,,False
1286,b2-fabric-b1-c4-r1,b2-fabric-b1-c4-r1-task-0125,fabric_query_final,True,,1067,1783272091493,0,,False
1287,b2-fabric-b1-c4-r1,b2-fabric-b1-c4-r1-task-0126,ipfs_verify,True,,7,1783272092554,0,QmPtdsowq8zmmDRQ1z7WASkkcgXTNTYdCxgN5vM5mEmQKU,False
1288,b2-fabric-b1-c4-r1,b2-fabric-b1-c4-r1-task-0127,ipfs_verify,True,,10,1783272092552,0,QmNxQCkAaLmLFLMatMwgJb5bdva2owFTE2JpVTzuEA6pnQ,False
1289,b2-fabric-b1-c4-r1,b2-fabric-b1-c4-r1-task-0124,ipfs_verify,True,,8,1783272092554,0,QmdN3kmV8Nauo2ypczxkgeUDFa3J43mcbGqcZVtUsrbPFC,False
1290,b2-fabric-b1-c4-r1,b2-fabric-b1-c4-r1-task-0125,ipfs_verify,True,,8,1783272092560,0,QmWe76Fc6xMc7UE2TtXhWtuzFokCa6FcSgWL6dg6i6SRfJ,False
1291,b2-fabric-b1-c4-r1,b2-fabric-b1-c4-r1-task-0130,ipfs_add,True,,59,1783272092562,5421,,False
1292,b2-fabric-b1-c4-r1,b2-fabric-b1-c4-r1-task-0129,ipfs_add,True,,73,1783272092563,6435,,False
1293,b2-fabric-b1-c4-r1,b2-fabric-b1-c4-r1-task-0128,ipfs_add,True,,87,1783272092561,5323,,False
1294,b2-fabric-b1-c4-r1,b2-fabric-b1-c4-r1-task-0131,ipfs_add,True,,92,1783272092568,5219,,False
1295,b2-fabric-b1-c4-r1,b2-fabric-b1-c4-r1-task-0131,fabric_post_task,True,,2489,1783272092660,5219,QmZj7xUMfzrxW16za1Jy2ZVd3iayZXWvUsAREvSyZuRbVu,False
1296,b2-fabric-b1-c4-r1,b2-fabric-b1-c4-r1-task-0130,fabric_post_task,True,,2529,1783272092621,5421,QmasDoPun8NvohoPkm66UZpwkaJFFvmh8hCVDMoxGk7S7Z,False
1297,b2-fabric-b1-c4-r1,b2-fabric-b1-c4-r1-task-0128,fabric_post_task,True,,2503,1783272092648,5323,QmQos5pRc9wxqep7nncifrFotxQs5uTEqHL3FeTHYErDSa,False
1298,b2-fabric-b1-c4-r1,b2-fabric-b1-c4-r1-task-0129,fabric_post_task,True,,2516,1783272092636,6435,QmRdeeEenQRgmkxSMK2mGyLCkKoN4YhqNwubfvJSfxYpPa,False
1299,b2-fabric-b1-c4-r1,b2-fabric-b1-c4-r1-task-0128,fabric_post_allocation,True,,2565,1783272095151,0,,False
1300,b2-fabric-b1-c4-r1,b2-fabric-b1-c4-r1-task-0130,fabric_post_allocation,True,,2567,1783272095150,0,,False
1301,b2-fabric-b1-c4-r1,b2-fabric-b1-c4-r1-task-0131,fabric_post_allocation,True,,2568,1783272095149,0,,False
1302,b2-fabric-b1-c4-r1,b2-fabric-b1-c4-r1-task-0129,fabric_post_allocation,True,,2568,1783272095152,0,,False
1303,b2-fabric-b1-c4-r1,b2-fabric-b1-c4-r1-task-0128,fabric_post_snapshot,True,,306,1783272097716,0,,False
1304,b2-fabric-b1-c4-r1,b2-fabric-b1-c4-r1-task-0129,fabric_post_snapshot,True,,306,1783272097720,0,,False
1305,b2-fabric-b1-c4-r1,b2-fabric-b1-c4-r1-task-0130,fabric_post_snapshot,True,,310,1783272097717,0,,False
1306,b2-fabric-b1-c4-r1,b2-fabric-b1-c4-r1-task-0131,fabric_post_snapshot,True,,310,1783272097717,0,,False
1307,b2-fabric-b1-c4-r1,b2-fabric-b1-c4-r1-task-0131,fabric_query_confirmation,True,,129,1783272098027,0,,False
1308,b2-fabric-b1-c4-r1,b2-fabric-b1-c4-r1-task-0130,fabric_query_confirmation,True,,130,1783272098027,0,,False
1309,b2-fabric-b1-c4-r1,b2-fabric-b1-c4-r1-task-0128,fabric_query_confirmation,True,,135,1783272098022,0,,False
1310,b2-fabric-b1-c4-r1,b2-fabric-b1-c4-r1-task-0129,fabric_query_confirmation,True,,133,1783272098026,0,,False
1311,b2-fabric-b1-c4-r1,b2-fabric-b1-c4-r1-task-0131,fabric_vote_1,True,,2487,1783272098156,0,,False
1312,b2-fabric-b1-c4-r1,b2-fabric-b1-c4-r1-task-0128,fabric_vote_1,True,,2489,1783272098157,0,,False
1313,b2-fabric-b1-c4-r1,b2-fabric-b1-c4-r1-task-0130,fabric_vote_1,True,,2489,1783272098157,0,,False
1314,b2-fabric-b1-c4-r1,b2-fabric-b1-c4-r1-task-0129,fabric_vote_1,True,,2488,1783272098159,0,,False
1315,b2-fabric-b1-c4-r1,b2-fabric-b1-c4-r1-task-0131,fabric_vote_2,True,,2278,1783272100643,0,,False
1316,b2-fabric-b1-c4-r1,b2-fabric-b1-c4-r1-task-0130,fabric_vote_2,True,,2275,1783272100646,0,,False
1317,b2-fabric-b1-c4-r1,b2-fabric-b1-c4-r1-task-0129,fabric_vote_2,True,,2275,1783272100647,0,,False
1318,b2-fabric-b1-c4-r1,b2-fabric-b1-c4-r1-task-0128,fabric_vote_2,True,,2279,1783272100646,0,,False
1319,b2-fabric-b1-c4-r1,b2-fabric-b1-c4-r1-task-0131,fabric_settlement,True,,2551,1783272102921,0,,False
1320,b2-fabric-b1-c4-r1,b2-fabric-b1-c4-r1-task-0128,fabric_settlement,True,,2548,1783272102925,0,,False
1321,b2-fabric-b1-c4-r1,b2-fabric-b1-c4-r1-task-0129,fabric_settlement,True,,2551,1783272102922,0,,False
1322,b2-fabric-b1-c4-r1,b2-fabric-b1-c4-r1-task-0130,fabric_settlement,True,,2553,1783272102921,0,,False
1323,b2-fabric-b1-c4-r1,b2-fabric-b1-c4-r1-task-0131,fabric_query_final,True,,395,1783272105472,0,,False
1324,b2-fabric-b1-c4-r1,b2-fabric-b1-c4-r1-task-0129,fabric_query_final,True,,395,1783272105473,0,,False
1325,b2-fabric-b1-c4-r1,b2-fabric-b1-c4-r1-task-0129,ipfs_verify,True,,7,1783272105868,0,QmRdeeEenQRgmkxSMK2mGyLCkKoN4YhqNwubfvJSfxYpPa,False
1326,b2-fabric-b1-c4-r1,b2-fabric-b1-c4-r1-task-0131,ipfs_verify,True,,8,1783272105867,0,QmZj7xUMfzrxW16za1Jy2ZVd3iayZXWvUsAREvSyZuRbVu,False
1327,b2-fabric-b1-c4-r1,b2-fabric-b1-c4-r1-task-0132,ipfs_add,True,,22,1783272105875,5599,,False
1328,b2-fabric-b1-c4-r1,b2-fabric-b1-c4-r1-task-0133,ipfs_add,True,,34,1783272105875,4372,,False
1329,b2-fabric-b1-c4-r1,b2-fabric-b1-c4-r1-task-0130,fabric_query_final,True,,480,1783272105474,0,,False
1330,b2-fabric-b1-c4-r1,b2-fabric-b1-c4-r1-task-0130,ipfs_verify,True,,7,1783272105954,0,QmasDoPun8NvohoPkm66UZpwkaJFFvmh8hCVDMoxGk7S7Z,False
1331,b2-fabric-b1-c4-r1,b2-fabric-b1-c4-r1-task-0134,ipfs_add,True,,27,1783272105961,5569,,False
1332,b2-fabric-b1-c4-r1,b2-fabric-b1-c4-r1-task-0128,fabric_query_final,True,,528,1783272105473,0,,False
1333,b2-fabric-b1-c4-r1,b2-fabric-b1-c4-r1-task-0128,ipfs_verify,True,,8,1783272106001,0,QmQos5pRc9wxqep7nncifrFotxQs5uTEqHL3FeTHYErDSa,False
1334,b2-fabric-b1-c4-r1,b2-fabric-b1-c4-r1-task-0135,ipfs_add,True,,28,1783272106010,6297,,False
1335,b2-fabric-b1-c4-r1,b2-fabric-b1-c4-r1-task-0133,fabric_post_task,True,,2248,1783272105909,4372,QmV9gx3VUoqhkXRkzRD7hEPhbZz6mSJ82UTFrCpLh1TD3b,False
1336,b2-fabric-b1-c4-r1,b2-fabric-b1-c4-r1-task-0134,fabric_post_task,True,,2170,1783272105988,5569,QmPW1qU3hoUSoGbD2KjbwxVen41kGxev6EBjJ6zmEFnCrD,False
1337,b2-fabric-b1-c4-r1,b2-fabric-b1-c4-r1-task-0135,fabric_post_task,True,,2120,1783272106038,6297,QmRgs6w8r3X2JvyiVmXrFPnc5Whw1EhTnEw6iDRUTAKBSq,False
1338,b2-fabric-b1-c4-r1,b2-fabric-b1-c4-r1-task-0132,fabric_post_task,True,,2264,1783272105897,5599,QmYCBqE2NteLr9sLnHjbiStJeVErpKho8QFCw7417W1UW7,False
1339,b2-fabric-b1-c4-r1,b2-fabric-b1-c4-r1-task-0132,fabric_post_allocation,True,,2574,1783272108161,0,,False
1340,b2-fabric-b1-c4-r1,b2-fabric-b1-c4-r1-task-0135,fabric_post_allocation,True,,2577,1783272108158,0,,False
1341,b2-fabric-b1-c4-r1,b2-fabric-b1-c4-r1-task-0134,fabric_post_allocation,True,,2578,1783272108158,0,,False
1342,b2-fabric-b1-c4-r1,b2-fabric-b1-c4-r1-task-0133,fabric_post_allocation,True,,2580,1783272108157,0,,False
1343,b2-fabric-b1-c4-r1,b2-fabric-b1-c4-r1-task-0132,fabric_post_snapshot,True,,3290,1783272110735,0,,False
1344,b2-fabric-b1-c4-r1,b2-fabric-b1-c4-r1-task-0133,fabric_post_snapshot,True,,3288,1783272110737,0,,False
1345,b2-fabric-b1-c4-r1,b2-fabric-b1-c4-r1-task-0134,fabric_post_snapshot,True,,3289,1783272110736,0,,False
1346,b2-fabric-b1-c4-r1,b2-fabric-b1-c4-r1-task-0135,fabric_post_snapshot,True,,3294,1783272110735,0,,False
1347,b2-fabric-b1-c4-r1,b2-fabric-b1-c4-r1-task-0133,fabric_query_confirmation,True,,328,1783272114025,0,,False
1348,b2-fabric-b1-c4-r1,b2-fabric-b1-c4-r1-task-0134,fabric_query_confirmation,True,,329,1783272114025,0,,False
1349,b2-fabric-b1-c4-r1,b2-fabric-b1-c4-r1-task-0135,fabric_query_confirmation,True,,326,1783272114029,0,,False
1350,b2-fabric-b1-c4-r1,b2-fabric-b1-c4-r1-task-0132,fabric_query_confirmation,True,,331,1783272114025,0,,False
1351,b2-fabric-b1-c4-r1,b2-fabric-b1-c4-r1-task-0135,fabric_vote_1,True,,2310,1783272114355,0,,False
1352,b2-fabric-b1-c4-r1,b2-fabric-b1-c4-r1-task-0132,fabric_vote_1,True,,2309,1783272114356,0,,False
1353,b2-fabric-b1-c4-r1,b2-fabric-b1-c4-r1-task-0133,fabric_vote_1,True,,2314,1783272114353,0,,False
1354,b2-fabric-b1-c4-r1,b2-fabric-b1-c4-r1-task-0134,fabric_vote_1,True,,2316,1783272114354,0,,False
1355,b2-fabric-b1-c4-r1,b2-fabric-b1-c4-r1-task-0132,fabric_vote_2,True,,2509,1783272116666,0,,False
1356,b2-fabric-b1-c4-r1,b2-fabric-b1-c4-r1-task-0135,fabric_vote_2,True,,2511,1783272116665,0,,False
1357,b2-fabric-b1-c4-r1,b2-fabric-b1-c4-r1-task-0134,fabric_vote_2,True,,2507,1783272116670,0,,False
1358,b2-fabric-b1-c4-r1,b2-fabric-b1-c4-r1-task-0133,fabric_vote_2,True,,2511,1783272116667,0,,False
1359,b2-fabric-b1-c4-r1,b2-fabric-b1-c4-r1-task-0132,fabric_settlement,True,,2313,1783272119175,0,,False
1360,b2-fabric-b1-c4-r1,b2-fabric-b1-c4-r1-task-0133,fabric_settlement,True,,2312,1783272119178,0,,False
1361,b2-fabric-b1-c4-r1,b2-fabric-b1-c4-r1-task-0135,fabric_settlement,True,,2315,1783272119176,0,,False
1362,b2-fabric-b1-c4-r1,b2-fabric-b1-c4-r1-task-0134,fabric_settlement,True,,2316,1783272119177,0,,False
1363,b2-fabric-b1-c4-r1,b2-fabric-b1-c4-r1-task-0134,fabric_query_final,True,,653,1783272121493,0,,False
1364,b2-fabric-b1-c4-r1,b2-fabric-b1-c4-r1-task-0133,fabric_query_final,True,,656,1783272121490,0,,False
1365,b2-fabric-b1-c4-r1,b2-fabric-b1-c4-r1-task-0132,fabric_query_final,True,,659,1783272121488,0,,False
1366,b2-fabric-b1-c4-r1,b2-fabric-b1-c4-r1-task-0135,fabric_query_final,True,,659,1783272121491,0,,False
1367,b2-fabric-b1-c4-r1,b2-fabric-b1-c4-r1-task-0133,ipfs_verify,True,,8,1783272122146,0,QmV9gx3VUoqhkXRkzRD7hEPhbZz6mSJ82UTFrCpLh1TD3b,False
1368,b2-fabric-b1-c4-r1,b2-fabric-b1-c4-r1-task-0134,ipfs_verify,True,,9,1783272122146,0,QmPW1qU3hoUSoGbD2KjbwxVen41kGxev6EBjJ6zmEFnCrD,False
1369,b2-fabric-b1-c4-r1,b2-fabric-b1-c4-r1-task-0132,ipfs_verify,True,,9,1783272122147,0,QmYCBqE2NteLr9sLnHjbiStJeVErpKho8QFCw7417W1UW7,False
1370,b2-fabric-b1-c4-r1,b2-fabric-b1-c4-r1-task-0135,ipfs_verify,True,,8,1783272122150,0,QmRgs6w8r3X2JvyiVmXrFPnc5Whw1EhTnEw6iDRUTAKBSq,False
1371,b2-fabric-b1-c4-r1,b2-fabric-b1-c4-r1-task-0138,ipfs_add,True,,24,1783272122156,6123,,False
1372,b2-fabric-b1-c4-r1,b2-fabric-b1-c4-r1-task-0137,ipfs_add,True,,38,1783272122155,7887,,False
1373,b2-fabric-b1-c4-r1,b2-fabric-b1-c4-r1-task-0136,ipfs_add,True,,51,1783272122155,6870,,False
1374,b2-fabric-b1-c4-r1,b2-fabric-b1-c4-r1-task-0139,ipfs_add,True,,61,1783272122159,6068,,False
1375,b2-fabric-b1-c4-r1,b2-fabric-b1-c4-r1-task-0136,fabric_post_task,True,,2557,1783272122206,6870,QmUPhkQr4hDrWibXiUjzuteThhvoD1pXuAQ2pvNnCtyJec,False
1376,b2-fabric-b1-c4-r1,b2-fabric-b1-c4-r1-task-0139,fabric_post_task,True,,2546,1783272122220,6068,QmcYTUAPQTyEWywqTmthoC8xdU1HHnjNHDDrwpWHCUcep9,False
1377,b2-fabric-b1-c4-r1,b2-fabric-b1-c4-r1-task-0137,fabric_post_task,True,,2573,1783272122193,7887,QmWoPof7qbWPGdMFqG2nBUciJqbqXCfAPLUDZ7bcxJMDyk,False
1378,b2-fabric-b1-c4-r1,b2-fabric-b1-c4-r1-task-0138,fabric_post_task,True,,2588,1783272122180,6123,QmbxM1rZVTmJDLmT8oQiDaJVpa1uuVzFek4Pc5717x6PYe,False
1379,b2-fabric-b1-c4-r1,b2-fabric-b1-c4-r1-task-0138,fabric_post_allocation,True,,2312,1783272124768,0,,False
1380,b2-fabric-b1-c4-r1,b2-fabric-b1-c4-r1-task-0136,fabric_post_allocation,True,,2317,1783272124764,0,,False
1381,b2-fabric-b1-c4-r1,b2-fabric-b1-c4-r1-task-0137,fabric_post_allocation,True,,2316,1783272124766,0,,False
1382,b2-fabric-b1-c4-r1,b2-fabric-b1-c4-r1-task-0139,fabric_post_allocation,True,,2318,1783272124766,0,,False
1383,b2-fabric-b1-c4-r1,b2-fabric-b1-c4-r1-task-0136,fabric_post_snapshot,True,,207,1783272127081,0,,False
1384,b2-fabric-b1-c4-r1,b2-fabric-b1-c4-r1-task-0138,fabric_post_snapshot,True,,209,1783272127080,0,,False
1385,b2-fabric-b1-c4-r1,b2-fabric-b1-c4-r1-task-0137,fabric_post_snapshot,True,,208,1783272127082,0,,False
1386,b2-fabric-b1-c4-r1,b2-fabric-b1-c4-r1-task-0139,fabric_post_snapshot,True,,206,1783272127084,0,,False
1387,b2-fabric-b1-c4-r1,b2-fabric-b1-c4-r1-task-0139,fabric_query_confirmation,True,,122,1783272127290,0,,False
1388,b2-fabric-b1-c4-r1,b2-fabric-b1-c4-r1-task-0137,fabric_query_confirmation,True,,123,1783272127290,0,,False
1389,b2-fabric-b1-c4-r1,b2-fabric-b1-c4-r1-task-0138,fabric_query_confirmation,True,,123,1783272127290,0,,False
1390,b2-fabric-b1-c4-r1,b2-fabric-b1-c4-r1-task-0136,fabric_query_confirmation,True,,125,1783272127288,0,,False
1391,b2-fabric-b1-c4-r1,b2-fabric-b1-c4-r1-task-0136,fabric_vote_1,True,,2268,1783272127413,0,,False
1392,b2-fabric-b1-c4-r1,b2-fabric-b1-c4-r1-task-0137,fabric_vote_1,True,,2268,1783272127413,0,,False
1393,b2-fabric-b1-c4-r1,b2-fabric-b1-c4-r1-task-0139,fabric_vote_1,True,,2270,1783272127412,0,,False
1394,b2-fabric-b1-c4-r1,b2-fabric-b1-c4-r1-task-0138,fabric_vote_1,True,,2272,1783272127413,0,,False
1395,b2-fabric-b1-c4-r1,b2-fabric-b1-c4-r1-task-0138,fabric_vote_2,True,,2526,1783272129685,0,,False
1396,b2-fabric-b1-c4-r1,b2-fabric-b1-c4-r1-task-0137,fabric_vote_2,True,,2532,1783272129681,0,,False
1397,b2-fabric-b1-c4-r1,b2-fabric-b1-c4-r1-task-0136,fabric_vote_2,True,,2532,1783272129681,0,,False
1398,b2-fabric-b1-c4-r1,b2-fabric-b1-c4-r1-task-0139,fabric_vote_2,True,,2532,1783272129682,0,,False
1399,b2-fabric-b1-c4-r1,b2-fabric-b1-c4-r1-task-0139,fabric_settlement,True,,2300,1783272132214,0,,False
1400,b2-fabric-b1-c4-r1,b2-fabric-b1-c4-r1-task-0138,fabric_settlement,True,,2304,1783272132211,0,,False
1401,b2-fabric-b1-c4-r1,b2-fabric-b1-c4-r1-task-0136,fabric_settlement,True,,2303,1783272132213,0,,False
1402,b2-fabric-b1-c4-r1,b2-fabric-b1-c4-r1-task-0137,fabric_settlement,True,,2305,1783272132213,0,,False
1403,b2-fabric-b1-c4-r1,b2-fabric-b1-c4-r1-task-0138,fabric_query_final,True,,795,1783272134515,0,,False
1404,b2-fabric-b1-c4-r1,b2-fabric-b1-c4-r1-task-0139,fabric_query_final,True,,796,1783272134514,0,,False
1405,b2-fabric-b1-c4-r1,b2-fabric-b1-c4-r1-task-0137,fabric_query_final,True,,793,1783272134518,0,,False
1406,b2-fabric-b1-c4-r1,b2-fabric-b1-c4-r1-task-0136,fabric_query_final,True,,797,1783272134516,0,,False
1407,b2-fabric-b1-c4-r1,b2-fabric-b1-c4-r1-task-0137,ipfs_verify,True,,7,1783272135311,0,QmWoPof7qbWPGdMFqG2nBUciJqbqXCfAPLUDZ7bcxJMDyk,False
1408,b2-fabric-b1-c4-r1,b2-fabric-b1-c4-r1-task-0139,ipfs_verify,True,,8,1783272135310,0,QmcYTUAPQTyEWywqTmthoC8xdU1HHnjNHDDrwpWHCUcep9,False
1409,b2-fabric-b1-c4-r1,b2-fabric-b1-c4-r1-task-0138,ipfs_verify,True,,10,1783272135310,0,QmbxM1rZVTmJDLmT8oQiDaJVpa1uuVzFek4Pc5717x6PYe,False
1410,b2-fabric-b1-c4-r1,b2-fabric-b1-c4-r1-task-0136,ipfs_verify,True,,8,1783272135313,0,QmUPhkQr4hDrWibXiUjzuteThhvoD1pXuAQ2pvNnCtyJec,False
1411,b2-fabric-b1-c4-r1,b2-fabric-b1-c4-r1-task-0141,ipfs_add,True,,70,1783272135319,3943,,False
1412,b2-fabric-b1-c4-r1,b2-fabric-b1-c4-r1-task-0140,ipfs_add,True,,82,1783272135318,3566,,False
1413,b2-fabric-b1-c4-r1,b2-fabric-b1-c4-r1-task-0142,ipfs_add,True,,91,1783272135320,4723,,False
1414,b2-fabric-b1-c4-r1,b2-fabric-b1-c4-r1-task-0143,ipfs_add,True,,101,1783272135321,4660,,False
1415,b2-fabric-b1-c4-r1,b2-fabric-b1-c4-r1-task-0142,fabric_post_task,True,,2448,1783272135411,4723,QmU3gpt8BjdpgMNTTBdF3QXFR37K5SeqUjAYEdmDDig4s5,False
1416,b2-fabric-b1-c4-r1,b2-fabric-b1-c4-r1-task-0143,fabric_post_task,True,,2438,1783272135422,4660,QmTVqeXCxoxwjjanTn4HJUbLVnB4bpVmZgGrTummJ1AQqo,False
1417,b2-fabric-b1-c4-r1,b2-fabric-b1-c4-r1-task-0140,fabric_post_task,True,,2461,1783272135400,3566,QmbKUL6FKk5HdN2RKMY4E5T2YgBw8gzyMB9qqscewgU2PM,False
1418,b2-fabric-b1-c4-r1,b2-fabric-b1-c4-r1-task-0141,fabric_post_task,True,,2473,1783272135389,3943,QmU8ccPSVuF7qqoiKy2DMjjWHVge9mBhGy7hX3oM4mFnxu,False
1419,b2-fabric-b1-c4-r1,b2-fabric-b1-c4-r1-task-0143,fabric_post_allocation,True,,2321,1783272137860,0,,False
1420,b2-fabric-b1-c4-r1,b2-fabric-b1-c4-r1-task-0141,fabric_post_allocation,True,,2320,1783272137862,0,,False
1421,b2-fabric-b1-c4-r1,b2-fabric-b1-c4-r1-task-0140,fabric_post_allocation,True,,2321,1783272137861,0,,False
1422,b2-fabric-b1-c4-r1,b2-fabric-b1-c4-r1-task-0142,fabric_post_allocation,True,,2326,1783272137859,0,,False
1423,b2-fabric-b1-c4-r1,b2-fabric-b1-c4-r1-task-0141,fabric_post_snapshot,True,,3574,1783272140182,0,,False
1424,b2-fabric-b1-c4-r1,b2-fabric-b1-c4-r1-task-0142,fabric_post_snapshot,True,,3572,1783272140185,0,,False
1425,b2-fabric-b1-c4-r1,b2-fabric-b1-c4-r1-task-0143,fabric_post_snapshot,True,,3577,1783272140181,0,,False
1426,b2-fabric-b1-c4-r1,b2-fabric-b1-c4-r1-task-0140,fabric_post_snapshot,True,,3579,1783272140182,0,,False
1427,b2-fabric-b1-c4-r1,b2-fabric-b1-c4-r1-task-0141,fabric_query_confirmation,True,,369,1783272143756,0,,False
1428,b2-fabric-b1-c4-r1,b2-fabric-b1-c4-r1-task-0143,fabric_query_confirmation,True,,368,1783272143758,0,,False
1429,b2-fabric-b1-c4-r1,b2-fabric-b1-c4-r1-task-0140,fabric_query_confirmation,True,,366,1783272143761,0,,False
1430,b2-fabric-b1-c4-r1,b2-fabric-b1-c4-r1-task-0142,fabric_query_confirmation,True,,370,1783272143757,0,,False
1431,b2-fabric-b1-c4-r1,b2-fabric-b1-c4-r1-task-0143,fabric_vote_1,True,,2308,1783272144126,0,,False
1432,b2-fabric-b1-c4-r1,b2-fabric-b1-c4-r1-task-0140,fabric_vote_1,True,,2307,1783272144127,0,,False
1433,b2-fabric-b1-c4-r1,b2-fabric-b1-c4-r1-task-0142,fabric_vote_1,True,,2308,1783272144127,0,,False
1434,b2-fabric-b1-c4-r1,b2-fabric-b1-c4-r1-task-0141,fabric_vote_1,True,,2313,1783272144125,0,,False
1435,b2-fabric-b1-c4-r1,b2-fabric-b1-c4-r1-task-0143,fabric_vote_2,True,,2261,1783272146434,0,,False
1436,b2-fabric-b1-c4-r1,b2-fabric-b1-c4-r1-task-0142,fabric_vote_2,True,,2260,1783272146435,0,,False
1437,b2-fabric-b1-c4-r1,b2-fabric-b1-c4-r1-task-0140,fabric_vote_2,True,,2262,1783272146434,0,,False
1438,b2-fabric-b1-c4-r1,b2-fabric-b1-c4-r1-task-0141,fabric_vote_2,True,,2260,1783272146438,0,,False
1439,b2-fabric-b1-c4-r1,b2-fabric-b1-c4-r1-task-0141,fabric_settlement,True,,2551,1783272148698,0,,False
1440,b2-fabric-b1-c4-r1,b2-fabric-b1-c4-r1-task-0142,fabric_settlement,True,,2556,1783272148695,0,,False
1441,b2-fabric-b1-c4-r1,b2-fabric-b1-c4-r1-task-0140,fabric_settlement,True,,2556,1783272148696,0,,False
1442,b2-fabric-b1-c4-r1,b2-fabric-b1-c4-r1-task-0143,fabric_settlement,True,,2557,1783272148695,0,,False
1443,b2-fabric-b1-c4-r1,b2-fabric-b1-c4-r1-task-0141,fabric_query_final,True,,618,1783272151249,0,,False
1444,b2-fabric-b1-c4-r1,b2-fabric-b1-c4-r1-task-0142,fabric_query_final,True,,617,1783272151251,0,,False
1445,b2-fabric-b1-c4-r1,b2-fabric-b1-c4-r1-task-0143,fabric_query_final,True,,617,1783272151252,0,,False
1446,b2-fabric-b1-c4-r1,b2-fabric-b1-c4-r1-task-0140,fabric_query_final,True,,620,1783272151252,0,,False
1447,b2-fabric-b1-c4-r1,b2-fabric-b1-c4-r1-task-0141,ipfs_verify,True,,8,1783272151867,0,QmU8ccPSVuF7qqoiKy2DMjjWHVge9mBhGy7hX3oM4mFnxu,False
1448,b2-fabric-b1-c4-r1,b2-fabric-b1-c4-r1-task-0143,ipfs_verify,True,,7,1783272151869,0,QmTVqeXCxoxwjjanTn4HJUbLVnB4bpVmZgGrTummJ1AQqo,False
1449,b2-fabric-b1-c4-r1,b2-fabric-b1-c4-r1-task-0142,ipfs_verify,True,,8,1783272151868,0,QmU3gpt8BjdpgMNTTBdF3QXFR37K5SeqUjAYEdmDDig4s5,False
1450,b2-fabric-b1-c4-r1,b2-fabric-b1-c4-r1-task-0140,ipfs_verify,True,,7,1783272151872,0,QmbKUL6FKk5HdN2RKMY4E5T2YgBw8gzyMB9qqscewgU2PM,False
1451,b2-fabric-b1-c4-r1,b2-fabric-b1-c4-r1-task-0145,ipfs_add,True,,22,1783272151876,5462,,False
1452,b2-fabric-b1-c4-r1,b2-fabric-b1-c4-r1-task-0146,ipfs_add,True,,34,1783272151876,5475,,False
1453,b2-fabric-b1-c4-r1,b2-fabric-b1-c4-r1-task-0144,ipfs_add,True,,46,1783272151875,4312,,False
1454,b2-fabric-b1-c4-r1,b2-fabric-b1-c4-r1-task-0147,ipfs_add,True,,54,1783272151879,4284,,False
1455,b2-fabric-b1-c4-r1,b2-fabric-b1-c4-r1-task-0146,fabric_post_task,True,,2474,1783272151910,5475,QmTMCQj8BgjN1EopLd1uCHtQPJNQPLrifD8h5c2wtJkq4h,False
1456,b2-fabric-b1-c4-r1,b2-fabric-b1-c4-r1-task-0147,fabric_post_task,True,,2452,1783272151933,4284,QmaFJBETp4JJdAzBH3NfaGGXCVai8pRVmMEDArMatXyrJg,False
1457,b2-fabric-b1-c4-r1,b2-fabric-b1-c4-r1-task-0145,fabric_post_task,True,,2488,1783272151898,5462,QmQawzw1KxV8h7JpxSeDVLwBKMdBrxUCm6dAZkW6LZqh7T,False
1458,b2-fabric-b1-c4-r1,b2-fabric-b1-c4-r1-task-0144,fabric_post_task,True,,2467,1783272151921,4312,QmQZAxaxKLLJQ3P2WWPiuXefNDpmhXdj7A3T7qaNxDGnnf,False
1459,b2-fabric-b1-c4-r1,b2-fabric-b1-c4-r1-task-0147,fabric_post_allocation,True,,2508,1783272154385,0,,False
1460,b2-fabric-b1-c4-r1,b2-fabric-b1-c4-r1-task-0146,fabric_post_allocation,True,,2510,1783272154384,0,,False
1461,b2-fabric-b1-c4-r1,b2-fabric-b1-c4-r1-task-0144,fabric_post_allocation,True,,2507,1783272154388,0,,False
1462,b2-fabric-b1-c4-r1,b2-fabric-b1-c4-r1-task-0145,fabric_post_allocation,True,,2514,1783272154386,0,,False
1463,b2-fabric-b1-c4-r1,b2-fabric-b1-c4-r1-task-0145,fabric_post_snapshot,True,,372,1783272156900,0,,False
1464,b2-fabric-b1-c4-r1,b2-fabric-b1-c4-r1-task-0144,fabric_post_snapshot,True,,378,1783272156895,0,,False
1465,b2-fabric-b1-c4-r1,b2-fabric-b1-c4-r1-task-0147,fabric_post_snapshot,True,,381,1783272156893,0,,False
1466,b2-fabric-b1-c4-r1,b2-fabric-b1-c4-r1-task-0146,fabric_post_snapshot,True,,384,1783272156894,0,,False
1467,b2-fabric-b1-c4-r1,b2-fabric-b1-c4-r1-task-0144,fabric_query_confirmation,True,,340,1783272157273,0,,False
1468,b2-fabric-b1-c4-r1,b2-fabric-b1-c4-r1-task-0145,fabric_query_confirmation,True,,342,1783272157272,0,,False
1469,b2-fabric-b1-c4-r1,b2-fabric-b1-c4-r1-task-0147,fabric_query_confirmation,True,,341,1783272157274,0,,False
1470,b2-fabric-b1-c4-r1,b2-fabric-b1-c4-r1-task-0146,fabric_query_confirmation,True,,337,1783272157278,0,,False
1471,b2-fabric-b1-c4-r1,b2-fabric-b1-c4-r1-task-0147,fabric_vote_1,True,,2494,1783272157615,0,,False
1472,b2-fabric-b1-c4-r1,b2-fabric-b1-c4-r1-task-0146,fabric_vote_1,True,,2495,1783272157615,0,,False
1473,b2-fabric-b1-c4-r1,b2-fabric-b1-c4-r1-task-0144,fabric_vote_1,True,,2498,1783272157613,0,,False
1474,b2-fabric-b1-c4-r1,b2-fabric-b1-c4-r1-task-0145,fabric_vote_1,True,,2497,1783272157614,0,,False
1475,b2-fabric-b1-c4-r1,b2-fabric-b1-c4-r1-task-0144,fabric_vote_2,True,,2304,1783272160111,0,,False
1476,b2-fabric-b1-c4-r1,b2-fabric-b1-c4-r1-task-0147,fabric_vote_2,True,,2306,1783272160109,0,,False
1477,b2-fabric-b1-c4-r1,b2-fabric-b1-c4-r1-task-0146,fabric_vote_2,True,,2305,1783272160111,0,,False
1478,b2-fabric-b1-c4-r1,b2-fabric-b1-c4-r1-task-0145,fabric_vote_2,True,,2306,1783272160111,0,,False
1479,b2-fabric-b1-c4-r1,b2-fabric-b1-c4-r1-task-0147,fabric_settlement,True,,2339,1783272162415,0,,False
1480,b2-fabric-b1-c4-r1,b2-fabric-b1-c4-r1-task-0144,fabric_settlement,True,,2340,1783272162415,0,,False
1481,b2-fabric-b1-c4-r1,b2-fabric-b1-c4-r1-task-0145,fabric_settlement,True,,2338,1783272162417,0,,False
1482,b2-fabric-b1-c4-r1,b2-fabric-b1-c4-r1-task-0146,fabric_settlement,True,,2341,1783272162416,0,,False
1483,b2-fabric-b1-c4-r1,b2-fabric-b1-c4-r1-task-0145,fabric_query_final,True,,573,1783272164755,0,,False
1484,b2-fabric-b1-c4-r1,b2-fabric-b1-c4-r1-task-0147,fabric_query_final,True,,576,1783272164754,0,,False
1485,b2-fabric-b1-c4-r1,b2-fabric-b1-c4-r1-task-0144,fabric_query_final,True,,575,1783272164755,0,,False
1486,b2-fabric-b1-c4-r1,b2-fabric-b1-c4-r1-task-0146,fabric_query_final,True,,576,1783272164757,0,,False
1487,b2-fabric-b1-c4-r1,b2-fabric-b1-c4-r1-task-0145,ipfs_verify,True,,7,1783272165328,0,QmQawzw1KxV8h7JpxSeDVLwBKMdBrxUCm6dAZkW6LZqh7T,False
1488,b2-fabric-b1-c4-r1,b2-fabric-b1-c4-r1-task-0144,ipfs_verify,True,,6,1783272165330,0,QmQZAxaxKLLJQ3P2WWPiuXefNDpmhXdj7A3T7qaNxDGnnf,False
1489,b2-fabric-b1-c4-r1,b2-fabric-b1-c4-r1-task-0147,ipfs_verify,True,,7,1783272165330,0,QmaFJBETp4JJdAzBH3NfaGGXCVai8pRVmMEDArMatXyrJg,False
1490,b2-fabric-b1-c4-r1,b2-fabric-b1-c4-r1-task-0146,ipfs_verify,True,,7,1783272165333,0,QmTMCQj8BgjN1EopLd1uCHtQPJNQPLrifD8h5c2wtJkq4h,False
1491,b2-fabric-b1-c4-r1,b2-fabric-b1-c4-r1-task-0148,ipfs_add,True,,21,1783272165336,5640,,False
1492,b2-fabric-b1-c4-r1,b2-fabric-b1-c4-r1-task-0149,ipfs_add,True,,31,1783272165337,2546,,False
1493,b2-fabric-b1-c4-r1,b2-fabric-b1-c4-r1-task-0150,ipfs_add,True,,43,1783272165337,1854,,False
1494,b2-fabric-b1-c4-r1,b2-fabric-b1-c4-r1-task-0151,ipfs_add,True,,51,1783272165340,8145,,False
1495,b2-fabric-b1-c4-r1,b2-fabric-b1-c4-r1-task-0151,fabric_post_task,True,,2473,1783272165391,8145,QmeY5sC4Xv3La4heuKD61xoMY8zD7nwjwXk76bcuFjtHdG,False
1496,b2-fabric-b1-c4-r1,b2-fabric-b1-c4-r1-task-0150,fabric_post_task,True,,2485,1783272165380,1854,Qmai7UoY48iFcYWTQWg3KAhEtCNFhrWvnyLa9J1qYPcDzG,False
1497,b2-fabric-b1-c4-r1,b2-fabric-b1-c4-r1-task-0148,fabric_post_task,True,,2509,1783272165357,5640,QmdfWtEvP6wCkESL2DE4rXkFf4ZAEuqAaWhur95DF4ivC9,False
1498,b2-fabric-b1-c4-r1,b2-fabric-b1-c4-r1-task-0149,fabric_post_task,True,,2500,1783272165368,2546,QmauYMYLrj6Qa4iDEtbq6r8Nut8Mam7NzrHGxXBG78msQ1,False
1499,b2-fabric-b1-c4-r1,b2-fabric-b1-c4-r1-task-0148,fabric_post_allocation,True,,3505,1783272167866,0,,False
1500,b2-fabric-b1-c4-r1,b2-fabric-b1-c4-r1-task-0151,fabric_post_allocation,True,,3508,1783272167864,0,,False
1501,b2-fabric-b1-c4-r1,b2-fabric-b1-c4-r1-task-0150,fabric_post_allocation,True,,3508,1783272167865,0,,False
1502,b2-fabric-b1-c4-r1,b2-fabric-b1-c4-r1-task-0149,fabric_post_allocation,True,,3505,1783272167868,0,,False
1503,b2-fabric-b1-c4-r1,b2-fabric-b1-c4-r1-task-0151,fabric_post_snapshot,True,,2267,1783272171372,0,,False
1504,b2-fabric-b1-c4-r1,b2-fabric-b1-c4-r1-task-0150,fabric_post_snapshot,True,,2267,1783272171373,0,,False
1505,b2-fabric-b1-c4-r1,b2-fabric-b1-c4-r1-task-0149,fabric_post_snapshot,True,,2268,1783272171373,0,,False
1506,b2-fabric-b1-c4-r1,b2-fabric-b1-c4-r1-task-0148,fabric_post_snapshot,True,,2272,1783272171371,0,,False
1507,b2-fabric-b1-c4-r1,b2-fabric-b1-c4-r1-task-0148,fabric_query_confirmation,True,,342,1783272173643,0,,False
1508,b2-fabric-b1-c4-r1,b2-fabric-b1-c4-r1-task-0151,fabric_query_confirmation,True,,346,1783272173639,0,,False
1509,b2-fabric-b1-c4-r1,b2-fabric-b1-c4-r1-task-0150,fabric_query_confirmation,True,,346,1783272173640,0,,False
1510,b2-fabric-b1-c4-r1,b2-fabric-b1-c4-r1-task-0149,fabric_query_confirmation,True,,347,1783272173641,0,,False
1511,b2-fabric-b1-c4-r1,b2-fabric-b1-c4-r1-task-0151,fabric_vote_1,True,,2504,1783272173985,0,,False
1512,b2-fabric-b1-c4-r1,b2-fabric-b1-c4-r1-task-0148,fabric_vote_1,True,,2506,1783272173985,0,,False
1513,b2-fabric-b1-c4-r1,b2-fabric-b1-c4-r1-task-0149,fabric_vote_1,True,,2503,1783272173988,0,,False
1514,b2-fabric-b1-c4-r1,b2-fabric-b1-c4-r1-task-0150,fabric_vote_1,True,,2506,1783272173986,0,,False
1515,b2-fabric-b1-c4-r1,b2-fabric-b1-c4-r1-task-0150,fabric_vote_2,True,,2262,1783272176492,0,,False
1516,b2-fabric-b1-c4-r1,b2-fabric-b1-c4-r1-task-0151,fabric_vote_2,True,,2266,1783272176489,0,,False
1517,b2-fabric-b1-c4-r1,b2-fabric-b1-c4-r1-task-0148,fabric_vote_2,True,,2265,1783272176491,0,,False
1518,b2-fabric-b1-c4-r1,b2-fabric-b1-c4-r1-task-0149,fabric_vote_2,True,,2267,1783272176491,0,,False
1519,b2-fabric-b1-c4-r1,b2-fabric-b1-c4-r1-task-0150,fabric_settlement,True,,2327,1783272178754,0,,False
1520,b2-fabric-b1-c4-r1,b2-fabric-b1-c4-r1-task-0149,fabric_settlement,True,,2323,1783272178758,0,,False
1521,b2-fabric-b1-c4-r1,b2-fabric-b1-c4-r1-task-0148,fabric_settlement,True,,2326,1783272178756,0,,False
1522,b2-fabric-b1-c4-r1,b2-fabric-b1-c4-r1-task-0151,fabric_settlement,True,,2328,1783272178755,0,,False
1523,b2-fabric-b1-c4-r1,b2-fabric-b1-c4-r1-task-0151,fabric_query_final,True,,617,1783272181083,0,,False
1524,b2-fabric-b1-c4-r1,b2-fabric-b1-c4-r1-task-0150,fabric_query_final,True,,620,1783272181081,0,,False
1525,b2-fabric-b1-c4-r1,b2-fabric-b1-c4-r1-task-0148,fabric_query_final,True,,620,1783272181082,0,,False
1526,b2-fabric-b1-c4-r1,b2-fabric-b1-c4-r1-task-0149,fabric_query_final,True,,624,1783272181081,0,,False
1527,b2-fabric-b1-c4-r1,b2-fabric-b1-c4-r1-task-0150,ipfs_verify,True,,8,1783272181701,0,Qmai7UoY48iFcYWTQWg3KAhEtCNFhrWvnyLa9J1qYPcDzG,False
1528,b2-fabric-b1-c4-r1,b2-fabric-b1-c4-r1-task-0151,ipfs_verify,True,,9,1783272181700,0,QmeY5sC4Xv3La4heuKD61xoMY8zD7nwjwXk76bcuFjtHdG,False
1529,b2-fabric-b1-c4-r1,b2-fabric-b1-c4-r1-task-0148,ipfs_verify,True,,8,1783272181702,0,QmdfWtEvP6wCkESL2DE4rXkFf4ZAEuqAaWhur95DF4ivC9,False
1530,b2-fabric-b1-c4-r1,b2-fabric-b1-c4-r1-task-0149,ipfs_verify,True,,8,1783272181705,0,QmauYMYLrj6Qa4iDEtbq6r8Nut8Mam7NzrHGxXBG78msQ1,False
1531,b2-fabric-b1-c4-r1,b2-fabric-b1-c4-r1-task-0154,ipfs_add,True,,27,1783272181711,1793,,False
1532,b2-fabric-b1-c4-r1,b2-fabric-b1-c4-r1-task-0153,ipfs_add,True,,40,1783272181709,1788,,False
1533,b2-fabric-b1-c4-r1,b2-fabric-b1-c4-r1-task-0152,ipfs_add,True,,51,1783272181709,1875,,False
1534,b2-fabric-b1-c4-r1,b2-fabric-b1-c4-r1-task-0155,ipfs_add,True,,60,1783272181713,1762,,False
1535,b2-fabric-b1-c4-r1,b2-fabric-b1-c4-r1-task-0152,fabric_post_task,True,,2588,1783272181760,1875,QmPmVehraUyhMbSn9HCTL8q359r1tCfXC2uYfULpBHLvjP,False
1536,b2-fabric-b1-c4-r1,b2-fabric-b1-c4-r1-task-0153,fabric_post_task,True,,2600,1783272181749,1788,QmRZHsRgbCA4gkEdt79xRJkB1H6eYmgZjWvtkeZDXPP6aA,False
1537,b2-fabric-b1-c4-r1,b2-fabric-b1-c4-r1-task-0154,fabric_post_task,True,,2613,1783272181738,1793,QmP1smz82VDmVYAjCDQXQL3tQyjhLY9AZx4ihRR3bmQmqR,False
1538,b2-fabric-b1-c4-r1,b2-fabric-b1-c4-r1-task-0155,fabric_post_task,True,,2580,1783272181773,1762,QmZKGWeYUaSbmhea5zAe3URkAmm7YgQGteWNmKZR7217eJ,False
1539,b2-fabric-b1-c4-r1,b2-fabric-b1-c4-r1-task-0152,fabric_post_allocation,True,,393,1783272184348,0,,False
1540,b2-fabric-b1-c4-r1,b2-fabric-b1-c4-r1-task-0153,fabric_post_allocation,True,,393,1783272184349,0,,False
1541,b2-fabric-b1-c4-r1,b2-fabric-b1-c4-r1-task-0154,fabric_post_allocation,True,,392,1783272184351,0,,False
1542,b2-fabric-b1-c4-r1,b2-fabric-b1-c4-r1-task-0155,fabric_post_allocation,True,,391,1783272184353,0,,False
1543,b2-fabric-b1-c4-r1,b2-fabric-b1-c4-r1-task-0154,fabric_post_snapshot,True,,2282,1783272184743,0,,False
1544,b2-fabric-b1-c4-r1,b2-fabric-b1-c4-r1-task-0153,fabric_post_snapshot,True,,2284,1783272184742,0,,False
1545,b2-fabric-b1-c4-r1,b2-fabric-b1-c4-r1-task-0155,fabric_post_snapshot,True,,2283,1783272184744,0,,False
1546,b2-fabric-b1-c4-r1,b2-fabric-b1-c4-r1-task-0152,fabric_post_snapshot,True,,2287,1783272184741,0,,False
1547,b2-fabric-b1-c4-r1,b2-fabric-b1-c4-r1-task-0153,fabric_query_confirmation,True,,137,1783272187026,0,,False
1548,b2-fabric-b1-c4-r1,b2-fabric-b1-c4-r1-task-0154,fabric_query_confirmation,True,,139,1783272187025,0,,False
1549,b2-fabric-b1-c4-r1,b2-fabric-b1-c4-r1-task-0155,fabric_query_confirmation,True,,137,1783272187027,0,,False
1550,b2-fabric-b1-c4-r1,b2-fabric-b1-c4-r1-task-0152,fabric_query_confirmation,True,,140,1783272187028,0,,False
1551,b2-fabric-b1-c4-r1,b2-fabric-b1-c4-r1-task-0155,fabric_vote_1,True,,2528,1783272187164,0,,False
1552,b2-fabric-b1-c4-r1,b2-fabric-b1-c4-r1-task-0152,fabric_vote_1,True,,2526,1783272187168,0,,False
1553,b2-fabric-b1-c4-r1,b2-fabric-b1-c4-r1-task-0154,fabric_vote_1,True,,2531,1783272187164,0,,False
1554,b2-fabric-b1-c4-r1,b2-fabric-b1-c4-r1-task-0153,fabric_vote_1,True,,2534,1783272187163,0,,False
1555,b2-fabric-b1-c4-r1,b2-fabric-b1-c4-r1-task-0153,fabric_vote_2,True,,2292,1783272189697,0,,False
1556,b2-fabric-b1-c4-r1,b2-fabric-b1-c4-r1-task-0152,fabric_vote_2,True,,2295,1783272189694,0,,False
1557,b2-fabric-b1-c4-r1,b2-fabric-b1-c4-r1-task-0154,fabric_vote_2,True,,2295,1783272189695,0,,False
1558,b2-fabric-b1-c4-r1,b2-fabric-b1-c4-r1-task-0155,fabric_vote_2,True,,2298,1783272189692,0,,False
1559,b2-fabric-b1-c4-r1,b2-fabric-b1-c4-r1-task-0152,fabric_settlement,True,,2302,1783272191989,0,,False
1560,b2-fabric-b1-c4-r1,b2-fabric-b1-c4-r1-task-0155,fabric_settlement,True,,2301,1783272191990,0,,False
1561,b2-fabric-b1-c4-r1,b2-fabric-b1-c4-r1-task-0154,fabric_settlement,True,,2302,1783272191990,0,,False
1562,b2-fabric-b1-c4-r1,b2-fabric-b1-c4-r1-task-0153,fabric_settlement,True,,2306,1783272191989,0,,False
1563,b2-fabric-b1-c4-r1,b2-fabric-b1-c4-r1-task-0155,fabric_query_final,True,,370,1783272194291,0,,False
1564,b2-fabric-b1-c4-r1,b2-fabric-b1-c4-r1-task-0153,fabric_query_final,True,,367,1783272194295,0,,False
1565,b2-fabric-b1-c4-r1,b2-fabric-b1-c4-r1-task-0154,fabric_query_final,True,,370,1783272194292,0,,False
1566,b2-fabric-b1-c4-r1,b2-fabric-b1-c4-r1-task-0153,ipfs_verify,True,,9,1783272194662,0,QmRZHsRgbCA4gkEdt79xRJkB1H6eYmgZjWvtkeZDXPP6aA,False
1567,b2-fabric-b1-c4-r1,b2-fabric-b1-c4-r1-task-0155,ipfs_verify,True,,10,1783272194661,0,QmZKGWeYUaSbmhea5zAe3URkAmm7YgQGteWNmKZR7217eJ,False
1568,b2-fabric-b1-c4-r1,b2-fabric-b1-c4-r1-task-0154,ipfs_verify,True,,10,1783272194662,0,QmP1smz82VDmVYAjCDQXQL3tQyjhLY9AZx4ihRR3bmQmqR,False
1569,b2-fabric-b1-c4-r1,b2-fabric-b1-c4-r1-task-0158,ipfs_add,True,,24,1783272194672,2353,,False
1570,b2-fabric-b1-c4-r1,b2-fabric-b1-c4-r1-task-0157,ipfs_add,True,,36,1783272194671,5957,,False
1571,b2-fabric-b1-c4-r1,b2-fabric-b1-c4-r1-task-0156,ipfs_add,True,,48,1783272194671,5744,,False
1572,b2-fabric-b1-c4-r1,b2-fabric-b1-c4-r1-task-0152,fabric_query_final,True,,518,1783272194291,0,,False
1573,b2-fabric-b1-c4-r1,b2-fabric-b1-c4-r1-task-0152,ipfs_verify,True,,9,1783272194809,0,QmPmVehraUyhMbSn9HCTL8q359r1tCfXC2uYfULpBHLvjP,False
1574,b2-fabric-b1-c4-r1,b2-fabric-b1-c4-r1-task-0159,ipfs_add,True,,27,1783272194818,1618,,False
1575,b2-fabric-b1-c4-r1,b2-fabric-b1-c4-r1-task-0156,fabric_post_task,True,,2245,1783272194719,5744,QmSqr1qUgBC93JV58qSDUGhGxFsKaVMkP8Lc2oQULWUSmz,False
1576,b2-fabric-b1-c4-r1,b2-fabric-b1-c4-r1-task-0159,fabric_post_task,True,,2119,1783272194845,1618,QmdxYpLKMtBw1hrsF8LgCLrKH1BbADtRRsjGCzLCCrthCc,False
1577,b2-fabric-b1-c4-r1,b2-fabric-b1-c4-r1-task-0157,fabric_post_task,True,,2259,1783272194707,5957,QmWamsqRbU1q3fiJX5vX2XCvBRJV8eoK1PEp3ctrbdxoam,False
1578,b2-fabric-b1-c4-r1,b2-fabric-b1-c4-r1-task-0158,fabric_post_task,True,,2270,1783272194696,2353,QmW45d5KDagXQxapoDsAgos4eR8RW7sWehPq9Qivyv3imb,False
1579,b2-fabric-b1-c4-r1,b2-fabric-b1-c4-r1-task-0157,fabric_post_allocation,True,,3188,1783272196966,0,,False
1580,b2-fabric-b1-c4-r1,b2-fabric-b1-c4-r1-task-0158,fabric_post_allocation,True,,3189,1783272196966,0,,False
1581,b2-fabric-b1-c4-r1,b2-fabric-b1-c4-r1-task-0159,fabric_post_allocation,True,,3192,1783272196964,0,,False
1582,b2-fabric-b1-c4-r1,b2-fabric-b1-c4-r1-task-0156,fabric_post_allocation,True,,3192,1783272196964,0,,False
1583,b2-fabric-b1-c4-r1,b2-fabric-b1-c4-r1-task-0159,fabric_post_snapshot,True,,2301,1783272200156,0,,False
1584,b2-fabric-b1-c4-r1,b2-fabric-b1-c4-r1-task-0156,fabric_post_snapshot,True,,2302,1783272200156,0,,False
1585,b2-fabric-b1-c4-r1,b2-fabric-b1-c4-r1-task-0158,fabric_post_snapshot,True,,2305,1783272200155,0,,False
1586,b2-fabric-b1-c4-r1,b2-fabric-b1-c4-r1-task-0157,fabric_post_snapshot,True,,2307,1783272200155,0,,False
1587,b2-fabric-b1-c4-r1,b2-fabric-b1-c4-r1-task-0158,fabric_query_confirmation,True,,124,1783272202460,0,,False
1588,b2-fabric-b1-c4-r1,b2-fabric-b1-c4-r1-task-0156,fabric_query_confirmation,True,,126,1783272202458,0,,False
1589,b2-fabric-b1-c4-r1,b2-fabric-b1-c4-r1-task-0159,fabric_query_confirmation,True,,128,1783272202457,0,,False
1590,b2-fabric-b1-c4-r1,b2-fabric-b1-c4-r1-task-0157,fabric_query_confirmation,True,,126,1783272202462,0,,False
1591,b2-fabric-b1-c4-r1,b2-fabric-b1-c4-r1-task-0159,fabric_vote_1,True,,2499,1783272202585,0,,False
1592,b2-fabric-b1-c4-r1,b2-fabric-b1-c4-r1-task-0156,fabric_vote_1,True,,2501,1783272202584,0,,False
1593,b2-fabric-b1-c4-r1,b2-fabric-b1-c4-r1-task-0157,fabric_vote_1,True,,2499,1783272202588,0,,False
1594,b2-fabric-b1-c4-r1,b2-fabric-b1-c4-r1-task-0158,fabric_vote_1,True,,2503,1783272202584,0,,False
1595,b2-fabric-b1-c4-r1,b2-fabric-b1-c4-r1-task-0156,fabric_vote_2,True,,2270,1783272205085,0,,False
1596,b2-fabric-b1-c4-r1,b2-fabric-b1-c4-r1-task-0158,fabric_vote_2,True,,2269,1783272205087,0,,False
1597,b2-fabric-b1-c4-r1,b2-fabric-b1-c4-r1-task-0157,fabric_vote_2,True,,2270,1783272205087,0,,False
1598,b2-fabric-b1-c4-r1,b2-fabric-b1-c4-r1-task-0159,fabric_vote_2,True,,2274,1783272205084,0,,False
1599,b2-fabric-b1-c4-r1,b2-fabric-b1-c4-r1-task-0157,fabric_settlement,True,,2317,1783272207357,0,,False
1600,b2-fabric-b1-c4-r1,b2-fabric-b1-c4-r1-task-0158,fabric_settlement,True,,2319,1783272207356,0,,False
1601,b2-fabric-b1-c4-r1,b2-fabric-b1-c4-r1-task-0159,fabric_settlement,True,,2317,1783272207358,0,,False
1602,b2-fabric-b1-c4-r1,b2-fabric-b1-c4-r1-task-0156,fabric_settlement,True,,2324,1783272207355,0,,False
1603,b2-fabric-b1-c4-r1,b2-fabric-b1-c4-r1-task-0158,fabric_query_final,True,,577,1783272209675,0,,False
1604,b2-fabric-b1-c4-r1,b2-fabric-b1-c4-r1-task-0157,fabric_query_final,True,,579,1783272209674,0,,False
1605,b2-fabric-b1-c4-r1,b2-fabric-b1-c4-r1-task-0159,fabric_query_final,True,,578,1783272209675,0,,False
1606,b2-fabric-b1-c4-r1,b2-fabric-b1-c4-r1-task-0156,fabric_query_final,True,,577,1783272209679,0,,False
1607,b2-fabric-b1-c4-r1,b2-fabric-b1-c4-r1-task-0157,ipfs_verify,True,,8,1783272210253,0,QmWamsqRbU1q3fiJX5vX2XCvBRJV8eoK1PEp3ctrbdxoam,False
1608,b2-fabric-b1-c4-r1,b2-fabric-b1-c4-r1-task-0158,ipfs_verify,True,,9,1783272210252,0,QmW45d5KDagXQxapoDsAgos4eR8RW7sWehPq9Qivyv3imb,False
1609,b2-fabric-b1-c4-r1,b2-fabric-b1-c4-r1-task-0159,ipfs_verify,True,,10,1783272210253,0,QmdxYpLKMtBw1hrsF8LgCLrKH1BbADtRRsjGCzLCCrthCc,False
1610,b2-fabric-b1-c4-r1,b2-fabric-b1-c4-r1-task-0156,ipfs_verify,True,,8,1783272210256,0,QmSqr1qUgBC93JV58qSDUGhGxFsKaVMkP8Lc2oQULWUSmz,False
1611,b2-fabric-b1-c4-r1,b2-fabric-b1-c4-r1-task-0160,ipfs_add,True,,24,1783272210261,3112,,False
1612,b2-fabric-b1-c4-r1,b2-fabric-b1-c4-r1-task-0161,ipfs_add,True,,33,1783272210262,2567,,False
1613,b2-fabric-b1-c4-r1,b2-fabric-b1-c4-r1-task-0162,ipfs_add,True,,43,1783272210263,2034,,False
1614,b2-fabric-b1-c4-r1,b2-fabric-b1-c4-r1-task-0163,ipfs_add,True,,53,1783272210264,5564,,False
1615,b2-fabric-b1-c4-r1,b2-fabric-b1-c4-r1-task-0163,fabric_post_task,True,,2474,1783272210317,5564,QmWVNuFxXBBoYjDDqPM5JjHqatxTLGdC8aLk7ick1Kz4Yb,False
1616,b2-fabric-b1-c4-r1,b2-fabric-b1-c4-r1-task-0161,fabric_post_task,True,,2499,1783272210295,2567,QmVHT5ucjcpkHShAnZazRTavev3cXT2osoYZL29UVeigZs,False
1617,b2-fabric-b1-c4-r1,b2-fabric-b1-c4-r1-task-0160,fabric_post_task,True,,2509,1783272210285,3112,QmZcHogHrAZaeaBhWnqwZoH5LhmdVbJ6pEy6KSUXD7Sqeh,False
1618,b2-fabric-b1-c4-r1,b2-fabric-b1-c4-r1-task-0162,fabric_post_task,True,,2491,1783272210306,2034,QmWEY5PvyU4H8vYcY2riKxKMc1nBFYKtSn243fBKXvUxUT,False
1619,b2-fabric-b1-c4-r1,b2-fabric-b1-c4-r1-task-0163,fabric_post_allocation,True,,165,1783272212791,0,,False
1620,b2-fabric-b1-c4-r1,b2-fabric-b1-c4-r1-task-0162,fabric_post_allocation,True,,161,1783272212797,0,,False
1621,b2-fabric-b1-c4-r1,b2-fabric-b1-c4-r1-task-0160,fabric_post_allocation,True,,164,1783272212794,0,,False
1622,b2-fabric-b1-c4-r1,b2-fabric-b1-c4-r1-task-0161,fabric_post_allocation,True,,170,1783272212794,0,,False
1623,b2-fabric-b1-c4-r1,b2-fabric-b1-c4-r1-task-0163,fabric_post_snapshot,True,,2275,1783272212956,0,,False
1624,b2-fabric-b1-c4-r1,b2-fabric-b1-c4-r1-task-0162,fabric_post_snapshot,True,,2274,1783272212958,0,,False
1625,b2-fabric-b1-c4-r1,b2-fabric-b1-c4-r1-task-0161,fabric_post_snapshot,True,,2269,1783272212964,0,,False
1626,b2-fabric-b1-c4-r1,b2-fabric-b1-c4-r1-task-0160,fabric_post_snapshot,True,,2276,1783272212958,0,,False
1627,b2-fabric-b1-c4-r1,b2-fabric-b1-c4-r1-task-0160,fabric_query_confirmation,True,,118,1783272215234,0,,False
1628,b2-fabric-b1-c4-r1,b2-fabric-b1-c4-r1-task-0163,fabric_query_confirmation,True,,122,1783272215231,0,,False
1629,b2-fabric-b1-c4-r1,b2-fabric-b1-c4-r1-task-0161,fabric_query_confirmation,True,,120,1783272215233,0,,False
1630,b2-fabric-b1-c4-r1,b2-fabric-b1-c4-r1-task-0162,fabric_query_confirmation,True,,124,1783272215232,0,,False
1631,b2-fabric-b1-c4-r1,b2-fabric-b1-c4-r1-task-0160,fabric_vote_1,True,,2500,1783272215352,0,,False
1632,b2-fabric-b1-c4-r1,b2-fabric-b1-c4-r1-task-0161,fabric_vote_1,True,,2502,1783272215353,0,,False
1633,b2-fabric-b1-c4-r1,b2-fabric-b1-c4-r1-task-0163,fabric_vote_1,True,,2503,1783272215353,0,,False
1634,b2-fabric-b1-c4-r1,b2-fabric-b1-c4-r1-task-0162,fabric_vote_1,True,,2502,1783272215356,0,,False
1635,b2-fabric-b1-c4-r1,b2-fabric-b1-c4-r1-task-0163,fabric_vote_2,True,,2293,1783272217856,0,,False
1636,b2-fabric-b1-c4-r1,b2-fabric-b1-c4-r1-task-0161,fabric_vote_2,True,,2295,1783272217856,0,,False
1637,b2-fabric-b1-c4-r1,b2-fabric-b1-c4-r1-task-0162,fabric_vote_2,True,,2293,1783272217858,0,,False
1638,b2-fabric-b1-c4-r1,b2-fabric-b1-c4-r1-task-0160,fabric_vote_2,True,,2300,1783272217852,0,,False
1639,b2-fabric-b1-c4-r1,b2-fabric-b1-c4-r1-task-0161,fabric_settlement,True,,2369,1783272220151,0,,False
1640,b2-fabric-b1-c4-r1,b2-fabric-b1-c4-r1-task-0162,fabric_settlement,True,,2370,1783272220151,0,,False
1641,b2-fabric-b1-c4-r1,b2-fabric-b1-c4-r1-task-0160,fabric_settlement,True,,2369,1783272220152,0,,False
1642,b2-fabric-b1-c4-r1,b2-fabric-b1-c4-r1-task-0163,fabric_settlement,True,,2374,1783272220149,0,,False
1643,b2-fabric-b1-c4-r1,b2-fabric-b1-c4-r1-task-0161,fabric_query_final,True,,398,1783272222520,0,,False
1644,b2-fabric-b1-c4-r1,b2-fabric-b1-c4-r1-task-0163,fabric_query_final,True,,395,1783272222523,0,,False
1645,b2-fabric-b1-c4-r1,b2-fabric-b1-c4-r1-task-0162,fabric_query_final,True,,398,1783272222521,0,,False
1646,b2-fabric-b1-c4-r1,b2-fabric-b1-c4-r1-task-0161,ipfs_verify,True,,10,1783272222918,0,QmVHT5ucjcpkHShAnZazRTavev3cXT2osoYZL29UVeigZs,False
1647,b2-fabric-b1-c4-r1,b2-fabric-b1-c4-r1-task-0162,ipfs_verify,True,,9,1783272222919,0,QmWEY5PvyU4H8vYcY2riKxKMc1nBFYKtSn243fBKXvUxUT,False
1648,b2-fabric-b1-c4-r1,b2-fabric-b1-c4-r1-task-0163,ipfs_verify,True,,10,1783272222918,0,QmWVNuFxXBBoYjDDqPM5JjHqatxTLGdC8aLk7ick1Kz4Yb,False
1649,b2-fabric-b1-c4-r1,b2-fabric-b1-c4-r1-task-0165,ipfs_add,True,,28,1783272222928,5181,,False
1650,b2-fabric-b1-c4-r1,b2-fabric-b1-c4-r1-task-0164,ipfs_add,True,,74,1783272222928,1901,,False
1651,b2-fabric-b1-c4-r1,b2-fabric-b1-c4-r1-task-0166,ipfs_add,True,,89,1783272222928,3237,,False
1652,b2-fabric-b1-c4-r1,b2-fabric-b1-c4-r1-task-0160,fabric_query_final,True,,562,1783272222521,0,,False
1653,b2-fabric-b1-c4-r1,b2-fabric-b1-c4-r1-task-0160,ipfs_verify,True,,8,1783272223083,0,QmZcHogHrAZaeaBhWnqwZoH5LhmdVbJ6pEy6KSUXD7Sqeh,False
1654,b2-fabric-b1-c4-r1,b2-fabric-b1-c4-r1-task-0167,ipfs_add,True,,27,1783272223092,2244,,False
1655,b2-fabric-b1-c4-r1,b2-fabric-b1-c4-r1-task-0164,fabric_post_task,True,,2283,1783272223002,1901,QmenUvYwtVYLLgnnt9kzR3UcGRzkbap5J3M93Rp33ndQBW,False
1656,b2-fabric-b1-c4-r1,b2-fabric-b1-c4-r1-task-0167,fabric_post_task,True,,2167,1783272223119,2244,Qmb6sxdzbJZRHwThCpZp383LPMsQpPY5tVXmGq6tj6WAkE,False
1657,b2-fabric-b1-c4-r1,b2-fabric-b1-c4-r1-task-0165,fabric_post_task,True,,2330,1783272222956,5181,QmfCP6JMHwAJzdeV44wRErrYPKwmwJ5zKaxLaC7PSEh7Xv,False
1658,b2-fabric-b1-c4-r1,b2-fabric-b1-c4-r1-task-0166,fabric_post_task,True,,2272,1783272223017,3237,QmTApS5qYgw5B1RZ5zisGBzCjQxmJKLLc5piMQryNc95Lw,False
1659,b2-fabric-b1-c4-r1,b2-fabric-b1-c4-r1-task-0167,fabric_post_allocation,True,,3557,1783272225286,0,,False
1660,b2-fabric-b1-c4-r1,b2-fabric-b1-c4-r1-task-0166,fabric_post_allocation,True,,3554,1783272225290,0,,False
1661,b2-fabric-b1-c4-r1,b2-fabric-b1-c4-r1-task-0164,fabric_post_allocation,True,,3560,1783272225285,0,,False
1662,b2-fabric-b1-c4-r1,b2-fabric-b1-c4-r1-task-0165,fabric_post_allocation,True,,3561,1783272225286,0,,False
1663,b2-fabric-b1-c4-r1,b2-fabric-b1-c4-r1-task-0166,fabric_post_snapshot,True,,2346,1783272228844,0,,False
1664,b2-fabric-b1-c4-r1,b2-fabric-b1-c4-r1-task-0165,fabric_post_snapshot,True,,2344,1783272228847,0,,False
1665,b2-fabric-b1-c4-r1,b2-fabric-b1-c4-r1-task-0164,fabric_post_snapshot,True,,2346,1783272228845,0,,False
1666,b2-fabric-b1-c4-r1,b2-fabric-b1-c4-r1-task-0167,fabric_post_snapshot,True,,2350,1783272228844,0,,False
1667,b2-fabric-b1-c4-r1,b2-fabric-b1-c4-r1-task-0166,fabric_query_confirmation,True,,344,1783272231190,0,,False
1668,b2-fabric-b1-c4-r1,b2-fabric-b1-c4-r1-task-0164,fabric_query_confirmation,True,,343,1783272231191,0,,False
1669,b2-fabric-b1-c4-r1,b2-fabric-b1-c4-r1-task-0167,fabric_query_confirmation,True,,341,1783272231194,0,,False
1670,b2-fabric-b1-c4-r1,b2-fabric-b1-c4-r1-task-0165,fabric_query_confirmation,True,,346,1783272231191,0,,False
1671,b2-fabric-b1-c4-r1,b2-fabric-b1-c4-r1-task-0167,fabric_vote_1,True,,2483,1783272231535,0,,False
1672,b2-fabric-b1-c4-r1,b2-fabric-b1-c4-r1-task-0165,fabric_vote_1,True,,2483,1783272231537,0,,False
1673,b2-fabric-b1-c4-r1,b2-fabric-b1-c4-r1-task-0164,fabric_vote_1,True,,2487,1783272231534,0,,False
1674,b2-fabric-b1-c4-r1,b2-fabric-b1-c4-r1-task-0166,fabric_vote_1,True,,2488,1783272231534,0,,False
1675,b2-fabric-b1-c4-r1,b2-fabric-b1-c4-r1-task-0167,fabric_vote_2,True,,2284,1783272234019,0,,False
1676,b2-fabric-b1-c4-r1,b2-fabric-b1-c4-r1-task-0166,fabric_vote_2,True,,2282,1783272234022,0,,False
1677,b2-fabric-b1-c4-r1,b2-fabric-b1-c4-r1-task-0164,fabric_vote_2,True,,2284,1783272234021,0,,False
1678,b2-fabric-b1-c4-r1,b2-fabric-b1-c4-r1-task-0165,fabric_vote_2,True,,2286,1783272234020,0,,False
1679,b2-fabric-b1-c4-r1,b2-fabric-b1-c4-r1-task-0166,fabric_settlement,True,,2316,1783272236304,0,,False
1680,b2-fabric-b1-c4-r1,b2-fabric-b1-c4-r1-task-0164,fabric_settlement,True,,2316,1783272236305,0,,False
1681,b2-fabric-b1-c4-r1,b2-fabric-b1-c4-r1-task-0165,fabric_settlement,True,,2316,1783272236306,0,,False
1682,b2-fabric-b1-c4-r1,b2-fabric-b1-c4-r1-task-0167,fabric_settlement,True,,2320,1783272236303,0,,False
1683,b2-fabric-b1-c4-r1,b2-fabric-b1-c4-r1-task-0164,fabric_query_final,True,,595,1783272238621,0,,False
1684,b2-fabric-b1-c4-r1,b2-fabric-b1-c4-r1-task-0167,fabric_query_final,True,,594,1783272238623,0,,False
1685,b2-fabric-b1-c4-r1,b2-fabric-b1-c4-r1-task-0165,fabric_query_final,True,,595,1783272238622,0,,False
1686,b2-fabric-b1-c4-r1,b2-fabric-b1-c4-r1-task-0166,fabric_query_final,True,,602,1783272238620,0,,False
1687,b2-fabric-b1-c4-r1,b2-fabric-b1-c4-r1-task-0167,ipfs_verify,True,,7,1783272239217,0,Qmb6sxdzbJZRHwThCpZp383LPMsQpPY5tVXmGq6tj6WAkE,False
1688,b2-fabric-b1-c4-r1,b2-fabric-b1-c4-r1-task-0164,ipfs_verify,True,,8,1783272239216,0,QmenUvYwtVYLLgnnt9kzR3UcGRzkbap5J3M93Rp33ndQBW,False
1689,b2-fabric-b1-c4-r1,b2-fabric-b1-c4-r1-task-0165,ipfs_verify,True,,8,1783272239217,0,QmfCP6JMHwAJzdeV44wRErrYPKwmwJ5zKaxLaC7PSEh7Xv,False
1690,b2-fabric-b1-c4-r1,b2-fabric-b1-c4-r1-task-0166,ipfs_verify,True,,7,1783272239222,0,QmTApS5qYgw5B1RZ5zisGBzCjQxmJKLLc5piMQryNc95Lw,False
1691,b2-fabric-b1-c4-r1,b2-fabric-b1-c4-r1-task-0168,ipfs_add,True,,27,1783272239224,3309,,False
1692,b2-fabric-b1-c4-r1,b2-fabric-b1-c4-r1-task-0169,ipfs_add,True,,48,1783272239225,7969,,False
1693,b2-fabric-b1-c4-r1,b2-fabric-b1-c4-r1-task-0171,ipfs_add,True,,56,1783272239229,4195,,False
1694,b2-fabric-b1-c4-r1,b2-fabric-b1-c4-r1-task-0170,ipfs_add,True,,60,1783272239225,4645,,False
1695,b2-fabric-b1-c4-r1,b2-fabric-b1-c4-r1-task-0170,fabric_post_task,True,,2467,1783272239285,4645,QmSos72kuKbiboaW2t61phLxW7ptKFQdMCisw6tNBtbcDE,False
1696,b2-fabric-b1-c4-r1,b2-fabric-b1-c4-r1-task-0171,fabric_post_task,True,,2469,1783272239285,4195,QmZjdLVQXtktv5yJUsy2JQrY7etRcY2dQbqD5P8k7FzLSd,False
1697,b2-fabric-b1-c4-r1,b2-fabric-b1-c4-r1-task-0169,fabric_post_task,True,,2482,1783272239273,7969,QmZLqC3g86PSYcSxK1cxvHGJ8Aik2UoKw8caWw7XhNXkPF,False
1698,b2-fabric-b1-c4-r1,b2-fabric-b1-c4-r1-task-0168,fabric_post_task,True,,2504,1783272239251,3309,QmW3R2ZUk1JeXnvoaVApYX6D73xdA2HnR93n8FvAGo1XWp,False
1699,b2-fabric-b1-c4-r1,b2-fabric-b1-c4-r1-task-0170,fabric_post_allocation,True,,27,1783272241752,0,,False
1700,b2-fabric-b1-c4-r1,b2-fabric-b1-c4-r1-task-0169,fabric_post_allocation,True,,24,1783272241755,0,,False
1701,b2-fabric-b1-c4-r1,b2-fabric-b1-c4-r1-task-0171,fabric_post_allocation,True,,26,1783272241754,0,,False
1702,b2-fabric-b1-c4-r1,b2-fabric-b1-c4-r1-task-0168,fabric_post_allocation,True,,28,1783272241755,0,,False
1703,b2-fabric-b1-c4-r1,b2-fabric-b1-c4-r1-task-0171,fabric_post_snapshot,True,,2530,1783272241780,0,,False
1704,b2-fabric-b1-c4-r1,b2-fabric-b1-c4-r1-task-0168,fabric_post_snapshot,True,,2530,1783272241783,0,,False
1705,b2-fabric-b1-c4-r1,b2-fabric-b1-c4-r1-task-0170,fabric_post_snapshot,True,,2535,1783272241779,0,,False
1706,b2-fabric-b1-c4-r1,b2-fabric-b1-c4-r1-task-0169,fabric_post_snapshot,True,,2536,1783272241779,0,,False
1707,b2-fabric-b1-c4-r1,b2-fabric-b1-c4-r1-task-0171,fabric_query_confirmation,True,,133,1783272244310,0,,False
1708,b2-fabric-b1-c4-r1,b2-fabric-b1-c4-r1-task-0169,fabric_query_confirmation,True,,129,1783272244315,0,,False
1709,b2-fabric-b1-c4-r1,b2-fabric-b1-c4-r1-task-0168,fabric_query_confirmation,True,,132,1783272244313,0,,False
1710,b2-fabric-b1-c4-r1,b2-fabric-b1-c4-r1-task-0170,fabric_query_confirmation,True,,180,1783272244314,0,,False
1711,b2-fabric-b1-c4-r1,b2-fabric-b1-c4-r1-task-0170,fabric_vote_1,True,,2212,1783272244494,0,,False
1712,b2-fabric-b1-c4-r1,b2-fabric-b1-c4-r1-task-0171,fabric_vote_1,True,,2264,1783272244443,0,,False
1713,b2-fabric-b1-c4-r1,b2-fabric-b1-c4-r1-task-0168,fabric_vote_1,True,,2263,1783272244445,0,,False
1714,b2-fabric-b1-c4-r1,b2-fabric-b1-c4-r1-task-0169,fabric_vote_1,True,,2267,1783272244444,0,,False
1715,b2-fabric-b1-c4-r1,b2-fabric-b1-c4-r1-task-0171,fabric_vote_2,True,,2500,1783272246707,0,,False
1716,b2-fabric-b1-c4-r1,b2-fabric-b1-c4-r1-task-0169,fabric_vote_2,True,,2496,1783272246711,0,,False
1717,b2-fabric-b1-c4-r1,b2-fabric-b1-c4-r1-task-0170,fabric_vote_2,True,,2502,1783272246706,0,,False
1718,b2-fabric-b1-c4-r1,b2-fabric-b1-c4-r1-task-0168,fabric_vote_2,True,,2503,1783272246708,0,,False
1719,b2-fabric-b1-c4-r1,b2-fabric-b1-c4-r1-task-0169,fabric_settlement,True,,2529,1783272249207,0,,False
1720,b2-fabric-b1-c4-r1,b2-fabric-b1-c4-r1-task-0170,fabric_settlement,True,,2528,1783272249208,0,,False
1721,b2-fabric-b1-c4-r1,b2-fabric-b1-c4-r1-task-0168,fabric_settlement,True,,2527,1783272249211,0,,False
1722,b2-fabric-b1-c4-r1,b2-fabric-b1-c4-r1-task-0171,fabric_settlement,True,,2534,1783272249207,0,,False
1723,b2-fabric-b1-c4-r1,b2-fabric-b1-c4-r1-task-0168,fabric_query_final,True,,738,1783272251738,0,,False
1724,b2-fabric-b1-c4-r1,b2-fabric-b1-c4-r1-task-0170,fabric_query_final,True,,741,1783272251736,0,,False
1725,b2-fabric-b1-c4-r1,b2-fabric-b1-c4-r1-task-0171,fabric_query_final,True,,737,1783272251741,0,,False
1726,b2-fabric-b1-c4-r1,b2-fabric-b1-c4-r1-task-0168,ipfs_verify,True,,10,1783272252476,0,QmW3R2ZUk1JeXnvoaVApYX6D73xdA2HnR93n8FvAGo1XWp,False
1727,b2-fabric-b1-c4-r1,b2-fabric-b1-c4-r1-task-0171,ipfs_verify,True,,9,1783272252478,0,QmZjdLVQXtktv5yJUsy2JQrY7etRcY2dQbqD5P8k7FzLSd,False
1728,b2-fabric-b1-c4-r1,b2-fabric-b1-c4-r1-task-0170,ipfs_verify,True,,11,1783272252477,0,QmSos72kuKbiboaW2t61phLxW7ptKFQdMCisw6tNBtbcDE,False
1729,b2-fabric-b1-c4-r1,b2-fabric-b1-c4-r1-task-0172,ipfs_add,True,,38,1783272252486,1446,,False
1730,b2-fabric-b1-c4-r1,b2-fabric-b1-c4-r1-task-0173,ipfs_add,True,,52,1783272252487,4300,,False
1731,b2-fabric-b1-c4-r1,b2-fabric-b1-c4-r1-task-0174,ipfs_add,True,,66,1783272252488,5608,,False
1732,b2-fabric-b1-c4-r1,b2-fabric-b1-c4-r1-task-0169,fabric_query_final,True,,941,1783272251736,0,,False
1733,b2-fabric-b1-c4-r1,b2-fabric-b1-c4-r1-task-0169,ipfs_verify,True,,12,1783272252677,0,QmZLqC3g86PSYcSxK1cxvHGJ8Aik2UoKw8caWw7XhNXkPF,False
1734,b2-fabric-b1-c4-r1,b2-fabric-b1-c4-r1-task-0175,ipfs_add,True,,38,1783272252689,3257,,False
1735,b2-fabric-b1-c4-r1,b2-fabric-b1-c4-r1-task-0173,fabric_post_task,True,,2313,1783272252539,4300,QmbfTxCmxcHLajsThp62tm2pwqsRpuG1kR3xMMAoDmU5AM,False
1736,b2-fabric-b1-c4-r1,b2-fabric-b1-c4-r1-task-0172,fabric_post_task,True,,2329,1783272252524,1446,QmWCXhJMHo5d7nRYTgmt9DNVZcy4VxB9ac3rTxcCb2NF2D,False
1737,b2-fabric-b1-c4-r1,b2-fabric-b1-c4-r1-task-0175,fabric_post_task,True,,2127,1783272252727,3257,Qme56HU6MmPTV4JMa2UFRRBLDMk4TTUSKEeBW74bEDj7dJ,False
1738,b2-fabric-b1-c4-r1,b2-fabric-b1-c4-r1-task-0174,fabric_post_task,True,,2301,1783272252554,5608,QmPxEGbddJ32igioNjm2AWhhmWQnoqqpTMJsfYKy6YhAFx,False
1739,b2-fabric-b1-c4-r1,b2-fabric-b1-c4-r1-task-0173,fabric_post_allocation,True,,3497,1783272254852,0,,False
1740,b2-fabric-b1-c4-r1,b2-fabric-b1-c4-r1-task-0174,fabric_post_allocation,True,,3496,1783272254855,0,,False
1741,b2-fabric-b1-c4-r1,b2-fabric-b1-c4-r1-task-0175,fabric_post_allocation,True,,3497,1783272254854,0,,False
1742,b2-fabric-b1-c4-r1,b2-fabric-b1-c4-r1-task-0172,fabric_post_allocation,True,,3499,1783272254853,0,,False
1743,b2-fabric-b1-c4-r1,b2-fabric-b1-c4-r1-task-0173,fabric_post_snapshot,True,,2307,1783272258349,0,,False
1744,b2-fabric-b1-c4-r1,b2-fabric-b1-c4-r1-task-0174,fabric_post_snapshot,True,,2305,1783272258351,0,,False
1745,b2-fabric-b1-c4-r1,b2-fabric-b1-c4-r1-task-0172,fabric_post_snapshot,True,,2305,1783272258352,0,,False
1746,b2-fabric-b1-c4-r1,b2-fabric-b1-c4-r1-task-0175,fabric_post_snapshot,True,,2316,1783272258351,0,,False
1747,b2-fabric-b1-c4-r1,b2-fabric-b1-c4-r1-task-0175,fabric_query_confirmation,True,,166,1783272260667,0,,False
1748,b2-fabric-b1-c4-r1,b2-fabric-b1-c4-r1-task-0173,fabric_query_confirmation,True,,178,1783272260656,0,,False
1749,b2-fabric-b1-c4-r1,b2-fabric-b1-c4-r1-task-0174,fabric_query_confirmation,True,,178,1783272260656,0,,False
1750,b2-fabric-b1-c4-r1,b2-fabric-b1-c4-r1-task-0172,fabric_query_confirmation,True,,179,1783272260657,0,,False
1751,b2-fabric-b1-c4-r1,b2-fabric-b1-c4-r1-task-0173,fabric_vote_1,True,,2297,1783272260834,0,,False
1752,b2-fabric-b1-c4-r1,b2-fabric-b1-c4-r1-task-0175,fabric_vote_1,True,,2299,1783272260833,0,,False
1753,b2-fabric-b1-c4-r1,b2-fabric-b1-c4-r1-task-0172,fabric_vote_1,True,,2297,1783272260836,0,,False
1754,b2-fabric-b1-c4-r1,b2-fabric-b1-c4-r1-task-0174,fabric_vote_1,True,,2300,1783272260834,0,,False
1755,b2-fabric-b1-c4-r1,b2-fabric-b1-c4-r1-task-0174,fabric_vote_2,True,,2254,1783272263134,0,,False
1756,b2-fabric-b1-c4-r1,b2-fabric-b1-c4-r1-task-0175,fabric_vote_2,True,,2257,1783272263132,0,,False
1757,b2-fabric-b1-c4-r1,b2-fabric-b1-c4-r1-task-0172,fabric_vote_2,True,,2258,1783272263133,0,,False
1758,b2-fabric-b1-c4-r1,b2-fabric-b1-c4-r1-task-0173,fabric_vote_2,True,,2263,1783272263131,0,,False
1759,b2-fabric-b1-c4-r1,b2-fabric-b1-c4-r1-task-0175,fabric_settlement,True,,2315,1783272265389,0,,False
1760,b2-fabric-b1-c4-r1,b2-fabric-b1-c4-r1-task-0173,fabric_settlement,True,,2310,1783272265394,0,,False
1761,b2-fabric-b1-c4-r1,b2-fabric-b1-c4-r1-task-0174,fabric_settlement,True,,2318,1783272265388,0,,False
1762,b2-fabric-b1-c4-r1,b2-fabric-b1-c4-r1-task-0172,fabric_settlement,True,,2315,1783272265391,0,,False
1763,b2-fabric-b1-c4-r1,b2-fabric-b1-c4-r1-task-0173,fabric_query_final,True,,593,1783272267704,0,,False
1764,b2-fabric-b1-c4-r1,b2-fabric-b1-c4-r1-task-0174,fabric_query_final,True,,591,1783272267706,0,,False
1765,b2-fabric-b1-c4-r1,b2-fabric-b1-c4-r1-task-0175,fabric_query_final,True,,594,1783272267704,0,,False
1766,b2-fabric-b1-c4-r1,b2-fabric-b1-c4-r1-task-0172,fabric_query_final,True,,595,1783272267706,0,,False
1767,b2-fabric-b1-c4-r1,b2-fabric-b1-c4-r1-task-0173,ipfs_verify,True,,7,1783272268297,0,QmbfTxCmxcHLajsThp62tm2pwqsRpuG1kR3xMMAoDmU5AM,False
1768,b2-fabric-b1-c4-r1,b2-fabric-b1-c4-r1-task-0175,ipfs_verify,True,,8,1783272268298,0,Qme56HU6MmPTV4JMa2UFRRBLDMk4TTUSKEeBW74bEDj7dJ,False
1769,b2-fabric-b1-c4-r1,b2-fabric-b1-c4-r1-task-0174,ipfs_verify,True,,10,1783272268297,0,QmPxEGbddJ32igioNjm2AWhhmWQnoqqpTMJsfYKy6YhAFx,False
1770,b2-fabric-b1-c4-r1,b2-fabric-b1-c4-r1-task-0172,ipfs_verify,True,,8,1783272268301,0,QmWCXhJMHo5d7nRYTgmt9DNVZcy4VxB9ac3rTxcCb2NF2D,False
1771,b2-fabric-b1-c4-r1,b2-fabric-b1-c4-r1-task-0176,ipfs_add,True,,33,1783272268305,4034,,False
1772,b2-fabric-b1-c4-r1,b2-fabric-b1-c4-r1-task-0177,ipfs_add,True,,43,1783272268306,5306,,False
1773,b2-fabric-b1-c4-r1,b2-fabric-b1-c4-r1-task-0179,ipfs_add,True,,62,1783272268309,4715,,False
1774,b2-fabric-b1-c4-r1,b2-fabric-b1-c4-r1-task-0178,ipfs_add,True,,65,1783272268307,4045,,False
1775,b2-fabric-b1-c4-r1,b2-fabric-b1-c4-r1-task-0177,fabric_post_task,True,,2485,1783272268349,5306,Qme3x2wCQzF4crmA39HiD75kt4VPr32vpRsBDzTvRxgq25,False
1776,b2-fabric-b1-c4-r1,b2-fabric-b1-c4-r1-task-0176,fabric_post_task,True,,2497,1783272268338,4034,QmWYpLa462QawExYZYEgndjMGHkBMC8A8zrbHbrtqQ4Wqh,False
1777,b2-fabric-b1-c4-r1,b2-fabric-b1-c4-r1-task-0178,fabric_post_task,True,,2465,1783272268372,4045,QmcMmCeXPTgB5hUZ5zyMPbzTYpXhmULJPRgFkQk49JE2yo,False
1778,b2-fabric-b1-c4-r1,b2-fabric-b1-c4-r1-task-0179,fabric_post_task,True,,2466,1783272268371,4715,QmQrqM4ZAvnyMT9d45SyZYnGsRCBnWyWFkrZS7cSaxgJa7,False
1779,b2-fabric-b1-c4-r1,b2-fabric-b1-c4-r1-task-0177,fabric_post_allocation,True,,80,1783272270834,0,,False
1780,b2-fabric-b1-c4-r1,b2-fabric-b1-c4-r1-task-0178,fabric_post_allocation,True,,79,1783272270837,0,,False
1781,b2-fabric-b1-c4-r1,b2-fabric-b1-c4-r1-task-0176,fabric_post_allocation,True,,82,1783272270835,0,,False
1782,b2-fabric-b1-c4-r1,b2-fabric-b1-c4-r1-task-0179,fabric_post_allocation,True,,82,1783272270837,0,,False
1783,b2-fabric-b1-c4-r1,b2-fabric-b1-c4-r1-task-0176,fabric_post_snapshot,True,,2518,1783272270917,0,,False
1784,b2-fabric-b1-c4-r1,b2-fabric-b1-c4-r1-task-0178,fabric_post_snapshot,True,,2521,1783272270916,0,,False
1785,b2-fabric-b1-c4-r1,b2-fabric-b1-c4-r1-task-0177,fabric_post_snapshot,True,,2526,1783272270914,0,,False
1786,b2-fabric-b1-c4-r1,b2-fabric-b1-c4-r1-task-0179,fabric_post_snapshot,True,,2522,1783272270919,0,,False
1787,b2-fabric-b1-c4-r1,b2-fabric-b1-c4-r1-task-0176,fabric_query_confirmation,True,,126,1783272273435,0,,False
1788,b2-fabric-b1-c4-r1,b2-fabric-b1-c4-r1-task-0177,fabric_query_confirmation,True,,122,1783272273440,0,,False
1789,b2-fabric-b1-c4-r1,b2-fabric-b1-c4-r1-task-0179,fabric_query_confirmation,True,,121,1783272273441,0,,False
1790,b2-fabric-b1-c4-r1,b2-fabric-b1-c4-r1-task-0178,fabric_query_confirmation,True,,127,1783272273437,0,,False
1791,b2-fabric-b1-c4-r1,b2-fabric-b1-c4-r1-task-0176,fabric_vote_1,True,,2491,1783272273561,0,,False
1792,b2-fabric-b1-c4-r1,b2-fabric-b1-c4-r1-task-0178,fabric_vote_1,True,,2489,1783272273564,0,,False
1793,b2-fabric-b1-c4-r1,b2-fabric-b1-c4-r1-task-0177,fabric_vote_1,True,,2491,1783272273562,0,,False
1794,b2-fabric-b1-c4-r1,b2-fabric-b1-c4-r1-task-0179,fabric_vote_1,True,,2497,1783272273562,0,,False
1795,b2-fabric-b1-c4-r1,b2-fabric-b1-c4-r1-task-0179,fabric_vote_2,True,,2315,1783272276059,0,,False
1796,b2-fabric-b1-c4-r1,b2-fabric-b1-c4-r1-task-0176,fabric_vote_2,True,,2323,1783272276052,0,,False
1797,b2-fabric-b1-c4-r1,b2-fabric-b1-c4-r1-task-0177,fabric_vote_2,True,,2324,1783272276053,0,,False
1798,b2-fabric-b1-c4-r1,b2-fabric-b1-c4-r1-task-0178,fabric_vote_2,True,,2325,1783272276053,0,,False
1799,b2-fabric-b1-c4-r1,b2-fabric-b1-c4-r1-task-0176,fabric_settlement,True,,2524,1783272278375,0,,False
1800,b2-fabric-b1-c4-r1,b2-fabric-b1-c4-r1-task-0178,fabric_settlement,True,,2522,1783272278378,0,,False
1801,b2-fabric-b1-c4-r1,b2-fabric-b1-c4-r1-task-0179,fabric_settlement,True,,2526,1783272278374,0,,False
1802,b2-fabric-b1-c4-r1,b2-fabric-b1-c4-r1-task-0177,fabric_settlement,True,,2524,1783272278377,0,,False
1803,b2-fabric-b1-c4-r1,b2-fabric-b1-c4-r1-task-0177,fabric_query_final,True,,599,1783272280901,0,,False
1804,b2-fabric-b1-c4-r1,b2-fabric-b1-c4-r1-task-0178,fabric_query_final,True,,602,1783272280900,0,,False
1805,b2-fabric-b1-c4-r1,b2-fabric-b1-c4-r1-task-0179,fabric_query_final,True,,603,1783272280900,0,,False
1806,b2-fabric-b1-c4-r1,b2-fabric-b1-c4-r1-task-0176,fabric_query_final,True,,608,1783272280899,0,,False
1807,b2-fabric-b1-c4-r1,b2-fabric-b1-c4-r1-task-0177,ipfs_verify,True,,10,1783272281501,0,Qme3x2wCQzF4crmA39HiD75kt4VPr32vpRsBDzTvRxgq25,False
1808,b2-fabric-b1-c4-r1,b2-fabric-b1-c4-r1-task-0179,ipfs_verify,True,,9,1783272281503,0,QmQrqM4ZAvnyMT9d45SyZYnGsRCBnWyWFkrZS7cSaxgJa7,False
1809,b2-fabric-b1-c4-r1,b2-fabric-b1-c4-r1-task-0178,ipfs_verify,True,,11,1783272281502,0,QmcMmCeXPTgB5hUZ5zyMPbzTYpXhmULJPRgFkQk49JE2yo,False
1810,b2-fabric-b1-c4-r1,b2-fabric-b1-c4-r1-task-0176,ipfs_verify,True,,10,1783272281507,0,QmWYpLa462QawExYZYEgndjMGHkBMC8A8zrbHbrtqQ4Wqh,False
1811,b2-fabric-b1-c4-r1,b2-fabric-b1-c4-r1-task-0180,ipfs_add,True,,28,1783272281511,2760,,False
1812,b2-fabric-b1-c4-r1,b2-fabric-b1-c4-r1-task-0181,ipfs_add,True,,39,1783272281512,7983,,False
1813,b2-fabric-b1-c4-r1,b2-fabric-b1-c4-r1-task-0182,ipfs_add,True,,67,1783272281513,7430,,False
1814,b2-fabric-b1-c4-r1,b2-fabric-b1-c4-r1-task-0183,ipfs_add,True,,64,1783272281517,4217,,False
1815,b2-fabric-b1-c4-r1,b2-fabric-b1-c4-r1-task-0180,fabric_post_task,True,,2556,1783272281539,2760,QmR6Px5R1u5xpqRRLw23vf5EBSJuihmVCpGdNJzv4EWUGT,False
1816,b2-fabric-b1-c4-r1,b2-fabric-b1-c4-r1-task-0182,fabric_post_task,True,,2516,1783272281580,7430,QmPh87qX4uXxDva18VFEqYFHobSnGGDvKi4JqHTLbhxoLw,False
1817,b2-fabric-b1-c4-r1,b2-fabric-b1-c4-r1-task-0181,fabric_post_task,True,,2545,1783272281551,7983,QmXfW8NQE7G8zKM2qSnSb7fyMnVy3r3ZfRZA2fMzkkS18d,False
1818,b2-fabric-b1-c4-r1,b2-fabric-b1-c4-r1-task-0183,fabric_post_task,True,,2519,1783272281581,4217,QmbPwt9E6tLQ5debxusYUVQUr65wy3vAm8TvxdJjEf6yoF,False
1819,b2-fabric-b1-c4-r1,b2-fabric-b1-c4-r1-task-0181,fabric_post_allocation,True,,3680,1783272284096,0,,False
1820,b2-fabric-b1-c4-r1,b2-fabric-b1-c4-r1-task-0180,fabric_post_allocation,True,,3683,1783272284095,0,,False
1821,b2-fabric-b1-c4-r1,b2-fabric-b1-c4-r1-task-0182,fabric_post_allocation,True,,3683,1783272284096,0,,False
1822,b2-fabric-b1-c4-r1,b2-fabric-b1-c4-r1-task-0183,fabric_post_allocation,True,,3680,1783272284100,0,,False
1823,b2-fabric-b1-c4-r1,b2-fabric-b1-c4-r1-task-0181,fabric_post_snapshot,True,,2535,1783272287776,0,,False
1824,b2-fabric-b1-c4-r1,b2-fabric-b1-c4-r1-task-0183,fabric_post_snapshot,True,,2532,1783272287780,0,,False
1825,b2-fabric-b1-c4-r1,b2-fabric-b1-c4-r1-task-0182,fabric_post_snapshot,True,,2533,1783272287779,0,,False
1826,b2-fabric-b1-c4-r1,b2-fabric-b1-c4-r1-task-0180,fabric_post_snapshot,True,,2535,1783272287778,0,,False
1827,b2-fabric-b1-c4-r1,b2-fabric-b1-c4-r1-task-0182,fabric_query_confirmation,True,,128,1783272290312,0,,False
1828,b2-fabric-b1-c4-r1,b2-fabric-b1-c4-r1-task-0180,fabric_query_confirmation,True,,127,1783272290313,0,,False
1829,b2-fabric-b1-c4-r1,b2-fabric-b1-c4-r1-task-0181,fabric_query_confirmation,True,,130,1783272290311,0,,False
1830,b2-fabric-b1-c4-r1,b2-fabric-b1-c4-r1-task-0183,fabric_query_confirmation,True,,130,1783272290312,0,,False
1831,b2-fabric-b1-c4-r1,b2-fabric-b1-c4-r1-task-0183,fabric_vote_1,True,,2415,1783272290442,0,,False
1832,b2-fabric-b1-c4-r1,b2-fabric-b1-c4-r1-task-0182,fabric_vote_1,True,,2418,1783272290440,0,,False
1833,b2-fabric-b1-c4-r1,b2-fabric-b1-c4-r1-task-0180,fabric_vote_1,True,,2418,1783272290440,0,,False
1834,b2-fabric-b1-c4-r1,b2-fabric-b1-c4-r1-task-0181,fabric_vote_1,True,,2419,1783272290441,0,,False
1835,b2-fabric-b1-c4-r1,b2-fabric-b1-c4-r1-task-0180,fabric_vote_2,True,,2296,1783272292858,0,,False
1836,b2-fabric-b1-c4-r1,b2-fabric-b1-c4-r1-task-0181,fabric_vote_2,True,,2295,1783272292860,0,,False
1837,b2-fabric-b1-c4-r1,b2-fabric-b1-c4-r1-task-0182,fabric_vote_2,True,,2298,1783272292858,0,,False
1838,b2-fabric-b1-c4-r1,b2-fabric-b1-c4-r1-task-0183,fabric_vote_2,True,,2302,1783272292857,0,,False
1839,b2-fabric-b1-c4-r1,b2-fabric-b1-c4-r1-task-0180,fabric_settlement,True,,2523,1783272295154,0,,False
1840,b2-fabric-b1-c4-r1,b2-fabric-b1-c4-r1-task-0182,fabric_settlement,True,,2523,1783272295156,0,,False
1841,b2-fabric-b1-c4-r1,b2-fabric-b1-c4-r1-task-0181,fabric_settlement,True,,2526,1783272295155,0,,False
1842,b2-fabric-b1-c4-r1,b2-fabric-b1-c4-r1-task-0183,fabric_settlement,True,,2522,1783272295159,0,,False
1843,b2-fabric-b1-c4-r1,b2-fabric-b1-c4-r1-task-0182,fabric_query_final,True,,384,1783272297679,0,,False
1844,b2-fabric-b1-c4-r1,b2-fabric-b1-c4-r1-task-0181,fabric_query_final,True,,382,1783272297681,0,,False
1845,b2-fabric-b1-c4-r1,b2-fabric-b1-c4-r1-task-0180,fabric_query_final,True,,387,1783272297677,0,,False
1846,b2-fabric-b1-c4-r1,b2-fabric-b1-c4-r1-task-0183,fabric_query_final,True,,389,1783272297681,0,,False
1847,b2-fabric-b1-c4-r1,b2-fabric-b1-c4-r1-task-0181,ipfs_verify,True,,10,1783272298063,0,QmXfW8NQE7G8zKM2qSnSb7fyMnVy3r3ZfRZA2fMzkkS18d,False
1848,b2-fabric-b1-c4-r1,b2-fabric-b1-c4-r1-task-0180,ipfs_verify,True,,10,1783272298064,0,QmR6Px5R1u5xpqRRLw23vf5EBSJuihmVCpGdNJzv4EWUGT,False
1849,b2-fabric-b1-c4-r1,b2-fabric-b1-c4-r1-task-0182,ipfs_verify,True,,11,1783272298063,0,QmPh87qX4uXxDva18VFEqYFHobSnGGDvKi4JqHTLbhxoLw,False
1850,b2-fabric-b1-c4-r1,b2-fabric-b1-c4-r1-task-0183,ipfs_verify,True,,8,1783272298070,0,QmbPwt9E6tLQ5debxusYUVQUr65wy3vAm8TvxdJjEf6yoF,False
1851,b2-fabric-b1-c4-r1,b2-fabric-b1-c4-r1-task-0185,ipfs_add,True,,65,1783272298074,4040,,False
1852,b2-fabric-b1-c4-r1,b2-fabric-b1-c4-r1-task-0184,ipfs_add,True,,78,1783272298073,4322,,False
1853,b2-fabric-b1-c4-r1,b2-fabric-b1-c4-r1-task-0186,ipfs_add,True,,88,1783272298074,3760,,False
1854,b2-fabric-b1-c4-r1,b2-fabric-b1-c4-r1-task-0187,ipfs_add,True,,96,1783272298078,3817,,False
1855,b2-fabric-b1-c4-r1,b2-fabric-b1-c4-r1-task-0187,fabric_post_task,True,,2446,1783272298174,3817,Qmf8fbnaf3R2y5rxjCXbb3pgaPsQKQp68yoMb3dsh3Aeyh,False
1856,b2-fabric-b1-c4-r1,b2-fabric-b1-c4-r1-task-0186,fabric_post_task,True,,2459,1783272298162,3760,QmZA8PgSFKJwCnC8xR9o1nzuniwJhwtRPJevn7qR23cM26,False
1857,b2-fabric-b1-c4-r1,b2-fabric-b1-c4-r1-task-0185,fabric_post_task,True,,2484,1783272298139,4040,QmT4bZjUycokNSYzs2a92RaLgz1rz7cYRBH2nyFGYtkV7Q,False
1858,b2-fabric-b1-c4-r1,b2-fabric-b1-c4-r1-task-0184,fabric_post_task,True,,2472,1783272298151,4322,QmPSZKSDhc3oMmRRsdGa893tPo9QETi3JkqUddqajNAxLy,False
1859,b2-fabric-b1-c4-r1,b2-fabric-b1-c4-r1-task-0184,fabric_post_allocation,True,,-47,1783272300624,0,,False
1860,b2-fabric-b1-c4-r1,b2-fabric-b1-c4-r1-task-0187,fabric_post_allocation,True,,-42,1783272300620,0,,False
1861,b2-fabric-b1-c4-r1,b2-fabric-b1-c4-r1-task-0185,fabric_post_allocation,True,,-43,1783272300623,0,,False
1862,b2-fabric-b1-c4-r1,b2-fabric-b1-c4-r1-task-0186,fabric_post_allocation,True,,-39,1783272300621,0,,False
1863,b2-fabric-b1-c4-r1,b2-fabric-b1-c4-r1-task-0187,fabric_post_snapshot,True,,2541,1783272300578,0,,False
1864,b2-fabric-b1-c4-r1,b2-fabric-b1-c4-r1-task-0184,fabric_post_snapshot,True,,2543,1783272300577,0,,False
1865,b2-fabric-b1-c4-r1,b2-fabric-b1-c4-r1-task-0186,fabric_post_snapshot,True,,2539,1783272300582,0,,False
1866,b2-fabric-b1-c4-r1,b2-fabric-b1-c4-r1-task-0185,fabric_post_snapshot,True,,2543,1783272300580,0,,False
1867,b2-fabric-b1-c4-r1,b2-fabric-b1-c4-r1-task-0184,fabric_query_confirmation,True,,352,1783272303120,0,,False
1868,b2-fabric-b1-c4-r1,b2-fabric-b1-c4-r1-task-0186,fabric_query_confirmation,True,,352,1783272303121,0,,False
1869,b2-fabric-b1-c4-r1,b2-fabric-b1-c4-r1-task-0187,fabric_query_confirmation,True,,354,1783272303119,0,,False
1870,b2-fabric-b1-c4-r1,b2-fabric-b1-c4-r1-task-0185,fabric_query_confirmation,True,,351,1783272303123,0,,False
1871,b2-fabric-b1-c4-r1,b2-fabric-b1-c4-r1-task-0187,fabric_vote_1,True,,2356,1783272303473,0,,False
1872,b2-fabric-b1-c4-r1,b2-fabric-b1-c4-r1-task-0185,fabric_vote_1,True,,2355,1783272303474,0,,False
1873,b2-fabric-b1-c4-r1,b2-fabric-b1-c4-r1-task-0186,fabric_vote_1,True,,2357,1783272303473,0,,False
1874,b2-fabric-b1-c4-r1,b2-fabric-b1-c4-r1-task-0184,fabric_vote_1,True,,2359,1783272303472,0,,False
1875,b2-fabric-b1-c4-r1,b2-fabric-b1-c4-r1-task-0187,fabric_vote_2,True,,2367,1783272305829,0,,False
1876,b2-fabric-b1-c4-r1,b2-fabric-b1-c4-r1-task-0185,fabric_vote_2,True,,2368,1783272305829,0,,False
1877,b2-fabric-b1-c4-r1,b2-fabric-b1-c4-r1-task-0186,fabric_vote_2,True,,2368,1783272305830,0,,False
1878,b2-fabric-b1-c4-r1,b2-fabric-b1-c4-r1-task-0184,fabric_vote_2,True,,2367,1783272305831,0,,False
1879,b2-fabric-b1-c4-r1,b2-fabric-b1-c4-r1-task-0187,fabric_settlement,True,,2306,1783272308196,0,,False
1880,b2-fabric-b1-c4-r1,b2-fabric-b1-c4-r1-task-0185,fabric_settlement,True,,2307,1783272308197,0,,False
1881,b2-fabric-b1-c4-r1,b2-fabric-b1-c4-r1-task-0186,fabric_settlement,True,,2306,1783272308198,0,,False
1882,b2-fabric-b1-c4-r1,b2-fabric-b1-c4-r1-task-0184,fabric_settlement,True,,2308,1783272308198,0,,False
1883,b2-fabric-b1-c4-r1,b2-fabric-b1-c4-r1-task-0185,fabric_query_final,True,,786,1783272310504,0,,False
1884,b2-fabric-b1-c4-r1,b2-fabric-b1-c4-r1-task-0186,fabric_query_final,True,,791,1783272310504,0,,False
1885,b2-fabric-b1-c4-r1,b2-fabric-b1-c4-r1-task-0184,fabric_query_final,True,,790,1783272310506,0,,False
1886,b2-fabric-b1-c4-r1,b2-fabric-b1-c4-r1-task-0187,fabric_query_final,True,,803,1783272310502,0,,False
1887,b2-fabric-b1-c4-r1,b2-fabric-b1-c4-r1-task-0185,ipfs_verify,True,,16,1783272311290,0,QmT4bZjUycokNSYzs2a92RaLgz1rz7cYRBH2nyFGYtkV7Q,False
1888,b2-fabric-b1-c4-r1,b2-fabric-b1-c4-r1-task-0184,ipfs_verify,True,,13,1783272311296,0,QmPSZKSDhc3oMmRRsdGa893tPo9QETi3JkqUddqajNAxLy,False
1889,b2-fabric-b1-c4-r1,b2-fabric-b1-c4-r1-task-0186,ipfs_verify,True,,18,1783272311295,0,QmZA8PgSFKJwCnC8xR9o1nzuniwJhwtRPJevn7qR23cM26,False
1890,b2-fabric-b1-c4-r1,b2-fabric-b1-c4-r1-task-0187,ipfs_verify,True,,20,1783272311305,0,Qmf8fbnaf3R2y5rxjCXbb3pgaPsQKQp68yoMb3dsh3Aeyh,False
1891,b2-fabric-b1-c4-r1,b2-fabric-b1-c4-r1-task-0188,ipfs_add,True,,37,1783272311306,3588,,False
1892,b2-fabric-b1-c4-r1,b2-fabric-b1-c4-r1-task-0189,ipfs_add,True,,46,1783272311310,3813,,False
1893,b2-fabric-b1-c4-r1,b2-fabric-b1-c4-r1-task-0190,ipfs_add,True,,54,1783272311313,4444,,False
1894,b2-fabric-b1-c4-r1,b2-fabric-b1-c4-r1-task-0191,ipfs_add,True,,54,1783272311325,4761,,False
1895,b2-fabric-b1-c4-r1,b2-fabric-b1-c4-r1-task-0189,fabric_post_task,True,,3533,1783272311356,3813,QmddcGv3BfwnFZsm5H1ArqWuKN7jPveB9ZhCJXqBYVXr4Z,False
1896,b2-fabric-b1-c4-r1,b2-fabric-b1-c4-r1-task-0188,fabric_post_task,True,,3547,1783272311343,3588,QmcA2snS31e3yhCPjoMSmuW8w6FVceBCsiYRZuzgLXJZRG,False
1897,b2-fabric-b1-c4-r1,b2-fabric-b1-c4-r1-task-0191,fabric_post_task,True,,3513,1783272311379,4761,QmQK4ChDQQAbfnUHBQHNjhVcC13LjvmaW51QAJHKkyJuWr,False
1898,b2-fabric-b1-c4-r1,b2-fabric-b1-c4-r1-task-0190,fabric_post_task,True,,3527,1783272311367,4444,QmTYyB6jg19PhoaP2Bg8ox3B4TonwPSLo68XR9yyH3VskB,False
1899,b2-fabric-b1-c4-r1,b2-fabric-b1-c4-r1-task-0191,fabric_post_allocation,True,,2536,1783272314892,0,,False
1900,b2-fabric-b1-c4-r1,b2-fabric-b1-c4-r1-task-0190,fabric_post_allocation,True,,2536,1783272314894,0,,False
1901,b2-fabric-b1-c4-r1,b2-fabric-b1-c4-r1-task-0189,fabric_post_allocation,True,,2542,1783272314889,0,,False
1902,b2-fabric-b1-c4-r1,b2-fabric-b1-c4-r1-task-0188,fabric_post_allocation,True,,2542,1783272314890,0,,False
1903,b2-fabric-b1-c4-r1,b2-fabric-b1-c4-r1-task-0191,fabric_post_snapshot,True,,2315,1783272317428,0,,False
1904,b2-fabric-b1-c4-r1,b2-fabric-b1-c4-r1-task-0189,fabric_post_snapshot,True,,2314,1783272317431,0,,False
1905,b2-fabric-b1-c4-r1,b2-fabric-b1-c4-r1-task-0190,fabric_post_snapshot,True,,2316,1783272317430,0,,False
1906,b2-fabric-b1-c4-r1,b2-fabric-b1-c4-r1-task-0188,fabric_post_snapshot,True,,2315,1783272317432,0,,False
1907,b2-fabric-b1-c4-r1,b2-fabric-b1-c4-r1-task-0190,fabric_query_confirmation,True,,371,1783272319746,0,,False
1908,b2-fabric-b1-c4-r1,b2-fabric-b1-c4-r1-task-0189,fabric_query_confirmation,True,,373,1783272319745,0,,False
1909,b2-fabric-b1-c4-r1,b2-fabric-b1-c4-r1-task-0191,fabric_query_confirmation,True,,376,1783272319743,0,,False
1910,b2-fabric-b1-c4-r1,b2-fabric-b1-c4-r1-task-0188,fabric_query_confirmation,True,,374,1783272319747,0,,False
1911,b2-fabric-b1-c4-r1,b2-fabric-b1-c4-r1-task-0189,fabric_vote_1,True,,2487,1783272320118,0,,False
1912,b2-fabric-b1-c4-r1,b2-fabric-b1-c4-r1-task-0190,fabric_vote_1,True,,2490,1783272320117,0,,False
1913,b2-fabric-b1-c4-r1,b2-fabric-b1-c4-r1-task-0188,fabric_vote_1,True,,2486,1783272320121,0,,False
1914,b2-fabric-b1-c4-r1,b2-fabric-b1-c4-r1-task-0191,fabric_vote_1,True,,2489,1783272320119,0,,False
1915,b2-fabric-b1-c4-r1,b2-fabric-b1-c4-r1-task-0190,fabric_vote_2,True,,2277,1783272322607,0,,False
1916,b2-fabric-b1-c4-r1,b2-fabric-b1-c4-r1-task-0189,fabric_vote_2,True,,2279,1783272322605,0,,False
1917,b2-fabric-b1-c4-r1,b2-fabric-b1-c4-r1-task-0191,fabric_vote_2,True,,2277,1783272322608,0,,False
1918,b2-fabric-b1-c4-r1,b2-fabric-b1-c4-r1-task-0188,fabric_vote_2,True,,2279,1783272322607,0,,False
1919,b2-fabric-b1-c4-r1,b2-fabric-b1-c4-r1-task-0189,fabric_settlement,True,,2349,1783272324884,0,,False
1920,b2-fabric-b1-c4-r1,b2-fabric-b1-c4-r1-task-0190,fabric_settlement,True,,2349,1783272324884,0,,False
1921,b2-fabric-b1-c4-r1,b2-fabric-b1-c4-r1-task-0188,fabric_settlement,True,,2347,1783272324886,0,,False
1922,b2-fabric-b1-c4-r1,b2-fabric-b1-c4-r1-task-0191,fabric_settlement,True,,2350,1783272324885,0,,False
1923,b2-fabric-b1-c4-r1,b2-fabric-b1-c4-r1-task-0191,fabric_query_final,True,,798,1783272327235,0,,False
1924,b2-fabric-b1-c4-r1,b2-fabric-b1-c4-r1-task-0188,fabric_query_final,True,,801,1783272327233,0,,False
1925,b2-fabric-b1-c4-r1,b2-fabric-b1-c4-r1-task-0190,fabric_query_final,True,,802,1783272327233,0,,False
1926,b2-fabric-b1-c4-r1,b2-fabric-b1-c4-r1-task-0189,fabric_query_final,True,,804,1783272327233,0,,False
1927,b2-fabric-b1-c4-r1,b2-fabric-b1-c4-r1-task-0188,ipfs_verify,True,,9,1783272328034,0,QmcA2snS31e3yhCPjoMSmuW8w6FVceBCsiYRZuzgLXJZRG,False
1928,b2-fabric-b1-c4-r1,b2-fabric-b1-c4-r1-task-0190,ipfs_verify,True,,9,1783272328035,0,QmTYyB6jg19PhoaP2Bg8ox3B4TonwPSLo68XR9yyH3VskB,False
1929,b2-fabric-b1-c4-r1,b2-fabric-b1-c4-r1-task-0191,ipfs_verify,True,,11,1783272328033,0,QmQK4ChDQQAbfnUHBQHNjhVcC13LjvmaW51QAJHKkyJuWr,False
1930,b2-fabric-b1-c4-r1,b2-fabric-b1-c4-r1-task-0189,ipfs_verify,True,,9,1783272328037,0,QmddcGv3BfwnFZsm5H1ArqWuKN7jPveB9ZhCJXqBYVXr4Z,False
1931,b2-fabric-b1-c4-r1,b2-fabric-b1-c4-r1-task-0192,ipfs_add,True,,34,1783272328045,4212,,False
1932,b2-fabric-b1-c4-r1,b2-fabric-b1-c4-r1-task-0193,ipfs_add,True,,46,1783272328044,3656,,False
1933,b2-fabric-b1-c4-r1,b2-fabric-b1-c4-r1-task-0194,ipfs_add,True,,58,1783272328044,5127,,False
1934,b2-fabric-b1-c4-r1,b2-fabric-b1-c4-r1-task-0195,ipfs_add,True,,68,1783272328046,4765,,False
1935,b2-fabric-b1-c4-r1,b2-fabric-b1-c4-r1-task-0192,fabric_post_task,True,,103,1783272328079,4212,QmWMsVVs2hySKHixiKJetRsQBSH7CcjzbQrS3sZphmmfLm,False
1936,b2-fabric-b1-c4-r1,b2-fabric-b1-c4-r1-task-0193,fabric_post_task,True,,94,1783272328090,3656,QmW9nojj3tyFNDDEodDC3x43Y5jA3Ac4z7TE78zw1HD6qu,False
1937,b2-fabric-b1-c4-r1,b2-fabric-b1-c4-r1-task-0195,fabric_post_task,True,,72,1783272328114,4765,QmWaLq11VC2STk3MM8gwJdsmwiV6pMb8XyjpXUZRgju27h,False
1938,b2-fabric-b1-c4-r1,b2-fabric-b1-c4-r1-task-0194,fabric_post_task,True,,84,1783272328102,5127,QmUQkF6tMKomfpeYcTdtmNy7TBXYJGRPRM9P1cpCwR1MJF,False
1939,b2-fabric-b1-c4-r1,b2-fabric-b1-c4-r1-task-0195,fabric_post_allocation,True,,2299,1783272328186,0,,False
1940,b2-fabric-b1-c4-r1,b2-fabric-b1-c4-r1-task-0192,fabric_post_allocation,True,,2304,1783272328182,0,,False
1941,b2-fabric-b1-c4-r1,b2-fabric-b1-c4-r1-task-0194,fabric_post_allocation,True,,2302,1783272328186,0,,False
1942,b2-fabric-b1-c4-r1,b2-fabric-b1-c4-r1-task-0193,fabric_post_allocation,True,,2305,1783272328184,0,,False
1943,b2-fabric-b1-c4-r1,b2-fabric-b1-c4-r1-task-0192,fabric_post_snapshot,True,,2257,1783272330486,0,,False
1944,b2-fabric-b1-c4-r1,b2-fabric-b1-c4-r1-task-0194,fabric_post_snapshot,True,,2256,1783272330488,0,,False
1945,b2-fabric-b1-c4-r1,b2-fabric-b1-c4-r1-task-0195,fabric_post_snapshot,True,,2259,1783272330485,0,,False
1946,b2-fabric-b1-c4-r1,b2-fabric-b1-c4-r1-task-0193,fabric_post_snapshot,True,,2258,1783272330489,0,,False
1947,b2-fabric-b1-c4-r1,b2-fabric-b1-c4-r1-task-0192,fabric_query_confirmation,True,,325,1783272332743,0,,False
1948,b2-fabric-b1-c4-r1,b2-fabric-b1-c4-r1-task-0195,fabric_query_confirmation,True,,325,1783272332744,0,,False
1949,b2-fabric-b1-c4-r1,b2-fabric-b1-c4-r1-task-0193,fabric_query_confirmation,True,,323,1783272332747,0,,False
1950,b2-fabric-b1-c4-r1,b2-fabric-b1-c4-r1-task-0194,fabric_query_confirmation,True,,329,1783272332744,0,,False
1951,b2-fabric-b1-c4-r1,b2-fabric-b1-c4-r1-task-0192,fabric_vote_1,True,,2307,1783272333068,0,,False
1952,b2-fabric-b1-c4-r1,b2-fabric-b1-c4-r1-task-0193,fabric_vote_1,True,,2305,1783272333070,0,,False
1953,b2-fabric-b1-c4-r1,b2-fabric-b1-c4-r1-task-0194,fabric_vote_1,True,,2303,1783272333073,0,,False
1954,b2-fabric-b1-c4-r1,b2-fabric-b1-c4-r1-task-0195,fabric_vote_1,True,,2308,1783272333069,0,,False
1955,b2-fabric-b1-c4-r1,b2-fabric-b1-c4-r1-task-0195,fabric_vote_2,True,,2252,1783272335377,0,,False
1956,b2-fabric-b1-c4-r1,b2-fabric-b1-c4-r1-task-0193,fabric_vote_2,True,,2255,1783272335375,0,,False
1957,b2-fabric-b1-c4-r1,b2-fabric-b1-c4-r1-task-0192,fabric_vote_2,True,,2256,1783272335375,0,,False
1958,b2-fabric-b1-c4-r1,b2-fabric-b1-c4-r1-task-0194,fabric_vote_2,True,,2256,1783272335376,0,,False
1959,b2-fabric-b1-c4-r1,b2-fabric-b1-c4-r1-task-0195,fabric_settlement,True,,2498,1783272337629,0,,False
1960,b2-fabric-b1-c4-r1,b2-fabric-b1-c4-r1-task-0192,fabric_settlement,True,,2496,1783272337631,0,,False
1961,b2-fabric-b1-c4-r1,b2-fabric-b1-c4-r1-task-0193,fabric_settlement,True,,2498,1783272337630,0,,False
1962,b2-fabric-b1-c4-r1,b2-fabric-b1-c4-r1-task-0194,fabric_settlement,True,,2498,1783272337632,0,,False
1963,b2-fabric-b1-c4-r1,b2-fabric-b1-c4-r1-task-0193,fabric_query_final,True,,600,1783272340128,0,,False
1964,b2-fabric-b1-c4-r1,b2-fabric-b1-c4-r1-task-0192,fabric_query_final,True,,602,1783272340127,0,,False
1965,b2-fabric-b1-c4-r1,b2-fabric-b1-c4-r1-task-0195,fabric_query_final,True,,603,1783272340127,0,,False
1966,b2-fabric-b1-c4-r1,b2-fabric-b1-c4-r1-task-0194,fabric_query_final,True,,603,1783272340130,0,,False
1967,b2-fabric-b1-c4-r1,b2-fabric-b1-c4-r1-task-0192,ipfs_verify,True,,9,1783272340729,0,QmWMsVVs2hySKHixiKJetRsQBSH7CcjzbQrS3sZphmmfLm,False
1968,b2-fabric-b1-c4-r1,b2-fabric-b1-c4-r1-task-0195,ipfs_verify,True,,8,1783272340730,0,QmWaLq11VC2STk3MM8gwJdsmwiV6pMb8XyjpXUZRgju27h,False
1969,b2-fabric-b1-c4-r1,b2-fabric-b1-c4-r1-task-0193,ipfs_verify,True,,11,1783272340728,0,QmW9nojj3tyFNDDEodDC3x43Y5jA3Ac4z7TE78zw1HD6qu,False
1970,b2-fabric-b1-c4-r1,b2-fabric-b1-c4-r1-task-0194,ipfs_verify,True,,8,1783272340733,0,QmUQkF6tMKomfpeYcTdtmNy7TBXYJGRPRM9P1cpCwR1MJF,False
1971,b2-fabric-b1-c4-r1,b2-fabric-b1-c4-r1-task-0196,ipfs_add,True,,28,1783272340738,4122,,False
1972,b2-fabric-b1-c4-r1,b2-fabric-b1-c4-r1-task-0197,ipfs_add,True,,41,1783272340739,4817,,False
1973,b2-fabric-b1-c4-r1,b2-fabric-b1-c4-r1-task-0198,ipfs_add,True,,54,1783272340739,3540,,False
1974,b2-fabric-b1-c4-r1,b2-fabric-b1-c4-r1-task-0199,ipfs_add,True,,64,1783272340741,5047,,False
1975,b2-fabric-b1-c4-r1,b2-fabric-b1-c4-r1-task-0196,fabric_post_task,True,,3696,1783272340766,4122,QmTQ1PbJFgNKhVego5qTuyTZaXyLBFPkpTGPcPVQGwbk9W,False
1976,b2-fabric-b1-c4-r1,b2-fabric-b1-c4-r1-task-0199,fabric_post_task,True,,3658,1783272340805,5047,QmWy11MokeVCNQuSN9bfWQHz1CevithknjYMzKuymcZo7S,False
1977,b2-fabric-b1-c4-r1,b2-fabric-b1-c4-r1-task-0197,fabric_post_task,True,,3684,1783272340780,4817,QmbvahhBBxPPJvX1kedLaAKjiVK7gTyk8mGFKobzfLRtWp,False
1978,b2-fabric-b1-c4-r1,b2-fabric-b1-c4-r1-task-0198,fabric_post_task,True,,3673,1783272340793,3540,QmZWNqHHBwy3oA7Ng8hVTaUMhZ6QkUps6zYhcegYz5enFd,False
1979,b2-fabric-b1-c4-r1,b2-fabric-b1-c4-r1-task-0196,fabric_post_allocation,True,,2346,1783272344462,0,,False
1980,b2-fabric-b1-c4-r1,b2-fabric-b1-c4-r1-task-0198,fabric_post_allocation,True,,2344,1783272344466,0,,False
1981,b2-fabric-b1-c4-r1,b2-fabric-b1-c4-r1-task-0197,fabric_post_allocation,True,,2346,1783272344465,0,,False
1982,b2-fabric-b1-c4-r1,b2-fabric-b1-c4-r1-task-0199,fabric_post_allocation,True,,2349,1783272344463,0,,False
1983,b2-fabric-b1-c4-r1,b2-fabric-b1-c4-r1-task-0196,fabric_post_snapshot,True,,2351,1783272346808,0,,False
1984,b2-fabric-b1-c4-r1,b2-fabric-b1-c4-r1-task-0199,fabric_post_snapshot,True,,2348,1783272346812,0,,False
1985,b2-fabric-b1-c4-r1,b2-fabric-b1-c4-r1-task-0197,fabric_post_snapshot,True,,2349,1783272346811,0,,False
1986,b2-fabric-b1-c4-r1,b2-fabric-b1-c4-r1-task-0198,fabric_post_snapshot,True,,2351,1783272346810,0,,False
1987,b2-fabric-b1-c4-r1,b2-fabric-b1-c4-r1-task-0198,fabric_query_confirmation,True,,128,1783272349161,0,,False
1988,b2-fabric-b1-c4-r1,b2-fabric-b1-c4-r1-task-0199,fabric_query_confirmation,True,,130,1783272349160,0,,False
1989,b2-fabric-b1-c4-r1,b2-fabric-b1-c4-r1-task-0197,fabric_query_confirmation,True,,130,1783272349160,0,,False
1990,b2-fabric-b1-c4-r1,b2-fabric-b1-c4-r1-task-0196,fabric_query_confirmation,True,,134,1783272349159,0,,False
1991,b2-fabric-b1-c4-r1,b2-fabric-b1-c4-r1-task-0196,fabric_vote_1,True,,2498,1783272349293,0,,False
1992,b2-fabric-b1-c4-r1,b2-fabric-b1-c4-r1-task-0199,fabric_vote_1,True,,2503,1783272349290,0,,False
1993,b2-fabric-b1-c4-r1,b2-fabric-b1-c4-r1-task-0197,fabric_vote_1,True,,2504,1783272349290,0,,False
1994,b2-fabric-b1-c4-r1,b2-fabric-b1-c4-r1-task-0198,fabric_vote_1,True,,2507,1783272349289,0,,False
1995,b2-fabric-b1-c4-r1,b2-fabric-b1-c4-r1-task-0199,fabric_vote_2,True,,2286,1783272351793,0,,False
1996,b2-fabric-b1-c4-r1,b2-fabric-b1-c4-r1-task-0198,fabric_vote_2,True,,2283,1783272351796,0,,False
1997,b2-fabric-b1-c4-r1,b2-fabric-b1-c4-r1-task-0196,fabric_vote_2,True,,2289,1783272351791,0,,False
1998,b2-fabric-b1-c4-r1,b2-fabric-b1-c4-r1-task-0197,fabric_vote_2,True,,2287,1783272351794,0,,False
1999,b2-fabric-b1-c4-r1,b2-fabric-b1-c4-r1-task-0199,fabric_settlement,True,,2299,1783272354079,0,,False
2000,b2-fabric-b1-c4-r1,b2-fabric-b1-c4-r1-task-0198,fabric_settlement,True,,2300,1783272354079,0,,False
2001,b2-fabric-b1-c4-r1,b2-fabric-b1-c4-r1-task-0197,fabric_settlement,True,,2298,1783272354081,0,,False
2002,b2-fabric-b1-c4-r1,b2-fabric-b1-c4-r1-task-0196,fabric_settlement,True,,2301,1783272354080,0,,False
2003,b2-fabric-b1-c4-r1,b2-fabric-b1-c4-r1-task-0198,fabric_query_final,True,,600,1783272356379,0,,False
2004,b2-fabric-b1-c4-r1,b2-fabric-b1-c4-r1-task-0196,fabric_query_final,True,,599,1783272356381,0,,False
2005,b2-fabric-b1-c4-r1,b2-fabric-b1-c4-r1-task-0197,fabric_query_final,True,,601,1783272356379,0,,False
2006,b2-fabric-b1-c4-r1,b2-fabric-b1-c4-r1-task-0199,fabric_query_final,True,,606,1783272356378,0,,False
2007,b2-fabric-b1-c4-r1,b2-fabric-b1-c4-r1-task-0197,ipfs_verify,True,,8,1783272356980,0,QmbvahhBBxPPJvX1kedLaAKjiVK7gTyk8mGFKobzfLRtWp,False
2008,b2-fabric-b1-c4-r1,b2-fabric-b1-c4-r1-task-0196,ipfs_verify,True,,9,1783272356980,0,QmTQ1PbJFgNKhVego5qTuyTZaXyLBFPkpTGPcPVQGwbk9W,False
2009,b2-fabric-b1-c4-r1,b2-fabric-b1-c4-r1-task-0198,ipfs_verify,True,,10,1783272356979,0,QmZWNqHHBwy3oA7Ng8hVTaUMhZ6QkUps6zYhcegYz5enFd,False
2010,b2-fabric-b1-c4-r1,b2-fabric-b1-c4-r1-task-0199,ipfs_verify,True,,7,1783272356984,0,QmWy11MokeVCNQuSN9bfWQHz1CevithknjYMzKuymcZo7S,False
2011,b2-fabric-b1-c4-r1,b2-fabric-b1-c4-r1-task-0203,ipfs_add,True,,25,1783272356991,1827,,False
2012,b2-fabric-b1-c4-r1,b2-fabric-b1-c4-r1-task-0202,ipfs_add,True,,38,1783272356989,4638,,False
2013,b2-fabric-b1-c4-r1,b2-fabric-b1-c4-r1-task-0200,ipfs_add,True,,51,1783272356988,5145,,False
2014,b2-fabric-b1-c4-r1,b2-fabric-b1-c4-r1-task-0201,ipfs_add,True,,63,1783272356989,4340,,False
2015,b2-fabric-b1-c4-r1,b2-fabric-b1-c4-r1-task-0202,fabric_post_task,True,,90,1783272357027,4638,QmejhkZWTARckuAaEe1Q6SLFZ3XMmF1EjcDYpHuMGkpBsf,False
2016,b2-fabric-b1-c4-r1,b2-fabric-b1-c4-r1-task-0200,fabric_post_task,True,,79,1783272357039,5145,QmWsn3VH4qEmQoJUcTTgaCC8C8yvu9U6JQYjovtYXaQr7y,False
2017,b2-fabric-b1-c4-r1,b2-fabric-b1-c4-r1-task-0201,fabric_post_task,True,,67,1783272357052,4340,QmdjzG35Tv9EawU3dwjehMfhybFdJmmnFHpEtFdcm5VuFK,False
2018,b2-fabric-b1-c4-r1,b2-fabric-b1-c4-r1-task-0203,fabric_post_task,True,,107,1783272357016,1827,QmR9AwrhqhKCpezziPe8S8GRSS3cqcjrASSQ3HJBYfXh7k,False
2019,b2-fabric-b1-c4-r1,b2-fabric-b1-c4-r1-task-0200,fabric_post_allocation,True,,2522,1783272357118,0,,False
2020,b2-fabric-b1-c4-r1,b2-fabric-b1-c4-r1-task-0203,fabric_post_allocation,True,,2518,1783272357123,0,,False
2021,b2-fabric-b1-c4-r1,b2-fabric-b1-c4-r1-task-0201,fabric_post_allocation,True,,2523,1783272357119,0,,False
2022,b2-fabric-b1-c4-r1,b2-fabric-b1-c4-r1-task-0202,fabric_post_allocation,True,,2526,1783272357117,0,,False
2023,b2-fabric-b1-c4-r1,b2-fabric-b1-c4-r1-task-0200,fabric_post_snapshot,True,,2272,1783272359640,0,,False
2024,b2-fabric-b1-c4-r1,b2-fabric-b1-c4-r1-task-0203,fabric_post_snapshot,True,,2272,1783272359641,0,,False
2025,b2-fabric-b1-c4-r1,b2-fabric-b1-c4-r1-task-0202,fabric_post_snapshot,True,,2270,1783272359643,0,,False
2026,b2-fabric-b1-c4-r1,b2-fabric-b1-c4-r1-task-0201,fabric_post_snapshot,True,,2274,1783272359642,0,,False
2027,b2-fabric-b1-c4-r1,b2-fabric-b1-c4-r1-task-0203,fabric_query_confirmation,True,,329,1783272361913,0,,False
2028,b2-fabric-b1-c4-r1,b2-fabric-b1-c4-r1-task-0201,fabric_query_confirmation,True,,327,1783272361916,0,,False
2029,b2-fabric-b1-c4-r1,b2-fabric-b1-c4-r1-task-0202,fabric_query_confirmation,True,,331,1783272361913,0,,False
2030,b2-fabric-b1-c4-r1,b2-fabric-b1-c4-r1-task-0200,fabric_query_confirmation,True,,334,1783272361912,0,,False
2031,b2-fabric-b1-c4-r1,b2-fabric-b1-c4-r1-task-0202,fabric_vote_1,True,,2460,1783272362244,0,,False
2032,b2-fabric-b1-c4-r1,b2-fabric-b1-c4-r1-task-0201,fabric_vote_1,True,,2463,1783272362243,0,,False
2033,b2-fabric-b1-c4-r1,b2-fabric-b1-c4-r1-task-0203,fabric_vote_1,True,,2465,1783272362242,0,,False
2034,b2-fabric-b1-c4-r1,b2-fabric-b1-c4-r1-task-0200,fabric_vote_1,True,,2462,1783272362246,0,,False
2035,b2-fabric-b1-c4-r1,b2-fabric-b1-c4-r1-task-0200,fabric_vote_2,True,,2257,1783272364708,0,,False
2036,b2-fabric-b1-c4-r1,b2-fabric-b1-c4-r1-task-0201,fabric_vote_2,True,,2260,1783272364706,0,,False
2037,b2-fabric-b1-c4-r1,b2-fabric-b1-c4-r1-task-0202,fabric_vote_2,True,,2262,1783272364704,0,,False
2038,b2-fabric-b1-c4-r1,b2-fabric-b1-c4-r1-task-0203,fabric_vote_2,True,,2261,1783272364707,0,,False
2039,b2-fabric-b1-c4-r1,b2-fabric-b1-c4-r1-task-0201,fabric_settlement,True,,2310,1783272366966,0,,False
2040,b2-fabric-b1-c4-r1,b2-fabric-b1-c4-r1-task-0200,fabric_settlement,True,,2312,1783272366965,0,,False
2041,b2-fabric-b1-c4-r1,b2-fabric-b1-c4-r1-task-0203,fabric_settlement,True,,2310,1783272366968,0,,False
2042,b2-fabric-b1-c4-r1,b2-fabric-b1-c4-r1-task-0202,fabric_settlement,True,,2312,1783272366966,0,,False
2043,b2-fabric-b1-c4-r1,b2-fabric-b1-c4-r1-task-0201,fabric_query_final,True,,410,1783272369276,0,,False
2044,b2-fabric-b1-c4-r1,b2-fabric-b1-c4-r1-task-0203,fabric_query_final,True,,409,1783272369278,0,,False
2045,b2-fabric-b1-c4-r1,b2-fabric-b1-c4-r1-task-0200,fabric_query_final,True,,411,1783272369277,0,,False
2046,b2-fabric-b1-c4-r1,b2-fabric-b1-c4-r1-task-0201,ipfs_verify,True,,9,1783272369686,0,QmdjzG35Tv9EawU3dwjehMfhybFdJmmnFHpEtFdcm5VuFK,False
2047,b2-fabric-b1-c4-r1,b2-fabric-b1-c4-r1-task-0200,ipfs_verify,True,,7,1783272369688,0,QmWsn3VH4qEmQoJUcTTgaCC8C8yvu9U6JQYjovtYXaQr7y,False
2048,b2-fabric-b1-c4-r1,b2-fabric-b1-c4-r1-task-0203,ipfs_verify,True,,9,1783272369687,0,QmR9AwrhqhKCpezziPe8S8GRSS3cqcjrASSQ3HJBYfXh7k,False
2049,b2-fabric-b1-c4-r1,b2-fabric-b1-c4-r1-task-0206,ipfs_add,True,,46,1783272369696,5535,,False
2050,b2-fabric-b1-c4-r1,b2-fabric-b1-c4-r1-task-0204,ipfs_add,True,,59,1783272369695,3115,,False
2051,b2-fabric-b1-c4-r1,b2-fabric-b1-c4-r1-task-0205,ipfs_add,True,,70,1783272369695,2139,,False
2052,b2-fabric-b1-c4-r1,b2-fabric-b1-c4-r1-task-0202,fabric_query_final,True,,590,1783272369278,0,,False
2053,b2-fabric-b1-c4-r1,b2-fabric-b1-c4-r1-task-0202,ipfs_verify,True,,10,1783272369868,0,QmejhkZWTARckuAaEe1Q6SLFZ3XMmF1EjcDYpHuMGkpBsf,False
2054,b2-fabric-b1-c4-r1,b2-fabric-b1-c4-r1-task-0207,ipfs_add,True,,48,1783272369878,5182,,False
2055,b2-fabric-b1-c4-r1,b2-fabric-b1-c4-r1-task-0206,fabric_post_task,True,,3278,1783272369742,5535,QmQXv6YSFiLLxg9uat8XZ1hkWrZyU2221cre3jpTXuS7mT,False
2056,b2-fabric-b1-c4-r1,b2-fabric-b1-c4-r1-task-0205,fabric_post_task,True,,3255,1783272369765,2139,QmUUFnwdCbT48nkPpC4zLFD1bWTmkmSZxRTWRwZWU44JUW,False
2057,b2-fabric-b1-c4-r1,b2-fabric-b1-c4-r1-task-0204,fabric_post_task,True,,3267,1783272369754,3115,QmT17R388wMj8koQenucVuHVy5XiFPC6auRTn2sDFmDkQF,False
2058,b2-fabric-b1-c4-r1,b2-fabric-b1-c4-r1-task-0207,fabric_post_task,True,,3099,1783272369926,5182,QmXXXkdjgsyNeAxA7XiH7hfF8KD8Wy4XQUrDjRARTUGPSz,False
2059,b2-fabric-b1-c4-r1,b2-fabric-b1-c4-r1-task-0205,fabric_post_allocation,True,,2580,1783272373020,0,,False
2060,b2-fabric-b1-c4-r1,b2-fabric-b1-c4-r1-task-0204,fabric_post_allocation,True,,2579,1783272373021,0,,False
2061,b2-fabric-b1-c4-r1,b2-fabric-b1-c4-r1-task-0206,fabric_post_allocation,True,,2581,1783272373020,0,,False
2062,b2-fabric-b1-c4-r1,b2-fabric-b1-c4-r1-task-0207,fabric_post_allocation,True,,2578,1783272373025,0,,False
2063,b2-fabric-b1-c4-r1,b2-fabric-b1-c4-r1-task-0204,fabric_post_snapshot,True,,2270,1783272375600,0,,False
2064,b2-fabric-b1-c4-r1,b2-fabric-b1-c4-r1-task-0207,fabric_post_snapshot,True,,2269,1783272375603,0,,False
2065,b2-fabric-b1-c4-r1,b2-fabric-b1-c4-r1-task-0205,fabric_post_snapshot,True,,2273,1783272375600,0,,False
2066,b2-fabric-b1-c4-r1,b2-fabric-b1-c4-r1-task-0206,fabric_post_snapshot,True,,2272,1783272375602,0,,False
2067,b2-fabric-b1-c4-r1,b2-fabric-b1-c4-r1-task-0207,fabric_query_confirmation,True,,123,1783272377872,0,,False
2068,b2-fabric-b1-c4-r1,b2-fabric-b1-c4-r1-task-0206,fabric_query_confirmation,True,,121,1783272377874,0,,False
2069,b2-fabric-b1-c4-r1,b2-fabric-b1-c4-r1-task-0205,fabric_query_confirmation,True,,123,1783272377873,0,,False
2070,b2-fabric-b1-c4-r1,b2-fabric-b1-c4-r1-task-0204,fabric_query_confirmation,True,,127,1783272377870,0,,False
2071,b2-fabric-b1-c4-r1,b2-fabric-b1-c4-r1-task-0207,fabric_vote_1,True,,2283,1783272377995,0,,False
2072,b2-fabric-b1-c4-r1,b2-fabric-b1-c4-r1-task-0205,fabric_vote_1,True,,2283,1783272377996,0,,False
2073,b2-fabric-b1-c4-r1,b2-fabric-b1-c4-r1-task-0204,fabric_vote_1,True,,2282,1783272377997,0,,False
2074,b2-fabric-b1-c4-r1,b2-fabric-b1-c4-r1-task-0206,fabric_vote_1,True,,2285,1783272377995,0,,False
2075,b2-fabric-b1-c4-r1,b2-fabric-b1-c4-r1-task-0207,fabric_vote_2,True,,2309,1783272380278,0,,False
2076,b2-fabric-b1-c4-r1,b2-fabric-b1-c4-r1-task-0204,fabric_vote_2,True,,2309,1783272380279,0,,False
2077,b2-fabric-b1-c4-r1,b2-fabric-b1-c4-r1-task-0206,fabric_vote_2,True,,2311,1783272380280,0,,False
2078,b2-fabric-b1-c4-r1,b2-fabric-b1-c4-r1-task-0205,fabric_vote_2,True,,2313,1783272380279,0,,False
2079,b2-fabric-b1-c4-r1,b2-fabric-b1-c4-r1-task-0205,fabric_settlement,True,,2307,1783272382592,0,,False
2080,b2-fabric-b1-c4-r1,b2-fabric-b1-c4-r1-task-0204,fabric_settlement,True,,2312,1783272382588,0,,False
2081,b2-fabric-b1-c4-r1,b2-fabric-b1-c4-r1-task-0206,fabric_settlement,True,,2310,1783272382591,0,,False
2082,b2-fabric-b1-c4-r1,b2-fabric-b1-c4-r1-task-0207,fabric_settlement,True,,2316,1783272382587,0,,False
2083,b2-fabric-b1-c4-r1,b2-fabric-b1-c4-r1-task-0206,fabric_query_final,True,,373,1783272384901,0,,False
2084,b2-fabric-b1-c4-r1,b2-fabric-b1-c4-r1-task-0207,fabric_query_final,True,,372,1783272384903,0,,False
2085,b2-fabric-b1-c4-r1,b2-fabric-b1-c4-r1-task-0205,fabric_query_final,True,,377,1783272384899,0,,False
2086,b2-fabric-b1-c4-r1,b2-fabric-b1-c4-r1-task-0204,fabric_query_final,True,,385,1783272384900,0,,False
2087,b2-fabric-b1-c4-r1,b2-fabric-b1-c4-r1-task-0206,ipfs_verify,True,,12,1783272385274,0,QmQXv6YSFiLLxg9uat8XZ1hkWrZyU2221cre3jpTXuS7mT,False
2088,b2-fabric-b1-c4-r1,b2-fabric-b1-c4-r1-task-0207,ipfs_verify,True,,12,1783272385275,0,QmXXXkdjgsyNeAxA7XiH7hfF8KD8Wy4XQUrDjRARTUGPSz,False
2089,b2-fabric-b1-c4-r1,b2-fabric-b1-c4-r1-task-0205,ipfs_verify,True,,13,1783272385277,0,QmUUFnwdCbT48nkPpC4zLFD1bWTmkmSZxRTWRwZWU44JUW,False
2090,b2-fabric-b1-c4-r1,b2-fabric-b1-c4-r1-task-0204,ipfs_verify,True,,8,1783272385285,0,QmT17R388wMj8koQenucVuHVy5XiFPC6auRTn2sDFmDkQF,False
2091,b2-fabric-b1-c4-r1,b2-fabric-b1-c4-r1-task-0209,ipfs_add,True,,27,1783272385287,6194,,False
2092,b2-fabric-b1-c4-r1,b2-fabric-b1-c4-r1-task-0208,ipfs_add,True,,42,1783272385286,2245,,False
2093,b2-fabric-b1-c4-r1,b2-fabric-b1-c4-r1-task-0210,ipfs_add,True,,48,1783272385291,4993,,False
2094,b2-fabric-b1-c4-r1,b2-fabric-b1-c4-r1-task-0211,ipfs_add,True,,59,1783272385294,2188,,False
2095,b2-fabric-b1-c4-r1,b2-fabric-b1-c4-r1-task-0208,fabric_post_task,True,,50,1783272385328,2245,QmWbqs7TsZvkdFAxBV91sbxF9ziEZRMeF4rkcsPMKgPbAc,False
2096,b2-fabric-b1-c4-r1,b2-fabric-b1-c4-r1-task-0209,fabric_post_task,True,,65,1783272385314,6194,Qme252yonjeJmYr5f17inPXCqkGhcB4JhPq2rK9zrRu12P,False
2097,b2-fabric-b1-c4-r1,b2-fabric-b1-c4-r1-task-0210,fabric_post_task,True,,40,1783272385339,4993,QmYWQDJhTUHPSwS8macjgfKhMk7DhsPuXJUCoxJ8RUpDKq,False
2098,b2-fabric-b1-c4-r1,b2-fabric-b1-c4-r1-task-0211,fabric_post_task,True,,29,1783272385353,2188,QmSruFaoTdkpvWrKYpZR3J5CegMm6LLAWeQUC4xAiE69U9,False
2099,b2-fabric-b1-c4-r1,b2-fabric-b1-c4-r1-task-0210,fabric_post_allocation,True,,2503,1783272385380,0,,False
2100,b2-fabric-b1-c4-r1,b2-fabric-b1-c4-r1-task-0208,fabric_post_allocation,True,,2507,1783272385378,0,,False
2101,b2-fabric-b1-c4-r1,b2-fabric-b1-c4-r1-task-0209,fabric_post_allocation,True,,2506,1783272385379,0,,False
2102,b2-fabric-b1-c4-r1,b2-fabric-b1-c4-r1-task-0211,fabric_post_allocation,True,,2505,1783272385382,0,,False
2103,b2-fabric-b1-c4-r1,b2-fabric-b1-c4-r1-task-0210,fabric_post_snapshot,True,,2277,1783272387883,0,,False
2104,b2-fabric-b1-c4-r1,b2-fabric-b1-c4-r1-task-0211,fabric_post_snapshot,True,,2274,1783272387887,0,,False
2105,b2-fabric-b1-c4-r1,b2-fabric-b1-c4-r1-task-0209,fabric_post_snapshot,True,,2276,1783272387885,0,,False
2106,b2-fabric-b1-c4-r1,b2-fabric-b1-c4-r1-task-0208,fabric_post_snapshot,True,,2278,1783272387885,0,,False
2107,b2-fabric-b1-c4-r1,b2-fabric-b1-c4-r1-task-0210,fabric_query_confirmation,True,,128,1783272390160,0,,False
2108,b2-fabric-b1-c4-r1,b2-fabric-b1-c4-r1-task-0209,fabric_query_confirmation,True,,128,1783272390161,0,,False
2109,b2-fabric-b1-c4-r1,b2-fabric-b1-c4-r1-task-0211,fabric_query_confirmation,True,,128,1783272390161,0,,False
2110,b2-fabric-b1-c4-r1,b2-fabric-b1-c4-r1-task-0208,fabric_query_confirmation,True,,129,1783272390163,0,,False
2111,b2-fabric-b1-c4-r1,b2-fabric-b1-c4-r1-task-0211,fabric_vote_1,True,,2480,1783272390289,0,,False
2112,b2-fabric-b1-c4-r1,b2-fabric-b1-c4-r1-task-0209,fabric_vote_1,True,,2482,1783272390289,0,,False
2113,b2-fabric-b1-c4-r1,b2-fabric-b1-c4-r1-task-0208,fabric_vote_1,True,,2480,1783272390292,0,,False
2114,b2-fabric-b1-c4-r1,b2-fabric-b1-c4-r1-task-0210,fabric_vote_1,True,,2484,1783272390288,0,,False
2115,b2-fabric-b1-c4-r1,b2-fabric-b1-c4-r1-task-0208,fabric_vote_2,True,,2273,1783272392772,0,,False
2116,b2-fabric-b1-c4-r1,b2-fabric-b1-c4-r1-task-0210,fabric_vote_2,True,,2274,1783272392772,0,,False
2117,b2-fabric-b1-c4-r1,b2-fabric-b1-c4-r1-task-0209,fabric_vote_2,True,,2275,1783272392771,0,,False
2118,b2-fabric-b1-c4-r1,b2-fabric-b1-c4-r1-task-0211,fabric_vote_2,True,,2278,1783272392769,0,,False
2119,b2-fabric-b1-c4-r1,b2-fabric-b1-c4-r1-task-0210,fabric_settlement,True,,2323,1783272395046,0,,False
2120,b2-fabric-b1-c4-r1,b2-fabric-b1-c4-r1-task-0211,fabric_settlement,True,,2322,1783272395047,0,,False
2121,b2-fabric-b1-c4-r1,b2-fabric-b1-c4-r1-task-0209,fabric_settlement,True,,2326,1783272395046,0,,False
2122,b2-fabric-b1-c4-r1,b2-fabric-b1-c4-r1-task-0208,fabric_settlement,True,,2328,1783272395045,0,,False
2123,b2-fabric-b1-c4-r1,b2-fabric-b1-c4-r1-task-0208,fabric_query_final,True,,376,1783272397373,0,,False
2124,b2-fabric-b1-c4-r1,b2-fabric-b1-c4-r1-task-0210,fabric_query_final,True,,381,1783272397369,0,,False
2125,b2-fabric-b1-c4-r1,b2-fabric-b1-c4-r1-task-0211,fabric_query_final,True,,382,1783272397369,0,,False
2126,b2-fabric-b1-c4-r1,b2-fabric-b1-c4-r1-task-0209,fabric_query_final,True,,381,1783272397372,0,,False
2127,b2-fabric-b1-c4-r1,b2-fabric-b1-c4-r1-task-0208,ipfs_verify,True,,8,1783272397749,0,QmWbqs7TsZvkdFAxBV91sbxF9ziEZRMeF4rkcsPMKgPbAc,False
2128,b2-fabric-b1-c4-r1,b2-fabric-b1-c4-r1-task-0210,ipfs_verify,True,,9,1783272397750,0,QmYWQDJhTUHPSwS8macjgfKhMk7DhsPuXJUCoxJ8RUpDKq,False
2129,b2-fabric-b1-c4-r1,b2-fabric-b1-c4-r1-task-0211,ipfs_verify,True,,9,1783272397751,0,QmSruFaoTdkpvWrKYpZR3J5CegMm6LLAWeQUC4xAiE69U9,False
2130,b2-fabric-b1-c4-r1,b2-fabric-b1-c4-r1-task-0209,ipfs_verify,True,,8,1783272397753,0,Qme252yonjeJmYr5f17inPXCqkGhcB4JhPq2rK9zrRu12P,False
2131,b2-fabric-b1-c4-r1,b2-fabric-b1-c4-r1-task-0212,ipfs_add,True,,25,1783272397758,2819,,False
2132,b2-fabric-b1-c4-r1,b2-fabric-b1-c4-r1-task-0213,ipfs_add,True,,35,1783272397759,4132,,False
2133,b2-fabric-b1-c4-r1,b2-fabric-b1-c4-r1-task-0214,ipfs_add,True,,46,1783272397760,3407,,False
2134,b2-fabric-b1-c4-r1,b2-fabric-b1-c4-r1-task-0215,ipfs_add,True,,57,1783272397761,5293,,False
2135,b2-fabric-b1-c4-r1,b2-fabric-b1-c4-r1-task-0214,fabric_post_task,True,,3590,1783272397806,3407,QmW8eUfmmaQLniD2wxDZwMJfZvPcEb95FaZBwzxdvv4GUs,False
2136,b2-fabric-b1-c4-r1,b2-fabric-b1-c4-r1-task-0215,fabric_post_task,True,,3579,1783272397818,5293,QmTpnKYxxgCcizoT1wCDmcgvVbp5FYFvr7h2HQoANwFfJK,False
2137,b2-fabric-b1-c4-r1,b2-fabric-b1-c4-r1-task-0213,fabric_post_task,True,,3604,1783272397794,4132,QmctLbZZivJVW7cFwYF2T1Ru2jPZUBYB55doQKWJ3SD4r5,False
2138,b2-fabric-b1-c4-r1,b2-fabric-b1-c4-r1-task-0212,fabric_post_task,True,,3615,1783272397783,2819,Qmaib3WGRkqTQustpCT5rKV9YQe2ieXfDc5aAxzzBF7FaH,False
2139,b2-fabric-b1-c4-r1,b2-fabric-b1-c4-r1-task-0215,fabric_post_allocation,True,,2312,1783272401397,0,,False
2140,b2-fabric-b1-c4-r1,b2-fabric-b1-c4-r1-task-0213,fabric_post_allocation,True,,2312,1783272401398,0,,False
2141,b2-fabric-b1-c4-r1,b2-fabric-b1-c4-r1-task-0212,fabric_post_allocation,True,,2313,1783272401398,0,,False
2142,b2-fabric-b1-c4-r1,b2-fabric-b1-c4-r1-task-0214,fabric_post_allocation,True,,2317,1783272401396,0,,False
2143,b2-fabric-b1-c4-r1,b2-fabric-b1-c4-r1-task-0215,fabric_post_snapshot,True,,2269,1783272403709,0,,False
2144,b2-fabric-b1-c4-r1,b2-fabric-b1-c4-r1-task-0213,fabric_post_snapshot,True,,2269,1783272403710,0,,False
2145,b2-fabric-b1-c4-r1,b2-fabric-b1-c4-r1-task-0212,fabric_post_snapshot,True,,2269,1783272403711,0,,False
2146,b2-fabric-b1-c4-r1,b2-fabric-b1-c4-r1-task-0214,fabric_post_snapshot,True,,2269,1783272403713,0,,False
2147,b2-fabric-b1-c4-r1,b2-fabric-b1-c4-r1-task-0212,fabric_query_confirmation,True,,330,1783272405980,0,,False
2148,b2-fabric-b1-c4-r1,b2-fabric-b1-c4-r1-task-0213,fabric_query_confirmation,True,,332,1783272405979,0,,False
2149,b2-fabric-b1-c4-r1,b2-fabric-b1-c4-r1-task-0215,fabric_query_confirmation,True,,333,1783272405978,0,,False
2150,b2-fabric-b1-c4-r1,b2-fabric-b1-c4-r1-task-0214,fabric_query_confirmation,True,,330,1783272405982,0,,False
2151,b2-fabric-b1-c4-r1,b2-fabric-b1-c4-r1-task-0212,fabric_vote_1,True,,2268,1783272406310,0,,False
2152,b2-fabric-b1-c4-r1,b2-fabric-b1-c4-r1-task-0215,fabric_vote_1,True,,2268,1783272406311,0,,False
2153,b2-fabric-b1-c4-r1,b2-fabric-b1-c4-r1-task-0213,fabric_vote_1,True,,2268,1783272406311,0,,False
2154,b2-fabric-b1-c4-r1,b2-fabric-b1-c4-r1-task-0214,fabric_vote_1,True,,2268,1783272406312,0,,False
2155,b2-fabric-b1-c4-r1,b2-fabric-b1-c4-r1-task-0215,fabric_vote_2,True,,2270,1783272408579,0,,False
2156,b2-fabric-b1-c4-r1,b2-fabric-b1-c4-r1-task-0214,fabric_vote_2,True,,2270,1783272408580,0,,False
2157,b2-fabric-b1-c4-r1,b2-fabric-b1-c4-r1-task-0213,fabric_vote_2,True,,2272,1783272408579,0,,False
2158,b2-fabric-b1-c4-r1,b2-fabric-b1-c4-r1-task-0212,fabric_vote_2,True,,2275,1783272408578,0,,False
2159,b2-fabric-b1-c4-r1,b2-fabric-b1-c4-r1-task-0215,fabric_settlement,True,,2389,1783272410849,0,,False
2160,b2-fabric-b1-c4-r1,b2-fabric-b1-c4-r1-task-0213,fabric_settlement,True,,2388,1783272410851,0,,False
2161,b2-fabric-b1-c4-r1,b2-fabric-b1-c4-r1-task-0212,fabric_settlement,True,,2387,1783272410853,0,,False
2162,b2-fabric-b1-c4-r1,b2-fabric-b1-c4-r1-task-0214,fabric_settlement,True,,2392,1783272410850,0,,False
2163,b2-fabric-b1-c4-r1,b2-fabric-b1-c4-r1-task-0215,fabric_query_final,True,,363,1783272413238,0,,False
2164,b2-fabric-b1-c4-r1,b2-fabric-b1-c4-r1-task-0212,fabric_query_final,True,,361,1783272413240,0,,False
2165,b2-fabric-b1-c4-r1,b2-fabric-b1-c4-r1-task-0214,fabric_query_final,True,,360,1783272413242,0,,False
2166,b2-fabric-b1-c4-r1,b2-fabric-b1-c4-r1-task-0213,fabric_query_final,True,,366,1783272413239,0,,False
2167,b2-fabric-b1-c4-r1,b2-fabric-b1-c4-r1-task-0214,ipfs_verify,True,,7,1783272413602,0,QmW8eUfmmaQLniD2wxDZwMJfZvPcEb95FaZBwzxdvv4GUs,False
2168,b2-fabric-b1-c4-r1,b2-fabric-b1-c4-r1-task-0212,ipfs_verify,True,,9,1783272413601,0,Qmaib3WGRkqTQustpCT5rKV9YQe2ieXfDc5aAxzzBF7FaH,False
2169,b2-fabric-b1-c4-r1,b2-fabric-b1-c4-r1-task-0215,ipfs_verify,True,,9,1783272413601,0,QmTpnKYxxgCcizoT1wCDmcgvVbp5FYFvr7h2HQoANwFfJK,False
2170,b2-fabric-b1-c4-r1,b2-fabric-b1-c4-r1-task-0213,ipfs_verify,True,,8,1783272413605,0,QmctLbZZivJVW7cFwYF2T1Ru2jPZUBYB55doQKWJ3SD4r5,False
2171,b2-fabric-b1-c4-r1,b2-fabric-b1-c4-r1-task-0217,ipfs_add,True,,32,1783272413610,2716,,False
2172,b2-fabric-b1-c4-r1,b2-fabric-b1-c4-r1-task-0218,ipfs_add,True,,41,1783272413611,4685,,False
2173,b2-fabric-b1-c4-r1,b2-fabric-b1-c4-r1-task-0216,ipfs_add,True,,54,1783272413609,4886,,False
2174,b2-fabric-b1-c4-r1,b2-fabric-b1-c4-r1-task-0219,ipfs_add,True,,50,1783272413613,2892,,False
2175,b2-fabric-b1-c4-r1,b2-fabric-b1-c4-r1-task-0216,fabric_post_task,True,,206,1783272413663,4886,QmWRqVXWHuiCnyPwtVKNcTtPcSDmJqXWmtgqtbSbCRQFN4,False
2176,b2-fabric-b1-c4-r1,b2-fabric-b1-c4-r1-task-0217,fabric_post_task,True,,229,1783272413642,2716,QmSJABdfLv4Bpp2eX5n5HPKM57QCdjn63jgA55THvNNed2,False
2177,b2-fabric-b1-c4-r1,b2-fabric-b1-c4-r1-task-0219,fabric_post_task,True,,208,1783272413663,2892,QmNhbectLBJKJjaBFkjTFgZM6bzSgrQqfV2nzNGd7hnhXp,False
2178,b2-fabric-b1-c4-r1,b2-fabric-b1-c4-r1-task-0218,fabric_post_task,True,,219,1783272413652,4685,Qme1iJktEs7YhnQf7MbuHozo4uZPGWWEs3BYJ6zBCFpdMN,False
2179,b2-fabric-b1-c4-r1,b2-fabric-b1-c4-r1-task-0217,fabric_post_allocation,True,,2296,1783272413871,0,,False
2180,b2-fabric-b1-c4-r1,b2-fabric-b1-c4-r1-task-0218,fabric_post_allocation,True,,2297,1783272413871,0,,False
2181,b2-fabric-b1-c4-r1,b2-fabric-b1-c4-r1-task-0219,fabric_post_allocation,True,,2298,1783272413871,0,,False
2182,b2-fabric-b1-c4-r1,b2-fabric-b1-c4-r1-task-0216,fabric_post_allocation,True,,2303,1783272413869,0,,False
2183,b2-fabric-b1-c4-r1,b2-fabric-b1-c4-r1-task-0219,fabric_post_snapshot,True,,2491,1783272416169,0,,False
2184,b2-fabric-b1-c4-r1,b2-fabric-b1-c4-r1-task-0217,fabric_post_snapshot,True,,2495,1783272416167,0,,False
2185,b2-fabric-b1-c4-r1,b2-fabric-b1-c4-r1-task-0218,fabric_post_snapshot,True,,2495,1783272416168,0,,False
2186,b2-fabric-b1-c4-r1,b2-fabric-b1-c4-r1-task-0216,fabric_post_snapshot,True,,2492,1783272416172,0,,False
2187,b2-fabric-b1-c4-r1,b2-fabric-b1-c4-r1-task-0217,fabric_query_confirmation,True,,125,1783272418662,0,,False
2188,b2-fabric-b1-c4-r1,b2-fabric-b1-c4-r1-task-0219,fabric_query_confirmation,True,,128,1783272418660,0,,False
2189,b2-fabric-b1-c4-r1,b2-fabric-b1-c4-r1-task-0216,fabric_query_confirmation,True,,125,1783272418664,0,,False
2190,b2-fabric-b1-c4-r1,b2-fabric-b1-c4-r1-task-0218,fabric_query_confirmation,True,,127,1783272418663,0,,False
2191,b2-fabric-b1-c4-r1,b2-fabric-b1-c4-r1-task-0216,fabric_vote_1,True,,2326,1783272418789,0,,False
2192,b2-fabric-b1-c4-r1,b2-fabric-b1-c4-r1-task-0217,fabric_vote_1,True,,2329,1783272418787,0,,False
2193,b2-fabric-b1-c4-r1,b2-fabric-b1-c4-r1-task-0219,fabric_vote_1,True,,2330,1783272418788,0,,False
2194,b2-fabric-b1-c4-r1,b2-fabric-b1-c4-r1-task-0218,fabric_vote_1,True,,2328,1783272418790,0,,False
2195,b2-fabric-b1-c4-r1,b2-fabric-b1-c4-r1-task-0217,fabric_vote_2,True,,2275,1783272421116,0,,False
2196,b2-fabric-b1-c4-r1,b2-fabric-b1-c4-r1-task-0219,fabric_vote_2,True,,2274,1783272421118,0,,False
2197,b2-fabric-b1-c4-r1,b2-fabric-b1-c4-r1-task-0218,fabric_vote_2,True,,2275,1783272421118,0,,False
2198,b2-fabric-b1-c4-r1,b2-fabric-b1-c4-r1-task-0216,fabric_vote_2,True,,2278,1783272421115,0,,False
2199,b2-fabric-b1-c4-r1,b2-fabric-b1-c4-r1-task-0217,fabric_settlement,True,,2312,1783272423391,0,,False
2200,b2-fabric-b1-c4-r1,b2-fabric-b1-c4-r1-task-0219,fabric_settlement,True,,2311,1783272423392,0,,False
2201,b2-fabric-b1-c4-r1,b2-fabric-b1-c4-r1-task-0218,fabric_settlement,True,,2312,1783272423393,0,,False
2202,b2-fabric-b1-c4-r1,b2-fabric-b1-c4-r1-task-0216,fabric_settlement,True,,2313,1783272423393,0,,False
2203,b2-fabric-b1-c4-r1,b2-fabric-b1-c4-r1-task-0219,fabric_query_final,True,,396,1783272425703,0,,False
2204,b2-fabric-b1-c4-r1,b2-fabric-b1-c4-r1-task-0217,fabric_query_final,True,,396,1783272425703,0,,False
2205,b2-fabric-b1-c4-r1,b2-fabric-b1-c4-r1-task-0216,fabric_query_final,True,,394,1783272425706,0,,False
2206,b2-fabric-b1-c4-r1,b2-fabric-b1-c4-r1-task-0218,fabric_query_final,True,,399,1783272425705,0,,False
2207,b2-fabric-b1-c4-r1,b2-fabric-b1-c4-r1-task-0219,ipfs_verify,True,,8,1783272426099,0,QmNhbectLBJKJjaBFkjTFgZM6bzSgrQqfV2nzNGd7hnhXp,False
2208,b2-fabric-b1-c4-r1,b2-fabric-b1-c4-r1-task-0217,ipfs_verify,True,,9,1783272426099,0,QmSJABdfLv4Bpp2eX5n5HPKM57QCdjn63jgA55THvNNed2,False
2209,b2-fabric-b1-c4-r1,b2-fabric-b1-c4-r1-task-0216,ipfs_verify,True,,9,1783272426100,0,QmWRqVXWHuiCnyPwtVKNcTtPcSDmJqXWmtgqtbSbCRQFN4,False
2210,b2-fabric-b1-c4-r1,b2-fabric-b1-c4-r1-task-0218,ipfs_verify,True,,8,1783272426104,0,Qme1iJktEs7YhnQf7MbuHozo4uZPGWWEs3BYJ6zBCFpdMN,False
2211,b2-fabric-b1-c4-r1,b2-fabric-b1-c4-r1-task-0221,ipfs_add,True,,59,1783272426108,3158,,False
2212,b2-fabric-b1-c4-r1,b2-fabric-b1-c4-r1-task-0220,ipfs_add,True,,73,1783272426107,4548,,False
2213,b2-fabric-b1-c4-r1,b2-fabric-b1-c4-r1-task-0222,ipfs_add,True,,82,1783272426109,1324,,False
2214,b2-fabric-b1-c4-r1,b2-fabric-b1-c4-r1-task-0223,ipfs_add,True,,94,1783272426112,3496,,False
2215,b2-fabric-b1-c4-r1,b2-fabric-b1-c4-r1-task-0221,fabric_post_task,True,,3641,1783272426167,3158,QmWVfmqjcSuDEvXN6AQHwxkPXEvwWEr5xAd7VvqaLGMK2z,False
2216,b2-fabric-b1-c4-r1,b2-fabric-b1-c4-r1-task-0222,fabric_post_task,True,,3618,1783272426191,1324,QmS9gSDSA2dNcaqguAdbXiugT37zErUJRQhyYdHW4FYF1Z,False
2217,b2-fabric-b1-c4-r1,b2-fabric-b1-c4-r1-task-0220,fabric_post_task,True,,3629,1783272426180,4548,QmYYxvJgNUHcuw3V2RQoYsrDaUwRXmGhJB4S5YoBbJAdi9,False
2218,b2-fabric-b1-c4-r1,b2-fabric-b1-c4-r1-task-0223,fabric_post_task,True,,3604,1783272426206,3496,QmWbbDn5PocUVAwa1Z8DaHWZAUyYjNR994MzCi3frghkPT,False
2219,b2-fabric-b1-c4-r1,b2-fabric-b1-c4-r1-task-0222,fabric_post_allocation,True,,2305,1783272429809,0,,False
2220,b2-fabric-b1-c4-r1,b2-fabric-b1-c4-r1-task-0221,fabric_post_allocation,True,,2307,1783272429808,0,,False
2221,b2-fabric-b1-c4-r1,b2-fabric-b1-c4-r1-task-0220,fabric_post_allocation,True,,2306,1783272429809,0,,False
2222,b2-fabric-b1-c4-r1,b2-fabric-b1-c4-r1-task-0223,fabric_post_allocation,True,,2307,1783272429810,0,,False
2223,b2-fabric-b1-c4-r1,b2-fabric-b1-c4-r1-task-0221,fabric_post_snapshot,True,,2495,1783272432115,0,,False
2224,b2-fabric-b1-c4-r1,b2-fabric-b1-c4-r1-task-0222,fabric_post_snapshot,True,,2498,1783272432114,0,,False
2225,b2-fabric-b1-c4-r1,b2-fabric-b1-c4-r1-task-0220,fabric_post_snapshot,True,,2497,1783272432115,0,,False
2226,b2-fabric-b1-c4-r1,b2-fabric-b1-c4-r1-task-0223,fabric_post_snapshot,True,,2497,1783272432117,0,,False
2227,b2-fabric-b1-c4-r1,b2-fabric-b1-c4-r1-task-0222,fabric_query_confirmation,True,,129,1783272434612,0,,False
2228,b2-fabric-b1-c4-r1,b2-fabric-b1-c4-r1-task-0221,fabric_query_confirmation,True,,132,1783272434610,0,,False
2229,b2-fabric-b1-c4-r1,b2-fabric-b1-c4-r1-task-0220,fabric_query_confirmation,True,,131,1783272434612,0,,False
2230,b2-fabric-b1-c4-r1,b2-fabric-b1-c4-r1-task-0223,fabric_query_confirmation,True,,132,1783272434614,0,,False
2231,b2-fabric-b1-c4-r1,b2-fabric-b1-c4-r1-task-0220,fabric_vote_1,True,,2305,1783272434743,0,,False
2232,b2-fabric-b1-c4-r1,b2-fabric-b1-c4-r1-task-0223,fabric_vote_1,True,,2303,1783272434746,0,,False
2233,b2-fabric-b1-c4-r1,b2-fabric-b1-c4-r1-task-0221,fabric_vote_1,True,,2307,1783272434742,0,,False
2234,b2-fabric-b1-c4-r1,b2-fabric-b1-c4-r1-task-0222,fabric_vote_1,True,,2311,1783272434741,0,,False
2235,b2-fabric-b1-c4-r1,b2-fabric-b1-c4-r1-task-0220,fabric_vote_2,True,,2482,1783272437048,0,,False
2236,b2-fabric-b1-c4-r1,b2-fabric-b1-c4-r1-task-0221,fabric_vote_2,True,,2482,1783272437049,0,,False
2237,b2-fabric-b1-c4-r1,b2-fabric-b1-c4-r1-task-0223,fabric_vote_2,True,,2483,1783272437049,0,,False
2238,b2-fabric-b1-c4-r1,b2-fabric-b1-c4-r1-task-0222,fabric_vote_2,True,,2482,1783272437052,0,,False
2239,b2-fabric-b1-c4-r1,b2-fabric-b1-c4-r1-task-0222,fabric_settlement,True,,2507,1783272439534,0,,False
2240,b2-fabric-b1-c4-r1,b2-fabric-b1-c4-r1-task-0221,fabric_settlement,True,,2511,1783272439531,0,,False
2241,b2-fabric-b1-c4-r1,b2-fabric-b1-c4-r1-task-0220,fabric_settlement,True,,2513,1783272439530,0,,False
2242,b2-fabric-b1-c4-r1,b2-fabric-b1-c4-r1-task-0223,fabric_settlement,True,,2514,1783272439532,0,,False
2243,b2-fabric-b1-c4-r1,b2-fabric-b1-c4-r1-task-0221,fabric_query_final,True,,863,1783272442042,0,,False
2244,b2-fabric-b1-c4-r1,b2-fabric-b1-c4-r1-task-0220,fabric_query_final,True,,863,1783272442043,0,,False
2245,b2-fabric-b1-c4-r1,b2-fabric-b1-c4-r1-task-0223,fabric_query_final,True,,860,1783272442046,0,,False
2246,b2-fabric-b1-c4-r1,b2-fabric-b1-c4-r1-task-0222,fabric_query_final,True,,871,1783272442041,0,,False
2247,b2-fabric-b1-c4-r1,b2-fabric-b1-c4-r1-task-0220,ipfs_verify,True,,12,1783272442906,0,QmYYxvJgNUHcuw3V2RQoYsrDaUwRXmGhJB4S5YoBbJAdi9,False
2248,b2-fabric-b1-c4-r1,b2-fabric-b1-c4-r1-task-0221,ipfs_verify,True,,14,1783272442905,0,QmWVfmqjcSuDEvXN6AQHwxkPXEvwWEr5xAd7VvqaLGMK2z,False
2249,b2-fabric-b1-c4-r1,b2-fabric-b1-c4-r1-task-0223,ipfs_verify,True,,13,1783272442906,0,QmWbbDn5PocUVAwa1Z8DaHWZAUyYjNR994MzCi3frghkPT,False
2250,b2-fabric-b1-c4-r1,b2-fabric-b1-c4-r1-task-0222,ipfs_verify,True,,10,1783272442912,0,QmS9gSDSA2dNcaqguAdbXiugT37zErUJRQhyYdHW4FYF1Z,False
2251,b2-fabric-b1-c4-r1,b2-fabric-b1-c4-r1-task-0226,ipfs_add,True,,28,1783272442919,2097,,False
2252,b2-fabric-b1-c4-r1,b2-fabric-b1-c4-r1-task-0224,ipfs_add,True,,41,1783272442918,1434,,False
2253,b2-fabric-b1-c4-r1,b2-fabric-b1-c4-r1-task-0225,ipfs_add,True,,52,1783272442919,2951,,False
2254,b2-fabric-b1-c4-r1,b2-fabric-b1-c4-r1-task-0227,ipfs_add,True,,61,1783272442922,2681,,False
2255,b2-fabric-b1-c4-r1,b2-fabric-b1-c4-r1-task-0224,fabric_post_task,True,,114,1783272442959,1434,Qmbpj7kBGWLUhW2szT9f3rx2oZsCwi6t2fMD1Smb2wFi3D,False
2256,b2-fabric-b1-c4-r1,b2-fabric-b1-c4-r1-task-0226,fabric_post_task,True,,128,1783272442947,2097,QmYKcvqVA5kpfJsuCUkNUdEao6JQhFACmrPAQEP38tsjSp,False
2257,b2-fabric-b1-c4-r1,b2-fabric-b1-c4-r1-task-0227,fabric_post_task,True,,92,1783272442983,2681,QmaotMaC4Hb3cSu92BbQ6XF1kKexFQRifGmXvXQ9CscYbr,False
2258,b2-fabric-b1-c4-r1,b2-fabric-b1-c4-r1-task-0225,fabric_post_task,True,,106,1783272442971,2951,QmP2y2GKPy6gwArpzaE2RA5dRRgeXWNUH6Gyquaruz27DM,False
2259,b2-fabric-b1-c4-r1,b2-fabric-b1-c4-r1-task-0225,fabric_post_allocation,True,,2421,1783272443077,0,,False
2260,b2-fabric-b1-c4-r1,b2-fabric-b1-c4-r1-task-0224,fabric_post_allocation,True,,2426,1783272443073,0,,False
2261,b2-fabric-b1-c4-r1,b2-fabric-b1-c4-r1-task-0227,fabric_post_allocation,True,,2425,1783272443075,0,,False
2262,b2-fabric-b1-c4-r1,b2-fabric-b1-c4-r1-task-0226,fabric_post_allocation,True,,2427,1783272443075,0,,False
2263,b2-fabric-b1-c4-r1,b2-fabric-b1-c4-r1-task-0227,fabric_post_snapshot,True,,2553,1783272445500,0,,False
2264,b2-fabric-b1-c4-r1,b2-fabric-b1-c4-r1-task-0224,fabric_post_snapshot,True,,2555,1783272445499,0,,False
2265,b2-fabric-b1-c4-r1,b2-fabric-b1-c4-r1-task-0225,fabric_post_snapshot,True,,2557,1783272445498,0,,False
2266,b2-fabric-b1-c4-r1,b2-fabric-b1-c4-r1-task-0226,fabric_post_snapshot,True,,2553,1783272445502,0,,False
2267,b2-fabric-b1-c4-r1,b2-fabric-b1-c4-r1-task-0225,fabric_query_confirmation,True,,120,1783272448055,0,,False
2268,b2-fabric-b1-c4-r1,b2-fabric-b1-c4-r1-task-0226,fabric_query_confirmation,True,,120,1783272448055,0,,False
2269,b2-fabric-b1-c4-r1,b2-fabric-b1-c4-r1-task-0227,fabric_query_confirmation,True,,123,1783272448053,0,,False
2270,b2-fabric-b1-c4-r1,b2-fabric-b1-c4-r1-task-0224,fabric_query_confirmation,True,,124,1783272448054,0,,False
2271,b2-fabric-b1-c4-r1,b2-fabric-b1-c4-r1-task-0224,fabric_vote_1,True,,2559,1783272448178,0,,False
2272,b2-fabric-b1-c4-r1,b2-fabric-b1-c4-r1-task-0226,fabric_vote_1,True,,2563,1783272448175,0,,False
2273,b2-fabric-b1-c4-r1,b2-fabric-b1-c4-r1-task-0225,fabric_vote_1,True,,2564,1783272448175,0,,False
2274,b2-fabric-b1-c4-r1,b2-fabric-b1-c4-r1-task-0227,fabric_vote_1,True,,2564,1783272448176,0,,False
2275,b2-fabric-b1-c4-r1,b2-fabric-b1-c4-r1-task-0224,fabric_vote_2,True,,2292,1783272450737,0,,False
2276,b2-fabric-b1-c4-r1,b2-fabric-b1-c4-r1-task-0226,fabric_vote_2,True,,2292,1783272450738,0,,False
2277,b2-fabric-b1-c4-r1,b2-fabric-b1-c4-r1-task-0227,fabric_vote_2,True,,2291,1783272450740,0,,False
2278,b2-fabric-b1-c4-r1,b2-fabric-b1-c4-r1-task-0225,fabric_vote_2,True,,2293,1783272450739,0,,False
2279,b2-fabric-b1-c4-r1,b2-fabric-b1-c4-r1-task-0224,fabric_settlement,True,,2619,1783272453029,0,,False
2280,b2-fabric-b1-c4-r1,b2-fabric-b1-c4-r1-task-0225,fabric_settlement,True,,2618,1783272453032,0,,False
2281,b2-fabric-b1-c4-r1,b2-fabric-b1-c4-r1-task-0226,fabric_settlement,True,,2621,1783272453030,0,,False
2282,b2-fabric-b1-c4-r1,b2-fabric-b1-c4-r1-task-0227,fabric_settlement,True,,2621,1783272453031,0,,False
2283,b2-fabric-b1-c4-r1,b2-fabric-b1-c4-r1-task-0225,fabric_query_final,True,,590,1783272455650,0,,False
2284,b2-fabric-b1-c4-r1,b2-fabric-b1-c4-r1-task-0226,fabric_query_final,True,,590,1783272455651,0,,False
2285,b2-fabric-b1-c4-r1,b2-fabric-b1-c4-r1-task-0227,fabric_query_final,True,,589,1783272455652,0,,False
2286,b2-fabric-b1-c4-r1,b2-fabric-b1-c4-r1-task-0224,fabric_query_final,True,,596,1783272455648,0,,False
2287,b2-fabric-b1-c4-r1,b2-fabric-b1-c4-r1-task-0227,ipfs_verify,True,,6,1783272456241,0,QmaotMaC4Hb3cSu92BbQ6XF1kKexFQRifGmXvXQ9CscYbr,False
2288,b2-fabric-b1-c4-r1,b2-fabric-b1-c4-r1-task-0226,ipfs_verify,True,,7,1783272456241,0,QmYKcvqVA5kpfJsuCUkNUdEao6JQhFACmrPAQEP38tsjSp,False
2289,b2-fabric-b1-c4-r1,b2-fabric-b1-c4-r1-task-0225,ipfs_verify,True,,9,1783272456240,0,QmP2y2GKPy6gwArpzaE2RA5dRRgeXWNUH6Gyquaruz27DM,False
2290,b2-fabric-b1-c4-r1,b2-fabric-b1-c4-r1-task-0224,ipfs_verify,True,,6,1783272456244,0,Qmbpj7kBGWLUhW2szT9f3rx2oZsCwi6t2fMD1Smb2wFi3D,False
2291,b2-fabric-b1-c4-r1,b2-fabric-b1-c4-r1-task-0228,ipfs_add,True,,122,1783272456248,3049,,False
2292,b2-fabric-b1-c4-r1,b2-fabric-b1-c4-r1-task-0229,ipfs_add,True,,133,1783272456248,1853,,False
2293,b2-fabric-b1-c4-r1,b2-fabric-b1-c4-r1-task-0231,ipfs_add,True,,143,1783272456250,4749,,False
2294,b2-fabric-b1-c4-r1,b2-fabric-b1-c4-r1-task-0230,ipfs_add,True,,156,1783272456249,4672,,False
2295,b2-fabric-b1-c4-r1,b2-fabric-b1-c4-r1-task-0231,fabric_post_task,True,,3489,1783272456393,4749,QmZ1zUyz7qR3sEW9z4W3mHUGs871kKaNMsvhBu7yRneVTT,False
2296,b2-fabric-b1-c4-r1,b2-fabric-b1-c4-r1-task-0228,fabric_post_task,True,,3513,1783272456370,3049,Qmcg9hZwBNt4mPUVQKwcf3whBnxD8r9WzcLGYR2bbkVKYL,False
2297,b2-fabric-b1-c4-r1,b2-fabric-b1-c4-r1-task-0229,fabric_post_task,True,,3503,1783272456381,1853,QmU1c3q88Niv1hpqR47GYDb1SQRJPW8Sq3y68qKJ6gnFaK,False
2298,b2-fabric-b1-c4-r1,b2-fabric-b1-c4-r1-task-0230,fabric_post_task,True,,3480,1783272456405,4672,QmVVrWGoPddnyHraUM2wUgG7XF2t7LkAUG71CvTqMUfisz,False
2299,b2-fabric-b1-c4-r1,b2-fabric-b1-c4-r1-task-0231,fabric_post_allocation,True,,2355,1783272459882,0,,False
2300,b2-fabric-b1-c4-r1,b2-fabric-b1-c4-r1-task-0228,fabric_post_allocation,True,,2355,1783272459883,0,,False
2301,b2-fabric-b1-c4-r1,b2-fabric-b1-c4-r1-task-0230,fabric_post_allocation,True,,2353,1783272459885,0,,False
2302,b2-fabric-b1-c4-r1,b2-fabric-b1-c4-r1-task-0229,fabric_post_allocation,True,,2357,1783272459884,0,,False
2303,b2-fabric-b1-c4-r1,b2-fabric-b1-c4-r1-task-0229,fabric_post_snapshot,True,,2475,1783272462241,0,,False
2304,b2-fabric-b1-c4-r1,b2-fabric-b1-c4-r1-task-0230,fabric_post_snapshot,True,,2480,1783272462238,0,,False
2305,b2-fabric-b1-c4-r1,b2-fabric-b1-c4-r1-task-0231,fabric_post_snapshot,True,,2483,1783272462237,0,,False
2306,b2-fabric-b1-c4-r1,b2-fabric-b1-c4-r1-task-0228,fabric_post_snapshot,True,,2484,1783272462238,0,,False
2307,b2-fabric-b1-c4-r1,b2-fabric-b1-c4-r1-task-0228,fabric_query_confirmation,True,,144,1783272464722,0,,False
2308,b2-fabric-b1-c4-r1,b2-fabric-b1-c4-r1-task-0230,fabric_query_confirmation,True,,149,1783272464718,0,,False
2309,b2-fabric-b1-c4-r1,b2-fabric-b1-c4-r1-task-0231,fabric_query_confirmation,True,,150,1783272464720,0,,False
2310,b2-fabric-b1-c4-r1,b2-fabric-b1-c4-r1-task-0229,fabric_query_confirmation,True,,156,1783272464716,0,,False
2311,b2-fabric-b1-c4-r1,b2-fabric-b1-c4-r1-task-0230,fabric_vote_1,True,,2335,1783272464867,0,,False
2312,b2-fabric-b1-c4-r1,b2-fabric-b1-c4-r1-task-0228,fabric_vote_1,True,,2336,1783272464866,0,,False
2313,b2-fabric-b1-c4-r1,b2-fabric-b1-c4-r1-task-0229,fabric_vote_1,True,,2331,1783272464872,0,,False
2314,b2-fabric-b1-c4-r1,b2-fabric-b1-c4-r1-task-0231,fabric_vote_1,True,,2336,1783272464870,0,,False
2315,b2-fabric-b1-c4-r1,b2-fabric-b1-c4-r1-task-0231,fabric_vote_2,True,,2587,1783272467206,0,,False
2316,b2-fabric-b1-c4-r1,b2-fabric-b1-c4-r1-task-0229,fabric_vote_2,True,,2592,1783272467203,0,,False
2317,b2-fabric-b1-c4-r1,b2-fabric-b1-c4-r1-task-0228,fabric_vote_2,True,,2594,1783272467202,0,,False
2318,b2-fabric-b1-c4-r1,b2-fabric-b1-c4-r1-task-0230,fabric_vote_2,True,,2594,1783272467202,0,,False
2319,b2-fabric-b1-c4-r1,b2-fabric-b1-c4-r1-task-0229,fabric_settlement,True,,2310,1783272469795,0,,False
2320,b2-fabric-b1-c4-r1,b2-fabric-b1-c4-r1-task-0230,fabric_settlement,True,,2310,1783272469796,0,,False
2321,b2-fabric-b1-c4-r1,b2-fabric-b1-c4-r1-task-0231,fabric_settlement,True,,2314,1783272469793,0,,False
2322,b2-fabric-b1-c4-r1,b2-fabric-b1-c4-r1-task-0228,fabric_settlement,True,,2312,1783272469796,0,,False
2323,b2-fabric-b1-c4-r1,b2-fabric-b1-c4-r1-task-0229,fabric_query_final,True,,362,1783272472105,0,,False
2324,b2-fabric-b1-c4-r1,b2-fabric-b1-c4-r1-task-0228,fabric_query_final,True,,360,1783272472108,0,,False
2325,b2-fabric-b1-c4-r1,b2-fabric-b1-c4-r1-task-0231,fabric_query_final,True,,361,1783272472107,0,,False
2326,b2-fabric-b1-c4-r1,b2-fabric-b1-c4-r1-task-0230,fabric_query_final,True,,367,1783272472106,0,,False
2327,b2-fabric-b1-c4-r1,b2-fabric-b1-c4-r1-task-0228,ipfs_verify,True,,8,1783272472468,0,Qmcg9hZwBNt4mPUVQKwcf3whBnxD8r9WzcLGYR2bbkVKYL,False
2328,b2-fabric-b1-c4-r1,b2-fabric-b1-c4-r1-task-0229,ipfs_verify,True,,10,1783272472467,0,QmU1c3q88Niv1hpqR47GYDb1SQRJPW8Sq3y68qKJ6gnFaK,False
2329,b2-fabric-b1-c4-r1,b2-fabric-b1-c4-r1-task-0231,ipfs_verify,True,,10,1783272472468,0,QmZ1zUyz7qR3sEW9z4W3mHUGs871kKaNMsvhBu7yRneVTT,False
2330,b2-fabric-b1-c4-r1,b2-fabric-b1-c4-r1-task-0230,ipfs_verify,True,,6,1783272472473,0,QmVVrWGoPddnyHraUM2wUgG7XF2t7LkAUG71CvTqMUfisz,False
2331,b2-fabric-b1-c4-r1,b2-fabric-b1-c4-r1-task-0232,ipfs_add,True,,23,1783272472476,5652,,False
2332,b2-fabric-b1-c4-r1,b2-fabric-b1-c4-r1-task-0233,ipfs_add,True,,34,1783272472477,5561,,False
2333,b2-fabric-b1-c4-r1,b2-fabric-b1-c4-r1-task-0235,ipfs_add,True,,42,1783272472479,3473,,False
2334,b2-fabric-b1-c4-r1,b2-fabric-b1-c4-r1-task-0234,ipfs_add,True,,55,1783272472478,4813,,False
2335,b2-fabric-b1-c4-r1,b2-fabric-b1-c4-r1-task-0233,fabric_post_task,True,,240,1783272472511,5561,QmPiTWkJT1mbrmoTnV9zypQTW3Way5fUm3QKFnVCGaYeHm,False
2336,b2-fabric-b1-c4-r1,b2-fabric-b1-c4-r1-task-0232,fabric_post_task,True,,252,1783272472499,5652,QmSoSsUedyqXDpWjs8cPi259zwcokeishbBomFLbck3bFS,False
2337,b2-fabric-b1-c4-r1,b2-fabric-b1-c4-r1-task-0234,fabric_post_task,True,,219,1783272472533,4813,QmPib3HBbwLaFsPuT1LMCQzfpjcraJk2ud1LU6KcqXFQ9r,False
2338,b2-fabric-b1-c4-r1,b2-fabric-b1-c4-r1-task-0235,fabric_post_task,True,,232,1783272472521,3473,QmYicVCk9mEpCXvCjMGcMHHmbJVaPePcbBgZQABLWpBqqW,False
2339,b2-fabric-b1-c4-r1,b2-fabric-b1-c4-r1-task-0235,fabric_post_allocation,True,,2321,1783272472753,0,,False
2340,b2-fabric-b1-c4-r1,b2-fabric-b1-c4-r1-task-0232,fabric_post_allocation,True,,2324,1783272472751,0,,False
2341,b2-fabric-b1-c4-r1,b2-fabric-b1-c4-r1-task-0234,fabric_post_allocation,True,,2324,1783272472752,0,,False
2342,b2-fabric-b1-c4-r1,b2-fabric-b1-c4-r1-task-0233,fabric_post_allocation,True,,2327,1783272472751,0,,False
2343,b2-fabric-b1-c4-r1,b2-fabric-b1-c4-r1-task-0234,fabric_post_snapshot,True,,2506,1783272475076,0,,False
2344,b2-fabric-b1-c4-r1,b2-fabric-b1-c4-r1-task-0232,fabric_post_snapshot,True,,2508,1783272475075,0,,False
2345,b2-fabric-b1-c4-r1,b2-fabric-b1-c4-r1-task-0235,fabric_post_snapshot,True,,2509,1783272475074,0,,False
2346,b2-fabric-b1-c4-r1,b2-fabric-b1-c4-r1-task-0233,fabric_post_snapshot,True,,2506,1783272475078,0,,False
2347,b2-fabric-b1-c4-r1,b2-fabric-b1-c4-r1-task-0234,fabric_query_confirmation,True,,127,1783272477582,0,,False
2348,b2-fabric-b1-c4-r1,b2-fabric-b1-c4-r1-task-0233,fabric_query_confirmation,True,,125,1783272477584,0,,False
2349,b2-fabric-b1-c4-r1,b2-fabric-b1-c4-r1-task-0235,fabric_query_confirmation,True,,127,1783272477583,0,,False
2350,b2-fabric-b1-c4-r1,b2-fabric-b1-c4-r1-task-0232,fabric_query_confirmation,True,,129,1783272477583,0,,False
2351,b2-fabric-b1-c4-r1,b2-fabric-b1-c4-r1-task-0234,fabric_vote_1,True,,2470,1783272477709,0,,False
2352,b2-fabric-b1-c4-r1,b2-fabric-b1-c4-r1-task-0235,fabric_vote_1,True,,2471,1783272477710,0,,False
2353,b2-fabric-b1-c4-r1,b2-fabric-b1-c4-r1-task-0232,fabric_vote_1,True,,2469,1783272477712,0,,False
2354,b2-fabric-b1-c4-r1,b2-fabric-b1-c4-r1-task-0233,fabric_vote_1,True,,2473,1783272477709,0,,False
2355,b2-fabric-b1-c4-r1,b2-fabric-b1-c4-r1-task-0233,fabric_vote_2,True,,2267,1783272480182,0,,False
2356,b2-fabric-b1-c4-r1,b2-fabric-b1-c4-r1-task-0235,fabric_vote_2,True,,2269,1783272480181,0,,False
2357,b2-fabric-b1-c4-r1,b2-fabric-b1-c4-r1-task-0234,fabric_vote_2,True,,2272,1783272480179,0,,False
2358,b2-fabric-b1-c4-r1,b2-fabric-b1-c4-r1-task-0232,fabric_vote_2,True,,2271,1783272480181,0,,False
2359,b2-fabric-b1-c4-r1,b2-fabric-b1-c4-r1-task-0233,fabric_settlement,True,,2318,1783272482450,0,,False
2360,b2-fabric-b1-c4-r1,b2-fabric-b1-c4-r1-task-0235,fabric_settlement,True,,2320,1783272482450,0,,False
2361,b2-fabric-b1-c4-r1,b2-fabric-b1-c4-r1-task-0232,fabric_settlement,True,,2318,1783272482452,0,,False
2362,b2-fabric-b1-c4-r1,b2-fabric-b1-c4-r1-task-0234,fabric_settlement,True,,2322,1783272482451,0,,False
2363,b2-fabric-b1-c4-r1,b2-fabric-b1-c4-r1-task-0233,fabric_query_final,True,,559,1783272484768,0,,False
2364,b2-fabric-b1-c4-r1,b2-fabric-b1-c4-r1-task-0232,fabric_query_final,True,,558,1783272484770,0,,False
2365,b2-fabric-b1-c4-r1,b2-fabric-b1-c4-r1-task-0235,fabric_query_final,True,,558,1783272484770,0,,False
2366,b2-fabric-b1-c4-r1,b2-fabric-b1-c4-r1-task-0234,fabric_query_final,True,,558,1783272484773,0,,False
2367,b2-fabric-b1-c4-r1,b2-fabric-b1-c4-r1-task-0235,ipfs_verify,True,,7,1783272485328,0,QmYicVCk9mEpCXvCjMGcMHHmbJVaPePcbBgZQABLWpBqqW,False
2368,b2-fabric-b1-c4-r1,b2-fabric-b1-c4-r1-task-0232,ipfs_verify,True,,8,1783272485328,0,QmSoSsUedyqXDpWjs8cPi259zwcokeishbBomFLbck3bFS,False
2369,b2-fabric-b1-c4-r1,b2-fabric-b1-c4-r1-task-0233,ipfs_verify,True,,10,1783272485327,0,QmPiTWkJT1mbrmoTnV9zypQTW3Way5fUm3QKFnVCGaYeHm,False
2370,b2-fabric-b1-c4-r1,b2-fabric-b1-c4-r1-task-0234,ipfs_verify,True,,7,1783272485331,0,QmPib3HBbwLaFsPuT1LMCQzfpjcraJk2ud1LU6KcqXFQ9r,False
2371,b2-fabric-b1-c4-r1,b2-fabric-b1-c4-r1-task-0236,ipfs_add,True,,43,1783272485336,3609,,False
2372,b2-fabric-b1-c4-r1,b2-fabric-b1-c4-r1-task-0239,ipfs_add,True,,63,1783272485338,1409,,False
2373,b2-fabric-b1-c4-r1,b2-fabric-b1-c4-r1-task-0238,ipfs_add,True,,77,1783272485337,2789,,False
2374,b2-fabric-b1-c4-r1,b2-fabric-b1-c4-r1-task-0237,ipfs_add,True,,78,1783272485336,5358,,False
2375,b2-fabric-b1-c4-r1,b2-fabric-b1-c4-r1-task-0238,fabric_post_task,True,,3374,1783272485414,2789,QmT6ZzLsRWnFGbDxFiczkk711sF8hynyFyTCPutJbTgPxU,False
2376,b2-fabric-b1-c4-r1,b2-fabric-b1-c4-r1-task-0237,fabric_post_task,True,,3376,1783272485414,5358,QmVAq5JsSc7aMPcAaJdKWcsK7zz4oLxAr4YXCyVDbZzyuX,False
2377,b2-fabric-b1-c4-r1,b2-fabric-b1-c4-r1-task-0239,fabric_post_task,True,,3389,1783272485401,1409,QmQMeGcZwLYK3Pq3gZevpTDuLFbfuYKryRgEJBym4Nhd1b,False
2378,b2-fabric-b1-c4-r1,b2-fabric-b1-c4-r1-task-0236,fabric_post_task,True,,3413,1783272485379,3609,QmVXqjnDPn1ZWZeaYTpic5k9LeY4VnPGoRNhtDotr1gFPf,False
2379,b2-fabric-b1-c4-r1,b2-fabric-b1-c4-r1-task-0236,fabric_post_allocation,True,,2506,1783272488792,0,,False
2380,b2-fabric-b1-c4-r1,b2-fabric-b1-c4-r1-task-0239,fabric_post_allocation,True,,2509,1783272488790,0,,False
2381,b2-fabric-b1-c4-r1,b2-fabric-b1-c4-r1-task-0237,fabric_post_allocation,True,,2512,1783272488790,0,,False
2382,b2-fabric-b1-c4-r1,b2-fabric-b1-c4-r1-task-0238,fabric_post_allocation,True,,2514,1783272488788,0,,False
2383,b2-fabric-b1-c4-r1,b2-fabric-b1-c4-r1-task-0236,fabric_post_snapshot,True,,2292,1783272491298,0,,False
2384,b2-fabric-b1-c4-r1,b2-fabric-b1-c4-r1-task-0239,fabric_post_snapshot,True,,2292,1783272491299,0,,False
2385,b2-fabric-b1-c4-r1,b2-fabric-b1-c4-r1-task-0237,fabric_post_snapshot,True,,2290,1783272491302,0,,False
2386,b2-fabric-b1-c4-r1,b2-fabric-b1-c4-r1-task-0238,fabric_post_snapshot,True,,2293,1783272491302,0,,False
2387,b2-fabric-b1-c4-r1,b2-fabric-b1-c4-r1-task-0237,fabric_query_confirmation,True,,126,1783272493592,0,,False
2388,b2-fabric-b1-c4-r1,b2-fabric-b1-c4-r1-task-0236,fabric_query_confirmation,True,,129,1783272493590,0,,False
2389,b2-fabric-b1-c4-r1,b2-fabric-b1-c4-r1-task-0239,fabric_query_confirmation,True,,128,1783272493591,0,,False
2390,b2-fabric-b1-c4-r1,b2-fabric-b1-c4-r1-task-0238,fabric_query_confirmation,True,,125,1783272493595,0,,False
2391,b2-fabric-b1-c4-r1,b2-fabric-b1-c4-r1-task-0239,fabric_vote_1,True,,2273,1783272493719,0,,False
2392,b2-fabric-b1-c4-r1,b2-fabric-b1-c4-r1-task-0238,fabric_vote_1,True,,2272,1783272493720,0,,False
2393,b2-fabric-b1-c4-r1,b2-fabric-b1-c4-r1-task-0236,fabric_vote_1,True,,2274,1783272493719,0,,False
2394,b2-fabric-b1-c4-r1,b2-fabric-b1-c4-r1-task-0237,fabric_vote_1,True,,2277,1783272493718,0,,False
2395,b2-fabric-b1-c4-r1,b2-fabric-b1-c4-r1-task-0236,fabric_vote_2,True,,2481,1783272495993,0,,False
2396,b2-fabric-b1-c4-r1,b2-fabric-b1-c4-r1-task-0237,fabric_vote_2,True,,2481,1783272495995,0,,False
2397,b2-fabric-b1-c4-r1,b2-fabric-b1-c4-r1-task-0238,fabric_vote_2,True,,2485,1783272495992,0,,False
2398,b2-fabric-b1-c4-r1,b2-fabric-b1-c4-r1-task-0239,fabric_vote_2,True,,2485,1783272495992,0,,False
2399,b2-fabric-b1-c4-r1,b2-fabric-b1-c4-r1-task-0239,fabric_settlement,True,,2376,1783272498477,0,,False
2400,b2-fabric-b1-c4-r1,b2-fabric-b1-c4-r1-task-0236,fabric_settlement,True,,2379,1783272498474,0,,False
2401,b2-fabric-b1-c4-r1,b2-fabric-b1-c4-r1-task-0237,fabric_settlement,True,,2378,1783272498476,0,,False
2402,b2-fabric-b1-c4-r1,b2-fabric-b1-c4-r1-task-0238,fabric_settlement,True,,2381,1783272498477,0,,False
2403,b2-fabric-b1-c4-r1,b2-fabric-b1-c4-r1-task-0236,fabric_query_final,True,,707,1783272500853,0,,False
2404,b2-fabric-b1-c4-r1,b2-fabric-b1-c4-r1-task-0239,fabric_query_final,True,,708,1783272500853,0,,False
2405,b2-fabric-b1-c4-r1,b2-fabric-b1-c4-r1-task-0237,fabric_query_final,True,,707,1783272500854,0,,False
2406,b2-fabric-b1-c4-r1,b2-fabric-b1-c4-r1-task-0236,ipfs_verify,True,,9,1783272501560,0,QmVXqjnDPn1ZWZeaYTpic5k9LeY4VnPGoRNhtDotr1gFPf,False
2407,b2-fabric-b1-c4-r1,b2-fabric-b1-c4-r1-task-0239,ipfs_verify,True,,9,1783272501561,0,QmQMeGcZwLYK3Pq3gZevpTDuLFbfuYKryRgEJBym4Nhd1b,False
2408,b2-fabric-b1-c4-r1,b2-fabric-b1-c4-r1-task-0237,ipfs_verify,True,,10,1783272501561,0,QmVAq5JsSc7aMPcAaJdKWcsK7zz4oLxAr4YXCyVDbZzyuX,False
2409,b2-fabric-b1-c4-r1,b2-fabric-b1-c4-r1-task-0242,ipfs_add,True,,35,1783272501571,2053,,False
2410,b2-fabric-b1-c4-r1,b2-fabric-b1-c4-r1-task-0240,ipfs_add,True,,48,1783272501570,1900,,False
2411,b2-fabric-b1-c4-r1,b2-fabric-b1-c4-r1-task-0241,ipfs_add,True,,60,1783272501570,2700,,False
2412,b2-fabric-b1-c4-r1,b2-fabric-b1-c4-r1-task-0238,fabric_query_final,True,,869,1783272500858,0,,False
2413,b2-fabric-b1-c4-r1,b2-fabric-b1-c4-r1-task-0238,ipfs_verify,True,,7,1783272501727,0,QmT6ZzLsRWnFGbDxFiczkk711sF8hynyFyTCPutJbTgPxU,False
2414,b2-fabric-b1-c4-r1,b2-fabric-b1-c4-r1-task-0243,ipfs_add,True,,145,1783272501735,1456,,False
2415,b2-fabric-b1-c4-r1,b2-fabric-b1-c4-r1-task-0242,fabric_post_task,True,,-139,1783272501606,2053,QmNubnQEoCoKW34iLEEdjbFpwQuVWvqdKUZP7pPaRitT9Z,False
2416,b2-fabric-b1-c4-r1,b2-fabric-b1-c4-r1-task-0240,fabric_post_task,True,,-150,1783272501618,1900,QmRfDCDvLXbQCMFDCB2yZ6ZQfQ9nRcY5sEkbivZjmdkej6,False
2417,b2-fabric-b1-c4-r1,b2-fabric-b1-c4-r1-task-0241,fabric_post_task,True,,-160,1783272501630,2700,QmfEJkxeZXBCtVrzRc9tWUkiwMt3QbnPxy27zPrhErg5Mj,False
2418,b2-fabric-b1-c4-r1,b2-fabric-b1-c4-r1-task-0243,fabric_post_task,True,,-409,1783272501880,1456,QmRSRcL9QGoh8VvDT2ixSsZg96fnWrX8z1a5S7uHJpt7kp,False
2419,b2-fabric-b1-c4-r1,b2-fabric-b1-c4-r1-task-0240,fabric_post_allocation,True,,2325,1783272501468,0,,False
2420,b2-fabric-b1-c4-r1,b2-fabric-b1-c4-r1-task-0242,fabric_post_allocation,True,,2327,1783272501467,0,,False
2421,b2-fabric-b1-c4-r1,b2-fabric-b1-c4-r1-task-0243,fabric_post_allocation,True,,2324,1783272501471,0,,False
2422,b2-fabric-b1-c4-r1,b2-fabric-b1-c4-r1-task-0241,fabric_post_allocation,True,,2328,1783272501470,0,,False
2423,b2-fabric-b1-c4-r1,b2-fabric-b1-c4-r1-task-0241,fabric_post_snapshot,True,,2362,1783272503798,0,,False
2424,b2-fabric-b1-c4-r1,b2-fabric-b1-c4-r1-task-0240,fabric_post_snapshot,True,,2368,1783272503793,0,,False
2425,b2-fabric-b1-c4-r1,b2-fabric-b1-c4-r1-task-0243,fabric_post_snapshot,True,,2366,1783272503795,0,,False
2426,b2-fabric-b1-c4-r1,b2-fabric-b1-c4-r1-task-0242,fabric_post_snapshot,True,,2369,1783272503794,0,,False
2427,b2-fabric-b1-c4-r1,b2-fabric-b1-c4-r1-task-0243,fabric_query_confirmation,True,,329,1783272506161,0,,False
2428,b2-fabric-b1-c4-r1,b2-fabric-b1-c4-r1-task-0240,fabric_query_confirmation,True,,330,1783272506161,0,,False
2429,b2-fabric-b1-c4-r1,b2-fabric-b1-c4-r1-task-0242,fabric_query_confirmation,True,,328,1783272506163,0,,False
2430,b2-fabric-b1-c4-r1,b2-fabric-b1-c4-r1-task-0241,fabric_query_confirmation,True,,333,1783272506160,0,,False
2431,b2-fabric-b1-c4-r1,b2-fabric-b1-c4-r1-task-0241,fabric_vote_1,True,,2454,1783272506493,0,,False
2432,b2-fabric-b1-c4-r1,b2-fabric-b1-c4-r1-task-0243,fabric_vote_1,True,,2457,1783272506490,0,,False
2433,b2-fabric-b1-c4-r1,b2-fabric-b1-c4-r1-task-0240,fabric_vote_1,True,,2457,1783272506491,0,,False
2434,b2-fabric-b1-c4-r1,b2-fabric-b1-c4-r1-task-0242,fabric_vote_1,True,,2460,1783272506491,0,,False
2435,b2-fabric-b1-c4-r1,b2-fabric-b1-c4-r1-task-0243,fabric_vote_2,True,,2516,1783272508947,0,,False
2436,b2-fabric-b1-c4-r1,b2-fabric-b1-c4-r1-task-0242,fabric_vote_2,True,,2514,1783272508951,0,,False
2437,b2-fabric-b1-c4-r1,b2-fabric-b1-c4-r1-task-0240,fabric_vote_2,True,,2519,1783272508948,0,,False
2438,b2-fabric-b1-c4-r1,b2-fabric-b1-c4-r1-task-0241,fabric_vote_2,True,,2520,1783272508947,0,,False
2439,b2-fabric-b1-c4-r1,b2-fabric-b1-c4-r1-task-0240,fabric_settlement,True,,2350,1783272511467,0,,False
2440,b2-fabric-b1-c4-r1,b2-fabric-b1-c4-r1-task-0241,fabric_settlement,True,,2351,1783272511467,0,,False
2441,b2-fabric-b1-c4-r1,b2-fabric-b1-c4-r1-task-0243,fabric_settlement,True,,2356,1783272511463,0,,False
2442,b2-fabric-b1-c4-r1,b2-fabric-b1-c4-r1-task-0242,fabric_settlement,True,,2354,1783272511465,0,,False
2443,b2-fabric-b1-c4-r1,b2-fabric-b1-c4-r1-task-0242,fabric_query_final,True,,404,1783272513819,0,,False
2444,b2-fabric-b1-c4-r1,b2-fabric-b1-c4-r1-task-0241,fabric_query_final,True,,405,1783272513818,0,,False
2445,b2-fabric-b1-c4-r1,b2-fabric-b1-c4-r1-task-0240,fabric_query_final,True,,407,1783272513817,0,,False
2446,b2-fabric-b1-c4-r1,b2-fabric-b1-c4-r1-task-0243,fabric_query_final,True,,408,1783272513819,0,,False
2447,b2-fabric-b1-c4-r1,b2-fabric-b1-c4-r1-task-0240,ipfs_verify,True,,9,1783272514224,0,QmRfDCDvLXbQCMFDCB2yZ6ZQfQ9nRcY5sEkbivZjmdkej6,False
2448,b2-fabric-b1-c4-r1,b2-fabric-b1-c4-r1-task-0242,ipfs_verify,True,,11,1783272514223,0,QmNubnQEoCoKW34iLEEdjbFpwQuVWvqdKUZP7pPaRitT9Z,False
2449,b2-fabric-b1-c4-r1,b2-fabric-b1-c4-r1-task-0241,ipfs_verify,True,,12,1783272514223,0,QmfEJkxeZXBCtVrzRc9tWUkiwMt3QbnPxy27zPrhErg5Mj,False
2450,b2-fabric-b1-c4-r1,b2-fabric-b1-c4-r1-task-0243,ipfs_verify,True,,11,1783272514227,0,QmRSRcL9QGoh8VvDT2ixSsZg96fnWrX8z1a5S7uHJpt7kp,False
2451,b2-fabric-b1-c4-r1,b2-fabric-b1-c4-r1-task-0244,ipfs_add,True,,30,1783272514233,1940,,False
2452,b2-fabric-b1-c4-r1,b2-fabric-b1-c4-r1-task-0245,ipfs_add,True,,41,1783272514234,1397,,False
2453,b2-fabric-b1-c4-r1,b2-fabric-b1-c4-r1-task-0246,ipfs_add,True,,1002,1783272514235,1908,,False
2454,b2-fabric-b1-c4-r1,b2-fabric-b1-c4-r1-task-0247,ipfs_add,True,,1012,1783272514238,1442,,False
2455,b2-fabric-b1-c4-r1,b2-fabric-b1-c4-r1-task-0246,fabric_post_task,True,,2486,1783272515237,1908,Qmbd379qf1e5jFN3VfVGanPkH2qj7HaxhCKRJVLas9XhVH,False
2456,b2-fabric-b1-c4-r1,b2-fabric-b1-c4-r1-task-0244,fabric_post_task,True,,3461,1783272514263,1940,QmZRkcbZv6DrZ32YxAdk9t2kzi1YwGMwtxRpuS6Qjz4ByS,False
2457,b2-fabric-b1-c4-r1,b2-fabric-b1-c4-r1-task-0245,fabric_post_task,True,,3449,1783272514275,1397,QmRfQ29mFdu3DgQcz3fAXc1k7t6oBRgjxH4rKPuQH1fX4o,False
2458,b2-fabric-b1-c4-r1,b2-fabric-b1-c4-r1-task-0247,fabric_post_task,True,,2477,1783272515250,1442,QmX6Pz1owsVrhohFcJpqY4nN99ZYTUNsMhoWJHmcAATrUC,False
2459,b2-fabric-b1-c4-r1,b2-fabric-b1-c4-r1-task-0244,fabric_post_allocation,True,,2326,1783272517724,0,,False
2460,b2-fabric-b1-c4-r1,b2-fabric-b1-c4-r1-task-0246,fabric_post_allocation,True,,2330,1783272517723,0,,False
2461,b2-fabric-b1-c4-r1,b2-fabric-b1-c4-r1-task-0247,fabric_post_allocation,True,,2327,1783272517727,0,,False
2462,b2-fabric-b1-c4-r1,b2-fabric-b1-c4-r1-task-0245,fabric_post_allocation,True,,2332,1783272517724,0,,False
2463,b2-fabric-b1-c4-r1,b2-fabric-b1-c4-r1-task-0245,fabric_post_snapshot,True,,2259,1783272520056,0,,False
2464,b2-fabric-b1-c4-r1,b2-fabric-b1-c4-r1-task-0246,fabric_post_snapshot,True,,2264,1783272520053,0,,False
2465,b2-fabric-b1-c4-r1,b2-fabric-b1-c4-r1-task-0244,fabric_post_snapshot,True,,2268,1783272520050,0,,False
2466,b2-fabric-b1-c4-r1,b2-fabric-b1-c4-r1-task-0247,fabric_post_snapshot,True,,2264,1783272520054,0,,False
2467,b2-fabric-b1-c4-r1,b2-fabric-b1-c4-r1-task-0245,fabric_query_confirmation,True,,130,1783272522315,0,,False
2468,b2-fabric-b1-c4-r1,b2-fabric-b1-c4-r1-task-0247,fabric_query_confirmation,True,,128,1783272522318,0,,False
2469,b2-fabric-b1-c4-r1,b2-fabric-b1-c4-r1-task-0246,fabric_query_confirmation,True,,129,1783272522317,0,,False
2470,b2-fabric-b1-c4-r1,b2-fabric-b1-c4-r1-task-0244,fabric_query_confirmation,True,,129,1783272522318,0,,False
2471,b2-fabric-b1-c4-r1,b2-fabric-b1-c4-r1-task-0245,fabric_vote_1,True,,2288,1783272522445,0,,False
2472,b2-fabric-b1-c4-r1,b2-fabric-b1-c4-r1-task-0247,fabric_vote_1,True,,2288,1783272522446,0,,False
2473,b2-fabric-b1-c4-r1,b2-fabric-b1-c4-r1-task-0246,fabric_vote_1,True,,2289,1783272522446,0,,False
2474,b2-fabric-b1-c4-r1,b2-fabric-b1-c4-r1-task-0244,fabric_vote_1,True,,2289,1783272522447,0,,False
2475,b2-fabric-b1-c4-r1,b2-fabric-b1-c4-r1-task-0245,fabric_vote_2,True,,2269,1783272524733,0,,False
2476,b2-fabric-b1-c4-r1,b2-fabric-b1-c4-r1-task-0247,fabric_vote_2,True,,2269,1783272524734,0,,False
2477,b2-fabric-b1-c4-r1,b2-fabric-b1-c4-r1-task-0244,fabric_vote_2,True,,2269,1783272524736,0,,False
2478,b2-fabric-b1-c4-r1,b2-fabric-b1-c4-r1-task-0246,fabric_vote_2,True,,2270,1783272524735,0,,False
2479,b2-fabric-b1-c4-r1,b2-fabric-b1-c4-r1-task-0245,fabric_settlement,True,,2348,1783272527002,0,,False
2480,b2-fabric-b1-c4-r1,b2-fabric-b1-c4-r1-task-0244,fabric_settlement,True,,2346,1783272527005,0,,False
2481,b2-fabric-b1-c4-r1,b2-fabric-b1-c4-r1-task-0247,fabric_settlement,True,,2348,1783272527003,0,,False
2482,b2-fabric-b1-c4-r1,b2-fabric-b1-c4-r1-task-0246,fabric_settlement,True,,2348,1783272527005,0,,False
2483,b2-fabric-b1-c4-r1,b2-fabric-b1-c4-r1-task-0244,fabric_query_final,True,,798,1783272529351,0,,False
2484,b2-fabric-b1-c4-r1,b2-fabric-b1-c4-r1-task-0245,fabric_query_final,True,,800,1783272529350,0,,False
2485,b2-fabric-b1-c4-r1,b2-fabric-b1-c4-r1-task-0246,fabric_query_final,True,,797,1783272529353,0,,False
2486,b2-fabric-b1-c4-r1,b2-fabric-b1-c4-r1-task-0247,fabric_query_final,True,,802,1783272529351,0,,False
2487,b2-fabric-b1-c4-r1,b2-fabric-b1-c4-r1-task-0246,ipfs_verify,True,,7,1783272530150,0,Qmbd379qf1e5jFN3VfVGanPkH2qj7HaxhCKRJVLas9XhVH,False
2488,b2-fabric-b1-c4-r1,b2-fabric-b1-c4-r1-task-0244,ipfs_verify,True,,9,1783272530149,0,QmZRkcbZv6DrZ32YxAdk9t2kzi1YwGMwtxRpuS6Qjz4ByS,False
2489,b2-fabric-b1-c4-r1,b2-fabric-b1-c4-r1-task-0245,ipfs_verify,True,,8,1783272530150,0,QmRfQ29mFdu3DgQcz3fAXc1k7t6oBRgjxH4rKPuQH1fX4o,False
2490,b2-fabric-b1-c4-r1,b2-fabric-b1-c4-r1-task-0247,ipfs_verify,True,,7,1783272530153,0,QmX6Pz1owsVrhohFcJpqY4nN99ZYTUNsMhoWJHmcAATrUC,False
2491,b2-fabric-b1-c4-r1,b2-fabric-b1-c4-r1-task-0249,ipfs_add,True,,71,1783272530158,1622,,False
2492,b2-fabric-b1-c4-r1,b2-fabric-b1-c4-r1-task-0248,ipfs_add,True,,82,1783272530157,1513,,False
2493,b2-fabric-b1-c4-r1,b2-fabric-b1-c4-r1-task-0250,ipfs_add,True,,92,1783272530158,1536,,False
2494,b2-fabric-b1-c4-r1,b2-fabric-b1-c4-r1-task-0251,ipfs_add,True,,101,1783272530160,1557,,False
2495,b2-fabric-b1-c4-r1,b2-fabric-b1-c4-r1-task-0250,fabric_post_task,True,,172,1783272530250,1536,Qmed7xmh1Coiscy6DWRC1YB617j5DeuyK8AizbfmSS6upB,False
2496,b2-fabric-b1-c4-r1,b2-fabric-b1-c4-r1-task-0251,fabric_post_task,True,,162,1783272530261,1557,QmZcHg4d9H8MPruWuXm1QwpfemphbX6MHQxju4nZvRocmZ,False
2497,b2-fabric-b1-c4-r1,b2-fabric-b1-c4-r1-task-0248,fabric_post_task,True,,185,1783272530239,1513,QmZm8oEeNJE8ud88izCLhLnkvJbBpn3DcxxACsWhMRdYhA,False
2498,b2-fabric-b1-c4-r1,b2-fabric-b1-c4-r1-task-0249,fabric_post_task,True,,196,1783272530229,1622,QmWhPk74ArLFk2azBUEPeV5DfbYzPqL1rjTNqE5zSC1Eut,False
2499,b2-fabric-b1-c4-r1,b2-fabric-b1-c4-r1-task-0250,fabric_post_allocation,True,,2314,1783272530422,0,,False
2500,b2-fabric-b1-c4-r1,b2-fabric-b1-c4-r1-task-0251,fabric_post_allocation,True,,2314,1783272530423,0,,False
2501,b2-fabric-b1-c4-r1,b2-fabric-b1-c4-r1-task-0248,fabric_post_allocation,True,,2315,1783272530424,0,,False
2502,b2-fabric-b1-c4-r1,b2-fabric-b1-c4-r1-task-0249,fabric_post_allocation,True,,2315,1783272530425,0,,False
2503,b2-fabric-b1-c4-r1,b2-fabric-b1-c4-r1-task-0248,fabric_post_snapshot,True,,2474,1783272532739,0,,False
2504,b2-fabric-b1-c4-r1,b2-fabric-b1-c4-r1-task-0251,fabric_post_snapshot,True,,2477,1783272532737,0,,False
2505,b2-fabric-b1-c4-r1,b2-fabric-b1-c4-r1-task-0250,fabric_post_snapshot,True,,2479,1783272532736,0,,False
2506,b2-fabric-b1-c4-r1,b2-fabric-b1-c4-r1-task-0249,fabric_post_snapshot,True,,2477,1783272532740,0,,False
2507,b2-fabric-b1-c4-r1,b2-fabric-b1-c4-r1-task-0250,fabric_query_confirmation,True,,133,1783272535215,0,,False
2508,b2-fabric-b1-c4-r1,b2-fabric-b1-c4-r1-task-0251,fabric_query_confirmation,True,,135,1783272535214,0,,False
2509,b2-fabric-b1-c4-r1,b2-fabric-b1-c4-r1-task-0249,fabric_query_confirmation,True,,132,1783272535217,0,,False
2510,b2-fabric-b1-c4-r1,b2-fabric-b1-c4-r1-task-0248,fabric_query_confirmation,True,,137,1783272535213,0,,False
2511,b2-fabric-b1-c4-r1,b2-fabric-b1-c4-r1-task-0249,fabric_vote_1,True,,2270,1783272535349,0,,False
2512,b2-fabric-b1-c4-r1,b2-fabric-b1-c4-r1-task-0251,fabric_vote_1,True,,2270,1783272535349,0,,False
2513,b2-fabric-b1-c4-r1,b2-fabric-b1-c4-r1-task-0248,fabric_vote_1,True,,2269,1783272535350,0,,False
2514,b2-fabric-b1-c4-r1,b2-fabric-b1-c4-r1-task-0250,fabric_vote_1,True,,2276,1783272535348,0,,False
2515,b2-fabric-b1-c4-r1,b2-fabric-b1-c4-r1-task-0250,fabric_vote_2,True,,2467,1783272537624,0,,False
2516,b2-fabric-b1-c4-r1,b2-fabric-b1-c4-r1-task-0251,fabric_vote_2,True,,2473,1783272537619,0,,False
2517,b2-fabric-b1-c4-r1,b2-fabric-b1-c4-r1-task-0248,fabric_vote_2,True,,2474,1783272537619,0,,False
2518,b2-fabric-b1-c4-r1,b2-fabric-b1-c4-r1-task-0249,fabric_vote_2,True,,2474,1783272537619,0,,False
2519,b2-fabric-b1-c4-r1,b2-fabric-b1-c4-r1-task-0251,fabric_settlement,True,,2311,1783272540093,0,,False
2520,b2-fabric-b1-c4-r1,b2-fabric-b1-c4-r1-task-0250,fabric_settlement,True,,2314,1783272540091,0,,False
2521,b2-fabric-b1-c4-r1,b2-fabric-b1-c4-r1-task-0249,fabric_settlement,True,,2313,1783272540093,0,,False
2522,b2-fabric-b1-c4-r1,b2-fabric-b1-c4-r1-task-0248,fabric_settlement,True,,2313,1783272540093,0,,False
2523,b2-fabric-b1-c4-r1,b2-fabric-b1-c4-r1-task-0251,fabric_query_final,True,,1854,1783272542404,0,,False
2524,b2-fabric-b1-c4-r1,b2-fabric-b1-c4-r1-task-0250,fabric_query_final,True,,1854,1783272542405,0,,False
2525,b2-fabric-b1-c4-r1,b2-fabric-b1-c4-r1-task-0249,fabric_query_final,True,,1854,1783272542406,0,,False
2526,b2-fabric-b1-c4-r1,b2-fabric-b1-c4-r1-task-0248,fabric_query_final,True,,1860,1783272542406,0,,False
2527,b2-fabric-b1-c4-r1,b2-fabric-b1-c4-r1-task-0251,ipfs_verify,True,,12,1783272544258,0,QmZcHg4d9H8MPruWuXm1QwpfemphbX6MHQxju4nZvRocmZ,False
2528,b2-fabric-b1-c4-r1,b2-fabric-b1-c4-r1-task-0249,ipfs_verify,True,,10,1783272544260,0,QmWhPk74ArLFk2azBUEPeV5DfbYzPqL1rjTNqE5zSC1Eut,False
2529,b2-fabric-b1-c4-r1,b2-fabric-b1-c4-r1-task-0250,ipfs_verify,True,,14,1783272544259,0,Qmed7xmh1Coiscy6DWRC1YB617j5DeuyK8AizbfmSS6upB,False
2530,b2-fabric-b1-c4-r1,b2-fabric-b1-c4-r1-task-0248,ipfs_verify,True,,10,1783272544266,0,QmZm8oEeNJE8ud88izCLhLnkvJbBpn3DcxxACsWhMRdYhA,False
2531,b2-fabric-b1-c4-r1,b2-fabric-b1-c4-r1-task-0254,ipfs_add,True,,23,1783272544273,1295,,False
2532,b2-fabric-b1-c4-r1,b2-fabric-b1-c4-r1-task-0253,ipfs_add,True,,39,1783272544271,2993,,False
2533,b2-fabric-b1-c4-r1,b2-fabric-b1-c4-r1-task-0252,ipfs_add,True,,57,1783272544270,2362,,False
2534,b2-fabric-b1-c4-r1,b2-fabric-b1-c4-r1-task-0255,ipfs_add,True,,64,1783272544276,1650,,False
2535,b2-fabric-b1-c4-r1,b2-fabric-b1-c4-r1-task-0254,fabric_post_task,True,,2527,1783272544296,1295,QmNNK1VZwQQrsmt9689RK9RnXVSmh5jmJ6wJxbnwquT91z,False
2536,b2-fabric-b1-c4-r1,b2-fabric-b1-c4-r1-task-0255,fabric_post_task,True,,2484,1783272544340,1650,QmShJ7kpkti4YE6UAoU3vGkK7ayqB2qDgXzzhbDE3arDFM,False
2537,b2-fabric-b1-c4-r1,b2-fabric-b1-c4-r1-task-0252,fabric_post_task,True,,2499,1783272544327,2362,QmSPWZE8QTcLPVYdwtzz4Jdbw1i2rDGXNp1NbNXG6cAtWU,False
2538,b2-fabric-b1-c4-r1,b2-fabric-b1-c4-r1-task-0253,fabric_post_task,True,,2516,1783272544310,2993,QmU6GWKSsXJ8p8tB8vPkjDBspe6KHsKQiKg2i4XDbpW64S,False
2539,b2-fabric-b1-c4-r1,b2-fabric-b1-c4-r1-task-0255,fabric_post_allocation,True,,2298,1783272546824,0,,False
2540,b2-fabric-b1-c4-r1,b2-fabric-b1-c4-r1-task-0253,fabric_post_allocation,True,,2298,1783272546826,0,,False
2541,b2-fabric-b1-c4-r1,b2-fabric-b1-c4-r1-task-0254,fabric_post_allocation,True,,2301,1783272546823,0,,False
2542,b2-fabric-b1-c4-r1,b2-fabric-b1-c4-r1-task-0252,fabric_post_allocation,True,,2300,1783272546826,0,,False
2543,b2-fabric-b1-c4-r1,b2-fabric-b1-c4-r1-task-0253,fabric_post_snapshot,True,,2490,1783272549124,0,,False
2544,b2-fabric-b1-c4-r1,b2-fabric-b1-c4-r1-task-0252,fabric_post_snapshot,True,,2490,1783272549126,0,,False
2545,b2-fabric-b1-c4-r1,b2-fabric-b1-c4-r1-task-0255,fabric_post_snapshot,True,,2495,1783272549122,0,,False
2546,b2-fabric-b1-c4-r1,b2-fabric-b1-c4-r1-task-0254,fabric_post_snapshot,True,,2494,1783272549124,0,,False
2547,b2-fabric-b1-c4-r1,b2-fabric-b1-c4-r1-task-0254,fabric_query_confirmation,True,,141,1783272551618,0,,False
2548,b2-fabric-b1-c4-r1,b2-fabric-b1-c4-r1-task-0255,fabric_query_confirmation,True,,142,1783272551617,0,,False
2549,b2-fabric-b1-c4-r1,b2-fabric-b1-c4-r1-task-0253,fabric_query_confirmation,True,,146,1783272551614,0,,False
2550,b2-fabric-b1-c4-r1,b2-fabric-b1-c4-r1-task-0252,fabric_query_confirmation,True,,146,1783272551616,0,,False
2551,b2-fabric-b1-c4-r1,b2-fabric-b1-c4-r1-task-0253,fabric_vote_1,True,,2515,1783272551760,0,,False
2552,b2-fabric-b1-c4-r1,b2-fabric-b1-c4-r1-task-0254,fabric_vote_1,True,,2517,1783272551759,0,,False
2553,b2-fabric-b1-c4-r1,b2-fabric-b1-c4-r1-task-0255,fabric_vote_1,True,,2519,1783272551759,0,,False
2554,b2-fabric-b1-c4-r1,b2-fabric-b1-c4-r1-task-0252,fabric_vote_1,True,,2517,1783272551762,0,,False
2555,b2-fabric-b1-c4-r1,b2-fabric-b1-c4-r1-task-0254,fabric_vote_2,True,,2274,1783272554276,0,,False
2556,b2-fabric-b1-c4-r1,b2-fabric-b1-c4-r1-task-0255,fabric_vote_2,True,,2274,1783272554278,0,,False
2557,b2-fabric-b1-c4-r1,b2-fabric-b1-c4-r1-task-0252,fabric_vote_2,True,,2273,1783272554279,0,,False
2558,b2-fabric-b1-c4-r1,b2-fabric-b1-c4-r1-task-0253,fabric_vote_2,True,,2280,1783272554275,0,,False
2559,b2-fabric-b1-c4-r1,b2-fabric-b1-c4-r1-task-0254,fabric_settlement,True,,2571,1783272556550,0,,False
2560,b2-fabric-b1-c4-r1,b2-fabric-b1-c4-r1-task-0252,fabric_settlement,True,,2571,1783272556552,0,,False
2561,b2-fabric-b1-c4-r1,b2-fabric-b1-c4-r1-task-0255,fabric_settlement,True,,2571,1783272556552,0,,False
2562,b2-fabric-b1-c4-r1,b2-fabric-b1-c4-r1-task-0253,fabric_settlement,True,,2570,1783272556555,0,,False
2563,b2-fabric-b1-c4-r1,b2-fabric-b1-c4-r1-task-0253,fabric_query_final,True,,-1417,1783272559125,0,,False
2564,b2-fabric-b1-c4-r1,b2-fabric-b1-c4-r1-task-0252,fabric_query_final,True,,-1414,1783272559123,0,,False
2565,b2-fabric-b1-c4-r1,b2-fabric-b1-c4-r1-task-0254,fabric_query_final,True,,-1411,1783272559121,0,,False
2566,b2-fabric-b1-c4-r1,b2-fabric-b1-c4-r1-task-0255,fabric_query_final,True,,-1409,1783272559123,0,,False
2567,b2-fabric-b1-c4-r1,b2-fabric-b1-c4-r1-task-0254,ipfs_verify,True,,8,1783272557710,0,QmNNK1VZwQQrsmt9689RK9RnXVSmh5jmJ6wJxbnwquT91z,False
2568,b2-fabric-b1-c4-r1,b2-fabric-b1-c4-r1-task-0253,ipfs_verify,True,,10,1783272557708,0,QmU6GWKSsXJ8p8tB8vPkjDBspe6KHsKQiKg2i4XDbpW64S,False
2569,b2-fabric-b1-c4-r1,b2-fabric-b1-c4-r1-task-0252,ipfs_verify,True,,9,1783272557709,0,QmSPWZE8QTcLPVYdwtzz4Jdbw1i2rDGXNp1NbNXG6cAtWU,False
2570,b2-fabric-b1-c4-r1,b2-fabric-b1-c4-r1-task-0255,ipfs_verify,True,,7,1783272557714,0,QmShJ7kpkti4YE6UAoU3vGkK7ayqB2qDgXzzhbDE3arDFM,False
