seq,run_id,task_id,op,success,error,latency_ms,started_at_ms,bytes_sent,cid,warmup
1,b2-fabric-b1-c4-r4,b2-fabric-b1-c4-r4-warmup-0000,ipfs_add,True,,29,1783314143402,2041,,True
2,b2-fabric-b1-c4-r4,b2-fabric-b1-c4-r4-warmup-0000,fabric_post_task,True,,2531,1783314143431,2041,QmZpceyXD65orbHnVn4w3sPB8ea42LnxKYXnQkqH8QFV8f,True
3,b2-fabric-b1-c4-r4,b2-fabric-b1-c4-r4-warmup-0000,fabric_post_allocation,True,,1661,1783314145962,0,,True
4,b2-fabric-b1-c4-r4,b2-fabric-b1-c4-r4-warmup-0000,fabric_post_snapshot,True,,2504,1783314147623,0,,True
5,b2-fabric-b1-c4-r4,b2-fabric-b1-c4-r4-warmup-0000,fabric_query_confirmation,True,,384,1783314150127,0,,True
6,b2-fabric-b1-c4-r4,b2-fabric-b1-c4-r4-warmup-0000,fabric_vote_1,True,,2498,1783314150511,0,,True
7,b2-fabric-b1-c4-r4,b2-fabric-b1-c4-r4-warmup-0000,fabric_vote_2,True,,2656,1783314153009,0,,True
8,b2-fabric-b1-c4-r4,b2-fabric-b1-c4-r4-warmup-0000,fabric_settlement,True,,2570,1783314155665,0,,True
9,b2-fabric-b1-c4-r4,b2-fabric-b1-c4-r4-warmup-0000,fabric_query_final,True,,1162,1783314158235,0,,True
10,b2-fabric-b1-c4-r4,b2-fabric-b1-c4-r4-warmup-0000,ipfs_verify,True,,6,1783314159397,0,QmZpceyXD65orbHnVn4w3sPB8ea42LnxKYXnQkqH8QFV8f,True
11,b2-fabric-b1-c4-r4,b2-fabric-b1-c4-r4-task-0000,ipfs_add,True,,33,1783314159404,2041,,False
12,b2-fabric-b1-c4-r4,b2-fabric-b1-c4-r4-task-0002,ipfs_add,True,,49,1783314159404,4391,,False
13,b2-fabric-b1-c4-r4,b2-fabric-b1-c4-r4-task-0003,ipfs_add,True,,64,1783314159405,2446,,False
14,b2-fabric-b1-c4-r4,b2-fabric-b1-c4-r4-task-0001,ipfs_add,True,,82,1783314159404,1691,,False
15,b2-fabric-b1-c4-r4,b2-fabric-b1-c4-r4-task-0001,fabric_post_task,True,,2722,1783314159486,1691,QmWLjQroE5HFCEHpAAXxtDJw9HMkY6m5xMyNL3BCoktNFe,False
16,b2-fabric-b1-c4-r4,b2-fabric-b1-c4-r4-task-0002,fabric_post_task,True,,2757,1783314159453,4391,QmadZcFHB1uQSGYUnYEPgsvcDpcDhp6t3Vn4pKLzTyZW3B,False
17,b2-fabric-b1-c4-r4,b2-fabric-b1-c4-r4-task-0000,fabric_post_task,True,,2774,1783314159437,2041,QmZpceyXD65orbHnVn4w3sPB8ea42LnxKYXnQkqH8QFV8f,False
18,b2-fabric-b1-c4-r4,b2-fabric-b1-c4-r4-task-0003,fabric_post_task,True,,2744,1783314159469,2446,QmPvR785HfFDDiGzRGUjqnESf82yCdppnLSJbnvszkNAGt,False
19,b2-fabric-b1-c4-r4,b2-fabric-b1-c4-r4-task-0003,fabric_post_allocation,True,,2534,1783314162213,0,,False
20,b2-fabric-b1-c4-r4,b2-fabric-b1-c4-r4-task-0000,fabric_post_allocation,True,,2537,1783314162211,0,,False
21,b2-fabric-b1-c4-r4,b2-fabric-b1-c4-r4-task-0001,fabric_post_allocation,True,,2540,1783314162208,0,,False
22,b2-fabric-b1-c4-r4,b2-fabric-b1-c4-r4-task-0002,fabric_post_allocation,True,,2540,1783314162210,0,,False
23,b2-fabric-b1-c4-r4,b2-fabric-b1-c4-r4-task-0002,fabric_post_snapshot,True,,2277,1783314164750,0,,False
24,b2-fabric-b1-c4-r4,b2-fabric-b1-c4-r4-task-0000,fabric_post_snapshot,True,,2280,1783314164748,0,,False
25,b2-fabric-b1-c4-r4,b2-fabric-b1-c4-r4-task-0001,fabric_post_snapshot,True,,2281,1783314164748,0,,False
26,b2-fabric-b1-c4-r4,b2-fabric-b1-c4-r4-task-0003,fabric_post_snapshot,True,,2285,1783314164747,0,,False
27,b2-fabric-b1-c4-r4,b2-fabric-b1-c4-r4-task-0002,fabric_query_confirmation,True,,351,1783314167027,0,,False
28,b2-fabric-b1-c4-r4,b2-fabric-b1-c4-r4-task-0001,fabric_query_confirmation,True,,350,1783314167029,0,,False
29,b2-fabric-b1-c4-r4,b2-fabric-b1-c4-r4-task-0000,fabric_query_confirmation,True,,352,1783314167028,0,,False
30,b2-fabric-b1-c4-r4,b2-fabric-b1-c4-r4-task-0003,fabric_query_confirmation,True,,348,1783314167032,0,,False
31,b2-fabric-b1-c4-r4,b2-fabric-b1-c4-r4-task-0003,fabric_vote_1,True,,2270,1783314167380,0,,False
32,b2-fabric-b1-c4-r4,b2-fabric-b1-c4-r4-task-0000,fabric_vote_1,True,,2271,1783314167380,0,,False
33,b2-fabric-b1-c4-r4,b2-fabric-b1-c4-r4-task-0001,fabric_vote_1,True,,2273,1783314167379,0,,False
34,b2-fabric-b1-c4-r4,b2-fabric-b1-c4-r4-task-0002,fabric_vote_1,True,,2274,1783314167378,0,,False
35,b2-fabric-b1-c4-r4,b2-fabric-b1-c4-r4-task-0002,fabric_vote_2,True,,2266,1783314169652,0,,False
36,b2-fabric-b1-c4-r4,b2-fabric-b1-c4-r4-task-0003,fabric_vote_2,True,,2268,1783314169650,0,,False
37,b2-fabric-b1-c4-r4,b2-fabric-b1-c4-r4-task-0000,fabric_vote_2,True,,2268,1783314169651,0,,False
38,b2-fabric-b1-c4-r4,b2-fabric-b1-c4-r4-task-0001,fabric_vote_2,True,,2268,1783314169652,0,,False
39,b2-fabric-b1-c4-r4,b2-fabric-b1-c4-r4-task-0003,fabric_settlement,True,,2315,1783314171918,0,,False
40,b2-fabric-b1-c4-r4,b2-fabric-b1-c4-r4-task-0000,fabric_settlement,True,,2315,1783314171919,0,,False
41,b2-fabric-b1-c4-r4,b2-fabric-b1-c4-r4-task-0001,fabric_settlement,True,,2315,1783314171920,0,,False
42,b2-fabric-b1-c4-r4,b2-fabric-b1-c4-r4-task-0002,fabric_settlement,True,,2318,1783314171918,0,,False
43,b2-fabric-b1-c4-r4,b2-fabric-b1-c4-r4-task-0002,fabric_query_final,True,,586,1783314174236,0,,False
44,b2-fabric-b1-c4-r4,b2-fabric-b1-c4-r4-task-0001,fabric_query_final,True,,587,1783314174235,0,,False
45,b2-fabric-b1-c4-r4,b2-fabric-b1-c4-r4-task-0000,fabric_query_final,True,,589,1783314174234,0,,False
46,b2-fabric-b1-c4-r4,b2-fabric-b1-c4-r4-task-0003,fabric_query_final,True,,595,1783314174233,0,,False
47,b2-fabric-b1-c4-r4,b2-fabric-b1-c4-r4-task-0001,ipfs_verify,True,,8,1783314174822,0,QmWLjQroE5HFCEHpAAXxtDJw9HMkY6m5xMyNL3BCoktNFe,False
48,b2-fabric-b1-c4-r4,b2-fabric-b1-c4-r4-task-0002,ipfs_verify,True,,9,1783314174822,0,QmadZcFHB1uQSGYUnYEPgsvcDpcDhp6t3Vn4pKLzTyZW3B,False
49,b2-fabric-b1-c4-r4,b2-fabric-b1-c4-r4-task-0000,ipfs_verify,True,,8,1783314174823,0,QmZpceyXD65orbHnVn4w3sPB8ea42LnxKYXnQkqH8QFV8f,False
50,b2-fabric-b1-c4-r4,b2-fabric-b1-c4-r4-task-0003,ipfs_verify,True,,9,1783314174828,0,QmPvR785HfFDDiGzRGUjqnESf82yCdppnLSJbnvszkNAGt,False
51,b2-fabric-b1-c4-r4,b2-fabric-b1-c4-r4-task-0004,ipfs_add,True,,28,1783314174830,4001,,False
52,b2-fabric-b1-c4-r4,b2-fabric-b1-c4-r4-task-0006,ipfs_add,True,,45,1783314174831,1837,,False
53,b2-fabric-b1-c4-r4,b2-fabric-b1-c4-r4-task-0005,ipfs_add,True,,63,1783314174831,1568,,False
54,b2-fabric-b1-c4-r4,b2-fabric-b1-c4-r4-task-0007,ipfs_add,True,,75,1783314174837,1947,,False
55,b2-fabric-b1-c4-r4,b2-fabric-b1-c4-r4-task-0004,fabric_post_task,True,,2472,1783314174858,4001,Qmaz6UxvY2c7v7Afz5qnVeVQ353BpWF64tC6snuKvMXMMH,False
56,b2-fabric-b1-c4-r4,b2-fabric-b1-c4-r4-task-0006,fabric_post_task,True,,2455,1783314174876,1837,QmXGbR3DqVcFxShbFVjPMj7ToNDuYqpp9jmC8SXxYHpmsi,False
57,b2-fabric-b1-c4-r4,b2-fabric-b1-c4-r4-task-0007,fabric_post_task,True,,2420,1783314174912,1947,QmZ2mJtGsrx1z5XKWoUvbBSuSSfsFtGubMTSXMJ9cMGQnJ,False
58,b2-fabric-b1-c4-r4,b2-fabric-b1-c4-r4-task-0005,fabric_post_task,True,,2439,1783314174894,1568,QmQGqX18RcT7NsFPmbZfQoD9JQ4oRJAgNfw6hWJoUowyXr,False
59,b2-fabric-b1-c4-r4,b2-fabric-b1-c4-r4-task-0005,fabric_post_allocation,True,,1387,1783314177333,0,,False
60,b2-fabric-b1-c4-r4,b2-fabric-b1-c4-r4-task-0007,fabric_post_allocation,True,,1389,1783314177332,0,,False
61,b2-fabric-b1-c4-r4,b2-fabric-b1-c4-r4-task-0004,fabric_post_allocation,True,,1392,1783314177330,0,,False
62,b2-fabric-b1-c4-r4,b2-fabric-b1-c4-r4-task-0006,fabric_post_allocation,True,,1394,1783314177331,0,,False
63,b2-fabric-b1-c4-r4,b2-fabric-b1-c4-r4-task-0007,fabric_post_snapshot,True,,2298,1783314178721,0,,False
64,b2-fabric-b1-c4-r4,b2-fabric-b1-c4-r4-task-0004,fabric_post_snapshot,True,,2298,1783314178722,0,,False
65,b2-fabric-b1-c4-r4,b2-fabric-b1-c4-r4-task-0005,fabric_post_snapshot,True,,2301,1783314178720,0,,False
66,b2-fabric-b1-c4-r4,b2-fabric-b1-c4-r4-task-0006,fabric_post_snapshot,True,,2296,1783314178725,0,,False
67,b2-fabric-b1-c4-r4,b2-fabric-b1-c4-r4-task-0007,fabric_query_confirmation,True,,159,1783314181019,0,,False
68,b2-fabric-b1-c4-r4,b2-fabric-b1-c4-r4-task-0004,fabric_query_confirmation,True,,159,1783314181020,0,,False
69,b2-fabric-b1-c4-r4,b2-fabric-b1-c4-r4-task-0006,fabric_query_confirmation,True,,160,1783314181021,0,,False
70,b2-fabric-b1-c4-r4,b2-fabric-b1-c4-r4-task-0005,fabric_query_confirmation,True,,230,1783314181021,0,,False
71,b2-fabric-b1-c4-r4,b2-fabric-b1-c4-r4-task-0006,fabric_vote_1,True,,2313,1783314181181,0,,False
72,b2-fabric-b1-c4-r4,b2-fabric-b1-c4-r4-task-0007,fabric_vote_1,True,,2316,1783314181178,0,,False
73,b2-fabric-b1-c4-r4,b2-fabric-b1-c4-r4-task-0005,fabric_vote_1,True,,2244,1783314181251,0,,False
74,b2-fabric-b1-c4-r4,b2-fabric-b1-c4-r4-task-0004,fabric_vote_1,True,,2318,1783314181179,0,,False
75,b2-fabric-b1-c4-r4,b2-fabric-b1-c4-r4-task-0005,fabric_vote_2,True,,2676,1783314183495,0,,False
76,b2-fabric-b1-c4-r4,b2-fabric-b1-c4-r4-task-0006,fabric_vote_2,True,,2682,1783314183494,0,,False
77,b2-fabric-b1-c4-r4,b2-fabric-b1-c4-r4-task-0004,fabric_vote_2,True,,2680,1783314183497,0,,False
78,b2-fabric-b1-c4-r4,b2-fabric-b1-c4-r4-task-0007,fabric_vote_2,True,,2684,1783314183494,0,,False
79,b2-fabric-b1-c4-r4,b2-fabric-b1-c4-r4-task-0007,fabric_settlement,True,,2466,1783314186178,0,,False
80,b2-fabric-b1-c4-r4,b2-fabric-b1-c4-r4-task-0006,fabric_settlement,True,,2470,1783314186176,0,,False
81,b2-fabric-b1-c4-r4,b2-fabric-b1-c4-r4-task-0005,fabric_settlement,True,,2481,1783314186171,0,,False
82,b2-fabric-b1-c4-r4,b2-fabric-b1-c4-r4-task-0004,fabric_settlement,True,,2479,1783314186177,0,,False
83,b2-fabric-b1-c4-r4,b2-fabric-b1-c4-r4-task-0006,fabric_query_final,True,,703,1783314188646,0,,False
84,b2-fabric-b1-c4-r4,b2-fabric-b1-c4-r4-task-0004,fabric_query_final,True,,694,1783314188656,0,,False
85,b2-fabric-b1-c4-r4,b2-fabric-b1-c4-r4-task-0007,fabric_query_final,True,,707,1783314188644,0,,False
86,b2-fabric-b1-c4-r4,b2-fabric-b1-c4-r4-task-0005,fabric_query_final,True,,703,1783314188652,0,,False
87,b2-fabric-b1-c4-r4,b2-fabric-b1-c4-r4-task-0006,ipfs_verify,True,,10,1783314189349,0,QmXGbR3DqVcFxShbFVjPMj7ToNDuYqpp9jmC8SXxYHpmsi,False
88,b2-fabric-b1-c4-r4,b2-fabric-b1-c4-r4-task-0004,ipfs_verify,True,,11,1783314189350,0,Qmaz6UxvY2c7v7Afz5qnVeVQ353BpWF64tC6snuKvMXMMH,False
89,b2-fabric-b1-c4-r4,b2-fabric-b1-c4-r4-task-0007,ipfs_verify,True,,11,1783314189351,0,QmZ2mJtGsrx1z5XKWoUvbBSuSSfsFtGubMTSXMJ9cMGQnJ,False
90,b2-fabric-b1-c4-r4,b2-fabric-b1-c4-r4-task-0005,ipfs_verify,True,,9,1783314189355,0,QmQGqX18RcT7NsFPmbZfQoD9JQ4oRJAgNfw6hWJoUowyXr,False
91,b2-fabric-b1-c4-r4,b2-fabric-b1-c4-r4-task-0008,ipfs_add,True,,33,1783314189359,4944,,False
92,b2-fabric-b1-c4-r4,b2-fabric-b1-c4-r4-task-0009,ipfs_add,True,,49,1783314189361,2473,,False
93,b2-fabric-b1-c4-r4,b2-fabric-b1-c4-r4-task-0010,ipfs_add,True,,64,1783314189363,1920,,False
94,b2-fabric-b1-c4-r4,b2-fabric-b1-c4-r4-task-0011,ipfs_add,True,,82,1783314189364,1792,,False
95,b2-fabric-b1-c4-r4,b2-fabric-b1-c4-r4-task-0011,fabric_post_task,True,,2821,1783314189446,1792,QmRYRwmnCKh97pHrWVSsWgKT9hwEK6SXPP8N3DGcdkp1Hf,False
96,b2-fabric-b1-c4-r4,b2-fabric-b1-c4-r4-task-0008,fabric_post_task,True,,2876,1783314189392,4944,Qmadej9boMA3zvMcjFpwW1dMDJCrBFKribSZiwN8Np95v4,False
97,b2-fabric-b1-c4-r4,b2-fabric-b1-c4-r4-task-0009,fabric_post_task,True,,2861,1783314189410,2473,QmQL4VyiyFbbfeWbQLp7Qp6cU5MBzGngHTJYLaPrdaD1Q5,False
98,b2-fabric-b1-c4-r4,b2-fabric-b1-c4-r4-task-0010,fabric_post_task,True,,2844,1783314189428,1920,QmW8orLvUAo2YwFjjwaFvXPFemWqGCNshgP2T5TSk9ed5J,False
99,b2-fabric-b1-c4-r4,b2-fabric-b1-c4-r4-task-0010,fabric_post_allocation,True,,2341,1783314192272,0,,False
100,b2-fabric-b1-c4-r4,b2-fabric-b1-c4-r4-task-0008,fabric_post_allocation,True,,2346,1783314192268,0,,False
101,b2-fabric-b1-c4-r4,b2-fabric-b1-c4-r4-task-0011,fabric_post_allocation,True,,2349,1783314192267,0,,False
102,b2-fabric-b1-c4-r4,b2-fabric-b1-c4-r4-task-0009,fabric_post_allocation,True,,2346,1783314192271,0,,False
103,b2-fabric-b1-c4-r4,b2-fabric-b1-c4-r4-task-0008,fabric_post_snapshot,True,,2325,1783314194614,0,,False
104,b2-fabric-b1-c4-r4,b2-fabric-b1-c4-r4-task-0011,fabric_post_snapshot,True,,2323,1783314194616,0,,False
105,b2-fabric-b1-c4-r4,b2-fabric-b1-c4-r4-task-0009,fabric_post_snapshot,True,,2325,1783314194617,0,,False
106,b2-fabric-b1-c4-r4,b2-fabric-b1-c4-r4-task-0010,fabric_post_snapshot,True,,2330,1783314194613,0,,False
107,b2-fabric-b1-c4-r4,b2-fabric-b1-c4-r4-task-0011,fabric_query_confirmation,True,,139,1783314196939,0,,False
108,b2-fabric-b1-c4-r4,b2-fabric-b1-c4-r4-task-0009,fabric_query_confirmation,True,,137,1783314196942,0,,False
109,b2-fabric-b1-c4-r4,b2-fabric-b1-c4-r4-task-0008,fabric_query_confirmation,True,,140,1783314196939,0,,False
110,b2-fabric-b1-c4-r4,b2-fabric-b1-c4-r4-task-0010,fabric_query_confirmation,True,,137,1783314196943,0,,False
111,b2-fabric-b1-c4-r4,b2-fabric-b1-c4-r4-task-0011,fabric_vote_1,True,,2280,1783314197078,0,,False
112,b2-fabric-b1-c4-r4,b2-fabric-b1-c4-r4-task-0008,fabric_vote_1,True,,2280,1783314197079,0,,False
113,b2-fabric-b1-c4-r4,b2-fabric-b1-c4-r4-task-0010,fabric_vote_1,True,,2280,1783314197080,0,,False
114,b2-fabric-b1-c4-r4,b2-fabric-b1-c4-r4-task-0009,fabric_vote_1,True,,2282,1783314197079,0,,False
115,b2-fabric-b1-c4-r4,b2-fabric-b1-c4-r4-task-0011,fabric_vote_2,True,,2259,1783314199358,0,,False
116,b2-fabric-b1-c4-r4,b2-fabric-b1-c4-r4-task-0010,fabric_vote_2,True,,2259,1783314199360,0,,False
117,b2-fabric-b1-c4-r4,b2-fabric-b1-c4-r4-task-0008,fabric_vote_2,True,,2260,1783314199359,0,,False
118,b2-fabric-b1-c4-r4,b2-fabric-b1-c4-r4-task-0009,fabric_vote_2,True,,2260,1783314199361,0,,False
119,b2-fabric-b1-c4-r4,b2-fabric-b1-c4-r4-task-0011,fabric_settlement,True,,2429,1783314201617,0,,False
120,b2-fabric-b1-c4-r4,b2-fabric-b1-c4-r4-task-0008,fabric_settlement,True,,2428,1783314201619,0,,False
121,b2-fabric-b1-c4-r4,b2-fabric-b1-c4-r4-task-0009,fabric_settlement,True,,2426,1783314201621,0,,False
122,b2-fabric-b1-c4-r4,b2-fabric-b1-c4-r4-task-0010,fabric_settlement,True,,2429,1783314201619,0,,False
123,b2-fabric-b1-c4-r4,b2-fabric-b1-c4-r4-task-0008,fabric_query_final,True,,1045,1783314204047,0,,False
124,b2-fabric-b1-c4-r4,b2-fabric-b1-c4-r4-task-0011,fabric_query_final,True,,1046,1783314204046,0,,False
125,b2-fabric-b1-c4-r4,b2-fabric-b1-c4-r4-task-0009,fabric_query_final,True,,1046,1783314204047,0,,False
126,b2-fabric-b1-c4-r4,b2-fabric-b1-c4-r4-task-0010,fabric_query_final,True,,1048,1783314204048,0,,False
127,b2-fabric-b1-c4-r4,b2-fabric-b1-c4-r4-task-0009,ipfs_verify,True,,7,1783314205093,0,QmQL4VyiyFbbfeWbQLp7Qp6cU5MBzGngHTJYLaPrdaD1Q5,False
128,b2-fabric-b1-c4-r4,b2-fabric-b1-c4-r4-task-0008,ipfs_verify,True,,8,1783314205092,0,Qmadej9boMA3zvMcjFpwW1dMDJCrBFKribSZiwN8Np95v4,False
129,b2-fabric-b1-c4-r4,b2-fabric-b1-c4-r4-task-0011,ipfs_verify,True,,8,1783314205092,0,QmRYRwmnCKh97pHrWVSsWgKT9hwEK6SXPP8N3DGcdkp1Hf,False
130,b2-fabric-b1-c4-r4,b2-fabric-b1-c4-r4-task-0010,ipfs_verify,True,,8,1783314205096,0,QmW8orLvUAo2YwFjjwaFvXPFemWqGCNshgP2T5TSk9ed5J,False
131,b2-fabric-b1-c4-r4,b2-fabric-b1-c4-r4-task-0014,ipfs_add,True,,106,1783314205100,2050,,False
132,b2-fabric-b1-c4-r4,b2-fabric-b1-c4-r4-task-0013,ipfs_add,True,,140,1783314205100,1794,,False
133,b2-fabric-b1-c4-r4,b2-fabric-b1-c4-r4-task-0015,ipfs_add,True,,152,1783314205104,3558,,False
134,b2-fabric-b1-c4-r4,b2-fabric-b1-c4-r4-task-0012,ipfs_add,True,,157,1783314205100,2481,,False
135,b2-fabric-b1-c4-r4,b2-fabric-b1-c4-r4-task-0014,fabric_post_task,True,,1527,1783314205206,2050,QmdA4H658GbdXFpaibWrSNhL4kRmi3VbbpP3Y5MfYbX6k2,False
136,b2-fabric-b1-c4-r4,b2-fabric-b1-c4-r4-task-0013,fabric_post_task,True,,1495,1783314205240,1794,QmZ836RGQ6upMRwgQ3XnYgMNByct8U1cPTyzW3j4N7nzJk,False
137,b2-fabric-b1-c4-r4,b2-fabric-b1-c4-r4-task-0012,fabric_post_task,True,,1478,1783314205257,2481,QmbLZmrnw2YxkgQegnEMgsfhkBbcndvvPFprkSdibX7c49,False
138,b2-fabric-b1-c4-r4,b2-fabric-b1-c4-r4-task-0015,fabric_post_task,True,,1480,1783314205256,3558,QmX9kmCUGB3VHpYs1Jhps4JrTzKker7mYqwzfhduHDQrrA,False
139,b2-fabric-b1-c4-r4,b2-fabric-b1-c4-r4-task-0014,fabric_post_allocation,True,,2302,1783314206733,0,,False
140,b2-fabric-b1-c4-r4,b2-fabric-b1-c4-r4-task-0012,fabric_post_allocation,True,,2300,1783314206735,0,,False
141,b2-fabric-b1-c4-r4,b2-fabric-b1-c4-r4-task-0013,fabric_post_allocation,True,,2301,1783314206735,0,,False
142,b2-fabric-b1-c4-r4,b2-fabric-b1-c4-r4-task-0015,fabric_post_allocation,True,,2301,1783314206736,0,,False
143,b2-fabric-b1-c4-r4,b2-fabric-b1-c4-r4-task-0012,fabric_post_snapshot,True,,2273,1783314209036,0,,False
144,b2-fabric-b1-c4-r4,b2-fabric-b1-c4-r4-task-0015,fabric_post_snapshot,True,,2273,1783314209037,0,,False
145,b2-fabric-b1-c4-r4,b2-fabric-b1-c4-r4-task-0013,fabric_post_snapshot,True,,2277,1783314209036,0,,False
146,b2-fabric-b1-c4-r4,b2-fabric-b1-c4-r4-task-0014,fabric_post_snapshot,True,,2278,1783314209035,0,,False
147,b2-fabric-b1-c4-r4,b2-fabric-b1-c4-r4-task-0014,fabric_query_confirmation,True,,129,1783314211313,0,,False
148,b2-fabric-b1-c4-r4,b2-fabric-b1-c4-r4-task-0015,fabric_query_confirmation,True,,132,1783314211310,0,,False
149,b2-fabric-b1-c4-r4,b2-fabric-b1-c4-r4-task-0012,fabric_query_confirmation,True,,134,1783314211309,0,,False
150,b2-fabric-b1-c4-r4,b2-fabric-b1-c4-r4-task-0013,fabric_query_confirmation,True,,131,1783314211313,0,,False
151,b2-fabric-b1-c4-r4,b2-fabric-b1-c4-r4-task-0015,fabric_vote_1,True,,2275,1783314211442,0,,False
152,b2-fabric-b1-c4-r4,b2-fabric-b1-c4-r4-task-0013,fabric_vote_1,True,,2274,1783314211444,0,,False
153,b2-fabric-b1-c4-r4,b2-fabric-b1-c4-r4-task-0014,fabric_vote_1,True,,2277,1783314211442,0,,False
154,b2-fabric-b1-c4-r4,b2-fabric-b1-c4-r4-task-0012,fabric_vote_1,True,,2277,1783314211443,0,,False
155,b2-fabric-b1-c4-r4,b2-fabric-b1-c4-r4-task-0015,fabric_vote_2,True,,2273,1783314213718,0,,False
156,b2-fabric-b1-c4-r4,b2-fabric-b1-c4-r4-task-0013,fabric_vote_2,True,,2273,1783314213718,0,,False
157,b2-fabric-b1-c4-r4,b2-fabric-b1-c4-r4-task-0012,fabric_vote_2,True,,2272,1783314213720,0,,False
158,b2-fabric-b1-c4-r4,b2-fabric-b1-c4-r4-task-0014,fabric_vote_2,True,,2274,1783314213719,0,,False
159,b2-fabric-b1-c4-r4,b2-fabric-b1-c4-r4-task-0013,fabric_settlement,True,,2344,1783314215991,0,,False
160,b2-fabric-b1-c4-r4,b2-fabric-b1-c4-r4-task-0012,fabric_settlement,True,,2344,1783314215992,0,,False
161,b2-fabric-b1-c4-r4,b2-fabric-b1-c4-r4-task-0014,fabric_settlement,True,,2344,1783314215993,0,,False
162,b2-fabric-b1-c4-r4,b2-fabric-b1-c4-r4-task-0015,fabric_settlement,True,,2346,1783314215991,0,,False
163,b2-fabric-b1-c4-r4,b2-fabric-b1-c4-r4-task-0012,fabric_query_final,True,,585,1783314218336,0,,False
164,b2-fabric-b1-c4-r4,b2-fabric-b1-c4-r4-task-0014,fabric_query_final,True,,587,1783314218337,0,,False
165,b2-fabric-b1-c4-r4,b2-fabric-b1-c4-r4-task-0013,fabric_query_final,True,,589,1783314218335,0,,False
166,b2-fabric-b1-c4-r4,b2-fabric-b1-c4-r4-task-0015,fabric_query_final,True,,590,1783314218337,0,,False
167,b2-fabric-b1-c4-r4,b2-fabric-b1-c4-r4-task-0012,ipfs_verify,True,,8,1783314218921,0,QmbLZmrnw2YxkgQegnEMgsfhkBbcndvvPFprkSdibX7c49,False
168,b2-fabric-b1-c4-r4,b2-fabric-b1-c4-r4-task-0013,ipfs_verify,True,,7,1783314218924,0,QmZ836RGQ6upMRwgQ3XnYgMNByct8U1cPTyzW3j4N7nzJk,False
169,b2-fabric-b1-c4-r4,b2-fabric-b1-c4-r4-task-0014,ipfs_verify,True,,7,1783314218924,0,QmdA4H658GbdXFpaibWrSNhL4kRmi3VbbpP3Y5MfYbX6k2,False
170,b2-fabric-b1-c4-r4,b2-fabric-b1-c4-r4-task-0015,ipfs_verify,True,,7,1783314218927,0,QmX9kmCUGB3VHpYs1Jhps4JrTzKker7mYqwzfhduHDQrrA,False
171,b2-fabric-b1-c4-r4,b2-fabric-b1-c4-r4-task-0016,ipfs_add,True,,39,1783314218929,1806,,False
172,b2-fabric-b1-c4-r4,b2-fabric-b1-c4-r4-task-0017,ipfs_add,True,,53,1783314218931,1714,,False
173,b2-fabric-b1-c4-r4,b2-fabric-b1-c4-r4-task-0018,ipfs_add,True,,69,1783314218931,1628,,False
174,b2-fabric-b1-c4-r4,b2-fabric-b1-c4-r4-task-0019,ipfs_add,True,,84,1783314218934,1779,,False
175,b2-fabric-b1-c4-r4,b2-fabric-b1-c4-r4-task-0016,fabric_post_task,True,,2820,1783314218968,1806,QmRXEbbwSGrTFGj6rGcuUsRHhWgzm9E9di73MsPSjQyDqY,False
176,b2-fabric-b1-c4-r4,b2-fabric-b1-c4-r4-task-0018,fabric_post_task,True,,2789,1783314219000,1628,QmXxhuw4zLhaZUxTgm3nVAPdVDi7RC4E8cy48iMSw5X5cc,False
177,b2-fabric-b1-c4-r4,b2-fabric-b1-c4-r4-task-0017,fabric_post_task,True,,2808,1783314218984,1714,QmWKrJKRZfeQnkT8t5aowLXrHM3GpoZqpDn7cXYRceXJsh,False
178,b2-fabric-b1-c4-r4,b2-fabric-b1-c4-r4-task-0019,fabric_post_task,True,,2774,1783314219018,1779,QmSciV8g79eMrjXm8f2BtxoJrkCttCpUNrWTNbQtrPN26s,False
179,b2-fabric-b1-c4-r4,b2-fabric-b1-c4-r4-task-0016,fabric_post_allocation,True,,2595,1783314221788,0,,False
180,b2-fabric-b1-c4-r4,b2-fabric-b1-c4-r4-task-0018,fabric_post_allocation,True,,2593,1783314221790,0,,False
181,b2-fabric-b1-c4-r4,b2-fabric-b1-c4-r4-task-0019,fabric_post_allocation,True,,2592,1783314221792,0,,False
182,b2-fabric-b1-c4-r4,b2-fabric-b1-c4-r4-task-0017,fabric_post_allocation,True,,2594,1783314221792,0,,False
183,b2-fabric-b1-c4-r4,b2-fabric-b1-c4-r4-task-0016,fabric_post_snapshot,True,,2587,1783314224383,0,,False
184,b2-fabric-b1-c4-r4,b2-fabric-b1-c4-r4-task-0017,fabric_post_snapshot,True,,2588,1783314224386,0,,False
185,b2-fabric-b1-c4-r4,b2-fabric-b1-c4-r4-task-0018,fabric_post_snapshot,True,,2591,1783314224383,0,,False
186,b2-fabric-b1-c4-r4,b2-fabric-b1-c4-r4-task-0019,fabric_post_snapshot,True,,2590,1783314224384,0,,False
187,b2-fabric-b1-c4-r4,b2-fabric-b1-c4-r4-task-0016,fabric_query_confirmation,True,,132,1783314226970,0,,False
188,b2-fabric-b1-c4-r4,b2-fabric-b1-c4-r4-task-0018,fabric_query_confirmation,True,,129,1783314226974,0,,False
189,b2-fabric-b1-c4-r4,b2-fabric-b1-c4-r4-task-0019,fabric_query_confirmation,True,,130,1783314226974,0,,False
190,b2-fabric-b1-c4-r4,b2-fabric-b1-c4-r4-task-0017,fabric_query_confirmation,True,,130,1783314226974,0,,False
191,b2-fabric-b1-c4-r4,b2-fabric-b1-c4-r4-task-0019,fabric_vote_1,True,,2314,1783314227104,0,,False
192,b2-fabric-b1-c4-r4,b2-fabric-b1-c4-r4-task-0016,fabric_vote_1,True,,2317,1783314227102,0,,False
193,b2-fabric-b1-c4-r4,b2-fabric-b1-c4-r4-task-0018,fabric_vote_1,True,,2318,1783314227103,0,,False
194,b2-fabric-b1-c4-r4,b2-fabric-b1-c4-r4-task-0017,fabric_vote_1,True,,2318,1783314227104,0,,False
195,b2-fabric-b1-c4-r4,b2-fabric-b1-c4-r4-task-0017,fabric_vote_2,True,,2316,1783314229422,0,,False
196,b2-fabric-b1-c4-r4,b2-fabric-b1-c4-r4-task-0018,fabric_vote_2,True,,2318,1783314229422,0,,False
197,b2-fabric-b1-c4-r4,b2-fabric-b1-c4-r4-task-0016,fabric_vote_2,True,,2324,1783314229419,0,,False
198,b2-fabric-b1-c4-r4,b2-fabric-b1-c4-r4-task-0019,fabric_vote_2,True,,2325,1783314229419,0,,False
199,b2-fabric-b1-c4-r4,b2-fabric-b1-c4-r4-task-0016,fabric_settlement,True,,2295,1783314231743,0,,False
200,b2-fabric-b1-c4-r4,b2-fabric-b1-c4-r4-task-0019,fabric_settlement,True,,2295,1783314231744,0,,False
201,b2-fabric-b1-c4-r4,b2-fabric-b1-c4-r4-task-0017,fabric_settlement,True,,2303,1783314231738,0,,False
202,b2-fabric-b1-c4-r4,b2-fabric-b1-c4-r4-task-0018,fabric_settlement,True,,2302,1783314231740,0,,False
203,b2-fabric-b1-c4-r4,b2-fabric-b1-c4-r4-task-0017,fabric_query_final,True,,406,1783314234041,0,,False
204,b2-fabric-b1-c4-r4,b2-fabric-b1-c4-r4-task-0018,fabric_query_final,True,,405,1783314234042,0,,False
205,b2-fabric-b1-c4-r4,b2-fabric-b1-c4-r4-task-0016,fabric_query_final,True,,409,1783314234038,0,,False
206,b2-fabric-b1-c4-r4,b2-fabric-b1-c4-r4-task-0019,fabric_query_final,True,,413,1783314234039,0,,False
207,b2-fabric-b1-c4-r4,b2-fabric-b1-c4-r4-task-0016,ipfs_verify,True,,7,1783314234448,0,QmRXEbbwSGrTFGj6rGcuUsRHhWgzm9E9di73MsPSjQyDqY,False
208,b2-fabric-b1-c4-r4,b2-fabric-b1-c4-r4-task-0017,ipfs_verify,True,,9,1783314234447,0,QmWKrJKRZfeQnkT8t5aowLXrHM3GpoZqpDn7cXYRceXJsh,False
209,b2-fabric-b1-c4-r4,b2-fabric-b1-c4-r4-task-0018,ipfs_verify,True,,10,1783314234447,0,QmXxhuw4zLhaZUxTgm3nVAPdVDi7RC4E8cy48iMSw5X5cc,False
210,b2-fabric-b1-c4-r4,b2-fabric-b1-c4-r4-task-0019,ipfs_verify,True,,7,1783314234452,0,QmSciV8g79eMrjXm8f2BtxoJrkCttCpUNrWTNbQtrPN26s,False
211,b2-fabric-b1-c4-r4,b2-fabric-b1-c4-r4-task-0022,ipfs_add,True,,26,1783314234457,2068,,False
212,b2-fabric-b1-c4-r4,b2-fabric-b1-c4-r4-task-0020,ipfs_add,True,,44,1783314234455,1555,,False
213,b2-fabric-b1-c4-r4,b2-fabric-b1-c4-r4-task-0021,ipfs_add,True,,59,1783314234456,2376,,False
214,b2-fabric-b1-c4-r4,b2-fabric-b1-c4-r4-task-0023,ipfs_add,True,,73,1783314234459,1700,,False
215,b2-fabric-b1-c4-r4,b2-fabric-b1-c4-r4-task-0020,fabric_post_task,True,,1628,1783314234499,1555,QmVVEEsRWTrpHyCUMfWzaezUv7i29R95rTPN8N3iBYMKsY,False
216,b2-fabric-b1-c4-r4,b2-fabric-b1-c4-r4-task-0021,fabric_post_task,True,,1612,1783314234515,2376,QmcMDgZ1hZ3GkUEYEYALditW6azhFYA2tjToNN57pgr9Md,False
217,b2-fabric-b1-c4-r4,b2-fabric-b1-c4-r4-task-0022,fabric_post_task,True,,1645,1783314234483,2068,QmNqxnqMtb8sfjsbs8nXG3svpSGcf4Pq1qS9nykNsjeEqq,False
218,b2-fabric-b1-c4-r4,b2-fabric-b1-c4-r4-task-0023,fabric_post_task,True,,1597,1783314234532,1700,QmSNTzME5ExH9MXjsfAXcGbriDzvpgibF4VxHLZTbZtpFe,False
219,b2-fabric-b1-c4-r4,b2-fabric-b1-c4-r4-task-0022,fabric_post_allocation,True,,2306,1783314236128,0,,False
220,b2-fabric-b1-c4-r4,b2-fabric-b1-c4-r4-task-0020,fabric_post_allocation,True,,2308,1783314236127,0,,False
221,b2-fabric-b1-c4-r4,b2-fabric-b1-c4-r4-task-0021,fabric_post_allocation,True,,2311,1783314236127,0,,False
222,b2-fabric-b1-c4-r4,b2-fabric-b1-c4-r4-task-0023,fabric_post_allocation,True,,2311,1783314236129,0,,False
223,b2-fabric-b1-c4-r4,b2-fabric-b1-c4-r4-task-0021,fabric_post_snapshot,True,,2258,1783314238438,0,,False
224,b2-fabric-b1-c4-r4,b2-fabric-b1-c4-r4-task-0022,fabric_post_snapshot,True,,2262,1783314238434,0,,False
225,b2-fabric-b1-c4-r4,b2-fabric-b1-c4-r4-task-0023,fabric_post_snapshot,True,,2258,1783314238440,0,,False
226,b2-fabric-b1-c4-r4,b2-fabric-b1-c4-r4-task-0020,fabric_post_snapshot,True,,2264,1783314238435,0,,False
227,b2-fabric-b1-c4-r4,b2-fabric-b1-c4-r4-task-0020,fabric_query_confirmation,True,,107,1783314240699,0,,False
228,b2-fabric-b1-c4-r4,b2-fabric-b1-c4-r4-task-0022,fabric_query_confirmation,True,,110,1783314240696,0,,False
229,b2-fabric-b1-c4-r4,b2-fabric-b1-c4-r4-task-0023,fabric_query_confirmation,True,,109,1783314240698,0,,False
230,b2-fabric-b1-c4-r4,b2-fabric-b1-c4-r4-task-0021,fabric_query_confirmation,True,,113,1783314240696,0,,False
231,b2-fabric-b1-c4-r4,b2-fabric-b1-c4-r4-task-0021,fabric_vote_1,True,,2444,1783314240809,0,,False
232,b2-fabric-b1-c4-r4,b2-fabric-b1-c4-r4-task-0020,fabric_vote_1,True,,2448,1783314240806,0,,False
233,b2-fabric-b1-c4-r4,b2-fabric-b1-c4-r4-task-0023,fabric_vote_1,True,,2449,1783314240807,0,,False
234,b2-fabric-b1-c4-r4,b2-fabric-b1-c4-r4-task-0022,fabric_vote_1,True,,2451,1783314240806,0,,False
235,b2-fabric-b1-c4-r4,b2-fabric-b1-c4-r4-task-0023,fabric_vote_2,True,,2324,1783314243256,0,,False
236,b2-fabric-b1-c4-r4,b2-fabric-b1-c4-r4-task-0021,fabric_vote_2,True,,2328,1783314243253,0,,False
237,b2-fabric-b1-c4-r4,b2-fabric-b1-c4-r4-task-0022,fabric_vote_2,True,,2326,1783314243257,0,,False
238,b2-fabric-b1-c4-r4,b2-fabric-b1-c4-r4-task-0020,fabric_vote_2,True,,2332,1783314243254,0,,False
239,b2-fabric-b1-c4-r4,b2-fabric-b1-c4-r4-task-0022,fabric_settlement,True,,2412,1783314245583,0,,False
240,b2-fabric-b1-c4-r4,b2-fabric-b1-c4-r4-task-0020,fabric_settlement,True,,2409,1783314245586,0,,False
241,b2-fabric-b1-c4-r4,b2-fabric-b1-c4-r4-task-0023,fabric_settlement,True,,2418,1783314245580,0,,False
242,b2-fabric-b1-c4-r4,b2-fabric-b1-c4-r4-task-0021,fabric_settlement,True,,2418,1783314245581,0,,False
243,b2-fabric-b1-c4-r4,b2-fabric-b1-c4-r4-task-0021,fabric_query_final,True,,383,1783314247999,0,,False
244,b2-fabric-b1-c4-r4,b2-fabric-b1-c4-r4-task-0022,fabric_query_final,True,,387,1783314247995,0,,False
245,b2-fabric-b1-c4-r4,b2-fabric-b1-c4-r4-task-0020,fabric_query_final,True,,388,1783314247995,0,,False
246,b2-fabric-b1-c4-r4,b2-fabric-b1-c4-r4-task-0023,fabric_query_final,True,,390,1783314247998,0,,False
247,b2-fabric-b1-c4-r4,b2-fabric-b1-c4-r4-task-0021,ipfs_verify,True,,7,1783314248382,0,QmcMDgZ1hZ3GkUEYEYALditW6azhFYA2tjToNN57pgr9Md,False
248,b2-fabric-b1-c4-r4,b2-fabric-b1-c4-r4-task-0022,ipfs_verify,True,,8,1783314248382,0,QmNqxnqMtb8sfjsbs8nXG3svpSGcf4Pq1qS9nykNsjeEqq,False
249,b2-fabric-b1-c4-r4,b2-fabric-b1-c4-r4-task-0020,ipfs_verify,True,,8,1783314248383,0,QmVVEEsRWTrpHyCUMfWzaezUv7i29R95rTPN8N3iBYMKsY,False
250,b2-fabric-b1-c4-r4,b2-fabric-b1-c4-r4-task-0023,ipfs_verify,True,,8,1783314248388,0,QmSNTzME5ExH9MXjsfAXcGbriDzvpgibF4VxHLZTbZtpFe,False
251,b2-fabric-b1-c4-r4,b2-fabric-b1-c4-r4-task-0024,ipfs_add,True,,30,1783314248389,1380,,False
252,b2-fabric-b1-c4-r4,b2-fabric-b1-c4-r4-task-0025,ipfs_add,True,,45,1783314248390,1470,,False
253,b2-fabric-b1-c4-r4,b2-fabric-b1-c4-r4-task-0026,ipfs_add,True,,62,1783314248391,2285,,False
254,b2-fabric-b1-c4-r4,b2-fabric-b1-c4-r4-task-0027,ipfs_add,True,,75,1783314248396,1942,,False
255,b2-fabric-b1-c4-r4,b2-fabric-b1-c4-r4-task-0027,fabric_post_task,True,,2793,1783314248471,1942,QmNy38ZnCY29gNwh56gk2CQJXsETwyHTceFnkSP4vC85KR,False
256,b2-fabric-b1-c4-r4,b2-fabric-b1-c4-r4-task-0025,fabric_post_task,True,,2830,1783314248435,1470,QmfV4xn5gz8tktJ19swpdMmXMvtkpfJY5tXJWbBSUFSHFi,False
257,b2-fabric-b1-c4-r4,b2-fabric-b1-c4-r4-task-0026,fabric_post_task,True,,2812,1783314248453,2285,QmPA4QSCZorDwximTUj45HQYaqqLrUR1uWw8YCaw56AYrQ,False
258,b2-fabric-b1-c4-r4,b2-fabric-b1-c4-r4-task-0024,fabric_post_task,True,,2848,1783314248419,1380,QmVMeHnQxmGXaDj74SJcQxSejhibib6Ve54PwgWQGkenB7,False
259,b2-fabric-b1-c4-r4,b2-fabric-b1-c4-r4-task-0024,fabric_post_allocation,True,,2350,1783314251267,0,,False
260,b2-fabric-b1-c4-r4,b2-fabric-b1-c4-r4-task-0026,fabric_post_allocation,True,,2353,1783314251265,0,,False
261,b2-fabric-b1-c4-r4,b2-fabric-b1-c4-r4-task-0027,fabric_post_allocation,True,,2355,1783314251264,0,,False
262,b2-fabric-b1-c4-r4,b2-fabric-b1-c4-r4-task-0025,fabric_post_allocation,True,,2354,1783314251265,0,,False
263,b2-fabric-b1-c4-r4,b2-fabric-b1-c4-r4-task-0026,fabric_post_snapshot,True,,2280,1783314253618,0,,False
264,b2-fabric-b1-c4-r4,b2-fabric-b1-c4-r4-task-0024,fabric_post_snapshot,True,,2282,1783314253617,0,,False
265,b2-fabric-b1-c4-r4,b2-fabric-b1-c4-r4-task-0025,fabric_post_snapshot,True,,2280,1783314253619,0,,False
266,b2-fabric-b1-c4-r4,b2-fabric-b1-c4-r4-task-0027,fabric_post_snapshot,True,,2282,1783314253619,0,,False
267,b2-fabric-b1-c4-r4,b2-fabric-b1-c4-r4-task-0025,fabric_query_confirmation,True,,392,1783314255899,0,,False
268,b2-fabric-b1-c4-r4,b2-fabric-b1-c4-r4-task-0027,fabric_query_confirmation,True,,391,1783314255901,0,,False
269,b2-fabric-b1-c4-r4,b2-fabric-b1-c4-r4-task-0024,fabric_query_confirmation,True,,393,1783314255899,0,,False
270,b2-fabric-b1-c4-r4,b2-fabric-b1-c4-r4-task-0026,fabric_query_confirmation,True,,395,1783314255898,0,,False
271,b2-fabric-b1-c4-r4,b2-fabric-b1-c4-r4-task-0024,fabric_vote_1,True,,2295,1783314256292,0,,False
272,b2-fabric-b1-c4-r4,b2-fabric-b1-c4-r4-task-0027,fabric_vote_1,True,,2296,1783314256292,0,,False
273,b2-fabric-b1-c4-r4,b2-fabric-b1-c4-r4-task-0026,fabric_vote_1,True,,2296,1783314256293,0,,False
274,b2-fabric-b1-c4-r4,b2-fabric-b1-c4-r4-task-0025,fabric_vote_1,True,,2300,1783314256291,0,,False
275,b2-fabric-b1-c4-r4,b2-fabric-b1-c4-r4-task-0024,fabric_vote_2,True,,2543,1783314258587,0,,False
276,b2-fabric-b1-c4-r4,b2-fabric-b1-c4-r4-task-0027,fabric_vote_2,True,,2543,1783314258588,0,,False
277,b2-fabric-b1-c4-r4,b2-fabric-b1-c4-r4-task-0025,fabric_vote_2,True,,2543,1783314258591,0,,False
278,b2-fabric-b1-c4-r4,b2-fabric-b1-c4-r4-task-0026,fabric_vote_2,True,,2546,1783314258589,0,,False
279,b2-fabric-b1-c4-r4,b2-fabric-b1-c4-r4-task-0025,fabric_settlement,True,,2300,1783314261134,0,,False
280,b2-fabric-b1-c4-r4,b2-fabric-b1-c4-r4-task-0027,fabric_settlement,True,,2304,1783314261131,0,,False
281,b2-fabric-b1-c4-r4,b2-fabric-b1-c4-r4-task-0024,fabric_settlement,True,,2306,1783314261130,0,,False
282,b2-fabric-b1-c4-r4,b2-fabric-b1-c4-r4-task-0026,fabric_settlement,True,,2301,1783314261135,0,,False
283,b2-fabric-b1-c4-r4,b2-fabric-b1-c4-r4-task-0025,fabric_query_final,True,,560,1783314263434,0,,False
284,b2-fabric-b1-c4-r4,b2-fabric-b1-c4-r4-task-0027,fabric_query_final,True,,560,1783314263435,0,,False
285,b2-fabric-b1-c4-r4,b2-fabric-b1-c4-r4-task-0026,fabric_query_final,True,,559,1783314263436,0,,False
286,b2-fabric-b1-c4-r4,b2-fabric-b1-c4-r4-task-0024,fabric_query_final,True,,563,1783314263436,0,,False
287,b2-fabric-b1-c4-r4,b2-fabric-b1-c4-r4-task-0026,ipfs_verify,True,,6,1783314263995,0,QmPA4QSCZorDwximTUj45HQYaqqLrUR1uWw8YCaw56AYrQ,False
288,b2-fabric-b1-c4-r4,b2-fabric-b1-c4-r4-task-0025,ipfs_verify,True,,8,1783314263994,0,QmfV4xn5gz8tktJ19swpdMmXMvtkpfJY5tXJWbBSUFSHFi,False
289,b2-fabric-b1-c4-r4,b2-fabric-b1-c4-r4-task-0027,ipfs_verify,True,,8,1783314263995,0,QmNy38ZnCY29gNwh56gk2CQJXsETwyHTceFnkSP4vC85KR,False
290,b2-fabric-b1-c4-r4,b2-fabric-b1-c4-r4-task-0024,ipfs_verify,True,,8,1783314263999,0,QmVMeHnQxmGXaDj74SJcQxSejhibib6Ve54PwgWQGkenB7,False
291,b2-fabric-b1-c4-r4,b2-fabric-b1-c4-r4-task-0028,ipfs_add,True,,28,1783314264002,2235,,False
292,b2-fabric-b1-c4-r4,b2-fabric-b1-c4-r4-task-0029,ipfs_add,True,,46,1783314264002,1996,,False
293,b2-fabric-b1-c4-r4,b2-fabric-b1-c4-r4-task-0030,ipfs_add,True,,65,1783314264003,4609,,False
294,b2-fabric-b1-c4-r4,b2-fabric-b1-c4-r4-task-0031,ipfs_add,True,,78,1783314264007,2037,,False
295,b2-fabric-b1-c4-r4,b2-fabric-b1-c4-r4-task-0030,fabric_post_task,True,,1555,1783314264068,4609,QmXUNpwtX2A1bcF51kySLa1p7B6HvhMNsMQoiVdNUoJig7,False
296,b2-fabric-b1-c4-r4,b2-fabric-b1-c4-r4-task-0031,fabric_post_task,True,,1542,1783314264085,2037,QmcMwXc4Z8ftz7kr4SLihnEKFezGYhMs51A9cNDVd2ZUGa,False
297,b2-fabric-b1-c4-r4,b2-fabric-b1-c4-r4-task-0029,fabric_post_task,True,,1580,1783314264048,1996,QmacXcTiVxv9uHJiorLkYH2xDDraJTZ3uq6FBG4Ctr6VoC,False
298,b2-fabric-b1-c4-r4,b2-fabric-b1-c4-r4-task-0028,fabric_post_task,True,,1599,1783314264030,2235,QmPDqC4FvPihq4H2RHnNdvzHBK2kp3vUV7gp3cD2AmeuSG,False
299,b2-fabric-b1-c4-r4,b2-fabric-b1-c4-r4-task-0030,fabric_post_allocation,True,,2332,1783314265623,0,,False
300,b2-fabric-b1-c4-r4,b2-fabric-b1-c4-r4-task-0028,fabric_post_allocation,True,,2326,1783314265630,0,,False
301,b2-fabric-b1-c4-r4,b2-fabric-b1-c4-r4-task-0029,fabric_post_allocation,True,,2329,1783314265628,0,,False
302,b2-fabric-b1-c4-r4,b2-fabric-b1-c4-r4-task-0031,fabric_post_allocation,True,,2330,1783314265627,0,,False
303,b2-fabric-b1-c4-r4,b2-fabric-b1-c4-r4-task-0030,fabric_post_snapshot,True,,2260,1783314267955,0,,False
304,b2-fabric-b1-c4-r4,b2-fabric-b1-c4-r4-task-0029,fabric_post_snapshot,True,,2259,1783314267957,0,,False
305,b2-fabric-b1-c4-r4,b2-fabric-b1-c4-r4-task-0028,fabric_post_snapshot,True,,2260,1783314267956,0,,False
306,b2-fabric-b1-c4-r4,b2-fabric-b1-c4-r4-task-0031,fabric_post_snapshot,True,,2260,1783314267957,0,,False
307,b2-fabric-b1-c4-r4,b2-fabric-b1-c4-r4-task-0030,fabric_query_confirmation,True,,119,1783314270215,0,,False
308,b2-fabric-b1-c4-r4,b2-fabric-b1-c4-r4-task-0029,fabric_query_confirmation,True,,119,1783314270216,0,,False
309,b2-fabric-b1-c4-r4,b2-fabric-b1-c4-r4-task-0028,fabric_query_confirmation,True,,119,1783314270216,0,,False
310,b2-fabric-b1-c4-r4,b2-fabric-b1-c4-r4-task-0031,fabric_query_confirmation,True,,120,1783314270217,0,,False
311,b2-fabric-b1-c4-r4,b2-fabric-b1-c4-r4-task-0031,fabric_vote_1,True,,2261,1783314270337,0,,False
312,b2-fabric-b1-c4-r4,b2-fabric-b1-c4-r4-task-0030,fabric_vote_1,True,,2265,1783314270334,0,,False
313,b2-fabric-b1-c4-r4,b2-fabric-b1-c4-r4-task-0028,fabric_vote_1,True,,2265,1783314270335,0,,False
314,b2-fabric-b1-c4-r4,b2-fabric-b1-c4-r4-task-0029,fabric_vote_1,True,,2268,1783314270335,0,,False
315,b2-fabric-b1-c4-r4,b2-fabric-b1-c4-r4-task-0028,fabric_vote_2,True,,2261,1783314272600,0,,False
316,b2-fabric-b1-c4-r4,b2-fabric-b1-c4-r4-task-0030,fabric_vote_2,True,,2262,1783314272599,0,,False
317,b2-fabric-b1-c4-r4,b2-fabric-b1-c4-r4-task-0031,fabric_vote_2,True,,2265,1783314272598,0,,False
318,b2-fabric-b1-c4-r4,b2-fabric-b1-c4-r4-task-0029,fabric_vote_2,True,,2261,1783314272603,0,,False
319,b2-fabric-b1-c4-r4,b2-fabric-b1-c4-r4-task-0028,fabric_settlement,True,,2277,1783314274861,0,,False
320,b2-fabric-b1-c4-r4,b2-fabric-b1-c4-r4-task-0030,fabric_settlement,True,,2278,1783314274861,0,,False
321,b2-fabric-b1-c4-r4,b2-fabric-b1-c4-r4-task-0029,fabric_settlement,True,,2276,1783314274864,0,,False
322,b2-fabric-b1-c4-r4,b2-fabric-b1-c4-r4-task-0031,fabric_settlement,True,,2278,1783314274863,0,,False
323,b2-fabric-b1-c4-r4,b2-fabric-b1-c4-r4-task-0030,fabric_query_final,True,,330,1783314277139,0,,False
324,b2-fabric-b1-c4-r4,b2-fabric-b1-c4-r4-task-0031,fabric_query_final,True,,329,1783314277141,0,,False
325,b2-fabric-b1-c4-r4,b2-fabric-b1-c4-r4-task-0028,fabric_query_final,True,,332,1783314277138,0,,False
326,b2-fabric-b1-c4-r4,b2-fabric-b1-c4-r4-task-0029,fabric_query_final,True,,334,1783314277140,0,,False
327,b2-fabric-b1-c4-r4,b2-fabric-b1-c4-r4-task-0028,ipfs_verify,True,,6,1783314277470,0,QmPDqC4FvPihq4H2RHnNdvzHBK2kp3vUV7gp3cD2AmeuSG,False
328,b2-fabric-b1-c4-r4,b2-fabric-b1-c4-r4-task-0031,ipfs_verify,True,,7,1783314277470,0,QmcMwXc4Z8ftz7kr4SLihnEKFezGYhMs51A9cNDVd2ZUGa,False
329,b2-fabric-b1-c4-r4,b2-fabric-b1-c4-r4-task-0030,ipfs_verify,True,,8,1783314277469,0,QmXUNpwtX2A1bcF51kySLa1p7B6HvhMNsMQoiVdNUoJig7,False
330,b2-fabric-b1-c4-r4,b2-fabric-b1-c4-r4-task-0029,ipfs_verify,True,,7,1783314277474,0,QmacXcTiVxv9uHJiorLkYH2xDDraJTZ3uq6FBG4Ctr6VoC,False
331,b2-fabric-b1-c4-r4,b2-fabric-b1-c4-r4-task-0034,ipfs_add,True,,28,1783314277477,1614,,False
332,b2-fabric-b1-c4-r4,b2-fabric-b1-c4-r4-task-0033,ipfs_add,True,,44,1783314277477,7207,,False
333,b2-fabric-b1-c4-r4,b2-fabric-b1-c4-r4-task-0032,ipfs_add,True,,61,1783314277476,4244,,False
334,b2-fabric-b1-c4-r4,b2-fabric-b1-c4-r4-task-0035,ipfs_add,True,,78,1783314277481,1846,,False
335,b2-fabric-b1-c4-r4,b2-fabric-b1-c4-r4-task-0034,fabric_post_task,True,,2823,1783314277505,1614,QmPfG9yDWdYPi2SxVxc2HNwGgKxYHpb8KNnTKLEUsSwYJF,False
336,b2-fabric-b1-c4-r4,b2-fabric-b1-c4-r4-task-0035,fabric_post_task,True,,2769,1783314277559,1846,QmXkECAAwC32vhNNVm7xZTatUjGVbfHbwXcCezk2t5DnUf,False
337,b2-fabric-b1-c4-r4,b2-fabric-b1-c4-r4-task-0032,fabric_post_task,True,,2792,1783314277537,4244,QmTUE1xZhmfV2QSdvfbaurUfSv66ET7R31e5urBxmKFSfb,False
338,b2-fabric-b1-c4-r4,b2-fabric-b1-c4-r4-task-0033,fabric_post_task,True,,2811,1783314277521,7207,QmQ48RSbPCJevCydnQupZo9nDcEmZKcjzn5kaHFiESq88N,False
339,b2-fabric-b1-c4-r4,b2-fabric-b1-c4-r4-task-0035,fabric_post_allocation,True,,2313,1783314280328,0,,False
340,b2-fabric-b1-c4-r4,b2-fabric-b1-c4-r4-task-0032,fabric_post_allocation,True,,2313,1783314280329,0,,False
341,b2-fabric-b1-c4-r4,b2-fabric-b1-c4-r4-task-0033,fabric_post_allocation,True,,2311,1783314280332,0,,False
342,b2-fabric-b1-c4-r4,b2-fabric-b1-c4-r4-task-0034,fabric_post_allocation,True,,2315,1783314280328,0,,False
343,b2-fabric-b1-c4-r4,b2-fabric-b1-c4-r4-task-0032,fabric_post_snapshot,True,,2256,1783314282642,0,,False
344,b2-fabric-b1-c4-r4,b2-fabric-b1-c4-r4-task-0033,fabric_post_snapshot,True,,2255,1783314282643,0,,False
345,b2-fabric-b1-c4-r4,b2-fabric-b1-c4-r4-task-0034,fabric_post_snapshot,True,,2256,1783314282643,0,,False
346,b2-fabric-b1-c4-r4,b2-fabric-b1-c4-r4-task-0035,fabric_post_snapshot,True,,2258,1783314282641,0,,False
347,b2-fabric-b1-c4-r4,b2-fabric-b1-c4-r4-task-0034,fabric_query_confirmation,True,,117,1783314284899,0,,False
348,b2-fabric-b1-c4-r4,b2-fabric-b1-c4-r4-task-0032,fabric_query_confirmation,True,,119,1783314284898,0,,False
349,b2-fabric-b1-c4-r4,b2-fabric-b1-c4-r4-task-0033,fabric_query_confirmation,True,,119,1783314284898,0,,False
350,b2-fabric-b1-c4-r4,b2-fabric-b1-c4-r4-task-0035,fabric_query_confirmation,True,,119,1783314284899,0,,False
351,b2-fabric-b1-c4-r4,b2-fabric-b1-c4-r4-task-0035,fabric_vote_1,True,,2246,1783314285018,0,,False
352,b2-fabric-b1-c4-r4,b2-fabric-b1-c4-r4-task-0032,fabric_vote_1,True,,2247,1783314285017,0,,False
353,b2-fabric-b1-c4-r4,b2-fabric-b1-c4-r4-task-0034,fabric_vote_1,True,,2249,1783314285016,0,,False
354,b2-fabric-b1-c4-r4,b2-fabric-b1-c4-r4-task-0033,fabric_vote_1,True,,2249,1783314285017,0,,False
355,b2-fabric-b1-c4-r4,b2-fabric-b1-c4-r4-task-0032,fabric_vote_2,True,,2249,1783314287264,0,,False
356,b2-fabric-b1-c4-r4,b2-fabric-b1-c4-r4-task-0034,fabric_vote_2,True,,2248,1783314287265,0,,False
357,b2-fabric-b1-c4-r4,b2-fabric-b1-c4-r4-task-0033,fabric_vote_2,True,,2247,1783314287266,0,,False
358,b2-fabric-b1-c4-r4,b2-fabric-b1-c4-r4-task-0035,fabric_vote_2,True,,2251,1783314287264,0,,False
359,b2-fabric-b1-c4-r4,b2-fabric-b1-c4-r4-task-0035,fabric_settlement,True,,2284,1783314289515,0,,False
360,b2-fabric-b1-c4-r4,b2-fabric-b1-c4-r4-task-0032,fabric_settlement,True,,2287,1783314289513,0,,False
361,b2-fabric-b1-c4-r4,b2-fabric-b1-c4-r4-task-0034,fabric_settlement,True,,2288,1783314289513,0,,False
362,b2-fabric-b1-c4-r4,b2-fabric-b1-c4-r4-task-0033,fabric_settlement,True,,2288,1783314289513,0,,False
363,b2-fabric-b1-c4-r4,b2-fabric-b1-c4-r4-task-0033,fabric_query_final,True,,530,1783314291801,0,,False
364,b2-fabric-b1-c4-r4,b2-fabric-b1-c4-r4-task-0035,fabric_query_final,True,,533,1783314291799,0,,False
365,b2-fabric-b1-c4-r4,b2-fabric-b1-c4-r4-task-0034,fabric_query_final,True,,531,1783314291801,0,,False
366,b2-fabric-b1-c4-r4,b2-fabric-b1-c4-r4-task-0032,fabric_query_final,True,,535,1783314291800,0,,False
367,b2-fabric-b1-c4-r4,b2-fabric-b1-c4-r4-task-0034,ipfs_verify,True,,6,1783314292332,0,QmPfG9yDWdYPi2SxVxc2HNwGgKxYHpb8KNnTKLEUsSwYJF,False
368,b2-fabric-b1-c4-r4,b2-fabric-b1-c4-r4-task-0035,ipfs_verify,True,,7,1783314292332,0,QmXkECAAwC32vhNNVm7xZTatUjGVbfHbwXcCezk2t5DnUf,False
369,b2-fabric-b1-c4-r4,b2-fabric-b1-c4-r4-task-0033,ipfs_verify,True,,8,1783314292331,0,QmQ48RSbPCJevCydnQupZo9nDcEmZKcjzn5kaHFiESq88N,False
370,b2-fabric-b1-c4-r4,b2-fabric-b1-c4-r4-task-0032,ipfs_verify,True,,6,1783314292335,0,QmTUE1xZhmfV2QSdvfbaurUfSv66ET7R31e5urBxmKFSfb,False
371,b2-fabric-b1-c4-r4,b2-fabric-b1-c4-r4-task-0038,ipfs_add,True,,29,1783314292339,3829,,False
372,b2-fabric-b1-c4-r4,b2-fabric-b1-c4-r4-task-0036,ipfs_add,True,,45,1783314292339,2427,,False
373,b2-fabric-b1-c4-r4,b2-fabric-b1-c4-r4-task-0037,ipfs_add,True,,61,1783314292339,2773,,False
374,b2-fabric-b1-c4-r4,b2-fabric-b1-c4-r4-task-0039,ipfs_add,True,,75,1783314292341,2185,,False
375,b2-fabric-b1-c4-r4,b2-fabric-b1-c4-r4-task-0039,fabric_post_task,True,,2439,1783314292417,2185,QmasU8pZpyfk1aUFRpicohvbDCx1eFRWjH9p29sHpDSiZZ,False
376,b2-fabric-b1-c4-r4,b2-fabric-b1-c4-r4-task-0038,fabric_post_task,True,,2490,1783314292368,3829,QmUB51xuBaMCywUYGFiM9cTrnAhyjLu2J5jzTrZkY11kPF,False
377,b2-fabric-b1-c4-r4,b2-fabric-b1-c4-r4-task-0037,fabric_post_task,True,,2459,1783314292400,2773,QmWmrqK7bzA1Pq5z5dsLEen6BZ5iPRNFNBXLJnZmr5J9ff,False
378,b2-fabric-b1-c4-r4,b2-fabric-b1-c4-r4-task-0036,fabric_post_task,True,,2475,1783314292384,2427,QmPSKMPmcfaaWUAvL2tX88QhRRxXXC4SXnChDHzjSbwd8b,False
379,b2-fabric-b1-c4-r4,b2-fabric-b1-c4-r4-task-0037,fabric_post_allocation,True,,1363,1783314294859,0,,False
380,b2-fabric-b1-c4-r4,b2-fabric-b1-c4-r4-task-0038,fabric_post_allocation,True,,1365,1783314294858,0,,False
381,b2-fabric-b1-c4-r4,b2-fabric-b1-c4-r4-task-0036,fabric_post_allocation,True,,1365,1783314294859,0,,False
382,b2-fabric-b1-c4-r4,b2-fabric-b1-c4-r4-task-0039,fabric_post_allocation,True,,1369,1783314294856,0,,False
383,b2-fabric-b1-c4-r4,b2-fabric-b1-c4-r4-task-0039,fabric_post_snapshot,True,,2446,1783314296225,0,,False
384,b2-fabric-b1-c4-r4,b2-fabric-b1-c4-r4-task-0038,fabric_post_snapshot,True,,2449,1783314296223,0,,False
385,b2-fabric-b1-c4-r4,b2-fabric-b1-c4-r4-task-0037,fabric_post_snapshot,True,,2452,1783314296222,0,,False
386,b2-fabric-b1-c4-r4,b2-fabric-b1-c4-r4-task-0036,fabric_post_snapshot,True,,2451,1783314296224,0,,False
387,b2-fabric-b1-c4-r4,b2-fabric-b1-c4-r4-task-0037,fabric_query_confirmation,True,,112,1783314298674,0,,False
388,b2-fabric-b1-c4-r4,b2-fabric-b1-c4-r4-task-0039,fabric_query_confirmation,True,,117,1783314298671,0,,False
389,b2-fabric-b1-c4-r4,b2-fabric-b1-c4-r4-task-0038,fabric_query_confirmation,True,,116,1783314298672,0,,False
390,b2-fabric-b1-c4-r4,b2-fabric-b1-c4-r4-task-0036,fabric_query_confirmation,True,,113,1783314298675,0,,False
391,b2-fabric-b1-c4-r4,b2-fabric-b1-c4-r4-task-0036,fabric_vote_1,True,,2282,1783314298788,0,,False
392,b2-fabric-b1-c4-r4,b2-fabric-b1-c4-r4-task-0038,fabric_vote_1,True,,2283,1783314298788,0,,False
393,b2-fabric-b1-c4-r4,b2-fabric-b1-c4-r4-task-0037,fabric_vote_1,True,,2286,1783314298786,0,,False
394,b2-fabric-b1-c4-r4,b2-fabric-b1-c4-r4-task-0039,fabric_vote_1,True,,2286,1783314298788,0,,False
395,b2-fabric-b1-c4-r4,b2-fabric-b1-c4-r4-task-0036,fabric_vote_2,True,,2496,1783314301070,0,,False
396,b2-fabric-b1-c4-r4,b2-fabric-b1-c4-r4-task-0037,fabric_vote_2,True,,2495,1783314301072,0,,False
397,b2-fabric-b1-c4-r4,b2-fabric-b1-c4-r4-task-0039,fabric_vote_2,True,,2494,1783314301074,0,,False
398,b2-fabric-b1-c4-r4,b2-fabric-b1-c4-r4-task-0038,fabric_vote_2,True,,2497,1783314301071,0,,False
399,b2-fabric-b1-c4-r4,b2-fabric-b1-c4-r4-task-0037,fabric_settlement,True,,2302,1783314303567,0,,False
400,b2-fabric-b1-c4-r4,b2-fabric-b1-c4-r4-task-0039,fabric_settlement,True,,2303,1783314303568,0,,False
401,b2-fabric-b1-c4-r4,b2-fabric-b1-c4-r4-task-0036,fabric_settlement,True,,2305,1783314303566,0,,False
402,b2-fabric-b1-c4-r4,b2-fabric-b1-c4-r4-task-0038,fabric_settlement,True,,2305,1783314303568,0,,False
403,b2-fabric-b1-c4-r4,b2-fabric-b1-c4-r4-task-0036,fabric_query_final,True,,737,1783314305871,0,,False
404,b2-fabric-b1-c4-r4,b2-fabric-b1-c4-r4-task-0037,fabric_query_final,True,,739,1783314305869,0,,False
405,b2-fabric-b1-c4-r4,b2-fabric-b1-c4-r4-task-0039,fabric_query_final,True,,738,1783314305871,0,,False
406,b2-fabric-b1-c4-r4,b2-fabric-b1-c4-r4-task-0038,fabric_query_final,True,,739,1783314305873,0,,False
407,b2-fabric-b1-c4-r4,b2-fabric-b1-c4-r4-task-0036,ipfs_verify,True,,8,1783314306608,0,QmPSKMPmcfaaWUAvL2tX88QhRRxXXC4SXnChDHzjSbwd8b,False
408,b2-fabric-b1-c4-r4,b2-fabric-b1-c4-r4-task-0039,ipfs_verify,True,,7,1783314306609,0,QmasU8pZpyfk1aUFRpicohvbDCx1eFRWjH9p29sHpDSiZZ,False
409,b2-fabric-b1-c4-r4,b2-fabric-b1-c4-r4-task-0037,ipfs_verify,True,,9,1783314306608,0,QmWmrqK7bzA1Pq5z5dsLEen6BZ5iPRNFNBXLJnZmr5J9ff,False
410,b2-fabric-b1-c4-r4,b2-fabric-b1-c4-r4-task-0038,ipfs_verify,True,,6,1783314306612,0,QmUB51xuBaMCywUYGFiM9cTrnAhyjLu2J5jzTrZkY11kPF,False
411,b2-fabric-b1-c4-r4,b2-fabric-b1-c4-r4-task-0042,ipfs_add,True,,29,1783314306617,4943,,False
412,b2-fabric-b1-c4-r4,b2-fabric-b1-c4-r4-task-0040,ipfs_add,True,,46,1783314306616,1852,,False
413,b2-fabric-b1-c4-r4,b2-fabric-b1-c4-r4-task-0041,ipfs_add,True,,62,1783314306616,3950,,False
414,b2-fabric-b1-c4-r4,b2-fabric-b1-c4-r4-task-0043,ipfs_add,True,,77,1783314306618,4365,,False
415,b2-fabric-b1-c4-r4,b2-fabric-b1-c4-r4-task-0043,fabric_post_task,True,,2753,1783314306695,4365,QmNyUP9PxhaGNgSe7A4vos9UdtKrgujw25dFezkghCHMSN,False
416,b2-fabric-b1-c4-r4,b2-fabric-b1-c4-r4-task-0040,fabric_post_task,True,,2788,1783314306662,1852,Qme8h8cEVWXzKEmaj7rkRo9NHBoPXxWrTLcYQjWRpqrisB,False
417,b2-fabric-b1-c4-r4,b2-fabric-b1-c4-r4-task-0042,fabric_post_task,True,,2804,1783314306646,4943,QmZaKHLtuvdC3131ZMjSafgzCnFunsBDrKht7U6CRuhaDJ,False
418,b2-fabric-b1-c4-r4,b2-fabric-b1-c4-r4-task-0041,fabric_post_task,True,,2773,1783314306678,3950,QmcFrzAGhrprmDxHPdunRd28u27YRTGcAAnGPSotWa75JU,False
419,b2-fabric-b1-c4-r4,b2-fabric-b1-c4-r4-task-0043,fabric_post_allocation,True,,2305,1783314309448,0,,False
420,b2-fabric-b1-c4-r4,b2-fabric-b1-c4-r4-task-0042,fabric_post_allocation,True,,2305,1783314309450,0,,False
421,b2-fabric-b1-c4-r4,b2-fabric-b1-c4-r4-task-0041,fabric_post_allocation,True,,2307,1783314309451,0,,False
422,b2-fabric-b1-c4-r4,b2-fabric-b1-c4-r4-task-0040,fabric_post_allocation,True,,2309,1783314309450,0,,False
423,b2-fabric-b1-c4-r4,b2-fabric-b1-c4-r4-task-0043,fabric_post_snapshot,True,,2337,1783314311753,0,,False
424,b2-fabric-b1-c4-r4,b2-fabric-b1-c4-r4-task-0041,fabric_post_snapshot,True,,2334,1783314311758,0,,False
425,b2-fabric-b1-c4-r4,b2-fabric-b1-c4-r4-task-0040,fabric_post_snapshot,True,,2337,1783314311759,0,,False
426,b2-fabric-b1-c4-r4,b2-fabric-b1-c4-r4-task-0042,fabric_post_snapshot,True,,2345,1783314311755,0,,False
427,b2-fabric-b1-c4-r4,b2-fabric-b1-c4-r4-task-0040,fabric_query_confirmation,True,,174,1783314314096,0,,False
428,b2-fabric-b1-c4-r4,b2-fabric-b1-c4-r4-task-0043,fabric_query_confirmation,True,,181,1783314314090,0,,False
429,b2-fabric-b1-c4-r4,b2-fabric-b1-c4-r4-task-0041,fabric_query_confirmation,True,,179,1783314314092,0,,False
430,b2-fabric-b1-c4-r4,b2-fabric-b1-c4-r4-task-0042,fabric_query_confirmation,True,,232,1783314314100,0,,False
431,b2-fabric-b1-c4-r4,b2-fabric-b1-c4-r4-task-0043,fabric_vote_1,True,,2271,1783314314271,0,,False
432,b2-fabric-b1-c4-r4,b2-fabric-b1-c4-r4-task-0040,fabric_vote_1,True,,2273,1783314314270,0,,False
433,b2-fabric-b1-c4-r4,b2-fabric-b1-c4-r4-task-0042,fabric_vote_1,True,,2212,1783314314332,0,,False
434,b2-fabric-b1-c4-r4,b2-fabric-b1-c4-r4-task-0041,fabric_vote_1,True,,2273,1783314314271,0,,False
435,b2-fabric-b1-c4-r4,b2-fabric-b1-c4-r4-task-0041,fabric_vote_2,True,,2242,1783314316544,0,,False
436,b2-fabric-b1-c4-r4,b2-fabric-b1-c4-r4-task-0042,fabric_vote_2,True,,2242,1783314316544,0,,False
437,b2-fabric-b1-c4-r4,b2-fabric-b1-c4-r4-task-0043,fabric_vote_2,True,,2245,1783314316542,0,,False
438,b2-fabric-b1-c4-r4,b2-fabric-b1-c4-r4-task-0040,fabric_vote_2,True,,2245,1783314316543,0,,False
439,b2-fabric-b1-c4-r4,b2-fabric-b1-c4-r4-task-0041,fabric_settlement,True,,2296,1783314318786,0,,False
440,b2-fabric-b1-c4-r4,b2-fabric-b1-c4-r4-task-0042,fabric_settlement,True,,2297,1783314318786,0,,False
441,b2-fabric-b1-c4-r4,b2-fabric-b1-c4-r4-task-0040,fabric_settlement,True,,2296,1783314318788,0,,False
442,b2-fabric-b1-c4-r4,b2-fabric-b1-c4-r4-task-0043,fabric_settlement,True,,2297,1783314318787,0,,False
443,b2-fabric-b1-c4-r4,b2-fabric-b1-c4-r4-task-0040,fabric_query_final,True,,513,1783314321084,0,,False
444,b2-fabric-b1-c4-r4,b2-fabric-b1-c4-r4-task-0043,fabric_query_final,True,,513,1783314321084,0,,False
445,b2-fabric-b1-c4-r4,b2-fabric-b1-c4-r4-task-0042,fabric_query_final,True,,516,1783314321083,0,,False
446,b2-fabric-b1-c4-r4,b2-fabric-b1-c4-r4-task-0041,fabric_query_final,True,,521,1783314321082,0,,False
447,b2-fabric-b1-c4-r4,b2-fabric-b1-c4-r4-task-0042,ipfs_verify,True,,6,1783314321599,0,QmZaKHLtuvdC3131ZMjSafgzCnFunsBDrKht7U6CRuhaDJ,False
448,b2-fabric-b1-c4-r4,b2-fabric-b1-c4-r4-task-0043,ipfs_verify,True,,9,1783314321597,0,QmNyUP9PxhaGNgSe7A4vos9UdtKrgujw25dFezkghCHMSN,False
449,b2-fabric-b1-c4-r4,b2-fabric-b1-c4-r4-task-0040,ipfs_verify,True,,10,1783314321597,0,Qme8h8cEVWXzKEmaj7rkRo9NHBoPXxWrTLcYQjWRpqrisB,False
450,b2-fabric-b1-c4-r4,b2-fabric-b1-c4-r4-task-0041,ipfs_verify,True,,7,1783314321603,0,QmcFrzAGhrprmDxHPdunRd28u27YRTGcAAnGPSotWa75JU,False
451,b2-fabric-b1-c4-r4,b2-fabric-b1-c4-r4-task-0044,ipfs_add,True,,27,1783314321605,1996,,False
452,b2-fabric-b1-c4-r4,b2-fabric-b1-c4-r4-task-0045,ipfs_add,True,,43,1783314321606,2595,,False
453,b2-fabric-b1-c4-r4,b2-fabric-b1-c4-r4-task-0046,ipfs_add,True,,58,1783314321607,1643,,False
454,b2-fabric-b1-c4-r4,b2-fabric-b1-c4-r4-task-0047,ipfs_add,True,,71,1783314321611,4867,,False
455,b2-fabric-b1-c4-r4,b2-fabric-b1-c4-r4-task-0045,fabric_post_task,True,,2436,1783314321649,2595,QmfZqW6816xBeSRuQN3KqApyKbwjb4f3u87p8veGLitLQh,False
456,b2-fabric-b1-c4-r4,b2-fabric-b1-c4-r4-task-0046,fabric_post_task,True,,2420,1783314321665,1643,QmTnaHUQXj9xeoWHT2zVraSQfVPSZ3kwXbfxhynCbSD478,False
457,b2-fabric-b1-c4-r4,b2-fabric-b1-c4-r4-task-0044,fabric_post_task,True,,2454,1783314321632,1996,QmRdq27qE1F3dGzbT9p9PnePh4D88Nw3KFAmJZ2C7W4jcT,False
458,b2-fabric-b1-c4-r4,b2-fabric-b1-c4-r4-task-0047,fabric_post_task,True,,2407,1783314321682,4867,QmeV2Nyd6AXfLrfL94BuWtPhgFx2BQKzDFrxvN5H5wGM4v,False
459,b2-fabric-b1-c4-r4,b2-fabric-b1-c4-r4-task-0047,fabric_post_allocation,True,,1666,1783314324089,0,,False
460,b2-fabric-b1-c4-r4,b2-fabric-b1-c4-r4-task-0045,fabric_post_allocation,True,,1671,1783314324085,0,,False
461,b2-fabric-b1-c4-r4,b2-fabric-b1-c4-r4-task-0044,fabric_post_allocation,True,,1670,1783314324086,0,,False
462,b2-fabric-b1-c4-r4,b2-fabric-b1-c4-r4-task-0046,fabric_post_allocation,True,,1672,1783314324085,0,,False
463,b2-fabric-b1-c4-r4,b2-fabric-b1-c4-r4-task-0045,fabric_post_snapshot,True,,2308,1783314325756,0,,False
464,b2-fabric-b1-c4-r4,b2-fabric-b1-c4-r4-task-0046,fabric_post_snapshot,True,,2308,1783314325757,0,,False
465,b2-fabric-b1-c4-r4,b2-fabric-b1-c4-r4-task-0044,fabric_post_snapshot,True,,2309,1783314325756,0,,False
466,b2-fabric-b1-c4-r4,b2-fabric-b1-c4-r4-task-0047,fabric_post_snapshot,True,,2313,1783314325755,0,,False
467,b2-fabric-b1-c4-r4,b2-fabric-b1-c4-r4-task-0047,fabric_query_confirmation,True,,307,1783314328068,0,,False
468,b2-fabric-b1-c4-r4,b2-fabric-b1-c4-r4-task-0045,fabric_query_confirmation,True,,311,1783314328064,0,,False
469,b2-fabric-b1-c4-r4,b2-fabric-b1-c4-r4-task-0046,fabric_query_confirmation,True,,311,1783314328065,0,,False
470,b2-fabric-b1-c4-r4,b2-fabric-b1-c4-r4-task-0044,fabric_query_confirmation,True,,312,1783314328065,0,,False
471,b2-fabric-b1-c4-r4,b2-fabric-b1-c4-r4-task-0045,fabric_vote_1,True,,2252,1783314328375,0,,False
472,b2-fabric-b1-c4-r4,b2-fabric-b1-c4-r4-task-0046,fabric_vote_1,True,,2252,1783314328376,0,,False
473,b2-fabric-b1-c4-r4,b2-fabric-b1-c4-r4-task-0047,fabric_vote_1,True,,2253,1783314328375,0,,False
474,b2-fabric-b1-c4-r4,b2-fabric-b1-c4-r4-task-0044,fabric_vote_1,True,,2253,1783314328377,0,,False
475,b2-fabric-b1-c4-r4,b2-fabric-b1-c4-r4-task-0047,fabric_vote_2,True,,2286,1783314330628,0,,False
476,b2-fabric-b1-c4-r4,b2-fabric-b1-c4-r4-task-0045,fabric_vote_2,True,,2287,1783314330627,0,,False
477,b2-fabric-b1-c4-r4,b2-fabric-b1-c4-r4-task-0044,fabric_vote_2,True,,2285,1783314330630,0,,False
478,b2-fabric-b1-c4-r4,b2-fabric-b1-c4-r4-task-0046,fabric_vote_2,True,,2289,1783314330628,0,,False
479,b2-fabric-b1-c4-r4,b2-fabric-b1-c4-r4-task-0044,fabric_settlement,True,,2471,1783314332915,0,,False
480,b2-fabric-b1-c4-r4,b2-fabric-b1-c4-r4-task-0045,fabric_settlement,True,,2473,1783314332914,0,,False
481,b2-fabric-b1-c4-r4,b2-fabric-b1-c4-r4-task-0046,fabric_settlement,True,,2470,1783314332917,0,,False
482,b2-fabric-b1-c4-r4,b2-fabric-b1-c4-r4-task-0047,fabric_settlement,True,,2474,1783314332914,0,,False
483,b2-fabric-b1-c4-r4,b2-fabric-b1-c4-r4-task-0047,fabric_query_final,True,,547,1783314335388,0,,False
484,b2-fabric-b1-c4-r4,b2-fabric-b1-c4-r4-task-0046,fabric_query_final,True,,548,1783314335387,0,,False
485,b2-fabric-b1-c4-r4,b2-fabric-b1-c4-r4-task-0044,fabric_query_final,True,,550,1783314335386,0,,False
486,b2-fabric-b1-c4-r4,b2-fabric-b1-c4-r4-task-0045,fabric_query_final,True,,552,1783314335387,0,,False
487,b2-fabric-b1-c4-r4,b2-fabric-b1-c4-r4-task-0044,ipfs_verify,True,,6,1783314335936,0,QmRdq27qE1F3dGzbT9p9PnePh4D88Nw3KFAmJZ2C7W4jcT,False
488,b2-fabric-b1-c4-r4,b2-fabric-b1-c4-r4-task-0046,ipfs_verify,True,,7,1783314335935,0,QmTnaHUQXj9xeoWHT2zVraSQfVPSZ3kwXbfxhynCbSD478,False
489,b2-fabric-b1-c4-r4,b2-fabric-b1-c4-r4-task-0047,ipfs_verify,True,,8,1783314335935,0,QmeV2Nyd6AXfLrfL94BuWtPhgFx2BQKzDFrxvN5H5wGM4v,False
490,b2-fabric-b1-c4-r4,b2-fabric-b1-c4-r4-task-0045,ipfs_verify,True,,6,1783314335939,0,QmfZqW6816xBeSRuQN3KqApyKbwjb4f3u87p8veGLitLQh,False
491,b2-fabric-b1-c4-r4,b2-fabric-b1-c4-r4-task-0050,ipfs_add,True,,25,1783314335943,1999,,False
492,b2-fabric-b1-c4-r4,b2-fabric-b1-c4-r4-task-0048,ipfs_add,True,,42,1783314335942,6584,,False
493,b2-fabric-b1-c4-r4,b2-fabric-b1-c4-r4-task-0049,ipfs_add,True,,58,1783314335942,1811,,False
494,b2-fabric-b1-c4-r4,b2-fabric-b1-c4-r4-task-0051,ipfs_add,True,,72,1783314335945,3763,,False
495,b2-fabric-b1-c4-r4,b2-fabric-b1-c4-r4-task-0049,fabric_post_task,True,,2728,1783314336000,1811,Qme9dPNL59uRhU5hx2jyKbBdCPqBgF1krPA6WvcCYu8eVf,False
496,b2-fabric-b1-c4-r4,b2-fabric-b1-c4-r4-task-0050,fabric_post_task,True,,2761,1783314335968,1999,QmdV6Xsz9DDJaY4mD6E1omWqFwV485nsfcNWmZWMizL9Jc,False
497,b2-fabric-b1-c4-r4,b2-fabric-b1-c4-r4-task-0048,fabric_post_task,True,,2745,1783314335984,6584,QmZxwAc5vt22wSQ5mT8jRWQr3tdyJrTwAGgotYvEjWf3wN,False
498,b2-fabric-b1-c4-r4,b2-fabric-b1-c4-r4-task-0051,fabric_post_task,True,,2713,1783314336017,3763,QmTGsXsSojSBkAHS2R8QsjK4DdKDvRJKAvmLyhxkyrWAi1,False
499,b2-fabric-b1-c4-r4,b2-fabric-b1-c4-r4-task-0048,fabric_post_allocation,True,,2327,1783314338730,0,,False
500,b2-fabric-b1-c4-r4,b2-fabric-b1-c4-r4-task-0049,fabric_post_allocation,True,,2329,1783314338728,0,,False
501,b2-fabric-b1-c4-r4,b2-fabric-b1-c4-r4-task-0050,fabric_post_allocation,True,,2329,1783314338729,0,,False
502,b2-fabric-b1-c4-r4,b2-fabric-b1-c4-r4-task-0051,fabric_post_allocation,True,,2328,1783314338731,0,,False
503,b2-fabric-b1-c4-r4,b2-fabric-b1-c4-r4-task-0051,fabric_post_snapshot,True,,2273,1783314341059,0,,False
504,b2-fabric-b1-c4-r4,b2-fabric-b1-c4-r4-task-0049,fabric_post_snapshot,True,,2275,1783314341057,0,,False
505,b2-fabric-b1-c4-r4,b2-fabric-b1-c4-r4-task-0050,fabric_post_snapshot,True,,2275,1783314341058,0,,False
506,b2-fabric-b1-c4-r4,b2-fabric-b1-c4-r4-task-0048,fabric_post_snapshot,True,,2276,1783314341057,0,,False
507,b2-fabric-b1-c4-r4,b2-fabric-b1-c4-r4-task-0048,fabric_query_confirmation,True,,117,1783314343333,0,,False
508,b2-fabric-b1-c4-r4,b2-fabric-b1-c4-r4-task-0049,fabric_query_confirmation,True,,118,1783314343332,0,,False
509,b2-fabric-b1-c4-r4,b2-fabric-b1-c4-r4-task-0051,fabric_query_confirmation,True,,119,1783314343332,0,,False
510,b2-fabric-b1-c4-r4,b2-fabric-b1-c4-r4-task-0050,fabric_query_confirmation,True,,119,1783314343333,0,,False
511,b2-fabric-b1-c4-r4,b2-fabric-b1-c4-r4-task-0050,fabric_vote_1,True,,2457,1783314343452,0,,False
512,b2-fabric-b1-c4-r4,b2-fabric-b1-c4-r4-task-0051,fabric_vote_1,True,,2458,1783314343451,0,,False
513,b2-fabric-b1-c4-r4,b2-fabric-b1-c4-r4-task-0048,fabric_vote_1,True,,2461,1783314343450,0,,False
514,b2-fabric-b1-c4-r4,b2-fabric-b1-c4-r4-task-0049,fabric_vote_1,True,,2461,1783314343450,0,,False
515,b2-fabric-b1-c4-r4,b2-fabric-b1-c4-r4-task-0050,fabric_vote_2,True,,2250,1783314345909,0,,False
516,b2-fabric-b1-c4-r4,b2-fabric-b1-c4-r4-task-0048,fabric_vote_2,True,,2249,1783314345911,0,,False
517,b2-fabric-b1-c4-r4,b2-fabric-b1-c4-r4-task-0049,fabric_vote_2,True,,2250,1783314345911,0,,False
518,b2-fabric-b1-c4-r4,b2-fabric-b1-c4-r4-task-0051,fabric_vote_2,True,,2253,1783314345909,0,,False
519,b2-fabric-b1-c4-r4,b2-fabric-b1-c4-r4-task-0050,fabric_settlement,True,,2456,1783314348159,0,,False
520,b2-fabric-b1-c4-r4,b2-fabric-b1-c4-r4-task-0049,fabric_settlement,True,,2456,1783314348161,0,,False
521,b2-fabric-b1-c4-r4,b2-fabric-b1-c4-r4-task-0048,fabric_settlement,True,,2457,1783314348160,0,,False
522,b2-fabric-b1-c4-r4,b2-fabric-b1-c4-r4-task-0051,fabric_settlement,True,,2456,1783314348162,0,,False
523,b2-fabric-b1-c4-r4,b2-fabric-b1-c4-r4-task-0051,fabric_query_final,True,,583,1783314350618,0,,False
524,b2-fabric-b1-c4-r4,b2-fabric-b1-c4-r4-task-0049,fabric_query_final,True,,585,1783314350617,0,,False
525,b2-fabric-b1-c4-r4,b2-fabric-b1-c4-r4-task-0050,fabric_query_final,True,,587,1783314350615,0,,False
526,b2-fabric-b1-c4-r4,b2-fabric-b1-c4-r4-task-0048,fabric_query_final,True,,588,1783314350617,0,,False
527,b2-fabric-b1-c4-r4,b2-fabric-b1-c4-r4-task-0051,ipfs_verify,True,,7,1783314351201,0,QmTGsXsSojSBkAHS2R8QsjK4DdKDvRJKAvmLyhxkyrWAi1,False
528,b2-fabric-b1-c4-r4,b2-fabric-b1-c4-r4-task-0049,ipfs_verify,True,,7,1783314351202,0,Qme9dPNL59uRhU5hx2jyKbBdCPqBgF1krPA6WvcCYu8eVf,False
529,b2-fabric-b1-c4-r4,b2-fabric-b1-c4-r4-task-0050,ipfs_verify,True,,8,1783314351202,0,QmdV6Xsz9DDJaY4mD6E1omWqFwV485nsfcNWmZWMizL9Jc,False
530,b2-fabric-b1-c4-r4,b2-fabric-b1-c4-r4-task-0048,ipfs_verify,True,,6,1783314351205,0,QmZxwAc5vt22wSQ5mT8jRWQr3tdyJrTwAGgotYvEjWf3wN,False
531,b2-fabric-b1-c4-r4,b2-fabric-b1-c4-r4-task-0052,ipfs_add,True,,28,1783314351208,3794,,False
532,b2-fabric-b1-c4-r4,b2-fabric-b1-c4-r4-task-0053,ipfs_add,True,,43,1783314351209,4728,,False
533,b2-fabric-b1-c4-r4,b2-fabric-b1-c4-r4-task-0054,ipfs_add,True,,59,1783314351210,5229,,False
534,b2-fabric-b1-c4-r4,b2-fabric-b1-c4-r4-task-0055,ipfs_add,True,,75,1783314351211,3299,,False
535,b2-fabric-b1-c4-r4,b2-fabric-b1-c4-r4-task-0053,fabric_post_task,True,,2460,1783314351252,4728,QmQhmCX3uicZrhvWeBbc6PdBzun14HpniDh8sPFQzpyV9X,False
536,b2-fabric-b1-c4-r4,b2-fabric-b1-c4-r4-task-0052,fabric_post_task,True,,2478,1783314351236,3794,Qmbhf75a6jKFm6r3n83e1TgGA1Jv3MZMWPn5DZ6DAQKRGx,False
537,b2-fabric-b1-c4-r4,b2-fabric-b1-c4-r4-task-0054,fabric_post_task,True,,2445,1783314351269,5229,QmPnCtNRFcwQFtC6bqhKn6Lncju1wDzgW5MAzMVD7Hqnio,False
538,b2-fabric-b1-c4-r4,b2-fabric-b1-c4-r4-task-0055,fabric_post_task,True,,2430,1783314351286,3299,QmafKJifZc1XAPwnCM3rfjeY8ycoRWBTEzRKJWmaz2X2pf,False
539,b2-fabric-b1-c4-r4,b2-fabric-b1-c4-r4-task-0052,fabric_post_allocation,True,,1619,1783314353714,0,,False
540,b2-fabric-b1-c4-r4,b2-fabric-b1-c4-r4-task-0053,fabric_post_allocation,True,,1622,1783314353712,0,,False
541,b2-fabric-b1-c4-r4,b2-fabric-b1-c4-r4-task-0054,fabric_post_allocation,True,,1621,1783314353714,0,,False
542,b2-fabric-b1-c4-r4,b2-fabric-b1-c4-r4-task-0055,fabric_post_allocation,True,,1620,1783314353716,0,,False
543,b2-fabric-b1-c4-r4,b2-fabric-b1-c4-r4-task-0055,fabric_post_snapshot,True,,2282,1783314355336,0,,False
544,b2-fabric-b1-c4-r4,b2-fabric-b1-c4-r4-task-0053,fabric_post_snapshot,True,,2285,1783314355334,0,,False
545,b2-fabric-b1-c4-r4,b2-fabric-b1-c4-r4-task-0054,fabric_post_snapshot,True,,2285,1783314355335,0,,False
546,b2-fabric-b1-c4-r4,b2-fabric-b1-c4-r4-task-0052,fabric_post_snapshot,True,,2288,1783314355333,0,,False
547,b2-fabric-b1-c4-r4,b2-fabric-b1-c4-r4-task-0055,fabric_query_confirmation,True,,120,1783314357618,0,,False
548,b2-fabric-b1-c4-r4,b2-fabric-b1-c4-r4-task-0052,fabric_query_confirmation,True,,118,1783314357621,0,,False
549,b2-fabric-b1-c4-r4,b2-fabric-b1-c4-r4-task-0054,fabric_query_confirmation,True,,120,1783314357620,0,,False
550,b2-fabric-b1-c4-r4,b2-fabric-b1-c4-r4-task-0053,fabric_query_confirmation,True,,123,1783314357619,0,,False
551,b2-fabric-b1-c4-r4,b2-fabric-b1-c4-r4-task-0054,fabric_vote_1,True,,2450,1783314357740,0,,False
552,b2-fabric-b1-c4-r4,b2-fabric-b1-c4-r4-task-0055,fabric_vote_1,True,,2453,1783314357738,0,,False
553,b2-fabric-b1-c4-r4,b2-fabric-b1-c4-r4-task-0052,fabric_vote_1,True,,2452,1783314357739,0,,False
554,b2-fabric-b1-c4-r4,b2-fabric-b1-c4-r4-task-0053,fabric_vote_1,True,,2451,1783314357742,0,,False
555,b2-fabric-b1-c4-r4,b2-fabric-b1-c4-r4-task-0055,fabric_vote_2,True,,2246,1783314360191,0,,False
556,b2-fabric-b1-c4-r4,b2-fabric-b1-c4-r4-task-0054,fabric_vote_2,True,,2248,1783314360190,0,,False
557,b2-fabric-b1-c4-r4,b2-fabric-b1-c4-r4-task-0053,fabric_vote_2,True,,2245,1783314360193,0,,False
558,b2-fabric-b1-c4-r4,b2-fabric-b1-c4-r4-task-0052,fabric_vote_2,True,,2248,1783314360191,0,,False
559,b2-fabric-b1-c4-r4,b2-fabric-b1-c4-r4-task-0053,fabric_settlement,True,,2277,1783314362438,0,,False
560,b2-fabric-b1-c4-r4,b2-fabric-b1-c4-r4-task-0054,fabric_settlement,True,,2280,1783314362438,0,,False
561,b2-fabric-b1-c4-r4,b2-fabric-b1-c4-r4-task-0052,fabric_settlement,True,,2279,1783314362439,0,,False
562,b2-fabric-b1-c4-r4,b2-fabric-b1-c4-r4-task-0055,fabric_settlement,True,,2282,1783314362437,0,,False
563,b2-fabric-b1-c4-r4,b2-fabric-b1-c4-r4-task-0055,fabric_query_final,True,,413,1783314364719,0,,False
564,b2-fabric-b1-c4-r4,b2-fabric-b1-c4-r4-task-0053,fabric_query_final,True,,417,1783314364715,0,,False
565,b2-fabric-b1-c4-r4,b2-fabric-b1-c4-r4-task-0054,fabric_query_final,True,,414,1783314364718,0,,False
566,b2-fabric-b1-c4-r4,b2-fabric-b1-c4-r4-task-0052,fabric_query_final,True,,422,1783314364718,0,,False
567,b2-fabric-b1-c4-r4,b2-fabric-b1-c4-r4-task-0053,ipfs_verify,True,,9,1783314365132,0,QmQhmCX3uicZrhvWeBbc6PdBzun14HpniDh8sPFQzpyV9X,False
568,b2-fabric-b1-c4-r4,b2-fabric-b1-c4-r4-task-0055,ipfs_verify,True,,10,1783314365132,0,QmafKJifZc1XAPwnCM3rfjeY8ycoRWBTEzRKJWmaz2X2pf,False
569,b2-fabric-b1-c4-r4,b2-fabric-b1-c4-r4-task-0054,ipfs_verify,True,,11,1783314365132,0,QmPnCtNRFcwQFtC6bqhKn6Lncju1wDzgW5MAzMVD7Hqnio,False
570,b2-fabric-b1-c4-r4,b2-fabric-b1-c4-r4-task-0052,ipfs_verify,True,,8,1783314365140,0,Qmbhf75a6jKFm6r3n83e1TgGA1Jv3MZMWPn5DZ6DAQKRGx,False
571,b2-fabric-b1-c4-r4,b2-fabric-b1-c4-r4-task-0057,ipfs_add,True,,33,1783314365142,1961,,False
572,b2-fabric-b1-c4-r4,b2-fabric-b1-c4-r4-task-0058,ipfs_add,True,,59,1783314365143,2250,,False
573,b2-fabric-b1-c4-r4,b2-fabric-b1-c4-r4-task-0056,ipfs_add,True,,79,1783314365141,4022,,False
574,b2-fabric-b1-c4-r4,b2-fabric-b1-c4-r4-task-0059,ipfs_add,True,,91,1783314365148,4487,,False
575,b2-fabric-b1-c4-r4,b2-fabric-b1-c4-r4-task-0057,fabric_post_task,True,,2827,1783314365175,1961,QmXe2mVbUwjU9upyR6EUuSfmWPVCsUJ2XbjviLk1VWsWi5,False
576,b2-fabric-b1-c4-r4,b2-fabric-b1-c4-r4-task-0056,fabric_post_task,True,,2784,1783314365220,4022,QmZ7pYazDS7aTNmx4r1RUas5pautaRbk4VUrw59C2XLkhW,False
577,b2-fabric-b1-c4-r4,b2-fabric-b1-c4-r4-task-0059,fabric_post_task,True,,2765,1783314365239,4487,QmPBEGhSk6VvenSUj3Vr6bj3gHyXAjWBknK2erA4F3iiDo,False
578,b2-fabric-b1-c4-r4,b2-fabric-b1-c4-r4-task-0058,fabric_post_task,True,,2806,1783314365202,2250,QmXUCNGHMpTciMXWytGi2sfx8616VuyyUoqZa3oAtvFoDt,False
579,b2-fabric-b1-c4-r4,b2-fabric-b1-c4-r4-task-0057,fabric_post_allocation,True,,2360,1783314368002,0,,False
580,b2-fabric-b1-c4-r4,b2-fabric-b1-c4-r4-task-0056,fabric_post_allocation,True,,2358,1783314368004,0,,False
581,b2-fabric-b1-c4-r4,b2-fabric-b1-c4-r4-task-0059,fabric_post_allocation,True,,2359,1783314368004,0,,False
582,b2-fabric-b1-c4-r4,b2-fabric-b1-c4-r4-task-0058,fabric_post_allocation,True,,2358,1783314368008,0,,False
583,b2-fabric-b1-c4-r4,b2-fabric-b1-c4-r4-task-0056,fabric_post_snapshot,True,,2500,1783314370362,0,,False
584,b2-fabric-b1-c4-r4,b2-fabric-b1-c4-r4-task-0058,fabric_post_snapshot,True,,2497,1783314370366,0,,False
585,b2-fabric-b1-c4-r4,b2-fabric-b1-c4-r4-task-0057,fabric_post_snapshot,True,,2504,1783314370362,0,,False
586,b2-fabric-b1-c4-r4,b2-fabric-b1-c4-r4-task-0059,fabric_post_snapshot,True,,2504,1783314370363,0,,False
587,b2-fabric-b1-c4-r4,b2-fabric-b1-c4-r4-task-0056,fabric_query_confirmation,True,,324,1783314372862,0,,False
588,b2-fabric-b1-c4-r4,b2-fabric-b1-c4-r4-task-0059,fabric_query_confirmation,True,,319,1783314372867,0,,False
589,b2-fabric-b1-c4-r4,b2-fabric-b1-c4-r4-task-0058,fabric_query_confirmation,True,,323,1783314372863,0,,False
590,b2-fabric-b1-c4-r4,b2-fabric-b1-c4-r4-task-0057,fabric_query_confirmation,True,,322,1783314372866,0,,False
591,b2-fabric-b1-c4-r4,b2-fabric-b1-c4-r4-task-0059,fabric_vote_1,True,,2489,1783314373186,0,,False
592,b2-fabric-b1-c4-r4,b2-fabric-b1-c4-r4-task-0057,fabric_vote_1,True,,2487,1783314373188,0,,False
593,b2-fabric-b1-c4-r4,b2-fabric-b1-c4-r4-task-0058,fabric_vote_1,True,,2490,1783314373186,0,,False
594,b2-fabric-b1-c4-r4,b2-fabric-b1-c4-r4-task-0056,fabric_vote_1,True,,2490,1783314373186,0,,False
595,b2-fabric-b1-c4-r4,b2-fabric-b1-c4-r4-task-0058,fabric_vote_2,True,,2299,1783314375676,0,,False
596,b2-fabric-b1-c4-r4,b2-fabric-b1-c4-r4-task-0059,fabric_vote_2,True,,2300,1783314375675,0,,False
597,b2-fabric-b1-c4-r4,b2-fabric-b1-c4-r4-task-0056,fabric_vote_2,True,,2300,1783314375676,0,,False
598,b2-fabric-b1-c4-r4,b2-fabric-b1-c4-r4-task-0057,fabric_vote_2,True,,2302,1783314375675,0,,False
599,b2-fabric-b1-c4-r4,b2-fabric-b1-c4-r4-task-0056,fabric_settlement,True,,2283,1783314377976,0,,False
600,b2-fabric-b1-c4-r4,b2-fabric-b1-c4-r4-task-0057,fabric_settlement,True,,2283,1783314377977,0,,False
601,b2-fabric-b1-c4-r4,b2-fabric-b1-c4-r4-task-0059,fabric_settlement,True,,2285,1783314377975,0,,False
602,b2-fabric-b1-c4-r4,b2-fabric-b1-c4-r4-task-0058,fabric_settlement,True,,2288,1783314377975,0,,False
603,b2-fabric-b1-c4-r4,b2-fabric-b1-c4-r4-task-0057,fabric_query_final,True,,536,1783314380260,0,,False
604,b2-fabric-b1-c4-r4,b2-fabric-b1-c4-r4-task-0058,fabric_query_final,True,,533,1783314380263,0,,False
605,b2-fabric-b1-c4-r4,b2-fabric-b1-c4-r4-task-0056,fabric_query_final,True,,538,1783314380259,0,,False
606,b2-fabric-b1-c4-r4,b2-fabric-b1-c4-r4-task-0059,fabric_query_final,True,,542,1783314380260,0,,False
607,b2-fabric-b1-c4-r4,b2-fabric-b1-c4-r4-task-0057,ipfs_verify,True,,7,1783314380796,0,QmXe2mVbUwjU9upyR6EUuSfmWPVCsUJ2XbjviLk1VWsWi5,False
608,b2-fabric-b1-c4-r4,b2-fabric-b1-c4-r4-task-0056,ipfs_verify,True,,6,1783314380797,0,QmZ7pYazDS7aTNmx4r1RUas5pautaRbk4VUrw59C2XLkhW,False
609,b2-fabric-b1-c4-r4,b2-fabric-b1-c4-r4-task-0058,ipfs_verify,True,,8,1783314380796,0,QmXUCNGHMpTciMXWytGi2sfx8616VuyyUoqZa3oAtvFoDt,False
610,b2-fabric-b1-c4-r4,b2-fabric-b1-c4-r4-task-0059,ipfs_verify,True,,6,1783314380802,0,QmPBEGhSk6VvenSUj3Vr6bj3gHyXAjWBknK2erA4F3iiDo,False
611,b2-fabric-b1-c4-r4,b2-fabric-b1-c4-r4-task-0062,ipfs_add,True,,29,1783314380804,1552,,False
612,b2-fabric-b1-c4-r4,b2-fabric-b1-c4-r4-task-0061,ipfs_add,True,,45,1783314380805,5946,,False
613,b2-fabric-b1-c4-r4,b2-fabric-b1-c4-r4-task-0060,ipfs_add,True,,63,1783314380803,5935,,False
614,b2-fabric-b1-c4-r4,b2-fabric-b1-c4-r4-task-0063,ipfs_add,True,,75,1783314380808,1951,,False
615,b2-fabric-b1-c4-r4,b2-fabric-b1-c4-r4-task-0060,fabric_post_task,True,,2486,1783314380866,5935,QmNcgtQQTiKYTTZfgDnKUurGta1J2EPad8N1cioGFFfEnj,False
616,b2-fabric-b1-c4-r4,b2-fabric-b1-c4-r4-task-0063,fabric_post_task,True,,2471,1783314380883,1951,Qmeq8QyrjD6bZ4YprHuPoMgTMvTCxaH2JtzMLSbHb4KCGp,False
617,b2-fabric-b1-c4-r4,b2-fabric-b1-c4-r4-task-0062,fabric_post_task,True,,2521,1783314380833,1552,Qmb6iH1Q8fsUxVYrQmrcgAvCnH14JPTvzRbCctsufq5we3,False
618,b2-fabric-b1-c4-r4,b2-fabric-b1-c4-r4-task-0061,fabric_post_task,True,,2505,1783314380850,5946,QmZznbE6Q8qgJZM6zko75Z5kysY6RRAzfTKYtPEykpkpaT,False
619,b2-fabric-b1-c4-r4,b2-fabric-b1-c4-r4-task-0060,fabric_post_allocation,True,,1290,1783314383352,0,,False
620,b2-fabric-b1-c4-r4,b2-fabric-b1-c4-r4-task-0062,fabric_post_allocation,True,,1289,1783314383354,0,,False
621,b2-fabric-b1-c4-r4,b2-fabric-b1-c4-r4-task-0063,fabric_post_allocation,True,,1289,1783314383354,0,,False
622,b2-fabric-b1-c4-r4,b2-fabric-b1-c4-r4-task-0061,fabric_post_allocation,True,,1293,1783314383355,0,,False
623,b2-fabric-b1-c4-r4,b2-fabric-b1-c4-r4-task-0060,fabric_post_snapshot,True,,2278,1783314384642,0,,False
624,b2-fabric-b1-c4-r4,b2-fabric-b1-c4-r4-task-0062,fabric_post_snapshot,True,,2279,1783314384643,0,,False
625,b2-fabric-b1-c4-r4,b2-fabric-b1-c4-r4-task-0061,fabric_post_snapshot,True,,2274,1783314384648,0,,False
626,b2-fabric-b1-c4-r4,b2-fabric-b1-c4-r4-task-0063,fabric_post_snapshot,True,,2280,1783314384643,0,,False
627,b2-fabric-b1-c4-r4,b2-fabric-b1-c4-r4-task-0060,fabric_query_confirmation,True,,112,1783314386920,0,,False
628,b2-fabric-b1-c4-r4,b2-fabric-b1-c4-r4-task-0061,fabric_query_confirmation,True,,111,1783314386922,0,,False
629,b2-fabric-b1-c4-r4,b2-fabric-b1-c4-r4-task-0062,fabric_query_confirmation,True,,111,1783314386922,0,,False
630,b2-fabric-b1-c4-r4,b2-fabric-b1-c4-r4-task-0063,fabric_query_confirmation,True,,112,1783314386923,0,,False
631,b2-fabric-b1-c4-r4,b2-fabric-b1-c4-r4-task-0061,fabric_vote_1,True,,2442,1783314387033,0,,False
632,b2-fabric-b1-c4-r4,b2-fabric-b1-c4-r4-task-0062,fabric_vote_1,True,,2443,1783314387033,0,,False
633,b2-fabric-b1-c4-r4,b2-fabric-b1-c4-r4-task-0063,fabric_vote_1,True,,2441,1783314387035,0,,False
634,b2-fabric-b1-c4-r4,b2-fabric-b1-c4-r4-task-0060,fabric_vote_1,True,,2446,1783314387032,0,,False
635,b2-fabric-b1-c4-r4,b2-fabric-b1-c4-r4-task-0061,fabric_vote_2,True,,2249,1783314389475,0,,False
636,b2-fabric-b1-c4-r4,b2-fabric-b1-c4-r4-task-0060,fabric_vote_2,True,,2247,1783314389478,0,,False
637,b2-fabric-b1-c4-r4,b2-fabric-b1-c4-r4-task-0063,fabric_vote_2,True,,2249,1783314389476,0,,False
638,b2-fabric-b1-c4-r4,b2-fabric-b1-c4-r4-task-0062,fabric_vote_2,True,,2253,1783314389476,0,,False
639,b2-fabric-b1-c4-r4,b2-fabric-b1-c4-r4-task-0063,fabric_settlement,True,,2507,1783314391725,0,,False
640,b2-fabric-b1-c4-r4,b2-fabric-b1-c4-r4-task-0060,fabric_settlement,True,,2508,1783314391725,0,,False
641,b2-fabric-b1-c4-r4,b2-fabric-b1-c4-r4-task-0061,fabric_settlement,True,,2510,1783314391724,0,,False
642,b2-fabric-b1-c4-r4,b2-fabric-b1-c4-r4-task-0062,fabric_settlement,True,,2506,1783314391729,0,,False
643,b2-fabric-b1-c4-r4,b2-fabric-b1-c4-r4-task-0061,fabric_query_final,True,,547,1783314394234,0,,False
644,b2-fabric-b1-c4-r4,b2-fabric-b1-c4-r4-task-0060,fabric_query_final,True,,549,1783314394233,0,,False
645,b2-fabric-b1-c4-r4,b2-fabric-b1-c4-r4-task-0063,fabric_query_final,True,,551,1783314394232,0,,False
646,b2-fabric-b1-c4-r4,b2-fabric-b1-c4-r4-task-0062,fabric_query_final,True,,551,1783314394235,0,,False
647,b2-fabric-b1-c4-r4,b2-fabric-b1-c4-r4-task-0061,ipfs_verify,True,,9,1783314394781,0,QmZznbE6Q8qgJZM6zko75Z5kysY6RRAzfTKYtPEykpkpaT,False
648,b2-fabric-b1-c4-r4,b2-fabric-b1-c4-r4-task-0063,ipfs_verify,True,,8,1783314394783,0,Qmeq8QyrjD6bZ4YprHuPoMgTMvTCxaH2JtzMLSbHb4KCGp,False
649,b2-fabric-b1-c4-r4,b2-fabric-b1-c4-r4-task-0060,ipfs_verify,True,,9,1783314394782,0,QmNcgtQQTiKYTTZfgDnKUurGta1J2EPad8N1cioGFFfEnj,False
650,b2-fabric-b1-c4-r4,b2-fabric-b1-c4-r4-task-0062,ipfs_verify,True,,8,1783314394786,0,Qmb6iH1Q8fsUxVYrQmrcgAvCnH14JPTvzRbCctsufq5we3,False
651,b2-fabric-b1-c4-r4,b2-fabric-b1-c4-r4-task-0065,ipfs_add,True,,31,1783314394791,1532,,False
652,b2-fabric-b1-c4-r4,b2-fabric-b1-c4-r4-task-0066,ipfs_add,True,,46,1783314394791,1779,,False
653,b2-fabric-b1-c4-r4,b2-fabric-b1-c4-r4-task-0064,ipfs_add,True,,65,1783314394790,1718,,False
654,b2-fabric-b1-c4-r4,b2-fabric-b1-c4-r4-task-0067,ipfs_add,True,,78,1783314394794,1494,,False
655,b2-fabric-b1-c4-r4,b2-fabric-b1-c4-r4-task-0064,fabric_post_task,True,,2799,1783314394855,1718,QmdQasboxBg4eG1zCcznaXELJ43EhrApnvszJDpfVQP7gd,False
656,b2-fabric-b1-c4-r4,b2-fabric-b1-c4-r4-task-0066,fabric_post_task,True,,2818,1783314394837,1779,QmQadZaKvSss26axAEh58nbypRZhkvyv9qKSdKwsKrR3VT,False
657,b2-fabric-b1-c4-r4,b2-fabric-b1-c4-r4-task-0067,fabric_post_task,True,,2784,1783314394872,1494,Qmbt7FG9CTBc6sVfciXAseRzvjXpa6EoV1TehcNf7sChY3,False
658,b2-fabric-b1-c4-r4,b2-fabric-b1-c4-r4-task-0065,fabric_post_task,True,,2835,1783314394822,1532,QmTgn7Ef8bcgXc76teLMLFWfXkkV1kNKoL8EES2YSp6nVT,False
659,b2-fabric-b1-c4-r4,b2-fabric-b1-c4-r4-task-0064,fabric_post_allocation,True,,2313,1783314397654,0,,False
660,b2-fabric-b1-c4-r4,b2-fabric-b1-c4-r4-task-0065,fabric_post_allocation,True,,2310,1783314397657,0,,False
661,b2-fabric-b1-c4-r4,b2-fabric-b1-c4-r4-task-0066,fabric_post_allocation,True,,2313,1783314397655,0,,False
662,b2-fabric-b1-c4-r4,b2-fabric-b1-c4-r4-task-0067,fabric_post_allocation,True,,2314,1783314397656,0,,False
663,b2-fabric-b1-c4-r4,b2-fabric-b1-c4-r4-task-0067,fabric_post_snapshot,True,,2466,1783314399970,0,,False
664,b2-fabric-b1-c4-r4,b2-fabric-b1-c4-r4-task-0066,fabric_post_snapshot,True,,2469,1783314399968,0,,False
665,b2-fabric-b1-c4-r4,b2-fabric-b1-c4-r4-task-0065,fabric_post_snapshot,True,,2470,1783314399967,0,,False
666,b2-fabric-b1-c4-r4,b2-fabric-b1-c4-r4-task-0064,fabric_post_snapshot,True,,2474,1783314399967,0,,False
667,b2-fabric-b1-c4-r4,b2-fabric-b1-c4-r4-task-0067,fabric_query_confirmation,True,,336,1783314402436,0,,False
668,b2-fabric-b1-c4-r4,b2-fabric-b1-c4-r4-task-0066,fabric_query_confirmation,True,,335,1783314402437,0,,False
669,b2-fabric-b1-c4-r4,b2-fabric-b1-c4-r4-task-0064,fabric_query_confirmation,True,,333,1783314402441,0,,False
670,b2-fabric-b1-c4-r4,b2-fabric-b1-c4-r4-task-0065,fabric_query_confirmation,True,,338,1783314402437,0,,False
671,b2-fabric-b1-c4-r4,b2-fabric-b1-c4-r4-task-0067,fabric_vote_1,True,,2443,1783314402772,0,,False
672,b2-fabric-b1-c4-r4,b2-fabric-b1-c4-r4-task-0065,fabric_vote_1,True,,2442,1783314402775,0,,False
673,b2-fabric-b1-c4-r4,b2-fabric-b1-c4-r4-task-0066,fabric_vote_1,True,,2445,1783314402772,0,,False
674,b2-fabric-b1-c4-r4,b2-fabric-b1-c4-r4-task-0064,fabric_vote_1,True,,2444,1783314402774,0,,False
675,b2-fabric-b1-c4-r4,b2-fabric-b1-c4-r4-task-0066,fabric_vote_2,True,,2243,1783314405217,0,,False
676,b2-fabric-b1-c4-r4,b2-fabric-b1-c4-r4-task-0067,fabric_vote_2,True,,2245,1783314405215,0,,False
677,b2-fabric-b1-c4-r4,b2-fabric-b1-c4-r4-task-0065,fabric_vote_2,True,,2244,1783314405217,0,,False
678,b2-fabric-b1-c4-r4,b2-fabric-b1-c4-r4-task-0064,fabric_vote_2,True,,2243,1783314405218,0,,False
679,b2-fabric-b1-c4-r4,b2-fabric-b1-c4-r4-task-0064,fabric_settlement,True,,2343,1783314407461,0,,False
680,b2-fabric-b1-c4-r4,b2-fabric-b1-c4-r4-task-0066,fabric_settlement,True,,2344,1783314407460,0,,False
681,b2-fabric-b1-c4-r4,b2-fabric-b1-c4-r4-task-0067,fabric_settlement,True,,2344,1783314407460,0,,False
682,b2-fabric-b1-c4-r4,b2-fabric-b1-c4-r4-task-0065,fabric_settlement,True,,2344,1783314407461,0,,False
683,b2-fabric-b1-c4-r4,b2-fabric-b1-c4-r4-task-0064,fabric_query_final,True,,513,1783314409804,0,,False
684,b2-fabric-b1-c4-r4,b2-fabric-b1-c4-r4-task-0066,fabric_query_final,True,,514,1783314409804,0,,False
685,b2-fabric-b1-c4-r4,b2-fabric-b1-c4-r4-task-0067,fabric_query_final,True,,514,1783314409804,0,,False
686,b2-fabric-b1-c4-r4,b2-fabric-b1-c4-r4-task-0065,fabric_query_final,True,,516,1783314409805,0,,False
687,b2-fabric-b1-c4-r4,b2-fabric-b1-c4-r4-task-0064,ipfs_verify,True,,7,1783314410317,0,QmdQasboxBg4eG1zCcznaXELJ43EhrApnvszJDpfVQP7gd,False
688,b2-fabric-b1-c4-r4,b2-fabric-b1-c4-r4-task-0067,ipfs_verify,True,,6,1783314410318,0,Qmbt7FG9CTBc6sVfciXAseRzvjXpa6EoV1TehcNf7sChY3,False
689,b2-fabric-b1-c4-r4,b2-fabric-b1-c4-r4-task-0066,ipfs_verify,True,,7,1783314410318,0,QmQadZaKvSss26axAEh58nbypRZhkvyv9qKSdKwsKrR3VT,False
690,b2-fabric-b1-c4-r4,b2-fabric-b1-c4-r4-task-0065,ipfs_verify,True,,6,1783314410321,0,QmTgn7Ef8bcgXc76teLMLFWfXkkV1kNKoL8EES2YSp6nVT,False
691,b2-fabric-b1-c4-r4,b2-fabric-b1-c4-r4-task-0068,ipfs_add,True,,23,1783314410324,4158,,False
692,b2-fabric-b1-c4-r4,b2-fabric-b1-c4-r4-task-0069,ipfs_add,True,,38,1783314410325,1526,,False
693,b2-fabric-b1-c4-r4,b2-fabric-b1-c4-r4-task-0071,ipfs_add,True,,54,1783314410327,7196,,False
694,b2-fabric-b1-c4-r4,b2-fabric-b1-c4-r4-task-0070,ipfs_add,True,,71,1783314410326,5065,,False
695,b2-fabric-b1-c4-r4,b2-fabric-b1-c4-r4-task-0071,fabric_post_task,True,,1480,1783314410381,7196,QmNqkkGDJvpybcWjHb7TKY3DpGWDegeGBguFT6dBieSUKQ,False
696,b2-fabric-b1-c4-r4,b2-fabric-b1-c4-r4-task-0068,fabric_post_task,True,,1515,1783314410347,4158,QmdssCZHZja15BD7DuyPiXZPfZufH2mwmGr81QDSStPZPN,False
697,b2-fabric-b1-c4-r4,b2-fabric-b1-c4-r4-task-0069,fabric_post_task,True,,1500,1783314410363,1526,Qmc3HzGamX75gaXpQyYRDkmKLfVRUTTUbDLLNafwajDdRv,False
698,b2-fabric-b1-c4-r4,b2-fabric-b1-c4-r4-task-0070,fabric_post_task,True,,1469,1783314410397,5065,QmZdwn7XZ6rmxkCtUjND7GCnAtzGsfmiqSWKEv7AMAoXVQ,False
699,b2-fabric-b1-c4-r4,b2-fabric-b1-c4-r4-task-0071,fabric_post_allocation,True,,2543,1783314411861,0,,False
700,b2-fabric-b1-c4-r4,b2-fabric-b1-c4-r4-task-0070,fabric_post_allocation,True,,2539,1783314411866,0,,False
701,b2-fabric-b1-c4-r4,b2-fabric-b1-c4-r4-task-0069,fabric_post_allocation,True,,2542,1783314411863,0,,False
702,b2-fabric-b1-c4-r4,b2-fabric-b1-c4-r4-task-0068,fabric_post_allocation,True,,2545,1783314411862,0,,False
703,b2-fabric-b1-c4-r4,b2-fabric-b1-c4-r4-task-0071,fabric_post_snapshot,True,,2536,1783314414404,0,,False
704,b2-fabric-b1-c4-r4,b2-fabric-b1-c4-r4-task-0069,fabric_post_snapshot,True,,2537,1783314414405,0,,False
705,b2-fabric-b1-c4-r4,b2-fabric-b1-c4-r4-task-0070,fabric_post_snapshot,True,,2538,1783314414405,0,,False
706,b2-fabric-b1-c4-r4,b2-fabric-b1-c4-r4-task-0068,fabric_post_snapshot,True,,2537,1783314414407,0,,False
707,b2-fabric-b1-c4-r4,b2-fabric-b1-c4-r4-task-0071,fabric_query_confirmation,True,,311,1783314416940,0,,False
708,b2-fabric-b1-c4-r4,b2-fabric-b1-c4-r4-task-0070,fabric_query_confirmation,True,,309,1783314416943,0,,False
709,b2-fabric-b1-c4-r4,b2-fabric-b1-c4-r4-task-0068,fabric_query_confirmation,True,,308,1783314416944,0,,False
710,b2-fabric-b1-c4-r4,b2-fabric-b1-c4-r4-task-0069,fabric_query_confirmation,True,,310,1783314416942,0,,False
711,b2-fabric-b1-c4-r4,b2-fabric-b1-c4-r4-task-0069,fabric_vote_1,True,,2243,1783314417252,0,,False
712,b2-fabric-b1-c4-r4,b2-fabric-b1-c4-r4-task-0070,fabric_vote_1,True,,2244,1783314417252,0,,False
713,b2-fabric-b1-c4-r4,b2-fabric-b1-c4-r4-task-0071,fabric_vote_1,True,,2245,1783314417251,0,,False
714,b2-fabric-b1-c4-r4,b2-fabric-b1-c4-r4-task-0068,fabric_vote_1,True,,2247,1783314417252,0,,False
715,b2-fabric-b1-c4-r4,b2-fabric-b1-c4-r4-task-0071,fabric_vote_2,True,,2438,1783314419496,0,,False
716,b2-fabric-b1-c4-r4,b2-fabric-b1-c4-r4-task-0068,fabric_vote_2,True,,2435,1783314419499,0,,False
717,b2-fabric-b1-c4-r4,b2-fabric-b1-c4-r4-task-0069,fabric_vote_2,True,,2440,1783314419495,0,,False
718,b2-fabric-b1-c4-r4,b2-fabric-b1-c4-r4-task-0070,fabric_vote_2,True,,2440,1783314419496,0,,False
719,b2-fabric-b1-c4-r4,b2-fabric-b1-c4-r4-task-0071,fabric_settlement,True,,2274,1783314421934,0,,False
720,b2-fabric-b1-c4-r4,b2-fabric-b1-c4-r4-task-0070,fabric_settlement,True,,2273,1783314421936,0,,False
721,b2-fabric-b1-c4-r4,b2-fabric-b1-c4-r4-task-0068,fabric_settlement,True,,2275,1783314421934,0,,False
722,b2-fabric-b1-c4-r4,b2-fabric-b1-c4-r4-task-0069,fabric_settlement,True,,2276,1783314421935,0,,False
723,b2-fabric-b1-c4-r4,b2-fabric-b1-c4-r4-task-0068,fabric_query_final,True,,744,1783314424209,0,,False
724,b2-fabric-b1-c4-r4,b2-fabric-b1-c4-r4-task-0070,fabric_query_final,True,,744,1783314424209,0,,False
725,b2-fabric-b1-c4-r4,b2-fabric-b1-c4-r4-task-0069,fabric_query_final,True,,742,1783314424211,0,,False
726,b2-fabric-b1-c4-r4,b2-fabric-b1-c4-r4-task-0071,fabric_query_final,True,,750,1783314424208,0,,False
727,b2-fabric-b1-c4-r4,b2-fabric-b1-c4-r4-task-0069,ipfs_verify,True,,8,1783314424953,0,Qmc3HzGamX75gaXpQyYRDkmKLfVRUTTUbDLLNafwajDdRv,False
728,b2-fabric-b1-c4-r4,b2-fabric-b1-c4-r4-task-0070,ipfs_verify,True,,9,1783314424953,0,QmZdwn7XZ6rmxkCtUjND7GCnAtzGsfmiqSWKEv7AMAoXVQ,False
729,b2-fabric-b1-c4-r4,b2-fabric-b1-c4-r4-task-0068,ipfs_verify,True,,9,1783314424953,0,QmdssCZHZja15BD7DuyPiXZPfZufH2mwmGr81QDSStPZPN,False
730,b2-fabric-b1-c4-r4,b2-fabric-b1-c4-r4-task-0071,ipfs_verify,True,,7,1783314424958,0,QmNqkkGDJvpybcWjHb7TKY3DpGWDegeGBguFT6dBieSUKQ,False
731,b2-fabric-b1-c4-r4,b2-fabric-b1-c4-r4-task-0074,ipfs_add,True,,28,1783314424962,5811,,False
732,b2-fabric-b1-c4-r4,b2-fabric-b1-c4-r4-task-0072,ipfs_add,True,,46,1783314424962,2305,,False
733,b2-fabric-b1-c4-r4,b2-fabric-b1-c4-r4-task-0073,ipfs_add,True,,62,1783314424962,4957,,False
734,b2-fabric-b1-c4-r4,b2-fabric-b1-c4-r4-task-0075,ipfs_add,True,,75,1783314424965,4400,,False
735,b2-fabric-b1-c4-r4,b2-fabric-b1-c4-r4-task-0075,fabric_post_task,True,,2761,1783314425040,4400,QmXvAwLQ7v7nnXbkJPjkYdM3tUdkRw8oF5f6iTNZRPVgzN,False
736,b2-fabric-b1-c4-r4,b2-fabric-b1-c4-r4-task-0073,fabric_post_task,True,,2777,1783314425024,4957,QmUNq5xrs3K1vmXdkKido3g2XmRhi95o132iauehfL4aYG,False
737,b2-fabric-b1-c4-r4,b2-fabric-b1-c4-r4-task-0072,fabric_post_task,True,,2796,1783314425008,2305,QmWanySVkpZ7TybV7YuqtM2nn19ezsxpA246bdcmU47t6X,False
738,b2-fabric-b1-c4-r4,b2-fabric-b1-c4-r4-task-0074,fabric_post_task,True,,2816,1783314424990,5811,QmaeTJAzWRKvsT172vo8HGvAfgV8ipwLvzV1ZMQApxE1QS,False
739,b2-fabric-b1-c4-r4,b2-fabric-b1-c4-r4-task-0072,fabric_post_allocation,True,,2330,1783314427804,0,,False
740,b2-fabric-b1-c4-r4,b2-fabric-b1-c4-r4-task-0073,fabric_post_allocation,True,,2333,1783314427801,0,,False
741,b2-fabric-b1-c4-r4,b2-fabric-b1-c4-r4-task-0075,fabric_post_allocation,True,,2333,1783314427801,0,,False
742,b2-fabric-b1-c4-r4,b2-fabric-b1-c4-r4-task-0074,fabric_post_allocation,True,,2331,1783314427806,0,,False
743,b2-fabric-b1-c4-r4,b2-fabric-b1-c4-r4-task-0074,fabric_post_snapshot,True,,2466,1783314430137,0,,False
744,b2-fabric-b1-c4-r4,b2-fabric-b1-c4-r4-task-0075,fabric_post_snapshot,True,,2469,1783314430134,0,,False
745,b2-fabric-b1-c4-r4,b2-fabric-b1-c4-r4-task-0073,fabric_post_snapshot,True,,2471,1783314430134,0,,False
746,b2-fabric-b1-c4-r4,b2-fabric-b1-c4-r4-task-0072,fabric_post_snapshot,True,,2473,1783314430134,0,,False
747,b2-fabric-b1-c4-r4,b2-fabric-b1-c4-r4-task-0073,fabric_query_confirmation,True,,323,1783314432605,0,,False
748,b2-fabric-b1-c4-r4,b2-fabric-b1-c4-r4-task-0074,fabric_query_confirmation,True,,325,1783314432603,0,,False
749,b2-fabric-b1-c4-r4,b2-fabric-b1-c4-r4-task-0075,fabric_query_confirmation,True,,326,1783314432603,0,,False
750,b2-fabric-b1-c4-r4,b2-fabric-b1-c4-r4-task-0072,fabric_query_confirmation,True,,322,1783314432607,0,,False
751,b2-fabric-b1-c4-r4,b2-fabric-b1-c4-r4-task-0072,fabric_vote_1,True,,2248,1783314432929,0,,False
752,b2-fabric-b1-c4-r4,b2-fabric-b1-c4-r4-task-0075,fabric_vote_1,True,,2249,1783314432929,0,,False
753,b2-fabric-b1-c4-r4,b2-fabric-b1-c4-r4-task-0074,fabric_vote_1,True,,2250,1783314432928,0,,False
754,b2-fabric-b1-c4-r4,b2-fabric-b1-c4-r4-task-0073,fabric_vote_1,True,,2251,1783314432928,0,,False
755,b2-fabric-b1-c4-r4,b2-fabric-b1-c4-r4-task-0075,fabric_vote_2,True,,2236,1783314435178,0,,False
756,b2-fabric-b1-c4-r4,b2-fabric-b1-c4-r4-task-0074,fabric_vote_2,True,,2237,1783314435178,0,,False
757,b2-fabric-b1-c4-r4,b2-fabric-b1-c4-r4-task-0073,fabric_vote_2,True,,2236,1783314435179,0,,False
758,b2-fabric-b1-c4-r4,b2-fabric-b1-c4-r4-task-0072,fabric_vote_2,True,,2241,1783314435177,0,,False
759,b2-fabric-b1-c4-r4,b2-fabric-b1-c4-r4-task-0075,fabric_settlement,True,,2474,1783314437414,0,,False
760,b2-fabric-b1-c4-r4,b2-fabric-b1-c4-r4-task-0072,fabric_settlement,True,,2470,1783314437418,0,,False
761,b2-fabric-b1-c4-r4,b2-fabric-b1-c4-r4-task-0074,fabric_settlement,True,,2474,1783314437415,0,,False
762,b2-fabric-b1-c4-r4,b2-fabric-b1-c4-r4-task-0073,fabric_settlement,True,,2475,1783314437415,0,,False
763,b2-fabric-b1-c4-r4,b2-fabric-b1-c4-r4-task-0073,fabric_query_final,True,,324,1783314439890,0,,False
764,b2-fabric-b1-c4-r4,b2-fabric-b1-c4-r4-task-0075,fabric_query_final,True,,327,1783314439888,0,,False
765,b2-fabric-b1-c4-r4,b2-fabric-b1-c4-r4-task-0074,fabric_query_final,True,,326,1783314439889,0,,False
766,b2-fabric-b1-c4-r4,b2-fabric-b1-c4-r4-task-0072,fabric_query_final,True,,329,1783314439888,0,,False
767,b2-fabric-b1-c4-r4,b2-fabric-b1-c4-r4-task-0073,ipfs_verify,True,,7,1783314440214,0,QmUNq5xrs3K1vmXdkKido3g2XmRhi95o132iauehfL4aYG,False
768,b2-fabric-b1-c4-r4,b2-fabric-b1-c4-r4-task-0074,ipfs_verify,True,,7,1783314440215,0,QmaeTJAzWRKvsT172vo8HGvAfgV8ipwLvzV1ZMQApxE1QS,False
769,b2-fabric-b1-c4-r4,b2-fabric-b1-c4-r4-task-0075,ipfs_verify,True,,7,1783314440215,0,QmXvAwLQ7v7nnXbkJPjkYdM3tUdkRw8oF5f6iTNZRPVgzN,False
770,b2-fabric-b1-c4-r4,b2-fabric-b1-c4-r4-task-0072,ipfs_verify,True,,7,1783314440217,0,QmWanySVkpZ7TybV7YuqtM2nn19ezsxpA246bdcmU47t6X,False
771,b2-fabric-b1-c4-r4,b2-fabric-b1-c4-r4-task-0076,ipfs_add,True,,27,1783314440221,4961,,False
772,b2-fabric-b1-c4-r4,b2-fabric-b1-c4-r4-task-0077,ipfs_add,True,,42,1783314440222,1774,,False
773,b2-fabric-b1-c4-r4,b2-fabric-b1-c4-r4-task-0078,ipfs_add,True,,59,1783314440222,4011,,False
774,b2-fabric-b1-c4-r4,b2-fabric-b1-c4-r4-task-0079,ipfs_add,True,,74,1783314440224,2910,,False
775,b2-fabric-b1-c4-r4,b2-fabric-b1-c4-r4-task-0076,fabric_post_task,True,,1504,1783314440248,4961,QmPYBXNwCTh5Jewpe24hUv1bBvhKKyvE3uxvUw3jvcJV2S,False
776,b2-fabric-b1-c4-r4,b2-fabric-b1-c4-r4-task-0077,fabric_post_task,True,,1489,1783314440264,1774,QmYN6ceiUFJghNBVdUfs4AgqbBx4pasRLDxDdrHuAvaYYe,False
777,b2-fabric-b1-c4-r4,b2-fabric-b1-c4-r4-task-0078,fabric_post_task,True,,1473,1783314440281,4011,QmQMb15VfwTvEopgdonkaUmtV5EoYEVHk6p3eKpDmm7VQJ,False
778,b2-fabric-b1-c4-r4,b2-fabric-b1-c4-r4-task-0079,fabric_post_task,True,,1456,1783314440298,2910,QmUANPhfiGoG4ujKLWNNL1cTTFTCULjPxcP9sn7jNfzJhL,False
779,b2-fabric-b1-c4-r4,b2-fabric-b1-c4-r4-task-0078,fabric_post_allocation,True,,2307,1783314441754,0,,False
780,b2-fabric-b1-c4-r4,b2-fabric-b1-c4-r4-task-0076,fabric_post_allocation,True,,2310,1783314441752,0,,False
781,b2-fabric-b1-c4-r4,b2-fabric-b1-c4-r4-task-0077,fabric_post_allocation,True,,2309,1783314441753,0,,False
782,b2-fabric-b1-c4-r4,b2-fabric-b1-c4-r4-task-0079,fabric_post_allocation,True,,2308,1783314441754,0,,False
783,b2-fabric-b1-c4-r4,b2-fabric-b1-c4-r4-task-0079,fabric_post_snapshot,True,,2242,1783314444062,0,,False
784,b2-fabric-b1-c4-r4,b2-fabric-b1-c4-r4-task-0077,fabric_post_snapshot,True,,2244,1783314444062,0,,False
785,b2-fabric-b1-c4-r4,b2-fabric-b1-c4-r4-task-0078,fabric_post_snapshot,True,,2245,1783314444061,0,,False
786,b2-fabric-b1-c4-r4,b2-fabric-b1-c4-r4-task-0076,fabric_post_snapshot,True,,2246,1783314444062,0,,False
787,b2-fabric-b1-c4-r4,b2-fabric-b1-c4-r4-task-0077,fabric_query_confirmation,True,,310,1783314446306,0,,False
788,b2-fabric-b1-c4-r4,b2-fabric-b1-c4-r4-task-0079,fabric_query_confirmation,True,,313,1783314446304,0,,False
789,b2-fabric-b1-c4-r4,b2-fabric-b1-c4-r4-task-0076,fabric_query_confirmation,True,,309,1783314446308,0,,False
790,b2-fabric-b1-c4-r4,b2-fabric-b1-c4-r4-task-0078,fabric_query_confirmation,True,,313,1783314446306,0,,False
791,b2-fabric-b1-c4-r4,b2-fabric-b1-c4-r4-task-0079,fabric_vote_1,True,,2452,1783314446617,0,,False
792,b2-fabric-b1-c4-r4,b2-fabric-b1-c4-r4-task-0077,fabric_vote_1,True,,2455,1783314446616,0,,False
793,b2-fabric-b1-c4-r4,b2-fabric-b1-c4-r4-task-0076,fabric_vote_1,True,,2455,1783314446617,0,,False
794,b2-fabric-b1-c4-r4,b2-fabric-b1-c4-r4-task-0078,fabric_vote_1,True,,2453,1783314446619,0,,False
795,b2-fabric-b1-c4-r4,b2-fabric-b1-c4-r4-task-0077,fabric_vote_2,True,,2241,1783314449071,0,,False
796,b2-fabric-b1-c4-r4,b2-fabric-b1-c4-r4-task-0078,fabric_vote_2,True,,2242,1783314449072,0,,False
797,b2-fabric-b1-c4-r4,b2-fabric-b1-c4-r4-task-0079,fabric_vote_2,True,,2246,1783314449069,0,,False
798,b2-fabric-b1-c4-r4,b2-fabric-b1-c4-r4-task-0076,fabric_vote_2,True,,2245,1783314449072,0,,False
799,b2-fabric-b1-c4-r4,b2-fabric-b1-c4-r4-task-0079,fabric_settlement,True,,2479,1783314451315,0,,False
800,b2-fabric-b1-c4-r4,b2-fabric-b1-c4-r4-task-0078,fabric_settlement,True,,2482,1783314451314,0,,False
801,b2-fabric-b1-c4-r4,b2-fabric-b1-c4-r4-task-0077,fabric_settlement,True,,2485,1783314451312,0,,False
802,b2-fabric-b1-c4-r4,b2-fabric-b1-c4-r4-task-0076,fabric_settlement,True,,2481,1783314451317,0,,False
803,b2-fabric-b1-c4-r4,b2-fabric-b1-c4-r4-task-0077,fabric_query_final,True,,736,1783314453797,0,,False
804,b2-fabric-b1-c4-r4,b2-fabric-b1-c4-r4-task-0078,fabric_query_final,True,,737,1783314453796,0,,False
805,b2-fabric-b1-c4-r4,b2-fabric-b1-c4-r4-task-0079,fabric_query_final,True,,740,1783314453794,0,,False
806,b2-fabric-b1-c4-r4,b2-fabric-b1-c4-r4-task-0077,ipfs_verify,True,,7,1783314454533,0,QmYN6ceiUFJghNBVdUfs4AgqbBx4pasRLDxDdrHuAvaYYe,False
807,b2-fabric-b1-c4-r4,b2-fabric-b1-c4-r4-task-0079,ipfs_verify,True,,7,1783314454534,0,QmUANPhfiGoG4ujKLWNNL1cTTFTCULjPxcP9sn7jNfzJhL,False
808,b2-fabric-b1-c4-r4,b2-fabric-b1-c4-r4-task-0078,ipfs_verify,True,,8,1783314454533,0,QmQMb15VfwTvEopgdonkaUmtV5EoYEVHk6p3eKpDmm7VQJ,False
809,b2-fabric-b1-c4-r4,b2-fabric-b1-c4-r4-task-0076,fabric_query_final,True,,774,1783314453798,0,,False
810,b2-fabric-b1-c4-r4,b2-fabric-b1-c4-r4-task-0076,ipfs_verify,True,,7,1783314454572,0,QmPYBXNwCTh5Jewpe24hUv1bBvhKKyvE3uxvUw3jvcJV2S,False
811,b2-fabric-b1-c4-r4,b2-fabric-b1-c4-r4-task-0080,ipfs_add,True,,40,1783314454541,2007,,False
812,b2-fabric-b1-c4-r4,b2-fabric-b1-c4-r4-task-0082,ipfs_add,True,,57,1783314454541,9851,,False
813,b2-fabric-b1-c4-r4,b2-fabric-b1-c4-r4-task-0081,ipfs_add,True,,74,1783314454541,9224,,False
814,b2-fabric-b1-c4-r4,b2-fabric-b1-c4-r4-task-0083,ipfs_add,True,,52,1783314454579,4402,,False
815,b2-fabric-b1-c4-r4,b2-fabric-b1-c4-r4-task-0080,fabric_post_task,True,,2809,1783314454581,2007,QmSoqaKbY1pzamSrK5gatTauBKmwAqCw92JyzZxyPFt8FW,False
816,b2-fabric-b1-c4-r4,b2-fabric-b1-c4-r4-task-0082,fabric_post_task,True,,2793,1783314454598,9851,QmV9rgZvcZKU4rPzj6kpzY1dYdbWXgNxb8v7XJGh6yCSZk,False
817,b2-fabric-b1-c4-r4,b2-fabric-b1-c4-r4-task-0083,fabric_post_task,True,,2760,1783314454631,4402,QmPd7FL1akHQY92fmAnCsPGgoQXB5msWnC72Pa4Ym8A7LB,False
818,b2-fabric-b1-c4-r4,b2-fabric-b1-c4-r4-task-0081,fabric_post_task,True,,2777,1783314454615,9224,QmQhzdo79vLus2WbHD1UviAJSuaG18vFF57Yt3d5cS2s7M,False
819,b2-fabric-b1-c4-r4,b2-fabric-b1-c4-r4-task-0082,fabric_post_allocation,True,,2316,1783314457391,0,,False
820,b2-fabric-b1-c4-r4,b2-fabric-b1-c4-r4-task-0083,fabric_post_allocation,True,,2316,1783314457392,0,,False
821,b2-fabric-b1-c4-r4,b2-fabric-b1-c4-r4-task-0080,fabric_post_allocation,True,,2318,1783314457390,0,,False
822,b2-fabric-b1-c4-r4,b2-fabric-b1-c4-r4-task-0081,fabric_post_allocation,True,,2317,1783314457392,0,,False
823,b2-fabric-b1-c4-r4,b2-fabric-b1-c4-r4-task-0081,fabric_post_snapshot,True,,2292,1783314459709,0,,False
824,b2-fabric-b1-c4-r4,b2-fabric-b1-c4-r4-task-0082,fabric_post_snapshot,True,,2295,1783314459707,0,,False
825,b2-fabric-b1-c4-r4,b2-fabric-b1-c4-r4-task-0083,fabric_post_snapshot,True,,2295,1783314459708,0,,False
826,b2-fabric-b1-c4-r4,b2-fabric-b1-c4-r4-task-0080,fabric_post_snapshot,True,,2297,1783314459708,0,,False
827,b2-fabric-b1-c4-r4,b2-fabric-b1-c4-r4-task-0083,fabric_query_confirmation,True,,120,1783314462003,0,,False
828,b2-fabric-b1-c4-r4,b2-fabric-b1-c4-r4-task-0080,fabric_query_confirmation,True,,119,1783314462005,0,,False
829,b2-fabric-b1-c4-r4,b2-fabric-b1-c4-r4-task-0081,fabric_query_confirmation,True,,124,1783314462001,0,,False
830,b2-fabric-b1-c4-r4,b2-fabric-b1-c4-r4-task-0082,fabric_query_confirmation,True,,125,1783314462002,0,,False
831,b2-fabric-b1-c4-r4,b2-fabric-b1-c4-r4-task-0080,fabric_vote_1,True,,2484,1783314462124,0,,False
832,b2-fabric-b1-c4-r4,b2-fabric-b1-c4-r4-task-0082,fabric_vote_1,True,,2482,1783314462127,0,,False
833,b2-fabric-b1-c4-r4,b2-fabric-b1-c4-r4-task-0083,fabric_vote_1,True,,2487,1783314462123,0,,False
834,b2-fabric-b1-c4-r4,b2-fabric-b1-c4-r4-task-0081,fabric_vote_1,True,,2487,1783314462125,0,,False
835,b2-fabric-b1-c4-r4,b2-fabric-b1-c4-r4-task-0082,fabric_vote_2,True,,2260,1783314464609,0,,False
836,b2-fabric-b1-c4-r4,b2-fabric-b1-c4-r4-task-0080,fabric_vote_2,True,,2262,1783314464608,0,,False
837,b2-fabric-b1-c4-r4,b2-fabric-b1-c4-r4-task-0083,fabric_vote_2,True,,2261,1783314464610,0,,False
838,b2-fabric-b1-c4-r4,b2-fabric-b1-c4-r4-task-0081,fabric_vote_2,True,,2259,1783314464612,0,,False
839,b2-fabric-b1-c4-r4,b2-fabric-b1-c4-r4-task-0083,fabric_settlement,True,,2285,1783314466871,0,,False
840,b2-fabric-b1-c4-r4,b2-fabric-b1-c4-r4-task-0081,fabric_settlement,True,,2286,1783314466871,0,,False
841,b2-fabric-b1-c4-r4,b2-fabric-b1-c4-r4-task-0080,fabric_settlement,True,,2287,1783314466870,0,,False
842,b2-fabric-b1-c4-r4,b2-fabric-b1-c4-r4-task-0082,fabric_settlement,True,,2291,1783314466869,0,,False
843,b2-fabric-b1-c4-r4,b2-fabric-b1-c4-r4-task-0081,fabric_query_final,True,,531,1783314469157,0,,False
844,b2-fabric-b1-c4-r4,b2-fabric-b1-c4-r4-task-0080,fabric_query_final,True,,532,1783314469157,0,,False
845,b2-fabric-b1-c4-r4,b2-fabric-b1-c4-r4-task-0082,fabric_query_final,True,,530,1783314469160,0,,False
846,b2-fabric-b1-c4-r4,b2-fabric-b1-c4-r4-task-0083,fabric_query_final,True,,536,1783314469156,0,,False
847,b2-fabric-b1-c4-r4,b2-fabric-b1-c4-r4-task-0082,ipfs_verify,True,,7,1783314469690,0,QmV9rgZvcZKU4rPzj6kpzY1dYdbWXgNxb8v7XJGh6yCSZk,False
848,b2-fabric-b1-c4-r4,b2-fabric-b1-c4-r4-task-0081,ipfs_verify,True,,10,1783314469688,0,QmQhzdo79vLus2WbHD1UviAJSuaG18vFF57Yt3d5cS2s7M,False
849,b2-fabric-b1-c4-r4,b2-fabric-b1-c4-r4-task-0080,ipfs_verify,True,,10,1783314469689,0,QmSoqaKbY1pzamSrK5gatTauBKmwAqCw92JyzZxyPFt8FW,False
850,b2-fabric-b1-c4-r4,b2-fabric-b1-c4-r4-task-0083,ipfs_verify,True,,9,1783314469692,0,QmPd7FL1akHQY92fmAnCsPGgoQXB5msWnC72Pa4Ym8A7LB,False
851,b2-fabric-b1-c4-r4,b2-fabric-b1-c4-r4-task-0085,ipfs_add,True,,27,1783314469698,5393,,False
852,b2-fabric-b1-c4-r4,b2-fabric-b1-c4-r4-task-0084,ipfs_add,True,,45,1783314469698,6840,,False
853,b2-fabric-b1-c4-r4,b2-fabric-b1-c4-r4-task-0086,ipfs_add,True,,60,1783314469699,5003,,False
854,b2-fabric-b1-c4-r4,b2-fabric-b1-c4-r4-task-0087,ipfs_add,True,,75,1783314469701,2524,,False
855,b2-fabric-b1-c4-r4,b2-fabric-b1-c4-r4-task-0084,fabric_post_task,True,,1595,1783314469743,6840,QmfAG7xP2UTe2HqMXVRZaRh4cF3StaCZniJqRpRTYFaeDM,False
856,b2-fabric-b1-c4-r4,b2-fabric-b1-c4-r4-task-0087,fabric_post_task,True,,1562,1783314469776,2524,QmaCUtHjnRyELCqbtZ1neE9rfnPpeXAWptbrgpbTV3gGcj,False
857,b2-fabric-b1-c4-r4,b2-fabric-b1-c4-r4-task-0086,fabric_post_task,True,,1580,1783314469759,5003,QmUfeTTtpRKHWHGYM8kZeEDzEeTVbVYPN8syBVGcicKp1E,False
858,b2-fabric-b1-c4-r4,b2-fabric-b1-c4-r4-task-0085,fabric_post_task,True,,1616,1783314469725,5393,QmeUxU9Y8M556RrfUeDKwffgmyBADm96MQkeiAE978JMp4,False
859,b2-fabric-b1-c4-r4,b2-fabric-b1-c4-r4-task-0085,fabric_post_allocation,True,,2387,1783314471341,0,,False
860,b2-fabric-b1-c4-r4,b2-fabric-b1-c4-r4-task-0087,fabric_post_allocation,True,,2390,1783314471338,0,,False
861,b2-fabric-b1-c4-r4,b2-fabric-b1-c4-r4-task-0086,fabric_post_allocation,True,,2390,1783314471339,0,,False
862,b2-fabric-b1-c4-r4,b2-fabric-b1-c4-r4-task-0084,fabric_post_allocation,True,,2392,1783314471338,0,,False
863,b2-fabric-b1-c4-r4,b2-fabric-b1-c4-r4-task-0086,fabric_post_snapshot,True,,2264,1783314473729,0,,False
864,b2-fabric-b1-c4-r4,b2-fabric-b1-c4-r4-task-0087,fabric_post_snapshot,True,,2266,1783314473728,0,,False
865,b2-fabric-b1-c4-r4,b2-fabric-b1-c4-r4-task-0084,fabric_post_snapshot,True,,2264,1783314473730,0,,False
866,b2-fabric-b1-c4-r4,b2-fabric-b1-c4-r4-task-0085,fabric_post_snapshot,True,,2267,1783314473728,0,,False
867,b2-fabric-b1-c4-r4,b2-fabric-b1-c4-r4-task-0087,fabric_query_confirmation,True,,108,1783314475994,0,,False
868,b2-fabric-b1-c4-r4,b2-fabric-b1-c4-r4-task-0086,fabric_query_confirmation,True,,109,1783314475993,0,,False
869,b2-fabric-b1-c4-r4,b2-fabric-b1-c4-r4-task-0085,fabric_query_confirmation,True,,108,1783314475995,0,,False
870,b2-fabric-b1-c4-r4,b2-fabric-b1-c4-r4-task-0084,fabric_query_confirmation,True,,111,1783314475994,0,,False
871,b2-fabric-b1-c4-r4,b2-fabric-b1-c4-r4-task-0086,fabric_vote_1,True,,2453,1783314476102,0,,False
872,b2-fabric-b1-c4-r4,b2-fabric-b1-c4-r4-task-0084,fabric_vote_1,True,,2452,1783314476105,0,,False
873,b2-fabric-b1-c4-r4,b2-fabric-b1-c4-r4-task-0085,fabric_vote_1,True,,2454,1783314476103,0,,False
874,b2-fabric-b1-c4-r4,b2-fabric-b1-c4-r4-task-0087,fabric_vote_1,True,,2455,1783314476102,0,,False
875,b2-fabric-b1-c4-r4,b2-fabric-b1-c4-r4-task-0086,fabric_vote_2,True,,2331,1783314478555,0,,False
876,b2-fabric-b1-c4-r4,b2-fabric-b1-c4-r4-task-0087,fabric_vote_2,True,,2329,1783314478557,0,,False
877,b2-fabric-b1-c4-r4,b2-fabric-b1-c4-r4-task-0084,fabric_vote_2,True,,2330,1783314478557,0,,False
878,b2-fabric-b1-c4-r4,b2-fabric-b1-c4-r4-task-0085,fabric_vote_2,True,,2334,1783314478557,0,,False
879,b2-fabric-b1-c4-r4,b2-fabric-b1-c4-r4-task-0084,fabric_settlement,True,,2566,1783314480887,0,,False
880,b2-fabric-b1-c4-r4,b2-fabric-b1-c4-r4-task-0087,fabric_settlement,True,,2568,1783314480886,0,,False
881,b2-fabric-b1-c4-r4,b2-fabric-b1-c4-r4-task-0086,fabric_settlement,True,,2569,1783314480886,0,,False
882,b2-fabric-b1-c4-r4,b2-fabric-b1-c4-r4-task-0085,fabric_settlement,True,,2566,1783314480891,0,,False
883,b2-fabric-b1-c4-r4,b2-fabric-b1-c4-r4-task-0087,fabric_query_final,True,,613,1783314483454,0,,False
884,b2-fabric-b1-c4-r4,b2-fabric-b1-c4-r4-task-0084,fabric_query_final,True,,615,1783314483453,0,,False
885,b2-fabric-b1-c4-r4,b2-fabric-b1-c4-r4-task-0085,fabric_query_final,True,,610,1783314483458,0,,False
886,b2-fabric-b1-c4-r4,b2-fabric-b1-c4-r4-task-0084,ipfs_verify,True,,6,1783314484068,0,QmfAG7xP2UTe2HqMXVRZaRh4cF3StaCZniJqRpRTYFaeDM,False
887,b2-fabric-b1-c4-r4,b2-fabric-b1-c4-r4-task-0085,ipfs_verify,True,,7,1783314484068,0,QmeUxU9Y8M556RrfUeDKwffgmyBADm96MQkeiAE978JMp4,False
888,b2-fabric-b1-c4-r4,b2-fabric-b1-c4-r4-task-0087,ipfs_verify,True,,9,1783314484067,0,QmaCUtHjnRyELCqbtZ1neE9rfnPpeXAWptbrgpbTV3gGcj,False
889,b2-fabric-b1-c4-r4,b2-fabric-b1-c4-r4-task-0086,fabric_query_final,True,,737,1783314483455,0,,False
890,b2-fabric-b1-c4-r4,b2-fabric-b1-c4-r4-task-0086,ipfs_verify,True,,6,1783314484192,0,QmUfeTTtpRKHWHGYM8kZeEDzEeTVbVYPN8syBVGcicKp1E,False
891,b2-fabric-b1-c4-r4,b2-fabric-b1-c4-r4-task-0089,ipfs_add,True,,157,1783314484075,7941,,False
892,b2-fabric-b1-c4-r4,b2-fabric-b1-c4-r4-task-0090,ipfs_add,True,,172,1783314484076,6914,,False
893,b2-fabric-b1-c4-r4,b2-fabric-b1-c4-r4-task-0088,ipfs_add,True,,191,1783314484074,6313,,False
894,b2-fabric-b1-c4-r4,b2-fabric-b1-c4-r4-task-0091,ipfs_add,True,,68,1783314484198,1951,,False
895,b2-fabric-b1-c4-r4,b2-fabric-b1-c4-r4-task-0089,fabric_post_task,True,,2776,1783314484232,7941,QmVftiZx5cF23Q6fEY7jKzUu6HRmm42Q1XtHogR3LDyhCd,False
896,b2-fabric-b1-c4-r4,b2-fabric-b1-c4-r4-task-0091,fabric_post_task,True,,2742,1783314484266,1951,QmYv9mxEgFLjPUKuWCa4UJ2mudHV34x9WAJXvNME9guXYs,False
897,b2-fabric-b1-c4-r4,b2-fabric-b1-c4-r4-task-0088,fabric_post_task,True,,2744,1783314484265,6313,QmUQTJ8LNhjew8dD5w4F6KUYvuRCsc5Joz6Pxfc2Ykcf3n,False
898,b2-fabric-b1-c4-r4,b2-fabric-b1-c4-r4-task-0090,fabric_post_task,True,,2765,1783314484248,6914,QmUFJ4iN46ZdBAqPuKeTPTjzJskJ6t9opLUxf3WHdGBRsp,False
899,b2-fabric-b1-c4-r4,b2-fabric-b1-c4-r4-task-0090,fabric_post_allocation,True,,2563,1783314487013,0,,False
900,b2-fabric-b1-c4-r4,b2-fabric-b1-c4-r4-task-0091,fabric_post_allocation,True,,2568,1783314487009,0,,False
901,b2-fabric-b1-c4-r4,b2-fabric-b1-c4-r4-task-0088,fabric_post_allocation,True,,2569,1783314487009,0,,False
902,b2-fabric-b1-c4-r4,b2-fabric-b1-c4-r4-task-0089,fabric_post_allocation,True,,2570,1783314487008,0,,False
903,b2-fabric-b1-c4-r4,b2-fabric-b1-c4-r4-task-0089,fabric_post_snapshot,True,,2255,1783314489578,0,,False
904,b2-fabric-b1-c4-r4,b2-fabric-b1-c4-r4-task-0091,fabric_post_snapshot,True,,2256,1783314489577,0,,False
905,b2-fabric-b1-c4-r4,b2-fabric-b1-c4-r4-task-0090,fabric_post_snapshot,True,,2258,1783314489576,0,,False
906,b2-fabric-b1-c4-r4,b2-fabric-b1-c4-r4-task-0088,fabric_post_snapshot,True,,2258,1783314489578,0,,False
907,b2-fabric-b1-c4-r4,b2-fabric-b1-c4-r4-task-0091,fabric_query_confirmation,True,,310,1783314491833,0,,False
908,b2-fabric-b1-c4-r4,b2-fabric-b1-c4-r4-task-0088,fabric_query_confirmation,True,,308,1783314491836,0,,False
909,b2-fabric-b1-c4-r4,b2-fabric-b1-c4-r4-task-0090,fabric_query_confirmation,True,,310,1783314491834,0,,False
910,b2-fabric-b1-c4-r4,b2-fabric-b1-c4-r4-task-0089,fabric_query_confirmation,True,,314,1783314491833,0,,False
911,b2-fabric-b1-c4-r4,b2-fabric-b1-c4-r4-task-0089,fabric_vote_1,True,,2453,1783314492147,0,,False
912,b2-fabric-b1-c4-r4,b2-fabric-b1-c4-r4-task-0091,fabric_vote_1,True,,2458,1783314492143,0,,False
913,b2-fabric-b1-c4-r4,b2-fabric-b1-c4-r4-task-0090,fabric_vote_1,True,,2457,1783314492144,0,,False
914,b2-fabric-b1-c4-r4,b2-fabric-b1-c4-r4-task-0088,fabric_vote_1,True,,2458,1783314492144,0,,False
915,b2-fabric-b1-c4-r4,b2-fabric-b1-c4-r4-task-0091,fabric_vote_2,True,,2239,1783314494601,0,,False
916,b2-fabric-b1-c4-r4,b2-fabric-b1-c4-r4-task-0088,fabric_vote_2,True,,2239,1783314494602,0,,False
917,b2-fabric-b1-c4-r4,b2-fabric-b1-c4-r4-task-0090,fabric_vote_2,True,,2240,1783314494601,0,,False
918,b2-fabric-b1-c4-r4,b2-fabric-b1-c4-r4-task-0089,fabric_vote_2,True,,2243,1783314494600,0,,False
919,b2-fabric-b1-c4-r4,b2-fabric-b1-c4-r4-task-0090,fabric_settlement,True,,2493,1783314496841,0,,False
920,b2-fabric-b1-c4-r4,b2-fabric-b1-c4-r4-task-0088,fabric_settlement,True,,2493,1783314496841,0,,False
921,b2-fabric-b1-c4-r4,b2-fabric-b1-c4-r4-task-0091,fabric_settlement,True,,2494,1783314496840,0,,False
922,b2-fabric-b1-c4-r4,b2-fabric-b1-c4-r4-task-0089,fabric_settlement,True,,2492,1783314496843,0,,False
923,b2-fabric-b1-c4-r4,b2-fabric-b1-c4-r4-task-0088,fabric_query_final,True,,514,1783314499334,0,,False
924,b2-fabric-b1-c4-r4,b2-fabric-b1-c4-r4-task-0090,fabric_query_final,True,,515,1783314499334,0,,False
925,b2-fabric-b1-c4-r4,b2-fabric-b1-c4-r4-task-0091,fabric_query_final,True,,515,1783314499334,0,,False
926,b2-fabric-b1-c4-r4,b2-fabric-b1-c4-r4-task-0089,fabric_query_final,True,,516,1783314499335,0,,False
927,b2-fabric-b1-c4-r4,b2-fabric-b1-c4-r4-task-0091,ipfs_verify,True,,6,1783314499849,0,QmYv9mxEgFLjPUKuWCa4UJ2mudHV34x9WAJXvNME9guXYs,False
928,b2-fabric-b1-c4-r4,b2-fabric-b1-c4-r4-task-0088,ipfs_verify,True,,7,1783314499848,0,QmUQTJ8LNhjew8dD5w4F6KUYvuRCsc5Joz6Pxfc2Ykcf3n,False
929,b2-fabric-b1-c4-r4,b2-fabric-b1-c4-r4-task-0089,ipfs_verify,True,,6,1783314499851,0,QmVftiZx5cF23Q6fEY7jKzUu6HRmm42Q1XtHogR3LDyhCd,False
930,b2-fabric-b1-c4-r4,b2-fabric-b1-c4-r4-task-0090,ipfs_verify,True,,8,1783314499849,0,QmUFJ4iN46ZdBAqPuKeTPTjzJskJ6t9opLUxf3WHdGBRsp,False
931,b2-fabric-b1-c4-r4,b2-fabric-b1-c4-r4-task-0092,ipfs_add,True,,31,1783314499855,1493,,False
932,b2-fabric-b1-c4-r4,b2-fabric-b1-c4-r4-task-0093,ipfs_add,True,,47,1783314499855,2270,,False
933,b2-fabric-b1-c4-r4,b2-fabric-b1-c4-r4-task-0094,ipfs_add,True,,61,1783314499857,1639,,False
934,b2-fabric-b1-c4-r4,b2-fabric-b1-c4-r4-task-0095,ipfs_add,True,,77,1783314499857,1666,,False
935,b2-fabric-b1-c4-r4,b2-fabric-b1-c4-r4-task-0095,fabric_post_task,True,,1459,1783314499934,1666,QmdSd9pjj1twsznRx6uZJeXFdtGiEY3Nn6QmQrPgRMBbaZ,False
936,b2-fabric-b1-c4-r4,b2-fabric-b1-c4-r4-task-0092,fabric_post_task,True,,1508,1783314499886,1493,QmXnhuyu5tzEEDxeWhdNGMapRsWVTkNn4G5PkDzHAKVv9Y,False
937,b2-fabric-b1-c4-r4,b2-fabric-b1-c4-r4-task-0093,fabric_post_task,True,,1493,1783314499902,2270,QmPvFCcsxh1cDhtjZSsbtn5uF81JA3vawovaWSBsW1MLDC,False
938,b2-fabric-b1-c4-r4,b2-fabric-b1-c4-r4-task-0094,fabric_post_task,True,,1478,1783314499918,1639,Qmcoy7jVpQZts4qfhnY3Dq68TwHxh42aM1HD89yiYyLqXr,False
939,b2-fabric-b1-c4-r4,b2-fabric-b1-c4-r4-task-0093,fabric_post_allocation,True,,2327,1783314501395,0,,False
940,b2-fabric-b1-c4-r4,b2-fabric-b1-c4-r4-task-0094,fabric_post_allocation,True,,2327,1783314501396,0,,False
941,b2-fabric-b1-c4-r4,b2-fabric-b1-c4-r4-task-0095,fabric_post_allocation,True,,2331,1783314501393,0,,False
942,b2-fabric-b1-c4-r4,b2-fabric-b1-c4-r4-task-0092,fabric_post_allocation,True,,2332,1783314501394,0,,False
943,b2-fabric-b1-c4-r4,b2-fabric-b1-c4-r4-task-0095,fabric_post_snapshot,True,,2464,1783314503724,0,,False
944,b2-fabric-b1-c4-r4,b2-fabric-b1-c4-r4-task-0092,fabric_post_snapshot,True,,2462,1783314503727,0,,False
945,b2-fabric-b1-c4-r4,b2-fabric-b1-c4-r4-task-0093,fabric_post_snapshot,True,,2467,1783314503722,0,,False
946,b2-fabric-b1-c4-r4,b2-fabric-b1-c4-r4-task-0094,fabric_post_snapshot,True,,2468,1783314503723,0,,False
947,b2-fabric-b1-c4-r4,b2-fabric-b1-c4-r4-task-0093,fabric_query_confirmation,True,,126,1783314506189,0,,False
948,b2-fabric-b1-c4-r4,b2-fabric-b1-c4-r4-task-0094,fabric_query_confirmation,True,,125,1783314506191,0,,False
949,b2-fabric-b1-c4-r4,b2-fabric-b1-c4-r4-task-0095,fabric_query_confirmation,True,,129,1783314506188,0,,False
950,b2-fabric-b1-c4-r4,b2-fabric-b1-c4-r4-task-0092,fabric_query_confirmation,True,,130,1783314506189,0,,False
951,b2-fabric-b1-c4-r4,b2-fabric-b1-c4-r4-task-0092,fabric_vote_1,True,,2447,1783314506319,0,,False
952,b2-fabric-b1-c4-r4,b2-fabric-b1-c4-r4-task-0095,fabric_vote_1,True,,2451,1783314506317,0,,False
953,b2-fabric-b1-c4-r4,b2-fabric-b1-c4-r4-task-0094,fabric_vote_1,True,,2453,1783314506316,0,,False
954,b2-fabric-b1-c4-r4,b2-fabric-b1-c4-r4-task-0093,fabric_vote_1,True,,2455,1783314506316,0,,False
955,b2-fabric-b1-c4-r4,b2-fabric-b1-c4-r4-task-0093,fabric_vote_2,True,,2435,1783314508771,0,,False
956,b2-fabric-b1-c4-r4,b2-fabric-b1-c4-r4-task-0092,fabric_vote_2,True,,2440,1783314508767,0,,False
957,b2-fabric-b1-c4-r4,b2-fabric-b1-c4-r4-task-0095,fabric_vote_2,True,,2440,1783314508768,0,,False
958,b2-fabric-b1-c4-r4,b2-fabric-b1-c4-r4-task-0094,fabric_vote_2,True,,2441,1783314508769,0,,False
959,b2-fabric-b1-c4-r4,b2-fabric-b1-c4-r4-task-0094,fabric_settlement,True,,2497,1783314511210,0,,False
960,b2-fabric-b1-c4-r4,b2-fabric-b1-c4-r4-task-0095,fabric_settlement,True,,2499,1783314511208,0,,False
961,b2-fabric-b1-c4-r4,b2-fabric-b1-c4-r4-task-0093,fabric_settlement,True,,2502,1783314511206,0,,False
962,b2-fabric-b1-c4-r4,b2-fabric-b1-c4-r4-task-0092,fabric_settlement,True,,2502,1783314511207,0,,False
963,b2-fabric-b1-c4-r4,b2-fabric-b1-c4-r4-task-0095,fabric_query_final,True,,381,1783314513707,0,,False
964,b2-fabric-b1-c4-r4,b2-fabric-b1-c4-r4-task-0093,fabric_query_final,True,,381,1783314513708,0,,False
965,b2-fabric-b1-c4-r4,b2-fabric-b1-c4-r4-task-0094,fabric_query_final,True,,382,1783314513707,0,,False
966,b2-fabric-b1-c4-r4,b2-fabric-b1-c4-r4-task-0094,ipfs_verify,True,,7,1783314514089,0,Qmcoy7jVpQZts4qfhnY3Dq68TwHxh42aM1HD89yiYyLqXr,False
967,b2-fabric-b1-c4-r4,b2-fabric-b1-c4-r4-task-0093,ipfs_verify,True,,7,1783314514089,0,QmPvFCcsxh1cDhtjZSsbtn5uF81JA3vawovaWSBsW1MLDC,False
968,b2-fabric-b1-c4-r4,b2-fabric-b1-c4-r4-task-0095,ipfs_verify,True,,8,1783314514088,0,QmdSd9pjj1twsznRx6uZJeXFdtGiEY3Nn6QmQrPgRMBbaZ,False
969,b2-fabric-b1-c4-r4,b2-fabric-b1-c4-r4-task-0096,ipfs_add,True,,24,1783314514096,2843,,False
970,b2-fabric-b1-c4-r4,b2-fabric-b1-c4-r4-task-0098,ipfs_add,True,,41,1783314514096,3590,,False
971,b2-fabric-b1-c4-r4,b2-fabric-b1-c4-r4-task-0097,ipfs_add,True,,58,1783314514096,1649,,False
972,b2-fabric-b1-c4-r4,b2-fabric-b1-c4-r4-task-0092,fabric_query_final,True,,514,1783314513709,0,,False
973,b2-fabric-b1-c4-r4,b2-fabric-b1-c4-r4-task-0092,ipfs_verify,True,,7,1783314514223,0,QmXnhuyu5tzEEDxeWhdNGMapRsWVTkNn4G5PkDzHAKVv9Y,False
974,b2-fabric-b1-c4-r4,b2-fabric-b1-c4-r4-task-0099,ipfs_add,True,,53,1783314514230,3207,,False
975,b2-fabric-b1-c4-r4,b2-fabric-b1-c4-r4-task-0098,fabric_post_task,True,,2613,1783314514137,3590,QmZoaRAf2gEWbEjnaUCHcSduuDsYzeHrLqzszhQ2ULKfVV,False
976,b2-fabric-b1-c4-r4,b2-fabric-b1-c4-r4-task-0099,fabric_post_task,True,,2467,1783314514283,3207,QmUeEY5ZMsLVq5hCKHXEbov76UeSbY3avaFYh4SXuXhhrw,False
977,b2-fabric-b1-c4-r4,b2-fabric-b1-c4-r4-task-0097,fabric_post_task,True,,2597,1783314514154,1649,QmNX4bEbwRABibt5cFrusp6rKpTF22Q825H2qa5P9Az1hz,False
978,b2-fabric-b1-c4-r4,b2-fabric-b1-c4-r4-task-0096,fabric_post_task,True,,2636,1783314514120,2843,QmXpJ5kFWD2okXAFe7urToABtqXCCNvN8itRWAGfao9xTz,False
979,b2-fabric-b1-c4-r4,b2-fabric-b1-c4-r4-task-0098,fabric_post_allocation,True,,2548,1783314516750,0,,False
980,b2-fabric-b1-c4-r4,b2-fabric-b1-c4-r4-task-0099,fabric_post_allocation,True,,2549,1783314516750,0,,False
981,b2-fabric-b1-c4-r4,b2-fabric-b1-c4-r4-task-0096,fabric_post_allocation,True,,2544,1783314516756,0,,False
982,b2-fabric-b1-c4-r4,b2-fabric-b1-c4-r4-task-0097,fabric_post_allocation,True,,2550,1783314516751,0,,False
983,b2-fabric-b1-c4-r4,b2-fabric-b1-c4-r4-task-0098,fabric_post_snapshot,True,,2348,1783314519298,0,,False
984,b2-fabric-b1-c4-r4,b2-fabric-b1-c4-r4-task-0096,fabric_post_snapshot,True,,2346,1783314519300,0,,False
985,b2-fabric-b1-c4-r4,b2-fabric-b1-c4-r4-task-0097,fabric_post_snapshot,True,,2346,1783314519301,0,,False
986,b2-fabric-b1-c4-r4,b2-fabric-b1-c4-r4-task-0099,fabric_post_snapshot,True,,2350,1783314519299,0,,False
987,b2-fabric-b1-c4-r4,b2-fabric-b1-c4-r4-task-0097,fabric_query_confirmation,True,,303,1783314521647,0,,False
988,b2-fabric-b1-c4-r4,b2-fabric-b1-c4-r4-task-0099,fabric_query_confirmation,True,,302,1783314521649,0,,False
989,b2-fabric-b1-c4-r4,b2-fabric-b1-c4-r4-task-0098,fabric_query_confirmation,True,,305,1783314521646,0,,False
990,b2-fabric-b1-c4-r4,b2-fabric-b1-c4-r4-task-0096,fabric_query_confirmation,True,,305,1783314521646,0,,False
991,b2-fabric-b1-c4-r4,b2-fabric-b1-c4-r4-task-0096,fabric_vote_1,True,,2423,1783314521951,0,,False
992,b2-fabric-b1-c4-r4,b2-fabric-b1-c4-r4-task-0099,fabric_vote_1,True,,2423,1783314521951,0,,False
993,b2-fabric-b1-c4-r4,b2-fabric-b1-c4-r4-task-0098,fabric_vote_1,True,,2424,1783314521951,0,,False
994,b2-fabric-b1-c4-r4,b2-fabric-b1-c4-r4-task-0097,fabric_vote_1,True,,2428,1783314521950,0,,False
995,b2-fabric-b1-c4-r4,b2-fabric-b1-c4-r4-task-0099,fabric_vote_2,True,,2458,1783314524375,0,,False
996,b2-fabric-b1-c4-r4,b2-fabric-b1-c4-r4-task-0098,fabric_vote_2,True,,2458,1783314524375,0,,False
997,b2-fabric-b1-c4-r4,b2-fabric-b1-c4-r4-task-0097,fabric_vote_2,True,,2456,1783314524378,0,,False
998,b2-fabric-b1-c4-r4,b2-fabric-b1-c4-r4-task-0096,fabric_vote_2,True,,2463,1783314524374,0,,False
999,b2-fabric-b1-c4-r4,b2-fabric-b1-c4-r4-task-0098,fabric_settlement,True,,2471,1783314526833,0,,False
1000,b2-fabric-b1-c4-r4,b2-fabric-b1-c4-r4-task-0099,fabric_settlement,True,,2472,1783314526833,0,,False
1001,b2-fabric-b1-c4-r4,b2-fabric-b1-c4-r4-task-0097,fabric_settlement,True,,2472,1783314526834,0,,False
1002,b2-fabric-b1-c4-r4,b2-fabric-b1-c4-r4-task-0096,fabric_settlement,True,,2469,1783314526837,0,,False
1003,b2-fabric-b1-c4-r4,b2-fabric-b1-c4-r4-task-0097,fabric_query_final,True,,317,1783314529306,0,,False
1004,b2-fabric-b1-c4-r4,b2-fabric-b1-c4-r4-task-0098,fabric_query_final,True,,319,1783314529304,0,,False
1005,b2-fabric-b1-c4-r4,b2-fabric-b1-c4-r4-task-0096,fabric_query_final,True,,318,1783314529306,0,,False
1006,b2-fabric-b1-c4-r4,b2-fabric-b1-c4-r4-task-0096,ipfs_verify,True,,5,1783314529624,0,QmXpJ5kFWD2okXAFe7urToABtqXCCNvN8itRWAGfao9xTz,False
1007,b2-fabric-b1-c4-r4,b2-fabric-b1-c4-r4-task-0098,ipfs_verify,True,,7,1783314529623,0,QmZoaRAf2gEWbEjnaUCHcSduuDsYzeHrLqzszhQ2ULKfVV,False
1008,b2-fabric-b1-c4-r4,b2-fabric-b1-c4-r4-task-0097,ipfs_verify,True,,8,1783314529623,0,QmNX4bEbwRABibt5cFrusp6rKpTF22Q825H2qa5P9Az1hz,False
1009,b2-fabric-b1-c4-r4,b2-fabric-b1-c4-r4-task-0102,ipfs_add,True,,77,1783314529631,4429,,False
1010,b2-fabric-b1-c4-r4,b2-fabric-b1-c4-r4-task-0101,ipfs_add,True,,94,1783314529630,1874,,False
1011,b2-fabric-b1-c4-r4,b2-fabric-b1-c4-r4-task-0100,ipfs_add,True,,112,1783314529629,2945,,False
1012,b2-fabric-b1-c4-r4,b2-fabric-b1-c4-r4-task-0099,fabric_query_final,True,,498,1783314529305,0,,False
1013,b2-fabric-b1-c4-r4,b2-fabric-b1-c4-r4-task-0099,ipfs_verify,True,,7,1783314529803,0,QmUeEY5ZMsLVq5hCKHXEbov76UeSbY3avaFYh4SXuXhhrw,False
1014,b2-fabric-b1-c4-r4,b2-fabric-b1-c4-r4-task-0103,ipfs_add,True,,38,1783314529810,3139,,False
1015,b2-fabric-b1-c4-r4,b2-fabric-b1-c4-r4-task-0100,fabric_post_task,True,,1319,1783314529741,2945,QmYqpkcYraZDtetSGERMQ5ScFL6z1t9K48g7RtKw5Tvbyw,False
1016,b2-fabric-b1-c4-r4,b2-fabric-b1-c4-r4-task-0102,fabric_post_task,True,,1353,1783314529708,4429,QmNZpWPb8zZGufRx9cTAqzT38jqs3J5Nju6aTffMo2mWMM,False
1017,b2-fabric-b1-c4-r4,b2-fabric-b1-c4-r4-task-0101,fabric_post_task,True,,1338,1783314529724,1874,QmcEMDBTMAr7MFk4NRejhz1qsW7piumtRhyZgqaAVxpA1P,False
1018,b2-fabric-b1-c4-r4,b2-fabric-b1-c4-r4-task-0103,fabric_post_task,True,,1215,1783314529848,3139,Qmc4xnckxk7qCTpwS2dEmtXtCM97x5nt65Euz3m5frq31g,False
1019,b2-fabric-b1-c4-r4,b2-fabric-b1-c4-r4-task-0102,fabric_post_allocation,True,,2310,1783314531061,0,,False
1020,b2-fabric-b1-c4-r4,b2-fabric-b1-c4-r4-task-0101,fabric_post_allocation,True,,2311,1783314531062,0,,False
1021,b2-fabric-b1-c4-r4,b2-fabric-b1-c4-r4-task-0100,fabric_post_allocation,True,,2313,1783314531060,0,,False
1022,b2-fabric-b1-c4-r4,b2-fabric-b1-c4-r4-task-0103,fabric_post_allocation,True,,2312,1783314531063,0,,False
1023,b2-fabric-b1-c4-r4,b2-fabric-b1-c4-r4-task-0101,fabric_post_snapshot,True,,2534,1783314533373,0,,False
1024,b2-fabric-b1-c4-r4,b2-fabric-b1-c4-r4-task-0100,fabric_post_snapshot,True,,2535,1783314533373,0,,False
1025,b2-fabric-b1-c4-r4,b2-fabric-b1-c4-r4-task-0103,fabric_post_snapshot,True,,2534,1783314533375,0,,False
1026,b2-fabric-b1-c4-r4,b2-fabric-b1-c4-r4-task-0102,fabric_post_snapshot,True,,2538,1783314533371,0,,False
1027,b2-fabric-b1-c4-r4,b2-fabric-b1-c4-r4-task-0102,fabric_query_confirmation,True,,116,1783314535909,0,,False
1028,b2-fabric-b1-c4-r4,b2-fabric-b1-c4-r4-task-0103,fabric_query_confirmation,True,,117,1783314535909,0,,False
1029,b2-fabric-b1-c4-r4,b2-fabric-b1-c4-r4-task-0101,fabric_query_confirmation,True,,119,1783314535907,0,,False
1030,b2-fabric-b1-c4-r4,b2-fabric-b1-c4-r4-task-0100,fabric_query_confirmation,True,,120,1783314535908,0,,False
1031,b2-fabric-b1-c4-r4,b2-fabric-b1-c4-r4-task-0101,fabric_vote_1,True,,2462,1783314536026,0,,False
1032,b2-fabric-b1-c4-r4,b2-fabric-b1-c4-r4-task-0103,fabric_vote_1,True,,2464,1783314536026,0,,False
1033,b2-fabric-b1-c4-r4,b2-fabric-b1-c4-r4-task-0100,fabric_vote_1,True,,2462,1783314536028,0,,False
1034,b2-fabric-b1-c4-r4,b2-fabric-b1-c4-r4-task-0102,fabric_vote_1,True,,2466,1783314536025,0,,False
1035,b2-fabric-b1-c4-r4,b2-fabric-b1-c4-r4-task-0102,fabric_vote_2,True,,2244,1783314538491,0,,False
1036,b2-fabric-b1-c4-r4,b2-fabric-b1-c4-r4-task-0100,fabric_vote_2,True,,2245,1783314538490,0,,False
1037,b2-fabric-b1-c4-r4,b2-fabric-b1-c4-r4-task-0101,fabric_vote_2,True,,2248,1783314538488,0,,False
1038,b2-fabric-b1-c4-r4,b2-fabric-b1-c4-r4-task-0103,fabric_vote_2,True,,2248,1783314538490,0,,False
1039,b2-fabric-b1-c4-r4,b2-fabric-b1-c4-r4-task-0100,fabric_settlement,True,,2589,1783314540735,0,,False
1040,b2-fabric-b1-c4-r4,b2-fabric-b1-c4-r4-task-0103,fabric_settlement,True,,2587,1783314540738,0,,False
1041,b2-fabric-b1-c4-r4,b2-fabric-b1-c4-r4-task-0101,fabric_settlement,True,,2590,1783314540736,0,,False
1042,b2-fabric-b1-c4-r4,b2-fabric-b1-c4-r4-task-0102,fabric_settlement,True,,2592,1783314540735,0,,False
1043,b2-fabric-b1-c4-r4,b2-fabric-b1-c4-r4-task-0100,fabric_query_final,True,,851,1783314543324,0,,False
1044,b2-fabric-b1-c4-r4,b2-fabric-b1-c4-r4-task-0101,fabric_query_final,True,,854,1783314543326,0,,False
1045,b2-fabric-b1-c4-r4,b2-fabric-b1-c4-r4-task-0103,fabric_query_final,True,,857,1783314543325,0,,False
1046,b2-fabric-b1-c4-r4,b2-fabric-b1-c4-r4-task-0100,ipfs_verify,True,,12,1783314544175,0,QmYqpkcYraZDtetSGERMQ5ScFL6z1t9K48g7RtKw5Tvbyw,False
1047,b2-fabric-b1-c4-r4,b2-fabric-b1-c4-r4-task-0102,fabric_query_final,True,,862,1783314543327,0,,False
1048,b2-fabric-b1-c4-r4,b2-fabric-b1-c4-r4-task-0101,ipfs_verify,True,,10,1783314544180,0,QmcEMDBTMAr7MFk4NRejhz1qsW7piumtRhyZgqaAVxpA1P,False
1049,b2-fabric-b1-c4-r4,b2-fabric-b1-c4-r4-task-0103,ipfs_verify,True,,13,1783314544182,0,Qmc4xnckxk7qCTpwS2dEmtXtCM97x5nt65Euz3m5frq31g,False
1050,b2-fabric-b1-c4-r4,b2-fabric-b1-c4-r4-task-0102,ipfs_verify,True,,10,1783314544189,0,QmNZpWPb8zZGufRx9cTAqzT38jqs3J5Nju6aTffMo2mWMM,False
1051,b2-fabric-b1-c4-r4,b2-fabric-b1-c4-r4-task-0104,ipfs_add,True,,80,1783314544187,2386,,False
1052,b2-fabric-b1-c4-r4,b2-fabric-b1-c4-r4-task-0105,ipfs_add,True,,95,1783314544190,1811,,False
1053,b2-fabric-b1-c4-r4,b2-fabric-b1-c4-r4-task-0107,ipfs_add,True,,104,1783314544199,1574,,False
1054,b2-fabric-b1-c4-r4,b2-fabric-b1-c4-r4-task-0106,ipfs_add,True,,123,1783314544195,2561,,False
1055,b2-fabric-b1-c4-r4,b2-fabric-b1-c4-r4-task-0105,fabric_post_task,True,,2449,1783314544285,1811,QmeCN824YLFxhs6KPZdvcJ1YLRBL2KDGosFsYoMEvLrqvu,False
1056,b2-fabric-b1-c4-r4,b2-fabric-b1-c4-r4-task-0104,fabric_post_task,True,,2469,1783314544267,2386,Qme3dLUfvZ5b63FixxsTuqwxwjVCFs2b8ADm8Kvk2U2qwP,False
1057,b2-fabric-b1-c4-r4,b2-fabric-b1-c4-r4-task-0107,fabric_post_task,True,,2434,1783314544303,1574,QmRupjhdCiNmsSv9JCRZ7Adv2HjXu13WhkMdY6ZAUYj3p5,False
1058,b2-fabric-b1-c4-r4,b2-fabric-b1-c4-r4-task-0106,fabric_post_task,True,,2420,1783314544318,2561,QmQpT2pSYN1xnsKEAYYzR7wpihutiAWCLX46Wag6nTE83B,False
1059,b2-fabric-b1-c4-r4,b2-fabric-b1-c4-r4-task-0104,fabric_post_allocation,True,,2414,1783314546736,0,,False
1060,b2-fabric-b1-c4-r4,b2-fabric-b1-c4-r4-task-0106,fabric_post_allocation,True,,2412,1783314546738,0,,False
1061,b2-fabric-b1-c4-r4,b2-fabric-b1-c4-r4-task-0105,fabric_post_allocation,True,,2417,1783314546735,0,,False
1062,b2-fabric-b1-c4-r4,b2-fabric-b1-c4-r4-task-0107,fabric_post_allocation,True,,2417,1783314546737,0,,False
1063,b2-fabric-b1-c4-r4,b2-fabric-b1-c4-r4-task-0107,fabric_post_snapshot,True,,2547,1783314549154,0,,False
1064,b2-fabric-b1-c4-r4,b2-fabric-b1-c4-r4-task-0104,fabric_post_snapshot,True,,2552,1783314549150,0,,False
1065,b2-fabric-b1-c4-r4,b2-fabric-b1-c4-r4-task-0106,fabric_post_snapshot,True,,2552,1783314549150,0,,False
1066,b2-fabric-b1-c4-r4,b2-fabric-b1-c4-r4-task-0105,fabric_post_snapshot,True,,2552,1783314549152,0,,False
1067,b2-fabric-b1-c4-r4,b2-fabric-b1-c4-r4-task-0107,fabric_query_confirmation,True,,118,1783314551701,0,,False
1068,b2-fabric-b1-c4-r4,b2-fabric-b1-c4-r4-task-0104,fabric_query_confirmation,True,,117,1783314551702,0,,False
1069,b2-fabric-b1-c4-r4,b2-fabric-b1-c4-r4-task-0105,fabric_query_confirmation,True,,116,1783314551704,0,,False
1070,b2-fabric-b1-c4-r4,b2-fabric-b1-c4-r4-task-0106,fabric_query_confirmation,True,,120,1783314551702,0,,False
1071,b2-fabric-b1-c4-r4,b2-fabric-b1-c4-r4-task-0104,fabric_vote_1,True,,2483,1783314551819,0,,False
1072,b2-fabric-b1-c4-r4,b2-fabric-b1-c4-r4-task-0105,fabric_vote_1,True,,2485,1783314551820,0,,False
1073,b2-fabric-b1-c4-r4,b2-fabric-b1-c4-r4-task-0107,fabric_vote_1,True,,2487,1783314551819,0,,False
1074,b2-fabric-b1-c4-r4,b2-fabric-b1-c4-r4-task-0106,fabric_vote_1,True,,2485,1783314551822,0,,False
1075,b2-fabric-b1-c4-r4,b2-fabric-b1-c4-r4-task-0106,fabric_vote_2,True,,2297,1783314554307,0,,False
1076,b2-fabric-b1-c4-r4,b2-fabric-b1-c4-r4-task-0107,fabric_vote_2,True,,2299,1783314554306,0,,False
1077,b2-fabric-b1-c4-r4,b2-fabric-b1-c4-r4-task-0105,fabric_vote_2,True,,2301,1783314554305,0,,False
1078,b2-fabric-b1-c4-r4,b2-fabric-b1-c4-r4-task-0104,fabric_vote_2,True,,2306,1783314554302,0,,False
1079,b2-fabric-b1-c4-r4,b2-fabric-b1-c4-r4-task-0105,fabric_settlement,True,,2474,1783314556606,0,,False
1080,b2-fabric-b1-c4-r4,b2-fabric-b1-c4-r4-task-0107,fabric_settlement,True,,2475,1783314556605,0,,False
1081,b2-fabric-b1-c4-r4,b2-fabric-b1-c4-r4-task-0104,fabric_settlement,True,,2473,1783314556608,0,,False
1082,b2-fabric-b1-c4-r4,b2-fabric-b1-c4-r4-task-0106,fabric_settlement,True,,2479,1783314556604,0,,False
1083,b2-fabric-b1-c4-r4,b2-fabric-b1-c4-r4-task-0107,fabric_query_final,True,,-280,1783314559080,0,,False
1084,b2-fabric-b1-c4-r4,b2-fabric-b1-c4-r4-task-0104,fabric_query_final,True,,-280,1783314559081,0,,False
1085,b2-fabric-b1-c4-r4,b2-fabric-b1-c4-r4-task-0105,fabric_query_final,True,,-279,1783314559080,0,,False
1086,b2-fabric-b1-c4-r4,b2-fabric-b1-c4-r4-task-0106,fabric_query_final,True,,-278,1783314559083,0,,False
1087,b2-fabric-b1-c4-r4,b2-fabric-b1-c4-r4-task-0104,ipfs_verify,True,,7,1783314558801,0,Qme3dLUfvZ5b63FixxsTuqwxwjVCFs2b8ADm8Kvk2U2qwP,False
1088,b2-fabric-b1-c4-r4,b2-fabric-b1-c4-r4-task-0107,ipfs_verify,True,,8,1783314558800,0,QmRupjhdCiNmsSv9JCRZ7Adv2HjXu13WhkMdY6ZAUYj3p5,False
1089,b2-fabric-b1-c4-r4,b2-fabric-b1-c4-r4-task-0105,ipfs_verify,True,,7,1783314558801,0,QmeCN824YLFxhs6KPZdvcJ1YLRBL2KDGosFsYoMEvLrqvu,False
1090,b2-fabric-b1-c4-r4,b2-fabric-b1-c4-r4-task-0106,ipfs_verify,True,,6,1783314558805,0,QmQpT2pSYN1xnsKEAYYzR7wpihutiAWCLX46Wag6nTE83B,False
1091,b2-fabric-b1-c4-r4,b2-fabric-b1-c4-r4-task-0110,ipfs_add,True,,23,1783314558809,1468,,False
1092,b2-fabric-b1-c4-r4,b2-fabric-b1-c4-r4-task-0108,ipfs_add,True,,40,1783314558808,1359,,False
1093,b2-fabric-b1-c4-r4,b2-fabric-b1-c4-r4-task-0109,ipfs_add,True,,55,1783314558808,1914,,False
1094,b2-fabric-b1-c4-r4,b2-fabric-b1-c4-r4-task-0111,ipfs_add,True,,69,1783314558811,1486,,False
1095,b2-fabric-b1-c4-r4,b2-fabric-b1-c4-r4-task-0111,fabric_post_task,True,,2400,1783314558880,1486,QmayJynjkMacRcqFDbnuYugxcbsQqHFTjbXCeD8Z8namKr,False
1096,b2-fabric-b1-c4-r4,b2-fabric-b1-c4-r4-task-0109,fabric_post_task,True,,2416,1783314558864,1914,QmPEDBMMbuCpx7HLnDJ23QuLxzYuyd7P4wwLKNZcfCQeou,False
1097,b2-fabric-b1-c4-r4,b2-fabric-b1-c4-r4-task-0110,fabric_post_task,True,,2448,1783314558832,1468,QmYdNPvQFsdXFQa7hym9WZ3ACL8dS3nT2z6E7NU9T2QPtY,False
1098,b2-fabric-b1-c4-r4,b2-fabric-b1-c4-r4-task-0108,fabric_post_task,True,,2434,1783314558848,1359,QmZZqy6hSeEaVGJcieqsrZVeztXme75mBRRsw2ZBiEVxze,False
1099,b2-fabric-b1-c4-r4,b2-fabric-b1-c4-r4-task-0108,fabric_post_allocation,True,,2499,1783314561282,0,,False
1100,b2-fabric-b1-c4-r4,b2-fabric-b1-c4-r4-task-0110,fabric_post_allocation,True,,2500,1783314561281,0,,False
1101,b2-fabric-b1-c4-r4,b2-fabric-b1-c4-r4-task-0111,fabric_post_allocation,True,,2502,1783314561280,0,,False
1102,b2-fabric-b1-c4-r4,b2-fabric-b1-c4-r4-task-0109,fabric_post_allocation,True,,2503,1783314561280,0,,False
1103,b2-fabric-b1-c4-r4,b2-fabric-b1-c4-r4-task-0109,fabric_post_snapshot,True,,2265,1783314563783,0,,False
1104,b2-fabric-b1-c4-r4,b2-fabric-b1-c4-r4-task-0108,fabric_post_snapshot,True,,2268,1783314563781,0,,False
1105,b2-fabric-b1-c4-r4,b2-fabric-b1-c4-r4-task-0111,fabric_post_snapshot,True,,2267,1783314563782,0,,False
1106,b2-fabric-b1-c4-r4,b2-fabric-b1-c4-r4-task-0110,fabric_post_snapshot,True,,2270,1783314563781,0,,False
1107,b2-fabric-b1-c4-r4,b2-fabric-b1-c4-r4-task-0109,fabric_query_confirmation,True,,122,1783314566048,0,,False
1108,b2-fabric-b1-c4-r4,b2-fabric-b1-c4-r4-task-0111,fabric_query_confirmation,True,,122,1783314566049,0,,False
1109,b2-fabric-b1-c4-r4,b2-fabric-b1-c4-r4-task-0110,fabric_query_confirmation,True,,120,1783314566051,0,,False
1110,b2-fabric-b1-c4-r4,b2-fabric-b1-c4-r4-task-0108,fabric_query_confirmation,True,,123,1783314566049,0,,False
1111,b2-fabric-b1-c4-r4,b2-fabric-b1-c4-r4-task-0110,fabric_vote_1,True,,2433,1783314566171,0,,False
1112,b2-fabric-b1-c4-r4,b2-fabric-b1-c4-r4-task-0109,fabric_vote_1,True,,2435,1783314566170,0,,False
1113,b2-fabric-b1-c4-r4,b2-fabric-b1-c4-r4-task-0111,fabric_vote_1,True,,2434,1783314566171,0,,False
1114,b2-fabric-b1-c4-r4,b2-fabric-b1-c4-r4-task-0108,fabric_vote_1,True,,2434,1783314566172,0,,False
1115,b2-fabric-b1-c4-r4,b2-fabric-b1-c4-r4-task-0109,fabric_vote_2,True,,2246,1783314568605,0,,False
1116,b2-fabric-b1-c4-r4,b2-fabric-b1-c4-r4-task-0108,fabric_vote_2,True,,2245,1783314568606,0,,False
1117,b2-fabric-b1-c4-r4,b2-fabric-b1-c4-r4-task-0111,fabric_vote_2,True,,2247,1783314568605,0,,False
1118,b2-fabric-b1-c4-r4,b2-fabric-b1-c4-r4-task-0110,fabric_vote_2,True,,2251,1783314568604,0,,False
1119,b2-fabric-b1-c4-r4,b2-fabric-b1-c4-r4-task-0111,fabric_settlement,True,,2787,1783314570852,0,,False
1120,b2-fabric-b1-c4-r4,b2-fabric-b1-c4-r4-task-0110,fabric_settlement,True,,2784,1783314570855,0,,False
1121,b2-fabric-b1-c4-r4,b2-fabric-b1-c4-r4-task-0108,fabric_settlement,True,,2789,1783314570851,0,,False
1122,b2-fabric-b1-c4-r4,b2-fabric-b1-c4-r4-task-0109,fabric_settlement,True,,2791,1783314570851,0,,False
1123,b2-fabric-b1-c4-r4,b2-fabric-b1-c4-r4-task-0109,fabric_query_final,True,,764,1783314573642,0,,False
1124,b2-fabric-b1-c4-r4,b2-fabric-b1-c4-r4-task-0110,fabric_query_final,True,,768,1783314573639,0,,False
1125,b2-fabric-b1-c4-r4,b2-fabric-b1-c4-r4-task-0108,fabric_query_final,True,,768,1783314573640,0,,False
1126,b2-fabric-b1-c4-r4,b2-fabric-b1-c4-r4-task-0111,fabric_query_final,True,,772,1783314573639,0,,False
1127,b2-fabric-b1-c4-r4,b2-fabric-b1-c4-r4-task-0109,ipfs_verify,True,,8,1783314574406,0,QmPEDBMMbuCpx7HLnDJ23QuLxzYuyd7P4wwLKNZcfCQeou,False
1128,b2-fabric-b1-c4-r4,b2-fabric-b1-c4-r4-task-0108,ipfs_verify,True,,7,1783314574408,0,QmZZqy6hSeEaVGJcieqsrZVeztXme75mBRRsw2ZBiEVxze,False
1129,b2-fabric-b1-c4-r4,b2-fabric-b1-c4-r4-task-0110,ipfs_verify,True,,9,1783314574407,0,QmYdNPvQFsdXFQa7hym9WZ3ACL8dS3nT2z6E7NU9T2QPtY,False
1130,b2-fabric-b1-c4-r4,b2-fabric-b1-c4-r4-task-0111,ipfs_verify,True,,7,1783314574411,0,QmayJynjkMacRcqFDbnuYugxcbsQqHFTjbXCeD8Z8namKr,False
1131,b2-fabric-b1-c4-r4,b2-fabric-b1-c4-r4-task-0113,ipfs_add,True,,25,1783314574415,4766,,False
1132,b2-fabric-b1-c4-r4,b2-fabric-b1-c4-r4-task-0112,ipfs_add,True,,42,1783314574414,5135,,False
1133,b2-fabric-b1-c4-r4,b2-fabric-b1-c4-r4-task-0114,ipfs_add,True,,59,1783314574416,2458,,False
1134,b2-fabric-b1-c4-r4,b2-fabric-b1-c4-r4-task-0115,ipfs_add,True,,74,1783314574418,2635,,False
1135,b2-fabric-b1-c4-r4,b2-fabric-b1-c4-r4-task-0115,fabric_post_task,True,,2415,1783314574492,2635,Qma9XmC6B4RUGteeGsz2AKqR24nBDfvvDDZwxigq29cfeA,False
1136,b2-fabric-b1-c4-r4,b2-fabric-b1-c4-r4-task-0113,fabric_post_task,True,,2468,1783314574440,4766,QmSnXYpjm45y1HovE7atHSayP63uxu2Taj3HG6S4aa6fLe,False
1137,b2-fabric-b1-c4-r4,b2-fabric-b1-c4-r4-task-0112,fabric_post_task,True,,2453,1783314574456,5135,QmZTL4eW5hkumUyYeoedLXa2XWBWSX7WLRmm3kBgrvtRta,False
1138,b2-fabric-b1-c4-r4,b2-fabric-b1-c4-r4-task-0114,fabric_post_task,True,,2435,1783314574475,2458,Qma7TSawbLY7JCkagGsqyq5TKbNQrHnAHkXGU7KmTPbqNN,False
1139,b2-fabric-b1-c4-r4,b2-fabric-b1-c4-r4-task-0115,fabric_post_allocation,True,,2323,1783314576907,0,,False
1140,b2-fabric-b1-c4-r4,b2-fabric-b1-c4-r4-task-0112,fabric_post_allocation,True,,2322,1783314576909,0,,False
1141,b2-fabric-b1-c4-r4,b2-fabric-b1-c4-r4-task-0114,fabric_post_allocation,True,,2321,1783314576910,0,,False
1142,b2-fabric-b1-c4-r4,b2-fabric-b1-c4-r4-task-0113,fabric_post_allocation,True,,2324,1783314576908,0,,False
1143,b2-fabric-b1-c4-r4,b2-fabric-b1-c4-r4-task-0115,fabric_post_snapshot,True,,2246,1783314579230,0,,False
1144,b2-fabric-b1-c4-r4,b2-fabric-b1-c4-r4-task-0114,fabric_post_snapshot,True,,2246,1783314579231,0,,False
1145,b2-fabric-b1-c4-r4,b2-fabric-b1-c4-r4-task-0113,fabric_post_snapshot,True,,2246,1783314579232,0,,False
1146,b2-fabric-b1-c4-r4,b2-fabric-b1-c4-r4-task-0112,fabric_post_snapshot,True,,2248,1783314579231,0,,False
1147,b2-fabric-b1-c4-r4,b2-fabric-b1-c4-r4-task-0114,fabric_query_confirmation,True,,296,1783314581477,0,,False
1148,b2-fabric-b1-c4-r4,b2-fabric-b1-c4-r4-task-0115,fabric_query_confirmation,True,,298,1783314581476,0,,False
1149,b2-fabric-b1-c4-r4,b2-fabric-b1-c4-r4-task-0113,fabric_query_confirmation,True,,296,1783314581478,0,,False
1150,b2-fabric-b1-c4-r4,b2-fabric-b1-c4-r4-task-0112,fabric_query_confirmation,True,,296,1783314581479,0,,False
1151,b2-fabric-b1-c4-r4,b2-fabric-b1-c4-r4-task-0112,fabric_vote_1,True,,2257,1783314581775,0,,False
1152,b2-fabric-b1-c4-r4,b2-fabric-b1-c4-r4-task-0115,fabric_vote_1,True,,2258,1783314581774,0,,False
1153,b2-fabric-b1-c4-r4,b2-fabric-b1-c4-r4-task-0113,fabric_vote_1,True,,2259,1783314581774,0,,False
1154,b2-fabric-b1-c4-r4,b2-fabric-b1-c4-r4-task-0114,fabric_vote_1,True,,2262,1783314581773,0,,False
1155,b2-fabric-b1-c4-r4,b2-fabric-b1-c4-r4-task-0112,fabric_vote_2,True,,2509,1783314584032,0,,False
1156,b2-fabric-b1-c4-r4,b2-fabric-b1-c4-r4-task-0113,fabric_vote_2,True,,2509,1783314584033,0,,False
1157,b2-fabric-b1-c4-r4,b2-fabric-b1-c4-r4-task-0115,fabric_vote_2,True,,2511,1783314584032,0,,False
1158,b2-fabric-b1-c4-r4,b2-fabric-b1-c4-r4-task-0114,fabric_vote_2,True,,2508,1783314584035,0,,False
1159,b2-fabric-b1-c4-r4,b2-fabric-b1-c4-r4-task-0114,fabric_settlement,True,,2284,1783314586543,0,,False
1160,b2-fabric-b1-c4-r4,b2-fabric-b1-c4-r4-task-0112,fabric_settlement,True,,2288,1783314586541,0,,False
1161,b2-fabric-b1-c4-r4,b2-fabric-b1-c4-r4-task-0113,fabric_settlement,True,,2287,1783314586542,0,,False
1162,b2-fabric-b1-c4-r4,b2-fabric-b1-c4-r4-task-0115,fabric_settlement,True,,2287,1783314586543,0,,False
1163,b2-fabric-b1-c4-r4,b2-fabric-b1-c4-r4-task-0114,fabric_query_final,True,,-454,1783314588827,0,,False
1164,b2-fabric-b1-c4-r4,b2-fabric-b1-c4-r4-task-0115,fabric_query_final,True,,-456,1783314588830,0,,False
1165,b2-fabric-b1-c4-r4,b2-fabric-b1-c4-r4-task-0113,fabric_query_final,True,,-455,1783314588829,0,,False
1166,b2-fabric-b1-c4-r4,b2-fabric-b1-c4-r4-task-0112,fabric_query_final,True,,-453,1783314588829,0,,False
1167,b2-fabric-b1-c4-r4,b2-fabric-b1-c4-r4-task-0115,ipfs_verify,True,,6,1783314588374,0,Qma9XmC6B4RUGteeGsz2AKqR24nBDfvvDDZwxigq29cfeA,False
1168,b2-fabric-b1-c4-r4,b2-fabric-b1-c4-r4-task-0113,ipfs_verify,True,,6,1783314588374,0,QmSnXYpjm45y1HovE7atHSayP63uxu2Taj3HG6S4aa6fLe,False
1169,b2-fabric-b1-c4-r4,b2-fabric-b1-c4-r4-task-0114,ipfs_verify,True,,8,1783314588373,0,Qma7TSawbLY7JCkagGsqyq5TKbNQrHnAHkXGU7KmTPbqNN,False
1170,b2-fabric-b1-c4-r4,b2-fabric-b1-c4-r4-task-0112,ipfs_verify,True,,6,1783314588376,0,QmZTL4eW5hkumUyYeoedLXa2XWBWSX7WLRmm3kBgrvtRta,False
1171,b2-fabric-b1-c4-r4,b2-fabric-b1-c4-r4-task-0117,ipfs_add,True,,25,1783314588380,2547,,False
1172,b2-fabric-b1-c4-r4,b2-fabric-b1-c4-r4-task-0116,ipfs_add,True,,42,1783314588380,4456,,False
1173,b2-fabric-b1-c4-r4,b2-fabric-b1-c4-r4-task-0118,ipfs_add,True,,58,1783314588381,4013,,False
1174,b2-fabric-b1-c4-r4,b2-fabric-b1-c4-r4-task-0119,ipfs_add,True,,73,1783314588383,4895,,False
1175,b2-fabric-b1-c4-r4,b2-fabric-b1-c4-r4-task-0117,fabric_post_task,True,,2490,1783314588405,2547,QmXDQtx3geYo8PJ2SMzx1hAd7UVXRuUHhfKDP8gxpWugpu,False
1176,b2-fabric-b1-c4-r4,b2-fabric-b1-c4-r4-task-0119,fabric_post_task,True,,2440,1783314588456,4895,QmS8grZr8V1jUVspi4mAGU2GS5MHVKC3yUBsy7aQszAoNe,False
1177,b2-fabric-b1-c4-r4,b2-fabric-b1-c4-r4-task-0116,fabric_post_task,True,,2475,1783314588422,4456,QmcWhQm9LyFEHK6Y6cGHfAC2N6UZ5aeiyCpaBr9ty1evkK,False
1178,b2-fabric-b1-c4-r4,b2-fabric-b1-c4-r4-task-0118,fabric_post_task,True,,2459,1783314588439,4013,QmUp6JMhmHCN1XhJbSgJKuqgcUi5RcanQaaL5Hru6z8S4Q,False
1179,b2-fabric-b1-c4-r4,b2-fabric-b1-c4-r4-task-0117,fabric_post_allocation,True,,2347,1783314590895,0,,False
1180,b2-fabric-b1-c4-r4,b2-fabric-b1-c4-r4-task-0118,fabric_post_allocation,True,,2345,1783314590898,0,,False
1181,b2-fabric-b1-c4-r4,b2-fabric-b1-c4-r4-task-0119,fabric_post_allocation,True,,2347,1783314590896,0,,False
1182,b2-fabric-b1-c4-r4,b2-fabric-b1-c4-r4-task-0116,fabric_post_allocation,True,,2348,1783314590897,0,,False
1183,b2-fabric-b1-c4-r4,b2-fabric-b1-c4-r4-task-0119,fabric_post_snapshot,True,,2516,1783314593243,0,,False
1184,b2-fabric-b1-c4-r4,b2-fabric-b1-c4-r4-task-0117,fabric_post_snapshot,True,,2518,1783314593242,0,,False
1185,b2-fabric-b1-c4-r4,b2-fabric-b1-c4-r4-task-0118,fabric_post_snapshot,True,,2518,1783314593243,0,,False
1186,b2-fabric-b1-c4-r4,b2-fabric-b1-c4-r4-task-0116,fabric_post_snapshot,True,,2517,1783314593245,0,,False
1187,b2-fabric-b1-c4-r4,b2-fabric-b1-c4-r4-task-0118,fabric_query_confirmation,True,,116,1783314595761,0,,False
1188,b2-fabric-b1-c4-r4,b2-fabric-b1-c4-r4-task-0117,fabric_query_confirmation,True,,117,1783314595760,0,,False
1189,b2-fabric-b1-c4-r4,b2-fabric-b1-c4-r4-task-0119,fabric_query_confirmation,True,,118,1783314595759,0,,False
1190,b2-fabric-b1-c4-r4,b2-fabric-b1-c4-r4-task-0116,fabric_query_confirmation,True,,117,1783314595762,0,,False
1191,b2-fabric-b1-c4-r4,b2-fabric-b1-c4-r4-task-0117,fabric_vote_1,True,,2487,1783314595877,0,,False
1192,b2-fabric-b1-c4-r4,b2-fabric-b1-c4-r4-task-0119,fabric_vote_1,True,,2488,1783314595877,0,,False
1193,b2-fabric-b1-c4-r4,b2-fabric-b1-c4-r4-task-0116,fabric_vote_1,True,,2487,1783314595879,0,,False
1194,b2-fabric-b1-c4-r4,b2-fabric-b1-c4-r4-task-0118,fabric_vote_1,True,,2491,1783314595877,0,,False
1195,b2-fabric-b1-c4-r4,b2-fabric-b1-c4-r4-task-0119,fabric_vote_2,True,,2427,1783314598365,0,,False
1196,b2-fabric-b1-c4-r4,b2-fabric-b1-c4-r4-task-0118,fabric_vote_2,True,,2425,1783314598368,0,,False
1197,b2-fabric-b1-c4-r4,b2-fabric-b1-c4-r4-task-0116,fabric_vote_2,True,,2428,1783314598366,0,,False
1198,b2-fabric-b1-c4-r4,b2-fabric-b1-c4-r4-task-0117,fabric_vote_2,True,,2430,1783314598364,0,,False
1199,b2-fabric-b1-c4-r4,b2-fabric-b1-c4-r4-task-0117,fabric_settlement,True,,2616,1783314600794,0,,False
1200,b2-fabric-b1-c4-r4,b2-fabric-b1-c4-r4-task-0119,fabric_settlement,True,,2620,1783314600792,0,,False
1201,b2-fabric-b1-c4-r4,b2-fabric-b1-c4-r4-task-0118,fabric_settlement,True,,2620,1783314600793,0,,False
1202,b2-fabric-b1-c4-r4,b2-fabric-b1-c4-r4-task-0116,fabric_settlement,True,,2620,1783314600794,0,,False
1203,b2-fabric-b1-c4-r4,b2-fabric-b1-c4-r4-task-0116,fabric_query_final,True,,525,1783314603414,0,,False
1204,b2-fabric-b1-c4-r4,b2-fabric-b1-c4-r4-task-0118,fabric_query_final,True,,526,1783314603413,0,,False
1205,b2-fabric-b1-c4-r4,b2-fabric-b1-c4-r4-task-0119,fabric_query_final,True,,528,1783314603412,0,,False
1206,b2-fabric-b1-c4-r4,b2-fabric-b1-c4-r4-task-0117,fabric_query_final,True,,533,1783314603410,0,,False
1207,b2-fabric-b1-c4-r4,b2-fabric-b1-c4-r4-task-0118,ipfs_verify,True,,8,1783314603939,0,QmUp6JMhmHCN1XhJbSgJKuqgcUi5RcanQaaL5Hru6z8S4Q,False
1208,b2-fabric-b1-c4-r4,b2-fabric-b1-c4-r4-task-0116,ipfs_verify,True,,9,1783314603939,0,QmcWhQm9LyFEHK6Y6cGHfAC2N6UZ5aeiyCpaBr9ty1evkK,False
1209,b2-fabric-b1-c4-r4,b2-fabric-b1-c4-r4-task-0119,ipfs_verify,True,,9,1783314603940,0,QmS8grZr8V1jUVspi4mAGU2GS5MHVKC3yUBsy7aQszAoNe,False
1210,b2-fabric-b1-c4-r4,b2-fabric-b1-c4-r4-task-0117,ipfs_verify,True,,7,1783314603943,0,QmXDQtx3geYo8PJ2SMzx1hAd7UVXRuUHhfKDP8gxpWugpu,False
1211,b2-fabric-b1-c4-r4,b2-fabric-b1-c4-r4-task-0120,ipfs_add,True,,31,1783314603948,7055,,False
1212,b2-fabric-b1-c4-r4,b2-fabric-b1-c4-r4-task-0122,ipfs_add,True,,63,1783314603949,5117,,False
1213,b2-fabric-b1-c4-r4,b2-fabric-b1-c4-r4-task-0121,ipfs_add,True,,82,1783314603948,4778,,False
1214,b2-fabric-b1-c4-r4,b2-fabric-b1-c4-r4-task-0123,ipfs_add,True,,80,1783314603950,9648,,False
1215,b2-fabric-b1-c4-r4,b2-fabric-b1-c4-r4-task-0122,fabric_post_task,True,,2499,1783314604012,5117,QmXUXcH529nakix9U15cpEidT2HourhoUQvG7aoS3dLkEG,False
1216,b2-fabric-b1-c4-r4,b2-fabric-b1-c4-r4-task-0120,fabric_post_task,True,,2533,1783314603979,7055,QmcCwWQBqZ6738sqSyuLRWTxPt6Qtc8U1RvhvPAW1oWkkW,False
1217,b2-fabric-b1-c4-r4,b2-fabric-b1-c4-r4-task-0123,fabric_post_task,True,,2484,1783314604030,9648,QmUDRUxNR3wiggGYgdFqXj9FiZaoAXkrjj2gf4wreybMnY,False
1218,b2-fabric-b1-c4-r4,b2-fabric-b1-c4-r4-task-0121,fabric_post_task,True,,2485,1783314604030,4778,QmamWwWGyFXDPTzs47NnXQaDJCnKmJNML2uLgwtA49YMHU,False
1219,b2-fabric-b1-c4-r4,b2-fabric-b1-c4-r4-task-0122,fabric_post_allocation,True,,2363,1783314606511,0,,False
1220,b2-fabric-b1-c4-r4,b2-fabric-b1-c4-r4-task-0121,fabric_post_allocation,True,,2359,1783314606515,0,,False
1221,b2-fabric-b1-c4-r4,b2-fabric-b1-c4-r4-task-0123,fabric_post_allocation,True,,2362,1783314606514,0,,False
1222,b2-fabric-b1-c4-r4,b2-fabric-b1-c4-r4-task-0120,fabric_post_allocation,True,,2365,1783314606512,0,,False
1223,b2-fabric-b1-c4-r4,b2-fabric-b1-c4-r4-task-0123,fabric_post_snapshot,True,,2317,1783314608876,0,,False
1224,b2-fabric-b1-c4-r4,b2-fabric-b1-c4-r4-task-0120,fabric_post_snapshot,True,,2316,1783314608877,0,,False
1225,b2-fabric-b1-c4-r4,b2-fabric-b1-c4-r4-task-0121,fabric_post_snapshot,True,,2320,1783314608874,0,,False
1226,b2-fabric-b1-c4-r4,b2-fabric-b1-c4-r4-task-0122,fabric_post_snapshot,True,,2321,1783314608874,0,,False
1227,b2-fabric-b1-c4-r4,b2-fabric-b1-c4-r4-task-0122,fabric_query_confirmation,True,,149,1783314611195,0,,False
1228,b2-fabric-b1-c4-r4,b2-fabric-b1-c4-r4-task-0123,fabric_query_confirmation,True,,152,1783314611193,0,,False
1229,b2-fabric-b1-c4-r4,b2-fabric-b1-c4-r4-task-0121,fabric_query_confirmation,True,,151,1783314611194,0,,False
1230,b2-fabric-b1-c4-r4,b2-fabric-b1-c4-r4-task-0120,fabric_query_confirmation,True,,153,1783314611193,0,,False
1231,b2-fabric-b1-c4-r4,b2-fabric-b1-c4-r4-task-0123,fabric_vote_1,True,,2298,1783314611345,0,,False
1232,b2-fabric-b1-c4-r4,b2-fabric-b1-c4-r4-task-0121,fabric_vote_1,True,,2299,1783314611345,0,,False
1233,b2-fabric-b1-c4-r4,b2-fabric-b1-c4-r4-task-0120,fabric_vote_1,True,,2298,1783314611346,0,,False
1234,b2-fabric-b1-c4-r4,b2-fabric-b1-c4-r4-task-0122,fabric_vote_1,True,,2302,1783314611344,0,,False
1235,b2-fabric-b1-c4-r4,b2-fabric-b1-c4-r4-task-0122,fabric_vote_2,True,,2459,1783314613646,0,,False
1236,b2-fabric-b1-c4-r4,b2-fabric-b1-c4-r4-task-0120,fabric_vote_2,True,,2461,1783314613645,0,,False
1237,b2-fabric-b1-c4-r4,b2-fabric-b1-c4-r4-task-0121,fabric_vote_2,True,,2464,1783314613644,0,,False
1238,b2-fabric-b1-c4-r4,b2-fabric-b1-c4-r4-task-0123,fabric_vote_2,True,,2464,1783314613644,0,,False
1239,b2-fabric-b1-c4-r4,b2-fabric-b1-c4-r4-task-0121,fabric_settlement,True,,1310,1783314616108,0,,False
1240,b2-fabric-b1-c4-r4,b2-fabric-b1-c4-r4-task-0122,fabric_settlement,True,,1314,1783314616105,0,,False
1241,b2-fabric-b1-c4-r4,b2-fabric-b1-c4-r4-task-0123,fabric_settlement,True,,1311,1783314616108,0,,False
1242,b2-fabric-b1-c4-r4,b2-fabric-b1-c4-r4-task-0120,fabric_settlement,True,,1314,1783314616106,0,,False
1243,b2-fabric-b1-c4-r4,b2-fabric-b1-c4-r4-task-0122,fabric_query_final,True,,728,1783314617419,0,,False
1244,b2-fabric-b1-c4-r4,b2-fabric-b1-c4-r4-task-0120,fabric_query_final,True,,728,1783314617420,0,,False
1245,b2-fabric-b1-c4-r4,b2-fabric-b1-c4-r4-task-0123,fabric_query_final,True,,729,1783314617419,0,,False
1246,b2-fabric-b1-c4-r4,b2-fabric-b1-c4-r4-task-0121,fabric_query_final,True,,733,1783314617418,0,,False
1247,b2-fabric-b1-c4-r4,b2-fabric-b1-c4-r4-task-0122,ipfs_verify,True,,6,1783314618148,0,QmXUXcH529nakix9U15cpEidT2HourhoUQvG7aoS3dLkEG,False
1248,b2-fabric-b1-c4-r4,b2-fabric-b1-c4-r4-task-0120,ipfs_verify,True,,7,1783314618148,0,QmcCwWQBqZ6738sqSyuLRWTxPt6Qtc8U1RvhvPAW1oWkkW,False
1249,b2-fabric-b1-c4-r4,b2-fabric-b1-c4-r4-task-0123,ipfs_verify,True,,8,1783314618148,0,QmUDRUxNR3wiggGYgdFqXj9FiZaoAXkrjj2gf4wreybMnY,False
1250,b2-fabric-b1-c4-r4,b2-fabric-b1-c4-r4-task-0121,ipfs_verify,True,,7,1783314618151,0,QmamWwWGyFXDPTzs47NnXQaDJCnKmJNML2uLgwtA49YMHU,False
1251,b2-fabric-b1-c4-r4,b2-fabric-b1-c4-r4-task-0124,ipfs_add,True,,36,1783314618155,10193,,False
1252,b2-fabric-b1-c4-r4,b2-fabric-b1-c4-r4-task-0125,ipfs_add,True,,53,1783314618155,3206,,False
1253,b2-fabric-b1-c4-r4,b2-fabric-b1-c4-r4-task-0127,ipfs_add,True,,68,1783314618158,3969,,False
1254,b2-fabric-b1-c4-r4,b2-fabric-b1-c4-r4-task-0126,ipfs_add,True,,87,1783314618156,3991,,False
1255,b2-fabric-b1-c4-r4,b2-fabric-b1-c4-r4-task-0125,fabric_post_task,True,,2441,1783314618208,3206,QmWe76Fc6xMc7UE2TtXhWtuzFokCa6FcSgWL6dg6i6SRfJ,False
1256,b2-fabric-b1-c4-r4,b2-fabric-b1-c4-r4-task-0127,fabric_post_task,True,,2424,1783314618226,3969,QmNxQCkAaLmLFLMatMwgJb5bdva2owFTE2JpVTzuEA6pnQ,False
1257,b2-fabric-b1-c4-r4,b2-fabric-b1-c4-r4-task-0124,fabric_post_task,True,,2460,1783314618191,10193,QmdN3kmV8Nauo2ypczxkgeUDFa3J43mcbGqcZVtUsrbPFC,False
1258,b2-fabric-b1-c4-r4,b2-fabric-b1-c4-r4-task-0126,fabric_post_task,True,,2410,1783314618243,3991,QmPtdsowq8zmmDRQ1z7WASkkcgXTNTYdCxgN5vM5mEmQKU,False
1259,b2-fabric-b1-c4-r4,b2-fabric-b1-c4-r4-task-0126,fabric_post_allocation,True,,2307,1783314620653,0,,False
1260,b2-fabric-b1-c4-r4,b2-fabric-b1-c4-r4-task-0127,fabric_post_allocation,True,,2310,1783314620650,0,,False
1261,b2-fabric-b1-c4-r4,b2-fabric-b1-c4-r4-task-0124,fabric_post_allocation,True,,2310,1783314620651,0,,False
1262,b2-fabric-b1-c4-r4,b2-fabric-b1-c4-r4-task-0125,fabric_post_allocation,True,,2313,1783314620649,0,,False
1263,b2-fabric-b1-c4-r4,b2-fabric-b1-c4-r4-task-0125,fabric_post_snapshot,True,,2266,1783314622962,0,,False
1264,b2-fabric-b1-c4-r4,b2-fabric-b1-c4-r4-task-0124,fabric_post_snapshot,True,,2267,1783314622961,0,,False
1265,b2-fabric-b1-c4-r4,b2-fabric-b1-c4-r4-task-0127,fabric_post_snapshot,True,,2269,1783314622960,0,,False
1266,b2-fabric-b1-c4-r4,b2-fabric-b1-c4-r4-task-0126,fabric_post_snapshot,True,,2269,1783314622960,0,,False
1267,b2-fabric-b1-c4-r4,b2-fabric-b1-c4-r4-task-0125,fabric_query_confirmation,True,,148,1783314625228,0,,False
1268,b2-fabric-b1-c4-r4,b2-fabric-b1-c4-r4-task-0124,fabric_query_confirmation,True,,148,1783314625228,0,,False
1269,b2-fabric-b1-c4-r4,b2-fabric-b1-c4-r4-task-0127,fabric_query_confirmation,True,,148,1783314625229,0,,False
1270,b2-fabric-b1-c4-r4,b2-fabric-b1-c4-r4-task-0126,fabric_query_confirmation,True,,150,1783314625229,0,,False
1271,b2-fabric-b1-c4-r4,b2-fabric-b1-c4-r4-task-0124,fabric_vote_1,True,,2265,1783314625376,0,,False
1272,b2-fabric-b1-c4-r4,b2-fabric-b1-c4-r4-task-0126,fabric_vote_1,True,,2263,1783314625379,0,,False
1273,b2-fabric-b1-c4-r4,b2-fabric-b1-c4-r4-task-0127,fabric_vote_1,True,,2266,1783314625377,0,,False
1274,b2-fabric-b1-c4-r4,b2-fabric-b1-c4-r4-task-0125,fabric_vote_1,True,,2269,1783314625376,0,,False
1275,b2-fabric-b1-c4-r4,b2-fabric-b1-c4-r4-task-0126,fabric_vote_2,True,,2449,1783314627642,0,,False
1276,b2-fabric-b1-c4-r4,b2-fabric-b1-c4-r4-task-0125,fabric_vote_2,True,,2447,1783314627645,0,,False
1277,b2-fabric-b1-c4-r4,b2-fabric-b1-c4-r4-task-0127,fabric_vote_2,True,,2450,1783314627643,0,,False
1278,b2-fabric-b1-c4-r4,b2-fabric-b1-c4-r4-task-0124,fabric_vote_2,True,,2452,1783314627641,0,,False
1279,b2-fabric-b1-c4-r4,b2-fabric-b1-c4-r4-task-0124,fabric_settlement,True,,2629,1783314630093,0,,False
1280,b2-fabric-b1-c4-r4,b2-fabric-b1-c4-r4-task-0127,fabric_settlement,True,,2629,1783314630093,0,,False
1281,b2-fabric-b1-c4-r4,b2-fabric-b1-c4-r4-task-0125,fabric_settlement,True,,2631,1783314630092,0,,False
1282,b2-fabric-b1-c4-r4,b2-fabric-b1-c4-r4-task-0126,fabric_settlement,True,,2634,1783314630091,0,,False
1283,b2-fabric-b1-c4-r4,b2-fabric-b1-c4-r4-task-0124,fabric_query_final,True,,720,1783314632722,0,,False
1284,b2-fabric-b1-c4-r4,b2-fabric-b1-c4-r4-task-0127,fabric_query_final,True,,720,1783314632722,0,,False
1285,b2-fabric-b1-c4-r4,b2-fabric-b1-c4-r4-task-0126,fabric_query_final,True,,718,1783314632725,0,,False
1286,b2-fabric-b1-c4-r4,b2-fabric-b1-c4-r4-task-0125,fabric_query_final,True,,723,1783314632723,0,,False
1287,b2-fabric-b1-c4-r4,b2-fabric-b1-c4-r4-task-0127,ipfs_verify,True,,7,1783314633442,0,QmNxQCkAaLmLFLMatMwgJb5bdva2owFTE2JpVTzuEA6pnQ,False
1288,b2-fabric-b1-c4-r4,b2-fabric-b1-c4-r4-task-0126,ipfs_verify,True,,6,1783314633443,0,QmPtdsowq8zmmDRQ1z7WASkkcgXTNTYdCxgN5vM5mEmQKU,False
1289,b2-fabric-b1-c4-r4,b2-fabric-b1-c4-r4-task-0124,ipfs_verify,True,,8,1783314633442,0,QmdN3kmV8Nauo2ypczxkgeUDFa3J43mcbGqcZVtUsrbPFC,False
1290,b2-fabric-b1-c4-r4,b2-fabric-b1-c4-r4-task-0125,ipfs_verify,True,,7,1783314633446,0,QmWe76Fc6xMc7UE2TtXhWtuzFokCa6FcSgWL6dg6i6SRfJ,False
1291,b2-fabric-b1-c4-r4,b2-fabric-b1-c4-r4-task-0130,ipfs_add,True,,30,1783314633450,5421,,False
1292,b2-fabric-b1-c4-r4,b2-fabric-b1-c4-r4-task-0129,ipfs_add,True,,49,1783314633449,6435,,False
1293,b2-fabric-b1-c4-r4,b2-fabric-b1-c4-r4-task-0128,ipfs_add,True,,65,1783314633450,5323,,False
1294,b2-fabric-b1-c4-r4,b2-fabric-b1-c4-r4-task-0131,ipfs_add,True,,86,1783314633453,5219,,False
1295,b2-fabric-b1-c4-r4,b2-fabric-b1-c4-r4-task-0131,fabric_post_task,True,,2414,1783314633539,5219,QmZj7xUMfzrxW16za1Jy2ZVd3iayZXWvUsAREvSyZuRbVu,False
1296,b2-fabric-b1-c4-r4,b2-fabric-b1-c4-r4-task-0128,fabric_post_task,True,,2439,1783314633515,5323,QmQos5pRc9wxqep7nncifrFotxQs5uTEqHL3FeTHYErDSa,False
1297,b2-fabric-b1-c4-r4,b2-fabric-b1-c4-r4-task-0129,fabric_post_task,True,,2457,1783314633498,6435,QmRdeeEenQRgmkxSMK2mGyLCkKoN4YhqNwubfvJSfxYpPa,False
1298,b2-fabric-b1-c4-r4,b2-fabric-b1-c4-r4-task-0130,fabric_post_task,True,,2478,1783314633480,5421,QmasDoPun8NvohoPkm66UZpwkaJFFvmh8hCVDMoxGk7S7Z,False
1299,b2-fabric-b1-c4-r4,b2-fabric-b1-c4-r4-task-0128,fabric_post_allocation,True,,2558,1783314635954,0,,False
1300,b2-fabric-b1-c4-r4,b2-fabric-b1-c4-r4-task-0130,fabric_post_allocation,True,,2555,1783314635958,0,,False
1301,b2-fabric-b1-c4-r4,b2-fabric-b1-c4-r4-task-0131,fabric_post_allocation,True,,2560,1783314635953,0,,False
1302,b2-fabric-b1-c4-r4,b2-fabric-b1-c4-r4-task-0129,fabric_post_allocation,True,,2559,1783314635955,0,,False
1303,b2-fabric-b1-c4-r4,b2-fabric-b1-c4-r4-task-0129,fabric_post_snapshot,True,,2252,1783314638514,0,,False
1304,b2-fabric-b1-c4-r4,b2-fabric-b1-c4-r4-task-0130,fabric_post_snapshot,True,,2254,1783314638513,0,,False
1305,b2-fabric-b1-c4-r4,b2-fabric-b1-c4-r4-task-0131,fabric_post_snapshot,True,,2255,1783314638513,0,,False
1306,b2-fabric-b1-c4-r4,b2-fabric-b1-c4-r4-task-0128,fabric_post_snapshot,True,,2258,1783314638512,0,,False
1307,b2-fabric-b1-c4-r4,b2-fabric-b1-c4-r4-task-0129,fabric_query_confirmation,True,,324,1783314640766,0,,False
1308,b2-fabric-b1-c4-r4,b2-fabric-b1-c4-r4-task-0130,fabric_query_confirmation,True,,324,1783314640767,0,,False
1309,b2-fabric-b1-c4-r4,b2-fabric-b1-c4-r4-task-0131,fabric_query_confirmation,True,,324,1783314640768,0,,False
1310,b2-fabric-b1-c4-r4,b2-fabric-b1-c4-r4-task-0128,fabric_query_confirmation,True,,322,1783314640770,0,,False
1311,b2-fabric-b1-c4-r4,b2-fabric-b1-c4-r4-task-0129,fabric_vote_1,True,,2249,1783314641090,0,,False
1312,b2-fabric-b1-c4-r4,b2-fabric-b1-c4-r4-task-0128,fabric_vote_1,True,,2248,1783314641092,0,,False
1313,b2-fabric-b1-c4-r4,b2-fabric-b1-c4-r4-task-0130,fabric_vote_1,True,,2249,1783314641091,0,,False
1314,b2-fabric-b1-c4-r4,b2-fabric-b1-c4-r4-task-0131,fabric_vote_1,True,,2250,1783314641092,0,,False
1315,b2-fabric-b1-c4-r4,b2-fabric-b1-c4-r4-task-0130,fabric_vote_2,True,,2428,1783314643341,0,,False
1316,b2-fabric-b1-c4-r4,b2-fabric-b1-c4-r4-task-0131,fabric_vote_2,True,,2429,1783314643342,0,,False
1317,b2-fabric-b1-c4-r4,b2-fabric-b1-c4-r4-task-0128,fabric_vote_2,True,,2432,1783314643340,0,,False
1318,b2-fabric-b1-c4-r4,b2-fabric-b1-c4-r4-task-0129,fabric_vote_2,True,,2433,1783314643339,0,,False
1319,b2-fabric-b1-c4-r4,b2-fabric-b1-c4-r4-task-0129,fabric_settlement,True,,1320,1783314645772,0,,False
1320,b2-fabric-b1-c4-r4,b2-fabric-b1-c4-r4-task-0128,fabric_settlement,True,,1321,1783314645772,0,,False
1321,b2-fabric-b1-c4-r4,b2-fabric-b1-c4-r4-task-0130,fabric_settlement,True,,1324,1783314645769,0,,False
1322,b2-fabric-b1-c4-r4,b2-fabric-b1-c4-r4-task-0131,fabric_settlement,True,,1323,1783314645771,0,,False
1323,b2-fabric-b1-c4-r4,b2-fabric-b1-c4-r4-task-0130,fabric_query_final,True,,323,1783314647093,0,,False
1324,b2-fabric-b1-c4-r4,b2-fabric-b1-c4-r4-task-0129,fabric_query_final,True,,324,1783314647092,0,,False
1325,b2-fabric-b1-c4-r4,b2-fabric-b1-c4-r4-task-0131,fabric_query_final,True,,323,1783314647094,0,,False
1326,b2-fabric-b1-c4-r4,b2-fabric-b1-c4-r4-task-0130,ipfs_verify,True,,7,1783314647416,0,QmasDoPun8NvohoPkm66UZpwkaJFFvmh8hCVDMoxGk7S7Z,False
1327,b2-fabric-b1-c4-r4,b2-fabric-b1-c4-r4-task-0129,ipfs_verify,True,,8,1783314647416,0,QmRdeeEenQRgmkxSMK2mGyLCkKoN4YhqNwubfvJSfxYpPa,False
1328,b2-fabric-b1-c4-r4,b2-fabric-b1-c4-r4-task-0131,ipfs_verify,True,,7,1783314647417,0,QmZj7xUMfzrxW16za1Jy2ZVd3iayZXWvUsAREvSyZuRbVu,False
1329,b2-fabric-b1-c4-r4,b2-fabric-b1-c4-r4-task-0132,ipfs_add,True,,35,1783314647423,5599,,False
1330,b2-fabric-b1-c4-r4,b2-fabric-b1-c4-r4-task-0134,ipfs_add,True,,49,1783314647425,5569,,False
1331,b2-fabric-b1-c4-r4,b2-fabric-b1-c4-r4-task-0133,ipfs_add,True,,68,1783314647424,4372,,False
1332,b2-fabric-b1-c4-r4,b2-fabric-b1-c4-r4-task-0128,fabric_query_final,True,,488,1783314647093,0,,False
1333,b2-fabric-b1-c4-r4,b2-fabric-b1-c4-r4-task-0128,ipfs_verify,True,,7,1783314647581,0,QmQos5pRc9wxqep7nncifrFotxQs5uTEqHL3FeTHYErDSa,False
1334,b2-fabric-b1-c4-r4,b2-fabric-b1-c4-r4-task-0135,ipfs_add,True,,36,1783314647589,6297,,False
1335,b2-fabric-b1-c4-r4,b2-fabric-b1-c4-r4-task-0134,fabric_post_task,True,,2234,1783314647474,5569,QmPW1qU3hoUSoGbD2KjbwxVen41kGxev6EBjJ6zmEFnCrD,False
1336,b2-fabric-b1-c4-r4,b2-fabric-b1-c4-r4-task-0135,fabric_post_task,True,,2083,1783314647625,6297,QmRgs6w8r3X2JvyiVmXrFPnc5Whw1EhTnEw6iDRUTAKBSq,False
1337,b2-fabric-b1-c4-r4,b2-fabric-b1-c4-r4-task-0133,fabric_post_task,True,,2216,1783314647492,4372,QmV9gx3VUoqhkXRkzRD7hEPhbZz6mSJ82UTFrCpLh1TD3b,False
1338,b2-fabric-b1-c4-r4,b2-fabric-b1-c4-r4-task-0132,fabric_post_task,True,,2253,1783314647458,5599,QmYCBqE2NteLr9sLnHjbiStJeVErpKho8QFCw7417W1UW7,False
1339,b2-fabric-b1-c4-r4,b2-fabric-b1-c4-r4-task-0135,fabric_post_allocation,True,,2307,1783314649708,0,,False
1340,b2-fabric-b1-c4-r4,b2-fabric-b1-c4-r4-task-0132,fabric_post_allocation,True,,2304,1783314649711,0,,False
1341,b2-fabric-b1-c4-r4,b2-fabric-b1-c4-r4-task-0134,fabric_post_allocation,True,,2308,1783314649708,0,,False
1342,b2-fabric-b1-c4-r4,b2-fabric-b1-c4-r4-task-0133,fabric_post_allocation,True,,2308,1783314649709,0,,False
1343,b2-fabric-b1-c4-r4,b2-fabric-b1-c4-r4-task-0134,fabric_post_snapshot,True,,2250,1783314652016,0,,False
1344,b2-fabric-b1-c4-r4,b2-fabric-b1-c4-r4-task-0132,fabric_post_snapshot,True,,2252,1783314652015,0,,False
1345,b2-fabric-b1-c4-r4,b2-fabric-b1-c4-r4-task-0133,fabric_post_snapshot,True,,2251,1783314652017,0,,False
1346,b2-fabric-b1-c4-r4,b2-fabric-b1-c4-r4-task-0135,fabric_post_snapshot,True,,2254,1783314652015,0,,False
1347,b2-fabric-b1-c4-r4,b2-fabric-b1-c4-r4-task-0135,fabric_query_confirmation,True,,111,1783314654269,0,,False
1348,b2-fabric-b1-c4-r4,b2-fabric-b1-c4-r4-task-0133,fabric_query_confirmation,True,,113,1783314654268,0,,False
1349,b2-fabric-b1-c4-r4,b2-fabric-b1-c4-r4-task-0134,fabric_query_confirmation,True,,115,1783314654266,0,,False
1350,b2-fabric-b1-c4-r4,b2-fabric-b1-c4-r4-task-0132,fabric_query_confirmation,True,,115,1783314654267,0,,False
1351,b2-fabric-b1-c4-r4,b2-fabric-b1-c4-r4-task-0133,fabric_vote_1,True,,2269,1783314654381,0,,False
1352,b2-fabric-b1-c4-r4,b2-fabric-b1-c4-r4-task-0135,fabric_vote_1,True,,2271,1783314654380,0,,False
1353,b2-fabric-b1-c4-r4,b2-fabric-b1-c4-r4-task-0134,fabric_vote_1,True,,2270,1783314654381,0,,False
1354,b2-fabric-b1-c4-r4,b2-fabric-b1-c4-r4-task-0132,fabric_vote_1,True,,2271,1783314654382,0,,False
1355,b2-fabric-b1-c4-r4,b2-fabric-b1-c4-r4-task-0134,fabric_vote_2,True,,2429,1783314656651,0,,False
1356,b2-fabric-b1-c4-r4,b2-fabric-b1-c4-r4-task-0132,fabric_vote_2,True,,2430,1783314656653,0,,False
1357,b2-fabric-b1-c4-r4,b2-fabric-b1-c4-r4-task-0133,fabric_vote_2,True,,2433,1783314656650,0,,False
1358,b2-fabric-b1-c4-r4,b2-fabric-b1-c4-r4-task-0135,fabric_vote_2,True,,2432,1783314656651,0,,False
1359,b2-fabric-b1-c4-r4,b2-fabric-b1-c4-r4-task-0133,fabric_settlement,True,,2572,1783314659083,0,,False
1360,b2-fabric-b1-c4-r4,b2-fabric-b1-c4-r4-task-0135,fabric_settlement,True,,2572,1783314659083,0,,False
1361,b2-fabric-b1-c4-r4,b2-fabric-b1-c4-r4-task-0134,fabric_settlement,True,,2576,1783314659080,0,,False
1362,b2-fabric-b1-c4-r4,b2-fabric-b1-c4-r4-task-0132,fabric_settlement,True,,2575,1783314659083,0,,False
1363,b2-fabric-b1-c4-r4,b2-fabric-b1-c4-r4-task-0135,fabric_query_final,True,,918,1783314661655,0,,False
1364,b2-fabric-b1-c4-r4,b2-fabric-b1-c4-r4-task-0132,fabric_query_final,True,,915,1783314661658,0,,False
1365,b2-fabric-b1-c4-r4,b2-fabric-b1-c4-r4-task-0134,fabric_query_final,True,,918,1783314661656,0,,False
1366,b2-fabric-b1-c4-r4,b2-fabric-b1-c4-r4-task-0133,fabric_query_final,True,,921,1783314661655,0,,False
1367,b2-fabric-b1-c4-r4,b2-fabric-b1-c4-r4-task-0132,ipfs_verify,True,,6,1783314662573,0,QmYCBqE2NteLr9sLnHjbiStJeVErpKho8QFCw7417W1UW7,False
1368,b2-fabric-b1-c4-r4,b2-fabric-b1-c4-r4-task-0135,ipfs_verify,True,,7,1783314662573,0,QmRgs6w8r3X2JvyiVmXrFPnc5Whw1EhTnEw6iDRUTAKBSq,False
1369,b2-fabric-b1-c4-r4,b2-fabric-b1-c4-r4-task-0134,ipfs_verify,True,,6,1783314662574,0,QmPW1qU3hoUSoGbD2KjbwxVen41kGxev6EBjJ6zmEFnCrD,False
1370,b2-fabric-b1-c4-r4,b2-fabric-b1-c4-r4-task-0133,ipfs_verify,True,,7,1783314662576,0,QmV9gx3VUoqhkXRkzRD7hEPhbZz6mSJ82UTFrCpLh1TD3b,False
1371,b2-fabric-b1-c4-r4,b2-fabric-b1-c4-r4-task-0137,ipfs_add,True,,31,1783314662580,7887,,False
1372,b2-fabric-b1-c4-r4,b2-fabric-b1-c4-r4-task-0138,ipfs_add,True,,48,1783314662580,6123,,False
1373,b2-fabric-b1-c4-r4,b2-fabric-b1-c4-r4-task-0136,ipfs_add,True,,67,1783314662579,6870,,False
1374,b2-fabric-b1-c4-r4,b2-fabric-b1-c4-r4-task-0139,ipfs_add,True,,80,1783314662583,6068,,False
1375,b2-fabric-b1-c4-r4,b2-fabric-b1-c4-r4-task-0138,fabric_post_task,True,,2449,1783314662628,6123,QmbxM1rZVTmJDLmT8oQiDaJVpa1uuVzFek4Pc5717x6PYe,False
1376,b2-fabric-b1-c4-r4,b2-fabric-b1-c4-r4-task-0139,fabric_post_task,True,,2416,1783314662663,6068,QmcYTUAPQTyEWywqTmthoC8xdU1HHnjNHDDrwpWHCUcep9,False
1377,b2-fabric-b1-c4-r4,b2-fabric-b1-c4-r4-task-0136,fabric_post_task,True,,2433,1783314662646,6870,QmUPhkQr4hDrWibXiUjzuteThhvoD1pXuAQ2pvNnCtyJec,False
1378,b2-fabric-b1-c4-r4,b2-fabric-b1-c4-r4-task-0137,fabric_post_task,True,,2470,1783314662612,7887,QmWoPof7qbWPGdMFqG2nBUciJqbqXCfAPLUDZ7bcxJMDyk,False
1379,b2-fabric-b1-c4-r4,b2-fabric-b1-c4-r4-task-0137,fabric_post_allocation,True,,2530,1783314665082,0,,False
1380,b2-fabric-b1-c4-r4,b2-fabric-b1-c4-r4-task-0139,fabric_post_allocation,True,,2534,1783314665079,0,,False
1381,b2-fabric-b1-c4-r4,b2-fabric-b1-c4-r4-task-0136,fabric_post_allocation,True,,2535,1783314665079,0,,False
1382,b2-fabric-b1-c4-r4,b2-fabric-b1-c4-r4-task-0138,fabric_post_allocation,True,,2538,1783314665078,0,,False
1383,b2-fabric-b1-c4-r4,b2-fabric-b1-c4-r4-task-0136,fabric_post_snapshot,True,,2470,1783314667614,0,,False
1384,b2-fabric-b1-c4-r4,b2-fabric-b1-c4-r4-task-0139,fabric_post_snapshot,True,,2471,1783314667613,0,,False
1385,b2-fabric-b1-c4-r4,b2-fabric-b1-c4-r4-task-0138,fabric_post_snapshot,True,,2469,1783314667616,0,,False
1386,b2-fabric-b1-c4-r4,b2-fabric-b1-c4-r4-task-0137,fabric_post_snapshot,True,,2474,1783314667613,0,,False
1387,b2-fabric-b1-c4-r4,b2-fabric-b1-c4-r4-task-0136,fabric_query_confirmation,True,,312,1783314670084,0,,False
1388,b2-fabric-b1-c4-r4,b2-fabric-b1-c4-r4-task-0138,fabric_query_confirmation,True,,312,1783314670085,0,,False
1389,b2-fabric-b1-c4-r4,b2-fabric-b1-c4-r4-task-0137,fabric_query_confirmation,True,,310,1783314670087,0,,False
1390,b2-fabric-b1-c4-r4,b2-fabric-b1-c4-r4-task-0139,fabric_query_confirmation,True,,314,1783314670084,0,,False
1391,b2-fabric-b1-c4-r4,b2-fabric-b1-c4-r4-task-0138,fabric_vote_1,True,,2257,1783314670397,0,,False
1392,b2-fabric-b1-c4-r4,b2-fabric-b1-c4-r4-task-0139,fabric_vote_1,True,,2257,1783314670398,0,,False
1393,b2-fabric-b1-c4-r4,b2-fabric-b1-c4-r4-task-0137,fabric_vote_1,True,,2258,1783314670397,0,,False
1394,b2-fabric-b1-c4-r4,b2-fabric-b1-c4-r4-task-0136,fabric_vote_1,True,,2262,1783314670396,0,,False
1395,b2-fabric-b1-c4-r4,b2-fabric-b1-c4-r4-task-0139,fabric_vote_2,True,,2445,1783314672655,0,,False
1396,b2-fabric-b1-c4-r4,b2-fabric-b1-c4-r4-task-0136,fabric_vote_2,True,,2442,1783314672658,0,,False
1397,b2-fabric-b1-c4-r4,b2-fabric-b1-c4-r4-task-0137,fabric_vote_2,True,,2446,1783314672655,0,,False
1398,b2-fabric-b1-c4-r4,b2-fabric-b1-c4-r4-task-0138,fabric_vote_2,True,,2448,1783314672654,0,,False
1399,b2-fabric-b1-c4-r4,b2-fabric-b1-c4-r4-task-0139,fabric_settlement,True,,1302,1783314675100,0,,False
1400,b2-fabric-b1-c4-r4,b2-fabric-b1-c4-r4-task-0138,fabric_settlement,True,,1301,1783314675102,0,,False
1401,b2-fabric-b1-c4-r4,b2-fabric-b1-c4-r4-task-0136,fabric_settlement,True,,1304,1783314675100,0,,False
1402,b2-fabric-b1-c4-r4,b2-fabric-b1-c4-r4-task-0137,fabric_settlement,True,,1304,1783314675101,0,,False
1403,b2-fabric-b1-c4-r4,b2-fabric-b1-c4-r4-task-0138,fabric_query_final,True,,530,1783314676403,0,,False
1404,b2-fabric-b1-c4-r4,b2-fabric-b1-c4-r4-task-0136,fabric_query_final,True,,529,1783314676404,0,,False
1405,b2-fabric-b1-c4-r4,b2-fabric-b1-c4-r4-task-0137,fabric_query_final,True,,528,1783314676405,0,,False
1406,b2-fabric-b1-c4-r4,b2-fabric-b1-c4-r4-task-0139,fabric_query_final,True,,538,1783314676402,0,,False
1407,b2-fabric-b1-c4-r4,b2-fabric-b1-c4-r4-task-0137,ipfs_verify,True,,6,1783314676934,0,QmWoPof7qbWPGdMFqG2nBUciJqbqXCfAPLUDZ7bcxJMDyk,False
1408,b2-fabric-b1-c4-r4,b2-fabric-b1-c4-r4-task-0136,ipfs_verify,True,,9,1783314676933,0,QmUPhkQr4hDrWibXiUjzuteThhvoD1pXuAQ2pvNnCtyJec,False
1409,b2-fabric-b1-c4-r4,b2-fabric-b1-c4-r4-task-0138,ipfs_verify,True,,9,1783314676933,0,QmbxM1rZVTmJDLmT8oQiDaJVpa1uuVzFek4Pc5717x6PYe,False
1410,b2-fabric-b1-c4-r4,b2-fabric-b1-c4-r4-task-0139,ipfs_verify,True,,6,1783314676940,0,QmcYTUAPQTyEWywqTmthoC8xdU1HHnjNHDDrwpWHCUcep9,False
1411,b2-fabric-b1-c4-r4,b2-fabric-b1-c4-r4-task-0141,ipfs_add,True,,28,1783314676942,3943,,False
1412,b2-fabric-b1-c4-r4,b2-fabric-b1-c4-r4-task-0140,ipfs_add,True,,45,1783314676941,3566,,False
1413,b2-fabric-b1-c4-r4,b2-fabric-b1-c4-r4-task-0142,ipfs_add,True,,60,1783314676943,4723,,False
1414,b2-fabric-b1-c4-r4,b2-fabric-b1-c4-r4-task-0143,ipfs_add,True,,76,1783314676946,4660,,False
1415,b2-fabric-b1-c4-r4,b2-fabric-b1-c4-r4-task-0141,fabric_post_task,True,,2456,1783314676970,3943,QmU8ccPSVuF7qqoiKy2DMjjWHVge9mBhGy7hX3oM4mFnxu,False
1416,b2-fabric-b1-c4-r4,b2-fabric-b1-c4-r4-task-0140,fabric_post_task,True,,2443,1783314676986,3566,QmbKUL6FKk5HdN2RKMY4E5T2YgBw8gzyMB9qqscewgU2PM,False
1417,b2-fabric-b1-c4-r4,b2-fabric-b1-c4-r4-task-0142,fabric_post_task,True,,2427,1783314677003,4723,QmU3gpt8BjdpgMNTTBdF3QXFR37K5SeqUjAYEdmDDig4s5,False
1418,b2-fabric-b1-c4-r4,b2-fabric-b1-c4-r4-task-0143,fabric_post_task,True,,2409,1783314677022,4660,QmTVqeXCxoxwjjanTn4HJUbLVnB4bpVmZgGrTummJ1AQqo,False
1419,b2-fabric-b1-c4-r4,b2-fabric-b1-c4-r4-task-0140,fabric_post_allocation,True,,2318,1783314679429,0,,False
1420,b2-fabric-b1-c4-r4,b2-fabric-b1-c4-r4-task-0142,fabric_post_allocation,True,,2317,1783314679430,0,,False
1421,b2-fabric-b1-c4-r4,b2-fabric-b1-c4-r4-task-0143,fabric_post_allocation,True,,2317,1783314679431,0,,False
1422,b2-fabric-b1-c4-r4,b2-fabric-b1-c4-r4-task-0141,fabric_post_allocation,True,,2323,1783314679426,0,,False
1423,b2-fabric-b1-c4-r4,b2-fabric-b1-c4-r4-task-0143,fabric_post_snapshot,True,,2460,1783314681748,0,,False
1424,b2-fabric-b1-c4-r4,b2-fabric-b1-c4-r4-task-0141,fabric_post_snapshot,True,,2460,1783314681749,0,,False
1425,b2-fabric-b1-c4-r4,b2-fabric-b1-c4-r4-task-0142,fabric_post_snapshot,True,,2462,1783314681747,0,,False
1426,b2-fabric-b1-c4-r4,b2-fabric-b1-c4-r4-task-0140,fabric_post_snapshot,True,,2463,1783314681747,0,,False
1427,b2-fabric-b1-c4-r4,b2-fabric-b1-c4-r4-task-0140,fabric_query_confirmation,True,,110,1783314684210,0,,False
1428,b2-fabric-b1-c4-r4,b2-fabric-b1-c4-r4-task-0143,fabric_query_confirmation,True,,113,1783314684208,0,,False
1429,b2-fabric-b1-c4-r4,b2-fabric-b1-c4-r4-task-0141,fabric_query_confirmation,True,,112,1783314684209,0,,False
1430,b2-fabric-b1-c4-r4,b2-fabric-b1-c4-r4-task-0142,fabric_query_confirmation,True,,114,1783314684209,0,,False
1431,b2-fabric-b1-c4-r4,b2-fabric-b1-c4-r4-task-0143,fabric_vote_1,True,,2440,1783314684321,0,,False
1432,b2-fabric-b1-c4-r4,b2-fabric-b1-c4-r4-task-0140,fabric_vote_1,True,,2442,1783314684320,0,,False
1433,b2-fabric-b1-c4-r4,b2-fabric-b1-c4-r4-task-0141,fabric_vote_1,True,,2442,1783314684321,0,,False
1434,b2-fabric-b1-c4-r4,b2-fabric-b1-c4-r4-task-0142,fabric_vote_1,True,,2441,1783314684323,0,,False
1435,b2-fabric-b1-c4-r4,b2-fabric-b1-c4-r4-task-0143,fabric_vote_2,True,,2438,1783314686761,0,,False
1436,b2-fabric-b1-c4-r4,b2-fabric-b1-c4-r4-task-0140,fabric_vote_2,True,,2438,1783314686762,0,,False
1437,b2-fabric-b1-c4-r4,b2-fabric-b1-c4-r4-task-0141,fabric_vote_2,True,,2437,1783314686763,0,,False
1438,b2-fabric-b1-c4-r4,b2-fabric-b1-c4-r4-task-0142,fabric_vote_2,True,,2438,1783314686764,0,,False
1439,b2-fabric-b1-c4-r4,b2-fabric-b1-c4-r4-task-0142,fabric_settlement,True,,2799,1783314689202,0,,False
1440,b2-fabric-b1-c4-r4,b2-fabric-b1-c4-r4-task-0140,fabric_settlement,True,,2801,1783314689200,0,,False
1441,b2-fabric-b1-c4-r4,b2-fabric-b1-c4-r4-task-0143,fabric_settlement,True,,2803,1783314689199,0,,False
1442,b2-fabric-b1-c4-r4,b2-fabric-b1-c4-r4-task-0141,fabric_settlement,True,,2804,1783314689200,0,,False
1443,b2-fabric-b1-c4-r4,b2-fabric-b1-c4-r4-task-0142,fabric_query_final,True,,690,1783314692001,0,,False
1444,b2-fabric-b1-c4-r4,b2-fabric-b1-c4-r4-task-0143,fabric_query_final,True,,689,1783314692002,0,,False
1445,b2-fabric-b1-c4-r4,b2-fabric-b1-c4-r4-task-0141,fabric_query_final,True,,687,1783314692004,0,,False
1446,b2-fabric-b1-c4-r4,b2-fabric-b1-c4-r4-task-0140,fabric_query_final,True,,694,1783314692001,0,,False
1447,b2-fabric-b1-c4-r4,b2-fabric-b1-c4-r4-task-0143,ipfs_verify,True,,6,1783314692691,0,QmTVqeXCxoxwjjanTn4HJUbLVnB4bpVmZgGrTummJ1AQqo,False
1448,b2-fabric-b1-c4-r4,b2-fabric-b1-c4-r4-task-0142,ipfs_verify,True,,6,1783314692691,0,QmU3gpt8BjdpgMNTTBdF3QXFR37K5SeqUjAYEdmDDig4s5,False
1449,b2-fabric-b1-c4-r4,b2-fabric-b1-c4-r4-task-0141,ipfs_verify,True,,8,1783314692692,0,QmU8ccPSVuF7qqoiKy2DMjjWHVge9mBhGy7hX3oM4mFnxu,False
1450,b2-fabric-b1-c4-r4,b2-fabric-b1-c4-r4-task-0140,ipfs_verify,True,,10,1783314692695,0,QmbKUL6FKk5HdN2RKMY4E5T2YgBw8gzyMB9qqscewgU2PM,False
1451,b2-fabric-b1-c4-r4,b2-fabric-b1-c4-r4-task-0145,ipfs_add,True,,35,1783314692697,5462,,False
1452,b2-fabric-b1-c4-r4,b2-fabric-b1-c4-r4-task-0144,ipfs_add,True,,51,1783314692698,4312,,False
1453,b2-fabric-b1-c4-r4,b2-fabric-b1-c4-r4-task-0146,ipfs_add,True,,66,1783314692701,5475,,False
1454,b2-fabric-b1-c4-r4,b2-fabric-b1-c4-r4-task-0147,ipfs_add,True,,83,1783314692705,4284,,False
1455,b2-fabric-b1-c4-r4,b2-fabric-b1-c4-r4-task-0145,fabric_post_task,True,,2478,1783314692732,5462,QmQawzw1KxV8h7JpxSeDVLwBKMdBrxUCm6dAZkW6LZqh7T,False
1456,b2-fabric-b1-c4-r4,b2-fabric-b1-c4-r4-task-0147,fabric_post_task,True,,2423,1783314692788,4284,QmaFJBETp4JJdAzBH3NfaGGXCVai8pRVmMEDArMatXyrJg,False
1457,b2-fabric-b1-c4-r4,b2-fabric-b1-c4-r4-task-0144,fabric_post_task,True,,2463,1783314692749,4312,QmQZAxaxKLLJQ3P2WWPiuXefNDpmhXdj7A3T7qaNxDGnnf,False
1458,b2-fabric-b1-c4-r4,b2-fabric-b1-c4-r4-task-0146,fabric_post_task,True,,2447,1783314692767,5475,QmTMCQj8BgjN1EopLd1uCHtQPJNQPLrifD8h5c2wtJkq4h,False
1459,b2-fabric-b1-c4-r4,b2-fabric-b1-c4-r4-task-0145,fabric_post_allocation,True,,2335,1783314695210,0,,False
1460,b2-fabric-b1-c4-r4,b2-fabric-b1-c4-r4-task-0146,fabric_post_allocation,True,,2331,1783314695214,0,,False
1461,b2-fabric-b1-c4-r4,b2-fabric-b1-c4-r4-task-0147,fabric_post_allocation,True,,2335,1783314695211,0,,False
1462,b2-fabric-b1-c4-r4,b2-fabric-b1-c4-r4-task-0144,fabric_post_allocation,True,,2336,1783314695212,0,,False
1463,b2-fabric-b1-c4-r4,b2-fabric-b1-c4-r4-task-0146,fabric_post_snapshot,True,,2464,1783314697545,0,,False
1464,b2-fabric-b1-c4-r4,b2-fabric-b1-c4-r4-task-0144,fabric_post_snapshot,True,,2460,1783314697549,0,,False
1465,b2-fabric-b1-c4-r4,b2-fabric-b1-c4-r4-task-0145,fabric_post_snapshot,True,,2465,1783314697545,0,,False
1466,b2-fabric-b1-c4-r4,b2-fabric-b1-c4-r4-task-0147,fabric_post_snapshot,True,,2466,1783314697546,0,,False
1467,b2-fabric-b1-c4-r4,b2-fabric-b1-c4-r4-task-0146,fabric_query_confirmation,True,,300,1783314700009,0,,False
1468,b2-fabric-b1-c4-r4,b2-fabric-b1-c4-r4-task-0144,fabric_query_confirmation,True,,300,1783314700009,0,,False
1469,b2-fabric-b1-c4-r4,b2-fabric-b1-c4-r4-task-0147,fabric_query_confirmation,True,,299,1783314700012,0,,False
1470,b2-fabric-b1-c4-r4,b2-fabric-b1-c4-r4-task-0145,fabric_query_confirmation,True,,301,1783314700010,0,,False
1471,b2-fabric-b1-c4-r4,b2-fabric-b1-c4-r4-task-0144,fabric_vote_1,True,,2258,1783314700309,0,,False
1472,b2-fabric-b1-c4-r4,b2-fabric-b1-c4-r4-task-0146,fabric_vote_1,True,,2259,1783314700309,0,,False
1473,b2-fabric-b1-c4-r4,b2-fabric-b1-c4-r4-task-0145,fabric_vote_1,True,,2257,1783314700311,0,,False
1474,b2-fabric-b1-c4-r4,b2-fabric-b1-c4-r4-task-0147,fabric_vote_1,True,,2259,1783314700311,0,,False
1475,b2-fabric-b1-c4-r4,b2-fabric-b1-c4-r4-task-0146,fabric_vote_2,True,,2478,1783314702568,0,,False
1476,b2-fabric-b1-c4-r4,b2-fabric-b1-c4-r4-task-0144,fabric_vote_2,True,,2480,1783314702567,0,,False
1477,b2-fabric-b1-c4-r4,b2-fabric-b1-c4-r4-task-0145,fabric_vote_2,True,,2479,1783314702568,0,,False
1478,b2-fabric-b1-c4-r4,b2-fabric-b1-c4-r4-task-0147,fabric_vote_2,True,,2479,1783314702570,0,,False
1479,b2-fabric-b1-c4-r4,b2-fabric-b1-c4-r4-task-0144,fabric_settlement,True,,1532,1783314705047,0,,False
1480,b2-fabric-b1-c4-r4,b2-fabric-b1-c4-r4-task-0147,fabric_settlement,True,,1531,1783314705049,0,,False
1481,b2-fabric-b1-c4-r4,b2-fabric-b1-c4-r4-task-0145,fabric_settlement,True,,1533,1783314705047,0,,False
1482,b2-fabric-b1-c4-r4,b2-fabric-b1-c4-r4-task-0146,fabric_settlement,True,,1536,1783314705046,0,,False
1483,b2-fabric-b1-c4-r4,b2-fabric-b1-c4-r4-task-0146,fabric_query_final,True,,700,1783314706582,0,,False
1484,b2-fabric-b1-c4-r4,b2-fabric-b1-c4-r4-task-0145,fabric_query_final,True,,703,1783314706580,0,,False
1485,b2-fabric-b1-c4-r4,b2-fabric-b1-c4-r4-task-0147,fabric_query_final,True,,704,1783314706580,0,,False
1486,b2-fabric-b1-c4-r4,b2-fabric-b1-c4-r4-task-0144,fabric_query_final,True,,707,1783314706579,0,,False
1487,b2-fabric-b1-c4-r4,b2-fabric-b1-c4-r4-task-0146,ipfs_verify,True,,8,1783314707282,0,QmTMCQj8BgjN1EopLd1uCHtQPJNQPLrifD8h5c2wtJkq4h,False
1488,b2-fabric-b1-c4-r4,b2-fabric-b1-c4-r4-task-0145,ipfs_verify,True,,7,1783314707283,0,QmQawzw1KxV8h7JpxSeDVLwBKMdBrxUCm6dAZkW6LZqh7T,False
1489,b2-fabric-b1-c4-r4,b2-fabric-b1-c4-r4-task-0147,ipfs_verify,True,,7,1783314707284,0,QmaFJBETp4JJdAzBH3NfaGGXCVai8pRVmMEDArMatXyrJg,False
1490,b2-fabric-b1-c4-r4,b2-fabric-b1-c4-r4-task-0144,ipfs_verify,True,,6,1783314707286,0,QmQZAxaxKLLJQ3P2WWPiuXefNDpmhXdj7A3T7qaNxDGnnf,False
1491,b2-fabric-b1-c4-r4,b2-fabric-b1-c4-r4-task-0150,ipfs_add,True,,32,1783314707291,1854,,False
1492,b2-fabric-b1-c4-r4,b2-fabric-b1-c4-r4-task-0148,ipfs_add,True,,49,1783314707290,5640,,False
1493,b2-fabric-b1-c4-r4,b2-fabric-b1-c4-r4-task-0149,ipfs_add,True,,65,1783314707290,2546,,False
1494,b2-fabric-b1-c4-r4,b2-fabric-b1-c4-r4-task-0151,ipfs_add,True,,79,1783314707293,8145,,False
1495,b2-fabric-b1-c4-r4,b2-fabric-b1-c4-r4-task-0149,fabric_post_task,True,,2437,1783314707355,2546,QmauYMYLrj6Qa4iDEtbq6r8Nut8Mam7NzrHGxXBG78msQ1,False
1496,b2-fabric-b1-c4-r4,b2-fabric-b1-c4-r4-task-0150,fabric_post_task,True,,2470,1783314707323,1854,Qmai7UoY48iFcYWTQWg3KAhEtCNFhrWvnyLa9J1qYPcDzG,False
1497,b2-fabric-b1-c4-r4,b2-fabric-b1-c4-r4-task-0151,fabric_post_task,True,,2421,1783314707372,8145,QmeY5sC4Xv3La4heuKD61xoMY8zD7nwjwXk76bcuFjtHdG,False
1498,b2-fabric-b1-c4-r4,b2-fabric-b1-c4-r4-task-0148,fabric_post_task,True,,2457,1783314707339,5640,QmdfWtEvP6wCkESL2DE4rXkFf4ZAEuqAaWhur95DF4ivC9,False
1499,b2-fabric-b1-c4-r4,b2-fabric-b1-c4-r4-task-0148,fabric_post_allocation,True,,2564,1783314709796,0,,False
1500,b2-fabric-b1-c4-r4,b2-fabric-b1-c4-r4-task-0149,fabric_post_allocation,True,,2569,1783314709792,0,,False
1501,b2-fabric-b1-c4-r4,b2-fabric-b1-c4-r4-task-0150,fabric_post_allocation,True,,2569,1783314709793,0,,False
1502,b2-fabric-b1-c4-r4,b2-fabric-b1-c4-r4-task-0151,fabric_post_allocation,True,,2570,1783314709793,0,,False
1503,b2-fabric-b1-c4-r4,b2-fabric-b1-c4-r4-task-0148,fabric_post_snapshot,True,,2324,1783314712360,0,,False
1504,b2-fabric-b1-c4-r4,b2-fabric-b1-c4-r4-task-0151,fabric_post_snapshot,True,,2322,1783314712363,0,,False
1505,b2-fabric-b1-c4-r4,b2-fabric-b1-c4-r4-task-0149,fabric_post_snapshot,True,,2325,1783314712361,0,,False
1506,b2-fabric-b1-c4-r4,b2-fabric-b1-c4-r4-task-0150,fabric_post_snapshot,True,,2325,1783314712362,0,,False
1507,b2-fabric-b1-c4-r4,b2-fabric-b1-c4-r4-task-0151,fabric_query_confirmation,True,,340,1783314714685,0,,False
1508,b2-fabric-b1-c4-r4,b2-fabric-b1-c4-r4-task-0148,fabric_query_confirmation,True,,342,1783314714684,0,,False
1509,b2-fabric-b1-c4-r4,b2-fabric-b1-c4-r4-task-0149,fabric_query_confirmation,True,,340,1783314714686,0,,False
1510,b2-fabric-b1-c4-r4,b2-fabric-b1-c4-r4-task-0150,fabric_query_confirmation,True,,341,1783314714687,0,,False
1511,b2-fabric-b1-c4-r4,b2-fabric-b1-c4-r4-task-0148,fabric_vote_1,True,,2574,1783314715026,0,,False
1512,b2-fabric-b1-c4-r4,b2-fabric-b1-c4-r4-task-0151,fabric_vote_1,True,,2575,1783314715025,0,,False
1513,b2-fabric-b1-c4-r4,b2-fabric-b1-c4-r4-task-0149,fabric_vote_1,True,,2575,1783314715026,0,,False
1514,b2-fabric-b1-c4-r4,b2-fabric-b1-c4-r4-task-0150,fabric_vote_1,True,,2574,1783314715028,0,,False
1515,b2-fabric-b1-c4-r4,b2-fabric-b1-c4-r4-task-0151,fabric_vote_2,True,,2572,1783314717600,0,,False
1516,b2-fabric-b1-c4-r4,b2-fabric-b1-c4-r4-task-0148,fabric_vote_2,True,,2572,1783314717600,0,,False
1517,b2-fabric-b1-c4-r4,b2-fabric-b1-c4-r4-task-0149,fabric_vote_2,True,,2572,1783314717601,0,,False
1518,b2-fabric-b1-c4-r4,b2-fabric-b1-c4-r4-task-0150,fabric_vote_2,True,,2572,1783314717602,0,,False
1519,b2-fabric-b1-c4-r4,b2-fabric-b1-c4-r4-task-0148,fabric_settlement,True,,2286,1783314720172,0,,False
1520,b2-fabric-b1-c4-r4,b2-fabric-b1-c4-r4-task-0151,fabric_settlement,True,,2287,1783314720172,0,,False
1521,b2-fabric-b1-c4-r4,b2-fabric-b1-c4-r4-task-0149,fabric_settlement,True,,2288,1783314720173,0,,False
1522,b2-fabric-b1-c4-r4,b2-fabric-b1-c4-r4-task-0150,fabric_settlement,True,,2287,1783314720174,0,,False
1523,b2-fabric-b1-c4-r4,b2-fabric-b1-c4-r4-task-0151,fabric_query_final,True,,410,1783314722459,0,,False
1524,b2-fabric-b1-c4-r4,b2-fabric-b1-c4-r4-task-0148,fabric_query_final,True,,411,1783314722458,0,,False
1525,b2-fabric-b1-c4-r4,b2-fabric-b1-c4-r4-task-0149,fabric_query_final,True,,409,1783314722461,0,,False
1526,b2-fabric-b1-c4-r4,b2-fabric-b1-c4-r4-task-0150,fabric_query_final,True,,416,1783314722461,0,,False
1527,b2-fabric-b1-c4-r4,b2-fabric-b1-c4-r4-task-0148,ipfs_verify,True,,11,1783314722869,0,QmdfWtEvP6wCkESL2DE4rXkFf4ZAEuqAaWhur95DF4ivC9,False
1528,b2-fabric-b1-c4-r4,b2-fabric-b1-c4-r4-task-0151,ipfs_verify,True,,12,1783314722869,0,QmeY5sC4Xv3La4heuKD61xoMY8zD7nwjwXk76bcuFjtHdG,False
1529,b2-fabric-b1-c4-r4,b2-fabric-b1-c4-r4-task-0149,ipfs_verify,True,,11,1783314722870,0,QmauYMYLrj6Qa4iDEtbq6r8Nut8Mam7NzrHGxXBG78msQ1,False
1530,b2-fabric-b1-c4-r4,b2-fabric-b1-c4-r4-task-0150,ipfs_verify,True,,9,1783314722877,0,Qmai7UoY48iFcYWTQWg3KAhEtCNFhrWvnyLa9J1qYPcDzG,False
1531,b2-fabric-b1-c4-r4,b2-fabric-b1-c4-r4-task-0154,ipfs_add,True,,31,1783314722881,1793,,False
1532,b2-fabric-b1-c4-r4,b2-fabric-b1-c4-r4-task-0153,ipfs_add,True,,69,1783314722881,1788,,False
1533,b2-fabric-b1-c4-r4,b2-fabric-b1-c4-r4-task-0155,ipfs_add,True,,83,1783314722886,1762,,False
1534,b2-fabric-b1-c4-r4,b2-fabric-b1-c4-r4-task-0152,ipfs_add,True,,90,1783314722880,1875,,False
1535,b2-fabric-b1-c4-r4,b2-fabric-b1-c4-r4-task-0154,fabric_post_task,True,,2560,1783314722912,1793,QmP1smz82VDmVYAjCDQXQL3tQyjhLY9AZx4ihRR3bmQmqR,False
1536,b2-fabric-b1-c4-r4,b2-fabric-b1-c4-r4-task-0152,fabric_post_task,True,,2504,1783314722970,1875,QmPmVehraUyhMbSn9HCTL8q359r1tCfXC2uYfULpBHLvjP,False
1537,b2-fabric-b1-c4-r4,b2-fabric-b1-c4-r4-task-0153,fabric_post_task,True,,2525,1783314722950,1788,QmRZHsRgbCA4gkEdt79xRJkB1H6eYmgZjWvtkeZDXPP6aA,False
1538,b2-fabric-b1-c4-r4,b2-fabric-b1-c4-r4-task-0155,fabric_post_task,True,,2507,1783314722969,1762,QmZKGWeYUaSbmhea5zAe3URkAmm7YgQGteWNmKZR7217eJ,False
1539,b2-fabric-b1-c4-r4,b2-fabric-b1-c4-r4-task-0155,fabric_post_allocation,True,,2347,1783314725476,0,,False
1540,b2-fabric-b1-c4-r4,b2-fabric-b1-c4-r4-task-0153,fabric_post_allocation,True,,2349,1783314725475,0,,False
1541,b2-fabric-b1-c4-r4,b2-fabric-b1-c4-r4-task-0152,fabric_post_allocation,True,,2351,1783314725474,0,,False
1542,b2-fabric-b1-c4-r4,b2-fabric-b1-c4-r4-task-0154,fabric_post_allocation,True,,2354,1783314725472,0,,False
1543,b2-fabric-b1-c4-r4,b2-fabric-b1-c4-r4-task-0152,fabric_post_snapshot,True,,2443,1783314727825,0,,False
1544,b2-fabric-b1-c4-r4,b2-fabric-b1-c4-r4-task-0153,fabric_post_snapshot,True,,2446,1783314727824,0,,False
1545,b2-fabric-b1-c4-r4,b2-fabric-b1-c4-r4-task-0154,fabric_post_snapshot,True,,2444,1783314727826,0,,False
1546,b2-fabric-b1-c4-r4,b2-fabric-b1-c4-r4-task-0155,fabric_post_snapshot,True,,2448,1783314727823,0,,False
1547,b2-fabric-b1-c4-r4,b2-fabric-b1-c4-r4-task-0153,fabric_query_confirmation,True,,113,1783314730270,0,,False
1548,b2-fabric-b1-c4-r4,b2-fabric-b1-c4-r4-task-0152,fabric_query_confirmation,True,,115,1783314730268,0,,False
1549,b2-fabric-b1-c4-r4,b2-fabric-b1-c4-r4-task-0155,fabric_query_confirmation,True,,113,1783314730271,0,,False
1550,b2-fabric-b1-c4-r4,b2-fabric-b1-c4-r4-task-0154,fabric_query_confirmation,True,,115,1783314730270,0,,False
1551,b2-fabric-b1-c4-r4,b2-fabric-b1-c4-r4-task-0152,fabric_vote_1,True,,2446,1783314730383,0,,False
1552,b2-fabric-b1-c4-r4,b2-fabric-b1-c4-r4-task-0153,fabric_vote_1,True,,2447,1783314730383,0,,False
1553,b2-fabric-b1-c4-r4,b2-fabric-b1-c4-r4-task-0154,fabric_vote_1,True,,2445,1783314730385,0,,False
1554,b2-fabric-b1-c4-r4,b2-fabric-b1-c4-r4-task-0155,fabric_vote_1,True,,2448,1783314730384,0,,False
1555,b2-fabric-b1-c4-r4,b2-fabric-b1-c4-r4-task-0153,fabric_vote_2,True,,2450,1783314732830,0,,False
1556,b2-fabric-b1-c4-r4,b2-fabric-b1-c4-r4-task-0154,fabric_vote_2,True,,2450,1783314732830,0,,False
1557,b2-fabric-b1-c4-r4,b2-fabric-b1-c4-r4-task-0152,fabric_vote_2,True,,2452,1783314732829,0,,False
1558,b2-fabric-b1-c4-r4,b2-fabric-b1-c4-r4-task-0155,fabric_vote_2,True,,2452,1783314732832,0,,False
1559,b2-fabric-b1-c4-r4,b2-fabric-b1-c4-r4-task-0154,fabric_settlement,True,,1524,1783314735281,0,,False
1560,b2-fabric-b1-c4-r4,b2-fabric-b1-c4-r4-task-0152,fabric_settlement,True,,1525,1783314735281,0,,False
1561,b2-fabric-b1-c4-r4,b2-fabric-b1-c4-r4-task-0155,fabric_settlement,True,,1522,1783314735284,0,,False
1562,b2-fabric-b1-c4-r4,b2-fabric-b1-c4-r4-task-0153,fabric_settlement,True,,1527,1783314735280,0,,False
1563,b2-fabric-b1-c4-r4,b2-fabric-b1-c4-r4-task-0153,fabric_query_final,True,,518,1783314736807,0,,False
1564,b2-fabric-b1-c4-r4,b2-fabric-b1-c4-r4-task-0155,fabric_query_final,True,,520,1783314736806,0,,False
1565,b2-fabric-b1-c4-r4,b2-fabric-b1-c4-r4-task-0154,fabric_query_final,True,,521,1783314736805,0,,False
1566,b2-fabric-b1-c4-r4,b2-fabric-b1-c4-r4-task-0155,ipfs_verify,True,,6,1783314737326,0,QmZKGWeYUaSbmhea5zAe3URkAmm7YgQGteWNmKZR7217eJ,False
1567,b2-fabric-b1-c4-r4,b2-fabric-b1-c4-r4-task-0154,ipfs_verify,True,,6,1783314737326,0,QmP1smz82VDmVYAjCDQXQL3tQyjhLY9AZx4ihRR3bmQmqR,False
1568,b2-fabric-b1-c4-r4,b2-fabric-b1-c4-r4-task-0153,ipfs_verify,True,,8,1783314737325,0,QmRZHsRgbCA4gkEdt79xRJkB1H6eYmgZjWvtkeZDXPP6aA,False
1569,b2-fabric-b1-c4-r4,b2-fabric-b1-c4-r4-task-0156,ipfs_add,True,,41,1783314737332,5744,,False
1570,b2-fabric-b1-c4-r4,b2-fabric-b1-c4-r4-task-0152,fabric_query_final,True,,568,1783314736806,0,,False
1571,b2-fabric-b1-c4-r4,b2-fabric-b1-c4-r4-task-0152,ipfs_verify,True,,6,1783314737374,0,QmPmVehraUyhMbSn9HCTL8q359r1tCfXC2uYfULpBHLvjP,False
1572,b2-fabric-b1-c4-r4,b2-fabric-b1-c4-r4-task-0158,ipfs_add,True,,56,1783314737333,2353,,False
1573,b2-fabric-b1-c4-r4,b2-fabric-b1-c4-r4-task-0157,ipfs_add,True,,74,1783314737333,5957,,False
1574,b2-fabric-b1-c4-r4,b2-fabric-b1-c4-r4-task-0159,ipfs_add,True,,48,1783314737380,1618,,False
1575,b2-fabric-b1-c4-r4,b2-fabric-b1-c4-r4-task-0159,fabric_post_task,True,,2201,1783314737428,1618,QmdxYpLKMtBw1hrsF8LgCLrKH1BbADtRRsjGCzLCCrthCc,False
1576,b2-fabric-b1-c4-r4,b2-fabric-b1-c4-r4-task-0158,fabric_post_task,True,,2241,1783314737389,2353,QmW45d5KDagXQxapoDsAgos4eR8RW7sWehPq9Qivyv3imb,False
1577,b2-fabric-b1-c4-r4,b2-fabric-b1-c4-r4-task-0156,fabric_post_task,True,,2258,1783314737373,5744,QmSqr1qUgBC93JV58qSDUGhGxFsKaVMkP8Lc2oQULWUSmz,False
1578,b2-fabric-b1-c4-r4,b2-fabric-b1-c4-r4-task-0157,fabric_post_task,True,,2226,1783314737407,5957,QmWamsqRbU1q3fiJX5vX2XCvBRJV8eoK1PEp3ctrbdxoam,False
1579,b2-fabric-b1-c4-r4,b2-fabric-b1-c4-r4-task-0159,fabric_post_allocation,True,,2535,1783314739629,0,,False
1580,b2-fabric-b1-c4-r4,b2-fabric-b1-c4-r4-task-0158,fabric_post_allocation,True,,2534,1783314739630,0,,False
1581,b2-fabric-b1-c4-r4,b2-fabric-b1-c4-r4-task-0157,fabric_post_allocation,True,,2532,1783314739633,0,,False
1582,b2-fabric-b1-c4-r4,b2-fabric-b1-c4-r4-task-0156,fabric_post_allocation,True,,2535,1783314739631,0,,False
1583,b2-fabric-b1-c4-r4,b2-fabric-b1-c4-r4-task-0159,fabric_post_snapshot,True,,2251,1783314742164,0,,False
1584,b2-fabric-b1-c4-r4,b2-fabric-b1-c4-r4-task-0158,fabric_post_snapshot,True,,2252,1783314742164,0,,False
1585,b2-fabric-b1-c4-r4,b2-fabric-b1-c4-r4-task-0157,fabric_post_snapshot,True,,2251,1783314742165,0,,False
1586,b2-fabric-b1-c4-r4,b2-fabric-b1-c4-r4-task-0156,fabric_post_snapshot,True,,2250,1783314742166,0,,False
1587,b2-fabric-b1-c4-r4,b2-fabric-b1-c4-r4-task-0158,fabric_query_confirmation,True,,108,1783314744416,0,,False
1588,b2-fabric-b1-c4-r4,b2-fabric-b1-c4-r4-task-0156,fabric_query_confirmation,True,,108,1783314744416,0,,False
1589,b2-fabric-b1-c4-r4,b2-fabric-b1-c4-r4-task-0159,fabric_query_confirmation,True,,110,1783314744415,0,,False
1590,b2-fabric-b1-c4-r4,b2-fabric-b1-c4-r4-task-0157,fabric_query_confirmation,True,,110,1783314744416,0,,False
1591,b2-fabric-b1-c4-r4,b2-fabric-b1-c4-r4-task-0158,fabric_vote_1,True,,2257,1783314744524,0,,False
1592,b2-fabric-b1-c4-r4,b2-fabric-b1-c4-r4-task-0157,fabric_vote_1,True,,2255,1783314744526,0,,False
1593,b2-fabric-b1-c4-r4,b2-fabric-b1-c4-r4-task-0159,fabric_vote_1,True,,2258,1783314744525,0,,False
1594,b2-fabric-b1-c4-r4,b2-fabric-b1-c4-r4-task-0156,fabric_vote_1,True,,2261,1783314744524,0,,False
1595,b2-fabric-b1-c4-r4,b2-fabric-b1-c4-r4-task-0159,fabric_vote_2,True,,2764,1783314746783,0,,False
1596,b2-fabric-b1-c4-r4,b2-fabric-b1-c4-r4-task-0157,fabric_vote_2,True,,2767,1783314746781,0,,False
1597,b2-fabric-b1-c4-r4,b2-fabric-b1-c4-r4-task-0156,fabric_vote_2,True,,2763,1783314746785,0,,False
1598,b2-fabric-b1-c4-r4,b2-fabric-b1-c4-r4-task-0158,fabric_vote_2,True,,2769,1783314746781,0,,False
1599,b2-fabric-b1-c4-r4,b2-fabric-b1-c4-r4-task-0159,fabric_settlement,True,,2466,1783314749547,0,,False
1600,b2-fabric-b1-c4-r4,b2-fabric-b1-c4-r4-task-0156,fabric_settlement,True,,2466,1783314749548,0,,False
1601,b2-fabric-b1-c4-r4,b2-fabric-b1-c4-r4-task-0158,fabric_settlement,True,,2464,1783314749550,0,,False
1602,b2-fabric-b1-c4-r4,b2-fabric-b1-c4-r4-task-0157,fabric_settlement,True,,2467,1783314749548,0,,False
1603,b2-fabric-b1-c4-r4,b2-fabric-b1-c4-r4-task-0158,fabric_query_final,True,,518,1783314752014,0,,False
1604,b2-fabric-b1-c4-r4,b2-fabric-b1-c4-r4-task-0156,fabric_query_final,True,,519,1783314752014,0,,False
1605,b2-fabric-b1-c4-r4,b2-fabric-b1-c4-r4-task-0157,fabric_query_final,True,,518,1783314752015,0,,False
1606,b2-fabric-b1-c4-r4,b2-fabric-b1-c4-r4-task-0159,fabric_query_final,True,,523,1783314752013,0,,False
1607,b2-fabric-b1-c4-r4,b2-fabric-b1-c4-r4-task-0157,ipfs_verify,True,,7,1783314752533,0,QmWamsqRbU1q3fiJX5vX2XCvBRJV8eoK1PEp3ctrbdxoam,False
1608,b2-fabric-b1-c4-r4,b2-fabric-b1-c4-r4-task-0158,ipfs_verify,True,,9,1783314752532,0,QmW45d5KDagXQxapoDsAgos4eR8RW7sWehPq9Qivyv3imb,False
1609,b2-fabric-b1-c4-r4,b2-fabric-b1-c4-r4-task-0156,ipfs_verify,True,,8,1783314752533,0,QmSqr1qUgBC93JV58qSDUGhGxFsKaVMkP8Lc2oQULWUSmz,False
1610,b2-fabric-b1-c4-r4,b2-fabric-b1-c4-r4-task-0159,ipfs_verify,True,,7,1783314752536,0,QmdxYpLKMtBw1hrsF8LgCLrKH1BbADtRRsjGCzLCCrthCc,False
1611,b2-fabric-b1-c4-r4,b2-fabric-b1-c4-r4-task-0160,ipfs_add,True,,26,1783314752540,3112,,False
1612,b2-fabric-b1-c4-r4,b2-fabric-b1-c4-r4-task-0162,ipfs_add,True,,42,1783314752541,2034,,False
1613,b2-fabric-b1-c4-r4,b2-fabric-b1-c4-r4-task-0161,ipfs_add,True,,60,1783314752541,2567,,False
1614,b2-fabric-b1-c4-r4,b2-fabric-b1-c4-r4-task-0163,ipfs_add,True,,75,1783314752543,5564,,False
1615,b2-fabric-b1-c4-r4,b2-fabric-b1-c4-r4-task-0163,fabric_post_task,True,,2426,1783314752618,5564,QmWVNuFxXBBoYjDDqPM5JjHqatxTLGdC8aLk7ick1Kz4Yb,False
1616,b2-fabric-b1-c4-r4,b2-fabric-b1-c4-r4-task-0161,fabric_post_task,True,,2445,1783314752601,2567,QmVHT5ucjcpkHShAnZazRTavev3cXT2osoYZL29UVeigZs,False
1617,b2-fabric-b1-c4-r4,b2-fabric-b1-c4-r4-task-0160,fabric_post_task,True,,2482,1783314752566,3112,QmZcHogHrAZaeaBhWnqwZoH5LhmdVbJ6pEy6KSUXD7Sqeh,False
1618,b2-fabric-b1-c4-r4,b2-fabric-b1-c4-r4-task-0162,fabric_post_task,True,,2467,1783314752583,2034,QmWEY5PvyU4H8vYcY2riKxKMc1nBFYKtSn243fBKXvUxUT,False
1619,b2-fabric-b1-c4-r4,b2-fabric-b1-c4-r4-task-0162,fabric_post_allocation,True,,2319,1783314755050,0,,False
1620,b2-fabric-b1-c4-r4,b2-fabric-b1-c4-r4-task-0163,fabric_post_allocation,True,,2325,1783314755044,0,,False
1621,b2-fabric-b1-c4-r4,b2-fabric-b1-c4-r4-task-0160,fabric_post_allocation,True,,2321,1783314755049,0,,False
1622,b2-fabric-b1-c4-r4,b2-fabric-b1-c4-r4-task-0161,fabric_post_allocation,True,,2324,1783314755047,0,,False
1623,b2-fabric-b1-c4-r4,b2-fabric-b1-c4-r4-task-0161,fabric_post_snapshot,True,,2243,1783314757371,0,,False
1624,b2-fabric-b1-c4-r4,b2-fabric-b1-c4-r4-task-0163,fabric_post_snapshot,True,,2246,1783314757369,0,,False
1625,b2-fabric-b1-c4-r4,b2-fabric-b1-c4-r4-task-0160,fabric_post_snapshot,True,,2246,1783314757370,0,,False
1626,b2-fabric-b1-c4-r4,b2-fabric-b1-c4-r4-task-0162,fabric_post_snapshot,True,,2249,1783314757369,0,,False
1627,b2-fabric-b1-c4-r4,b2-fabric-b1-c4-r4-task-0160,fabric_query_confirmation,True,,113,1783314759616,0,,False
1628,b2-fabric-b1-c4-r4,b2-fabric-b1-c4-r4-task-0163,fabric_query_confirmation,True,,115,1783314759615,0,,False
1629,b2-fabric-b1-c4-r4,b2-fabric-b1-c4-r4-task-0161,fabric_query_confirmation,True,,116,1783314759614,0,,False
1630,b2-fabric-b1-c4-r4,b2-fabric-b1-c4-r4-task-0162,fabric_query_confirmation,True,,159,1783314759618,0,,False
1631,b2-fabric-b1-c4-r4,b2-fabric-b1-c4-r4-task-0163,fabric_vote_1,True,,2267,1783314759730,0,,False
1632,b2-fabric-b1-c4-r4,b2-fabric-b1-c4-r4-task-0161,fabric_vote_1,True,,2267,1783314759730,0,,False
1633,b2-fabric-b1-c4-r4,b2-fabric-b1-c4-r4-task-0162,fabric_vote_1,True,,2221,1783314759777,0,,False
1634,b2-fabric-b1-c4-r4,b2-fabric-b1-c4-r4-task-0160,fabric_vote_1,True,,2271,1783314759729,0,,False
1635,b2-fabric-b1-c4-r4,b2-fabric-b1-c4-r4-task-0163,fabric_vote_2,True,,2444,1783314761997,0,,False
1636,b2-fabric-b1-c4-r4,b2-fabric-b1-c4-r4-task-0161,fabric_vote_2,True,,2445,1783314761997,0,,False
1637,b2-fabric-b1-c4-r4,b2-fabric-b1-c4-r4-task-0160,fabric_vote_2,True,,2442,1783314762000,0,,False
1638,b2-fabric-b1-c4-r4,b2-fabric-b1-c4-r4-task-0162,fabric_vote_2,True,,2444,1783314761999,0,,False
1639,b2-fabric-b1-c4-r4,b2-fabric-b1-c4-r4-task-0160,fabric_settlement,True,,1380,1783314764443,0,,False
1640,b2-fabric-b1-c4-r4,b2-fabric-b1-c4-r4-task-0161,fabric_settlement,True,,1382,1783314764442,0,,False
1641,b2-fabric-b1-c4-r4,b2-fabric-b1-c4-r4-task-0162,fabric_settlement,True,,1382,1783314764443,0,,False
1642,b2-fabric-b1-c4-r4,b2-fabric-b1-c4-r4-task-0163,fabric_settlement,True,,1384,1783314764441,0,,False
1643,b2-fabric-b1-c4-r4,b2-fabric-b1-c4-r4-task-0162,fabric_query_final,True,,529,1783314765825,0,,False
1644,b2-fabric-b1-c4-r4,b2-fabric-b1-c4-r4-task-0163,fabric_query_final,True,,530,1783314765825,0,,False
1645,b2-fabric-b1-c4-r4,b2-fabric-b1-c4-r4-task-0161,fabric_query_final,True,,531,1783314765824,0,,False
1646,b2-fabric-b1-c4-r4,b2-fabric-b1-c4-r4-task-0160,fabric_query_final,True,,536,1783314765823,0,,False
1647,b2-fabric-b1-c4-r4,b2-fabric-b1-c4-r4-task-0163,ipfs_verify,True,,6,1783314766355,0,QmWVNuFxXBBoYjDDqPM5JjHqatxTLGdC8aLk7ick1Kz4Yb,False
1648,b2-fabric-b1-c4-r4,b2-fabric-b1-c4-r4-task-0162,ipfs_verify,True,,7,1783314766354,0,QmWEY5PvyU4H8vYcY2riKxKMc1nBFYKtSn243fBKXvUxUT,False
1649,b2-fabric-b1-c4-r4,b2-fabric-b1-c4-r4-task-0161,ipfs_verify,True,,7,1783314766355,0,QmVHT5ucjcpkHShAnZazRTavev3cXT2osoYZL29UVeigZs,False
1650,b2-fabric-b1-c4-r4,b2-fabric-b1-c4-r4-task-0160,ipfs_verify,True,,6,1783314766359,0,QmZcHogHrAZaeaBhWnqwZoH5LhmdVbJ6pEy6KSUXD7Sqeh,False
1651,b2-fabric-b1-c4-r4,b2-fabric-b1-c4-r4-task-0166,ipfs_add,True,,25,1783314766362,3237,,False
1652,b2-fabric-b1-c4-r4,b2-fabric-b1-c4-r4-task-0165,ipfs_add,True,,42,1783314766361,5181,,False
1653,b2-fabric-b1-c4-r4,b2-fabric-b1-c4-r4-task-0164,ipfs_add,True,,59,1783314766361,1901,,False
1654,b2-fabric-b1-c4-r4,b2-fabric-b1-c4-r4-task-0167,ipfs_add,True,,72,1783314766365,2244,,False
1655,b2-fabric-b1-c4-r4,b2-fabric-b1-c4-r4-task-0166,fabric_post_task,True,,2450,1783314766387,3237,QmTApS5qYgw5B1RZ5zisGBzCjQxmJKLLc5piMQryNc95Lw,False
1656,b2-fabric-b1-c4-r4,b2-fabric-b1-c4-r4-task-0165,fabric_post_task,True,,2436,1783314766403,5181,QmfCP6JMHwAJzdeV44wRErrYPKwmwJ5zKaxLaC7PSEh7Xv,False
1657,b2-fabric-b1-c4-r4,b2-fabric-b1-c4-r4-task-0167,fabric_post_task,True,,2403,1783314766437,2244,Qmb6sxdzbJZRHwThCpZp383LPMsQpPY5tVXmGq6tj6WAkE,False
1658,b2-fabric-b1-c4-r4,b2-fabric-b1-c4-r4-task-0164,fabric_post_task,True,,2420,1783314766420,1901,QmenUvYwtVYLLgnnt9kzR3UcGRzkbap5J3M93Rp33ndQBW,False
1659,b2-fabric-b1-c4-r4,b2-fabric-b1-c4-r4-task-0165,fabric_post_allocation,True,,2309,1783314768839,0,,False
1660,b2-fabric-b1-c4-r4,b2-fabric-b1-c4-r4-task-0164,fabric_post_allocation,True,,2309,1783314768840,0,,False
1661,b2-fabric-b1-c4-r4,b2-fabric-b1-c4-r4-task-0167,fabric_post_allocation,True,,2310,1783314768840,0,,False
1662,b2-fabric-b1-c4-r4,b2-fabric-b1-c4-r4-task-0166,fabric_post_allocation,True,,2313,1783314768837,0,,False
1663,b2-fabric-b1-c4-r4,b2-fabric-b1-c4-r4-task-0165,fabric_post_snapshot,True,,2247,1783314771148,0,,False
1664,b2-fabric-b1-c4-r4,b2-fabric-b1-c4-r4-task-0164,fabric_post_snapshot,True,,2246,1783314771149,0,,False
1665,b2-fabric-b1-c4-r4,b2-fabric-b1-c4-r4-task-0167,fabric_post_snapshot,True,,2246,1783314771150,0,,False
1666,b2-fabric-b1-c4-r4,b2-fabric-b1-c4-r4-task-0166,fabric_post_snapshot,True,,2247,1783314771150,0,,False
1667,b2-fabric-b1-c4-r4,b2-fabric-b1-c4-r4-task-0167,fabric_query_confirmation,True,,310,1783314773396,0,,False
1668,b2-fabric-b1-c4-r4,b2-fabric-b1-c4-r4-task-0164,fabric_query_confirmation,True,,311,1783314773395,0,,False
1669,b2-fabric-b1-c4-r4,b2-fabric-b1-c4-r4-task-0165,fabric_query_confirmation,True,,312,1783314773395,0,,False
1670,b2-fabric-b1-c4-r4,b2-fabric-b1-c4-r4-task-0166,fabric_query_confirmation,True,,311,1783314773397,0,,False
1671,b2-fabric-b1-c4-r4,b2-fabric-b1-c4-r4-task-0165,fabric_vote_1,True,,2320,1783314773707,0,,False
1672,b2-fabric-b1-c4-r4,b2-fabric-b1-c4-r4-task-0164,fabric_vote_1,True,,2322,1783314773706,0,,False
1673,b2-fabric-b1-c4-r4,b2-fabric-b1-c4-r4-task-0166,fabric_vote_1,True,,2320,1783314773708,0,,False
1674,b2-fabric-b1-c4-r4,b2-fabric-b1-c4-r4-task-0167,fabric_vote_1,True,,2323,1783314773706,0,,False
1675,b2-fabric-b1-c4-r4,b2-fabric-b1-c4-r4-task-0166,fabric_vote_2,True,,2268,1783314776028,0,,False
1676,b2-fabric-b1-c4-r4,b2-fabric-b1-c4-r4-task-0165,fabric_vote_2,True,,2271,1783314776027,0,,False
1677,b2-fabric-b1-c4-r4,b2-fabric-b1-c4-r4-task-0164,fabric_vote_2,True,,2270,1783314776028,0,,False
1678,b2-fabric-b1-c4-r4,b2-fabric-b1-c4-r4-task-0167,fabric_vote_2,True,,2270,1783314776029,0,,False
1679,b2-fabric-b1-c4-r4,b2-fabric-b1-c4-r4-task-0166,fabric_settlement,True,,2789,1783314778296,0,,False
1680,b2-fabric-b1-c4-r4,b2-fabric-b1-c4-r4-task-0165,fabric_settlement,True,,2788,1783314778298,0,,False
1681,b2-fabric-b1-c4-r4,b2-fabric-b1-c4-r4-task-0167,fabric_settlement,True,,2788,1783314778299,0,,False
1682,b2-fabric-b1-c4-r4,b2-fabric-b1-c4-r4-task-0164,fabric_settlement,True,,2789,1783314778298,0,,False
1683,b2-fabric-b1-c4-r4,b2-fabric-b1-c4-r4-task-0166,fabric_query_final,True,,322,1783314781085,0,,False
1684,b2-fabric-b1-c4-r4,b2-fabric-b1-c4-r4-task-0165,fabric_query_final,True,,321,1783314781086,0,,False
1685,b2-fabric-b1-c4-r4,b2-fabric-b1-c4-r4-task-0164,fabric_query_final,True,,321,1783314781087,0,,False
1686,b2-fabric-b1-c4-r4,b2-fabric-b1-c4-r4-task-0167,fabric_query_final,True,,326,1783314781087,0,,False
1687,b2-fabric-b1-c4-r4,b2-fabric-b1-c4-r4-task-0166,ipfs_verify,True,,7,1783314781407,0,QmTApS5qYgw5B1RZ5zisGBzCjQxmJKLLc5piMQryNc95Lw,False
1688,b2-fabric-b1-c4-r4,b2-fabric-b1-c4-r4-task-0165,ipfs_verify,True,,8,1783314781407,0,QmfCP6JMHwAJzdeV44wRErrYPKwmwJ5zKaxLaC7PSEh7Xv,False
1689,b2-fabric-b1-c4-r4,b2-fabric-b1-c4-r4-task-0164,ipfs_verify,True,,8,1783314781408,0,QmenUvYwtVYLLgnnt9kzR3UcGRzkbap5J3M93Rp33ndQBW,False
1690,b2-fabric-b1-c4-r4,b2-fabric-b1-c4-r4-task-0167,ipfs_verify,True,,7,1783314781413,0,Qmb6sxdzbJZRHwThCpZp383LPMsQpPY5tVXmGq6tj6WAkE,False
1691,b2-fabric-b1-c4-r4,b2-fabric-b1-c4-r4-task-0170,ipfs_add,True,,25,1783314781416,4645,,False
1692,b2-fabric-b1-c4-r4,b2-fabric-b1-c4-r4-task-0169,ipfs_add,True,,41,1783314781415,7969,,False
1693,b2-fabric-b1-c4-r4,b2-fabric-b1-c4-r4-task-0168,ipfs_add,True,,58,1783314781414,3309,,False
1694,b2-fabric-b1-c4-r4,b2-fabric-b1-c4-r4-task-0171,ipfs_add,True,,69,1783314781420,4195,,False
1695,b2-fabric-b1-c4-r4,b2-fabric-b1-c4-r4-task-0168,fabric_post_task,True,,2424,1783314781472,3309,QmW3R2ZUk1JeXnvoaVApYX6D73xdA2HnR93n8FvAGo1XWp,False
1696,b2-fabric-b1-c4-r4,b2-fabric-b1-c4-r4-task-0170,fabric_post_task,True,,2456,1783314781441,4645,QmSos72kuKbiboaW2t61phLxW7ptKFQdMCisw6tNBtbcDE,False
1697,b2-fabric-b1-c4-r4,b2-fabric-b1-c4-r4-task-0171,fabric_post_task,True,,2409,1783314781489,4195,QmZjdLVQXtktv5yJUsy2JQrY7etRcY2dQbqD5P8k7FzLSd,False
1698,b2-fabric-b1-c4-r4,b2-fabric-b1-c4-r4-task-0169,fabric_post_task,True,,2443,1783314781456,7969,QmZLqC3g86PSYcSxK1cxvHGJ8Aik2UoKw8caWw7XhNXkPF,False
1699,b2-fabric-b1-c4-r4,b2-fabric-b1-c4-r4-task-0169,fabric_post_allocation,True,,2324,1783314783899,0,,False
1700,b2-fabric-b1-c4-r4,b2-fabric-b1-c4-r4-task-0168,fabric_post_allocation,True,,2328,1783314783896,0,,False
1701,b2-fabric-b1-c4-r4,b2-fabric-b1-c4-r4-task-0171,fabric_post_allocation,True,,2326,1783314783898,0,,False
1702,b2-fabric-b1-c4-r4,b2-fabric-b1-c4-r4-task-0170,fabric_post_allocation,True,,2328,1783314783897,0,,False
1703,b2-fabric-b1-c4-r4,b2-fabric-b1-c4-r4-task-0168,fabric_post_snapshot,True,,2255,1783314786224,0,,False
1704,b2-fabric-b1-c4-r4,b2-fabric-b1-c4-r4-task-0171,fabric_post_snapshot,True,,2256,1783314786224,0,,False
1705,b2-fabric-b1-c4-r4,b2-fabric-b1-c4-r4-task-0170,fabric_post_snapshot,True,,2255,1783314786225,0,,False
1706,b2-fabric-b1-c4-r4,b2-fabric-b1-c4-r4-task-0169,fabric_post_snapshot,True,,2260,1783314786223,0,,False
1707,b2-fabric-b1-c4-r4,b2-fabric-b1-c4-r4-task-0171,fabric_query_confirmation,True,,306,1783314788480,0,,False
1708,b2-fabric-b1-c4-r4,b2-fabric-b1-c4-r4-task-0168,fabric_query_confirmation,True,,309,1783314788479,0,,False
1709,b2-fabric-b1-c4-r4,b2-fabric-b1-c4-r4-task-0170,fabric_query_confirmation,True,,308,1783314788480,0,,False
1710,b2-fabric-b1-c4-r4,b2-fabric-b1-c4-r4-task-0169,fabric_query_confirmation,True,,305,1783314788483,0,,False
1711,b2-fabric-b1-c4-r4,b2-fabric-b1-c4-r4-task-0171,fabric_vote_1,True,,2254,1783314788786,0,,False
1712,b2-fabric-b1-c4-r4,b2-fabric-b1-c4-r4-task-0169,fabric_vote_1,True,,2253,1783314788788,0,,False
1713,b2-fabric-b1-c4-r4,b2-fabric-b1-c4-r4-task-0170,fabric_vote_1,True,,2254,1783314788788,0,,False
1714,b2-fabric-b1-c4-r4,b2-fabric-b1-c4-r4-task-0168,fabric_vote_1,True,,2256,1783314788788,0,,False
1715,b2-fabric-b1-c4-r4,b2-fabric-b1-c4-r4-task-0170,fabric_vote_2,True,,2488,1783314791042,0,,False
1716,b2-fabric-b1-c4-r4,b2-fabric-b1-c4-r4-task-0168,fabric_vote_2,True,,2487,1783314791044,0,,False
1717,b2-fabric-b1-c4-r4,b2-fabric-b1-c4-r4-task-0169,fabric_vote_2,True,,2491,1783314791041,0,,False
1718,b2-fabric-b1-c4-r4,b2-fabric-b1-c4-r4-task-0171,fabric_vote_2,True,,2493,1783314791040,0,,False
1719,b2-fabric-b1-c4-r4,b2-fabric-b1-c4-r4-task-0169,fabric_settlement,True,,1273,1783314793532,0,,False
1720,b2-fabric-b1-c4-r4,b2-fabric-b1-c4-r4-task-0171,fabric_settlement,True,,1272,1783314793533,0,,False
1721,b2-fabric-b1-c4-r4,b2-fabric-b1-c4-r4-task-0170,fabric_settlement,True,,1276,1783314793530,0,,False
1722,b2-fabric-b1-c4-r4,b2-fabric-b1-c4-r4-task-0168,fabric_settlement,True,,1275,1783314793531,0,,False
1723,b2-fabric-b1-c4-r4,b2-fabric-b1-c4-r4-task-0168,fabric_query_final,True,,327,1783314794806,0,,False
1724,b2-fabric-b1-c4-r4,b2-fabric-b1-c4-r4-task-0169,fabric_query_final,True,,328,1783314794805,0,,False
1725,b2-fabric-b1-c4-r4,b2-fabric-b1-c4-r4-task-0171,fabric_query_final,True,,330,1783314794805,0,,False
1726,b2-fabric-b1-c4-r4,b2-fabric-b1-c4-r4-task-0170,fabric_query_final,True,,334,1783314794806,0,,False
1727,b2-fabric-b1-c4-r4,b2-fabric-b1-c4-r4-task-0168,ipfs_verify,True,,7,1783314795133,0,QmW3R2ZUk1JeXnvoaVApYX6D73xdA2HnR93n8FvAGo1XWp,False
1728,b2-fabric-b1-c4-r4,b2-fabric-b1-c4-r4-task-0171,ipfs_verify,True,,6,1783314795135,0,QmZjdLVQXtktv5yJUsy2JQrY7etRcY2dQbqD5P8k7FzLSd,False
1729,b2-fabric-b1-c4-r4,b2-fabric-b1-c4-r4-task-0169,ipfs_verify,True,,8,1783314795133,0,QmZLqC3g86PSYcSxK1cxvHGJ8Aik2UoKw8caWw7XhNXkPF,False
1730,b2-fabric-b1-c4-r4,b2-fabric-b1-c4-r4-task-0170,ipfs_verify,True,,6,1783314795140,0,QmSos72kuKbiboaW2t61phLxW7ptKFQdMCisw6tNBtbcDE,False
1731,b2-fabric-b1-c4-r4,b2-fabric-b1-c4-r4-task-0173,ipfs_add,True,,53,1783314795141,4300,,False
1732,b2-fabric-b1-c4-r4,b2-fabric-b1-c4-r4-task-0172,ipfs_add,True,,71,1783314795140,1446,,False
1733,b2-fabric-b1-c4-r4,b2-fabric-b1-c4-r4-task-0174,ipfs_add,True,,87,1783314795141,5608,,False
1734,b2-fabric-b1-c4-r4,b2-fabric-b1-c4-r4-task-0175,ipfs_add,True,,99,1783314795146,3257,,False
1735,b2-fabric-b1-c4-r4,b2-fabric-b1-c4-r4-task-0174,fabric_post_task,True,,2456,1783314795228,5608,QmPxEGbddJ32igioNjm2AWhhmWQnoqqpTMJsfYKy6YhAFx,False
1736,b2-fabric-b1-c4-r4,b2-fabric-b1-c4-r4-task-0173,fabric_post_task,True,,2491,1783314795194,4300,QmbfTxCmxcHLajsThp62tm2pwqsRpuG1kR3xMMAoDmU5AM,False
1737,b2-fabric-b1-c4-r4,b2-fabric-b1-c4-r4-task-0175,fabric_post_task,True,,2440,1783314795245,3257,Qme56HU6MmPTV4JMa2UFRRBLDMk4TTUSKEeBW74bEDj7dJ,False
1738,b2-fabric-b1-c4-r4,b2-fabric-b1-c4-r4-task-0172,fabric_post_task,True,,2477,1783314795211,1446,QmWCXhJMHo5d7nRYTgmt9DNVZcy4VxB9ac3rTxcCb2NF2D,False
1739,b2-fabric-b1-c4-r4,b2-fabric-b1-c4-r4-task-0175,fabric_post_allocation,True,,2566,1783314797685,0,,False
1740,b2-fabric-b1-c4-r4,b2-fabric-b1-c4-r4-task-0173,fabric_post_allocation,True,,2567,1783314797685,0,,False
1741,b2-fabric-b1-c4-r4,b2-fabric-b1-c4-r4-task-0174,fabric_post_allocation,True,,2568,1783314797684,0,,False
1742,b2-fabric-b1-c4-r4,b2-fabric-b1-c4-r4-task-0172,fabric_post_allocation,True,,2566,1783314797689,0,,False
1743,b2-fabric-b1-c4-r4,b2-fabric-b1-c4-r4-task-0174,fabric_post_snapshot,True,,2426,1783314800252,0,,False
1744,b2-fabric-b1-c4-r4,b2-fabric-b1-c4-r4-task-0172,fabric_post_snapshot,True,,2424,1783314800255,0,,False
1745,b2-fabric-b1-c4-r4,b2-fabric-b1-c4-r4-task-0175,fabric_post_snapshot,True,,2428,1783314800251,0,,False
1746,b2-fabric-b1-c4-r4,b2-fabric-b1-c4-r4-task-0173,fabric_post_snapshot,True,,2429,1783314800252,0,,False
1747,b2-fabric-b1-c4-r4,b2-fabric-b1-c4-r4-task-0172,fabric_query_confirmation,True,,114,1783314802679,0,,False
1748,b2-fabric-b1-c4-r4,b2-fabric-b1-c4-r4-task-0174,fabric_query_confirmation,True,,116,1783314802678,0,,False
1749,b2-fabric-b1-c4-r4,b2-fabric-b1-c4-r4-task-0173,fabric_query_confirmation,True,,114,1783314802681,0,,False
1750,b2-fabric-b1-c4-r4,b2-fabric-b1-c4-r4-task-0175,fabric_query_confirmation,True,,117,1783314802679,0,,False
1751,b2-fabric-b1-c4-r4,b2-fabric-b1-c4-r4-task-0173,fabric_vote_1,True,,2495,1783314802795,0,,False
1752,b2-fabric-b1-c4-r4,b2-fabric-b1-c4-r4-task-0172,fabric_vote_1,True,,2497,1783314802793,0,,False
1753,b2-fabric-b1-c4-r4,b2-fabric-b1-c4-r4-task-0174,fabric_vote_1,True,,2497,1783314802794,0,,False
1754,b2-fabric-b1-c4-r4,b2-fabric-b1-c4-r4-task-0175,fabric_vote_1,True,,2495,1783314802796,0,,False
1755,b2-fabric-b1-c4-r4,b2-fabric-b1-c4-r4-task-0174,fabric_vote_2,True,,2306,1783314805291,0,,False
1756,b2-fabric-b1-c4-r4,b2-fabric-b1-c4-r4-task-0172,fabric_vote_2,True,,2307,1783314805290,0,,False
1757,b2-fabric-b1-c4-r4,b2-fabric-b1-c4-r4-task-0173,fabric_vote_2,True,,2308,1783314805290,0,,False
1758,b2-fabric-b1-c4-r4,b2-fabric-b1-c4-r4-task-0175,fabric_vote_2,True,,2308,1783314805291,0,,False
1759,b2-fabric-b1-c4-r4,b2-fabric-b1-c4-r4-task-0174,fabric_settlement,True,,2657,1783314807597,0,,False
1760,b2-fabric-b1-c4-r4,b2-fabric-b1-c4-r4-task-0172,fabric_settlement,True,,2658,1783314807597,0,,False
1761,b2-fabric-b1-c4-r4,b2-fabric-b1-c4-r4-task-0175,fabric_settlement,True,,2657,1783314807599,0,,False
1762,b2-fabric-b1-c4-r4,b2-fabric-b1-c4-r4-task-0173,fabric_settlement,True,,2660,1783314807598,0,,False
1763,b2-fabric-b1-c4-r4,b2-fabric-b1-c4-r4-task-0173,fabric_query_final,True,,715,1783314810258,0,,False
1764,b2-fabric-b1-c4-r4,b2-fabric-b1-c4-r4-task-0175,fabric_query_final,True,,717,1783314810256,0,,False
1765,b2-fabric-b1-c4-r4,b2-fabric-b1-c4-r4-task-0172,fabric_query_final,True,,719,1783314810255,0,,False
1766,b2-fabric-b1-c4-r4,b2-fabric-b1-c4-r4-task-0174,fabric_query_final,True,,725,1783314810254,0,,False
1767,b2-fabric-b1-c4-r4,b2-fabric-b1-c4-r4-task-0173,ipfs_verify,True,,8,1783314810973,0,QmbfTxCmxcHLajsThp62tm2pwqsRpuG1kR3xMMAoDmU5AM,False
1768,b2-fabric-b1-c4-r4,b2-fabric-b1-c4-r4-task-0175,ipfs_verify,True,,9,1783314810973,0,Qme56HU6MmPTV4JMa2UFRRBLDMk4TTUSKEeBW74bEDj7dJ,False
1769,b2-fabric-b1-c4-r4,b2-fabric-b1-c4-r4-task-0172,ipfs_verify,True,,8,1783314810974,0,QmWCXhJMHo5d7nRYTgmt9DNVZcy4VxB9ac3rTxcCb2NF2D,False
1770,b2-fabric-b1-c4-r4,b2-fabric-b1-c4-r4-task-0174,ipfs_verify,True,,5,1783314810979,0,QmPxEGbddJ32igioNjm2AWhhmWQnoqqpTMJsfYKy6YhAFx,False
1771,b2-fabric-b1-c4-r4,b2-fabric-b1-c4-r4-task-0178,ipfs_add,True,,78,1783314810982,4045,,False
1772,b2-fabric-b1-c4-r4,b2-fabric-b1-c4-r4-task-0176,ipfs_add,True,,96,1783314810981,4034,,False
1773,b2-fabric-b1-c4-r4,b2-fabric-b1-c4-r4-task-0179,ipfs_add,True,,125,1783314810984,4715,,False
1774,b2-fabric-b1-c4-r4,b2-fabric-b1-c4-r4-task-0177,ipfs_add,True,,127,1783314810982,5306,,False
1775,b2-fabric-b1-c4-r4,b2-fabric-b1-c4-r4-task-0178,fabric_post_task,True,,2522,1783314811060,4045,QmcMmCeXPTgB5hUZ5zyMPbzTYpXhmULJPRgFkQk49JE2yo,False
1776,b2-fabric-b1-c4-r4,b2-fabric-b1-c4-r4-task-0179,fabric_post_task,True,,2474,1783314811109,4715,QmQrqM4ZAvnyMT9d45SyZYnGsRCBnWyWFkrZS7cSaxgJa7,False
1777,b2-fabric-b1-c4-r4,b2-fabric-b1-c4-r4-task-0176,fabric_post_task,True,,2506,1783314811077,4034,QmWYpLa462QawExYZYEgndjMGHkBMC8A8zrbHbrtqQ4Wqh,False
1778,b2-fabric-b1-c4-r4,b2-fabric-b1-c4-r4-task-0177,fabric_post_task,True,,2476,1783314811109,5306,Qme3x2wCQzF4crmA39HiD75kt4VPr32vpRsBDzTvRxgq25,False
1779,b2-fabric-b1-c4-r4,b2-fabric-b1-c4-r4-task-0178,fabric_post_allocation,True,,2369,1783314813582,0,,False
1780,b2-fabric-b1-c4-r4,b2-fabric-b1-c4-r4-task-0176,fabric_post_allocation,True,,2368,1783314813583,0,,False
1781,b2-fabric-b1-c4-r4,b2-fabric-b1-c4-r4-task-0179,fabric_post_allocation,True,,2369,1783314813583,0,,False
1782,b2-fabric-b1-c4-r4,b2-fabric-b1-c4-r4-task-0177,fabric_post_allocation,True,,2369,1783314813585,0,,False
1783,b2-fabric-b1-c4-r4,b2-fabric-b1-c4-r4-task-0179,fabric_post_snapshot,True,,2452,1783314815952,0,,False
1784,b2-fabric-b1-c4-r4,b2-fabric-b1-c4-r4-task-0177,fabric_post_snapshot,True,,2451,1783314815954,0,,False
1785,b2-fabric-b1-c4-r4,b2-fabric-b1-c4-r4-task-0178,fabric_post_snapshot,True,,2455,1783314815951,0,,False
1786,b2-fabric-b1-c4-r4,b2-fabric-b1-c4-r4-task-0176,fabric_post_snapshot,True,,2455,1783314815951,0,,False
1787,b2-fabric-b1-c4-r4,b2-fabric-b1-c4-r4-task-0178,fabric_query_confirmation,True,,114,1783314818406,0,,False
1788,b2-fabric-b1-c4-r4,b2-fabric-b1-c4-r4-task-0179,fabric_query_confirmation,True,,117,1783314818404,0,,False
1789,b2-fabric-b1-c4-r4,b2-fabric-b1-c4-r4-task-0177,fabric_query_confirmation,True,,116,1783314818405,0,,False
1790,b2-fabric-b1-c4-r4,b2-fabric-b1-c4-r4-task-0176,fabric_query_confirmation,True,,117,1783314818406,0,,False
1791,b2-fabric-b1-c4-r4,b2-fabric-b1-c4-r4-task-0179,fabric_vote_1,True,,2483,1783314818521,0,,False
1792,b2-fabric-b1-c4-r4,b2-fabric-b1-c4-r4-task-0176,fabric_vote_1,True,,2481,1783314818523,0,,False
1793,b2-fabric-b1-c4-r4,b2-fabric-b1-c4-r4-task-0177,fabric_vote_1,True,,2484,1783314818521,0,,False
1794,b2-fabric-b1-c4-r4,b2-fabric-b1-c4-r4-task-0178,fabric_vote_1,True,,2487,1783314818520,0,,False
1795,b2-fabric-b1-c4-r4,b2-fabric-b1-c4-r4-task-0179,fabric_vote_2,True,,2446,1783314821004,0,,False
1796,b2-fabric-b1-c4-r4,b2-fabric-b1-c4-r4-task-0178,fabric_vote_2,True,,2445,1783314821007,0,,False
1797,b2-fabric-b1-c4-r4,b2-fabric-b1-c4-r4-task-0176,fabric_vote_2,True,,2448,1783314821004,0,,False
1798,b2-fabric-b1-c4-r4,b2-fabric-b1-c4-r4-task-0177,fabric_vote_2,True,,2448,1783314821005,0,,False
1799,b2-fabric-b1-c4-r4,b2-fabric-b1-c4-r4-task-0179,fabric_settlement,True,,1380,1783314823450,0,,False
1800,b2-fabric-b1-c4-r4,b2-fabric-b1-c4-r4-task-0176,fabric_settlement,True,,1380,1783314823452,0,,False
1801,b2-fabric-b1-c4-r4,b2-fabric-b1-c4-r4-task-0177,fabric_settlement,True,,1379,1783314823453,0,,False
1802,b2-fabric-b1-c4-r4,b2-fabric-b1-c4-r4-task-0178,fabric_settlement,True,,1382,1783314823452,0,,False
1803,b2-fabric-b1-c4-r4,b2-fabric-b1-c4-r4-task-0178,fabric_query_final,True,,544,1783314824834,0,,False
1804,b2-fabric-b1-c4-r4,b2-fabric-b1-c4-r4-task-0176,fabric_query_final,True,,546,1783314824832,0,,False
1805,b2-fabric-b1-c4-r4,b2-fabric-b1-c4-r4-task-0177,fabric_query_final,True,,547,1783314824832,0,,False
1806,b2-fabric-b1-c4-r4,b2-fabric-b1-c4-r4-task-0177,ipfs_verify,True,,9,1783314825379,0,Qme3x2wCQzF4crmA39HiD75kt4VPr32vpRsBDzTvRxgq25,False
1807,b2-fabric-b1-c4-r4,b2-fabric-b1-c4-r4-task-0176,ipfs_verify,True,,12,1783314825378,0,QmWYpLa462QawExYZYEgndjMGHkBMC8A8zrbHbrtqQ4Wqh,False
1808,b2-fabric-b1-c4-r4,b2-fabric-b1-c4-r4-task-0178,ipfs_verify,True,,14,1783314825378,0,QmcMmCeXPTgB5hUZ5zyMPbzTYpXhmULJPRgFkQk49JE2yo,False
1809,b2-fabric-b1-c4-r4,b2-fabric-b1-c4-r4-task-0179,fabric_query_final,True,,563,1783314824830,0,,False
1810,b2-fabric-b1-c4-r4,b2-fabric-b1-c4-r4-task-0179,ipfs_verify,True,,9,1783314825393,0,QmQrqM4ZAvnyMT9d45SyZYnGsRCBnWyWFkrZS7cSaxgJa7,False
1811,b2-fabric-b1-c4-r4,b2-fabric-b1-c4-r4-task-0180,ipfs_add,True,,113,1783314825388,2760,,False
1812,b2-fabric-b1-c4-r4,b2-fabric-b1-c4-r4-task-0182,ipfs_add,True,,125,1783314825392,7430,,False
1813,b2-fabric-b1-c4-r4,b2-fabric-b1-c4-r4-task-0181,ipfs_add,True,,142,1783314825391,7983,,False
1814,b2-fabric-b1-c4-r4,b2-fabric-b1-c4-r4-task-0183,ipfs_add,True,,148,1783314825402,4217,,False
1815,b2-fabric-b1-c4-r4,b2-fabric-b1-c4-r4-task-0182,fabric_post_task,True,,2511,1783314825517,7430,QmPh87qX4uXxDva18VFEqYFHobSnGGDvKi4JqHTLbhxoLw,False
1816,b2-fabric-b1-c4-r4,b2-fabric-b1-c4-r4-task-0181,fabric_post_task,True,,2495,1783314825533,7983,QmXfW8NQE7G8zKM2qSnSb7fyMnVy3r3ZfRZA2fMzkkS18d,False
1817,b2-fabric-b1-c4-r4,b2-fabric-b1-c4-r4-task-0180,fabric_post_task,True,,2528,1783314825501,2760,QmR6Px5R1u5xpqRRLw23vf5EBSJuihmVCpGdNJzv4EWUGT,False
1818,b2-fabric-b1-c4-r4,b2-fabric-b1-c4-r4-task-0183,fabric_post_task,True,,2480,1783314825550,4217,QmbPwt9E6tLQ5debxusYUVQUr65wy3vAm8TvxdJjEf6yoF,False
1819,b2-fabric-b1-c4-r4,b2-fabric-b1-c4-r4-task-0183,fabric_post_allocation,True,,2403,1783314828030,0,,False
1820,b2-fabric-b1-c4-r4,b2-fabric-b1-c4-r4-task-0180,fabric_post_allocation,True,,2405,1783314828029,0,,False
1821,b2-fabric-b1-c4-r4,b2-fabric-b1-c4-r4-task-0181,fabric_post_allocation,True,,2407,1783314828028,0,,False
1822,b2-fabric-b1-c4-r4,b2-fabric-b1-c4-r4-task-0182,fabric_post_allocation,True,,2408,1783314828028,0,,False
1823,b2-fabric-b1-c4-r4,b2-fabric-b1-c4-r4-task-0180,fabric_post_snapshot,True,,2267,1783314830434,0,,False
1824,b2-fabric-b1-c4-r4,b2-fabric-b1-c4-r4-task-0183,fabric_post_snapshot,True,,2269,1783314830433,0,,False
1825,b2-fabric-b1-c4-r4,b2-fabric-b1-c4-r4-task-0182,fabric_post_snapshot,True,,2266,1783314830436,0,,False
1826,b2-fabric-b1-c4-r4,b2-fabric-b1-c4-r4-task-0181,fabric_post_snapshot,True,,2269,1783314830435,0,,False
1827,b2-fabric-b1-c4-r4,b2-fabric-b1-c4-r4-task-0181,fabric_query_confirmation,True,,112,1783314832704,0,,False
1828,b2-fabric-b1-c4-r4,b2-fabric-b1-c4-r4-task-0182,fabric_query_confirmation,True,,115,1783314832702,0,,False
1829,b2-fabric-b1-c4-r4,b2-fabric-b1-c4-r4-task-0180,fabric_query_confirmation,True,,116,1783314832701,0,,False
1830,b2-fabric-b1-c4-r4,b2-fabric-b1-c4-r4-task-0183,fabric_query_confirmation,True,,117,1783314832702,0,,False
1831,b2-fabric-b1-c4-r4,b2-fabric-b1-c4-r4-task-0181,fabric_vote_1,True,,2429,1783314832816,0,,False
1832,b2-fabric-b1-c4-r4,b2-fabric-b1-c4-r4-task-0183,fabric_vote_1,True,,2427,1783314832819,0,,False
1833,b2-fabric-b1-c4-r4,b2-fabric-b1-c4-r4-task-0180,fabric_vote_1,True,,2429,1783314832817,0,,False
1834,b2-fabric-b1-c4-r4,b2-fabric-b1-c4-r4-task-0182,fabric_vote_1,True,,2430,1783314832817,0,,False
1835,b2-fabric-b1-c4-r4,b2-fabric-b1-c4-r4-task-0183,fabric_vote_2,True,,2526,1783314835246,0,,False
1836,b2-fabric-b1-c4-r4,b2-fabric-b1-c4-r4-task-0180,fabric_vote_2,True,,2528,1783314835246,0,,False
1837,b2-fabric-b1-c4-r4,b2-fabric-b1-c4-r4-task-0181,fabric_vote_2,True,,2530,1783314835245,0,,False
1838,b2-fabric-b1-c4-r4,b2-fabric-b1-c4-r4-task-0182,fabric_vote_2,True,,2528,1783314835247,0,,False
1839,b2-fabric-b1-c4-r4,b2-fabric-b1-c4-r4-task-0180,fabric_settlement,True,,2297,1783314837774,0,,False
1840,b2-fabric-b1-c4-r4,b2-fabric-b1-c4-r4-task-0182,fabric_settlement,True,,2296,1783314837775,0,,False
1841,b2-fabric-b1-c4-r4,b2-fabric-b1-c4-r4-task-0183,fabric_settlement,True,,2298,1783314837773,0,,False
1842,b2-fabric-b1-c4-r4,b2-fabric-b1-c4-r4-task-0181,fabric_settlement,True,,2299,1783314837775,0,,False
1843,b2-fabric-b1-c4-r4,b2-fabric-b1-c4-r4-task-0182,fabric_query_final,True,,716,1783314840071,0,,False
1844,b2-fabric-b1-c4-r4,b2-fabric-b1-c4-r4-task-0183,fabric_query_final,True,,716,1783314840071,0,,False
1845,b2-fabric-b1-c4-r4,b2-fabric-b1-c4-r4-task-0181,fabric_query_final,True,,714,1783314840074,0,,False
1846,b2-fabric-b1-c4-r4,b2-fabric-b1-c4-r4-task-0180,fabric_query_final,True,,720,1783314840071,0,,False
1847,b2-fabric-b1-c4-r4,b2-fabric-b1-c4-r4-task-0182,ipfs_verify,True,,7,1783314840787,0,QmPh87qX4uXxDva18VFEqYFHobSnGGDvKi4JqHTLbhxoLw,False
1848,b2-fabric-b1-c4-r4,b2-fabric-b1-c4-r4-task-0181,ipfs_verify,True,,7,1783314840788,0,QmXfW8NQE7G8zKM2qSnSb7fyMnVy3r3ZfRZA2fMzkkS18d,False
1849,b2-fabric-b1-c4-r4,b2-fabric-b1-c4-r4-task-0183,ipfs_verify,True,,8,1783314840787,0,QmbPwt9E6tLQ5debxusYUVQUr65wy3vAm8TvxdJjEf6yoF,False
1850,b2-fabric-b1-c4-r4,b2-fabric-b1-c4-r4-task-0180,ipfs_verify,True,,6,1783314840791,0,QmR6Px5R1u5xpqRRLw23vf5EBSJuihmVCpGdNJzv4EWUGT,False
1851,b2-fabric-b1-c4-r4,b2-fabric-b1-c4-r4-task-0184,ipfs_add,True,,30,1783314840794,4322,,False
1852,b2-fabric-b1-c4-r4,b2-fabric-b1-c4-r4-task-0185,ipfs_add,True,,45,1783314840795,4040,,False
1853,b2-fabric-b1-c4-r4,b2-fabric-b1-c4-r4-task-0186,ipfs_add,True,,62,1783314840795,3760,,False
1854,b2-fabric-b1-c4-r4,b2-fabric-b1-c4-r4-task-0187,ipfs_add,True,,77,1783314840797,3817,,False
1855,b2-fabric-b1-c4-r4,b2-fabric-b1-c4-r4-task-0185,fabric_post_task,True,,2530,1783314840840,4040,QmT4bZjUycokNSYzs2a92RaLgz1rz7cYRBH2nyFGYtkV7Q,False
1856,b2-fabric-b1-c4-r4,b2-fabric-b1-c4-r4-task-0187,fabric_post_task,True,,2496,1783314840875,3817,Qmf8fbnaf3R2y5rxjCXbb3pgaPsQKQp68yoMb3dsh3Aeyh,False
1857,b2-fabric-b1-c4-r4,b2-fabric-b1-c4-r4-task-0184,fabric_post_task,True,,2548,1783314840824,4322,QmPSZKSDhc3oMmRRsdGa893tPo9QETi3JkqUddqajNAxLy,False
1858,b2-fabric-b1-c4-r4,b2-fabric-b1-c4-r4-task-0186,fabric_post_task,True,,2517,1783314840857,3760,QmZA8PgSFKJwCnC8xR9o1nzuniwJhwtRPJevn7qR23cM26,False
1859,b2-fabric-b1-c4-r4,b2-fabric-b1-c4-r4-task-0186,fabric_post_allocation,True,,2548,1783314843374,0,,False
1860,b2-fabric-b1-c4-r4,b2-fabric-b1-c4-r4-task-0187,fabric_post_allocation,True,,2551,1783314843371,0,,False
1861,b2-fabric-b1-c4-r4,b2-fabric-b1-c4-r4-task-0184,fabric_post_allocation,True,,2551,1783314843372,0,,False
1862,b2-fabric-b1-c4-r4,b2-fabric-b1-c4-r4-task-0185,fabric_post_allocation,True,,2555,1783314843370,0,,False
1863,b2-fabric-b1-c4-r4,b2-fabric-b1-c4-r4-task-0187,fabric_post_snapshot,True,,2475,1783314845922,0,,False
1864,b2-fabric-b1-c4-r4,b2-fabric-b1-c4-r4-task-0186,fabric_post_snapshot,True,,2475,1783314845922,0,,False
1865,b2-fabric-b1-c4-r4,b2-fabric-b1-c4-r4-task-0185,fabric_post_snapshot,True,,2472,1783314845926,0,,False
1866,b2-fabric-b1-c4-r4,b2-fabric-b1-c4-r4-task-0184,fabric_post_snapshot,True,,2477,1783314845923,0,,False
1867,b2-fabric-b1-c4-r4,b2-fabric-b1-c4-r4-task-0184,fabric_query_confirmation,True,,295,1783314848400,0,,False
1868,b2-fabric-b1-c4-r4,b2-fabric-b1-c4-r4-task-0186,fabric_query_confirmation,True,,298,1783314848398,0,,False
1869,b2-fabric-b1-c4-r4,b2-fabric-b1-c4-r4-task-0187,fabric_query_confirmation,True,,299,1783314848397,0,,False
1870,b2-fabric-b1-c4-r4,b2-fabric-b1-c4-r4-task-0185,fabric_query_confirmation,True,,300,1783314848398,0,,False
1871,b2-fabric-b1-c4-r4,b2-fabric-b1-c4-r4-task-0187,fabric_vote_1,True,,2471,1783314848696,0,,False
1872,b2-fabric-b1-c4-r4,b2-fabric-b1-c4-r4-task-0185,fabric_vote_1,True,,2470,1783314848698,0,,False
1873,b2-fabric-b1-c4-r4,b2-fabric-b1-c4-r4-task-0186,fabric_vote_1,True,,2472,1783314848696,0,,False
1874,b2-fabric-b1-c4-r4,b2-fabric-b1-c4-r4-task-0184,fabric_vote_1,True,,2475,1783314848695,0,,False
1875,b2-fabric-b1-c4-r4,b2-fabric-b1-c4-r4-task-0185,fabric_vote_2,True,,1438,1783314851168,0,,False
1876,b2-fabric-b1-c4-r4,b2-fabric-b1-c4-r4-task-0187,fabric_vote_2,True,,1439,1783314851167,0,,False
1877,b2-fabric-b1-c4-r4,b2-fabric-b1-c4-r4-task-0184,fabric_vote_2,True,,1436,1783314851170,0,,False
1878,b2-fabric-b1-c4-r4,b2-fabric-b1-c4-r4-task-0186,fabric_vote_2,True,,1441,1783314851168,0,,False
1879,b2-fabric-b1-c4-r4,b2-fabric-b1-c4-r4-task-0185,fabric_settlement,True,,2466,1783314852606,0,,False
1880,b2-fabric-b1-c4-r4,b2-fabric-b1-c4-r4-task-0184,fabric_settlement,True,,2468,1783314852606,0,,False
1881,b2-fabric-b1-c4-r4,b2-fabric-b1-c4-r4-task-0187,fabric_settlement,True,,2468,1783314852606,0,,False
1882,b2-fabric-b1-c4-r4,b2-fabric-b1-c4-r4-task-0186,fabric_settlement,True,,2466,1783314852609,0,,False
1883,b2-fabric-b1-c4-r4,b2-fabric-b1-c4-r4-task-0184,fabric_query_final,True,,718,1783314855074,0,,False
1884,b2-fabric-b1-c4-r4,b2-fabric-b1-c4-r4-task-0187,fabric_query_final,True,,718,1783314855074,0,,False
1885,b2-fabric-b1-c4-r4,b2-fabric-b1-c4-r4-task-0186,fabric_query_final,True,,718,1783314855075,0,,False
1886,b2-fabric-b1-c4-r4,b2-fabric-b1-c4-r4-task-0185,fabric_query_final,True,,725,1783314855072,0,,False
1887,b2-fabric-b1-c4-r4,b2-fabric-b1-c4-r4-task-0184,ipfs_verify,True,,7,1783314855792,0,QmPSZKSDhc3oMmRRsdGa893tPo9QETi3JkqUddqajNAxLy,False
1888,b2-fabric-b1-c4-r4,b2-fabric-b1-c4-r4-task-0187,ipfs_verify,True,,8,1783314855792,0,Qmf8fbnaf3R2y5rxjCXbb3pgaPsQKQp68yoMb3dsh3Aeyh,False
1889,b2-fabric-b1-c4-r4,b2-fabric-b1-c4-r4-task-0186,ipfs_verify,True,,8,1783314855793,0,QmZA8PgSFKJwCnC8xR9o1nzuniwJhwtRPJevn7qR23cM26,False
1890,b2-fabric-b1-c4-r4,b2-fabric-b1-c4-r4-task-0185,ipfs_verify,True,,8,1783314855797,0,QmT4bZjUycokNSYzs2a92RaLgz1rz7cYRBH2nyFGYtkV7Q,False
1891,b2-fabric-b1-c4-r4,b2-fabric-b1-c4-r4-task-0189,ipfs_add,True,,29,1783314855800,3813,,False
1892,b2-fabric-b1-c4-r4,b2-fabric-b1-c4-r4-task-0190,ipfs_add,True,,79,1783314855801,4444,,False
1893,b2-fabric-b1-c4-r4,b2-fabric-b1-c4-r4-task-0191,ipfs_add,True,,75,1783314855805,4761,,False
1894,b2-fabric-b1-c4-r4,b2-fabric-b1-c4-r4-task-0188,ipfs_add,True,,81,1783314855800,3588,,False
1895,b2-fabric-b1-c4-r4,b2-fabric-b1-c4-r4-task-0191,fabric_post_task,True,,2430,1783314855880,4761,QmQK4ChDQQAbfnUHBQHNjhVcC13LjvmaW51QAJHKkyJuWr,False
1896,b2-fabric-b1-c4-r4,b2-fabric-b1-c4-r4-task-0189,fabric_post_task,True,,2483,1783314855829,3813,QmddcGv3BfwnFZsm5H1ArqWuKN7jPveB9ZhCJXqBYVXr4Z,False
1897,b2-fabric-b1-c4-r4,b2-fabric-b1-c4-r4-task-0188,fabric_post_task,True,,2431,1783314855881,3588,QmcA2snS31e3yhCPjoMSmuW8w6FVceBCsiYRZuzgLXJZRG,False
1898,b2-fabric-b1-c4-r4,b2-fabric-b1-c4-r4-task-0190,fabric_post_task,True,,2434,1783314855880,4444,QmTYyB6jg19PhoaP2Bg8ox3B4TonwPSLo68XR9yyH3VskB,False
1899,b2-fabric-b1-c4-r4,b2-fabric-b1-c4-r4-task-0191,fabric_post_allocation,True,,2546,1783314858310,0,,False
1900,b2-fabric-b1-c4-r4,b2-fabric-b1-c4-r4-task-0188,fabric_post_allocation,True,,2545,1783314858312,0,,False
1901,b2-fabric-b1-c4-r4,b2-fabric-b1-c4-r4-task-0189,fabric_post_allocation,True,,2545,1783314858312,0,,False
1902,b2-fabric-b1-c4-r4,b2-fabric-b1-c4-r4-task-0190,fabric_post_allocation,True,,2546,1783314858314,0,,False
1903,b2-fabric-b1-c4-r4,b2-fabric-b1-c4-r4-task-0188,fabric_post_snapshot,True,,2457,1783314860857,0,,False
1904,b2-fabric-b1-c4-r4,b2-fabric-b1-c4-r4-task-0191,fabric_post_snapshot,True,,2459,1783314860856,0,,False
1905,b2-fabric-b1-c4-r4,b2-fabric-b1-c4-r4-task-0189,fabric_post_snapshot,True,,2459,1783314860857,0,,False
1906,b2-fabric-b1-c4-r4,b2-fabric-b1-c4-r4-task-0190,fabric_post_snapshot,True,,2459,1783314860860,0,,False
1907,b2-fabric-b1-c4-r4,b2-fabric-b1-c4-r4-task-0190,fabric_query_confirmation,True,,300,1783314863319,0,,False
1908,b2-fabric-b1-c4-r4,b2-fabric-b1-c4-r4-task-0188,fabric_query_confirmation,True,,305,1783314863314,0,,False
1909,b2-fabric-b1-c4-r4,b2-fabric-b1-c4-r4-task-0191,fabric_query_confirmation,True,,306,1783314863315,0,,False
1910,b2-fabric-b1-c4-r4,b2-fabric-b1-c4-r4-task-0189,fabric_query_confirmation,True,,307,1783314863316,0,,False
1911,b2-fabric-b1-c4-r4,b2-fabric-b1-c4-r4-task-0189,fabric_vote_1,True,,2508,1783314863623,0,,False
1912,b2-fabric-b1-c4-r4,b2-fabric-b1-c4-r4-task-0191,fabric_vote_1,True,,2511,1783314863621,0,,False
1913,b2-fabric-b1-c4-r4,b2-fabric-b1-c4-r4-task-0190,fabric_vote_1,True,,2513,1783314863619,0,,False
1914,b2-fabric-b1-c4-r4,b2-fabric-b1-c4-r4-task-0188,fabric_vote_1,True,,2514,1783314863619,0,,False
1915,b2-fabric-b1-c4-r4,b2-fabric-b1-c4-r4-task-0190,fabric_vote_2,True,,2562,1783314866132,0,,False
1916,b2-fabric-b1-c4-r4,b2-fabric-b1-c4-r4-task-0188,fabric_vote_2,True,,2562,1783314866133,0,,False
1917,b2-fabric-b1-c4-r4,b2-fabric-b1-c4-r4-task-0191,fabric_vote_2,True,,2564,1783314866132,0,,False
1918,b2-fabric-b1-c4-r4,b2-fabric-b1-c4-r4-task-0189,fabric_vote_2,True,,2566,1783314866131,0,,False
1919,b2-fabric-b1-c4-r4,b2-fabric-b1-c4-r4-task-0189,fabric_settlement,True,,2480,1783314868697,0,,False
1920,b2-fabric-b1-c4-r4,b2-fabric-b1-c4-r4-task-0191,fabric_settlement,True,,2482,1783314868696,0,,False
1921,b2-fabric-b1-c4-r4,b2-fabric-b1-c4-r4-task-0188,fabric_settlement,True,,2483,1783314868695,0,,False
1922,b2-fabric-b1-c4-r4,b2-fabric-b1-c4-r4-task-0190,fabric_settlement,True,,2486,1783314868694,0,,False
1923,b2-fabric-b1-c4-r4,b2-fabric-b1-c4-r4-task-0189,fabric_query_final,True,,911,1783314871177,0,,False
1924,b2-fabric-b1-c4-r4,b2-fabric-b1-c4-r4-task-0191,fabric_query_final,True,,911,1783314871178,0,,False
1925,b2-fabric-b1-c4-r4,b2-fabric-b1-c4-r4-task-0190,fabric_query_final,True,,910,1783314871180,0,,False
1926,b2-fabric-b1-c4-r4,b2-fabric-b1-c4-r4-task-0188,fabric_query_final,True,,914,1783314871178,0,,False
1927,b2-fabric-b1-c4-r4,b2-fabric-b1-c4-r4-task-0190,ipfs_verify,True,,6,1783314872090,0,QmTYyB6jg19PhoaP2Bg8ox3B4TonwPSLo68XR9yyH3VskB,False
1928,b2-fabric-b1-c4-r4,b2-fabric-b1-c4-r4-task-0189,ipfs_verify,True,,8,1783314872088,0,QmddcGv3BfwnFZsm5H1ArqWuKN7jPveB9ZhCJXqBYVXr4Z,False
1929,b2-fabric-b1-c4-r4,b2-fabric-b1-c4-r4-task-0191,ipfs_verify,True,,8,1783314872089,0,QmQK4ChDQQAbfnUHBQHNjhVcC13LjvmaW51QAJHKkyJuWr,False
1930,b2-fabric-b1-c4-r4,b2-fabric-b1-c4-r4-task-0188,ipfs_verify,True,,8,1783314872092,0,QmcA2snS31e3yhCPjoMSmuW8w6FVceBCsiYRZuzgLXJZRG,False
1931,b2-fabric-b1-c4-r4,b2-fabric-b1-c4-r4-task-0193,ipfs_add,True,,26,1783314872097,3656,,False
1932,b2-fabric-b1-c4-r4,b2-fabric-b1-c4-r4-task-0194,ipfs_add,True,,42,1783314872097,5127,,False
1933,b2-fabric-b1-c4-r4,b2-fabric-b1-c4-r4-task-0192,ipfs_add,True,,61,1783314872096,4212,,False
1934,b2-fabric-b1-c4-r4,b2-fabric-b1-c4-r4-task-0195,ipfs_add,True,,74,1783314872100,4765,,False
1935,b2-fabric-b1-c4-r4,b2-fabric-b1-c4-r4-task-0194,fabric_post_task,True,,2455,1783314872139,5127,QmUQkF6tMKomfpeYcTdtmNy7TBXYJGRPRM9P1cpCwR1MJF,False
1936,b2-fabric-b1-c4-r4,b2-fabric-b1-c4-r4-task-0193,fabric_post_task,True,,2473,1783314872123,3656,QmW9nojj3tyFNDDEodDC3x43Y5jA3Ac4z7TE78zw1HD6qu,False
1937,b2-fabric-b1-c4-r4,b2-fabric-b1-c4-r4-task-0192,fabric_post_task,True,,2439,1783314872157,4212,QmWMsVVs2hySKHixiKJetRsQBSH7CcjzbQrS3sZphmmfLm,False
1938,b2-fabric-b1-c4-r4,b2-fabric-b1-c4-r4-task-0195,fabric_post_task,True,,2423,1783314872174,4765,QmWaLq11VC2STk3MM8gwJdsmwiV6pMb8XyjpXUZRgju27h,False
1939,b2-fabric-b1-c4-r4,b2-fabric-b1-c4-r4-task-0195,fabric_post_allocation,True,,2313,1783314874597,0,,False
1940,b2-fabric-b1-c4-r4,b2-fabric-b1-c4-r4-task-0193,fabric_post_allocation,True,,2314,1783314874596,0,,False
1941,b2-fabric-b1-c4-r4,b2-fabric-b1-c4-r4-task-0192,fabric_post_allocation,True,,2315,1783314874596,0,,False
1942,b2-fabric-b1-c4-r4,b2-fabric-b1-c4-r4-task-0194,fabric_post_allocation,True,,2319,1783314874594,0,,False
1943,b2-fabric-b1-c4-r4,b2-fabric-b1-c4-r4-task-0193,fabric_post_snapshot,True,,2457,1783314876910,0,,False
1944,b2-fabric-b1-c4-r4,b2-fabric-b1-c4-r4-task-0192,fabric_post_snapshot,True,,2457,1783314876911,0,,False
1945,b2-fabric-b1-c4-r4,b2-fabric-b1-c4-r4-task-0194,fabric_post_snapshot,True,,2455,1783314876913,0,,False
1946,b2-fabric-b1-c4-r4,b2-fabric-b1-c4-r4-task-0195,fabric_post_snapshot,True,,2459,1783314876910,0,,False
1947,b2-fabric-b1-c4-r4,b2-fabric-b1-c4-r4-task-0192,fabric_query_confirmation,True,,121,1783314879368,0,,False
1948,b2-fabric-b1-c4-r4,b2-fabric-b1-c4-r4-task-0193,fabric_query_confirmation,True,,122,1783314879367,0,,False
1949,b2-fabric-b1-c4-r4,b2-fabric-b1-c4-r4-task-0195,fabric_query_confirmation,True,,120,1783314879369,0,,False
1950,b2-fabric-b1-c4-r4,b2-fabric-b1-c4-r4-task-0194,fabric_query_confirmation,True,,122,1783314879368,0,,False
1951,b2-fabric-b1-c4-r4,b2-fabric-b1-c4-r4-task-0192,fabric_vote_1,True,,2257,1783314879489,0,,False
1952,b2-fabric-b1-c4-r4,b2-fabric-b1-c4-r4-task-0194,fabric_vote_1,True,,2257,1783314879490,0,,False
1953,b2-fabric-b1-c4-r4,b2-fabric-b1-c4-r4-task-0195,fabric_vote_1,True,,2258,1783314879489,0,,False
1954,b2-fabric-b1-c4-r4,b2-fabric-b1-c4-r4-task-0193,fabric_vote_1,True,,2260,1783314879489,0,,False
1955,b2-fabric-b1-c4-r4,b2-fabric-b1-c4-r4-task-0195,fabric_vote_2,True,,1434,1783314881747,0,,False
1956,b2-fabric-b1-c4-r4,b2-fabric-b1-c4-r4-task-0194,fabric_vote_2,True,,1435,1783314881747,0,,False
1957,b2-fabric-b1-c4-r4,b2-fabric-b1-c4-r4-task-0193,fabric_vote_2,True,,1434,1783314881749,0,,False
1958,b2-fabric-b1-c4-r4,b2-fabric-b1-c4-r4-task-0192,fabric_vote_2,True,,1439,1783314881746,0,,False
1959,b2-fabric-b1-c4-r4,b2-fabric-b1-c4-r4-task-0195,fabric_settlement,True,,2472,1783314883181,0,,False
1960,b2-fabric-b1-c4-r4,b2-fabric-b1-c4-r4-task-0192,fabric_settlement,True,,2469,1783314883185,0,,False
1961,b2-fabric-b1-c4-r4,b2-fabric-b1-c4-r4-task-0193,fabric_settlement,True,,2472,1783314883183,0,,False
1962,b2-fabric-b1-c4-r4,b2-fabric-b1-c4-r4-task-0194,fabric_settlement,True,,2475,1783314883182,0,,False
1963,b2-fabric-b1-c4-r4,b2-fabric-b1-c4-r4-task-0193,fabric_query_final,True,,514,1783314885655,0,,False
1964,b2-fabric-b1-c4-r4,b2-fabric-b1-c4-r4-task-0195,fabric_query_final,True,,516,1783314885653,0,,False
1965,b2-fabric-b1-c4-r4,b2-fabric-b1-c4-r4-task-0192,fabric_query_final,True,,517,1783314885654,0,,False
1966,b2-fabric-b1-c4-r4,b2-fabric-b1-c4-r4-task-0194,fabric_query_final,True,,519,1783314885657,0,,False
1967,b2-fabric-b1-c4-r4,b2-fabric-b1-c4-r4-task-0195,ipfs_verify,True,,9,1783314886169,0,QmWaLq11VC2STk3MM8gwJdsmwiV6pMb8XyjpXUZRgju27h,False
1968,b2-fabric-b1-c4-r4,b2-fabric-b1-c4-r4-task-0193,ipfs_verify,True,,10,1783314886169,0,QmW9nojj3tyFNDDEodDC3x43Y5jA3Ac4z7TE78zw1HD6qu,False
1969,b2-fabric-b1-c4-r4,b2-fabric-b1-c4-r4-task-0192,ipfs_verify,True,,9,1783314886171,0,QmWMsVVs2hySKHixiKJetRsQBSH7CcjzbQrS3sZphmmfLm,False
1970,b2-fabric-b1-c4-r4,b2-fabric-b1-c4-r4-task-0194,ipfs_verify,True,,9,1783314886176,0,QmUQkF6tMKomfpeYcTdtmNy7TBXYJGRPRM9P1cpCwR1MJF,False
1971,b2-fabric-b1-c4-r4,b2-fabric-b1-c4-r4-task-0197,ipfs_add,True,,33,1783314886179,4817,,False
1972,b2-fabric-b1-c4-r4,b2-fabric-b1-c4-r4-task-0196,ipfs_add,True,,52,1783314886179,4122,,False
1973,b2-fabric-b1-c4-r4,b2-fabric-b1-c4-r4-task-0198,ipfs_add,True,,72,1783314886181,3540,,False
1974,b2-fabric-b1-c4-r4,b2-fabric-b1-c4-r4-task-0199,ipfs_add,True,,86,1783314886185,5047,,False
1975,b2-fabric-b1-c4-r4,b2-fabric-b1-c4-r4-task-0199,fabric_post_task,True,,2408,1783314886271,5047,QmWy11MokeVCNQuSN9bfWQHz1CevithknjYMzKuymcZo7S,False
1976,b2-fabric-b1-c4-r4,b2-fabric-b1-c4-r4-task-0198,fabric_post_task,True,,2427,1783314886253,3540,QmZWNqHHBwy3oA7Ng8hVTaUMhZ6QkUps6zYhcegYz5enFd,False
1977,b2-fabric-b1-c4-r4,b2-fabric-b1-c4-r4-task-0197,fabric_post_task,True,,2469,1783314886212,4817,QmbvahhBBxPPJvX1kedLaAKjiVK7gTyk8mGFKobzfLRtWp,False
1978,b2-fabric-b1-c4-r4,b2-fabric-b1-c4-r4-task-0196,fabric_post_task,True,,2451,1783314886231,4122,QmTQ1PbJFgNKhVego5qTuyTZaXyLBFPkpTGPcPVQGwbk9W,False
1979,b2-fabric-b1-c4-r4,b2-fabric-b1-c4-r4-task-0198,fabric_post_allocation,True,,2306,1783314888680,0,,False
1980,b2-fabric-b1-c4-r4,b2-fabric-b1-c4-r4-task-0196,fabric_post_allocation,True,,2305,1783314888682,0,,False
1981,b2-fabric-b1-c4-r4,b2-fabric-b1-c4-r4-task-0199,fabric_post_allocation,True,,2308,1783314888679,0,,False
1982,b2-fabric-b1-c4-r4,b2-fabric-b1-c4-r4-task-0197,fabric_post_allocation,True,,2309,1783314888681,0,,False
1983,b2-fabric-b1-c4-r4,b2-fabric-b1-c4-r4-task-0197,fabric_post_snapshot,True,,2500,1783314890990,0,,False
1984,b2-fabric-b1-c4-r4,b2-fabric-b1-c4-r4-task-0196,fabric_post_snapshot,True,,2503,1783314890987,0,,False
1985,b2-fabric-b1-c4-r4,b2-fabric-b1-c4-r4-task-0199,fabric_post_snapshot,True,,2504,1783314890987,0,,False
1986,b2-fabric-b1-c4-r4,b2-fabric-b1-c4-r4-task-0198,fabric_post_snapshot,True,,2505,1783314890986,0,,False
1987,b2-fabric-b1-c4-r4,b2-fabric-b1-c4-r4-task-0198,fabric_query_confirmation,True,,115,1783314893491,0,,False
1988,b2-fabric-b1-c4-r4,b2-fabric-b1-c4-r4-task-0196,fabric_query_confirmation,True,,117,1783314893490,0,,False
1989,b2-fabric-b1-c4-r4,b2-fabric-b1-c4-r4-task-0199,fabric_query_confirmation,True,,116,1783314893491,0,,False
1990,b2-fabric-b1-c4-r4,b2-fabric-b1-c4-r4-task-0197,fabric_query_confirmation,True,,119,1783314893490,0,,False
1991,b2-fabric-b1-c4-r4,b2-fabric-b1-c4-r4-task-0196,fabric_vote_1,True,,2844,1783314893607,0,,False
1992,b2-fabric-b1-c4-r4,b2-fabric-b1-c4-r4-task-0197,fabric_vote_1,True,,2843,1783314893609,0,,False
1993,b2-fabric-b1-c4-r4,b2-fabric-b1-c4-r4-task-0198,fabric_vote_1,True,,2847,1783314893606,0,,False
1994,b2-fabric-b1-c4-r4,b2-fabric-b1-c4-r4-task-0199,fabric_vote_1,True,,2847,1783314893607,0,,False
1995,b2-fabric-b1-c4-r4,b2-fabric-b1-c4-r4-task-0199,fabric_vote_2,True,,2259,1783314896454,0,,False
1996,b2-fabric-b1-c4-r4,b2-fabric-b1-c4-r4-task-0197,fabric_vote_2,True,,2261,1783314896452,0,,False
1997,b2-fabric-b1-c4-r4,b2-fabric-b1-c4-r4-task-0198,fabric_vote_2,True,,2261,1783314896453,0,,False
1998,b2-fabric-b1-c4-r4,b2-fabric-b1-c4-r4-task-0196,fabric_vote_2,True,,2266,1783314896451,0,,False
1999,b2-fabric-b1-c4-r4,b2-fabric-b1-c4-r4-task-0196,fabric_settlement,True,,2476,1783314898717,0,,False
2000,b2-fabric-b1-c4-r4,b2-fabric-b1-c4-r4-task-0197,fabric_settlement,True,,2481,1783314898713,0,,False
2001,b2-fabric-b1-c4-r4,b2-fabric-b1-c4-r4-task-0199,fabric_settlement,True,,2481,1783314898713,0,,False
2002,b2-fabric-b1-c4-r4,b2-fabric-b1-c4-r4-task-0198,fabric_settlement,True,,2481,1783314898714,0,,False
2003,b2-fabric-b1-c4-r4,b2-fabric-b1-c4-r4-task-0199,fabric_query_final,True,,323,1783314901194,0,,False
2004,b2-fabric-b1-c4-r4,b2-fabric-b1-c4-r4-task-0198,fabric_query_final,True,,322,1783314901195,0,,False
2005,b2-fabric-b1-c4-r4,b2-fabric-b1-c4-r4-task-0197,fabric_query_final,True,,324,1783314901194,0,,False
2006,b2-fabric-b1-c4-r4,b2-fabric-b1-c4-r4-task-0198,ipfs_verify,True,,7,1783314901517,0,QmZWNqHHBwy3oA7Ng8hVTaUMhZ6QkUps6zYhcegYz5enFd,False
2007,b2-fabric-b1-c4-r4,b2-fabric-b1-c4-r4-task-0199,ipfs_verify,True,,8,1783314901517,0,QmWy11MokeVCNQuSN9bfWQHz1CevithknjYMzKuymcZo7S,False
2008,b2-fabric-b1-c4-r4,b2-fabric-b1-c4-r4-task-0197,ipfs_verify,True,,8,1783314901518,0,QmbvahhBBxPPJvX1kedLaAKjiVK7gTyk8mGFKobzfLRtWp,False
2009,b2-fabric-b1-c4-r4,b2-fabric-b1-c4-r4-task-0202,ipfs_add,True,,32,1783314901526,4638,,False
2010,b2-fabric-b1-c4-r4,b2-fabric-b1-c4-r4-task-0200,ipfs_add,True,,50,1783314901525,5145,,False
2011,b2-fabric-b1-c4-r4,b2-fabric-b1-c4-r4-task-0201,ipfs_add,True,,70,1783314901525,4340,,False
2012,b2-fabric-b1-c4-r4,b2-fabric-b1-c4-r4-task-0196,fabric_query_final,True,,505,1783314901193,0,,False
2013,b2-fabric-b1-c4-r4,b2-fabric-b1-c4-r4-task-0196,ipfs_verify,True,,9,1783314901698,0,QmTQ1PbJFgNKhVego5qTuyTZaXyLBFPkpTGPcPVQGwbk9W,False
2014,b2-fabric-b1-c4-r4,b2-fabric-b1-c4-r4-task-0203,ipfs_add,True,,33,1783314901707,1827,,False
2015,b2-fabric-b1-c4-r4,b2-fabric-b1-c4-r4-task-0201,fabric_post_task,True,,2223,1783314901595,4340,QmdjzG35Tv9EawU3dwjehMfhybFdJmmnFHpEtFdcm5VuFK,False
2016,b2-fabric-b1-c4-r4,b2-fabric-b1-c4-r4-task-0200,fabric_post_task,True,,2244,1783314901575,5145,QmWsn3VH4qEmQoJUcTTgaCC8C8yvu9U6JQYjovtYXaQr7y,False
2017,b2-fabric-b1-c4-r4,b2-fabric-b1-c4-r4-task-0202,fabric_post_task,True,,2261,1783314901558,4638,QmejhkZWTARckuAaEe1Q6SLFZ3XMmF1EjcDYpHuMGkpBsf,False
2018,b2-fabric-b1-c4-r4,b2-fabric-b1-c4-r4-task-0203,fabric_post_task,True,,2080,1783314901740,1827,QmR9AwrhqhKCpezziPe8S8GRSS3cqcjrASSQ3HJBYfXh7k,False
2019,b2-fabric-b1-c4-r4,b2-fabric-b1-c4-r4-task-0203,fabric_post_allocation,True,,2315,1783314903820,0,,False
2020,b2-fabric-b1-c4-r4,b2-fabric-b1-c4-r4-task-0201,fabric_post_allocation,True,,2318,1783314903818,0,,False
2021,b2-fabric-b1-c4-r4,b2-fabric-b1-c4-r4-task-0200,fabric_post_allocation,True,,2318,1783314903819,0,,False
2022,b2-fabric-b1-c4-r4,b2-fabric-b1-c4-r4-task-0202,fabric_post_allocation,True,,2318,1783314903819,0,,False
2023,b2-fabric-b1-c4-r4,b2-fabric-b1-c4-r4-task-0200,fabric_post_snapshot,True,,2286,1783314906137,0,,False
2024,b2-fabric-b1-c4-r4,b2-fabric-b1-c4-r4-task-0201,fabric_post_snapshot,True,,2288,1783314906136,0,,False
2025,b2-fabric-b1-c4-r4,b2-fabric-b1-c4-r4-task-0203,fabric_post_snapshot,True,,2290,1783314906135,0,,False
2026,b2-fabric-b1-c4-r4,b2-fabric-b1-c4-r4-task-0202,fabric_post_snapshot,True,,2289,1783314906137,0,,False
2027,b2-fabric-b1-c4-r4,b2-fabric-b1-c4-r4-task-0203,fabric_query_confirmation,True,,142,1783314908425,0,,False
2028,b2-fabric-b1-c4-r4,b2-fabric-b1-c4-r4-task-0200,fabric_query_confirmation,True,,144,1783314908423,0,,False
2029,b2-fabric-b1-c4-r4,b2-fabric-b1-c4-r4-task-0202,fabric_query_confirmation,True,,142,1783314908426,0,,False
2030,b2-fabric-b1-c4-r4,b2-fabric-b1-c4-r4-task-0201,fabric_query_confirmation,True,,145,1783314908424,0,,False
2031,b2-fabric-b1-c4-r4,b2-fabric-b1-c4-r4-task-0200,fabric_vote_1,True,,2283,1783314908567,0,,False
2032,b2-fabric-b1-c4-r4,b2-fabric-b1-c4-r4-task-0203,fabric_vote_1,True,,2283,1783314908567,0,,False
2033,b2-fabric-b1-c4-r4,b2-fabric-b1-c4-r4-task-0202,fabric_vote_1,True,,2283,1783314908568,0,,False
2034,b2-fabric-b1-c4-r4,b2-fabric-b1-c4-r4-task-0201,fabric_vote_1,True,,2285,1783314908569,0,,False
2035,b2-fabric-b1-c4-r4,b2-fabric-b1-c4-r4-task-0200,fabric_vote_2,True,,1459,1783314910850,0,,False
2036,b2-fabric-b1-c4-r4,b2-fabric-b1-c4-r4-task-0201,fabric_vote_2,True,,1457,1783314910854,0,,False
2037,b2-fabric-b1-c4-r4,b2-fabric-b1-c4-r4-task-0203,fabric_vote_2,True,,1462,1783314910850,0,,False
2038,b2-fabric-b1-c4-r4,b2-fabric-b1-c4-r4-task-0202,fabric_vote_2,True,,1462,1783314910851,0,,False
2039,b2-fabric-b1-c4-r4,b2-fabric-b1-c4-r4-task-0201,fabric_settlement,True,,2301,1783314912311,0,,False
2040,b2-fabric-b1-c4-r4,b2-fabric-b1-c4-r4-task-0202,fabric_settlement,True,,2300,1783314912313,0,,False
2041,b2-fabric-b1-c4-r4,b2-fabric-b1-c4-r4-task-0203,fabric_settlement,True,,2302,1783314912312,0,,False
2042,b2-fabric-b1-c4-r4,b2-fabric-b1-c4-r4-task-0200,fabric_settlement,True,,2307,1783314912309,0,,False
2043,b2-fabric-b1-c4-r4,b2-fabric-b1-c4-r4-task-0202,fabric_query_final,True,,701,1783314914613,0,,False
2044,b2-fabric-b1-c4-r4,b2-fabric-b1-c4-r4-task-0201,fabric_query_final,True,,702,1783314914612,0,,False
2045,b2-fabric-b1-c4-r4,b2-fabric-b1-c4-r4-task-0200,fabric_query_final,True,,699,1783314914616,0,,False
2046,b2-fabric-b1-c4-r4,b2-fabric-b1-c4-r4-task-0203,fabric_query_final,True,,707,1783314914614,0,,False
2047,b2-fabric-b1-c4-r4,b2-fabric-b1-c4-r4-task-0202,ipfs_verify,True,,7,1783314915314,0,QmejhkZWTARckuAaEe1Q6SLFZ3XMmF1EjcDYpHuMGkpBsf,False
2048,b2-fabric-b1-c4-r4,b2-fabric-b1-c4-r4-task-0201,ipfs_verify,True,,8,1783314915314,0,QmdjzG35Tv9EawU3dwjehMfhybFdJmmnFHpEtFdcm5VuFK,False
2049,b2-fabric-b1-c4-r4,b2-fabric-b1-c4-r4-task-0200,ipfs_verify,True,,8,1783314915315,0,QmWsn3VH4qEmQoJUcTTgaCC8C8yvu9U6JQYjovtYXaQr7y,False
2050,b2-fabric-b1-c4-r4,b2-fabric-b1-c4-r4-task-0203,ipfs_verify,True,,8,1783314915321,0,QmR9AwrhqhKCpezziPe8S8GRSS3cqcjrASSQ3HJBYfXh7k,False
2051,b2-fabric-b1-c4-r4,b2-fabric-b1-c4-r4-task-0204,ipfs_add,True,,28,1783314915321,3115,,False
2052,b2-fabric-b1-c4-r4,b2-fabric-b1-c4-r4-task-0205,ipfs_add,True,,43,1783314915322,2139,,False
2053,b2-fabric-b1-c4-r4,b2-fabric-b1-c4-r4-task-0206,ipfs_add,True,,59,1783314915323,5535,,False
2054,b2-fabric-b1-c4-r4,b2-fabric-b1-c4-r4-task-0207,ipfs_add,True,,70,1783314915329,5182,,False
2055,b2-fabric-b1-c4-r4,b2-fabric-b1-c4-r4-task-0207,fabric_post_task,True,,2407,1783314915399,5182,QmXXXkdjgsyNeAxA7XiH7hfF8KD8Wy4XQUrDjRARTUGPSz,False
2056,b2-fabric-b1-c4-r4,b2-fabric-b1-c4-r4-task-0205,fabric_post_task,True,,2442,1783314915365,2139,QmUUFnwdCbT48nkPpC4zLFD1bWTmkmSZxRTWRwZWU44JUW,False
2057,b2-fabric-b1-c4-r4,b2-fabric-b1-c4-r4-task-0206,fabric_post_task,True,,2425,1783314915382,5535,QmQXv6YSFiLLxg9uat8XZ1hkWrZyU2221cre3jpTXuS7mT,False
2058,b2-fabric-b1-c4-r4,b2-fabric-b1-c4-r4-task-0204,fabric_post_task,True,,2460,1783314915349,3115,QmT17R388wMj8koQenucVuHVy5XiFPC6auRTn2sDFmDkQF,False
2059,b2-fabric-b1-c4-r4,b2-fabric-b1-c4-r4-task-0206,fabric_post_allocation,True,,2338,1783314917807,0,,False
2060,b2-fabric-b1-c4-r4,b2-fabric-b1-c4-r4-task-0205,fabric_post_allocation,True,,2338,1783314917807,0,,False
2061,b2-fabric-b1-c4-r4,b2-fabric-b1-c4-r4-task-0207,fabric_post_allocation,True,,2340,1783314917806,0,,False
2062,b2-fabric-b1-c4-r4,b2-fabric-b1-c4-r4-task-0204,fabric_post_allocation,True,,2339,1783314917809,0,,False
2063,b2-fabric-b1-c4-r4,b2-fabric-b1-c4-r4-task-0206,fabric_post_snapshot,True,,2459,1783314920145,0,,False
2064,b2-fabric-b1-c4-r4,b2-fabric-b1-c4-r4-task-0204,fabric_post_snapshot,True,,2457,1783314920148,0,,False
2065,b2-fabric-b1-c4-r4,b2-fabric-b1-c4-r4-task-0207,fabric_post_snapshot,True,,2459,1783314920146,0,,False
2066,b2-fabric-b1-c4-r4,b2-fabric-b1-c4-r4-task-0205,fabric_post_snapshot,True,,2461,1783314920145,0,,False
2067,b2-fabric-b1-c4-r4,b2-fabric-b1-c4-r4-task-0207,fabric_query_confirmation,True,,112,1783314922605,0,,False
2068,b2-fabric-b1-c4-r4,b2-fabric-b1-c4-r4-task-0205,fabric_query_confirmation,True,,112,1783314922606,0,,False
2069,b2-fabric-b1-c4-r4,b2-fabric-b1-c4-r4-task-0206,fabric_query_confirmation,True,,114,1783314922604,0,,False
2070,b2-fabric-b1-c4-r4,b2-fabric-b1-c4-r4-task-0204,fabric_query_confirmation,True,,114,1783314922605,0,,False
2071,b2-fabric-b1-c4-r4,b2-fabric-b1-c4-r4-task-0205,fabric_vote_1,True,,2767,1783314922718,0,,False
2072,b2-fabric-b1-c4-r4,b2-fabric-b1-c4-r4-task-0204,fabric_vote_1,True,,2767,1783314922719,0,,False
2073,b2-fabric-b1-c4-r4,b2-fabric-b1-c4-r4-task-0206,fabric_vote_1,True,,2769,1783314922718,0,,False
2074,b2-fabric-b1-c4-r4,b2-fabric-b1-c4-r4-task-0207,fabric_vote_1,True,,2771,1783314922717,0,,False
2075,b2-fabric-b1-c4-r4,b2-fabric-b1-c4-r4-task-0206,fabric_vote_2,True,,2257,1783314925487,0,,False
2076,b2-fabric-b1-c4-r4,b2-fabric-b1-c4-r4-task-0205,fabric_vote_2,True,,2259,1783314925485,0,,False
2077,b2-fabric-b1-c4-r4,b2-fabric-b1-c4-r4-task-0207,fabric_vote_2,True,,2257,1783314925488,0,,False
2078,b2-fabric-b1-c4-r4,b2-fabric-b1-c4-r4-task-0204,fabric_vote_2,True,,2262,1783314925486,0,,False
2079,b2-fabric-b1-c4-r4,b2-fabric-b1-c4-r4-task-0205,fabric_settlement,True,,2482,1783314927744,0,,False
2080,b2-fabric-b1-c4-r4,b2-fabric-b1-c4-r4-task-0204,fabric_settlement,True,,2478,1783314927748,0,,False
2081,b2-fabric-b1-c4-r4,b2-fabric-b1-c4-r4-task-0206,fabric_settlement,True,,2482,1783314927744,0,,False
2082,b2-fabric-b1-c4-r4,b2-fabric-b1-c4-r4-task-0207,fabric_settlement,True,,2485,1783314927745,0,,False
2083,b2-fabric-b1-c4-r4,b2-fabric-b1-c4-r4-task-0205,fabric_query_final,True,,509,1783314930226,0,,False
2084,b2-fabric-b1-c4-r4,b2-fabric-b1-c4-r4-task-0204,fabric_query_final,True,,509,1783314930226,0,,False
2085,b2-fabric-b1-c4-r4,b2-fabric-b1-c4-r4-task-0206,fabric_query_final,True,,510,1783314930226,0,,False
2086,b2-fabric-b1-c4-r4,b2-fabric-b1-c4-r4-task-0207,fabric_query_final,True,,509,1783314930230,0,,False
2087,b2-fabric-b1-c4-r4,b2-fabric-b1-c4-r4-task-0204,ipfs_verify,True,,6,1783314930735,0,QmT17R388wMj8koQenucVuHVy5XiFPC6auRTn2sDFmDkQF,False
2088,b2-fabric-b1-c4-r4,b2-fabric-b1-c4-r4-task-0205,ipfs_verify,True,,7,1783314930735,0,QmUUFnwdCbT48nkPpC4zLFD1bWTmkmSZxRTWRwZWU44JUW,False
2089,b2-fabric-b1-c4-r4,b2-fabric-b1-c4-r4-task-0206,ipfs_verify,True,,5,1783314930737,0,QmQXv6YSFiLLxg9uat8XZ1hkWrZyU2221cre3jpTXuS7mT,False
2090,b2-fabric-b1-c4-r4,b2-fabric-b1-c4-r4-task-0207,ipfs_verify,True,,6,1783314930739,0,QmXXXkdjgsyNeAxA7XiH7hfF8KD8Wy4XQUrDjRARTUGPSz,False
2091,b2-fabric-b1-c4-r4,b2-fabric-b1-c4-r4-task-0208,ipfs_add,True,,30,1783314930742,2245,,False
2092,b2-fabric-b1-c4-r4,b2-fabric-b1-c4-r4-task-0209,ipfs_add,True,,48,1783314930742,6194,,False
2093,b2-fabric-b1-c4-r4,b2-fabric-b1-c4-r4-task-0211,ipfs_add,True,,78,1783314930745,2188,,False
2094,b2-fabric-b1-c4-r4,b2-fabric-b1-c4-r4-task-0210,ipfs_add,True,,80,1783314930743,4993,,False
2095,b2-fabric-b1-c4-r4,b2-fabric-b1-c4-r4-task-0208,fabric_post_task,True,,2466,1783314930772,2245,QmWbqs7TsZvkdFAxBV91sbxF9ziEZRMeF4rkcsPMKgPbAc,False
2096,b2-fabric-b1-c4-r4,b2-fabric-b1-c4-r4-task-0210,fabric_post_task,True,,2415,1783314930823,4993,QmYWQDJhTUHPSwS8macjgfKhMk7DhsPuXJUCoxJ8RUpDKq,False
2097,b2-fabric-b1-c4-r4,b2-fabric-b1-c4-r4-task-0211,fabric_post_task,True,,2416,1783314930823,2188,QmSruFaoTdkpvWrKYpZR3J5CegMm6LLAWeQUC4xAiE69U9,False
2098,b2-fabric-b1-c4-r4,b2-fabric-b1-c4-r4-task-0209,fabric_post_task,True,,2450,1783314930790,6194,Qme252yonjeJmYr5f17inPXCqkGhcB4JhPq2rK9zrRu12P,False
2099,b2-fabric-b1-c4-r4,b2-fabric-b1-c4-r4-task-0208,fabric_post_allocation,True,,2327,1783314933238,0,,False
2100,b2-fabric-b1-c4-r4,b2-fabric-b1-c4-r4-task-0210,fabric_post_allocation,True,,2328,1783314933238,0,,False
2101,b2-fabric-b1-c4-r4,b2-fabric-b1-c4-r4-task-0209,fabric_post_allocation,True,,2327,1783314933240,0,,False
2102,b2-fabric-b1-c4-r4,b2-fabric-b1-c4-r4-task-0211,fabric_post_allocation,True,,2330,1783314933239,0,,False
2103,b2-fabric-b1-c4-r4,b2-fabric-b1-c4-r4-task-0210,fabric_post_snapshot,True,,2469,1783314935566,0,,False
2104,b2-fabric-b1-c4-r4,b2-fabric-b1-c4-r4-task-0208,fabric_post_snapshot,True,,2471,1783314935565,0,,False
2105,b2-fabric-b1-c4-r4,b2-fabric-b1-c4-r4-task-0211,fabric_post_snapshot,True,,2467,1783314935569,0,,False
2106,b2-fabric-b1-c4-r4,b2-fabric-b1-c4-r4-task-0209,fabric_post_snapshot,True,,2471,1783314935567,0,,False
2107,b2-fabric-b1-c4-r4,b2-fabric-b1-c4-r4-task-0210,fabric_query_confirmation,True,,116,1783314938035,0,,False
2108,b2-fabric-b1-c4-r4,b2-fabric-b1-c4-r4-task-0208,fabric_query_confirmation,True,,115,1783314938036,0,,False
2109,b2-fabric-b1-c4-r4,b2-fabric-b1-c4-r4-task-0211,fabric_query_confirmation,True,,115,1783314938036,0,,False
2110,b2-fabric-b1-c4-r4,b2-fabric-b1-c4-r4-task-0209,fabric_query_confirmation,True,,115,1783314938038,0,,False
2111,b2-fabric-b1-c4-r4,b2-fabric-b1-c4-r4-task-0209,fabric_vote_1,True,,2435,1783314938153,0,,False
2112,b2-fabric-b1-c4-r4,b2-fabric-b1-c4-r4-task-0208,fabric_vote_1,True,,2438,1783314938151,0,,False
2113,b2-fabric-b1-c4-r4,b2-fabric-b1-c4-r4-task-0210,fabric_vote_1,True,,2438,1783314938151,0,,False
2114,b2-fabric-b1-c4-r4,b2-fabric-b1-c4-r4-task-0211,fabric_vote_1,True,,2439,1783314938151,0,,False
2115,b2-fabric-b1-c4-r4,b2-fabric-b1-c4-r4-task-0210,fabric_vote_2,True,,1240,1783314940589,0,,False
2116,b2-fabric-b1-c4-r4,b2-fabric-b1-c4-r4-task-0211,fabric_vote_2,True,,1240,1783314940590,0,,False
2117,b2-fabric-b1-c4-r4,b2-fabric-b1-c4-r4-task-0209,fabric_vote_2,True,,1242,1783314940588,0,,False
2118,b2-fabric-b1-c4-r4,b2-fabric-b1-c4-r4-task-0208,fabric_vote_2,True,,1244,1783314940589,0,,False
2119,b2-fabric-b1-c4-r4,b2-fabric-b1-c4-r4-task-0210,fabric_settlement,True,,2507,1783314941829,0,,False
2120,b2-fabric-b1-c4-r4,b2-fabric-b1-c4-r4-task-0208,fabric_settlement,True,,2504,1783314941833,0,,False
2121,b2-fabric-b1-c4-r4,b2-fabric-b1-c4-r4-task-0211,fabric_settlement,True,,2508,1783314941830,0,,False
2122,b2-fabric-b1-c4-r4,b2-fabric-b1-c4-r4-task-0209,fabric_settlement,True,,2511,1783314941830,0,,False
2123,b2-fabric-b1-c4-r4,b2-fabric-b1-c4-r4-task-0210,fabric_query_final,True,,518,1783314944336,0,,False
2124,b2-fabric-b1-c4-r4,b2-fabric-b1-c4-r4-task-0209,fabric_query_final,True,,513,1783314944341,0,,False
2125,b2-fabric-b1-c4-r4,b2-fabric-b1-c4-r4-task-0208,fabric_query_final,True,,518,1783314944337,0,,False
2126,b2-fabric-b1-c4-r4,b2-fabric-b1-c4-r4-task-0211,fabric_query_final,True,,520,1783314944338,0,,False
2127,b2-fabric-b1-c4-r4,b2-fabric-b1-c4-r4-task-0208,ipfs_verify,True,,6,1783314944855,0,QmWbqs7TsZvkdFAxBV91sbxF9ziEZRMeF4rkcsPMKgPbAc,False
2128,b2-fabric-b1-c4-r4,b2-fabric-b1-c4-r4-task-0210,ipfs_verify,True,,7,1783314944854,0,QmYWQDJhTUHPSwS8macjgfKhMk7DhsPuXJUCoxJ8RUpDKq,False
2129,b2-fabric-b1-c4-r4,b2-fabric-b1-c4-r4-task-0209,ipfs_verify,True,,8,1783314944854,0,Qme252yonjeJmYr5f17inPXCqkGhcB4JhPq2rK9zrRu12P,False
2130,b2-fabric-b1-c4-r4,b2-fabric-b1-c4-r4-task-0211,ipfs_verify,True,,6,1783314944858,0,QmSruFaoTdkpvWrKYpZR3J5CegMm6LLAWeQUC4xAiE69U9,False
2131,b2-fabric-b1-c4-r4,b2-fabric-b1-c4-r4-task-0213,ipfs_add,True,,26,1783314944861,4132,,False
2132,b2-fabric-b1-c4-r4,b2-fabric-b1-c4-r4-task-0212,ipfs_add,True,,41,1783314944861,2819,,False
2133,b2-fabric-b1-c4-r4,b2-fabric-b1-c4-r4-task-0214,ipfs_add,True,,58,1783314944862,3407,,False
2134,b2-fabric-b1-c4-r4,b2-fabric-b1-c4-r4-task-0215,ipfs_add,True,,73,1783314944864,5293,,False
2135,b2-fabric-b1-c4-r4,b2-fabric-b1-c4-r4-task-0214,fabric_post_task,True,,2452,1783314944920,3407,QmW8eUfmmaQLniD2wxDZwMJfZvPcEb95FaZBwzxdvv4GUs,False
2136,b2-fabric-b1-c4-r4,b2-fabric-b1-c4-r4-task-0215,fabric_post_task,True,,2436,1783314944937,5293,QmTpnKYxxgCcizoT1wCDmcgvVbp5FYFvr7h2HQoANwFfJK,False
2137,b2-fabric-b1-c4-r4,b2-fabric-b1-c4-r4-task-0212,fabric_post_task,True,,2472,1783314944902,2819,Qmaib3WGRkqTQustpCT5rKV9YQe2ieXfDc5aAxzzBF7FaH,False
2138,b2-fabric-b1-c4-r4,b2-fabric-b1-c4-r4-task-0213,fabric_post_task,True,,2487,1783314944887,4132,QmctLbZZivJVW7cFwYF2T1Ru2jPZUBYB55doQKWJ3SD4r5,False
2139,b2-fabric-b1-c4-r4,b2-fabric-b1-c4-r4-task-0215,fabric_post_allocation,True,,2313,1783314947373,0,,False
2140,b2-fabric-b1-c4-r4,b2-fabric-b1-c4-r4-task-0214,fabric_post_allocation,True,,2316,1783314947372,0,,False
2141,b2-fabric-b1-c4-r4,b2-fabric-b1-c4-r4-task-0213,fabric_post_allocation,True,,2315,1783314947374,0,,False
2142,b2-fabric-b1-c4-r4,b2-fabric-b1-c4-r4-task-0212,fabric_post_allocation,True,,2317,1783314947374,0,,False
2143,b2-fabric-b1-c4-r4,b2-fabric-b1-c4-r4-task-0215,fabric_post_snapshot,True,,2458,1783314949687,0,,False
2144,b2-fabric-b1-c4-r4,b2-fabric-b1-c4-r4-task-0213,fabric_post_snapshot,True,,2457,1783314949689,0,,False
2145,b2-fabric-b1-c4-r4,b2-fabric-b1-c4-r4-task-0212,fabric_post_snapshot,True,,2456,1783314949691,0,,False
2146,b2-fabric-b1-c4-r4,b2-fabric-b1-c4-r4-task-0214,fabric_post_snapshot,True,,2460,1783314949688,0,,False
2147,b2-fabric-b1-c4-r4,b2-fabric-b1-c4-r4-task-0215,fabric_query_confirmation,True,,109,1783314952145,0,,False
2148,b2-fabric-b1-c4-r4,b2-fabric-b1-c4-r4-task-0212,fabric_query_confirmation,True,,108,1783314952147,0,,False
2149,b2-fabric-b1-c4-r4,b2-fabric-b1-c4-r4-task-0213,fabric_query_confirmation,True,,109,1783314952146,0,,False
2150,b2-fabric-b1-c4-r4,b2-fabric-b1-c4-r4-task-0214,fabric_query_confirmation,True,,108,1783314952148,0,,False
2151,b2-fabric-b1-c4-r4,b2-fabric-b1-c4-r4-task-0213,fabric_vote_1,True,,2564,1783314952255,0,,False
2152,b2-fabric-b1-c4-r4,b2-fabric-b1-c4-r4-task-0212,fabric_vote_1,True,,2564,1783314952255,0,,False
2153,b2-fabric-b1-c4-r4,b2-fabric-b1-c4-r4-task-0215,fabric_vote_1,True,,2566,1783314952254,0,,False
2154,b2-fabric-b1-c4-r4,b2-fabric-b1-c4-r4-task-0214,fabric_vote_1,True,,2566,1783314952256,0,,False
2155,b2-fabric-b1-c4-r4,b2-fabric-b1-c4-r4-task-0212,fabric_vote_2,True,,2438,1783314954819,0,,False
2156,b2-fabric-b1-c4-r4,b2-fabric-b1-c4-r4-task-0213,fabric_vote_2,True,,2438,1783314954819,0,,False
2157,b2-fabric-b1-c4-r4,b2-fabric-b1-c4-r4-task-0215,fabric_vote_2,True,,2437,1783314954820,0,,False
2158,b2-fabric-b1-c4-r4,b2-fabric-b1-c4-r4-task-0214,fabric_vote_2,True,,2439,1783314954822,0,,False
2159,b2-fabric-b1-c4-r4,b2-fabric-b1-c4-r4-task-0213,fabric_settlement,True,,2484,1783314957257,0,,False
2160,b2-fabric-b1-c4-r4,b2-fabric-b1-c4-r4-task-0214,fabric_settlement,True,,2481,1783314957261,0,,False
2161,b2-fabric-b1-c4-r4,b2-fabric-b1-c4-r4-task-0212,fabric_settlement,True,,2485,1783314957257,0,,False
2162,b2-fabric-b1-c4-r4,b2-fabric-b1-c4-r4-task-0215,fabric_settlement,True,,2488,1783314957257,0,,False
2163,b2-fabric-b1-c4-r4,b2-fabric-b1-c4-r4-task-0212,fabric_query_final,True,,688,1783314959742,0,,False
2164,b2-fabric-b1-c4-r4,b2-fabric-b1-c4-r4-task-0213,fabric_query_final,True,,689,1783314959741,0,,False
2165,b2-fabric-b1-c4-r4,b2-fabric-b1-c4-r4-task-0215,fabric_query_final,True,,686,1783314959745,0,,False
2166,b2-fabric-b1-c4-r4,b2-fabric-b1-c4-r4-task-0214,fabric_query_final,True,,691,1783314959742,0,,False
2167,b2-fabric-b1-c4-r4,b2-fabric-b1-c4-r4-task-0212,ipfs_verify,True,,7,1783314960430,0,Qmaib3WGRkqTQustpCT5rKV9YQe2ieXfDc5aAxzzBF7FaH,False
2168,b2-fabric-b1-c4-r4,b2-fabric-b1-c4-r4-task-0213,ipfs_verify,True,,8,1783314960430,0,QmctLbZZivJVW7cFwYF2T1Ru2jPZUBYB55doQKWJ3SD4r5,False
2169,b2-fabric-b1-c4-r4,b2-fabric-b1-c4-r4-task-0214,ipfs_verify,True,,6,1783314960433,0,QmW8eUfmmaQLniD2wxDZwMJfZvPcEb95FaZBwzxdvv4GUs,False
2170,b2-fabric-b1-c4-r4,b2-fabric-b1-c4-r4-task-0215,ipfs_verify,True,,8,1783314960431,0,QmTpnKYxxgCcizoT1wCDmcgvVbp5FYFvr7h2HQoANwFfJK,False
2171,b2-fabric-b1-c4-r4,b2-fabric-b1-c4-r4-task-0216,ipfs_add,True,,29,1783314960437,4886,,False
2172,b2-fabric-b1-c4-r4,b2-fabric-b1-c4-r4-task-0217,ipfs_add,True,,45,1783314960438,2716,,False
2173,b2-fabric-b1-c4-r4,b2-fabric-b1-c4-r4-task-0218,ipfs_add,True,,61,1783314960439,4685,,False
2174,b2-fabric-b1-c4-r4,b2-fabric-b1-c4-r4-task-0219,ipfs_add,True,,78,1783314960439,2892,,False
2175,b2-fabric-b1-c4-r4,b2-fabric-b1-c4-r4-task-0219,fabric_post_task,True,,2414,1783314960517,2892,QmNhbectLBJKJjaBFkjTFgZM6bzSgrQqfV2nzNGd7hnhXp,False
2176,b2-fabric-b1-c4-r4,b2-fabric-b1-c4-r4-task-0218,fabric_post_task,True,,2432,1783314960500,4685,Qme1iJktEs7YhnQf7MbuHozo4uZPGWWEs3BYJ6zBCFpdMN,False
2177,b2-fabric-b1-c4-r4,b2-fabric-b1-c4-r4-task-0217,fabric_post_task,True,,2450,1783314960483,2716,QmSJABdfLv4Bpp2eX5n5HPKM57QCdjn63jgA55THvNNed2,False
2178,b2-fabric-b1-c4-r4,b2-fabric-b1-c4-r4-task-0216,fabric_post_task,True,,2469,1783314960466,4886,QmWRqVXWHuiCnyPwtVKNcTtPcSDmJqXWmtgqtbSbCRQFN4,False
2179,b2-fabric-b1-c4-r4,b2-fabric-b1-c4-r4-task-0216,fabric_post_allocation,True,,2507,1783314962935,0,,False
2180,b2-fabric-b1-c4-r4,b2-fabric-b1-c4-r4-task-0217,fabric_post_allocation,True,,2510,1783314962933,0,,False
2181,b2-fabric-b1-c4-r4,b2-fabric-b1-c4-r4-task-0219,fabric_post_allocation,True,,2513,1783314962931,0,,False
2182,b2-fabric-b1-c4-r4,b2-fabric-b1-c4-r4-task-0218,fabric_post_allocation,True,,2512,1783314962932,0,,False
2183,b2-fabric-b1-c4-r4,b2-fabric-b1-c4-r4-task-0217,fabric_post_snapshot,True,,2244,1783314965443,0,,False
2184,b2-fabric-b1-c4-r4,b2-fabric-b1-c4-r4-task-0218,fabric_post_snapshot,True,,2244,1783314965444,0,,False
2185,b2-fabric-b1-c4-r4,b2-fabric-b1-c4-r4-task-0219,fabric_post_snapshot,True,,2244,1783314965444,0,,False
2186,b2-fabric-b1-c4-r4,b2-fabric-b1-c4-r4-task-0216,fabric_post_snapshot,True,,2250,1783314965442,0,,False
2187,b2-fabric-b1-c4-r4,b2-fabric-b1-c4-r4-task-0218,fabric_query_confirmation,True,,298,1783314967688,0,,False
2188,b2-fabric-b1-c4-r4,b2-fabric-b1-c4-r4-task-0219,fabric_query_confirmation,True,,299,1783314967688,0,,False
2189,b2-fabric-b1-c4-r4,b2-fabric-b1-c4-r4-task-0217,fabric_query_confirmation,True,,301,1783314967687,0,,False
2190,b2-fabric-b1-c4-r4,b2-fabric-b1-c4-r4-task-0216,fabric_query_confirmation,True,,299,1783314967692,0,,False
2191,b2-fabric-b1-c4-r4,b2-fabric-b1-c4-r4-task-0219,fabric_vote_1,True,,1255,1783314967987,0,,False
2192,b2-fabric-b1-c4-r4,b2-fabric-b1-c4-r4-task-0216,fabric_vote_1,True,,1252,1783314967991,0,,False
2193,b2-fabric-b1-c4-r4,b2-fabric-b1-c4-r4-task-0218,fabric_vote_1,True,,1258,1783314967986,0,,False
2194,b2-fabric-b1-c4-r4,b2-fabric-b1-c4-r4-task-0217,fabric_vote_1,True,,1256,1783314967988,0,,False
2195,b2-fabric-b1-c4-r4,b2-fabric-b1-c4-r4-task-0216,fabric_vote_2,True,,2249,1783314969243,0,,False
2196,b2-fabric-b1-c4-r4,b2-fabric-b1-c4-r4-task-0217,fabric_vote_2,True,,2248,1783314969244,0,,False
2197,b2-fabric-b1-c4-r4,b2-fabric-b1-c4-r4-task-0218,fabric_vote_2,True,,2249,1783314969244,0,,False
2198,b2-fabric-b1-c4-r4,b2-fabric-b1-c4-r4-task-0219,fabric_vote_2,True,,2251,1783314969242,0,,False
2199,b2-fabric-b1-c4-r4,b2-fabric-b1-c4-r4-task-0219,fabric_settlement,True,,2312,1783314971493,0,,False
2200,b2-fabric-b1-c4-r4,b2-fabric-b1-c4-r4-task-0217,fabric_settlement,True,,2315,1783314971492,0,,False
2201,b2-fabric-b1-c4-r4,b2-fabric-b1-c4-r4-task-0218,fabric_settlement,True,,2316,1783314971493,0,,False
2202,b2-fabric-b1-c4-r4,b2-fabric-b1-c4-r4-task-0216,fabric_settlement,True,,2319,1783314971492,0,,False
2203,b2-fabric-b1-c4-r4,b2-fabric-b1-c4-r4-task-0219,fabric_query_final,True,,570,1783314973805,0,,False
2204,b2-fabric-b1-c4-r4,b2-fabric-b1-c4-r4-task-0217,fabric_query_final,True,,569,1783314973807,0,,False
2205,b2-fabric-b1-c4-r4,b2-fabric-b1-c4-r4-task-0216,fabric_query_final,True,,565,1783314973811,0,,False
2206,b2-fabric-b1-c4-r4,b2-fabric-b1-c4-r4-task-0218,fabric_query_final,True,,569,1783314973809,0,,False
2207,b2-fabric-b1-c4-r4,b2-fabric-b1-c4-r4-task-0217,ipfs_verify,True,,6,1783314974376,0,QmSJABdfLv4Bpp2eX5n5HPKM57QCdjn63jgA55THvNNed2,False
2208,b2-fabric-b1-c4-r4,b2-fabric-b1-c4-r4-task-0216,ipfs_verify,True,,7,1783314974376,0,QmWRqVXWHuiCnyPwtVKNcTtPcSDmJqXWmtgqtbSbCRQFN4,False
2209,b2-fabric-b1-c4-r4,b2-fabric-b1-c4-r4-task-0218,ipfs_verify,True,,6,1783314974378,0,Qme1iJktEs7YhnQf7MbuHozo4uZPGWWEs3BYJ6zBCFpdMN,False
2210,b2-fabric-b1-c4-r4,b2-fabric-b1-c4-r4-task-0219,ipfs_verify,True,,10,1783314974375,0,QmNhbectLBJKJjaBFkjTFgZM6bzSgrQqfV2nzNGd7hnhXp,False
2211,b2-fabric-b1-c4-r4,b2-fabric-b1-c4-r4-task-0220,ipfs_add,True,,28,1783314974382,4548,,False
2212,b2-fabric-b1-c4-r4,b2-fabric-b1-c4-r4-task-0221,ipfs_add,True,,43,1783314974383,3158,,False
2213,b2-fabric-b1-c4-r4,b2-fabric-b1-c4-r4-task-0223,ipfs_add,True,,58,1783314974385,3496,,False
2214,b2-fabric-b1-c4-r4,b2-fabric-b1-c4-r4-task-0222,ipfs_add,True,,77,1783314974384,1324,,False
2215,b2-fabric-b1-c4-r4,b2-fabric-b1-c4-r4-task-0220,fabric_post_task,True,,2509,1783314974410,4548,QmYYxvJgNUHcuw3V2RQoYsrDaUwRXmGhJB4S5YoBbJAdi9,False
2216,b2-fabric-b1-c4-r4,b2-fabric-b1-c4-r4-task-0223,fabric_post_task,True,,2478,1783314974443,3496,QmWbbDn5PocUVAwa1Z8DaHWZAUyYjNR994MzCi3frghkPT,False
2217,b2-fabric-b1-c4-r4,b2-fabric-b1-c4-r4-task-0221,fabric_post_task,True,,2496,1783314974426,3158,QmWVfmqjcSuDEvXN6AQHwxkPXEvwWEr5xAd7VvqaLGMK2z,False
2218,b2-fabric-b1-c4-r4,b2-fabric-b1-c4-r4-task-0222,fabric_post_task,True,,2462,1783314974461,1324,QmS9gSDSA2dNcaqguAdbXiugT37zErUJRQhyYdHW4FYF1Z,False
2219,b2-fabric-b1-c4-r4,b2-fabric-b1-c4-r4-task-0223,fabric_post_allocation,True,,2320,1783314976921,0,,False
2220,b2-fabric-b1-c4-r4,b2-fabric-b1-c4-r4-task-0221,fabric_post_allocation,True,,2320,1783314976922,0,,False
2221,b2-fabric-b1-c4-r4,b2-fabric-b1-c4-r4-task-0222,fabric_post_allocation,True,,2319,1783314976923,0,,False
2222,b2-fabric-b1-c4-r4,b2-fabric-b1-c4-r4-task-0220,fabric_post_allocation,True,,2327,1783314976919,0,,False
2223,b2-fabric-b1-c4-r4,b2-fabric-b1-c4-r4-task-0220,fabric_post_snapshot,True,,2440,1783314979247,0,,False
2224,b2-fabric-b1-c4-r4,b2-fabric-b1-c4-r4-task-0222,fabric_post_snapshot,True,,2446,1783314979242,0,,False
2225,b2-fabric-b1-c4-r4,b2-fabric-b1-c4-r4-task-0221,fabric_post_snapshot,True,,2446,1783314979242,0,,False
2226,b2-fabric-b1-c4-r4,b2-fabric-b1-c4-r4-task-0223,fabric_post_snapshot,True,,2448,1783314979241,0,,False
2227,b2-fabric-b1-c4-r4,b2-fabric-b1-c4-r4-task-0221,fabric_query_confirmation,True,,123,1783314981688,0,,False
2228,b2-fabric-b1-c4-r4,b2-fabric-b1-c4-r4-task-0220,fabric_query_confirmation,True,,125,1783314981687,0,,False
2229,b2-fabric-b1-c4-r4,b2-fabric-b1-c4-r4-task-0222,fabric_query_confirmation,True,,124,1783314981688,0,,False
2230,b2-fabric-b1-c4-r4,b2-fabric-b1-c4-r4-task-0223,fabric_query_confirmation,True,,173,1783314981689,0,,False
2231,b2-fabric-b1-c4-r4,b2-fabric-b1-c4-r4-task-0223,fabric_vote_1,True,,2503,1783314981862,0,,False
2232,b2-fabric-b1-c4-r4,b2-fabric-b1-c4-r4-task-0220,fabric_vote_1,True,,2556,1783314981812,0,,False
2233,b2-fabric-b1-c4-r4,b2-fabric-b1-c4-r4-task-0221,fabric_vote_1,True,,2558,1783314981811,0,,False
2234,b2-fabric-b1-c4-r4,b2-fabric-b1-c4-r4-task-0222,fabric_vote_1,True,,2559,1783314981812,0,,False
2235,b2-fabric-b1-c4-r4,b2-fabric-b1-c4-r4-task-0221,fabric_vote_2,True,,2298,1783314984369,0,,False
2236,b2-fabric-b1-c4-r4,b2-fabric-b1-c4-r4-task-0223,fabric_vote_2,True,,2303,1783314984365,0,,False
2237,b2-fabric-b1-c4-r4,b2-fabric-b1-c4-r4-task-0220,fabric_vote_2,True,,2300,1783314984368,0,,False
2238,b2-fabric-b1-c4-r4,b2-fabric-b1-c4-r4-task-0222,fabric_vote_2,True,,2300,1783314984371,0,,False
2239,b2-fabric-b1-c4-r4,b2-fabric-b1-c4-r4-task-0220,fabric_settlement,True,,2496,1783314986668,0,,False
2240,b2-fabric-b1-c4-r4,b2-fabric-b1-c4-r4-task-0223,fabric_settlement,True,,2497,1783314986668,0,,False
2241,b2-fabric-b1-c4-r4,b2-fabric-b1-c4-r4-task-0221,fabric_settlement,True,,2498,1783314986667,0,,False
2242,b2-fabric-b1-c4-r4,b2-fabric-b1-c4-r4-task-0222,fabric_settlement,True,,2496,1783314986671,0,,False
2243,b2-fabric-b1-c4-r4,b2-fabric-b1-c4-r4-task-0223,fabric_query_final,True,,698,1783314989165,0,,False
2244,b2-fabric-b1-c4-r4,b2-fabric-b1-c4-r4-task-0222,fabric_query_final,True,,697,1783314989167,0,,False
2245,b2-fabric-b1-c4-r4,b2-fabric-b1-c4-r4-task-0220,fabric_query_final,True,,700,1783314989164,0,,False
2246,b2-fabric-b1-c4-r4,b2-fabric-b1-c4-r4-task-0221,fabric_query_final,True,,703,1783314989165,0,,False
2247,b2-fabric-b1-c4-r4,b2-fabric-b1-c4-r4-task-0220,ipfs_verify,True,,6,1783314989864,0,QmYYxvJgNUHcuw3V2RQoYsrDaUwRXmGhJB4S5YoBbJAdi9,False
2248,b2-fabric-b1-c4-r4,b2-fabric-b1-c4-r4-task-0222,ipfs_verify,True,,7,1783314989864,0,QmS9gSDSA2dNcaqguAdbXiugT37zErUJRQhyYdHW4FYF1Z,False
2249,b2-fabric-b1-c4-r4,b2-fabric-b1-c4-r4-task-0223,ipfs_verify,True,,8,1783314989863,0,QmWbbDn5PocUVAwa1Z8DaHWZAUyYjNR994MzCi3frghkPT,False
2250,b2-fabric-b1-c4-r4,b2-fabric-b1-c4-r4-task-0221,ipfs_verify,True,,6,1783314989868,0,QmWVfmqjcSuDEvXN6AQHwxkPXEvwWEr5xAd7VvqaLGMK2z,False
2251,b2-fabric-b1-c4-r4,b2-fabric-b1-c4-r4-task-0224,ipfs_add,True,,27,1783314989870,1434,,False
2252,b2-fabric-b1-c4-r4,b2-fabric-b1-c4-r4-task-0226,ipfs_add,True,,44,1783314989871,2097,,False
2253,b2-fabric-b1-c4-r4,b2-fabric-b1-c4-r4-task-0225,ipfs_add,True,,61,1783314989871,2951,,False
2254,b2-fabric-b1-c4-r4,b2-fabric-b1-c4-r4-task-0227,ipfs_add,True,,76,1783314989874,2681,,False
2255,b2-fabric-b1-c4-r4,b2-fabric-b1-c4-r4-task-0225,fabric_post_task,True,,2442,1783314989932,2951,QmP2y2GKPy6gwArpzaE2RA5dRRgeXWNUH6Gyquaruz27DM,False
2256,b2-fabric-b1-c4-r4,b2-fabric-b1-c4-r4-task-0224,fabric_post_task,True,,2479,1783314989897,1434,Qmbpj7kBGWLUhW2szT9f3rx2oZsCwi6t2fMD1Smb2wFi3D,False
2257,b2-fabric-b1-c4-r4,b2-fabric-b1-c4-r4-task-0226,fabric_post_task,True,,2462,1783314989915,2097,QmYKcvqVA5kpfJsuCUkNUdEao6JQhFACmrPAQEP38tsjSp,False
2258,b2-fabric-b1-c4-r4,b2-fabric-b1-c4-r4-task-0227,fabric_post_task,True,,2428,1783314989950,2681,QmaotMaC4Hb3cSu92BbQ6XF1kKexFQRifGmXvXQ9CscYbr,False
2259,b2-fabric-b1-c4-r4,b2-fabric-b1-c4-r4-task-0227,fabric_post_allocation,True,,2317,1783314992378,0,,False
2260,b2-fabric-b1-c4-r4,b2-fabric-b1-c4-r4-task-0224,fabric_post_allocation,True,,2321,1783314992376,0,,False
2261,b2-fabric-b1-c4-r4,b2-fabric-b1-c4-r4-task-0226,fabric_post_allocation,True,,2321,1783314992377,0,,False
2262,b2-fabric-b1-c4-r4,b2-fabric-b1-c4-r4-task-0225,fabric_post_allocation,True,,2327,1783314992374,0,,False
2263,b2-fabric-b1-c4-r4,b2-fabric-b1-c4-r4-task-0227,fabric_post_snapshot,True,,2310,1783314994695,0,,False
2264,b2-fabric-b1-c4-r4,b2-fabric-b1-c4-r4-task-0225,fabric_post_snapshot,True,,2305,1783314994701,0,,False
2265,b2-fabric-b1-c4-r4,b2-fabric-b1-c4-r4-task-0224,fabric_post_snapshot,True,,2310,1783314994697,0,,False
2266,b2-fabric-b1-c4-r4,b2-fabric-b1-c4-r4-task-0226,fabric_post_snapshot,True,,2310,1783314994698,0,,False
2267,b2-fabric-b1-c4-r4,b2-fabric-b1-c4-r4-task-0227,fabric_query_confirmation,True,,110,1783314997005,0,,False
2268,b2-fabric-b1-c4-r4,b2-fabric-b1-c4-r4-task-0225,fabric_query_confirmation,True,,109,1783314997007,0,,False
2269,b2-fabric-b1-c4-r4,b2-fabric-b1-c4-r4-task-0226,fabric_query_confirmation,True,,108,1783314997008,0,,False
2270,b2-fabric-b1-c4-r4,b2-fabric-b1-c4-r4-task-0224,fabric_query_confirmation,True,,111,1783314997007,0,,False
2271,b2-fabric-b1-c4-r4,b2-fabric-b1-c4-r4-task-0226,fabric_vote_1,True,,1410,1783314997116,0,,False
2272,b2-fabric-b1-c4-r4,b2-fabric-b1-c4-r4-task-0224,fabric_vote_1,True,,1408,1783314997118,0,,False
2273,b2-fabric-b1-c4-r4,b2-fabric-b1-c4-r4-task-0225,fabric_vote_1,True,,1410,1783314997116,0,,False
2274,b2-fabric-b1-c4-r4,b2-fabric-b1-c4-r4-task-0227,fabric_vote_1,True,,1414,1783314997115,0,,False
2275,b2-fabric-b1-c4-r4,b2-fabric-b1-c4-r4-task-0224,fabric_vote_2,True,,2257,1783314998526,0,,False
2276,b2-fabric-b1-c4-r4,b2-fabric-b1-c4-r4-task-0227,fabric_vote_2,True,,2255,1783314998529,0,,False
2277,b2-fabric-b1-c4-r4,b2-fabric-b1-c4-r4-task-0225,fabric_vote_2,True,,2259,1783314998526,0,,False
2278,b2-fabric-b1-c4-r4,b2-fabric-b1-c4-r4-task-0226,fabric_vote_2,True,,2259,1783314998526,0,,False
2279,b2-fabric-b1-c4-r4,b2-fabric-b1-c4-r4-task-0227,fabric_settlement,True,,2287,1783315000784,0,,False
2280,b2-fabric-b1-c4-r4,b2-fabric-b1-c4-r4-task-0225,fabric_settlement,True,,2286,1783315000785,0,,False
2281,b2-fabric-b1-c4-r4,b2-fabric-b1-c4-r4-task-0226,fabric_settlement,True,,2287,1783315000785,0,,False
2282,b2-fabric-b1-c4-r4,b2-fabric-b1-c4-r4-task-0224,fabric_settlement,True,,2291,1783315000783,0,,False
2283,b2-fabric-b1-c4-r4,b2-fabric-b1-c4-r4-task-0226,fabric_query_final,True,,981,1783315003072,0,,False
2284,b2-fabric-b1-c4-r4,b2-fabric-b1-c4-r4-task-0224,fabric_query_final,True,,980,1783315003074,0,,False
2285,b2-fabric-b1-c4-r4,b2-fabric-b1-c4-r4-task-0227,fabric_query_final,True,,983,1783315003071,0,,False
2286,b2-fabric-b1-c4-r4,b2-fabric-b1-c4-r4-task-0225,fabric_query_final,True,,986,1783315003071,0,,False
2287,b2-fabric-b1-c4-r4,b2-fabric-b1-c4-r4-task-0224,ipfs_verify,True,,6,1783315004054,0,Qmbpj7kBGWLUhW2szT9f3rx2oZsCwi6t2fMD1Smb2wFi3D,False
2288,b2-fabric-b1-c4-r4,b2-fabric-b1-c4-r4-task-0226,ipfs_verify,True,,8,1783315004053,0,QmYKcvqVA5kpfJsuCUkNUdEao6JQhFACmrPAQEP38tsjSp,False
2289,b2-fabric-b1-c4-r4,b2-fabric-b1-c4-r4-task-0227,ipfs_verify,True,,7,1783315004054,0,QmaotMaC4Hb3cSu92BbQ6XF1kKexFQRifGmXvXQ9CscYbr,False
2290,b2-fabric-b1-c4-r4,b2-fabric-b1-c4-r4-task-0225,ipfs_verify,True,,8,1783315004057,0,QmP2y2GKPy6gwArpzaE2RA5dRRgeXWNUH6Gyquaruz27DM,False
2291,b2-fabric-b1-c4-r4,b2-fabric-b1-c4-r4-task-0228,ipfs_add,True,,27,1783315004060,3049,,False
2292,b2-fabric-b1-c4-r4,b2-fabric-b1-c4-r4-task-0229,ipfs_add,True,,43,1783315004061,1853,,False
2293,b2-fabric-b1-c4-r4,b2-fabric-b1-c4-r4-task-0230,ipfs_add,True,,61,1783315004061,4672,,False
2294,b2-fabric-b1-c4-r4,b2-fabric-b1-c4-r4-task-0231,ipfs_add,True,,73,1783315004065,4749,,False
2295,b2-fabric-b1-c4-r4,b2-fabric-b1-c4-r4-task-0231,fabric_post_task,True,,2433,1783315004138,4749,QmZ1zUyz7qR3sEW9z4W3mHUGs871kKaNMsvhBu7yRneVTT,False
2296,b2-fabric-b1-c4-r4,b2-fabric-b1-c4-r4-task-0229,fabric_post_task,True,,2467,1783315004104,1853,QmU1c3q88Niv1hpqR47GYDb1SQRJPW8Sq3y68qKJ6gnFaK,False
2297,b2-fabric-b1-c4-r4,b2-fabric-b1-c4-r4-task-0230,fabric_post_task,True,,2450,1783315004122,4672,QmVVrWGoPddnyHraUM2wUgG7XF2t7LkAUG71CvTqMUfisz,False
2298,b2-fabric-b1-c4-r4,b2-fabric-b1-c4-r4-task-0228,fabric_post_task,True,,2486,1783315004087,3049,Qmcg9hZwBNt4mPUVQKwcf3whBnxD8r9WzcLGYR2bbkVKYL,False
2299,b2-fabric-b1-c4-r4,b2-fabric-b1-c4-r4-task-0230,fabric_post_allocation,True,,2316,1783315006572,0,,False
2300,b2-fabric-b1-c4-r4,b2-fabric-b1-c4-r4-task-0229,fabric_post_allocation,True,,2318,1783315006571,0,,False
2301,b2-fabric-b1-c4-r4,b2-fabric-b1-c4-r4-task-0231,fabric_post_allocation,True,,2319,1783315006571,0,,False
2302,b2-fabric-b1-c4-r4,b2-fabric-b1-c4-r4-task-0228,fabric_post_allocation,True,,2319,1783315006573,0,,False
2303,b2-fabric-b1-c4-r4,b2-fabric-b1-c4-r4-task-0228,fabric_post_snapshot,True,,2450,1783315008892,0,,False
2304,b2-fabric-b1-c4-r4,b2-fabric-b1-c4-r4-task-0229,fabric_post_snapshot,True,,2454,1783315008889,0,,False
2305,b2-fabric-b1-c4-r4,b2-fabric-b1-c4-r4-task-0230,fabric_post_snapshot,True,,2457,1783315008888,0,,False
2306,b2-fabric-b1-c4-r4,b2-fabric-b1-c4-r4-task-0231,fabric_post_snapshot,True,,2455,1783315008890,0,,False
2307,b2-fabric-b1-c4-r4,b2-fabric-b1-c4-r4-task-0231,fabric_query_confirmation,True,,117,1783315011345,0,,False
2308,b2-fabric-b1-c4-r4,b2-fabric-b1-c4-r4-task-0228,fabric_query_confirmation,True,,120,1783315011342,0,,False
2309,b2-fabric-b1-c4-r4,b2-fabric-b1-c4-r4-task-0230,fabric_query_confirmation,True,,118,1783315011345,0,,False
2310,b2-fabric-b1-c4-r4,b2-fabric-b1-c4-r4-task-0229,fabric_query_confirmation,True,,122,1783315011343,0,,False
2311,b2-fabric-b1-c4-r4,b2-fabric-b1-c4-r4-task-0231,fabric_vote_1,True,,2726,1783315011462,0,,False
2312,b2-fabric-b1-c4-r4,b2-fabric-b1-c4-r4-task-0229,fabric_vote_1,True,,2723,1783315011465,0,,False
2313,b2-fabric-b1-c4-r4,b2-fabric-b1-c4-r4-task-0230,fabric_vote_1,True,,2726,1783315011463,0,,False
2314,b2-fabric-b1-c4-r4,b2-fabric-b1-c4-r4-task-0228,fabric_vote_1,True,,2727,1783315011463,0,,False
2315,b2-fabric-b1-c4-r4,b2-fabric-b1-c4-r4-task-0230,fabric_vote_2,True,,2242,1783315014189,0,,False
2316,b2-fabric-b1-c4-r4,b2-fabric-b1-c4-r4-task-0229,fabric_vote_2,True,,2243,1783315014188,0,,False
2317,b2-fabric-b1-c4-r4,b2-fabric-b1-c4-r4-task-0231,fabric_vote_2,True,,2244,1783315014188,0,,False
2318,b2-fabric-b1-c4-r4,b2-fabric-b1-c4-r4-task-0228,fabric_vote_2,True,,2244,1783315014190,0,,False
2319,b2-fabric-b1-c4-r4,b2-fabric-b1-c4-r4-task-0230,fabric_settlement,True,,2525,1783315016431,0,,False
2320,b2-fabric-b1-c4-r4,b2-fabric-b1-c4-r4-task-0228,fabric_settlement,True,,2522,1783315016434,0,,False
2321,b2-fabric-b1-c4-r4,b2-fabric-b1-c4-r4-task-0229,fabric_settlement,True,,2526,1783315016431,0,,False
2322,b2-fabric-b1-c4-r4,b2-fabric-b1-c4-r4-task-0231,fabric_settlement,True,,2528,1783315016432,0,,False
2323,b2-fabric-b1-c4-r4,b2-fabric-b1-c4-r4-task-0229,fabric_query_final,True,,695,1783315018957,0,,False
2324,b2-fabric-b1-c4-r4,b2-fabric-b1-c4-r4-task-0231,fabric_query_final,True,,693,1783315018960,0,,False
2325,b2-fabric-b1-c4-r4,b2-fabric-b1-c4-r4-task-0228,fabric_query_final,True,,697,1783315018956,0,,False
2326,b2-fabric-b1-c4-r4,b2-fabric-b1-c4-r4-task-0230,fabric_query_final,True,,701,1783315018956,0,,False
2327,b2-fabric-b1-c4-r4,b2-fabric-b1-c4-r4-task-0231,ipfs_verify,True,,6,1783315019653,0,QmZ1zUyz7qR3sEW9z4W3mHUGs871kKaNMsvhBu7yRneVTT,False
2328,b2-fabric-b1-c4-r4,b2-fabric-b1-c4-r4-task-0229,ipfs_verify,True,,8,1783315019652,0,QmU1c3q88Niv1hpqR47GYDb1SQRJPW8Sq3y68qKJ6gnFaK,False
2329,b2-fabric-b1-c4-r4,b2-fabric-b1-c4-r4-task-0228,ipfs_verify,True,,8,1783315019653,0,Qmcg9hZwBNt4mPUVQKwcf3whBnxD8r9WzcLGYR2bbkVKYL,False
2330,b2-fabric-b1-c4-r4,b2-fabric-b1-c4-r4-task-0230,ipfs_verify,True,,6,1783315019657,0,QmVVrWGoPddnyHraUM2wUgG7XF2t7LkAUG71CvTqMUfisz,False
2331,b2-fabric-b1-c4-r4,b2-fabric-b1-c4-r4-task-0232,ipfs_add,True,,31,1783315019659,5652,,False
2332,b2-fabric-b1-c4-r4,b2-fabric-b1-c4-r4-task-0234,ipfs_add,True,,46,1783315019661,4813,,False
2333,b2-fabric-b1-c4-r4,b2-fabric-b1-c4-r4-task-0233,ipfs_add,True,,66,1783315019660,5561,,False
2334,b2-fabric-b1-c4-r4,b2-fabric-b1-c4-r4-task-0235,ipfs_add,True,,81,1783315019663,3473,,False
2335,b2-fabric-b1-c4-r4,b2-fabric-b1-c4-r4-task-0233,fabric_post_task,True,,2434,1783315019726,5561,QmPiTWkJT1mbrmoTnV9zypQTW3Way5fUm3QKFnVCGaYeHm,False
2336,b2-fabric-b1-c4-r4,b2-fabric-b1-c4-r4-task-0232,fabric_post_task,True,,2472,1783315019690,5652,QmSoSsUedyqXDpWjs8cPi259zwcokeishbBomFLbck3bFS,False
2337,b2-fabric-b1-c4-r4,b2-fabric-b1-c4-r4-task-0234,fabric_post_task,True,,2455,1783315019707,4813,QmPib3HBbwLaFsPuT1LMCQzfpjcraJk2ud1LU6KcqXFQ9r,False
2338,b2-fabric-b1-c4-r4,b2-fabric-b1-c4-r4-task-0235,fabric_post_task,True,,2419,1783315019744,3473,QmYicVCk9mEpCXvCjMGcMHHmbJVaPePcbBgZQABLWpBqqW,False
2339,b2-fabric-b1-c4-r4,b2-fabric-b1-c4-r4-task-0233,fabric_post_allocation,True,,2308,1783315022160,0,,False
2340,b2-fabric-b1-c4-r4,b2-fabric-b1-c4-r4-task-0234,fabric_post_allocation,True,,2306,1783315022162,0,,False
2341,b2-fabric-b1-c4-r4,b2-fabric-b1-c4-r4-task-0232,fabric_post_allocation,True,,2307,1783315022162,0,,False
2342,b2-fabric-b1-c4-r4,b2-fabric-b1-c4-r4-task-0235,fabric_post_allocation,True,,2309,1783315022163,0,,False
2343,b2-fabric-b1-c4-r4,b2-fabric-b1-c4-r4-task-0234,fabric_post_snapshot,True,,2505,1783315024468,0,,False
2344,b2-fabric-b1-c4-r4,b2-fabric-b1-c4-r4-task-0232,fabric_post_snapshot,True,,2505,1783315024469,0,,False
2345,b2-fabric-b1-c4-r4,b2-fabric-b1-c4-r4-task-0233,fabric_post_snapshot,True,,2507,1783315024468,0,,False
2346,b2-fabric-b1-c4-r4,b2-fabric-b1-c4-r4-task-0235,fabric_post_snapshot,True,,2503,1783315024472,0,,False
2347,b2-fabric-b1-c4-r4,b2-fabric-b1-c4-r4-task-0233,fabric_query_confirmation,True,,115,1783315026975,0,,False
2348,b2-fabric-b1-c4-r4,b2-fabric-b1-c4-r4-task-0235,fabric_query_confirmation,True,,115,1783315026975,0,,False
2349,b2-fabric-b1-c4-r4,b2-fabric-b1-c4-r4-task-0232,fabric_query_confirmation,True,,117,1783315026974,0,,False
2350,b2-fabric-b1-c4-r4,b2-fabric-b1-c4-r4-task-0234,fabric_query_confirmation,True,,120,1783315026973,0,,False
2351,b2-fabric-b1-c4-r4,b2-fabric-b1-c4-r4-task-0234,fabric_vote_1,True,,1502,1783315027093,0,,False
2352,b2-fabric-b1-c4-r4,b2-fabric-b1-c4-r4-task-0232,fabric_vote_1,True,,1504,1783315027091,0,,False
2353,b2-fabric-b1-c4-r4,b2-fabric-b1-c4-r4-task-0235,fabric_vote_1,True,,1506,1783315027090,0,,False
2354,b2-fabric-b1-c4-r4,b2-fabric-b1-c4-r4-task-0233,fabric_vote_1,True,,1507,1783315027090,0,,False
2355,b2-fabric-b1-c4-r4,b2-fabric-b1-c4-r4-task-0232,fabric_vote_2,True,,2254,1783315028595,0,,False
2356,b2-fabric-b1-c4-r4,b2-fabric-b1-c4-r4-task-0234,fabric_vote_2,True,,2255,1783315028595,0,,False
2357,b2-fabric-b1-c4-r4,b2-fabric-b1-c4-r4-task-0233,fabric_vote_2,True,,2254,1783315028597,0,,False
2358,b2-fabric-b1-c4-r4,b2-fabric-b1-c4-r4-task-0235,fabric_vote_2,True,,2256,1783315028596,0,,False
2359,b2-fabric-b1-c4-r4,b2-fabric-b1-c4-r4-task-0233,fabric_settlement,True,,2468,1783315030851,0,,False
2360,b2-fabric-b1-c4-r4,b2-fabric-b1-c4-r4-task-0234,fabric_settlement,True,,2470,1783315030850,0,,False
2361,b2-fabric-b1-c4-r4,b2-fabric-b1-c4-r4-task-0232,fabric_settlement,True,,2471,1783315030849,0,,False
2362,b2-fabric-b1-c4-r4,b2-fabric-b1-c4-r4-task-0235,fabric_settlement,True,,2469,1783315030852,0,,False
2363,b2-fabric-b1-c4-r4,b2-fabric-b1-c4-r4-task-0235,fabric_query_final,True,,516,1783315033321,0,,False
2364,b2-fabric-b1-c4-r4,b2-fabric-b1-c4-r4-task-0232,fabric_query_final,True,,518,1783315033320,0,,False
2365,b2-fabric-b1-c4-r4,b2-fabric-b1-c4-r4-task-0233,fabric_query_final,True,,520,1783315033319,0,,False
2366,b2-fabric-b1-c4-r4,b2-fabric-b1-c4-r4-task-0234,fabric_query_final,True,,521,1783315033320,0,,False
2367,b2-fabric-b1-c4-r4,b2-fabric-b1-c4-r4-task-0235,ipfs_verify,True,,9,1783315033837,0,QmYicVCk9mEpCXvCjMGcMHHmbJVaPePcbBgZQABLWpBqqW,False
2368,b2-fabric-b1-c4-r4,b2-fabric-b1-c4-r4-task-0232,ipfs_verify,True,,9,1783315033838,0,QmSoSsUedyqXDpWjs8cPi259zwcokeishbBomFLbck3bFS,False
2369,b2-fabric-b1-c4-r4,b2-fabric-b1-c4-r4-task-0233,ipfs_verify,True,,9,1783315033839,0,QmPiTWkJT1mbrmoTnV9zypQTW3Way5fUm3QKFnVCGaYeHm,False
2370,b2-fabric-b1-c4-r4,b2-fabric-b1-c4-r4-task-0234,ipfs_verify,True,,8,1783315033841,0,QmPib3HBbwLaFsPuT1LMCQzfpjcraJk2ud1LU6KcqXFQ9r,False
2371,b2-fabric-b1-c4-r4,b2-fabric-b1-c4-r4-task-0236,ipfs_add,True,,30,1783315033846,3609,,False
2372,b2-fabric-b1-c4-r4,b2-fabric-b1-c4-r4-task-0237,ipfs_add,True,,47,1783315033847,5358,,False
2373,b2-fabric-b1-c4-r4,b2-fabric-b1-c4-r4-task-0238,ipfs_add,True,,67,1783315033848,2789,,False
2374,b2-fabric-b1-c4-r4,b2-fabric-b1-c4-r4-task-0239,ipfs_add,True,,101,1783315033849,1409,,False
2375,b2-fabric-b1-c4-r4,b2-fabric-b1-c4-r4-task-0239,fabric_post_task,True,,2468,1783315033950,1409,QmQMeGcZwLYK3Pq3gZevpTDuLFbfuYKryRgEJBym4Nhd1b,False
2376,b2-fabric-b1-c4-r4,b2-fabric-b1-c4-r4-task-0238,fabric_post_task,True,,2504,1783315033915,2789,QmT6ZzLsRWnFGbDxFiczkk711sF8hynyFyTCPutJbTgPxU,False
2377,b2-fabric-b1-c4-r4,b2-fabric-b1-c4-r4-task-0237,fabric_post_task,True,,2525,1783315033894,5358,QmVAq5JsSc7aMPcAaJdKWcsK7zz4oLxAr4YXCyVDbZzyuX,False
2378,b2-fabric-b1-c4-r4,b2-fabric-b1-c4-r4-task-0236,fabric_post_task,True,,2544,1783315033876,3609,QmVXqjnDPn1ZWZeaYTpic5k9LeY4VnPGoRNhtDotr1gFPf,False
2379,b2-fabric-b1-c4-r4,b2-fabric-b1-c4-r4-task-0239,fabric_post_allocation,True,,2311,1783315036418,0,,False
2380,b2-fabric-b1-c4-r4,b2-fabric-b1-c4-r4-task-0236,fabric_post_allocation,True,,2311,1783315036420,0,,False
2381,b2-fabric-b1-c4-r4,b2-fabric-b1-c4-r4-task-0237,fabric_post_allocation,True,,2312,1783315036419,0,,False
2382,b2-fabric-b1-c4-r4,b2-fabric-b1-c4-r4-task-0238,fabric_post_allocation,True,,2314,1783315036419,0,,False
2383,b2-fabric-b1-c4-r4,b2-fabric-b1-c4-r4-task-0238,fabric_post_snapshot,True,,2446,1783315038733,0,,False
2384,b2-fabric-b1-c4-r4,b2-fabric-b1-c4-r4-task-0236,fabric_post_snapshot,True,,2448,1783315038731,0,,False
2385,b2-fabric-b1-c4-r4,b2-fabric-b1-c4-r4-task-0239,fabric_post_snapshot,True,,2451,1783315038729,0,,False
2386,b2-fabric-b1-c4-r4,b2-fabric-b1-c4-r4-task-0237,fabric_post_snapshot,True,,2450,1783315038731,0,,False
2387,b2-fabric-b1-c4-r4,b2-fabric-b1-c4-r4-task-0237,fabric_query_confirmation,True,,110,1783315041181,0,,False
2388,b2-fabric-b1-c4-r4,b2-fabric-b1-c4-r4-task-0238,fabric_query_confirmation,True,,112,1783315041179,0,,False
2389,b2-fabric-b1-c4-r4,b2-fabric-b1-c4-r4-task-0239,fabric_query_confirmation,True,,111,1783315041180,0,,False
2390,b2-fabric-b1-c4-r4,b2-fabric-b1-c4-r4-task-0236,fabric_query_confirmation,True,,114,1783315041179,0,,False
2391,b2-fabric-b1-c4-r4,b2-fabric-b1-c4-r4-task-0236,fabric_vote_1,True,,2724,1783315041293,0,,False
2392,b2-fabric-b1-c4-r4,b2-fabric-b1-c4-r4-task-0237,fabric_vote_1,True,,2728,1783315041291,0,,False
2393,b2-fabric-b1-c4-r4,b2-fabric-b1-c4-r4-task-0238,fabric_vote_1,True,,2729,1783315041291,0,,False
2394,b2-fabric-b1-c4-r4,b2-fabric-b1-c4-r4-task-0239,fabric_vote_1,True,,2730,1783315041291,0,,False
2395,b2-fabric-b1-c4-r4,b2-fabric-b1-c4-r4-task-0238,fabric_vote_2,True,,2245,1783315044020,0,,False
2396,b2-fabric-b1-c4-r4,b2-fabric-b1-c4-r4-task-0239,fabric_vote_2,True,,2245,1783315044021,0,,False
2397,b2-fabric-b1-c4-r4,b2-fabric-b1-c4-r4-task-0236,fabric_vote_2,True,,2249,1783315044017,0,,False
2398,b2-fabric-b1-c4-r4,b2-fabric-b1-c4-r4-task-0237,fabric_vote_2,True,,2249,1783315044019,0,,False
2399,b2-fabric-b1-c4-r4,b2-fabric-b1-c4-r4-task-0239,fabric_settlement,True,,2476,1783315046266,0,,False
2400,b2-fabric-b1-c4-r4,b2-fabric-b1-c4-r4-task-0236,fabric_settlement,True,,2477,1783315046266,0,,False
2401,b2-fabric-b1-c4-r4,b2-fabric-b1-c4-r4-task-0238,fabric_settlement,True,,2478,1783315046265,0,,False
2402,b2-fabric-b1-c4-r4,b2-fabric-b1-c4-r4-task-0237,fabric_settlement,True,,2475,1783315046269,0,,False
2403,b2-fabric-b1-c4-r4,b2-fabric-b1-c4-r4-task-0237,fabric_query_final,True,,705,1783315048744,0,,False
2404,b2-fabric-b1-c4-r4,b2-fabric-b1-c4-r4-task-0236,fabric_query_final,True,,708,1783315048743,0,,False
2405,b2-fabric-b1-c4-r4,b2-fabric-b1-c4-r4-task-0238,fabric_query_final,True,,708,1783315048743,0,,False
2406,b2-fabric-b1-c4-r4,b2-fabric-b1-c4-r4-task-0239,fabric_query_final,True,,711,1783315048742,0,,False
2407,b2-fabric-b1-c4-r4,b2-fabric-b1-c4-r4-task-0236,ipfs_verify,True,,6,1783315049451,0,QmVXqjnDPn1ZWZeaYTpic5k9LeY4VnPGoRNhtDotr1gFPf,False
2408,b2-fabric-b1-c4-r4,b2-fabric-b1-c4-r4-task-0238,ipfs_verify,True,,7,1783315049451,0,QmT6ZzLsRWnFGbDxFiczkk711sF8hynyFyTCPutJbTgPxU,False
2409,b2-fabric-b1-c4-r4,b2-fabric-b1-c4-r4-task-0237,ipfs_verify,True,,8,1783315049450,0,QmVAq5JsSc7aMPcAaJdKWcsK7zz4oLxAr4YXCyVDbZzyuX,False
2410,b2-fabric-b1-c4-r4,b2-fabric-b1-c4-r4-task-0239,ipfs_verify,True,,6,1783315049453,0,QmQMeGcZwLYK3Pq3gZevpTDuLFbfuYKryRgEJBym4Nhd1b,False
2411,b2-fabric-b1-c4-r4,b2-fabric-b1-c4-r4-task-0241,ipfs_add,True,,29,1783315049458,2700,,False
2412,b2-fabric-b1-c4-r4,b2-fabric-b1-c4-r4-task-0240,ipfs_add,True,,48,1783315049457,1900,,False
2413,b2-fabric-b1-c4-r4,b2-fabric-b1-c4-r4-task-0242,ipfs_add,True,,63,1783315049458,2053,,False
2414,b2-fabric-b1-c4-r4,b2-fabric-b1-c4-r4-task-0243,ipfs_add,True,,78,1783315049459,1456,,False
2415,b2-fabric-b1-c4-r4,b2-fabric-b1-c4-r4-task-0242,fabric_post_task,True,,2424,1783315049521,2053,QmNubnQEoCoKW34iLEEdjbFpwQuVWvqdKUZP7pPaRitT9Z,False
2416,b2-fabric-b1-c4-r4,b2-fabric-b1-c4-r4-task-0240,fabric_post_task,True,,2442,1783315049505,1900,QmRfDCDvLXbQCMFDCB2yZ6ZQfQ9nRcY5sEkbivZjmdkej6,False
2417,b2-fabric-b1-c4-r4,b2-fabric-b1-c4-r4-task-0243,fabric_post_task,True,,2412,1783315049537,1456,QmRSRcL9QGoh8VvDT2ixSsZg96fnWrX8z1a5S7uHJpt7kp,False
2418,b2-fabric-b1-c4-r4,b2-fabric-b1-c4-r4-task-0241,fabric_post_task,True,,2462,1783315049487,2700,QmfEJkxeZXBCtVrzRc9tWUkiwMt3QbnPxy27zPrhErg5Mj,False
2419,b2-fabric-b1-c4-r4,b2-fabric-b1-c4-r4-task-0241,fabric_post_allocation,True,,2313,1783315051949,0,,False
2420,b2-fabric-b1-c4-r4,b2-fabric-b1-c4-r4-task-0242,fabric_post_allocation,True,,2318,1783315051945,0,,False
2421,b2-fabric-b1-c4-r4,b2-fabric-b1-c4-r4-task-0243,fabric_post_allocation,True,,2315,1783315051949,0,,False
2422,b2-fabric-b1-c4-r4,b2-fabric-b1-c4-r4-task-0240,fabric_post_allocation,True,,2319,1783315051947,0,,False
2423,b2-fabric-b1-c4-r4,b2-fabric-b1-c4-r4-task-0241,fabric_post_snapshot,True,,2449,1783315054263,0,,False
2424,b2-fabric-b1-c4-r4,b2-fabric-b1-c4-r4-task-0240,fabric_post_snapshot,True,,2447,1783315054266,0,,False
2425,b2-fabric-b1-c4-r4,b2-fabric-b1-c4-r4-task-0243,fabric_post_snapshot,True,,2450,1783315054264,0,,False
2426,b2-fabric-b1-c4-r4,b2-fabric-b1-c4-r4-task-0242,fabric_post_snapshot,True,,2452,1783315054263,0,,False
2427,b2-fabric-b1-c4-r4,b2-fabric-b1-c4-r4-task-0243,fabric_query_confirmation,True,,132,1783315056714,0,,False
2428,b2-fabric-b1-c4-r4,b2-fabric-b1-c4-r4-task-0240,fabric_query_confirmation,True,,133,1783315056713,0,,False
2429,b2-fabric-b1-c4-r4,b2-fabric-b1-c4-r4-task-0241,fabric_query_confirmation,True,,136,1783315056712,0,,False
2430,b2-fabric-b1-c4-r4,b2-fabric-b1-c4-r4-task-0242,fabric_query_confirmation,True,,137,1783315056715,0,,False
2431,b2-fabric-b1-c4-r4,b2-fabric-b1-c4-r4-task-0242,fabric_vote_1,True,,1255,1783315056852,0,,False
2432,b2-fabric-b1-c4-r4,b2-fabric-b1-c4-r4-task-0243,fabric_vote_1,True,,1262,1783315056846,0,,False
2433,b2-fabric-b1-c4-r4,b2-fabric-b1-c4-r4-task-0240,fabric_vote_1,True,,1263,1783315056846,0,,False
2434,b2-fabric-b1-c4-r4,b2-fabric-b1-c4-r4-task-0241,fabric_vote_1,True,,1263,1783315056848,0,,False
2435,b2-fabric-b1-c4-r4,b2-fabric-b1-c4-r4-task-0241,fabric_vote_2,True,,2421,1783315058111,0,,False
2436,b2-fabric-b1-c4-r4,b2-fabric-b1-c4-r4-task-0240,fabric_vote_2,True,,2424,1783315058109,0,,False
2437,b2-fabric-b1-c4-r4,b2-fabric-b1-c4-r4-task-0243,fabric_vote_2,True,,2426,1783315058108,0,,False
2438,b2-fabric-b1-c4-r4,b2-fabric-b1-c4-r4-task-0242,fabric_vote_2,True,,2427,1783315058107,0,,False
2439,b2-fabric-b1-c4-r4,b2-fabric-b1-c4-r4-task-0243,fabric_settlement,True,,2295,1783315060534,0,,False
2440,b2-fabric-b1-c4-r4,b2-fabric-b1-c4-r4-task-0242,fabric_settlement,True,,2296,1783315060534,0,,False
2441,b2-fabric-b1-c4-r4,b2-fabric-b1-c4-r4-task-0241,fabric_settlement,True,,2301,1783315060532,0,,False
2442,b2-fabric-b1-c4-r4,b2-fabric-b1-c4-r4-task-0240,fabric_settlement,True,,2300,1783315060533,0,,False
2443,b2-fabric-b1-c4-r4,b2-fabric-b1-c4-r4-task-0243,fabric_query_final,True,,424,1783315062829,0,,False
2444,b2-fabric-b1-c4-r4,b2-fabric-b1-c4-r4-task-0240,fabric_query_final,True,,427,1783315062834,0,,False
2445,b2-fabric-b1-c4-r4,b2-fabric-b1-c4-r4-task-0241,fabric_query_final,True,,429,1783315062833,0,,False
2446,b2-fabric-b1-c4-r4,b2-fabric-b1-c4-r4-task-0243,ipfs_verify,True,,15,1783315063253,0,QmRSRcL9QGoh8VvDT2ixSsZg96fnWrX8z1a5S7uHJpt7kp,False
2447,b2-fabric-b1-c4-r4,b2-fabric-b1-c4-r4-task-0242,fabric_query_final,True,,441,1783315062830,0,,False
2448,b2-fabric-b1-c4-r4,b2-fabric-b1-c4-r4-task-0240,ipfs_verify,True,,10,1783315063261,0,QmRfDCDvLXbQCMFDCB2yZ6ZQfQ9nRcY5sEkbivZjmdkej6,False
2449,b2-fabric-b1-c4-r4,b2-fabric-b1-c4-r4-task-0241,ipfs_verify,True,,12,1783315063262,0,QmfEJkxeZXBCtVrzRc9tWUkiwMt3QbnPxy27zPrhErg5Mj,False
2450,b2-fabric-b1-c4-r4,b2-fabric-b1-c4-r4-task-0242,ipfs_verify,True,,8,1783315063271,0,QmNubnQEoCoKW34iLEEdjbFpwQuVWvqdKUZP7pPaRitT9Z,False
2451,b2-fabric-b1-c4-r4,b2-fabric-b1-c4-r4-task-0244,ipfs_add,True,,34,1783315063268,1940,,False
2452,b2-fabric-b1-c4-r4,b2-fabric-b1-c4-r4-task-0245,ipfs_add,True,,49,1783315063272,1397,,False
2453,b2-fabric-b1-c4-r4,b2-fabric-b1-c4-r4-task-0246,ipfs_add,True,,65,1783315063275,1908,,False
2454,b2-fabric-b1-c4-r4,b2-fabric-b1-c4-r4-task-0247,ipfs_add,True,,79,1783315063280,1442,,False
2455,b2-fabric-b1-c4-r4,b2-fabric-b1-c4-r4-task-0244,fabric_post_task,True,,2545,1783315063302,1940,QmZRkcbZv6DrZ32YxAdk9t2kzi1YwGMwtxRpuS6Qjz4ByS,False
2456,b2-fabric-b1-c4-r4,b2-fabric-b1-c4-r4-task-0247,fabric_post_task,True,,2491,1783315063359,1442,QmX6Pz1owsVrhohFcJpqY4nN99ZYTUNsMhoWJHmcAATrUC,False
2457,b2-fabric-b1-c4-r4,b2-fabric-b1-c4-r4-task-0246,fabric_post_task,True,,2510,1783315063340,1908,Qmbd379qf1e5jFN3VfVGanPkH2qj7HaxhCKRJVLas9XhVH,False
2458,b2-fabric-b1-c4-r4,b2-fabric-b1-c4-r4-task-0245,fabric_post_task,True,,2530,1783315063321,1397,QmRfQ29mFdu3DgQcz3fAXc1k7t6oBRgjxH4rKPuQH1fX4o,False
2459,b2-fabric-b1-c4-r4,b2-fabric-b1-c4-r4-task-0247,fabric_post_allocation,True,,2350,1783315065850,0,,False
2460,b2-fabric-b1-c4-r4,b2-fabric-b1-c4-r4-task-0244,fabric_post_allocation,True,,2353,1783315065847,0,,False
2461,b2-fabric-b1-c4-r4,b2-fabric-b1-c4-r4-task-0245,fabric_post_allocation,True,,2350,1783315065851,0,,False
2462,b2-fabric-b1-c4-r4,b2-fabric-b1-c4-r4-task-0246,fabric_post_allocation,True,,2353,1783315065850,0,,False
2463,b2-fabric-b1-c4-r4,b2-fabric-b1-c4-r4-task-0247,fabric_post_snapshot,True,,2462,1783315068200,0,,False
2464,b2-fabric-b1-c4-r4,b2-fabric-b1-c4-r4-task-0245,fabric_post_snapshot,True,,2462,1783315068201,0,,False
2465,b2-fabric-b1-c4-r4,b2-fabric-b1-c4-r4-task-0244,fabric_post_snapshot,True,,2463,1783315068200,0,,False
2466,b2-fabric-b1-c4-r4,b2-fabric-b1-c4-r4-task-0246,fabric_post_snapshot,True,,2462,1783315068203,0,,False
2467,b2-fabric-b1-c4-r4,b2-fabric-b1-c4-r4-task-0247,fabric_query_confirmation,True,,130,1783315070662,0,,False
2468,b2-fabric-b1-c4-r4,b2-fabric-b1-c4-r4-task-0245,fabric_query_confirmation,True,,130,1783315070663,0,,False
2469,b2-fabric-b1-c4-r4,b2-fabric-b1-c4-r4-task-0244,fabric_query_confirmation,True,,130,1783315070663,0,,False
2470,b2-fabric-b1-c4-r4,b2-fabric-b1-c4-r4-task-0246,fabric_query_confirmation,True,,178,1783315070665,0,,False
2471,b2-fabric-b1-c4-r4,b2-fabric-b1-c4-r4-task-0244,fabric_vote_1,True,,2552,1783315070793,0,,False
2472,b2-fabric-b1-c4-r4,b2-fabric-b1-c4-r4-task-0245,fabric_vote_1,True,,2552,1783315070793,0,,False
2473,b2-fabric-b1-c4-r4,b2-fabric-b1-c4-r4-task-0247,fabric_vote_1,True,,2554,1783315070792,0,,False
2474,b2-fabric-b1-c4-r4,b2-fabric-b1-c4-r4-task-0246,fabric_vote_1,True,,2506,1783315070843,0,,False
2475,b2-fabric-b1-c4-r4,b2-fabric-b1-c4-r4-task-0244,fabric_vote_2,True,,2430,1783315073345,0,,False
2476,b2-fabric-b1-c4-r4,b2-fabric-b1-c4-r4-task-0247,fabric_vote_2,True,,2430,1783315073346,0,,False
2477,b2-fabric-b1-c4-r4,b2-fabric-b1-c4-r4-task-0245,fabric_vote_2,True,,2432,1783315073345,0,,False
2478,b2-fabric-b1-c4-r4,b2-fabric-b1-c4-r4-task-0246,fabric_vote_2,True,,2429,1783315073349,0,,False
2479,b2-fabric-b1-c4-r4,b2-fabric-b1-c4-r4-task-0247,fabric_settlement,True,,2472,1783315075776,0,,False
2480,b2-fabric-b1-c4-r4,b2-fabric-b1-c4-r4-task-0244,fabric_settlement,True,,2475,1783315075775,0,,False
2481,b2-fabric-b1-c4-r4,b2-fabric-b1-c4-r4-task-0246,fabric_settlement,True,,2473,1783315075778,0,,False
2482,b2-fabric-b1-c4-r4,b2-fabric-b1-c4-r4-task-0245,fabric_settlement,True,,2474,1783315075777,0,,False
2483,b2-fabric-b1-c4-r4,b2-fabric-b1-c4-r4-task-0245,fabric_query_final,True,,745,1783315078251,0,,False
2484,b2-fabric-b1-c4-r4,b2-fabric-b1-c4-r4-task-0244,fabric_query_final,True,,747,1783315078250,0,,False
2485,b2-fabric-b1-c4-r4,b2-fabric-b1-c4-r4-task-0247,fabric_query_final,True,,749,1783315078248,0,,False
2486,b2-fabric-b1-c4-r4,b2-fabric-b1-c4-r4-task-0246,fabric_query_final,True,,749,1783315078251,0,,False
2487,b2-fabric-b1-c4-r4,b2-fabric-b1-c4-r4-task-0247,ipfs_verify,True,,6,1783315078997,0,QmX6Pz1owsVrhohFcJpqY4nN99ZYTUNsMhoWJHmcAATrUC,False
2488,b2-fabric-b1-c4-r4,b2-fabric-b1-c4-r4-task-0245,ipfs_verify,True,,8,1783315078996,0,QmRfQ29mFdu3DgQcz3fAXc1k7t6oBRgjxH4rKPuQH1fX4o,False
2489,b2-fabric-b1-c4-r4,b2-fabric-b1-c4-r4-task-0244,ipfs_verify,True,,7,1783315078997,0,QmZRkcbZv6DrZ32YxAdk9t2kzi1YwGMwtxRpuS6Qjz4ByS,False
2490,b2-fabric-b1-c4-r4,b2-fabric-b1-c4-r4-task-0246,ipfs_verify,True,,6,1783315079000,0,Qmbd379qf1e5jFN3VfVGanPkH2qj7HaxhCKRJVLas9XhVH,False
2491,b2-fabric-b1-c4-r4,b2-fabric-b1-c4-r4-task-0248,ipfs_add,True,,26,1783315079003,1513,,False
2492,b2-fabric-b1-c4-r4,b2-fabric-b1-c4-r4-task-0249,ipfs_add,True,,42,1783315079004,1622,,False
2493,b2-fabric-b1-c4-r4,b2-fabric-b1-c4-r4-task-0251,ipfs_add,True,,80,1783315079006,1557,,False
2494,b2-fabric-b1-c4-r4,b2-fabric-b1-c4-r4-task-0250,ipfs_add,True,,83,1783315079004,1536,,False
2495,b2-fabric-b1-c4-r4,b2-fabric-b1-c4-r4-task-0249,fabric_post_task,True,,2439,1783315079046,1622,QmWhPk74ArLFk2azBUEPeV5DfbYzPqL1rjTNqE5zSC1Eut,False
2496,b2-fabric-b1-c4-r4,b2-fabric-b1-c4-r4-task-0250,fabric_post_task,True,,2399,1783315079087,1536,Qmed7xmh1Coiscy6DWRC1YB617j5DeuyK8AizbfmSS6upB,False
2497,b2-fabric-b1-c4-r4,b2-fabric-b1-c4-r4-task-0251,fabric_post_task,True,,2401,1783315079086,1557,QmZcHg4d9H8MPruWuXm1QwpfemphbX6MHQxju4nZvRocmZ,False
2498,b2-fabric-b1-c4-r4,b2-fabric-b1-c4-r4-task-0248,fabric_post_task,True,,2461,1783315079029,1513,QmZm8oEeNJE8ud88izCLhLnkvJbBpn3DcxxACsWhMRdYhA,False
2499,b2-fabric-b1-c4-r4,b2-fabric-b1-c4-r4-task-0249,fabric_post_allocation,True,,2542,1783315081485,0,,False
2500,b2-fabric-b1-c4-r4,b2-fabric-b1-c4-r4-task-0250,fabric_post_allocation,True,,2543,1783315081486,0,,False
2501,b2-fabric-b1-c4-r4,b2-fabric-b1-c4-r4-task-0251,fabric_post_allocation,True,,2542,1783315081487,0,,False
2502,b2-fabric-b1-c4-r4,b2-fabric-b1-c4-r4-task-0248,fabric_post_allocation,True,,2540,1783315081490,0,,False
2503,b2-fabric-b1-c4-r4,b2-fabric-b1-c4-r4-task-0250,fabric_post_snapshot,True,,2257,1783315084029,0,,False
2504,b2-fabric-b1-c4-r4,b2-fabric-b1-c4-r4-task-0251,fabric_post_snapshot,True,,2257,1783315084029,0,,False
2505,b2-fabric-b1-c4-r4,b2-fabric-b1-c4-r4-task-0248,fabric_post_snapshot,True,,2257,1783315084030,0,,False
2506,b2-fabric-b1-c4-r4,b2-fabric-b1-c4-r4-task-0249,fabric_post_snapshot,True,,2264,1783315084027,0,,False
2507,b2-fabric-b1-c4-r4,b2-fabric-b1-c4-r4-task-0251,fabric_query_confirmation,True,,319,1783315086286,0,,False
2508,b2-fabric-b1-c4-r4,b2-fabric-b1-c4-r4-task-0250,fabric_query_confirmation,True,,320,1783315086286,0,,False
2509,b2-fabric-b1-c4-r4,b2-fabric-b1-c4-r4-task-0248,fabric_query_confirmation,True,,319,1783315086287,0,,False
2510,b2-fabric-b1-c4-r4,b2-fabric-b1-c4-r4-task-0249,fabric_query_confirmation,True,,317,1783315086291,0,,False
2511,b2-fabric-b1-c4-r4,b2-fabric-b1-c4-r4-task-0251,fabric_vote_1,True,,1441,1783315086605,0,,False
2512,b2-fabric-b1-c4-r4,b2-fabric-b1-c4-r4-task-0250,fabric_vote_1,True,,1440,1783315086606,0,,False
2513,b2-fabric-b1-c4-r4,b2-fabric-b1-c4-r4-task-0248,fabric_vote_1,True,,1441,1783315086606,0,,False
2514,b2-fabric-b1-c4-r4,b2-fabric-b1-c4-r4-task-0249,fabric_vote_1,True,,1441,1783315086608,0,,False
2515,b2-fabric-b1-c4-r4,b2-fabric-b1-c4-r4-task-0251,fabric_vote_2,True,,2444,1783315088046,0,,False
2516,b2-fabric-b1-c4-r4,b2-fabric-b1-c4-r4-task-0248,fabric_vote_2,True,,2444,1783315088047,0,,False
2517,b2-fabric-b1-c4-r4,b2-fabric-b1-c4-r4-task-0250,fabric_vote_2,True,,2445,1783315088046,0,,False
2518,b2-fabric-b1-c4-r4,b2-fabric-b1-c4-r4-task-0249,fabric_vote_2,True,,2443,1783315088049,0,,False
2519,b2-fabric-b1-c4-r4,b2-fabric-b1-c4-r4-task-0250,fabric_settlement,True,,2290,1783315090491,0,,False
2520,b2-fabric-b1-c4-r4,b2-fabric-b1-c4-r4-task-0249,fabric_settlement,True,,2289,1783315090492,0,,False
2521,b2-fabric-b1-c4-r4,b2-fabric-b1-c4-r4-task-0251,fabric_settlement,True,,2292,1783315090490,0,,False
2522,b2-fabric-b1-c4-r4,b2-fabric-b1-c4-r4-task-0248,fabric_settlement,True,,2293,1783315090491,0,,False
2523,b2-fabric-b1-c4-r4,b2-fabric-b1-c4-r4-task-0250,fabric_query_final,True,,709,1783315092781,0,,False
2524,b2-fabric-b1-c4-r4,b2-fabric-b1-c4-r4-task-0251,fabric_query_final,True,,709,1783315092782,0,,False
2525,b2-fabric-b1-c4-r4,b2-fabric-b1-c4-r4-task-0248,fabric_query_final,True,,707,1783315092784,0,,False
2526,b2-fabric-b1-c4-r4,b2-fabric-b1-c4-r4-task-0249,fabric_query_final,True,,713,1783315092781,0,,False
2527,b2-fabric-b1-c4-r4,b2-fabric-b1-c4-r4-task-0248,ipfs_verify,True,,6,1783315093491,0,QmZm8oEeNJE8ud88izCLhLnkvJbBpn3DcxxACsWhMRdYhA,False
2528,b2-fabric-b1-c4-r4,b2-fabric-b1-c4-r4-task-0250,ipfs_verify,True,,8,1783315093490,0,Qmed7xmh1Coiscy6DWRC1YB617j5DeuyK8AizbfmSS6upB,False
2529,b2-fabric-b1-c4-r4,b2-fabric-b1-c4-r4-task-0251,ipfs_verify,True,,7,1783315093491,0,QmZcHg4d9H8MPruWuXm1QwpfemphbX6MHQxju4nZvRocmZ,False
2530,b2-fabric-b1-c4-r4,b2-fabric-b1-c4-r4-task-0249,ipfs_verify,True,,7,1783315093494,0,QmWhPk74ArLFk2azBUEPeV5DfbYzPqL1rjTNqE5zSC1Eut,False
2531,b2-fabric-b1-c4-r4,b2-fabric-b1-c4-r4-task-0252,ipfs_add,True,,29,1783315093497,2362,,False
2532,b2-fabric-b1-c4-r4,b2-fabric-b1-c4-r4-task-0254,ipfs_add,True,,43,1783315093499,1295,,False
2533,b2-fabric-b1-c4-r4,b2-fabric-b1-c4-r4-task-0253,ipfs_add,True,,60,1783315093498,2993,,False
2534,b2-fabric-b1-c4-r4,b2-fabric-b1-c4-r4-task-0255,ipfs_add,True,,74,1783315093501,1650,,False
2535,b2-fabric-b1-c4-r4,b2-fabric-b1-c4-r4-task-0254,fabric_post_task,True,,2459,1783315093542,1295,QmNNK1VZwQQrsmt9689RK9RnXVSmh5jmJ6wJxbnwquT91z,False
2536,b2-fabric-b1-c4-r4,b2-fabric-b1-c4-r4-task-0252,fabric_post_task,True,,2476,1783315093526,2362,QmSPWZE8QTcLPVYdwtzz4Jdbw1i2rDGXNp1NbNXG6cAtWU,False
2537,b2-fabric-b1-c4-r4,b2-fabric-b1-c4-r4-task-0253,fabric_post_task,True,,2444,1783315093558,2993,QmU6GWKSsXJ8p8tB8vPkjDBspe6KHsKQiKg2i4XDbpW64S,False
2538,b2-fabric-b1-c4-r4,b2-fabric-b1-c4-r4-task-0255,fabric_post_task,True,,2429,1783315093575,1650,QmShJ7kpkti4YE6UAoU3vGkK7ayqB2qDgXzzhbDE3arDFM,False
2539,b2-fabric-b1-c4-r4,b2-fabric-b1-c4-r4-task-0252,fabric_post_allocation,True,,2575,1783315096002,0,,False
2540,b2-fabric-b1-c4-r4,b2-fabric-b1-c4-r4-task-0254,fabric_post_allocation,True,,2577,1783315096001,0,,False
2541,b2-fabric-b1-c4-r4,b2-fabric-b1-c4-r4-task-0253,fabric_post_allocation,True,,2576,1783315096002,0,,False
2542,b2-fabric-b1-c4-r4,b2-fabric-b1-c4-r4-task-0255,fabric_post_allocation,True,,2575,1783315096004,0,,False
2543,b2-fabric-b1-c4-r4,b2-fabric-b1-c4-r4-task-0253,fabric_post_snapshot,True,,2562,1783315098578,0,,False
2544,b2-fabric-b1-c4-r4,b2-fabric-b1-c4-r4-task-0252,fabric_post_snapshot,True,,2564,1783315098577,0,,False
2545,b2-fabric-b1-c4-r4,b2-fabric-b1-c4-r4-task-0254,fabric_post_snapshot,True,,2563,1783315098578,0,,False
2546,b2-fabric-b1-c4-r4,b2-fabric-b1-c4-r4-task-0255,fabric_post_snapshot,True,,2564,1783315098579,0,,False
2547,b2-fabric-b1-c4-r4,b2-fabric-b1-c4-r4-task-0252,fabric_query_confirmation,True,,309,1783315101141,0,,False
2548,b2-fabric-b1-c4-r4,b2-fabric-b1-c4-r4-task-0254,fabric_query_confirmation,True,,310,1783315101141,0,,False
2549,b2-fabric-b1-c4-r4,b2-fabric-b1-c4-r4-task-0255,fabric_query_confirmation,True,,308,1783315101143,0,,False
2550,b2-fabric-b1-c4-r4,b2-fabric-b1-c4-r4-task-0253,fabric_query_confirmation,True,,313,1783315101140,0,,False
2551,b2-fabric-b1-c4-r4,b2-fabric-b1-c4-r4-task-0253,fabric_vote_1,True,,2439,1783315101453,0,,False
2552,b2-fabric-b1-c4-r4,b2-fabric-b1-c4-r4-task-0255,fabric_vote_1,True,,2445,1783315101451,0,,False
2553,b2-fabric-b1-c4-r4,b2-fabric-b1-c4-r4-task-0252,fabric_vote_1,True,,2446,1783315101450,0,,False
2554,b2-fabric-b1-c4-r4,b2-fabric-b1-c4-r4-task-0254,fabric_vote_1,True,,2446,1783315101451,0,,False
2555,b2-fabric-b1-c4-r4,b2-fabric-b1-c4-r4-task-0254,fabric_vote_2,True,,2272,1783315103897,0,,False
2556,b2-fabric-b1-c4-r4,b2-fabric-b1-c4-r4-task-0252,fabric_vote_2,True,,2273,1783315103896,0,,False
2557,b2-fabric-b1-c4-r4,b2-fabric-b1-c4-r4-task-0253,fabric_vote_2,True,,2278,1783315103892,0,,False
2558,b2-fabric-b1-c4-r4,b2-fabric-b1-c4-r4-task-0255,fabric_vote_2,True,,2275,1783315103896,0,,False
2559,b2-fabric-b1-c4-r4,b2-fabric-b1-c4-r4-task-0252,fabric_settlement,True,,2458,1783315106169,0,,False
2560,b2-fabric-b1-c4-r4,b2-fabric-b1-c4-r4-task-0255,fabric_settlement,True,,2456,1783315106171,0,,False
2561,b2-fabric-b1-c4-r4,b2-fabric-b1-c4-r4-task-0253,fabric_settlement,True,,2458,1783315106170,0,,False
2562,b2-fabric-b1-c4-r4,b2-fabric-b1-c4-r4-task-0254,fabric_settlement,True,,2460,1783315106169,0,,False
2563,b2-fabric-b1-c4-r4,b2-fabric-b1-c4-r4-task-0253,fabric_query_final,True,,509,1783315108628,0,,False
2564,b2-fabric-b1-c4-r4,b2-fabric-b1-c4-r4-task-0254,fabric_query_final,True,,508,1783315108629,0,,False
2565,b2-fabric-b1-c4-r4,b2-fabric-b1-c4-r4-task-0252,fabric_query_final,True,,511,1783315108627,0,,False
2566,b2-fabric-b1-c4-r4,b2-fabric-b1-c4-r4-task-0255,fabric_query_final,True,,515,1783315108627,0,,False
2567,b2-fabric-b1-c4-r4,b2-fabric-b1-c4-r4-task-0254,ipfs_verify,True,,8,1783315109137,0,QmNNK1VZwQQrsmt9689RK9RnXVSmh5jmJ6wJxbnwquT91z,False
2568,b2-fabric-b1-c4-r4,b2-fabric-b1-c4-r4-task-0253,ipfs_verify,True,,8,1783315109137,0,QmU6GWKSsXJ8p8tB8vPkjDBspe6KHsKQiKg2i4XDbpW64S,False
2569,b2-fabric-b1-c4-r4,b2-fabric-b1-c4-r4-task-0252,ipfs_verify,True,,7,1783315109138,0,QmSPWZE8QTcLPVYdwtzz4Jdbw1i2rDGXNp1NbNXG6cAtWU,False
2570,b2-fabric-b1-c4-r4,b2-fabric-b1-c4-r4-task-0255,ipfs_verify,True,,6,1783315109142,0,QmShJ7kpkti4YE6UAoU3vGkK7ayqB2qDgXzzhbDE3arDFM,False
