seq,task_id,op,success,latency_ms,started_at_ms,bytes_sent,cid,warmup
1,e6-lifecycle-20260705T172920.829938847Z-c4-real-warmup-0000,ipfs_add,true,26,1783272560843,2041,,true
2,e6-lifecycle-20260705T172920.829938847Z-c4-real-warmup-0000,signed_posttask,true,3,1783272560869,0,QmZpceyXD65orbHnVn4w3sPB8ea42LnxKYXnQkqH8QFV8f,true
3,e6-lifecycle-20260705T172920.829938847Z-c4-real-warmup-0000,signed_postallocation,true,1,1783272560872,0,QmZpceyXD65orbHnVn4w3sPB8ea42LnxKYXnQkqH8QFV8f,true
4,e6-lifecycle-20260705T172920.829938847Z-c4-real-warmup-0000,signed_post_evalsnapshot,true,2,1783272560873,0,QmZpceyXD65orbHnVn4w3sPB8ea42LnxKYXnQkqH8QFV8f,true
5,e6-lifecycle-20260705T172920.829938847Z-c4-real-warmup-0000,signed_vote1,true,2,1783272560875,0,QmZpceyXD65orbHnVn4w3sPB8ea42LnxKYXnQkqH8QFV8f,true
6,e6-lifecycle-20260705T172920.829938847Z-c4-real-warmup-0000,signed_vote2,true,1,1783272560877,0,QmZpceyXD65orbHnVn4w3sPB8ea42LnxKYXnQkqH8QFV8f,true
7,e6-lifecycle-20260705T172920.829938847Z-c4-real-warmup-0000,signed_settlement,true,2,1783272560878,0,QmZpceyXD65orbHnVn4w3sPB8ea42LnxKYXnQkqH8QFV8f,true
8,e6-lifecycle-20260705T172920.829938847Z-c4-real-warmup-0000,signed_query_latest,true,0,1783272560880,0,QmZpceyXD65orbHnVn4w3sPB8ea42LnxKYXnQkqH8QFV8f,true
9,e6-lifecycle-20260705T172920.829938847Z-c4-real-warmup-0000,ipfs_verify,true,6,1783272560880,0,QmZpceyXD65orbHnVn4w3sPB8ea42LnxKYXnQkqH8QFV8f,true
10,e6-lifecycle-20260705T172920.829938847Z-c4-real-task-0068,ipfs_add,true,25,1783272560892,4158,,false
11,e6-lifecycle-20260705T172920.829938847Z-c4-real-task-0068,signed_posttask,true,3,1783272560917,0,QmdssCZHZja15BD7DuyPiXZPfZufH2mwmGr81QDSStPZPN,false
12,e6-lifecycle-20260705T172920.829938847Z-c4-real-task-0068,signed_postallocation,true,2,1783272560920,0,QmdssCZHZja15BD7DuyPiXZPfZufH2mwmGr81QDSStPZPN,false
13,e6-lifecycle-20260705T172920.829938847Z-c4-real-task-0068,signed_post_evalsnapshot,true,2,1783272560922,0,QmdssCZHZja15BD7DuyPiXZPfZufH2mwmGr81QDSStPZPN,false
14,e6-lifecycle-20260705T172920.829938847Z-c4-real-task-0068,signed_vote1,true,2,1783272560924,0,QmdssCZHZja15BD7DuyPiXZPfZufH2mwmGr81QDSStPZPN,false
15,e6-lifecycle-20260705T172920.829938847Z-c4-real-task-0068,signed_vote2,true,2,1783272560926,0,QmdssCZHZja15BD7DuyPiXZPfZufH2mwmGr81QDSStPZPN,false
16,e6-lifecycle-20260705T172920.829938847Z-c4-real-task-0068,signed_settlement,true,1,1783272560928,0,QmdssCZHZja15BD7DuyPiXZPfZufH2mwmGr81QDSStPZPN,false
17,e6-lifecycle-20260705T172920.829938847Z-c4-real-task-0068,signed_query_latest,true,0,1783272560929,0,QmdssCZHZja15BD7DuyPiXZPfZufH2mwmGr81QDSStPZPN,false
18,e6-lifecycle-20260705T172920.829938847Z-c4-real-task-0017,ipfs_add,true,44,1783272560892,1714,,false
19,e6-lifecycle-20260705T172920.829938847Z-c4-real-task-0068,ipfs_verify,true,7,1783272560929,0,QmdssCZHZja15BD7DuyPiXZPfZufH2mwmGr81QDSStPZPN,false
20,e6-lifecycle-20260705T172920.829938847Z-c4-real-task-0017,signed_posttask,true,1,1783272560936,0,QmWKrJKRZfeQnkT8t5aowLXrHM3GpoZqpDn7cXYRceXJsh,false
21,e6-lifecycle-20260705T172920.829938847Z-c4-real-task-0017,signed_postallocation,true,2,1783272560937,0,QmWKrJKRZfeQnkT8t5aowLXrHM3GpoZqpDn7cXYRceXJsh,false
22,e6-lifecycle-20260705T172920.829938847Z-c4-real-task-0017,signed_post_evalsnapshot,true,2,1783272560939,0,QmWKrJKRZfeQnkT8t5aowLXrHM3GpoZqpDn7cXYRceXJsh,false
23,e6-lifecycle-20260705T172920.829938847Z-c4-real-task-0017,signed_vote1,true,1,1783272560941,0,QmWKrJKRZfeQnkT8t5aowLXrHM3GpoZqpDn7cXYRceXJsh,false
24,e6-lifecycle-20260705T172920.829938847Z-c4-real-task-0017,signed_vote2,true,2,1783272560942,0,QmWKrJKRZfeQnkT8t5aowLXrHM3GpoZqpDn7cXYRceXJsh,false
25,e6-lifecycle-20260705T172920.829938847Z-c4-real-task-0017,signed_settlement,true,1,1783272560944,0,QmWKrJKRZfeQnkT8t5aowLXrHM3GpoZqpDn7cXYRceXJsh,false
26,e6-lifecycle-20260705T172920.829938847Z-c4-real-task-0017,signed_query_latest,true,0,1783272560945,0,QmWKrJKRZfeQnkT8t5aowLXrHM3GpoZqpDn7cXYRceXJsh,false
27,e6-lifecycle-20260705T172920.829938847Z-c4-real-task-0017,ipfs_verify,true,8,1783272560945,0,QmWKrJKRZfeQnkT8t5aowLXrHM3GpoZqpDn7cXYRceXJsh,false
28,e6-lifecycle-20260705T172920.829938847Z-c4-real-task-0008,ipfs_add,true,60,1783272560893,4944,,false
29,e6-lifecycle-20260705T172920.829938847Z-c4-real-task-0008,signed_posttask,true,2,1783272560953,0,Qmadej9boMA3zvMcjFpwW1dMDJCrBFKribSZiwN8Np95v4,false
30,e6-lifecycle-20260705T172920.829938847Z-c4-real-task-0008,signed_postallocation,true,2,1783272560955,0,Qmadej9boMA3zvMcjFpwW1dMDJCrBFKribSZiwN8Np95v4,false
31,e6-lifecycle-20260705T172920.829938847Z-c4-real-task-0008,signed_post_evalsnapshot,true,1,1783272560957,0,Qmadej9boMA3zvMcjFpwW1dMDJCrBFKribSZiwN8Np95v4,false
32,e6-lifecycle-20260705T172920.829938847Z-c4-real-task-0008,signed_vote1,true,2,1783272560958,0,Qmadej9boMA3zvMcjFpwW1dMDJCrBFKribSZiwN8Np95v4,false
33,e6-lifecycle-20260705T172920.829938847Z-c4-real-task-0008,signed_vote2,true,2,1783272560960,0,Qmadej9boMA3zvMcjFpwW1dMDJCrBFKribSZiwN8Np95v4,false
34,e6-lifecycle-20260705T172920.829938847Z-c4-real-task-0008,signed_settlement,true,2,1783272560962,0,Qmadej9boMA3zvMcjFpwW1dMDJCrBFKribSZiwN8Np95v4,false
35,e6-lifecycle-20260705T172920.829938847Z-c4-real-task-0008,signed_query_latest,true,0,1783272560964,0,Qmadej9boMA3zvMcjFpwW1dMDJCrBFKribSZiwN8Np95v4,false
36,e6-lifecycle-20260705T172920.829938847Z-c4-real-task-0008,ipfs_verify,true,7,1783272560964,0,Qmadej9boMA3zvMcjFpwW1dMDJCrBFKribSZiwN8Np95v4,false
37,e6-lifecycle-20260705T172920.829938847Z-c4-real-task-0255,ipfs_add,true,86,1783272560893,1650,,false
38,e6-lifecycle-20260705T172920.829938847Z-c4-real-task-0255,signed_posttask,true,2,1783272560979,0,QmShJ7kpkti4YE6UAoU3vGkK7ayqB2qDgXzzhbDE3arDFM,false
39,e6-lifecycle-20260705T172920.829938847Z-c4-real-task-0255,signed_postallocation,true,2,1783272560981,0,QmShJ7kpkti4YE6UAoU3vGkK7ayqB2qDgXzzhbDE3arDFM,false
40,e6-lifecycle-20260705T172920.829938847Z-c4-real-task-0255,signed_post_evalsnapshot,true,1,1783272560983,0,QmShJ7kpkti4YE6UAoU3vGkK7ayqB2qDgXzzhbDE3arDFM,false
41,e6-lifecycle-20260705T172920.829938847Z-c4-real-task-0255,signed_vote1,true,2,1783272560984,0,QmShJ7kpkti4YE6UAoU3vGkK7ayqB2qDgXzzhbDE3arDFM,false
42,e6-lifecycle-20260705T172920.829938847Z-c4-real-task-0255,signed_vote2,true,1,1783272560986,0,QmShJ7kpkti4YE6UAoU3vGkK7ayqB2qDgXzzhbDE3arDFM,false
43,e6-lifecycle-20260705T172920.829938847Z-c4-real-task-0255,signed_settlement,true,2,1783272560987,0,QmShJ7kpkti4YE6UAoU3vGkK7ayqB2qDgXzzhbDE3arDFM,false
44,e6-lifecycle-20260705T172920.829938847Z-c4-real-task-0255,signed_query_latest,true,0,1783272560989,0,QmShJ7kpkti4YE6UAoU3vGkK7ayqB2qDgXzzhbDE3arDFM,false
45,e6-lifecycle-20260705T172920.829938847Z-c4-real-task-0255,ipfs_verify,true,6,1783272560989,0,QmShJ7kpkti4YE6UAoU3vGkK7ayqB2qDgXzzhbDE3arDFM,false
46,e6-lifecycle-20260705T172920.829938847Z-c4-real-task-0003,ipfs_add,true,59,1783272560936,2446,,false
47,e6-lifecycle-20260705T172920.829938847Z-c4-real-task-0003,signed_posttask,true,2,1783272560995,0,QmPvR785HfFDDiGzRGUjqnESf82yCdppnLSJbnvszkNAGt,false
48,e6-lifecycle-20260705T172920.829938847Z-c4-real-task-0003,signed_postallocation,true,2,1783272560997,0,QmPvR785HfFDDiGzRGUjqnESf82yCdppnLSJbnvszkNAGt,false
49,e6-lifecycle-20260705T172920.829938847Z-c4-real-task-0003,signed_post_evalsnapshot,true,1,1783272560999,0,QmPvR785HfFDDiGzRGUjqnESf82yCdppnLSJbnvszkNAGt,false
50,e6-lifecycle-20260705T172920.829938847Z-c4-real-task-0003,signed_vote1,true,2,1783272561000,0,QmPvR785HfFDDiGzRGUjqnESf82yCdppnLSJbnvszkNAGt,false
51,e6-lifecycle-20260705T172920.829938847Z-c4-real-task-0003,signed_vote2,true,2,1783272561002,0,QmPvR785HfFDDiGzRGUjqnESf82yCdppnLSJbnvszkNAGt,false
52,e6-lifecycle-20260705T172920.829938847Z-c4-real-task-0003,signed_settlement,true,1,1783272561004,0,QmPvR785HfFDDiGzRGUjqnESf82yCdppnLSJbnvszkNAGt,false
53,e6-lifecycle-20260705T172920.829938847Z-c4-real-task-0003,signed_query_latest,true,0,1783272561005,0,QmPvR785HfFDDiGzRGUjqnESf82yCdppnLSJbnvszkNAGt,false
54,e6-lifecycle-20260705T172920.829938847Z-c4-real-task-0003,ipfs_verify,true,6,1783272561005,0,QmPvR785HfFDDiGzRGUjqnESf82yCdppnLSJbnvszkNAGt,false
55,e6-lifecycle-20260705T172920.829938847Z-c4-real-task-0000,ipfs_add,true,59,1783272560953,2041,,false
56,e6-lifecycle-20260705T172920.829938847Z-c4-real-task-0000,signed_posttask,true,3,1783272561012,0,QmZpceyXD65orbHnVn4w3sPB8ea42LnxKYXnQkqH8QFV8f,false
57,e6-lifecycle-20260705T172920.829938847Z-c4-real-task-0000,signed_postallocation,true,1,1783272561015,0,QmZpceyXD65orbHnVn4w3sPB8ea42LnxKYXnQkqH8QFV8f,false
58,e6-lifecycle-20260705T172920.829938847Z-c4-real-task-0000,signed_post_evalsnapshot,true,2,1783272561016,0,QmZpceyXD65orbHnVn4w3sPB8ea42LnxKYXnQkqH8QFV8f,false
59,e6-lifecycle-20260705T172920.829938847Z-c4-real-task-0000,signed_vote1,true,1,1783272561018,0,QmZpceyXD65orbHnVn4w3sPB8ea42LnxKYXnQkqH8QFV8f,false
60,e6-lifecycle-20260705T172920.829938847Z-c4-real-task-0000,signed_vote2,true,2,1783272561019,0,QmZpceyXD65orbHnVn4w3sPB8ea42LnxKYXnQkqH8QFV8f,false
61,e6-lifecycle-20260705T172920.829938847Z-c4-real-task-0000,signed_settlement,true,1,1783272561021,0,QmZpceyXD65orbHnVn4w3sPB8ea42LnxKYXnQkqH8QFV8f,false
62,e6-lifecycle-20260705T172920.829938847Z-c4-real-task-0000,signed_query_latest,true,0,1783272561022,0,QmZpceyXD65orbHnVn4w3sPB8ea42LnxKYXnQkqH8QFV8f,false
63,e6-lifecycle-20260705T172920.829938847Z-c4-real-task-0000,ipfs_verify,true,8,1783272561022,0,QmZpceyXD65orbHnVn4w3sPB8ea42LnxKYXnQkqH8QFV8f,false
64,e6-lifecycle-20260705T172920.829938847Z-c4-real-task-0001,ipfs_add,true,63,1783272560971,1691,,false
65,e6-lifecycle-20260705T172920.829938847Z-c4-real-task-0001,signed_posttask,true,2,1783272561034,0,QmWLjQroE5HFCEHpAAXxtDJw9HMkY6m5xMyNL3BCoktNFe,false
66,e6-lifecycle-20260705T172920.829938847Z-c4-real-task-0001,signed_postallocation,true,1,1783272561036,0,QmWLjQroE5HFCEHpAAXxtDJw9HMkY6m5xMyNL3BCoktNFe,false
67,e6-lifecycle-20260705T172920.829938847Z-c4-real-task-0001,signed_post_evalsnapshot,true,2,1783272561037,0,QmWLjQroE5HFCEHpAAXxtDJw9HMkY6m5xMyNL3BCoktNFe,false
68,e6-lifecycle-20260705T172920.829938847Z-c4-real-task-0001,signed_vote1,true,1,1783272561039,0,QmWLjQroE5HFCEHpAAXxtDJw9HMkY6m5xMyNL3BCoktNFe,false
69,e6-lifecycle-20260705T172920.829938847Z-c4-real-task-0001,signed_vote2,true,2,1783272561040,0,QmWLjQroE5HFCEHpAAXxtDJw9HMkY6m5xMyNL3BCoktNFe,false
70,e6-lifecycle-20260705T172920.829938847Z-c4-real-task-0001,signed_settlement,true,2,1783272561042,0,QmWLjQroE5HFCEHpAAXxtDJw9HMkY6m5xMyNL3BCoktNFe,false
71,e6-lifecycle-20260705T172920.829938847Z-c4-real-task-0001,signed_query_latest,true,0,1783272561044,0,QmWLjQroE5HFCEHpAAXxtDJw9HMkY6m5xMyNL3BCoktNFe,false
72,e6-lifecycle-20260705T172920.829938847Z-c4-real-task-0001,ipfs_verify,true,5,1783272561044,0,QmWLjQroE5HFCEHpAAXxtDJw9HMkY6m5xMyNL3BCoktNFe,false
73,e6-lifecycle-20260705T172920.829938847Z-c4-real-task-0002,ipfs_add,true,56,1783272560995,4391,,false
74,e6-lifecycle-20260705T172920.829938847Z-c4-real-task-0002,signed_posttask,true,3,1783272561051,0,QmadZcFHB1uQSGYUnYEPgsvcDpcDhp6t3Vn4pKLzTyZW3B,false
75,e6-lifecycle-20260705T172920.829938847Z-c4-real-task-0002,signed_postallocation,true,1,1783272561054,0,QmadZcFHB1uQSGYUnYEPgsvcDpcDhp6t3Vn4pKLzTyZW3B,false
76,e6-lifecycle-20260705T172920.829938847Z-c4-real-task-0002,signed_post_evalsnapshot,true,2,1783272561055,0,QmadZcFHB1uQSGYUnYEPgsvcDpcDhp6t3Vn4pKLzTyZW3B,false
77,e6-lifecycle-20260705T172920.829938847Z-c4-real-task-0002,signed_vote1,true,2,1783272561057,0,QmadZcFHB1uQSGYUnYEPgsvcDpcDhp6t3Vn4pKLzTyZW3B,false
78,e6-lifecycle-20260705T172920.829938847Z-c4-real-task-0002,signed_vote2,true,1,1783272561059,0,QmadZcFHB1uQSGYUnYEPgsvcDpcDhp6t3Vn4pKLzTyZW3B,false
79,e6-lifecycle-20260705T172920.829938847Z-c4-real-task-0002,signed_settlement,true,2,1783272561060,0,QmadZcFHB1uQSGYUnYEPgsvcDpcDhp6t3Vn4pKLzTyZW3B,false
80,e6-lifecycle-20260705T172920.829938847Z-c4-real-task-0002,signed_query_latest,true,0,1783272561062,0,QmadZcFHB1uQSGYUnYEPgsvcDpcDhp6t3Vn4pKLzTyZW3B,false
81,e6-lifecycle-20260705T172920.829938847Z-c4-real-task-0002,ipfs_verify,true,7,1783272561062,0,QmadZcFHB1uQSGYUnYEPgsvcDpcDhp6t3Vn4pKLzTyZW3B,false
82,e6-lifecycle-20260705T172920.829938847Z-c4-real-task-0042,ipfs_add,true,58,1783272561011,4943,,false
83,e6-lifecycle-20260705T172920.829938847Z-c4-real-task-0042,signed_posttask,true,3,1783272561069,0,QmZaKHLtuvdC3131ZMjSafgzCnFunsBDrKht7U6CRuhaDJ,false
84,e6-lifecycle-20260705T172920.829938847Z-c4-real-task-0042,signed_postallocation,true,2,1783272561072,0,QmZaKHLtuvdC3131ZMjSafgzCnFunsBDrKht7U6CRuhaDJ,false
85,e6-lifecycle-20260705T172920.829938847Z-c4-real-task-0042,signed_post_evalsnapshot,true,1,1783272561074,0,QmZaKHLtuvdC3131ZMjSafgzCnFunsBDrKht7U6CRuhaDJ,false
86,e6-lifecycle-20260705T172920.829938847Z-c4-real-task-0042,signed_vote1,true,2,1783272561075,0,QmZaKHLtuvdC3131ZMjSafgzCnFunsBDrKht7U6CRuhaDJ,false
87,e6-lifecycle-20260705T172920.829938847Z-c4-real-task-0042,signed_vote2,true,1,1783272561077,0,QmZaKHLtuvdC3131ZMjSafgzCnFunsBDrKht7U6CRuhaDJ,false
88,e6-lifecycle-20260705T172920.829938847Z-c4-real-task-0042,signed_settlement,true,2,1783272561078,0,QmZaKHLtuvdC3131ZMjSafgzCnFunsBDrKht7U6CRuhaDJ,false
89,e6-lifecycle-20260705T172920.829938847Z-c4-real-task-0042,signed_query_latest,true,0,1783272561080,0,QmZaKHLtuvdC3131ZMjSafgzCnFunsBDrKht7U6CRuhaDJ,false
90,e6-lifecycle-20260705T172920.829938847Z-c4-real-task-0042,ipfs_verify,true,6,1783272561080,0,QmZaKHLtuvdC3131ZMjSafgzCnFunsBDrKht7U6CRuhaDJ,false
91,e6-lifecycle-20260705T172920.829938847Z-c4-real-task-0018,ipfs_add,true,57,1783272561030,1628,,false
92,e6-lifecycle-20260705T172920.829938847Z-c4-real-task-0018,signed_posttask,true,2,1783272561087,0,QmXxhuw4zLhaZUxTgm3nVAPdVDi7RC4E8cy48iMSw5X5cc,false
93,e6-lifecycle-20260705T172920.829938847Z-c4-real-task-0018,signed_postallocation,true,2,1783272561089,0,QmXxhuw4zLhaZUxTgm3nVAPdVDi7RC4E8cy48iMSw5X5cc,false
94,e6-lifecycle-20260705T172920.829938847Z-c4-real-task-0018,signed_post_evalsnapshot,true,2,1783272561091,0,QmXxhuw4zLhaZUxTgm3nVAPdVDi7RC4E8cy48iMSw5X5cc,false
95,e6-lifecycle-20260705T172920.829938847Z-c4-real-task-0018,signed_vote1,true,1,1783272561093,0,QmXxhuw4zLhaZUxTgm3nVAPdVDi7RC4E8cy48iMSw5X5cc,false
96,e6-lifecycle-20260705T172920.829938847Z-c4-real-task-0018,signed_vote2,true,2,1783272561094,0,QmXxhuw4zLhaZUxTgm3nVAPdVDi7RC4E8cy48iMSw5X5cc,false
97,e6-lifecycle-20260705T172920.829938847Z-c4-real-task-0018,signed_settlement,true,2,1783272561096,0,QmXxhuw4zLhaZUxTgm3nVAPdVDi7RC4E8cy48iMSw5X5cc,false
98,e6-lifecycle-20260705T172920.829938847Z-c4-real-task-0018,signed_query_latest,true,0,1783272561098,0,QmXxhuw4zLhaZUxTgm3nVAPdVDi7RC4E8cy48iMSw5X5cc,false
99,e6-lifecycle-20260705T172920.829938847Z-c4-real-task-0018,ipfs_verify,true,8,1783272561098,0,QmXxhuw4zLhaZUxTgm3nVAPdVDi7RC4E8cy48iMSw5X5cc,false
100,e6-lifecycle-20260705T172920.829938847Z-c4-real-task-0019,ipfs_add,true,57,1783272561049,1779,,false
101,e6-lifecycle-20260705T172920.829938847Z-c4-real-task-0019,signed_posttask,true,1,1783272561106,0,QmSciV8g79eMrjXm8f2BtxoJrkCttCpUNrWTNbQtrPN26s,false
102,e6-lifecycle-20260705T172920.829938847Z-c4-real-task-0019,signed_postallocation,true,2,1783272561107,0,QmSciV8g79eMrjXm8f2BtxoJrkCttCpUNrWTNbQtrPN26s,false
103,e6-lifecycle-20260705T172920.829938847Z-c4-real-task-0019,signed_post_evalsnapshot,true,1,1783272561109,0,QmSciV8g79eMrjXm8f2BtxoJrkCttCpUNrWTNbQtrPN26s,false
104,e6-lifecycle-20260705T172920.829938847Z-c4-real-task-0019,signed_vote1,true,2,1783272561110,0,QmSciV8g79eMrjXm8f2BtxoJrkCttCpUNrWTNbQtrPN26s,false
105,e6-lifecycle-20260705T172920.829938847Z-c4-real-task-0019,signed_vote2,true,2,1783272561112,0,QmSciV8g79eMrjXm8f2BtxoJrkCttCpUNrWTNbQtrPN26s,false
106,e6-lifecycle-20260705T172920.829938847Z-c4-real-task-0019,signed_settlement,true,1,1783272561114,0,QmSciV8g79eMrjXm8f2BtxoJrkCttCpUNrWTNbQtrPN26s,false
107,e6-lifecycle-20260705T172920.829938847Z-c4-real-task-0019,signed_query_latest,true,0,1783272561115,0,QmSciV8g79eMrjXm8f2BtxoJrkCttCpUNrWTNbQtrPN26s,false
108,e6-lifecycle-20260705T172920.829938847Z-c4-real-task-0019,ipfs_verify,true,7,1783272561115,0,QmSciV8g79eMrjXm8f2BtxoJrkCttCpUNrWTNbQtrPN26s,false
109,e6-lifecycle-20260705T172920.829938847Z-c4-real-task-0020,ipfs_add,true,64,1783272561069,1555,,false
110,e6-lifecycle-20260705T172920.829938847Z-c4-real-task-0020,signed_posttask,true,3,1783272561133,0,QmVVEEsRWTrpHyCUMfWzaezUv7i29R95rTPN8N3iBYMKsY,false
111,e6-lifecycle-20260705T172920.829938847Z-c4-real-task-0020,signed_postallocation,true,1,1783272561136,0,QmVVEEsRWTrpHyCUMfWzaezUv7i29R95rTPN8N3iBYMKsY,false
112,e6-lifecycle-20260705T172920.829938847Z-c4-real-task-0020,signed_post_evalsnapshot,true,2,1783272561137,0,QmVVEEsRWTrpHyCUMfWzaezUv7i29R95rTPN8N3iBYMKsY,false
113,e6-lifecycle-20260705T172920.829938847Z-c4-real-task-0020,signed_vote1,true,2,1783272561139,0,QmVVEEsRWTrpHyCUMfWzaezUv7i29R95rTPN8N3iBYMKsY,false
114,e6-lifecycle-20260705T172920.829938847Z-c4-real-task-0020,signed_vote2,true,1,1783272561141,0,QmVVEEsRWTrpHyCUMfWzaezUv7i29R95rTPN8N3iBYMKsY,false
115,e6-lifecycle-20260705T172920.829938847Z-c4-real-task-0020,signed_settlement,true,2,1783272561142,0,QmVVEEsRWTrpHyCUMfWzaezUv7i29R95rTPN8N3iBYMKsY,false
116,e6-lifecycle-20260705T172920.829938847Z-c4-real-task-0020,signed_query_latest,true,0,1783272561144,0,QmVVEEsRWTrpHyCUMfWzaezUv7i29R95rTPN8N3iBYMKsY,false
117,e6-lifecycle-20260705T172920.829938847Z-c4-real-task-0020,ipfs_verify,true,7,1783272561144,0,QmVVEEsRWTrpHyCUMfWzaezUv7i29R95rTPN8N3iBYMKsY,false
118,e6-lifecycle-20260705T172920.829938847Z-c4-real-task-0021,ipfs_add,true,66,1783272561086,2376,,false
119,e6-lifecycle-20260705T172920.829938847Z-c4-real-task-0021,signed_posttask,true,1,1783272561152,0,QmcMDgZ1hZ3GkUEYEYALditW6azhFYA2tjToNN57pgr9Md,false
120,e6-lifecycle-20260705T172920.829938847Z-c4-real-task-0021,signed_postallocation,true,2,1783272561153,0,QmcMDgZ1hZ3GkUEYEYALditW6azhFYA2tjToNN57pgr9Md,false
121,e6-lifecycle-20260705T172920.829938847Z-c4-real-task-0021,signed_post_evalsnapshot,true,1,1783272561155,0,QmcMDgZ1hZ3GkUEYEYALditW6azhFYA2tjToNN57pgr9Md,false
122,e6-lifecycle-20260705T172920.829938847Z-c4-real-task-0021,signed_vote1,true,2,1783272561156,0,QmcMDgZ1hZ3GkUEYEYALditW6azhFYA2tjToNN57pgr9Md,false
123,e6-lifecycle-20260705T172920.829938847Z-c4-real-task-0021,signed_vote2,true,1,1783272561158,0,QmcMDgZ1hZ3GkUEYEYALditW6azhFYA2tjToNN57pgr9Md,false
124,e6-lifecycle-20260705T172920.829938847Z-c4-real-task-0021,signed_settlement,true,2,1783272561159,0,QmcMDgZ1hZ3GkUEYEYALditW6azhFYA2tjToNN57pgr9Md,false
125,e6-lifecycle-20260705T172920.829938847Z-c4-real-task-0021,signed_query_latest,true,0,1783272561161,0,QmcMDgZ1hZ3GkUEYEYALditW6azhFYA2tjToNN57pgr9Md,false
126,e6-lifecycle-20260705T172920.829938847Z-c4-real-task-0021,ipfs_verify,true,7,1783272561161,0,QmcMDgZ1hZ3GkUEYEYALditW6azhFYA2tjToNN57pgr9Md,false
127,e6-lifecycle-20260705T172920.829938847Z-c4-real-task-0022,ipfs_add,true,64,1783272561106,2068,,false
128,e6-lifecycle-20260705T172920.829938847Z-c4-real-task-0022,signed_posttask,true,2,1783272561170,0,QmNqxnqMtb8sfjsbs8nXG3svpSGcf4Pq1qS9nykNsjeEqq,false
129,e6-lifecycle-20260705T172920.829938847Z-c4-real-task-0022,signed_postallocation,true,1,1783272561173,0,QmNqxnqMtb8sfjsbs8nXG3svpSGcf4Pq1qS9nykNsjeEqq,false
130,e6-lifecycle-20260705T172920.829938847Z-c4-real-task-0022,signed_post_evalsnapshot,true,2,1783272561174,0,QmNqxnqMtb8sfjsbs8nXG3svpSGcf4Pq1qS9nykNsjeEqq,false
131,e6-lifecycle-20260705T172920.829938847Z-c4-real-task-0022,signed_vote1,true,2,1783272561176,0,QmNqxnqMtb8sfjsbs8nXG3svpSGcf4Pq1qS9nykNsjeEqq,false
132,e6-lifecycle-20260705T172920.829938847Z-c4-real-task-0022,signed_vote2,true,1,1783272561178,0,QmNqxnqMtb8sfjsbs8nXG3svpSGcf4Pq1qS9nykNsjeEqq,false
133,e6-lifecycle-20260705T172920.829938847Z-c4-real-task-0022,signed_settlement,true,2,1783272561179,0,QmNqxnqMtb8sfjsbs8nXG3svpSGcf4Pq1qS9nykNsjeEqq,false
134,e6-lifecycle-20260705T172920.829938847Z-c4-real-task-0022,signed_query_latest,true,0,1783272561181,0,QmNqxnqMtb8sfjsbs8nXG3svpSGcf4Pq1qS9nykNsjeEqq,false
135,e6-lifecycle-20260705T172920.829938847Z-c4-real-task-0022,ipfs_verify,true,8,1783272561181,0,QmNqxnqMtb8sfjsbs8nXG3svpSGcf4Pq1qS9nykNsjeEqq,false
136,e6-lifecycle-20260705T172920.829938847Z-c4-real-task-0023,ipfs_add,true,67,1783272561122,1700,,false
137,e6-lifecycle-20260705T172920.829938847Z-c4-real-task-0023,signed_posttask,true,3,1783272561189,0,QmSNTzME5ExH9MXjsfAXcGbriDzvpgibF4VxHLZTbZtpFe,false
138,e6-lifecycle-20260705T172920.829938847Z-c4-real-task-0023,signed_postallocation,true,2,1783272561192,0,QmSNTzME5ExH9MXjsfAXcGbriDzvpgibF4VxHLZTbZtpFe,false
139,e6-lifecycle-20260705T172920.829938847Z-c4-real-task-0023,signed_post_evalsnapshot,true,1,1783272561194,0,QmSNTzME5ExH9MXjsfAXcGbriDzvpgibF4VxHLZTbZtpFe,false
140,e6-lifecycle-20260705T172920.829938847Z-c4-real-task-0023,signed_vote1,true,2,1783272561195,0,QmSNTzME5ExH9MXjsfAXcGbriDzvpgibF4VxHLZTbZtpFe,false
141,e6-lifecycle-20260705T172920.829938847Z-c4-real-task-0023,signed_vote2,true,1,1783272561197,0,QmSNTzME5ExH9MXjsfAXcGbriDzvpgibF4VxHLZTbZtpFe,false
142,e6-lifecycle-20260705T172920.829938847Z-c4-real-task-0023,signed_settlement,true,2,1783272561198,0,QmSNTzME5ExH9MXjsfAXcGbriDzvpgibF4VxHLZTbZtpFe,false
143,e6-lifecycle-20260705T172920.829938847Z-c4-real-task-0023,signed_query_latest,true,0,1783272561200,0,QmSNTzME5ExH9MXjsfAXcGbriDzvpgibF4VxHLZTbZtpFe,false
144,e6-lifecycle-20260705T172920.829938847Z-c4-real-task-0023,ipfs_verify,true,7,1783272561200,0,QmSNTzME5ExH9MXjsfAXcGbriDzvpgibF4VxHLZTbZtpFe,false
145,e6-lifecycle-20260705T172920.829938847Z-c4-real-task-0024,ipfs_add,true,60,1783272561151,1380,,false
146,e6-lifecycle-20260705T172920.829938847Z-c4-real-task-0024,signed_posttask,true,2,1783272561211,0,QmVMeHnQxmGXaDj74SJcQxSejhibib6Ve54PwgWQGkenB7,false
147,e6-lifecycle-20260705T172920.829938847Z-c4-real-task-0024,signed_postallocation,true,2,1783272561213,0,QmVMeHnQxmGXaDj74SJcQxSejhibib6Ve54PwgWQGkenB7,false
148,e6-lifecycle-20260705T172920.829938847Z-c4-real-task-0024,signed_post_evalsnapshot,true,2,1783272561215,0,QmVMeHnQxmGXaDj74SJcQxSejhibib6Ve54PwgWQGkenB7,false
149,e6-lifecycle-20260705T172920.829938847Z-c4-real-task-0024,signed_vote1,true,1,1783272561217,0,QmVMeHnQxmGXaDj74SJcQxSejhibib6Ve54PwgWQGkenB7,false
150,e6-lifecycle-20260705T172920.829938847Z-c4-real-task-0024,signed_vote2,true,2,1783272561218,0,QmVMeHnQxmGXaDj74SJcQxSejhibib6Ve54PwgWQGkenB7,false
151,e6-lifecycle-20260705T172920.829938847Z-c4-real-task-0024,signed_settlement,true,2,1783272561220,0,QmVMeHnQxmGXaDj74SJcQxSejhibib6Ve54PwgWQGkenB7,false
152,e6-lifecycle-20260705T172920.829938847Z-c4-real-task-0024,signed_query_latest,true,0,1783272561222,0,QmVMeHnQxmGXaDj74SJcQxSejhibib6Ve54PwgWQGkenB7,false
153,e6-lifecycle-20260705T172920.829938847Z-c4-real-task-0025,ipfs_add,true,62,1783272561168,1470,,false
154,e6-lifecycle-20260705T172920.829938847Z-c4-real-task-0024,ipfs_verify,true,8,1783272561222,0,QmVMeHnQxmGXaDj74SJcQxSejhibib6Ve54PwgWQGkenB7,false
155,e6-lifecycle-20260705T172920.829938847Z-c4-real-task-0025,signed_posttask,true,2,1783272561230,0,QmfV4xn5gz8tktJ19swpdMmXMvtkpfJY5tXJWbBSUFSHFi,false
156,e6-lifecycle-20260705T172920.829938847Z-c4-real-task-0025,signed_postallocation,true,2,1783272561232,0,QmfV4xn5gz8tktJ19swpdMmXMvtkpfJY5tXJWbBSUFSHFi,false
157,e6-lifecycle-20260705T172920.829938847Z-c4-real-task-0025,signed_post_evalsnapshot,true,1,1783272561234,0,QmfV4xn5gz8tktJ19swpdMmXMvtkpfJY5tXJWbBSUFSHFi,false
158,e6-lifecycle-20260705T172920.829938847Z-c4-real-task-0025,signed_vote1,true,2,1783272561235,0,QmfV4xn5gz8tktJ19swpdMmXMvtkpfJY5tXJWbBSUFSHFi,false
159,e6-lifecycle-20260705T172920.829938847Z-c4-real-task-0025,signed_vote2,true,1,1783272561237,0,QmfV4xn5gz8tktJ19swpdMmXMvtkpfJY5tXJWbBSUFSHFi,false
160,e6-lifecycle-20260705T172920.829938847Z-c4-real-task-0025,signed_settlement,true,3,1783272561238,0,QmfV4xn5gz8tktJ19swpdMmXMvtkpfJY5tXJWbBSUFSHFi,false
161,e6-lifecycle-20260705T172920.829938847Z-c4-real-task-0025,signed_query_latest,true,0,1783272561241,0,QmfV4xn5gz8tktJ19swpdMmXMvtkpfJY5tXJWbBSUFSHFi,false
162,e6-lifecycle-20260705T172920.829938847Z-c4-real-task-0025,ipfs_verify,true,7,1783272561241,0,QmfV4xn5gz8tktJ19swpdMmXMvtkpfJY5tXJWbBSUFSHFi,false
163,e6-lifecycle-20260705T172920.829938847Z-c4-real-task-0026,ipfs_add,true,60,1783272561189,2285,,false
164,e6-lifecycle-20260705T172920.829938847Z-c4-real-task-0026,signed_posttask,true,2,1783272561249,0,QmPA4QSCZorDwximTUj45HQYaqqLrUR1uWw8YCaw56AYrQ,false
165,e6-lifecycle-20260705T172920.829938847Z-c4-real-task-0026,signed_postallocation,true,1,1783272561251,0,QmPA4QSCZorDwximTUj45HQYaqqLrUR1uWw8YCaw56AYrQ,false
166,e6-lifecycle-20260705T172920.829938847Z-c4-real-task-0026,signed_post_evalsnapshot,true,2,1783272561252,0,QmPA4QSCZorDwximTUj45HQYaqqLrUR1uWw8YCaw56AYrQ,false
167,e6-lifecycle-20260705T172920.829938847Z-c4-real-task-0026,signed_vote1,true,2,1783272561254,0,QmPA4QSCZorDwximTUj45HQYaqqLrUR1uWw8YCaw56AYrQ,false
168,e6-lifecycle-20260705T172920.829938847Z-c4-real-task-0026,signed_vote2,true,2,1783272561256,0,QmPA4QSCZorDwximTUj45HQYaqqLrUR1uWw8YCaw56AYrQ,false
169,e6-lifecycle-20260705T172920.829938847Z-c4-real-task-0026,signed_settlement,true,2,1783272561258,0,QmPA4QSCZorDwximTUj45HQYaqqLrUR1uWw8YCaw56AYrQ,false
170,e6-lifecycle-20260705T172920.829938847Z-c4-real-task-0026,signed_query_latest,true,0,1783272561260,0,QmPA4QSCZorDwximTUj45HQYaqqLrUR1uWw8YCaw56AYrQ,false
171,e6-lifecycle-20260705T172920.829938847Z-c4-real-task-0026,ipfs_verify,true,9,1783272561260,0,QmPA4QSCZorDwximTUj45HQYaqqLrUR1uWw8YCaw56AYrQ,false
172,e6-lifecycle-20260705T172920.829938847Z-c4-real-task-0027,ipfs_add,true,62,1783272561207,1942,,false
173,e6-lifecycle-20260705T172920.829938847Z-c4-real-task-0027,signed_posttask,true,2,1783272561269,0,QmNy38ZnCY29gNwh56gk2CQJXsETwyHTceFnkSP4vC85KR,false
174,e6-lifecycle-20260705T172920.829938847Z-c4-real-task-0027,signed_postallocation,true,2,1783272561271,0,QmNy38ZnCY29gNwh56gk2CQJXsETwyHTceFnkSP4vC85KR,false
175,e6-lifecycle-20260705T172920.829938847Z-c4-real-task-0027,signed_post_evalsnapshot,true,2,1783272561273,0,QmNy38ZnCY29gNwh56gk2CQJXsETwyHTceFnkSP4vC85KR,false
176,e6-lifecycle-20260705T172920.829938847Z-c4-real-task-0027,signed_vote1,true,1,1783272561275,0,QmNy38ZnCY29gNwh56gk2CQJXsETwyHTceFnkSP4vC85KR,false
177,e6-lifecycle-20260705T172920.829938847Z-c4-real-task-0027,signed_vote2,true,2,1783272561276,0,QmNy38ZnCY29gNwh56gk2CQJXsETwyHTceFnkSP4vC85KR,false
178,e6-lifecycle-20260705T172920.829938847Z-c4-real-task-0027,signed_settlement,true,2,1783272561278,0,QmNy38ZnCY29gNwh56gk2CQJXsETwyHTceFnkSP4vC85KR,false
179,e6-lifecycle-20260705T172920.829938847Z-c4-real-task-0027,signed_query_latest,true,0,1783272561280,0,QmNy38ZnCY29gNwh56gk2CQJXsETwyHTceFnkSP4vC85KR,false
180,e6-lifecycle-20260705T172920.829938847Z-c4-real-task-0027,ipfs_verify,true,7,1783272561280,0,QmNy38ZnCY29gNwh56gk2CQJXsETwyHTceFnkSP4vC85KR,false
181,e6-lifecycle-20260705T172920.829938847Z-c4-real-task-0028,ipfs_add,true,57,1783272561230,2235,,false
182,e6-lifecycle-20260705T172920.829938847Z-c4-real-task-0028,signed_posttask,true,3,1783272561287,0,QmPDqC4FvPihq4H2RHnNdvzHBK2kp3vUV7gp3cD2AmeuSG,false
183,e6-lifecycle-20260705T172920.829938847Z-c4-real-task-0028,signed_postallocation,true,1,1783272561290,0,QmPDqC4FvPihq4H2RHnNdvzHBK2kp3vUV7gp3cD2AmeuSG,false
184,e6-lifecycle-20260705T172920.829938847Z-c4-real-task-0028,signed_post_evalsnapshot,true,2,1783272561291,0,QmPDqC4FvPihq4H2RHnNdvzHBK2kp3vUV7gp3cD2AmeuSG,false
185,e6-lifecycle-20260705T172920.829938847Z-c4-real-task-0028,signed_vote1,true,2,1783272561293,0,QmPDqC4FvPihq4H2RHnNdvzHBK2kp3vUV7gp3cD2AmeuSG,false
186,e6-lifecycle-20260705T172920.829938847Z-c4-real-task-0028,signed_vote2,true,3,1783272561295,0,QmPDqC4FvPihq4H2RHnNdvzHBK2kp3vUV7gp3cD2AmeuSG,false
187,e6-lifecycle-20260705T172920.829938847Z-c4-real-task-0028,signed_settlement,true,2,1783272561298,0,QmPDqC4FvPihq4H2RHnNdvzHBK2kp3vUV7gp3cD2AmeuSG,false
188,e6-lifecycle-20260705T172920.829938847Z-c4-real-task-0028,signed_query_latest,true,0,1783272561300,0,QmPDqC4FvPihq4H2RHnNdvzHBK2kp3vUV7gp3cD2AmeuSG,false
189,e6-lifecycle-20260705T172920.829938847Z-c4-real-task-0029,ipfs_add,true,60,1783272561248,1996,,false
190,e6-lifecycle-20260705T172920.829938847Z-c4-real-task-0029,signed_posttask,true,1,1783272561308,0,QmacXcTiVxv9uHJiorLkYH2xDDraJTZ3uq6FBG4Ctr6VoC,false
191,e6-lifecycle-20260705T172920.829938847Z-c4-real-task-0029,signed_postallocation,true,2,1783272561309,0,QmacXcTiVxv9uHJiorLkYH2xDDraJTZ3uq6FBG4Ctr6VoC,false
192,e6-lifecycle-20260705T172920.829938847Z-c4-real-task-0028,ipfs_verify,true,13,1783272561300,0,QmPDqC4FvPihq4H2RHnNdvzHBK2kp3vUV7gp3cD2AmeuSG,false
193,e6-lifecycle-20260705T172920.829938847Z-c4-real-task-0029,signed_post_evalsnapshot,true,2,1783272561311,0,QmacXcTiVxv9uHJiorLkYH2xDDraJTZ3uq6FBG4Ctr6VoC,false
194,e6-lifecycle-20260705T172920.829938847Z-c4-real-task-0029,signed_vote1,true,2,1783272561313,0,QmacXcTiVxv9uHJiorLkYH2xDDraJTZ3uq6FBG4Ctr6VoC,false
195,e6-lifecycle-20260705T172920.829938847Z-c4-real-task-0029,signed_vote2,true,2,1783272561315,0,QmacXcTiVxv9uHJiorLkYH2xDDraJTZ3uq6FBG4Ctr6VoC,false
196,e6-lifecycle-20260705T172920.829938847Z-c4-real-task-0029,signed_settlement,true,3,1783272561317,0,QmacXcTiVxv9uHJiorLkYH2xDDraJTZ3uq6FBG4Ctr6VoC,false
197,e6-lifecycle-20260705T172920.829938847Z-c4-real-task-0029,signed_query_latest,true,0,1783272561320,0,QmacXcTiVxv9uHJiorLkYH2xDDraJTZ3uq6FBG4Ctr6VoC,false
198,e6-lifecycle-20260705T172920.829938847Z-c4-real-task-0029,ipfs_verify,true,9,1783272561320,0,QmacXcTiVxv9uHJiorLkYH2xDDraJTZ3uq6FBG4Ctr6VoC,false
199,e6-lifecycle-20260705T172920.829938847Z-c4-real-task-0030,ipfs_add,true,73,1783272561269,4609,,false
200,e6-lifecycle-20260705T172920.829938847Z-c4-real-task-0030,signed_posttask,true,2,1783272561342,0,QmXUNpwtX2A1bcF51kySLa1p7B6HvhMNsMQoiVdNUoJig7,false
201,e6-lifecycle-20260705T172920.829938847Z-c4-real-task-0030,signed_postallocation,true,4,1783272561344,0,QmXUNpwtX2A1bcF51kySLa1p7B6HvhMNsMQoiVdNUoJig7,false
202,e6-lifecycle-20260705T172920.829938847Z-c4-real-task-0030,signed_post_evalsnapshot,true,8,1783272561348,0,QmXUNpwtX2A1bcF51kySLa1p7B6HvhMNsMQoiVdNUoJig7,false
203,e6-lifecycle-20260705T172920.829938847Z-c4-real-task-0030,signed_vote1,true,2,1783272561356,0,QmXUNpwtX2A1bcF51kySLa1p7B6HvhMNsMQoiVdNUoJig7,false
204,e6-lifecycle-20260705T172920.829938847Z-c4-real-task-0030,signed_vote2,true,1,1783272561358,0,QmXUNpwtX2A1bcF51kySLa1p7B6HvhMNsMQoiVdNUoJig7,false
205,e6-lifecycle-20260705T172920.829938847Z-c4-real-task-0030,signed_settlement,true,2,1783272561359,0,QmXUNpwtX2A1bcF51kySLa1p7B6HvhMNsMQoiVdNUoJig7,false
206,e6-lifecycle-20260705T172920.829938847Z-c4-real-task-0030,signed_query_latest,true,0,1783272561361,0,QmXUNpwtX2A1bcF51kySLa1p7B6HvhMNsMQoiVdNUoJig7,false
207,e6-lifecycle-20260705T172920.829938847Z-c4-real-task-0030,ipfs_verify,true,7,1783272561361,0,QmXUNpwtX2A1bcF51kySLa1p7B6HvhMNsMQoiVdNUoJig7,false
208,e6-lifecycle-20260705T172920.829938847Z-c4-real-task-0031,ipfs_add,true,88,1783272561287,2037,,false
209,e6-lifecycle-20260705T172920.829938847Z-c4-real-task-0031,signed_posttask,true,2,1783272561375,0,QmcMwXc4Z8ftz7kr4SLihnEKFezGYhMs51A9cNDVd2ZUGa,false
210,e6-lifecycle-20260705T172920.829938847Z-c4-real-task-0031,signed_postallocation,true,2,1783272561377,0,QmcMwXc4Z8ftz7kr4SLihnEKFezGYhMs51A9cNDVd2ZUGa,false
211,e6-lifecycle-20260705T172920.829938847Z-c4-real-task-0031,signed_post_evalsnapshot,true,1,1783272561379,0,QmcMwXc4Z8ftz7kr4SLihnEKFezGYhMs51A9cNDVd2ZUGa,false
212,e6-lifecycle-20260705T172920.829938847Z-c4-real-task-0031,signed_vote1,true,2,1783272561380,0,QmcMwXc4Z8ftz7kr4SLihnEKFezGYhMs51A9cNDVd2ZUGa,false
213,e6-lifecycle-20260705T172920.829938847Z-c4-real-task-0031,signed_vote2,true,1,1783272561382,0,QmcMwXc4Z8ftz7kr4SLihnEKFezGYhMs51A9cNDVd2ZUGa,false
214,e6-lifecycle-20260705T172920.829938847Z-c4-real-task-0031,signed_settlement,true,2,1783272561383,0,QmcMwXc4Z8ftz7kr4SLihnEKFezGYhMs51A9cNDVd2ZUGa,false
215,e6-lifecycle-20260705T172920.829938847Z-c4-real-task-0031,signed_query_latest,true,0,1783272561385,0,QmcMwXc4Z8ftz7kr4SLihnEKFezGYhMs51A9cNDVd2ZUGa,false
216,e6-lifecycle-20260705T172920.829938847Z-c4-real-task-0031,ipfs_verify,true,8,1783272561385,0,QmcMwXc4Z8ftz7kr4SLihnEKFezGYhMs51A9cNDVd2ZUGa,false
217,e6-lifecycle-20260705T172920.829938847Z-c4-real-task-0032,ipfs_add,true,80,1783272561313,4244,,false
218,e6-lifecycle-20260705T172920.829938847Z-c4-real-task-0032,signed_posttask,true,1,1783272561393,0,QmTUE1xZhmfV2QSdvfbaurUfSv66ET7R31e5urBxmKFSfb,false
219,e6-lifecycle-20260705T172920.829938847Z-c4-real-task-0032,signed_postallocation,true,2,1783272561394,0,QmTUE1xZhmfV2QSdvfbaurUfSv66ET7R31e5urBxmKFSfb,false
220,e6-lifecycle-20260705T172920.829938847Z-c4-real-task-0032,signed_post_evalsnapshot,true,2,1783272561396,0,QmTUE1xZhmfV2QSdvfbaurUfSv66ET7R31e5urBxmKFSfb,false
221,e6-lifecycle-20260705T172920.829938847Z-c4-real-task-0032,signed_vote1,true,1,1783272561398,0,QmTUE1xZhmfV2QSdvfbaurUfSv66ET7R31e5urBxmKFSfb,false
222,e6-lifecycle-20260705T172920.829938847Z-c4-real-task-0032,signed_vote2,true,2,1783272561399,0,QmTUE1xZhmfV2QSdvfbaurUfSv66ET7R31e5urBxmKFSfb,false
223,e6-lifecycle-20260705T172920.829938847Z-c4-real-task-0032,signed_settlement,true,2,1783272561401,0,QmTUE1xZhmfV2QSdvfbaurUfSv66ET7R31e5urBxmKFSfb,false
224,e6-lifecycle-20260705T172920.829938847Z-c4-real-task-0032,signed_query_latest,true,0,1783272561403,0,QmTUE1xZhmfV2QSdvfbaurUfSv66ET7R31e5urBxmKFSfb,false
225,e6-lifecycle-20260705T172920.829938847Z-c4-real-task-0032,ipfs_verify,true,8,1783272561403,0,QmTUE1xZhmfV2QSdvfbaurUfSv66ET7R31e5urBxmKFSfb,false
226,e6-lifecycle-20260705T172920.829938847Z-c4-real-task-0033,ipfs_add,true,88,1783272561330,7207,,false
227,e6-lifecycle-20260705T172920.829938847Z-c4-real-task-0033,signed_posttask,true,2,1783272561418,0,QmQ48RSbPCJevCydnQupZo9nDcEmZKcjzn5kaHFiESq88N,false
228,e6-lifecycle-20260705T172920.829938847Z-c4-real-task-0033,signed_postallocation,true,2,1783272561420,0,QmQ48RSbPCJevCydnQupZo9nDcEmZKcjzn5kaHFiESq88N,false
229,e6-lifecycle-20260705T172920.829938847Z-c4-real-task-0033,signed_post_evalsnapshot,true,2,1783272561422,0,QmQ48RSbPCJevCydnQupZo9nDcEmZKcjzn5kaHFiESq88N,false
230,e6-lifecycle-20260705T172920.829938847Z-c4-real-task-0033,signed_vote1,true,2,1783272561424,0,QmQ48RSbPCJevCydnQupZo9nDcEmZKcjzn5kaHFiESq88N,false
231,e6-lifecycle-20260705T172920.829938847Z-c4-real-task-0033,signed_vote2,true,1,1783272561426,0,QmQ48RSbPCJevCydnQupZo9nDcEmZKcjzn5kaHFiESq88N,false
232,e6-lifecycle-20260705T172920.829938847Z-c4-real-task-0033,signed_settlement,true,2,1783272561427,0,QmQ48RSbPCJevCydnQupZo9nDcEmZKcjzn5kaHFiESq88N,false
233,e6-lifecycle-20260705T172920.829938847Z-c4-real-task-0033,signed_query_latest,true,0,1783272561429,0,QmQ48RSbPCJevCydnQupZo9nDcEmZKcjzn5kaHFiESq88N,false
234,e6-lifecycle-20260705T172920.829938847Z-c4-real-task-0033,ipfs_verify,true,6,1783272561429,0,QmQ48RSbPCJevCydnQupZo9nDcEmZKcjzn5kaHFiESq88N,false
235,e6-lifecycle-20260705T172920.829938847Z-c4-real-task-0034,ipfs_add,true,69,1783272561368,1614,,false
236,e6-lifecycle-20260705T172920.829938847Z-c4-real-task-0034,signed_posttask,true,3,1783272561437,0,QmPfG9yDWdYPi2SxVxc2HNwGgKxYHpb8KNnTKLEUsSwYJF,false
237,e6-lifecycle-20260705T172920.829938847Z-c4-real-task-0034,signed_postallocation,true,2,1783272561440,0,QmPfG9yDWdYPi2SxVxc2HNwGgKxYHpb8KNnTKLEUsSwYJF,false
238,e6-lifecycle-20260705T172920.829938847Z-c4-real-task-0034,signed_post_evalsnapshot,true,2,1783272561442,0,QmPfG9yDWdYPi2SxVxc2HNwGgKxYHpb8KNnTKLEUsSwYJF,false
239,e6-lifecycle-20260705T172920.829938847Z-c4-real-task-0034,signed_vote1,true,2,1783272561444,0,QmPfG9yDWdYPi2SxVxc2HNwGgKxYHpb8KNnTKLEUsSwYJF,false
240,e6-lifecycle-20260705T172920.829938847Z-c4-real-task-0034,signed_vote2,true,1,1783272561446,0,QmPfG9yDWdYPi2SxVxc2HNwGgKxYHpb8KNnTKLEUsSwYJF,false
241,e6-lifecycle-20260705T172920.829938847Z-c4-real-task-0034,signed_settlement,true,2,1783272561447,0,QmPfG9yDWdYPi2SxVxc2HNwGgKxYHpb8KNnTKLEUsSwYJF,false
242,e6-lifecycle-20260705T172920.829938847Z-c4-real-task-0034,signed_query_latest,true,0,1783272561449,0,QmPfG9yDWdYPi2SxVxc2HNwGgKxYHpb8KNnTKLEUsSwYJF,false
243,e6-lifecycle-20260705T172920.829938847Z-c4-real-task-0034,ipfs_verify,true,10,1783272561449,0,QmPfG9yDWdYPi2SxVxc2HNwGgKxYHpb8KNnTKLEUsSwYJF,false
244,e6-lifecycle-20260705T172920.829938847Z-c4-real-task-0035,ipfs_add,true,66,1783272561393,1846,,false
245,e6-lifecycle-20260705T172920.829938847Z-c4-real-task-0035,signed_posttask,true,2,1783272561459,0,QmXkECAAwC32vhNNVm7xZTatUjGVbfHbwXcCezk2t5DnUf,false
246,e6-lifecycle-20260705T172920.829938847Z-c4-real-task-0035,signed_postallocation,true,2,1783272561461,0,QmXkECAAwC32vhNNVm7xZTatUjGVbfHbwXcCezk2t5DnUf,false
247,e6-lifecycle-20260705T172920.829938847Z-c4-real-task-0035,signed_post_evalsnapshot,true,1,1783272561463,0,QmXkECAAwC32vhNNVm7xZTatUjGVbfHbwXcCezk2t5DnUf,false
248,e6-lifecycle-20260705T172920.829938847Z-c4-real-task-0035,signed_vote1,true,2,1783272561464,0,QmXkECAAwC32vhNNVm7xZTatUjGVbfHbwXcCezk2t5DnUf,false
249,e6-lifecycle-20260705T172920.829938847Z-c4-real-task-0035,signed_vote2,true,2,1783272561466,0,QmXkECAAwC32vhNNVm7xZTatUjGVbfHbwXcCezk2t5DnUf,false
250,e6-lifecycle-20260705T172920.829938847Z-c4-real-task-0035,signed_settlement,true,1,1783272561468,0,QmXkECAAwC32vhNNVm7xZTatUjGVbfHbwXcCezk2t5DnUf,false
251,e6-lifecycle-20260705T172920.829938847Z-c4-real-task-0035,signed_query_latest,true,0,1783272561469,0,QmXkECAAwC32vhNNVm7xZTatUjGVbfHbwXcCezk2t5DnUf,false
252,e6-lifecycle-20260705T172920.829938847Z-c4-real-task-0035,ipfs_verify,true,8,1783272561469,0,QmXkECAAwC32vhNNVm7xZTatUjGVbfHbwXcCezk2t5DnUf,false
253,e6-lifecycle-20260705T172920.829938847Z-c4-real-task-0036,ipfs_add,true,68,1783272561411,2427,,false
254,e6-lifecycle-20260705T172920.829938847Z-c4-real-task-0036,signed_posttask,true,3,1783272561479,0,QmPSKMPmcfaaWUAvL2tX88QhRRxXXC4SXnChDHzjSbwd8b,false
255,e6-lifecycle-20260705T172920.829938847Z-c4-real-task-0036,signed_postallocation,true,2,1783272561482,0,QmPSKMPmcfaaWUAvL2tX88QhRRxXXC4SXnChDHzjSbwd8b,false
256,e6-lifecycle-20260705T172920.829938847Z-c4-real-task-0036,signed_post_evalsnapshot,true,2,1783272561484,0,QmPSKMPmcfaaWUAvL2tX88QhRRxXXC4SXnChDHzjSbwd8b,false
257,e6-lifecycle-20260705T172920.829938847Z-c4-real-task-0036,signed_vote1,true,1,1783272561486,0,QmPSKMPmcfaaWUAvL2tX88QhRRxXXC4SXnChDHzjSbwd8b,false
258,e6-lifecycle-20260705T172920.829938847Z-c4-real-task-0036,signed_vote2,true,2,1783272561487,0,QmPSKMPmcfaaWUAvL2tX88QhRRxXXC4SXnChDHzjSbwd8b,false
259,e6-lifecycle-20260705T172920.829938847Z-c4-real-task-0036,signed_settlement,true,2,1783272561489,0,QmPSKMPmcfaaWUAvL2tX88QhRRxXXC4SXnChDHzjSbwd8b,false
260,e6-lifecycle-20260705T172920.829938847Z-c4-real-task-0036,signed_query_latest,true,0,1783272561491,0,QmPSKMPmcfaaWUAvL2tX88QhRRxXXC4SXnChDHzjSbwd8b,false
261,e6-lifecycle-20260705T172920.829938847Z-c4-real-task-0036,ipfs_verify,true,7,1783272561491,0,QmPSKMPmcfaaWUAvL2tX88QhRRxXXC4SXnChDHzjSbwd8b,false
262,e6-lifecycle-20260705T172920.829938847Z-c4-real-task-0037,ipfs_add,true,65,1783272561435,2773,,false
263,e6-lifecycle-20260705T172920.829938847Z-c4-real-task-0037,signed_posttask,true,2,1783272561500,0,QmWmrqK7bzA1Pq5z5dsLEen6BZ5iPRNFNBXLJnZmr5J9ff,false
264,e6-lifecycle-20260705T172920.829938847Z-c4-real-task-0037,signed_postallocation,true,2,1783272561502,0,QmWmrqK7bzA1Pq5z5dsLEen6BZ5iPRNFNBXLJnZmr5J9ff,false
265,e6-lifecycle-20260705T172920.829938847Z-c4-real-task-0037,signed_post_evalsnapshot,true,1,1783272561504,0,QmWmrqK7bzA1Pq5z5dsLEen6BZ5iPRNFNBXLJnZmr5J9ff,false
266,e6-lifecycle-20260705T172920.829938847Z-c4-real-task-0037,signed_vote1,true,2,1783272561505,0,QmWmrqK7bzA1Pq5z5dsLEen6BZ5iPRNFNBXLJnZmr5J9ff,false
267,e6-lifecycle-20260705T172920.829938847Z-c4-real-task-0037,signed_vote2,true,1,1783272561507,0,QmWmrqK7bzA1Pq5z5dsLEen6BZ5iPRNFNBXLJnZmr5J9ff,false
268,e6-lifecycle-20260705T172920.829938847Z-c4-real-task-0037,signed_settlement,true,2,1783272561508,0,QmWmrqK7bzA1Pq5z5dsLEen6BZ5iPRNFNBXLJnZmr5J9ff,false
269,e6-lifecycle-20260705T172920.829938847Z-c4-real-task-0037,signed_query_latest,true,0,1783272561510,0,QmWmrqK7bzA1Pq5z5dsLEen6BZ5iPRNFNBXLJnZmr5J9ff,false
270,e6-lifecycle-20260705T172920.829938847Z-c4-real-task-0037,ipfs_verify,true,9,1783272561510,0,QmWmrqK7bzA1Pq5z5dsLEen6BZ5iPRNFNBXLJnZmr5J9ff,false
271,e6-lifecycle-20260705T172920.829938847Z-c4-real-task-0038,ipfs_add,true,60,1783272561459,3829,,false
272,e6-lifecycle-20260705T172920.829938847Z-c4-real-task-0038,signed_posttask,true,3,1783272561519,0,QmUB51xuBaMCywUYGFiM9cTrnAhyjLu2J5jzTrZkY11kPF,false
273,e6-lifecycle-20260705T172920.829938847Z-c4-real-task-0038,signed_postallocation,true,2,1783272561522,0,QmUB51xuBaMCywUYGFiM9cTrnAhyjLu2J5jzTrZkY11kPF,false
274,e6-lifecycle-20260705T172920.829938847Z-c4-real-task-0038,signed_post_evalsnapshot,true,2,1783272561524,0,QmUB51xuBaMCywUYGFiM9cTrnAhyjLu2J5jzTrZkY11kPF,false
275,e6-lifecycle-20260705T172920.829938847Z-c4-real-task-0038,signed_vote1,true,2,1783272561526,0,QmUB51xuBaMCywUYGFiM9cTrnAhyjLu2J5jzTrZkY11kPF,false
276,e6-lifecycle-20260705T172920.829938847Z-c4-real-task-0038,signed_vote2,true,2,1783272561528,0,QmUB51xuBaMCywUYGFiM9cTrnAhyjLu2J5jzTrZkY11kPF,false
277,e6-lifecycle-20260705T172920.829938847Z-c4-real-task-0038,signed_settlement,true,2,1783272561530,0,QmUB51xuBaMCywUYGFiM9cTrnAhyjLu2J5jzTrZkY11kPF,false
278,e6-lifecycle-20260705T172920.829938847Z-c4-real-task-0038,signed_query_latest,true,0,1783272561532,0,QmUB51xuBaMCywUYGFiM9cTrnAhyjLu2J5jzTrZkY11kPF,false
279,e6-lifecycle-20260705T172920.829938847Z-c4-real-task-0038,ipfs_verify,true,8,1783272561532,0,QmUB51xuBaMCywUYGFiM9cTrnAhyjLu2J5jzTrZkY11kPF,false
280,e6-lifecycle-20260705T172920.829938847Z-c4-real-task-0039,ipfs_add,true,64,1783272561478,2185,,false
281,e6-lifecycle-20260705T172920.829938847Z-c4-real-task-0039,signed_posttask,true,2,1783272561542,0,QmasU8pZpyfk1aUFRpicohvbDCx1eFRWjH9p29sHpDSiZZ,false
282,e6-lifecycle-20260705T172920.829938847Z-c4-real-task-0039,signed_postallocation,true,2,1783272561544,0,QmasU8pZpyfk1aUFRpicohvbDCx1eFRWjH9p29sHpDSiZZ,false
283,e6-lifecycle-20260705T172920.829938847Z-c4-real-task-0039,signed_post_evalsnapshot,true,2,1783272561546,0,QmasU8pZpyfk1aUFRpicohvbDCx1eFRWjH9p29sHpDSiZZ,false
284,e6-lifecycle-20260705T172920.829938847Z-c4-real-task-0039,signed_vote1,true,1,1783272561548,0,QmasU8pZpyfk1aUFRpicohvbDCx1eFRWjH9p29sHpDSiZZ,false
285,e6-lifecycle-20260705T172920.829938847Z-c4-real-task-0039,signed_vote2,true,2,1783272561549,0,QmasU8pZpyfk1aUFRpicohvbDCx1eFRWjH9p29sHpDSiZZ,false
286,e6-lifecycle-20260705T172920.829938847Z-c4-real-task-0039,signed_settlement,true,2,1783272561551,0,QmasU8pZpyfk1aUFRpicohvbDCx1eFRWjH9p29sHpDSiZZ,false
287,e6-lifecycle-20260705T172920.829938847Z-c4-real-task-0039,signed_query_latest,true,0,1783272561553,0,QmasU8pZpyfk1aUFRpicohvbDCx1eFRWjH9p29sHpDSiZZ,false
288,e6-lifecycle-20260705T172920.829938847Z-c4-real-task-0039,ipfs_verify,true,9,1783272561553,0,QmasU8pZpyfk1aUFRpicohvbDCx1eFRWjH9p29sHpDSiZZ,false
289,e6-lifecycle-20260705T172920.829938847Z-c4-real-task-0040,ipfs_add,true,63,1783272561499,1852,,false
290,e6-lifecycle-20260705T172920.829938847Z-c4-real-task-0040,signed_posttask,true,3,1783272561562,0,Qme8h8cEVWXzKEmaj7rkRo9NHBoPXxWrTLcYQjWRpqrisB,false
291,e6-lifecycle-20260705T172920.829938847Z-c4-real-task-0040,signed_postallocation,true,2,1783272561565,0,Qme8h8cEVWXzKEmaj7rkRo9NHBoPXxWrTLcYQjWRpqrisB,false
292,e6-lifecycle-20260705T172920.829938847Z-c4-real-task-0040,signed_post_evalsnapshot,true,2,1783272561567,0,Qme8h8cEVWXzKEmaj7rkRo9NHBoPXxWrTLcYQjWRpqrisB,false
293,e6-lifecycle-20260705T172920.829938847Z-c4-real-task-0040,signed_vote1,true,2,1783272561569,0,Qme8h8cEVWXzKEmaj7rkRo9NHBoPXxWrTLcYQjWRpqrisB,false
294,e6-lifecycle-20260705T172920.829938847Z-c4-real-task-0040,signed_vote2,true,3,1783272561571,0,Qme8h8cEVWXzKEmaj7rkRo9NHBoPXxWrTLcYQjWRpqrisB,false
295,e6-lifecycle-20260705T172920.829938847Z-c4-real-task-0040,signed_settlement,true,2,1783272561574,0,Qme8h8cEVWXzKEmaj7rkRo9NHBoPXxWrTLcYQjWRpqrisB,false
296,e6-lifecycle-20260705T172920.829938847Z-c4-real-task-0040,signed_query_latest,true,0,1783272561576,0,Qme8h8cEVWXzKEmaj7rkRo9NHBoPXxWrTLcYQjWRpqrisB,false
297,e6-lifecycle-20260705T172920.829938847Z-c4-real-task-0041,ipfs_add,true,66,1783272561519,3950,,false
298,e6-lifecycle-20260705T172920.829938847Z-c4-real-task-0041,signed_posttask,true,2,1783272561585,0,QmcFrzAGhrprmDxHPdunRd28u27YRTGcAAnGPSotWa75JU,false
299,e6-lifecycle-20260705T172920.829938847Z-c4-real-task-0040,ipfs_verify,true,11,1783272561576,0,Qme8h8cEVWXzKEmaj7rkRo9NHBoPXxWrTLcYQjWRpqrisB,false
300,e6-lifecycle-20260705T172920.829938847Z-c4-real-task-0041,signed_postallocation,true,2,1783272561587,0,QmcFrzAGhrprmDxHPdunRd28u27YRTGcAAnGPSotWa75JU,false
301,e6-lifecycle-20260705T172920.829938847Z-c4-real-task-0041,signed_post_evalsnapshot,true,3,1783272561589,0,QmcFrzAGhrprmDxHPdunRd28u27YRTGcAAnGPSotWa75JU,false
302,e6-lifecycle-20260705T172920.829938847Z-c4-real-task-0041,signed_vote1,true,2,1783272561592,0,QmcFrzAGhrprmDxHPdunRd28u27YRTGcAAnGPSotWa75JU,false
303,e6-lifecycle-20260705T172920.829938847Z-c4-real-task-0041,signed_vote2,true,1,1783272561594,0,QmcFrzAGhrprmDxHPdunRd28u27YRTGcAAnGPSotWa75JU,false
304,e6-lifecycle-20260705T172920.829938847Z-c4-real-task-0041,signed_settlement,true,2,1783272561595,0,QmcFrzAGhrprmDxHPdunRd28u27YRTGcAAnGPSotWa75JU,false
305,e6-lifecycle-20260705T172920.829938847Z-c4-real-task-0041,signed_query_latest,true,0,1783272561597,0,QmcFrzAGhrprmDxHPdunRd28u27YRTGcAAnGPSotWa75JU,false
306,e6-lifecycle-20260705T172920.829938847Z-c4-real-task-0041,ipfs_verify,true,8,1783272561597,0,QmcFrzAGhrprmDxHPdunRd28u27YRTGcAAnGPSotWa75JU,false
307,e6-lifecycle-20260705T172920.829938847Z-c4-real-task-0012,ipfs_add,true,66,1783272561540,2481,,false
308,e6-lifecycle-20260705T172920.829938847Z-c4-real-task-0012,signed_posttask,true,2,1783272561606,0,QmbLZmrnw2YxkgQegnEMgsfhkBbcndvvPFprkSdibX7c49,false
309,e6-lifecycle-20260705T172920.829938847Z-c4-real-task-0012,signed_postallocation,true,2,1783272561608,0,QmbLZmrnw2YxkgQegnEMgsfhkBbcndvvPFprkSdibX7c49,false
310,e6-lifecycle-20260705T172920.829938847Z-c4-real-task-0012,signed_post_evalsnapshot,true,2,1783272561610,0,QmbLZmrnw2YxkgQegnEMgsfhkBbcndvvPFprkSdibX7c49,false
311,e6-lifecycle-20260705T172920.829938847Z-c4-real-task-0012,signed_vote1,true,1,1783272561612,0,QmbLZmrnw2YxkgQegnEMgsfhkBbcndvvPFprkSdibX7c49,false
312,e6-lifecycle-20260705T172920.829938847Z-c4-real-task-0012,signed_vote2,true,3,1783272561613,0,QmbLZmrnw2YxkgQegnEMgsfhkBbcndvvPFprkSdibX7c49,false
313,e6-lifecycle-20260705T172920.829938847Z-c4-real-task-0012,signed_settlement,true,3,1783272561616,0,QmbLZmrnw2YxkgQegnEMgsfhkBbcndvvPFprkSdibX7c49,false
314,e6-lifecycle-20260705T172920.829938847Z-c4-real-task-0012,signed_query_latest,true,0,1783272561619,0,QmbLZmrnw2YxkgQegnEMgsfhkBbcndvvPFprkSdibX7c49,false
315,e6-lifecycle-20260705T172920.829938847Z-c4-real-task-0012,ipfs_verify,true,8,1783272561619,0,QmbLZmrnw2YxkgQegnEMgsfhkBbcndvvPFprkSdibX7c49,false
316,e6-lifecycle-20260705T172920.829938847Z-c4-real-task-0009,ipfs_add,true,66,1783272561562,2473,,false
317,e6-lifecycle-20260705T172920.829938847Z-c4-real-task-0009,signed_posttask,true,1,1783272561628,0,QmQL4VyiyFbbfeWbQLp7Qp6cU5MBzGngHTJYLaPrdaD1Q5,false
318,e6-lifecycle-20260705T172920.829938847Z-c4-real-task-0009,signed_postallocation,true,2,1783272561629,0,QmQL4VyiyFbbfeWbQLp7Qp6cU5MBzGngHTJYLaPrdaD1Q5,false
319,e6-lifecycle-20260705T172920.829938847Z-c4-real-task-0009,signed_post_evalsnapshot,true,2,1783272561631,0,QmQL4VyiyFbbfeWbQLp7Qp6cU5MBzGngHTJYLaPrdaD1Q5,false
320,e6-lifecycle-20260705T172920.829938847Z-c4-real-task-0009,signed_vote1,true,1,1783272561633,0,QmQL4VyiyFbbfeWbQLp7Qp6cU5MBzGngHTJYLaPrdaD1Q5,false
321,e6-lifecycle-20260705T172920.829938847Z-c4-real-task-0009,signed_vote2,true,3,1783272561634,0,QmQL4VyiyFbbfeWbQLp7Qp6cU5MBzGngHTJYLaPrdaD1Q5,false
322,e6-lifecycle-20260705T172920.829938847Z-c4-real-task-0009,signed_settlement,true,2,1783272561637,0,QmQL4VyiyFbbfeWbQLp7Qp6cU5MBzGngHTJYLaPrdaD1Q5,false
323,e6-lifecycle-20260705T172920.829938847Z-c4-real-task-0009,signed_query_latest,true,0,1783272561639,0,QmQL4VyiyFbbfeWbQLp7Qp6cU5MBzGngHTJYLaPrdaD1Q5,false
324,e6-lifecycle-20260705T172920.829938847Z-c4-real-task-0009,ipfs_verify,true,10,1783272561639,0,QmQL4VyiyFbbfeWbQLp7Qp6cU5MBzGngHTJYLaPrdaD1Q5,false
325,e6-lifecycle-20260705T172920.829938847Z-c4-real-task-0010,ipfs_add,true,63,1783272561587,1920,,false
326,e6-lifecycle-20260705T172920.829938847Z-c4-real-task-0010,signed_posttask,true,2,1783272561650,0,QmW8orLvUAo2YwFjjwaFvXPFemWqGCNshgP2T5TSk9ed5J,false
327,e6-lifecycle-20260705T172920.829938847Z-c4-real-task-0010,signed_postallocation,true,1,1783272561652,0,QmW8orLvUAo2YwFjjwaFvXPFemWqGCNshgP2T5TSk9ed5J,false
328,e6-lifecycle-20260705T172920.829938847Z-c4-real-task-0010,signed_post_evalsnapshot,true,2,1783272561653,0,QmW8orLvUAo2YwFjjwaFvXPFemWqGCNshgP2T5TSk9ed5J,false
329,e6-lifecycle-20260705T172920.829938847Z-c4-real-task-0010,signed_vote1,true,1,1783272561655,0,QmW8orLvUAo2YwFjjwaFvXPFemWqGCNshgP2T5TSk9ed5J,false
330,e6-lifecycle-20260705T172920.829938847Z-c4-real-task-0010,signed_vote2,true,2,1783272561656,0,QmW8orLvUAo2YwFjjwaFvXPFemWqGCNshgP2T5TSk9ed5J,false
331,e6-lifecycle-20260705T172920.829938847Z-c4-real-task-0010,signed_settlement,true,10,1783272561658,0,QmW8orLvUAo2YwFjjwaFvXPFemWqGCNshgP2T5TSk9ed5J,false
332,e6-lifecycle-20260705T172920.829938847Z-c4-real-task-0010,signed_query_latest,true,0,1783272561668,0,QmW8orLvUAo2YwFjjwaFvXPFemWqGCNshgP2T5TSk9ed5J,false
333,e6-lifecycle-20260705T172920.829938847Z-c4-real-task-0010,ipfs_verify,true,8,1783272561668,0,QmW8orLvUAo2YwFjjwaFvXPFemWqGCNshgP2T5TSk9ed5J,false
334,e6-lifecycle-20260705T172920.829938847Z-c4-real-task-0011,ipfs_add,true,79,1783272561605,1792,,false
335,e6-lifecycle-20260705T172920.829938847Z-c4-real-task-0011,signed_posttask,true,3,1783272561684,0,QmRYRwmnCKh97pHrWVSsWgKT9hwEK6SXPP8N3DGcdkp1Hf,false
336,e6-lifecycle-20260705T172920.829938847Z-c4-real-task-0011,signed_postallocation,true,1,1783272561687,0,QmRYRwmnCKh97pHrWVSsWgKT9hwEK6SXPP8N3DGcdkp1Hf,false
337,e6-lifecycle-20260705T172920.829938847Z-c4-real-task-0011,signed_post_evalsnapshot,true,2,1783272561688,0,QmRYRwmnCKh97pHrWVSsWgKT9hwEK6SXPP8N3DGcdkp1Hf,false
338,e6-lifecycle-20260705T172920.829938847Z-c4-real-task-0011,signed_vote1,true,2,1783272561690,0,QmRYRwmnCKh97pHrWVSsWgKT9hwEK6SXPP8N3DGcdkp1Hf,false
339,e6-lifecycle-20260705T172920.829938847Z-c4-real-task-0011,signed_vote2,true,2,1783272561692,0,QmRYRwmnCKh97pHrWVSsWgKT9hwEK6SXPP8N3DGcdkp1Hf,false
340,e6-lifecycle-20260705T172920.829938847Z-c4-real-task-0011,signed_settlement,true,3,1783272561694,0,QmRYRwmnCKh97pHrWVSsWgKT9hwEK6SXPP8N3DGcdkp1Hf,false
341,e6-lifecycle-20260705T172920.829938847Z-c4-real-task-0011,signed_query_latest,true,0,1783272561697,0,QmRYRwmnCKh97pHrWVSsWgKT9hwEK6SXPP8N3DGcdkp1Hf,false
342,e6-lifecycle-20260705T172920.829938847Z-c4-real-task-0011,ipfs_verify,true,10,1783272561697,0,QmRYRwmnCKh97pHrWVSsWgKT9hwEK6SXPP8N3DGcdkp1Hf,false
343,e6-lifecycle-20260705T172920.829938847Z-c4-real-task-0161,ipfs_add,true,85,1783272561627,2567,,false
344,e6-lifecycle-20260705T172920.829938847Z-c4-real-task-0161,signed_posttask,true,2,1783272561712,0,QmVHT5ucjcpkHShAnZazRTavev3cXT2osoYZL29UVeigZs,false
345,e6-lifecycle-20260705T172920.829938847Z-c4-real-task-0161,signed_postallocation,true,1,1783272561714,0,QmVHT5ucjcpkHShAnZazRTavev3cXT2osoYZL29UVeigZs,false
346,e6-lifecycle-20260705T172920.829938847Z-c4-real-task-0161,signed_post_evalsnapshot,true,2,1783272561715,0,QmVHT5ucjcpkHShAnZazRTavev3cXT2osoYZL29UVeigZs,false
347,e6-lifecycle-20260705T172920.829938847Z-c4-real-task-0161,signed_vote1,true,2,1783272561717,0,QmVHT5ucjcpkHShAnZazRTavev3cXT2osoYZL29UVeigZs,false
348,e6-lifecycle-20260705T172920.829938847Z-c4-real-task-0161,signed_vote2,true,1,1783272561719,0,QmVHT5ucjcpkHShAnZazRTavev3cXT2osoYZL29UVeigZs,false
349,e6-lifecycle-20260705T172920.829938847Z-c4-real-task-0161,signed_settlement,true,2,1783272561720,0,QmVHT5ucjcpkHShAnZazRTavev3cXT2osoYZL29UVeigZs,false
350,e6-lifecycle-20260705T172920.829938847Z-c4-real-task-0161,signed_query_latest,true,0,1783272561722,0,QmVHT5ucjcpkHShAnZazRTavev3cXT2osoYZL29UVeigZs,false
351,e6-lifecycle-20260705T172920.829938847Z-c4-real-task-0161,ipfs_verify,true,10,1783272561722,0,QmVHT5ucjcpkHShAnZazRTavev3cXT2osoYZL29UVeigZs,false
352,e6-lifecycle-20260705T172920.829938847Z-c4-real-task-0069,ipfs_add,true,85,1783272561649,1526,,false
353,e6-lifecycle-20260705T172920.829938847Z-c4-real-task-0069,signed_posttask,true,5,1783272561734,0,Qmc3HzGamX75gaXpQyYRDkmKLfVRUTTUbDLLNafwajDdRv,false
354,e6-lifecycle-20260705T172920.829938847Z-c4-real-task-0069,signed_postallocation,true,2,1783272561739,0,Qmc3HzGamX75gaXpQyYRDkmKLfVRUTTUbDLLNafwajDdRv,false
355,e6-lifecycle-20260705T172920.829938847Z-c4-real-task-0069,signed_post_evalsnapshot,true,2,1783272561741,0,Qmc3HzGamX75gaXpQyYRDkmKLfVRUTTUbDLLNafwajDdRv,false
356,e6-lifecycle-20260705T172920.829938847Z-c4-real-task-0069,signed_vote1,true,2,1783272561743,0,Qmc3HzGamX75gaXpQyYRDkmKLfVRUTTUbDLLNafwajDdRv,false
357,e6-lifecycle-20260705T172920.829938847Z-c4-real-task-0069,signed_vote2,true,1,1783272561745,0,Qmc3HzGamX75gaXpQyYRDkmKLfVRUTTUbDLLNafwajDdRv,false
358,e6-lifecycle-20260705T172920.829938847Z-c4-real-task-0069,signed_settlement,true,2,1783272561746,0,Qmc3HzGamX75gaXpQyYRDkmKLfVRUTTUbDLLNafwajDdRv,false
359,e6-lifecycle-20260705T172920.829938847Z-c4-real-task-0069,signed_query_latest,true,0,1783272561748,0,Qmc3HzGamX75gaXpQyYRDkmKLfVRUTTUbDLLNafwajDdRv,false
360,e6-lifecycle-20260705T172920.829938847Z-c4-real-task-0070,ipfs_add,true,78,1783272561676,5065,,false
361,e6-lifecycle-20260705T172920.829938847Z-c4-real-task-0069,ipfs_verify,true,8,1783272561748,0,Qmc3HzGamX75gaXpQyYRDkmKLfVRUTTUbDLLNafwajDdRv,false
362,e6-lifecycle-20260705T172920.829938847Z-c4-real-task-0070,signed_posttask,true,2,1783272561754,0,QmZdwn7XZ6rmxkCtUjND7GCnAtzGsfmiqSWKEv7AMAoXVQ,false
363,e6-lifecycle-20260705T172920.829938847Z-c4-real-task-0070,signed_postallocation,true,2,1783272561756,0,QmZdwn7XZ6rmxkCtUjND7GCnAtzGsfmiqSWKEv7AMAoXVQ,false
364,e6-lifecycle-20260705T172920.829938847Z-c4-real-task-0070,signed_post_evalsnapshot,true,2,1783272561758,0,QmZdwn7XZ6rmxkCtUjND7GCnAtzGsfmiqSWKEv7AMAoXVQ,false
365,e6-lifecycle-20260705T172920.829938847Z-c4-real-task-0070,signed_vote1,true,1,1783272561760,0,QmZdwn7XZ6rmxkCtUjND7GCnAtzGsfmiqSWKEv7AMAoXVQ,false
366,e6-lifecycle-20260705T172920.829938847Z-c4-real-task-0070,signed_vote2,true,2,1783272561761,0,QmZdwn7XZ6rmxkCtUjND7GCnAtzGsfmiqSWKEv7AMAoXVQ,false
367,e6-lifecycle-20260705T172920.829938847Z-c4-real-task-0070,signed_settlement,true,2,1783272561763,0,QmZdwn7XZ6rmxkCtUjND7GCnAtzGsfmiqSWKEv7AMAoXVQ,false
368,e6-lifecycle-20260705T172920.829938847Z-c4-real-task-0070,signed_query_latest,true,0,1783272561765,0,QmZdwn7XZ6rmxkCtUjND7GCnAtzGsfmiqSWKEv7AMAoXVQ,false
369,e6-lifecycle-20260705T172920.829938847Z-c4-real-task-0070,ipfs_verify,true,8,1783272561765,0,QmZdwn7XZ6rmxkCtUjND7GCnAtzGsfmiqSWKEv7AMAoXVQ,false
370,e6-lifecycle-20260705T172920.829938847Z-c4-real-task-0071,ipfs_add,true,66,1783272561707,7196,,false
371,e6-lifecycle-20260705T172920.829938847Z-c4-real-task-0071,signed_posttask,true,2,1783272561773,0,QmNqkkGDJvpybcWjHb7TKY3DpGWDegeGBguFT6dBieSUKQ,false
372,e6-lifecycle-20260705T172920.829938847Z-c4-real-task-0071,signed_postallocation,true,2,1783272561775,0,QmNqkkGDJvpybcWjHb7TKY3DpGWDegeGBguFT6dBieSUKQ,false
373,e6-lifecycle-20260705T172920.829938847Z-c4-real-task-0071,signed_post_evalsnapshot,true,2,1783272561777,0,QmNqkkGDJvpybcWjHb7TKY3DpGWDegeGBguFT6dBieSUKQ,false
374,e6-lifecycle-20260705T172920.829938847Z-c4-real-task-0071,signed_vote1,true,2,1783272561779,0,QmNqkkGDJvpybcWjHb7TKY3DpGWDegeGBguFT6dBieSUKQ,false
375,e6-lifecycle-20260705T172920.829938847Z-c4-real-task-0071,signed_vote2,true,1,1783272561781,0,QmNqkkGDJvpybcWjHb7TKY3DpGWDegeGBguFT6dBieSUKQ,false
376,e6-lifecycle-20260705T172920.829938847Z-c4-real-task-0071,signed_settlement,true,2,1783272561782,0,QmNqkkGDJvpybcWjHb7TKY3DpGWDegeGBguFT6dBieSUKQ,false
377,e6-lifecycle-20260705T172920.829938847Z-c4-real-task-0071,signed_query_latest,true,0,1783272561784,0,QmNqkkGDJvpybcWjHb7TKY3DpGWDegeGBguFT6dBieSUKQ,false
378,e6-lifecycle-20260705T172920.829938847Z-c4-real-task-0072,ipfs_add,true,61,1783272561732,2305,,false
379,e6-lifecycle-20260705T172920.829938847Z-c4-real-task-0071,ipfs_verify,true,9,1783272561784,0,QmNqkkGDJvpybcWjHb7TKY3DpGWDegeGBguFT6dBieSUKQ,false
380,e6-lifecycle-20260705T172920.829938847Z-c4-real-task-0072,signed_posttask,true,2,1783272561793,0,QmWanySVkpZ7TybV7YuqtM2nn19ezsxpA246bdcmU47t6X,false
381,e6-lifecycle-20260705T172920.829938847Z-c4-real-task-0072,signed_postallocation,true,2,1783272561795,0,QmWanySVkpZ7TybV7YuqtM2nn19ezsxpA246bdcmU47t6X,false
382,e6-lifecycle-20260705T172920.829938847Z-c4-real-task-0072,signed_post_evalsnapshot,true,1,1783272561797,0,QmWanySVkpZ7TybV7YuqtM2nn19ezsxpA246bdcmU47t6X,false
383,e6-lifecycle-20260705T172920.829938847Z-c4-real-task-0072,signed_vote1,true,2,1783272561798,0,QmWanySVkpZ7TybV7YuqtM2nn19ezsxpA246bdcmU47t6X,false
384,e6-lifecycle-20260705T172920.829938847Z-c4-real-task-0072,signed_vote2,true,2,1783272561800,0,QmWanySVkpZ7TybV7YuqtM2nn19ezsxpA246bdcmU47t6X,false
385,e6-lifecycle-20260705T172920.829938847Z-c4-real-task-0072,signed_settlement,true,2,1783272561802,0,QmWanySVkpZ7TybV7YuqtM2nn19ezsxpA246bdcmU47t6X,false
386,e6-lifecycle-20260705T172920.829938847Z-c4-real-task-0072,signed_query_latest,true,0,1783272561804,0,QmWanySVkpZ7TybV7YuqtM2nn19ezsxpA246bdcmU47t6X,false
387,e6-lifecycle-20260705T172920.829938847Z-c4-real-task-0072,ipfs_verify,true,7,1783272561804,0,QmWanySVkpZ7TybV7YuqtM2nn19ezsxpA246bdcmU47t6X,false
388,e6-lifecycle-20260705T172920.829938847Z-c4-real-task-0073,ipfs_add,true,56,1783272561756,4957,,false
389,e6-lifecycle-20260705T172920.829938847Z-c4-real-task-0073,signed_posttask,true,5,1783272561812,0,QmUNq5xrs3K1vmXdkKido3g2XmRhi95o132iauehfL4aYG,false
390,e6-lifecycle-20260705T172920.829938847Z-c4-real-task-0073,signed_postallocation,true,2,1783272561817,0,QmUNq5xrs3K1vmXdkKido3g2XmRhi95o132iauehfL4aYG,false
391,e6-lifecycle-20260705T172920.829938847Z-c4-real-task-0073,signed_post_evalsnapshot,true,2,1783272561819,0,QmUNq5xrs3K1vmXdkKido3g2XmRhi95o132iauehfL4aYG,false
392,e6-lifecycle-20260705T172920.829938847Z-c4-real-task-0073,signed_vote1,true,2,1783272561821,0,QmUNq5xrs3K1vmXdkKido3g2XmRhi95o132iauehfL4aYG,false
393,e6-lifecycle-20260705T172920.829938847Z-c4-real-task-0073,signed_vote2,true,2,1783272561823,0,QmUNq5xrs3K1vmXdkKido3g2XmRhi95o132iauehfL4aYG,false
394,e6-lifecycle-20260705T172920.829938847Z-c4-real-task-0073,signed_settlement,true,2,1783272561825,0,QmUNq5xrs3K1vmXdkKido3g2XmRhi95o132iauehfL4aYG,false
395,e6-lifecycle-20260705T172920.829938847Z-c4-real-task-0073,signed_query_latest,true,0,1783272561827,0,QmUNq5xrs3K1vmXdkKido3g2XmRhi95o132iauehfL4aYG,false
396,e6-lifecycle-20260705T172920.829938847Z-c4-real-task-0074,ipfs_add,true,60,1783272561773,5811,,false
397,e6-lifecycle-20260705T172920.829938847Z-c4-real-task-0074,signed_posttask,true,2,1783272561833,0,QmaeTJAzWRKvsT172vo8HGvAfgV8ipwLvzV1ZMQApxE1QS,false
398,e6-lifecycle-20260705T172920.829938847Z-c4-real-task-0073,ipfs_verify,true,9,1783272561827,0,QmUNq5xrs3K1vmXdkKido3g2XmRhi95o132iauehfL4aYG,false
399,e6-lifecycle-20260705T172920.829938847Z-c4-real-task-0074,signed_postallocation,true,2,1783272561835,0,QmaeTJAzWRKvsT172vo8HGvAfgV8ipwLvzV1ZMQApxE1QS,false
400,e6-lifecycle-20260705T172920.829938847Z-c4-real-task-0074,signed_post_evalsnapshot,true,3,1783272561837,0,QmaeTJAzWRKvsT172vo8HGvAfgV8ipwLvzV1ZMQApxE1QS,false
401,e6-lifecycle-20260705T172920.829938847Z-c4-real-task-0074,signed_vote1,true,3,1783272561840,0,QmaeTJAzWRKvsT172vo8HGvAfgV8ipwLvzV1ZMQApxE1QS,false
402,e6-lifecycle-20260705T172920.829938847Z-c4-real-task-0074,signed_vote2,true,2,1783272561843,0,QmaeTJAzWRKvsT172vo8HGvAfgV8ipwLvzV1ZMQApxE1QS,false
403,e6-lifecycle-20260705T172920.829938847Z-c4-real-task-0074,signed_settlement,true,2,1783272561845,0,QmaeTJAzWRKvsT172vo8HGvAfgV8ipwLvzV1ZMQApxE1QS,false
404,e6-lifecycle-20260705T172920.829938847Z-c4-real-task-0074,signed_query_latest,true,0,1783272561847,0,QmaeTJAzWRKvsT172vo8HGvAfgV8ipwLvzV1ZMQApxE1QS,false
405,e6-lifecycle-20260705T172920.829938847Z-c4-real-task-0074,ipfs_verify,true,13,1783272561847,0,QmaeTJAzWRKvsT172vo8HGvAfgV8ipwLvzV1ZMQApxE1QS,false
406,e6-lifecycle-20260705T172920.829938847Z-c4-real-task-0075,ipfs_add,true,69,1783272561793,4400,,false
407,e6-lifecycle-20260705T172920.829938847Z-c4-real-task-0075,signed_posttask,true,2,1783272561862,0,QmXvAwLQ7v7nnXbkJPjkYdM3tUdkRw8oF5f6iTNZRPVgzN,false
408,e6-lifecycle-20260705T172920.829938847Z-c4-real-task-0075,signed_postallocation,true,2,1783272561864,0,QmXvAwLQ7v7nnXbkJPjkYdM3tUdkRw8oF5f6iTNZRPVgzN,false
409,e6-lifecycle-20260705T172920.829938847Z-c4-real-task-0075,signed_post_evalsnapshot,true,2,1783272561866,0,QmXvAwLQ7v7nnXbkJPjkYdM3tUdkRw8oF5f6iTNZRPVgzN,false
410,e6-lifecycle-20260705T172920.829938847Z-c4-real-task-0075,signed_vote1,true,2,1783272561868,0,QmXvAwLQ7v7nnXbkJPjkYdM3tUdkRw8oF5f6iTNZRPVgzN,false
411,e6-lifecycle-20260705T172920.829938847Z-c4-real-task-0075,signed_vote2,true,2,1783272561870,0,QmXvAwLQ7v7nnXbkJPjkYdM3tUdkRw8oF5f6iTNZRPVgzN,false
412,e6-lifecycle-20260705T172920.829938847Z-c4-real-task-0075,signed_settlement,true,2,1783272561872,0,QmXvAwLQ7v7nnXbkJPjkYdM3tUdkRw8oF5f6iTNZRPVgzN,false
413,e6-lifecycle-20260705T172920.829938847Z-c4-real-task-0075,signed_query_latest,true,0,1783272561874,0,QmXvAwLQ7v7nnXbkJPjkYdM3tUdkRw8oF5f6iTNZRPVgzN,false
414,e6-lifecycle-20260705T172920.829938847Z-c4-real-task-0075,ipfs_verify,true,7,1783272561874,0,QmXvAwLQ7v7nnXbkJPjkYdM3tUdkRw8oF5f6iTNZRPVgzN,false
415,e6-lifecycle-20260705T172920.829938847Z-c4-real-task-0076,ipfs_add,true,71,1783272561811,4961,,false
416,e6-lifecycle-20260705T172920.829938847Z-c4-real-task-0076,signed_posttask,true,2,1783272561882,0,QmPYBXNwCTh5Jewpe24hUv1bBvhKKyvE3uxvUw3jvcJV2S,false
417,e6-lifecycle-20260705T172920.829938847Z-c4-real-task-0076,signed_postallocation,true,4,1783272561884,0,QmPYBXNwCTh5Jewpe24hUv1bBvhKKyvE3uxvUw3jvcJV2S,false
418,e6-lifecycle-20260705T172920.829938847Z-c4-real-task-0076,signed_post_evalsnapshot,true,1,1783272561888,0,QmPYBXNwCTh5Jewpe24hUv1bBvhKKyvE3uxvUw3jvcJV2S,false
419,e6-lifecycle-20260705T172920.829938847Z-c4-real-task-0076,signed_vote1,true,2,1783272561889,0,QmPYBXNwCTh5Jewpe24hUv1bBvhKKyvE3uxvUw3jvcJV2S,false
420,e6-lifecycle-20260705T172920.829938847Z-c4-real-task-0076,signed_vote2,true,2,1783272561891,0,QmPYBXNwCTh5Jewpe24hUv1bBvhKKyvE3uxvUw3jvcJV2S,false
421,e6-lifecycle-20260705T172920.829938847Z-c4-real-task-0076,signed_settlement,true,2,1783272561893,0,QmPYBXNwCTh5Jewpe24hUv1bBvhKKyvE3uxvUw3jvcJV2S,false
422,e6-lifecycle-20260705T172920.829938847Z-c4-real-task-0076,signed_query_latest,true,0,1783272561895,0,QmPYBXNwCTh5Jewpe24hUv1bBvhKKyvE3uxvUw3jvcJV2S,false
423,e6-lifecycle-20260705T172920.829938847Z-c4-real-task-0077,ipfs_add,true,68,1783272561836,1774,,false
424,e6-lifecycle-20260705T172920.829938847Z-c4-real-task-0076,ipfs_verify,true,11,1783272561895,0,QmPYBXNwCTh5Jewpe24hUv1bBvhKKyvE3uxvUw3jvcJV2S,false
425,e6-lifecycle-20260705T172920.829938847Z-c4-real-task-0077,signed_posttask,true,3,1783272561904,0,QmYN6ceiUFJghNBVdUfs4AgqbBx4pasRLDxDdrHuAvaYYe,false
426,e6-lifecycle-20260705T172920.829938847Z-c4-real-task-0077,signed_postallocation,true,4,1783272561907,0,QmYN6ceiUFJghNBVdUfs4AgqbBx4pasRLDxDdrHuAvaYYe,false
427,e6-lifecycle-20260705T172920.829938847Z-c4-real-task-0077,signed_post_evalsnapshot,true,2,1783272561911,0,QmYN6ceiUFJghNBVdUfs4AgqbBx4pasRLDxDdrHuAvaYYe,false
428,e6-lifecycle-20260705T172920.829938847Z-c4-real-task-0077,signed_vote1,true,3,1783272561913,0,QmYN6ceiUFJghNBVdUfs4AgqbBx4pasRLDxDdrHuAvaYYe,false
429,e6-lifecycle-20260705T172920.829938847Z-c4-real-task-0077,signed_vote2,true,2,1783272561916,0,QmYN6ceiUFJghNBVdUfs4AgqbBx4pasRLDxDdrHuAvaYYe,false
430,e6-lifecycle-20260705T172920.829938847Z-c4-real-task-0077,signed_settlement,true,1,1783272561918,0,QmYN6ceiUFJghNBVdUfs4AgqbBx4pasRLDxDdrHuAvaYYe,false
431,e6-lifecycle-20260705T172920.829938847Z-c4-real-task-0077,signed_query_latest,true,0,1783272561919,0,QmYN6ceiUFJghNBVdUfs4AgqbBx4pasRLDxDdrHuAvaYYe,false
432,e6-lifecycle-20260705T172920.829938847Z-c4-real-task-0077,ipfs_verify,true,8,1783272561919,0,QmYN6ceiUFJghNBVdUfs4AgqbBx4pasRLDxDdrHuAvaYYe,false
433,e6-lifecycle-20260705T172920.829938847Z-c4-real-task-0078,ipfs_add,true,69,1783272561860,4011,,false
434,e6-lifecycle-20260705T172920.829938847Z-c4-real-task-0078,signed_posttask,true,2,1783272561929,0,QmQMb15VfwTvEopgdonkaUmtV5EoYEVHk6p3eKpDmm7VQJ,false
435,e6-lifecycle-20260705T172920.829938847Z-c4-real-task-0078,signed_postallocation,true,1,1783272561931,0,QmQMb15VfwTvEopgdonkaUmtV5EoYEVHk6p3eKpDmm7VQJ,false
436,e6-lifecycle-20260705T172920.829938847Z-c4-real-task-0078,signed_post_evalsnapshot,true,2,1783272561932,0,QmQMb15VfwTvEopgdonkaUmtV5EoYEVHk6p3eKpDmm7VQJ,false
437,e6-lifecycle-20260705T172920.829938847Z-c4-real-task-0078,signed_vote1,true,2,1783272561934,0,QmQMb15VfwTvEopgdonkaUmtV5EoYEVHk6p3eKpDmm7VQJ,false
438,e6-lifecycle-20260705T172920.829938847Z-c4-real-task-0078,signed_vote2,true,2,1783272561936,0,QmQMb15VfwTvEopgdonkaUmtV5EoYEVHk6p3eKpDmm7VQJ,false
439,e6-lifecycle-20260705T172920.829938847Z-c4-real-task-0078,signed_settlement,true,2,1783272561938,0,QmQMb15VfwTvEopgdonkaUmtV5EoYEVHk6p3eKpDmm7VQJ,false
440,e6-lifecycle-20260705T172920.829938847Z-c4-real-task-0078,signed_query_latest,true,0,1783272561940,0,QmQMb15VfwTvEopgdonkaUmtV5EoYEVHk6p3eKpDmm7VQJ,false
441,e6-lifecycle-20260705T172920.829938847Z-c4-real-task-0078,ipfs_verify,true,9,1783272561940,0,QmQMb15VfwTvEopgdonkaUmtV5EoYEVHk6p3eKpDmm7VQJ,false
442,e6-lifecycle-20260705T172920.829938847Z-c4-real-task-0079,ipfs_add,true,71,1783272561881,2910,,false
443,e6-lifecycle-20260705T172920.829938847Z-c4-real-task-0079,signed_posttask,true,2,1783272561952,0,QmUANPhfiGoG4ujKLWNNL1cTTFTCULjPxcP9sn7jNfzJhL,false
444,e6-lifecycle-20260705T172920.829938847Z-c4-real-task-0079,signed_postallocation,true,2,1783272561954,0,QmUANPhfiGoG4ujKLWNNL1cTTFTCULjPxcP9sn7jNfzJhL,false
445,e6-lifecycle-20260705T172920.829938847Z-c4-real-task-0079,signed_post_evalsnapshot,true,1,1783272561956,0,QmUANPhfiGoG4ujKLWNNL1cTTFTCULjPxcP9sn7jNfzJhL,false
446,e6-lifecycle-20260705T172920.829938847Z-c4-real-task-0079,signed_vote1,true,2,1783272561957,0,QmUANPhfiGoG4ujKLWNNL1cTTFTCULjPxcP9sn7jNfzJhL,false
447,e6-lifecycle-20260705T172920.829938847Z-c4-real-task-0079,signed_vote2,true,2,1783272561959,0,QmUANPhfiGoG4ujKLWNNL1cTTFTCULjPxcP9sn7jNfzJhL,false
448,e6-lifecycle-20260705T172920.829938847Z-c4-real-task-0079,signed_settlement,true,2,1783272561961,0,QmUANPhfiGoG4ujKLWNNL1cTTFTCULjPxcP9sn7jNfzJhL,false
449,e6-lifecycle-20260705T172920.829938847Z-c4-real-task-0079,signed_query_latest,true,0,1783272561963,0,QmUANPhfiGoG4ujKLWNNL1cTTFTCULjPxcP9sn7jNfzJhL,false
450,e6-lifecycle-20260705T172920.829938847Z-c4-real-task-0079,ipfs_verify,true,7,1783272561963,0,QmUANPhfiGoG4ujKLWNNL1cTTFTCULjPxcP9sn7jNfzJhL,false
451,e6-lifecycle-20260705T172920.829938847Z-c4-real-task-0080,ipfs_add,true,64,1783272561907,2007,,false
452,e6-lifecycle-20260705T172920.829938847Z-c4-real-task-0080,signed_posttask,true,2,1783272561971,0,QmSoqaKbY1pzamSrK5gatTauBKmwAqCw92JyzZxyPFt8FW,false
453,e6-lifecycle-20260705T172920.829938847Z-c4-real-task-0080,signed_postallocation,true,1,1783272561973,0,QmSoqaKbY1pzamSrK5gatTauBKmwAqCw92JyzZxyPFt8FW,false
454,e6-lifecycle-20260705T172920.829938847Z-c4-real-task-0080,signed_post_evalsnapshot,true,2,1783272561974,0,QmSoqaKbY1pzamSrK5gatTauBKmwAqCw92JyzZxyPFt8FW,false
455,e6-lifecycle-20260705T172920.829938847Z-c4-real-task-0080,signed_vote1,true,2,1783272561976,0,QmSoqaKbY1pzamSrK5gatTauBKmwAqCw92JyzZxyPFt8FW,false
456,e6-lifecycle-20260705T172920.829938847Z-c4-real-task-0080,signed_vote2,true,2,1783272561978,0,QmSoqaKbY1pzamSrK5gatTauBKmwAqCw92JyzZxyPFt8FW,false
457,e6-lifecycle-20260705T172920.829938847Z-c4-real-task-0080,signed_settlement,true,1,1783272561980,0,QmSoqaKbY1pzamSrK5gatTauBKmwAqCw92JyzZxyPFt8FW,false
458,e6-lifecycle-20260705T172920.829938847Z-c4-real-task-0080,signed_query_latest,true,0,1783272561981,0,QmSoqaKbY1pzamSrK5gatTauBKmwAqCw92JyzZxyPFt8FW,false
459,e6-lifecycle-20260705T172920.829938847Z-c4-real-task-0080,ipfs_verify,true,12,1783272561981,0,QmSoqaKbY1pzamSrK5gatTauBKmwAqCw92JyzZxyPFt8FW,false
460,e6-lifecycle-20260705T172920.829938847Z-c4-real-task-0081,ipfs_add,true,70,1783272561928,9224,,false
461,e6-lifecycle-20260705T172920.829938847Z-c4-real-task-0081,signed_posttask,true,2,1783272561998,0,QmQhzdo79vLus2WbHD1UviAJSuaG18vFF57Yt3d5cS2s7M,false
462,e6-lifecycle-20260705T172920.829938847Z-c4-real-task-0081,signed_postallocation,true,2,1783272562000,0,QmQhzdo79vLus2WbHD1UviAJSuaG18vFF57Yt3d5cS2s7M,false
463,e6-lifecycle-20260705T172920.829938847Z-c4-real-task-0081,signed_post_evalsnapshot,true,2,1783272562002,0,QmQhzdo79vLus2WbHD1UviAJSuaG18vFF57Yt3d5cS2s7M,false
464,e6-lifecycle-20260705T172920.829938847Z-c4-real-task-0081,signed_vote1,true,1,1783272562004,0,QmQhzdo79vLus2WbHD1UviAJSuaG18vFF57Yt3d5cS2s7M,false
465,e6-lifecycle-20260705T172920.829938847Z-c4-real-task-0081,signed_vote2,true,2,1783272562005,0,QmQhzdo79vLus2WbHD1UviAJSuaG18vFF57Yt3d5cS2s7M,false
466,e6-lifecycle-20260705T172920.829938847Z-c4-real-task-0081,signed_settlement,true,2,1783272562007,0,QmQhzdo79vLus2WbHD1UviAJSuaG18vFF57Yt3d5cS2s7M,false
467,e6-lifecycle-20260705T172920.829938847Z-c4-real-task-0081,signed_query_latest,true,0,1783272562009,0,QmQhzdo79vLus2WbHD1UviAJSuaG18vFF57Yt3d5cS2s7M,false
468,e6-lifecycle-20260705T172920.829938847Z-c4-real-task-0081,ipfs_verify,true,7,1783272562009,0,QmQhzdo79vLus2WbHD1UviAJSuaG18vFF57Yt3d5cS2s7M,false
469,e6-lifecycle-20260705T172920.829938847Z-c4-real-task-0082,ipfs_add,true,67,1783272561949,9851,,false
470,e6-lifecycle-20260705T172920.829938847Z-c4-real-task-0082,signed_posttask,true,2,1783272562016,0,QmV9rgZvcZKU4rPzj6kpzY1dYdbWXgNxb8v7XJGh6yCSZk,false
471,e6-lifecycle-20260705T172920.829938847Z-c4-real-task-0082,signed_postallocation,true,3,1783272562018,0,QmV9rgZvcZKU4rPzj6kpzY1dYdbWXgNxb8v7XJGh6yCSZk,false
472,e6-lifecycle-20260705T172920.829938847Z-c4-real-task-0082,signed_post_evalsnapshot,true,2,1783272562021,0,QmV9rgZvcZKU4rPzj6kpzY1dYdbWXgNxb8v7XJGh6yCSZk,false
473,e6-lifecycle-20260705T172920.829938847Z-c4-real-task-0082,signed_vote1,true,1,1783272562023,0,QmV9rgZvcZKU4rPzj6kpzY1dYdbWXgNxb8v7XJGh6yCSZk,false
474,e6-lifecycle-20260705T172920.829938847Z-c4-real-task-0082,signed_vote2,true,2,1783272562024,0,QmV9rgZvcZKU4rPzj6kpzY1dYdbWXgNxb8v7XJGh6yCSZk,false
475,e6-lifecycle-20260705T172920.829938847Z-c4-real-task-0082,signed_settlement,true,3,1783272562026,0,QmV9rgZvcZKU4rPzj6kpzY1dYdbWXgNxb8v7XJGh6yCSZk,false
476,e6-lifecycle-20260705T172920.829938847Z-c4-real-task-0082,signed_query_latest,true,0,1783272562029,0,QmV9rgZvcZKU4rPzj6kpzY1dYdbWXgNxb8v7XJGh6yCSZk,false
477,e6-lifecycle-20260705T172920.829938847Z-c4-real-task-0082,ipfs_verify,true,9,1783272562029,0,QmV9rgZvcZKU4rPzj6kpzY1dYdbWXgNxb8v7XJGh6yCSZk,false
478,e6-lifecycle-20260705T172920.829938847Z-c4-real-task-0083,ipfs_add,true,74,1783272561970,4402,,false
479,e6-lifecycle-20260705T172920.829938847Z-c4-real-task-0083,signed_posttask,true,3,1783272562044,0,QmPd7FL1akHQY92fmAnCsPGgoQXB5msWnC72Pa4Ym8A7LB,false
480,e6-lifecycle-20260705T172920.829938847Z-c4-real-task-0083,signed_postallocation,true,3,1783272562047,0,QmPd7FL1akHQY92fmAnCsPGgoQXB5msWnC72Pa4Ym8A7LB,false
481,e6-lifecycle-20260705T172920.829938847Z-c4-real-task-0083,signed_post_evalsnapshot,true,1,1783272562050,0,QmPd7FL1akHQY92fmAnCsPGgoQXB5msWnC72Pa4Ym8A7LB,false
482,e6-lifecycle-20260705T172920.829938847Z-c4-real-task-0083,signed_vote1,true,2,1783272562051,0,QmPd7FL1akHQY92fmAnCsPGgoQXB5msWnC72Pa4Ym8A7LB,false
483,e6-lifecycle-20260705T172920.829938847Z-c4-real-task-0083,signed_vote2,true,2,1783272562053,0,QmPd7FL1akHQY92fmAnCsPGgoQXB5msWnC72Pa4Ym8A7LB,false
484,e6-lifecycle-20260705T172920.829938847Z-c4-real-task-0083,signed_settlement,true,1,1783272562055,0,QmPd7FL1akHQY92fmAnCsPGgoQXB5msWnC72Pa4Ym8A7LB,false
485,e6-lifecycle-20260705T172920.829938847Z-c4-real-task-0083,signed_query_latest,true,0,1783272562056,0,QmPd7FL1akHQY92fmAnCsPGgoQXB5msWnC72Pa4Ym8A7LB,false
486,e6-lifecycle-20260705T172920.829938847Z-c4-real-task-0083,ipfs_verify,true,8,1783272562056,0,QmPd7FL1akHQY92fmAnCsPGgoQXB5msWnC72Pa4Ym8A7LB,false
487,e6-lifecycle-20260705T172920.829938847Z-c4-real-task-0084,ipfs_add,true,75,1783272561993,6840,,false
488,e6-lifecycle-20260705T172920.829938847Z-c4-real-task-0084,signed_posttask,true,3,1783272562068,0,QmfAG7xP2UTe2HqMXVRZaRh4cF3StaCZniJqRpRTYFaeDM,false
489,e6-lifecycle-20260705T172920.829938847Z-c4-real-task-0084,signed_postallocation,true,2,1783272562071,0,QmfAG7xP2UTe2HqMXVRZaRh4cF3StaCZniJqRpRTYFaeDM,false
490,e6-lifecycle-20260705T172920.829938847Z-c4-real-task-0084,signed_post_evalsnapshot,true,1,1783272562073,0,QmfAG7xP2UTe2HqMXVRZaRh4cF3StaCZniJqRpRTYFaeDM,false
491,e6-lifecycle-20260705T172920.829938847Z-c4-real-task-0084,signed_vote1,true,2,1783272562074,0,QmfAG7xP2UTe2HqMXVRZaRh4cF3StaCZniJqRpRTYFaeDM,false
492,e6-lifecycle-20260705T172920.829938847Z-c4-real-task-0084,signed_vote2,true,2,1783272562076,0,QmfAG7xP2UTe2HqMXVRZaRh4cF3StaCZniJqRpRTYFaeDM,false
493,e6-lifecycle-20260705T172920.829938847Z-c4-real-task-0084,signed_settlement,true,1,1783272562078,0,QmfAG7xP2UTe2HqMXVRZaRh4cF3StaCZniJqRpRTYFaeDM,false
494,e6-lifecycle-20260705T172920.829938847Z-c4-real-task-0084,signed_query_latest,true,0,1783272562079,0,QmfAG7xP2UTe2HqMXVRZaRh4cF3StaCZniJqRpRTYFaeDM,false
495,e6-lifecycle-20260705T172920.829938847Z-c4-real-task-0084,ipfs_verify,true,9,1783272562079,0,QmfAG7xP2UTe2HqMXVRZaRh4cF3StaCZniJqRpRTYFaeDM,false
496,e6-lifecycle-20260705T172920.829938847Z-c4-real-task-0085,ipfs_add,true,72,1783272562016,5393,,false
497,e6-lifecycle-20260705T172920.829938847Z-c4-real-task-0085,signed_posttask,true,3,1783272562088,0,QmeUxU9Y8M556RrfUeDKwffgmyBADm96MQkeiAE978JMp4,false
498,e6-lifecycle-20260705T172920.829938847Z-c4-real-task-0085,signed_postallocation,true,2,1783272562091,0,QmeUxU9Y8M556RrfUeDKwffgmyBADm96MQkeiAE978JMp4,false
499,e6-lifecycle-20260705T172920.829938847Z-c4-real-task-0085,signed_post_evalsnapshot,true,2,1783272562093,0,QmeUxU9Y8M556RrfUeDKwffgmyBADm96MQkeiAE978JMp4,false
500,e6-lifecycle-20260705T172920.829938847Z-c4-real-task-0085,signed_vote1,true,2,1783272562095,0,QmeUxU9Y8M556RrfUeDKwffgmyBADm96MQkeiAE978JMp4,false
501,e6-lifecycle-20260705T172920.829938847Z-c4-real-task-0085,signed_vote2,true,2,1783272562097,0,QmeUxU9Y8M556RrfUeDKwffgmyBADm96MQkeiAE978JMp4,false
502,e6-lifecycle-20260705T172920.829938847Z-c4-real-task-0085,signed_settlement,true,2,1783272562099,0,QmeUxU9Y8M556RrfUeDKwffgmyBADm96MQkeiAE978JMp4,false
503,e6-lifecycle-20260705T172920.829938847Z-c4-real-task-0085,signed_query_latest,true,0,1783272562101,0,QmeUxU9Y8M556RrfUeDKwffgmyBADm96MQkeiAE978JMp4,false
504,e6-lifecycle-20260705T172920.829938847Z-c4-real-task-0086,ipfs_add,true,73,1783272562038,5003,,false
505,e6-lifecycle-20260705T172920.829938847Z-c4-real-task-0086,signed_posttask,true,2,1783272562111,0,QmUfeTTtpRKHWHGYM8kZeEDzEeTVbVYPN8syBVGcicKp1E,false
506,e6-lifecycle-20260705T172920.829938847Z-c4-real-task-0085,ipfs_verify,true,12,1783272562101,0,QmeUxU9Y8M556RrfUeDKwffgmyBADm96MQkeiAE978JMp4,false
507,e6-lifecycle-20260705T172920.829938847Z-c4-real-task-0086,signed_postallocation,true,2,1783272562113,0,QmUfeTTtpRKHWHGYM8kZeEDzEeTVbVYPN8syBVGcicKp1E,false
508,e6-lifecycle-20260705T172920.829938847Z-c4-real-task-0086,signed_post_evalsnapshot,true,1,1783272562115,0,QmUfeTTtpRKHWHGYM8kZeEDzEeTVbVYPN8syBVGcicKp1E,false
509,e6-lifecycle-20260705T172920.829938847Z-c4-real-task-0086,signed_vote1,true,2,1783272562116,0,QmUfeTTtpRKHWHGYM8kZeEDzEeTVbVYPN8syBVGcicKp1E,false
510,e6-lifecycle-20260705T172920.829938847Z-c4-real-task-0086,signed_vote2,true,2,1783272562118,0,QmUfeTTtpRKHWHGYM8kZeEDzEeTVbVYPN8syBVGcicKp1E,false
511,e6-lifecycle-20260705T172920.829938847Z-c4-real-task-0086,signed_settlement,true,2,1783272562120,0,QmUfeTTtpRKHWHGYM8kZeEDzEeTVbVYPN8syBVGcicKp1E,false
512,e6-lifecycle-20260705T172920.829938847Z-c4-real-task-0086,signed_query_latest,true,0,1783272562122,0,QmUfeTTtpRKHWHGYM8kZeEDzEeTVbVYPN8syBVGcicKp1E,false
513,e6-lifecycle-20260705T172920.829938847Z-c4-real-task-0087,ipfs_add,true,67,1783272562064,2524,,false
514,e6-lifecycle-20260705T172920.829938847Z-c4-real-task-0086,ipfs_verify,true,10,1783272562122,0,QmUfeTTtpRKHWHGYM8kZeEDzEeTVbVYPN8syBVGcicKp1E,false
515,e6-lifecycle-20260705T172920.829938847Z-c4-real-task-0087,signed_posttask,true,2,1783272562131,0,QmaCUtHjnRyELCqbtZ1neE9rfnPpeXAWptbrgpbTV3gGcj,false
516,e6-lifecycle-20260705T172920.829938847Z-c4-real-task-0087,signed_postallocation,true,2,1783272562133,0,QmaCUtHjnRyELCqbtZ1neE9rfnPpeXAWptbrgpbTV3gGcj,false
517,e6-lifecycle-20260705T172920.829938847Z-c4-real-task-0087,signed_post_evalsnapshot,true,2,1783272562135,0,QmaCUtHjnRyELCqbtZ1neE9rfnPpeXAWptbrgpbTV3gGcj,false
518,e6-lifecycle-20260705T172920.829938847Z-c4-real-task-0087,signed_vote1,true,2,1783272562137,0,QmaCUtHjnRyELCqbtZ1neE9rfnPpeXAWptbrgpbTV3gGcj,false
519,e6-lifecycle-20260705T172920.829938847Z-c4-real-task-0087,signed_vote2,true,2,1783272562139,0,QmaCUtHjnRyELCqbtZ1neE9rfnPpeXAWptbrgpbTV3gGcj,false
520,e6-lifecycle-20260705T172920.829938847Z-c4-real-task-0087,signed_settlement,true,2,1783272562141,0,QmaCUtHjnRyELCqbtZ1neE9rfnPpeXAWptbrgpbTV3gGcj,false
521,e6-lifecycle-20260705T172920.829938847Z-c4-real-task-0087,signed_query_latest,true,0,1783272562143,0,QmaCUtHjnRyELCqbtZ1neE9rfnPpeXAWptbrgpbTV3gGcj,false
522,e6-lifecycle-20260705T172920.829938847Z-c4-real-task-0087,ipfs_verify,true,8,1783272562143,0,QmaCUtHjnRyELCqbtZ1neE9rfnPpeXAWptbrgpbTV3gGcj,false
523,e6-lifecycle-20260705T172920.829938847Z-c4-real-task-0088,ipfs_add,true,66,1783272562088,6313,,false
524,e6-lifecycle-20260705T172920.829938847Z-c4-real-task-0088,signed_posttask,true,2,1783272562154,0,QmUQTJ8LNhjew8dD5w4F6KUYvuRCsc5Joz6Pxfc2Ykcf3n,false
525,e6-lifecycle-20260705T172920.829938847Z-c4-real-task-0088,signed_postallocation,true,2,1783272562156,0,QmUQTJ8LNhjew8dD5w4F6KUYvuRCsc5Joz6Pxfc2Ykcf3n,false
526,e6-lifecycle-20260705T172920.829938847Z-c4-real-task-0088,signed_post_evalsnapshot,true,1,1783272562158,0,QmUQTJ8LNhjew8dD5w4F6KUYvuRCsc5Joz6Pxfc2Ykcf3n,false
527,e6-lifecycle-20260705T172920.829938847Z-c4-real-task-0088,signed_vote1,true,2,1783272562159,0,QmUQTJ8LNhjew8dD5w4F6KUYvuRCsc5Joz6Pxfc2Ykcf3n,false
528,e6-lifecycle-20260705T172920.829938847Z-c4-real-task-0088,signed_vote2,true,2,1783272562161,0,QmUQTJ8LNhjew8dD5w4F6KUYvuRCsc5Joz6Pxfc2Ykcf3n,false
529,e6-lifecycle-20260705T172920.829938847Z-c4-real-task-0088,signed_settlement,true,1,1783272562163,0,QmUQTJ8LNhjew8dD5w4F6KUYvuRCsc5Joz6Pxfc2Ykcf3n,false
530,e6-lifecycle-20260705T172920.829938847Z-c4-real-task-0088,signed_query_latest,true,0,1783272562164,0,QmUQTJ8LNhjew8dD5w4F6KUYvuRCsc5Joz6Pxfc2Ykcf3n,false
531,e6-lifecycle-20260705T172920.829938847Z-c4-real-task-0088,ipfs_verify,true,11,1783272562164,0,QmUQTJ8LNhjew8dD5w4F6KUYvuRCsc5Joz6Pxfc2Ykcf3n,false
532,e6-lifecycle-20260705T172920.829938847Z-c4-real-task-0089,ipfs_add,true,68,1783272562113,7941,,false
533,e6-lifecycle-20260705T172920.829938847Z-c4-real-task-0089,signed_posttask,true,3,1783272562181,0,QmVftiZx5cF23Q6fEY7jKzUu6HRmm42Q1XtHogR3LDyhCd,false
534,e6-lifecycle-20260705T172920.829938847Z-c4-real-task-0089,signed_postallocation,true,3,1783272562184,0,QmVftiZx5cF23Q6fEY7jKzUu6HRmm42Q1XtHogR3LDyhCd,false
535,e6-lifecycle-20260705T172920.829938847Z-c4-real-task-0089,signed_post_evalsnapshot,true,1,1783272562187,0,QmVftiZx5cF23Q6fEY7jKzUu6HRmm42Q1XtHogR3LDyhCd,false
536,e6-lifecycle-20260705T172920.829938847Z-c4-real-task-0089,signed_vote1,true,2,1783272562188,0,QmVftiZx5cF23Q6fEY7jKzUu6HRmm42Q1XtHogR3LDyhCd,false
537,e6-lifecycle-20260705T172920.829938847Z-c4-real-task-0089,signed_vote2,true,2,1783272562190,0,QmVftiZx5cF23Q6fEY7jKzUu6HRmm42Q1XtHogR3LDyhCd,false
538,e6-lifecycle-20260705T172920.829938847Z-c4-real-task-0089,signed_settlement,true,2,1783272562192,0,QmVftiZx5cF23Q6fEY7jKzUu6HRmm42Q1XtHogR3LDyhCd,false
539,e6-lifecycle-20260705T172920.829938847Z-c4-real-task-0089,signed_query_latest,true,0,1783272562194,0,QmVftiZx5cF23Q6fEY7jKzUu6HRmm42Q1XtHogR3LDyhCd,false
540,e6-lifecycle-20260705T172920.829938847Z-c4-real-task-0089,ipfs_verify,true,10,1783272562194,0,QmVftiZx5cF23Q6fEY7jKzUu6HRmm42Q1XtHogR3LDyhCd,false
541,e6-lifecycle-20260705T172920.829938847Z-c4-real-task-0090,ipfs_add,true,72,1783272562132,6914,,false
542,e6-lifecycle-20260705T172920.829938847Z-c4-real-task-0090,signed_posttask,true,1,1783272562204,0,QmUFJ4iN46ZdBAqPuKeTPTjzJskJ6t9opLUxf3WHdGBRsp,false
543,e6-lifecycle-20260705T172920.829938847Z-c4-real-task-0090,signed_postallocation,true,2,1783272562205,0,QmUFJ4iN46ZdBAqPuKeTPTjzJskJ6t9opLUxf3WHdGBRsp,false
544,e6-lifecycle-20260705T172920.829938847Z-c4-real-task-0090,signed_post_evalsnapshot,true,2,1783272562207,0,QmUFJ4iN46ZdBAqPuKeTPTjzJskJ6t9opLUxf3WHdGBRsp,false
545,e6-lifecycle-20260705T172920.829938847Z-c4-real-task-0090,signed_vote1,true,1,1783272562209,0,QmUFJ4iN46ZdBAqPuKeTPTjzJskJ6t9opLUxf3WHdGBRsp,false
546,e6-lifecycle-20260705T172920.829938847Z-c4-real-task-0090,signed_vote2,true,3,1783272562210,0,QmUFJ4iN46ZdBAqPuKeTPTjzJskJ6t9opLUxf3WHdGBRsp,false
547,e6-lifecycle-20260705T172920.829938847Z-c4-real-task-0090,signed_settlement,true,1,1783272562213,0,QmUFJ4iN46ZdBAqPuKeTPTjzJskJ6t9opLUxf3WHdGBRsp,false
548,e6-lifecycle-20260705T172920.829938847Z-c4-real-task-0090,signed_query_latest,true,0,1783272562214,0,QmUFJ4iN46ZdBAqPuKeTPTjzJskJ6t9opLUxf3WHdGBRsp,false
549,e6-lifecycle-20260705T172920.829938847Z-c4-real-task-0090,ipfs_verify,true,9,1783272562214,0,QmUFJ4iN46ZdBAqPuKeTPTjzJskJ6t9opLUxf3WHdGBRsp,false
550,e6-lifecycle-20260705T172920.829938847Z-c4-real-task-0091,ipfs_add,true,73,1783272562151,1951,,false
551,e6-lifecycle-20260705T172920.829938847Z-c4-real-task-0091,signed_posttask,true,3,1783272562224,0,QmYv9mxEgFLjPUKuWCa4UJ2mudHV34x9WAJXvNME9guXYs,false
552,e6-lifecycle-20260705T172920.829938847Z-c4-real-task-0091,signed_postallocation,true,1,1783272562227,0,QmYv9mxEgFLjPUKuWCa4UJ2mudHV34x9WAJXvNME9guXYs,false
553,e6-lifecycle-20260705T172920.829938847Z-c4-real-task-0091,signed_post_evalsnapshot,true,2,1783272562228,0,QmYv9mxEgFLjPUKuWCa4UJ2mudHV34x9WAJXvNME9guXYs,false
554,e6-lifecycle-20260705T172920.829938847Z-c4-real-task-0091,signed_vote1,true,2,1783272562230,0,QmYv9mxEgFLjPUKuWCa4UJ2mudHV34x9WAJXvNME9guXYs,false
555,e6-lifecycle-20260705T172920.829938847Z-c4-real-task-0091,signed_vote2,true,2,1783272562232,0,QmYv9mxEgFLjPUKuWCa4UJ2mudHV34x9WAJXvNME9guXYs,false
556,e6-lifecycle-20260705T172920.829938847Z-c4-real-task-0091,signed_settlement,true,1,1783272562234,0,QmYv9mxEgFLjPUKuWCa4UJ2mudHV34x9WAJXvNME9guXYs,false
557,e6-lifecycle-20260705T172920.829938847Z-c4-real-task-0091,signed_query_latest,true,0,1783272562235,0,QmYv9mxEgFLjPUKuWCa4UJ2mudHV34x9WAJXvNME9guXYs,false
558,e6-lifecycle-20260705T172920.829938847Z-c4-real-task-0091,ipfs_verify,true,9,1783272562235,0,QmYv9mxEgFLjPUKuWCa4UJ2mudHV34x9WAJXvNME9guXYs,false
559,e6-lifecycle-20260705T172920.829938847Z-c4-real-task-0092,ipfs_add,true,71,1783272562175,1493,,false
560,e6-lifecycle-20260705T172920.829938847Z-c4-real-task-0092,signed_posttask,true,5,1783272562246,0,QmXnhuyu5tzEEDxeWhdNGMapRsWVTkNn4G5PkDzHAKVv9Y,false
561,e6-lifecycle-20260705T172920.829938847Z-c4-real-task-0092,signed_postallocation,true,2,1783272562251,0,QmXnhuyu5tzEEDxeWhdNGMapRsWVTkNn4G5PkDzHAKVv9Y,false
562,e6-lifecycle-20260705T172920.829938847Z-c4-real-task-0092,signed_post_evalsnapshot,true,2,1783272562253,0,QmXnhuyu5tzEEDxeWhdNGMapRsWVTkNn4G5PkDzHAKVv9Y,false
563,e6-lifecycle-20260705T172920.829938847Z-c4-real-task-0092,signed_vote1,true,2,1783272562255,0,QmXnhuyu5tzEEDxeWhdNGMapRsWVTkNn4G5PkDzHAKVv9Y,false
564,e6-lifecycle-20260705T172920.829938847Z-c4-real-task-0092,signed_vote2,true,1,1783272562257,0,QmXnhuyu5tzEEDxeWhdNGMapRsWVTkNn4G5PkDzHAKVv9Y,false
565,e6-lifecycle-20260705T172920.829938847Z-c4-real-task-0092,signed_settlement,true,2,1783272562258,0,QmXnhuyu5tzEEDxeWhdNGMapRsWVTkNn4G5PkDzHAKVv9Y,false
566,e6-lifecycle-20260705T172920.829938847Z-c4-real-task-0092,signed_query_latest,true,0,1783272562260,0,QmXnhuyu5tzEEDxeWhdNGMapRsWVTkNn4G5PkDzHAKVv9Y,false
567,e6-lifecycle-20260705T172920.829938847Z-c4-real-task-0092,ipfs_verify,true,9,1783272562260,0,QmXnhuyu5tzEEDxeWhdNGMapRsWVTkNn4G5PkDzHAKVv9Y,false
568,e6-lifecycle-20260705T172920.829938847Z-c4-real-task-0093,ipfs_add,true,65,1783272562204,2270,,false
569,e6-lifecycle-20260705T172920.829938847Z-c4-real-task-0093,signed_posttask,true,3,1783272562269,0,QmPvFCcsxh1cDhtjZSsbtn5uF81JA3vawovaWSBsW1MLDC,false
570,e6-lifecycle-20260705T172920.829938847Z-c4-real-task-0093,signed_postallocation,true,2,1783272562273,0,QmPvFCcsxh1cDhtjZSsbtn5uF81JA3vawovaWSBsW1MLDC,false
571,e6-lifecycle-20260705T172920.829938847Z-c4-real-task-0093,signed_post_evalsnapshot,true,2,1783272562275,0,QmPvFCcsxh1cDhtjZSsbtn5uF81JA3vawovaWSBsW1MLDC,false
572,e6-lifecycle-20260705T172920.829938847Z-c4-real-task-0093,signed_vote1,true,1,1783272562277,0,QmPvFCcsxh1cDhtjZSsbtn5uF81JA3vawovaWSBsW1MLDC,false
573,e6-lifecycle-20260705T172920.829938847Z-c4-real-task-0093,signed_vote2,true,2,1783272562278,0,QmPvFCcsxh1cDhtjZSsbtn5uF81JA3vawovaWSBsW1MLDC,false
574,e6-lifecycle-20260705T172920.829938847Z-c4-real-task-0093,signed_settlement,true,2,1783272562280,0,QmPvFCcsxh1cDhtjZSsbtn5uF81JA3vawovaWSBsW1MLDC,false
575,e6-lifecycle-20260705T172920.829938847Z-c4-real-task-0093,signed_query_latest,true,0,1783272562282,0,QmPvFCcsxh1cDhtjZSsbtn5uF81JA3vawovaWSBsW1MLDC,false
576,e6-lifecycle-20260705T172920.829938847Z-c4-real-task-0094,ipfs_add,true,66,1783272562223,1639,,false
577,e6-lifecycle-20260705T172920.829938847Z-c4-real-task-0093,ipfs_verify,true,9,1783272562282,0,QmPvFCcsxh1cDhtjZSsbtn5uF81JA3vawovaWSBsW1MLDC,false
578,e6-lifecycle-20260705T172920.829938847Z-c4-real-task-0094,signed_posttask,true,3,1783272562289,0,Qmcoy7jVpQZts4qfhnY3Dq68TwHxh42aM1HD89yiYyLqXr,false
579,e6-lifecycle-20260705T172920.829938847Z-c4-real-task-0094,signed_postallocation,true,2,1783272562292,0,Qmcoy7jVpQZts4qfhnY3Dq68TwHxh42aM1HD89yiYyLqXr,false
580,e6-lifecycle-20260705T172920.829938847Z-c4-real-task-0094,signed_post_evalsnapshot,true,2,1783272562294,0,Qmcoy7jVpQZts4qfhnY3Dq68TwHxh42aM1HD89yiYyLqXr,false
581,e6-lifecycle-20260705T172920.829938847Z-c4-real-task-0094,signed_vote1,true,3,1783272562296,0,Qmcoy7jVpQZts4qfhnY3Dq68TwHxh42aM1HD89yiYyLqXr,false
582,e6-lifecycle-20260705T172920.829938847Z-c4-real-task-0094,signed_vote2,true,2,1783272562299,0,Qmcoy7jVpQZts4qfhnY3Dq68TwHxh42aM1HD89yiYyLqXr,false
583,e6-lifecycle-20260705T172920.829938847Z-c4-real-task-0094,signed_settlement,true,3,1783272562301,0,Qmcoy7jVpQZts4qfhnY3Dq68TwHxh42aM1HD89yiYyLqXr,false
584,e6-lifecycle-20260705T172920.829938847Z-c4-real-task-0094,signed_query_latest,true,0,1783272562304,0,Qmcoy7jVpQZts4qfhnY3Dq68TwHxh42aM1HD89yiYyLqXr,false
585,e6-lifecycle-20260705T172920.829938847Z-c4-real-task-0095,ipfs_add,true,68,1783272562244,1666,,false
586,e6-lifecycle-20260705T172920.829938847Z-c4-real-task-0094,ipfs_verify,true,9,1783272562304,0,Qmcoy7jVpQZts4qfhnY3Dq68TwHxh42aM1HD89yiYyLqXr,false
587,e6-lifecycle-20260705T172920.829938847Z-c4-real-task-0095,signed_posttask,true,2,1783272562312,0,QmdSd9pjj1twsznRx6uZJeXFdtGiEY3Nn6QmQrPgRMBbaZ,false
588,e6-lifecycle-20260705T172920.829938847Z-c4-real-task-0095,signed_postallocation,true,2,1783272562314,0,QmdSd9pjj1twsznRx6uZJeXFdtGiEY3Nn6QmQrPgRMBbaZ,false
589,e6-lifecycle-20260705T172920.829938847Z-c4-real-task-0095,signed_post_evalsnapshot,true,2,1783272562316,0,QmdSd9pjj1twsznRx6uZJeXFdtGiEY3Nn6QmQrPgRMBbaZ,false
590,e6-lifecycle-20260705T172920.829938847Z-c4-real-task-0095,signed_vote1,true,1,1783272562318,0,QmdSd9pjj1twsznRx6uZJeXFdtGiEY3Nn6QmQrPgRMBbaZ,false
591,e6-lifecycle-20260705T172920.829938847Z-c4-real-task-0095,signed_vote2,true,2,1783272562319,0,QmdSd9pjj1twsznRx6uZJeXFdtGiEY3Nn6QmQrPgRMBbaZ,false
592,e6-lifecycle-20260705T172920.829938847Z-c4-real-task-0095,signed_settlement,true,3,1783272562321,0,QmdSd9pjj1twsznRx6uZJeXFdtGiEY3Nn6QmQrPgRMBbaZ,false
593,e6-lifecycle-20260705T172920.829938847Z-c4-real-task-0095,signed_query_latest,true,0,1783272562324,0,QmdSd9pjj1twsznRx6uZJeXFdtGiEY3Nn6QmQrPgRMBbaZ,false
594,e6-lifecycle-20260705T172920.829938847Z-c4-real-task-0096,ipfs_add,true,64,1783272562269,2843,,false
595,e6-lifecycle-20260705T172920.829938847Z-c4-real-task-0095,ipfs_verify,true,11,1783272562324,0,QmdSd9pjj1twsznRx6uZJeXFdtGiEY3Nn6QmQrPgRMBbaZ,false
596,e6-lifecycle-20260705T172920.829938847Z-c4-real-task-0096,signed_posttask,true,2,1783272562333,0,QmXpJ5kFWD2okXAFe7urToABtqXCCNvN8itRWAGfao9xTz,false
597,e6-lifecycle-20260705T172920.829938847Z-c4-real-task-0096,signed_postallocation,true,2,1783272562335,0,QmXpJ5kFWD2okXAFe7urToABtqXCCNvN8itRWAGfao9xTz,false
598,e6-lifecycle-20260705T172920.829938847Z-c4-real-task-0096,signed_post_evalsnapshot,true,2,1783272562337,0,QmXpJ5kFWD2okXAFe7urToABtqXCCNvN8itRWAGfao9xTz,false
599,e6-lifecycle-20260705T172920.829938847Z-c4-real-task-0096,signed_vote1,true,1,1783272562339,0,QmXpJ5kFWD2okXAFe7urToABtqXCCNvN8itRWAGfao9xTz,false
600,e6-lifecycle-20260705T172920.829938847Z-c4-real-task-0096,signed_vote2,true,2,1783272562340,0,QmXpJ5kFWD2okXAFe7urToABtqXCCNvN8itRWAGfao9xTz,false
601,e6-lifecycle-20260705T172920.829938847Z-c4-real-task-0096,signed_settlement,true,2,1783272562342,0,QmXpJ5kFWD2okXAFe7urToABtqXCCNvN8itRWAGfao9xTz,false
602,e6-lifecycle-20260705T172920.829938847Z-c4-real-task-0096,signed_query_latest,true,0,1783272562344,0,QmXpJ5kFWD2okXAFe7urToABtqXCCNvN8itRWAGfao9xTz,false
603,e6-lifecycle-20260705T172920.829938847Z-c4-real-task-0096,ipfs_verify,true,10,1783272562344,0,QmXpJ5kFWD2okXAFe7urToABtqXCCNvN8itRWAGfao9xTz,false
604,e6-lifecycle-20260705T172920.829938847Z-c4-real-task-0097,ipfs_add,true,65,1783272562291,1649,,false
605,e6-lifecycle-20260705T172920.829938847Z-c4-real-task-0097,signed_posttask,true,2,1783272562356,0,QmNX4bEbwRABibt5cFrusp6rKpTF22Q825H2qa5P9Az1hz,false
606,e6-lifecycle-20260705T172920.829938847Z-c4-real-task-0097,signed_postallocation,true,2,1783272562358,0,QmNX4bEbwRABibt5cFrusp6rKpTF22Q825H2qa5P9Az1hz,false
607,e6-lifecycle-20260705T172920.829938847Z-c4-real-task-0097,signed_post_evalsnapshot,true,2,1783272562360,0,QmNX4bEbwRABibt5cFrusp6rKpTF22Q825H2qa5P9Az1hz,false
608,e6-lifecycle-20260705T172920.829938847Z-c4-real-task-0097,signed_vote1,true,2,1783272562362,0,QmNX4bEbwRABibt5cFrusp6rKpTF22Q825H2qa5P9Az1hz,false
609,e6-lifecycle-20260705T172920.829938847Z-c4-real-task-0097,signed_vote2,true,1,1783272562364,0,QmNX4bEbwRABibt5cFrusp6rKpTF22Q825H2qa5P9Az1hz,false
610,e6-lifecycle-20260705T172920.829938847Z-c4-real-task-0097,signed_settlement,true,2,1783272562365,0,QmNX4bEbwRABibt5cFrusp6rKpTF22Q825H2qa5P9Az1hz,false
611,e6-lifecycle-20260705T172920.829938847Z-c4-real-task-0097,signed_query_latest,true,0,1783272562367,0,QmNX4bEbwRABibt5cFrusp6rKpTF22Q825H2qa5P9Az1hz,false
612,e6-lifecycle-20260705T172920.829938847Z-c4-real-task-0098,ipfs_add,true,63,1783272562313,3590,,false
613,e6-lifecycle-20260705T172920.829938847Z-c4-real-task-0097,ipfs_verify,true,9,1783272562367,0,QmNX4bEbwRABibt5cFrusp6rKpTF22Q825H2qa5P9Az1hz,false
614,e6-lifecycle-20260705T172920.829938847Z-c4-real-task-0098,signed_posttask,true,2,1783272562376,0,QmZoaRAf2gEWbEjnaUCHcSduuDsYzeHrLqzszhQ2ULKfVV,false
615,e6-lifecycle-20260705T172920.829938847Z-c4-real-task-0098,signed_postallocation,true,2,1783272562378,0,QmZoaRAf2gEWbEjnaUCHcSduuDsYzeHrLqzszhQ2ULKfVV,false
616,e6-lifecycle-20260705T172920.829938847Z-c4-real-task-0098,signed_post_evalsnapshot,true,2,1783272562380,0,QmZoaRAf2gEWbEjnaUCHcSduuDsYzeHrLqzszhQ2ULKfVV,false
617,e6-lifecycle-20260705T172920.829938847Z-c4-real-task-0098,signed_vote1,true,1,1783272562382,0,QmZoaRAf2gEWbEjnaUCHcSduuDsYzeHrLqzszhQ2ULKfVV,false
618,e6-lifecycle-20260705T172920.829938847Z-c4-real-task-0098,signed_vote2,true,2,1783272562383,0,QmZoaRAf2gEWbEjnaUCHcSduuDsYzeHrLqzszhQ2ULKfVV,false
619,e6-lifecycle-20260705T172920.829938847Z-c4-real-task-0098,signed_settlement,true,2,1783272562385,0,QmZoaRAf2gEWbEjnaUCHcSduuDsYzeHrLqzszhQ2ULKfVV,false
620,e6-lifecycle-20260705T172920.829938847Z-c4-real-task-0098,signed_query_latest,true,0,1783272562387,0,QmZoaRAf2gEWbEjnaUCHcSduuDsYzeHrLqzszhQ2ULKfVV,false
621,e6-lifecycle-20260705T172920.829938847Z-c4-real-task-0099,ipfs_add,true,61,1783272562335,3207,,false
622,e6-lifecycle-20260705T172920.829938847Z-c4-real-task-0098,ipfs_verify,true,9,1783272562387,0,QmZoaRAf2gEWbEjnaUCHcSduuDsYzeHrLqzszhQ2ULKfVV,false
623,e6-lifecycle-20260705T172920.829938847Z-c4-real-task-0099,signed_posttask,true,2,1783272562396,0,QmUeEY5ZMsLVq5hCKHXEbov76UeSbY3avaFYh4SXuXhhrw,false
624,e6-lifecycle-20260705T172920.829938847Z-c4-real-task-0099,signed_postallocation,true,2,1783272562398,0,QmUeEY5ZMsLVq5hCKHXEbov76UeSbY3avaFYh4SXuXhhrw,false
625,e6-lifecycle-20260705T172920.829938847Z-c4-real-task-0099,signed_post_evalsnapshot,true,2,1783272562400,0,QmUeEY5ZMsLVq5hCKHXEbov76UeSbY3avaFYh4SXuXhhrw,false
626,e6-lifecycle-20260705T172920.829938847Z-c4-real-task-0099,signed_vote1,true,1,1783272562402,0,QmUeEY5ZMsLVq5hCKHXEbov76UeSbY3avaFYh4SXuXhhrw,false
627,e6-lifecycle-20260705T172920.829938847Z-c4-real-task-0099,signed_vote2,true,2,1783272562403,0,QmUeEY5ZMsLVq5hCKHXEbov76UeSbY3avaFYh4SXuXhhrw,false
628,e6-lifecycle-20260705T172920.829938847Z-c4-real-task-0099,signed_settlement,true,2,1783272562405,0,QmUeEY5ZMsLVq5hCKHXEbov76UeSbY3avaFYh4SXuXhhrw,false
629,e6-lifecycle-20260705T172920.829938847Z-c4-real-task-0099,signed_query_latest,true,0,1783272562407,0,QmUeEY5ZMsLVq5hCKHXEbov76UeSbY3avaFYh4SXuXhhrw,false
630,e6-lifecycle-20260705T172920.829938847Z-c4-real-task-0099,ipfs_verify,true,8,1783272562407,0,QmUeEY5ZMsLVq5hCKHXEbov76UeSbY3avaFYh4SXuXhhrw,false
631,e6-lifecycle-20260705T172920.829938847Z-c4-real-task-0100,ipfs_add,true,62,1783272562354,2945,,false
632,e6-lifecycle-20260705T172920.829938847Z-c4-real-task-0100,signed_posttask,true,2,1783272562416,0,QmYqpkcYraZDtetSGERMQ5ScFL6z1t9K48g7RtKw5Tvbyw,false
633,e6-lifecycle-20260705T172920.829938847Z-c4-real-task-0100,signed_postallocation,true,2,1783272562418,0,QmYqpkcYraZDtetSGERMQ5ScFL6z1t9K48g7RtKw5Tvbyw,false
634,e6-lifecycle-20260705T172920.829938847Z-c4-real-task-0100,signed_post_evalsnapshot,true,2,1783272562420,0,QmYqpkcYraZDtetSGERMQ5ScFL6z1t9K48g7RtKw5Tvbyw,false
635,e6-lifecycle-20260705T172920.829938847Z-c4-real-task-0100,signed_vote1,true,2,1783272562422,0,QmYqpkcYraZDtetSGERMQ5ScFL6z1t9K48g7RtKw5Tvbyw,false
636,e6-lifecycle-20260705T172920.829938847Z-c4-real-task-0100,signed_vote2,true,2,1783272562424,0,QmYqpkcYraZDtetSGERMQ5ScFL6z1t9K48g7RtKw5Tvbyw,false
637,e6-lifecycle-20260705T172920.829938847Z-c4-real-task-0100,signed_settlement,true,1,1783272562426,0,QmYqpkcYraZDtetSGERMQ5ScFL6z1t9K48g7RtKw5Tvbyw,false
638,e6-lifecycle-20260705T172920.829938847Z-c4-real-task-0100,signed_query_latest,true,0,1783272562427,0,QmYqpkcYraZDtetSGERMQ5ScFL6z1t9K48g7RtKw5Tvbyw,false
639,e6-lifecycle-20260705T172920.829938847Z-c4-real-task-0101,ipfs_add,true,60,1783272562376,1874,,false
640,e6-lifecycle-20260705T172920.829938847Z-c4-real-task-0100,ipfs_verify,true,9,1783272562427,0,QmYqpkcYraZDtetSGERMQ5ScFL6z1t9K48g7RtKw5Tvbyw,false
641,e6-lifecycle-20260705T172920.829938847Z-c4-real-task-0101,signed_posttask,true,2,1783272562436,0,QmcEMDBTMAr7MFk4NRejhz1qsW7piumtRhyZgqaAVxpA1P,false
642,e6-lifecycle-20260705T172920.829938847Z-c4-real-task-0101,signed_postallocation,true,2,1783272562438,0,QmcEMDBTMAr7MFk4NRejhz1qsW7piumtRhyZgqaAVxpA1P,false
643,e6-lifecycle-20260705T172920.829938847Z-c4-real-task-0101,signed_post_evalsnapshot,true,2,1783272562440,0,QmcEMDBTMAr7MFk4NRejhz1qsW7piumtRhyZgqaAVxpA1P,false
644,e6-lifecycle-20260705T172920.829938847Z-c4-real-task-0101,signed_vote1,true,2,1783272562442,0,QmcEMDBTMAr7MFk4NRejhz1qsW7piumtRhyZgqaAVxpA1P,false
645,e6-lifecycle-20260705T172920.829938847Z-c4-real-task-0101,signed_vote2,true,2,1783272562444,0,QmcEMDBTMAr7MFk4NRejhz1qsW7piumtRhyZgqaAVxpA1P,false
646,e6-lifecycle-20260705T172920.829938847Z-c4-real-task-0101,signed_settlement,true,1,1783272562446,0,QmcEMDBTMAr7MFk4NRejhz1qsW7piumtRhyZgqaAVxpA1P,false
647,e6-lifecycle-20260705T172920.829938847Z-c4-real-task-0101,signed_query_latest,true,0,1783272562447,0,QmcEMDBTMAr7MFk4NRejhz1qsW7piumtRhyZgqaAVxpA1P,false
648,e6-lifecycle-20260705T172920.829938847Z-c4-real-task-0101,ipfs_verify,true,8,1783272562447,0,QmcEMDBTMAr7MFk4NRejhz1qsW7piumtRhyZgqaAVxpA1P,false
649,e6-lifecycle-20260705T172920.829938847Z-c4-real-task-0102,ipfs_add,true,61,1783272562396,4429,,false
650,e6-lifecycle-20260705T172920.829938847Z-c4-real-task-0102,signed_posttask,true,2,1783272562457,0,QmNZpWPb8zZGufRx9cTAqzT38jqs3J5Nju6aTffMo2mWMM,false
651,e6-lifecycle-20260705T172920.829938847Z-c4-real-task-0102,signed_postallocation,true,2,1783272562459,0,QmNZpWPb8zZGufRx9cTAqzT38jqs3J5Nju6aTffMo2mWMM,false
652,e6-lifecycle-20260705T172920.829938847Z-c4-real-task-0102,signed_post_evalsnapshot,true,3,1783272562461,0,QmNZpWPb8zZGufRx9cTAqzT38jqs3J5Nju6aTffMo2mWMM,false
653,e6-lifecycle-20260705T172920.829938847Z-c4-real-task-0102,signed_vote1,true,1,1783272562464,0,QmNZpWPb8zZGufRx9cTAqzT38jqs3J5Nju6aTffMo2mWMM,false
654,e6-lifecycle-20260705T172920.829938847Z-c4-real-task-0102,signed_vote2,true,2,1783272562465,0,QmNZpWPb8zZGufRx9cTAqzT38jqs3J5Nju6aTffMo2mWMM,false
655,e6-lifecycle-20260705T172920.829938847Z-c4-real-task-0102,signed_settlement,true,2,1783272562467,0,QmNZpWPb8zZGufRx9cTAqzT38jqs3J5Nju6aTffMo2mWMM,false
656,e6-lifecycle-20260705T172920.829938847Z-c4-real-task-0102,signed_query_latest,true,0,1783272562469,0,QmNZpWPb8zZGufRx9cTAqzT38jqs3J5Nju6aTffMo2mWMM,false
657,e6-lifecycle-20260705T172920.829938847Z-c4-real-task-0103,ipfs_add,true,61,1783272562415,3139,,false
658,e6-lifecycle-20260705T172920.829938847Z-c4-real-task-0102,ipfs_verify,true,8,1783272562469,0,QmNZpWPb8zZGufRx9cTAqzT38jqs3J5Nju6aTffMo2mWMM,false
659,e6-lifecycle-20260705T172920.829938847Z-c4-real-task-0103,signed_posttask,true,3,1783272562476,0,Qmc4xnckxk7qCTpwS2dEmtXtCM97x5nt65Euz3m5frq31g,false
660,e6-lifecycle-20260705T172920.829938847Z-c4-real-task-0103,signed_postallocation,true,3,1783272562479,0,Qmc4xnckxk7qCTpwS2dEmtXtCM97x5nt65Euz3m5frq31g,false
661,e6-lifecycle-20260705T172920.829938847Z-c4-real-task-0103,signed_post_evalsnapshot,true,2,1783272562482,0,Qmc4xnckxk7qCTpwS2dEmtXtCM97x5nt65Euz3m5frq31g,false
662,e6-lifecycle-20260705T172920.829938847Z-c4-real-task-0103,signed_vote1,true,3,1783272562484,0,Qmc4xnckxk7qCTpwS2dEmtXtCM97x5nt65Euz3m5frq31g,false
663,e6-lifecycle-20260705T172920.829938847Z-c4-real-task-0103,signed_vote2,true,3,1783272562487,0,Qmc4xnckxk7qCTpwS2dEmtXtCM97x5nt65Euz3m5frq31g,false
664,e6-lifecycle-20260705T172920.829938847Z-c4-real-task-0103,signed_settlement,true,2,1783272562490,0,Qmc4xnckxk7qCTpwS2dEmtXtCM97x5nt65Euz3m5frq31g,false
665,e6-lifecycle-20260705T172920.829938847Z-c4-real-task-0103,signed_query_latest,true,0,1783272562492,0,Qmc4xnckxk7qCTpwS2dEmtXtCM97x5nt65Euz3m5frq31g,false
666,e6-lifecycle-20260705T172920.829938847Z-c4-real-task-0103,ipfs_verify,true,9,1783272562492,0,Qmc4xnckxk7qCTpwS2dEmtXtCM97x5nt65Euz3m5frq31g,false
667,e6-lifecycle-20260705T172920.829938847Z-c4-real-task-0104,ipfs_add,true,65,1783272562436,2386,,false
668,e6-lifecycle-20260705T172920.829938847Z-c4-real-task-0104,signed_posttask,true,2,1783272562501,0,Qme3dLUfvZ5b63FixxsTuqwxwjVCFs2b8ADm8Kvk2U2qwP,false
669,e6-lifecycle-20260705T172920.829938847Z-c4-real-task-0104,signed_postallocation,true,2,1783272562503,0,Qme3dLUfvZ5b63FixxsTuqwxwjVCFs2b8ADm8Kvk2U2qwP,false
670,e6-lifecycle-20260705T172920.829938847Z-c4-real-task-0104,signed_post_evalsnapshot,true,2,1783272562505,0,Qme3dLUfvZ5b63FixxsTuqwxwjVCFs2b8ADm8Kvk2U2qwP,false
671,e6-lifecycle-20260705T172920.829938847Z-c4-real-task-0104,signed_vote1,true,2,1783272562507,0,Qme3dLUfvZ5b63FixxsTuqwxwjVCFs2b8ADm8Kvk2U2qwP,false
672,e6-lifecycle-20260705T172920.829938847Z-c4-real-task-0104,signed_vote2,true,1,1783272562509,0,Qme3dLUfvZ5b63FixxsTuqwxwjVCFs2b8ADm8Kvk2U2qwP,false
673,e6-lifecycle-20260705T172920.829938847Z-c4-real-task-0104,signed_settlement,true,2,1783272562510,0,Qme3dLUfvZ5b63FixxsTuqwxwjVCFs2b8ADm8Kvk2U2qwP,false
674,e6-lifecycle-20260705T172920.829938847Z-c4-real-task-0104,signed_query_latest,true,0,1783272562512,0,Qme3dLUfvZ5b63FixxsTuqwxwjVCFs2b8ADm8Kvk2U2qwP,false
675,e6-lifecycle-20260705T172920.829938847Z-c4-real-task-0104,ipfs_verify,true,9,1783272562512,0,Qme3dLUfvZ5b63FixxsTuqwxwjVCFs2b8ADm8Kvk2U2qwP,false
676,e6-lifecycle-20260705T172920.829938847Z-c4-real-task-0105,ipfs_add,true,75,1783272562455,1811,,false
677,e6-lifecycle-20260705T172920.829938847Z-c4-real-task-0105,signed_posttask,true,2,1783272562530,0,QmeCN824YLFxhs6KPZdvcJ1YLRBL2KDGosFsYoMEvLrqvu,false
678,e6-lifecycle-20260705T172920.829938847Z-c4-real-task-0105,signed_postallocation,true,3,1783272562532,0,QmeCN824YLFxhs6KPZdvcJ1YLRBL2KDGosFsYoMEvLrqvu,false
679,e6-lifecycle-20260705T172920.829938847Z-c4-real-task-0105,signed_post_evalsnapshot,true,2,1783272562535,0,QmeCN824YLFxhs6KPZdvcJ1YLRBL2KDGosFsYoMEvLrqvu,false
680,e6-lifecycle-20260705T172920.829938847Z-c4-real-task-0105,signed_vote1,true,2,1783272562537,0,QmeCN824YLFxhs6KPZdvcJ1YLRBL2KDGosFsYoMEvLrqvu,false
681,e6-lifecycle-20260705T172920.829938847Z-c4-real-task-0105,signed_vote2,true,2,1783272562539,0,QmeCN824YLFxhs6KPZdvcJ1YLRBL2KDGosFsYoMEvLrqvu,false
682,e6-lifecycle-20260705T172920.829938847Z-c4-real-task-0105,signed_settlement,true,1,1783272562541,0,QmeCN824YLFxhs6KPZdvcJ1YLRBL2KDGosFsYoMEvLrqvu,false
683,e6-lifecycle-20260705T172920.829938847Z-c4-real-task-0105,signed_query_latest,true,0,1783272562542,0,QmeCN824YLFxhs6KPZdvcJ1YLRBL2KDGosFsYoMEvLrqvu,false
684,e6-lifecycle-20260705T172920.829938847Z-c4-real-task-0106,ipfs_add,true,76,1783272562477,2561,,false
685,e6-lifecycle-20260705T172920.829938847Z-c4-real-task-0105,ipfs_verify,true,11,1783272562542,0,QmeCN824YLFxhs6KPZdvcJ1YLRBL2KDGosFsYoMEvLrqvu,false
686,e6-lifecycle-20260705T172920.829938847Z-c4-real-task-0106,signed_posttask,true,2,1783272562553,0,QmQpT2pSYN1xnsKEAYYzR7wpihutiAWCLX46Wag6nTE83B,false
687,e6-lifecycle-20260705T172920.829938847Z-c4-real-task-0106,signed_postallocation,true,2,1783272562555,0,QmQpT2pSYN1xnsKEAYYzR7wpihutiAWCLX46Wag6nTE83B,false
688,e6-lifecycle-20260705T172920.829938847Z-c4-real-task-0106,signed_post_evalsnapshot,true,2,1783272562557,0,QmQpT2pSYN1xnsKEAYYzR7wpihutiAWCLX46Wag6nTE83B,false
689,e6-lifecycle-20260705T172920.829938847Z-c4-real-task-0106,signed_vote1,true,2,1783272562559,0,QmQpT2pSYN1xnsKEAYYzR7wpihutiAWCLX46Wag6nTE83B,false
690,e6-lifecycle-20260705T172920.829938847Z-c4-real-task-0106,signed_vote2,true,3,1783272562561,0,QmQpT2pSYN1xnsKEAYYzR7wpihutiAWCLX46Wag6nTE83B,false
691,e6-lifecycle-20260705T172920.829938847Z-c4-real-task-0106,signed_settlement,true,1,1783272562564,0,QmQpT2pSYN1xnsKEAYYzR7wpihutiAWCLX46Wag6nTE83B,false
692,e6-lifecycle-20260705T172920.829938847Z-c4-real-task-0106,signed_query_latest,true,0,1783272562565,0,QmQpT2pSYN1xnsKEAYYzR7wpihutiAWCLX46Wag6nTE83B,false
693,e6-lifecycle-20260705T172920.829938847Z-c4-real-task-0106,ipfs_verify,true,13,1783272562565,0,QmQpT2pSYN1xnsKEAYYzR7wpihutiAWCLX46Wag6nTE83B,false
694,e6-lifecycle-20260705T172920.829938847Z-c4-real-task-0107,ipfs_add,true,85,1783272562501,1574,,false
695,e6-lifecycle-20260705T172920.829938847Z-c4-real-task-0107,signed_posttask,true,2,1783272562586,0,QmRupjhdCiNmsSv9JCRZ7Adv2HjXu13WhkMdY6ZAUYj3p5,false
696,e6-lifecycle-20260705T172920.829938847Z-c4-real-task-0107,signed_postallocation,true,2,1783272562588,0,QmRupjhdCiNmsSv9JCRZ7Adv2HjXu13WhkMdY6ZAUYj3p5,false
697,e6-lifecycle-20260705T172920.829938847Z-c4-real-task-0107,signed_post_evalsnapshot,true,2,1783272562590,0,QmRupjhdCiNmsSv9JCRZ7Adv2HjXu13WhkMdY6ZAUYj3p5,false
698,e6-lifecycle-20260705T172920.829938847Z-c4-real-task-0107,signed_vote1,true,2,1783272562592,0,QmRupjhdCiNmsSv9JCRZ7Adv2HjXu13WhkMdY6ZAUYj3p5,false
699,e6-lifecycle-20260705T172920.829938847Z-c4-real-task-0107,signed_vote2,true,1,1783272562594,0,QmRupjhdCiNmsSv9JCRZ7Adv2HjXu13WhkMdY6ZAUYj3p5,false
700,e6-lifecycle-20260705T172920.829938847Z-c4-real-task-0107,signed_settlement,true,2,1783272562595,0,QmRupjhdCiNmsSv9JCRZ7Adv2HjXu13WhkMdY6ZAUYj3p5,false
701,e6-lifecycle-20260705T172920.829938847Z-c4-real-task-0107,signed_query_latest,true,0,1783272562597,0,QmRupjhdCiNmsSv9JCRZ7Adv2HjXu13WhkMdY6ZAUYj3p5,false
702,e6-lifecycle-20260705T172920.829938847Z-c4-real-task-0107,ipfs_verify,true,8,1783272562597,0,QmRupjhdCiNmsSv9JCRZ7Adv2HjXu13WhkMdY6ZAUYj3p5,false
703,e6-lifecycle-20260705T172920.829938847Z-c4-real-task-0108,ipfs_add,true,84,1783272562521,1359,,false
704,e6-lifecycle-20260705T172920.829938847Z-c4-real-task-0108,signed_posttask,true,2,1783272562605,0,QmZZqy6hSeEaVGJcieqsrZVeztXme75mBRRsw2ZBiEVxze,false
705,e6-lifecycle-20260705T172920.829938847Z-c4-real-task-0108,signed_postallocation,true,3,1783272562607,0,QmZZqy6hSeEaVGJcieqsrZVeztXme75mBRRsw2ZBiEVxze,false
706,e6-lifecycle-20260705T172920.829938847Z-c4-real-task-0108,signed_post_evalsnapshot,true,2,1783272562610,0,QmZZqy6hSeEaVGJcieqsrZVeztXme75mBRRsw2ZBiEVxze,false
707,e6-lifecycle-20260705T172920.829938847Z-c4-real-task-0108,signed_vote1,true,2,1783272562612,0,QmZZqy6hSeEaVGJcieqsrZVeztXme75mBRRsw2ZBiEVxze,false
708,e6-lifecycle-20260705T172920.829938847Z-c4-real-task-0108,signed_vote2,true,1,1783272562614,0,QmZZqy6hSeEaVGJcieqsrZVeztXme75mBRRsw2ZBiEVxze,false
709,e6-lifecycle-20260705T172920.829938847Z-c4-real-task-0108,signed_settlement,true,2,1783272562615,0,QmZZqy6hSeEaVGJcieqsrZVeztXme75mBRRsw2ZBiEVxze,false
710,e6-lifecycle-20260705T172920.829938847Z-c4-real-task-0108,signed_query_latest,true,0,1783272562617,0,QmZZqy6hSeEaVGJcieqsrZVeztXme75mBRRsw2ZBiEVxze,false
711,e6-lifecycle-20260705T172920.829938847Z-c4-real-task-0108,ipfs_verify,true,8,1783272562617,0,QmZZqy6hSeEaVGJcieqsrZVeztXme75mBRRsw2ZBiEVxze,false
712,e6-lifecycle-20260705T172920.829938847Z-c4-real-task-0109,ipfs_add,true,72,1783272562554,1914,,false
713,e6-lifecycle-20260705T172920.829938847Z-c4-real-task-0109,signed_posttask,true,2,1783272562626,0,QmPEDBMMbuCpx7HLnDJ23QuLxzYuyd7P4wwLKNZcfCQeou,false
714,e6-lifecycle-20260705T172920.829938847Z-c4-real-task-0109,signed_postallocation,true,2,1783272562628,0,QmPEDBMMbuCpx7HLnDJ23QuLxzYuyd7P4wwLKNZcfCQeou,false
715,e6-lifecycle-20260705T172920.829938847Z-c4-real-task-0109,signed_post_evalsnapshot,true,2,1783272562630,0,QmPEDBMMbuCpx7HLnDJ23QuLxzYuyd7P4wwLKNZcfCQeou,false
716,e6-lifecycle-20260705T172920.829938847Z-c4-real-task-0109,signed_vote1,true,2,1783272562632,0,QmPEDBMMbuCpx7HLnDJ23QuLxzYuyd7P4wwLKNZcfCQeou,false
717,e6-lifecycle-20260705T172920.829938847Z-c4-real-task-0109,signed_vote2,true,1,1783272562634,0,QmPEDBMMbuCpx7HLnDJ23QuLxzYuyd7P4wwLKNZcfCQeou,false
718,e6-lifecycle-20260705T172920.829938847Z-c4-real-task-0109,signed_settlement,true,3,1783272562635,0,QmPEDBMMbuCpx7HLnDJ23QuLxzYuyd7P4wwLKNZcfCQeou,false
719,e6-lifecycle-20260705T172920.829938847Z-c4-real-task-0109,signed_query_latest,true,0,1783272562638,0,QmPEDBMMbuCpx7HLnDJ23QuLxzYuyd7P4wwLKNZcfCQeou,false
720,e6-lifecycle-20260705T172920.829938847Z-c4-real-task-0109,ipfs_verify,true,11,1783272562638,0,QmPEDBMMbuCpx7HLnDJ23QuLxzYuyd7P4wwLKNZcfCQeou,false
721,e6-lifecycle-20260705T172920.829938847Z-c4-real-task-0110,ipfs_add,true,73,1783272562578,1468,,false
722,e6-lifecycle-20260705T172920.829938847Z-c4-real-task-0110,signed_posttask,true,8,1783272562651,0,QmYdNPvQFsdXFQa7hym9WZ3ACL8dS3nT2z6E7NU9T2QPtY,false
723,e6-lifecycle-20260705T172920.829938847Z-c4-real-task-0110,signed_postallocation,true,7,1783272562659,0,QmYdNPvQFsdXFQa7hym9WZ3ACL8dS3nT2z6E7NU9T2QPtY,false
724,e6-lifecycle-20260705T172920.829938847Z-c4-real-task-0110,signed_post_evalsnapshot,true,2,1783272562666,0,QmYdNPvQFsdXFQa7hym9WZ3ACL8dS3nT2z6E7NU9T2QPtY,false
725,e6-lifecycle-20260705T172920.829938847Z-c4-real-task-0110,signed_vote1,true,1,1783272562668,0,QmYdNPvQFsdXFQa7hym9WZ3ACL8dS3nT2z6E7NU9T2QPtY,false
726,e6-lifecycle-20260705T172920.829938847Z-c4-real-task-0110,signed_vote2,true,2,1783272562669,0,QmYdNPvQFsdXFQa7hym9WZ3ACL8dS3nT2z6E7NU9T2QPtY,false
727,e6-lifecycle-20260705T172920.829938847Z-c4-real-task-0110,signed_settlement,true,3,1783272562671,0,QmYdNPvQFsdXFQa7hym9WZ3ACL8dS3nT2z6E7NU9T2QPtY,false
728,e6-lifecycle-20260705T172920.829938847Z-c4-real-task-0110,signed_query_latest,true,0,1783272562674,0,QmYdNPvQFsdXFQa7hym9WZ3ACL8dS3nT2z6E7NU9T2QPtY,false
729,e6-lifecycle-20260705T172920.829938847Z-c4-real-task-0110,ipfs_verify,true,8,1783272562674,0,QmYdNPvQFsdXFQa7hym9WZ3ACL8dS3nT2z6E7NU9T2QPtY,false
730,e6-lifecycle-20260705T172920.829938847Z-c4-real-task-0111,ipfs_add,true,79,1783272562605,1486,,false
731,e6-lifecycle-20260705T172920.829938847Z-c4-real-task-0111,signed_posttask,true,1,1783272562684,0,QmayJynjkMacRcqFDbnuYugxcbsQqHFTjbXCeD8Z8namKr,false
732,e6-lifecycle-20260705T172920.829938847Z-c4-real-task-0111,signed_postallocation,true,2,1783272562685,0,QmayJynjkMacRcqFDbnuYugxcbsQqHFTjbXCeD8Z8namKr,false
733,e6-lifecycle-20260705T172920.829938847Z-c4-real-task-0111,signed_post_evalsnapshot,true,2,1783272562687,0,QmayJynjkMacRcqFDbnuYugxcbsQqHFTjbXCeD8Z8namKr,false
734,e6-lifecycle-20260705T172920.829938847Z-c4-real-task-0111,signed_vote1,true,2,1783272562689,0,QmayJynjkMacRcqFDbnuYugxcbsQqHFTjbXCeD8Z8namKr,false
735,e6-lifecycle-20260705T172920.829938847Z-c4-real-task-0111,signed_vote2,true,2,1783272562691,0,QmayJynjkMacRcqFDbnuYugxcbsQqHFTjbXCeD8Z8namKr,false
736,e6-lifecycle-20260705T172920.829938847Z-c4-real-task-0111,signed_settlement,true,2,1783272562693,0,QmayJynjkMacRcqFDbnuYugxcbsQqHFTjbXCeD8Z8namKr,false
737,e6-lifecycle-20260705T172920.829938847Z-c4-real-task-0111,signed_query_latest,true,0,1783272562695,0,QmayJynjkMacRcqFDbnuYugxcbsQqHFTjbXCeD8Z8namKr,false
738,e6-lifecycle-20260705T172920.829938847Z-c4-real-task-0111,ipfs_verify,true,7,1783272562695,0,QmayJynjkMacRcqFDbnuYugxcbsQqHFTjbXCeD8Z8namKr,false
739,e6-lifecycle-20260705T172920.829938847Z-c4-real-task-0112,ipfs_add,true,83,1783272562625,5135,,false
740,e6-lifecycle-20260705T172920.829938847Z-c4-real-task-0112,signed_posttask,true,2,1783272562708,0,QmZTL4eW5hkumUyYeoedLXa2XWBWSX7WLRmm3kBgrvtRta,false
741,e6-lifecycle-20260705T172920.829938847Z-c4-real-task-0112,signed_postallocation,true,2,1783272562710,0,QmZTL4eW5hkumUyYeoedLXa2XWBWSX7WLRmm3kBgrvtRta,false
742,e6-lifecycle-20260705T172920.829938847Z-c4-real-task-0112,signed_post_evalsnapshot,true,3,1783272562712,0,QmZTL4eW5hkumUyYeoedLXa2XWBWSX7WLRmm3kBgrvtRta,false
743,e6-lifecycle-20260705T172920.829938847Z-c4-real-task-0112,signed_vote1,true,1,1783272562715,0,QmZTL4eW5hkumUyYeoedLXa2XWBWSX7WLRmm3kBgrvtRta,false
744,e6-lifecycle-20260705T172920.829938847Z-c4-real-task-0112,signed_vote2,true,2,1783272562716,0,QmZTL4eW5hkumUyYeoedLXa2XWBWSX7WLRmm3kBgrvtRta,false
745,e6-lifecycle-20260705T172920.829938847Z-c4-real-task-0112,signed_settlement,true,2,1783272562718,0,QmZTL4eW5hkumUyYeoedLXa2XWBWSX7WLRmm3kBgrvtRta,false
746,e6-lifecycle-20260705T172920.829938847Z-c4-real-task-0112,signed_query_latest,true,0,1783272562720,0,QmZTL4eW5hkumUyYeoedLXa2XWBWSX7WLRmm3kBgrvtRta,false
747,e6-lifecycle-20260705T172920.829938847Z-c4-real-task-0112,ipfs_verify,true,9,1783272562720,0,QmZTL4eW5hkumUyYeoedLXa2XWBWSX7WLRmm3kBgrvtRta,false
748,e6-lifecycle-20260705T172920.829938847Z-c4-real-task-0137,ipfs_add,true,83,1783272562649,7887,,false
749,e6-lifecycle-20260705T172920.829938847Z-c4-real-task-0137,signed_posttask,true,2,1783272562732,0,QmWoPof7qbWPGdMFqG2nBUciJqbqXCfAPLUDZ7bcxJMDyk,false
750,e6-lifecycle-20260705T172920.829938847Z-c4-real-task-0137,signed_postallocation,true,2,1783272562734,0,QmWoPof7qbWPGdMFqG2nBUciJqbqXCfAPLUDZ7bcxJMDyk,false
751,e6-lifecycle-20260705T172920.829938847Z-c4-real-task-0137,signed_post_evalsnapshot,true,11,1783272562736,0,QmWoPof7qbWPGdMFqG2nBUciJqbqXCfAPLUDZ7bcxJMDyk,false
752,e6-lifecycle-20260705T172920.829938847Z-c4-real-task-0137,signed_vote1,true,2,1783272562747,0,QmWoPof7qbWPGdMFqG2nBUciJqbqXCfAPLUDZ7bcxJMDyk,false
753,e6-lifecycle-20260705T172920.829938847Z-c4-real-task-0137,signed_vote2,true,2,1783272562749,0,QmWoPof7qbWPGdMFqG2nBUciJqbqXCfAPLUDZ7bcxJMDyk,false
754,e6-lifecycle-20260705T172920.829938847Z-c4-real-task-0137,signed_settlement,true,2,1783272562751,0,QmWoPof7qbWPGdMFqG2nBUciJqbqXCfAPLUDZ7bcxJMDyk,false
755,e6-lifecycle-20260705T172920.829938847Z-c4-real-task-0137,signed_query_latest,true,0,1783272562753,0,QmWoPof7qbWPGdMFqG2nBUciJqbqXCfAPLUDZ7bcxJMDyk,false
756,e6-lifecycle-20260705T172920.829938847Z-c4-real-task-0137,ipfs_verify,true,10,1783272562753,0,QmWoPof7qbWPGdMFqG2nBUciJqbqXCfAPLUDZ7bcxJMDyk,false
757,e6-lifecycle-20260705T172920.829938847Z-c4-real-task-0138,ipfs_add,true,83,1783272562682,6123,,false
758,e6-lifecycle-20260705T172920.829938847Z-c4-real-task-0138,signed_posttask,true,1,1783272562765,0,QmbxM1rZVTmJDLmT8oQiDaJVpa1uuVzFek4Pc5717x6PYe,false
759,e6-lifecycle-20260705T172920.829938847Z-c4-real-task-0138,signed_postallocation,true,2,1783272562766,0,QmbxM1rZVTmJDLmT8oQiDaJVpa1uuVzFek4Pc5717x6PYe,false
760,e6-lifecycle-20260705T172920.829938847Z-c4-real-task-0138,signed_post_evalsnapshot,true,2,1783272562768,0,QmbxM1rZVTmJDLmT8oQiDaJVpa1uuVzFek4Pc5717x6PYe,false
761,e6-lifecycle-20260705T172920.829938847Z-c4-real-task-0138,signed_vote1,true,2,1783272562770,0,QmbxM1rZVTmJDLmT8oQiDaJVpa1uuVzFek4Pc5717x6PYe,false
762,e6-lifecycle-20260705T172920.829938847Z-c4-real-task-0138,signed_vote2,true,2,1783272562772,0,QmbxM1rZVTmJDLmT8oQiDaJVpa1uuVzFek4Pc5717x6PYe,false
763,e6-lifecycle-20260705T172920.829938847Z-c4-real-task-0138,signed_settlement,true,2,1783272562774,0,QmbxM1rZVTmJDLmT8oQiDaJVpa1uuVzFek4Pc5717x6PYe,false
764,e6-lifecycle-20260705T172920.829938847Z-c4-real-task-0138,signed_query_latest,true,0,1783272562776,0,QmbxM1rZVTmJDLmT8oQiDaJVpa1uuVzFek4Pc5717x6PYe,false
765,e6-lifecycle-20260705T172920.829938847Z-c4-real-task-0138,ipfs_verify,true,8,1783272562776,0,QmbxM1rZVTmJDLmT8oQiDaJVpa1uuVzFek4Pc5717x6PYe,false
766,e6-lifecycle-20260705T172920.829938847Z-c4-real-task-0139,ipfs_add,true,87,1783272562702,6068,,false
767,e6-lifecycle-20260705T172920.829938847Z-c4-real-task-0139,signed_posttask,true,2,1783272562789,0,QmcYTUAPQTyEWywqTmthoC8xdU1HHnjNHDDrwpWHCUcep9,false
768,e6-lifecycle-20260705T172920.829938847Z-c4-real-task-0139,signed_postallocation,true,2,1783272562791,0,QmcYTUAPQTyEWywqTmthoC8xdU1HHnjNHDDrwpWHCUcep9,false
769,e6-lifecycle-20260705T172920.829938847Z-c4-real-task-0139,signed_post_evalsnapshot,true,5,1783272562793,0,QmcYTUAPQTyEWywqTmthoC8xdU1HHnjNHDDrwpWHCUcep9,false
770,e6-lifecycle-20260705T172920.829938847Z-c4-real-task-0139,signed_vote1,true,4,1783272562798,0,QmcYTUAPQTyEWywqTmthoC8xdU1HHnjNHDDrwpWHCUcep9,false
771,e6-lifecycle-20260705T172920.829938847Z-c4-real-task-0139,signed_vote2,true,4,1783272562802,0,QmcYTUAPQTyEWywqTmthoC8xdU1HHnjNHDDrwpWHCUcep9,false
772,e6-lifecycle-20260705T172920.829938847Z-c4-real-task-0139,signed_settlement,true,3,1783272562806,0,QmcYTUAPQTyEWywqTmthoC8xdU1HHnjNHDDrwpWHCUcep9,false
773,e6-lifecycle-20260705T172920.829938847Z-c4-real-task-0139,signed_query_latest,true,0,1783272562809,0,QmcYTUAPQTyEWywqTmthoC8xdU1HHnjNHDDrwpWHCUcep9,false
774,e6-lifecycle-20260705T172920.829938847Z-c4-real-task-0139,ipfs_verify,true,10,1783272562809,0,QmcYTUAPQTyEWywqTmthoC8xdU1HHnjNHDDrwpWHCUcep9,false
775,e6-lifecycle-20260705T172920.829938847Z-c4-real-task-0140,ipfs_add,true,93,1783272562729,3566,,false
776,e6-lifecycle-20260705T172920.829938847Z-c4-real-task-0140,signed_posttask,true,1,1783272562822,0,QmbKUL6FKk5HdN2RKMY4E5T2YgBw8gzyMB9qqscewgU2PM,false
777,e6-lifecycle-20260705T172920.829938847Z-c4-real-task-0140,signed_postallocation,true,2,1783272562823,0,QmbKUL6FKk5HdN2RKMY4E5T2YgBw8gzyMB9qqscewgU2PM,false
778,e6-lifecycle-20260705T172920.829938847Z-c4-real-task-0140,signed_post_evalsnapshot,true,2,1783272562825,0,QmbKUL6FKk5HdN2RKMY4E5T2YgBw8gzyMB9qqscewgU2PM,false
779,e6-lifecycle-20260705T172920.829938847Z-c4-real-task-0140,signed_vote1,true,2,1783272562827,0,QmbKUL6FKk5HdN2RKMY4E5T2YgBw8gzyMB9qqscewgU2PM,false
780,e6-lifecycle-20260705T172920.829938847Z-c4-real-task-0140,signed_vote2,true,2,1783272562829,0,QmbKUL6FKk5HdN2RKMY4E5T2YgBw8gzyMB9qqscewgU2PM,false
781,e6-lifecycle-20260705T172920.829938847Z-c4-real-task-0140,signed_settlement,true,1,1783272562831,0,QmbKUL6FKk5HdN2RKMY4E5T2YgBw8gzyMB9qqscewgU2PM,false
782,e6-lifecycle-20260705T172920.829938847Z-c4-real-task-0140,signed_query_latest,true,0,1783272562832,0,QmbKUL6FKk5HdN2RKMY4E5T2YgBw8gzyMB9qqscewgU2PM,false
783,e6-lifecycle-20260705T172920.829938847Z-c4-real-task-0140,ipfs_verify,true,8,1783272562832,0,QmbKUL6FKk5HdN2RKMY4E5T2YgBw8gzyMB9qqscewgU2PM,false
784,e6-lifecycle-20260705T172920.829938847Z-c4-real-task-0141,ipfs_add,true,85,1783272562763,3943,,false
785,e6-lifecycle-20260705T172920.829938847Z-c4-real-task-0141,signed_posttask,true,4,1783272562848,0,QmU8ccPSVuF7qqoiKy2DMjjWHVge9mBhGy7hX3oM4mFnxu,false
786,e6-lifecycle-20260705T172920.829938847Z-c4-real-task-0141,signed_postallocation,true,2,1783272562852,0,QmU8ccPSVuF7qqoiKy2DMjjWHVge9mBhGy7hX3oM4mFnxu,false
787,e6-lifecycle-20260705T172920.829938847Z-c4-real-task-0141,signed_post_evalsnapshot,true,2,1783272562854,0,QmU8ccPSVuF7qqoiKy2DMjjWHVge9mBhGy7hX3oM4mFnxu,false
788,e6-lifecycle-20260705T172920.829938847Z-c4-real-task-0141,signed_vote1,true,2,1783272562856,0,QmU8ccPSVuF7qqoiKy2DMjjWHVge9mBhGy7hX3oM4mFnxu,false
789,e6-lifecycle-20260705T172920.829938847Z-c4-real-task-0141,signed_vote2,true,2,1783272562858,0,QmU8ccPSVuF7qqoiKy2DMjjWHVge9mBhGy7hX3oM4mFnxu,false
790,e6-lifecycle-20260705T172920.829938847Z-c4-real-task-0141,signed_settlement,true,1,1783272562860,0,QmU8ccPSVuF7qqoiKy2DMjjWHVge9mBhGy7hX3oM4mFnxu,false
791,e6-lifecycle-20260705T172920.829938847Z-c4-real-task-0141,signed_query_latest,true,0,1783272562861,0,QmU8ccPSVuF7qqoiKy2DMjjWHVge9mBhGy7hX3oM4mFnxu,false
792,e6-lifecycle-20260705T172920.829938847Z-c4-real-task-0142,ipfs_add,true,84,1783272562784,4723,,false
793,e6-lifecycle-20260705T172920.829938847Z-c4-real-task-0141,ipfs_verify,true,8,1783272562861,0,QmU8ccPSVuF7qqoiKy2DMjjWHVge9mBhGy7hX3oM4mFnxu,false
794,e6-lifecycle-20260705T172920.829938847Z-c4-real-task-0142,signed_posttask,true,2,1783272562868,0,QmU3gpt8BjdpgMNTTBdF3QXFR37K5SeqUjAYEdmDDig4s5,false
795,e6-lifecycle-20260705T172920.829938847Z-c4-real-task-0142,signed_postallocation,true,2,1783272562870,0,QmU3gpt8BjdpgMNTTBdF3QXFR37K5SeqUjAYEdmDDig4s5,false
796,e6-lifecycle-20260705T172920.829938847Z-c4-real-task-0142,signed_post_evalsnapshot,true,1,1783272562872,0,QmU3gpt8BjdpgMNTTBdF3QXFR37K5SeqUjAYEdmDDig4s5,false
797,e6-lifecycle-20260705T172920.829938847Z-c4-real-task-0142,signed_vote1,true,5,1783272562873,0,QmU3gpt8BjdpgMNTTBdF3QXFR37K5SeqUjAYEdmDDig4s5,false
798,e6-lifecycle-20260705T172920.829938847Z-c4-real-task-0142,signed_vote2,true,11,1783272562878,0,QmU3gpt8BjdpgMNTTBdF3QXFR37K5SeqUjAYEdmDDig4s5,false
799,e6-lifecycle-20260705T172920.829938847Z-c4-real-task-0142,signed_settlement,true,2,1783272562889,0,QmU3gpt8BjdpgMNTTBdF3QXFR37K5SeqUjAYEdmDDig4s5,false
800,e6-lifecycle-20260705T172920.829938847Z-c4-real-task-0142,signed_query_latest,true,0,1783272562891,0,QmU3gpt8BjdpgMNTTBdF3QXFR37K5SeqUjAYEdmDDig4s5,false
801,e6-lifecycle-20260705T172920.829938847Z-c4-real-task-0142,ipfs_verify,true,9,1783272562891,0,QmU3gpt8BjdpgMNTTBdF3QXFR37K5SeqUjAYEdmDDig4s5,false
802,e6-lifecycle-20260705T172920.829938847Z-c4-real-task-0143,ipfs_add,true,120,1783272562819,4660,,false
803,e6-lifecycle-20260705T172920.829938847Z-c4-real-task-0143,signed_posttask,true,2,1783272562939,0,QmTVqeXCxoxwjjanTn4HJUbLVnB4bpVmZgGrTummJ1AQqo,false
804,e6-lifecycle-20260705T172920.829938847Z-c4-real-task-0143,signed_postallocation,true,1,1783272562941,0,QmTVqeXCxoxwjjanTn4HJUbLVnB4bpVmZgGrTummJ1AQqo,false
805,e6-lifecycle-20260705T172920.829938847Z-c4-real-task-0143,signed_post_evalsnapshot,true,2,1783272562942,0,QmTVqeXCxoxwjjanTn4HJUbLVnB4bpVmZgGrTummJ1AQqo,false
806,e6-lifecycle-20260705T172920.829938847Z-c4-real-task-0143,signed_vote1,true,2,1783272562944,0,QmTVqeXCxoxwjjanTn4HJUbLVnB4bpVmZgGrTummJ1AQqo,false
807,e6-lifecycle-20260705T172920.829938847Z-c4-real-task-0143,signed_vote2,true,2,1783272562946,0,QmTVqeXCxoxwjjanTn4HJUbLVnB4bpVmZgGrTummJ1AQqo,false
808,e6-lifecycle-20260705T172920.829938847Z-c4-real-task-0143,signed_settlement,true,1,1783272562948,0,QmTVqeXCxoxwjjanTn4HJUbLVnB4bpVmZgGrTummJ1AQqo,false
809,e6-lifecycle-20260705T172920.829938847Z-c4-real-task-0143,signed_query_latest,true,0,1783272562949,0,QmTVqeXCxoxwjjanTn4HJUbLVnB4bpVmZgGrTummJ1AQqo,false
810,e6-lifecycle-20260705T172920.829938847Z-c4-real-task-0143,ipfs_verify,true,8,1783272562949,0,QmTVqeXCxoxwjjanTn4HJUbLVnB4bpVmZgGrTummJ1AQqo,false
811,e6-lifecycle-20260705T172920.829938847Z-c4-real-task-0145,ipfs_add,true,90,1783272562870,5462,,false
812,e6-lifecycle-20260705T172920.829938847Z-c4-real-task-0146,ipfs_add,true,60,1783272562900,5475,,false
813,e6-lifecycle-20260705T172920.829938847Z-c4-real-task-0144,ipfs_add,true,120,1783272562840,4312,,false
814,e6-lifecycle-20260705T172920.829938847Z-c4-real-task-0145,signed_posttask,true,4,1783272562960,0,QmQawzw1KxV8h7JpxSeDVLwBKMdBrxUCm6dAZkW6LZqh7T,false
815,e6-lifecycle-20260705T172920.829938847Z-c4-real-task-0145,signed_postallocation,true,2,1783272562964,0,QmQawzw1KxV8h7JpxSeDVLwBKMdBrxUCm6dAZkW6LZqh7T,false
816,e6-lifecycle-20260705T172920.829938847Z-c4-real-task-0146,signed_posttask,true,8,1783272562960,0,QmTMCQj8BgjN1EopLd1uCHtQPJNQPLrifD8h5c2wtJkq4h,false
817,e6-lifecycle-20260705T172920.829938847Z-c4-real-task-0144,signed_posttask,true,10,1783272562960,0,QmQZAxaxKLLJQ3P2WWPiuXefNDpmhXdj7A3T7qaNxDGnnf,false
818,e6-lifecycle-20260705T172920.829938847Z-c4-real-task-0145,signed_post_evalsnapshot,true,7,1783272562966,0,QmQawzw1KxV8h7JpxSeDVLwBKMdBrxUCm6dAZkW6LZqh7T,false
819,e6-lifecycle-20260705T172920.829938847Z-c4-real-task-0146,signed_postallocation,true,7,1783272562968,0,QmTMCQj8BgjN1EopLd1uCHtQPJNQPLrifD8h5c2wtJkq4h,false
820,e6-lifecycle-20260705T172920.829938847Z-c4-real-task-0144,signed_postallocation,true,6,1783272562970,0,QmQZAxaxKLLJQ3P2WWPiuXefNDpmhXdj7A3T7qaNxDGnnf,false
821,e6-lifecycle-20260705T172920.829938847Z-c4-real-task-0145,signed_vote1,true,5,1783272562973,0,QmQawzw1KxV8h7JpxSeDVLwBKMdBrxUCm6dAZkW6LZqh7T,false
822,e6-lifecycle-20260705T172920.829938847Z-c4-real-task-0146,signed_post_evalsnapshot,true,5,1783272562975,0,QmTMCQj8BgjN1EopLd1uCHtQPJNQPLrifD8h5c2wtJkq4h,false
823,e6-lifecycle-20260705T172920.829938847Z-c4-real-task-0144,signed_post_evalsnapshot,true,5,1783272562976,0,QmQZAxaxKLLJQ3P2WWPiuXefNDpmhXdj7A3T7qaNxDGnnf,false
824,e6-lifecycle-20260705T172920.829938847Z-c4-real-task-0145,signed_vote2,true,5,1783272562978,0,QmQawzw1KxV8h7JpxSeDVLwBKMdBrxUCm6dAZkW6LZqh7T,false
825,e6-lifecycle-20260705T172920.829938847Z-c4-real-task-0146,signed_vote1,true,5,1783272562980,0,QmTMCQj8BgjN1EopLd1uCHtQPJNQPLrifD8h5c2wtJkq4h,false
826,e6-lifecycle-20260705T172920.829938847Z-c4-real-task-0147,ipfs_add,true,30,1783272562957,4284,,false
827,e6-lifecycle-20260705T172920.829938847Z-c4-real-task-0144,signed_vote1,true,6,1783272562981,0,QmQZAxaxKLLJQ3P2WWPiuXefNDpmhXdj7A3T7qaNxDGnnf,false
828,e6-lifecycle-20260705T172920.829938847Z-c4-real-task-0145,signed_settlement,true,6,1783272562983,0,QmQawzw1KxV8h7JpxSeDVLwBKMdBrxUCm6dAZkW6LZqh7T,false
829,e6-lifecycle-20260705T172920.829938847Z-c4-real-task-0146,signed_vote2,true,5,1783272562985,0,QmTMCQj8BgjN1EopLd1uCHtQPJNQPLrifD8h5c2wtJkq4h,false
830,e6-lifecycle-20260705T172920.829938847Z-c4-real-task-0147,signed_posttask,true,5,1783272562987,0,QmaFJBETp4JJdAzBH3NfaGGXCVai8pRVmMEDArMatXyrJg,false
831,e6-lifecycle-20260705T172920.829938847Z-c4-real-task-0144,signed_vote2,true,7,1783272562987,0,QmQZAxaxKLLJQ3P2WWPiuXefNDpmhXdj7A3T7qaNxDGnnf,false
832,e6-lifecycle-20260705T172920.829938847Z-c4-real-task-0145,signed_query_latest,true,5,1783272562989,0,QmQawzw1KxV8h7JpxSeDVLwBKMdBrxUCm6dAZkW6LZqh7T,false
833,e6-lifecycle-20260705T172920.829938847Z-c4-real-task-0146,signed_settlement,true,5,1783272562990,0,QmTMCQj8BgjN1EopLd1uCHtQPJNQPLrifD8h5c2wtJkq4h,false
834,e6-lifecycle-20260705T172920.829938847Z-c4-real-task-0145,ipfs_verify,true,9,1783272562994,0,QmQawzw1KxV8h7JpxSeDVLwBKMdBrxUCm6dAZkW6LZqh7T,false
835,e6-lifecycle-20260705T172920.829938847Z-c4-real-task-0147,signed_postallocation,true,15,1783272562992,0,QmaFJBETp4JJdAzBH3NfaGGXCVai8pRVmMEDArMatXyrJg,false
836,e6-lifecycle-20260705T172920.829938847Z-c4-real-task-0144,signed_settlement,true,15,1783272562994,0,QmQZAxaxKLLJQ3P2WWPiuXefNDpmhXdj7A3T7qaNxDGnnf,false
837,e6-lifecycle-20260705T172920.829938847Z-c4-real-task-0146,signed_query_latest,true,14,1783272562995,0,QmTMCQj8BgjN1EopLd1uCHtQPJNQPLrifD8h5c2wtJkq4h,false
838,e6-lifecycle-20260705T172920.829938847Z-c4-real-task-0147,signed_post_evalsnapshot,true,4,1783272563007,0,QmaFJBETp4JJdAzBH3NfaGGXCVai8pRVmMEDArMatXyrJg,false
839,e6-lifecycle-20260705T172920.829938847Z-c4-real-task-0144,signed_query_latest,true,4,1783272563009,0,QmQZAxaxKLLJQ3P2WWPiuXefNDpmhXdj7A3T7qaNxDGnnf,false
840,e6-lifecycle-20260705T172920.829938847Z-c4-real-task-0147,signed_vote1,true,2,1783272563011,0,QmaFJBETp4JJdAzBH3NfaGGXCVai8pRVmMEDArMatXyrJg,false
841,e6-lifecycle-20260705T172920.829938847Z-c4-real-task-0147,signed_vote2,true,2,1783272563013,0,QmaFJBETp4JJdAzBH3NfaGGXCVai8pRVmMEDArMatXyrJg,false
842,e6-lifecycle-20260705T172920.829938847Z-c4-real-task-0147,signed_settlement,true,1,1783272563015,0,QmaFJBETp4JJdAzBH3NfaGGXCVai8pRVmMEDArMatXyrJg,false
843,e6-lifecycle-20260705T172920.829938847Z-c4-real-task-0147,signed_query_latest,true,0,1783272563016,0,QmaFJBETp4JJdAzBH3NfaGGXCVai8pRVmMEDArMatXyrJg,false
844,e6-lifecycle-20260705T172920.829938847Z-c4-real-task-0146,ipfs_verify,true,12,1783272563009,0,QmTMCQj8BgjN1EopLd1uCHtQPJNQPLrifD8h5c2wtJkq4h,false
845,e6-lifecycle-20260705T172920.829938847Z-c4-real-task-0144,ipfs_verify,true,12,1783272563013,0,QmQZAxaxKLLJQ3P2WWPiuXefNDpmhXdj7A3T7qaNxDGnnf,false
846,e6-lifecycle-20260705T172920.829938847Z-c4-real-task-0147,ipfs_verify,true,9,1783272563016,0,QmaFJBETp4JJdAzBH3NfaGGXCVai8pRVmMEDArMatXyrJg,false
847,e6-lifecycle-20260705T172920.829938847Z-c4-real-task-0148,ipfs_add,true,38,1783272563003,5640,,false
848,e6-lifecycle-20260705T172920.829938847Z-c4-real-task-0148,signed_posttask,true,3,1783272563041,0,QmdfWtEvP6wCkESL2DE4rXkFf4ZAEuqAaWhur95DF4ivC9,false
849,e6-lifecycle-20260705T172920.829938847Z-c4-real-task-0148,signed_postallocation,true,1,1783272563044,0,QmdfWtEvP6wCkESL2DE4rXkFf4ZAEuqAaWhur95DF4ivC9,false
850,e6-lifecycle-20260705T172920.829938847Z-c4-real-task-0148,signed_post_evalsnapshot,true,2,1783272563045,0,QmdfWtEvP6wCkESL2DE4rXkFf4ZAEuqAaWhur95DF4ivC9,false
851,e6-lifecycle-20260705T172920.829938847Z-c4-real-task-0148,signed_vote1,true,2,1783272563047,0,QmdfWtEvP6wCkESL2DE4rXkFf4ZAEuqAaWhur95DF4ivC9,false
852,e6-lifecycle-20260705T172920.829938847Z-c4-real-task-0148,signed_vote2,true,2,1783272563049,0,QmdfWtEvP6wCkESL2DE4rXkFf4ZAEuqAaWhur95DF4ivC9,false
853,e6-lifecycle-20260705T172920.829938847Z-c4-real-task-0148,signed_settlement,true,2,1783272563051,0,QmdfWtEvP6wCkESL2DE4rXkFf4ZAEuqAaWhur95DF4ivC9,false
854,e6-lifecycle-20260705T172920.829938847Z-c4-real-task-0148,signed_query_latest,true,0,1783272563053,0,QmdfWtEvP6wCkESL2DE4rXkFf4ZAEuqAaWhur95DF4ivC9,false
855,e6-lifecycle-20260705T172920.829938847Z-c4-real-task-0148,ipfs_verify,true,6,1783272563053,0,QmdfWtEvP6wCkESL2DE4rXkFf4ZAEuqAaWhur95DF4ivC9,false
856,e6-lifecycle-20260705T172920.829938847Z-c4-real-task-0151,ipfs_add,true,59,1783272563025,8145,,false
857,e6-lifecycle-20260705T172920.829938847Z-c4-real-task-0151,signed_posttask,true,2,1783272563084,0,QmeY5sC4Xv3La4heuKD61xoMY8zD7nwjwXk76bcuFjtHdG,false
858,e6-lifecycle-20260705T172920.829938847Z-c4-real-task-0151,signed_postallocation,true,2,1783272563086,0,QmeY5sC4Xv3La4heuKD61xoMY8zD7nwjwXk76bcuFjtHdG,false
859,e6-lifecycle-20260705T172920.829938847Z-c4-real-task-0151,signed_post_evalsnapshot,true,2,1783272563088,0,QmeY5sC4Xv3La4heuKD61xoMY8zD7nwjwXk76bcuFjtHdG,false
860,e6-lifecycle-20260705T172920.829938847Z-c4-real-task-0151,signed_vote1,true,2,1783272563090,0,QmeY5sC4Xv3La4heuKD61xoMY8zD7nwjwXk76bcuFjtHdG,false
861,e6-lifecycle-20260705T172920.829938847Z-c4-real-task-0151,signed_vote2,true,1,1783272563092,0,QmeY5sC4Xv3La4heuKD61xoMY8zD7nwjwXk76bcuFjtHdG,false
862,e6-lifecycle-20260705T172920.829938847Z-c4-real-task-0151,signed_settlement,true,2,1783272563093,0,QmeY5sC4Xv3La4heuKD61xoMY8zD7nwjwXk76bcuFjtHdG,false
863,e6-lifecycle-20260705T172920.829938847Z-c4-real-task-0151,signed_query_latest,true,0,1783272563095,0,QmeY5sC4Xv3La4heuKD61xoMY8zD7nwjwXk76bcuFjtHdG,false
864,e6-lifecycle-20260705T172920.829938847Z-c4-real-task-0151,ipfs_verify,true,8,1783272563095,0,QmeY5sC4Xv3La4heuKD61xoMY8zD7nwjwXk76bcuFjtHdG,false
865,e6-lifecycle-20260705T172920.829938847Z-c4-real-task-0149,ipfs_add,true,82,1783272563021,2546,,false
866,e6-lifecycle-20260705T172920.829938847Z-c4-real-task-0150,ipfs_add,true,80,1783272563025,1854,,false
867,e6-lifecycle-20260705T172920.829938847Z-c4-real-task-0149,signed_posttask,true,2,1783272563103,0,QmauYMYLrj6Qa4iDEtbq6r8Nut8Mam7NzrHGxXBG78msQ1,false
868,e6-lifecycle-20260705T172920.829938847Z-c4-real-task-0149,signed_postallocation,true,2,1783272563105,0,QmauYMYLrj6Qa4iDEtbq6r8Nut8Mam7NzrHGxXBG78msQ1,false
869,e6-lifecycle-20260705T172920.829938847Z-c4-real-task-0149,signed_post_evalsnapshot,true,2,1783272563107,0,QmauYMYLrj6Qa4iDEtbq6r8Nut8Mam7NzrHGxXBG78msQ1,false
870,e6-lifecycle-20260705T172920.829938847Z-c4-real-task-0150,signed_posttask,true,6,1783272563105,0,Qmai7UoY48iFcYWTQWg3KAhEtCNFhrWvnyLa9J1qYPcDzG,false
871,e6-lifecycle-20260705T172920.829938847Z-c4-real-task-0150,signed_postallocation,true,2,1783272563111,0,Qmai7UoY48iFcYWTQWg3KAhEtCNFhrWvnyLa9J1qYPcDzG,false
872,e6-lifecycle-20260705T172920.829938847Z-c4-real-task-0149,signed_vote1,true,6,1783272563109,0,QmauYMYLrj6Qa4iDEtbq6r8Nut8Mam7NzrHGxXBG78msQ1,false
873,e6-lifecycle-20260705T172920.829938847Z-c4-real-task-0149,signed_vote2,true,2,1783272563115,0,QmauYMYLrj6Qa4iDEtbq6r8Nut8Mam7NzrHGxXBG78msQ1,false
874,e6-lifecycle-20260705T172920.829938847Z-c4-real-task-0150,signed_post_evalsnapshot,true,5,1783272563113,0,Qmai7UoY48iFcYWTQWg3KAhEtCNFhrWvnyLa9J1qYPcDzG,false
875,e6-lifecycle-20260705T172920.829938847Z-c4-real-task-0150,signed_vote1,true,2,1783272563118,0,Qmai7UoY48iFcYWTQWg3KAhEtCNFhrWvnyLa9J1qYPcDzG,false
876,e6-lifecycle-20260705T172920.829938847Z-c4-real-task-0149,signed_settlement,true,5,1783272563117,0,QmauYMYLrj6Qa4iDEtbq6r8Nut8Mam7NzrHGxXBG78msQ1,false
877,e6-lifecycle-20260705T172920.829938847Z-c4-real-task-0149,signed_query_latest,true,0,1783272563122,0,QmauYMYLrj6Qa4iDEtbq6r8Nut8Mam7NzrHGxXBG78msQ1,false
878,e6-lifecycle-20260705T172920.829938847Z-c4-real-task-0150,signed_vote2,true,3,1783272563120,0,Qmai7UoY48iFcYWTQWg3KAhEtCNFhrWvnyLa9J1qYPcDzG,false
879,e6-lifecycle-20260705T172920.829938847Z-c4-real-task-0150,signed_settlement,true,2,1783272563123,0,Qmai7UoY48iFcYWTQWg3KAhEtCNFhrWvnyLa9J1qYPcDzG,false
880,e6-lifecycle-20260705T172920.829938847Z-c4-real-task-0150,signed_query_latest,true,0,1783272563125,0,Qmai7UoY48iFcYWTQWg3KAhEtCNFhrWvnyLa9J1qYPcDzG,false
881,e6-lifecycle-20260705T172920.829938847Z-c4-real-task-0152,ipfs_add,true,67,1783272563059,1875,,false
882,e6-lifecycle-20260705T172920.829938847Z-c4-real-task-0152,signed_posttask,true,3,1783272563126,0,QmPmVehraUyhMbSn9HCTL8q359r1tCfXC2uYfULpBHLvjP,false
883,e6-lifecycle-20260705T172920.829938847Z-c4-real-task-0152,signed_postallocation,true,2,1783272563129,0,QmPmVehraUyhMbSn9HCTL8q359r1tCfXC2uYfULpBHLvjP,false
884,e6-lifecycle-20260705T172920.829938847Z-c4-real-task-0149,ipfs_verify,true,10,1783272563122,0,QmauYMYLrj6Qa4iDEtbq6r8Nut8Mam7NzrHGxXBG78msQ1,false
885,e6-lifecycle-20260705T172920.829938847Z-c4-real-task-0152,signed_post_evalsnapshot,true,1,1783272563131,0,QmPmVehraUyhMbSn9HCTL8q359r1tCfXC2uYfULpBHLvjP,false
886,e6-lifecycle-20260705T172920.829938847Z-c4-real-task-0150,ipfs_verify,true,8,1783272563125,0,Qmai7UoY48iFcYWTQWg3KAhEtCNFhrWvnyLa9J1qYPcDzG,false
887,e6-lifecycle-20260705T172920.829938847Z-c4-real-task-0152,signed_vote1,true,2,1783272563132,0,QmPmVehraUyhMbSn9HCTL8q359r1tCfXC2uYfULpBHLvjP,false
888,e6-lifecycle-20260705T172920.829938847Z-c4-real-task-0152,signed_vote2,true,2,1783272563134,0,QmPmVehraUyhMbSn9HCTL8q359r1tCfXC2uYfULpBHLvjP,false
889,e6-lifecycle-20260705T172920.829938847Z-c4-real-task-0152,signed_settlement,true,2,1783272563136,0,QmPmVehraUyhMbSn9HCTL8q359r1tCfXC2uYfULpBHLvjP,false
890,e6-lifecycle-20260705T172920.829938847Z-c4-real-task-0152,signed_query_latest,true,0,1783272563138,0,QmPmVehraUyhMbSn9HCTL8q359r1tCfXC2uYfULpBHLvjP,false
891,e6-lifecycle-20260705T172920.829938847Z-c4-real-task-0152,ipfs_verify,true,10,1783272563138,0,QmPmVehraUyhMbSn9HCTL8q359r1tCfXC2uYfULpBHLvjP,false
892,e6-lifecycle-20260705T172920.829938847Z-c4-real-task-0153,ipfs_add,true,48,1783272563103,1788,,false
893,e6-lifecycle-20260705T172920.829938847Z-c4-real-task-0153,signed_posttask,true,2,1783272563151,0,QmRZHsRgbCA4gkEdt79xRJkB1H6eYmgZjWvtkeZDXPP6aA,false
894,e6-lifecycle-20260705T172920.829938847Z-c4-real-task-0153,signed_postallocation,true,3,1783272563153,0,QmRZHsRgbCA4gkEdt79xRJkB1H6eYmgZjWvtkeZDXPP6aA,false
895,e6-lifecycle-20260705T172920.829938847Z-c4-real-task-0153,signed_post_evalsnapshot,true,1,1783272563156,0,QmRZHsRgbCA4gkEdt79xRJkB1H6eYmgZjWvtkeZDXPP6aA,false
896,e6-lifecycle-20260705T172920.829938847Z-c4-real-task-0153,signed_vote1,true,2,1783272563157,0,QmRZHsRgbCA4gkEdt79xRJkB1H6eYmgZjWvtkeZDXPP6aA,false
897,e6-lifecycle-20260705T172920.829938847Z-c4-real-task-0153,signed_vote2,true,2,1783272563159,0,QmRZHsRgbCA4gkEdt79xRJkB1H6eYmgZjWvtkeZDXPP6aA,false
898,e6-lifecycle-20260705T172920.829938847Z-c4-real-task-0153,signed_settlement,true,2,1783272563161,0,QmRZHsRgbCA4gkEdt79xRJkB1H6eYmgZjWvtkeZDXPP6aA,false
899,e6-lifecycle-20260705T172920.829938847Z-c4-real-task-0153,signed_query_latest,true,0,1783272563163,0,QmRZHsRgbCA4gkEdt79xRJkB1H6eYmgZjWvtkeZDXPP6aA,false
900,e6-lifecycle-20260705T172920.829938847Z-c4-real-task-0153,ipfs_verify,true,7,1783272563163,0,QmRZHsRgbCA4gkEdt79xRJkB1H6eYmgZjWvtkeZDXPP6aA,false
901,e6-lifecycle-20260705T172920.829938847Z-c4-real-task-0155,ipfs_add,true,37,1783272563133,1762,,false
902,e6-lifecycle-20260705T172920.829938847Z-c4-real-task-0155,signed_posttask,true,2,1783272563170,0,QmZKGWeYUaSbmhea5zAe3URkAmm7YgQGteWNmKZR7217eJ,false
903,e6-lifecycle-20260705T172920.829938847Z-c4-real-task-0155,signed_postallocation,true,2,1783272563172,0,QmZKGWeYUaSbmhea5zAe3URkAmm7YgQGteWNmKZR7217eJ,false
904,e6-lifecycle-20260705T172920.829938847Z-c4-real-task-0155,signed_post_evalsnapshot,true,2,1783272563174,0,QmZKGWeYUaSbmhea5zAe3URkAmm7YgQGteWNmKZR7217eJ,false
905,e6-lifecycle-20260705T172920.829938847Z-c4-real-task-0155,signed_vote1,true,1,1783272563176,0,QmZKGWeYUaSbmhea5zAe3URkAmm7YgQGteWNmKZR7217eJ,false
906,e6-lifecycle-20260705T172920.829938847Z-c4-real-task-0155,signed_vote2,true,2,1783272563177,0,QmZKGWeYUaSbmhea5zAe3URkAmm7YgQGteWNmKZR7217eJ,false
907,e6-lifecycle-20260705T172920.829938847Z-c4-real-task-0155,signed_settlement,true,2,1783272563179,0,QmZKGWeYUaSbmhea5zAe3URkAmm7YgQGteWNmKZR7217eJ,false
908,e6-lifecycle-20260705T172920.829938847Z-c4-real-task-0155,signed_query_latest,true,0,1783272563181,0,QmZKGWeYUaSbmhea5zAe3URkAmm7YgQGteWNmKZR7217eJ,false
909,e6-lifecycle-20260705T172920.829938847Z-c4-real-task-0155,ipfs_verify,true,7,1783272563181,0,QmZKGWeYUaSbmhea5zAe3URkAmm7YgQGteWNmKZR7217eJ,false
910,e6-lifecycle-20260705T172920.829938847Z-c4-real-task-0154,ipfs_add,true,61,1783272563132,1793,,false
911,e6-lifecycle-20260705T172920.829938847Z-c4-real-task-0154,signed_posttask,true,2,1783272563193,0,QmP1smz82VDmVYAjCDQXQL3tQyjhLY9AZx4ihRR3bmQmqR,false
912,e6-lifecycle-20260705T172920.829938847Z-c4-real-task-0154,signed_postallocation,true,2,1783272563195,0,QmP1smz82VDmVYAjCDQXQL3tQyjhLY9AZx4ihRR3bmQmqR,false
913,e6-lifecycle-20260705T172920.829938847Z-c4-real-task-0154,signed_post_evalsnapshot,true,1,1783272563197,0,QmP1smz82VDmVYAjCDQXQL3tQyjhLY9AZx4ihRR3bmQmqR,false
914,e6-lifecycle-20260705T172920.829938847Z-c4-real-task-0154,signed_vote1,true,2,1783272563198,0,QmP1smz82VDmVYAjCDQXQL3tQyjhLY9AZx4ihRR3bmQmqR,false
915,e6-lifecycle-20260705T172920.829938847Z-c4-real-task-0154,signed_vote2,true,1,1783272563200,0,QmP1smz82VDmVYAjCDQXQL3tQyjhLY9AZx4ihRR3bmQmqR,false
916,e6-lifecycle-20260705T172920.829938847Z-c4-real-task-0154,signed_settlement,true,2,1783272563201,0,QmP1smz82VDmVYAjCDQXQL3tQyjhLY9AZx4ihRR3bmQmqR,false
917,e6-lifecycle-20260705T172920.829938847Z-c4-real-task-0154,signed_query_latest,true,0,1783272563203,0,QmP1smz82VDmVYAjCDQXQL3tQyjhLY9AZx4ihRR3bmQmqR,false
918,e6-lifecycle-20260705T172920.829938847Z-c4-real-task-0154,ipfs_verify,true,8,1783272563203,0,QmP1smz82VDmVYAjCDQXQL3tQyjhLY9AZx4ihRR3bmQmqR,false
919,e6-lifecycle-20260705T172920.829938847Z-c4-real-task-0156,ipfs_add,true,65,1783272563148,5744,,false
920,e6-lifecycle-20260705T172920.829938847Z-c4-real-task-0156,signed_posttask,true,2,1783272563213,0,QmSqr1qUgBC93JV58qSDUGhGxFsKaVMkP8Lc2oQULWUSmz,false
921,e6-lifecycle-20260705T172920.829938847Z-c4-real-task-0156,signed_postallocation,true,2,1783272563215,0,QmSqr1qUgBC93JV58qSDUGhGxFsKaVMkP8Lc2oQULWUSmz,false
922,e6-lifecycle-20260705T172920.829938847Z-c4-real-task-0156,signed_post_evalsnapshot,true,1,1783272563217,0,QmSqr1qUgBC93JV58qSDUGhGxFsKaVMkP8Lc2oQULWUSmz,false
923,e6-lifecycle-20260705T172920.829938847Z-c4-real-task-0156,signed_vote1,true,2,1783272563218,0,QmSqr1qUgBC93JV58qSDUGhGxFsKaVMkP8Lc2oQULWUSmz,false
924,e6-lifecycle-20260705T172920.829938847Z-c4-real-task-0156,signed_vote2,true,2,1783272563220,0,QmSqr1qUgBC93JV58qSDUGhGxFsKaVMkP8Lc2oQULWUSmz,false
925,e6-lifecycle-20260705T172920.829938847Z-c4-real-task-0156,signed_settlement,true,4,1783272563222,0,QmSqr1qUgBC93JV58qSDUGhGxFsKaVMkP8Lc2oQULWUSmz,false
926,e6-lifecycle-20260705T172920.829938847Z-c4-real-task-0156,signed_query_latest,true,0,1783272563226,0,QmSqr1qUgBC93JV58qSDUGhGxFsKaVMkP8Lc2oQULWUSmz,false
927,e6-lifecycle-20260705T172920.829938847Z-c4-real-task-0156,ipfs_verify,true,9,1783272563226,0,QmSqr1qUgBC93JV58qSDUGhGxFsKaVMkP8Lc2oQULWUSmz,false
928,e6-lifecycle-20260705T172920.829938847Z-c4-real-task-0157,ipfs_add,true,67,1783272563170,5957,,false
929,e6-lifecycle-20260705T172920.829938847Z-c4-real-task-0157,signed_posttask,true,2,1783272563237,0,QmWamsqRbU1q3fiJX5vX2XCvBRJV8eoK1PEp3ctrbdxoam,false
930,e6-lifecycle-20260705T172920.829938847Z-c4-real-task-0157,signed_postallocation,true,2,1783272563239,0,QmWamsqRbU1q3fiJX5vX2XCvBRJV8eoK1PEp3ctrbdxoam,false
931,e6-lifecycle-20260705T172920.829938847Z-c4-real-task-0157,signed_post_evalsnapshot,true,2,1783272563241,0,QmWamsqRbU1q3fiJX5vX2XCvBRJV8eoK1PEp3ctrbdxoam,false
932,e6-lifecycle-20260705T172920.829938847Z-c4-real-task-0157,signed_vote1,true,3,1783272563243,0,QmWamsqRbU1q3fiJX5vX2XCvBRJV8eoK1PEp3ctrbdxoam,false
933,e6-lifecycle-20260705T172920.829938847Z-c4-real-task-0157,signed_vote2,true,3,1783272563246,0,QmWamsqRbU1q3fiJX5vX2XCvBRJV8eoK1PEp3ctrbdxoam,false
934,e6-lifecycle-20260705T172920.829938847Z-c4-real-task-0157,signed_settlement,true,1,1783272563249,0,QmWamsqRbU1q3fiJX5vX2XCvBRJV8eoK1PEp3ctrbdxoam,false
935,e6-lifecycle-20260705T172920.829938847Z-c4-real-task-0157,signed_query_latest,true,0,1783272563250,0,QmWamsqRbU1q3fiJX5vX2XCvBRJV8eoK1PEp3ctrbdxoam,false
936,e6-lifecycle-20260705T172920.829938847Z-c4-real-task-0157,ipfs_verify,true,8,1783272563250,0,QmWamsqRbU1q3fiJX5vX2XCvBRJV8eoK1PEp3ctrbdxoam,false
937,e6-lifecycle-20260705T172920.829938847Z-c4-real-task-0158,ipfs_add,true,71,1783272563188,2353,,false
938,e6-lifecycle-20260705T172920.829938847Z-c4-real-task-0158,signed_posttask,true,2,1783272563259,0,QmW45d5KDagXQxapoDsAgos4eR8RW7sWehPq9Qivyv3imb,false
939,e6-lifecycle-20260705T172920.829938847Z-c4-real-task-0158,signed_postallocation,true,2,1783272563261,0,QmW45d5KDagXQxapoDsAgos4eR8RW7sWehPq9Qivyv3imb,false
940,e6-lifecycle-20260705T172920.829938847Z-c4-real-task-0158,signed_post_evalsnapshot,true,2,1783272563263,0,QmW45d5KDagXQxapoDsAgos4eR8RW7sWehPq9Qivyv3imb,false
941,e6-lifecycle-20260705T172920.829938847Z-c4-real-task-0158,signed_vote1,true,1,1783272563265,0,QmW45d5KDagXQxapoDsAgos4eR8RW7sWehPq9Qivyv3imb,false
942,e6-lifecycle-20260705T172920.829938847Z-c4-real-task-0158,signed_vote2,true,2,1783272563266,0,QmW45d5KDagXQxapoDsAgos4eR8RW7sWehPq9Qivyv3imb,false
943,e6-lifecycle-20260705T172920.829938847Z-c4-real-task-0158,signed_settlement,true,2,1783272563268,0,QmW45d5KDagXQxapoDsAgos4eR8RW7sWehPq9Qivyv3imb,false
944,e6-lifecycle-20260705T172920.829938847Z-c4-real-task-0158,signed_query_latest,true,0,1783272563270,0,QmW45d5KDagXQxapoDsAgos4eR8RW7sWehPq9Qivyv3imb,false
945,e6-lifecycle-20260705T172920.829938847Z-c4-real-task-0158,ipfs_verify,true,7,1783272563270,0,QmW45d5KDagXQxapoDsAgos4eR8RW7sWehPq9Qivyv3imb,false
946,e6-lifecycle-20260705T172920.829938847Z-c4-real-task-0159,ipfs_add,true,67,1783272563211,1618,,false
947,e6-lifecycle-20260705T172920.829938847Z-c4-real-task-0159,signed_posttask,true,2,1783272563278,0,QmdxYpLKMtBw1hrsF8LgCLrKH1BbADtRRsjGCzLCCrthCc,false
948,e6-lifecycle-20260705T172920.829938847Z-c4-real-task-0159,signed_postallocation,true,2,1783272563280,0,QmdxYpLKMtBw1hrsF8LgCLrKH1BbADtRRsjGCzLCCrthCc,false
949,e6-lifecycle-20260705T172920.829938847Z-c4-real-task-0159,signed_post_evalsnapshot,true,2,1783272563282,0,QmdxYpLKMtBw1hrsF8LgCLrKH1BbADtRRsjGCzLCCrthCc,false
950,e6-lifecycle-20260705T172920.829938847Z-c4-real-task-0159,signed_vote1,true,2,1783272563284,0,QmdxYpLKMtBw1hrsF8LgCLrKH1BbADtRRsjGCzLCCrthCc,false
951,e6-lifecycle-20260705T172920.829938847Z-c4-real-task-0159,signed_vote2,true,2,1783272563286,0,QmdxYpLKMtBw1hrsF8LgCLrKH1BbADtRRsjGCzLCCrthCc,false
952,e6-lifecycle-20260705T172920.829938847Z-c4-real-task-0159,signed_settlement,true,2,1783272563288,0,QmdxYpLKMtBw1hrsF8LgCLrKH1BbADtRRsjGCzLCCrthCc,false
953,e6-lifecycle-20260705T172920.829938847Z-c4-real-task-0159,signed_query_latest,true,0,1783272563290,0,QmdxYpLKMtBw1hrsF8LgCLrKH1BbADtRRsjGCzLCCrthCc,false
954,e6-lifecycle-20260705T172920.829938847Z-c4-real-task-0159,ipfs_verify,true,7,1783272563290,0,QmdxYpLKMtBw1hrsF8LgCLrKH1BbADtRRsjGCzLCCrthCc,false
955,e6-lifecycle-20260705T172920.829938847Z-c4-real-task-0160,ipfs_add,true,73,1783272563235,3112,,false
956,e6-lifecycle-20260705T172920.829938847Z-c4-real-task-0160,signed_posttask,true,2,1783272563308,0,QmZcHogHrAZaeaBhWnqwZoH5LhmdVbJ6pEy6KSUXD7Sqeh,false
957,e6-lifecycle-20260705T172920.829938847Z-c4-real-task-0160,signed_postallocation,true,2,1783272563310,0,QmZcHogHrAZaeaBhWnqwZoH5LhmdVbJ6pEy6KSUXD7Sqeh,false
958,e6-lifecycle-20260705T172920.829938847Z-c4-real-task-0160,signed_post_evalsnapshot,true,1,1783272563312,0,QmZcHogHrAZaeaBhWnqwZoH5LhmdVbJ6pEy6KSUXD7Sqeh,false
959,e6-lifecycle-20260705T172920.829938847Z-c4-real-task-0160,signed_vote1,true,2,1783272563313,0,QmZcHogHrAZaeaBhWnqwZoH5LhmdVbJ6pEy6KSUXD7Sqeh,false
960,e6-lifecycle-20260705T172920.829938847Z-c4-real-task-0160,signed_vote2,true,2,1783272563315,0,QmZcHogHrAZaeaBhWnqwZoH5LhmdVbJ6pEy6KSUXD7Sqeh,false
961,e6-lifecycle-20260705T172920.829938847Z-c4-real-task-0160,signed_settlement,true,2,1783272563317,0,QmZcHogHrAZaeaBhWnqwZoH5LhmdVbJ6pEy6KSUXD7Sqeh,false
962,e6-lifecycle-20260705T172920.829938847Z-c4-real-task-0160,signed_query_latest,true,0,1783272563319,0,QmZcHogHrAZaeaBhWnqwZoH5LhmdVbJ6pEy6KSUXD7Sqeh,false
963,e6-lifecycle-20260705T172920.829938847Z-c4-real-task-0160,ipfs_verify,true,9,1783272563319,0,QmZcHogHrAZaeaBhWnqwZoH5LhmdVbJ6pEy6KSUXD7Sqeh,false
964,e6-lifecycle-20260705T172920.829938847Z-c4-real-task-0163,ipfs_add,true,68,1783272563297,5564,,false
965,e6-lifecycle-20260705T172920.829938847Z-c4-real-task-0163,signed_posttask,true,2,1783272563365,0,QmWVNuFxXBBoYjDDqPM5JjHqatxTLGdC8aLk7ick1Kz4Yb,false
966,e6-lifecycle-20260705T172920.829938847Z-c4-real-task-0163,signed_postallocation,true,2,1783272563367,0,QmWVNuFxXBBoYjDDqPM5JjHqatxTLGdC8aLk7ick1Kz4Yb,false
967,e6-lifecycle-20260705T172920.829938847Z-c4-real-task-0163,signed_post_evalsnapshot,true,2,1783272563369,0,QmWVNuFxXBBoYjDDqPM5JjHqatxTLGdC8aLk7ick1Kz4Yb,false
968,e6-lifecycle-20260705T172920.829938847Z-c4-real-task-0163,signed_vote1,true,1,1783272563371,0,QmWVNuFxXBBoYjDDqPM5JjHqatxTLGdC8aLk7ick1Kz4Yb,false
969,e6-lifecycle-20260705T172920.829938847Z-c4-real-task-0163,signed_vote2,true,2,1783272563372,0,QmWVNuFxXBBoYjDDqPM5JjHqatxTLGdC8aLk7ick1Kz4Yb,false
970,e6-lifecycle-20260705T172920.829938847Z-c4-real-task-0163,signed_settlement,true,2,1783272563374,0,QmWVNuFxXBBoYjDDqPM5JjHqatxTLGdC8aLk7ick1Kz4Yb,false
971,e6-lifecycle-20260705T172920.829938847Z-c4-real-task-0163,signed_query_latest,true,0,1783272563376,0,QmWVNuFxXBBoYjDDqPM5JjHqatxTLGdC8aLk7ick1Kz4Yb,false
972,e6-lifecycle-20260705T172920.829938847Z-c4-real-task-0163,ipfs_verify,true,8,1783272563376,0,QmWVNuFxXBBoYjDDqPM5JjHqatxTLGdC8aLk7ick1Kz4Yb,false
973,e6-lifecycle-20260705T172920.829938847Z-c4-real-task-0162,ipfs_add,true,108,1783272563277,2034,,false
974,e6-lifecycle-20260705T172920.829938847Z-c4-real-task-0208,ipfs_add,true,127,1783272563258,2245,,false
975,e6-lifecycle-20260705T172920.829938847Z-c4-real-task-0164,ipfs_add,true,57,1783272563328,1901,,false
976,e6-lifecycle-20260705T172920.829938847Z-c4-real-task-0162,signed_posttask,true,1,1783272563385,0,QmWEY5PvyU4H8vYcY2riKxKMc1nBFYKtSn243fBKXvUxUT,false
977,e6-lifecycle-20260705T172920.829938847Z-c4-real-task-0162,signed_postallocation,true,3,1783272563386,0,QmWEY5PvyU4H8vYcY2riKxKMc1nBFYKtSn243fBKXvUxUT,false
978,e6-lifecycle-20260705T172920.829938847Z-c4-real-task-0208,signed_posttask,true,6,1783272563385,0,QmWbqs7TsZvkdFAxBV91sbxF9ziEZRMeF4rkcsPMKgPbAc,false
979,e6-lifecycle-20260705T172920.829938847Z-c4-real-task-0164,signed_posttask,true,8,1783272563385,0,QmenUvYwtVYLLgnnt9kzR3UcGRzkbap5J3M93Rp33ndQBW,false
980,e6-lifecycle-20260705T172920.829938847Z-c4-real-task-0162,signed_post_evalsnapshot,true,6,1783272563389,0,QmWEY5PvyU4H8vYcY2riKxKMc1nBFYKtSn243fBKXvUxUT,false
981,e6-lifecycle-20260705T172920.829938847Z-c4-real-task-0208,signed_postallocation,true,6,1783272563391,0,QmWbqs7TsZvkdFAxBV91sbxF9ziEZRMeF4rkcsPMKgPbAc,false
982,e6-lifecycle-20260705T172920.829938847Z-c4-real-task-0164,signed_postallocation,true,6,1783272563393,0,QmenUvYwtVYLLgnnt9kzR3UcGRzkbap5J3M93Rp33ndQBW,false
983,e6-lifecycle-20260705T172920.829938847Z-c4-real-task-0162,signed_vote1,true,6,1783272563395,0,QmWEY5PvyU4H8vYcY2riKxKMc1nBFYKtSn243fBKXvUxUT,false
984,e6-lifecycle-20260705T172920.829938847Z-c4-real-task-0208,signed_post_evalsnapshot,true,6,1783272563397,0,QmWbqs7TsZvkdFAxBV91sbxF9ziEZRMeF4rkcsPMKgPbAc,false
985,e6-lifecycle-20260705T172920.829938847Z-c4-real-task-0164,signed_post_evalsnapshot,true,6,1783272563399,0,QmenUvYwtVYLLgnnt9kzR3UcGRzkbap5J3M93Rp33ndQBW,false
986,e6-lifecycle-20260705T172920.829938847Z-c4-real-task-0162,signed_vote2,true,6,1783272563401,0,QmWEY5PvyU4H8vYcY2riKxKMc1nBFYKtSn243fBKXvUxUT,false
987,e6-lifecycle-20260705T172920.829938847Z-c4-real-task-0208,signed_vote1,true,5,1783272563403,0,QmWbqs7TsZvkdFAxBV91sbxF9ziEZRMeF4rkcsPMKgPbAc,false
988,e6-lifecycle-20260705T172920.829938847Z-c4-real-task-0164,signed_vote1,true,5,1783272563405,0,QmenUvYwtVYLLgnnt9kzR3UcGRzkbap5J3M93Rp33ndQBW,false
989,e6-lifecycle-20260705T172920.829938847Z-c4-real-task-0162,signed_settlement,true,4,1783272563407,0,QmWEY5PvyU4H8vYcY2riKxKMc1nBFYKtSn243fBKXvUxUT,false
990,e6-lifecycle-20260705T172920.829938847Z-c4-real-task-0208,signed_vote2,true,5,1783272563408,0,QmWbqs7TsZvkdFAxBV91sbxF9ziEZRMeF4rkcsPMKgPbAc,false
991,e6-lifecycle-20260705T172920.829938847Z-c4-real-task-0165,ipfs_add,true,29,1783272563384,5181,,false
992,e6-lifecycle-20260705T172920.829938847Z-c4-real-task-0164,signed_vote2,true,4,1783272563410,0,QmenUvYwtVYLLgnnt9kzR3UcGRzkbap5J3M93Rp33ndQBW,false
993,e6-lifecycle-20260705T172920.829938847Z-c4-real-task-0162,signed_query_latest,true,3,1783272563411,0,QmWEY5PvyU4H8vYcY2riKxKMc1nBFYKtSn243fBKXvUxUT,false
994,e6-lifecycle-20260705T172920.829938847Z-c4-real-task-0208,signed_settlement,true,3,1783272563413,0,QmWbqs7TsZvkdFAxBV91sbxF9ziEZRMeF4rkcsPMKgPbAc,false
995,e6-lifecycle-20260705T172920.829938847Z-c4-real-task-0165,signed_posttask,true,5,1783272563413,0,QmfCP6JMHwAJzdeV44wRErrYPKwmwJ5zKaxLaC7PSEh7Xv,false
996,e6-lifecycle-20260705T172920.829938847Z-c4-real-task-0208,signed_query_latest,true,4,1783272563416,0,QmWbqs7TsZvkdFAxBV91sbxF9ziEZRMeF4rkcsPMKgPbAc,false
997,e6-lifecycle-20260705T172920.829938847Z-c4-real-task-0164,signed_settlement,true,6,1783272563414,0,QmenUvYwtVYLLgnnt9kzR3UcGRzkbap5J3M93Rp33ndQBW,false
998,e6-lifecycle-20260705T172920.829938847Z-c4-real-task-0165,signed_postallocation,true,4,1783272563418,0,QmfCP6JMHwAJzdeV44wRErrYPKwmwJ5zKaxLaC7PSEh7Xv,false
999,e6-lifecycle-20260705T172920.829938847Z-c4-real-task-0162,ipfs_verify,true,9,1783272563414,0,QmWEY5PvyU4H8vYcY2riKxKMc1nBFYKtSn243fBKXvUxUT,false
1000,e6-lifecycle-20260705T172920.829938847Z-c4-real-task-0164,signed_query_latest,true,3,1783272563420,0,QmenUvYwtVYLLgnnt9kzR3UcGRzkbap5J3M93Rp33ndQBW,false
1001,e6-lifecycle-20260705T172920.829938847Z-c4-real-task-0165,signed_post_evalsnapshot,true,1,1783272563422,0,QmfCP6JMHwAJzdeV44wRErrYPKwmwJ5zKaxLaC7PSEh7Xv,false
1002,e6-lifecycle-20260705T172920.829938847Z-c4-real-task-0165,signed_vote1,true,3,1783272563423,0,QmfCP6JMHwAJzdeV44wRErrYPKwmwJ5zKaxLaC7PSEh7Xv,false
1003,e6-lifecycle-20260705T172920.829938847Z-c4-real-task-0165,signed_vote2,true,1,1783272563426,0,QmfCP6JMHwAJzdeV44wRErrYPKwmwJ5zKaxLaC7PSEh7Xv,false
1004,e6-lifecycle-20260705T172920.829938847Z-c4-real-task-0208,ipfs_verify,true,8,1783272563420,0,QmWbqs7TsZvkdFAxBV91sbxF9ziEZRMeF4rkcsPMKgPbAc,false
1005,e6-lifecycle-20260705T172920.829938847Z-c4-real-task-0165,signed_settlement,true,3,1783272563427,0,QmfCP6JMHwAJzdeV44wRErrYPKwmwJ5zKaxLaC7PSEh7Xv,false
1006,e6-lifecycle-20260705T172920.829938847Z-c4-real-task-0165,signed_query_latest,true,0,1783272563430,0,QmfCP6JMHwAJzdeV44wRErrYPKwmwJ5zKaxLaC7PSEh7Xv,false
1007,e6-lifecycle-20260705T172920.829938847Z-c4-real-task-0164,ipfs_verify,true,7,1783272563423,0,QmenUvYwtVYLLgnnt9kzR3UcGRzkbap5J3M93Rp33ndQBW,false
1008,e6-lifecycle-20260705T172920.829938847Z-c4-real-task-0165,ipfs_verify,true,9,1783272563430,0,QmfCP6JMHwAJzdeV44wRErrYPKwmwJ5zKaxLaC7PSEh7Xv,false
1009,e6-lifecycle-20260705T172920.829938847Z-c4-real-task-0166,ipfs_add,true,31,1783272563423,3237,,false
1010,e6-lifecycle-20260705T172920.829938847Z-c4-real-task-0166,signed_posttask,true,3,1783272563454,0,QmTApS5qYgw5B1RZ5zisGBzCjQxmJKLLc5piMQryNc95Lw,false
1011,e6-lifecycle-20260705T172920.829938847Z-c4-real-task-0166,signed_postallocation,true,2,1783272563457,0,QmTApS5qYgw5B1RZ5zisGBzCjQxmJKLLc5piMQryNc95Lw,false
1012,e6-lifecycle-20260705T172920.829938847Z-c4-real-task-0166,signed_post_evalsnapshot,true,2,1783272563459,0,QmTApS5qYgw5B1RZ5zisGBzCjQxmJKLLc5piMQryNc95Lw,false
1013,e6-lifecycle-20260705T172920.829938847Z-c4-real-task-0166,signed_vote1,true,2,1783272563461,0,QmTApS5qYgw5B1RZ5zisGBzCjQxmJKLLc5piMQryNc95Lw,false
1014,e6-lifecycle-20260705T172920.829938847Z-c4-real-task-0166,signed_vote2,true,3,1783272563463,0,QmTApS5qYgw5B1RZ5zisGBzCjQxmJKLLc5piMQryNc95Lw,false
1015,e6-lifecycle-20260705T172920.829938847Z-c4-real-task-0166,signed_settlement,true,3,1783272563466,0,QmTApS5qYgw5B1RZ5zisGBzCjQxmJKLLc5piMQryNc95Lw,false
1016,e6-lifecycle-20260705T172920.829938847Z-c4-real-task-0166,signed_query_latest,true,0,1783272563469,0,QmTApS5qYgw5B1RZ5zisGBzCjQxmJKLLc5piMQryNc95Lw,false
1017,e6-lifecycle-20260705T172920.829938847Z-c4-real-task-0167,ipfs_add,true,50,1783272563428,2244,,false
1018,e6-lifecycle-20260705T172920.829938847Z-c4-real-task-0167,signed_posttask,true,2,1783272563478,0,Qmb6sxdzbJZRHwThCpZp383LPMsQpPY5tVXmGq6tj6WAkE,false
1019,e6-lifecycle-20260705T172920.829938847Z-c4-real-task-0166,ipfs_verify,true,12,1783272563469,0,QmTApS5qYgw5B1RZ5zisGBzCjQxmJKLLc5piMQryNc95Lw,false
1020,e6-lifecycle-20260705T172920.829938847Z-c4-real-task-0167,signed_postallocation,true,8,1783272563480,0,Qmb6sxdzbJZRHwThCpZp383LPMsQpPY5tVXmGq6tj6WAkE,false
1021,e6-lifecycle-20260705T172920.829938847Z-c4-real-task-0167,signed_post_evalsnapshot,true,2,1783272563488,0,Qmb6sxdzbJZRHwThCpZp383LPMsQpPY5tVXmGq6tj6WAkE,false
1022,e6-lifecycle-20260705T172920.829938847Z-c4-real-task-0167,signed_vote1,true,2,1783272563490,0,Qmb6sxdzbJZRHwThCpZp383LPMsQpPY5tVXmGq6tj6WAkE,false
1023,e6-lifecycle-20260705T172920.829938847Z-c4-real-task-0167,signed_vote2,true,2,1783272563492,0,Qmb6sxdzbJZRHwThCpZp383LPMsQpPY5tVXmGq6tj6WAkE,false
1024,e6-lifecycle-20260705T172920.829938847Z-c4-real-task-0167,signed_settlement,true,2,1783272563494,0,Qmb6sxdzbJZRHwThCpZp383LPMsQpPY5tVXmGq6tj6WAkE,false
1025,e6-lifecycle-20260705T172920.829938847Z-c4-real-task-0167,signed_query_latest,true,0,1783272563496,0,Qmb6sxdzbJZRHwThCpZp383LPMsQpPY5tVXmGq6tj6WAkE,false
1026,e6-lifecycle-20260705T172920.829938847Z-c4-real-task-0167,ipfs_verify,true,9,1783272563496,0,Qmb6sxdzbJZRHwThCpZp383LPMsQpPY5tVXmGq6tj6WAkE,false
1027,e6-lifecycle-20260705T172920.829938847Z-c4-real-task-0168,ipfs_add,true,75,1783272563430,3309,,false
1028,e6-lifecycle-20260705T172920.829938847Z-c4-real-task-0168,signed_posttask,true,1,1783272563505,0,QmW3R2ZUk1JeXnvoaVApYX6D73xdA2HnR93n8FvAGo1XWp,false
1029,e6-lifecycle-20260705T172920.829938847Z-c4-real-task-0168,signed_postallocation,true,2,1783272563506,0,QmW3R2ZUk1JeXnvoaVApYX6D73xdA2HnR93n8FvAGo1XWp,false
1030,e6-lifecycle-20260705T172920.829938847Z-c4-real-task-0168,signed_post_evalsnapshot,true,2,1783272563508,0,QmW3R2ZUk1JeXnvoaVApYX6D73xdA2HnR93n8FvAGo1XWp,false
1031,e6-lifecycle-20260705T172920.829938847Z-c4-real-task-0168,signed_vote1,true,2,1783272563510,0,QmW3R2ZUk1JeXnvoaVApYX6D73xdA2HnR93n8FvAGo1XWp,false
1032,e6-lifecycle-20260705T172920.829938847Z-c4-real-task-0168,signed_vote2,true,2,1783272563512,0,QmW3R2ZUk1JeXnvoaVApYX6D73xdA2HnR93n8FvAGo1XWp,false
1033,e6-lifecycle-20260705T172920.829938847Z-c4-real-task-0168,signed_settlement,true,2,1783272563514,0,QmW3R2ZUk1JeXnvoaVApYX6D73xdA2HnR93n8FvAGo1XWp,false
1034,e6-lifecycle-20260705T172920.829938847Z-c4-real-task-0168,signed_query_latest,true,0,1783272563516,0,QmW3R2ZUk1JeXnvoaVApYX6D73xdA2HnR93n8FvAGo1XWp,false
1035,e6-lifecycle-20260705T172920.829938847Z-c4-real-task-0168,ipfs_verify,true,9,1783272563516,0,QmW3R2ZUk1JeXnvoaVApYX6D73xdA2HnR93n8FvAGo1XWp,false
1036,e6-lifecycle-20260705T172920.829938847Z-c4-real-task-0169,ipfs_add,true,88,1783272563439,7969,,false
1037,e6-lifecycle-20260705T172920.829938847Z-c4-real-task-0169,signed_posttask,true,3,1783272563527,0,QmZLqC3g86PSYcSxK1cxvHGJ8Aik2UoKw8caWw7XhNXkPF,false
1038,e6-lifecycle-20260705T172920.829938847Z-c4-real-task-0169,signed_postallocation,true,2,1783272563530,0,QmZLqC3g86PSYcSxK1cxvHGJ8Aik2UoKw8caWw7XhNXkPF,false
1039,e6-lifecycle-20260705T172920.829938847Z-c4-real-task-0169,signed_post_evalsnapshot,true,2,1783272563532,0,QmZLqC3g86PSYcSxK1cxvHGJ8Aik2UoKw8caWw7XhNXkPF,false
1040,e6-lifecycle-20260705T172920.829938847Z-c4-real-task-0169,signed_vote1,true,2,1783272563534,0,QmZLqC3g86PSYcSxK1cxvHGJ8Aik2UoKw8caWw7XhNXkPF,false
1041,e6-lifecycle-20260705T172920.829938847Z-c4-real-task-0169,signed_vote2,true,3,1783272563536,0,QmZLqC3g86PSYcSxK1cxvHGJ8Aik2UoKw8caWw7XhNXkPF,false
1042,e6-lifecycle-20260705T172920.829938847Z-c4-real-task-0169,signed_settlement,true,3,1783272563539,0,QmZLqC3g86PSYcSxK1cxvHGJ8Aik2UoKw8caWw7XhNXkPF,false
1043,e6-lifecycle-20260705T172920.829938847Z-c4-real-task-0169,signed_query_latest,true,0,1783272563542,0,QmZLqC3g86PSYcSxK1cxvHGJ8Aik2UoKw8caWw7XhNXkPF,false
1044,e6-lifecycle-20260705T172920.829938847Z-c4-real-task-0169,ipfs_verify,true,10,1783272563542,0,QmZLqC3g86PSYcSxK1cxvHGJ8Aik2UoKw8caWw7XhNXkPF,false
1045,e6-lifecycle-20260705T172920.829938847Z-c4-real-task-0170,ipfs_add,true,80,1783272563481,4645,,false
1046,e6-lifecycle-20260705T172920.829938847Z-c4-real-task-0170,signed_posttask,true,4,1783272563561,0,QmSos72kuKbiboaW2t61phLxW7ptKFQdMCisw6tNBtbcDE,false
1047,e6-lifecycle-20260705T172920.829938847Z-c4-real-task-0170,signed_postallocation,true,5,1783272563565,0,QmSos72kuKbiboaW2t61phLxW7ptKFQdMCisw6tNBtbcDE,false
1048,e6-lifecycle-20260705T172920.829938847Z-c4-real-task-0170,signed_post_evalsnapshot,true,3,1783272563570,0,QmSos72kuKbiboaW2t61phLxW7ptKFQdMCisw6tNBtbcDE,false
1049,e6-lifecycle-20260705T172920.829938847Z-c4-real-task-0170,signed_vote1,true,2,1783272563573,0,QmSos72kuKbiboaW2t61phLxW7ptKFQdMCisw6tNBtbcDE,false
1050,e6-lifecycle-20260705T172920.829938847Z-c4-real-task-0170,signed_vote2,true,2,1783272563575,0,QmSos72kuKbiboaW2t61phLxW7ptKFQdMCisw6tNBtbcDE,false
1051,e6-lifecycle-20260705T172920.829938847Z-c4-real-task-0170,signed_settlement,true,2,1783272563577,0,QmSos72kuKbiboaW2t61phLxW7ptKFQdMCisw6tNBtbcDE,false
1052,e6-lifecycle-20260705T172920.829938847Z-c4-real-task-0170,signed_query_latest,true,0,1783272563579,0,QmSos72kuKbiboaW2t61phLxW7ptKFQdMCisw6tNBtbcDE,false
1053,e6-lifecycle-20260705T172920.829938847Z-c4-real-task-0170,ipfs_verify,true,11,1783272563579,0,QmSos72kuKbiboaW2t61phLxW7ptKFQdMCisw6tNBtbcDE,false
1054,e6-lifecycle-20260705T172920.829938847Z-c4-real-task-0171,ipfs_add,true,85,1783272563505,4195,,false
1055,e6-lifecycle-20260705T172920.829938847Z-c4-real-task-0171,signed_posttask,true,2,1783272563590,0,QmZjdLVQXtktv5yJUsy2JQrY7etRcY2dQbqD5P8k7FzLSd,false
1056,e6-lifecycle-20260705T172920.829938847Z-c4-real-task-0171,signed_postallocation,true,2,1783272563592,0,QmZjdLVQXtktv5yJUsy2JQrY7etRcY2dQbqD5P8k7FzLSd,false
1057,e6-lifecycle-20260705T172920.829938847Z-c4-real-task-0171,signed_post_evalsnapshot,true,2,1783272563594,0,QmZjdLVQXtktv5yJUsy2JQrY7etRcY2dQbqD5P8k7FzLSd,false
1058,e6-lifecycle-20260705T172920.829938847Z-c4-real-task-0171,signed_vote1,true,3,1783272563596,0,QmZjdLVQXtktv5yJUsy2JQrY7etRcY2dQbqD5P8k7FzLSd,false
1059,e6-lifecycle-20260705T172920.829938847Z-c4-real-task-0171,signed_vote2,true,2,1783272563599,0,QmZjdLVQXtktv5yJUsy2JQrY7etRcY2dQbqD5P8k7FzLSd,false
1060,e6-lifecycle-20260705T172920.829938847Z-c4-real-task-0171,signed_settlement,true,2,1783272563601,0,QmZjdLVQXtktv5yJUsy2JQrY7etRcY2dQbqD5P8k7FzLSd,false
1061,e6-lifecycle-20260705T172920.829938847Z-c4-real-task-0171,signed_query_latest,true,0,1783272563603,0,QmZjdLVQXtktv5yJUsy2JQrY7etRcY2dQbqD5P8k7FzLSd,false
1062,e6-lifecycle-20260705T172920.829938847Z-c4-real-task-0171,ipfs_verify,true,11,1783272563603,0,QmZjdLVQXtktv5yJUsy2JQrY7etRcY2dQbqD5P8k7FzLSd,false
1063,e6-lifecycle-20260705T172920.829938847Z-c4-real-task-0173,ipfs_add,true,84,1783272563552,4300,,false
1064,e6-lifecycle-20260705T172920.829938847Z-c4-real-task-0173,signed_posttask,true,3,1783272563636,0,QmbfTxCmxcHLajsThp62tm2pwqsRpuG1kR3xMMAoDmU5AM,false
1065,e6-lifecycle-20260705T172920.829938847Z-c4-real-task-0173,signed_postallocation,true,2,1783272563639,0,QmbfTxCmxcHLajsThp62tm2pwqsRpuG1kR3xMMAoDmU5AM,false
1066,e6-lifecycle-20260705T172920.829938847Z-c4-real-task-0173,signed_post_evalsnapshot,true,1,1783272563641,0,QmbfTxCmxcHLajsThp62tm2pwqsRpuG1kR3xMMAoDmU5AM,false
1067,e6-lifecycle-20260705T172920.829938847Z-c4-real-task-0173,signed_vote1,true,3,1783272563642,0,QmbfTxCmxcHLajsThp62tm2pwqsRpuG1kR3xMMAoDmU5AM,false
1068,e6-lifecycle-20260705T172920.829938847Z-c4-real-task-0173,signed_vote2,true,2,1783272563645,0,QmbfTxCmxcHLajsThp62tm2pwqsRpuG1kR3xMMAoDmU5AM,false
1069,e6-lifecycle-20260705T172920.829938847Z-c4-real-task-0173,signed_settlement,true,2,1783272563647,0,QmbfTxCmxcHLajsThp62tm2pwqsRpuG1kR3xMMAoDmU5AM,false
1070,e6-lifecycle-20260705T172920.829938847Z-c4-real-task-0173,signed_query_latest,true,0,1783272563649,0,QmbfTxCmxcHLajsThp62tm2pwqsRpuG1kR3xMMAoDmU5AM,false
1071,e6-lifecycle-20260705T172920.829938847Z-c4-real-task-0173,ipfs_verify,true,8,1783272563649,0,QmbfTxCmxcHLajsThp62tm2pwqsRpuG1kR3xMMAoDmU5AM,false
1072,e6-lifecycle-20260705T172920.829938847Z-c4-real-task-0172,ipfs_add,true,132,1783272563525,1446,,false
1073,e6-lifecycle-20260705T172920.829938847Z-c4-real-task-0174,ipfs_add,true,67,1783272563590,5608,,false
1074,e6-lifecycle-20260705T172920.829938847Z-c4-real-task-0172,signed_posttask,true,3,1783272563657,0,QmWCXhJMHo5d7nRYTgmt9DNVZcy4VxB9ac3rTxcCb2NF2D,false
1075,e6-lifecycle-20260705T172920.829938847Z-c4-real-task-0172,signed_postallocation,true,2,1783272563660,0,QmWCXhJMHo5d7nRYTgmt9DNVZcy4VxB9ac3rTxcCb2NF2D,false
1076,e6-lifecycle-20260705T172920.829938847Z-c4-real-task-0174,signed_posttask,true,6,1783272563657,0,QmPxEGbddJ32igioNjm2AWhhmWQnoqqpTMJsfYKy6YhAFx,false
1077,e6-lifecycle-20260705T172920.829938847Z-c4-real-task-0174,signed_postallocation,true,4,1783272563663,0,QmPxEGbddJ32igioNjm2AWhhmWQnoqqpTMJsfYKy6YhAFx,false
1078,e6-lifecycle-20260705T172920.829938847Z-c4-real-task-0172,signed_post_evalsnapshot,true,8,1783272563662,0,QmWCXhJMHo5d7nRYTgmt9DNVZcy4VxB9ac3rTxcCb2NF2D,false
1079,e6-lifecycle-20260705T172920.829938847Z-c4-real-task-0172,signed_vote1,true,1,1783272563670,0,QmWCXhJMHo5d7nRYTgmt9DNVZcy4VxB9ac3rTxcCb2NF2D,false
1080,e6-lifecycle-20260705T172920.829938847Z-c4-real-task-0174,signed_post_evalsnapshot,true,6,1783272563667,0,QmPxEGbddJ32igioNjm2AWhhmWQnoqqpTMJsfYKy6YhAFx,false
1081,e6-lifecycle-20260705T172920.829938847Z-c4-real-task-0174,signed_vote1,true,2,1783272563673,0,QmPxEGbddJ32igioNjm2AWhhmWQnoqqpTMJsfYKy6YhAFx,false
1082,e6-lifecycle-20260705T172920.829938847Z-c4-real-task-0172,signed_vote2,true,6,1783272563671,0,QmWCXhJMHo5d7nRYTgmt9DNVZcy4VxB9ac3rTxcCb2NF2D,false
1083,e6-lifecycle-20260705T172920.829938847Z-c4-real-task-0175,ipfs_add,true,63,1783272563614,3257,,false
1084,e6-lifecycle-20260705T172920.829938847Z-c4-real-task-0172,signed_settlement,true,1,1783272563677,0,QmWCXhJMHo5d7nRYTgmt9DNVZcy4VxB9ac3rTxcCb2NF2D,false
1085,e6-lifecycle-20260705T172920.829938847Z-c4-real-task-0174,signed_vote2,true,5,1783272563675,0,QmPxEGbddJ32igioNjm2AWhhmWQnoqqpTMJsfYKy6YhAFx,false
1086,e6-lifecycle-20260705T172920.829938847Z-c4-real-task-0175,signed_posttask,true,5,1783272563677,0,Qme56HU6MmPTV4JMa2UFRRBLDMk4TTUSKEeBW74bEDj7dJ,false
1087,e6-lifecycle-20260705T172920.829938847Z-c4-real-task-0172,signed_query_latest,true,4,1783272563678,0,QmWCXhJMHo5d7nRYTgmt9DNVZcy4VxB9ac3rTxcCb2NF2D,false
1088,e6-lifecycle-20260705T172920.829938847Z-c4-real-task-0174,signed_settlement,true,3,1783272563680,0,QmPxEGbddJ32igioNjm2AWhhmWQnoqqpTMJsfYKy6YhAFx,false
1089,e6-lifecycle-20260705T172920.829938847Z-c4-real-task-0174,signed_query_latest,true,0,1783272563683,0,QmPxEGbddJ32igioNjm2AWhhmWQnoqqpTMJsfYKy6YhAFx,false
1090,e6-lifecycle-20260705T172920.829938847Z-c4-real-task-0175,signed_postallocation,true,3,1783272563682,0,Qme56HU6MmPTV4JMa2UFRRBLDMk4TTUSKEeBW74bEDj7dJ,false
1091,e6-lifecycle-20260705T172920.829938847Z-c4-real-task-0175,signed_post_evalsnapshot,true,2,1783272563685,0,Qme56HU6MmPTV4JMa2UFRRBLDMk4TTUSKEeBW74bEDj7dJ,false
1092,e6-lifecycle-20260705T172920.829938847Z-c4-real-task-0174,ipfs_verify,true,8,1783272563683,0,QmPxEGbddJ32igioNjm2AWhhmWQnoqqpTMJsfYKy6YhAFx,false
1093,e6-lifecycle-20260705T172920.829938847Z-c4-real-task-0175,signed_vote1,true,4,1783272563687,0,Qme56HU6MmPTV4JMa2UFRRBLDMk4TTUSKEeBW74bEDj7dJ,false
1094,e6-lifecycle-20260705T172920.829938847Z-c4-real-task-0172,ipfs_verify,true,9,1783272563682,0,QmWCXhJMHo5d7nRYTgmt9DNVZcy4VxB9ac3rTxcCb2NF2D,false
1095,e6-lifecycle-20260705T172920.829938847Z-c4-real-task-0175,signed_vote2,true,1,1783272563691,0,Qme56HU6MmPTV4JMa2UFRRBLDMk4TTUSKEeBW74bEDj7dJ,false
1096,e6-lifecycle-20260705T172920.829938847Z-c4-real-task-0175,signed_settlement,true,2,1783272563692,0,Qme56HU6MmPTV4JMa2UFRRBLDMk4TTUSKEeBW74bEDj7dJ,false
1097,e6-lifecycle-20260705T172920.829938847Z-c4-real-task-0175,signed_query_latest,true,0,1783272563694,0,Qme56HU6MmPTV4JMa2UFRRBLDMk4TTUSKEeBW74bEDj7dJ,false
1098,e6-lifecycle-20260705T172920.829938847Z-c4-real-task-0176,ipfs_add,true,46,1783272563657,4034,,false
1099,e6-lifecycle-20260705T172920.829938847Z-c4-real-task-0175,ipfs_verify,true,11,1783272563694,0,Qme56HU6MmPTV4JMa2UFRRBLDMk4TTUSKEeBW74bEDj7dJ,false
1100,e6-lifecycle-20260705T172920.829938847Z-c4-real-task-0176,signed_posttask,true,2,1783272563703,0,QmWYpLa462QawExYZYEgndjMGHkBMC8A8zrbHbrtqQ4Wqh,false
1101,e6-lifecycle-20260705T172920.829938847Z-c4-real-task-0176,signed_postallocation,true,6,1783272563705,0,QmWYpLa462QawExYZYEgndjMGHkBMC8A8zrbHbrtqQ4Wqh,false
1102,e6-lifecycle-20260705T172920.829938847Z-c4-real-task-0176,signed_post_evalsnapshot,true,3,1783272563711,0,QmWYpLa462QawExYZYEgndjMGHkBMC8A8zrbHbrtqQ4Wqh,false
1103,e6-lifecycle-20260705T172920.829938847Z-c4-real-task-0176,signed_vote1,true,2,1783272563714,0,QmWYpLa462QawExYZYEgndjMGHkBMC8A8zrbHbrtqQ4Wqh,false
1104,e6-lifecycle-20260705T172920.829938847Z-c4-real-task-0176,signed_vote2,true,2,1783272563716,0,QmWYpLa462QawExYZYEgndjMGHkBMC8A8zrbHbrtqQ4Wqh,false
1105,e6-lifecycle-20260705T172920.829938847Z-c4-real-task-0176,signed_settlement,true,1,1783272563718,0,QmWYpLa462QawExYZYEgndjMGHkBMC8A8zrbHbrtqQ4Wqh,false
1106,e6-lifecycle-20260705T172920.829938847Z-c4-real-task-0176,signed_query_latest,true,0,1783272563719,0,QmWYpLa462QawExYZYEgndjMGHkBMC8A8zrbHbrtqQ4Wqh,false
1107,e6-lifecycle-20260705T172920.829938847Z-c4-real-task-0177,ipfs_add,true,37,1783272563691,5306,,false
1108,e6-lifecycle-20260705T172920.829938847Z-c4-real-task-0176,ipfs_verify,true,9,1783272563719,0,QmWYpLa462QawExYZYEgndjMGHkBMC8A8zrbHbrtqQ4Wqh,false
1109,e6-lifecycle-20260705T172920.829938847Z-c4-real-task-0177,signed_posttask,true,1,1783272563728,0,Qme3x2wCQzF4crmA39HiD75kt4VPr32vpRsBDzTvRxgq25,false
1110,e6-lifecycle-20260705T172920.829938847Z-c4-real-task-0177,signed_postallocation,true,2,1783272563729,0,Qme3x2wCQzF4crmA39HiD75kt4VPr32vpRsBDzTvRxgq25,false
1111,e6-lifecycle-20260705T172920.829938847Z-c4-real-task-0177,signed_post_evalsnapshot,true,1,1783272563731,0,Qme3x2wCQzF4crmA39HiD75kt4VPr32vpRsBDzTvRxgq25,false
1112,e6-lifecycle-20260705T172920.829938847Z-c4-real-task-0177,signed_vote1,true,2,1783272563733,0,Qme3x2wCQzF4crmA39HiD75kt4VPr32vpRsBDzTvRxgq25,false
1113,e6-lifecycle-20260705T172920.829938847Z-c4-real-task-0177,signed_vote2,true,1,1783272563735,0,Qme3x2wCQzF4crmA39HiD75kt4VPr32vpRsBDzTvRxgq25,false
1114,e6-lifecycle-20260705T172920.829938847Z-c4-real-task-0177,signed_settlement,true,2,1783272563736,0,Qme3x2wCQzF4crmA39HiD75kt4VPr32vpRsBDzTvRxgq25,false
1115,e6-lifecycle-20260705T172920.829938847Z-c4-real-task-0177,signed_query_latest,true,0,1783272563738,0,Qme3x2wCQzF4crmA39HiD75kt4VPr32vpRsBDzTvRxgq25,false
1116,e6-lifecycle-20260705T172920.829938847Z-c4-real-task-0177,ipfs_verify,true,8,1783272563738,0,Qme3x2wCQzF4crmA39HiD75kt4VPr32vpRsBDzTvRxgq25,false
1117,e6-lifecycle-20260705T172920.829938847Z-c4-real-task-0178,ipfs_add,true,57,1783272563691,4045,,false
1118,e6-lifecycle-20260705T172920.829938847Z-c4-real-task-0178,signed_posttask,true,1,1783272563748,0,QmcMmCeXPTgB5hUZ5zyMPbzTYpXhmULJPRgFkQk49JE2yo,false
1119,e6-lifecycle-20260705T172920.829938847Z-c4-real-task-0178,signed_postallocation,true,2,1783272563749,0,QmcMmCeXPTgB5hUZ5zyMPbzTYpXhmULJPRgFkQk49JE2yo,false
1120,e6-lifecycle-20260705T172920.829938847Z-c4-real-task-0178,signed_post_evalsnapshot,true,2,1783272563751,0,QmcMmCeXPTgB5hUZ5zyMPbzTYpXhmULJPRgFkQk49JE2yo,false
1121,e6-lifecycle-20260705T172920.829938847Z-c4-real-task-0178,signed_vote1,true,2,1783272563753,0,QmcMmCeXPTgB5hUZ5zyMPbzTYpXhmULJPRgFkQk49JE2yo,false
1122,e6-lifecycle-20260705T172920.829938847Z-c4-real-task-0178,signed_vote2,true,2,1783272563755,0,QmcMmCeXPTgB5hUZ5zyMPbzTYpXhmULJPRgFkQk49JE2yo,false
1123,e6-lifecycle-20260705T172920.829938847Z-c4-real-task-0178,signed_settlement,true,1,1783272563757,0,QmcMmCeXPTgB5hUZ5zyMPbzTYpXhmULJPRgFkQk49JE2yo,false
1124,e6-lifecycle-20260705T172920.829938847Z-c4-real-task-0178,signed_query_latest,true,0,1783272563758,0,QmcMmCeXPTgB5hUZ5zyMPbzTYpXhmULJPRgFkQk49JE2yo,false
1125,e6-lifecycle-20260705T172920.829938847Z-c4-real-task-0178,ipfs_verify,true,8,1783272563758,0,QmcMmCeXPTgB5hUZ5zyMPbzTYpXhmULJPRgFkQk49JE2yo,false
1126,e6-lifecycle-20260705T172920.829938847Z-c4-real-task-0179,ipfs_add,true,73,1783272563705,4715,,false
1127,e6-lifecycle-20260705T172920.829938847Z-c4-real-task-0179,signed_posttask,true,2,1783272563778,0,QmQrqM4ZAvnyMT9d45SyZYnGsRCBnWyWFkrZS7cSaxgJa7,false
1128,e6-lifecycle-20260705T172920.829938847Z-c4-real-task-0179,signed_postallocation,true,2,1783272563780,0,QmQrqM4ZAvnyMT9d45SyZYnGsRCBnWyWFkrZS7cSaxgJa7,false
1129,e6-lifecycle-20260705T172920.829938847Z-c4-real-task-0179,signed_post_evalsnapshot,true,1,1783272563782,0,QmQrqM4ZAvnyMT9d45SyZYnGsRCBnWyWFkrZS7cSaxgJa7,false
1130,e6-lifecycle-20260705T172920.829938847Z-c4-real-task-0179,signed_vote1,true,2,1783272563783,0,QmQrqM4ZAvnyMT9d45SyZYnGsRCBnWyWFkrZS7cSaxgJa7,false
1131,e6-lifecycle-20260705T172920.829938847Z-c4-real-task-0179,signed_vote2,true,1,1783272563785,0,QmQrqM4ZAvnyMT9d45SyZYnGsRCBnWyWFkrZS7cSaxgJa7,false
1132,e6-lifecycle-20260705T172920.829938847Z-c4-real-task-0179,signed_settlement,true,2,1783272563786,0,QmQrqM4ZAvnyMT9d45SyZYnGsRCBnWyWFkrZS7cSaxgJa7,false
1133,e6-lifecycle-20260705T172920.829938847Z-c4-real-task-0179,signed_query_latest,true,0,1783272563788,0,QmQrqM4ZAvnyMT9d45SyZYnGsRCBnWyWFkrZS7cSaxgJa7,false
1134,e6-lifecycle-20260705T172920.829938847Z-c4-real-task-0179,ipfs_verify,true,7,1783272563788,0,QmQrqM4ZAvnyMT9d45SyZYnGsRCBnWyWFkrZS7cSaxgJa7,false
1135,e6-lifecycle-20260705T172920.829938847Z-c4-real-task-0180,ipfs_add,true,68,1783272563728,2760,,false
1136,e6-lifecycle-20260705T172920.829938847Z-c4-real-task-0180,signed_posttask,true,1,1783272563796,0,QmR6Px5R1u5xpqRRLw23vf5EBSJuihmVCpGdNJzv4EWUGT,false
1137,e6-lifecycle-20260705T172920.829938847Z-c4-real-task-0180,signed_postallocation,true,2,1783272563797,0,QmR6Px5R1u5xpqRRLw23vf5EBSJuihmVCpGdNJzv4EWUGT,false
1138,e6-lifecycle-20260705T172920.829938847Z-c4-real-task-0180,signed_post_evalsnapshot,true,2,1783272563799,0,QmR6Px5R1u5xpqRRLw23vf5EBSJuihmVCpGdNJzv4EWUGT,false
1139,e6-lifecycle-20260705T172920.829938847Z-c4-real-task-0180,signed_vote1,true,1,1783272563801,0,QmR6Px5R1u5xpqRRLw23vf5EBSJuihmVCpGdNJzv4EWUGT,false
1140,e6-lifecycle-20260705T172920.829938847Z-c4-real-task-0180,signed_vote2,true,3,1783272563802,0,QmR6Px5R1u5xpqRRLw23vf5EBSJuihmVCpGdNJzv4EWUGT,false
1141,e6-lifecycle-20260705T172920.829938847Z-c4-real-task-0180,signed_settlement,true,1,1783272563805,0,QmR6Px5R1u5xpqRRLw23vf5EBSJuihmVCpGdNJzv4EWUGT,false
1142,e6-lifecycle-20260705T172920.829938847Z-c4-real-task-0180,signed_query_latest,true,0,1783272563806,0,QmR6Px5R1u5xpqRRLw23vf5EBSJuihmVCpGdNJzv4EWUGT,false
1143,e6-lifecycle-20260705T172920.829938847Z-c4-real-task-0180,ipfs_verify,true,10,1783272563806,0,QmR6Px5R1u5xpqRRLw23vf5EBSJuihmVCpGdNJzv4EWUGT,false
1144,e6-lifecycle-20260705T172920.829938847Z-c4-real-task-0181,ipfs_add,true,70,1783272563746,7983,,false
1145,e6-lifecycle-20260705T172920.829938847Z-c4-real-task-0181,signed_posttask,true,2,1783272563816,0,QmXfW8NQE7G8zKM2qSnSb7fyMnVy3r3ZfRZA2fMzkkS18d,false
1146,e6-lifecycle-20260705T172920.829938847Z-c4-real-task-0181,signed_postallocation,true,1,1783272563818,0,QmXfW8NQE7G8zKM2qSnSb7fyMnVy3r3ZfRZA2fMzkkS18d,false
1147,e6-lifecycle-20260705T172920.829938847Z-c4-real-task-0181,signed_post_evalsnapshot,true,2,1783272563819,0,QmXfW8NQE7G8zKM2qSnSb7fyMnVy3r3ZfRZA2fMzkkS18d,false
1148,e6-lifecycle-20260705T172920.829938847Z-c4-real-task-0181,signed_vote1,true,2,1783272563821,0,QmXfW8NQE7G8zKM2qSnSb7fyMnVy3r3ZfRZA2fMzkkS18d,false
1149,e6-lifecycle-20260705T172920.829938847Z-c4-real-task-0181,signed_vote2,true,2,1783272563823,0,QmXfW8NQE7G8zKM2qSnSb7fyMnVy3r3ZfRZA2fMzkkS18d,false
1150,e6-lifecycle-20260705T172920.829938847Z-c4-real-task-0181,signed_settlement,true,2,1783272563825,0,QmXfW8NQE7G8zKM2qSnSb7fyMnVy3r3ZfRZA2fMzkkS18d,false
1151,e6-lifecycle-20260705T172920.829938847Z-c4-real-task-0181,signed_query_latest,true,0,1783272563827,0,QmXfW8NQE7G8zKM2qSnSb7fyMnVy3r3ZfRZA2fMzkkS18d,false
1152,e6-lifecycle-20260705T172920.829938847Z-c4-real-task-0181,ipfs_verify,true,10,1783272563827,0,QmXfW8NQE7G8zKM2qSnSb7fyMnVy3r3ZfRZA2fMzkkS18d,false
1153,e6-lifecycle-20260705T172920.829938847Z-c4-real-task-0182,ipfs_add,true,84,1783272563766,7430,,false
1154,e6-lifecycle-20260705T172920.829938847Z-c4-real-task-0182,signed_posttask,true,2,1783272563850,0,QmPh87qX4uXxDva18VFEqYFHobSnGGDvKi4JqHTLbhxoLw,false
1155,e6-lifecycle-20260705T172920.829938847Z-c4-real-task-0182,signed_postallocation,true,2,1783272563852,0,QmPh87qX4uXxDva18VFEqYFHobSnGGDvKi4JqHTLbhxoLw,false
1156,e6-lifecycle-20260705T172920.829938847Z-c4-real-task-0182,signed_post_evalsnapshot,true,2,1783272563854,0,QmPh87qX4uXxDva18VFEqYFHobSnGGDvKi4JqHTLbhxoLw,false
1157,e6-lifecycle-20260705T172920.829938847Z-c4-real-task-0182,signed_vote1,true,2,1783272563856,0,QmPh87qX4uXxDva18VFEqYFHobSnGGDvKi4JqHTLbhxoLw,false
1158,e6-lifecycle-20260705T172920.829938847Z-c4-real-task-0182,signed_vote2,true,1,1783272563858,0,QmPh87qX4uXxDva18VFEqYFHobSnGGDvKi4JqHTLbhxoLw,false
1159,e6-lifecycle-20260705T172920.829938847Z-c4-real-task-0182,signed_settlement,true,2,1783272563859,0,QmPh87qX4uXxDva18VFEqYFHobSnGGDvKi4JqHTLbhxoLw,false
1160,e6-lifecycle-20260705T172920.829938847Z-c4-real-task-0182,signed_query_latest,true,0,1783272563861,0,QmPh87qX4uXxDva18VFEqYFHobSnGGDvKi4JqHTLbhxoLw,false
1161,e6-lifecycle-20260705T172920.829938847Z-c4-real-task-0182,ipfs_verify,true,8,1783272563861,0,QmPh87qX4uXxDva18VFEqYFHobSnGGDvKi4JqHTLbhxoLw,false
1162,e6-lifecycle-20260705T172920.829938847Z-c4-real-task-0183,ipfs_add,true,74,1783272563795,4217,,false
1163,e6-lifecycle-20260705T172920.829938847Z-c4-real-task-0183,signed_posttask,true,2,1783272563869,0,QmbPwt9E6tLQ5debxusYUVQUr65wy3vAm8TvxdJjEf6yoF,false
1164,e6-lifecycle-20260705T172920.829938847Z-c4-real-task-0183,signed_postallocation,true,1,1783272563871,0,QmbPwt9E6tLQ5debxusYUVQUr65wy3vAm8TvxdJjEf6yoF,false
1165,e6-lifecycle-20260705T172920.829938847Z-c4-real-task-0183,signed_post_evalsnapshot,true,2,1783272563872,0,QmbPwt9E6tLQ5debxusYUVQUr65wy3vAm8TvxdJjEf6yoF,false
1166,e6-lifecycle-20260705T172920.829938847Z-c4-real-task-0183,signed_vote1,true,2,1783272563874,0,QmbPwt9E6tLQ5debxusYUVQUr65wy3vAm8TvxdJjEf6yoF,false
1167,e6-lifecycle-20260705T172920.829938847Z-c4-real-task-0183,signed_vote2,true,2,1783272563876,0,QmbPwt9E6tLQ5debxusYUVQUr65wy3vAm8TvxdJjEf6yoF,false
1168,e6-lifecycle-20260705T172920.829938847Z-c4-real-task-0183,signed_settlement,true,2,1783272563878,0,QmbPwt9E6tLQ5debxusYUVQUr65wy3vAm8TvxdJjEf6yoF,false
1169,e6-lifecycle-20260705T172920.829938847Z-c4-real-task-0183,signed_query_latest,true,0,1783272563880,0,QmbPwt9E6tLQ5debxusYUVQUr65wy3vAm8TvxdJjEf6yoF,false
1170,e6-lifecycle-20260705T172920.829938847Z-c4-real-task-0183,ipfs_verify,true,8,1783272563880,0,QmbPwt9E6tLQ5debxusYUVQUr65wy3vAm8TvxdJjEf6yoF,false
1171,e6-lifecycle-20260705T172920.829938847Z-c4-real-task-0184,ipfs_add,true,75,1783272563816,4322,,false
1172,e6-lifecycle-20260705T172920.829938847Z-c4-real-task-0184,signed_posttask,true,3,1783272563891,0,QmPSZKSDhc3oMmRRsdGa893tPo9QETi3JkqUddqajNAxLy,false
1173,e6-lifecycle-20260705T172920.829938847Z-c4-real-task-0184,signed_postallocation,true,1,1783272563894,0,QmPSZKSDhc3oMmRRsdGa893tPo9QETi3JkqUddqajNAxLy,false
1174,e6-lifecycle-20260705T172920.829938847Z-c4-real-task-0184,signed_post_evalsnapshot,true,2,1783272563895,0,QmPSZKSDhc3oMmRRsdGa893tPo9QETi3JkqUddqajNAxLy,false
1175,e6-lifecycle-20260705T172920.829938847Z-c4-real-task-0184,signed_vote1,true,2,1783272563897,0,QmPSZKSDhc3oMmRRsdGa893tPo9QETi3JkqUddqajNAxLy,false
1176,e6-lifecycle-20260705T172920.829938847Z-c4-real-task-0184,signed_vote2,true,2,1783272563899,0,QmPSZKSDhc3oMmRRsdGa893tPo9QETi3JkqUddqajNAxLy,false
1177,e6-lifecycle-20260705T172920.829938847Z-c4-real-task-0184,signed_settlement,true,1,1783272563901,0,QmPSZKSDhc3oMmRRsdGa893tPo9QETi3JkqUddqajNAxLy,false
1178,e6-lifecycle-20260705T172920.829938847Z-c4-real-task-0184,signed_query_latest,true,0,1783272563902,0,QmPSZKSDhc3oMmRRsdGa893tPo9QETi3JkqUddqajNAxLy,false
1179,e6-lifecycle-20260705T172920.829938847Z-c4-real-task-0184,ipfs_verify,true,9,1783272563902,0,QmPSZKSDhc3oMmRRsdGa893tPo9QETi3JkqUddqajNAxLy,false
1180,e6-lifecycle-20260705T172920.829938847Z-c4-real-task-0185,ipfs_add,true,74,1783272563837,4040,,false
1181,e6-lifecycle-20260705T172920.829938847Z-c4-real-task-0185,signed_posttask,true,2,1783272563911,0,QmT4bZjUycokNSYzs2a92RaLgz1rz7cYRBH2nyFGYtkV7Q,false
1182,e6-lifecycle-20260705T172920.829938847Z-c4-real-task-0185,signed_postallocation,true,2,1783272563913,0,QmT4bZjUycokNSYzs2a92RaLgz1rz7cYRBH2nyFGYtkV7Q,false
1183,e6-lifecycle-20260705T172920.829938847Z-c4-real-task-0185,signed_post_evalsnapshot,true,2,1783272563915,0,QmT4bZjUycokNSYzs2a92RaLgz1rz7cYRBH2nyFGYtkV7Q,false
1184,e6-lifecycle-20260705T172920.829938847Z-c4-real-task-0185,signed_vote1,true,1,1783272563917,0,QmT4bZjUycokNSYzs2a92RaLgz1rz7cYRBH2nyFGYtkV7Q,false
1185,e6-lifecycle-20260705T172920.829938847Z-c4-real-task-0185,signed_vote2,true,2,1783272563918,0,QmT4bZjUycokNSYzs2a92RaLgz1rz7cYRBH2nyFGYtkV7Q,false
1186,e6-lifecycle-20260705T172920.829938847Z-c4-real-task-0185,signed_settlement,true,1,1783272563920,0,QmT4bZjUycokNSYzs2a92RaLgz1rz7cYRBH2nyFGYtkV7Q,false
1187,e6-lifecycle-20260705T172920.829938847Z-c4-real-task-0185,signed_query_latest,true,0,1783272563921,0,QmT4bZjUycokNSYzs2a92RaLgz1rz7cYRBH2nyFGYtkV7Q,false
1188,e6-lifecycle-20260705T172920.829938847Z-c4-real-task-0185,ipfs_verify,true,11,1783272563921,0,QmT4bZjUycokNSYzs2a92RaLgz1rz7cYRBH2nyFGYtkV7Q,false
1189,e6-lifecycle-20260705T172920.829938847Z-c4-real-task-0186,ipfs_add,true,63,1783272563869,3760,,false
1190,e6-lifecycle-20260705T172920.829938847Z-c4-real-task-0186,signed_posttask,true,2,1783272563932,0,QmZA8PgSFKJwCnC8xR9o1nzuniwJhwtRPJevn7qR23cM26,false
1191,e6-lifecycle-20260705T172920.829938847Z-c4-real-task-0186,signed_postallocation,true,1,1783272563934,0,QmZA8PgSFKJwCnC8xR9o1nzuniwJhwtRPJevn7qR23cM26,false
1192,e6-lifecycle-20260705T172920.829938847Z-c4-real-task-0186,signed_post_evalsnapshot,true,2,1783272563935,0,QmZA8PgSFKJwCnC8xR9o1nzuniwJhwtRPJevn7qR23cM26,false
1193,e6-lifecycle-20260705T172920.829938847Z-c4-real-task-0186,signed_vote1,true,2,1783272563937,0,QmZA8PgSFKJwCnC8xR9o1nzuniwJhwtRPJevn7qR23cM26,false
1194,e6-lifecycle-20260705T172920.829938847Z-c4-real-task-0186,signed_vote2,true,2,1783272563939,0,QmZA8PgSFKJwCnC8xR9o1nzuniwJhwtRPJevn7qR23cM26,false
1195,e6-lifecycle-20260705T172920.829938847Z-c4-real-task-0186,signed_settlement,true,1,1783272563941,0,QmZA8PgSFKJwCnC8xR9o1nzuniwJhwtRPJevn7qR23cM26,false
1196,e6-lifecycle-20260705T172920.829938847Z-c4-real-task-0186,signed_query_latest,true,0,1783272563942,0,QmZA8PgSFKJwCnC8xR9o1nzuniwJhwtRPJevn7qR23cM26,false
1197,e6-lifecycle-20260705T172920.829938847Z-c4-real-task-0186,ipfs_verify,true,7,1783272563942,0,QmZA8PgSFKJwCnC8xR9o1nzuniwJhwtRPJevn7qR23cM26,false
1198,e6-lifecycle-20260705T172920.829938847Z-c4-real-task-0187,ipfs_add,true,68,1783272563888,3817,,false
1199,e6-lifecycle-20260705T172920.829938847Z-c4-real-task-0187,signed_posttask,true,2,1783272563956,0,Qmf8fbnaf3R2y5rxjCXbb3pgaPsQKQp68yoMb3dsh3Aeyh,false
1200,e6-lifecycle-20260705T172920.829938847Z-c4-real-task-0187,signed_postallocation,true,2,1783272563958,0,Qmf8fbnaf3R2y5rxjCXbb3pgaPsQKQp68yoMb3dsh3Aeyh,false
1201,e6-lifecycle-20260705T172920.829938847Z-c4-real-task-0187,signed_post_evalsnapshot,true,1,1783272563960,0,Qmf8fbnaf3R2y5rxjCXbb3pgaPsQKQp68yoMb3dsh3Aeyh,false
1202,e6-lifecycle-20260705T172920.829938847Z-c4-real-task-0187,signed_vote1,true,2,1783272563961,0,Qmf8fbnaf3R2y5rxjCXbb3pgaPsQKQp68yoMb3dsh3Aeyh,false
1203,e6-lifecycle-20260705T172920.829938847Z-c4-real-task-0187,signed_vote2,true,2,1783272563963,0,Qmf8fbnaf3R2y5rxjCXbb3pgaPsQKQp68yoMb3dsh3Aeyh,false
1204,e6-lifecycle-20260705T172920.829938847Z-c4-real-task-0187,signed_settlement,true,1,1783272563965,0,Qmf8fbnaf3R2y5rxjCXbb3pgaPsQKQp68yoMb3dsh3Aeyh,false
1205,e6-lifecycle-20260705T172920.829938847Z-c4-real-task-0187,signed_query_latest,true,0,1783272563966,0,Qmf8fbnaf3R2y5rxjCXbb3pgaPsQKQp68yoMb3dsh3Aeyh,false
1206,e6-lifecycle-20260705T172920.829938847Z-c4-real-task-0187,ipfs_verify,true,10,1783272563966,0,Qmf8fbnaf3R2y5rxjCXbb3pgaPsQKQp68yoMb3dsh3Aeyh,false
1207,e6-lifecycle-20260705T172920.829938847Z-c4-real-task-0188,ipfs_add,true,67,1783272563911,3588,,false
1208,e6-lifecycle-20260705T172920.829938847Z-c4-real-task-0188,signed_posttask,true,3,1783272563978,0,QmcA2snS31e3yhCPjoMSmuW8w6FVceBCsiYRZuzgLXJZRG,false
1209,e6-lifecycle-20260705T172920.829938847Z-c4-real-task-0188,signed_postallocation,true,2,1783272563981,0,QmcA2snS31e3yhCPjoMSmuW8w6FVceBCsiYRZuzgLXJZRG,false
1210,e6-lifecycle-20260705T172920.829938847Z-c4-real-task-0188,signed_post_evalsnapshot,true,3,1783272563983,0,QmcA2snS31e3yhCPjoMSmuW8w6FVceBCsiYRZuzgLXJZRG,false
1211,e6-lifecycle-20260705T172920.829938847Z-c4-real-task-0188,signed_vote1,true,2,1783272563986,0,QmcA2snS31e3yhCPjoMSmuW8w6FVceBCsiYRZuzgLXJZRG,false
1212,e6-lifecycle-20260705T172920.829938847Z-c4-real-task-0188,signed_vote2,true,2,1783272563988,0,QmcA2snS31e3yhCPjoMSmuW8w6FVceBCsiYRZuzgLXJZRG,false
1213,e6-lifecycle-20260705T172920.829938847Z-c4-real-task-0188,signed_settlement,true,1,1783272563990,0,QmcA2snS31e3yhCPjoMSmuW8w6FVceBCsiYRZuzgLXJZRG,false
1214,e6-lifecycle-20260705T172920.829938847Z-c4-real-task-0188,signed_query_latest,true,0,1783272563991,0,QmcA2snS31e3yhCPjoMSmuW8w6FVceBCsiYRZuzgLXJZRG,false
1215,e6-lifecycle-20260705T172920.829938847Z-c4-real-task-0189,ipfs_add,true,66,1783272563932,3813,,false
1216,e6-lifecycle-20260705T172920.829938847Z-c4-real-task-0188,ipfs_verify,true,8,1783272563991,0,QmcA2snS31e3yhCPjoMSmuW8w6FVceBCsiYRZuzgLXJZRG,false
1217,e6-lifecycle-20260705T172920.829938847Z-c4-real-task-0189,signed_posttask,true,2,1783272563998,0,QmddcGv3BfwnFZsm5H1ArqWuKN7jPveB9ZhCJXqBYVXr4Z,false
1218,e6-lifecycle-20260705T172920.829938847Z-c4-real-task-0189,signed_postallocation,true,2,1783272564000,0,QmddcGv3BfwnFZsm5H1ArqWuKN7jPveB9ZhCJXqBYVXr4Z,false
1219,e6-lifecycle-20260705T172920.829938847Z-c4-real-task-0189,signed_post_evalsnapshot,true,2,1783272564002,0,QmddcGv3BfwnFZsm5H1ArqWuKN7jPveB9ZhCJXqBYVXr4Z,false
1220,e6-lifecycle-20260705T172920.829938847Z-c4-real-task-0189,signed_vote1,true,2,1783272564004,0,QmddcGv3BfwnFZsm5H1ArqWuKN7jPveB9ZhCJXqBYVXr4Z,false
1221,e6-lifecycle-20260705T172920.829938847Z-c4-real-task-0189,signed_vote2,true,2,1783272564006,0,QmddcGv3BfwnFZsm5H1ArqWuKN7jPveB9ZhCJXqBYVXr4Z,false
1222,e6-lifecycle-20260705T172920.829938847Z-c4-real-task-0189,signed_settlement,true,2,1783272564008,0,QmddcGv3BfwnFZsm5H1ArqWuKN7jPveB9ZhCJXqBYVXr4Z,false
1223,e6-lifecycle-20260705T172920.829938847Z-c4-real-task-0189,signed_query_latest,true,0,1783272564010,0,QmddcGv3BfwnFZsm5H1ArqWuKN7jPveB9ZhCJXqBYVXr4Z,false
1224,e6-lifecycle-20260705T172920.829938847Z-c4-real-task-0189,ipfs_verify,true,9,1783272564010,0,QmddcGv3BfwnFZsm5H1ArqWuKN7jPveB9ZhCJXqBYVXr4Z,false
1225,e6-lifecycle-20260705T172920.829938847Z-c4-real-task-0190,ipfs_add,true,70,1783272563949,4444,,false
1226,e6-lifecycle-20260705T172920.829938847Z-c4-real-task-0190,signed_posttask,true,2,1783272564019,0,QmTYyB6jg19PhoaP2Bg8ox3B4TonwPSLo68XR9yyH3VskB,false
1227,e6-lifecycle-20260705T172920.829938847Z-c4-real-task-0190,signed_postallocation,true,2,1783272564021,0,QmTYyB6jg19PhoaP2Bg8ox3B4TonwPSLo68XR9yyH3VskB,false
1228,e6-lifecycle-20260705T172920.829938847Z-c4-real-task-0190,signed_post_evalsnapshot,true,2,1783272564023,0,QmTYyB6jg19PhoaP2Bg8ox3B4TonwPSLo68XR9yyH3VskB,false
1229,e6-lifecycle-20260705T172920.829938847Z-c4-real-task-0190,signed_vote1,true,1,1783272564025,0,QmTYyB6jg19PhoaP2Bg8ox3B4TonwPSLo68XR9yyH3VskB,false
1230,e6-lifecycle-20260705T172920.829938847Z-c4-real-task-0190,signed_vote2,true,3,1783272564026,0,QmTYyB6jg19PhoaP2Bg8ox3B4TonwPSLo68XR9yyH3VskB,false
1231,e6-lifecycle-20260705T172920.829938847Z-c4-real-task-0190,signed_settlement,true,2,1783272564029,0,QmTYyB6jg19PhoaP2Bg8ox3B4TonwPSLo68XR9yyH3VskB,false
1232,e6-lifecycle-20260705T172920.829938847Z-c4-real-task-0190,signed_query_latest,true,0,1783272564031,0,QmTYyB6jg19PhoaP2Bg8ox3B4TonwPSLo68XR9yyH3VskB,false
1233,e6-lifecycle-20260705T172920.829938847Z-c4-real-task-0191,ipfs_add,true,67,1783272563976,4761,,false
1234,e6-lifecycle-20260705T172920.829938847Z-c4-real-task-0190,ipfs_verify,true,13,1783272564031,0,QmTYyB6jg19PhoaP2Bg8ox3B4TonwPSLo68XR9yyH3VskB,false
1235,e6-lifecycle-20260705T172920.829938847Z-c4-real-task-0191,signed_posttask,true,2,1783272564043,0,QmQK4ChDQQAbfnUHBQHNjhVcC13LjvmaW51QAJHKkyJuWr,false
1236,e6-lifecycle-20260705T172920.829938847Z-c4-real-task-0191,signed_postallocation,true,1,1783272564045,0,QmQK4ChDQQAbfnUHBQHNjhVcC13LjvmaW51QAJHKkyJuWr,false
1237,e6-lifecycle-20260705T172920.829938847Z-c4-real-task-0191,signed_post_evalsnapshot,true,2,1783272564046,0,QmQK4ChDQQAbfnUHBQHNjhVcC13LjvmaW51QAJHKkyJuWr,false
1238,e6-lifecycle-20260705T172920.829938847Z-c4-real-task-0191,signed_vote1,true,4,1783272564048,0,QmQK4ChDQQAbfnUHBQHNjhVcC13LjvmaW51QAJHKkyJuWr,false
1239,e6-lifecycle-20260705T172920.829938847Z-c4-real-task-0191,signed_vote2,true,1,1783272564052,0,QmQK4ChDQQAbfnUHBQHNjhVcC13LjvmaW51QAJHKkyJuWr,false
1240,e6-lifecycle-20260705T172920.829938847Z-c4-real-task-0191,signed_settlement,true,3,1783272564053,0,QmQK4ChDQQAbfnUHBQHNjhVcC13LjvmaW51QAJHKkyJuWr,false
1241,e6-lifecycle-20260705T172920.829938847Z-c4-real-task-0191,signed_query_latest,true,0,1783272564056,0,QmQK4ChDQQAbfnUHBQHNjhVcC13LjvmaW51QAJHKkyJuWr,false
1242,e6-lifecycle-20260705T172920.829938847Z-c4-real-task-0191,ipfs_verify,true,10,1783272564056,0,QmQK4ChDQQAbfnUHBQHNjhVcC13LjvmaW51QAJHKkyJuWr,false
1243,e6-lifecycle-20260705T172920.829938847Z-c4-real-task-0193,ipfs_add,true,64,1783272564019,3656,,false
1244,e6-lifecycle-20260705T172920.829938847Z-c4-real-task-0193,signed_posttask,true,2,1783272564083,0,QmW9nojj3tyFNDDEodDC3x43Y5jA3Ac4z7TE78zw1HD6qu,false
1245,e6-lifecycle-20260705T172920.829938847Z-c4-real-task-0193,signed_postallocation,true,2,1783272564085,0,QmW9nojj3tyFNDDEodDC3x43Y5jA3Ac4z7TE78zw1HD6qu,false
1246,e6-lifecycle-20260705T172920.829938847Z-c4-real-task-0193,signed_post_evalsnapshot,true,2,1783272564087,0,QmW9nojj3tyFNDDEodDC3x43Y5jA3Ac4z7TE78zw1HD6qu,false
1247,e6-lifecycle-20260705T172920.829938847Z-c4-real-task-0193,signed_vote1,true,1,1783272564089,0,QmW9nojj3tyFNDDEodDC3x43Y5jA3Ac4z7TE78zw1HD6qu,false
1248,e6-lifecycle-20260705T172920.829938847Z-c4-real-task-0193,signed_vote2,true,2,1783272564090,0,QmW9nojj3tyFNDDEodDC3x43Y5jA3Ac4z7TE78zw1HD6qu,false
1249,e6-lifecycle-20260705T172920.829938847Z-c4-real-task-0193,signed_settlement,true,2,1783272564092,0,QmW9nojj3tyFNDDEodDC3x43Y5jA3Ac4z7TE78zw1HD6qu,false
1250,e6-lifecycle-20260705T172920.829938847Z-c4-real-task-0193,signed_query_latest,true,0,1783272564094,0,QmW9nojj3tyFNDDEodDC3x43Y5jA3Ac4z7TE78zw1HD6qu,false
1251,e6-lifecycle-20260705T172920.829938847Z-c4-real-task-0193,ipfs_verify,true,8,1783272564094,0,QmW9nojj3tyFNDDEodDC3x43Y5jA3Ac4z7TE78zw1HD6qu,false
1252,e6-lifecycle-20260705T172920.829938847Z-c4-real-task-0192,ipfs_add,true,103,1783272563999,4212,,false
1253,e6-lifecycle-20260705T172920.829938847Z-c4-real-task-0194,ipfs_add,true,58,1783272564044,5127,,false
1254,e6-lifecycle-20260705T172920.829938847Z-c4-real-task-0192,signed_posttask,true,2,1783272564102,0,QmWMsVVs2hySKHixiKJetRsQBSH7CcjzbQrS3sZphmmfLm,false
1255,e6-lifecycle-20260705T172920.829938847Z-c4-real-task-0192,signed_postallocation,true,2,1783272564104,0,QmWMsVVs2hySKHixiKJetRsQBSH7CcjzbQrS3sZphmmfLm,false
1256,e6-lifecycle-20260705T172920.829938847Z-c4-real-task-0194,signed_posttask,true,6,1783272564102,0,QmUQkF6tMKomfpeYcTdtmNy7TBXYJGRPRM9P1cpCwR1MJF,false
1257,e6-lifecycle-20260705T172920.829938847Z-c4-real-task-0194,signed_postallocation,true,1,1783272564108,0,QmUQkF6tMKomfpeYcTdtmNy7TBXYJGRPRM9P1cpCwR1MJF,false
1258,e6-lifecycle-20260705T172920.829938847Z-c4-real-task-0192,signed_post_evalsnapshot,true,5,1783272564106,0,QmWMsVVs2hySKHixiKJetRsQBSH7CcjzbQrS3sZphmmfLm,false
1259,e6-lifecycle-20260705T172920.829938847Z-c4-real-task-0192,signed_vote1,true,2,1783272564111,0,QmWMsVVs2hySKHixiKJetRsQBSH7CcjzbQrS3sZphmmfLm,false
1260,e6-lifecycle-20260705T172920.829938847Z-c4-real-task-0194,signed_post_evalsnapshot,true,5,1783272564109,0,QmUQkF6tMKomfpeYcTdtmNy7TBXYJGRPRM9P1cpCwR1MJF,false
1261,e6-lifecycle-20260705T172920.829938847Z-c4-real-task-0194,signed_vote1,true,2,1783272564114,0,QmUQkF6tMKomfpeYcTdtmNy7TBXYJGRPRM9P1cpCwR1MJF,false
1262,e6-lifecycle-20260705T172920.829938847Z-c4-real-task-0192,signed_vote2,true,5,1783272564113,0,QmWMsVVs2hySKHixiKJetRsQBSH7CcjzbQrS3sZphmmfLm,false
1263,e6-lifecycle-20260705T172920.829938847Z-c4-real-task-0192,signed_settlement,true,1,1783272564118,0,QmWMsVVs2hySKHixiKJetRsQBSH7CcjzbQrS3sZphmmfLm,false
1264,e6-lifecycle-20260705T172920.829938847Z-c4-real-task-0194,signed_vote2,true,5,1783272564116,0,QmUQkF6tMKomfpeYcTdtmNy7TBXYJGRPRM9P1cpCwR1MJF,false
1265,e6-lifecycle-20260705T172920.829938847Z-c4-real-task-0192,signed_query_latest,true,3,1783272564119,0,QmWMsVVs2hySKHixiKJetRsQBSH7CcjzbQrS3sZphmmfLm,false
1266,e6-lifecycle-20260705T172920.829938847Z-c4-real-task-0194,signed_settlement,true,1,1783272564121,0,QmUQkF6tMKomfpeYcTdtmNy7TBXYJGRPRM9P1cpCwR1MJF,false
1267,e6-lifecycle-20260705T172920.829938847Z-c4-real-task-0194,signed_query_latest,true,0,1783272564122,0,QmUQkF6tMKomfpeYcTdtmNy7TBXYJGRPRM9P1cpCwR1MJF,false
1268,e6-lifecycle-20260705T172920.829938847Z-c4-real-task-0195,ipfs_add,true,57,1783272564066,4765,,false
1269,e6-lifecycle-20260705T172920.829938847Z-c4-real-task-0195,signed_posttask,true,2,1783272564123,0,QmWaLq11VC2STk3MM8gwJdsmwiV6pMb8XyjpXUZRgju27h,false
1270,e6-lifecycle-20260705T172920.829938847Z-c4-real-task-0195,signed_postallocation,true,2,1783272564125,0,QmWaLq11VC2STk3MM8gwJdsmwiV6pMb8XyjpXUZRgju27h,false
1271,e6-lifecycle-20260705T172920.829938847Z-c4-real-task-0195,signed_post_evalsnapshot,true,2,1783272564127,0,QmWaLq11VC2STk3MM8gwJdsmwiV6pMb8XyjpXUZRgju27h,false
1272,e6-lifecycle-20260705T172920.829938847Z-c4-real-task-0194,ipfs_verify,true,8,1783272564122,0,QmUQkF6tMKomfpeYcTdtmNy7TBXYJGRPRM9P1cpCwR1MJF,false
1273,e6-lifecycle-20260705T172920.829938847Z-c4-real-task-0192,ipfs_verify,true,8,1783272564122,0,QmWMsVVs2hySKHixiKJetRsQBSH7CcjzbQrS3sZphmmfLm,false
1274,e6-lifecycle-20260705T172920.829938847Z-c4-real-task-0195,signed_vote1,true,2,1783272564129,0,QmWaLq11VC2STk3MM8gwJdsmwiV6pMb8XyjpXUZRgju27h,false
1275,e6-lifecycle-20260705T172920.829938847Z-c4-real-task-0195,signed_vote2,true,2,1783272564131,0,QmWaLq11VC2STk3MM8gwJdsmwiV6pMb8XyjpXUZRgju27h,false
1276,e6-lifecycle-20260705T172920.829938847Z-c4-real-task-0195,signed_settlement,true,2,1783272564133,0,QmWaLq11VC2STk3MM8gwJdsmwiV6pMb8XyjpXUZRgju27h,false
1277,e6-lifecycle-20260705T172920.829938847Z-c4-real-task-0195,signed_query_latest,true,0,1783272564135,0,QmWaLq11VC2STk3MM8gwJdsmwiV6pMb8XyjpXUZRgju27h,false
1278,e6-lifecycle-20260705T172920.829938847Z-c4-real-task-0195,ipfs_verify,true,8,1783272564135,0,QmWaLq11VC2STk3MM8gwJdsmwiV6pMb8XyjpXUZRgju27h,false
1279,e6-lifecycle-20260705T172920.829938847Z-c4-real-task-0196,ipfs_add,true,45,1783272564102,4122,,false
1280,e6-lifecycle-20260705T172920.829938847Z-c4-real-task-0196,signed_posttask,true,2,1783272564147,0,QmTQ1PbJFgNKhVego5qTuyTZaXyLBFPkpTGPcPVQGwbk9W,false
1281,e6-lifecycle-20260705T172920.829938847Z-c4-real-task-0196,signed_postallocation,true,2,1783272564149,0,QmTQ1PbJFgNKhVego5qTuyTZaXyLBFPkpTGPcPVQGwbk9W,false
1282,e6-lifecycle-20260705T172920.829938847Z-c4-real-task-0196,signed_post_evalsnapshot,true,2,1783272564151,0,QmTQ1PbJFgNKhVego5qTuyTZaXyLBFPkpTGPcPVQGwbk9W,false
1283,e6-lifecycle-20260705T172920.829938847Z-c4-real-task-0196,signed_vote1,true,2,1783272564153,0,QmTQ1PbJFgNKhVego5qTuyTZaXyLBFPkpTGPcPVQGwbk9W,false
1284,e6-lifecycle-20260705T172920.829938847Z-c4-real-task-0196,signed_vote2,true,1,1783272564155,0,QmTQ1PbJFgNKhVego5qTuyTZaXyLBFPkpTGPcPVQGwbk9W,false
1285,e6-lifecycle-20260705T172920.829938847Z-c4-real-task-0196,signed_settlement,true,3,1783272564156,0,QmTQ1PbJFgNKhVego5qTuyTZaXyLBFPkpTGPcPVQGwbk9W,false
1286,e6-lifecycle-20260705T172920.829938847Z-c4-real-task-0196,signed_query_latest,true,0,1783272564159,0,QmTQ1PbJFgNKhVego5qTuyTZaXyLBFPkpTGPcPVQGwbk9W,false
1287,e6-lifecycle-20260705T172920.829938847Z-c4-real-task-0196,ipfs_verify,true,9,1783272564159,0,QmTQ1PbJFgNKhVego5qTuyTZaXyLBFPkpTGPcPVQGwbk9W,false
1288,e6-lifecycle-20260705T172920.829938847Z-c4-real-task-0198,ipfs_add,true,39,1783272564130,3540,,false
1289,e6-lifecycle-20260705T172920.829938847Z-c4-real-task-0198,signed_posttask,true,2,1783272564169,0,QmZWNqHHBwy3oA7Ng8hVTaUMhZ6QkUps6zYhcegYz5enFd,false
1290,e6-lifecycle-20260705T172920.829938847Z-c4-real-task-0198,signed_postallocation,true,2,1783272564171,0,QmZWNqHHBwy3oA7Ng8hVTaUMhZ6QkUps6zYhcegYz5enFd,false
1291,e6-lifecycle-20260705T172920.829938847Z-c4-real-task-0198,signed_post_evalsnapshot,true,2,1783272564173,0,QmZWNqHHBwy3oA7Ng8hVTaUMhZ6QkUps6zYhcegYz5enFd,false
1292,e6-lifecycle-20260705T172920.829938847Z-c4-real-task-0198,signed_vote1,true,1,1783272564175,0,QmZWNqHHBwy3oA7Ng8hVTaUMhZ6QkUps6zYhcegYz5enFd,false
1293,e6-lifecycle-20260705T172920.829938847Z-c4-real-task-0198,signed_vote2,true,2,1783272564176,0,QmZWNqHHBwy3oA7Ng8hVTaUMhZ6QkUps6zYhcegYz5enFd,false
1294,e6-lifecycle-20260705T172920.829938847Z-c4-real-task-0198,signed_settlement,true,2,1783272564178,0,QmZWNqHHBwy3oA7Ng8hVTaUMhZ6QkUps6zYhcegYz5enFd,false
1295,e6-lifecycle-20260705T172920.829938847Z-c4-real-task-0198,signed_query_latest,true,0,1783272564180,0,QmZWNqHHBwy3oA7Ng8hVTaUMhZ6QkUps6zYhcegYz5enFd,false
1296,e6-lifecycle-20260705T172920.829938847Z-c4-real-task-0198,ipfs_verify,true,7,1783272564180,0,QmZWNqHHBwy3oA7Ng8hVTaUMhZ6QkUps6zYhcegYz5enFd,false
1297,e6-lifecycle-20260705T172920.829938847Z-c4-real-task-0197,ipfs_add,true,58,1783272564130,4817,,false
1298,e6-lifecycle-20260705T172920.829938847Z-c4-real-task-0197,signed_posttask,true,3,1783272564188,0,QmbvahhBBxPPJvX1kedLaAKjiVK7gTyk8mGFKobzfLRtWp,false
1299,e6-lifecycle-20260705T172920.829938847Z-c4-real-task-0197,signed_postallocation,true,1,1783272564191,0,QmbvahhBBxPPJvX1kedLaAKjiVK7gTyk8mGFKobzfLRtWp,false
1300,e6-lifecycle-20260705T172920.829938847Z-c4-real-task-0197,signed_post_evalsnapshot,true,4,1783272564192,0,QmbvahhBBxPPJvX1kedLaAKjiVK7gTyk8mGFKobzfLRtWp,false
1301,e6-lifecycle-20260705T172920.829938847Z-c4-real-task-0197,signed_vote1,true,1,1783272564196,0,QmbvahhBBxPPJvX1kedLaAKjiVK7gTyk8mGFKobzfLRtWp,false
1302,e6-lifecycle-20260705T172920.829938847Z-c4-real-task-0197,signed_vote2,true,2,1783272564197,0,QmbvahhBBxPPJvX1kedLaAKjiVK7gTyk8mGFKobzfLRtWp,false
1303,e6-lifecycle-20260705T172920.829938847Z-c4-real-task-0197,signed_settlement,true,2,1783272564199,0,QmbvahhBBxPPJvX1kedLaAKjiVK7gTyk8mGFKobzfLRtWp,false
1304,e6-lifecycle-20260705T172920.829938847Z-c4-real-task-0197,signed_query_latest,true,0,1783272564201,0,QmbvahhBBxPPJvX1kedLaAKjiVK7gTyk8mGFKobzfLRtWp,false
1305,e6-lifecycle-20260705T172920.829938847Z-c4-real-task-0197,ipfs_verify,true,7,1783272564201,0,QmbvahhBBxPPJvX1kedLaAKjiVK7gTyk8mGFKobzfLRtWp,false
1306,e6-lifecycle-20260705T172920.829938847Z-c4-real-task-0199,ipfs_add,true,66,1783272564143,5047,,false
1307,e6-lifecycle-20260705T172920.829938847Z-c4-real-task-0199,signed_posttask,true,2,1783272564209,0,QmWy11MokeVCNQuSN9bfWQHz1CevithknjYMzKuymcZo7S,false
1308,e6-lifecycle-20260705T172920.829938847Z-c4-real-task-0199,signed_postallocation,true,2,1783272564211,0,QmWy11MokeVCNQuSN9bfWQHz1CevithknjYMzKuymcZo7S,false
1309,e6-lifecycle-20260705T172920.829938847Z-c4-real-task-0199,signed_post_evalsnapshot,true,2,1783272564213,0,QmWy11MokeVCNQuSN9bfWQHz1CevithknjYMzKuymcZo7S,false
1310,e6-lifecycle-20260705T172920.829938847Z-c4-real-task-0199,signed_vote1,true,1,1783272564215,0,QmWy11MokeVCNQuSN9bfWQHz1CevithknjYMzKuymcZo7S,false
1311,e6-lifecycle-20260705T172920.829938847Z-c4-real-task-0199,signed_vote2,true,2,1783272564216,0,QmWy11MokeVCNQuSN9bfWQHz1CevithknjYMzKuymcZo7S,false
1312,e6-lifecycle-20260705T172920.829938847Z-c4-real-task-0199,signed_settlement,true,2,1783272564218,0,QmWy11MokeVCNQuSN9bfWQHz1CevithknjYMzKuymcZo7S,false
1313,e6-lifecycle-20260705T172920.829938847Z-c4-real-task-0199,signed_query_latest,true,0,1783272564220,0,QmWy11MokeVCNQuSN9bfWQHz1CevithknjYMzKuymcZo7S,false
1314,e6-lifecycle-20260705T172920.829938847Z-c4-real-task-0199,ipfs_verify,true,8,1783272564220,0,QmWy11MokeVCNQuSN9bfWQHz1CevithknjYMzKuymcZo7S,false
1315,e6-lifecycle-20260705T172920.829938847Z-c4-real-task-0200,ipfs_add,true,60,1783272564168,5145,,false
1316,e6-lifecycle-20260705T172920.829938847Z-c4-real-task-0200,signed_posttask,true,3,1783272564228,0,QmWsn3VH4qEmQoJUcTTgaCC8C8yvu9U6JQYjovtYXaQr7y,false
1317,e6-lifecycle-20260705T172920.829938847Z-c4-real-task-0200,signed_postallocation,true,2,1783272564231,0,QmWsn3VH4qEmQoJUcTTgaCC8C8yvu9U6JQYjovtYXaQr7y,false
1318,e6-lifecycle-20260705T172920.829938847Z-c4-real-task-0200,signed_post_evalsnapshot,true,1,1783272564233,0,QmWsn3VH4qEmQoJUcTTgaCC8C8yvu9U6JQYjovtYXaQr7y,false
1319,e6-lifecycle-20260705T172920.829938847Z-c4-real-task-0200,signed_vote1,true,2,1783272564234,0,QmWsn3VH4qEmQoJUcTTgaCC8C8yvu9U6JQYjovtYXaQr7y,false
1320,e6-lifecycle-20260705T172920.829938847Z-c4-real-task-0200,signed_vote2,true,2,1783272564236,0,QmWsn3VH4qEmQoJUcTTgaCC8C8yvu9U6JQYjovtYXaQr7y,false
1321,e6-lifecycle-20260705T172920.829938847Z-c4-real-task-0200,signed_settlement,true,1,1783272564238,0,QmWsn3VH4qEmQoJUcTTgaCC8C8yvu9U6JQYjovtYXaQr7y,false
1322,e6-lifecycle-20260705T172920.829938847Z-c4-real-task-0200,signed_query_latest,true,0,1783272564239,0,QmWsn3VH4qEmQoJUcTTgaCC8C8yvu9U6JQYjovtYXaQr7y,false
1323,e6-lifecycle-20260705T172920.829938847Z-c4-real-task-0201,ipfs_add,true,60,1783272564187,4340,,false
1324,e6-lifecycle-20260705T172920.829938847Z-c4-real-task-0200,ipfs_verify,true,9,1783272564239,0,QmWsn3VH4qEmQoJUcTTgaCC8C8yvu9U6JQYjovtYXaQr7y,false
1325,e6-lifecycle-20260705T172920.829938847Z-c4-real-task-0201,signed_posttask,true,3,1783272564247,0,QmdjzG35Tv9EawU3dwjehMfhybFdJmmnFHpEtFdcm5VuFK,false
1326,e6-lifecycle-20260705T172920.829938847Z-c4-real-task-0201,signed_postallocation,true,2,1783272564250,0,QmdjzG35Tv9EawU3dwjehMfhybFdJmmnFHpEtFdcm5VuFK,false
1327,e6-lifecycle-20260705T172920.829938847Z-c4-real-task-0201,signed_post_evalsnapshot,true,1,1783272564252,0,QmdjzG35Tv9EawU3dwjehMfhybFdJmmnFHpEtFdcm5VuFK,false
1328,e6-lifecycle-20260705T172920.829938847Z-c4-real-task-0201,signed_vote1,true,1,1783272564253,0,QmdjzG35Tv9EawU3dwjehMfhybFdJmmnFHpEtFdcm5VuFK,false
1329,e6-lifecycle-20260705T172920.829938847Z-c4-real-task-0201,signed_vote2,true,2,1783272564254,0,QmdjzG35Tv9EawU3dwjehMfhybFdJmmnFHpEtFdcm5VuFK,false
1330,e6-lifecycle-20260705T172920.829938847Z-c4-real-task-0201,signed_settlement,true,2,1783272564256,0,QmdjzG35Tv9EawU3dwjehMfhybFdJmmnFHpEtFdcm5VuFK,false
1331,e6-lifecycle-20260705T172920.829938847Z-c4-real-task-0201,signed_query_latest,true,0,1783272564258,0,QmdjzG35Tv9EawU3dwjehMfhybFdJmmnFHpEtFdcm5VuFK,false
1332,e6-lifecycle-20260705T172920.829938847Z-c4-real-task-0201,ipfs_verify,true,8,1783272564258,0,QmdjzG35Tv9EawU3dwjehMfhybFdJmmnFHpEtFdcm5VuFK,false
1333,e6-lifecycle-20260705T172920.829938847Z-c4-real-task-0202,ipfs_add,true,58,1783272564208,4638,,false
1334,e6-lifecycle-20260705T172920.829938847Z-c4-real-task-0202,signed_posttask,true,3,1783272564266,0,QmejhkZWTARckuAaEe1Q6SLFZ3XMmF1EjcDYpHuMGkpBsf,false
1335,e6-lifecycle-20260705T172920.829938847Z-c4-real-task-0202,signed_postallocation,true,2,1783272564269,0,QmejhkZWTARckuAaEe1Q6SLFZ3XMmF1EjcDYpHuMGkpBsf,false
1336,e6-lifecycle-20260705T172920.829938847Z-c4-real-task-0202,signed_post_evalsnapshot,true,2,1783272564271,0,QmejhkZWTARckuAaEe1Q6SLFZ3XMmF1EjcDYpHuMGkpBsf,false
1337,e6-lifecycle-20260705T172920.829938847Z-c4-real-task-0202,signed_vote1,true,1,1783272564273,0,QmejhkZWTARckuAaEe1Q6SLFZ3XMmF1EjcDYpHuMGkpBsf,false
1338,e6-lifecycle-20260705T172920.829938847Z-c4-real-task-0202,signed_vote2,true,2,1783272564274,0,QmejhkZWTARckuAaEe1Q6SLFZ3XMmF1EjcDYpHuMGkpBsf,false
1339,e6-lifecycle-20260705T172920.829938847Z-c4-real-task-0202,signed_settlement,true,2,1783272564276,0,QmejhkZWTARckuAaEe1Q6SLFZ3XMmF1EjcDYpHuMGkpBsf,false
1340,e6-lifecycle-20260705T172920.829938847Z-c4-real-task-0202,signed_query_latest,true,0,1783272564278,0,QmejhkZWTARckuAaEe1Q6SLFZ3XMmF1EjcDYpHuMGkpBsf,false
1341,e6-lifecycle-20260705T172920.829938847Z-c4-real-task-0202,ipfs_verify,true,8,1783272564278,0,QmejhkZWTARckuAaEe1Q6SLFZ3XMmF1EjcDYpHuMGkpBsf,false
1342,e6-lifecycle-20260705T172920.829938847Z-c4-real-task-0203,ipfs_add,true,58,1783272564228,1827,,false
1343,e6-lifecycle-20260705T172920.829938847Z-c4-real-task-0203,signed_posttask,true,2,1783272564286,0,QmR9AwrhqhKCpezziPe8S8GRSS3cqcjrASSQ3HJBYfXh7k,false
1344,e6-lifecycle-20260705T172920.829938847Z-c4-real-task-0203,signed_postallocation,true,1,1783272564288,0,QmR9AwrhqhKCpezziPe8S8GRSS3cqcjrASSQ3HJBYfXh7k,false
1345,e6-lifecycle-20260705T172920.829938847Z-c4-real-task-0203,signed_post_evalsnapshot,true,2,1783272564289,0,QmR9AwrhqhKCpezziPe8S8GRSS3cqcjrASSQ3HJBYfXh7k,false
1346,e6-lifecycle-20260705T172920.829938847Z-c4-real-task-0203,signed_vote1,true,2,1783272564291,0,QmR9AwrhqhKCpezziPe8S8GRSS3cqcjrASSQ3HJBYfXh7k,false
1347,e6-lifecycle-20260705T172920.829938847Z-c4-real-task-0203,signed_vote2,true,1,1783272564293,0,QmR9AwrhqhKCpezziPe8S8GRSS3cqcjrASSQ3HJBYfXh7k,false
1348,e6-lifecycle-20260705T172920.829938847Z-c4-real-task-0203,signed_settlement,true,2,1783272564294,0,QmR9AwrhqhKCpezziPe8S8GRSS3cqcjrASSQ3HJBYfXh7k,false
1349,e6-lifecycle-20260705T172920.829938847Z-c4-real-task-0203,signed_query_latest,true,0,1783272564296,0,QmR9AwrhqhKCpezziPe8S8GRSS3cqcjrASSQ3HJBYfXh7k,false
1350,e6-lifecycle-20260705T172920.829938847Z-c4-real-task-0203,ipfs_verify,true,10,1783272564296,0,QmR9AwrhqhKCpezziPe8S8GRSS3cqcjrASSQ3HJBYfXh7k,false
1351,e6-lifecycle-20260705T172920.829938847Z-c4-real-task-0204,ipfs_add,true,59,1783272564248,3115,,false
1352,e6-lifecycle-20260705T172920.829938847Z-c4-real-task-0204,signed_posttask,true,2,1783272564307,0,QmT17R388wMj8koQenucVuHVy5XiFPC6auRTn2sDFmDkQF,false
1353,e6-lifecycle-20260705T172920.829938847Z-c4-real-task-0204,signed_postallocation,true,4,1783272564309,0,QmT17R388wMj8koQenucVuHVy5XiFPC6auRTn2sDFmDkQF,false
1354,e6-lifecycle-20260705T172920.829938847Z-c4-real-task-0204,signed_post_evalsnapshot,true,2,1783272564313,0,QmT17R388wMj8koQenucVuHVy5XiFPC6auRTn2sDFmDkQF,false
1355,e6-lifecycle-20260705T172920.829938847Z-c4-real-task-0204,signed_vote1,true,2,1783272564315,0,QmT17R388wMj8koQenucVuHVy5XiFPC6auRTn2sDFmDkQF,false
1356,e6-lifecycle-20260705T172920.829938847Z-c4-real-task-0204,signed_vote2,true,1,1783272564317,0,QmT17R388wMj8koQenucVuHVy5XiFPC6auRTn2sDFmDkQF,false
1357,e6-lifecycle-20260705T172920.829938847Z-c4-real-task-0204,signed_settlement,true,2,1783272564318,0,QmT17R388wMj8koQenucVuHVy5XiFPC6auRTn2sDFmDkQF,false
1358,e6-lifecycle-20260705T172920.829938847Z-c4-real-task-0204,signed_query_latest,true,0,1783272564320,0,QmT17R388wMj8koQenucVuHVy5XiFPC6auRTn2sDFmDkQF,false
1359,e6-lifecycle-20260705T172920.829938847Z-c4-real-task-0204,ipfs_verify,true,8,1783272564320,0,QmT17R388wMj8koQenucVuHVy5XiFPC6auRTn2sDFmDkQF,false
1360,e6-lifecycle-20260705T172920.829938847Z-c4-real-task-0205,ipfs_add,true,63,1783272564266,2139,,false
1361,e6-lifecycle-20260705T172920.829938847Z-c4-real-task-0205,signed_posttask,true,2,1783272564329,0,QmUUFnwdCbT48nkPpC4zLFD1bWTmkmSZxRTWRwZWU44JUW,false
1362,e6-lifecycle-20260705T172920.829938847Z-c4-real-task-0205,signed_postallocation,true,2,1783272564331,0,QmUUFnwdCbT48nkPpC4zLFD1bWTmkmSZxRTWRwZWU44JUW,false
1363,e6-lifecycle-20260705T172920.829938847Z-c4-real-task-0205,signed_post_evalsnapshot,true,2,1783272564333,0,QmUUFnwdCbT48nkPpC4zLFD1bWTmkmSZxRTWRwZWU44JUW,false
1364,e6-lifecycle-20260705T172920.829938847Z-c4-real-task-0205,signed_vote1,true,2,1783272564335,0,QmUUFnwdCbT48nkPpC4zLFD1bWTmkmSZxRTWRwZWU44JUW,false
1365,e6-lifecycle-20260705T172920.829938847Z-c4-real-task-0205,signed_vote2,true,2,1783272564337,0,QmUUFnwdCbT48nkPpC4zLFD1bWTmkmSZxRTWRwZWU44JUW,false
1366,e6-lifecycle-20260705T172920.829938847Z-c4-real-task-0205,signed_settlement,true,2,1783272564339,0,QmUUFnwdCbT48nkPpC4zLFD1bWTmkmSZxRTWRwZWU44JUW,false
1367,e6-lifecycle-20260705T172920.829938847Z-c4-real-task-0205,signed_query_latest,true,0,1783272564341,0,QmUUFnwdCbT48nkPpC4zLFD1bWTmkmSZxRTWRwZWU44JUW,false
1368,e6-lifecycle-20260705T172920.829938847Z-c4-real-task-0205,ipfs_verify,true,7,1783272564341,0,QmUUFnwdCbT48nkPpC4zLFD1bWTmkmSZxRTWRwZWU44JUW,false
1369,e6-lifecycle-20260705T172920.829938847Z-c4-real-task-0206,ipfs_add,true,63,1783272564286,5535,,false
1370,e6-lifecycle-20260705T172920.829938847Z-c4-real-task-0206,signed_posttask,true,2,1783272564349,0,QmQXv6YSFiLLxg9uat8XZ1hkWrZyU2221cre3jpTXuS7mT,false
1371,e6-lifecycle-20260705T172920.829938847Z-c4-real-task-0206,signed_postallocation,true,2,1783272564351,0,QmQXv6YSFiLLxg9uat8XZ1hkWrZyU2221cre3jpTXuS7mT,false
1372,e6-lifecycle-20260705T172920.829938847Z-c4-real-task-0206,signed_post_evalsnapshot,true,2,1783272564353,0,QmQXv6YSFiLLxg9uat8XZ1hkWrZyU2221cre3jpTXuS7mT,false
1373,e6-lifecycle-20260705T172920.829938847Z-c4-real-task-0206,signed_vote1,true,2,1783272564355,0,QmQXv6YSFiLLxg9uat8XZ1hkWrZyU2221cre3jpTXuS7mT,false
1374,e6-lifecycle-20260705T172920.829938847Z-c4-real-task-0206,signed_vote2,true,2,1783272564357,0,QmQXv6YSFiLLxg9uat8XZ1hkWrZyU2221cre3jpTXuS7mT,false
1375,e6-lifecycle-20260705T172920.829938847Z-c4-real-task-0206,signed_settlement,true,2,1783272564359,0,QmQXv6YSFiLLxg9uat8XZ1hkWrZyU2221cre3jpTXuS7mT,false
1376,e6-lifecycle-20260705T172920.829938847Z-c4-real-task-0206,signed_query_latest,true,0,1783272564361,0,QmQXv6YSFiLLxg9uat8XZ1hkWrZyU2221cre3jpTXuS7mT,false
1377,e6-lifecycle-20260705T172920.829938847Z-c4-real-task-0206,ipfs_verify,true,8,1783272564361,0,QmQXv6YSFiLLxg9uat8XZ1hkWrZyU2221cre3jpTXuS7mT,false
1378,e6-lifecycle-20260705T172920.829938847Z-c4-real-task-0207,ipfs_add,true,64,1783272564306,5182,,false
1379,e6-lifecycle-20260705T172920.829938847Z-c4-real-task-0207,signed_posttask,true,2,1783272564370,0,QmXXXkdjgsyNeAxA7XiH7hfF8KD8Wy4XQUrDjRARTUGPSz,false
1380,e6-lifecycle-20260705T172920.829938847Z-c4-real-task-0207,signed_postallocation,true,1,1783272564372,0,QmXXXkdjgsyNeAxA7XiH7hfF8KD8Wy4XQUrDjRARTUGPSz,false
1381,e6-lifecycle-20260705T172920.829938847Z-c4-real-task-0207,signed_post_evalsnapshot,true,1,1783272564374,0,QmXXXkdjgsyNeAxA7XiH7hfF8KD8Wy4XQUrDjRARTUGPSz,false
1382,e6-lifecycle-20260705T172920.829938847Z-c4-real-task-0207,signed_vote1,true,2,1783272564375,0,QmXXXkdjgsyNeAxA7XiH7hfF8KD8Wy4XQUrDjRARTUGPSz,false
1383,e6-lifecycle-20260705T172920.829938847Z-c4-real-task-0207,signed_vote2,true,2,1783272564377,0,QmXXXkdjgsyNeAxA7XiH7hfF8KD8Wy4XQUrDjRARTUGPSz,false
1384,e6-lifecycle-20260705T172920.829938847Z-c4-real-task-0207,signed_settlement,true,1,1783272564379,0,QmXXXkdjgsyNeAxA7XiH7hfF8KD8Wy4XQUrDjRARTUGPSz,false
1385,e6-lifecycle-20260705T172920.829938847Z-c4-real-task-0207,signed_query_latest,true,0,1783272564380,0,QmXXXkdjgsyNeAxA7XiH7hfF8KD8Wy4XQUrDjRARTUGPSz,false
1386,e6-lifecycle-20260705T172920.829938847Z-c4-real-task-0207,ipfs_verify,true,10,1783272564380,0,QmXXXkdjgsyNeAxA7XiH7hfF8KD8Wy4XQUrDjRARTUGPSz,false
1387,e6-lifecycle-20260705T172920.829938847Z-c4-real-task-0005,ipfs_add,true,64,1783272564328,1568,,false
1388,e6-lifecycle-20260705T172920.829938847Z-c4-real-task-0005,signed_posttask,true,2,1783272564392,0,QmQGqX18RcT7NsFPmbZfQoD9JQ4oRJAgNfw6hWJoUowyXr,false
1389,e6-lifecycle-20260705T172920.829938847Z-c4-real-task-0005,signed_postallocation,true,2,1783272564394,0,QmQGqX18RcT7NsFPmbZfQoD9JQ4oRJAgNfw6hWJoUowyXr,false
1390,e6-lifecycle-20260705T172920.829938847Z-c4-real-task-0005,signed_post_evalsnapshot,true,2,1783272564396,0,QmQGqX18RcT7NsFPmbZfQoD9JQ4oRJAgNfw6hWJoUowyXr,false
1391,e6-lifecycle-20260705T172920.829938847Z-c4-real-task-0005,signed_vote1,true,2,1783272564398,0,QmQGqX18RcT7NsFPmbZfQoD9JQ4oRJAgNfw6hWJoUowyXr,false
1392,e6-lifecycle-20260705T172920.829938847Z-c4-real-task-0005,signed_vote2,true,1,1783272564400,0,QmQGqX18RcT7NsFPmbZfQoD9JQ4oRJAgNfw6hWJoUowyXr,false
1393,e6-lifecycle-20260705T172920.829938847Z-c4-real-task-0005,signed_settlement,true,2,1783272564401,0,QmQGqX18RcT7NsFPmbZfQoD9JQ4oRJAgNfw6hWJoUowyXr,false
1394,e6-lifecycle-20260705T172920.829938847Z-c4-real-task-0005,signed_query_latest,true,0,1783272564403,0,QmQGqX18RcT7NsFPmbZfQoD9JQ4oRJAgNfw6hWJoUowyXr,false
1395,e6-lifecycle-20260705T172920.829938847Z-c4-real-task-0004,ipfs_add,true,65,1783272564348,4001,,false
1396,e6-lifecycle-20260705T172920.829938847Z-c4-real-task-0005,ipfs_verify,true,12,1783272564403,0,QmQGqX18RcT7NsFPmbZfQoD9JQ4oRJAgNfw6hWJoUowyXr,false
1397,e6-lifecycle-20260705T172920.829938847Z-c4-real-task-0004,signed_posttask,true,2,1783272564413,0,Qmaz6UxvY2c7v7Afz5qnVeVQ353BpWF64tC6snuKvMXMMH,false
1398,e6-lifecycle-20260705T172920.829938847Z-c4-real-task-0004,signed_postallocation,true,2,1783272564415,0,Qmaz6UxvY2c7v7Afz5qnVeVQ353BpWF64tC6snuKvMXMMH,false
1399,e6-lifecycle-20260705T172920.829938847Z-c4-real-task-0004,signed_post_evalsnapshot,true,2,1783272564417,0,Qmaz6UxvY2c7v7Afz5qnVeVQ353BpWF64tC6snuKvMXMMH,false
1400,e6-lifecycle-20260705T172920.829938847Z-c4-real-task-0004,signed_vote1,true,2,1783272564419,0,Qmaz6UxvY2c7v7Afz5qnVeVQ353BpWF64tC6snuKvMXMMH,false
1401,e6-lifecycle-20260705T172920.829938847Z-c4-real-task-0004,signed_vote2,true,2,1783272564421,0,Qmaz6UxvY2c7v7Afz5qnVeVQ353BpWF64tC6snuKvMXMMH,false
1402,e6-lifecycle-20260705T172920.829938847Z-c4-real-task-0004,signed_settlement,true,2,1783272564423,0,Qmaz6UxvY2c7v7Afz5qnVeVQ353BpWF64tC6snuKvMXMMH,false
1403,e6-lifecycle-20260705T172920.829938847Z-c4-real-task-0004,signed_query_latest,true,0,1783272564425,0,Qmaz6UxvY2c7v7Afz5qnVeVQ353BpWF64tC6snuKvMXMMH,false
1404,e6-lifecycle-20260705T172920.829938847Z-c4-real-task-0006,ipfs_add,true,64,1783272564369,1837,,false
1405,e6-lifecycle-20260705T172920.829938847Z-c4-real-task-0004,ipfs_verify,true,8,1783272564425,0,Qmaz6UxvY2c7v7Afz5qnVeVQ353BpWF64tC6snuKvMXMMH,false
1406,e6-lifecycle-20260705T172920.829938847Z-c4-real-task-0006,signed_posttask,true,2,1783272564433,0,QmXGbR3DqVcFxShbFVjPMj7ToNDuYqpp9jmC8SXxYHpmsi,false
1407,e6-lifecycle-20260705T172920.829938847Z-c4-real-task-0006,signed_postallocation,true,2,1783272564435,0,QmXGbR3DqVcFxShbFVjPMj7ToNDuYqpp9jmC8SXxYHpmsi,false
1408,e6-lifecycle-20260705T172920.829938847Z-c4-real-task-0006,signed_post_evalsnapshot,true,2,1783272564437,0,QmXGbR3DqVcFxShbFVjPMj7ToNDuYqpp9jmC8SXxYHpmsi,false
1409,e6-lifecycle-20260705T172920.829938847Z-c4-real-task-0006,signed_vote1,true,2,1783272564439,0,QmXGbR3DqVcFxShbFVjPMj7ToNDuYqpp9jmC8SXxYHpmsi,false
1410,e6-lifecycle-20260705T172920.829938847Z-c4-real-task-0006,signed_vote2,true,1,1783272564441,0,QmXGbR3DqVcFxShbFVjPMj7ToNDuYqpp9jmC8SXxYHpmsi,false
1411,e6-lifecycle-20260705T172920.829938847Z-c4-real-task-0006,signed_settlement,true,2,1783272564442,0,QmXGbR3DqVcFxShbFVjPMj7ToNDuYqpp9jmC8SXxYHpmsi,false
1412,e6-lifecycle-20260705T172920.829938847Z-c4-real-task-0006,signed_query_latest,true,0,1783272564444,0,QmXGbR3DqVcFxShbFVjPMj7ToNDuYqpp9jmC8SXxYHpmsi,false
1413,e6-lifecycle-20260705T172920.829938847Z-c4-real-task-0006,ipfs_verify,true,8,1783272564444,0,QmXGbR3DqVcFxShbFVjPMj7ToNDuYqpp9jmC8SXxYHpmsi,false
1414,e6-lifecycle-20260705T172920.829938847Z-c4-real-task-0124,ipfs_add,true,63,1783272564390,10193,,false
1415,e6-lifecycle-20260705T172920.829938847Z-c4-real-task-0124,signed_posttask,true,2,1783272564453,0,QmdN3kmV8Nauo2ypczxkgeUDFa3J43mcbGqcZVtUsrbPFC,false
1416,e6-lifecycle-20260705T172920.829938847Z-c4-real-task-0124,signed_postallocation,true,2,1783272564455,0,QmdN3kmV8Nauo2ypczxkgeUDFa3J43mcbGqcZVtUsrbPFC,false
1417,e6-lifecycle-20260705T172920.829938847Z-c4-real-task-0124,signed_post_evalsnapshot,true,2,1783272564457,0,QmdN3kmV8Nauo2ypczxkgeUDFa3J43mcbGqcZVtUsrbPFC,false
1418,e6-lifecycle-20260705T172920.829938847Z-c4-real-task-0124,signed_vote1,true,2,1783272564459,0,QmdN3kmV8Nauo2ypczxkgeUDFa3J43mcbGqcZVtUsrbPFC,false
1419,e6-lifecycle-20260705T172920.829938847Z-c4-real-task-0124,signed_vote2,true,5,1783272564461,0,QmdN3kmV8Nauo2ypczxkgeUDFa3J43mcbGqcZVtUsrbPFC,false
1420,e6-lifecycle-20260705T172920.829938847Z-c4-real-task-0124,signed_settlement,true,1,1783272564466,0,QmdN3kmV8Nauo2ypczxkgeUDFa3J43mcbGqcZVtUsrbPFC,false
1421,e6-lifecycle-20260705T172920.829938847Z-c4-real-task-0124,signed_query_latest,true,0,1783272564467,0,QmdN3kmV8Nauo2ypczxkgeUDFa3J43mcbGqcZVtUsrbPFC,false
1422,e6-lifecycle-20260705T172920.829938847Z-c4-real-task-0124,ipfs_verify,true,7,1783272564467,0,QmdN3kmV8Nauo2ypczxkgeUDFa3J43mcbGqcZVtUsrbPFC,false
1423,e6-lifecycle-20260705T172920.829938847Z-c4-real-task-0113,ipfs_add,true,60,1783272564415,4766,,false
1424,e6-lifecycle-20260705T172920.829938847Z-c4-real-task-0113,signed_posttask,true,3,1783272564475,0,QmSnXYpjm45y1HovE7atHSayP63uxu2Taj3HG6S4aa6fLe,false
1425,e6-lifecycle-20260705T172920.829938847Z-c4-real-task-0113,signed_postallocation,true,2,1783272564478,0,QmSnXYpjm45y1HovE7atHSayP63uxu2Taj3HG6S4aa6fLe,false
1426,e6-lifecycle-20260705T172920.829938847Z-c4-real-task-0113,signed_post_evalsnapshot,true,2,1783272564480,0,QmSnXYpjm45y1HovE7atHSayP63uxu2Taj3HG6S4aa6fLe,false
1427,e6-lifecycle-20260705T172920.829938847Z-c4-real-task-0113,signed_vote1,true,3,1783272564482,0,QmSnXYpjm45y1HovE7atHSayP63uxu2Taj3HG6S4aa6fLe,false
1428,e6-lifecycle-20260705T172920.829938847Z-c4-real-task-0113,signed_vote2,true,2,1783272564485,0,QmSnXYpjm45y1HovE7atHSayP63uxu2Taj3HG6S4aa6fLe,false
1429,e6-lifecycle-20260705T172920.829938847Z-c4-real-task-0113,signed_settlement,true,2,1783272564487,0,QmSnXYpjm45y1HovE7atHSayP63uxu2Taj3HG6S4aa6fLe,false
1430,e6-lifecycle-20260705T172920.829938847Z-c4-real-task-0113,signed_query_latest,true,0,1783272564489,0,QmSnXYpjm45y1HovE7atHSayP63uxu2Taj3HG6S4aa6fLe,false
1431,e6-lifecycle-20260705T172920.829938847Z-c4-real-task-0114,ipfs_add,true,63,1783272564433,2458,,false
1432,e6-lifecycle-20260705T172920.829938847Z-c4-real-task-0113,ipfs_verify,true,7,1783272564489,0,QmSnXYpjm45y1HovE7atHSayP63uxu2Taj3HG6S4aa6fLe,false
1433,e6-lifecycle-20260705T172920.829938847Z-c4-real-task-0114,signed_posttask,true,2,1783272564496,0,Qma7TSawbLY7JCkagGsqyq5TKbNQrHnAHkXGU7KmTPbqNN,false
1434,e6-lifecycle-20260705T172920.829938847Z-c4-real-task-0114,signed_postallocation,true,2,1783272564498,0,Qma7TSawbLY7JCkagGsqyq5TKbNQrHnAHkXGU7KmTPbqNN,false
1435,e6-lifecycle-20260705T172920.829938847Z-c4-real-task-0114,signed_post_evalsnapshot,true,1,1783272564500,0,Qma7TSawbLY7JCkagGsqyq5TKbNQrHnAHkXGU7KmTPbqNN,false
1436,e6-lifecycle-20260705T172920.829938847Z-c4-real-task-0114,signed_vote1,true,2,1783272564501,0,Qma7TSawbLY7JCkagGsqyq5TKbNQrHnAHkXGU7KmTPbqNN,false
1437,e6-lifecycle-20260705T172920.829938847Z-c4-real-task-0114,signed_vote2,true,2,1783272564503,0,Qma7TSawbLY7JCkagGsqyq5TKbNQrHnAHkXGU7KmTPbqNN,false
1438,e6-lifecycle-20260705T172920.829938847Z-c4-real-task-0114,signed_settlement,true,1,1783272564505,0,Qma7TSawbLY7JCkagGsqyq5TKbNQrHnAHkXGU7KmTPbqNN,false
1439,e6-lifecycle-20260705T172920.829938847Z-c4-real-task-0114,signed_query_latest,true,0,1783272564506,0,Qma7TSawbLY7JCkagGsqyq5TKbNQrHnAHkXGU7KmTPbqNN,false
1440,e6-lifecycle-20260705T172920.829938847Z-c4-real-task-0114,ipfs_verify,true,7,1783272564506,0,Qma7TSawbLY7JCkagGsqyq5TKbNQrHnAHkXGU7KmTPbqNN,false
1441,e6-lifecycle-20260705T172920.829938847Z-c4-real-task-0115,ipfs_add,true,64,1783272564452,2635,,false
1442,e6-lifecycle-20260705T172920.829938847Z-c4-real-task-0115,signed_posttask,true,2,1783272564516,0,Qma9XmC6B4RUGteeGsz2AKqR24nBDfvvDDZwxigq29cfeA,false
1443,e6-lifecycle-20260705T172920.829938847Z-c4-real-task-0115,signed_postallocation,true,2,1783272564518,0,Qma9XmC6B4RUGteeGsz2AKqR24nBDfvvDDZwxigq29cfeA,false
1444,e6-lifecycle-20260705T172920.829938847Z-c4-real-task-0115,signed_post_evalsnapshot,true,2,1783272564520,0,Qma9XmC6B4RUGteeGsz2AKqR24nBDfvvDDZwxigq29cfeA,false
1445,e6-lifecycle-20260705T172920.829938847Z-c4-real-task-0115,signed_vote1,true,2,1783272564522,0,Qma9XmC6B4RUGteeGsz2AKqR24nBDfvvDDZwxigq29cfeA,false
1446,e6-lifecycle-20260705T172920.829938847Z-c4-real-task-0115,signed_vote2,true,1,1783272564524,0,Qma9XmC6B4RUGteeGsz2AKqR24nBDfvvDDZwxigq29cfeA,false
1447,e6-lifecycle-20260705T172920.829938847Z-c4-real-task-0115,signed_settlement,true,2,1783272564525,0,Qma9XmC6B4RUGteeGsz2AKqR24nBDfvvDDZwxigq29cfeA,false
1448,e6-lifecycle-20260705T172920.829938847Z-c4-real-task-0115,signed_query_latest,true,0,1783272564527,0,Qma9XmC6B4RUGteeGsz2AKqR24nBDfvvDDZwxigq29cfeA,false
1449,e6-lifecycle-20260705T172920.829938847Z-c4-real-task-0115,ipfs_verify,true,7,1783272564527,0,Qma9XmC6B4RUGteeGsz2AKqR24nBDfvvDDZwxigq29cfeA,false
1450,e6-lifecycle-20260705T172920.829938847Z-c4-real-task-0116,ipfs_add,true,63,1783272564474,4456,,false
1451,e6-lifecycle-20260705T172920.829938847Z-c4-real-task-0116,signed_posttask,true,3,1783272564537,0,QmcWhQm9LyFEHK6Y6cGHfAC2N6UZ5aeiyCpaBr9ty1evkK,false
1452,e6-lifecycle-20260705T172920.829938847Z-c4-real-task-0116,signed_postallocation,true,1,1783272564540,0,QmcWhQm9LyFEHK6Y6cGHfAC2N6UZ5aeiyCpaBr9ty1evkK,false
1453,e6-lifecycle-20260705T172920.829938847Z-c4-real-task-0116,signed_post_evalsnapshot,true,2,1783272564541,0,QmcWhQm9LyFEHK6Y6cGHfAC2N6UZ5aeiyCpaBr9ty1evkK,false
1454,e6-lifecycle-20260705T172920.829938847Z-c4-real-task-0116,signed_vote1,true,2,1783272564543,0,QmcWhQm9LyFEHK6Y6cGHfAC2N6UZ5aeiyCpaBr9ty1evkK,false
1455,e6-lifecycle-20260705T172920.829938847Z-c4-real-task-0116,signed_vote2,true,1,1783272564545,0,QmcWhQm9LyFEHK6Y6cGHfAC2N6UZ5aeiyCpaBr9ty1evkK,false
1456,e6-lifecycle-20260705T172920.829938847Z-c4-real-task-0116,signed_settlement,true,2,1783272564546,0,QmcWhQm9LyFEHK6Y6cGHfAC2N6UZ5aeiyCpaBr9ty1evkK,false
1457,e6-lifecycle-20260705T172920.829938847Z-c4-real-task-0116,signed_query_latest,true,0,1783272564548,0,QmcWhQm9LyFEHK6Y6cGHfAC2N6UZ5aeiyCpaBr9ty1evkK,false
1458,e6-lifecycle-20260705T172920.829938847Z-c4-real-task-0116,ipfs_verify,true,7,1783272564548,0,QmcWhQm9LyFEHK6Y6cGHfAC2N6UZ5aeiyCpaBr9ty1evkK,false
1459,e6-lifecycle-20260705T172920.829938847Z-c4-real-task-0117,ipfs_add,true,59,1783272564497,2547,,false
1460,e6-lifecycle-20260705T172920.829938847Z-c4-real-task-0117,signed_posttask,true,2,1783272564556,0,QmXDQtx3geYo8PJ2SMzx1hAd7UVXRuUHhfKDP8gxpWugpu,false
1461,e6-lifecycle-20260705T172920.829938847Z-c4-real-task-0117,signed_postallocation,true,1,1783272564558,0,QmXDQtx3geYo8PJ2SMzx1hAd7UVXRuUHhfKDP8gxpWugpu,false
1462,e6-lifecycle-20260705T172920.829938847Z-c4-real-task-0117,signed_post_evalsnapshot,true,2,1783272564559,0,QmXDQtx3geYo8PJ2SMzx1hAd7UVXRuUHhfKDP8gxpWugpu,false
1463,e6-lifecycle-20260705T172920.829938847Z-c4-real-task-0117,signed_vote1,true,2,1783272564561,0,QmXDQtx3geYo8PJ2SMzx1hAd7UVXRuUHhfKDP8gxpWugpu,false
1464,e6-lifecycle-20260705T172920.829938847Z-c4-real-task-0117,signed_vote2,true,2,1783272564563,0,QmXDQtx3geYo8PJ2SMzx1hAd7UVXRuUHhfKDP8gxpWugpu,false
1465,e6-lifecycle-20260705T172920.829938847Z-c4-real-task-0117,signed_settlement,true,2,1783272564565,0,QmXDQtx3geYo8PJ2SMzx1hAd7UVXRuUHhfKDP8gxpWugpu,false
1466,e6-lifecycle-20260705T172920.829938847Z-c4-real-task-0117,signed_query_latest,true,0,1783272564567,0,QmXDQtx3geYo8PJ2SMzx1hAd7UVXRuUHhfKDP8gxpWugpu,false
1467,e6-lifecycle-20260705T172920.829938847Z-c4-real-task-0117,ipfs_verify,true,8,1783272564567,0,QmXDQtx3geYo8PJ2SMzx1hAd7UVXRuUHhfKDP8gxpWugpu,false
1468,e6-lifecycle-20260705T172920.829938847Z-c4-real-task-0118,ipfs_add,true,64,1783272564513,4013,,false
1469,e6-lifecycle-20260705T172920.829938847Z-c4-real-task-0118,signed_posttask,true,2,1783272564577,0,QmUp6JMhmHCN1XhJbSgJKuqgcUi5RcanQaaL5Hru6z8S4Q,false
1470,e6-lifecycle-20260705T172920.829938847Z-c4-real-task-0118,signed_postallocation,true,2,1783272564579,0,QmUp6JMhmHCN1XhJbSgJKuqgcUi5RcanQaaL5Hru6z8S4Q,false
1471,e6-lifecycle-20260705T172920.829938847Z-c4-real-task-0118,signed_post_evalsnapshot,true,2,1783272564581,0,QmUp6JMhmHCN1XhJbSgJKuqgcUi5RcanQaaL5Hru6z8S4Q,false
1472,e6-lifecycle-20260705T172920.829938847Z-c4-real-task-0118,signed_vote1,true,2,1783272564583,0,QmUp6JMhmHCN1XhJbSgJKuqgcUi5RcanQaaL5Hru6z8S4Q,false
1473,e6-lifecycle-20260705T172920.829938847Z-c4-real-task-0118,signed_vote2,true,2,1783272564585,0,QmUp6JMhmHCN1XhJbSgJKuqgcUi5RcanQaaL5Hru6z8S4Q,false
1474,e6-lifecycle-20260705T172920.829938847Z-c4-real-task-0118,signed_settlement,true,2,1783272564587,0,QmUp6JMhmHCN1XhJbSgJKuqgcUi5RcanQaaL5Hru6z8S4Q,false
1475,e6-lifecycle-20260705T172920.829938847Z-c4-real-task-0118,signed_query_latest,true,0,1783272564589,0,QmUp6JMhmHCN1XhJbSgJKuqgcUi5RcanQaaL5Hru6z8S4Q,false
1476,e6-lifecycle-20260705T172920.829938847Z-c4-real-task-0118,ipfs_verify,true,6,1783272564589,0,QmUp6JMhmHCN1XhJbSgJKuqgcUi5RcanQaaL5Hru6z8S4Q,false
1477,e6-lifecycle-20260705T172920.829938847Z-c4-real-task-0119,ipfs_add,true,64,1783272564534,4895,,false
1478,e6-lifecycle-20260705T172920.829938847Z-c4-real-task-0119,signed_posttask,true,2,1783272564598,0,QmS8grZr8V1jUVspi4mAGU2GS5MHVKC3yUBsy7aQszAoNe,false
1479,e6-lifecycle-20260705T172920.829938847Z-c4-real-task-0119,signed_postallocation,true,2,1783272564600,0,QmS8grZr8V1jUVspi4mAGU2GS5MHVKC3yUBsy7aQszAoNe,false
1480,e6-lifecycle-20260705T172920.829938847Z-c4-real-task-0119,signed_post_evalsnapshot,true,2,1783272564602,0,QmS8grZr8V1jUVspi4mAGU2GS5MHVKC3yUBsy7aQszAoNe,false
1481,e6-lifecycle-20260705T172920.829938847Z-c4-real-task-0119,signed_vote1,true,2,1783272564604,0,QmS8grZr8V1jUVspi4mAGU2GS5MHVKC3yUBsy7aQszAoNe,false
1482,e6-lifecycle-20260705T172920.829938847Z-c4-real-task-0119,signed_vote2,true,2,1783272564606,0,QmS8grZr8V1jUVspi4mAGU2GS5MHVKC3yUBsy7aQszAoNe,false
1483,e6-lifecycle-20260705T172920.829938847Z-c4-real-task-0119,signed_settlement,true,2,1783272564608,0,QmS8grZr8V1jUVspi4mAGU2GS5MHVKC3yUBsy7aQszAoNe,false
1484,e6-lifecycle-20260705T172920.829938847Z-c4-real-task-0119,signed_query_latest,true,0,1783272564610,0,QmS8grZr8V1jUVspi4mAGU2GS5MHVKC3yUBsy7aQszAoNe,false
1485,e6-lifecycle-20260705T172920.829938847Z-c4-real-task-0119,ipfs_verify,true,11,1783272564610,0,QmS8grZr8V1jUVspi4mAGU2GS5MHVKC3yUBsy7aQszAoNe,false
1486,e6-lifecycle-20260705T172920.829938847Z-c4-real-task-0120,ipfs_add,true,66,1783272564555,7055,,false
1487,e6-lifecycle-20260705T172920.829938847Z-c4-real-task-0120,signed_posttask,true,2,1783272564621,0,QmcCwWQBqZ6738sqSyuLRWTxPt6Qtc8U1RvhvPAW1oWkkW,false
1488,e6-lifecycle-20260705T172920.829938847Z-c4-real-task-0120,signed_postallocation,true,1,1783272564623,0,QmcCwWQBqZ6738sqSyuLRWTxPt6Qtc8U1RvhvPAW1oWkkW,false
1489,e6-lifecycle-20260705T172920.829938847Z-c4-real-task-0120,signed_post_evalsnapshot,true,2,1783272564624,0,QmcCwWQBqZ6738sqSyuLRWTxPt6Qtc8U1RvhvPAW1oWkkW,false
1490,e6-lifecycle-20260705T172920.829938847Z-c4-real-task-0120,signed_vote1,true,2,1783272564626,0,QmcCwWQBqZ6738sqSyuLRWTxPt6Qtc8U1RvhvPAW1oWkkW,false
1491,e6-lifecycle-20260705T172920.829938847Z-c4-real-task-0120,signed_vote2,true,4,1783272564628,0,QmcCwWQBqZ6738sqSyuLRWTxPt6Qtc8U1RvhvPAW1oWkkW,false
1492,e6-lifecycle-20260705T172920.829938847Z-c4-real-task-0120,signed_settlement,true,2,1783272564632,0,QmcCwWQBqZ6738sqSyuLRWTxPt6Qtc8U1RvhvPAW1oWkkW,false
1493,e6-lifecycle-20260705T172920.829938847Z-c4-real-task-0120,signed_query_latest,true,0,1783272564634,0,QmcCwWQBqZ6738sqSyuLRWTxPt6Qtc8U1RvhvPAW1oWkkW,false
1494,e6-lifecycle-20260705T172920.829938847Z-c4-real-task-0121,ipfs_add,true,71,1783272564575,4778,,false
1495,e6-lifecycle-20260705T172920.829938847Z-c4-real-task-0120,ipfs_verify,true,15,1783272564634,0,QmcCwWQBqZ6738sqSyuLRWTxPt6Qtc8U1RvhvPAW1oWkkW,false
1496,e6-lifecycle-20260705T172920.829938847Z-c4-real-task-0121,signed_posttask,true,3,1783272564646,0,QmamWwWGyFXDPTzs47NnXQaDJCnKmJNML2uLgwtA49YMHU,false
1497,e6-lifecycle-20260705T172920.829938847Z-c4-real-task-0121,signed_postallocation,true,2,1783272564649,0,QmamWwWGyFXDPTzs47NnXQaDJCnKmJNML2uLgwtA49YMHU,false
1498,e6-lifecycle-20260705T172920.829938847Z-c4-real-task-0121,signed_post_evalsnapshot,true,3,1783272564651,0,QmamWwWGyFXDPTzs47NnXQaDJCnKmJNML2uLgwtA49YMHU,false
1499,e6-lifecycle-20260705T172920.829938847Z-c4-real-task-0121,signed_vote1,true,2,1783272564654,0,QmamWwWGyFXDPTzs47NnXQaDJCnKmJNML2uLgwtA49YMHU,false
1500,e6-lifecycle-20260705T172920.829938847Z-c4-real-task-0121,signed_vote2,true,2,1783272564656,0,QmamWwWGyFXDPTzs47NnXQaDJCnKmJNML2uLgwtA49YMHU,false
1501,e6-lifecycle-20260705T172920.829938847Z-c4-real-task-0121,signed_settlement,true,2,1783272564658,0,QmamWwWGyFXDPTzs47NnXQaDJCnKmJNML2uLgwtA49YMHU,false
1502,e6-lifecycle-20260705T172920.829938847Z-c4-real-task-0121,signed_query_latest,true,0,1783272564660,0,QmamWwWGyFXDPTzs47NnXQaDJCnKmJNML2uLgwtA49YMHU,false
1503,e6-lifecycle-20260705T172920.829938847Z-c4-real-task-0122,ipfs_add,true,72,1783272564595,5117,,false
1504,e6-lifecycle-20260705T172920.829938847Z-c4-real-task-0122,signed_posttask,true,2,1783272564667,0,QmXUXcH529nakix9U15cpEidT2HourhoUQvG7aoS3dLkEG,false
1505,e6-lifecycle-20260705T172920.829938847Z-c4-real-task-0121,ipfs_verify,true,10,1783272564660,0,QmamWwWGyFXDPTzs47NnXQaDJCnKmJNML2uLgwtA49YMHU,false
1506,e6-lifecycle-20260705T172920.829938847Z-c4-real-task-0122,signed_postallocation,true,2,1783272564669,0,QmXUXcH529nakix9U15cpEidT2HourhoUQvG7aoS3dLkEG,false
1507,e6-lifecycle-20260705T172920.829938847Z-c4-real-task-0122,signed_post_evalsnapshot,true,3,1783272564671,0,QmXUXcH529nakix9U15cpEidT2HourhoUQvG7aoS3dLkEG,false
1508,e6-lifecycle-20260705T172920.829938847Z-c4-real-task-0122,signed_vote1,true,1,1783272564674,0,QmXUXcH529nakix9U15cpEidT2HourhoUQvG7aoS3dLkEG,false
1509,e6-lifecycle-20260705T172920.829938847Z-c4-real-task-0122,signed_vote2,true,2,1783272564675,0,QmXUXcH529nakix9U15cpEidT2HourhoUQvG7aoS3dLkEG,false
1510,e6-lifecycle-20260705T172920.829938847Z-c4-real-task-0122,signed_settlement,true,2,1783272564677,0,QmXUXcH529nakix9U15cpEidT2HourhoUQvG7aoS3dLkEG,false
1511,e6-lifecycle-20260705T172920.829938847Z-c4-real-task-0122,signed_query_latest,true,0,1783272564679,0,QmXUXcH529nakix9U15cpEidT2HourhoUQvG7aoS3dLkEG,false
1512,e6-lifecycle-20260705T172920.829938847Z-c4-real-task-0122,ipfs_verify,true,9,1783272564679,0,QmXUXcH529nakix9U15cpEidT2HourhoUQvG7aoS3dLkEG,false
1513,e6-lifecycle-20260705T172920.829938847Z-c4-real-task-0123,ipfs_add,true,72,1783272564621,9648,,false
1514,e6-lifecycle-20260705T172920.829938847Z-c4-real-task-0123,signed_posttask,true,4,1783272564693,0,QmUDRUxNR3wiggGYgdFqXj9FiZaoAXkrjj2gf4wreybMnY,false
1515,e6-lifecycle-20260705T172920.829938847Z-c4-real-task-0123,signed_postallocation,true,2,1783272564697,0,QmUDRUxNR3wiggGYgdFqXj9FiZaoAXkrjj2gf4wreybMnY,false
1516,e6-lifecycle-20260705T172920.829938847Z-c4-real-task-0123,signed_post_evalsnapshot,true,2,1783272564699,0,QmUDRUxNR3wiggGYgdFqXj9FiZaoAXkrjj2gf4wreybMnY,false
1517,e6-lifecycle-20260705T172920.829938847Z-c4-real-task-0123,signed_vote1,true,2,1783272564701,0,QmUDRUxNR3wiggGYgdFqXj9FiZaoAXkrjj2gf4wreybMnY,false
1518,e6-lifecycle-20260705T172920.829938847Z-c4-real-task-0123,signed_vote2,true,2,1783272564703,0,QmUDRUxNR3wiggGYgdFqXj9FiZaoAXkrjj2gf4wreybMnY,false
1519,e6-lifecycle-20260705T172920.829938847Z-c4-real-task-0123,signed_settlement,true,2,1783272564705,0,QmUDRUxNR3wiggGYgdFqXj9FiZaoAXkrjj2gf4wreybMnY,false
1520,e6-lifecycle-20260705T172920.829938847Z-c4-real-task-0123,signed_query_latest,true,0,1783272564707,0,QmUDRUxNR3wiggGYgdFqXj9FiZaoAXkrjj2gf4wreybMnY,false
1521,e6-lifecycle-20260705T172920.829938847Z-c4-real-task-0123,ipfs_verify,true,9,1783272564707,0,QmUDRUxNR3wiggGYgdFqXj9FiZaoAXkrjj2gf4wreybMnY,false
1522,e6-lifecycle-20260705T172920.829938847Z-c4-real-task-0130,ipfs_add,true,67,1783272564649,5421,,false
1523,e6-lifecycle-20260705T172920.829938847Z-c4-real-task-0130,signed_posttask,true,3,1783272564716,0,QmasDoPun8NvohoPkm66UZpwkaJFFvmh8hCVDMoxGk7S7Z,false
1524,e6-lifecycle-20260705T172920.829938847Z-c4-real-task-0130,signed_postallocation,true,2,1783272564719,0,QmasDoPun8NvohoPkm66UZpwkaJFFvmh8hCVDMoxGk7S7Z,false
1525,e6-lifecycle-20260705T172920.829938847Z-c4-real-task-0130,signed_post_evalsnapshot,true,2,1783272564721,0,QmasDoPun8NvohoPkm66UZpwkaJFFvmh8hCVDMoxGk7S7Z,false
1526,e6-lifecycle-20260705T172920.829938847Z-c4-real-task-0130,signed_vote1,true,2,1783272564723,0,QmasDoPun8NvohoPkm66UZpwkaJFFvmh8hCVDMoxGk7S7Z,false
1527,e6-lifecycle-20260705T172920.829938847Z-c4-real-task-0130,signed_vote2,true,1,1783272564725,0,QmasDoPun8NvohoPkm66UZpwkaJFFvmh8hCVDMoxGk7S7Z,false
1528,e6-lifecycle-20260705T172920.829938847Z-c4-real-task-0130,signed_settlement,true,2,1783272564726,0,QmasDoPun8NvohoPkm66UZpwkaJFFvmh8hCVDMoxGk7S7Z,false
1529,e6-lifecycle-20260705T172920.829938847Z-c4-real-task-0130,signed_query_latest,true,0,1783272564728,0,QmasDoPun8NvohoPkm66UZpwkaJFFvmh8hCVDMoxGk7S7Z,false
1530,e6-lifecycle-20260705T172920.829938847Z-c4-real-task-0130,ipfs_verify,true,7,1783272564728,0,QmasDoPun8NvohoPkm66UZpwkaJFFvmh8hCVDMoxGk7S7Z,false
1531,e6-lifecycle-20260705T172920.829938847Z-c4-real-task-0125,ipfs_add,true,66,1783272564670,3206,,false
1532,e6-lifecycle-20260705T172920.829938847Z-c4-real-task-0125,signed_posttask,true,1,1783272564736,0,QmWe76Fc6xMc7UE2TtXhWtuzFokCa6FcSgWL6dg6i6SRfJ,false
1533,e6-lifecycle-20260705T172920.829938847Z-c4-real-task-0125,signed_postallocation,true,2,1783272564737,0,QmWe76Fc6xMc7UE2TtXhWtuzFokCa6FcSgWL6dg6i6SRfJ,false
1534,e6-lifecycle-20260705T172920.829938847Z-c4-real-task-0125,signed_post_evalsnapshot,true,2,1783272564739,0,QmWe76Fc6xMc7UE2TtXhWtuzFokCa6FcSgWL6dg6i6SRfJ,false
1535,e6-lifecycle-20260705T172920.829938847Z-c4-real-task-0125,signed_vote1,true,1,1783272564741,0,QmWe76Fc6xMc7UE2TtXhWtuzFokCa6FcSgWL6dg6i6SRfJ,false
1536,e6-lifecycle-20260705T172920.829938847Z-c4-real-task-0125,signed_vote2,true,2,1783272564742,0,QmWe76Fc6xMc7UE2TtXhWtuzFokCa6FcSgWL6dg6i6SRfJ,false
1537,e6-lifecycle-20260705T172920.829938847Z-c4-real-task-0125,signed_settlement,true,2,1783272564744,0,QmWe76Fc6xMc7UE2TtXhWtuzFokCa6FcSgWL6dg6i6SRfJ,false
1538,e6-lifecycle-20260705T172920.829938847Z-c4-real-task-0125,signed_query_latest,true,0,1783272564746,0,QmWe76Fc6xMc7UE2TtXhWtuzFokCa6FcSgWL6dg6i6SRfJ,false
1539,e6-lifecycle-20260705T172920.829938847Z-c4-real-task-0125,ipfs_verify,true,9,1783272564746,0,QmWe76Fc6xMc7UE2TtXhWtuzFokCa6FcSgWL6dg6i6SRfJ,false
1540,e6-lifecycle-20260705T172920.829938847Z-c4-real-task-0126,ipfs_add,true,69,1783272564688,3991,,false
1541,e6-lifecycle-20260705T172920.829938847Z-c4-real-task-0126,signed_posttask,true,2,1783272564757,0,QmPtdsowq8zmmDRQ1z7WASkkcgXTNTYdCxgN5vM5mEmQKU,false
1542,e6-lifecycle-20260705T172920.829938847Z-c4-real-task-0126,signed_postallocation,true,2,1783272564759,0,QmPtdsowq8zmmDRQ1z7WASkkcgXTNTYdCxgN5vM5mEmQKU,false
1543,e6-lifecycle-20260705T172920.829938847Z-c4-real-task-0126,signed_post_evalsnapshot,true,2,1783272564761,0,QmPtdsowq8zmmDRQ1z7WASkkcgXTNTYdCxgN5vM5mEmQKU,false
1544,e6-lifecycle-20260705T172920.829938847Z-c4-real-task-0126,signed_vote1,true,2,1783272564763,0,QmPtdsowq8zmmDRQ1z7WASkkcgXTNTYdCxgN5vM5mEmQKU,false
1545,e6-lifecycle-20260705T172920.829938847Z-c4-real-task-0126,signed_vote2,true,2,1783272564765,0,QmPtdsowq8zmmDRQ1z7WASkkcgXTNTYdCxgN5vM5mEmQKU,false
1546,e6-lifecycle-20260705T172920.829938847Z-c4-real-task-0126,signed_settlement,true,2,1783272564767,0,QmPtdsowq8zmmDRQ1z7WASkkcgXTNTYdCxgN5vM5mEmQKU,false
1547,e6-lifecycle-20260705T172920.829938847Z-c4-real-task-0126,signed_query_latest,true,0,1783272564769,0,QmPtdsowq8zmmDRQ1z7WASkkcgXTNTYdCxgN5vM5mEmQKU,false
1548,e6-lifecycle-20260705T172920.829938847Z-c4-real-task-0126,ipfs_verify,true,8,1783272564769,0,QmPtdsowq8zmmDRQ1z7WASkkcgXTNTYdCxgN5vM5mEmQKU,false
1549,e6-lifecycle-20260705T172920.829938847Z-c4-real-task-0127,ipfs_add,true,61,1783272564716,3969,,false
1550,e6-lifecycle-20260705T172920.829938847Z-c4-real-task-0127,signed_posttask,true,1,1783272564777,0,QmNxQCkAaLmLFLMatMwgJb5bdva2owFTE2JpVTzuEA6pnQ,false
1551,e6-lifecycle-20260705T172920.829938847Z-c4-real-task-0127,signed_postallocation,true,2,1783272564778,0,QmNxQCkAaLmLFLMatMwgJb5bdva2owFTE2JpVTzuEA6pnQ,false
1552,e6-lifecycle-20260705T172920.829938847Z-c4-real-task-0127,signed_post_evalsnapshot,true,2,1783272564780,0,QmNxQCkAaLmLFLMatMwgJb5bdva2owFTE2JpVTzuEA6pnQ,false
1553,e6-lifecycle-20260705T172920.829938847Z-c4-real-task-0127,signed_vote1,true,1,1783272564782,0,QmNxQCkAaLmLFLMatMwgJb5bdva2owFTE2JpVTzuEA6pnQ,false
1554,e6-lifecycle-20260705T172920.829938847Z-c4-real-task-0127,signed_vote2,true,2,1783272564783,0,QmNxQCkAaLmLFLMatMwgJb5bdva2owFTE2JpVTzuEA6pnQ,false
1555,e6-lifecycle-20260705T172920.829938847Z-c4-real-task-0127,signed_settlement,true,2,1783272564785,0,QmNxQCkAaLmLFLMatMwgJb5bdva2owFTE2JpVTzuEA6pnQ,false
1556,e6-lifecycle-20260705T172920.829938847Z-c4-real-task-0127,signed_query_latest,true,0,1783272564787,0,QmNxQCkAaLmLFLMatMwgJb5bdva2owFTE2JpVTzuEA6pnQ,false
1557,e6-lifecycle-20260705T172920.829938847Z-c4-real-task-0127,ipfs_verify,true,11,1783272564787,0,QmNxQCkAaLmLFLMatMwgJb5bdva2owFTE2JpVTzuEA6pnQ,false
1558,e6-lifecycle-20260705T172920.829938847Z-c4-real-task-0128,ipfs_add,true,66,1783272564736,5323,,false
1559,e6-lifecycle-20260705T172920.829938847Z-c4-real-task-0128,signed_posttask,true,3,1783272564802,0,QmQos5pRc9wxqep7nncifrFotxQs5uTEqHL3FeTHYErDSa,false
1560,e6-lifecycle-20260705T172920.829938847Z-c4-real-task-0128,signed_postallocation,true,2,1783272564805,0,QmQos5pRc9wxqep7nncifrFotxQs5uTEqHL3FeTHYErDSa,false
1561,e6-lifecycle-20260705T172920.829938847Z-c4-real-task-0128,signed_post_evalsnapshot,true,1,1783272564807,0,QmQos5pRc9wxqep7nncifrFotxQs5uTEqHL3FeTHYErDSa,false
1562,e6-lifecycle-20260705T172920.829938847Z-c4-real-task-0128,signed_vote1,true,2,1783272564808,0,QmQos5pRc9wxqep7nncifrFotxQs5uTEqHL3FeTHYErDSa,false
1563,e6-lifecycle-20260705T172920.829938847Z-c4-real-task-0128,signed_vote2,true,2,1783272564810,0,QmQos5pRc9wxqep7nncifrFotxQs5uTEqHL3FeTHYErDSa,false
1564,e6-lifecycle-20260705T172920.829938847Z-c4-real-task-0128,signed_settlement,true,2,1783272564812,0,QmQos5pRc9wxqep7nncifrFotxQs5uTEqHL3FeTHYErDSa,false
1565,e6-lifecycle-20260705T172920.829938847Z-c4-real-task-0128,signed_query_latest,true,0,1783272564814,0,QmQos5pRc9wxqep7nncifrFotxQs5uTEqHL3FeTHYErDSa,false
1566,e6-lifecycle-20260705T172920.829938847Z-c4-real-task-0128,ipfs_verify,true,8,1783272564814,0,QmQos5pRc9wxqep7nncifrFotxQs5uTEqHL3FeTHYErDSa,false
1567,e6-lifecycle-20260705T172920.829938847Z-c4-real-task-0129,ipfs_add,true,71,1783272564755,6435,,false
1568,e6-lifecycle-20260705T172920.829938847Z-c4-real-task-0129,signed_posttask,true,2,1783272564826,0,QmRdeeEenQRgmkxSMK2mGyLCkKoN4YhqNwubfvJSfxYpPa,false
1569,e6-lifecycle-20260705T172920.829938847Z-c4-real-task-0129,signed_postallocation,true,2,1783272564828,0,QmRdeeEenQRgmkxSMK2mGyLCkKoN4YhqNwubfvJSfxYpPa,false
1570,e6-lifecycle-20260705T172920.829938847Z-c4-real-task-0129,signed_post_evalsnapshot,true,2,1783272564830,0,QmRdeeEenQRgmkxSMK2mGyLCkKoN4YhqNwubfvJSfxYpPa,false
1571,e6-lifecycle-20260705T172920.829938847Z-c4-real-task-0129,signed_vote1,true,1,1783272564832,0,QmRdeeEenQRgmkxSMK2mGyLCkKoN4YhqNwubfvJSfxYpPa,false
1572,e6-lifecycle-20260705T172920.829938847Z-c4-real-task-0129,signed_vote2,true,2,1783272564833,0,QmRdeeEenQRgmkxSMK2mGyLCkKoN4YhqNwubfvJSfxYpPa,false
1573,e6-lifecycle-20260705T172920.829938847Z-c4-real-task-0129,signed_settlement,true,2,1783272564835,0,QmRdeeEenQRgmkxSMK2mGyLCkKoN4YhqNwubfvJSfxYpPa,false
1574,e6-lifecycle-20260705T172920.829938847Z-c4-real-task-0129,signed_query_latest,true,0,1783272564837,0,QmRdeeEenQRgmkxSMK2mGyLCkKoN4YhqNwubfvJSfxYpPa,false
1575,e6-lifecycle-20260705T172920.829938847Z-c4-real-task-0129,ipfs_verify,true,7,1783272564837,0,QmRdeeEenQRgmkxSMK2mGyLCkKoN4YhqNwubfvJSfxYpPa,false
1576,e6-lifecycle-20260705T172920.829938847Z-c4-real-task-0055,ipfs_add,true,69,1783272564798,3299,,false
1577,e6-lifecycle-20260705T172920.829938847Z-c4-real-task-0055,signed_posttask,true,2,1783272564867,0,QmafKJifZc1XAPwnCM3rfjeY8ycoRWBTEzRKJWmaz2X2pf,false
1578,e6-lifecycle-20260705T172920.829938847Z-c4-real-task-0055,signed_postallocation,true,2,1783272564869,0,QmafKJifZc1XAPwnCM3rfjeY8ycoRWBTEzRKJWmaz2X2pf,false
1579,e6-lifecycle-20260705T172920.829938847Z-c4-real-task-0055,signed_post_evalsnapshot,true,2,1783272564871,0,QmafKJifZc1XAPwnCM3rfjeY8ycoRWBTEzRKJWmaz2X2pf,false
1580,e6-lifecycle-20260705T172920.829938847Z-c4-real-task-0055,signed_vote1,true,2,1783272564873,0,QmafKJifZc1XAPwnCM3rfjeY8ycoRWBTEzRKJWmaz2X2pf,false
1581,e6-lifecycle-20260705T172920.829938847Z-c4-real-task-0055,signed_vote2,true,2,1783272564875,0,QmafKJifZc1XAPwnCM3rfjeY8ycoRWBTEzRKJWmaz2X2pf,false
1582,e6-lifecycle-20260705T172920.829938847Z-c4-real-task-0055,signed_settlement,true,2,1783272564877,0,QmafKJifZc1XAPwnCM3rfjeY8ycoRWBTEzRKJWmaz2X2pf,false
1583,e6-lifecycle-20260705T172920.829938847Z-c4-real-task-0055,signed_query_latest,true,0,1783272564879,0,QmafKJifZc1XAPwnCM3rfjeY8ycoRWBTEzRKJWmaz2X2pf,false
1584,e6-lifecycle-20260705T172920.829938847Z-c4-real-task-0055,ipfs_verify,true,8,1783272564879,0,QmafKJifZc1XAPwnCM3rfjeY8ycoRWBTEzRKJWmaz2X2pf,false
1585,e6-lifecycle-20260705T172920.829938847Z-c4-real-task-0043,ipfs_add,true,66,1783272564822,4365,,false
1586,e6-lifecycle-20260705T172920.829938847Z-c4-real-task-0007,ipfs_add,true,111,1783272564777,1947,,false
1587,e6-lifecycle-20260705T172920.829938847Z-c4-real-task-0043,signed_posttask,true,2,1783272564888,0,QmNyUP9PxhaGNgSe7A4vos9UdtKrgujw25dFezkghCHMSN,false
1588,e6-lifecycle-20260705T172920.829938847Z-c4-real-task-0043,signed_postallocation,true,2,1783272564890,0,QmNyUP9PxhaGNgSe7A4vos9UdtKrgujw25dFezkghCHMSN,false
1589,e6-lifecycle-20260705T172920.829938847Z-c4-real-task-0007,signed_posttask,true,6,1783272564888,0,QmZ2mJtGsrx1z5XKWoUvbBSuSSfsFtGubMTSXMJ9cMGQnJ,false
1590,e6-lifecycle-20260705T172920.829938847Z-c4-real-task-0007,signed_postallocation,true,3,1783272564894,0,QmZ2mJtGsrx1z5XKWoUvbBSuSSfsFtGubMTSXMJ9cMGQnJ,false
1591,e6-lifecycle-20260705T172920.829938847Z-c4-real-task-0043,signed_post_evalsnapshot,true,7,1783272564892,0,QmNyUP9PxhaGNgSe7A4vos9UdtKrgujw25dFezkghCHMSN,false
1592,e6-lifecycle-20260705T172920.829938847Z-c4-real-task-0043,signed_vote1,true,2,1783272564899,0,QmNyUP9PxhaGNgSe7A4vos9UdtKrgujw25dFezkghCHMSN,false
1593,e6-lifecycle-20260705T172920.829938847Z-c4-real-task-0007,signed_post_evalsnapshot,true,6,1783272564897,0,QmZ2mJtGsrx1z5XKWoUvbBSuSSfsFtGubMTSXMJ9cMGQnJ,false
1594,e6-lifecycle-20260705T172920.829938847Z-c4-real-task-0007,signed_vote1,true,1,1783272564903,0,QmZ2mJtGsrx1z5XKWoUvbBSuSSfsFtGubMTSXMJ9cMGQnJ,false
1595,e6-lifecycle-20260705T172920.829938847Z-c4-real-task-0043,signed_vote2,true,5,1783272564901,0,QmNyUP9PxhaGNgSe7A4vos9UdtKrgujw25dFezkghCHMSN,false
1596,e6-lifecycle-20260705T172920.829938847Z-c4-real-task-0043,signed_settlement,true,2,1783272564906,0,QmNyUP9PxhaGNgSe7A4vos9UdtKrgujw25dFezkghCHMSN,false
1597,e6-lifecycle-20260705T172920.829938847Z-c4-real-task-0007,signed_vote2,true,5,1783272564904,0,QmZ2mJtGsrx1z5XKWoUvbBSuSSfsFtGubMTSXMJ9cMGQnJ,false
1598,e6-lifecycle-20260705T172920.829938847Z-c4-real-task-0044,ipfs_add,true,66,1783272564844,1996,,false
1599,e6-lifecycle-20260705T172920.829938847Z-c4-real-task-0007,signed_settlement,true,2,1783272564909,0,QmZ2mJtGsrx1z5XKWoUvbBSuSSfsFtGubMTSXMJ9cMGQnJ,false
1600,e6-lifecycle-20260705T172920.829938847Z-c4-real-task-0043,signed_query_latest,true,3,1783272564908,0,QmNyUP9PxhaGNgSe7A4vos9UdtKrgujw25dFezkghCHMSN,false
1601,e6-lifecycle-20260705T172920.829938847Z-c4-real-task-0044,signed_posttask,true,3,1783272564910,0,QmRdq27qE1F3dGzbT9p9PnePh4D88Nw3KFAmJZ2C7W4jcT,false
1602,e6-lifecycle-20260705T172920.829938847Z-c4-real-task-0007,signed_query_latest,true,4,1783272564911,0,QmZ2mJtGsrx1z5XKWoUvbBSuSSfsFtGubMTSXMJ9cMGQnJ,false
1603,e6-lifecycle-20260705T172920.829938847Z-c4-real-task-0044,signed_postallocation,true,2,1783272564913,0,QmRdq27qE1F3dGzbT9p9PnePh4D88Nw3KFAmJZ2C7W4jcT,false
1604,e6-lifecycle-20260705T172920.829938847Z-c4-real-task-0044,signed_post_evalsnapshot,true,4,1783272564915,0,QmRdq27qE1F3dGzbT9p9PnePh4D88Nw3KFAmJZ2C7W4jcT,false
1605,e6-lifecycle-20260705T172920.829938847Z-c4-real-task-0043,ipfs_verify,true,10,1783272564911,0,QmNyUP9PxhaGNgSe7A4vos9UdtKrgujw25dFezkghCHMSN,false
1606,e6-lifecycle-20260705T172920.829938847Z-c4-real-task-0044,signed_vote1,true,3,1783272564919,0,QmRdq27qE1F3dGzbT9p9PnePh4D88Nw3KFAmJZ2C7W4jcT,false
1607,e6-lifecycle-20260705T172920.829938847Z-c4-real-task-0044,signed_vote2,true,4,1783272564922,0,QmRdq27qE1F3dGzbT9p9PnePh4D88Nw3KFAmJZ2C7W4jcT,false
1608,e6-lifecycle-20260705T172920.829938847Z-c4-real-task-0007,ipfs_verify,true,15,1783272564915,0,QmZ2mJtGsrx1z5XKWoUvbBSuSSfsFtGubMTSXMJ9cMGQnJ,false
1609,e6-lifecycle-20260705T172920.829938847Z-c4-real-task-0044,signed_settlement,true,4,1783272564926,0,QmRdq27qE1F3dGzbT9p9PnePh4D88Nw3KFAmJZ2C7W4jcT,false
1610,e6-lifecycle-20260705T172920.829938847Z-c4-real-task-0044,signed_query_latest,true,0,1783272564930,0,QmRdq27qE1F3dGzbT9p9PnePh4D88Nw3KFAmJZ2C7W4jcT,false
1611,e6-lifecycle-20260705T172920.829938847Z-c4-real-task-0044,ipfs_verify,true,8,1783272564930,0,QmRdq27qE1F3dGzbT9p9PnePh4D88Nw3KFAmJZ2C7W4jcT,false
1612,e6-lifecycle-20260705T172920.829938847Z-c4-real-task-0045,ipfs_add,true,67,1783272564887,2595,,false
1613,e6-lifecycle-20260705T172920.829938847Z-c4-real-task-0046,ipfs_add,true,33,1783272564921,1643,,false
1614,e6-lifecycle-20260705T172920.829938847Z-c4-real-task-0045,signed_posttask,true,1,1783272564954,0,QmfZqW6816xBeSRuQN3KqApyKbwjb4f3u87p8veGLitLQh,false
1615,e6-lifecycle-20260705T172920.829938847Z-c4-real-task-0045,signed_postallocation,true,2,1783272564955,0,QmfZqW6816xBeSRuQN3KqApyKbwjb4f3u87p8veGLitLQh,false
1616,e6-lifecycle-20260705T172920.829938847Z-c4-real-task-0046,signed_posttask,true,5,1783272564954,0,QmTnaHUQXj9xeoWHT2zVraSQfVPSZ3kwXbfxhynCbSD478,false
1617,e6-lifecycle-20260705T172920.829938847Z-c4-real-task-0046,signed_postallocation,true,1,1783272564959,0,QmTnaHUQXj9xeoWHT2zVraSQfVPSZ3kwXbfxhynCbSD478,false
1618,e6-lifecycle-20260705T172920.829938847Z-c4-real-task-0045,signed_post_evalsnapshot,true,5,1783272564957,0,QmfZqW6816xBeSRuQN3KqApyKbwjb4f3u87p8veGLitLQh,false
1619,e6-lifecycle-20260705T172920.829938847Z-c4-real-task-0045,signed_vote1,true,2,1783272564962,0,QmfZqW6816xBeSRuQN3KqApyKbwjb4f3u87p8veGLitLQh,false
1620,e6-lifecycle-20260705T172920.829938847Z-c4-real-task-0046,signed_post_evalsnapshot,true,5,1783272564960,0,QmTnaHUQXj9xeoWHT2zVraSQfVPSZ3kwXbfxhynCbSD478,false
1621,e6-lifecycle-20260705T172920.829938847Z-c4-real-task-0045,signed_vote2,true,3,1783272564964,0,QmfZqW6816xBeSRuQN3KqApyKbwjb4f3u87p8veGLitLQh,false
1622,e6-lifecycle-20260705T172920.829938847Z-c4-real-task-0045,signed_settlement,true,2,1783272564967,0,QmfZqW6816xBeSRuQN3KqApyKbwjb4f3u87p8veGLitLQh,false
1623,e6-lifecycle-20260705T172920.829938847Z-c4-real-task-0046,signed_vote1,true,5,1783272564965,0,QmTnaHUQXj9xeoWHT2zVraSQfVPSZ3kwXbfxhynCbSD478,false
1624,e6-lifecycle-20260705T172920.829938847Z-c4-real-task-0045,signed_query_latest,true,3,1783272564969,0,QmfZqW6816xBeSRuQN3KqApyKbwjb4f3u87p8veGLitLQh,false
1625,e6-lifecycle-20260705T172920.829938847Z-c4-real-task-0046,signed_vote2,true,2,1783272564970,0,QmTnaHUQXj9xeoWHT2zVraSQfVPSZ3kwXbfxhynCbSD478,false
1626,e6-lifecycle-20260705T172920.829938847Z-c4-real-task-0046,signed_settlement,true,2,1783272564972,0,QmTnaHUQXj9xeoWHT2zVraSQfVPSZ3kwXbfxhynCbSD478,false
1627,e6-lifecycle-20260705T172920.829938847Z-c4-real-task-0046,signed_query_latest,true,0,1783272564974,0,QmTnaHUQXj9xeoWHT2zVraSQfVPSZ3kwXbfxhynCbSD478,false
1628,e6-lifecycle-20260705T172920.829938847Z-c4-real-task-0045,ipfs_verify,true,7,1783272564972,0,QmfZqW6816xBeSRuQN3KqApyKbwjb4f3u87p8veGLitLQh,false
1629,e6-lifecycle-20260705T172920.829938847Z-c4-real-task-0046,ipfs_verify,true,6,1783272564974,0,QmTnaHUQXj9xeoWHT2zVraSQfVPSZ3kwXbfxhynCbSD478,false
1630,e6-lifecycle-20260705T172920.829938847Z-c4-real-task-0047,ipfs_add,true,64,1783272564930,4867,,false
1631,e6-lifecycle-20260705T172920.829938847Z-c4-real-task-0047,signed_posttask,true,2,1783272564994,0,QmeV2Nyd6AXfLrfL94BuWtPhgFx2BQKzDFrxvN5H5wGM4v,false
1632,e6-lifecycle-20260705T172920.829938847Z-c4-real-task-0048,ipfs_add,true,59,1783272564938,6584,,false
1633,e6-lifecycle-20260705T172920.829938847Z-c4-real-task-0047,signed_postallocation,true,2,1783272564996,0,QmeV2Nyd6AXfLrfL94BuWtPhgFx2BQKzDFrxvN5H5wGM4v,false
1634,e6-lifecycle-20260705T172920.829938847Z-c4-real-task-0047,signed_post_evalsnapshot,true,2,1783272564998,0,QmeV2Nyd6AXfLrfL94BuWtPhgFx2BQKzDFrxvN5H5wGM4v,false
1635,e6-lifecycle-20260705T172920.829938847Z-c4-real-task-0048,signed_posttask,true,4,1783272564997,0,QmZxwAc5vt22wSQ5mT8jRWQr3tdyJrTwAGgotYvEjWf3wN,false
1636,e6-lifecycle-20260705T172920.829938847Z-c4-real-task-0048,signed_postallocation,true,2,1783272565001,0,QmZxwAc5vt22wSQ5mT8jRWQr3tdyJrTwAGgotYvEjWf3wN,false
1637,e6-lifecycle-20260705T172920.829938847Z-c4-real-task-0047,signed_vote1,true,5,1783272565000,0,QmeV2Nyd6AXfLrfL94BuWtPhgFx2BQKzDFrxvN5H5wGM4v,false
1638,e6-lifecycle-20260705T172920.829938847Z-c4-real-task-0047,signed_vote2,true,2,1783272565005,0,QmeV2Nyd6AXfLrfL94BuWtPhgFx2BQKzDFrxvN5H5wGM4v,false
1639,e6-lifecycle-20260705T172920.829938847Z-c4-real-task-0048,signed_post_evalsnapshot,true,5,1783272565003,0,QmZxwAc5vt22wSQ5mT8jRWQr3tdyJrTwAGgotYvEjWf3wN,false
1640,e6-lifecycle-20260705T172920.829938847Z-c4-real-task-0048,signed_vote1,true,2,1783272565008,0,QmZxwAc5vt22wSQ5mT8jRWQr3tdyJrTwAGgotYvEjWf3wN,false
1641,e6-lifecycle-20260705T172920.829938847Z-c4-real-task-0047,signed_settlement,true,5,1783272565007,0,QmeV2Nyd6AXfLrfL94BuWtPhgFx2BQKzDFrxvN5H5wGM4v,false
1642,e6-lifecycle-20260705T172920.829938847Z-c4-real-task-0047,signed_query_latest,true,0,1783272565012,0,QmeV2Nyd6AXfLrfL94BuWtPhgFx2BQKzDFrxvN5H5wGM4v,false
1643,e6-lifecycle-20260705T172920.829938847Z-c4-real-task-0048,signed_vote2,true,4,1783272565010,0,QmZxwAc5vt22wSQ5mT8jRWQr3tdyJrTwAGgotYvEjWf3wN,false
1644,e6-lifecycle-20260705T172920.829938847Z-c4-real-task-0048,signed_settlement,true,1,1783272565014,0,QmZxwAc5vt22wSQ5mT8jRWQr3tdyJrTwAGgotYvEjWf3wN,false
1645,e6-lifecycle-20260705T172920.829938847Z-c4-real-task-0048,signed_query_latest,true,0,1783272565015,0,QmZxwAc5vt22wSQ5mT8jRWQr3tdyJrTwAGgotYvEjWf3wN,false
1646,e6-lifecycle-20260705T172920.829938847Z-c4-real-task-0049,ipfs_add,true,37,1783272564979,1811,,false
1647,e6-lifecycle-20260705T172920.829938847Z-c4-real-task-0049,signed_posttask,true,1,1783272565016,0,Qme9dPNL59uRhU5hx2jyKbBdCPqBgF1krPA6WvcCYu8eVf,false
1648,e6-lifecycle-20260705T172920.829938847Z-c4-real-task-0047,ipfs_verify,true,7,1783272565012,0,QmeV2Nyd6AXfLrfL94BuWtPhgFx2BQKzDFrxvN5H5wGM4v,false
1649,e6-lifecycle-20260705T172920.829938847Z-c4-real-task-0049,signed_postallocation,true,3,1783272565017,0,Qme9dPNL59uRhU5hx2jyKbBdCPqBgF1krPA6WvcCYu8eVf,false
1650,e6-lifecycle-20260705T172920.829938847Z-c4-real-task-0049,signed_post_evalsnapshot,true,2,1783272565020,0,Qme9dPNL59uRhU5hx2jyKbBdCPqBgF1krPA6WvcCYu8eVf,false
1651,e6-lifecycle-20260705T172920.829938847Z-c4-real-task-0048,ipfs_verify,true,9,1783272565015,0,QmZxwAc5vt22wSQ5mT8jRWQr3tdyJrTwAGgotYvEjWf3wN,false
1652,e6-lifecycle-20260705T172920.829938847Z-c4-real-task-0049,signed_vote1,true,2,1783272565022,0,Qme9dPNL59uRhU5hx2jyKbBdCPqBgF1krPA6WvcCYu8eVf,false
1653,e6-lifecycle-20260705T172920.829938847Z-c4-real-task-0049,signed_vote2,true,3,1783272565024,0,Qme9dPNL59uRhU5hx2jyKbBdCPqBgF1krPA6WvcCYu8eVf,false
1654,e6-lifecycle-20260705T172920.829938847Z-c4-real-task-0049,signed_settlement,true,1,1783272565027,0,Qme9dPNL59uRhU5hx2jyKbBdCPqBgF1krPA6WvcCYu8eVf,false
1655,e6-lifecycle-20260705T172920.829938847Z-c4-real-task-0049,signed_query_latest,true,0,1783272565028,0,Qme9dPNL59uRhU5hx2jyKbBdCPqBgF1krPA6WvcCYu8eVf,false
1656,e6-lifecycle-20260705T172920.829938847Z-c4-real-task-0049,ipfs_verify,true,11,1783272565028,0,Qme9dPNL59uRhU5hx2jyKbBdCPqBgF1krPA6WvcCYu8eVf,false
1657,e6-lifecycle-20260705T172920.829938847Z-c4-real-task-0050,ipfs_add,true,62,1783272564980,1999,,false
1658,e6-lifecycle-20260705T172920.829938847Z-c4-real-task-0050,signed_posttask,true,2,1783272565042,0,QmdV6Xsz9DDJaY4mD6E1omWqFwV485nsfcNWmZWMizL9Jc,false
1659,e6-lifecycle-20260705T172920.829938847Z-c4-real-task-0050,signed_postallocation,true,1,1783272565045,0,QmdV6Xsz9DDJaY4mD6E1omWqFwV485nsfcNWmZWMizL9Jc,false
1660,e6-lifecycle-20260705T172920.829938847Z-c4-real-task-0050,signed_post_evalsnapshot,true,2,1783272565046,0,QmdV6Xsz9DDJaY4mD6E1omWqFwV485nsfcNWmZWMizL9Jc,false
1661,e6-lifecycle-20260705T172920.829938847Z-c4-real-task-0050,signed_vote1,true,2,1783272565048,0,QmdV6Xsz9DDJaY4mD6E1omWqFwV485nsfcNWmZWMizL9Jc,false
1662,e6-lifecycle-20260705T172920.829938847Z-c4-real-task-0050,signed_vote2,true,2,1783272565050,0,QmdV6Xsz9DDJaY4mD6E1omWqFwV485nsfcNWmZWMizL9Jc,false
1663,e6-lifecycle-20260705T172920.829938847Z-c4-real-task-0050,signed_settlement,true,1,1783272565052,0,QmdV6Xsz9DDJaY4mD6E1omWqFwV485nsfcNWmZWMizL9Jc,false
1664,e6-lifecycle-20260705T172920.829938847Z-c4-real-task-0050,signed_query_latest,true,0,1783272565053,0,QmdV6Xsz9DDJaY4mD6E1omWqFwV485nsfcNWmZWMizL9Jc,false
1665,e6-lifecycle-20260705T172920.829938847Z-c4-real-task-0050,ipfs_verify,true,10,1783272565053,0,QmdV6Xsz9DDJaY4mD6E1omWqFwV485nsfcNWmZWMizL9Jc,false
1666,e6-lifecycle-20260705T172920.829938847Z-c4-real-task-0051,ipfs_add,true,45,1783272565019,3763,,false
1667,e6-lifecycle-20260705T172920.829938847Z-c4-real-task-0051,signed_posttask,true,2,1783272565064,0,QmTGsXsSojSBkAHS2R8QsjK4DdKDvRJKAvmLyhxkyrWAi1,false
1668,e6-lifecycle-20260705T172920.829938847Z-c4-real-task-0051,signed_postallocation,true,2,1783272565066,0,QmTGsXsSojSBkAHS2R8QsjK4DdKDvRJKAvmLyhxkyrWAi1,false
1669,e6-lifecycle-20260705T172920.829938847Z-c4-real-task-0051,signed_post_evalsnapshot,true,2,1783272565068,0,QmTGsXsSojSBkAHS2R8QsjK4DdKDvRJKAvmLyhxkyrWAi1,false
1670,e6-lifecycle-20260705T172920.829938847Z-c4-real-task-0051,signed_vote1,true,1,1783272565070,0,QmTGsXsSojSBkAHS2R8QsjK4DdKDvRJKAvmLyhxkyrWAi1,false
1671,e6-lifecycle-20260705T172920.829938847Z-c4-real-task-0051,signed_vote2,true,2,1783272565071,0,QmTGsXsSojSBkAHS2R8QsjK4DdKDvRJKAvmLyhxkyrWAi1,false
1672,e6-lifecycle-20260705T172920.829938847Z-c4-real-task-0051,signed_settlement,true,2,1783272565073,0,QmTGsXsSojSBkAHS2R8QsjK4DdKDvRJKAvmLyhxkyrWAi1,false
1673,e6-lifecycle-20260705T172920.829938847Z-c4-real-task-0051,signed_query_latest,true,0,1783272565075,0,QmTGsXsSojSBkAHS2R8QsjK4DdKDvRJKAvmLyhxkyrWAi1,false
1674,e6-lifecycle-20260705T172920.829938847Z-c4-real-task-0051,ipfs_verify,true,6,1783272565075,0,QmTGsXsSojSBkAHS2R8QsjK4DdKDvRJKAvmLyhxkyrWAi1,false
1675,e6-lifecycle-20260705T172920.829938847Z-c4-real-task-0052,ipfs_add,true,58,1783272565024,3794,,false
1676,e6-lifecycle-20260705T172920.829938847Z-c4-real-task-0052,signed_posttask,true,2,1783272565082,0,Qmbhf75a6jKFm6r3n83e1TgGA1Jv3MZMWPn5DZ6DAQKRGx,false
1677,e6-lifecycle-20260705T172920.829938847Z-c4-real-task-0052,signed_postallocation,true,2,1783272565084,0,Qmbhf75a6jKFm6r3n83e1TgGA1Jv3MZMWPn5DZ6DAQKRGx,false
1678,e6-lifecycle-20260705T172920.829938847Z-c4-real-task-0052,signed_post_evalsnapshot,true,1,1783272565086,0,Qmbhf75a6jKFm6r3n83e1TgGA1Jv3MZMWPn5DZ6DAQKRGx,false
1679,e6-lifecycle-20260705T172920.829938847Z-c4-real-task-0052,signed_vote1,true,2,1783272565087,0,Qmbhf75a6jKFm6r3n83e1TgGA1Jv3MZMWPn5DZ6DAQKRGx,false
1680,e6-lifecycle-20260705T172920.829938847Z-c4-real-task-0052,signed_vote2,true,1,1783272565089,0,Qmbhf75a6jKFm6r3n83e1TgGA1Jv3MZMWPn5DZ6DAQKRGx,false
1681,e6-lifecycle-20260705T172920.829938847Z-c4-real-task-0052,signed_settlement,true,2,1783272565090,0,Qmbhf75a6jKFm6r3n83e1TgGA1Jv3MZMWPn5DZ6DAQKRGx,false
1682,e6-lifecycle-20260705T172920.829938847Z-c4-real-task-0052,signed_query_latest,true,0,1783272565092,0,Qmbhf75a6jKFm6r3n83e1TgGA1Jv3MZMWPn5DZ6DAQKRGx,false
1683,e6-lifecycle-20260705T172920.829938847Z-c4-real-task-0052,ipfs_verify,true,9,1783272565092,0,Qmbhf75a6jKFm6r3n83e1TgGA1Jv3MZMWPn5DZ6DAQKRGx,false
1684,e6-lifecycle-20260705T172920.829938847Z-c4-real-task-0053,ipfs_add,true,64,1783272565039,4728,,false
1685,e6-lifecycle-20260705T172920.829938847Z-c4-real-task-0053,signed_posttask,true,2,1783272565103,0,QmQhmCX3uicZrhvWeBbc6PdBzun14HpniDh8sPFQzpyV9X,false
1686,e6-lifecycle-20260705T172920.829938847Z-c4-real-task-0053,signed_postallocation,true,2,1783272565105,0,QmQhmCX3uicZrhvWeBbc6PdBzun14HpniDh8sPFQzpyV9X,false
1687,e6-lifecycle-20260705T172920.829938847Z-c4-real-task-0053,signed_post_evalsnapshot,true,2,1783272565107,0,QmQhmCX3uicZrhvWeBbc6PdBzun14HpniDh8sPFQzpyV9X,false
1688,e6-lifecycle-20260705T172920.829938847Z-c4-real-task-0053,signed_vote1,true,2,1783272565109,0,QmQhmCX3uicZrhvWeBbc6PdBzun14HpniDh8sPFQzpyV9X,false
1689,e6-lifecycle-20260705T172920.829938847Z-c4-real-task-0053,signed_vote2,true,1,1783272565111,0,QmQhmCX3uicZrhvWeBbc6PdBzun14HpniDh8sPFQzpyV9X,false
1690,e6-lifecycle-20260705T172920.829938847Z-c4-real-task-0053,signed_settlement,true,2,1783272565112,0,QmQhmCX3uicZrhvWeBbc6PdBzun14HpniDh8sPFQzpyV9X,false
1691,e6-lifecycle-20260705T172920.829938847Z-c4-real-task-0053,signed_query_latest,true,0,1783272565114,0,QmQhmCX3uicZrhvWeBbc6PdBzun14HpniDh8sPFQzpyV9X,false
1692,e6-lifecycle-20260705T172920.829938847Z-c4-real-task-0053,ipfs_verify,true,6,1783272565114,0,QmQhmCX3uicZrhvWeBbc6PdBzun14HpniDh8sPFQzpyV9X,false
1693,e6-lifecycle-20260705T172920.829938847Z-c4-real-task-0054,ipfs_add,true,59,1783272565063,5229,,false
1694,e6-lifecycle-20260705T172920.829938847Z-c4-real-task-0054,signed_posttask,true,7,1783272565122,0,QmPnCtNRFcwQFtC6bqhKn6Lncju1wDzgW5MAzMVD7Hqnio,false
1695,e6-lifecycle-20260705T172920.829938847Z-c4-real-task-0054,signed_postallocation,true,2,1783272565129,0,QmPnCtNRFcwQFtC6bqhKn6Lncju1wDzgW5MAzMVD7Hqnio,false
1696,e6-lifecycle-20260705T172920.829938847Z-c4-real-task-0054,signed_post_evalsnapshot,true,3,1783272565131,0,QmPnCtNRFcwQFtC6bqhKn6Lncju1wDzgW5MAzMVD7Hqnio,false
1697,e6-lifecycle-20260705T172920.829938847Z-c4-real-task-0054,signed_vote1,true,2,1783272565134,0,QmPnCtNRFcwQFtC6bqhKn6Lncju1wDzgW5MAzMVD7Hqnio,false
1698,e6-lifecycle-20260705T172920.829938847Z-c4-real-task-0054,signed_vote2,true,2,1783272565136,0,QmPnCtNRFcwQFtC6bqhKn6Lncju1wDzgW5MAzMVD7Hqnio,false
1699,e6-lifecycle-20260705T172920.829938847Z-c4-real-task-0054,signed_settlement,true,2,1783272565138,0,QmPnCtNRFcwQFtC6bqhKn6Lncju1wDzgW5MAzMVD7Hqnio,false
1700,e6-lifecycle-20260705T172920.829938847Z-c4-real-task-0054,signed_query_latest,true,0,1783272565140,0,QmPnCtNRFcwQFtC6bqhKn6Lncju1wDzgW5MAzMVD7Hqnio,false
1701,e6-lifecycle-20260705T172920.829938847Z-c4-real-task-0054,ipfs_verify,true,8,1783272565140,0,QmPnCtNRFcwQFtC6bqhKn6Lncju1wDzgW5MAzMVD7Hqnio,false
1702,e6-lifecycle-20260705T172920.829938847Z-c4-real-task-0061,ipfs_add,true,68,1783272565081,5946,,false
1703,e6-lifecycle-20260705T172920.829938847Z-c4-real-task-0061,signed_posttask,true,2,1783272565149,0,QmZznbE6Q8qgJZM6zko75Z5kysY6RRAzfTKYtPEykpkpaT,false
1704,e6-lifecycle-20260705T172920.829938847Z-c4-real-task-0061,signed_postallocation,true,1,1783272565151,0,QmZznbE6Q8qgJZM6zko75Z5kysY6RRAzfTKYtPEykpkpaT,false
1705,e6-lifecycle-20260705T172920.829938847Z-c4-real-task-0061,signed_post_evalsnapshot,true,2,1783272565152,0,QmZznbE6Q8qgJZM6zko75Z5kysY6RRAzfTKYtPEykpkpaT,false
1706,e6-lifecycle-20260705T172920.829938847Z-c4-real-task-0061,signed_vote1,true,2,1783272565154,0,QmZznbE6Q8qgJZM6zko75Z5kysY6RRAzfTKYtPEykpkpaT,false
1707,e6-lifecycle-20260705T172920.829938847Z-c4-real-task-0061,signed_vote2,true,1,1783272565156,0,QmZznbE6Q8qgJZM6zko75Z5kysY6RRAzfTKYtPEykpkpaT,false
1708,e6-lifecycle-20260705T172920.829938847Z-c4-real-task-0061,signed_settlement,true,2,1783272565157,0,QmZznbE6Q8qgJZM6zko75Z5kysY6RRAzfTKYtPEykpkpaT,false
1709,e6-lifecycle-20260705T172920.829938847Z-c4-real-task-0061,signed_query_latest,true,0,1783272565159,0,QmZznbE6Q8qgJZM6zko75Z5kysY6RRAzfTKYtPEykpkpaT,false
1710,e6-lifecycle-20260705T172920.829938847Z-c4-real-task-0061,ipfs_verify,true,8,1783272565159,0,QmZznbE6Q8qgJZM6zko75Z5kysY6RRAzfTKYtPEykpkpaT,false
1711,e6-lifecycle-20260705T172920.829938847Z-c4-real-task-0056,ipfs_add,true,75,1783272565101,4022,,false
1712,e6-lifecycle-20260705T172920.829938847Z-c4-real-task-0056,signed_posttask,true,5,1783272565176,0,QmZ7pYazDS7aTNmx4r1RUas5pautaRbk4VUrw59C2XLkhW,false
1713,e6-lifecycle-20260705T172920.829938847Z-c4-real-task-0056,signed_postallocation,true,2,1783272565181,0,QmZ7pYazDS7aTNmx4r1RUas5pautaRbk4VUrw59C2XLkhW,false
1714,e6-lifecycle-20260705T172920.829938847Z-c4-real-task-0056,signed_post_evalsnapshot,true,2,1783272565183,0,QmZ7pYazDS7aTNmx4r1RUas5pautaRbk4VUrw59C2XLkhW,false
1715,e6-lifecycle-20260705T172920.829938847Z-c4-real-task-0056,signed_vote1,true,3,1783272565185,0,QmZ7pYazDS7aTNmx4r1RUas5pautaRbk4VUrw59C2XLkhW,false
1716,e6-lifecycle-20260705T172920.829938847Z-c4-real-task-0056,signed_vote2,true,2,1783272565188,0,QmZ7pYazDS7aTNmx4r1RUas5pautaRbk4VUrw59C2XLkhW,false
1717,e6-lifecycle-20260705T172920.829938847Z-c4-real-task-0056,signed_settlement,true,1,1783272565190,0,QmZ7pYazDS7aTNmx4r1RUas5pautaRbk4VUrw59C2XLkhW,false
1718,e6-lifecycle-20260705T172920.829938847Z-c4-real-task-0056,signed_query_latest,true,0,1783272565191,0,QmZ7pYazDS7aTNmx4r1RUas5pautaRbk4VUrw59C2XLkhW,false
1719,e6-lifecycle-20260705T172920.829938847Z-c4-real-task-0057,ipfs_add,true,74,1783272565120,1961,,false
1720,e6-lifecycle-20260705T172920.829938847Z-c4-real-task-0057,signed_posttask,true,2,1783272565194,0,QmXe2mVbUwjU9upyR6EUuSfmWPVCsUJ2XbjviLk1VWsWi5,false
1721,e6-lifecycle-20260705T172920.829938847Z-c4-real-task-0057,signed_postallocation,true,1,1783272565196,0,QmXe2mVbUwjU9upyR6EUuSfmWPVCsUJ2XbjviLk1VWsWi5,false
1722,e6-lifecycle-20260705T172920.829938847Z-c4-real-task-0057,signed_post_evalsnapshot,true,2,1783272565197,0,QmXe2mVbUwjU9upyR6EUuSfmWPVCsUJ2XbjviLk1VWsWi5,false
1723,e6-lifecycle-20260705T172920.829938847Z-c4-real-task-0056,ipfs_verify,true,9,1783272565191,0,QmZ7pYazDS7aTNmx4r1RUas5pautaRbk4VUrw59C2XLkhW,false
1724,e6-lifecycle-20260705T172920.829938847Z-c4-real-task-0057,signed_vote1,true,1,1783272565199,0,QmXe2mVbUwjU9upyR6EUuSfmWPVCsUJ2XbjviLk1VWsWi5,false
1725,e6-lifecycle-20260705T172920.829938847Z-c4-real-task-0057,signed_vote2,true,2,1783272565200,0,QmXe2mVbUwjU9upyR6EUuSfmWPVCsUJ2XbjviLk1VWsWi5,false
1726,e6-lifecycle-20260705T172920.829938847Z-c4-real-task-0057,signed_settlement,true,2,1783272565202,0,QmXe2mVbUwjU9upyR6EUuSfmWPVCsUJ2XbjviLk1VWsWi5,false
1727,e6-lifecycle-20260705T172920.829938847Z-c4-real-task-0057,signed_query_latest,true,0,1783272565204,0,QmXe2mVbUwjU9upyR6EUuSfmWPVCsUJ2XbjviLk1VWsWi5,false
1728,e6-lifecycle-20260705T172920.829938847Z-c4-real-task-0057,ipfs_verify,true,8,1783272565204,0,QmXe2mVbUwjU9upyR6EUuSfmWPVCsUJ2XbjviLk1VWsWi5,false
1729,e6-lifecycle-20260705T172920.829938847Z-c4-real-task-0058,ipfs_add,true,70,1783272565148,2250,,false
1730,e6-lifecycle-20260705T172920.829938847Z-c4-real-task-0058,signed_posttask,true,15,1783272565218,0,QmXUCNGHMpTciMXWytGi2sfx8616VuyyUoqZa3oAtvFoDt,false
1731,e6-lifecycle-20260705T172920.829938847Z-c4-real-task-0058,signed_postallocation,true,2,1783272565233,0,QmXUCNGHMpTciMXWytGi2sfx8616VuyyUoqZa3oAtvFoDt,false
1732,e6-lifecycle-20260705T172920.829938847Z-c4-real-task-0058,signed_post_evalsnapshot,true,2,1783272565235,0,QmXUCNGHMpTciMXWytGi2sfx8616VuyyUoqZa3oAtvFoDt,false
1733,e6-lifecycle-20260705T172920.829938847Z-c4-real-task-0058,signed_vote1,true,2,1783272565237,0,QmXUCNGHMpTciMXWytGi2sfx8616VuyyUoqZa3oAtvFoDt,false
1734,e6-lifecycle-20260705T172920.829938847Z-c4-real-task-0058,signed_vote2,true,2,1783272565239,0,QmXUCNGHMpTciMXWytGi2sfx8616VuyyUoqZa3oAtvFoDt,false
1735,e6-lifecycle-20260705T172920.829938847Z-c4-real-task-0058,signed_settlement,true,2,1783272565241,0,QmXUCNGHMpTciMXWytGi2sfx8616VuyyUoqZa3oAtvFoDt,false
1736,e6-lifecycle-20260705T172920.829938847Z-c4-real-task-0058,signed_query_latest,true,0,1783272565243,0,QmXUCNGHMpTciMXWytGi2sfx8616VuyyUoqZa3oAtvFoDt,false
1737,e6-lifecycle-20260705T172920.829938847Z-c4-real-task-0058,ipfs_verify,true,10,1783272565243,0,QmXUCNGHMpTciMXWytGi2sfx8616VuyyUoqZa3oAtvFoDt,false
1738,e6-lifecycle-20260705T172920.829938847Z-c4-real-task-0059,ipfs_add,true,96,1783272565168,4487,,false
1739,e6-lifecycle-20260705T172920.829938847Z-c4-real-task-0059,signed_posttask,true,2,1783272565264,0,QmPBEGhSk6VvenSUj3Vr6bj3gHyXAjWBknK2erA4F3iiDo,false
1740,e6-lifecycle-20260705T172920.829938847Z-c4-real-task-0059,signed_postallocation,true,130,1783272565266,0,QmPBEGhSk6VvenSUj3Vr6bj3gHyXAjWBknK2erA4F3iiDo,false
1741,e6-lifecycle-20260705T172920.829938847Z-c4-real-task-0059,signed_post_evalsnapshot,true,2,1783272565396,0,QmPBEGhSk6VvenSUj3Vr6bj3gHyXAjWBknK2erA4F3iiDo,false
1742,e6-lifecycle-20260705T172920.829938847Z-c4-real-task-0059,signed_vote1,true,2,1783272565398,0,QmPBEGhSk6VvenSUj3Vr6bj3gHyXAjWBknK2erA4F3iiDo,false
1743,e6-lifecycle-20260705T172920.829938847Z-c4-real-task-0059,signed_vote2,true,2,1783272565400,0,QmPBEGhSk6VvenSUj3Vr6bj3gHyXAjWBknK2erA4F3iiDo,false
1744,e6-lifecycle-20260705T172920.829938847Z-c4-real-task-0059,signed_settlement,true,2,1783272565402,0,QmPBEGhSk6VvenSUj3Vr6bj3gHyXAjWBknK2erA4F3iiDo,false
1745,e6-lifecycle-20260705T172920.829938847Z-c4-real-task-0059,signed_query_latest,true,0,1783272565404,0,QmPBEGhSk6VvenSUj3Vr6bj3gHyXAjWBknK2erA4F3iiDo,false
1746,e6-lifecycle-20260705T172920.829938847Z-c4-real-task-0060,ipfs_add,true,213,1783272565200,5935,,false
1747,e6-lifecycle-20260705T172920.829938847Z-c4-real-task-0059,ipfs_verify,true,9,1783272565404,0,QmPBEGhSk6VvenSUj3Vr6bj3gHyXAjWBknK2erA4F3iiDo,false
1748,e6-lifecycle-20260705T172920.829938847Z-c4-real-task-0060,signed_posttask,true,2,1783272565413,0,QmNcgtQQTiKYTTZfgDnKUurGta1J2EPad8N1cioGFFfEnj,false
1749,e6-lifecycle-20260705T172920.829938847Z-c4-real-task-0060,signed_postallocation,true,2,1783272565415,0,QmNcgtQQTiKYTTZfgDnKUurGta1J2EPad8N1cioGFFfEnj,false
1750,e6-lifecycle-20260705T172920.829938847Z-c4-real-task-0060,signed_post_evalsnapshot,true,2,1783272565417,0,QmNcgtQQTiKYTTZfgDnKUurGta1J2EPad8N1cioGFFfEnj,false
1751,e6-lifecycle-20260705T172920.829938847Z-c4-real-task-0060,signed_vote1,true,2,1783272565419,0,QmNcgtQQTiKYTTZfgDnKUurGta1J2EPad8N1cioGFFfEnj,false
1752,e6-lifecycle-20260705T172920.829938847Z-c4-real-task-0060,signed_vote2,true,2,1783272565421,0,QmNcgtQQTiKYTTZfgDnKUurGta1J2EPad8N1cioGFFfEnj,false
1753,e6-lifecycle-20260705T172920.829938847Z-c4-real-task-0060,signed_settlement,true,3,1783272565423,0,QmNcgtQQTiKYTTZfgDnKUurGta1J2EPad8N1cioGFFfEnj,false
1754,e6-lifecycle-20260705T172920.829938847Z-c4-real-task-0060,signed_query_latest,true,0,1783272565427,0,QmNcgtQQTiKYTTZfgDnKUurGta1J2EPad8N1cioGFFfEnj,false
1755,e6-lifecycle-20260705T172920.829938847Z-c4-real-task-0060,ipfs_verify,true,7,1783272565427,0,QmNcgtQQTiKYTTZfgDnKUurGta1J2EPad8N1cioGFFfEnj,false
1756,e6-lifecycle-20260705T172920.829938847Z-c4-real-task-0131,ipfs_add,true,197,1783272565253,5219,,false
1757,e6-lifecycle-20260705T172920.829938847Z-c4-real-task-0131,signed_posttask,true,3,1783272565450,0,QmZj7xUMfzrxW16za1Jy2ZVd3iayZXWvUsAREvSyZuRbVu,false
1758,e6-lifecycle-20260705T172920.829938847Z-c4-real-task-0131,signed_postallocation,true,2,1783272565453,0,QmZj7xUMfzrxW16za1Jy2ZVd3iayZXWvUsAREvSyZuRbVu,false
1759,e6-lifecycle-20260705T172920.829938847Z-c4-real-task-0131,signed_post_evalsnapshot,true,1,1783272565455,0,QmZj7xUMfzrxW16za1Jy2ZVd3iayZXWvUsAREvSyZuRbVu,false
1760,e6-lifecycle-20260705T172920.829938847Z-c4-real-task-0131,signed_vote1,true,2,1783272565456,0,QmZj7xUMfzrxW16za1Jy2ZVd3iayZXWvUsAREvSyZuRbVu,false
1761,e6-lifecycle-20260705T172920.829938847Z-c4-real-task-0131,signed_vote2,true,2,1783272565458,0,QmZj7xUMfzrxW16za1Jy2ZVd3iayZXWvUsAREvSyZuRbVu,false
1762,e6-lifecycle-20260705T172920.829938847Z-c4-real-task-0131,signed_settlement,true,1,1783272565460,0,QmZj7xUMfzrxW16za1Jy2ZVd3iayZXWvUsAREvSyZuRbVu,false
1763,e6-lifecycle-20260705T172920.829938847Z-c4-real-task-0131,signed_query_latest,true,0,1783272565461,0,QmZj7xUMfzrxW16za1Jy2ZVd3iayZXWvUsAREvSyZuRbVu,false
1764,e6-lifecycle-20260705T172920.829938847Z-c4-real-task-0131,ipfs_verify,true,8,1783272565461,0,QmZj7xUMfzrxW16za1Jy2ZVd3iayZXWvUsAREvSyZuRbVu,false
1765,e6-lifecycle-20260705T172920.829938847Z-c4-real-task-0133,ipfs_add,true,257,1783272565212,4372,,false
1766,e6-lifecycle-20260705T172920.829938847Z-c4-real-task-0132,ipfs_add,true,56,1783272565413,5599,,false
1767,e6-lifecycle-20260705T172920.829938847Z-c4-real-task-0133,signed_posttask,true,2,1783272565469,0,QmV9gx3VUoqhkXRkzRD7hEPhbZz6mSJ82UTFrCpLh1TD3b,false
1768,e6-lifecycle-20260705T172920.829938847Z-c4-real-task-0133,signed_postallocation,true,2,1783272565471,0,QmV9gx3VUoqhkXRkzRD7hEPhbZz6mSJ82UTFrCpLh1TD3b,false
1769,e6-lifecycle-20260705T172920.829938847Z-c4-real-task-0132,signed_posttask,true,5,1783272565469,0,QmYCBqE2NteLr9sLnHjbiStJeVErpKho8QFCw7417W1UW7,false
1770,e6-lifecycle-20260705T172920.829938847Z-c4-real-task-0132,signed_postallocation,true,3,1783272565474,0,QmYCBqE2NteLr9sLnHjbiStJeVErpKho8QFCw7417W1UW7,false
1771,e6-lifecycle-20260705T172920.829938847Z-c4-real-task-0133,signed_post_evalsnapshot,true,5,1783272565473,0,QmV9gx3VUoqhkXRkzRD7hEPhbZz6mSJ82UTFrCpLh1TD3b,false
1772,e6-lifecycle-20260705T172920.829938847Z-c4-real-task-0133,signed_vote1,true,3,1783272565478,0,QmV9gx3VUoqhkXRkzRD7hEPhbZz6mSJ82UTFrCpLh1TD3b,false
1773,e6-lifecycle-20260705T172920.829938847Z-c4-real-task-0132,signed_post_evalsnapshot,true,6,1783272565477,0,QmYCBqE2NteLr9sLnHjbiStJeVErpKho8QFCw7417W1UW7,false
1774,e6-lifecycle-20260705T172920.829938847Z-c4-real-task-0132,signed_vote1,true,1,1783272565483,0,QmYCBqE2NteLr9sLnHjbiStJeVErpKho8QFCw7417W1UW7,false
1775,e6-lifecycle-20260705T172920.829938847Z-c4-real-task-0133,signed_vote2,true,5,1783272565481,0,QmV9gx3VUoqhkXRkzRD7hEPhbZz6mSJ82UTFrCpLh1TD3b,false
1776,e6-lifecycle-20260705T172920.829938847Z-c4-real-task-0133,signed_settlement,true,2,1783272565486,0,QmV9gx3VUoqhkXRkzRD7hEPhbZz6mSJ82UTFrCpLh1TD3b,false
1777,e6-lifecycle-20260705T172920.829938847Z-c4-real-task-0132,signed_vote2,true,5,1783272565484,0,QmYCBqE2NteLr9sLnHjbiStJeVErpKho8QFCw7417W1UW7,false
1778,e6-lifecycle-20260705T172920.829938847Z-c4-real-task-0133,signed_query_latest,true,3,1783272565488,0,QmV9gx3VUoqhkXRkzRD7hEPhbZz6mSJ82UTFrCpLh1TD3b,false
1779,e6-lifecycle-20260705T172920.829938847Z-c4-real-task-0132,signed_settlement,true,2,1783272565489,0,QmYCBqE2NteLr9sLnHjbiStJeVErpKho8QFCw7417W1UW7,false
1780,e6-lifecycle-20260705T172920.829938847Z-c4-real-task-0132,signed_query_latest,true,0,1783272565491,0,QmYCBqE2NteLr9sLnHjbiStJeVErpKho8QFCw7417W1UW7,false
1781,e6-lifecycle-20260705T172920.829938847Z-c4-real-task-0014,ipfs_add,true,57,1783272565435,2050,,false
1782,e6-lifecycle-20260705T172920.829938847Z-c4-real-task-0014,signed_posttask,true,4,1783272565492,0,QmdA4H658GbdXFpaibWrSNhL4kRmi3VbbpP3Y5MfYbX6k2,false
1783,e6-lifecycle-20260705T172920.829938847Z-c4-real-task-0132,ipfs_verify,true,6,1783272565491,0,QmYCBqE2NteLr9sLnHjbiStJeVErpKho8QFCw7417W1UW7,false
1784,e6-lifecycle-20260705T172920.829938847Z-c4-real-task-0133,ipfs_verify,true,7,1783272565491,0,QmV9gx3VUoqhkXRkzRD7hEPhbZz6mSJ82UTFrCpLh1TD3b,false
1785,e6-lifecycle-20260705T172920.829938847Z-c4-real-task-0014,signed_postallocation,true,4,1783272565496,0,QmdA4H658GbdXFpaibWrSNhL4kRmi3VbbpP3Y5MfYbX6k2,false
1786,e6-lifecycle-20260705T172920.829938847Z-c4-real-task-0014,signed_post_evalsnapshot,true,2,1783272565500,0,QmdA4H658GbdXFpaibWrSNhL4kRmi3VbbpP3Y5MfYbX6k2,false
1787,e6-lifecycle-20260705T172920.829938847Z-c4-real-task-0014,signed_vote1,true,2,1783272565502,0,QmdA4H658GbdXFpaibWrSNhL4kRmi3VbbpP3Y5MfYbX6k2,false
1788,e6-lifecycle-20260705T172920.829938847Z-c4-real-task-0014,signed_vote2,true,1,1783272565504,0,QmdA4H658GbdXFpaibWrSNhL4kRmi3VbbpP3Y5MfYbX6k2,false
1789,e6-lifecycle-20260705T172920.829938847Z-c4-real-task-0014,signed_settlement,true,2,1783272565505,0,QmdA4H658GbdXFpaibWrSNhL4kRmi3VbbpP3Y5MfYbX6k2,false
1790,e6-lifecycle-20260705T172920.829938847Z-c4-real-task-0014,signed_query_latest,true,0,1783272565507,0,QmdA4H658GbdXFpaibWrSNhL4kRmi3VbbpP3Y5MfYbX6k2,false
1791,e6-lifecycle-20260705T172920.829938847Z-c4-real-task-0014,ipfs_verify,true,9,1783272565507,0,QmdA4H658GbdXFpaibWrSNhL4kRmi3VbbpP3Y5MfYbX6k2,false
1792,e6-lifecycle-20260705T172920.829938847Z-c4-real-task-0013,ipfs_add,true,49,1783272565469,1794,,false
1793,e6-lifecycle-20260705T172920.829938847Z-c4-real-task-0013,signed_posttask,true,3,1783272565518,0,QmZ836RGQ6upMRwgQ3XnYgMNByct8U1cPTyzW3j4N7nzJk,false
1794,e6-lifecycle-20260705T172920.829938847Z-c4-real-task-0013,signed_postallocation,true,2,1783272565521,0,QmZ836RGQ6upMRwgQ3XnYgMNByct8U1cPTyzW3j4N7nzJk,false
1795,e6-lifecycle-20260705T172920.829938847Z-c4-real-task-0013,signed_post_evalsnapshot,true,2,1783272565523,0,QmZ836RGQ6upMRwgQ3XnYgMNByct8U1cPTyzW3j4N7nzJk,false
1796,e6-lifecycle-20260705T172920.829938847Z-c4-real-task-0013,signed_vote1,true,1,1783272565525,0,QmZ836RGQ6upMRwgQ3XnYgMNByct8U1cPTyzW3j4N7nzJk,false
1797,e6-lifecycle-20260705T172920.829938847Z-c4-real-task-0013,signed_vote2,true,2,1783272565526,0,QmZ836RGQ6upMRwgQ3XnYgMNByct8U1cPTyzW3j4N7nzJk,false
1798,e6-lifecycle-20260705T172920.829938847Z-c4-real-task-0013,signed_settlement,true,2,1783272565528,0,QmZ836RGQ6upMRwgQ3XnYgMNByct8U1cPTyzW3j4N7nzJk,false
1799,e6-lifecycle-20260705T172920.829938847Z-c4-real-task-0013,signed_query_latest,true,0,1783272565530,0,QmZ836RGQ6upMRwgQ3XnYgMNByct8U1cPTyzW3j4N7nzJk,false
1800,e6-lifecycle-20260705T172920.829938847Z-c4-real-task-0013,ipfs_verify,true,7,1783272565530,0,QmZ836RGQ6upMRwgQ3XnYgMNByct8U1cPTyzW3j4N7nzJk,false
1801,e6-lifecycle-20260705T172920.829938847Z-c4-real-task-0231,ipfs_add,true,40,1783272565498,4749,,false
1802,e6-lifecycle-20260705T172920.829938847Z-c4-real-task-0231,signed_posttask,true,5,1783272565538,0,QmZ1zUyz7qR3sEW9z4W3mHUGs871kKaNMsvhBu7yRneVTT,false
1803,e6-lifecycle-20260705T172920.829938847Z-c4-real-task-0231,signed_postallocation,true,2,1783272565543,0,QmZ1zUyz7qR3sEW9z4W3mHUGs871kKaNMsvhBu7yRneVTT,false
1804,e6-lifecycle-20260705T172920.829938847Z-c4-real-task-0231,signed_post_evalsnapshot,true,2,1783272565545,0,QmZ1zUyz7qR3sEW9z4W3mHUGs871kKaNMsvhBu7yRneVTT,false
1805,e6-lifecycle-20260705T172920.829938847Z-c4-real-task-0231,signed_vote1,true,1,1783272565547,0,QmZ1zUyz7qR3sEW9z4W3mHUGs871kKaNMsvhBu7yRneVTT,false
1806,e6-lifecycle-20260705T172920.829938847Z-c4-real-task-0231,signed_vote2,true,2,1783272565548,0,QmZ1zUyz7qR3sEW9z4W3mHUGs871kKaNMsvhBu7yRneVTT,false
1807,e6-lifecycle-20260705T172920.829938847Z-c4-real-task-0231,signed_settlement,true,2,1783272565550,0,QmZ1zUyz7qR3sEW9z4W3mHUGs871kKaNMsvhBu7yRneVTT,false
1808,e6-lifecycle-20260705T172920.829938847Z-c4-real-task-0231,signed_query_latest,true,0,1783272565552,0,QmZ1zUyz7qR3sEW9z4W3mHUGs871kKaNMsvhBu7yRneVTT,false
1809,e6-lifecycle-20260705T172920.829938847Z-c4-real-task-0231,ipfs_verify,true,9,1783272565552,0,QmZ1zUyz7qR3sEW9z4W3mHUGs871kKaNMsvhBu7yRneVTT,false
1810,e6-lifecycle-20260705T172920.829938847Z-c4-real-task-0134,ipfs_add,true,66,1783272565497,5569,,false
1811,e6-lifecycle-20260705T172920.829938847Z-c4-real-task-0134,signed_posttask,true,2,1783272565563,0,QmPW1qU3hoUSoGbD2KjbwxVen41kGxev6EBjJ6zmEFnCrD,false
1812,e6-lifecycle-20260705T172920.829938847Z-c4-real-task-0134,signed_postallocation,true,2,1783272565565,0,QmPW1qU3hoUSoGbD2KjbwxVen41kGxev6EBjJ6zmEFnCrD,false
1813,e6-lifecycle-20260705T172920.829938847Z-c4-real-task-0134,signed_post_evalsnapshot,true,2,1783272565567,0,QmPW1qU3hoUSoGbD2KjbwxVen41kGxev6EBjJ6zmEFnCrD,false
1814,e6-lifecycle-20260705T172920.829938847Z-c4-real-task-0134,signed_vote1,true,2,1783272565569,0,QmPW1qU3hoUSoGbD2KjbwxVen41kGxev6EBjJ6zmEFnCrD,false
1815,e6-lifecycle-20260705T172920.829938847Z-c4-real-task-0134,signed_vote2,true,2,1783272565571,0,QmPW1qU3hoUSoGbD2KjbwxVen41kGxev6EBjJ6zmEFnCrD,false
1816,e6-lifecycle-20260705T172920.829938847Z-c4-real-task-0134,signed_settlement,true,2,1783272565573,0,QmPW1qU3hoUSoGbD2KjbwxVen41kGxev6EBjJ6zmEFnCrD,false
1817,e6-lifecycle-20260705T172920.829938847Z-c4-real-task-0134,signed_query_latest,true,0,1783272565575,0,QmPW1qU3hoUSoGbD2KjbwxVen41kGxev6EBjJ6zmEFnCrD,false
1818,e6-lifecycle-20260705T172920.829938847Z-c4-real-task-0134,ipfs_verify,true,8,1783272565575,0,QmPW1qU3hoUSoGbD2KjbwxVen41kGxev6EBjJ6zmEFnCrD,false
1819,e6-lifecycle-20260705T172920.829938847Z-c4-real-task-0209,ipfs_add,true,74,1783272565516,6194,,false
1820,e6-lifecycle-20260705T172920.829938847Z-c4-real-task-0209,signed_posttask,true,3,1783272565590,0,Qme252yonjeJmYr5f17inPXCqkGhcB4JhPq2rK9zrRu12P,false
1821,e6-lifecycle-20260705T172920.829938847Z-c4-real-task-0209,signed_postallocation,true,2,1783272565593,0,Qme252yonjeJmYr5f17inPXCqkGhcB4JhPq2rK9zrRu12P,false
1822,e6-lifecycle-20260705T172920.829938847Z-c4-real-task-0209,signed_post_evalsnapshot,true,2,1783272565595,0,Qme252yonjeJmYr5f17inPXCqkGhcB4JhPq2rK9zrRu12P,false
1823,e6-lifecycle-20260705T172920.829938847Z-c4-real-task-0209,signed_vote1,true,1,1783272565597,0,Qme252yonjeJmYr5f17inPXCqkGhcB4JhPq2rK9zrRu12P,false
1824,e6-lifecycle-20260705T172920.829938847Z-c4-real-task-0209,signed_vote2,true,2,1783272565598,0,Qme252yonjeJmYr5f17inPXCqkGhcB4JhPq2rK9zrRu12P,false
1825,e6-lifecycle-20260705T172920.829938847Z-c4-real-task-0209,signed_settlement,true,2,1783272565600,0,Qme252yonjeJmYr5f17inPXCqkGhcB4JhPq2rK9zrRu12P,false
1826,e6-lifecycle-20260705T172920.829938847Z-c4-real-task-0209,signed_query_latest,true,0,1783272565602,0,Qme252yonjeJmYr5f17inPXCqkGhcB4JhPq2rK9zrRu12P,false
1827,e6-lifecycle-20260705T172920.829938847Z-c4-real-task-0209,ipfs_verify,true,7,1783272565602,0,Qme252yonjeJmYr5f17inPXCqkGhcB4JhPq2rK9zrRu12P,false
1828,e6-lifecycle-20260705T172920.829938847Z-c4-real-task-0210,ipfs_add,true,72,1783272565537,4993,,false
1829,e6-lifecycle-20260705T172920.829938847Z-c4-real-task-0210,signed_posttask,true,3,1783272565609,0,QmYWQDJhTUHPSwS8macjgfKhMk7DhsPuXJUCoxJ8RUpDKq,false
1830,e6-lifecycle-20260705T172920.829938847Z-c4-real-task-0210,signed_postallocation,true,1,1783272565612,0,QmYWQDJhTUHPSwS8macjgfKhMk7DhsPuXJUCoxJ8RUpDKq,false
1831,e6-lifecycle-20260705T172920.829938847Z-c4-real-task-0210,signed_post_evalsnapshot,true,2,1783272565613,0,QmYWQDJhTUHPSwS8macjgfKhMk7DhsPuXJUCoxJ8RUpDKq,false
1832,e6-lifecycle-20260705T172920.829938847Z-c4-real-task-0210,signed_vote1,true,1,1783272565615,0,QmYWQDJhTUHPSwS8macjgfKhMk7DhsPuXJUCoxJ8RUpDKq,false
1833,e6-lifecycle-20260705T172920.829938847Z-c4-real-task-0210,signed_vote2,true,2,1783272565616,0,QmYWQDJhTUHPSwS8macjgfKhMk7DhsPuXJUCoxJ8RUpDKq,false
1834,e6-lifecycle-20260705T172920.829938847Z-c4-real-task-0210,signed_settlement,true,2,1783272565618,0,QmYWQDJhTUHPSwS8macjgfKhMk7DhsPuXJUCoxJ8RUpDKq,false
1835,e6-lifecycle-20260705T172920.829938847Z-c4-real-task-0210,signed_query_latest,true,0,1783272565620,0,QmYWQDJhTUHPSwS8macjgfKhMk7DhsPuXJUCoxJ8RUpDKq,false
1836,e6-lifecycle-20260705T172920.829938847Z-c4-real-task-0210,ipfs_verify,true,7,1783272565620,0,QmYWQDJhTUHPSwS8macjgfKhMk7DhsPuXJUCoxJ8RUpDKq,false
1837,e6-lifecycle-20260705T172920.829938847Z-c4-real-task-0211,ipfs_add,true,67,1783272565561,2188,,false
1838,e6-lifecycle-20260705T172920.829938847Z-c4-real-task-0211,signed_posttask,true,2,1783272565628,0,QmSruFaoTdkpvWrKYpZR3J5CegMm6LLAWeQUC4xAiE69U9,false
1839,e6-lifecycle-20260705T172920.829938847Z-c4-real-task-0211,signed_postallocation,true,1,1783272565630,0,QmSruFaoTdkpvWrKYpZR3J5CegMm6LLAWeQUC4xAiE69U9,false
1840,e6-lifecycle-20260705T172920.829938847Z-c4-real-task-0211,signed_post_evalsnapshot,true,2,1783272565631,0,QmSruFaoTdkpvWrKYpZR3J5CegMm6LLAWeQUC4xAiE69U9,false
1841,e6-lifecycle-20260705T172920.829938847Z-c4-real-task-0211,signed_vote1,true,1,1783272565633,0,QmSruFaoTdkpvWrKYpZR3J5CegMm6LLAWeQUC4xAiE69U9,false
1842,e6-lifecycle-20260705T172920.829938847Z-c4-real-task-0211,signed_vote2,true,2,1783272565634,0,QmSruFaoTdkpvWrKYpZR3J5CegMm6LLAWeQUC4xAiE69U9,false
1843,e6-lifecycle-20260705T172920.829938847Z-c4-real-task-0211,signed_settlement,true,1,1783272565636,0,QmSruFaoTdkpvWrKYpZR3J5CegMm6LLAWeQUC4xAiE69U9,false
1844,e6-lifecycle-20260705T172920.829938847Z-c4-real-task-0211,signed_query_latest,true,0,1783272565637,0,QmSruFaoTdkpvWrKYpZR3J5CegMm6LLAWeQUC4xAiE69U9,false
1845,e6-lifecycle-20260705T172920.829938847Z-c4-real-task-0211,ipfs_verify,true,7,1783272565637,0,QmSruFaoTdkpvWrKYpZR3J5CegMm6LLAWeQUC4xAiE69U9,false
1846,e6-lifecycle-20260705T172920.829938847Z-c4-real-task-0212,ipfs_add,true,64,1783272565583,2819,,false
1847,e6-lifecycle-20260705T172920.829938847Z-c4-real-task-0212,signed_posttask,true,1,1783272565647,0,Qmaib3WGRkqTQustpCT5rKV9YQe2ieXfDc5aAxzzBF7FaH,false
1848,e6-lifecycle-20260705T172920.829938847Z-c4-real-task-0212,signed_postallocation,true,2,1783272565648,0,Qmaib3WGRkqTQustpCT5rKV9YQe2ieXfDc5aAxzzBF7FaH,false
1849,e6-lifecycle-20260705T172920.829938847Z-c4-real-task-0212,signed_post_evalsnapshot,true,2,1783272565650,0,Qmaib3WGRkqTQustpCT5rKV9YQe2ieXfDc5aAxzzBF7FaH,false
1850,e6-lifecycle-20260705T172920.829938847Z-c4-real-task-0212,signed_vote1,true,2,1783272565652,0,Qmaib3WGRkqTQustpCT5rKV9YQe2ieXfDc5aAxzzBF7FaH,false
1851,e6-lifecycle-20260705T172920.829938847Z-c4-real-task-0212,signed_vote2,true,1,1783272565654,0,Qmaib3WGRkqTQustpCT5rKV9YQe2ieXfDc5aAxzzBF7FaH,false
1852,e6-lifecycle-20260705T172920.829938847Z-c4-real-task-0212,signed_settlement,true,2,1783272565655,0,Qmaib3WGRkqTQustpCT5rKV9YQe2ieXfDc5aAxzzBF7FaH,false
1853,e6-lifecycle-20260705T172920.829938847Z-c4-real-task-0212,signed_query_latest,true,0,1783272565657,0,Qmaib3WGRkqTQustpCT5rKV9YQe2ieXfDc5aAxzzBF7FaH,false
1854,e6-lifecycle-20260705T172920.829938847Z-c4-real-task-0212,ipfs_verify,true,9,1783272565657,0,Qmaib3WGRkqTQustpCT5rKV9YQe2ieXfDc5aAxzzBF7FaH,false
1855,e6-lifecycle-20260705T172920.829938847Z-c4-real-task-0213,ipfs_add,true,64,1783272565609,4132,,false
1856,e6-lifecycle-20260705T172920.829938847Z-c4-real-task-0213,signed_posttask,true,4,1783272565673,0,QmctLbZZivJVW7cFwYF2T1Ru2jPZUBYB55doQKWJ3SD4r5,false
1857,e6-lifecycle-20260705T172920.829938847Z-c4-real-task-0213,signed_postallocation,true,2,1783272565677,0,QmctLbZZivJVW7cFwYF2T1Ru2jPZUBYB55doQKWJ3SD4r5,false
1858,e6-lifecycle-20260705T172920.829938847Z-c4-real-task-0213,signed_post_evalsnapshot,true,4,1783272565679,0,QmctLbZZivJVW7cFwYF2T1Ru2jPZUBYB55doQKWJ3SD4r5,false
1859,e6-lifecycle-20260705T172920.829938847Z-c4-real-task-0213,signed_vote1,true,3,1783272565683,0,QmctLbZZivJVW7cFwYF2T1Ru2jPZUBYB55doQKWJ3SD4r5,false
1860,e6-lifecycle-20260705T172920.829938847Z-c4-real-task-0213,signed_vote2,true,2,1783272565686,0,QmctLbZZivJVW7cFwYF2T1Ru2jPZUBYB55doQKWJ3SD4r5,false
1861,e6-lifecycle-20260705T172920.829938847Z-c4-real-task-0213,signed_settlement,true,2,1783272565688,0,QmctLbZZivJVW7cFwYF2T1Ru2jPZUBYB55doQKWJ3SD4r5,false
1862,e6-lifecycle-20260705T172920.829938847Z-c4-real-task-0213,signed_query_latest,true,0,1783272565690,0,QmctLbZZivJVW7cFwYF2T1Ru2jPZUBYB55doQKWJ3SD4r5,false
1863,e6-lifecycle-20260705T172920.829938847Z-c4-real-task-0213,ipfs_verify,true,10,1783272565690,0,QmctLbZZivJVW7cFwYF2T1Ru2jPZUBYB55doQKWJ3SD4r5,false
1864,e6-lifecycle-20260705T172920.829938847Z-c4-real-task-0214,ipfs_add,true,73,1783272565627,3407,,false
1865,e6-lifecycle-20260705T172920.829938847Z-c4-real-task-0214,signed_posttask,true,3,1783272565700,0,QmW8eUfmmaQLniD2wxDZwMJfZvPcEb95FaZBwzxdvv4GUs,false
1866,e6-lifecycle-20260705T172920.829938847Z-c4-real-task-0214,signed_postallocation,true,2,1783272565703,0,QmW8eUfmmaQLniD2wxDZwMJfZvPcEb95FaZBwzxdvv4GUs,false
1867,e6-lifecycle-20260705T172920.829938847Z-c4-real-task-0214,signed_post_evalsnapshot,true,2,1783272565705,0,QmW8eUfmmaQLniD2wxDZwMJfZvPcEb95FaZBwzxdvv4GUs,false
1868,e6-lifecycle-20260705T172920.829938847Z-c4-real-task-0214,signed_vote1,true,1,1783272565707,0,QmW8eUfmmaQLniD2wxDZwMJfZvPcEb95FaZBwzxdvv4GUs,false
1869,e6-lifecycle-20260705T172920.829938847Z-c4-real-task-0214,signed_vote2,true,2,1783272565708,0,QmW8eUfmmaQLniD2wxDZwMJfZvPcEb95FaZBwzxdvv4GUs,false
1870,e6-lifecycle-20260705T172920.829938847Z-c4-real-task-0214,signed_settlement,true,2,1783272565710,0,QmW8eUfmmaQLniD2wxDZwMJfZvPcEb95FaZBwzxdvv4GUs,false
1871,e6-lifecycle-20260705T172920.829938847Z-c4-real-task-0214,signed_query_latest,true,0,1783272565712,0,QmW8eUfmmaQLniD2wxDZwMJfZvPcEb95FaZBwzxdvv4GUs,false
1872,e6-lifecycle-20260705T172920.829938847Z-c4-real-task-0214,ipfs_verify,true,7,1783272565712,0,QmW8eUfmmaQLniD2wxDZwMJfZvPcEb95FaZBwzxdvv4GUs,false
1873,e6-lifecycle-20260705T172920.829938847Z-c4-real-task-0215,ipfs_add,true,77,1783272565645,5293,,false
1874,e6-lifecycle-20260705T172920.829938847Z-c4-real-task-0215,signed_posttask,true,2,1783272565722,0,QmTpnKYxxgCcizoT1wCDmcgvVbp5FYFvr7h2HQoANwFfJK,false
1875,e6-lifecycle-20260705T172920.829938847Z-c4-real-task-0215,signed_postallocation,true,2,1783272565724,0,QmTpnKYxxgCcizoT1wCDmcgvVbp5FYFvr7h2HQoANwFfJK,false
1876,e6-lifecycle-20260705T172920.829938847Z-c4-real-task-0215,signed_post_evalsnapshot,true,1,1783272565726,0,QmTpnKYxxgCcizoT1wCDmcgvVbp5FYFvr7h2HQoANwFfJK,false
1877,e6-lifecycle-20260705T172920.829938847Z-c4-real-task-0215,signed_vote1,true,2,1783272565727,0,QmTpnKYxxgCcizoT1wCDmcgvVbp5FYFvr7h2HQoANwFfJK,false
1878,e6-lifecycle-20260705T172920.829938847Z-c4-real-task-0215,signed_vote2,true,1,1783272565729,0,QmTpnKYxxgCcizoT1wCDmcgvVbp5FYFvr7h2HQoANwFfJK,false
1879,e6-lifecycle-20260705T172920.829938847Z-c4-real-task-0215,signed_settlement,true,2,1783272565730,0,QmTpnKYxxgCcizoT1wCDmcgvVbp5FYFvr7h2HQoANwFfJK,false
1880,e6-lifecycle-20260705T172920.829938847Z-c4-real-task-0215,signed_query_latest,true,0,1783272565732,0,QmTpnKYxxgCcizoT1wCDmcgvVbp5FYFvr7h2HQoANwFfJK,false
1881,e6-lifecycle-20260705T172920.829938847Z-c4-real-task-0215,ipfs_verify,true,8,1783272565732,0,QmTpnKYxxgCcizoT1wCDmcgvVbp5FYFvr7h2HQoANwFfJK,false
1882,e6-lifecycle-20260705T172920.829938847Z-c4-real-task-0216,ipfs_add,true,74,1783272565666,4886,,false
1883,e6-lifecycle-20260705T172920.829938847Z-c4-real-task-0216,signed_posttask,true,1,1783272565740,0,QmWRqVXWHuiCnyPwtVKNcTtPcSDmJqXWmtgqtbSbCRQFN4,false
1884,e6-lifecycle-20260705T172920.829938847Z-c4-real-task-0216,signed_postallocation,true,2,1783272565741,0,QmWRqVXWHuiCnyPwtVKNcTtPcSDmJqXWmtgqtbSbCRQFN4,false
1885,e6-lifecycle-20260705T172920.829938847Z-c4-real-task-0216,signed_post_evalsnapshot,true,3,1783272565743,0,QmWRqVXWHuiCnyPwtVKNcTtPcSDmJqXWmtgqtbSbCRQFN4,false
1886,e6-lifecycle-20260705T172920.829938847Z-c4-real-task-0216,signed_vote1,true,1,1783272565746,0,QmWRqVXWHuiCnyPwtVKNcTtPcSDmJqXWmtgqtbSbCRQFN4,false
1887,e6-lifecycle-20260705T172920.829938847Z-c4-real-task-0216,signed_vote2,true,2,1783272565747,0,QmWRqVXWHuiCnyPwtVKNcTtPcSDmJqXWmtgqtbSbCRQFN4,false
1888,e6-lifecycle-20260705T172920.829938847Z-c4-real-task-0216,signed_settlement,true,1,1783272565749,0,QmWRqVXWHuiCnyPwtVKNcTtPcSDmJqXWmtgqtbSbCRQFN4,false
1889,e6-lifecycle-20260705T172920.829938847Z-c4-real-task-0216,signed_query_latest,true,0,1783272565750,0,QmWRqVXWHuiCnyPwtVKNcTtPcSDmJqXWmtgqtbSbCRQFN4,false
1890,e6-lifecycle-20260705T172920.829938847Z-c4-real-task-0216,ipfs_verify,true,8,1783272565750,0,QmWRqVXWHuiCnyPwtVKNcTtPcSDmJqXWmtgqtbSbCRQFN4,false
1891,e6-lifecycle-20260705T172920.829938847Z-c4-real-task-0218,ipfs_add,true,58,1783272565719,4685,,false
1892,e6-lifecycle-20260705T172920.829938847Z-c4-real-task-0218,signed_posttask,true,2,1783272565777,0,Qme1iJktEs7YhnQf7MbuHozo4uZPGWWEs3BYJ6zBCFpdMN,false
1893,e6-lifecycle-20260705T172920.829938847Z-c4-real-task-0218,signed_postallocation,true,2,1783272565779,0,Qme1iJktEs7YhnQf7MbuHozo4uZPGWWEs3BYJ6zBCFpdMN,false
1894,e6-lifecycle-20260705T172920.829938847Z-c4-real-task-0218,signed_post_evalsnapshot,true,2,1783272565781,0,Qme1iJktEs7YhnQf7MbuHozo4uZPGWWEs3BYJ6zBCFpdMN,false
1895,e6-lifecycle-20260705T172920.829938847Z-c4-real-task-0218,signed_vote1,true,2,1783272565783,0,Qme1iJktEs7YhnQf7MbuHozo4uZPGWWEs3BYJ6zBCFpdMN,false
1896,e6-lifecycle-20260705T172920.829938847Z-c4-real-task-0218,signed_vote2,true,1,1783272565785,0,Qme1iJktEs7YhnQf7MbuHozo4uZPGWWEs3BYJ6zBCFpdMN,false
1897,e6-lifecycle-20260705T172920.829938847Z-c4-real-task-0218,signed_settlement,true,2,1783272565786,0,Qme1iJktEs7YhnQf7MbuHozo4uZPGWWEs3BYJ6zBCFpdMN,false
1898,e6-lifecycle-20260705T172920.829938847Z-c4-real-task-0218,signed_query_latest,true,0,1783272565788,0,Qme1iJktEs7YhnQf7MbuHozo4uZPGWWEs3BYJ6zBCFpdMN,false
1899,e6-lifecycle-20260705T172920.829938847Z-c4-real-task-0217,ipfs_add,true,96,1783272565700,2716,,false
1900,e6-lifecycle-20260705T172920.829938847Z-c4-real-task-0219,ipfs_add,true,57,1783272565740,2892,,false
1901,e6-lifecycle-20260705T172920.829938847Z-c4-real-task-0218,ipfs_verify,true,9,1783272565788,0,Qme1iJktEs7YhnQf7MbuHozo4uZPGWWEs3BYJ6zBCFpdMN,false
1902,e6-lifecycle-20260705T172920.829938847Z-c4-real-task-0217,signed_posttask,true,3,1783272565796,0,QmSJABdfLv4Bpp2eX5n5HPKM57QCdjn63jgA55THvNNed2,false
1903,e6-lifecycle-20260705T172920.829938847Z-c4-real-task-0217,signed_postallocation,true,2,1783272565799,0,QmSJABdfLv4Bpp2eX5n5HPKM57QCdjn63jgA55THvNNed2,false
1904,e6-lifecycle-20260705T172920.829938847Z-c4-real-task-0219,signed_posttask,true,6,1783272565797,0,QmNhbectLBJKJjaBFkjTFgZM6bzSgrQqfV2nzNGd7hnhXp,false
1905,e6-lifecycle-20260705T172920.829938847Z-c4-real-task-0219,signed_postallocation,true,2,1783272565803,0,QmNhbectLBJKJjaBFkjTFgZM6bzSgrQqfV2nzNGd7hnhXp,false
1906,e6-lifecycle-20260705T172920.829938847Z-c4-real-task-0217,signed_post_evalsnapshot,true,6,1783272565801,0,QmSJABdfLv4Bpp2eX5n5HPKM57QCdjn63jgA55THvNNed2,false
1907,e6-lifecycle-20260705T172920.829938847Z-c4-real-task-0217,signed_vote1,true,2,1783272565807,0,QmSJABdfLv4Bpp2eX5n5HPKM57QCdjn63jgA55THvNNed2,false
1908,e6-lifecycle-20260705T172920.829938847Z-c4-real-task-0219,signed_post_evalsnapshot,true,5,1783272565805,0,QmNhbectLBJKJjaBFkjTFgZM6bzSgrQqfV2nzNGd7hnhXp,false
1909,e6-lifecycle-20260705T172920.829938847Z-c4-real-task-0219,signed_vote1,true,2,1783272565810,0,QmNhbectLBJKJjaBFkjTFgZM6bzSgrQqfV2nzNGd7hnhXp,false
1910,e6-lifecycle-20260705T172920.829938847Z-c4-real-task-0217,signed_vote2,true,5,1783272565809,0,QmSJABdfLv4Bpp2eX5n5HPKM57QCdjn63jgA55THvNNed2,false
1911,e6-lifecycle-20260705T172920.829938847Z-c4-real-task-0217,signed_settlement,true,1,1783272565814,0,QmSJABdfLv4Bpp2eX5n5HPKM57QCdjn63jgA55THvNNed2,false
1912,e6-lifecycle-20260705T172920.829938847Z-c4-real-task-0220,ipfs_add,true,60,1783272565758,4548,,false
1913,e6-lifecycle-20260705T172920.829938847Z-c4-real-task-0219,signed_vote2,true,6,1783272565812,0,QmNhbectLBJKJjaBFkjTFgZM6bzSgrQqfV2nzNGd7hnhXp,false
1914,e6-lifecycle-20260705T172920.829938847Z-c4-real-task-0219,signed_settlement,true,1,1783272565818,0,QmNhbectLBJKJjaBFkjTFgZM6bzSgrQqfV2nzNGd7hnhXp,false
1915,e6-lifecycle-20260705T172920.829938847Z-c4-real-task-0217,signed_query_latest,true,4,1783272565815,0,QmSJABdfLv4Bpp2eX5n5HPKM57QCdjn63jgA55THvNNed2,false
1916,e6-lifecycle-20260705T172920.829938847Z-c4-real-task-0220,signed_posttask,true,3,1783272565818,0,QmYYxvJgNUHcuw3V2RQoYsrDaUwRXmGhJB4S5YoBbJAdi9,false
1917,e6-lifecycle-20260705T172920.829938847Z-c4-real-task-0219,signed_query_latest,true,4,1783272565819,0,QmNhbectLBJKJjaBFkjTFgZM6bzSgrQqfV2nzNGd7hnhXp,false
1918,e6-lifecycle-20260705T172920.829938847Z-c4-real-task-0220,signed_postallocation,true,2,1783272565821,0,QmYYxvJgNUHcuw3V2RQoYsrDaUwRXmGhJB4S5YoBbJAdi9,false
1919,e6-lifecycle-20260705T172920.829938847Z-c4-real-task-0220,signed_post_evalsnapshot,true,1,1783272565823,0,QmYYxvJgNUHcuw3V2RQoYsrDaUwRXmGhJB4S5YoBbJAdi9,false
1920,e6-lifecycle-20260705T172920.829938847Z-c4-real-task-0220,signed_vote1,true,2,1783272565824,0,QmYYxvJgNUHcuw3V2RQoYsrDaUwRXmGhJB4S5YoBbJAdi9,false
1921,e6-lifecycle-20260705T172920.829938847Z-c4-real-task-0217,ipfs_verify,true,7,1783272565819,0,QmSJABdfLv4Bpp2eX5n5HPKM57QCdjn63jgA55THvNNed2,false
1922,e6-lifecycle-20260705T172920.829938847Z-c4-real-task-0220,signed_vote2,true,1,1783272565826,0,QmYYxvJgNUHcuw3V2RQoYsrDaUwRXmGhJB4S5YoBbJAdi9,false
1923,e6-lifecycle-20260705T172920.829938847Z-c4-real-task-0219,ipfs_verify,true,7,1783272565823,0,QmNhbectLBJKJjaBFkjTFgZM6bzSgrQqfV2nzNGd7hnhXp,false
1924,e6-lifecycle-20260705T172920.829938847Z-c4-real-task-0220,signed_settlement,true,6,1783272565827,0,QmYYxvJgNUHcuw3V2RQoYsrDaUwRXmGhJB4S5YoBbJAdi9,false
1925,e6-lifecycle-20260705T172920.829938847Z-c4-real-task-0220,signed_query_latest,true,0,1783272565833,0,QmYYxvJgNUHcuw3V2RQoYsrDaUwRXmGhJB4S5YoBbJAdi9,false
1926,e6-lifecycle-20260705T172920.829938847Z-c4-real-task-0220,ipfs_verify,true,6,1783272565833,0,QmYYxvJgNUHcuw3V2RQoYsrDaUwRXmGhJB4S5YoBbJAdi9,false
1927,e6-lifecycle-20260705T172920.829938847Z-c4-real-task-0221,ipfs_add,true,43,1783272565797,3158,,false
1928,e6-lifecycle-20260705T172920.829938847Z-c4-real-task-0221,signed_posttask,true,4,1783272565840,0,QmWVfmqjcSuDEvXN6AQHwxkPXEvwWEr5xAd7VvqaLGMK2z,false
1929,e6-lifecycle-20260705T172920.829938847Z-c4-real-task-0221,signed_postallocation,true,4,1783272565844,0,QmWVfmqjcSuDEvXN6AQHwxkPXEvwWEr5xAd7VvqaLGMK2z,false
1930,e6-lifecycle-20260705T172920.829938847Z-c4-real-task-0221,signed_post_evalsnapshot,true,2,1783272565848,0,QmWVfmqjcSuDEvXN6AQHwxkPXEvwWEr5xAd7VvqaLGMK2z,false
1931,e6-lifecycle-20260705T172920.829938847Z-c4-real-task-0221,signed_vote1,true,2,1783272565850,0,QmWVfmqjcSuDEvXN6AQHwxkPXEvwWEr5xAd7VvqaLGMK2z,false
1932,e6-lifecycle-20260705T172920.829938847Z-c4-real-task-0221,signed_vote2,true,2,1783272565852,0,QmWVfmqjcSuDEvXN6AQHwxkPXEvwWEr5xAd7VvqaLGMK2z,false
1933,e6-lifecycle-20260705T172920.829938847Z-c4-real-task-0221,signed_settlement,true,2,1783272565854,0,QmWVfmqjcSuDEvXN6AQHwxkPXEvwWEr5xAd7VvqaLGMK2z,false
1934,e6-lifecycle-20260705T172920.829938847Z-c4-real-task-0221,signed_query_latest,true,0,1783272565856,0,QmWVfmqjcSuDEvXN6AQHwxkPXEvwWEr5xAd7VvqaLGMK2z,false
1935,e6-lifecycle-20260705T172920.829938847Z-c4-real-task-0221,ipfs_verify,true,6,1783272565856,0,QmWVfmqjcSuDEvXN6AQHwxkPXEvwWEr5xAd7VvqaLGMK2z,false
1936,e6-lifecycle-20260705T172920.829938847Z-c4-real-task-0222,ipfs_add,true,36,1783272565826,1324,,false
1937,e6-lifecycle-20260705T172920.829938847Z-c4-real-task-0222,signed_posttask,true,3,1783272565862,0,QmS9gSDSA2dNcaqguAdbXiugT37zErUJRQhyYdHW4FYF1Z,false
1938,e6-lifecycle-20260705T172920.829938847Z-c4-real-task-0222,signed_postallocation,true,1,1783272565865,0,QmS9gSDSA2dNcaqguAdbXiugT37zErUJRQhyYdHW4FYF1Z,false
1939,e6-lifecycle-20260705T172920.829938847Z-c4-real-task-0222,signed_post_evalsnapshot,true,2,1783272565866,0,QmS9gSDSA2dNcaqguAdbXiugT37zErUJRQhyYdHW4FYF1Z,false
1940,e6-lifecycle-20260705T172920.829938847Z-c4-real-task-0222,signed_vote1,true,2,1783272565868,0,QmS9gSDSA2dNcaqguAdbXiugT37zErUJRQhyYdHW4FYF1Z,false
1941,e6-lifecycle-20260705T172920.829938847Z-c4-real-task-0222,signed_vote2,true,2,1783272565870,0,QmS9gSDSA2dNcaqguAdbXiugT37zErUJRQhyYdHW4FYF1Z,false
1942,e6-lifecycle-20260705T172920.829938847Z-c4-real-task-0222,signed_settlement,true,1,1783272565872,0,QmS9gSDSA2dNcaqguAdbXiugT37zErUJRQhyYdHW4FYF1Z,false
1943,e6-lifecycle-20260705T172920.829938847Z-c4-real-task-0222,signed_query_latest,true,0,1783272565873,0,QmS9gSDSA2dNcaqguAdbXiugT37zErUJRQhyYdHW4FYF1Z,false
1944,e6-lifecycle-20260705T172920.829938847Z-c4-real-task-0222,ipfs_verify,true,8,1783272565873,0,QmS9gSDSA2dNcaqguAdbXiugT37zErUJRQhyYdHW4FYF1Z,false
1945,e6-lifecycle-20260705T172920.829938847Z-c4-real-task-0223,ipfs_add,true,53,1783272565830,3496,,false
1946,e6-lifecycle-20260705T172920.829938847Z-c4-real-task-0223,signed_posttask,true,3,1783272565883,0,QmWbbDn5PocUVAwa1Z8DaHWZAUyYjNR994MzCi3frghkPT,false
1947,e6-lifecycle-20260705T172920.829938847Z-c4-real-task-0223,signed_postallocation,true,1,1783272565886,0,QmWbbDn5PocUVAwa1Z8DaHWZAUyYjNR994MzCi3frghkPT,false
1948,e6-lifecycle-20260705T172920.829938847Z-c4-real-task-0223,signed_post_evalsnapshot,true,2,1783272565887,0,QmWbbDn5PocUVAwa1Z8DaHWZAUyYjNR994MzCi3frghkPT,false
1949,e6-lifecycle-20260705T172920.829938847Z-c4-real-task-0223,signed_vote1,true,2,1783272565889,0,QmWbbDn5PocUVAwa1Z8DaHWZAUyYjNR994MzCi3frghkPT,false
1950,e6-lifecycle-20260705T172920.829938847Z-c4-real-task-0223,signed_vote2,true,1,1783272565891,0,QmWbbDn5PocUVAwa1Z8DaHWZAUyYjNR994MzCi3frghkPT,false
1951,e6-lifecycle-20260705T172920.829938847Z-c4-real-task-0223,signed_settlement,true,2,1783272565892,0,QmWbbDn5PocUVAwa1Z8DaHWZAUyYjNR994MzCi3frghkPT,false
1952,e6-lifecycle-20260705T172920.829938847Z-c4-real-task-0223,signed_query_latest,true,0,1783272565894,0,QmWbbDn5PocUVAwa1Z8DaHWZAUyYjNR994MzCi3frghkPT,false
1953,e6-lifecycle-20260705T172920.829938847Z-c4-real-task-0223,ipfs_verify,true,7,1783272565894,0,QmWbbDn5PocUVAwa1Z8DaHWZAUyYjNR994MzCi3frghkPT,false
1954,e6-lifecycle-20260705T172920.829938847Z-c4-real-task-0224,ipfs_add,true,63,1783272565839,1434,,false
1955,e6-lifecycle-20260705T172920.829938847Z-c4-real-task-0224,signed_posttask,true,2,1783272565902,0,Qmbpj7kBGWLUhW2szT9f3rx2oZsCwi6t2fMD1Smb2wFi3D,false
1956,e6-lifecycle-20260705T172920.829938847Z-c4-real-task-0224,signed_postallocation,true,1,1783272565904,0,Qmbpj7kBGWLUhW2szT9f3rx2oZsCwi6t2fMD1Smb2wFi3D,false
1957,e6-lifecycle-20260705T172920.829938847Z-c4-real-task-0224,signed_post_evalsnapshot,true,2,1783272565905,0,Qmbpj7kBGWLUhW2szT9f3rx2oZsCwi6t2fMD1Smb2wFi3D,false
1958,e6-lifecycle-20260705T172920.829938847Z-c4-real-task-0224,signed_vote1,true,2,1783272565907,0,Qmbpj7kBGWLUhW2szT9f3rx2oZsCwi6t2fMD1Smb2wFi3D,false
1959,e6-lifecycle-20260705T172920.829938847Z-c4-real-task-0224,signed_vote2,true,2,1783272565909,0,Qmbpj7kBGWLUhW2szT9f3rx2oZsCwi6t2fMD1Smb2wFi3D,false
1960,e6-lifecycle-20260705T172920.829938847Z-c4-real-task-0224,signed_settlement,true,1,1783272565911,0,Qmbpj7kBGWLUhW2szT9f3rx2oZsCwi6t2fMD1Smb2wFi3D,false
1961,e6-lifecycle-20260705T172920.829938847Z-c4-real-task-0224,signed_query_latest,true,0,1783272565912,0,Qmbpj7kBGWLUhW2szT9f3rx2oZsCwi6t2fMD1Smb2wFi3D,false
1962,e6-lifecycle-20260705T172920.829938847Z-c4-real-task-0224,ipfs_verify,true,10,1783272565912,0,Qmbpj7kBGWLUhW2szT9f3rx2oZsCwi6t2fMD1Smb2wFi3D,false
1963,e6-lifecycle-20260705T172920.829938847Z-c4-real-task-0226,ipfs_add,true,63,1783272565881,2097,,false
1964,e6-lifecycle-20260705T172920.829938847Z-c4-real-task-0226,signed_posttask,true,2,1783272565944,0,QmYKcvqVA5kpfJsuCUkNUdEao6JQhFACmrPAQEP38tsjSp,false
1965,e6-lifecycle-20260705T172920.829938847Z-c4-real-task-0226,signed_postallocation,true,2,1783272565946,0,QmYKcvqVA5kpfJsuCUkNUdEao6JQhFACmrPAQEP38tsjSp,false
1966,e6-lifecycle-20260705T172920.829938847Z-c4-real-task-0226,signed_post_evalsnapshot,true,2,1783272565948,0,QmYKcvqVA5kpfJsuCUkNUdEao6JQhFACmrPAQEP38tsjSp,false
1967,e6-lifecycle-20260705T172920.829938847Z-c4-real-task-0226,signed_vote1,true,1,1783272565950,0,QmYKcvqVA5kpfJsuCUkNUdEao6JQhFACmrPAQEP38tsjSp,false
1968,e6-lifecycle-20260705T172920.829938847Z-c4-real-task-0226,signed_vote2,true,2,1783272565951,0,QmYKcvqVA5kpfJsuCUkNUdEao6JQhFACmrPAQEP38tsjSp,false
1969,e6-lifecycle-20260705T172920.829938847Z-c4-real-task-0226,signed_settlement,true,2,1783272565953,0,QmYKcvqVA5kpfJsuCUkNUdEao6JQhFACmrPAQEP38tsjSp,false
1970,e6-lifecycle-20260705T172920.829938847Z-c4-real-task-0226,signed_query_latest,true,0,1783272565955,0,QmYKcvqVA5kpfJsuCUkNUdEao6JQhFACmrPAQEP38tsjSp,false
1971,e6-lifecycle-20260705T172920.829938847Z-c4-real-task-0226,ipfs_verify,true,8,1783272565955,0,QmYKcvqVA5kpfJsuCUkNUdEao6JQhFACmrPAQEP38tsjSp,false
1972,e6-lifecycle-20260705T172920.829938847Z-c4-real-task-0225,ipfs_add,true,101,1783272565862,2951,,false
1973,e6-lifecycle-20260705T172920.829938847Z-c4-real-task-0227,ipfs_add,true,62,1783272565901,2681,,false
1974,e6-lifecycle-20260705T172920.829938847Z-c4-real-task-0225,signed_posttask,true,3,1783272565963,0,QmP2y2GKPy6gwArpzaE2RA5dRRgeXWNUH6Gyquaruz27DM,false
1975,e6-lifecycle-20260705T172920.829938847Z-c4-real-task-0225,signed_postallocation,true,2,1783272565966,0,QmP2y2GKPy6gwArpzaE2RA5dRRgeXWNUH6Gyquaruz27DM,false
1976,e6-lifecycle-20260705T172920.829938847Z-c4-real-task-0227,signed_posttask,true,6,1783272565963,0,QmaotMaC4Hb3cSu92BbQ6XF1kKexFQRifGmXvXQ9CscYbr,false
1977,e6-lifecycle-20260705T172920.829938847Z-c4-real-task-0227,signed_postallocation,true,2,1783272565969,0,QmaotMaC4Hb3cSu92BbQ6XF1kKexFQRifGmXvXQ9CscYbr,false
1978,e6-lifecycle-20260705T172920.829938847Z-c4-real-task-0225,signed_post_evalsnapshot,true,5,1783272565968,0,QmP2y2GKPy6gwArpzaE2RA5dRRgeXWNUH6Gyquaruz27DM,false
1979,e6-lifecycle-20260705T172920.829938847Z-c4-real-task-0225,signed_vote1,true,2,1783272565973,0,QmP2y2GKPy6gwArpzaE2RA5dRRgeXWNUH6Gyquaruz27DM,false
1980,e6-lifecycle-20260705T172920.829938847Z-c4-real-task-0227,signed_post_evalsnapshot,true,5,1783272565971,0,QmaotMaC4Hb3cSu92BbQ6XF1kKexFQRifGmXvXQ9CscYbr,false
1981,e6-lifecycle-20260705T172920.829938847Z-c4-real-task-0227,signed_vote1,true,2,1783272565976,0,QmaotMaC4Hb3cSu92BbQ6XF1kKexFQRifGmXvXQ9CscYbr,false
1982,e6-lifecycle-20260705T172920.829938847Z-c4-real-task-0225,signed_vote2,true,4,1783272565975,0,QmP2y2GKPy6gwArpzaE2RA5dRRgeXWNUH6Gyquaruz27DM,false
1983,e6-lifecycle-20260705T172920.829938847Z-c4-real-task-0225,signed_settlement,true,10,1783272565979,0,QmP2y2GKPy6gwArpzaE2RA5dRRgeXWNUH6Gyquaruz27DM,false
1984,e6-lifecycle-20260705T172920.829938847Z-c4-real-task-0227,signed_vote2,true,13,1783272565978,0,QmaotMaC4Hb3cSu92BbQ6XF1kKexFQRifGmXvXQ9CscYbr,false
1985,e6-lifecycle-20260705T172920.829938847Z-c4-real-task-0228,ipfs_add,true,69,1783272565923,3049,,false
1986,e6-lifecycle-20260705T172920.829938847Z-c4-real-task-0227,signed_settlement,true,4,1783272565991,0,QmaotMaC4Hb3cSu92BbQ6XF1kKexFQRifGmXvXQ9CscYbr,false
1987,e6-lifecycle-20260705T172920.829938847Z-c4-real-task-0225,signed_query_latest,true,6,1783272565989,0,QmP2y2GKPy6gwArpzaE2RA5dRRgeXWNUH6Gyquaruz27DM,false
1988,e6-lifecycle-20260705T172920.829938847Z-c4-real-task-0228,signed_posttask,true,6,1783272565992,0,Qmcg9hZwBNt4mPUVQKwcf3whBnxD8r9WzcLGYR2bbkVKYL,false
1989,e6-lifecycle-20260705T172920.829938847Z-c4-real-task-0227,signed_query_latest,true,5,1783272565995,0,QmaotMaC4Hb3cSu92BbQ6XF1kKexFQRifGmXvXQ9CscYbr,false
1990,e6-lifecycle-20260705T172920.829938847Z-c4-real-task-0228,signed_postallocation,true,2,1783272565998,0,Qmcg9hZwBNt4mPUVQKwcf3whBnxD8r9WzcLGYR2bbkVKYL,false
1991,e6-lifecycle-20260705T172920.829938847Z-c4-real-task-0228,signed_post_evalsnapshot,true,2,1783272566000,0,Qmcg9hZwBNt4mPUVQKwcf3whBnxD8r9WzcLGYR2bbkVKYL,false
1992,e6-lifecycle-20260705T172920.829938847Z-c4-real-task-0225,ipfs_verify,true,8,1783272565995,0,QmP2y2GKPy6gwArpzaE2RA5dRRgeXWNUH6Gyquaruz27DM,false
1993,e6-lifecycle-20260705T172920.829938847Z-c4-real-task-0228,signed_vote1,true,2,1783272566002,0,Qmcg9hZwBNt4mPUVQKwcf3whBnxD8r9WzcLGYR2bbkVKYL,false
1994,e6-lifecycle-20260705T172920.829938847Z-c4-real-task-0228,signed_vote2,true,1,1783272566004,0,Qmcg9hZwBNt4mPUVQKwcf3whBnxD8r9WzcLGYR2bbkVKYL,false
1995,e6-lifecycle-20260705T172920.829938847Z-c4-real-task-0228,signed_settlement,true,2,1783272566005,0,Qmcg9hZwBNt4mPUVQKwcf3whBnxD8r9WzcLGYR2bbkVKYL,false
1996,e6-lifecycle-20260705T172920.829938847Z-c4-real-task-0228,signed_query_latest,true,0,1783272566007,0,Qmcg9hZwBNt4mPUVQKwcf3whBnxD8r9WzcLGYR2bbkVKYL,false
1997,e6-lifecycle-20260705T172920.829938847Z-c4-real-task-0227,ipfs_verify,true,8,1783272566000,0,QmaotMaC4Hb3cSu92BbQ6XF1kKexFQRifGmXvXQ9CscYbr,false
1998,e6-lifecycle-20260705T172920.829938847Z-c4-real-task-0228,ipfs_verify,true,9,1783272566007,0,Qmcg9hZwBNt4mPUVQKwcf3whBnxD8r9WzcLGYR2bbkVKYL,false
1999,e6-lifecycle-20260705T172920.829938847Z-c4-real-task-0229,ipfs_add,true,53,1783272565963,1853,,false
2000,e6-lifecycle-20260705T172920.829938847Z-c4-real-task-0229,signed_posttask,true,2,1783272566016,0,QmU1c3q88Niv1hpqR47GYDb1SQRJPW8Sq3y68qKJ6gnFaK,false
2001,e6-lifecycle-20260705T172920.829938847Z-c4-real-task-0229,signed_postallocation,true,2,1783272566018,0,QmU1c3q88Niv1hpqR47GYDb1SQRJPW8Sq3y68qKJ6gnFaK,false
2002,e6-lifecycle-20260705T172920.829938847Z-c4-real-task-0229,signed_post_evalsnapshot,true,2,1783272566020,0,QmU1c3q88Niv1hpqR47GYDb1SQRJPW8Sq3y68qKJ6gnFaK,false
2003,e6-lifecycle-20260705T172920.829938847Z-c4-real-task-0229,signed_vote1,true,2,1783272566022,0,QmU1c3q88Niv1hpqR47GYDb1SQRJPW8Sq3y68qKJ6gnFaK,false
2004,e6-lifecycle-20260705T172920.829938847Z-c4-real-task-0229,signed_vote2,true,1,1783272566024,0,QmU1c3q88Niv1hpqR47GYDb1SQRJPW8Sq3y68qKJ6gnFaK,false
2005,e6-lifecycle-20260705T172920.829938847Z-c4-real-task-0229,signed_settlement,true,2,1783272566025,0,QmU1c3q88Niv1hpqR47GYDb1SQRJPW8Sq3y68qKJ6gnFaK,false
2006,e6-lifecycle-20260705T172920.829938847Z-c4-real-task-0229,signed_query_latest,true,0,1783272566027,0,QmU1c3q88Niv1hpqR47GYDb1SQRJPW8Sq3y68qKJ6gnFaK,false
2007,e6-lifecycle-20260705T172920.829938847Z-c4-real-task-0229,ipfs_verify,true,8,1783272566027,0,QmU1c3q88Niv1hpqR47GYDb1SQRJPW8Sq3y68qKJ6gnFaK,false
2008,e6-lifecycle-20260705T172920.829938847Z-c4-real-task-0135,ipfs_add,true,46,1783272566008,6297,,false
2009,e6-lifecycle-20260705T172920.829938847Z-c4-real-task-0135,signed_posttask,true,2,1783272566054,0,QmRgs6w8r3X2JvyiVmXrFPnc5Whw1EhTnEw6iDRUTAKBSq,false
2010,e6-lifecycle-20260705T172920.829938847Z-c4-real-task-0135,signed_postallocation,true,2,1783272566056,0,QmRgs6w8r3X2JvyiVmXrFPnc5Whw1EhTnEw6iDRUTAKBSq,false
2011,e6-lifecycle-20260705T172920.829938847Z-c4-real-task-0135,signed_post_evalsnapshot,true,2,1783272566058,0,QmRgs6w8r3X2JvyiVmXrFPnc5Whw1EhTnEw6iDRUTAKBSq,false
2012,e6-lifecycle-20260705T172920.829938847Z-c4-real-task-0135,signed_vote1,true,1,1783272566060,0,QmRgs6w8r3X2JvyiVmXrFPnc5Whw1EhTnEw6iDRUTAKBSq,false
2013,e6-lifecycle-20260705T172920.829938847Z-c4-real-task-0135,signed_vote2,true,2,1783272566061,0,QmRgs6w8r3X2JvyiVmXrFPnc5Whw1EhTnEw6iDRUTAKBSq,false
2014,e6-lifecycle-20260705T172920.829938847Z-c4-real-task-0135,signed_settlement,true,3,1783272566063,0,QmRgs6w8r3X2JvyiVmXrFPnc5Whw1EhTnEw6iDRUTAKBSq,false
2015,e6-lifecycle-20260705T172920.829938847Z-c4-real-task-0135,signed_query_latest,true,0,1783272566066,0,QmRgs6w8r3X2JvyiVmXrFPnc5Whw1EhTnEw6iDRUTAKBSq,false
2016,e6-lifecycle-20260705T172920.829938847Z-c4-real-task-0135,ipfs_verify,true,8,1783272566066,0,QmRgs6w8r3X2JvyiVmXrFPnc5Whw1EhTnEw6iDRUTAKBSq,false
2017,e6-lifecycle-20260705T172920.829938847Z-c4-real-task-0230,ipfs_add,true,73,1783272566003,4672,,false
2018,e6-lifecycle-20260705T172920.829938847Z-c4-real-task-0064,ipfs_add,true,60,1783272566016,1718,,false
2019,e6-lifecycle-20260705T172920.829938847Z-c4-real-task-0230,signed_posttask,true,2,1783272566076,0,QmVVrWGoPddnyHraUM2wUgG7XF2t7LkAUG71CvTqMUfisz,false
2020,e6-lifecycle-20260705T172920.829938847Z-c4-real-task-0230,signed_postallocation,true,2,1783272566078,0,QmVVrWGoPddnyHraUM2wUgG7XF2t7LkAUG71CvTqMUfisz,false
2021,e6-lifecycle-20260705T172920.829938847Z-c4-real-task-0064,signed_posttask,true,6,1783272566076,0,QmdQasboxBg4eG1zCcznaXELJ43EhrApnvszJDpfVQP7gd,false
2022,e6-lifecycle-20260705T172920.829938847Z-c4-real-task-0064,signed_postallocation,true,2,1783272566082,0,QmdQasboxBg4eG1zCcznaXELJ43EhrApnvszJDpfVQP7gd,false
2023,e6-lifecycle-20260705T172920.829938847Z-c4-real-task-0230,signed_post_evalsnapshot,true,6,1783272566080,0,QmVVrWGoPddnyHraUM2wUgG7XF2t7LkAUG71CvTqMUfisz,false
2024,e6-lifecycle-20260705T172920.829938847Z-c4-real-task-0230,signed_vote1,true,2,1783272566086,0,QmVVrWGoPddnyHraUM2wUgG7XF2t7LkAUG71CvTqMUfisz,false
2025,e6-lifecycle-20260705T172920.829938847Z-c4-real-task-0064,signed_post_evalsnapshot,true,6,1783272566084,0,QmdQasboxBg4eG1zCcznaXELJ43EhrApnvszJDpfVQP7gd,false
2026,e6-lifecycle-20260705T172920.829938847Z-c4-real-task-0064,signed_vote1,true,2,1783272566090,0,QmdQasboxBg4eG1zCcznaXELJ43EhrApnvszJDpfVQP7gd,false
2027,e6-lifecycle-20260705T172920.829938847Z-c4-real-task-0230,signed_vote2,true,5,1783272566088,0,QmVVrWGoPddnyHraUM2wUgG7XF2t7LkAUG71CvTqMUfisz,false
2028,e6-lifecycle-20260705T172920.829938847Z-c4-real-task-0230,signed_settlement,true,2,1783272566093,0,QmVVrWGoPddnyHraUM2wUgG7XF2t7LkAUG71CvTqMUfisz,false
2029,e6-lifecycle-20260705T172920.829938847Z-c4-real-task-0064,signed_vote2,true,5,1783272566092,0,QmdQasboxBg4eG1zCcznaXELJ43EhrApnvszJDpfVQP7gd,false
2030,e6-lifecycle-20260705T172920.829938847Z-c4-real-task-0230,signed_query_latest,true,4,1783272566095,0,QmVVrWGoPddnyHraUM2wUgG7XF2t7LkAUG71CvTqMUfisz,false
2031,e6-lifecycle-20260705T172920.829938847Z-c4-real-task-0062,ipfs_add,true,64,1783272566035,1552,,false
2032,e6-lifecycle-20260705T172920.829938847Z-c4-real-task-0064,signed_settlement,true,2,1783272566097,0,QmdQasboxBg4eG1zCcznaXELJ43EhrApnvszJDpfVQP7gd,false
2033,e6-lifecycle-20260705T172920.829938847Z-c4-real-task-0062,signed_posttask,true,2,1783272566099,0,Qmb6iH1Q8fsUxVYrQmrcgAvCnH14JPTvzRbCctsufq5we3,false
2034,e6-lifecycle-20260705T172920.829938847Z-c4-real-task-0064,signed_query_latest,true,4,1783272566099,0,QmdQasboxBg4eG1zCcznaXELJ43EhrApnvszJDpfVQP7gd,false
2035,e6-lifecycle-20260705T172920.829938847Z-c4-real-task-0062,signed_postallocation,true,2,1783272566101,0,Qmb6iH1Q8fsUxVYrQmrcgAvCnH14JPTvzRbCctsufq5we3,false
2036,e6-lifecycle-20260705T172920.829938847Z-c4-real-task-0062,signed_post_evalsnapshot,true,1,1783272566103,0,Qmb6iH1Q8fsUxVYrQmrcgAvCnH14JPTvzRbCctsufq5we3,false
2037,e6-lifecycle-20260705T172920.829938847Z-c4-real-task-0062,signed_vote1,true,2,1783272566104,0,Qmb6iH1Q8fsUxVYrQmrcgAvCnH14JPTvzRbCctsufq5we3,false
2038,e6-lifecycle-20260705T172920.829938847Z-c4-real-task-0230,ipfs_verify,true,8,1783272566099,0,QmVVrWGoPddnyHraUM2wUgG7XF2t7LkAUG71CvTqMUfisz,false
2039,e6-lifecycle-20260705T172920.829938847Z-c4-real-task-0062,signed_vote2,true,2,1783272566106,0,Qmb6iH1Q8fsUxVYrQmrcgAvCnH14JPTvzRbCctsufq5we3,false
2040,e6-lifecycle-20260705T172920.829938847Z-c4-real-task-0064,ipfs_verify,true,7,1783272566103,0,QmdQasboxBg4eG1zCcznaXELJ43EhrApnvszJDpfVQP7gd,false
2041,e6-lifecycle-20260705T172920.829938847Z-c4-real-task-0062,signed_settlement,true,5,1783272566108,0,Qmb6iH1Q8fsUxVYrQmrcgAvCnH14JPTvzRbCctsufq5we3,false
2042,e6-lifecycle-20260705T172920.829938847Z-c4-real-task-0062,signed_query_latest,true,0,1783272566113,0,Qmb6iH1Q8fsUxVYrQmrcgAvCnH14JPTvzRbCctsufq5we3,false
2043,e6-lifecycle-20260705T172920.829938847Z-c4-real-task-0063,ipfs_add,true,46,1783272566074,1951,,false
2044,e6-lifecycle-20260705T172920.829938847Z-c4-real-task-0063,signed_posttask,true,2,1783272566120,0,Qmeq8QyrjD6bZ4YprHuPoMgTMvTCxaH2JtzMLSbHb4KCGp,false
2045,e6-lifecycle-20260705T172920.829938847Z-c4-real-task-0062,ipfs_verify,true,10,1783272566113,0,Qmb6iH1Q8fsUxVYrQmrcgAvCnH14JPTvzRbCctsufq5we3,false
2046,e6-lifecycle-20260705T172920.829938847Z-c4-real-task-0063,signed_postallocation,true,2,1783272566122,0,Qmeq8QyrjD6bZ4YprHuPoMgTMvTCxaH2JtzMLSbHb4KCGp,false
2047,e6-lifecycle-20260705T172920.829938847Z-c4-real-task-0063,signed_post_evalsnapshot,true,3,1783272566124,0,Qmeq8QyrjD6bZ4YprHuPoMgTMvTCxaH2JtzMLSbHb4KCGp,false
2048,e6-lifecycle-20260705T172920.829938847Z-c4-real-task-0063,signed_vote1,true,1,1783272566127,0,Qmeq8QyrjD6bZ4YprHuPoMgTMvTCxaH2JtzMLSbHb4KCGp,false
2049,e6-lifecycle-20260705T172920.829938847Z-c4-real-task-0063,signed_vote2,true,3,1783272566128,0,Qmeq8QyrjD6bZ4YprHuPoMgTMvTCxaH2JtzMLSbHb4KCGp,false
2050,e6-lifecycle-20260705T172920.829938847Z-c4-real-task-0063,signed_settlement,true,2,1783272566131,0,Qmeq8QyrjD6bZ4YprHuPoMgTMvTCxaH2JtzMLSbHb4KCGp,false
2051,e6-lifecycle-20260705T172920.829938847Z-c4-real-task-0063,signed_query_latest,true,0,1783272566133,0,Qmeq8QyrjD6bZ4YprHuPoMgTMvTCxaH2JtzMLSbHb4KCGp,false
2052,e6-lifecycle-20260705T172920.829938847Z-c4-real-task-0063,ipfs_verify,true,11,1783272566133,0,Qmeq8QyrjD6bZ4YprHuPoMgTMvTCxaH2JtzMLSbHb4KCGp,false
2053,e6-lifecycle-20260705T172920.829938847Z-c4-real-task-0065,ipfs_add,true,55,1783272566110,1532,,false
2054,e6-lifecycle-20260705T172920.829938847Z-c4-real-task-0065,signed_posttask,true,2,1783272566165,0,QmTgn7Ef8bcgXc76teLMLFWfXkkV1kNKoL8EES2YSp6nVT,false
2055,e6-lifecycle-20260705T172920.829938847Z-c4-real-task-0065,signed_postallocation,true,2,1783272566167,0,QmTgn7Ef8bcgXc76teLMLFWfXkkV1kNKoL8EES2YSp6nVT,false
2056,e6-lifecycle-20260705T172920.829938847Z-c4-real-task-0065,signed_post_evalsnapshot,true,2,1783272566169,0,QmTgn7Ef8bcgXc76teLMLFWfXkkV1kNKoL8EES2YSp6nVT,false
2057,e6-lifecycle-20260705T172920.829938847Z-c4-real-task-0065,signed_vote1,true,3,1783272566171,0,QmTgn7Ef8bcgXc76teLMLFWfXkkV1kNKoL8EES2YSp6nVT,false
2058,e6-lifecycle-20260705T172920.829938847Z-c4-real-task-0065,signed_vote2,true,2,1783272566174,0,QmTgn7Ef8bcgXc76teLMLFWfXkkV1kNKoL8EES2YSp6nVT,false
2059,e6-lifecycle-20260705T172920.829938847Z-c4-real-task-0065,signed_settlement,true,2,1783272566176,0,QmTgn7Ef8bcgXc76teLMLFWfXkkV1kNKoL8EES2YSp6nVT,false
2060,e6-lifecycle-20260705T172920.829938847Z-c4-real-task-0065,signed_query_latest,true,0,1783272566178,0,QmTgn7Ef8bcgXc76teLMLFWfXkkV1kNKoL8EES2YSp6nVT,false
2061,e6-lifecycle-20260705T172920.829938847Z-c4-real-task-0065,ipfs_verify,true,6,1783272566178,0,QmTgn7Ef8bcgXc76teLMLFWfXkkV1kNKoL8EES2YSp6nVT,false
2062,e6-lifecycle-20260705T172920.829938847Z-c4-real-task-0243,ipfs_add,true,62,1783272566123,1456,,false
2063,e6-lifecycle-20260705T172920.829938847Z-c4-real-task-0066,ipfs_add,true,78,1783272566107,1779,,false
2064,e6-lifecycle-20260705T172920.829938847Z-c4-real-task-0243,signed_posttask,true,2,1783272566185,0,QmRSRcL9QGoh8VvDT2ixSsZg96fnWrX8z1a5S7uHJpt7kp,false
2065,e6-lifecycle-20260705T172920.829938847Z-c4-real-task-0243,signed_postallocation,true,1,1783272566187,0,QmRSRcL9QGoh8VvDT2ixSsZg96fnWrX8z1a5S7uHJpt7kp,false
2066,e6-lifecycle-20260705T172920.829938847Z-c4-real-task-0066,signed_posttask,true,5,1783272566185,0,QmQadZaKvSss26axAEh58nbypRZhkvyv9qKSdKwsKrR3VT,false
2067,e6-lifecycle-20260705T172920.829938847Z-c4-real-task-0066,signed_postallocation,true,2,1783272566190,0,QmQadZaKvSss26axAEh58nbypRZhkvyv9qKSdKwsKrR3VT,false
2068,e6-lifecycle-20260705T172920.829938847Z-c4-real-task-0243,signed_post_evalsnapshot,true,6,1783272566188,0,QmRSRcL9QGoh8VvDT2ixSsZg96fnWrX8z1a5S7uHJpt7kp,false
2069,e6-lifecycle-20260705T172920.829938847Z-c4-real-task-0243,signed_vote1,true,2,1783272566194,0,QmRSRcL9QGoh8VvDT2ixSsZg96fnWrX8z1a5S7uHJpt7kp,false
2070,e6-lifecycle-20260705T172920.829938847Z-c4-real-task-0066,signed_post_evalsnapshot,true,6,1783272566192,0,QmQadZaKvSss26axAEh58nbypRZhkvyv9qKSdKwsKrR3VT,false
2071,e6-lifecycle-20260705T172920.829938847Z-c4-real-task-0066,signed_vote1,true,1,1783272566198,0,QmQadZaKvSss26axAEh58nbypRZhkvyv9qKSdKwsKrR3VT,false
2072,e6-lifecycle-20260705T172920.829938847Z-c4-real-task-0243,signed_vote2,true,6,1783272566196,0,QmRSRcL9QGoh8VvDT2ixSsZg96fnWrX8z1a5S7uHJpt7kp,false
2073,e6-lifecycle-20260705T172920.829938847Z-c4-real-task-0243,signed_settlement,true,2,1783272566202,0,QmRSRcL9QGoh8VvDT2ixSsZg96fnWrX8z1a5S7uHJpt7kp,false
2074,e6-lifecycle-20260705T172920.829938847Z-c4-real-task-0066,signed_vote2,true,7,1783272566199,0,QmQadZaKvSss26axAEh58nbypRZhkvyv9qKSdKwsKrR3VT,false
2075,e6-lifecycle-20260705T172920.829938847Z-c4-real-task-0232,ipfs_add,true,63,1783272566144,5652,,false
2076,e6-lifecycle-20260705T172920.829938847Z-c4-real-task-0243,signed_query_latest,true,4,1783272566204,0,QmRSRcL9QGoh8VvDT2ixSsZg96fnWrX8z1a5S7uHJpt7kp,false
2077,e6-lifecycle-20260705T172920.829938847Z-c4-real-task-0066,signed_settlement,true,2,1783272566206,0,QmQadZaKvSss26axAEh58nbypRZhkvyv9qKSdKwsKrR3VT,false
2078,e6-lifecycle-20260705T172920.829938847Z-c4-real-task-0232,signed_posttask,true,11,1783272566207,0,QmSoSsUedyqXDpWjs8cPi259zwcokeishbBomFLbck3bFS,false
2079,e6-lifecycle-20260705T172920.829938847Z-c4-real-task-0066,signed_query_latest,true,12,1783272566208,0,QmQadZaKvSss26axAEh58nbypRZhkvyv9qKSdKwsKrR3VT,false
2080,e6-lifecycle-20260705T172920.829938847Z-c4-real-task-0232,signed_postallocation,true,2,1783272566218,0,QmSoSsUedyqXDpWjs8cPi259zwcokeishbBomFLbck3bFS,false
2081,e6-lifecycle-20260705T172920.829938847Z-c4-real-task-0232,signed_post_evalsnapshot,true,3,1783272566220,0,QmSoSsUedyqXDpWjs8cPi259zwcokeishbBomFLbck3bFS,false
2082,e6-lifecycle-20260705T172920.829938847Z-c4-real-task-0232,signed_vote1,true,2,1783272566223,0,QmSoSsUedyqXDpWjs8cPi259zwcokeishbBomFLbck3bFS,false
2083,e6-lifecycle-20260705T172920.829938847Z-c4-real-task-0232,signed_vote2,true,2,1783272566225,0,QmSoSsUedyqXDpWjs8cPi259zwcokeishbBomFLbck3bFS,false
2084,e6-lifecycle-20260705T172920.829938847Z-c4-real-task-0243,ipfs_verify,true,21,1783272566208,0,QmRSRcL9QGoh8VvDT2ixSsZg96fnWrX8z1a5S7uHJpt7kp,false
2085,e6-lifecycle-20260705T172920.829938847Z-c4-real-task-0232,signed_settlement,true,3,1783272566227,0,QmSoSsUedyqXDpWjs8cPi259zwcokeishbBomFLbck3bFS,false
2086,e6-lifecycle-20260705T172920.829938847Z-c4-real-task-0232,signed_query_latest,true,0,1783272566230,0,QmSoSsUedyqXDpWjs8cPi259zwcokeishbBomFLbck3bFS,false
2087,e6-lifecycle-20260705T172920.829938847Z-c4-real-task-0066,ipfs_verify,true,16,1783272566220,0,QmQadZaKvSss26axAEh58nbypRZhkvyv9qKSdKwsKrR3VT,false
2088,e6-lifecycle-20260705T172920.829938847Z-c4-real-task-0232,ipfs_verify,true,12,1783272566230,0,QmSoSsUedyqXDpWjs8cPi259zwcokeishbBomFLbck3bFS,false
2089,e6-lifecycle-20260705T172920.829938847Z-c4-real-task-0235,ipfs_add,true,50,1783272566236,3473,,false
2090,e6-lifecycle-20260705T172920.829938847Z-c4-real-task-0233,ipfs_add,true,102,1783272566184,5561,,false
2091,e6-lifecycle-20260705T172920.829938847Z-c4-real-task-0235,signed_posttask,true,2,1783272566286,0,QmYicVCk9mEpCXvCjMGcMHHmbJVaPePcbBgZQABLWpBqqW,false
2092,e6-lifecycle-20260705T172920.829938847Z-c4-real-task-0235,signed_postallocation,true,2,1783272566288,0,QmYicVCk9mEpCXvCjMGcMHHmbJVaPePcbBgZQABLWpBqqW,false
2093,e6-lifecycle-20260705T172920.829938847Z-c4-real-task-0233,signed_posttask,true,5,1783272566286,0,QmPiTWkJT1mbrmoTnV9zypQTW3Way5fUm3QKFnVCGaYeHm,false
2094,e6-lifecycle-20260705T172920.829938847Z-c4-real-task-0233,signed_postallocation,true,2,1783272566291,0,QmPiTWkJT1mbrmoTnV9zypQTW3Way5fUm3QKFnVCGaYeHm,false
2095,e6-lifecycle-20260705T172920.829938847Z-c4-real-task-0235,signed_post_evalsnapshot,true,5,1783272566290,0,QmYicVCk9mEpCXvCjMGcMHHmbJVaPePcbBgZQABLWpBqqW,false
2096,e6-lifecycle-20260705T172920.829938847Z-c4-real-task-0235,signed_vote1,true,2,1783272566295,0,QmYicVCk9mEpCXvCjMGcMHHmbJVaPePcbBgZQABLWpBqqW,false
2097,e6-lifecycle-20260705T172920.829938847Z-c4-real-task-0233,signed_post_evalsnapshot,true,5,1783272566293,0,QmPiTWkJT1mbrmoTnV9zypQTW3Way5fUm3QKFnVCGaYeHm,false
2098,e6-lifecycle-20260705T172920.829938847Z-c4-real-task-0233,signed_vote1,true,2,1783272566298,0,QmPiTWkJT1mbrmoTnV9zypQTW3Way5fUm3QKFnVCGaYeHm,false
2099,e6-lifecycle-20260705T172920.829938847Z-c4-real-task-0235,signed_vote2,true,5,1783272566297,0,QmYicVCk9mEpCXvCjMGcMHHmbJVaPePcbBgZQABLWpBqqW,false
2100,e6-lifecycle-20260705T172920.829938847Z-c4-real-task-0235,signed_settlement,true,1,1783272566302,0,QmYicVCk9mEpCXvCjMGcMHHmbJVaPePcbBgZQABLWpBqqW,false
2101,e6-lifecycle-20260705T172920.829938847Z-c4-real-task-0233,signed_vote2,true,5,1783272566300,0,QmPiTWkJT1mbrmoTnV9zypQTW3Way5fUm3QKFnVCGaYeHm,false
2102,e6-lifecycle-20260705T172920.829938847Z-c4-real-task-0235,signed_query_latest,true,4,1783272566303,0,QmYicVCk9mEpCXvCjMGcMHHmbJVaPePcbBgZQABLWpBqqW,false
2103,e6-lifecycle-20260705T172920.829938847Z-c4-real-task-0233,signed_settlement,true,2,1783272566305,0,QmPiTWkJT1mbrmoTnV9zypQTW3Way5fUm3QKFnVCGaYeHm,false
2104,e6-lifecycle-20260705T172920.829938847Z-c4-real-task-0233,signed_query_latest,true,0,1783272566307,0,QmPiTWkJT1mbrmoTnV9zypQTW3Way5fUm3QKFnVCGaYeHm,false
2105,e6-lifecycle-20260705T172920.829938847Z-c4-real-task-0236,ipfs_add,true,66,1783272566243,3609,,false
2106,e6-lifecycle-20260705T172920.829938847Z-c4-real-task-0236,signed_posttask,true,2,1783272566309,0,QmVXqjnDPn1ZWZeaYTpic5k9LeY4VnPGoRNhtDotr1gFPf,false
2107,e6-lifecycle-20260705T172920.829938847Z-c4-real-task-0235,ipfs_verify,true,7,1783272566307,0,QmYicVCk9mEpCXvCjMGcMHHmbJVaPePcbBgZQABLWpBqqW,false
2108,e6-lifecycle-20260705T172920.829938847Z-c4-real-task-0233,ipfs_verify,true,7,1783272566307,0,QmPiTWkJT1mbrmoTnV9zypQTW3Way5fUm3QKFnVCGaYeHm,false
2109,e6-lifecycle-20260705T172920.829938847Z-c4-real-task-0236,signed_postallocation,true,3,1783272566311,0,QmVXqjnDPn1ZWZeaYTpic5k9LeY4VnPGoRNhtDotr1gFPf,false
2110,e6-lifecycle-20260705T172920.829938847Z-c4-real-task-0236,signed_post_evalsnapshot,true,2,1783272566314,0,QmVXqjnDPn1ZWZeaYTpic5k9LeY4VnPGoRNhtDotr1gFPf,false
2111,e6-lifecycle-20260705T172920.829938847Z-c4-real-task-0236,signed_vote1,true,2,1783272566316,0,QmVXqjnDPn1ZWZeaYTpic5k9LeY4VnPGoRNhtDotr1gFPf,false
2112,e6-lifecycle-20260705T172920.829938847Z-c4-real-task-0236,signed_vote2,true,2,1783272566318,0,QmVXqjnDPn1ZWZeaYTpic5k9LeY4VnPGoRNhtDotr1gFPf,false
2113,e6-lifecycle-20260705T172920.829938847Z-c4-real-task-0236,signed_settlement,true,1,1783272566320,0,QmVXqjnDPn1ZWZeaYTpic5k9LeY4VnPGoRNhtDotr1gFPf,false
2114,e6-lifecycle-20260705T172920.829938847Z-c4-real-task-0236,signed_query_latest,true,0,1783272566321,0,QmVXqjnDPn1ZWZeaYTpic5k9LeY4VnPGoRNhtDotr1gFPf,false
2115,e6-lifecycle-20260705T172920.829938847Z-c4-real-task-0236,ipfs_verify,true,9,1783272566321,0,QmVXqjnDPn1ZWZeaYTpic5k9LeY4VnPGoRNhtDotr1gFPf,false
2116,e6-lifecycle-20260705T172920.829938847Z-c4-real-task-0234,ipfs_add,true,106,1783272566229,4813,,false
2117,e6-lifecycle-20260705T172920.829938847Z-c4-real-task-0234,signed_posttask,true,1,1783272566335,0,QmPib3HBbwLaFsPuT1LMCQzfpjcraJk2ud1LU6KcqXFQ9r,false
2118,e6-lifecycle-20260705T172920.829938847Z-c4-real-task-0234,signed_postallocation,true,2,1783272566336,0,QmPib3HBbwLaFsPuT1LMCQzfpjcraJk2ud1LU6KcqXFQ9r,false
2119,e6-lifecycle-20260705T172920.829938847Z-c4-real-task-0234,signed_post_evalsnapshot,true,3,1783272566338,0,QmPib3HBbwLaFsPuT1LMCQzfpjcraJk2ud1LU6KcqXFQ9r,false
2120,e6-lifecycle-20260705T172920.829938847Z-c4-real-task-0234,signed_vote1,true,1,1783272566341,0,QmPib3HBbwLaFsPuT1LMCQzfpjcraJk2ud1LU6KcqXFQ9r,false
2121,e6-lifecycle-20260705T172920.829938847Z-c4-real-task-0234,signed_vote2,true,2,1783272566342,0,QmPib3HBbwLaFsPuT1LMCQzfpjcraJk2ud1LU6KcqXFQ9r,false
2122,e6-lifecycle-20260705T172920.829938847Z-c4-real-task-0234,signed_settlement,true,2,1783272566344,0,QmPib3HBbwLaFsPuT1LMCQzfpjcraJk2ud1LU6KcqXFQ9r,false
2123,e6-lifecycle-20260705T172920.829938847Z-c4-real-task-0234,signed_query_latest,true,0,1783272566346,0,QmPib3HBbwLaFsPuT1LMCQzfpjcraJk2ud1LU6KcqXFQ9r,false
2124,e6-lifecycle-20260705T172920.829938847Z-c4-real-task-0234,ipfs_verify,true,7,1783272566346,0,QmPib3HBbwLaFsPuT1LMCQzfpjcraJk2ud1LU6KcqXFQ9r,false
2125,e6-lifecycle-20260705T172920.829938847Z-c4-real-task-0237,ipfs_add,true,48,1783272566314,5358,,false
2126,e6-lifecycle-20260705T172920.829938847Z-c4-real-task-0237,signed_posttask,true,3,1783272566362,0,QmVAq5JsSc7aMPcAaJdKWcsK7zz4oLxAr4YXCyVDbZzyuX,false
2127,e6-lifecycle-20260705T172920.829938847Z-c4-real-task-0237,signed_postallocation,true,2,1783272566365,0,QmVAq5JsSc7aMPcAaJdKWcsK7zz4oLxAr4YXCyVDbZzyuX,false
2128,e6-lifecycle-20260705T172920.829938847Z-c4-real-task-0237,signed_post_evalsnapshot,true,2,1783272566367,0,QmVAq5JsSc7aMPcAaJdKWcsK7zz4oLxAr4YXCyVDbZzyuX,false
2129,e6-lifecycle-20260705T172920.829938847Z-c4-real-task-0237,signed_vote1,true,2,1783272566369,0,QmVAq5JsSc7aMPcAaJdKWcsK7zz4oLxAr4YXCyVDbZzyuX,false
2130,e6-lifecycle-20260705T172920.829938847Z-c4-real-task-0237,signed_vote2,true,3,1783272566371,0,QmVAq5JsSc7aMPcAaJdKWcsK7zz4oLxAr4YXCyVDbZzyuX,false
2131,e6-lifecycle-20260705T172920.829938847Z-c4-real-task-0237,signed_settlement,true,1,1783272566374,0,QmVAq5JsSc7aMPcAaJdKWcsK7zz4oLxAr4YXCyVDbZzyuX,false
2132,e6-lifecycle-20260705T172920.829938847Z-c4-real-task-0237,signed_query_latest,true,0,1783272566375,0,QmVAq5JsSc7aMPcAaJdKWcsK7zz4oLxAr4YXCyVDbZzyuX,false
2133,e6-lifecycle-20260705T172920.829938847Z-c4-real-task-0238,ipfs_add,true,69,1783272566314,2789,,false
2134,e6-lifecycle-20260705T172920.829938847Z-c4-real-task-0237,ipfs_verify,true,8,1783272566375,0,QmVAq5JsSc7aMPcAaJdKWcsK7zz4oLxAr4YXCyVDbZzyuX,false
2135,e6-lifecycle-20260705T172920.829938847Z-c4-real-task-0238,signed_posttask,true,2,1783272566383,0,QmT6ZzLsRWnFGbDxFiczkk711sF8hynyFyTCPutJbTgPxU,false
2136,e6-lifecycle-20260705T172920.829938847Z-c4-real-task-0238,signed_postallocation,true,2,1783272566385,0,QmT6ZzLsRWnFGbDxFiczkk711sF8hynyFyTCPutJbTgPxU,false
2137,e6-lifecycle-20260705T172920.829938847Z-c4-real-task-0238,signed_post_evalsnapshot,true,1,1783272566387,0,QmT6ZzLsRWnFGbDxFiczkk711sF8hynyFyTCPutJbTgPxU,false
2138,e6-lifecycle-20260705T172920.829938847Z-c4-real-task-0238,signed_vote1,true,2,1783272566388,0,QmT6ZzLsRWnFGbDxFiczkk711sF8hynyFyTCPutJbTgPxU,false
2139,e6-lifecycle-20260705T172920.829938847Z-c4-real-task-0238,signed_vote2,true,1,1783272566390,0,QmT6ZzLsRWnFGbDxFiczkk711sF8hynyFyTCPutJbTgPxU,false
2140,e6-lifecycle-20260705T172920.829938847Z-c4-real-task-0238,signed_settlement,true,2,1783272566391,0,QmT6ZzLsRWnFGbDxFiczkk711sF8hynyFyTCPutJbTgPxU,false
2141,e6-lifecycle-20260705T172920.829938847Z-c4-real-task-0238,signed_query_latest,true,0,1783272566393,0,QmT6ZzLsRWnFGbDxFiczkk711sF8hynyFyTCPutJbTgPxU,false
2142,e6-lifecycle-20260705T172920.829938847Z-c4-real-task-0238,ipfs_verify,true,8,1783272566393,0,QmT6ZzLsRWnFGbDxFiczkk711sF8hynyFyTCPutJbTgPxU,false
2143,e6-lifecycle-20260705T172920.829938847Z-c4-real-task-0239,ipfs_add,true,74,1783272566330,1409,,false
2144,e6-lifecycle-20260705T172920.829938847Z-c4-real-task-0239,signed_posttask,true,3,1783272566404,0,QmQMeGcZwLYK3Pq3gZevpTDuLFbfuYKryRgEJBym4Nhd1b,false
2145,e6-lifecycle-20260705T172920.829938847Z-c4-real-task-0239,signed_postallocation,true,2,1783272566407,0,QmQMeGcZwLYK3Pq3gZevpTDuLFbfuYKryRgEJBym4Nhd1b,false
2146,e6-lifecycle-20260705T172920.829938847Z-c4-real-task-0239,signed_post_evalsnapshot,true,2,1783272566409,0,QmQMeGcZwLYK3Pq3gZevpTDuLFbfuYKryRgEJBym4Nhd1b,false
2147,e6-lifecycle-20260705T172920.829938847Z-c4-real-task-0239,signed_vote1,true,2,1783272566411,0,QmQMeGcZwLYK3Pq3gZevpTDuLFbfuYKryRgEJBym4Nhd1b,false
2148,e6-lifecycle-20260705T172920.829938847Z-c4-real-task-0239,signed_vote2,true,2,1783272566413,0,QmQMeGcZwLYK3Pq3gZevpTDuLFbfuYKryRgEJBym4Nhd1b,false
2149,e6-lifecycle-20260705T172920.829938847Z-c4-real-task-0239,signed_settlement,true,2,1783272566415,0,QmQMeGcZwLYK3Pq3gZevpTDuLFbfuYKryRgEJBym4Nhd1b,false
2150,e6-lifecycle-20260705T172920.829938847Z-c4-real-task-0239,signed_query_latest,true,0,1783272566417,0,QmQMeGcZwLYK3Pq3gZevpTDuLFbfuYKryRgEJBym4Nhd1b,false
2151,e6-lifecycle-20260705T172920.829938847Z-c4-real-task-0239,ipfs_verify,true,7,1783272566417,0,QmQMeGcZwLYK3Pq3gZevpTDuLFbfuYKryRgEJBym4Nhd1b,false
2152,e6-lifecycle-20260705T172920.829938847Z-c4-real-task-0240,ipfs_add,true,72,1783272566353,1900,,false
2153,e6-lifecycle-20260705T172920.829938847Z-c4-real-task-0240,signed_posttask,true,2,1783272566425,0,QmRfDCDvLXbQCMFDCB2yZ6ZQfQ9nRcY5sEkbivZjmdkej6,false
2154,e6-lifecycle-20260705T172920.829938847Z-c4-real-task-0240,signed_postallocation,true,2,1783272566427,0,QmRfDCDvLXbQCMFDCB2yZ6ZQfQ9nRcY5sEkbivZjmdkej6,false
2155,e6-lifecycle-20260705T172920.829938847Z-c4-real-task-0240,signed_post_evalsnapshot,true,1,1783272566429,0,QmRfDCDvLXbQCMFDCB2yZ6ZQfQ9nRcY5sEkbivZjmdkej6,false
2156,e6-lifecycle-20260705T172920.829938847Z-c4-real-task-0240,signed_vote1,true,2,1783272566430,0,QmRfDCDvLXbQCMFDCB2yZ6ZQfQ9nRcY5sEkbivZjmdkej6,false
2157,e6-lifecycle-20260705T172920.829938847Z-c4-real-task-0240,signed_vote2,true,2,1783272566432,0,QmRfDCDvLXbQCMFDCB2yZ6ZQfQ9nRcY5sEkbivZjmdkej6,false
2158,e6-lifecycle-20260705T172920.829938847Z-c4-real-task-0240,signed_settlement,true,1,1783272566434,0,QmRfDCDvLXbQCMFDCB2yZ6ZQfQ9nRcY5sEkbivZjmdkej6,false
2159,e6-lifecycle-20260705T172920.829938847Z-c4-real-task-0240,signed_query_latest,true,0,1783272566435,0,QmRfDCDvLXbQCMFDCB2yZ6ZQfQ9nRcY5sEkbivZjmdkej6,false
2160,e6-lifecycle-20260705T172920.829938847Z-c4-real-task-0240,ipfs_verify,true,9,1783272566435,0,QmRfDCDvLXbQCMFDCB2yZ6ZQfQ9nRcY5sEkbivZjmdkej6,false
2161,e6-lifecycle-20260705T172920.829938847Z-c4-real-task-0241,ipfs_add,true,63,1783272566383,2700,,false
2162,e6-lifecycle-20260705T172920.829938847Z-c4-real-task-0241,signed_posttask,true,2,1783272566446,0,QmfEJkxeZXBCtVrzRc9tWUkiwMt3QbnPxy27zPrhErg5Mj,false
2163,e6-lifecycle-20260705T172920.829938847Z-c4-real-task-0241,signed_postallocation,true,2,1783272566448,0,QmfEJkxeZXBCtVrzRc9tWUkiwMt3QbnPxy27zPrhErg5Mj,false
2164,e6-lifecycle-20260705T172920.829938847Z-c4-real-task-0241,signed_post_evalsnapshot,true,1,1783272566450,0,QmfEJkxeZXBCtVrzRc9tWUkiwMt3QbnPxy27zPrhErg5Mj,false
2165,e6-lifecycle-20260705T172920.829938847Z-c4-real-task-0241,signed_vote1,true,2,1783272566451,0,QmfEJkxeZXBCtVrzRc9tWUkiwMt3QbnPxy27zPrhErg5Mj,false
2166,e6-lifecycle-20260705T172920.829938847Z-c4-real-task-0241,signed_vote2,true,2,1783272566453,0,QmfEJkxeZXBCtVrzRc9tWUkiwMt3QbnPxy27zPrhErg5Mj,false
2167,e6-lifecycle-20260705T172920.829938847Z-c4-real-task-0241,signed_settlement,true,2,1783272566455,0,QmfEJkxeZXBCtVrzRc9tWUkiwMt3QbnPxy27zPrhErg5Mj,false
2168,e6-lifecycle-20260705T172920.829938847Z-c4-real-task-0241,signed_query_latest,true,0,1783272566457,0,QmfEJkxeZXBCtVrzRc9tWUkiwMt3QbnPxy27zPrhErg5Mj,false
2169,e6-lifecycle-20260705T172920.829938847Z-c4-real-task-0242,ipfs_add,true,65,1783272566401,2053,,false
2170,e6-lifecycle-20260705T172920.829938847Z-c4-real-task-0241,ipfs_verify,true,9,1783272566457,0,QmfEJkxeZXBCtVrzRc9tWUkiwMt3QbnPxy27zPrhErg5Mj,false
2171,e6-lifecycle-20260705T172920.829938847Z-c4-real-task-0242,signed_posttask,true,2,1783272566466,0,QmNubnQEoCoKW34iLEEdjbFpwQuVWvqdKUZP7pPaRitT9Z,false
2172,e6-lifecycle-20260705T172920.829938847Z-c4-real-task-0242,signed_postallocation,true,2,1783272566468,0,QmNubnQEoCoKW34iLEEdjbFpwQuVWvqdKUZP7pPaRitT9Z,false
2173,e6-lifecycle-20260705T172920.829938847Z-c4-real-task-0242,signed_post_evalsnapshot,true,2,1783272566470,0,QmNubnQEoCoKW34iLEEdjbFpwQuVWvqdKUZP7pPaRitT9Z,false
2174,e6-lifecycle-20260705T172920.829938847Z-c4-real-task-0242,signed_vote1,true,1,1783272566472,0,QmNubnQEoCoKW34iLEEdjbFpwQuVWvqdKUZP7pPaRitT9Z,false
2175,e6-lifecycle-20260705T172920.829938847Z-c4-real-task-0242,signed_vote2,true,2,1783272566473,0,QmNubnQEoCoKW34iLEEdjbFpwQuVWvqdKUZP7pPaRitT9Z,false
2176,e6-lifecycle-20260705T172920.829938847Z-c4-real-task-0242,signed_settlement,true,2,1783272566475,0,QmNubnQEoCoKW34iLEEdjbFpwQuVWvqdKUZP7pPaRitT9Z,false
2177,e6-lifecycle-20260705T172920.829938847Z-c4-real-task-0242,signed_query_latest,true,0,1783272566477,0,QmNubnQEoCoKW34iLEEdjbFpwQuVWvqdKUZP7pPaRitT9Z,false
2178,e6-lifecycle-20260705T172920.829938847Z-c4-real-task-0242,ipfs_verify,true,7,1783272566477,0,QmNubnQEoCoKW34iLEEdjbFpwQuVWvqdKUZP7pPaRitT9Z,false
2179,e6-lifecycle-20260705T172920.829938847Z-c4-real-task-0067,ipfs_add,true,60,1783272566424,1494,,false
2180,e6-lifecycle-20260705T172920.829938847Z-c4-real-task-0067,signed_posttask,true,3,1783272566484,0,Qmbt7FG9CTBc6sVfciXAseRzvjXpa6EoV1TehcNf7sChY3,false
2181,e6-lifecycle-20260705T172920.829938847Z-c4-real-task-0067,signed_postallocation,true,2,1783272566487,0,Qmbt7FG9CTBc6sVfciXAseRzvjXpa6EoV1TehcNf7sChY3,false
2182,e6-lifecycle-20260705T172920.829938847Z-c4-real-task-0067,signed_post_evalsnapshot,true,1,1783272566489,0,Qmbt7FG9CTBc6sVfciXAseRzvjXpa6EoV1TehcNf7sChY3,false
2183,e6-lifecycle-20260705T172920.829938847Z-c4-real-task-0067,signed_vote1,true,2,1783272566490,0,Qmbt7FG9CTBc6sVfciXAseRzvjXpa6EoV1TehcNf7sChY3,false
2184,e6-lifecycle-20260705T172920.829938847Z-c4-real-task-0067,signed_vote2,true,1,1783272566492,0,Qmbt7FG9CTBc6sVfciXAseRzvjXpa6EoV1TehcNf7sChY3,false
2185,e6-lifecycle-20260705T172920.829938847Z-c4-real-task-0067,signed_settlement,true,2,1783272566493,0,Qmbt7FG9CTBc6sVfciXAseRzvjXpa6EoV1TehcNf7sChY3,false
2186,e6-lifecycle-20260705T172920.829938847Z-c4-real-task-0067,signed_query_latest,true,0,1783272566495,0,Qmbt7FG9CTBc6sVfciXAseRzvjXpa6EoV1TehcNf7sChY3,false
2187,e6-lifecycle-20260705T172920.829938847Z-c4-real-task-0067,ipfs_verify,true,8,1783272566495,0,Qmbt7FG9CTBc6sVfciXAseRzvjXpa6EoV1TehcNf7sChY3,false
2188,e6-lifecycle-20260705T172920.829938847Z-c4-real-task-0015,ipfs_add,true,62,1783272566444,3558,,false
2189,e6-lifecycle-20260705T172920.829938847Z-c4-real-task-0015,signed_posttask,true,1,1783272566506,0,QmX9kmCUGB3VHpYs1Jhps4JrTzKker7mYqwzfhduHDQrrA,false
2190,e6-lifecycle-20260705T172920.829938847Z-c4-real-task-0015,signed_postallocation,true,2,1783272566507,0,QmX9kmCUGB3VHpYs1Jhps4JrTzKker7mYqwzfhduHDQrrA,false
2191,e6-lifecycle-20260705T172920.829938847Z-c4-real-task-0015,signed_post_evalsnapshot,true,1,1783272566509,0,QmX9kmCUGB3VHpYs1Jhps4JrTzKker7mYqwzfhduHDQrrA,false
2192,e6-lifecycle-20260705T172920.829938847Z-c4-real-task-0015,signed_vote1,true,2,1783272566510,0,QmX9kmCUGB3VHpYs1Jhps4JrTzKker7mYqwzfhduHDQrrA,false
2193,e6-lifecycle-20260705T172920.829938847Z-c4-real-task-0015,signed_vote2,true,1,1783272566512,0,QmX9kmCUGB3VHpYs1Jhps4JrTzKker7mYqwzfhduHDQrrA,false
2194,e6-lifecycle-20260705T172920.829938847Z-c4-real-task-0015,signed_settlement,true,2,1783272566513,0,QmX9kmCUGB3VHpYs1Jhps4JrTzKker7mYqwzfhduHDQrrA,false
2195,e6-lifecycle-20260705T172920.829938847Z-c4-real-task-0015,signed_query_latest,true,0,1783272566515,0,QmX9kmCUGB3VHpYs1Jhps4JrTzKker7mYqwzfhduHDQrrA,false
2196,e6-lifecycle-20260705T172920.829938847Z-c4-real-task-0015,ipfs_verify,true,7,1783272566515,0,QmX9kmCUGB3VHpYs1Jhps4JrTzKker7mYqwzfhduHDQrrA,false
2197,e6-lifecycle-20260705T172920.829938847Z-c4-real-task-0249,ipfs_add,true,60,1783272566466,1622,,false
2198,e6-lifecycle-20260705T172920.829938847Z-c4-real-task-0249,signed_posttask,true,1,1783272566526,0,QmWhPk74ArLFk2azBUEPeV5DfbYzPqL1rjTNqE5zSC1Eut,false
2199,e6-lifecycle-20260705T172920.829938847Z-c4-real-task-0249,signed_postallocation,true,2,1783272566527,0,QmWhPk74ArLFk2azBUEPeV5DfbYzPqL1rjTNqE5zSC1Eut,false
2200,e6-lifecycle-20260705T172920.829938847Z-c4-real-task-0249,signed_post_evalsnapshot,true,2,1783272566529,0,QmWhPk74ArLFk2azBUEPeV5DfbYzPqL1rjTNqE5zSC1Eut,false
2201,e6-lifecycle-20260705T172920.829938847Z-c4-real-task-0249,signed_vote1,true,1,1783272566531,0,QmWhPk74ArLFk2azBUEPeV5DfbYzPqL1rjTNqE5zSC1Eut,false
2202,e6-lifecycle-20260705T172920.829938847Z-c4-real-task-0249,signed_vote2,true,2,1783272566532,0,QmWhPk74ArLFk2azBUEPeV5DfbYzPqL1rjTNqE5zSC1Eut,false
2203,e6-lifecycle-20260705T172920.829938847Z-c4-real-task-0249,signed_settlement,true,2,1783272566534,0,QmWhPk74ArLFk2azBUEPeV5DfbYzPqL1rjTNqE5zSC1Eut,false
2204,e6-lifecycle-20260705T172920.829938847Z-c4-real-task-0249,signed_query_latest,true,0,1783272566536,0,QmWhPk74ArLFk2azBUEPeV5DfbYzPqL1rjTNqE5zSC1Eut,false
2205,e6-lifecycle-20260705T172920.829938847Z-c4-real-task-0244,ipfs_add,true,61,1783272566484,1940,,false
2206,e6-lifecycle-20260705T172920.829938847Z-c4-real-task-0249,ipfs_verify,true,9,1783272566536,0,QmWhPk74ArLFk2azBUEPeV5DfbYzPqL1rjTNqE5zSC1Eut,false
2207,e6-lifecycle-20260705T172920.829938847Z-c4-real-task-0244,signed_posttask,true,2,1783272566545,0,QmZRkcbZv6DrZ32YxAdk9t2kzi1YwGMwtxRpuS6Qjz4ByS,false
2208,e6-lifecycle-20260705T172920.829938847Z-c4-real-task-0244,signed_postallocation,true,2,1783272566547,0,QmZRkcbZv6DrZ32YxAdk9t2kzi1YwGMwtxRpuS6Qjz4ByS,false
2209,e6-lifecycle-20260705T172920.829938847Z-c4-real-task-0244,signed_post_evalsnapshot,true,2,1783272566549,0,QmZRkcbZv6DrZ32YxAdk9t2kzi1YwGMwtxRpuS6Qjz4ByS,false
2210,e6-lifecycle-20260705T172920.829938847Z-c4-real-task-0244,signed_vote1,true,1,1783272566551,0,QmZRkcbZv6DrZ32YxAdk9t2kzi1YwGMwtxRpuS6Qjz4ByS,false
2211,e6-lifecycle-20260705T172920.829938847Z-c4-real-task-0244,signed_vote2,true,2,1783272566552,0,QmZRkcbZv6DrZ32YxAdk9t2kzi1YwGMwtxRpuS6Qjz4ByS,false
2212,e6-lifecycle-20260705T172920.829938847Z-c4-real-task-0244,signed_settlement,true,2,1783272566554,0,QmZRkcbZv6DrZ32YxAdk9t2kzi1YwGMwtxRpuS6Qjz4ByS,false
2213,e6-lifecycle-20260705T172920.829938847Z-c4-real-task-0244,signed_query_latest,true,0,1783272566556,0,QmZRkcbZv6DrZ32YxAdk9t2kzi1YwGMwtxRpuS6Qjz4ByS,false
2214,e6-lifecycle-20260705T172920.829938847Z-c4-real-task-0244,ipfs_verify,true,8,1783272566556,0,QmZRkcbZv6DrZ32YxAdk9t2kzi1YwGMwtxRpuS6Qjz4ByS,false
2215,e6-lifecycle-20260705T172920.829938847Z-c4-real-task-0245,ipfs_add,true,61,1783272566503,1397,,false
2216,e6-lifecycle-20260705T172920.829938847Z-c4-real-task-0245,signed_posttask,true,3,1783272566564,0,QmRfQ29mFdu3DgQcz3fAXc1k7t6oBRgjxH4rKPuQH1fX4o,false
2217,e6-lifecycle-20260705T172920.829938847Z-c4-real-task-0245,signed_postallocation,true,2,1783272566567,0,QmRfQ29mFdu3DgQcz3fAXc1k7t6oBRgjxH4rKPuQH1fX4o,false
2218,e6-lifecycle-20260705T172920.829938847Z-c4-real-task-0245,signed_post_evalsnapshot,true,2,1783272566569,0,QmRfQ29mFdu3DgQcz3fAXc1k7t6oBRgjxH4rKPuQH1fX4o,false
2219,e6-lifecycle-20260705T172920.829938847Z-c4-real-task-0245,signed_vote1,true,2,1783272566571,0,QmRfQ29mFdu3DgQcz3fAXc1k7t6oBRgjxH4rKPuQH1fX4o,false
2220,e6-lifecycle-20260705T172920.829938847Z-c4-real-task-0245,signed_vote2,true,2,1783272566573,0,QmRfQ29mFdu3DgQcz3fAXc1k7t6oBRgjxH4rKPuQH1fX4o,false
2221,e6-lifecycle-20260705T172920.829938847Z-c4-real-task-0245,signed_settlement,true,2,1783272566575,0,QmRfQ29mFdu3DgQcz3fAXc1k7t6oBRgjxH4rKPuQH1fX4o,false
2222,e6-lifecycle-20260705T172920.829938847Z-c4-real-task-0245,signed_query_latest,true,0,1783272566577,0,QmRfQ29mFdu3DgQcz3fAXc1k7t6oBRgjxH4rKPuQH1fX4o,false
2223,e6-lifecycle-20260705T172920.829938847Z-c4-real-task-0246,ipfs_add,true,64,1783272566522,1908,,false
2224,e6-lifecycle-20260705T172920.829938847Z-c4-real-task-0245,ipfs_verify,true,10,1783272566577,0,QmRfQ29mFdu3DgQcz3fAXc1k7t6oBRgjxH4rKPuQH1fX4o,false
2225,e6-lifecycle-20260705T172920.829938847Z-c4-real-task-0246,signed_posttask,true,2,1783272566586,0,Qmbd379qf1e5jFN3VfVGanPkH2qj7HaxhCKRJVLas9XhVH,false
2226,e6-lifecycle-20260705T172920.829938847Z-c4-real-task-0246,signed_postallocation,true,2,1783272566588,0,Qmbd379qf1e5jFN3VfVGanPkH2qj7HaxhCKRJVLas9XhVH,false
2227,e6-lifecycle-20260705T172920.829938847Z-c4-real-task-0246,signed_post_evalsnapshot,true,2,1783272566590,0,Qmbd379qf1e5jFN3VfVGanPkH2qj7HaxhCKRJVLas9XhVH,false
2228,e6-lifecycle-20260705T172920.829938847Z-c4-real-task-0246,signed_vote1,true,2,1783272566592,0,Qmbd379qf1e5jFN3VfVGanPkH2qj7HaxhCKRJVLas9XhVH,false
2229,e6-lifecycle-20260705T172920.829938847Z-c4-real-task-0246,signed_vote2,true,1,1783272566594,0,Qmbd379qf1e5jFN3VfVGanPkH2qj7HaxhCKRJVLas9XhVH,false
2230,e6-lifecycle-20260705T172920.829938847Z-c4-real-task-0246,signed_settlement,true,2,1783272566595,0,Qmbd379qf1e5jFN3VfVGanPkH2qj7HaxhCKRJVLas9XhVH,false
2231,e6-lifecycle-20260705T172920.829938847Z-c4-real-task-0246,signed_query_latest,true,0,1783272566597,0,Qmbd379qf1e5jFN3VfVGanPkH2qj7HaxhCKRJVLas9XhVH,false
2232,e6-lifecycle-20260705T172920.829938847Z-c4-real-task-0246,ipfs_verify,true,8,1783272566597,0,Qmbd379qf1e5jFN3VfVGanPkH2qj7HaxhCKRJVLas9XhVH,false
2233,e6-lifecycle-20260705T172920.829938847Z-c4-real-task-0248,ipfs_add,true,58,1783272566564,1513,,false
2234,e6-lifecycle-20260705T172920.829938847Z-c4-real-task-0248,signed_posttask,true,2,1783272566622,0,QmZm8oEeNJE8ud88izCLhLnkvJbBpn3DcxxACsWhMRdYhA,false
2235,e6-lifecycle-20260705T172920.829938847Z-c4-real-task-0248,signed_postallocation,true,2,1783272566624,0,QmZm8oEeNJE8ud88izCLhLnkvJbBpn3DcxxACsWhMRdYhA,false
2236,e6-lifecycle-20260705T172920.829938847Z-c4-real-task-0248,signed_post_evalsnapshot,true,2,1783272566626,0,QmZm8oEeNJE8ud88izCLhLnkvJbBpn3DcxxACsWhMRdYhA,false
2237,e6-lifecycle-20260705T172920.829938847Z-c4-real-task-0248,signed_vote1,true,2,1783272566628,0,QmZm8oEeNJE8ud88izCLhLnkvJbBpn3DcxxACsWhMRdYhA,false
2238,e6-lifecycle-20260705T172920.829938847Z-c4-real-task-0248,signed_vote2,true,2,1783272566630,0,QmZm8oEeNJE8ud88izCLhLnkvJbBpn3DcxxACsWhMRdYhA,false
2239,e6-lifecycle-20260705T172920.829938847Z-c4-real-task-0248,signed_settlement,true,1,1783272566632,0,QmZm8oEeNJE8ud88izCLhLnkvJbBpn3DcxxACsWhMRdYhA,false
2240,e6-lifecycle-20260705T172920.829938847Z-c4-real-task-0248,signed_query_latest,true,0,1783272566633,0,QmZm8oEeNJE8ud88izCLhLnkvJbBpn3DcxxACsWhMRdYhA,false
2241,e6-lifecycle-20260705T172920.829938847Z-c4-real-task-0016,ipfs_add,true,56,1783272566587,1806,,false
2242,e6-lifecycle-20260705T172920.829938847Z-c4-real-task-0247,ipfs_add,true,101,1783272566545,1442,,false
2243,e6-lifecycle-20260705T172920.829938847Z-c4-real-task-0016,signed_posttask,true,3,1783272566643,0,QmRXEbbwSGrTFGj6rGcuUsRHhWgzm9E9di73MsPSjQyDqY,false
2244,e6-lifecycle-20260705T172920.829938847Z-c4-real-task-0248,ipfs_verify,true,14,1783272566633,0,QmZm8oEeNJE8ud88izCLhLnkvJbBpn3DcxxACsWhMRdYhA,false
2245,e6-lifecycle-20260705T172920.829938847Z-c4-real-task-0016,signed_postallocation,true,3,1783272566646,0,QmRXEbbwSGrTFGj6rGcuUsRHhWgzm9E9di73MsPSjQyDqY,false
2246,e6-lifecycle-20260705T172920.829938847Z-c4-real-task-0016,signed_post_evalsnapshot,true,3,1783272566649,0,QmRXEbbwSGrTFGj6rGcuUsRHhWgzm9E9di73MsPSjQyDqY,false
2247,e6-lifecycle-20260705T172920.829938847Z-c4-real-task-0247,signed_posttask,true,8,1783272566646,0,QmX6Pz1owsVrhohFcJpqY4nN99ZYTUNsMhoWJHmcAATrUC,false
2248,e6-lifecycle-20260705T172920.829938847Z-c4-real-task-0247,signed_postallocation,true,3,1783272566654,0,QmX6Pz1owsVrhohFcJpqY4nN99ZYTUNsMhoWJHmcAATrUC,false
2249,e6-lifecycle-20260705T172920.829938847Z-c4-real-task-0016,signed_vote1,true,7,1783272566652,0,QmRXEbbwSGrTFGj6rGcuUsRHhWgzm9E9di73MsPSjQyDqY,false
2250,e6-lifecycle-20260705T172920.829938847Z-c4-real-task-0016,signed_vote2,true,2,1783272566659,0,QmRXEbbwSGrTFGj6rGcuUsRHhWgzm9E9di73MsPSjQyDqY,false
2251,e6-lifecycle-20260705T172920.829938847Z-c4-real-task-0247,signed_post_evalsnapshot,true,5,1783272566657,0,QmX6Pz1owsVrhohFcJpqY4nN99ZYTUNsMhoWJHmcAATrUC,false
2252,e6-lifecycle-20260705T172920.829938847Z-c4-real-task-0247,signed_vote1,true,2,1783272566662,0,QmX6Pz1owsVrhohFcJpqY4nN99ZYTUNsMhoWJHmcAATrUC,false
2253,e6-lifecycle-20260705T172920.829938847Z-c4-real-task-0016,signed_settlement,true,5,1783272566661,0,QmRXEbbwSGrTFGj6rGcuUsRHhWgzm9E9di73MsPSjQyDqY,false
2254,e6-lifecycle-20260705T172920.829938847Z-c4-real-task-0016,signed_query_latest,true,0,1783272566666,0,QmRXEbbwSGrTFGj6rGcuUsRHhWgzm9E9di73MsPSjQyDqY,false
2255,e6-lifecycle-20260705T172920.829938847Z-c4-real-task-0247,signed_vote2,true,4,1783272566664,0,QmX6Pz1owsVrhohFcJpqY4nN99ZYTUNsMhoWJHmcAATrUC,false
2256,e6-lifecycle-20260705T172920.829938847Z-c4-real-task-0252,ipfs_add,true,64,1783272566605,2362,,false
2257,e6-lifecycle-20260705T172920.829938847Z-c4-real-task-0247,signed_settlement,true,2,1783272566668,0,QmX6Pz1owsVrhohFcJpqY4nN99ZYTUNsMhoWJHmcAATrUC,false
2258,e6-lifecycle-20260705T172920.829938847Z-c4-real-task-0247,signed_query_latest,true,0,1783272566670,0,QmX6Pz1owsVrhohFcJpqY4nN99ZYTUNsMhoWJHmcAATrUC,false
2259,e6-lifecycle-20260705T172920.829938847Z-c4-real-task-0252,signed_posttask,true,3,1783272566669,0,QmSPWZE8QTcLPVYdwtzz4Jdbw1i2rDGXNp1NbNXG6cAtWU,false
2260,e6-lifecycle-20260705T172920.829938847Z-c4-real-task-0252,signed_postallocation,true,2,1783272566672,0,QmSPWZE8QTcLPVYdwtzz4Jdbw1i2rDGXNp1NbNXG6cAtWU,false
2261,e6-lifecycle-20260705T172920.829938847Z-c4-real-task-0252,signed_post_evalsnapshot,true,3,1783272566674,0,QmSPWZE8QTcLPVYdwtzz4Jdbw1i2rDGXNp1NbNXG6cAtWU,false
2262,e6-lifecycle-20260705T172920.829938847Z-c4-real-task-0252,signed_vote1,true,2,1783272566677,0,QmSPWZE8QTcLPVYdwtzz4Jdbw1i2rDGXNp1NbNXG6cAtWU,false
2263,e6-lifecycle-20260705T172920.829938847Z-c4-real-task-0016,ipfs_verify,true,14,1783272566666,0,QmRXEbbwSGrTFGj6rGcuUsRHhWgzm9E9di73MsPSjQyDqY,false
2264,e6-lifecycle-20260705T172920.829938847Z-c4-real-task-0247,ipfs_verify,true,10,1783272566670,0,QmX6Pz1owsVrhohFcJpqY4nN99ZYTUNsMhoWJHmcAATrUC,false
2265,e6-lifecycle-20260705T172920.829938847Z-c4-real-task-0252,signed_vote2,true,9,1783272566679,0,QmSPWZE8QTcLPVYdwtzz4Jdbw1i2rDGXNp1NbNXG6cAtWU,false
2266,e6-lifecycle-20260705T172920.829938847Z-c4-real-task-0252,signed_settlement,true,3,1783272566688,0,QmSPWZE8QTcLPVYdwtzz4Jdbw1i2rDGXNp1NbNXG6cAtWU,false
2267,e6-lifecycle-20260705T172920.829938847Z-c4-real-task-0252,signed_query_latest,true,0,1783272566691,0,QmSPWZE8QTcLPVYdwtzz4Jdbw1i2rDGXNp1NbNXG6cAtWU,false
2268,e6-lifecycle-20260705T172920.829938847Z-c4-real-task-0250,ipfs_add,true,51,1783272566647,1536,,false
2269,e6-lifecycle-20260705T172920.829938847Z-c4-real-task-0250,signed_posttask,true,2,1783272566698,0,Qmed7xmh1Coiscy6DWRC1YB617j5DeuyK8AizbfmSS6upB,false
2270,e6-lifecycle-20260705T172920.829938847Z-c4-real-task-0250,signed_postallocation,true,2,1783272566700,0,Qmed7xmh1Coiscy6DWRC1YB617j5DeuyK8AizbfmSS6upB,false
2271,e6-lifecycle-20260705T172920.829938847Z-c4-real-task-0250,signed_post_evalsnapshot,true,2,1783272566702,0,Qmed7xmh1Coiscy6DWRC1YB617j5DeuyK8AizbfmSS6upB,false
2272,e6-lifecycle-20260705T172920.829938847Z-c4-real-task-0252,ipfs_verify,true,15,1783272566691,0,QmSPWZE8QTcLPVYdwtzz4Jdbw1i2rDGXNp1NbNXG6cAtWU,false
2273,e6-lifecycle-20260705T172920.829938847Z-c4-real-task-0250,signed_vote1,true,2,1783272566704,0,Qmed7xmh1Coiscy6DWRC1YB617j5DeuyK8AizbfmSS6upB,false
2274,e6-lifecycle-20260705T172920.829938847Z-c4-real-task-0250,signed_vote2,true,2,1783272566706,0,Qmed7xmh1Coiscy6DWRC1YB617j5DeuyK8AizbfmSS6upB,false
2275,e6-lifecycle-20260705T172920.829938847Z-c4-real-task-0250,signed_settlement,true,2,1783272566708,0,Qmed7xmh1Coiscy6DWRC1YB617j5DeuyK8AizbfmSS6upB,false
2276,e6-lifecycle-20260705T172920.829938847Z-c4-real-task-0250,signed_query_latest,true,0,1783272566710,0,Qmed7xmh1Coiscy6DWRC1YB617j5DeuyK8AizbfmSS6upB,false
2277,e6-lifecycle-20260705T172920.829938847Z-c4-real-task-0250,ipfs_verify,true,12,1783272566710,0,Qmed7xmh1Coiscy6DWRC1YB617j5DeuyK8AizbfmSS6upB,false
2278,e6-lifecycle-20260705T172920.829938847Z-c4-real-task-0253,ipfs_add,true,48,1783272566680,2993,,false
2279,e6-lifecycle-20260705T172920.829938847Z-c4-real-task-0253,signed_posttask,true,5,1783272566728,0,QmU6GWKSsXJ8p8tB8vPkjDBspe6KHsKQiKg2i4XDbpW64S,false
2280,e6-lifecycle-20260705T172920.829938847Z-c4-real-task-0253,signed_postallocation,true,1,1783272566733,0,QmU6GWKSsXJ8p8tB8vPkjDBspe6KHsKQiKg2i4XDbpW64S,false
2281,e6-lifecycle-20260705T172920.829938847Z-c4-real-task-0253,signed_post_evalsnapshot,true,2,1783272566734,0,QmU6GWKSsXJ8p8tB8vPkjDBspe6KHsKQiKg2i4XDbpW64S,false
2282,e6-lifecycle-20260705T172920.829938847Z-c4-real-task-0253,signed_vote1,true,2,1783272566736,0,QmU6GWKSsXJ8p8tB8vPkjDBspe6KHsKQiKg2i4XDbpW64S,false
2283,e6-lifecycle-20260705T172920.829938847Z-c4-real-task-0253,signed_vote2,true,1,1783272566738,0,QmU6GWKSsXJ8p8tB8vPkjDBspe6KHsKQiKg2i4XDbpW64S,false
2284,e6-lifecycle-20260705T172920.829938847Z-c4-real-task-0253,signed_settlement,true,2,1783272566739,0,QmU6GWKSsXJ8p8tB8vPkjDBspe6KHsKQiKg2i4XDbpW64S,false
2285,e6-lifecycle-20260705T172920.829938847Z-c4-real-task-0253,signed_query_latest,true,0,1783272566741,0,QmU6GWKSsXJ8p8tB8vPkjDBspe6KHsKQiKg2i4XDbpW64S,false
2286,e6-lifecycle-20260705T172920.829938847Z-c4-real-task-0253,ipfs_verify,true,9,1783272566741,0,QmU6GWKSsXJ8p8tB8vPkjDBspe6KHsKQiKg2i4XDbpW64S,false
2287,e6-lifecycle-20260705T172920.829938847Z-c4-real-task-0251,ipfs_add,true,71,1783272566680,1557,,false
2288,e6-lifecycle-20260705T172920.829938847Z-c4-real-task-0251,signed_posttask,true,3,1783272566751,0,QmZcHg4d9H8MPruWuXm1QwpfemphbX6MHQxju4nZvRocmZ,false
2289,e6-lifecycle-20260705T172920.829938847Z-c4-real-task-0251,signed_postallocation,true,2,1783272566754,0,QmZcHg4d9H8MPruWuXm1QwpfemphbX6MHQxju4nZvRocmZ,false
2290,e6-lifecycle-20260705T172920.829938847Z-c4-real-task-0251,signed_post_evalsnapshot,true,2,1783272566756,0,QmZcHg4d9H8MPruWuXm1QwpfemphbX6MHQxju4nZvRocmZ,false
2291,e6-lifecycle-20260705T172920.829938847Z-c4-real-task-0251,signed_vote1,true,2,1783272566758,0,QmZcHg4d9H8MPruWuXm1QwpfemphbX6MHQxju4nZvRocmZ,false
2292,e6-lifecycle-20260705T172920.829938847Z-c4-real-task-0251,signed_vote2,true,3,1783272566760,0,QmZcHg4d9H8MPruWuXm1QwpfemphbX6MHQxju4nZvRocmZ,false
2293,e6-lifecycle-20260705T172920.829938847Z-c4-real-task-0251,signed_settlement,true,2,1783272566763,0,QmZcHg4d9H8MPruWuXm1QwpfemphbX6MHQxju4nZvRocmZ,false
2294,e6-lifecycle-20260705T172920.829938847Z-c4-real-task-0251,signed_query_latest,true,0,1783272566765,0,QmZcHg4d9H8MPruWuXm1QwpfemphbX6MHQxju4nZvRocmZ,false
2295,e6-lifecycle-20260705T172920.829938847Z-c4-real-task-0254,ipfs_add,true,67,1783272566706,1295,,false
2296,e6-lifecycle-20260705T172920.829938847Z-c4-real-task-0251,ipfs_verify,true,8,1783272566765,0,QmZcHg4d9H8MPruWuXm1QwpfemphbX6MHQxju4nZvRocmZ,false
2297,e6-lifecycle-20260705T172920.829938847Z-c4-real-task-0254,signed_posttask,true,3,1783272566773,0,QmNNK1VZwQQrsmt9689RK9RnXVSmh5jmJ6wJxbnwquT91z,false
2298,e6-lifecycle-20260705T172920.829938847Z-c4-real-task-0254,signed_postallocation,true,2,1783272566776,0,QmNNK1VZwQQrsmt9689RK9RnXVSmh5jmJ6wJxbnwquT91z,false
2299,e6-lifecycle-20260705T172920.829938847Z-c4-real-task-0254,signed_post_evalsnapshot,true,2,1783272566778,0,QmNNK1VZwQQrsmt9689RK9RnXVSmh5jmJ6wJxbnwquT91z,false
2300,e6-lifecycle-20260705T172920.829938847Z-c4-real-task-0254,signed_vote1,true,2,1783272566780,0,QmNNK1VZwQQrsmt9689RK9RnXVSmh5jmJ6wJxbnwquT91z,false
2301,e6-lifecycle-20260705T172920.829938847Z-c4-real-task-0254,signed_vote2,true,1,1783272566782,0,QmNNK1VZwQQrsmt9689RK9RnXVSmh5jmJ6wJxbnwquT91z,false
2302,e6-lifecycle-20260705T172920.829938847Z-c4-real-task-0254,signed_settlement,true,2,1783272566783,0,QmNNK1VZwQQrsmt9689RK9RnXVSmh5jmJ6wJxbnwquT91z,false
2303,e6-lifecycle-20260705T172920.829938847Z-c4-real-task-0254,signed_query_latest,true,0,1783272566785,0,QmNNK1VZwQQrsmt9689RK9RnXVSmh5jmJ6wJxbnwquT91z,false
2304,e6-lifecycle-20260705T172920.829938847Z-c4-real-task-0254,ipfs_verify,true,10,1783272566785,0,QmNNK1VZwQQrsmt9689RK9RnXVSmh5jmJ6wJxbnwquT91z,false
2305,e6-lifecycle-20260705T172920.829938847Z-c4-real-task-0136,ipfs_add,true,75,1783272566722,6870,,false
2306,e6-lifecycle-20260705T172920.829938847Z-c4-real-task-0136,signed_posttask,true,2,1783272566797,0,QmUPhkQr4hDrWibXiUjzuteThhvoD1pXuAQ2pvNnCtyJec,false
2307,e6-lifecycle-20260705T172920.829938847Z-c4-real-task-0136,signed_postallocation,true,2,1783272566799,0,QmUPhkQr4hDrWibXiUjzuteThhvoD1pXuAQ2pvNnCtyJec,false
2308,e6-lifecycle-20260705T172920.829938847Z-c4-real-task-0136,signed_post_evalsnapshot,true,2,1783272566801,0,QmUPhkQr4hDrWibXiUjzuteThhvoD1pXuAQ2pvNnCtyJec,false
2309,e6-lifecycle-20260705T172920.829938847Z-c4-real-task-0136,signed_vote1,true,1,1783272566803,0,QmUPhkQr4hDrWibXiUjzuteThhvoD1pXuAQ2pvNnCtyJec,false
2310,e6-lifecycle-20260705T172920.829938847Z-c4-real-task-0136,signed_vote2,true,1,1783272566805,0,QmUPhkQr4hDrWibXiUjzuteThhvoD1pXuAQ2pvNnCtyJec,false
2311,e6-lifecycle-20260705T172920.829938847Z-c4-real-task-0136,signed_settlement,true,2,1783272566806,0,QmUPhkQr4hDrWibXiUjzuteThhvoD1pXuAQ2pvNnCtyJec,false
2312,e6-lifecycle-20260705T172920.829938847Z-c4-real-task-0136,signed_query_latest,true,0,1783272566808,0,QmUPhkQr4hDrWibXiUjzuteThhvoD1pXuAQ2pvNnCtyJec,false
2313,e6-lifecycle-20260705T172920.829938847Z-c4-real-task-0136,ipfs_verify,true,8,1783272566808,0,QmUPhkQr4hDrWibXiUjzuteThhvoD1pXuAQ2pvNnCtyJec,false
