seq,run_id,task_id,op,success,error,latency_ms,started_at_ms,bytes_sent,cid,warmup
1,b2-fabric-b1-c4-r3,b2-fabric-b1-c4-r3-warmup-0000,ipfs_add,True,,24,1783312935757,2041,,True
2,b2-fabric-b1-c4-r3,b2-fabric-b1-c4-r3-warmup-0000,fabric_post_task,True,,2483,1783312935781,2041,QmZpceyXD65orbHnVn4w3sPB8ea42LnxKYXnQkqH8QFV8f,True
3,b2-fabric-b1-c4-r3,b2-fabric-b1-c4-r3-warmup-0000,fabric_post_allocation,True,,1632,1783312938264,0,,True
4,b2-fabric-b1-c4-r3,b2-fabric-b1-c4-r3-warmup-0000,fabric_post_snapshot,True,,2491,1783312939896,0,,True
5,b2-fabric-b1-c4-r3,b2-fabric-b1-c4-r3-warmup-0000,fabric_query_confirmation,True,,370,1783312942387,0,,True
6,b2-fabric-b1-c4-r3,b2-fabric-b1-c4-r3-warmup-0000,fabric_vote_1,True,,2487,1783312942757,0,,True
7,b2-fabric-b1-c4-r3,b2-fabric-b1-c4-r3-warmup-0000,fabric_vote_2,True,,2485,1783312945244,0,,True
8,b2-fabric-b1-c4-r3,b2-fabric-b1-c4-r3-warmup-0000,fabric_settlement,True,,2519,1783312947729,0,,True
9,b2-fabric-b1-c4-r3,b2-fabric-b1-c4-r3-warmup-0000,fabric_query_final,True,,1119,1783312950248,0,,True
10,b2-fabric-b1-c4-r3,b2-fabric-b1-c4-r3-warmup-0000,ipfs_verify,True,,7,1783312951367,0,QmZpceyXD65orbHnVn4w3sPB8ea42LnxKYXnQkqH8QFV8f,True
11,b2-fabric-b1-c4-r3,b2-fabric-b1-c4-r3-task-0000,ipfs_add,True,,28,1783312951375,2041,,False
12,b2-fabric-b1-c4-r3,b2-fabric-b1-c4-r3-task-0003,ipfs_add,True,,43,1783312951376,2446,,False
13,b2-fabric-b1-c4-r3,b2-fabric-b1-c4-r3-task-0001,ipfs_add,True,,60,1783312951375,1691,,False
14,b2-fabric-b1-c4-r3,b2-fabric-b1-c4-r3-task-0002,ipfs_add,True,,76,1783312951376,4391,,False
15,b2-fabric-b1-c4-r3,b2-fabric-b1-c4-r3-task-0001,fabric_post_task,True,,2871,1783312951435,1691,QmWLjQroE5HFCEHpAAXxtDJw9HMkY6m5xMyNL3BCoktNFe,False
16,b2-fabric-b1-c4-r3,b2-fabric-b1-c4-r3-task-0002,fabric_post_task,True,,2855,1783312951452,4391,QmadZcFHB1uQSGYUnYEPgsvcDpcDhp6t3Vn4pKLzTyZW3B,False
17,b2-fabric-b1-c4-r3,b2-fabric-b1-c4-r3-task-0000,fabric_post_task,True,,2905,1783312951403,2041,QmZpceyXD65orbHnVn4w3sPB8ea42LnxKYXnQkqH8QFV8f,False
18,b2-fabric-b1-c4-r3,b2-fabric-b1-c4-r3-task-0003,fabric_post_task,True,,2892,1783312951419,2446,QmPvR785HfFDDiGzRGUjqnESf82yCdppnLSJbnvszkNAGt,False
19,b2-fabric-b1-c4-r3,b2-fabric-b1-c4-r3-task-0000,fabric_post_allocation,True,,2303,1783312954308,0,,False
20,b2-fabric-b1-c4-r3,b2-fabric-b1-c4-r3-task-0001,fabric_post_allocation,True,,2306,1783312954306,0,,False
21,b2-fabric-b1-c4-r3,b2-fabric-b1-c4-r3-task-0003,fabric_post_allocation,True,,2302,1783312954311,0,,False
22,b2-fabric-b1-c4-r3,b2-fabric-b1-c4-r3-task-0002,fabric_post_allocation,True,,2305,1783312954308,0,,False
23,b2-fabric-b1-c4-r3,b2-fabric-b1-c4-r3-task-0001,fabric_post_snapshot,True,,2240,1783312956612,0,,False
24,b2-fabric-b1-c4-r3,b2-fabric-b1-c4-r3-task-0002,fabric_post_snapshot,True,,2239,1783312956613,0,,False
25,b2-fabric-b1-c4-r3,b2-fabric-b1-c4-r3-task-0000,fabric_post_snapshot,True,,2242,1783312956611,0,,False
26,b2-fabric-b1-c4-r3,b2-fabric-b1-c4-r3-task-0003,fabric_post_snapshot,True,,2242,1783312956613,0,,False
27,b2-fabric-b1-c4-r3,b2-fabric-b1-c4-r3-task-0003,fabric_query_confirmation,True,,299,1783312958855,0,,False
28,b2-fabric-b1-c4-r3,b2-fabric-b1-c4-r3-task-0002,fabric_query_confirmation,True,,303,1783312958852,0,,False
29,b2-fabric-b1-c4-r3,b2-fabric-b1-c4-r3-task-0000,fabric_query_confirmation,True,,303,1783312958853,0,,False
30,b2-fabric-b1-c4-r3,b2-fabric-b1-c4-r3-task-0001,fabric_query_confirmation,True,,305,1783312958852,0,,False
31,b2-fabric-b1-c4-r3,b2-fabric-b1-c4-r3-task-0002,fabric_vote_1,True,,2257,1783312959155,0,,False
32,b2-fabric-b1-c4-r3,b2-fabric-b1-c4-r3-task-0001,fabric_vote_1,True,,2255,1783312959157,0,,False
33,b2-fabric-b1-c4-r3,b2-fabric-b1-c4-r3-task-0000,fabric_vote_1,True,,2257,1783312959156,0,,False
34,b2-fabric-b1-c4-r3,b2-fabric-b1-c4-r3-task-0003,fabric_vote_1,True,,2259,1783312959154,0,,False
35,b2-fabric-b1-c4-r3,b2-fabric-b1-c4-r3-task-0002,fabric_vote_2,True,,2247,1783312961412,0,,False
36,b2-fabric-b1-c4-r3,b2-fabric-b1-c4-r3-task-0001,fabric_vote_2,True,,2248,1783312961412,0,,False
37,b2-fabric-b1-c4-r3,b2-fabric-b1-c4-r3-task-0003,fabric_vote_2,True,,2247,1783312961413,0,,False
38,b2-fabric-b1-c4-r3,b2-fabric-b1-c4-r3-task-0000,fabric_vote_2,True,,2249,1783312961413,0,,False
39,b2-fabric-b1-c4-r3,b2-fabric-b1-c4-r3-task-0003,fabric_settlement,True,,2482,1783312963660,0,,False
40,b2-fabric-b1-c4-r3,b2-fabric-b1-c4-r3-task-0000,fabric_settlement,True,,2482,1783312963662,0,,False
41,b2-fabric-b1-c4-r3,b2-fabric-b1-c4-r3-task-0002,fabric_settlement,True,,2486,1783312963659,0,,False
42,b2-fabric-b1-c4-r3,b2-fabric-b1-c4-r3-task-0001,fabric_settlement,True,,2486,1783312963660,0,,False
43,b2-fabric-b1-c4-r3,b2-fabric-b1-c4-r3-task-0003,fabric_query_final,True,,922,1783312966142,0,,False
44,b2-fabric-b1-c4-r3,b2-fabric-b1-c4-r3-task-0002,fabric_query_final,True,,920,1783312966145,0,,False
45,b2-fabric-b1-c4-r3,b2-fabric-b1-c4-r3-task-0001,fabric_query_final,True,,919,1783312966146,0,,False
46,b2-fabric-b1-c4-r3,b2-fabric-b1-c4-r3-task-0000,fabric_query_final,True,,924,1783312966144,0,,False
47,b2-fabric-b1-c4-r3,b2-fabric-b1-c4-r3-task-0001,ipfs_verify,True,,6,1783312967065,0,QmWLjQroE5HFCEHpAAXxtDJw9HMkY6m5xMyNL3BCoktNFe,False
48,b2-fabric-b1-c4-r3,b2-fabric-b1-c4-r3-task-0002,ipfs_verify,True,,7,1783312967065,0,QmadZcFHB1uQSGYUnYEPgsvcDpcDhp6t3Vn4pKLzTyZW3B,False
49,b2-fabric-b1-c4-r3,b2-fabric-b1-c4-r3-task-0000,ipfs_verify,True,,6,1783312967068,0,QmZpceyXD65orbHnVn4w3sPB8ea42LnxKYXnQkqH8QFV8f,False
50,b2-fabric-b1-c4-r3,b2-fabric-b1-c4-r3-task-0003,ipfs_verify,True,,10,1783312967064,0,QmPvR785HfFDDiGzRGUjqnESf82yCdppnLSJbnvszkNAGt,False
51,b2-fabric-b1-c4-r3,b2-fabric-b1-c4-r3-task-0004,ipfs_add,True,,23,1783312967072,4001,,False
52,b2-fabric-b1-c4-r3,b2-fabric-b1-c4-r3-task-0005,ipfs_add,True,,38,1783312967072,1568,,False
53,b2-fabric-b1-c4-r3,b2-fabric-b1-c4-r3-task-0006,ipfs_add,True,,61,1783312967074,1837,,False
54,b2-fabric-b1-c4-r3,b2-fabric-b1-c4-r3-task-0007,ipfs_add,True,,77,1783312967074,1947,,False
55,b2-fabric-b1-c4-r3,b2-fabric-b1-c4-r3-task-0006,fabric_post_task,True,,1594,1783312967135,1837,QmXGbR3DqVcFxShbFVjPMj7ToNDuYqpp9jmC8SXxYHpmsi,False
56,b2-fabric-b1-c4-r3,b2-fabric-b1-c4-r3-task-0007,fabric_post_task,True,,1578,1783312967151,1947,QmZ2mJtGsrx1z5XKWoUvbBSuSSfsFtGubMTSXMJ9cMGQnJ,False
57,b2-fabric-b1-c4-r3,b2-fabric-b1-c4-r3-task-0004,fabric_post_task,True,,1635,1783312967095,4001,Qmaz6UxvY2c7v7Afz5qnVeVQ353BpWF64tC6snuKvMXMMH,False
58,b2-fabric-b1-c4-r3,b2-fabric-b1-c4-r3-task-0005,fabric_post_task,True,,1620,1783312967111,1568,QmQGqX18RcT7NsFPmbZfQoD9JQ4oRJAgNfw6hWJoUowyXr,False
59,b2-fabric-b1-c4-r3,b2-fabric-b1-c4-r3-task-0006,fabric_post_allocation,True,,2325,1783312968729,0,,False
60,b2-fabric-b1-c4-r3,b2-fabric-b1-c4-r3-task-0005,fabric_post_allocation,True,,2326,1783312968731,0,,False
61,b2-fabric-b1-c4-r3,b2-fabric-b1-c4-r3-task-0007,fabric_post_allocation,True,,2328,1783312968729,0,,False
62,b2-fabric-b1-c4-r3,b2-fabric-b1-c4-r3-task-0004,fabric_post_allocation,True,,2328,1783312968730,0,,False
63,b2-fabric-b1-c4-r3,b2-fabric-b1-c4-r3-task-0005,fabric_post_snapshot,True,,2455,1783312971057,0,,False
64,b2-fabric-b1-c4-r3,b2-fabric-b1-c4-r3-task-0007,fabric_post_snapshot,True,,2456,1783312971057,0,,False
65,b2-fabric-b1-c4-r3,b2-fabric-b1-c4-r3-task-0006,fabric_post_snapshot,True,,2458,1783312971055,0,,False
66,b2-fabric-b1-c4-r3,b2-fabric-b1-c4-r3-task-0004,fabric_post_snapshot,True,,2456,1783312971058,0,,False
67,b2-fabric-b1-c4-r3,b2-fabric-b1-c4-r3-task-0004,fabric_query_confirmation,True,,117,1783312973514,0,,False
68,b2-fabric-b1-c4-r3,b2-fabric-b1-c4-r3-task-0006,fabric_query_confirmation,True,,118,1783312973513,0,,False
69,b2-fabric-b1-c4-r3,b2-fabric-b1-c4-r3-task-0005,fabric_query_confirmation,True,,120,1783312973512,0,,False
70,b2-fabric-b1-c4-r3,b2-fabric-b1-c4-r3-task-0007,fabric_query_confirmation,True,,121,1783312973513,0,,False
71,b2-fabric-b1-c4-r3,b2-fabric-b1-c4-r3-task-0005,fabric_vote_1,True,,2463,1783312973632,0,,False
72,b2-fabric-b1-c4-r3,b2-fabric-b1-c4-r3-task-0004,fabric_vote_1,True,,2465,1783312973631,0,,False
73,b2-fabric-b1-c4-r3,b2-fabric-b1-c4-r3-task-0007,fabric_vote_1,True,,2462,1783312973634,0,,False
74,b2-fabric-b1-c4-r3,b2-fabric-b1-c4-r3-task-0006,fabric_vote_1,True,,2468,1783312973631,0,,False
75,b2-fabric-b1-c4-r3,b2-fabric-b1-c4-r3-task-0007,fabric_vote_2,True,,2449,1783312976097,0,,False
76,b2-fabric-b1-c4-r3,b2-fabric-b1-c4-r3-task-0005,fabric_vote_2,True,,2452,1783312976095,0,,False
77,b2-fabric-b1-c4-r3,b2-fabric-b1-c4-r3-task-0006,fabric_vote_2,True,,2448,1783312976099,0,,False
78,b2-fabric-b1-c4-r3,b2-fabric-b1-c4-r3-task-0004,fabric_vote_2,True,,2452,1783312976096,0,,False
79,b2-fabric-b1-c4-r3,b2-fabric-b1-c4-r3-task-0007,fabric_settlement,True,,2297,1783312978546,0,,False
80,b2-fabric-b1-c4-r3,b2-fabric-b1-c4-r3-task-0006,fabric_settlement,True,,2297,1783312978547,0,,False
81,b2-fabric-b1-c4-r3,b2-fabric-b1-c4-r3-task-0005,fabric_settlement,True,,2297,1783312978547,0,,False
82,b2-fabric-b1-c4-r3,b2-fabric-b1-c4-r3-task-0004,fabric_settlement,True,,2297,1783312978548,0,,False
83,b2-fabric-b1-c4-r3,b2-fabric-b1-c4-r3-task-0004,fabric_query_final,True,,736,1783312980845,0,,False
84,b2-fabric-b1-c4-r3,b2-fabric-b1-c4-r3-task-0006,fabric_query_final,True,,738,1783312980844,0,,False
85,b2-fabric-b1-c4-r3,b2-fabric-b1-c4-r3-task-0007,fabric_query_final,True,,739,1783312980843,0,,False
86,b2-fabric-b1-c4-r3,b2-fabric-b1-c4-r3-task-0005,fabric_query_final,True,,741,1783312980844,0,,False
87,b2-fabric-b1-c4-r3,b2-fabric-b1-c4-r3-task-0006,ipfs_verify,True,,7,1783312981582,0,QmXGbR3DqVcFxShbFVjPMj7ToNDuYqpp9jmC8SXxYHpmsi,False
88,b2-fabric-b1-c4-r3,b2-fabric-b1-c4-r3-task-0004,ipfs_verify,True,,9,1783312981581,0,Qmaz6UxvY2c7v7Afz5qnVeVQ353BpWF64tC6snuKvMXMMH,False
89,b2-fabric-b1-c4-r3,b2-fabric-b1-c4-r3-task-0007,ipfs_verify,True,,9,1783312981582,0,QmZ2mJtGsrx1z5XKWoUvbBSuSSfsFtGubMTSXMJ9cMGQnJ,False
90,b2-fabric-b1-c4-r3,b2-fabric-b1-c4-r3-task-0005,ipfs_verify,True,,8,1783312981585,0,QmQGqX18RcT7NsFPmbZfQoD9JQ4oRJAgNfw6hWJoUowyXr,False
91,b2-fabric-b1-c4-r3,b2-fabric-b1-c4-r3-task-0008,ipfs_add,True,,28,1783312981589,4944,,False
92,b2-fabric-b1-c4-r3,b2-fabric-b1-c4-r3-task-0009,ipfs_add,True,,43,1783312981590,2473,,False
93,b2-fabric-b1-c4-r3,b2-fabric-b1-c4-r3-task-0011,ipfs_add,True,,56,1783312981593,1792,,False
94,b2-fabric-b1-c4-r3,b2-fabric-b1-c4-r3-task-0010,ipfs_add,True,,76,1783312981591,1920,,False
95,b2-fabric-b1-c4-r3,b2-fabric-b1-c4-r3-task-0008,fabric_post_task,True,,2833,1783312981617,4944,Qmadej9boMA3zvMcjFpwW1dMDJCrBFKribSZiwN8Np95v4,False
96,b2-fabric-b1-c4-r3,b2-fabric-b1-c4-r3-task-0010,fabric_post_task,True,,2784,1783312981667,1920,QmW8orLvUAo2YwFjjwaFvXPFemWqGCNshgP2T5TSk9ed5J,False
97,b2-fabric-b1-c4-r3,b2-fabric-b1-c4-r3-task-0011,fabric_post_task,True,,2805,1783312981649,1792,QmRYRwmnCKh97pHrWVSsWgKT9hwEK6SXPP8N3DGcdkp1Hf,False
98,b2-fabric-b1-c4-r3,b2-fabric-b1-c4-r3-task-0009,fabric_post_task,True,,2822,1783312981633,2473,QmQL4VyiyFbbfeWbQLp7Qp6cU5MBzGngHTJYLaPrdaD1Q5,False
99,b2-fabric-b1-c4-r3,b2-fabric-b1-c4-r3-task-0010,fabric_post_allocation,True,,2339,1783312984451,0,,False
100,b2-fabric-b1-c4-r3,b2-fabric-b1-c4-r3-task-0009,fabric_post_allocation,True,,2336,1783312984455,0,,False
101,b2-fabric-b1-c4-r3,b2-fabric-b1-c4-r3-task-0011,fabric_post_allocation,True,,2338,1783312984454,0,,False
102,b2-fabric-b1-c4-r3,b2-fabric-b1-c4-r3-task-0008,fabric_post_allocation,True,,2343,1783312984450,0,,False
103,b2-fabric-b1-c4-r3,b2-fabric-b1-c4-r3-task-0009,fabric_post_snapshot,True,,2492,1783312986791,0,,False
104,b2-fabric-b1-c4-r3,b2-fabric-b1-c4-r3-task-0010,fabric_post_snapshot,True,,2494,1783312986790,0,,False
105,b2-fabric-b1-c4-r3,b2-fabric-b1-c4-r3-task-0011,fabric_post_snapshot,True,,2493,1783312986792,0,,False
106,b2-fabric-b1-c4-r3,b2-fabric-b1-c4-r3-task-0008,fabric_post_snapshot,True,,2495,1783312986793,0,,False
107,b2-fabric-b1-c4-r3,b2-fabric-b1-c4-r3-task-0008,fabric_query_confirmation,True,,320,1783312989288,0,,False
108,b2-fabric-b1-c4-r3,b2-fabric-b1-c4-r3-task-0009,fabric_query_confirmation,True,,328,1783312989283,0,,False
109,b2-fabric-b1-c4-r3,b2-fabric-b1-c4-r3-task-0010,fabric_query_confirmation,True,,326,1783312989285,0,,False
110,b2-fabric-b1-c4-r3,b2-fabric-b1-c4-r3-task-0011,fabric_query_confirmation,True,,327,1783312989285,0,,False
111,b2-fabric-b1-c4-r3,b2-fabric-b1-c4-r3-task-0008,fabric_vote_1,True,,2303,1783312989608,0,,False
112,b2-fabric-b1-c4-r3,b2-fabric-b1-c4-r3-task-0010,fabric_vote_1,True,,2301,1783312989611,0,,False
113,b2-fabric-b1-c4-r3,b2-fabric-b1-c4-r3-task-0011,fabric_vote_1,True,,2301,1783312989612,0,,False
114,b2-fabric-b1-c4-r3,b2-fabric-b1-c4-r3-task-0009,fabric_vote_1,True,,2304,1783312989611,0,,False
115,b2-fabric-b1-c4-r3,b2-fabric-b1-c4-r3-task-0008,fabric_vote_2,True,,2493,1783312991911,0,,False
116,b2-fabric-b1-c4-r3,b2-fabric-b1-c4-r3-task-0010,fabric_vote_2,True,,2493,1783312991912,0,,False
117,b2-fabric-b1-c4-r3,b2-fabric-b1-c4-r3-task-0009,fabric_vote_2,True,,2491,1783312991915,0,,False
118,b2-fabric-b1-c4-r3,b2-fabric-b1-c4-r3-task-0011,fabric_vote_2,True,,2494,1783312991913,0,,False
119,b2-fabric-b1-c4-r3,b2-fabric-b1-c4-r3-task-0008,fabric_settlement,True,,2481,1783312994404,0,,False
120,b2-fabric-b1-c4-r3,b2-fabric-b1-c4-r3-task-0009,fabric_settlement,True,,2481,1783312994406,0,,False
121,b2-fabric-b1-c4-r3,b2-fabric-b1-c4-r3-task-0010,fabric_settlement,True,,2483,1783312994405,0,,False
122,b2-fabric-b1-c4-r3,b2-fabric-b1-c4-r3-task-0011,fabric_settlement,True,,2481,1783312994407,0,,False
123,b2-fabric-b1-c4-r3,b2-fabric-b1-c4-r3-task-0009,fabric_query_final,True,,549,1783312996888,0,,False
124,b2-fabric-b1-c4-r3,b2-fabric-b1-c4-r3-task-0008,fabric_query_final,True,,553,1783312996885,0,,False
125,b2-fabric-b1-c4-r3,b2-fabric-b1-c4-r3-task-0011,fabric_query_final,True,,551,1783312996888,0,,False
126,b2-fabric-b1-c4-r3,b2-fabric-b1-c4-r3-task-0010,fabric_query_final,True,,553,1783312996888,0,,False
127,b2-fabric-b1-c4-r3,b2-fabric-b1-c4-r3-task-0009,ipfs_verify,True,,7,1783312997438,0,QmQL4VyiyFbbfeWbQLp7Qp6cU5MBzGngHTJYLaPrdaD1Q5,False
128,b2-fabric-b1-c4-r3,b2-fabric-b1-c4-r3-task-0008,ipfs_verify,True,,7,1783312997438,0,Qmadej9boMA3zvMcjFpwW1dMDJCrBFKribSZiwN8Np95v4,False
129,b2-fabric-b1-c4-r3,b2-fabric-b1-c4-r3-task-0011,ipfs_verify,True,,7,1783312997439,0,QmRYRwmnCKh97pHrWVSsWgKT9hwEK6SXPP8N3DGcdkp1Hf,False
130,b2-fabric-b1-c4-r3,b2-fabric-b1-c4-r3-task-0010,ipfs_verify,True,,8,1783312997441,0,QmW8orLvUAo2YwFjjwaFvXPFemWqGCNshgP2T5TSk9ed5J,False
131,b2-fabric-b1-c4-r3,b2-fabric-b1-c4-r3-task-0012,ipfs_add,True,,46,1783312997445,2481,,False
132,b2-fabric-b1-c4-r3,b2-fabric-b1-c4-r3-task-0013,ipfs_add,True,,61,1783312997446,1794,,False
133,b2-fabric-b1-c4-r3,b2-fabric-b1-c4-r3-task-0015,ipfs_add,True,,74,1783312997449,3558,,False
134,b2-fabric-b1-c4-r3,b2-fabric-b1-c4-r3-task-0014,ipfs_add,True,,77,1783312997446,2050,,False
135,b2-fabric-b1-c4-r3,b2-fabric-b1-c4-r3-task-0015,fabric_post_task,True,,1628,1783312997523,3558,QmX9kmCUGB3VHpYs1Jhps4JrTzKker7mYqwzfhduHDQrrA,False
136,b2-fabric-b1-c4-r3,b2-fabric-b1-c4-r3-task-0012,fabric_post_task,True,,1661,1783312997491,2481,QmbLZmrnw2YxkgQegnEMgsfhkBbcndvvPFprkSdibX7c49,False
137,b2-fabric-b1-c4-r3,b2-fabric-b1-c4-r3-task-0014,fabric_post_task,True,,1633,1783312997523,2050,QmdA4H658GbdXFpaibWrSNhL4kRmi3VbbpP3Y5MfYbX6k2,False
138,b2-fabric-b1-c4-r3,b2-fabric-b1-c4-r3-task-0013,fabric_post_task,True,,1650,1783312997507,1794,QmZ836RGQ6upMRwgQ3XnYgMNByct8U1cPTyzW3j4N7nzJk,False
139,b2-fabric-b1-c4-r3,b2-fabric-b1-c4-r3-task-0014,fabric_post_allocation,True,,2315,1783312999156,0,,False
140,b2-fabric-b1-c4-r3,b2-fabric-b1-c4-r3-task-0012,fabric_post_allocation,True,,2319,1783312999152,0,,False
141,b2-fabric-b1-c4-r3,b2-fabric-b1-c4-r3-task-0015,fabric_post_allocation,True,,2321,1783312999151,0,,False
142,b2-fabric-b1-c4-r3,b2-fabric-b1-c4-r3-task-0013,fabric_post_allocation,True,,2315,1783312999157,0,,False
143,b2-fabric-b1-c4-r3,b2-fabric-b1-c4-r3-task-0015,fabric_post_snapshot,True,,2248,1783313001472,0,,False
144,b2-fabric-b1-c4-r3,b2-fabric-b1-c4-r3-task-0013,fabric_post_snapshot,True,,2249,1783313001472,0,,False
145,b2-fabric-b1-c4-r3,b2-fabric-b1-c4-r3-task-0012,fabric_post_snapshot,True,,2251,1783313001471,0,,False
146,b2-fabric-b1-c4-r3,b2-fabric-b1-c4-r3-task-0014,fabric_post_snapshot,True,,2251,1783313001471,0,,False
147,b2-fabric-b1-c4-r3,b2-fabric-b1-c4-r3-task-0012,fabric_query_confirmation,True,,129,1783313003722,0,,False
148,b2-fabric-b1-c4-r3,b2-fabric-b1-c4-r3-task-0013,fabric_query_confirmation,True,,130,1783313003721,0,,False
149,b2-fabric-b1-c4-r3,b2-fabric-b1-c4-r3-task-0015,fabric_query_confirmation,True,,132,1783313003720,0,,False
150,b2-fabric-b1-c4-r3,b2-fabric-b1-c4-r3-task-0014,fabric_query_confirmation,True,,133,1783313003722,0,,False
151,b2-fabric-b1-c4-r3,b2-fabric-b1-c4-r3-task-0015,fabric_vote_1,True,,2514,1783313003852,0,,False
152,b2-fabric-b1-c4-r3,b2-fabric-b1-c4-r3-task-0012,fabric_vote_1,True,,2516,1783313003851,0,,False
153,b2-fabric-b1-c4-r3,b2-fabric-b1-c4-r3-task-0013,fabric_vote_1,True,,2516,1783313003851,0,,False
154,b2-fabric-b1-c4-r3,b2-fabric-b1-c4-r3-task-0014,fabric_vote_1,True,,2513,1783313003855,0,,False
155,b2-fabric-b1-c4-r3,b2-fabric-b1-c4-r3-task-0012,fabric_vote_2,True,,2242,1783313006367,0,,False
156,b2-fabric-b1-c4-r3,b2-fabric-b1-c4-r3-task-0013,fabric_vote_2,True,,2242,1783313006367,0,,False
157,b2-fabric-b1-c4-r3,b2-fabric-b1-c4-r3-task-0014,fabric_vote_2,True,,2242,1783313006368,0,,False
158,b2-fabric-b1-c4-r3,b2-fabric-b1-c4-r3-task-0015,fabric_vote_2,True,,2246,1783313006366,0,,False
159,b2-fabric-b1-c4-r3,b2-fabric-b1-c4-r3-task-0014,fabric_settlement,True,,2461,1783313008610,0,,False
160,b2-fabric-b1-c4-r3,b2-fabric-b1-c4-r3-task-0015,fabric_settlement,True,,2460,1783313008612,0,,False
161,b2-fabric-b1-c4-r3,b2-fabric-b1-c4-r3-task-0012,fabric_settlement,True,,2464,1783313008609,0,,False
162,b2-fabric-b1-c4-r3,b2-fabric-b1-c4-r3-task-0013,fabric_settlement,True,,2465,1783313008609,0,,False
163,b2-fabric-b1-c4-r3,b2-fabric-b1-c4-r3-task-0013,fabric_query_final,True,,532,1783313011074,0,,False
164,b2-fabric-b1-c4-r3,b2-fabric-b1-c4-r3-task-0014,fabric_query_final,True,,536,1783313011071,0,,False
165,b2-fabric-b1-c4-r3,b2-fabric-b1-c4-r3-task-0015,fabric_query_final,True,,536,1783313011072,0,,False
166,b2-fabric-b1-c4-r3,b2-fabric-b1-c4-r3-task-0012,fabric_query_final,True,,537,1783313011073,0,,False
167,b2-fabric-b1-c4-r3,b2-fabric-b1-c4-r3-task-0014,ipfs_verify,True,,6,1783313011607,0,QmdA4H658GbdXFpaibWrSNhL4kRmi3VbbpP3Y5MfYbX6k2,False
168,b2-fabric-b1-c4-r3,b2-fabric-b1-c4-r3-task-0013,ipfs_verify,True,,8,1783313011606,0,QmZ836RGQ6upMRwgQ3XnYgMNByct8U1cPTyzW3j4N7nzJk,False
169,b2-fabric-b1-c4-r3,b2-fabric-b1-c4-r3-task-0015,ipfs_verify,True,,7,1783313011608,0,QmX9kmCUGB3VHpYs1Jhps4JrTzKker7mYqwzfhduHDQrrA,False
170,b2-fabric-b1-c4-r3,b2-fabric-b1-c4-r3-task-0012,ipfs_verify,True,,6,1783313011610,0,QmbLZmrnw2YxkgQegnEMgsfhkBbcndvvPFprkSdibX7c49,False
171,b2-fabric-b1-c4-r3,b2-fabric-b1-c4-r3-task-0016,ipfs_add,True,,31,1783313011613,1806,,False
172,b2-fabric-b1-c4-r3,b2-fabric-b1-c4-r3-task-0018,ipfs_add,True,,45,1783313011615,1628,,False
173,b2-fabric-b1-c4-r3,b2-fabric-b1-c4-r3-task-0019,ipfs_add,True,,61,1783313011616,1779,,False
174,b2-fabric-b1-c4-r3,b2-fabric-b1-c4-r3-task-0017,ipfs_add,True,,80,1783313011614,1714,,False
175,b2-fabric-b1-c4-r3,b2-fabric-b1-c4-r3-task-0019,fabric_post_task,True,,2771,1783313011677,1779,QmSciV8g79eMrjXm8f2BtxoJrkCttCpUNrWTNbQtrPN26s,False
176,b2-fabric-b1-c4-r3,b2-fabric-b1-c4-r3-task-0018,fabric_post_task,True,,2789,1783313011660,1628,QmXxhuw4zLhaZUxTgm3nVAPdVDi7RC4E8cy48iMSw5X5cc,False
177,b2-fabric-b1-c4-r3,b2-fabric-b1-c4-r3-task-0017,fabric_post_task,True,,2757,1783313011694,1714,QmWKrJKRZfeQnkT8t5aowLXrHM3GpoZqpDn7cXYRceXJsh,False
178,b2-fabric-b1-c4-r3,b2-fabric-b1-c4-r3-task-0016,fabric_post_task,True,,2807,1783313011644,1806,QmRXEbbwSGrTFGj6rGcuUsRHhWgzm9E9di73MsPSjQyDqY,False
179,b2-fabric-b1-c4-r3,b2-fabric-b1-c4-r3-task-0016,fabric_post_allocation,True,,2308,1783313014451,0,,False
180,b2-fabric-b1-c4-r3,b2-fabric-b1-c4-r3-task-0019,fabric_post_allocation,True,,2312,1783313014448,0,,False
181,b2-fabric-b1-c4-r3,b2-fabric-b1-c4-r3-task-0018,fabric_post_allocation,True,,2311,1783313014449,0,,False
182,b2-fabric-b1-c4-r3,b2-fabric-b1-c4-r3-task-0017,fabric_post_allocation,True,,2310,1783313014451,0,,False
183,b2-fabric-b1-c4-r3,b2-fabric-b1-c4-r3-task-0019,fabric_post_snapshot,True,,2246,1783313016760,0,,False
184,b2-fabric-b1-c4-r3,b2-fabric-b1-c4-r3-task-0016,fabric_post_snapshot,True,,2247,1783313016759,0,,False
185,b2-fabric-b1-c4-r3,b2-fabric-b1-c4-r3-task-0018,fabric_post_snapshot,True,,2248,1783313016760,0,,False
186,b2-fabric-b1-c4-r3,b2-fabric-b1-c4-r3-task-0017,fabric_post_snapshot,True,,2248,1783313016761,0,,False
187,b2-fabric-b1-c4-r3,b2-fabric-b1-c4-r3-task-0018,fabric_query_confirmation,True,,112,1783313019008,0,,False
188,b2-fabric-b1-c4-r3,b2-fabric-b1-c4-r3-task-0019,fabric_query_confirmation,True,,115,1783313019006,0,,False
189,b2-fabric-b1-c4-r3,b2-fabric-b1-c4-r3-task-0016,fabric_query_confirmation,True,,115,1783313019006,0,,False
190,b2-fabric-b1-c4-r3,b2-fabric-b1-c4-r3-task-0017,fabric_query_confirmation,True,,114,1783313019009,0,,False
191,b2-fabric-b1-c4-r3,b2-fabric-b1-c4-r3-task-0016,fabric_vote_1,True,,2461,1783313019121,0,,False
192,b2-fabric-b1-c4-r3,b2-fabric-b1-c4-r3-task-0018,fabric_vote_1,True,,2463,1783313019120,0,,False
193,b2-fabric-b1-c4-r3,b2-fabric-b1-c4-r3-task-0019,fabric_vote_1,True,,2462,1783313019121,0,,False
194,b2-fabric-b1-c4-r3,b2-fabric-b1-c4-r3-task-0017,fabric_vote_1,True,,2463,1783313019123,0,,False
195,b2-fabric-b1-c4-r3,b2-fabric-b1-c4-r3-task-0018,fabric_vote_2,True,,2451,1783313021583,0,,False
196,b2-fabric-b1-c4-r3,b2-fabric-b1-c4-r3-task-0016,fabric_vote_2,True,,2453,1783313021582,0,,False
197,b2-fabric-b1-c4-r3,b2-fabric-b1-c4-r3-task-0017,fabric_vote_2,True,,2450,1783313021586,0,,False
198,b2-fabric-b1-c4-r3,b2-fabric-b1-c4-r3-task-0019,fabric_vote_2,True,,2455,1783313021583,0,,False
199,b2-fabric-b1-c4-r3,b2-fabric-b1-c4-r3-task-0019,fabric_settlement,True,,2465,1783313024038,0,,False
200,b2-fabric-b1-c4-r3,b2-fabric-b1-c4-r3-task-0016,fabric_settlement,True,,2470,1783313024035,0,,False
201,b2-fabric-b1-c4-r3,b2-fabric-b1-c4-r3-task-0018,fabric_settlement,True,,2471,1783313024034,0,,False
202,b2-fabric-b1-c4-r3,b2-fabric-b1-c4-r3-task-0017,fabric_settlement,True,,2469,1783313024036,0,,False
203,b2-fabric-b1-c4-r3,b2-fabric-b1-c4-r3-task-0018,fabric_query_final,True,,334,1783313026505,0,,False
204,b2-fabric-b1-c4-r3,b2-fabric-b1-c4-r3-task-0017,fabric_query_final,True,,334,1783313026505,0,,False
205,b2-fabric-b1-c4-r3,b2-fabric-b1-c4-r3-task-0016,fabric_query_final,True,,335,1783313026505,0,,False
206,b2-fabric-b1-c4-r3,b2-fabric-b1-c4-r3-task-0019,fabric_query_final,True,,342,1783313026503,0,,False
207,b2-fabric-b1-c4-r3,b2-fabric-b1-c4-r3-task-0018,ipfs_verify,True,,8,1783313026839,0,QmXxhuw4zLhaZUxTgm3nVAPdVDi7RC4E8cy48iMSw5X5cc,False
208,b2-fabric-b1-c4-r3,b2-fabric-b1-c4-r3-task-0016,ipfs_verify,True,,7,1783313026840,0,QmRXEbbwSGrTFGj6rGcuUsRHhWgzm9E9di73MsPSjQyDqY,False
209,b2-fabric-b1-c4-r3,b2-fabric-b1-c4-r3-task-0017,ipfs_verify,True,,9,1783313026839,0,QmWKrJKRZfeQnkT8t5aowLXrHM3GpoZqpDn7cXYRceXJsh,False
210,b2-fabric-b1-c4-r3,b2-fabric-b1-c4-r3-task-0019,ipfs_verify,True,,6,1783313026845,0,QmSciV8g79eMrjXm8f2BtxoJrkCttCpUNrWTNbQtrPN26s,False
211,b2-fabric-b1-c4-r3,b2-fabric-b1-c4-r3-task-0022,ipfs_add,True,,43,1783313026848,2068,,False
212,b2-fabric-b1-c4-r3,b2-fabric-b1-c4-r3-task-0021,ipfs_add,True,,60,1783313026847,2376,,False
213,b2-fabric-b1-c4-r3,b2-fabric-b1-c4-r3-task-0023,ipfs_add,True,,75,1783313026851,1700,,False
214,b2-fabric-b1-c4-r3,b2-fabric-b1-c4-r3-task-0020,ipfs_add,True,,80,1783313026847,1555,,False
215,b2-fabric-b1-c4-r3,b2-fabric-b1-c4-r3-task-0020,fabric_post_task,True,,1641,1783313026927,1555,QmVVEEsRWTrpHyCUMfWzaezUv7i29R95rTPN8N3iBYMKsY,False
216,b2-fabric-b1-c4-r3,b2-fabric-b1-c4-r3-task-0023,fabric_post_task,True,,1644,1783313026926,1700,QmSNTzME5ExH9MXjsfAXcGbriDzvpgibF4VxHLZTbZtpFe,False
217,b2-fabric-b1-c4-r3,b2-fabric-b1-c4-r3-task-0022,fabric_post_task,True,,1680,1783313026891,2068,QmNqxnqMtb8sfjsbs8nXG3svpSGcf4Pq1qS9nykNsjeEqq,False
218,b2-fabric-b1-c4-r3,b2-fabric-b1-c4-r3-task-0021,fabric_post_task,True,,1665,1783313026907,2376,QmcMDgZ1hZ3GkUEYEYALditW6azhFYA2tjToNN57pgr9Md,False
219,b2-fabric-b1-c4-r3,b2-fabric-b1-c4-r3-task-0020,fabric_post_allocation,True,,2545,1783313028568,0,,False
220,b2-fabric-b1-c4-r3,b2-fabric-b1-c4-r3-task-0023,fabric_post_allocation,True,,2545,1783313028570,0,,False
221,b2-fabric-b1-c4-r3,b2-fabric-b1-c4-r3-task-0021,fabric_post_allocation,True,,2544,1783313028573,0,,False
222,b2-fabric-b1-c4-r3,b2-fabric-b1-c4-r3-task-0022,fabric_post_allocation,True,,2547,1783313028571,0,,False
223,b2-fabric-b1-c4-r3,b2-fabric-b1-c4-r3-task-0021,fabric_post_snapshot,True,,2255,1783313031117,0,,False
224,b2-fabric-b1-c4-r3,b2-fabric-b1-c4-r3-task-0020,fabric_post_snapshot,True,,2259,1783313031113,0,,False
225,b2-fabric-b1-c4-r3,b2-fabric-b1-c4-r3-task-0022,fabric_post_snapshot,True,,2255,1783313031118,0,,False
226,b2-fabric-b1-c4-r3,b2-fabric-b1-c4-r3-task-0023,fabric_post_snapshot,True,,2260,1783313031115,0,,False
227,b2-fabric-b1-c4-r3,b2-fabric-b1-c4-r3-task-0021,fabric_query_confirmation,True,,325,1783313033372,0,,False
228,b2-fabric-b1-c4-r3,b2-fabric-b1-c4-r3-task-0022,fabric_query_confirmation,True,,325,1783313033373,0,,False
229,b2-fabric-b1-c4-r3,b2-fabric-b1-c4-r3-task-0023,fabric_query_confirmation,True,,323,1783313033375,0,,False
230,b2-fabric-b1-c4-r3,b2-fabric-b1-c4-r3-task-0020,fabric_query_confirmation,True,,328,1783313033372,0,,False
231,b2-fabric-b1-c4-r3,b2-fabric-b1-c4-r3-task-0021,fabric_vote_1,True,,2442,1783313033697,0,,False
232,b2-fabric-b1-c4-r3,b2-fabric-b1-c4-r3-task-0022,fabric_vote_1,True,,2443,1783313033698,0,,False
233,b2-fabric-b1-c4-r3,b2-fabric-b1-c4-r3-task-0020,fabric_vote_1,True,,2441,1783313033700,0,,False
234,b2-fabric-b1-c4-r3,b2-fabric-b1-c4-r3-task-0023,fabric_vote_1,True,,2445,1783313033698,0,,False
235,b2-fabric-b1-c4-r3,b2-fabric-b1-c4-r3-task-0021,fabric_vote_2,True,,2442,1783313036139,0,,False
236,b2-fabric-b1-c4-r3,b2-fabric-b1-c4-r3-task-0020,fabric_vote_2,True,,2441,1783313036141,0,,False
237,b2-fabric-b1-c4-r3,b2-fabric-b1-c4-r3-task-0022,fabric_vote_2,True,,2442,1783313036141,0,,False
238,b2-fabric-b1-c4-r3,b2-fabric-b1-c4-r3-task-0023,fabric_vote_2,True,,2441,1783313036143,0,,False
239,b2-fabric-b1-c4-r3,b2-fabric-b1-c4-r3-task-0023,fabric_settlement,True,,2352,1783313038584,0,,False
240,b2-fabric-b1-c4-r3,b2-fabric-b1-c4-r3-task-0021,fabric_settlement,True,,2356,1783313038581,0,,False
241,b2-fabric-b1-c4-r3,b2-fabric-b1-c4-r3-task-0022,fabric_settlement,True,,2355,1783313038583,0,,False
242,b2-fabric-b1-c4-r3,b2-fabric-b1-c4-r3-task-0020,fabric_settlement,True,,2358,1783313038582,0,,False
243,b2-fabric-b1-c4-r3,b2-fabric-b1-c4-r3-task-0021,fabric_query_final,True,,536,1783313040937,0,,False
244,b2-fabric-b1-c4-r3,b2-fabric-b1-c4-r3-task-0022,fabric_query_final,True,,535,1783313040938,0,,False
245,b2-fabric-b1-c4-r3,b2-fabric-b1-c4-r3-task-0023,fabric_query_final,True,,538,1783313040936,0,,False
246,b2-fabric-b1-c4-r3,b2-fabric-b1-c4-r3-task-0020,fabric_query_final,True,,537,1783313040940,0,,False
247,b2-fabric-b1-c4-r3,b2-fabric-b1-c4-r3-task-0021,ipfs_verify,True,,8,1783313041473,0,QmcMDgZ1hZ3GkUEYEYALditW6azhFYA2tjToNN57pgr9Md,False
248,b2-fabric-b1-c4-r3,b2-fabric-b1-c4-r3-task-0023,ipfs_verify,True,,7,1783313041474,0,QmSNTzME5ExH9MXjsfAXcGbriDzvpgibF4VxHLZTbZtpFe,False
249,b2-fabric-b1-c4-r3,b2-fabric-b1-c4-r3-task-0022,ipfs_verify,True,,8,1783313041473,0,QmNqxnqMtb8sfjsbs8nXG3svpSGcf4Pq1qS9nykNsjeEqq,False
250,b2-fabric-b1-c4-r3,b2-fabric-b1-c4-r3-task-0020,ipfs_verify,True,,6,1783313041477,0,QmVVEEsRWTrpHyCUMfWzaezUv7i29R95rTPN8N3iBYMKsY,False
251,b2-fabric-b1-c4-r3,b2-fabric-b1-c4-r3-task-0026,ipfs_add,True,,27,1783313041481,2285,,False
252,b2-fabric-b1-c4-r3,b2-fabric-b1-c4-r3-task-0025,ipfs_add,True,,44,1783313041481,1470,,False
253,b2-fabric-b1-c4-r3,b2-fabric-b1-c4-r3-task-0024,ipfs_add,True,,62,1783313041481,1380,,False
254,b2-fabric-b1-c4-r3,b2-fabric-b1-c4-r3-task-0027,ipfs_add,True,,75,1783313041483,1942,,False
255,b2-fabric-b1-c4-r3,b2-fabric-b1-c4-r3-task-0024,fabric_post_task,True,,2750,1783313041543,1380,QmVMeHnQxmGXaDj74SJcQxSejhibib6Ve54PwgWQGkenB7,False
256,b2-fabric-b1-c4-r3,b2-fabric-b1-c4-r3-task-0025,fabric_post_task,True,,2771,1783313041525,1470,QmfV4xn5gz8tktJ19swpdMmXMvtkpfJY5tXJWbBSUFSHFi,False
257,b2-fabric-b1-c4-r3,b2-fabric-b1-c4-r3-task-0027,fabric_post_task,True,,2739,1783313041558,1942,QmNy38ZnCY29gNwh56gk2CQJXsETwyHTceFnkSP4vC85KR,False
258,b2-fabric-b1-c4-r3,b2-fabric-b1-c4-r3-task-0026,fabric_post_task,True,,2790,1783313041508,2285,QmPA4QSCZorDwximTUj45HQYaqqLrUR1uWw8YCaw56AYrQ,False
259,b2-fabric-b1-c4-r3,b2-fabric-b1-c4-r3-task-0024,fabric_post_allocation,True,,2364,1783313044293,0,,False
260,b2-fabric-b1-c4-r3,b2-fabric-b1-c4-r3-task-0027,fabric_post_allocation,True,,2362,1783313044297,0,,False
261,b2-fabric-b1-c4-r3,b2-fabric-b1-c4-r3-task-0025,fabric_post_allocation,True,,2365,1783313044296,0,,False
262,b2-fabric-b1-c4-r3,b2-fabric-b1-c4-r3-task-0026,fabric_post_allocation,True,,2364,1783313044298,0,,False
263,b2-fabric-b1-c4-r3,b2-fabric-b1-c4-r3-task-0025,fabric_post_snapshot,True,,2344,1783313046661,0,,False
264,b2-fabric-b1-c4-r3,b2-fabric-b1-c4-r3-task-0024,fabric_post_snapshot,True,,2349,1783313046657,0,,False
265,b2-fabric-b1-c4-r3,b2-fabric-b1-c4-r3-task-0027,fabric_post_snapshot,True,,2348,1783313046659,0,,False
266,b2-fabric-b1-c4-r3,b2-fabric-b1-c4-r3-task-0026,fabric_post_snapshot,True,,2346,1783313046662,0,,False
267,b2-fabric-b1-c4-r3,b2-fabric-b1-c4-r3-task-0026,fabric_query_confirmation,True,,134,1783313049008,0,,False
268,b2-fabric-b1-c4-r3,b2-fabric-b1-c4-r3-task-0027,fabric_query_confirmation,True,,136,1783313049007,0,,False
269,b2-fabric-b1-c4-r3,b2-fabric-b1-c4-r3-task-0024,fabric_query_confirmation,True,,138,1783313049006,0,,False
270,b2-fabric-b1-c4-r3,b2-fabric-b1-c4-r3-task-0025,fabric_query_confirmation,True,,184,1783313049005,0,,False
271,b2-fabric-b1-c4-r3,b2-fabric-b1-c4-r3-task-0024,fabric_vote_1,True,,2359,1783313049144,0,,False
272,b2-fabric-b1-c4-r3,b2-fabric-b1-c4-r3-task-0027,fabric_vote_1,True,,2361,1783313049143,0,,False
273,b2-fabric-b1-c4-r3,b2-fabric-b1-c4-r3-task-0026,fabric_vote_1,True,,2362,1783313049142,0,,False
274,b2-fabric-b1-c4-r3,b2-fabric-b1-c4-r3-task-0025,fabric_vote_1,True,,2316,1783313049189,0,,False
275,b2-fabric-b1-c4-r3,b2-fabric-b1-c4-r3-task-0024,fabric_vote_2,True,,2246,1783313051503,0,,False
276,b2-fabric-b1-c4-r3,b2-fabric-b1-c4-r3-task-0026,fabric_vote_2,True,,2246,1783313051504,0,,False
277,b2-fabric-b1-c4-r3,b2-fabric-b1-c4-r3-task-0025,fabric_vote_2,True,,2246,1783313051505,0,,False
278,b2-fabric-b1-c4-r3,b2-fabric-b1-c4-r3-task-0027,fabric_vote_2,True,,2250,1783313051504,0,,False
279,b2-fabric-b1-c4-r3,b2-fabric-b1-c4-r3-task-0025,fabric_settlement,True,,2497,1783313053751,0,,False
280,b2-fabric-b1-c4-r3,b2-fabric-b1-c4-r3-task-0026,fabric_settlement,True,,2500,1783313053750,0,,False
281,b2-fabric-b1-c4-r3,b2-fabric-b1-c4-r3-task-0024,fabric_settlement,True,,2501,1783313053749,0,,False
282,b2-fabric-b1-c4-r3,b2-fabric-b1-c4-r3-task-0027,fabric_settlement,True,,2497,1783313053754,0,,False
283,b2-fabric-b1-c4-r3,b2-fabric-b1-c4-r3-task-0025,fabric_query_final,True,,719,1783313056248,0,,False
284,b2-fabric-b1-c4-r3,b2-fabric-b1-c4-r3-task-0026,fabric_query_final,True,,718,1783313056250,0,,False
285,b2-fabric-b1-c4-r3,b2-fabric-b1-c4-r3-task-0024,fabric_query_final,True,,719,1783313056250,0,,False
286,b2-fabric-b1-c4-r3,b2-fabric-b1-c4-r3-task-0027,fabric_query_final,True,,721,1783313056251,0,,False
287,b2-fabric-b1-c4-r3,b2-fabric-b1-c4-r3-task-0024,ipfs_verify,True,,7,1783313056969,0,QmVMeHnQxmGXaDj74SJcQxSejhibib6Ve54PwgWQGkenB7,False
288,b2-fabric-b1-c4-r3,b2-fabric-b1-c4-r3-task-0026,ipfs_verify,True,,8,1783313056968,0,QmPA4QSCZorDwximTUj45HQYaqqLrUR1uWw8YCaw56AYrQ,False
289,b2-fabric-b1-c4-r3,b2-fabric-b1-c4-r3-task-0025,ipfs_verify,True,,10,1783313056967,0,QmfV4xn5gz8tktJ19swpdMmXMvtkpfJY5tXJWbBSUFSHFi,False
290,b2-fabric-b1-c4-r3,b2-fabric-b1-c4-r3-task-0027,ipfs_verify,True,,9,1783313056972,0,QmNy38ZnCY29gNwh56gk2CQJXsETwyHTceFnkSP4vC85KR,False
291,b2-fabric-b1-c4-r3,b2-fabric-b1-c4-r3-task-0029,ipfs_add,True,,26,1783313056976,1996,,False
292,b2-fabric-b1-c4-r3,b2-fabric-b1-c4-r3-task-0028,ipfs_add,True,,43,1783313056976,2235,,False
293,b2-fabric-b1-c4-r3,b2-fabric-b1-c4-r3-task-0030,ipfs_add,True,,57,1783313056977,4609,,False
294,b2-fabric-b1-c4-r3,b2-fabric-b1-c4-r3-task-0031,ipfs_add,True,,69,1783313056981,2037,,False
295,b2-fabric-b1-c4-r3,b2-fabric-b1-c4-r3-task-0028,fabric_post_task,True,,1621,1783313057019,2235,QmPDqC4FvPihq4H2RHnNdvzHBK2kp3vUV7gp3cD2AmeuSG,False
296,b2-fabric-b1-c4-r3,b2-fabric-b1-c4-r3-task-0031,fabric_post_task,True,,1592,1783313057050,2037,QmcMwXc4Z8ftz7kr4SLihnEKFezGYhMs51A9cNDVd2ZUGa,False
297,b2-fabric-b1-c4-r3,b2-fabric-b1-c4-r3-task-0030,fabric_post_task,True,,1609,1783313057034,4609,QmXUNpwtX2A1bcF51kySLa1p7B6HvhMNsMQoiVdNUoJig7,False
298,b2-fabric-b1-c4-r3,b2-fabric-b1-c4-r3-task-0029,fabric_post_task,True,,1642,1783313057002,1996,QmacXcTiVxv9uHJiorLkYH2xDDraJTZ3uq6FBG4Ctr6VoC,False
299,b2-fabric-b1-c4-r3,b2-fabric-b1-c4-r3-task-0029,fabric_post_allocation,True,,2309,1783313058644,0,,False
300,b2-fabric-b1-c4-r3,b2-fabric-b1-c4-r3-task-0030,fabric_post_allocation,True,,2310,1783313058643,0,,False
301,b2-fabric-b1-c4-r3,b2-fabric-b1-c4-r3-task-0028,fabric_post_allocation,True,,2314,1783313058640,0,,False
302,b2-fabric-b1-c4-r3,b2-fabric-b1-c4-r3-task-0031,fabric_post_allocation,True,,2313,1783313058642,0,,False
303,b2-fabric-b1-c4-r3,b2-fabric-b1-c4-r3-task-0031,fabric_post_snapshot,True,,2340,1783313060955,0,,False
304,b2-fabric-b1-c4-r3,b2-fabric-b1-c4-r3-task-0028,fabric_post_snapshot,True,,2342,1783313060954,0,,False
305,b2-fabric-b1-c4-r3,b2-fabric-b1-c4-r3-task-0030,fabric_post_snapshot,True,,2343,1783313060953,0,,False
306,b2-fabric-b1-c4-r3,b2-fabric-b1-c4-r3-task-0029,fabric_post_snapshot,True,,2345,1783313060953,0,,False
307,b2-fabric-b1-c4-r3,b2-fabric-b1-c4-r3-task-0031,fabric_query_confirmation,True,,300,1783313063295,0,,False
308,b2-fabric-b1-c4-r3,b2-fabric-b1-c4-r3-task-0029,fabric_query_confirmation,True,,298,1783313063298,0,,False
309,b2-fabric-b1-c4-r3,b2-fabric-b1-c4-r3-task-0030,fabric_query_confirmation,True,,300,1783313063296,0,,False
310,b2-fabric-b1-c4-r3,b2-fabric-b1-c4-r3-task-0028,fabric_query_confirmation,True,,302,1783313063296,0,,False
311,b2-fabric-b1-c4-r3,b2-fabric-b1-c4-r3-task-0030,fabric_vote_1,True,,2462,1783313063596,0,,False
312,b2-fabric-b1-c4-r3,b2-fabric-b1-c4-r3-task-0031,fabric_vote_1,True,,2464,1783313063595,0,,False
313,b2-fabric-b1-c4-r3,b2-fabric-b1-c4-r3-task-0029,fabric_vote_1,True,,2464,1783313063596,0,,False
314,b2-fabric-b1-c4-r3,b2-fabric-b1-c4-r3-task-0028,fabric_vote_1,True,,2463,1783313063598,0,,False
315,b2-fabric-b1-c4-r3,b2-fabric-b1-c4-r3-task-0031,fabric_vote_2,True,,2333,1783313066059,0,,False
316,b2-fabric-b1-c4-r3,b2-fabric-b1-c4-r3-task-0030,fabric_vote_2,True,,2335,1783313066058,0,,False
317,b2-fabric-b1-c4-r3,b2-fabric-b1-c4-r3-task-0029,fabric_vote_2,True,,2333,1783313066060,0,,False
318,b2-fabric-b1-c4-r3,b2-fabric-b1-c4-r3-task-0028,fabric_vote_2,True,,2335,1783313066061,0,,False
319,b2-fabric-b1-c4-r3,b2-fabric-b1-c4-r3-task-0029,fabric_settlement,True,,2608,1783313068393,0,,False
320,b2-fabric-b1-c4-r3,b2-fabric-b1-c4-r3-task-0028,fabric_settlement,True,,2607,1783313068396,0,,False
321,b2-fabric-b1-c4-r3,b2-fabric-b1-c4-r3-task-0030,fabric_settlement,True,,2610,1783313068393,0,,False
322,b2-fabric-b1-c4-r3,b2-fabric-b1-c4-r3-task-0031,fabric_settlement,True,,2612,1783313068392,0,,False
323,b2-fabric-b1-c4-r3,b2-fabric-b1-c4-r3-task-0029,fabric_query_final,True,,529,1783313071001,0,,False
324,b2-fabric-b1-c4-r3,b2-fabric-b1-c4-r3-task-0031,fabric_query_final,True,,527,1783313071004,0,,False
325,b2-fabric-b1-c4-r3,b2-fabric-b1-c4-r3-task-0030,fabric_query_final,True,,529,1783313071003,0,,False
326,b2-fabric-b1-c4-r3,b2-fabric-b1-c4-r3-task-0028,fabric_query_final,True,,532,1783313071003,0,,False
327,b2-fabric-b1-c4-r3,b2-fabric-b1-c4-r3-task-0031,ipfs_verify,True,,6,1783313071531,0,QmcMwXc4Z8ftz7kr4SLihnEKFezGYhMs51A9cNDVd2ZUGa,False
328,b2-fabric-b1-c4-r3,b2-fabric-b1-c4-r3-task-0029,ipfs_verify,True,,7,1783313071531,0,QmacXcTiVxv9uHJiorLkYH2xDDraJTZ3uq6FBG4Ctr6VoC,False
329,b2-fabric-b1-c4-r3,b2-fabric-b1-c4-r3-task-0030,ipfs_verify,True,,7,1783313071532,0,QmXUNpwtX2A1bcF51kySLa1p7B6HvhMNsMQoiVdNUoJig7,False
330,b2-fabric-b1-c4-r3,b2-fabric-b1-c4-r3-task-0028,ipfs_verify,True,,5,1783313071535,0,QmPDqC4FvPihq4H2RHnNdvzHBK2kp3vUV7gp3cD2AmeuSG,False
331,b2-fabric-b1-c4-r3,b2-fabric-b1-c4-r3-task-0032,ipfs_add,True,,227,1783313071538,4244,,False
332,b2-fabric-b1-c4-r3,b2-fabric-b1-c4-r3-task-0033,ipfs_add,True,,242,1783313071538,7207,,False
333,b2-fabric-b1-c4-r3,b2-fabric-b1-c4-r3-task-0034,ipfs_add,True,,257,1783313071539,1614,,False
334,b2-fabric-b1-c4-r3,b2-fabric-b1-c4-r3-task-0035,ipfs_add,True,,273,1783313071540,1846,,False
335,b2-fabric-b1-c4-r3,b2-fabric-b1-c4-r3-task-0032,fabric_post_task,True,,2829,1783313071765,4244,QmTUE1xZhmfV2QSdvfbaurUfSv66ET7R31e5urBxmKFSfb,False
336,b2-fabric-b1-c4-r3,b2-fabric-b1-c4-r3-task-0035,fabric_post_task,True,,2782,1783313071813,1846,QmXkECAAwC32vhNNVm7xZTatUjGVbfHbwXcCezk2t5DnUf,False
337,b2-fabric-b1-c4-r3,b2-fabric-b1-c4-r3-task-0033,fabric_post_task,True,,2816,1783313071780,7207,QmQ48RSbPCJevCydnQupZo9nDcEmZKcjzn5kaHFiESq88N,False
338,b2-fabric-b1-c4-r3,b2-fabric-b1-c4-r3-task-0034,fabric_post_task,True,,2801,1783313071796,1614,QmPfG9yDWdYPi2SxVxc2HNwGgKxYHpb8KNnTKLEUsSwYJF,False
339,b2-fabric-b1-c4-r3,b2-fabric-b1-c4-r3-task-0032,fabric_post_allocation,True,,2346,1783313074594,0,,False
340,b2-fabric-b1-c4-r3,b2-fabric-b1-c4-r3-task-0033,fabric_post_allocation,True,,2344,1783313074596,0,,False
341,b2-fabric-b1-c4-r3,b2-fabric-b1-c4-r3-task-0034,fabric_post_allocation,True,,2344,1783313074597,0,,False
342,b2-fabric-b1-c4-r3,b2-fabric-b1-c4-r3-task-0035,fabric_post_allocation,True,,2348,1783313074595,0,,False
343,b2-fabric-b1-c4-r3,b2-fabric-b1-c4-r3-task-0035,fabric_post_snapshot,True,,2454,1783313076943,0,,False
344,b2-fabric-b1-c4-r3,b2-fabric-b1-c4-r3-task-0032,fabric_post_snapshot,True,,2459,1783313076940,0,,False
345,b2-fabric-b1-c4-r3,b2-fabric-b1-c4-r3-task-0033,fabric_post_snapshot,True,,2459,1783313076940,0,,False
346,b2-fabric-b1-c4-r3,b2-fabric-b1-c4-r3-task-0034,fabric_post_snapshot,True,,2462,1783313076941,0,,False
347,b2-fabric-b1-c4-r3,b2-fabric-b1-c4-r3-task-0032,fabric_query_confirmation,True,,309,1783313079399,0,,False
348,b2-fabric-b1-c4-r3,b2-fabric-b1-c4-r3-task-0033,fabric_query_confirmation,True,,310,1783313079399,0,,False
349,b2-fabric-b1-c4-r3,b2-fabric-b1-c4-r3-task-0034,fabric_query_confirmation,True,,306,1783313079403,0,,False
350,b2-fabric-b1-c4-r3,b2-fabric-b1-c4-r3-task-0035,fabric_query_confirmation,True,,314,1783313079397,0,,False
351,b2-fabric-b1-c4-r3,b2-fabric-b1-c4-r3-task-0033,fabric_vote_1,True,,2434,1783313079709,0,,False
352,b2-fabric-b1-c4-r3,b2-fabric-b1-c4-r3-task-0034,fabric_vote_1,True,,2436,1783313079709,0,,False
353,b2-fabric-b1-c4-r3,b2-fabric-b1-c4-r3-task-0032,fabric_vote_1,True,,2438,1783313079708,0,,False
354,b2-fabric-b1-c4-r3,b2-fabric-b1-c4-r3-task-0035,fabric_vote_1,True,,2435,1783313079711,0,,False
355,b2-fabric-b1-c4-r3,b2-fabric-b1-c4-r3-task-0034,fabric_vote_2,True,,2454,1783313082145,0,,False
356,b2-fabric-b1-c4-r3,b2-fabric-b1-c4-r3-task-0033,fabric_vote_2,True,,2459,1783313082143,0,,False
357,b2-fabric-b1-c4-r3,b2-fabric-b1-c4-r3-task-0035,fabric_vote_2,True,,2456,1783313082146,0,,False
358,b2-fabric-b1-c4-r3,b2-fabric-b1-c4-r3-task-0032,fabric_vote_2,True,,2457,1783313082146,0,,False
359,b2-fabric-b1-c4-r3,b2-fabric-b1-c4-r3-task-0035,fabric_settlement,True,,2329,1783313084602,0,,False
360,b2-fabric-b1-c4-r3,b2-fabric-b1-c4-r3-task-0032,fabric_settlement,True,,2329,1783313084603,0,,False
361,b2-fabric-b1-c4-r3,b2-fabric-b1-c4-r3-task-0033,fabric_settlement,True,,2331,1783313084602,0,,False
362,b2-fabric-b1-c4-r3,b2-fabric-b1-c4-r3-task-0034,fabric_settlement,True,,2334,1783313084599,0,,False
363,b2-fabric-b1-c4-r3,b2-fabric-b1-c4-r3-task-0033,fabric_query_final,True,,705,1783313086933,0,,False
364,b2-fabric-b1-c4-r3,b2-fabric-b1-c4-r3-task-0032,fabric_query_final,True,,707,1783313086932,0,,False
365,b2-fabric-b1-c4-r3,b2-fabric-b1-c4-r3-task-0035,fabric_query_final,True,,708,1783313086931,0,,False
366,b2-fabric-b1-c4-r3,b2-fabric-b1-c4-r3-task-0034,fabric_query_final,True,,710,1783313086933,0,,False
367,b2-fabric-b1-c4-r3,b2-fabric-b1-c4-r3-task-0033,ipfs_verify,True,,7,1783313087638,0,QmQ48RSbPCJevCydnQupZo9nDcEmZKcjzn5kaHFiESq88N,False
368,b2-fabric-b1-c4-r3,b2-fabric-b1-c4-r3-task-0035,ipfs_verify,True,,6,1783313087639,0,QmXkECAAwC32vhNNVm7xZTatUjGVbfHbwXcCezk2t5DnUf,False
369,b2-fabric-b1-c4-r3,b2-fabric-b1-c4-r3-task-0032,ipfs_verify,True,,7,1783313087639,0,QmTUE1xZhmfV2QSdvfbaurUfSv66ET7R31e5urBxmKFSfb,False
370,b2-fabric-b1-c4-r3,b2-fabric-b1-c4-r3-task-0034,ipfs_verify,True,,5,1783313087643,0,QmPfG9yDWdYPi2SxVxc2HNwGgKxYHpb8KNnTKLEUsSwYJF,False
371,b2-fabric-b1-c4-r3,b2-fabric-b1-c4-r3-task-0037,ipfs_add,True,,29,1783313087645,2773,,False
372,b2-fabric-b1-c4-r3,b2-fabric-b1-c4-r3-task-0036,ipfs_add,True,,44,1783313087645,2427,,False
373,b2-fabric-b1-c4-r3,b2-fabric-b1-c4-r3-task-0038,ipfs_add,True,,-742,1783313087646,3829,,False
374,b2-fabric-b1-c4-r3,b2-fabric-b1-c4-r3-task-0039,ipfs_add,True,,-728,1783313087648,2185,,False
375,b2-fabric-b1-c4-r3,b2-fabric-b1-c4-r3-task-0037,fabric_post_task,True,,1640,1783313087674,2773,QmWmrqK7bzA1Pq5z5dsLEen6BZ5iPRNFNBXLJnZmr5J9ff,False
376,b2-fabric-b1-c4-r3,b2-fabric-b1-c4-r3-task-0039,fabric_post_task,True,,2396,1783313086920,2185,QmasU8pZpyfk1aUFRpicohvbDCx1eFRWjH9p29sHpDSiZZ,False
377,b2-fabric-b1-c4-r3,b2-fabric-b1-c4-r3-task-0036,fabric_post_task,True,,1629,1783313087689,2427,QmPSKMPmcfaaWUAvL2tX88QhRRxXXC4SXnChDHzjSbwd8b,False
378,b2-fabric-b1-c4-r3,b2-fabric-b1-c4-r3-task-0038,fabric_post_task,True,,2417,1783313086904,3829,QmUB51xuBaMCywUYGFiM9cTrnAhyjLu2J5jzTrZkY11kPF,False
379,b2-fabric-b1-c4-r3,b2-fabric-b1-c4-r3-task-0039,fabric_post_allocation,True,,2303,1783313089316,0,,False
380,b2-fabric-b1-c4-r3,b2-fabric-b1-c4-r3-task-0037,fabric_post_allocation,True,,2306,1783313089314,0,,False
381,b2-fabric-b1-c4-r3,b2-fabric-b1-c4-r3-task-0038,fabric_post_allocation,True,,2299,1783313089321,0,,False
382,b2-fabric-b1-c4-r3,b2-fabric-b1-c4-r3-task-0036,fabric_post_allocation,True,,2304,1783313089318,0,,False
383,b2-fabric-b1-c4-r3,b2-fabric-b1-c4-r3-task-0037,fabric_post_snapshot,True,,2448,1783313091620,0,,False
384,b2-fabric-b1-c4-r3,b2-fabric-b1-c4-r3-task-0038,fabric_post_snapshot,True,,2451,1783313091620,0,,False
385,b2-fabric-b1-c4-r3,b2-fabric-b1-c4-r3-task-0036,fabric_post_snapshot,True,,2449,1783313091622,0,,False
386,b2-fabric-b1-c4-r3,b2-fabric-b1-c4-r3-task-0039,fabric_post_snapshot,True,,2453,1783313091619,0,,False
387,b2-fabric-b1-c4-r3,b2-fabric-b1-c4-r3-task-0039,fabric_query_confirmation,True,,108,1783313094072,0,,False
388,b2-fabric-b1-c4-r3,b2-fabric-b1-c4-r3-task-0038,fabric_query_confirmation,True,,109,1783313094071,0,,False
389,b2-fabric-b1-c4-r3,b2-fabric-b1-c4-r3-task-0037,fabric_query_confirmation,True,,113,1783313094068,0,,False
390,b2-fabric-b1-c4-r3,b2-fabric-b1-c4-r3-task-0036,fabric_query_confirmation,True,,112,1783313094071,0,,False
391,b2-fabric-b1-c4-r3,b2-fabric-b1-c4-r3-task-0036,fabric_vote_1,True,,2487,1783313094183,0,,False
392,b2-fabric-b1-c4-r3,b2-fabric-b1-c4-r3-task-0037,fabric_vote_1,True,,2490,1783313094181,0,,False
393,b2-fabric-b1-c4-r3,b2-fabric-b1-c4-r3-task-0039,fabric_vote_1,True,,2492,1783313094180,0,,False
394,b2-fabric-b1-c4-r3,b2-fabric-b1-c4-r3-task-0038,fabric_vote_1,True,,2492,1783313094180,0,,False
395,b2-fabric-b1-c4-r3,b2-fabric-b1-c4-r3-task-0036,fabric_vote_2,True,,2272,1783313096670,0,,False
396,b2-fabric-b1-c4-r3,b2-fabric-b1-c4-r3-task-0038,fabric_vote_2,True,,2270,1783313096672,0,,False
397,b2-fabric-b1-c4-r3,b2-fabric-b1-c4-r3-task-0039,fabric_vote_2,True,,2271,1783313096672,0,,False
398,b2-fabric-b1-c4-r3,b2-fabric-b1-c4-r3-task-0037,fabric_vote_2,True,,2273,1783313096671,0,,False
399,b2-fabric-b1-c4-r3,b2-fabric-b1-c4-r3-task-0039,fabric_settlement,True,,2275,1783313098943,0,,False
400,b2-fabric-b1-c4-r3,b2-fabric-b1-c4-r3-task-0037,fabric_settlement,True,,2275,1783313098944,0,,False
401,b2-fabric-b1-c4-r3,b2-fabric-b1-c4-r3-task-0038,fabric_settlement,True,,2278,1783313098942,0,,False
402,b2-fabric-b1-c4-r3,b2-fabric-b1-c4-r3-task-0036,fabric_settlement,True,,2280,1783313098942,0,,False
403,b2-fabric-b1-c4-r3,b2-fabric-b1-c4-r3-task-0037,fabric_query_final,True,,1037,1783313101219,0,,False
404,b2-fabric-b1-c4-r3,b2-fabric-b1-c4-r3-task-0038,fabric_query_final,True,,1038,1783313101220,0,,False
405,b2-fabric-b1-c4-r3,b2-fabric-b1-c4-r3-task-0036,fabric_query_final,True,,1037,1783313101222,0,,False
406,b2-fabric-b1-c4-r3,b2-fabric-b1-c4-r3-task-0039,fabric_query_final,True,,1045,1783313101218,0,,False
407,b2-fabric-b1-c4-r3,b2-fabric-b1-c4-r3-task-0038,ipfs_verify,True,,7,1783313102258,0,QmUB51xuBaMCywUYGFiM9cTrnAhyjLu2J5jzTrZkY11kPF,False
408,b2-fabric-b1-c4-r3,b2-fabric-b1-c4-r3-task-0037,ipfs_verify,True,,9,1783313102256,0,QmWmrqK7bzA1Pq5z5dsLEen6BZ5iPRNFNBXLJnZmr5J9ff,False
409,b2-fabric-b1-c4-r3,b2-fabric-b1-c4-r3-task-0036,ipfs_verify,True,,7,1783313102259,0,QmPSKMPmcfaaWUAvL2tX88QhRRxXXC4SXnChDHzjSbwd8b,False
410,b2-fabric-b1-c4-r3,b2-fabric-b1-c4-r3-task-0039,ipfs_verify,True,,7,1783313102263,0,QmasU8pZpyfk1aUFRpicohvbDCx1eFRWjH9p29sHpDSiZZ,False
411,b2-fabric-b1-c4-r3,b2-fabric-b1-c4-r3-task-0040,ipfs_add,True,,27,1783313102265,1852,,False
412,b2-fabric-b1-c4-r3,b2-fabric-b1-c4-r3-task-0041,ipfs_add,True,,45,1783313102265,3950,,False
413,b2-fabric-b1-c4-r3,b2-fabric-b1-c4-r3-task-0042,ipfs_add,True,,60,1783313102267,4943,,False
414,b2-fabric-b1-c4-r3,b2-fabric-b1-c4-r3-task-0043,ipfs_add,True,,74,1783313102270,4365,,False
415,b2-fabric-b1-c4-r3,b2-fabric-b1-c4-r3-task-0042,fabric_post_task,True,,2435,1783313102327,4943,QmZaKHLtuvdC3131ZMjSafgzCnFunsBDrKht7U6CRuhaDJ,False
416,b2-fabric-b1-c4-r3,b2-fabric-b1-c4-r3-task-0043,fabric_post_task,True,,2419,1783313102344,4365,QmNyUP9PxhaGNgSe7A4vos9UdtKrgujw25dFezkghCHMSN,False
417,b2-fabric-b1-c4-r3,b2-fabric-b1-c4-r3-task-0041,fabric_post_task,True,,2454,1783313102310,3950,QmcFrzAGhrprmDxHPdunRd28u27YRTGcAAnGPSotWa75JU,False
418,b2-fabric-b1-c4-r3,b2-fabric-b1-c4-r3-task-0040,fabric_post_task,True,,2475,1783313102292,1852,Qme8h8cEVWXzKEmaj7rkRo9NHBoPXxWrTLcYQjWRpqrisB,False
419,b2-fabric-b1-c4-r3,b2-fabric-b1-c4-r3-task-0043,fabric_post_allocation,True,,2532,1783313104763,0,,False
420,b2-fabric-b1-c4-r3,b2-fabric-b1-c4-r3-task-0040,fabric_post_allocation,True,,2530,1783313104767,0,,False
421,b2-fabric-b1-c4-r3,b2-fabric-b1-c4-r3-task-0042,fabric_post_allocation,True,,2535,1783313104762,0,,False
422,b2-fabric-b1-c4-r3,b2-fabric-b1-c4-r3-task-0041,fabric_post_allocation,True,,2534,1783313104764,0,,False
423,b2-fabric-b1-c4-r3,b2-fabric-b1-c4-r3-task-0040,fabric_post_snapshot,True,,2250,1783313107297,0,,False
424,b2-fabric-b1-c4-r3,b2-fabric-b1-c4-r3-task-0043,fabric_post_snapshot,True,,2252,1783313107295,0,,False
425,b2-fabric-b1-c4-r3,b2-fabric-b1-c4-r3-task-0041,fabric_post_snapshot,True,,2250,1783313107298,0,,False
426,b2-fabric-b1-c4-r3,b2-fabric-b1-c4-r3-task-0042,fabric_post_snapshot,True,,2253,1783313107297,0,,False
427,b2-fabric-b1-c4-r3,b2-fabric-b1-c4-r3-task-0042,fabric_query_confirmation,True,,331,1783313109550,0,,False
428,b2-fabric-b1-c4-r3,b2-fabric-b1-c4-r3-task-0043,fabric_query_confirmation,True,,334,1783313109547,0,,False
429,b2-fabric-b1-c4-r3,b2-fabric-b1-c4-r3-task-0040,fabric_query_confirmation,True,,335,1783313109547,0,,False
430,b2-fabric-b1-c4-r3,b2-fabric-b1-c4-r3-task-0041,fabric_query_confirmation,True,,334,1783313109548,0,,False
431,b2-fabric-b1-c4-r3,b2-fabric-b1-c4-r3-task-0042,fabric_vote_1,True,,2349,1783313109881,0,,False
432,b2-fabric-b1-c4-r3,b2-fabric-b1-c4-r3-task-0043,fabric_vote_1,True,,2349,1783313109882,0,,False
433,b2-fabric-b1-c4-r3,b2-fabric-b1-c4-r3-task-0041,fabric_vote_1,True,,2348,1783313109883,0,,False
434,b2-fabric-b1-c4-r3,b2-fabric-b1-c4-r3-task-0040,fabric_vote_1,True,,2351,1783313109882,0,,False
435,b2-fabric-b1-c4-r3,b2-fabric-b1-c4-r3-task-0040,fabric_vote_2,True,,2555,1783313112233,0,,False
436,b2-fabric-b1-c4-r3,b2-fabric-b1-c4-r3-task-0043,fabric_vote_2,True,,2557,1783313112231,0,,False
437,b2-fabric-b1-c4-r3,b2-fabric-b1-c4-r3-task-0041,fabric_vote_2,True,,2558,1783313112231,0,,False
438,b2-fabric-b1-c4-r3,b2-fabric-b1-c4-r3-task-0042,fabric_vote_2,True,,2559,1783313112230,0,,False
439,b2-fabric-b1-c4-r3,b2-fabric-b1-c4-r3-task-0041,fabric_settlement,True,,2285,1783313114789,0,,False
440,b2-fabric-b1-c4-r3,b2-fabric-b1-c4-r3-task-0040,fabric_settlement,True,,2288,1783313114788,0,,False
441,b2-fabric-b1-c4-r3,b2-fabric-b1-c4-r3-task-0043,fabric_settlement,True,,2289,1783313114788,0,,False
442,b2-fabric-b1-c4-r3,b2-fabric-b1-c4-r3-task-0042,fabric_settlement,True,,2289,1783313114789,0,,False
443,b2-fabric-b1-c4-r3,b2-fabric-b1-c4-r3-task-0043,fabric_query_final,True,,-276,1783313117077,0,,False
444,b2-fabric-b1-c4-r3,b2-fabric-b1-c4-r3-task-0041,fabric_query_final,True,,-273,1783313117074,0,,False
445,b2-fabric-b1-c4-r3,b2-fabric-b1-c4-r3-task-0040,fabric_query_final,True,,-274,1783313117076,0,,False
446,b2-fabric-b1-c4-r3,b2-fabric-b1-c4-r3-task-0042,fabric_query_final,True,,-271,1783313117078,0,,False
447,b2-fabric-b1-c4-r3,b2-fabric-b1-c4-r3-task-0041,ipfs_verify,True,,7,1783313116801,0,QmcFrzAGhrprmDxHPdunRd28u27YRTGcAAnGPSotWa75JU,False
448,b2-fabric-b1-c4-r3,b2-fabric-b1-c4-r3-task-0040,ipfs_verify,True,,7,1783313116802,0,Qme8h8cEVWXzKEmaj7rkRo9NHBoPXxWrTLcYQjWRpqrisB,False
449,b2-fabric-b1-c4-r3,b2-fabric-b1-c4-r3-task-0043,ipfs_verify,True,,8,1783313116801,0,QmNyUP9PxhaGNgSe7A4vos9UdtKrgujw25dFezkghCHMSN,False
450,b2-fabric-b1-c4-r3,b2-fabric-b1-c4-r3-task-0042,ipfs_verify,True,,6,1783313116807,0,QmZaKHLtuvdC3131ZMjSafgzCnFunsBDrKht7U6CRuhaDJ,False
451,b2-fabric-b1-c4-r3,b2-fabric-b1-c4-r3-task-0044,ipfs_add,True,,35,1783313116808,1996,,False
452,b2-fabric-b1-c4-r3,b2-fabric-b1-c4-r3-task-0045,ipfs_add,True,,49,1783313116809,2595,,False
453,b2-fabric-b1-c4-r3,b2-fabric-b1-c4-r3-task-0046,ipfs_add,True,,65,1783313116809,1643,,False
454,b2-fabric-b1-c4-r3,b2-fabric-b1-c4-r3-task-0047,ipfs_add,True,,78,1783313116813,4867,,False
455,b2-fabric-b1-c4-r3,b2-fabric-b1-c4-r3-task-0047,fabric_post_task,True,,2395,1783313116891,4867,QmeV2Nyd6AXfLrfL94BuWtPhgFx2BQKzDFrxvN5H5wGM4v,False
456,b2-fabric-b1-c4-r3,b2-fabric-b1-c4-r3-task-0046,fabric_post_task,True,,2412,1783313116874,1643,QmTnaHUQXj9xeoWHT2zVraSQfVPSZ3kwXbfxhynCbSD478,False
457,b2-fabric-b1-c4-r3,b2-fabric-b1-c4-r3-task-0044,fabric_post_task,True,,2444,1783313116843,1996,QmRdq27qE1F3dGzbT9p9PnePh4D88Nw3KFAmJZ2C7W4jcT,False
458,b2-fabric-b1-c4-r3,b2-fabric-b1-c4-r3-task-0045,fabric_post_task,True,,2430,1783313116858,2595,QmfZqW6816xBeSRuQN3KqApyKbwjb4f3u87p8veGLitLQh,False
459,b2-fabric-b1-c4-r3,b2-fabric-b1-c4-r3-task-0045,fabric_post_allocation,True,,2311,1783313119288,0,,False
460,b2-fabric-b1-c4-r3,b2-fabric-b1-c4-r3-task-0046,fabric_post_allocation,True,,2314,1783313119286,0,,False
461,b2-fabric-b1-c4-r3,b2-fabric-b1-c4-r3-task-0047,fabric_post_allocation,True,,2315,1783313119286,0,,False
462,b2-fabric-b1-c4-r3,b2-fabric-b1-c4-r3-task-0044,fabric_post_allocation,True,,2316,1783313119287,0,,False
463,b2-fabric-b1-c4-r3,b2-fabric-b1-c4-r3-task-0047,fabric_post_snapshot,True,,2457,1783313121601,0,,False
464,b2-fabric-b1-c4-r3,b2-fabric-b1-c4-r3-task-0045,fabric_post_snapshot,True,,2460,1783313121599,0,,False
465,b2-fabric-b1-c4-r3,b2-fabric-b1-c4-r3-task-0044,fabric_post_snapshot,True,,2457,1783313121603,0,,False
466,b2-fabric-b1-c4-r3,b2-fabric-b1-c4-r3-task-0046,fabric_post_snapshot,True,,2460,1783313121600,0,,False
467,b2-fabric-b1-c4-r3,b2-fabric-b1-c4-r3-task-0045,fabric_query_confirmation,True,,114,1783313124059,0,,False
468,b2-fabric-b1-c4-r3,b2-fabric-b1-c4-r3-task-0044,fabric_query_confirmation,True,,113,1783313124060,0,,False
469,b2-fabric-b1-c4-r3,b2-fabric-b1-c4-r3-task-0047,fabric_query_confirmation,True,,115,1783313124059,0,,False
470,b2-fabric-b1-c4-r3,b2-fabric-b1-c4-r3-task-0046,fabric_query_confirmation,True,,114,1783313124060,0,,False
471,b2-fabric-b1-c4-r3,b2-fabric-b1-c4-r3-task-0046,fabric_vote_1,True,,2272,1783313124174,0,,False
472,b2-fabric-b1-c4-r3,b2-fabric-b1-c4-r3-task-0045,fabric_vote_1,True,,2274,1783313124173,0,,False
473,b2-fabric-b1-c4-r3,b2-fabric-b1-c4-r3-task-0047,fabric_vote_1,True,,2274,1783313124174,0,,False
474,b2-fabric-b1-c4-r3,b2-fabric-b1-c4-r3-task-0044,fabric_vote_1,True,,2276,1783313124173,0,,False
475,b2-fabric-b1-c4-r3,b2-fabric-b1-c4-r3-task-0044,fabric_vote_2,True,,2254,1783313126449,0,,False
476,b2-fabric-b1-c4-r3,b2-fabric-b1-c4-r3-task-0045,fabric_vote_2,True,,2256,1783313126447,0,,False
477,b2-fabric-b1-c4-r3,b2-fabric-b1-c4-r3-task-0047,fabric_vote_2,True,,2256,1783313126448,0,,False
478,b2-fabric-b1-c4-r3,b2-fabric-b1-c4-r3-task-0046,fabric_vote_2,True,,2261,1783313126446,0,,False
479,b2-fabric-b1-c4-r3,b2-fabric-b1-c4-r3-task-0047,fabric_settlement,True,,2830,1783313128704,0,,False
480,b2-fabric-b1-c4-r3,b2-fabric-b1-c4-r3-task-0044,fabric_settlement,True,,2832,1783313128703,0,,False
481,b2-fabric-b1-c4-r3,b2-fabric-b1-c4-r3-task-0045,fabric_settlement,True,,2833,1783313128703,0,,False
482,b2-fabric-b1-c4-r3,b2-fabric-b1-c4-r3-task-0046,fabric_settlement,True,,2830,1783313128707,0,,False
483,b2-fabric-b1-c4-r3,b2-fabric-b1-c4-r3-task-0047,fabric_query_final,True,,342,1783313131534,0,,False
484,b2-fabric-b1-c4-r3,b2-fabric-b1-c4-r3-task-0045,fabric_query_final,True,,340,1783313131536,0,,False
485,b2-fabric-b1-c4-r3,b2-fabric-b1-c4-r3-task-0044,fabric_query_final,True,,342,1783313131535,0,,False
486,b2-fabric-b1-c4-r3,b2-fabric-b1-c4-r3-task-0046,fabric_query_final,True,,342,1783313131537,0,,False
487,b2-fabric-b1-c4-r3,b2-fabric-b1-c4-r3-task-0044,ipfs_verify,True,,6,1783313131877,0,QmRdq27qE1F3dGzbT9p9PnePh4D88Nw3KFAmJZ2C7W4jcT,False
488,b2-fabric-b1-c4-r3,b2-fabric-b1-c4-r3-task-0047,ipfs_verify,True,,8,1783313131876,0,QmeV2Nyd6AXfLrfL94BuWtPhgFx2BQKzDFrxvN5H5wGM4v,False
489,b2-fabric-b1-c4-r3,b2-fabric-b1-c4-r3-task-0045,ipfs_verify,True,,9,1783313131876,0,QmfZqW6816xBeSRuQN3KqApyKbwjb4f3u87p8veGLitLQh,False
490,b2-fabric-b1-c4-r3,b2-fabric-b1-c4-r3-task-0046,ipfs_verify,True,,7,1783313131879,0,QmTnaHUQXj9xeoWHT2zVraSQfVPSZ3kwXbfxhynCbSD478,False
491,b2-fabric-b1-c4-r3,b2-fabric-b1-c4-r3-task-0048,ipfs_add,True,,26,1783313131884,6584,,False
492,b2-fabric-b1-c4-r3,b2-fabric-b1-c4-r3-task-0049,ipfs_add,True,,45,1783313131884,1811,,False
493,b2-fabric-b1-c4-r3,b2-fabric-b1-c4-r3-task-0051,ipfs_add,True,,59,1783313131886,3763,,False
494,b2-fabric-b1-c4-r3,b2-fabric-b1-c4-r3-task-0050,ipfs_add,True,,85,1783313131885,1999,,False
495,b2-fabric-b1-c4-r3,b2-fabric-b1-c4-r3-task-0050,fabric_post_task,True,,2407,1783313131970,1999,QmdV6Xsz9DDJaY4mD6E1omWqFwV485nsfcNWmZWMizL9Jc,False
496,b2-fabric-b1-c4-r3,b2-fabric-b1-c4-r3-task-0051,fabric_post_task,True,,2434,1783313131945,3763,QmTGsXsSojSBkAHS2R8QsjK4DdKDvRJKAvmLyhxkyrWAi1,False
497,b2-fabric-b1-c4-r3,b2-fabric-b1-c4-r3-task-0048,fabric_post_task,True,,2470,1783313131910,6584,QmZxwAc5vt22wSQ5mT8jRWQr3tdyJrTwAGgotYvEjWf3wN,False
498,b2-fabric-b1-c4-r3,b2-fabric-b1-c4-r3-task-0049,fabric_post_task,True,,2453,1783313131929,1811,Qme9dPNL59uRhU5hx2jyKbBdCPqBgF1krPA6WvcCYu8eVf,False
499,b2-fabric-b1-c4-r3,b2-fabric-b1-c4-r3-task-0050,fabric_post_allocation,True,,2520,1783313134377,0,,False
500,b2-fabric-b1-c4-r3,b2-fabric-b1-c4-r3-task-0051,fabric_post_allocation,True,,2519,1783313134379,0,,False
501,b2-fabric-b1-c4-r3,b2-fabric-b1-c4-r3-task-0048,fabric_post_allocation,True,,2518,1783313134380,0,,False
502,b2-fabric-b1-c4-r3,b2-fabric-b1-c4-r3-task-0049,fabric_post_allocation,True,,2517,1783313134382,0,,False
503,b2-fabric-b1-c4-r3,b2-fabric-b1-c4-r3-task-0051,fabric_post_snapshot,True,,2265,1783313136898,0,,False
504,b2-fabric-b1-c4-r3,b2-fabric-b1-c4-r3-task-0048,fabric_post_snapshot,True,,2265,1783313136898,0,,False
505,b2-fabric-b1-c4-r3,b2-fabric-b1-c4-r3-task-0050,fabric_post_snapshot,True,,2267,1783313136897,0,,False
506,b2-fabric-b1-c4-r3,b2-fabric-b1-c4-r3-task-0049,fabric_post_snapshot,True,,2266,1783313136899,0,,False
507,b2-fabric-b1-c4-r3,b2-fabric-b1-c4-r3-task-0049,fabric_query_confirmation,True,,109,1783313139165,0,,False
508,b2-fabric-b1-c4-r3,b2-fabric-b1-c4-r3-task-0051,fabric_query_confirmation,True,,112,1783313139163,0,,False
509,b2-fabric-b1-c4-r3,b2-fabric-b1-c4-r3-task-0048,fabric_query_confirmation,True,,112,1783313139163,0,,False
510,b2-fabric-b1-c4-r3,b2-fabric-b1-c4-r3-task-0050,fabric_query_confirmation,True,,113,1783313139164,0,,False
511,b2-fabric-b1-c4-r3,b2-fabric-b1-c4-r3-task-0051,fabric_vote_1,True,,2450,1783313139275,0,,False
512,b2-fabric-b1-c4-r3,b2-fabric-b1-c4-r3-task-0049,fabric_vote_1,True,,2451,1783313139274,0,,False
513,b2-fabric-b1-c4-r3,b2-fabric-b1-c4-r3-task-0048,fabric_vote_1,True,,2451,1783313139275,0,,False
514,b2-fabric-b1-c4-r3,b2-fabric-b1-c4-r3-task-0050,fabric_vote_1,True,,2450,1783313139277,0,,False
515,b2-fabric-b1-c4-r3,b2-fabric-b1-c4-r3-task-0048,fabric_vote_2,True,,2233,1783313141726,0,,False
516,b2-fabric-b1-c4-r3,b2-fabric-b1-c4-r3-task-0051,fabric_vote_2,True,,2234,1783313141725,0,,False
517,b2-fabric-b1-c4-r3,b2-fabric-b1-c4-r3-task-0049,fabric_vote_2,True,,2235,1783313141725,0,,False
518,b2-fabric-b1-c4-r3,b2-fabric-b1-c4-r3-task-0050,fabric_vote_2,True,,2234,1783313141727,0,,False
519,b2-fabric-b1-c4-r3,b2-fabric-b1-c4-r3-task-0050,fabric_settlement,True,,2466,1783313143961,0,,False
520,b2-fabric-b1-c4-r3,b2-fabric-b1-c4-r3-task-0048,fabric_settlement,True,,2471,1783313143959,0,,False
521,b2-fabric-b1-c4-r3,b2-fabric-b1-c4-r3-task-0049,fabric_settlement,True,,2470,1783313143960,0,,False
522,b2-fabric-b1-c4-r3,b2-fabric-b1-c4-r3-task-0051,fabric_settlement,True,,2472,1783313143959,0,,False
523,b2-fabric-b1-c4-r3,b2-fabric-b1-c4-r3-task-0051,fabric_query_final,True,,-330,1783313146431,0,,False
524,b2-fabric-b1-c4-r3,b2-fabric-b1-c4-r3-task-0050,fabric_query_final,True,,-326,1783313146428,0,,False
525,b2-fabric-b1-c4-r3,b2-fabric-b1-c4-r3-task-0048,fabric_query_final,True,,-328,1783313146430,0,,False
526,b2-fabric-b1-c4-r3,b2-fabric-b1-c4-r3-task-0049,fabric_query_final,True,,-325,1783313146430,0,,False
527,b2-fabric-b1-c4-r3,b2-fabric-b1-c4-r3-task-0050,ipfs_verify,True,,7,1783313146102,0,QmdV6Xsz9DDJaY4mD6E1omWqFwV485nsfcNWmZWMizL9Jc,False
528,b2-fabric-b1-c4-r3,b2-fabric-b1-c4-r3-task-0048,ipfs_verify,True,,7,1783313146102,0,QmZxwAc5vt22wSQ5mT8jRWQr3tdyJrTwAGgotYvEjWf3wN,False
529,b2-fabric-b1-c4-r3,b2-fabric-b1-c4-r3-task-0051,ipfs_verify,True,,10,1783313146101,0,QmTGsXsSojSBkAHS2R8QsjK4DdKDvRJKAvmLyhxkyrWAi1,False
530,b2-fabric-b1-c4-r3,b2-fabric-b1-c4-r3-task-0049,ipfs_verify,True,,7,1783313146105,0,Qme9dPNL59uRhU5hx2jyKbBdCPqBgF1krPA6WvcCYu8eVf,False
531,b2-fabric-b1-c4-r3,b2-fabric-b1-c4-r3-task-0052,ipfs_add,True,,30,1783313146109,3794,,False
532,b2-fabric-b1-c4-r3,b2-fabric-b1-c4-r3-task-0053,ipfs_add,True,,45,1783313146110,4728,,False
533,b2-fabric-b1-c4-r3,b2-fabric-b1-c4-r3-task-0054,ipfs_add,True,,61,1783313146111,5229,,False
534,b2-fabric-b1-c4-r3,b2-fabric-b1-c4-r3-task-0055,ipfs_add,True,,79,1783313146112,3299,,False
535,b2-fabric-b1-c4-r3,b2-fabric-b1-c4-r3-task-0054,fabric_post_task,True,,2440,1783313146172,5229,QmPnCtNRFcwQFtC6bqhKn6Lncju1wDzgW5MAzMVD7Hqnio,False
536,b2-fabric-b1-c4-r3,b2-fabric-b1-c4-r3-task-0052,fabric_post_task,True,,2474,1783313146139,3794,Qmbhf75a6jKFm6r3n83e1TgGA1Jv3MZMWPn5DZ6DAQKRGx,False
537,b2-fabric-b1-c4-r3,b2-fabric-b1-c4-r3-task-0055,fabric_post_task,True,,2422,1783313146191,3299,QmafKJifZc1XAPwnCM3rfjeY8ycoRWBTEzRKJWmaz2X2pf,False
538,b2-fabric-b1-c4-r3,b2-fabric-b1-c4-r3-task-0053,fabric_post_task,True,,2460,1783313146155,4728,QmQhmCX3uicZrhvWeBbc6PdBzun14HpniDh8sPFQzpyV9X,False
539,b2-fabric-b1-c4-r3,b2-fabric-b1-c4-r3-task-0055,fabric_post_allocation,True,,2297,1783313148613,0,,False
540,b2-fabric-b1-c4-r3,b2-fabric-b1-c4-r3-task-0054,fabric_post_allocation,True,,2299,1783313148612,0,,False
541,b2-fabric-b1-c4-r3,b2-fabric-b1-c4-r3-task-0053,fabric_post_allocation,True,,2296,1783313148615,0,,False
542,b2-fabric-b1-c4-r3,b2-fabric-b1-c4-r3-task-0052,fabric_post_allocation,True,,2299,1783313148613,0,,False
543,b2-fabric-b1-c4-r3,b2-fabric-b1-c4-r3-task-0054,fabric_post_snapshot,True,,2249,1783313150911,0,,False
544,b2-fabric-b1-c4-r3,b2-fabric-b1-c4-r3-task-0055,fabric_post_snapshot,True,,2251,1783313150910,0,,False
545,b2-fabric-b1-c4-r3,b2-fabric-b1-c4-r3-task-0052,fabric_post_snapshot,True,,2249,1783313150912,0,,False
546,b2-fabric-b1-c4-r3,b2-fabric-b1-c4-r3-task-0053,fabric_post_snapshot,True,,2251,1783313150911,0,,False
547,b2-fabric-b1-c4-r3,b2-fabric-b1-c4-r3-task-0053,fabric_query_confirmation,True,,111,1783313153162,0,,False
548,b2-fabric-b1-c4-r3,b2-fabric-b1-c4-r3-task-0054,fabric_query_confirmation,True,,114,1783313153160,0,,False
549,b2-fabric-b1-c4-r3,b2-fabric-b1-c4-r3-task-0052,fabric_query_confirmation,True,,113,1783313153161,0,,False
550,b2-fabric-b1-c4-r3,b2-fabric-b1-c4-r3-task-0055,fabric_query_confirmation,True,,115,1783313153161,0,,False
551,b2-fabric-b1-c4-r3,b2-fabric-b1-c4-r3-task-0052,fabric_vote_1,True,,2460,1783313153274,0,,False
552,b2-fabric-b1-c4-r3,b2-fabric-b1-c4-r3-task-0053,fabric_vote_1,True,,2462,1783313153273,0,,False
553,b2-fabric-b1-c4-r3,b2-fabric-b1-c4-r3-task-0055,fabric_vote_1,True,,2459,1783313153276,0,,False
554,b2-fabric-b1-c4-r3,b2-fabric-b1-c4-r3-task-0054,fabric_vote_1,True,,2462,1783313153274,0,,False
555,b2-fabric-b1-c4-r3,b2-fabric-b1-c4-r3-task-0055,fabric_vote_2,True,,2235,1783313155735,0,,False
556,b2-fabric-b1-c4-r3,b2-fabric-b1-c4-r3-task-0054,fabric_vote_2,True,,2235,1783313155736,0,,False
557,b2-fabric-b1-c4-r3,b2-fabric-b1-c4-r3-task-0053,fabric_vote_2,True,,2236,1783313155735,0,,False
558,b2-fabric-b1-c4-r3,b2-fabric-b1-c4-r3-task-0052,fabric_vote_2,True,,2240,1783313155734,0,,False
559,b2-fabric-b1-c4-r3,b2-fabric-b1-c4-r3-task-0055,fabric_settlement,True,,2470,1783313157970,0,,False
560,b2-fabric-b1-c4-r3,b2-fabric-b1-c4-r3-task-0053,fabric_settlement,True,,2470,1783313157971,0,,False
561,b2-fabric-b1-c4-r3,b2-fabric-b1-c4-r3-task-0054,fabric_settlement,True,,2470,1783313157971,0,,False
562,b2-fabric-b1-c4-r3,b2-fabric-b1-c4-r3-task-0052,fabric_settlement,True,,2468,1783313157974,0,,False
563,b2-fabric-b1-c4-r3,b2-fabric-b1-c4-r3-task-0053,fabric_query_final,True,,910,1783313160441,0,,False
564,b2-fabric-b1-c4-r3,b2-fabric-b1-c4-r3-task-0052,fabric_query_final,True,,910,1783313160442,0,,False
565,b2-fabric-b1-c4-r3,b2-fabric-b1-c4-r3-task-0055,fabric_query_final,True,,913,1783313160440,0,,False
566,b2-fabric-b1-c4-r3,b2-fabric-b1-c4-r3-task-0055,ipfs_verify,True,,7,1783313161353,0,QmafKJifZc1XAPwnCM3rfjeY8ycoRWBTEzRKJWmaz2X2pf,False
567,b2-fabric-b1-c4-r3,b2-fabric-b1-c4-r3-task-0053,ipfs_verify,True,,9,1783313161351,0,QmQhmCX3uicZrhvWeBbc6PdBzun14HpniDh8sPFQzpyV9X,False
568,b2-fabric-b1-c4-r3,b2-fabric-b1-c4-r3-task-0052,ipfs_verify,True,,9,1783313161352,0,Qmbhf75a6jKFm6r3n83e1TgGA1Jv3MZMWPn5DZ6DAQKRGx,False
569,b2-fabric-b1-c4-r3,b2-fabric-b1-c4-r3-task-0054,fabric_query_final,True,,921,1783313160441,0,,False
570,b2-fabric-b1-c4-r3,b2-fabric-b1-c4-r3-task-0054,ipfs_verify,True,,9,1783313161362,0,QmPnCtNRFcwQFtC6bqhKn6Lncju1wDzgW5MAzMVD7Hqnio,False
571,b2-fabric-b1-c4-r3,b2-fabric-b1-c4-r3-task-0057,ipfs_add,True,,34,1783313161361,1961,,False
572,b2-fabric-b1-c4-r3,b2-fabric-b1-c4-r3-task-0056,ipfs_add,True,,51,1783313161360,4022,,False
573,b2-fabric-b1-c4-r3,b2-fabric-b1-c4-r3-task-0058,ipfs_add,True,,67,1783313161361,2250,,False
574,b2-fabric-b1-c4-r3,b2-fabric-b1-c4-r3-task-0059,ipfs_add,True,,73,1783313161371,4487,,False
575,b2-fabric-b1-c4-r3,b2-fabric-b1-c4-r3-task-0056,fabric_post_task,True,,2453,1783313161411,4022,QmZ7pYazDS7aTNmx4r1RUas5pautaRbk4VUrw59C2XLkhW,False
576,b2-fabric-b1-c4-r3,b2-fabric-b1-c4-r3-task-0057,fabric_post_task,True,,2471,1783313161395,1961,QmXe2mVbUwjU9upyR6EUuSfmWPVCsUJ2XbjviLk1VWsWi5,False
577,b2-fabric-b1-c4-r3,b2-fabric-b1-c4-r3-task-0059,fabric_post_task,True,,2422,1783313161444,4487,QmPBEGhSk6VvenSUj3Vr6bj3gHyXAjWBknK2erA4F3iiDo,False
578,b2-fabric-b1-c4-r3,b2-fabric-b1-c4-r3-task-0058,fabric_post_task,True,,2439,1783313161428,2250,QmXUCNGHMpTciMXWytGi2sfx8616VuyyUoqZa3oAtvFoDt,False
579,b2-fabric-b1-c4-r3,b2-fabric-b1-c4-r3-task-0056,fabric_post_allocation,True,,2331,1783313163864,0,,False
580,b2-fabric-b1-c4-r3,b2-fabric-b1-c4-r3-task-0057,fabric_post_allocation,True,,2329,1783313163866,0,,False
581,b2-fabric-b1-c4-r3,b2-fabric-b1-c4-r3-task-0059,fabric_post_allocation,True,,2329,1783313163866,0,,False
582,b2-fabric-b1-c4-r3,b2-fabric-b1-c4-r3-task-0058,fabric_post_allocation,True,,2331,1783313163867,0,,False
583,b2-fabric-b1-c4-r3,b2-fabric-b1-c4-r3-task-0057,fabric_post_snapshot,True,,2500,1783313166195,0,,False
584,b2-fabric-b1-c4-r3,b2-fabric-b1-c4-r3-task-0056,fabric_post_snapshot,True,,2501,1783313166195,0,,False
585,b2-fabric-b1-c4-r3,b2-fabric-b1-c4-r3-task-0059,fabric_post_snapshot,True,,2502,1783313166195,0,,False
586,b2-fabric-b1-c4-r3,b2-fabric-b1-c4-r3-task-0058,fabric_post_snapshot,True,,2501,1783313166198,0,,False
587,b2-fabric-b1-c4-r3,b2-fabric-b1-c4-r3-task-0058,fabric_query_confirmation,True,,304,1783313168699,0,,False
588,b2-fabric-b1-c4-r3,b2-fabric-b1-c4-r3-task-0057,fabric_query_confirmation,True,,309,1783313168695,0,,False
589,b2-fabric-b1-c4-r3,b2-fabric-b1-c4-r3-task-0056,fabric_query_confirmation,True,,308,1783313168696,0,,False
590,b2-fabric-b1-c4-r3,b2-fabric-b1-c4-r3-task-0059,fabric_query_confirmation,True,,308,1783313168697,0,,False
591,b2-fabric-b1-c4-r3,b2-fabric-b1-c4-r3-task-0058,fabric_vote_1,True,,2294,1783313169003,0,,False
592,b2-fabric-b1-c4-r3,b2-fabric-b1-c4-r3-task-0056,fabric_vote_1,True,,2294,1783313169004,0,,False
593,b2-fabric-b1-c4-r3,b2-fabric-b1-c4-r3-task-0059,fabric_vote_1,True,,2294,1783313169005,0,,False
594,b2-fabric-b1-c4-r3,b2-fabric-b1-c4-r3-task-0057,fabric_vote_1,True,,2297,1783313169004,0,,False
595,b2-fabric-b1-c4-r3,b2-fabric-b1-c4-r3-task-0056,fabric_vote_2,True,,2451,1783313171298,0,,False
596,b2-fabric-b1-c4-r3,b2-fabric-b1-c4-r3-task-0059,fabric_vote_2,True,,2450,1783313171299,0,,False
597,b2-fabric-b1-c4-r3,b2-fabric-b1-c4-r3-task-0058,fabric_vote_2,True,,2453,1783313171297,0,,False
598,b2-fabric-b1-c4-r3,b2-fabric-b1-c4-r3-task-0057,fabric_vote_2,True,,2451,1783313171301,0,,False
599,b2-fabric-b1-c4-r3,b2-fabric-b1-c4-r3-task-0058,fabric_settlement,True,,2511,1783313173750,0,,False
600,b2-fabric-b1-c4-r3,b2-fabric-b1-c4-r3-task-0057,fabric_settlement,True,,2511,1783313173752,0,,False
601,b2-fabric-b1-c4-r3,b2-fabric-b1-c4-r3-task-0056,fabric_settlement,True,,2514,1783313173749,0,,False
602,b2-fabric-b1-c4-r3,b2-fabric-b1-c4-r3-task-0059,fabric_settlement,True,,2515,1783313173749,0,,False
603,b2-fabric-b1-c4-r3,b2-fabric-b1-c4-r3-task-0056,fabric_query_final,True,,-322,1783313176263,0,,False
604,b2-fabric-b1-c4-r3,b2-fabric-b1-c4-r3-task-0058,fabric_query_final,True,,-319,1783313176261,0,,False
605,b2-fabric-b1-c4-r3,b2-fabric-b1-c4-r3-task-0057,fabric_query_final,True,,-320,1783313176263,0,,False
606,b2-fabric-b1-c4-r3,b2-fabric-b1-c4-r3-task-0059,fabric_query_final,True,,-318,1783313176264,0,,False
607,b2-fabric-b1-c4-r3,b2-fabric-b1-c4-r3-task-0058,ipfs_verify,True,,7,1783313175942,0,QmXUCNGHMpTciMXWytGi2sfx8616VuyyUoqZa3oAtvFoDt,False
608,b2-fabric-b1-c4-r3,b2-fabric-b1-c4-r3-task-0057,ipfs_verify,True,,6,1783313175943,0,QmXe2mVbUwjU9upyR6EUuSfmWPVCsUJ2XbjviLk1VWsWi5,False
609,b2-fabric-b1-c4-r3,b2-fabric-b1-c4-r3-task-0056,ipfs_verify,True,,8,1783313175941,0,QmZ7pYazDS7aTNmx4r1RUas5pautaRbk4VUrw59C2XLkhW,False
610,b2-fabric-b1-c4-r3,b2-fabric-b1-c4-r3-task-0059,ipfs_verify,True,,7,1783313175946,0,QmPBEGhSk6VvenSUj3Vr6bj3gHyXAjWBknK2erA4F3iiDo,False
611,b2-fabric-b1-c4-r3,b2-fabric-b1-c4-r3-task-0062,ipfs_add,True,,32,1783313175949,1552,,False
612,b2-fabric-b1-c4-r3,b2-fabric-b1-c4-r3-task-0061,ipfs_add,True,,49,1783313175949,5946,,False
613,b2-fabric-b1-c4-r3,b2-fabric-b1-c4-r3-task-0060,ipfs_add,True,,81,1783313175949,5935,,False
614,b2-fabric-b1-c4-r3,b2-fabric-b1-c4-r3-task-0063,ipfs_add,True,,78,1783313175953,1951,,False
615,b2-fabric-b1-c4-r3,b2-fabric-b1-c4-r3-task-0061,fabric_post_task,True,,2452,1783313175998,5946,QmZznbE6Q8qgJZM6zko75Z5kysY6RRAzfTKYtPEykpkpaT,False
616,b2-fabric-b1-c4-r3,b2-fabric-b1-c4-r3-task-0060,fabric_post_task,True,,2421,1783313176030,5935,QmNcgtQQTiKYTTZfgDnKUurGta1J2EPad8N1cioGFFfEnj,False
617,b2-fabric-b1-c4-r3,b2-fabric-b1-c4-r3-task-0062,fabric_post_task,True,,2471,1783313175981,1552,Qmb6iH1Q8fsUxVYrQmrcgAvCnH14JPTvzRbCctsufq5we3,False
618,b2-fabric-b1-c4-r3,b2-fabric-b1-c4-r3-task-0063,fabric_post_task,True,,2423,1783313176031,1951,Qmeq8QyrjD6bZ4YprHuPoMgTMvTCxaH2JtzMLSbHb4KCGp,False
619,b2-fabric-b1-c4-r3,b2-fabric-b1-c4-r3-task-0061,fabric_post_allocation,True,,2558,1783313178451,0,,False
620,b2-fabric-b1-c4-r3,b2-fabric-b1-c4-r3-task-0063,fabric_post_allocation,True,,2557,1783313178454,0,,False
621,b2-fabric-b1-c4-r3,b2-fabric-b1-c4-r3-task-0060,fabric_post_allocation,True,,2561,1783313178451,0,,False
622,b2-fabric-b1-c4-r3,b2-fabric-b1-c4-r3-task-0062,fabric_post_allocation,True,,2559,1783313178453,0,,False
623,b2-fabric-b1-c4-r3,b2-fabric-b1-c4-r3-task-0063,fabric_post_snapshot,True,,2246,1783313181011,0,,False
624,b2-fabric-b1-c4-r3,b2-fabric-b1-c4-r3-task-0061,fabric_post_snapshot,True,,2249,1783313181009,0,,False
625,b2-fabric-b1-c4-r3,b2-fabric-b1-c4-r3-task-0060,fabric_post_snapshot,True,,2247,1783313181012,0,,False
626,b2-fabric-b1-c4-r3,b2-fabric-b1-c4-r3-task-0062,fabric_post_snapshot,True,,2249,1783313181012,0,,False
627,b2-fabric-b1-c4-r3,b2-fabric-b1-c4-r3-task-0063,fabric_query_confirmation,True,,297,1783313183257,0,,False
628,b2-fabric-b1-c4-r3,b2-fabric-b1-c4-r3-task-0061,fabric_query_confirmation,True,,297,1783313183258,0,,False
629,b2-fabric-b1-c4-r3,b2-fabric-b1-c4-r3-task-0060,fabric_query_confirmation,True,,297,1783313183259,0,,False
630,b2-fabric-b1-c4-r3,b2-fabric-b1-c4-r3-task-0062,fabric_query_confirmation,True,,296,1783313183261,0,,False
631,b2-fabric-b1-c4-r3,b2-fabric-b1-c4-r3-task-0061,fabric_vote_1,True,,2437,1783313183555,0,,False
632,b2-fabric-b1-c4-r3,b2-fabric-b1-c4-r3-task-0060,fabric_vote_1,True,,2437,1783313183556,0,,False
633,b2-fabric-b1-c4-r3,b2-fabric-b1-c4-r3-task-0062,fabric_vote_1,True,,2437,1783313183557,0,,False
634,b2-fabric-b1-c4-r3,b2-fabric-b1-c4-r3-task-0063,fabric_vote_1,True,,2441,1783313183554,0,,False
635,b2-fabric-b1-c4-r3,b2-fabric-b1-c4-r3-task-0061,fabric_vote_2,True,,2294,1783313185992,0,,False
636,b2-fabric-b1-c4-r3,b2-fabric-b1-c4-r3-task-0062,fabric_vote_2,True,,2292,1783313185994,0,,False
637,b2-fabric-b1-c4-r3,b2-fabric-b1-c4-r3-task-0063,fabric_vote_2,True,,2293,1783313185995,0,,False
638,b2-fabric-b1-c4-r3,b2-fabric-b1-c4-r3-task-0060,fabric_vote_2,True,,2297,1783313185993,0,,False
639,b2-fabric-b1-c4-r3,b2-fabric-b1-c4-r3-task-0062,fabric_settlement,True,,2885,1783313188287,0,,False
640,b2-fabric-b1-c4-r3,b2-fabric-b1-c4-r3-task-0060,fabric_settlement,True,,2883,1783313188290,0,,False
641,b2-fabric-b1-c4-r3,b2-fabric-b1-c4-r3-task-0061,fabric_settlement,True,,2887,1783313188286,0,,False
642,b2-fabric-b1-c4-r3,b2-fabric-b1-c4-r3-task-0063,fabric_settlement,True,,2888,1783313188288,0,,False
643,b2-fabric-b1-c4-r3,b2-fabric-b1-c4-r3-task-0062,fabric_query_final,True,,928,1783313191172,0,,False
644,b2-fabric-b1-c4-r3,b2-fabric-b1-c4-r3-task-0063,fabric_query_final,True,,925,1783313191176,0,,False
645,b2-fabric-b1-c4-r3,b2-fabric-b1-c4-r3-task-0061,fabric_query_final,True,,928,1783313191173,0,,False
646,b2-fabric-b1-c4-r3,b2-fabric-b1-c4-r3-task-0060,fabric_query_final,True,,932,1783313191173,0,,False
647,b2-fabric-b1-c4-r3,b2-fabric-b1-c4-r3-task-0062,ipfs_verify,True,,7,1783313192100,0,Qmb6iH1Q8fsUxVYrQmrcgAvCnH14JPTvzRbCctsufq5we3,False
648,b2-fabric-b1-c4-r3,b2-fabric-b1-c4-r3-task-0061,ipfs_verify,True,,6,1783313192101,0,QmZznbE6Q8qgJZM6zko75Z5kysY6RRAzfTKYtPEykpkpaT,False
649,b2-fabric-b1-c4-r3,b2-fabric-b1-c4-r3-task-0063,ipfs_verify,True,,7,1783313192101,0,Qmeq8QyrjD6bZ4YprHuPoMgTMvTCxaH2JtzMLSbHb4KCGp,False
650,b2-fabric-b1-c4-r3,b2-fabric-b1-c4-r3-task-0060,ipfs_verify,True,,6,1783313192105,0,QmNcgtQQTiKYTTZfgDnKUurGta1J2EPad8N1cioGFFfEnj,False
651,b2-fabric-b1-c4-r3,b2-fabric-b1-c4-r3-task-0066,ipfs_add,True,,27,1783313192108,1779,,False
652,b2-fabric-b1-c4-r3,b2-fabric-b1-c4-r3-task-0065,ipfs_add,True,,45,1783313192107,1532,,False
653,b2-fabric-b1-c4-r3,b2-fabric-b1-c4-r3-task-0064,ipfs_add,True,,60,1783313192107,1718,,False
654,b2-fabric-b1-c4-r3,b2-fabric-b1-c4-r3-task-0067,ipfs_add,True,,72,1783313192111,1494,,False
655,b2-fabric-b1-c4-r3,b2-fabric-b1-c4-r3-task-0067,fabric_post_task,True,,2407,1783313192183,1494,Qmbt7FG9CTBc6sVfciXAseRzvjXpa6EoV1TehcNf7sChY3,False
656,b2-fabric-b1-c4-r3,b2-fabric-b1-c4-r3-task-0064,fabric_post_task,True,,2423,1783313192167,1718,QmdQasboxBg4eG1zCcznaXELJ43EhrApnvszJDpfVQP7gd,False
657,b2-fabric-b1-c4-r3,b2-fabric-b1-c4-r3-task-0066,fabric_post_task,True,,2456,1783313192135,1779,QmQadZaKvSss26axAEh58nbypRZhkvyv9qKSdKwsKrR3VT,False
658,b2-fabric-b1-c4-r3,b2-fabric-b1-c4-r3-task-0065,fabric_post_task,True,,2442,1783313192152,1532,QmTgn7Ef8bcgXc76teLMLFWfXkkV1kNKoL8EES2YSp6nVT,False
659,b2-fabric-b1-c4-r3,b2-fabric-b1-c4-r3-task-0064,fabric_post_allocation,True,,2293,1783313194590,0,,False
660,b2-fabric-b1-c4-r3,b2-fabric-b1-c4-r3-task-0065,fabric_post_allocation,True,,2291,1783313194594,0,,False
661,b2-fabric-b1-c4-r3,b2-fabric-b1-c4-r3-task-0066,fabric_post_allocation,True,,2295,1783313194591,0,,False
662,b2-fabric-b1-c4-r3,b2-fabric-b1-c4-r3-task-0067,fabric_post_allocation,True,,2296,1783313194590,0,,False
663,b2-fabric-b1-c4-r3,b2-fabric-b1-c4-r3-task-0067,fabric_post_snapshot,True,,2306,1783313196886,0,,False
664,b2-fabric-b1-c4-r3,b2-fabric-b1-c4-r3-task-0064,fabric_post_snapshot,True,,2308,1783313196884,0,,False
665,b2-fabric-b1-c4-r3,b2-fabric-b1-c4-r3-task-0066,fabric_post_snapshot,True,,2308,1783313196886,0,,False
666,b2-fabric-b1-c4-r3,b2-fabric-b1-c4-r3-task-0065,fabric_post_snapshot,True,,2309,1783313196885,0,,False
667,b2-fabric-b1-c4-r3,b2-fabric-b1-c4-r3-task-0064,fabric_query_confirmation,True,,110,1783313199192,0,,False
668,b2-fabric-b1-c4-r3,b2-fabric-b1-c4-r3-task-0065,fabric_query_confirmation,True,,108,1783313199194,0,,False
669,b2-fabric-b1-c4-r3,b2-fabric-b1-c4-r3-task-0067,fabric_query_confirmation,True,,111,1783313199192,0,,False
670,b2-fabric-b1-c4-r3,b2-fabric-b1-c4-r3-task-0066,fabric_query_confirmation,True,,110,1783313199194,0,,False
671,b2-fabric-b1-c4-r3,b2-fabric-b1-c4-r3-task-0064,fabric_vote_1,True,,2277,1783313199302,0,,False
672,b2-fabric-b1-c4-r3,b2-fabric-b1-c4-r3-task-0066,fabric_vote_1,True,,2276,1783313199304,0,,False
673,b2-fabric-b1-c4-r3,b2-fabric-b1-c4-r3-task-0065,fabric_vote_1,True,,2279,1783313199302,0,,False
674,b2-fabric-b1-c4-r3,b2-fabric-b1-c4-r3-task-0067,fabric_vote_1,True,,2278,1783313199303,0,,False
675,b2-fabric-b1-c4-r3,b2-fabric-b1-c4-r3-task-0066,fabric_vote_2,True,,2245,1783313201580,0,,False
676,b2-fabric-b1-c4-r3,b2-fabric-b1-c4-r3-task-0064,fabric_vote_2,True,,2246,1783313201580,0,,False
677,b2-fabric-b1-c4-r3,b2-fabric-b1-c4-r3-task-0067,fabric_vote_2,True,,2245,1783313201581,0,,False
678,b2-fabric-b1-c4-r3,b2-fabric-b1-c4-r3-task-0065,fabric_vote_2,True,,2247,1783313201581,0,,False
679,b2-fabric-b1-c4-r3,b2-fabric-b1-c4-r3-task-0066,fabric_settlement,True,,1449,1783313203825,0,,False
680,b2-fabric-b1-c4-r3,b2-fabric-b1-c4-r3-task-0065,fabric_settlement,True,,1447,1783313203828,0,,False
681,b2-fabric-b1-c4-r3,b2-fabric-b1-c4-r3-task-0064,fabric_settlement,True,,1450,1783313203826,0,,False
682,b2-fabric-b1-c4-r3,b2-fabric-b1-c4-r3-task-0067,fabric_settlement,True,,1452,1783313203826,0,,False
683,b2-fabric-b1-c4-r3,b2-fabric-b1-c4-r3-task-0065,fabric_query_final,True,,504,1783313205275,0,,False
684,b2-fabric-b1-c4-r3,b2-fabric-b1-c4-r3-task-0067,fabric_query_final,True,,502,1783313205278,0,,False
685,b2-fabric-b1-c4-r3,b2-fabric-b1-c4-r3-task-0064,fabric_query_final,True,,505,1783313205276,0,,False
686,b2-fabric-b1-c4-r3,b2-fabric-b1-c4-r3-task-0065,ipfs_verify,True,,7,1783313205779,0,QmTgn7Ef8bcgXc76teLMLFWfXkkV1kNKoL8EES2YSp6nVT,False
687,b2-fabric-b1-c4-r3,b2-fabric-b1-c4-r3-task-0067,ipfs_verify,True,,7,1783313205780,0,Qmbt7FG9CTBc6sVfciXAseRzvjXpa6EoV1TehcNf7sChY3,False
688,b2-fabric-b1-c4-r3,b2-fabric-b1-c4-r3-task-0064,ipfs_verify,True,,6,1783313205781,0,QmdQasboxBg4eG1zCcznaXELJ43EhrApnvszJDpfVQP7gd,False
689,b2-fabric-b1-c4-r3,b2-fabric-b1-c4-r3-task-0068,ipfs_add,True,,30,1783313205787,4158,,False
690,b2-fabric-b1-c4-r3,b2-fabric-b1-c4-r3-task-0066,fabric_query_final,True,,544,1783313205274,0,,False
691,b2-fabric-b1-c4-r3,b2-fabric-b1-c4-r3-task-0066,ipfs_verify,True,,7,1783313205818,0,QmQadZaKvSss26axAEh58nbypRZhkvyv9qKSdKwsKrR3VT,False
692,b2-fabric-b1-c4-r3,b2-fabric-b1-c4-r3-task-0070,ipfs_add,True,,50,1783313205788,5065,,False
693,b2-fabric-b1-c4-r3,b2-fabric-b1-c4-r3-task-0069,ipfs_add,True,,67,1783313205787,1526,,False
694,b2-fabric-b1-c4-r3,b2-fabric-b1-c4-r3-task-0071,ipfs_add,True,,45,1783313205825,7196,,False
695,b2-fabric-b1-c4-r3,b2-fabric-b1-c4-r3-task-0068,fabric_post_task,True,,2454,1783313205817,4158,QmdssCZHZja15BD7DuyPiXZPfZufH2mwmGr81QDSStPZPN,False
696,b2-fabric-b1-c4-r3,b2-fabric-b1-c4-r3-task-0070,fabric_post_task,True,,2434,1783313205838,5065,QmZdwn7XZ6rmxkCtUjND7GCnAtzGsfmiqSWKEv7AMAoXVQ,False
697,b2-fabric-b1-c4-r3,b2-fabric-b1-c4-r3-task-0071,fabric_post_task,True,,2404,1783313205870,7196,QmNqkkGDJvpybcWjHb7TKY3DpGWDegeGBguFT6dBieSUKQ,False
698,b2-fabric-b1-c4-r3,b2-fabric-b1-c4-r3-task-0069,fabric_post_task,True,,2420,1783313205854,1526,Qmc3HzGamX75gaXpQyYRDkmKLfVRUTTUbDLLNafwajDdRv,False
699,b2-fabric-b1-c4-r3,b2-fabric-b1-c4-r3-task-0068,fabric_post_allocation,True,,2326,1783313208271,0,,False
700,b2-fabric-b1-c4-r3,b2-fabric-b1-c4-r3-task-0070,fabric_post_allocation,True,,2326,1783313208272,0,,False
701,b2-fabric-b1-c4-r3,b2-fabric-b1-c4-r3-task-0071,fabric_post_allocation,True,,2324,1783313208274,0,,False
702,b2-fabric-b1-c4-r3,b2-fabric-b1-c4-r3-task-0069,fabric_post_allocation,True,,2326,1783313208274,0,,False
703,b2-fabric-b1-c4-r3,b2-fabric-b1-c4-r3-task-0071,fabric_post_snapshot,True,,2453,1783313210598,0,,False
704,b2-fabric-b1-c4-r3,b2-fabric-b1-c4-r3-task-0069,fabric_post_snapshot,True,,2451,1783313210600,0,,False
705,b2-fabric-b1-c4-r3,b2-fabric-b1-c4-r3-task-0070,fabric_post_snapshot,True,,2454,1783313210598,0,,False
706,b2-fabric-b1-c4-r3,b2-fabric-b1-c4-r3-task-0068,fabric_post_snapshot,True,,2457,1783313210597,0,,False
707,b2-fabric-b1-c4-r3,b2-fabric-b1-c4-r3-task-0069,fabric_query_confirmation,True,,306,1783313213051,0,,False
708,b2-fabric-b1-c4-r3,b2-fabric-b1-c4-r3-task-0068,fabric_query_confirmation,True,,304,1783313213054,0,,False
709,b2-fabric-b1-c4-r3,b2-fabric-b1-c4-r3-task-0070,fabric_query_confirmation,True,,306,1783313213052,0,,False
710,b2-fabric-b1-c4-r3,b2-fabric-b1-c4-r3-task-0071,fabric_query_confirmation,True,,309,1783313213051,0,,False
711,b2-fabric-b1-c4-r3,b2-fabric-b1-c4-r3-task-0070,fabric_vote_1,True,,2271,1783313213358,0,,False
712,b2-fabric-b1-c4-r3,b2-fabric-b1-c4-r3-task-0071,fabric_vote_1,True,,2269,1783313213360,0,,False
713,b2-fabric-b1-c4-r3,b2-fabric-b1-c4-r3-task-0069,fabric_vote_1,True,,2273,1783313213357,0,,False
714,b2-fabric-b1-c4-r3,b2-fabric-b1-c4-r3-task-0068,fabric_vote_1,True,,2275,1783313213358,0,,False
715,b2-fabric-b1-c4-r3,b2-fabric-b1-c4-r3-task-0069,fabric_vote_2,True,,2473,1783313215630,0,,False
716,b2-fabric-b1-c4-r3,b2-fabric-b1-c4-r3-task-0070,fabric_vote_2,True,,2476,1783313215629,0,,False
717,b2-fabric-b1-c4-r3,b2-fabric-b1-c4-r3-task-0071,fabric_vote_2,True,,2476,1783313215629,0,,False
718,b2-fabric-b1-c4-r3,b2-fabric-b1-c4-r3-task-0068,fabric_vote_2,True,,2472,1783313215633,0,,False
719,b2-fabric-b1-c4-r3,b2-fabric-b1-c4-r3-task-0070,fabric_settlement,True,,2706,1783313218105,0,,False
720,b2-fabric-b1-c4-r3,b2-fabric-b1-c4-r3-task-0071,fabric_settlement,True,,2707,1783313218105,0,,False
721,b2-fabric-b1-c4-r3,b2-fabric-b1-c4-r3-task-0069,fabric_settlement,True,,2710,1783313218103,0,,False
722,b2-fabric-b1-c4-r3,b2-fabric-b1-c4-r3-task-0068,fabric_settlement,True,,2710,1783313218105,0,,False
723,b2-fabric-b1-c4-r3,b2-fabric-b1-c4-r3-task-0071,fabric_query_final,True,,737,1783313220812,0,,False
724,b2-fabric-b1-c4-r3,b2-fabric-b1-c4-r3-task-0068,fabric_query_final,True,,735,1783313220815,0,,False
725,b2-fabric-b1-c4-r3,b2-fabric-b1-c4-r3-task-0069,fabric_query_final,True,,737,1783313220813,0,,False
726,b2-fabric-b1-c4-r3,b2-fabric-b1-c4-r3-task-0070,fabric_query_final,True,,742,1783313220811,0,,False
727,b2-fabric-b1-c4-r3,b2-fabric-b1-c4-r3-task-0071,ipfs_verify,True,,7,1783313221549,0,QmNqkkGDJvpybcWjHb7TKY3DpGWDegeGBguFT6dBieSUKQ,False
728,b2-fabric-b1-c4-r3,b2-fabric-b1-c4-r3-task-0069,ipfs_verify,True,,7,1783313221550,0,Qmc3HzGamX75gaXpQyYRDkmKLfVRUTTUbDLLNafwajDdRv,False
729,b2-fabric-b1-c4-r3,b2-fabric-b1-c4-r3-task-0068,ipfs_verify,True,,8,1783313221550,0,QmdssCZHZja15BD7DuyPiXZPfZufH2mwmGr81QDSStPZPN,False
730,b2-fabric-b1-c4-r3,b2-fabric-b1-c4-r3-task-0070,ipfs_verify,True,,6,1783313221553,0,QmZdwn7XZ6rmxkCtUjND7GCnAtzGsfmiqSWKEv7AMAoXVQ,False
731,b2-fabric-b1-c4-r3,b2-fabric-b1-c4-r3-task-0072,ipfs_add,True,,67,1783313221557,2305,,False
732,b2-fabric-b1-c4-r3,b2-fabric-b1-c4-r3-task-0073,ipfs_add,True,,83,1783313221557,4957,,False
733,b2-fabric-b1-c4-r3,b2-fabric-b1-c4-r3-task-0075,ipfs_add,True,,98,1783313221559,4400,,False
734,b2-fabric-b1-c4-r3,b2-fabric-b1-c4-r3-task-0074,ipfs_add,True,,115,1783313221558,5811,,False
735,b2-fabric-b1-c4-r3,b2-fabric-b1-c4-r3-task-0074,fabric_post_task,True,,2405,1783313221673,5811,QmaeTJAzWRKvsT172vo8HGvAfgV8ipwLvzV1ZMQApxE1QS,False
736,b2-fabric-b1-c4-r3,b2-fabric-b1-c4-r3-task-0075,fabric_post_task,True,,2422,1783313221657,4400,QmXvAwLQ7v7nnXbkJPjkYdM3tUdkRw8oF5f6iTNZRPVgzN,False
737,b2-fabric-b1-c4-r3,b2-fabric-b1-c4-r3-task-0073,fabric_post_task,True,,2440,1783313221640,4957,QmUNq5xrs3K1vmXdkKido3g2XmRhi95o132iauehfL4aYG,False
738,b2-fabric-b1-c4-r3,b2-fabric-b1-c4-r3-task-0072,fabric_post_task,True,,2457,1783313221624,2305,QmWanySVkpZ7TybV7YuqtM2nn19ezsxpA246bdcmU47t6X,False
739,b2-fabric-b1-c4-r3,b2-fabric-b1-c4-r3-task-0075,fabric_post_allocation,True,,2391,1783313224079,0,,False
740,b2-fabric-b1-c4-r3,b2-fabric-b1-c4-r3-task-0074,fabric_post_allocation,True,,2393,1783313224078,0,,False
741,b2-fabric-b1-c4-r3,b2-fabric-b1-c4-r3-task-0073,fabric_post_allocation,True,,2391,1783313224080,0,,False
742,b2-fabric-b1-c4-r3,b2-fabric-b1-c4-r3-task-0072,fabric_post_allocation,True,,2392,1783313224081,0,,False
743,b2-fabric-b1-c4-r3,b2-fabric-b1-c4-r3-task-0074,fabric_post_snapshot,True,,2449,1783313226471,0,,False
744,b2-fabric-b1-c4-r3,b2-fabric-b1-c4-r3-task-0072,fabric_post_snapshot,True,,2450,1783313226473,0,,False
745,b2-fabric-b1-c4-r3,b2-fabric-b1-c4-r3-task-0073,fabric_post_snapshot,True,,2452,1783313226471,0,,False
746,b2-fabric-b1-c4-r3,b2-fabric-b1-c4-r3-task-0075,fabric_post_snapshot,True,,2454,1783313226470,0,,False
747,b2-fabric-b1-c4-r3,b2-fabric-b1-c4-r3-task-0072,fabric_query_confirmation,True,,109,1783313228923,0,,False
748,b2-fabric-b1-c4-r3,b2-fabric-b1-c4-r3-task-0074,fabric_query_confirmation,True,,111,1783313228921,0,,False
749,b2-fabric-b1-c4-r3,b2-fabric-b1-c4-r3-task-0073,fabric_query_confirmation,True,,110,1783313228923,0,,False
750,b2-fabric-b1-c4-r3,b2-fabric-b1-c4-r3-task-0075,fabric_query_confirmation,True,,155,1783313228924,0,,False
751,b2-fabric-b1-c4-r3,b2-fabric-b1-c4-r3-task-0075,fabric_vote_1,True,,2246,1783313229079,0,,False
752,b2-fabric-b1-c4-r3,b2-fabric-b1-c4-r3-task-0073,fabric_vote_1,True,,2292,1783313229033,0,,False
753,b2-fabric-b1-c4-r3,b2-fabric-b1-c4-r3-task-0074,fabric_vote_1,True,,2294,1783313229032,0,,False
754,b2-fabric-b1-c4-r3,b2-fabric-b1-c4-r3-task-0072,fabric_vote_1,True,,2295,1783313229032,0,,False
755,b2-fabric-b1-c4-r3,b2-fabric-b1-c4-r3-task-0072,fabric_vote_2,True,,2240,1783313231327,0,,False
756,b2-fabric-b1-c4-r3,b2-fabric-b1-c4-r3-task-0075,fabric_vote_2,True,,2243,1783313231325,0,,False
757,b2-fabric-b1-c4-r3,b2-fabric-b1-c4-r3-task-0073,fabric_vote_2,True,,2244,1783313231325,0,,False
758,b2-fabric-b1-c4-r3,b2-fabric-b1-c4-r3-task-0074,fabric_vote_2,True,,2245,1783313231326,0,,False
759,b2-fabric-b1-c4-r3,b2-fabric-b1-c4-r3-task-0073,fabric_settlement,True,,1718,1783313233569,0,,False
760,b2-fabric-b1-c4-r3,b2-fabric-b1-c4-r3-task-0074,fabric_settlement,True,,1718,1783313233571,0,,False
761,b2-fabric-b1-c4-r3,b2-fabric-b1-c4-r3-task-0075,fabric_settlement,True,,1721,1783313233568,0,,False
762,b2-fabric-b1-c4-r3,b2-fabric-b1-c4-r3-task-0072,fabric_settlement,True,,1723,1783313233567,0,,False
763,b2-fabric-b1-c4-r3,b2-fabric-b1-c4-r3-task-0075,fabric_query_final,True,,508,1783313235289,0,,False
764,b2-fabric-b1-c4-r3,b2-fabric-b1-c4-r3-task-0073,fabric_query_final,True,,510,1783313235287,0,,False
765,b2-fabric-b1-c4-r3,b2-fabric-b1-c4-r3-task-0072,fabric_query_final,True,,507,1783313235290,0,,False
766,b2-fabric-b1-c4-r3,b2-fabric-b1-c4-r3-task-0074,fabric_query_final,True,,511,1783313235289,0,,False
767,b2-fabric-b1-c4-r3,b2-fabric-b1-c4-r3-task-0075,ipfs_verify,True,,7,1783313235797,0,QmXvAwLQ7v7nnXbkJPjkYdM3tUdkRw8oF5f6iTNZRPVgzN,False
768,b2-fabric-b1-c4-r3,b2-fabric-b1-c4-r3-task-0072,ipfs_verify,True,,8,1783313235797,0,QmWanySVkpZ7TybV7YuqtM2nn19ezsxpA246bdcmU47t6X,False
769,b2-fabric-b1-c4-r3,b2-fabric-b1-c4-r3-task-0073,ipfs_verify,True,,9,1783313235797,0,QmUNq5xrs3K1vmXdkKido3g2XmRhi95o132iauehfL4aYG,False
770,b2-fabric-b1-c4-r3,b2-fabric-b1-c4-r3-task-0074,ipfs_verify,True,,7,1783313235800,0,QmaeTJAzWRKvsT172vo8HGvAfgV8ipwLvzV1ZMQApxE1QS,False
771,b2-fabric-b1-c4-r3,b2-fabric-b1-c4-r3-task-0076,ipfs_add,True,,99,1783313235804,4961,,False
772,b2-fabric-b1-c4-r3,b2-fabric-b1-c4-r3-task-0078,ipfs_add,True,,115,1783313235806,4011,,False
773,b2-fabric-b1-c4-r3,b2-fabric-b1-c4-r3-task-0079,ipfs_add,True,,146,1783313235807,2910,,False
774,b2-fabric-b1-c4-r3,b2-fabric-b1-c4-r3-task-0077,ipfs_add,True,,149,1783313235805,1774,,False
775,b2-fabric-b1-c4-r3,b2-fabric-b1-c4-r3-task-0079,fabric_post_task,True,,2404,1783313235953,2910,QmUANPhfiGoG4ujKLWNNL1cTTFTCULjPxcP9sn7jNfzJhL,False
776,b2-fabric-b1-c4-r3,b2-fabric-b1-c4-r3-task-0076,fabric_post_task,True,,2454,1783313235903,4961,QmPYBXNwCTh5Jewpe24hUv1bBvhKKyvE3uxvUw3jvcJV2S,False
777,b2-fabric-b1-c4-r3,b2-fabric-b1-c4-r3-task-0077,fabric_post_task,True,,2404,1783313235954,1774,QmYN6ceiUFJghNBVdUfs4AgqbBx4pasRLDxDdrHuAvaYYe,False
778,b2-fabric-b1-c4-r3,b2-fabric-b1-c4-r3-task-0078,fabric_post_task,True,,2438,1783313235921,4011,QmQMb15VfwTvEopgdonkaUmtV5EoYEVHk6p3eKpDmm7VQJ,False
779,b2-fabric-b1-c4-r3,b2-fabric-b1-c4-r3-task-0078,fabric_post_allocation,True,,2318,1783313238359,0,,False
780,b2-fabric-b1-c4-r3,b2-fabric-b1-c4-r3-task-0077,fabric_post_allocation,True,,2320,1783313238358,0,,False
781,b2-fabric-b1-c4-r3,b2-fabric-b1-c4-r3-task-0076,fabric_post_allocation,True,,2322,1783313238357,0,,False
782,b2-fabric-b1-c4-r3,b2-fabric-b1-c4-r3-task-0079,fabric_post_allocation,True,,2324,1783313238357,0,,False
783,b2-fabric-b1-c4-r3,b2-fabric-b1-c4-r3-task-0076,fabric_post_snapshot,True,,2451,1783313240679,0,,False
784,b2-fabric-b1-c4-r3,b2-fabric-b1-c4-r3-task-0077,fabric_post_snapshot,True,,2452,1783313240678,0,,False
785,b2-fabric-b1-c4-r3,b2-fabric-b1-c4-r3-task-0079,fabric_post_snapshot,True,,2450,1783313240681,0,,False
786,b2-fabric-b1-c4-r3,b2-fabric-b1-c4-r3-task-0078,fabric_post_snapshot,True,,2457,1783313240677,0,,False
787,b2-fabric-b1-c4-r3,b2-fabric-b1-c4-r3-task-0076,fabric_query_confirmation,True,,316,1783313243130,0,,False
788,b2-fabric-b1-c4-r3,b2-fabric-b1-c4-r3-task-0078,fabric_query_confirmation,True,,313,1783313243134,0,,False
789,b2-fabric-b1-c4-r3,b2-fabric-b1-c4-r3-task-0077,fabric_query_confirmation,True,,318,1783313243130,0,,False
790,b2-fabric-b1-c4-r3,b2-fabric-b1-c4-r3-task-0079,fabric_query_confirmation,True,,317,1783313243131,0,,False
791,b2-fabric-b1-c4-r3,b2-fabric-b1-c4-r3-task-0079,fabric_vote_1,True,,2280,1783313243448,0,,False
792,b2-fabric-b1-c4-r3,b2-fabric-b1-c4-r3-task-0078,fabric_vote_1,True,,2282,1783313243447,0,,False
793,b2-fabric-b1-c4-r3,b2-fabric-b1-c4-r3-task-0076,fabric_vote_1,True,,2283,1783313243446,0,,False
794,b2-fabric-b1-c4-r3,b2-fabric-b1-c4-r3-task-0077,fabric_vote_1,True,,2282,1783313243448,0,,False
795,b2-fabric-b1-c4-r3,b2-fabric-b1-c4-r3-task-0078,fabric_vote_2,True,,2266,1783313245729,0,,False
796,b2-fabric-b1-c4-r3,b2-fabric-b1-c4-r3-task-0077,fabric_vote_2,True,,2266,1783313245730,0,,False
797,b2-fabric-b1-c4-r3,b2-fabric-b1-c4-r3-task-0079,fabric_vote_2,True,,2268,1783313245728,0,,False
798,b2-fabric-b1-c4-r3,b2-fabric-b1-c4-r3-task-0076,fabric_vote_2,True,,2269,1783313245729,0,,False
799,b2-fabric-b1-c4-r3,b2-fabric-b1-c4-r3-task-0076,fabric_settlement,True,,2805,1783313247998,0,,False
800,b2-fabric-b1-c4-r3,b2-fabric-b1-c4-r3-task-0078,fabric_settlement,True,,2809,1783313247995,0,,False
801,b2-fabric-b1-c4-r3,b2-fabric-b1-c4-r3-task-0079,fabric_settlement,True,,2809,1783313247996,0,,False
802,b2-fabric-b1-c4-r3,b2-fabric-b1-c4-r3-task-0077,fabric_settlement,True,,2811,1783313247996,0,,False
803,b2-fabric-b1-c4-r3,b2-fabric-b1-c4-r3-task-0078,fabric_query_final,True,,731,1783313250804,0,,False
804,b2-fabric-b1-c4-r3,b2-fabric-b1-c4-r3-task-0076,fabric_query_final,True,,733,1783313250803,0,,False
805,b2-fabric-b1-c4-r3,b2-fabric-b1-c4-r3-task-0077,fabric_query_final,True,,730,1783313250807,0,,False
806,b2-fabric-b1-c4-r3,b2-fabric-b1-c4-r3-task-0079,fabric_query_final,True,,734,1783313250805,0,,False
807,b2-fabric-b1-c4-r3,b2-fabric-b1-c4-r3-task-0077,ipfs_verify,True,,6,1783313251537,0,QmYN6ceiUFJghNBVdUfs4AgqbBx4pasRLDxDdrHuAvaYYe,False
808,b2-fabric-b1-c4-r3,b2-fabric-b1-c4-r3-task-0078,ipfs_verify,True,,8,1783313251535,0,QmQMb15VfwTvEopgdonkaUmtV5EoYEVHk6p3eKpDmm7VQJ,False
809,b2-fabric-b1-c4-r3,b2-fabric-b1-c4-r3-task-0076,ipfs_verify,True,,9,1783313251536,0,QmPYBXNwCTh5Jewpe24hUv1bBvhKKyvE3uxvUw3jvcJV2S,False
810,b2-fabric-b1-c4-r3,b2-fabric-b1-c4-r3-task-0079,ipfs_verify,True,,6,1783313251539,0,QmUANPhfiGoG4ujKLWNNL1cTTFTCULjPxcP9sn7jNfzJhL,False
811,b2-fabric-b1-c4-r3,b2-fabric-b1-c4-r3-task-0081,ipfs_add,True,,53,1783313251543,9224,,False
812,b2-fabric-b1-c4-r3,b2-fabric-b1-c4-r3-task-0080,ipfs_add,True,,69,1783313251543,2007,,False
813,b2-fabric-b1-c4-r3,b2-fabric-b1-c4-r3-task-0083,ipfs_add,True,,83,1783313251545,4402,,False
814,b2-fabric-b1-c4-r3,b2-fabric-b1-c4-r3-task-0082,ipfs_add,True,,101,1783313251545,9851,,False
815,b2-fabric-b1-c4-r3,b2-fabric-b1-c4-r3-task-0081,fabric_post_task,True,,2470,1783313251596,9224,QmQhzdo79vLus2WbHD1UviAJSuaG18vFF57Yt3d5cS2s7M,False
816,b2-fabric-b1-c4-r3,b2-fabric-b1-c4-r3-task-0080,fabric_post_task,True,,2455,1783313251612,2007,QmSoqaKbY1pzamSrK5gatTauBKmwAqCw92JyzZxyPFt8FW,False
817,b2-fabric-b1-c4-r3,b2-fabric-b1-c4-r3-task-0083,fabric_post_task,True,,2439,1783313251628,4402,QmPd7FL1akHQY92fmAnCsPGgoQXB5msWnC72Pa4Ym8A7LB,False
818,b2-fabric-b1-c4-r3,b2-fabric-b1-c4-r3-task-0082,fabric_post_task,True,,2422,1783313251646,9851,QmV9rgZvcZKU4rPzj6kpzY1dYdbWXgNxb8v7XJGh6yCSZk,False
819,b2-fabric-b1-c4-r3,b2-fabric-b1-c4-r3-task-0081,fabric_post_allocation,True,,2302,1783313254066,0,,False
820,b2-fabric-b1-c4-r3,b2-fabric-b1-c4-r3-task-0082,fabric_post_allocation,True,,2301,1783313254068,0,,False
821,b2-fabric-b1-c4-r3,b2-fabric-b1-c4-r3-task-0080,fabric_post_allocation,True,,2303,1783313254067,0,,False
822,b2-fabric-b1-c4-r3,b2-fabric-b1-c4-r3-task-0083,fabric_post_allocation,True,,2304,1783313254067,0,,False
823,b2-fabric-b1-c4-r3,b2-fabric-b1-c4-r3-task-0081,fabric_post_snapshot,True,,2248,1783313256368,0,,False
824,b2-fabric-b1-c4-r3,b2-fabric-b1-c4-r3-task-0080,fabric_post_snapshot,True,,2247,1783313256370,0,,False
825,b2-fabric-b1-c4-r3,b2-fabric-b1-c4-r3-task-0083,fabric_post_snapshot,True,,2247,1783313256371,0,,False
826,b2-fabric-b1-c4-r3,b2-fabric-b1-c4-r3-task-0082,fabric_post_snapshot,True,,2249,1783313256369,0,,False
827,b2-fabric-b1-c4-r3,b2-fabric-b1-c4-r3-task-0081,fabric_query_confirmation,True,,111,1783313258616,0,,False
828,b2-fabric-b1-c4-r3,b2-fabric-b1-c4-r3-task-0080,fabric_query_confirmation,True,,110,1783313258617,0,,False
829,b2-fabric-b1-c4-r3,b2-fabric-b1-c4-r3-task-0082,fabric_query_confirmation,True,,110,1783313258618,0,,False
830,b2-fabric-b1-c4-r3,b2-fabric-b1-c4-r3-task-0083,fabric_query_confirmation,True,,111,1783313258618,0,,False
831,b2-fabric-b1-c4-r3,b2-fabric-b1-c4-r3-task-0081,fabric_vote_1,True,,2258,1783313258727,0,,False
832,b2-fabric-b1-c4-r3,b2-fabric-b1-c4-r3-task-0082,fabric_vote_1,True,,2257,1783313258728,0,,False
833,b2-fabric-b1-c4-r3,b2-fabric-b1-c4-r3-task-0083,fabric_vote_1,True,,2257,1783313258729,0,,False
834,b2-fabric-b1-c4-r3,b2-fabric-b1-c4-r3-task-0080,fabric_vote_1,True,,2262,1783313258727,0,,False
835,b2-fabric-b1-c4-r3,b2-fabric-b1-c4-r3-task-0083,fabric_vote_2,True,,2479,1783313260986,0,,False
836,b2-fabric-b1-c4-r3,b2-fabric-b1-c4-r3-task-0081,fabric_vote_2,True,,2481,1783313260985,0,,False
837,b2-fabric-b1-c4-r3,b2-fabric-b1-c4-r3-task-0082,fabric_vote_2,True,,2482,1783313260985,0,,False
838,b2-fabric-b1-c4-r3,b2-fabric-b1-c4-r3-task-0080,fabric_vote_2,True,,2479,1783313260989,0,,False
839,b2-fabric-b1-c4-r3,b2-fabric-b1-c4-r3-task-0081,fabric_settlement,True,,1445,1783313263466,0,,False
840,b2-fabric-b1-c4-r3,b2-fabric-b1-c4-r3-task-0082,fabric_settlement,True,,1445,1783313263467,0,,False
841,b2-fabric-b1-c4-r3,b2-fabric-b1-c4-r3-task-0083,fabric_settlement,True,,1447,1783313263465,0,,False
842,b2-fabric-b1-c4-r3,b2-fabric-b1-c4-r3-task-0080,fabric_settlement,True,,1448,1783313263468,0,,False
843,b2-fabric-b1-c4-r3,b2-fabric-b1-c4-r3-task-0083,fabric_query_final,True,,627,1783313264912,0,,False
844,b2-fabric-b1-c4-r3,b2-fabric-b1-c4-r3-task-0080,fabric_query_final,True,,624,1783313264916,0,,False
845,b2-fabric-b1-c4-r3,b2-fabric-b1-c4-r3-task-0081,fabric_query_final,True,,629,1783313264912,0,,False
846,b2-fabric-b1-c4-r3,b2-fabric-b1-c4-r3-task-0080,ipfs_verify,True,,8,1783313265540,0,QmSoqaKbY1pzamSrK5gatTauBKmwAqCw92JyzZxyPFt8FW,False
847,b2-fabric-b1-c4-r3,b2-fabric-b1-c4-r3-task-0083,ipfs_verify,True,,11,1783313265539,0,QmPd7FL1akHQY92fmAnCsPGgoQXB5msWnC72Pa4Ym8A7LB,False
848,b2-fabric-b1-c4-r3,b2-fabric-b1-c4-r3-task-0081,ipfs_verify,True,,9,1783313265541,0,QmQhzdo79vLus2WbHD1UviAJSuaG18vFF57Yt3d5cS2s7M,False
849,b2-fabric-b1-c4-r3,b2-fabric-b1-c4-r3-task-0082,fabric_query_final,True,,674,1783313264912,0,,False
850,b2-fabric-b1-c4-r3,b2-fabric-b1-c4-r3-task-0082,ipfs_verify,True,,8,1783313265586,0,QmV9rgZvcZKU4rPzj6kpzY1dYdbWXgNxb8v7XJGh6yCSZk,False
851,b2-fabric-b1-c4-r3,b2-fabric-b1-c4-r3-task-0086,ipfs_add,True,,63,1783313265550,5003,,False
852,b2-fabric-b1-c4-r3,b2-fabric-b1-c4-r3-task-0085,ipfs_add,True,,79,1783313265550,5393,,False
853,b2-fabric-b1-c4-r3,b2-fabric-b1-c4-r3-task-0084,ipfs_add,True,,99,1783313265549,6840,,False
854,b2-fabric-b1-c4-r3,b2-fabric-b1-c4-r3-task-0087,ipfs_add,True,,72,1783313265594,2524,,False
855,b2-fabric-b1-c4-r3,b2-fabric-b1-c4-r3-task-0087,fabric_post_task,True,,2481,1783313265666,2524,QmaCUtHjnRyELCqbtZ1neE9rfnPpeXAWptbrgpbTV3gGcj,False
856,b2-fabric-b1-c4-r3,b2-fabric-b1-c4-r3-task-0084,fabric_post_task,True,,2502,1783313265648,6840,QmfAG7xP2UTe2HqMXVRZaRh4cF3StaCZniJqRpRTYFaeDM,False
857,b2-fabric-b1-c4-r3,b2-fabric-b1-c4-r3-task-0086,fabric_post_task,True,,2538,1783313265613,5003,QmUfeTTtpRKHWHGYM8kZeEDzEeTVbVYPN8syBVGcicKp1E,False
858,b2-fabric-b1-c4-r3,b2-fabric-b1-c4-r3-task-0085,fabric_post_task,True,,2522,1783313265629,5393,QmeUxU9Y8M556RrfUeDKwffgmyBADm96MQkeiAE978JMp4,False
859,b2-fabric-b1-c4-r3,b2-fabric-b1-c4-r3-task-0084,fabric_post_allocation,True,,2340,1783313268150,0,,False
860,b2-fabric-b1-c4-r3,b2-fabric-b1-c4-r3-task-0087,fabric_post_allocation,True,,2344,1783313268147,0,,False
861,b2-fabric-b1-c4-r3,b2-fabric-b1-c4-r3-task-0086,fabric_post_allocation,True,,2341,1783313268151,0,,False
862,b2-fabric-b1-c4-r3,b2-fabric-b1-c4-r3-task-0085,fabric_post_allocation,True,,2342,1783313268151,0,,False
863,b2-fabric-b1-c4-r3,b2-fabric-b1-c4-r3-task-0087,fabric_post_snapshot,True,,2438,1783313270491,0,,False
864,b2-fabric-b1-c4-r3,b2-fabric-b1-c4-r3-task-0085,fabric_post_snapshot,True,,2436,1783313270493,0,,False
865,b2-fabric-b1-c4-r3,b2-fabric-b1-c4-r3-task-0086,fabric_post_snapshot,True,,2438,1783313270492,0,,False
866,b2-fabric-b1-c4-r3,b2-fabric-b1-c4-r3-task-0084,fabric_post_snapshot,True,,2441,1783313270490,0,,False
867,b2-fabric-b1-c4-r3,b2-fabric-b1-c4-r3-task-0085,fabric_query_confirmation,True,,117,1783313272929,0,,False
868,b2-fabric-b1-c4-r3,b2-fabric-b1-c4-r3-task-0086,fabric_query_confirmation,True,,116,1783313272930,0,,False
869,b2-fabric-b1-c4-r3,b2-fabric-b1-c4-r3-task-0084,fabric_query_confirmation,True,,116,1783313272931,0,,False
870,b2-fabric-b1-c4-r3,b2-fabric-b1-c4-r3-task-0087,fabric_query_confirmation,True,,120,1783313272929,0,,False
871,b2-fabric-b1-c4-r3,b2-fabric-b1-c4-r3-task-0085,fabric_vote_1,True,,2440,1783313273046,0,,False
872,b2-fabric-b1-c4-r3,b2-fabric-b1-c4-r3-task-0087,fabric_vote_1,True,,2438,1783313273049,0,,False
873,b2-fabric-b1-c4-r3,b2-fabric-b1-c4-r3-task-0084,fabric_vote_1,True,,2441,1783313273047,0,,False
874,b2-fabric-b1-c4-r3,b2-fabric-b1-c4-r3-task-0086,fabric_vote_1,True,,2444,1783313273046,0,,False
875,b2-fabric-b1-c4-r3,b2-fabric-b1-c4-r3-task-0086,fabric_vote_2,True,,2642,1783313275490,0,,False
876,b2-fabric-b1-c4-r3,b2-fabric-b1-c4-r3-task-0084,fabric_vote_2,True,,2645,1783313275488,0,,False
877,b2-fabric-b1-c4-r3,b2-fabric-b1-c4-r3-task-0087,fabric_vote_2,True,,2647,1783313275487,0,,False
878,b2-fabric-b1-c4-r3,b2-fabric-b1-c4-r3-task-0085,fabric_vote_2,True,,2648,1783313275487,0,,False
879,b2-fabric-b1-c4-r3,b2-fabric-b1-c4-r3-task-0085,fabric_settlement,True,,2773,1783313278135,0,,False
880,b2-fabric-b1-c4-r3,b2-fabric-b1-c4-r3-task-0084,fabric_settlement,True,,2776,1783313278133,0,,False
881,b2-fabric-b1-c4-r3,b2-fabric-b1-c4-r3-task-0086,fabric_settlement,True,,2779,1783313278132,0,,False
882,b2-fabric-b1-c4-r3,b2-fabric-b1-c4-r3-task-0087,fabric_settlement,True,,2779,1783313278134,0,,False
883,b2-fabric-b1-c4-r3,b2-fabric-b1-c4-r3-task-0087,fabric_query_final,True,,739,1783313280913,0,,False
884,b2-fabric-b1-c4-r3,b2-fabric-b1-c4-r3-task-0084,fabric_query_final,True,,743,1783313280909,0,,False
885,b2-fabric-b1-c4-r3,b2-fabric-b1-c4-r3-task-0086,fabric_query_final,True,,743,1783313280911,0,,False
886,b2-fabric-b1-c4-r3,b2-fabric-b1-c4-r3-task-0085,fabric_query_final,True,,748,1783313280908,0,,False
887,b2-fabric-b1-c4-r3,b2-fabric-b1-c4-r3-task-0087,ipfs_verify,True,,7,1783313281652,0,QmaCUtHjnRyELCqbtZ1neE9rfnPpeXAWptbrgpbTV3gGcj,False
888,b2-fabric-b1-c4-r3,b2-fabric-b1-c4-r3-task-0086,ipfs_verify,True,,6,1783313281654,0,QmUfeTTtpRKHWHGYM8kZeEDzEeTVbVYPN8syBVGcicKp1E,False
889,b2-fabric-b1-c4-r3,b2-fabric-b1-c4-r3-task-0084,ipfs_verify,True,,9,1783313281652,0,QmfAG7xP2UTe2HqMXVRZaRh4cF3StaCZniJqRpRTYFaeDM,False
890,b2-fabric-b1-c4-r3,b2-fabric-b1-c4-r3-task-0085,ipfs_verify,True,,6,1783313281656,0,QmeUxU9Y8M556RrfUeDKwffgmyBADm96MQkeiAE978JMp4,False
891,b2-fabric-b1-c4-r3,b2-fabric-b1-c4-r3-task-0089,ipfs_add,True,,28,1783313281660,7941,,False
892,b2-fabric-b1-c4-r3,b2-fabric-b1-c4-r3-task-0088,ipfs_add,True,,44,1783313281660,6313,,False
893,b2-fabric-b1-c4-r3,b2-fabric-b1-c4-r3-task-0091,ipfs_add,True,,58,1783313281662,1951,,False
894,b2-fabric-b1-c4-r3,b2-fabric-b1-c4-r3-task-0090,ipfs_add,True,,75,1783313281661,6914,,False
895,b2-fabric-b1-c4-r3,b2-fabric-b1-c4-r3-task-0089,fabric_post_task,True,,2457,1783313281688,7941,QmVftiZx5cF23Q6fEY7jKzUu6HRmm42Q1XtHogR3LDyhCd,False
896,b2-fabric-b1-c4-r3,b2-fabric-b1-c4-r3-task-0090,fabric_post_task,True,,2411,1783313281736,6914,QmUFJ4iN46ZdBAqPuKeTPTjzJskJ6t9opLUxf3WHdGBRsp,False
897,b2-fabric-b1-c4-r3,b2-fabric-b1-c4-r3-task-0088,fabric_post_task,True,,2444,1783313281704,6313,QmUQTJ8LNhjew8dD5w4F6KUYvuRCsc5Joz6Pxfc2Ykcf3n,False
898,b2-fabric-b1-c4-r3,b2-fabric-b1-c4-r3-task-0091,fabric_post_task,True,,2428,1783313281720,1951,QmYv9mxEgFLjPUKuWCa4UJ2mudHV34x9WAJXvNME9guXYs,False
899,b2-fabric-b1-c4-r3,b2-fabric-b1-c4-r3-task-0089,fabric_post_allocation,True,,2305,1783313284145,0,,False
900,b2-fabric-b1-c4-r3,b2-fabric-b1-c4-r3-task-0091,fabric_post_allocation,True,,2303,1783313284148,0,,False
901,b2-fabric-b1-c4-r3,b2-fabric-b1-c4-r3-task-0090,fabric_post_allocation,True,,2305,1783313284147,0,,False
902,b2-fabric-b1-c4-r3,b2-fabric-b1-c4-r3-task-0088,fabric_post_allocation,True,,2305,1783313284148,0,,False
903,b2-fabric-b1-c4-r3,b2-fabric-b1-c4-r3-task-0089,fabric_post_snapshot,True,,2325,1783313286450,0,,False
904,b2-fabric-b1-c4-r3,b2-fabric-b1-c4-r3-task-0090,fabric_post_snapshot,True,,2324,1783313286452,0,,False
905,b2-fabric-b1-c4-r3,b2-fabric-b1-c4-r3-task-0088,fabric_post_snapshot,True,,2323,1783313286453,0,,False
906,b2-fabric-b1-c4-r3,b2-fabric-b1-c4-r3-task-0091,fabric_post_snapshot,True,,2327,1783313286451,0,,False
907,b2-fabric-b1-c4-r3,b2-fabric-b1-c4-r3-task-0090,fabric_query_confirmation,True,,310,1783313288776,0,,False
908,b2-fabric-b1-c4-r3,b2-fabric-b1-c4-r3-task-0091,fabric_query_confirmation,True,,309,1783313288778,0,,False
909,b2-fabric-b1-c4-r3,b2-fabric-b1-c4-r3-task-0089,fabric_query_confirmation,True,,312,1783313288775,0,,False
910,b2-fabric-b1-c4-r3,b2-fabric-b1-c4-r3-task-0088,fabric_query_confirmation,True,,313,1783313288776,0,,False
911,b2-fabric-b1-c4-r3,b2-fabric-b1-c4-r3-task-0090,fabric_vote_1,True,,2453,1783313289086,0,,False
912,b2-fabric-b1-c4-r3,b2-fabric-b1-c4-r3-task-0091,fabric_vote_1,True,,2453,1783313289087,0,,False
913,b2-fabric-b1-c4-r3,b2-fabric-b1-c4-r3-task-0088,fabric_vote_1,True,,2451,1783313289089,0,,False
914,b2-fabric-b1-c4-r3,b2-fabric-b1-c4-r3-task-0089,fabric_vote_1,True,,2455,1783313289087,0,,False
915,b2-fabric-b1-c4-r3,b2-fabric-b1-c4-r3-task-0091,fabric_vote_2,True,,2463,1783313291540,0,,False
916,b2-fabric-b1-c4-r3,b2-fabric-b1-c4-r3-task-0090,fabric_vote_2,True,,2465,1783313291539,0,,False
917,b2-fabric-b1-c4-r3,b2-fabric-b1-c4-r3-task-0089,fabric_vote_2,True,,2463,1783313291542,0,,False
918,b2-fabric-b1-c4-r3,b2-fabric-b1-c4-r3-task-0088,fabric_vote_2,True,,2466,1783313291540,0,,False
919,b2-fabric-b1-c4-r3,b2-fabric-b1-c4-r3-task-0090,fabric_settlement,True,,1445,1783313294004,0,,False
920,b2-fabric-b1-c4-r3,b2-fabric-b1-c4-r3-task-0088,fabric_settlement,True,,1443,1783313294006,0,,False
921,b2-fabric-b1-c4-r3,b2-fabric-b1-c4-r3-task-0091,fabric_settlement,True,,1447,1783313294003,0,,False
922,b2-fabric-b1-c4-r3,b2-fabric-b1-c4-r3-task-0089,fabric_settlement,True,,1447,1783313294005,0,,False
923,b2-fabric-b1-c4-r3,b2-fabric-b1-c4-r3-task-0088,fabric_query_final,True,,910,1783313295449,0,,False
924,b2-fabric-b1-c4-r3,b2-fabric-b1-c4-r3-task-0089,fabric_query_final,True,,908,1783313295452,0,,False
925,b2-fabric-b1-c4-r3,b2-fabric-b1-c4-r3-task-0091,fabric_query_final,True,,910,1783313295450,0,,False
926,b2-fabric-b1-c4-r3,b2-fabric-b1-c4-r3-task-0090,fabric_query_final,True,,915,1783313295449,0,,False
927,b2-fabric-b1-c4-r3,b2-fabric-b1-c4-r3-task-0088,ipfs_verify,True,,8,1783313296359,0,QmUQTJ8LNhjew8dD5w4F6KUYvuRCsc5Joz6Pxfc2Ykcf3n,False
928,b2-fabric-b1-c4-r3,b2-fabric-b1-c4-r3-task-0091,ipfs_verify,True,,7,1783313296360,0,QmYv9mxEgFLjPUKuWCa4UJ2mudHV34x9WAJXvNME9guXYs,False
929,b2-fabric-b1-c4-r3,b2-fabric-b1-c4-r3-task-0089,ipfs_verify,True,,8,1783313296360,0,QmVftiZx5cF23Q6fEY7jKzUu6HRmm42Q1XtHogR3LDyhCd,False
930,b2-fabric-b1-c4-r3,b2-fabric-b1-c4-r3-task-0090,ipfs_verify,True,,7,1783313296364,0,QmUFJ4iN46ZdBAqPuKeTPTjzJskJ6t9opLUxf3WHdGBRsp,False
931,b2-fabric-b1-c4-r3,b2-fabric-b1-c4-r3-task-0092,ipfs_add,True,,29,1783313296367,1493,,False
932,b2-fabric-b1-c4-r3,b2-fabric-b1-c4-r3-task-0093,ipfs_add,True,,46,1783313296367,2270,,False
933,b2-fabric-b1-c4-r3,b2-fabric-b1-c4-r3-task-0094,ipfs_add,True,,61,1783313296368,1639,,False
934,b2-fabric-b1-c4-r3,b2-fabric-b1-c4-r3-task-0095,ipfs_add,True,,74,1783313296371,1666,,False
935,b2-fabric-b1-c4-r3,b2-fabric-b1-c4-r3-task-0092,fabric_post_task,True,,2562,1783313296396,1493,QmXnhuyu5tzEEDxeWhdNGMapRsWVTkNn4G5PkDzHAKVv9Y,False
936,b2-fabric-b1-c4-r3,b2-fabric-b1-c4-r3-task-0095,fabric_post_task,True,,2514,1783313296445,1666,QmdSd9pjj1twsznRx6uZJeXFdtGiEY3Nn6QmQrPgRMBbaZ,False
937,b2-fabric-b1-c4-r3,b2-fabric-b1-c4-r3-task-0094,fabric_post_task,True,,2532,1783313296429,1639,Qmcoy7jVpQZts4qfhnY3Dq68TwHxh42aM1HD89yiYyLqXr,False
938,b2-fabric-b1-c4-r3,b2-fabric-b1-c4-r3-task-0093,fabric_post_task,True,,2548,1783313296413,2270,QmPvFCcsxh1cDhtjZSsbtn5uF81JA3vawovaWSBsW1MLDC,False
939,b2-fabric-b1-c4-r3,b2-fabric-b1-c4-r3-task-0092,fabric_post_allocation,True,,2323,1783313298958,0,,False
940,b2-fabric-b1-c4-r3,b2-fabric-b1-c4-r3-task-0095,fabric_post_allocation,True,,2323,1783313298959,0,,False
941,b2-fabric-b1-c4-r3,b2-fabric-b1-c4-r3-task-0094,fabric_post_allocation,True,,2321,1783313298961,0,,False
942,b2-fabric-b1-c4-r3,b2-fabric-b1-c4-r3-task-0093,fabric_post_allocation,True,,2324,1783313298961,0,,False
943,b2-fabric-b1-c4-r3,b2-fabric-b1-c4-r3-task-0093,fabric_post_snapshot,True,,2453,1783313301285,0,,False
944,b2-fabric-b1-c4-r3,b2-fabric-b1-c4-r3-task-0092,fabric_post_snapshot,True,,2458,1783313301281,0,,False
945,b2-fabric-b1-c4-r3,b2-fabric-b1-c4-r3-task-0094,fabric_post_snapshot,True,,2459,1783313301282,0,,False
946,b2-fabric-b1-c4-r3,b2-fabric-b1-c4-r3-task-0095,fabric_post_snapshot,True,,2460,1783313301282,0,,False
947,b2-fabric-b1-c4-r3,b2-fabric-b1-c4-r3-task-0094,fabric_query_confirmation,True,,317,1783313303741,0,,False
948,b2-fabric-b1-c4-r3,b2-fabric-b1-c4-r3-task-0093,fabric_query_confirmation,True,,321,1783313303738,0,,False
949,b2-fabric-b1-c4-r3,b2-fabric-b1-c4-r3-task-0095,fabric_query_confirmation,True,,318,1783313303742,0,,False
950,b2-fabric-b1-c4-r3,b2-fabric-b1-c4-r3-task-0092,fabric_query_confirmation,True,,323,1783313303739,0,,False
951,b2-fabric-b1-c4-r3,b2-fabric-b1-c4-r3-task-0092,fabric_vote_1,True,,2462,1783313304062,0,,False
952,b2-fabric-b1-c4-r3,b2-fabric-b1-c4-r3-task-0093,fabric_vote_1,True,,2467,1783313304059,0,,False
953,b2-fabric-b1-c4-r3,b2-fabric-b1-c4-r3-task-0094,fabric_vote_1,True,,2468,1783313304058,0,,False
954,b2-fabric-b1-c4-r3,b2-fabric-b1-c4-r3-task-0095,fabric_vote_1,True,,2467,1783313304060,0,,False
955,b2-fabric-b1-c4-r3,b2-fabric-b1-c4-r3-task-0094,fabric_vote_2,True,,2603,1783313306526,0,,False
956,b2-fabric-b1-c4-r3,b2-fabric-b1-c4-r3-task-0095,fabric_vote_2,True,,2602,1783313306527,0,,False
957,b2-fabric-b1-c4-r3,b2-fabric-b1-c4-r3-task-0093,fabric_vote_2,True,,2604,1783313306526,0,,False
958,b2-fabric-b1-c4-r3,b2-fabric-b1-c4-r3-task-0092,fabric_vote_2,True,,2606,1783313306524,0,,False
959,b2-fabric-b1-c4-r3,b2-fabric-b1-c4-r3-task-0095,fabric_settlement,True,,2281,1783313309129,0,,False
960,b2-fabric-b1-c4-r3,b2-fabric-b1-c4-r3-task-0094,fabric_settlement,True,,2281,1783313309129,0,,False
961,b2-fabric-b1-c4-r3,b2-fabric-b1-c4-r3-task-0092,fabric_settlement,True,,2281,1783313309130,0,,False
962,b2-fabric-b1-c4-r3,b2-fabric-b1-c4-r3-task-0093,fabric_settlement,True,,2282,1783313309130,0,,False
963,b2-fabric-b1-c4-r3,b2-fabric-b1-c4-r3-task-0093,fabric_query_final,True,,313,1783313311412,0,,False
964,b2-fabric-b1-c4-r3,b2-fabric-b1-c4-r3-task-0095,fabric_query_final,True,,315,1783313311410,0,,False
965,b2-fabric-b1-c4-r3,b2-fabric-b1-c4-r3-task-0092,fabric_query_final,True,,315,1783313311411,0,,False
966,b2-fabric-b1-c4-r3,b2-fabric-b1-c4-r3-task-0092,ipfs_verify,True,,6,1783313311726,0,QmXnhuyu5tzEEDxeWhdNGMapRsWVTkNn4G5PkDzHAKVv9Y,False
967,b2-fabric-b1-c4-r3,b2-fabric-b1-c4-r3-task-0095,ipfs_verify,True,,8,1783313311725,0,QmdSd9pjj1twsznRx6uZJeXFdtGiEY3Nn6QmQrPgRMBbaZ,False
968,b2-fabric-b1-c4-r3,b2-fabric-b1-c4-r3-task-0093,ipfs_verify,True,,8,1783313311725,0,QmPvFCcsxh1cDhtjZSsbtn5uF81JA3vawovaWSBsW1MLDC,False
969,b2-fabric-b1-c4-r3,b2-fabric-b1-c4-r3-task-0097,ipfs_add,True,,31,1783313311733,1649,,False
970,b2-fabric-b1-c4-r3,b2-fabric-b1-c4-r3-task-0098,ipfs_add,True,,47,1783313311733,3590,,False
971,b2-fabric-b1-c4-r3,b2-fabric-b1-c4-r3-task-0096,ipfs_add,True,,67,1783313311732,2843,,False
972,b2-fabric-b1-c4-r3,b2-fabric-b1-c4-r3-task-0094,fabric_query_final,True,,503,1783313311410,0,,False
973,b2-fabric-b1-c4-r3,b2-fabric-b1-c4-r3-task-0094,ipfs_verify,True,,7,1783313311913,0,Qmcoy7jVpQZts4qfhnY3Dq68TwHxh42aM1HD89yiYyLqXr,False
974,b2-fabric-b1-c4-r3,b2-fabric-b1-c4-r3-task-0099,ipfs_add,True,,63,1783313311921,3207,,False
975,b2-fabric-b1-c4-r3,b2-fabric-b1-c4-r3-task-0096,fabric_post_task,True,,2227,1783313311799,2843,QmXpJ5kFWD2okXAFe7urToABtqXCCNvN8itRWAGfao9xTz,False
976,b2-fabric-b1-c4-r3,b2-fabric-b1-c4-r3-task-0098,fabric_post_task,True,,2247,1783313311780,3590,QmZoaRAf2gEWbEjnaUCHcSduuDsYzeHrLqzszhQ2ULKfVV,False
977,b2-fabric-b1-c4-r3,b2-fabric-b1-c4-r3-task-0099,fabric_post_task,True,,2043,1783313311984,3207,QmUeEY5ZMsLVq5hCKHXEbov76UeSbY3avaFYh4SXuXhhrw,False
978,b2-fabric-b1-c4-r3,b2-fabric-b1-c4-r3-task-0097,fabric_post_task,True,,2264,1783313311764,1649,QmNX4bEbwRABibt5cFrusp6rKpTF22Q825H2qa5P9Az1hz,False
979,b2-fabric-b1-c4-r3,b2-fabric-b1-c4-r3-task-0098,fabric_post_allocation,True,,2316,1783313314027,0,,False
980,b2-fabric-b1-c4-r3,b2-fabric-b1-c4-r3-task-0097,fabric_post_allocation,True,,2315,1783313314028,0,,False
981,b2-fabric-b1-c4-r3,b2-fabric-b1-c4-r3-task-0099,fabric_post_allocation,True,,2317,1783313314027,0,,False
982,b2-fabric-b1-c4-r3,b2-fabric-b1-c4-r3-task-0096,fabric_post_allocation,True,,2318,1783313314026,0,,False
983,b2-fabric-b1-c4-r3,b2-fabric-b1-c4-r3-task-0096,fabric_post_snapshot,True,,2370,1783313316344,0,,False
984,b2-fabric-b1-c4-r3,b2-fabric-b1-c4-r3-task-0098,fabric_post_snapshot,True,,2372,1783313316343,0,,False
985,b2-fabric-b1-c4-r3,b2-fabric-b1-c4-r3-task-0097,fabric_post_snapshot,True,,2372,1783313316343,0,,False
986,b2-fabric-b1-c4-r3,b2-fabric-b1-c4-r3-task-0099,fabric_post_snapshot,True,,2374,1783313316344,0,,False
987,b2-fabric-b1-c4-r3,b2-fabric-b1-c4-r3-task-0098,fabric_query_confirmation,True,,305,1783313318715,0,,False
988,b2-fabric-b1-c4-r3,b2-fabric-b1-c4-r3-task-0097,fabric_query_confirmation,True,,305,1783313318715,0,,False
989,b2-fabric-b1-c4-r3,b2-fabric-b1-c4-r3-task-0096,fabric_query_confirmation,True,,307,1783313318714,0,,False
990,b2-fabric-b1-c4-r3,b2-fabric-b1-c4-r3-task-0099,fabric_query_confirmation,True,,304,1783313318718,0,,False
991,b2-fabric-b1-c4-r3,b2-fabric-b1-c4-r3-task-0096,fabric_vote_1,True,,2264,1783313319021,0,,False
992,b2-fabric-b1-c4-r3,b2-fabric-b1-c4-r3-task-0098,fabric_vote_1,True,,2266,1783313319020,0,,False
993,b2-fabric-b1-c4-r3,b2-fabric-b1-c4-r3-task-0097,fabric_vote_1,True,,2266,1783313319020,0,,False
994,b2-fabric-b1-c4-r3,b2-fabric-b1-c4-r3-task-0099,fabric_vote_1,True,,2266,1783313319022,0,,False
995,b2-fabric-b1-c4-r3,b2-fabric-b1-c4-r3-task-0099,fabric_vote_2,True,,2304,1783313321288,0,,False
996,b2-fabric-b1-c4-r3,b2-fabric-b1-c4-r3-task-0096,fabric_vote_2,True,,2308,1783313321285,0,,False
997,b2-fabric-b1-c4-r3,b2-fabric-b1-c4-r3-task-0097,fabric_vote_2,True,,2307,1783313321286,0,,False
998,b2-fabric-b1-c4-r3,b2-fabric-b1-c4-r3-task-0098,fabric_vote_2,True,,2310,1783313321286,0,,False
999,b2-fabric-b1-c4-r3,b2-fabric-b1-c4-r3-task-0097,fabric_settlement,True,,1641,1783313323593,0,,False
1000,b2-fabric-b1-c4-r3,b2-fabric-b1-c4-r3-task-0099,fabric_settlement,True,,1644,1783313323592,0,,False
1001,b2-fabric-b1-c4-r3,b2-fabric-b1-c4-r3-task-0098,fabric_settlement,True,,1640,1783313323596,0,,False
1002,b2-fabric-b1-c4-r3,b2-fabric-b1-c4-r3-task-0096,fabric_settlement,True,,1644,1783313323593,0,,False
1003,b2-fabric-b1-c4-r3,b2-fabric-b1-c4-r3-task-0097,fabric_query_final,True,,502,1783313325234,0,,False
1004,b2-fabric-b1-c4-r3,b2-fabric-b1-c4-r3-task-0099,fabric_query_final,True,,501,1783313325236,0,,False
1005,b2-fabric-b1-c4-r3,b2-fabric-b1-c4-r3-task-0098,fabric_query_final,True,,501,1783313325236,0,,False
1006,b2-fabric-b1-c4-r3,b2-fabric-b1-c4-r3-task-0096,fabric_query_final,True,,504,1783313325237,0,,False
1007,b2-fabric-b1-c4-r3,b2-fabric-b1-c4-r3-task-0098,ipfs_verify,True,,6,1783313325737,0,QmZoaRAf2gEWbEjnaUCHcSduuDsYzeHrLqzszhQ2ULKfVV,False
1008,b2-fabric-b1-c4-r3,b2-fabric-b1-c4-r3-task-0099,ipfs_verify,True,,7,1783313325737,0,QmUeEY5ZMsLVq5hCKHXEbov76UeSbY3avaFYh4SXuXhhrw,False
1009,b2-fabric-b1-c4-r3,b2-fabric-b1-c4-r3-task-0097,ipfs_verify,True,,8,1783313325737,0,QmNX4bEbwRABibt5cFrusp6rKpTF22Q825H2qa5P9Az1hz,False
1010,b2-fabric-b1-c4-r3,b2-fabric-b1-c4-r3-task-0096,ipfs_verify,True,,5,1783313325741,0,QmXpJ5kFWD2okXAFe7urToABtqXCCNvN8itRWAGfao9xTz,False
1011,b2-fabric-b1-c4-r3,b2-fabric-b1-c4-r3-task-0101,ipfs_add,True,,29,1783313325744,1874,,False
1012,b2-fabric-b1-c4-r3,b2-fabric-b1-c4-r3-task-0100,ipfs_add,True,,46,1783313325743,2945,,False
1013,b2-fabric-b1-c4-r3,b2-fabric-b1-c4-r3-task-0103,ipfs_add,True,,58,1783313325746,3139,,False
1014,b2-fabric-b1-c4-r3,b2-fabric-b1-c4-r3-task-0102,ipfs_add,True,,76,1783313325745,4429,,False
1015,b2-fabric-b1-c4-r3,b2-fabric-b1-c4-r3-task-0101,fabric_post_task,True,,2508,1783313325773,1874,QmcEMDBTMAr7MFk4NRejhz1qsW7piumtRhyZgqaAVxpA1P,False
1016,b2-fabric-b1-c4-r3,b2-fabric-b1-c4-r3-task-0103,fabric_post_task,True,,2480,1783313325804,3139,Qmc4xnckxk7qCTpwS2dEmtXtCM97x5nt65Euz3m5frq31g,False
1017,b2-fabric-b1-c4-r3,b2-fabric-b1-c4-r3-task-0102,fabric_post_task,True,,2464,1783313325821,4429,QmNZpWPb8zZGufRx9cTAqzT38jqs3J5Nju6aTffMo2mWMM,False
1018,b2-fabric-b1-c4-r3,b2-fabric-b1-c4-r3-task-0100,fabric_post_task,True,,2497,1783313325789,2945,QmYqpkcYraZDtetSGERMQ5ScFL6z1t9K48g7RtKw5Tvbyw,False
1019,b2-fabric-b1-c4-r3,b2-fabric-b1-c4-r3-task-0102,fabric_post_allocation,True,,2296,1783313328285,0,,False
1020,b2-fabric-b1-c4-r3,b2-fabric-b1-c4-r3-task-0101,fabric_post_allocation,True,,2300,1783313328282,0,,False
1021,b2-fabric-b1-c4-r3,b2-fabric-b1-c4-r3-task-0100,fabric_post_allocation,True,,2297,1783313328286,0,,False
1022,b2-fabric-b1-c4-r3,b2-fabric-b1-c4-r3-task-0103,fabric_post_allocation,True,,2299,1783313328285,0,,False
1023,b2-fabric-b1-c4-r3,b2-fabric-b1-c4-r3-task-0103,fabric_post_snapshot,True,,2537,1783313330584,0,,False
1024,b2-fabric-b1-c4-r3,b2-fabric-b1-c4-r3-task-0100,fabric_post_snapshot,True,,2539,1783313330583,0,,False
1025,b2-fabric-b1-c4-r3,b2-fabric-b1-c4-r3-task-0101,fabric_post_snapshot,True,,2540,1783313330582,0,,False
1026,b2-fabric-b1-c4-r3,b2-fabric-b1-c4-r3-task-0102,fabric_post_snapshot,True,,2543,1783313330581,0,,False
1027,b2-fabric-b1-c4-r3,b2-fabric-b1-c4-r3-task-0100,fabric_query_confirmation,True,,111,1783313333122,0,,False
1028,b2-fabric-b1-c4-r3,b2-fabric-b1-c4-r3-task-0103,fabric_query_confirmation,True,,112,1783313333121,0,,False
1029,b2-fabric-b1-c4-r3,b2-fabric-b1-c4-r3-task-0101,fabric_query_confirmation,True,,111,1783313333122,0,,False
1030,b2-fabric-b1-c4-r3,b2-fabric-b1-c4-r3-task-0102,fabric_query_confirmation,True,,157,1783313333124,0,,False
1031,b2-fabric-b1-c4-r3,b2-fabric-b1-c4-r3-task-0103,fabric_vote_1,True,,2243,1783313333233,0,,False
1032,b2-fabric-b1-c4-r3,b2-fabric-b1-c4-r3-task-0100,fabric_vote_1,True,,2243,1783313333233,0,,False
1033,b2-fabric-b1-c4-r3,b2-fabric-b1-c4-r3-task-0102,fabric_vote_1,True,,2196,1783313333281,0,,False
1034,b2-fabric-b1-c4-r3,b2-fabric-b1-c4-r3-task-0101,fabric_vote_1,True,,2246,1783313333233,0,,False
1035,b2-fabric-b1-c4-r3,b2-fabric-b1-c4-r3-task-0103,fabric_vote_2,True,,2785,1783313335476,0,,False
1036,b2-fabric-b1-c4-r3,b2-fabric-b1-c4-r3-task-0101,fabric_vote_2,True,,2782,1783313335479,0,,False
1037,b2-fabric-b1-c4-r3,b2-fabric-b1-c4-r3-task-0102,fabric_vote_2,True,,2785,1783313335477,0,,False
1038,b2-fabric-b1-c4-r3,b2-fabric-b1-c4-r3-task-0100,fabric_vote_2,True,,2787,1783313335476,0,,False
1039,b2-fabric-b1-c4-r3,b2-fabric-b1-c4-r3-task-0103,fabric_settlement,True,,2275,1783313338261,0,,False
1040,b2-fabric-b1-c4-r3,b2-fabric-b1-c4-r3-task-0101,fabric_settlement,True,,2275,1783313338261,0,,False
1041,b2-fabric-b1-c4-r3,b2-fabric-b1-c4-r3-task-0100,fabric_settlement,True,,2274,1783313338263,0,,False
1042,b2-fabric-b1-c4-r3,b2-fabric-b1-c4-r3-task-0102,fabric_settlement,True,,2277,1783313338262,0,,False
1043,b2-fabric-b1-c4-r3,b2-fabric-b1-c4-r3-task-0103,fabric_query_final,True,,701,1783313340536,0,,False
1044,b2-fabric-b1-c4-r3,b2-fabric-b1-c4-r3-task-0101,fabric_query_final,True,,702,1783313340536,0,,False
1045,b2-fabric-b1-c4-r3,b2-fabric-b1-c4-r3-task-0100,fabric_query_final,True,,702,1783313340537,0,,False
1046,b2-fabric-b1-c4-r3,b2-fabric-b1-c4-r3-task-0102,fabric_query_final,True,,702,1783313340539,0,,False
1047,b2-fabric-b1-c4-r3,b2-fabric-b1-c4-r3-task-0103,ipfs_verify,True,,7,1783313341237,0,Qmc4xnckxk7qCTpwS2dEmtXtCM97x5nt65Euz3m5frq31g,False
1048,b2-fabric-b1-c4-r3,b2-fabric-b1-c4-r3-task-0101,ipfs_verify,True,,6,1783313341238,0,QmcEMDBTMAr7MFk4NRejhz1qsW7piumtRhyZgqaAVxpA1P,False
1049,b2-fabric-b1-c4-r3,b2-fabric-b1-c4-r3-task-0100,ipfs_verify,True,,7,1783313341239,0,QmYqpkcYraZDtetSGERMQ5ScFL6z1t9K48g7RtKw5Tvbyw,False
1050,b2-fabric-b1-c4-r3,b2-fabric-b1-c4-r3-task-0102,ipfs_verify,True,,6,1783313341241,0,QmNZpWPb8zZGufRx9cTAqzT38jqs3J5Nju6aTffMo2mWMM,False
1051,b2-fabric-b1-c4-r3,b2-fabric-b1-c4-r3-task-0104,ipfs_add,True,,26,1783313341244,2386,,False
1052,b2-fabric-b1-c4-r3,b2-fabric-b1-c4-r3-task-0105,ipfs_add,True,,41,1783313341245,1811,,False
1053,b2-fabric-b1-c4-r3,b2-fabric-b1-c4-r3-task-0107,ipfs_add,True,,64,1783313341247,1574,,False
1054,b2-fabric-b1-c4-r3,b2-fabric-b1-c4-r3-task-0106,ipfs_add,True,,82,1783313341246,2561,,False
1055,b2-fabric-b1-c4-r3,b2-fabric-b1-c4-r3-task-0105,fabric_post_task,True,,2544,1783313341286,1811,QmeCN824YLFxhs6KPZdvcJ1YLRBL2KDGosFsYoMEvLrqvu,False
1056,b2-fabric-b1-c4-r3,b2-fabric-b1-c4-r3-task-0107,fabric_post_task,True,,2520,1783313341311,1574,QmRupjhdCiNmsSv9JCRZ7Adv2HjXu13WhkMdY6ZAUYj3p5,False
1057,b2-fabric-b1-c4-r3,b2-fabric-b1-c4-r3-task-0106,fabric_post_task,True,,2505,1783313341328,2561,QmQpT2pSYN1xnsKEAYYzR7wpihutiAWCLX46Wag6nTE83B,False
1058,b2-fabric-b1-c4-r3,b2-fabric-b1-c4-r3-task-0104,fabric_post_task,True,,2564,1783313341270,2386,Qme3dLUfvZ5b63FixxsTuqwxwjVCFs2b8ADm8Kvk2U2qwP,False
1059,b2-fabric-b1-c4-r3,b2-fabric-b1-c4-r3-task-0104,fabric_post_allocation,True,,2298,1783313343834,0,,False
1060,b2-fabric-b1-c4-r3,b2-fabric-b1-c4-r3-task-0107,fabric_post_allocation,True,,2301,1783313343831,0,,False
1061,b2-fabric-b1-c4-r3,b2-fabric-b1-c4-r3-task-0105,fabric_post_allocation,True,,2302,1783313343830,0,,False
1062,b2-fabric-b1-c4-r3,b2-fabric-b1-c4-r3-task-0106,fabric_post_allocation,True,,2303,1783313343833,0,,False
1063,b2-fabric-b1-c4-r3,b2-fabric-b1-c4-r3-task-0105,fabric_post_snapshot,True,,2460,1783313346132,0,,False
1064,b2-fabric-b1-c4-r3,b2-fabric-b1-c4-r3-task-0106,fabric_post_snapshot,True,,2457,1783313346136,0,,False
1065,b2-fabric-b1-c4-r3,b2-fabric-b1-c4-r3-task-0104,fabric_post_snapshot,True,,2462,1783313346132,0,,False
1066,b2-fabric-b1-c4-r3,b2-fabric-b1-c4-r3-task-0107,fabric_post_snapshot,True,,2465,1783313346132,0,,False
1067,b2-fabric-b1-c4-r3,b2-fabric-b1-c4-r3-task-0105,fabric_query_confirmation,True,,319,1783313348592,0,,False
1068,b2-fabric-b1-c4-r3,b2-fabric-b1-c4-r3-task-0106,fabric_query_confirmation,True,,319,1783313348593,0,,False
1069,b2-fabric-b1-c4-r3,b2-fabric-b1-c4-r3-task-0107,fabric_query_confirmation,True,,315,1783313348597,0,,False
1070,b2-fabric-b1-c4-r3,b2-fabric-b1-c4-r3-task-0104,fabric_query_confirmation,True,,320,1783313348594,0,,False
1071,b2-fabric-b1-c4-r3,b2-fabric-b1-c4-r3-task-0104,fabric_vote_1,True,,2461,1783313348914,0,,False
1072,b2-fabric-b1-c4-r3,b2-fabric-b1-c4-r3-task-0105,fabric_vote_1,True,,2466,1783313348911,0,,False
1073,b2-fabric-b1-c4-r3,b2-fabric-b1-c4-r3-task-0106,fabric_vote_1,True,,2465,1783313348912,0,,False
1074,b2-fabric-b1-c4-r3,b2-fabric-b1-c4-r3-task-0107,fabric_vote_1,True,,2467,1783313348912,0,,False
1075,b2-fabric-b1-c4-r3,b2-fabric-b1-c4-r3-task-0105,fabric_vote_2,True,,1634,1783313351377,0,,False
1076,b2-fabric-b1-c4-r3,b2-fabric-b1-c4-r3-task-0107,fabric_vote_2,True,,1633,1783313351379,0,,False
1077,b2-fabric-b1-c4-r3,b2-fabric-b1-c4-r3-task-0104,fabric_vote_2,True,,1637,1783313351375,0,,False
1078,b2-fabric-b1-c4-r3,b2-fabric-b1-c4-r3-task-0106,fabric_vote_2,True,,1637,1783313351377,0,,False
1079,b2-fabric-b1-c4-r3,b2-fabric-b1-c4-r3-task-0107,fabric_settlement,True,,2490,1783313353012,0,,False
1080,b2-fabric-b1-c4-r3,b2-fabric-b1-c4-r3-task-0104,fabric_settlement,True,,2491,1783313353012,0,,False
1081,b2-fabric-b1-c4-r3,b2-fabric-b1-c4-r3-task-0105,fabric_settlement,True,,2492,1783313353011,0,,False
1082,b2-fabric-b1-c4-r3,b2-fabric-b1-c4-r3-task-0106,fabric_settlement,True,,2493,1783313353014,0,,False
1083,b2-fabric-b1-c4-r3,b2-fabric-b1-c4-r3-task-0105,fabric_query_final,True,,523,1783313355503,0,,False
1084,b2-fabric-b1-c4-r3,b2-fabric-b1-c4-r3-task-0106,fabric_query_final,True,,519,1783313355507,0,,False
1085,b2-fabric-b1-c4-r3,b2-fabric-b1-c4-r3-task-0104,fabric_query_final,True,,523,1783313355503,0,,False
1086,b2-fabric-b1-c4-r3,b2-fabric-b1-c4-r3-task-0107,fabric_query_final,True,,527,1783313355502,0,,False
1087,b2-fabric-b1-c4-r3,b2-fabric-b1-c4-r3-task-0105,ipfs_verify,True,,6,1783313356026,0,QmeCN824YLFxhs6KPZdvcJ1YLRBL2KDGosFsYoMEvLrqvu,False
1088,b2-fabric-b1-c4-r3,b2-fabric-b1-c4-r3-task-0106,ipfs_verify,True,,7,1783313356026,0,QmQpT2pSYN1xnsKEAYYzR7wpihutiAWCLX46Wag6nTE83B,False
1089,b2-fabric-b1-c4-r3,b2-fabric-b1-c4-r3-task-0104,ipfs_verify,True,,7,1783313356026,0,Qme3dLUfvZ5b63FixxsTuqwxwjVCFs2b8ADm8Kvk2U2qwP,False
1090,b2-fabric-b1-c4-r3,b2-fabric-b1-c4-r3-task-0107,ipfs_verify,True,,6,1783313356029,0,QmRupjhdCiNmsSv9JCRZ7Adv2HjXu13WhkMdY6ZAUYj3p5,False
1091,b2-fabric-b1-c4-r3,b2-fabric-b1-c4-r3-task-0109,ipfs_add,True,,30,1783313356033,1914,,False
1092,b2-fabric-b1-c4-r3,b2-fabric-b1-c4-r3-task-0110,ipfs_add,True,,44,1783313356034,1468,,False
1093,b2-fabric-b1-c4-r3,b2-fabric-b1-c4-r3-task-0108,ipfs_add,True,,62,1783313356032,1359,,False
1094,b2-fabric-b1-c4-r3,b2-fabric-b1-c4-r3-task-0111,ipfs_add,True,,75,1783313356035,1486,,False
1095,b2-fabric-b1-c4-r3,b2-fabric-b1-c4-r3-task-0108,fabric_post_task,True,,2405,1783313356094,1359,QmZZqy6hSeEaVGJcieqsrZVeztXme75mBRRsw2ZBiEVxze,False
1096,b2-fabric-b1-c4-r3,b2-fabric-b1-c4-r3-task-0110,fabric_post_task,True,,2421,1783313356078,1468,QmYdNPvQFsdXFQa7hym9WZ3ACL8dS3nT2z6E7NU9T2QPtY,False
1097,b2-fabric-b1-c4-r3,b2-fabric-b1-c4-r3-task-0111,fabric_post_task,True,,2390,1783313356110,1486,QmayJynjkMacRcqFDbnuYugxcbsQqHFTjbXCeD8Z8namKr,False
1098,b2-fabric-b1-c4-r3,b2-fabric-b1-c4-r3-task-0109,fabric_post_task,True,,2440,1783313356063,1914,QmPEDBMMbuCpx7HLnDJ23QuLxzYuyd7P4wwLKNZcfCQeou,False
1099,b2-fabric-b1-c4-r3,b2-fabric-b1-c4-r3-task-0111,fabric_post_allocation,True,,2542,1783313358500,0,,False
1100,b2-fabric-b1-c4-r3,b2-fabric-b1-c4-r3-task-0110,fabric_post_allocation,True,,2544,1783313358500,0,,False
1101,b2-fabric-b1-c4-r3,b2-fabric-b1-c4-r3-task-0108,fabric_post_allocation,True,,2546,1783313358499,0,,False
1102,b2-fabric-b1-c4-r3,b2-fabric-b1-c4-r3-task-0109,fabric_post_allocation,True,,2542,1783313358503,0,,False
1103,b2-fabric-b1-c4-r3,b2-fabric-b1-c4-r3-task-0111,fabric_post_snapshot,True,,2260,1783313361042,0,,False
1104,b2-fabric-b1-c4-r3,b2-fabric-b1-c4-r3-task-0109,fabric_post_snapshot,True,,2258,1783313361045,0,,False
1105,b2-fabric-b1-c4-r3,b2-fabric-b1-c4-r3-task-0110,fabric_post_snapshot,True,,2259,1783313361044,0,,False
1106,b2-fabric-b1-c4-r3,b2-fabric-b1-c4-r3-task-0108,fabric_post_snapshot,True,,2260,1783313361045,0,,False
1107,b2-fabric-b1-c4-r3,b2-fabric-b1-c4-r3-task-0109,fabric_query_confirmation,True,,303,1783313363303,0,,False
1108,b2-fabric-b1-c4-r3,b2-fabric-b1-c4-r3-task-0111,fabric_query_confirmation,True,,305,1783313363302,0,,False
1109,b2-fabric-b1-c4-r3,b2-fabric-b1-c4-r3-task-0110,fabric_query_confirmation,True,,304,1783313363303,0,,False
1110,b2-fabric-b1-c4-r3,b2-fabric-b1-c4-r3-task-0108,fabric_query_confirmation,True,,303,1783313363305,0,,False
1111,b2-fabric-b1-c4-r3,b2-fabric-b1-c4-r3-task-0110,fabric_vote_1,True,,2247,1783313363607,0,,False
1112,b2-fabric-b1-c4-r3,b2-fabric-b1-c4-r3-task-0108,fabric_vote_1,True,,2246,1783313363608,0,,False
1113,b2-fabric-b1-c4-r3,b2-fabric-b1-c4-r3-task-0111,fabric_vote_1,True,,2248,1783313363607,0,,False
1114,b2-fabric-b1-c4-r3,b2-fabric-b1-c4-r3-task-0109,fabric_vote_1,True,,2251,1783313363606,0,,False
1115,b2-fabric-b1-c4-r3,b2-fabric-b1-c4-r3-task-0109,fabric_vote_2,True,,2737,1783313365857,0,,False
1116,b2-fabric-b1-c4-r3,b2-fabric-b1-c4-r3-task-0111,fabric_vote_2,True,,2741,1783313365855,0,,False
1117,b2-fabric-b1-c4-r3,b2-fabric-b1-c4-r3-task-0110,fabric_vote_2,True,,2742,1783313365854,0,,False
1118,b2-fabric-b1-c4-r3,b2-fabric-b1-c4-r3-task-0108,fabric_vote_2,True,,2742,1783313365854,0,,False
1119,b2-fabric-b1-c4-r3,b2-fabric-b1-c4-r3-task-0109,fabric_settlement,True,,2291,1783313368594,0,,False
1120,b2-fabric-b1-c4-r3,b2-fabric-b1-c4-r3-task-0110,fabric_settlement,True,,2290,1783313368596,0,,False
1121,b2-fabric-b1-c4-r3,b2-fabric-b1-c4-r3-task-0111,fabric_settlement,True,,2291,1783313368596,0,,False
1122,b2-fabric-b1-c4-r3,b2-fabric-b1-c4-r3-task-0108,fabric_settlement,True,,2291,1783313368596,0,,False
1123,b2-fabric-b1-c4-r3,b2-fabric-b1-c4-r3-task-0111,fabric_query_final,True,,516,1783313370887,0,,False
1124,b2-fabric-b1-c4-r3,b2-fabric-b1-c4-r3-task-0109,fabric_query_final,True,,519,1783313370885,0,,False
1125,b2-fabric-b1-c4-r3,b2-fabric-b1-c4-r3-task-0108,fabric_query_final,True,,517,1783313370887,0,,False
1126,b2-fabric-b1-c4-r3,b2-fabric-b1-c4-r3-task-0110,fabric_query_final,True,,520,1783313370886,0,,False
1127,b2-fabric-b1-c4-r3,b2-fabric-b1-c4-r3-task-0109,ipfs_verify,True,,6,1783313371404,0,QmPEDBMMbuCpx7HLnDJ23QuLxzYuyd7P4wwLKNZcfCQeou,False
1128,b2-fabric-b1-c4-r3,b2-fabric-b1-c4-r3-task-0108,ipfs_verify,True,,7,1783313371404,0,QmZZqy6hSeEaVGJcieqsrZVeztXme75mBRRsw2ZBiEVxze,False
1129,b2-fabric-b1-c4-r3,b2-fabric-b1-c4-r3-task-0110,ipfs_verify,True,,5,1783313371406,0,QmYdNPvQFsdXFQa7hym9WZ3ACL8dS3nT2z6E7NU9T2QPtY,False
1130,b2-fabric-b1-c4-r3,b2-fabric-b1-c4-r3-task-0111,ipfs_verify,True,,8,1783313371403,0,QmayJynjkMacRcqFDbnuYugxcbsQqHFTjbXCeD8Z8namKr,False
1131,b2-fabric-b1-c4-r3,b2-fabric-b1-c4-r3-task-0113,ipfs_add,True,,70,1783313371411,4766,,False
1132,b2-fabric-b1-c4-r3,b2-fabric-b1-c4-r3-task-0112,ipfs_add,True,,87,1783313371410,5135,,False
1133,b2-fabric-b1-c4-r3,b2-fabric-b1-c4-r3-task-0115,ipfs_add,True,,102,1783313371411,2635,,False
1134,b2-fabric-b1-c4-r3,b2-fabric-b1-c4-r3-task-0114,ipfs_add,True,,118,1783313371411,2458,,False
1135,b2-fabric-b1-c4-r3,b2-fabric-b1-c4-r3-task-0112,fabric_post_task,True,,2439,1783313371497,5135,QmZTL4eW5hkumUyYeoedLXa2XWBWSX7WLRmm3kBgrvtRta,False
1136,b2-fabric-b1-c4-r3,b2-fabric-b1-c4-r3-task-0114,fabric_post_task,True,,2409,1783313371529,2458,Qma7TSawbLY7JCkagGsqyq5TKbNQrHnAHkXGU7KmTPbqNN,False
1137,b2-fabric-b1-c4-r3,b2-fabric-b1-c4-r3-task-0115,fabric_post_task,True,,2426,1783313371513,2635,Qma9XmC6B4RUGteeGsz2AKqR24nBDfvvDDZwxigq29cfeA,False
1138,b2-fabric-b1-c4-r3,b2-fabric-b1-c4-r3-task-0113,fabric_post_task,True,,2460,1783313371481,4766,QmSnXYpjm45y1HovE7atHSayP63uxu2Taj3HG6S4aa6fLe,False
1139,b2-fabric-b1-c4-r3,b2-fabric-b1-c4-r3-task-0115,fabric_post_allocation,True,,2327,1783313373939,0,,False
1140,b2-fabric-b1-c4-r3,b2-fabric-b1-c4-r3-task-0113,fabric_post_allocation,True,,2326,1783313373941,0,,False
1141,b2-fabric-b1-c4-r3,b2-fabric-b1-c4-r3-task-0112,fabric_post_allocation,True,,2332,1783313373936,0,,False
1142,b2-fabric-b1-c4-r3,b2-fabric-b1-c4-r3-task-0114,fabric_post_allocation,True,,2332,1783313373938,0,,False
1143,b2-fabric-b1-c4-r3,b2-fabric-b1-c4-r3-task-0113,fabric_post_snapshot,True,,2442,1783313376267,0,,False
1144,b2-fabric-b1-c4-r3,b2-fabric-b1-c4-r3-task-0112,fabric_post_snapshot,True,,2442,1783313376268,0,,False
1145,b2-fabric-b1-c4-r3,b2-fabric-b1-c4-r3-task-0115,fabric_post_snapshot,True,,2445,1783313376266,0,,False
1146,b2-fabric-b1-c4-r3,b2-fabric-b1-c4-r3-task-0114,fabric_post_snapshot,True,,2442,1783313376270,0,,False
1147,b2-fabric-b1-c4-r3,b2-fabric-b1-c4-r3-task-0115,fabric_query_confirmation,True,,110,1783313378711,0,,False
1148,b2-fabric-b1-c4-r3,b2-fabric-b1-c4-r3-task-0112,fabric_query_confirmation,True,,112,1783313378710,0,,False
1149,b2-fabric-b1-c4-r3,b2-fabric-b1-c4-r3-task-0113,fabric_query_confirmation,True,,113,1783313378709,0,,False
1150,b2-fabric-b1-c4-r3,b2-fabric-b1-c4-r3-task-0114,fabric_query_confirmation,True,,110,1783313378712,0,,False
1151,b2-fabric-b1-c4-r3,b2-fabric-b1-c4-r3-task-0115,fabric_vote_1,True,,2238,1783313378821,0,,False
1152,b2-fabric-b1-c4-r3,b2-fabric-b1-c4-r3-task-0112,fabric_vote_1,True,,2238,1783313378822,0,,False
1153,b2-fabric-b1-c4-r3,b2-fabric-b1-c4-r3-task-0113,fabric_vote_1,True,,2239,1783313378822,0,,False
1154,b2-fabric-b1-c4-r3,b2-fabric-b1-c4-r3-task-0114,fabric_vote_1,True,,2240,1783313378822,0,,False
1155,b2-fabric-b1-c4-r3,b2-fabric-b1-c4-r3-task-0114,fabric_vote_2,True,,1385,1783313381062,0,,False
1156,b2-fabric-b1-c4-r3,b2-fabric-b1-c4-r3-task-0113,fabric_vote_2,True,,1386,1783313381061,0,,False
1157,b2-fabric-b1-c4-r3,b2-fabric-b1-c4-r3-task-0115,fabric_vote_2,True,,1388,1783313381059,0,,False
1158,b2-fabric-b1-c4-r3,b2-fabric-b1-c4-r3-task-0112,fabric_vote_2,True,,1392,1783313381060,0,,False
1159,b2-fabric-b1-c4-r3,b2-fabric-b1-c4-r3-task-0115,fabric_settlement,True,,2530,1783313382447,0,,False
1160,b2-fabric-b1-c4-r3,b2-fabric-b1-c4-r3-task-0112,fabric_settlement,True,,2527,1783313382452,0,,False
1161,b2-fabric-b1-c4-r3,b2-fabric-b1-c4-r3-task-0114,fabric_settlement,True,,2533,1783313382447,0,,False
1162,b2-fabric-b1-c4-r3,b2-fabric-b1-c4-r3-task-0113,fabric_settlement,True,,2533,1783313382447,0,,False
1163,b2-fabric-b1-c4-r3,b2-fabric-b1-c4-r3-task-0114,fabric_query_final,True,,349,1783313384980,0,,False
1164,b2-fabric-b1-c4-r3,b2-fabric-b1-c4-r3-task-0115,fabric_query_final,True,,353,1783313384977,0,,False
1165,b2-fabric-b1-c4-r3,b2-fabric-b1-c4-r3-task-0113,fabric_query_final,True,,350,1783313384980,0,,False
1166,b2-fabric-b1-c4-r3,b2-fabric-b1-c4-r3-task-0112,fabric_query_final,True,,355,1783313384979,0,,False
1167,b2-fabric-b1-c4-r3,b2-fabric-b1-c4-r3-task-0115,ipfs_verify,True,,7,1783313385330,0,Qma9XmC6B4RUGteeGsz2AKqR24nBDfvvDDZwxigq29cfeA,False
1168,b2-fabric-b1-c4-r3,b2-fabric-b1-c4-r3-task-0113,ipfs_verify,True,,8,1783313385330,0,QmSnXYpjm45y1HovE7atHSayP63uxu2Taj3HG6S4aa6fLe,False
1169,b2-fabric-b1-c4-r3,b2-fabric-b1-c4-r3-task-0114,ipfs_verify,True,,9,1783313385329,0,Qma7TSawbLY7JCkagGsqyq5TKbNQrHnAHkXGU7KmTPbqNN,False
1170,b2-fabric-b1-c4-r3,b2-fabric-b1-c4-r3-task-0112,ipfs_verify,True,,6,1783313385334,0,QmZTL4eW5hkumUyYeoedLXa2XWBWSX7WLRmm3kBgrvtRta,False
1171,b2-fabric-b1-c4-r3,b2-fabric-b1-c4-r3-task-0116,ipfs_add,True,,27,1783313385337,4456,,False
1172,b2-fabric-b1-c4-r3,b2-fabric-b1-c4-r3-task-0118,ipfs_add,True,,41,1783313385338,4013,,False
1173,b2-fabric-b1-c4-r3,b2-fabric-b1-c4-r3-task-0117,ipfs_add,True,,58,1783313385338,2547,,False
1174,b2-fabric-b1-c4-r3,b2-fabric-b1-c4-r3-task-0119,ipfs_add,True,,72,1783313385341,4895,,False
1175,b2-fabric-b1-c4-r3,b2-fabric-b1-c4-r3-task-0119,fabric_post_task,True,,2406,1783313385413,4895,QmS8grZr8V1jUVspi4mAGU2GS5MHVKC3yUBsy7aQszAoNe,False
1176,b2-fabric-b1-c4-r3,b2-fabric-b1-c4-r3-task-0117,fabric_post_task,True,,2424,1783313385396,2547,QmXDQtx3geYo8PJ2SMzx1hAd7UVXRuUHhfKDP8gxpWugpu,False
1177,b2-fabric-b1-c4-r3,b2-fabric-b1-c4-r3-task-0118,fabric_post_task,True,,2442,1783313385379,4013,QmUp6JMhmHCN1XhJbSgJKuqgcUi5RcanQaaL5Hru6z8S4Q,False
1178,b2-fabric-b1-c4-r3,b2-fabric-b1-c4-r3-task-0116,fabric_post_task,True,,2460,1783313385364,4456,QmcWhQm9LyFEHK6Y6cGHfAC2N6UZ5aeiyCpaBr9ty1evkK,False
1179,b2-fabric-b1-c4-r3,b2-fabric-b1-c4-r3-task-0119,fabric_post_allocation,True,,2505,1783313387819,0,,False
1180,b2-fabric-b1-c4-r3,b2-fabric-b1-c4-r3-task-0118,fabric_post_allocation,True,,2503,1783313387821,0,,False
1181,b2-fabric-b1-c4-r3,b2-fabric-b1-c4-r3-task-0117,fabric_post_allocation,True,,2505,1783313387820,0,,False
1182,b2-fabric-b1-c4-r3,b2-fabric-b1-c4-r3-task-0116,fabric_post_allocation,True,,2504,1783313387824,0,,False
1183,b2-fabric-b1-c4-r3,b2-fabric-b1-c4-r3-task-0116,fabric_post_snapshot,True,,2461,1783313390328,0,,False
1184,b2-fabric-b1-c4-r3,b2-fabric-b1-c4-r3-task-0117,fabric_post_snapshot,True,,2468,1783313390325,0,,False
1185,b2-fabric-b1-c4-r3,b2-fabric-b1-c4-r3-task-0118,fabric_post_snapshot,True,,2469,1783313390324,0,,False
1186,b2-fabric-b1-c4-r3,b2-fabric-b1-c4-r3-task-0119,fabric_post_snapshot,True,,2470,1783313390324,0,,False
1187,b2-fabric-b1-c4-r3,b2-fabric-b1-c4-r3-task-0119,fabric_query_confirmation,True,,129,1783313392794,0,,False
1188,b2-fabric-b1-c4-r3,b2-fabric-b1-c4-r3-task-0116,fabric_query_confirmation,True,,134,1783313392789,0,,False
1189,b2-fabric-b1-c4-r3,b2-fabric-b1-c4-r3-task-0118,fabric_query_confirmation,True,,130,1783313392793,0,,False
1190,b2-fabric-b1-c4-r3,b2-fabric-b1-c4-r3-task-0117,fabric_query_confirmation,True,,133,1783313392793,0,,False
1191,b2-fabric-b1-c4-r3,b2-fabric-b1-c4-r3-task-0119,fabric_vote_1,True,,2526,1783313392923,0,,False
1192,b2-fabric-b1-c4-r3,b2-fabric-b1-c4-r3-task-0116,fabric_vote_1,True,,2527,1783313392923,0,,False
1193,b2-fabric-b1-c4-r3,b2-fabric-b1-c4-r3-task-0118,fabric_vote_1,True,,2529,1783313392923,0,,False
1194,b2-fabric-b1-c4-r3,b2-fabric-b1-c4-r3-task-0117,fabric_vote_1,True,,2526,1783313392926,0,,False
1195,b2-fabric-b1-c4-r3,b2-fabric-b1-c4-r3-task-0117,fabric_vote_2,True,,2595,1783313395452,0,,False
1196,b2-fabric-b1-c4-r3,b2-fabric-b1-c4-r3-task-0119,fabric_vote_2,True,,2598,1783313395449,0,,False
1197,b2-fabric-b1-c4-r3,b2-fabric-b1-c4-r3-task-0118,fabric_vote_2,True,,2596,1783313395452,0,,False
1198,b2-fabric-b1-c4-r3,b2-fabric-b1-c4-r3-task-0116,fabric_vote_2,True,,2600,1783313395450,0,,False
1199,b2-fabric-b1-c4-r3,b2-fabric-b1-c4-r3-task-0119,fabric_settlement,True,,2285,1783313398047,0,,False
1200,b2-fabric-b1-c4-r3,b2-fabric-b1-c4-r3-task-0116,fabric_settlement,True,,2283,1783313398050,0,,False
1201,b2-fabric-b1-c4-r3,b2-fabric-b1-c4-r3-task-0117,fabric_settlement,True,,2286,1783313398047,0,,False
1202,b2-fabric-b1-c4-r3,b2-fabric-b1-c4-r3-task-0118,fabric_settlement,True,,2286,1783313398048,0,,False
1203,b2-fabric-b1-c4-r3,b2-fabric-b1-c4-r3-task-0117,fabric_query_final,True,,711,1783313400333,0,,False
1204,b2-fabric-b1-c4-r3,b2-fabric-b1-c4-r3-task-0116,fabric_query_final,True,,712,1783313400333,0,,False
1205,b2-fabric-b1-c4-r3,b2-fabric-b1-c4-r3-task-0118,fabric_query_final,True,,712,1783313400334,0,,False
1206,b2-fabric-b1-c4-r3,b2-fabric-b1-c4-r3-task-0119,fabric_query_final,True,,717,1783313400332,0,,False
1207,b2-fabric-b1-c4-r3,b2-fabric-b1-c4-r3-task-0118,ipfs_verify,True,,6,1783313401046,0,QmUp6JMhmHCN1XhJbSgJKuqgcUi5RcanQaaL5Hru6z8S4Q,False
1208,b2-fabric-b1-c4-r3,b2-fabric-b1-c4-r3-task-0116,ipfs_verify,True,,7,1783313401045,0,QmcWhQm9LyFEHK6Y6cGHfAC2N6UZ5aeiyCpaBr9ty1evkK,False
1209,b2-fabric-b1-c4-r3,b2-fabric-b1-c4-r3-task-0117,ipfs_verify,True,,9,1783313401044,0,QmXDQtx3geYo8PJ2SMzx1hAd7UVXRuUHhfKDP8gxpWugpu,False
1210,b2-fabric-b1-c4-r3,b2-fabric-b1-c4-r3-task-0119,ipfs_verify,True,,6,1783313401049,0,QmS8grZr8V1jUVspi4mAGU2GS5MHVKC3yUBsy7aQszAoNe,False
1211,b2-fabric-b1-c4-r3,b2-fabric-b1-c4-r3-task-0120,ipfs_add,True,,120,1783313401052,7055,,False
1212,b2-fabric-b1-c4-r3,b2-fabric-b1-c4-r3-task-0121,ipfs_add,True,,151,1783313401052,4778,,False
1213,b2-fabric-b1-c4-r3,b2-fabric-b1-c4-r3-task-0123,ipfs_add,True,,163,1783313401056,9648,,False
1214,b2-fabric-b1-c4-r3,b2-fabric-b1-c4-r3-task-0122,ipfs_add,True,,167,1783313401053,5117,,False
1215,b2-fabric-b1-c4-r3,b2-fabric-b1-c4-r3-task-0120,fabric_post_task,True,,2444,1783313401172,7055,QmcCwWQBqZ6738sqSyuLRWTxPt6Qtc8U1RvhvPAW1oWkkW,False
1216,b2-fabric-b1-c4-r3,b2-fabric-b1-c4-r3-task-0122,fabric_post_task,True,,2397,1783313401220,5117,QmXUXcH529nakix9U15cpEidT2HourhoUQvG7aoS3dLkEG,False
1217,b2-fabric-b1-c4-r3,b2-fabric-b1-c4-r3-task-0123,fabric_post_task,True,,2399,1783313401219,9648,QmUDRUxNR3wiggGYgdFqXj9FiZaoAXkrjj2gf4wreybMnY,False
1218,b2-fabric-b1-c4-r3,b2-fabric-b1-c4-r3-task-0121,fabric_post_task,True,,2418,1783313401203,4778,QmamWwWGyFXDPTzs47NnXQaDJCnKmJNML2uLgwtA49YMHU,False
1219,b2-fabric-b1-c4-r3,b2-fabric-b1-c4-r3-task-0122,fabric_post_allocation,True,,2544,1783313403617,0,,False
1220,b2-fabric-b1-c4-r3,b2-fabric-b1-c4-r3-task-0120,fabric_post_allocation,True,,2546,1783313403616,0,,False
1221,b2-fabric-b1-c4-r3,b2-fabric-b1-c4-r3-task-0121,fabric_post_allocation,True,,2541,1783313403621,0,,False
1222,b2-fabric-b1-c4-r3,b2-fabric-b1-c4-r3-task-0123,fabric_post_allocation,True,,2547,1783313403618,0,,False
1223,b2-fabric-b1-c4-r3,b2-fabric-b1-c4-r3-task-0121,fabric_post_snapshot,True,,2565,1783313406162,0,,False
1224,b2-fabric-b1-c4-r3,b2-fabric-b1-c4-r3-task-0120,fabric_post_snapshot,True,,2566,1783313406162,0,,False
1225,b2-fabric-b1-c4-r3,b2-fabric-b1-c4-r3-task-0123,fabric_post_snapshot,True,,2564,1783313406165,0,,False
1226,b2-fabric-b1-c4-r3,b2-fabric-b1-c4-r3-task-0122,fabric_post_snapshot,True,,2568,1783313406161,0,,False
1227,b2-fabric-b1-c4-r3,b2-fabric-b1-c4-r3-task-0122,fabric_query_confirmation,True,,113,1783313408729,0,,False
1228,b2-fabric-b1-c4-r3,b2-fabric-b1-c4-r3-task-0121,fabric_query_confirmation,True,,115,1783313408727,0,,False
1229,b2-fabric-b1-c4-r3,b2-fabric-b1-c4-r3-task-0120,fabric_query_confirmation,True,,114,1783313408728,0,,False
1230,b2-fabric-b1-c4-r3,b2-fabric-b1-c4-r3-task-0123,fabric_query_confirmation,True,,116,1783313408729,0,,False
1231,b2-fabric-b1-c4-r3,b2-fabric-b1-c4-r3-task-0122,fabric_vote_1,True,,2470,1783313408842,0,,False
1232,b2-fabric-b1-c4-r3,b2-fabric-b1-c4-r3-task-0120,fabric_vote_1,True,,2471,1783313408842,0,,False
1233,b2-fabric-b1-c4-r3,b2-fabric-b1-c4-r3-task-0121,fabric_vote_1,True,,2472,1783313408842,0,,False
1234,b2-fabric-b1-c4-r3,b2-fabric-b1-c4-r3-task-0123,fabric_vote_1,True,,2469,1783313408845,0,,False
1235,b2-fabric-b1-c4-r3,b2-fabric-b1-c4-r3-task-0120,fabric_vote_2,True,,1421,1783313411313,0,,False
1236,b2-fabric-b1-c4-r3,b2-fabric-b1-c4-r3-task-0123,fabric_vote_2,True,,1420,1783313411314,0,,False
1237,b2-fabric-b1-c4-r3,b2-fabric-b1-c4-r3-task-0121,fabric_vote_2,True,,1421,1783313411314,0,,False
1238,b2-fabric-b1-c4-r3,b2-fabric-b1-c4-r3-task-0122,fabric_vote_2,True,,1423,1783313411312,0,,False
1239,b2-fabric-b1-c4-r3,b2-fabric-b1-c4-r3-task-0121,fabric_settlement,True,,2285,1783313412735,0,,False
1240,b2-fabric-b1-c4-r3,b2-fabric-b1-c4-r3-task-0122,fabric_settlement,True,,2286,1783313412735,0,,False
1241,b2-fabric-b1-c4-r3,b2-fabric-b1-c4-r3-task-0120,fabric_settlement,True,,2287,1783313412734,0,,False
1242,b2-fabric-b1-c4-r3,b2-fabric-b1-c4-r3-task-0123,fabric_settlement,True,,2290,1783313412734,0,,False
1243,b2-fabric-b1-c4-r3,b2-fabric-b1-c4-r3-task-0120,fabric_query_final,True,,735,1783313415021,0,,False
1244,b2-fabric-b1-c4-r3,b2-fabric-b1-c4-r3-task-0122,fabric_query_final,True,,736,1783313415021,0,,False
1245,b2-fabric-b1-c4-r3,b2-fabric-b1-c4-r3-task-0121,fabric_query_final,True,,737,1783313415020,0,,False
1246,b2-fabric-b1-c4-r3,b2-fabric-b1-c4-r3-task-0123,fabric_query_final,True,,736,1783313415024,0,,False
1247,b2-fabric-b1-c4-r3,b2-fabric-b1-c4-r3-task-0120,ipfs_verify,True,,7,1783313415756,0,QmcCwWQBqZ6738sqSyuLRWTxPt6Qtc8U1RvhvPAW1oWkkW,False
1248,b2-fabric-b1-c4-r3,b2-fabric-b1-c4-r3-task-0122,ipfs_verify,True,,7,1783313415757,0,QmXUXcH529nakix9U15cpEidT2HourhoUQvG7aoS3dLkEG,False
1249,b2-fabric-b1-c4-r3,b2-fabric-b1-c4-r3-task-0121,ipfs_verify,True,,8,1783313415757,0,QmamWwWGyFXDPTzs47NnXQaDJCnKmJNML2uLgwtA49YMHU,False
1250,b2-fabric-b1-c4-r3,b2-fabric-b1-c4-r3-task-0123,ipfs_verify,True,,7,1783313415760,0,QmUDRUxNR3wiggGYgdFqXj9FiZaoAXkrjj2gf4wreybMnY,False
1251,b2-fabric-b1-c4-r3,b2-fabric-b1-c4-r3-task-0124,ipfs_add,True,,32,1783313415764,10193,,False
1252,b2-fabric-b1-c4-r3,b2-fabric-b1-c4-r3-task-0126,ipfs_add,True,,47,1783313415765,3991,,False
1253,b2-fabric-b1-c4-r3,b2-fabric-b1-c4-r3-task-0125,ipfs_add,True,,64,1783313415764,3206,,False
1254,b2-fabric-b1-c4-r3,b2-fabric-b1-c4-r3-task-0127,ipfs_add,True,,78,1783313415767,3969,,False
1255,b2-fabric-b1-c4-r3,b2-fabric-b1-c4-r3-task-0127,fabric_post_task,True,,2411,1783313415845,3969,QmNxQCkAaLmLFLMatMwgJb5bdva2owFTE2JpVTzuEA6pnQ,False
1256,b2-fabric-b1-c4-r3,b2-fabric-b1-c4-r3-task-0126,fabric_post_task,True,,2445,1783313415812,3991,QmPtdsowq8zmmDRQ1z7WASkkcgXTNTYdCxgN5vM5mEmQKU,False
1257,b2-fabric-b1-c4-r3,b2-fabric-b1-c4-r3-task-0124,fabric_post_task,True,,2462,1783313415796,10193,QmdN3kmV8Nauo2ypczxkgeUDFa3J43mcbGqcZVtUsrbPFC,False
1258,b2-fabric-b1-c4-r3,b2-fabric-b1-c4-r3-task-0125,fabric_post_task,True,,2431,1783313415828,3206,QmWe76Fc6xMc7UE2TtXhWtuzFokCa6FcSgWL6dg6i6SRfJ,False
1259,b2-fabric-b1-c4-r3,b2-fabric-b1-c4-r3-task-0125,fabric_post_allocation,True,,2318,1783313418259,0,,False
1260,b2-fabric-b1-c4-r3,b2-fabric-b1-c4-r3-task-0127,fabric_post_allocation,True,,2321,1783313418256,0,,False
1261,b2-fabric-b1-c4-r3,b2-fabric-b1-c4-r3-task-0126,fabric_post_allocation,True,,2322,1783313418257,0,,False
1262,b2-fabric-b1-c4-r3,b2-fabric-b1-c4-r3-task-0124,fabric_post_allocation,True,,2324,1783313418258,0,,False
1263,b2-fabric-b1-c4-r3,b2-fabric-b1-c4-r3-task-0127,fabric_post_snapshot,True,,2454,1783313420577,0,,False
1264,b2-fabric-b1-c4-r3,b2-fabric-b1-c4-r3-task-0126,fabric_post_snapshot,True,,2453,1783313420579,0,,False
1265,b2-fabric-b1-c4-r3,b2-fabric-b1-c4-r3-task-0125,fabric_post_snapshot,True,,2455,1783313420577,0,,False
1266,b2-fabric-b1-c4-r3,b2-fabric-b1-c4-r3-task-0124,fabric_post_snapshot,True,,2452,1783313420582,0,,False
1267,b2-fabric-b1-c4-r3,b2-fabric-b1-c4-r3-task-0124,fabric_query_confirmation,True,,329,1783313423034,0,,False
1268,b2-fabric-b1-c4-r3,b2-fabric-b1-c4-r3-task-0125,fabric_query_confirmation,True,,331,1783313423032,0,,False
1269,b2-fabric-b1-c4-r3,b2-fabric-b1-c4-r3-task-0126,fabric_query_confirmation,True,,332,1783313423032,0,,False
1270,b2-fabric-b1-c4-r3,b2-fabric-b1-c4-r3-task-0127,fabric_query_confirmation,True,,335,1783313423031,0,,False
1271,b2-fabric-b1-c4-r3,b2-fabric-b1-c4-r3-task-0126,fabric_vote_1,True,,2492,1783313423364,0,,False
1272,b2-fabric-b1-c4-r3,b2-fabric-b1-c4-r3-task-0124,fabric_vote_1,True,,2494,1783313423363,0,,False
1273,b2-fabric-b1-c4-r3,b2-fabric-b1-c4-r3-task-0127,fabric_vote_1,True,,2492,1783313423366,0,,False
1274,b2-fabric-b1-c4-r3,b2-fabric-b1-c4-r3-task-0125,fabric_vote_1,True,,2496,1783313423363,0,,False
1275,b2-fabric-b1-c4-r3,b2-fabric-b1-c4-r3-task-0126,fabric_vote_2,True,,2598,1783313425856,0,,False
1276,b2-fabric-b1-c4-r3,b2-fabric-b1-c4-r3-task-0124,fabric_vote_2,True,,2598,1783313425857,0,,False
1277,b2-fabric-b1-c4-r3,b2-fabric-b1-c4-r3-task-0127,fabric_vote_2,True,,2597,1783313425858,0,,False
1278,b2-fabric-b1-c4-r3,b2-fabric-b1-c4-r3-task-0125,fabric_vote_2,True,,2599,1783313425859,0,,False
1279,b2-fabric-b1-c4-r3,b2-fabric-b1-c4-r3-task-0125,fabric_settlement,True,,2495,1783313428458,0,,False
1280,b2-fabric-b1-c4-r3,b2-fabric-b1-c4-r3-task-0124,fabric_settlement,True,,2499,1783313428455,0,,False
1281,b2-fabric-b1-c4-r3,b2-fabric-b1-c4-r3-task-0127,fabric_settlement,True,,2499,1783313428455,0,,False
1282,b2-fabric-b1-c4-r3,b2-fabric-b1-c4-r3-task-0126,fabric_settlement,True,,2502,1783313428454,0,,False
1283,b2-fabric-b1-c4-r3,b2-fabric-b1-c4-r3-task-0127,fabric_query_final,True,,895,1783313430954,0,,False
1284,b2-fabric-b1-c4-r3,b2-fabric-b1-c4-r3-task-0126,fabric_query_final,True,,894,1783313430956,0,,False
1285,b2-fabric-b1-c4-r3,b2-fabric-b1-c4-r3-task-0125,fabric_query_final,True,,898,1783313430953,0,,False
1286,b2-fabric-b1-c4-r3,b2-fabric-b1-c4-r3-task-0124,fabric_query_final,True,,900,1783313430954,0,,False
1287,b2-fabric-b1-c4-r3,b2-fabric-b1-c4-r3-task-0127,ipfs_verify,True,,8,1783313431849,0,QmNxQCkAaLmLFLMatMwgJb5bdva2owFTE2JpVTzuEA6pnQ,False
1288,b2-fabric-b1-c4-r3,b2-fabric-b1-c4-r3-task-0126,ipfs_verify,True,,8,1783313431850,0,QmPtdsowq8zmmDRQ1z7WASkkcgXTNTYdCxgN5vM5mEmQKU,False
1289,b2-fabric-b1-c4-r3,b2-fabric-b1-c4-r3-task-0125,ipfs_verify,True,,7,1783313431851,0,QmWe76Fc6xMc7UE2TtXhWtuzFokCa6FcSgWL6dg6i6SRfJ,False
1290,b2-fabric-b1-c4-r3,b2-fabric-b1-c4-r3-task-0124,ipfs_verify,True,,7,1783313431854,0,QmdN3kmV8Nauo2ypczxkgeUDFa3J43mcbGqcZVtUsrbPFC,False
1291,b2-fabric-b1-c4-r3,b2-fabric-b1-c4-r3-task-0130,ipfs_add,True,,31,1783313431859,5421,,False
1292,b2-fabric-b1-c4-r3,b2-fabric-b1-c4-r3-task-0128,ipfs_add,True,,52,1783313431857,5323,,False
1293,b2-fabric-b1-c4-r3,b2-fabric-b1-c4-r3-task-0129,ipfs_add,True,,70,1783313431858,6435,,False
1294,b2-fabric-b1-c4-r3,b2-fabric-b1-c4-r3-task-0131,ipfs_add,True,,83,1783313431862,5219,,False
1295,b2-fabric-b1-c4-r3,b2-fabric-b1-c4-r3-task-0129,fabric_post_task,True,,2462,1783313431928,6435,QmRdeeEenQRgmkxSMK2mGyLCkKoN4YhqNwubfvJSfxYpPa,False
1296,b2-fabric-b1-c4-r3,b2-fabric-b1-c4-r3-task-0131,fabric_post_task,True,,2447,1783313431945,5219,QmZj7xUMfzrxW16za1Jy2ZVd3iayZXWvUsAREvSyZuRbVu,False
1297,b2-fabric-b1-c4-r3,b2-fabric-b1-c4-r3-task-0128,fabric_post_task,True,,2484,1783313431909,5323,QmQos5pRc9wxqep7nncifrFotxQs5uTEqHL3FeTHYErDSa,False
1298,b2-fabric-b1-c4-r3,b2-fabric-b1-c4-r3-task-0130,fabric_post_task,True,,2503,1783313431890,5421,QmasDoPun8NvohoPkm66UZpwkaJFFvmh8hCVDMoxGk7S7Z,False
1299,b2-fabric-b1-c4-r3,b2-fabric-b1-c4-r3-task-0128,fabric_post_allocation,True,,2309,1783313434393,0,,False
1300,b2-fabric-b1-c4-r3,b2-fabric-b1-c4-r3-task-0131,fabric_post_allocation,True,,2312,1783313434392,0,,False
1301,b2-fabric-b1-c4-r3,b2-fabric-b1-c4-r3-task-0130,fabric_post_allocation,True,,2311,1783313434393,0,,False
1302,b2-fabric-b1-c4-r3,b2-fabric-b1-c4-r3-task-0129,fabric_post_allocation,True,,2316,1783313434390,0,,False
1303,b2-fabric-b1-c4-r3,b2-fabric-b1-c4-r3-task-0129,fabric_post_snapshot,True,,2444,1783313436706,0,,False
1304,b2-fabric-b1-c4-r3,b2-fabric-b1-c4-r3-task-0130,fabric_post_snapshot,True,,2447,1783313436704,0,,False
1305,b2-fabric-b1-c4-r3,b2-fabric-b1-c4-r3-task-0131,fabric_post_snapshot,True,,2447,1783313436704,0,,False
1306,b2-fabric-b1-c4-r3,b2-fabric-b1-c4-r3-task-0128,fabric_post_snapshot,True,,2454,1783313436703,0,,False
1307,b2-fabric-b1-c4-r3,b2-fabric-b1-c4-r3-task-0128,fabric_query_confirmation,True,,313,1783313439157,0,,False
1308,b2-fabric-b1-c4-r3,b2-fabric-b1-c4-r3-task-0129,fabric_query_confirmation,True,,320,1783313439150,0,,False
1309,b2-fabric-b1-c4-r3,b2-fabric-b1-c4-r3-task-0130,fabric_query_confirmation,True,,320,1783313439151,0,,False
1310,b2-fabric-b1-c4-r3,b2-fabric-b1-c4-r3-task-0131,fabric_query_confirmation,True,,323,1783313439151,0,,False
1311,b2-fabric-b1-c4-r3,b2-fabric-b1-c4-r3-task-0130,fabric_vote_1,True,,1594,1783313439471,0,,False
1312,b2-fabric-b1-c4-r3,b2-fabric-b1-c4-r3-task-0128,fabric_vote_1,True,,1595,1783313439470,0,,False
1313,b2-fabric-b1-c4-r3,b2-fabric-b1-c4-r3-task-0129,fabric_vote_1,True,,1596,1783313439470,0,,False
1314,b2-fabric-b1-c4-r3,b2-fabric-b1-c4-r3-task-0131,fabric_vote_1,True,,1594,1783313439474,0,,False
1315,b2-fabric-b1-c4-r3,b2-fabric-b1-c4-r3-task-0130,fabric_vote_2,True,,2441,1783313441065,0,,False
1316,b2-fabric-b1-c4-r3,b2-fabric-b1-c4-r3-task-0129,fabric_vote_2,True,,2441,1783313441066,0,,False
1317,b2-fabric-b1-c4-r3,b2-fabric-b1-c4-r3-task-0128,fabric_vote_2,True,,2443,1783313441065,0,,False
1318,b2-fabric-b1-c4-r3,b2-fabric-b1-c4-r3-task-0131,fabric_vote_2,True,,2440,1783313441068,0,,False
1319,b2-fabric-b1-c4-r3,b2-fabric-b1-c4-r3-task-0130,fabric_settlement,True,,2292,1783313443506,0,,False
1320,b2-fabric-b1-c4-r3,b2-fabric-b1-c4-r3-task-0128,fabric_settlement,True,,2290,1783313443508,0,,False
1321,b2-fabric-b1-c4-r3,b2-fabric-b1-c4-r3-task-0131,fabric_settlement,True,,2290,1783313443508,0,,False
1322,b2-fabric-b1-c4-r3,b2-fabric-b1-c4-r3-task-0129,fabric_settlement,True,,2292,1783313443507,0,,False
1323,b2-fabric-b1-c4-r3,b2-fabric-b1-c4-r3-task-0131,fabric_query_final,True,,329,1783313445798,0,,False
1324,b2-fabric-b1-c4-r3,b2-fabric-b1-c4-r3-task-0128,fabric_query_final,True,,329,1783313445798,0,,False
1325,b2-fabric-b1-c4-r3,b2-fabric-b1-c4-r3-task-0130,fabric_query_final,True,,330,1783313445798,0,,False
1326,b2-fabric-b1-c4-r3,b2-fabric-b1-c4-r3-task-0130,ipfs_verify,True,,6,1783313446128,0,QmasDoPun8NvohoPkm66UZpwkaJFFvmh8hCVDMoxGk7S7Z,False
1327,b2-fabric-b1-c4-r3,b2-fabric-b1-c4-r3-task-0128,ipfs_verify,True,,8,1783313446127,0,QmQos5pRc9wxqep7nncifrFotxQs5uTEqHL3FeTHYErDSa,False
1328,b2-fabric-b1-c4-r3,b2-fabric-b1-c4-r3-task-0131,ipfs_verify,True,,9,1783313446127,0,QmZj7xUMfzrxW16za1Jy2ZVd3iayZXWvUsAREvSyZuRbVu,False
1329,b2-fabric-b1-c4-r3,b2-fabric-b1-c4-r3-task-0132,ipfs_add,True,,39,1783313446135,5599,,False
1330,b2-fabric-b1-c4-r3,b2-fabric-b1-c4-r3-task-0134,ipfs_add,True,,58,1783313446136,5569,,False
1331,b2-fabric-b1-c4-r3,b2-fabric-b1-c4-r3-task-0133,ipfs_add,True,,77,1783313446135,4372,,False
1332,b2-fabric-b1-c4-r3,b2-fabric-b1-c4-r3-task-0129,fabric_query_final,True,,506,1783313445799,0,,False
1333,b2-fabric-b1-c4-r3,b2-fabric-b1-c4-r3-task-0129,ipfs_verify,True,,6,1783313446306,0,QmRdeeEenQRgmkxSMK2mGyLCkKoN4YhqNwubfvJSfxYpPa,False
1334,b2-fabric-b1-c4-r3,b2-fabric-b1-c4-r3-task-0135,ipfs_add,True,,33,1783313446313,6297,,False
1335,b2-fabric-b1-c4-r3,b2-fabric-b1-c4-r3-task-0135,fabric_post_task,True,,2087,1783313446346,6297,QmRgs6w8r3X2JvyiVmXrFPnc5Whw1EhTnEw6iDRUTAKBSq,False
1336,b2-fabric-b1-c4-r3,b2-fabric-b1-c4-r3-task-0132,fabric_post_task,True,,2260,1783313446174,5599,QmYCBqE2NteLr9sLnHjbiStJeVErpKho8QFCw7417W1UW7,False
1337,b2-fabric-b1-c4-r3,b2-fabric-b1-c4-r3-task-0134,fabric_post_task,True,,2240,1783313446194,5569,QmPW1qU3hoUSoGbD2KjbwxVen41kGxev6EBjJ6zmEFnCrD,False
1338,b2-fabric-b1-c4-r3,b2-fabric-b1-c4-r3-task-0133,fabric_post_task,True,,2226,1783313446212,4372,QmV9gx3VUoqhkXRkzRD7hEPhbZz6mSJ82UTFrCpLh1TD3b,False
1339,b2-fabric-b1-c4-r3,b2-fabric-b1-c4-r3-task-0135,fabric_post_allocation,True,,2521,1783313448433,0,,False
1340,b2-fabric-b1-c4-r3,b2-fabric-b1-c4-r3-task-0134,fabric_post_allocation,True,,2521,1783313448434,0,,False
1341,b2-fabric-b1-c4-r3,b2-fabric-b1-c4-r3-task-0132,fabric_post_allocation,True,,2522,1783313448434,0,,False
1342,b2-fabric-b1-c4-r3,b2-fabric-b1-c4-r3-task-0133,fabric_post_allocation,True,,2519,1783313448438,0,,False
1343,b2-fabric-b1-c4-r3,b2-fabric-b1-c4-r3-task-0135,fabric_post_snapshot,True,,2259,1783313450955,0,,False
1344,b2-fabric-b1-c4-r3,b2-fabric-b1-c4-r3-task-0133,fabric_post_snapshot,True,,2257,1783313450957,0,,False
1345,b2-fabric-b1-c4-r3,b2-fabric-b1-c4-r3-task-0132,fabric_post_snapshot,True,,2259,1783313450956,0,,False
1346,b2-fabric-b1-c4-r3,b2-fabric-b1-c4-r3-task-0134,fabric_post_snapshot,True,,2262,1783313450955,0,,False
1347,b2-fabric-b1-c4-r3,b2-fabric-b1-c4-r3-task-0135,fabric_query_confirmation,True,,318,1783313453214,0,,False
1348,b2-fabric-b1-c4-r3,b2-fabric-b1-c4-r3-task-0133,fabric_query_confirmation,True,,319,1783313453214,0,,False
1349,b2-fabric-b1-c4-r3,b2-fabric-b1-c4-r3-task-0134,fabric_query_confirmation,True,,316,1783313453217,0,,False
1350,b2-fabric-b1-c4-r3,b2-fabric-b1-c4-r3-task-0132,fabric_query_confirmation,True,,320,1783313453215,0,,False
1351,b2-fabric-b1-c4-r3,b2-fabric-b1-c4-r3-task-0132,fabric_vote_1,True,,2787,1783313453535,0,,False
1352,b2-fabric-b1-c4-r3,b2-fabric-b1-c4-r3-task-0133,fabric_vote_1,True,,2790,1783313453533,0,,False
1353,b2-fabric-b1-c4-r3,b2-fabric-b1-c4-r3-task-0135,fabric_vote_1,True,,2792,1783313453532,0,,False
1354,b2-fabric-b1-c4-r3,b2-fabric-b1-c4-r3-task-0134,fabric_vote_1,True,,2790,1783313453534,0,,False
1355,b2-fabric-b1-c4-r3,b2-fabric-b1-c4-r3-task-0135,fabric_vote_2,True,,2242,1783313456324,0,,False
1356,b2-fabric-b1-c4-r3,b2-fabric-b1-c4-r3-task-0133,fabric_vote_2,True,,2243,1783313456323,0,,False
1357,b2-fabric-b1-c4-r3,b2-fabric-b1-c4-r3-task-0134,fabric_vote_2,True,,2243,1783313456324,0,,False
1358,b2-fabric-b1-c4-r3,b2-fabric-b1-c4-r3-task-0132,fabric_vote_2,True,,2249,1783313456322,0,,False
1359,b2-fabric-b1-c4-r3,b2-fabric-b1-c4-r3-task-0133,fabric_settlement,True,,2486,1783313458566,0,,False
1360,b2-fabric-b1-c4-r3,b2-fabric-b1-c4-r3-task-0135,fabric_settlement,True,,2487,1783313458566,0,,False
1361,b2-fabric-b1-c4-r3,b2-fabric-b1-c4-r3-task-0132,fabric_settlement,True,,2483,1783313458571,0,,False
1362,b2-fabric-b1-c4-r3,b2-fabric-b1-c4-r3-task-0134,fabric_settlement,True,,2488,1783313458567,0,,False
1363,b2-fabric-b1-c4-r3,b2-fabric-b1-c4-r3-task-0132,fabric_query_final,True,,649,1783313461054,0,,False
1364,b2-fabric-b1-c4-r3,b2-fabric-b1-c4-r3-task-0133,fabric_query_final,True,,651,1783313461052,0,,False
1365,b2-fabric-b1-c4-r3,b2-fabric-b1-c4-r3-task-0134,fabric_query_final,True,,649,1783313461055,0,,False
1366,b2-fabric-b1-c4-r3,b2-fabric-b1-c4-r3-task-0135,fabric_query_final,True,,660,1783313461053,0,,False
1367,b2-fabric-b1-c4-r3,b2-fabric-b1-c4-r3-task-0133,ipfs_verify,True,,11,1783313461703,0,QmV9gx3VUoqhkXRkzRD7hEPhbZz6mSJ82UTFrCpLh1TD3b,False
1368,b2-fabric-b1-c4-r3,b2-fabric-b1-c4-r3-task-0134,ipfs_verify,True,,11,1783313461704,0,QmPW1qU3hoUSoGbD2KjbwxVen41kGxev6EBjJ6zmEFnCrD,False
1369,b2-fabric-b1-c4-r3,b2-fabric-b1-c4-r3-task-0132,ipfs_verify,True,,13,1783313461703,0,QmYCBqE2NteLr9sLnHjbiStJeVErpKho8QFCw7417W1UW7,False
1370,b2-fabric-b1-c4-r3,b2-fabric-b1-c4-r3-task-0135,ipfs_verify,True,,9,1783313461713,0,QmRgs6w8r3X2JvyiVmXrFPnc5Whw1EhTnEw6iDRUTAKBSq,False
1371,b2-fabric-b1-c4-r3,b2-fabric-b1-c4-r3-task-0136,ipfs_add,True,,34,1783313461714,6870,,False
1372,b2-fabric-b1-c4-r3,b2-fabric-b1-c4-r3-task-0138,ipfs_add,True,,52,1783313461716,6123,,False
1373,b2-fabric-b1-c4-r3,b2-fabric-b1-c4-r3-task-0137,ipfs_add,True,,72,1783313461716,7887,,False
1374,b2-fabric-b1-c4-r3,b2-fabric-b1-c4-r3-task-0139,ipfs_add,True,,84,1783313461722,6068,,False
1375,b2-fabric-b1-c4-r3,b2-fabric-b1-c4-r3-task-0136,fabric_post_task,True,,2562,1783313461748,6870,QmUPhkQr4hDrWibXiUjzuteThhvoD1pXuAQ2pvNnCtyJec,False
1376,b2-fabric-b1-c4-r3,b2-fabric-b1-c4-r3-task-0138,fabric_post_task,True,,2544,1783313461768,6123,QmbxM1rZVTmJDLmT8oQiDaJVpa1uuVzFek4Pc5717x6PYe,False
1377,b2-fabric-b1-c4-r3,b2-fabric-b1-c4-r3-task-0139,fabric_post_task,True,,2507,1783313461806,6068,QmcYTUAPQTyEWywqTmthoC8xdU1HHnjNHDDrwpWHCUcep9,False
1378,b2-fabric-b1-c4-r3,b2-fabric-b1-c4-r3-task-0137,fabric_post_task,True,,2527,1783313461788,7887,QmWoPof7qbWPGdMFqG2nBUciJqbqXCfAPLUDZ7bcxJMDyk,False
1379,b2-fabric-b1-c4-r3,b2-fabric-b1-c4-r3-task-0137,fabric_post_allocation,True,,2651,1783313464315,0,,False
1380,b2-fabric-b1-c4-r3,b2-fabric-b1-c4-r3-task-0138,fabric_post_allocation,True,,2654,1783313464312,0,,False
1381,b2-fabric-b1-c4-r3,b2-fabric-b1-c4-r3-task-0136,fabric_post_allocation,True,,2657,1783313464310,0,,False
1382,b2-fabric-b1-c4-r3,b2-fabric-b1-c4-r3-task-0139,fabric_post_allocation,True,,2657,1783313464313,0,,False
1383,b2-fabric-b1-c4-r3,b2-fabric-b1-c4-r3-task-0137,fabric_post_snapshot,True,,2506,1783313466966,0,,False
1384,b2-fabric-b1-c4-r3,b2-fabric-b1-c4-r3-task-0138,fabric_post_snapshot,True,,2507,1783313466966,0,,False
1385,b2-fabric-b1-c4-r3,b2-fabric-b1-c4-r3-task-0139,fabric_post_snapshot,True,,2503,1783313466970,0,,False
1386,b2-fabric-b1-c4-r3,b2-fabric-b1-c4-r3-task-0136,fabric_post_snapshot,True,,2507,1783313466967,0,,False
1387,b2-fabric-b1-c4-r3,b2-fabric-b1-c4-r3-task-0137,fabric_query_confirmation,True,,118,1783313469472,0,,False
1388,b2-fabric-b1-c4-r3,b2-fabric-b1-c4-r3-task-0136,fabric_query_confirmation,True,,116,1783313469474,0,,False
1389,b2-fabric-b1-c4-r3,b2-fabric-b1-c4-r3-task-0138,fabric_query_confirmation,True,,118,1783313469473,0,,False
1390,b2-fabric-b1-c4-r3,b2-fabric-b1-c4-r3-task-0139,fabric_query_confirmation,True,,119,1783313469473,0,,False
1391,b2-fabric-b1-c4-r3,b2-fabric-b1-c4-r3-task-0136,fabric_vote_1,True,,1578,1783313469590,0,,False
1392,b2-fabric-b1-c4-r3,b2-fabric-b1-c4-r3-task-0138,fabric_vote_1,True,,1578,1783313469591,0,,False
1393,b2-fabric-b1-c4-r3,b2-fabric-b1-c4-r3-task-0139,fabric_vote_1,True,,1577,1783313469592,0,,False
1394,b2-fabric-b1-c4-r3,b2-fabric-b1-c4-r3-task-0137,fabric_vote_1,True,,1580,1783313469590,0,,False
1395,b2-fabric-b1-c4-r3,b2-fabric-b1-c4-r3-task-0138,fabric_vote_2,True,,2242,1783313471169,0,,False
1396,b2-fabric-b1-c4-r3,b2-fabric-b1-c4-r3-task-0136,fabric_vote_2,True,,2244,1783313471168,0,,False
1397,b2-fabric-b1-c4-r3,b2-fabric-b1-c4-r3-task-0137,fabric_vote_2,True,,2243,1783313471170,0,,False
1398,b2-fabric-b1-c4-r3,b2-fabric-b1-c4-r3-task-0139,fabric_vote_2,True,,2246,1783313471169,0,,False
1399,b2-fabric-b1-c4-r3,b2-fabric-b1-c4-r3-task-0137,fabric_settlement,True,,2504,1783313473413,0,,False
1400,b2-fabric-b1-c4-r3,b2-fabric-b1-c4-r3-task-0139,fabric_settlement,True,,2502,1783313473415,0,,False
1401,b2-fabric-b1-c4-r3,b2-fabric-b1-c4-r3-task-0138,fabric_settlement,True,,2507,1783313473411,0,,False
1402,b2-fabric-b1-c4-r3,b2-fabric-b1-c4-r3-task-0136,fabric_settlement,True,,2507,1783313473412,0,,False
1403,b2-fabric-b1-c4-r3,b2-fabric-b1-c4-r3-task-0139,fabric_query_final,True,,540,1783313475917,0,,False
1404,b2-fabric-b1-c4-r3,b2-fabric-b1-c4-r3-task-0137,fabric_query_final,True,,540,1783313475917,0,,False
1405,b2-fabric-b1-c4-r3,b2-fabric-b1-c4-r3-task-0138,fabric_query_final,True,,540,1783313475918,0,,False
1406,b2-fabric-b1-c4-r3,b2-fabric-b1-c4-r3-task-0136,fabric_query_final,True,,543,1783313475919,0,,False
1407,b2-fabric-b1-c4-r3,b2-fabric-b1-c4-r3-task-0137,ipfs_verify,True,,9,1783313476457,0,QmWoPof7qbWPGdMFqG2nBUciJqbqXCfAPLUDZ7bcxJMDyk,False
1408,b2-fabric-b1-c4-r3,b2-fabric-b1-c4-r3-task-0139,ipfs_verify,True,,9,1783313476457,0,QmcYTUAPQTyEWywqTmthoC8xdU1HHnjNHDDrwpWHCUcep9,False
1409,b2-fabric-b1-c4-r3,b2-fabric-b1-c4-r3-task-0138,ipfs_verify,True,,9,1783313476458,0,QmbxM1rZVTmJDLmT8oQiDaJVpa1uuVzFek4Pc5717x6PYe,False
1410,b2-fabric-b1-c4-r3,b2-fabric-b1-c4-r3-task-0136,ipfs_verify,True,,8,1783313476462,0,QmUPhkQr4hDrWibXiUjzuteThhvoD1pXuAQ2pvNnCtyJec,False
1411,b2-fabric-b1-c4-r3,b2-fabric-b1-c4-r3-task-0142,ipfs_add,True,,29,1783313476467,4723,,False
1412,b2-fabric-b1-c4-r3,b2-fabric-b1-c4-r3-task-0140,ipfs_add,True,,48,1783313476466,3566,,False
1413,b2-fabric-b1-c4-r3,b2-fabric-b1-c4-r3-task-0141,ipfs_add,True,,65,1783313476466,3943,,False
1414,b2-fabric-b1-c4-r3,b2-fabric-b1-c4-r3-task-0143,ipfs_add,True,,78,1783313476470,4660,,False
1415,b2-fabric-b1-c4-r3,b2-fabric-b1-c4-r3-task-0143,fabric_post_task,True,,2411,1783313476548,4660,QmTVqeXCxoxwjjanTn4HJUbLVnB4bpVmZgGrTummJ1AQqo,False
1416,b2-fabric-b1-c4-r3,b2-fabric-b1-c4-r3-task-0141,fabric_post_task,True,,2429,1783313476531,3943,QmU8ccPSVuF7qqoiKy2DMjjWHVge9mBhGy7hX3oM4mFnxu,False
1417,b2-fabric-b1-c4-r3,b2-fabric-b1-c4-r3-task-0140,fabric_post_task,True,,2447,1783313476514,3566,QmbKUL6FKk5HdN2RKMY4E5T2YgBw8gzyMB9qqscewgU2PM,False
1418,b2-fabric-b1-c4-r3,b2-fabric-b1-c4-r3-task-0142,fabric_post_task,True,,2465,1783313476496,4723,QmU3gpt8BjdpgMNTTBdF3QXFR37K5SeqUjAYEdmDDig4s5,False
1419,b2-fabric-b1-c4-r3,b2-fabric-b1-c4-r3-task-0142,fabric_post_allocation,True,,2328,1783313478961,0,,False
1420,b2-fabric-b1-c4-r3,b2-fabric-b1-c4-r3-task-0143,fabric_post_allocation,True,,2331,1783313478959,0,,False
1421,b2-fabric-b1-c4-r3,b2-fabric-b1-c4-r3-task-0140,fabric_post_allocation,True,,2330,1783313478961,0,,False
1422,b2-fabric-b1-c4-r3,b2-fabric-b1-c4-r3-task-0141,fabric_post_allocation,True,,2331,1783313478960,0,,False
1423,b2-fabric-b1-c4-r3,b2-fabric-b1-c4-r3-task-0140,fabric_post_snapshot,True,,2265,1783313481291,0,,False
1424,b2-fabric-b1-c4-r3,b2-fabric-b1-c4-r3-task-0143,fabric_post_snapshot,True,,2267,1783313481290,0,,False
1425,b2-fabric-b1-c4-r3,b2-fabric-b1-c4-r3-task-0142,fabric_post_snapshot,True,,2268,1783313481289,0,,False
1426,b2-fabric-b1-c4-r3,b2-fabric-b1-c4-r3-task-0141,fabric_post_snapshot,True,,2267,1783313481291,0,,False
1427,b2-fabric-b1-c4-r3,b2-fabric-b1-c4-r3-task-0140,fabric_query_confirmation,True,,112,1783313483556,0,,False
1428,b2-fabric-b1-c4-r3,b2-fabric-b1-c4-r3-task-0143,fabric_query_confirmation,True,,112,1783313483557,0,,False
1429,b2-fabric-b1-c4-r3,b2-fabric-b1-c4-r3-task-0142,fabric_query_confirmation,True,,112,1783313483557,0,,False
1430,b2-fabric-b1-c4-r3,b2-fabric-b1-c4-r3-task-0141,fabric_query_confirmation,True,,113,1783313483558,0,,False
1431,b2-fabric-b1-c4-r3,b2-fabric-b1-c4-r3-task-0143,fabric_vote_1,True,,2797,1783313483669,0,,False
1432,b2-fabric-b1-c4-r3,b2-fabric-b1-c4-r3-task-0142,fabric_vote_1,True,,2798,1783313483669,0,,False
1433,b2-fabric-b1-c4-r3,b2-fabric-b1-c4-r3-task-0141,fabric_vote_1,True,,2797,1783313483671,0,,False
1434,b2-fabric-b1-c4-r3,b2-fabric-b1-c4-r3-task-0140,fabric_vote_1,True,,2800,1783313483668,0,,False
1435,b2-fabric-b1-c4-r3,b2-fabric-b1-c4-r3-task-0141,fabric_vote_2,True,,2276,1783313486468,0,,False
1436,b2-fabric-b1-c4-r3,b2-fabric-b1-c4-r3-task-0143,fabric_vote_2,True,,2278,1783313486466,0,,False
1437,b2-fabric-b1-c4-r3,b2-fabric-b1-c4-r3-task-0142,fabric_vote_2,True,,2279,1783313486467,0,,False
1438,b2-fabric-b1-c4-r3,b2-fabric-b1-c4-r3-task-0140,fabric_vote_2,True,,2279,1783313486468,0,,False
1439,b2-fabric-b1-c4-r3,b2-fabric-b1-c4-r3-task-0143,fabric_settlement,True,,2294,1783313488744,0,,False
1440,b2-fabric-b1-c4-r3,b2-fabric-b1-c4-r3-task-0140,fabric_settlement,True,,2292,1783313488747,0,,False
1441,b2-fabric-b1-c4-r3,b2-fabric-b1-c4-r3-task-0141,fabric_settlement,True,,2295,1783313488744,0,,False
1442,b2-fabric-b1-c4-r3,b2-fabric-b1-c4-r3-task-0142,fabric_settlement,True,,2296,1783313488746,0,,False
1443,b2-fabric-b1-c4-r3,b2-fabric-b1-c4-r3-task-0140,fabric_query_final,True,,720,1783313491039,0,,False
1444,b2-fabric-b1-c4-r3,b2-fabric-b1-c4-r3-task-0142,fabric_query_final,True,,717,1783313491042,0,,False
1445,b2-fabric-b1-c4-r3,b2-fabric-b1-c4-r3-task-0141,fabric_query_final,True,,721,1783313491039,0,,False
1446,b2-fabric-b1-c4-r3,b2-fabric-b1-c4-r3-task-0143,fabric_query_final,True,,726,1783313491038,0,,False
1447,b2-fabric-b1-c4-r3,b2-fabric-b1-c4-r3-task-0141,ipfs_verify,True,,7,1783313491760,0,QmU8ccPSVuF7qqoiKy2DMjjWHVge9mBhGy7hX3oM4mFnxu,False
1448,b2-fabric-b1-c4-r3,b2-fabric-b1-c4-r3-task-0140,ipfs_verify,True,,8,1783313491759,0,QmbKUL6FKk5HdN2RKMY4E5T2YgBw8gzyMB9qqscewgU2PM,False
1449,b2-fabric-b1-c4-r3,b2-fabric-b1-c4-r3-task-0142,ipfs_verify,True,,9,1783313491759,0,QmU3gpt8BjdpgMNTTBdF3QXFR37K5SeqUjAYEdmDDig4s5,False
1450,b2-fabric-b1-c4-r3,b2-fabric-b1-c4-r3-task-0143,ipfs_verify,True,,6,1783313491764,0,QmTVqeXCxoxwjjanTn4HJUbLVnB4bpVmZgGrTummJ1AQqo,False
1451,b2-fabric-b1-c4-r3,b2-fabric-b1-c4-r3-task-0144,ipfs_add,True,,28,1783313491767,4312,,False
1452,b2-fabric-b1-c4-r3,b2-fabric-b1-c4-r3-task-0146,ipfs_add,True,,42,1783313491768,5475,,False
1453,b2-fabric-b1-c4-r3,b2-fabric-b1-c4-r3-task-0145,ipfs_add,True,,59,1783313491768,5462,,False
1454,b2-fabric-b1-c4-r3,b2-fabric-b1-c4-r3-task-0147,ipfs_add,True,,74,1783313491770,4284,,False
1455,b2-fabric-b1-c4-r3,b2-fabric-b1-c4-r3-task-0145,fabric_post_task,True,,2453,1783313491827,5462,QmQawzw1KxV8h7JpxSeDVLwBKMdBrxUCm6dAZkW6LZqh7T,False
1456,b2-fabric-b1-c4-r3,b2-fabric-b1-c4-r3-task-0147,fabric_post_task,True,,2438,1783313491844,4284,QmaFJBETp4JJdAzBH3NfaGGXCVai8pRVmMEDArMatXyrJg,False
1457,b2-fabric-b1-c4-r3,b2-fabric-b1-c4-r3-task-0144,fabric_post_task,True,,2488,1783313491795,4312,QmQZAxaxKLLJQ3P2WWPiuXefNDpmhXdj7A3T7qaNxDGnnf,False
1458,b2-fabric-b1-c4-r3,b2-fabric-b1-c4-r3-task-0146,fabric_post_task,True,,2473,1783313491810,5475,QmTMCQj8BgjN1EopLd1uCHtQPJNQPLrifD8h5c2wtJkq4h,False
1459,b2-fabric-b1-c4-r3,b2-fabric-b1-c4-r3-task-0147,fabric_post_allocation,True,,2315,1783313494282,0,,False
1460,b2-fabric-b1-c4-r3,b2-fabric-b1-c4-r3-task-0144,fabric_post_allocation,True,,2315,1783313494283,0,,False
1461,b2-fabric-b1-c4-r3,b2-fabric-b1-c4-r3-task-0146,fabric_post_allocation,True,,2315,1783313494283,0,,False
1462,b2-fabric-b1-c4-r3,b2-fabric-b1-c4-r3-task-0145,fabric_post_allocation,True,,2320,1783313494280,0,,False
1463,b2-fabric-b1-c4-r3,b2-fabric-b1-c4-r3-task-0144,fabric_post_snapshot,True,,2455,1783313496598,0,,False
1464,b2-fabric-b1-c4-r3,b2-fabric-b1-c4-r3-task-0147,fabric_post_snapshot,True,,2457,1783313496597,0,,False
1465,b2-fabric-b1-c4-r3,b2-fabric-b1-c4-r3-task-0146,fabric_post_snapshot,True,,2457,1783313496598,0,,False
1466,b2-fabric-b1-c4-r3,b2-fabric-b1-c4-r3-task-0145,fabric_post_snapshot,True,,2457,1783313496600,0,,False
1467,b2-fabric-b1-c4-r3,b2-fabric-b1-c4-r3-task-0147,fabric_query_confirmation,True,,313,1783313499054,0,,False
1468,b2-fabric-b1-c4-r3,b2-fabric-b1-c4-r3-task-0146,fabric_query_confirmation,True,,313,1783313499055,0,,False
1469,b2-fabric-b1-c4-r3,b2-fabric-b1-c4-r3-task-0145,fabric_query_confirmation,True,,311,1783313499057,0,,False
1470,b2-fabric-b1-c4-r3,b2-fabric-b1-c4-r3-task-0144,fabric_query_confirmation,True,,316,1783313499053,0,,False
1471,b2-fabric-b1-c4-r3,b2-fabric-b1-c4-r3-task-0144,fabric_vote_1,True,,1385,1783313499369,0,,False
1472,b2-fabric-b1-c4-r3,b2-fabric-b1-c4-r3-task-0147,fabric_vote_1,True,,1387,1783313499367,0,,False
1473,b2-fabric-b1-c4-r3,b2-fabric-b1-c4-r3-task-0146,fabric_vote_1,True,,1386,1783313499368,0,,False
1474,b2-fabric-b1-c4-r3,b2-fabric-b1-c4-r3-task-0145,fabric_vote_1,True,,1387,1783313499368,0,,False
1475,b2-fabric-b1-c4-r3,b2-fabric-b1-c4-r3-task-0146,fabric_vote_2,True,,2250,1783313500754,0,,False
1476,b2-fabric-b1-c4-r3,b2-fabric-b1-c4-r3-task-0147,fabric_vote_2,True,,2251,1783313500754,0,,False
1477,b2-fabric-b1-c4-r3,b2-fabric-b1-c4-r3-task-0145,fabric_vote_2,True,,2250,1783313500755,0,,False
1478,b2-fabric-b1-c4-r3,b2-fabric-b1-c4-r3-task-0144,fabric_vote_2,True,,2253,1783313500754,0,,False
1479,b2-fabric-b1-c4-r3,b2-fabric-b1-c4-r3-task-0144,fabric_settlement,True,,2321,1783313503007,0,,False
1480,b2-fabric-b1-c4-r3,b2-fabric-b1-c4-r3-task-0146,fabric_settlement,True,,2324,1783313503005,0,,False
1481,b2-fabric-b1-c4-r3,b2-fabric-b1-c4-r3-task-0145,fabric_settlement,True,,2324,1783313503005,0,,False
1482,b2-fabric-b1-c4-r3,b2-fabric-b1-c4-r3-task-0147,fabric_settlement,True,,2326,1783313503005,0,,False
1483,b2-fabric-b1-c4-r3,b2-fabric-b1-c4-r3-task-0146,fabric_query_final,True,,717,1783313505329,0,,False
1484,b2-fabric-b1-c4-r3,b2-fabric-b1-c4-r3-task-0145,fabric_query_final,True,,718,1783313505329,0,,False
1485,b2-fabric-b1-c4-r3,b2-fabric-b1-c4-r3-task-0147,fabric_query_final,True,,717,1783313505331,0,,False
1486,b2-fabric-b1-c4-r3,b2-fabric-b1-c4-r3-task-0144,fabric_query_final,True,,723,1783313505328,0,,False
1487,b2-fabric-b1-c4-r3,b2-fabric-b1-c4-r3-task-0146,ipfs_verify,True,,8,1783313506047,0,QmTMCQj8BgjN1EopLd1uCHtQPJNQPLrifD8h5c2wtJkq4h,False
1488,b2-fabric-b1-c4-r3,b2-fabric-b1-c4-r3-task-0145,ipfs_verify,True,,8,1783313506047,0,QmQawzw1KxV8h7JpxSeDVLwBKMdBrxUCm6dAZkW6LZqh7T,False
1489,b2-fabric-b1-c4-r3,b2-fabric-b1-c4-r3-task-0147,ipfs_verify,True,,8,1783313506048,0,QmaFJBETp4JJdAzBH3NfaGGXCVai8pRVmMEDArMatXyrJg,False
1490,b2-fabric-b1-c4-r3,b2-fabric-b1-c4-r3-task-0144,ipfs_verify,True,,7,1783313506051,0,QmQZAxaxKLLJQ3P2WWPiuXefNDpmhXdj7A3T7qaNxDGnnf,False
1491,b2-fabric-b1-c4-r3,b2-fabric-b1-c4-r3-task-0148,ipfs_add,True,,115,1783313506055,5640,,False
1492,b2-fabric-b1-c4-r3,b2-fabric-b1-c4-r3-task-0150,ipfs_add,True,,130,1783313506056,1854,,False
1493,b2-fabric-b1-c4-r3,b2-fabric-b1-c4-r3-task-0149,ipfs_add,True,,162,1783313506055,2546,,False
1494,b2-fabric-b1-c4-r3,b2-fabric-b1-c4-r3-task-0151,ipfs_add,True,,160,1783313506058,8145,,False
1495,b2-fabric-b1-c4-r3,b2-fabric-b1-c4-r3-task-0148,fabric_post_task,True,,2452,1783313506170,5640,QmdfWtEvP6wCkESL2DE4rXkFf4ZAEuqAaWhur95DF4ivC9,False
1496,b2-fabric-b1-c4-r3,b2-fabric-b1-c4-r3-task-0150,fabric_post_task,True,,2436,1783313506186,1854,Qmai7UoY48iFcYWTQWg3KAhEtCNFhrWvnyLa9J1qYPcDzG,False
1497,b2-fabric-b1-c4-r3,b2-fabric-b1-c4-r3-task-0151,fabric_post_task,True,,2405,1783313506218,8145,QmeY5sC4Xv3La4heuKD61xoMY8zD7nwjwXk76bcuFjtHdG,False
1498,b2-fabric-b1-c4-r3,b2-fabric-b1-c4-r3-task-0149,fabric_post_task,True,,2407,1783313506217,2546,QmauYMYLrj6Qa4iDEtbq6r8Nut8Mam7NzrHGxXBG78msQ1,False
1499,b2-fabric-b1-c4-r3,b2-fabric-b1-c4-r3-task-0151,fabric_post_allocation,True,,2382,1783313508623,0,,False
1500,b2-fabric-b1-c4-r3,b2-fabric-b1-c4-r3-task-0148,fabric_post_allocation,True,,2384,1783313508622,0,,False
1501,b2-fabric-b1-c4-r3,b2-fabric-b1-c4-r3-task-0150,fabric_post_allocation,True,,2384,1783313508622,0,,False
1502,b2-fabric-b1-c4-r3,b2-fabric-b1-c4-r3-task-0149,fabric_post_allocation,True,,2384,1783313508624,0,,False
1503,b2-fabric-b1-c4-r3,b2-fabric-b1-c4-r3-task-0151,fabric_post_snapshot,True,,2470,1783313511005,0,,False
1504,b2-fabric-b1-c4-r3,b2-fabric-b1-c4-r3-task-0149,fabric_post_snapshot,True,,2468,1783313511008,0,,False
1505,b2-fabric-b1-c4-r3,b2-fabric-b1-c4-r3-task-0150,fabric_post_snapshot,True,,2470,1783313511006,0,,False
1506,b2-fabric-b1-c4-r3,b2-fabric-b1-c4-r3-task-0148,fabric_post_snapshot,True,,2472,1783313511006,0,,False
1507,b2-fabric-b1-c4-r3,b2-fabric-b1-c4-r3-task-0151,fabric_query_confirmation,True,,322,1783313513475,0,,False
1508,b2-fabric-b1-c4-r3,b2-fabric-b1-c4-r3-task-0148,fabric_query_confirmation,True,,320,1783313513478,0,,False
1509,b2-fabric-b1-c4-r3,b2-fabric-b1-c4-r3-task-0150,fabric_query_confirmation,True,,322,1783313513476,0,,False
1510,b2-fabric-b1-c4-r3,b2-fabric-b1-c4-r3-task-0149,fabric_query_confirmation,True,,323,1783313513476,0,,False
1511,b2-fabric-b1-c4-r3,b2-fabric-b1-c4-r3-task-0149,fabric_vote_1,True,,2590,1783313513799,0,,False
1512,b2-fabric-b1-c4-r3,b2-fabric-b1-c4-r3-task-0150,fabric_vote_1,True,,2594,1783313513798,0,,False
1513,b2-fabric-b1-c4-r3,b2-fabric-b1-c4-r3-task-0148,fabric_vote_1,True,,2594,1783313513798,0,,False
1514,b2-fabric-b1-c4-r3,b2-fabric-b1-c4-r3-task-0151,fabric_vote_1,True,,2596,1783313513797,0,,False
1515,b2-fabric-b1-c4-r3,b2-fabric-b1-c4-r3-task-0149,fabric_vote_2,True,,2448,1783313516389,0,,False
1516,b2-fabric-b1-c4-r3,b2-fabric-b1-c4-r3-task-0151,fabric_vote_2,True,,2444,1783313516393,0,,False
1517,b2-fabric-b1-c4-r3,b2-fabric-b1-c4-r3-task-0150,fabric_vote_2,True,,2447,1783313516392,0,,False
1518,b2-fabric-b1-c4-r3,b2-fabric-b1-c4-r3-task-0148,fabric_vote_2,True,,2447,1783313516392,0,,False
1519,b2-fabric-b1-c4-r3,b2-fabric-b1-c4-r3-task-0148,fabric_settlement,True,,2283,1783313518839,0,,False
1520,b2-fabric-b1-c4-r3,b2-fabric-b1-c4-r3-task-0151,fabric_settlement,True,,2286,1783313518837,0,,False
1521,b2-fabric-b1-c4-r3,b2-fabric-b1-c4-r3-task-0150,fabric_settlement,True,,2285,1783313518839,0,,False
1522,b2-fabric-b1-c4-r3,b2-fabric-b1-c4-r3-task-0149,fabric_settlement,True,,2289,1783313518837,0,,False
1523,b2-fabric-b1-c4-r3,b2-fabric-b1-c4-r3-task-0151,fabric_query_final,True,,738,1783313521123,0,,False
1524,b2-fabric-b1-c4-r3,b2-fabric-b1-c4-r3-task-0150,fabric_query_final,True,,737,1783313521124,0,,False
1525,b2-fabric-b1-c4-r3,b2-fabric-b1-c4-r3-task-0148,fabric_query_final,True,,740,1783313521122,0,,False
1526,b2-fabric-b1-c4-r3,b2-fabric-b1-c4-r3-task-0149,fabric_query_final,True,,740,1783313521126,0,,False
1527,b2-fabric-b1-c4-r3,b2-fabric-b1-c4-r3-task-0151,ipfs_verify,True,,8,1783313521861,0,QmeY5sC4Xv3La4heuKD61xoMY8zD7nwjwXk76bcuFjtHdG,False
1528,b2-fabric-b1-c4-r3,b2-fabric-b1-c4-r3-task-0150,ipfs_verify,True,,8,1783313521861,0,Qmai7UoY48iFcYWTQWg3KAhEtCNFhrWvnyLa9J1qYPcDzG,False
1529,b2-fabric-b1-c4-r3,b2-fabric-b1-c4-r3-task-0148,ipfs_verify,True,,8,1783313521862,0,QmdfWtEvP6wCkESL2DE4rXkFf4ZAEuqAaWhur95DF4ivC9,False
1530,b2-fabric-b1-c4-r3,b2-fabric-b1-c4-r3-task-0149,ipfs_verify,True,,7,1783313521866,0,QmauYMYLrj6Qa4iDEtbq6r8Nut8Mam7NzrHGxXBG78msQ1,False
1531,b2-fabric-b1-c4-r3,b2-fabric-b1-c4-r3-task-0152,ipfs_add,True,,25,1783313521869,1875,,False
1532,b2-fabric-b1-c4-r3,b2-fabric-b1-c4-r3-task-0153,ipfs_add,True,,42,1783313521869,1788,,False
1533,b2-fabric-b1-c4-r3,b2-fabric-b1-c4-r3-task-0154,ipfs_add,True,,58,1783313521871,1793,,False
1534,b2-fabric-b1-c4-r3,b2-fabric-b1-c4-r3-task-0155,ipfs_add,True,,71,1783313521873,1762,,False
1535,b2-fabric-b1-c4-r3,b2-fabric-b1-c4-r3-task-0154,fabric_post_task,True,,2442,1783313521929,1793,QmP1smz82VDmVYAjCDQXQL3tQyjhLY9AZx4ihRR3bmQmqR,False
1536,b2-fabric-b1-c4-r3,b2-fabric-b1-c4-r3-task-0153,fabric_post_task,True,,2461,1783313521911,1788,QmRZHsRgbCA4gkEdt79xRJkB1H6eYmgZjWvtkeZDXPP6aA,False
1537,b2-fabric-b1-c4-r3,b2-fabric-b1-c4-r3-task-0155,fabric_post_task,True,,2430,1783313521944,1762,QmZKGWeYUaSbmhea5zAe3URkAmm7YgQGteWNmKZR7217eJ,False
1538,b2-fabric-b1-c4-r3,b2-fabric-b1-c4-r3-task-0152,fabric_post_task,True,,2481,1783313521894,1875,QmPmVehraUyhMbSn9HCTL8q359r1tCfXC2uYfULpBHLvjP,False
1539,b2-fabric-b1-c4-r3,b2-fabric-b1-c4-r3-task-0153,fabric_post_allocation,True,,2299,1783313524372,0,,False
1540,b2-fabric-b1-c4-r3,b2-fabric-b1-c4-r3-task-0152,fabric_post_allocation,True,,2296,1783313524375,0,,False
1541,b2-fabric-b1-c4-r3,b2-fabric-b1-c4-r3-task-0154,fabric_post_allocation,True,,2301,1783313524371,0,,False
1542,b2-fabric-b1-c4-r3,b2-fabric-b1-c4-r3-task-0155,fabric_post_allocation,True,,2300,1783313524374,0,,False
1543,b2-fabric-b1-c4-r3,b2-fabric-b1-c4-r3-task-0152,fabric_post_snapshot,True,,2470,1783313526671,0,,False
1544,b2-fabric-b1-c4-r3,b2-fabric-b1-c4-r3-task-0155,fabric_post_snapshot,True,,2468,1783313526674,0,,False
1545,b2-fabric-b1-c4-r3,b2-fabric-b1-c4-r3-task-0154,fabric_post_snapshot,True,,2471,1783313526672,0,,False
1546,b2-fabric-b1-c4-r3,b2-fabric-b1-c4-r3-task-0153,fabric_post_snapshot,True,,2473,1783313526671,0,,False
1547,b2-fabric-b1-c4-r3,b2-fabric-b1-c4-r3-task-0153,fabric_query_confirmation,True,,110,1783313529144,0,,False
1548,b2-fabric-b1-c4-r3,b2-fabric-b1-c4-r3-task-0152,fabric_query_confirmation,True,,113,1783313529141,0,,False
1549,b2-fabric-b1-c4-r3,b2-fabric-b1-c4-r3-task-0154,fabric_query_confirmation,True,,112,1783313529143,0,,False
1550,b2-fabric-b1-c4-r3,b2-fabric-b1-c4-r3-task-0155,fabric_query_confirmation,True,,113,1783313529142,0,,False
1551,b2-fabric-b1-c4-r3,b2-fabric-b1-c4-r3-task-0154,fabric_vote_1,True,,1405,1783313529255,0,,False
1552,b2-fabric-b1-c4-r3,b2-fabric-b1-c4-r3-task-0155,fabric_vote_1,True,,1406,1783313529255,0,,False
1553,b2-fabric-b1-c4-r3,b2-fabric-b1-c4-r3-task-0152,fabric_vote_1,True,,1408,1783313529254,0,,False
1554,b2-fabric-b1-c4-r3,b2-fabric-b1-c4-r3-task-0153,fabric_vote_1,True,,1410,1783313529254,0,,False
1555,b2-fabric-b1-c4-r3,b2-fabric-b1-c4-r3-task-0154,fabric_vote_2,True,,2262,1783313530660,0,,False
1556,b2-fabric-b1-c4-r3,b2-fabric-b1-c4-r3-task-0155,fabric_vote_2,True,,2262,1783313530661,0,,False
1557,b2-fabric-b1-c4-r3,b2-fabric-b1-c4-r3-task-0152,fabric_vote_2,True,,2261,1783313530662,0,,False
1558,b2-fabric-b1-c4-r3,b2-fabric-b1-c4-r3-task-0153,fabric_vote_2,True,,2262,1783313530664,0,,False
1559,b2-fabric-b1-c4-r3,b2-fabric-b1-c4-r3-task-0152,fabric_settlement,True,,2473,1783313532924,0,,False
1560,b2-fabric-b1-c4-r3,b2-fabric-b1-c4-r3-task-0155,fabric_settlement,True,,2474,1783313532923,0,,False
1561,b2-fabric-b1-c4-r3,b2-fabric-b1-c4-r3-task-0153,fabric_settlement,True,,2472,1783313532926,0,,False
1562,b2-fabric-b1-c4-r3,b2-fabric-b1-c4-r3-task-0154,fabric_settlement,True,,2476,1783313532922,0,,False
1563,b2-fabric-b1-c4-r3,b2-fabric-b1-c4-r3-task-0153,fabric_query_final,True,,522,1783313535398,0,,False
1564,b2-fabric-b1-c4-r3,b2-fabric-b1-c4-r3-task-0154,fabric_query_final,True,,523,1783313535398,0,,False
1565,b2-fabric-b1-c4-r3,b2-fabric-b1-c4-r3-task-0155,fabric_query_final,True,,524,1783313535397,0,,False
1566,b2-fabric-b1-c4-r3,b2-fabric-b1-c4-r3-task-0152,fabric_query_final,True,,528,1783313535397,0,,False
1567,b2-fabric-b1-c4-r3,b2-fabric-b1-c4-r3-task-0155,ipfs_verify,True,,7,1783313535921,0,QmZKGWeYUaSbmhea5zAe3URkAmm7YgQGteWNmKZR7217eJ,False
1568,b2-fabric-b1-c4-r3,b2-fabric-b1-c4-r3-task-0153,ipfs_verify,True,,8,1783313535920,0,QmRZHsRgbCA4gkEdt79xRJkB1H6eYmgZjWvtkeZDXPP6aA,False
1569,b2-fabric-b1-c4-r3,b2-fabric-b1-c4-r3-task-0154,ipfs_verify,True,,8,1783313535921,0,QmP1smz82VDmVYAjCDQXQL3tQyjhLY9AZx4ihRR3bmQmqR,False
1570,b2-fabric-b1-c4-r3,b2-fabric-b1-c4-r3-task-0152,ipfs_verify,True,,7,1783313535925,0,QmPmVehraUyhMbSn9HCTL8q359r1tCfXC2uYfULpBHLvjP,False
1571,b2-fabric-b1-c4-r3,b2-fabric-b1-c4-r3-task-0157,ipfs_add,True,,29,1783313535928,5957,,False
1572,b2-fabric-b1-c4-r3,b2-fabric-b1-c4-r3-task-0156,ipfs_add,True,,45,1783313535928,5744,,False
1573,b2-fabric-b1-c4-r3,b2-fabric-b1-c4-r3-task-0158,ipfs_add,True,,60,1783313535929,2353,,False
1574,b2-fabric-b1-c4-r3,b2-fabric-b1-c4-r3-task-0159,ipfs_add,True,,74,1783313535932,1618,,False
1575,b2-fabric-b1-c4-r3,b2-fabric-b1-c4-r3-task-0157,fabric_post_task,True,,2473,1783313535957,5957,QmWamsqRbU1q3fiJX5vX2XCvBRJV8eoK1PEp3ctrbdxoam,False
1576,b2-fabric-b1-c4-r3,b2-fabric-b1-c4-r3-task-0159,fabric_post_task,True,,2427,1783313536006,1618,QmdxYpLKMtBw1hrsF8LgCLrKH1BbADtRRsjGCzLCCrthCc,False
1577,b2-fabric-b1-c4-r3,b2-fabric-b1-c4-r3-task-0158,fabric_post_task,True,,2444,1783313535989,2353,QmW45d5KDagXQxapoDsAgos4eR8RW7sWehPq9Qivyv3imb,False
1578,b2-fabric-b1-c4-r3,b2-fabric-b1-c4-r3-task-0156,fabric_post_task,True,,2461,1783313535973,5744,QmSqr1qUgBC93JV58qSDUGhGxFsKaVMkP8Lc2oQULWUSmz,False
1579,b2-fabric-b1-c4-r3,b2-fabric-b1-c4-r3-task-0158,fabric_post_allocation,True,,2306,1783313538433,0,,False
1580,b2-fabric-b1-c4-r3,b2-fabric-b1-c4-r3-task-0157,fabric_post_allocation,True,,2310,1783313538430,0,,False
1581,b2-fabric-b1-c4-r3,b2-fabric-b1-c4-r3-task-0159,fabric_post_allocation,True,,2308,1783313538433,0,,False
1582,b2-fabric-b1-c4-r3,b2-fabric-b1-c4-r3-task-0156,fabric_post_allocation,True,,2309,1783313538434,0,,False
1583,b2-fabric-b1-c4-r3,b2-fabric-b1-c4-r3-task-0159,fabric_post_snapshot,True,,2438,1783313540741,0,,False
1584,b2-fabric-b1-c4-r3,b2-fabric-b1-c4-r3-task-0158,fabric_post_snapshot,True,,2441,1783313540739,0,,False
1585,b2-fabric-b1-c4-r3,b2-fabric-b1-c4-r3-task-0156,fabric_post_snapshot,True,,2437,1783313540743,0,,False
1586,b2-fabric-b1-c4-r3,b2-fabric-b1-c4-r3-task-0157,fabric_post_snapshot,True,,2442,1783313540740,0,,False
1587,b2-fabric-b1-c4-r3,b2-fabric-b1-c4-r3-task-0159,fabric_query_confirmation,True,,115,1783313543179,0,,False
1588,b2-fabric-b1-c4-r3,b2-fabric-b1-c4-r3-task-0158,fabric_query_confirmation,True,,115,1783313543180,0,,False
1589,b2-fabric-b1-c4-r3,b2-fabric-b1-c4-r3-task-0157,fabric_query_confirmation,True,,114,1783313543182,0,,False
1590,b2-fabric-b1-c4-r3,b2-fabric-b1-c4-r3-task-0156,fabric_query_confirmation,True,,118,1783313543180,0,,False
1591,b2-fabric-b1-c4-r3,b2-fabric-b1-c4-r3-task-0158,fabric_vote_1,True,,2747,1783313543295,0,,False
1592,b2-fabric-b1-c4-r3,b2-fabric-b1-c4-r3-task-0159,fabric_vote_1,True,,2749,1783313543294,0,,False
1593,b2-fabric-b1-c4-r3,b2-fabric-b1-c4-r3-task-0156,fabric_vote_1,True,,2746,1783313543298,0,,False
1594,b2-fabric-b1-c4-r3,b2-fabric-b1-c4-r3-task-0157,fabric_vote_1,True,,2749,1783313543296,0,,False
1595,b2-fabric-b1-c4-r3,b2-fabric-b1-c4-r3-task-0157,fabric_vote_2,True,,2250,1783313546045,0,,False
1596,b2-fabric-b1-c4-r3,b2-fabric-b1-c4-r3-task-0158,fabric_vote_2,True,,2253,1783313546042,0,,False
1597,b2-fabric-b1-c4-r3,b2-fabric-b1-c4-r3-task-0159,fabric_vote_2,True,,2254,1783313546043,0,,False
1598,b2-fabric-b1-c4-r3,b2-fabric-b1-c4-r3-task-0156,fabric_vote_2,True,,2254,1783313546044,0,,False
1599,b2-fabric-b1-c4-r3,b2-fabric-b1-c4-r3-task-0157,fabric_settlement,True,,2473,1783313548295,0,,False
1600,b2-fabric-b1-c4-r3,b2-fabric-b1-c4-r3-task-0158,fabric_settlement,True,,2473,1783313548295,0,,False
1601,b2-fabric-b1-c4-r3,b2-fabric-b1-c4-r3-task-0159,fabric_settlement,True,,2473,1783313548297,0,,False
1602,b2-fabric-b1-c4-r3,b2-fabric-b1-c4-r3-task-0156,fabric_settlement,True,,2474,1783313548298,0,,False
1603,b2-fabric-b1-c4-r3,b2-fabric-b1-c4-r3-task-0157,fabric_query_final,True,,721,1783313550768,0,,False
1604,b2-fabric-b1-c4-r3,b2-fabric-b1-c4-r3-task-0158,fabric_query_final,True,,721,1783313550768,0,,False
1605,b2-fabric-b1-c4-r3,b2-fabric-b1-c4-r3-task-0156,fabric_query_final,True,,717,1783313550772,0,,False
1606,b2-fabric-b1-c4-r3,b2-fabric-b1-c4-r3-task-0159,fabric_query_final,True,,723,1783313550770,0,,False
1607,b2-fabric-b1-c4-r3,b2-fabric-b1-c4-r3-task-0158,ipfs_verify,True,,6,1783313551489,0,QmW45d5KDagXQxapoDsAgos4eR8RW7sWehPq9Qivyv3imb,False
1608,b2-fabric-b1-c4-r3,b2-fabric-b1-c4-r3-task-0156,ipfs_verify,True,,7,1783313551489,0,QmSqr1qUgBC93JV58qSDUGhGxFsKaVMkP8Lc2oQULWUSmz,False
1609,b2-fabric-b1-c4-r3,b2-fabric-b1-c4-r3-task-0157,ipfs_verify,True,,8,1783313551489,0,QmWamsqRbU1q3fiJX5vX2XCvBRJV8eoK1PEp3ctrbdxoam,False
1610,b2-fabric-b1-c4-r3,b2-fabric-b1-c4-r3-task-0159,ipfs_verify,True,,6,1783313551493,0,QmdxYpLKMtBw1hrsF8LgCLrKH1BbADtRRsjGCzLCCrthCc,False
1611,b2-fabric-b1-c4-r3,b2-fabric-b1-c4-r3-task-0160,ipfs_add,True,,93,1783313551495,3112,,False
1612,b2-fabric-b1-c4-r3,b2-fabric-b1-c4-r3-task-0162,ipfs_add,True,,107,1783313551497,2034,,False
1613,b2-fabric-b1-c4-r3,b2-fabric-b1-c4-r3-task-0161,ipfs_add,True,,125,1783313551496,2567,,False
1614,b2-fabric-b1-c4-r3,b2-fabric-b1-c4-r3-task-0163,ipfs_add,True,,137,1783313551499,5564,,False
1615,b2-fabric-b1-c4-r3,b2-fabric-b1-c4-r3-task-0163,fabric_post_task,True,,2407,1783313551636,5564,QmWVNuFxXBBoYjDDqPM5JjHqatxTLGdC8aLk7ick1Kz4Yb,False
1616,b2-fabric-b1-c4-r3,b2-fabric-b1-c4-r3-task-0160,fabric_post_task,True,,2456,1783313551588,3112,QmZcHogHrAZaeaBhWnqwZoH5LhmdVbJ6pEy6KSUXD7Sqeh,False
1617,b2-fabric-b1-c4-r3,b2-fabric-b1-c4-r3-task-0162,fabric_post_task,True,,2440,1783313551604,2034,QmWEY5PvyU4H8vYcY2riKxKMc1nBFYKtSn243fBKXvUxUT,False
1618,b2-fabric-b1-c4-r3,b2-fabric-b1-c4-r3-task-0161,fabric_post_task,True,,2425,1783313551621,2567,QmVHT5ucjcpkHShAnZazRTavev3cXT2osoYZL29UVeigZs,False
1619,b2-fabric-b1-c4-r3,b2-fabric-b1-c4-r3-task-0162,fabric_post_allocation,True,,2402,1783313554044,0,,False
1620,b2-fabric-b1-c4-r3,b2-fabric-b1-c4-r3-task-0160,fabric_post_allocation,True,,2402,1783313554044,0,,False
1621,b2-fabric-b1-c4-r3,b2-fabric-b1-c4-r3-task-0163,fabric_post_allocation,True,,2404,1783313554043,0,,False
1622,b2-fabric-b1-c4-r3,b2-fabric-b1-c4-r3-task-0161,fabric_post_allocation,True,,2402,1783313554046,0,,False
1623,b2-fabric-b1-c4-r3,b2-fabric-b1-c4-r3-task-0160,fabric_post_snapshot,True,,2452,1783313556446,0,,False
1624,b2-fabric-b1-c4-r3,b2-fabric-b1-c4-r3-task-0161,fabric_post_snapshot,True,,2451,1783313556448,0,,False
1625,b2-fabric-b1-c4-r3,b2-fabric-b1-c4-r3-task-0162,fabric_post_snapshot,True,,2453,1783313556446,0,,False
1626,b2-fabric-b1-c4-r3,b2-fabric-b1-c4-r3-task-0163,fabric_post_snapshot,True,,2454,1783313556447,0,,False
1627,b2-fabric-b1-c4-r3,b2-fabric-b1-c4-r3-task-0163,fabric_query_confirmation,True,,112,1783313558901,0,,False
1628,b2-fabric-b1-c4-r3,b2-fabric-b1-c4-r3-task-0162,fabric_query_confirmation,True,,115,1783313558899,0,,False
1629,b2-fabric-b1-c4-r3,b2-fabric-b1-c4-r3-task-0161,fabric_query_confirmation,True,,115,1783313558899,0,,False
1630,b2-fabric-b1-c4-r3,b2-fabric-b1-c4-r3-task-0160,fabric_query_confirmation,True,,118,1783313558898,0,,False
1631,b2-fabric-b1-c4-r3,b2-fabric-b1-c4-r3-task-0162,fabric_vote_1,True,,1536,1783313559014,0,,False
1632,b2-fabric-b1-c4-r3,b2-fabric-b1-c4-r3-task-0161,fabric_vote_1,True,,1537,1783313559014,0,,False
1633,b2-fabric-b1-c4-r3,b2-fabric-b1-c4-r3-task-0163,fabric_vote_1,True,,1538,1783313559014,0,,False
1634,b2-fabric-b1-c4-r3,b2-fabric-b1-c4-r3-task-0160,fabric_vote_1,True,,1539,1783313559016,0,,False
1635,b2-fabric-b1-c4-r3,b2-fabric-b1-c4-r3-task-0160,fabric_vote_2,True,,2442,1783313560555,0,,False
1636,b2-fabric-b1-c4-r3,b2-fabric-b1-c4-r3-task-0163,fabric_vote_2,True,,2446,1783313560552,0,,False
1637,b2-fabric-b1-c4-r3,b2-fabric-b1-c4-r3-task-0161,fabric_vote_2,True,,2447,1783313560551,0,,False
1638,b2-fabric-b1-c4-r3,b2-fabric-b1-c4-r3-task-0162,fabric_vote_2,True,,2449,1783313560550,0,,False
1639,b2-fabric-b1-c4-r3,b2-fabric-b1-c4-r3-task-0163,fabric_settlement,True,,2316,1783313562998,0,,False
1640,b2-fabric-b1-c4-r3,b2-fabric-b1-c4-r3-task-0160,fabric_settlement,True,,2318,1783313562997,0,,False
1641,b2-fabric-b1-c4-r3,b2-fabric-b1-c4-r3-task-0162,fabric_settlement,True,,2316,1783313562999,0,,False
1642,b2-fabric-b1-c4-r3,b2-fabric-b1-c4-r3-task-0161,fabric_settlement,True,,2321,1783313562998,0,,False
1643,b2-fabric-b1-c4-r3,b2-fabric-b1-c4-r3-task-0163,fabric_query_final,True,,736,1783313565314,0,,False
1644,b2-fabric-b1-c4-r3,b2-fabric-b1-c4-r3-task-0160,fabric_query_final,True,,735,1783313565315,0,,False
1645,b2-fabric-b1-c4-r3,b2-fabric-b1-c4-r3-task-0162,fabric_query_final,True,,736,1783313565315,0,,False
1646,b2-fabric-b1-c4-r3,b2-fabric-b1-c4-r3-task-0161,fabric_query_final,True,,735,1783313565319,0,,False
1647,b2-fabric-b1-c4-r3,b2-fabric-b1-c4-r3-task-0162,ipfs_verify,True,,6,1783313566051,0,QmWEY5PvyU4H8vYcY2riKxKMc1nBFYKtSn243fBKXvUxUT,False
1648,b2-fabric-b1-c4-r3,b2-fabric-b1-c4-r3-task-0163,ipfs_verify,True,,8,1783313566050,0,QmWVNuFxXBBoYjDDqPM5JjHqatxTLGdC8aLk7ick1Kz4Yb,False
1649,b2-fabric-b1-c4-r3,b2-fabric-b1-c4-r3-task-0160,ipfs_verify,True,,8,1783313566050,0,QmZcHogHrAZaeaBhWnqwZoH5LhmdVbJ6pEy6KSUXD7Sqeh,False
1650,b2-fabric-b1-c4-r3,b2-fabric-b1-c4-r3-task-0161,ipfs_verify,True,,7,1783313566054,0,QmVHT5ucjcpkHShAnZazRTavev3cXT2osoYZL29UVeigZs,False
1651,b2-fabric-b1-c4-r3,b2-fabric-b1-c4-r3-task-0166,ipfs_add,True,,25,1783313566058,3237,,False
1652,b2-fabric-b1-c4-r3,b2-fabric-b1-c4-r3-task-0164,ipfs_add,True,,41,1783313566057,1901,,False
1653,b2-fabric-b1-c4-r3,b2-fabric-b1-c4-r3-task-0165,ipfs_add,True,,57,1783313566058,5181,,False
1654,b2-fabric-b1-c4-r3,b2-fabric-b1-c4-r3-task-0167,ipfs_add,True,,69,1783313566061,2244,,False
1655,b2-fabric-b1-c4-r3,b2-fabric-b1-c4-r3-task-0165,fabric_post_task,True,,2433,1783313566115,5181,QmfCP6JMHwAJzdeV44wRErrYPKwmwJ5zKaxLaC7PSEh7Xv,False
1656,b2-fabric-b1-c4-r3,b2-fabric-b1-c4-r3-task-0166,fabric_post_task,True,,2466,1783313566083,3237,QmTApS5qYgw5B1RZ5zisGBzCjQxmJKLLc5piMQryNc95Lw,False
1657,b2-fabric-b1-c4-r3,b2-fabric-b1-c4-r3-task-0167,fabric_post_task,True,,2420,1783313566130,2244,Qmb6sxdzbJZRHwThCpZp383LPMsQpPY5tVXmGq6tj6WAkE,False
1658,b2-fabric-b1-c4-r3,b2-fabric-b1-c4-r3-task-0164,fabric_post_task,True,,2453,1783313566098,1901,QmenUvYwtVYLLgnnt9kzR3UcGRzkbap5J3M93Rp33ndQBW,False
1659,b2-fabric-b1-c4-r3,b2-fabric-b1-c4-r3-task-0167,fabric_post_allocation,True,,2323,1783313568550,0,,False
1660,b2-fabric-b1-c4-r3,b2-fabric-b1-c4-r3-task-0165,fabric_post_allocation,True,,2325,1783313568548,0,,False
1661,b2-fabric-b1-c4-r3,b2-fabric-b1-c4-r3-task-0164,fabric_post_allocation,True,,2323,1783313568551,0,,False
1662,b2-fabric-b1-c4-r3,b2-fabric-b1-c4-r3-task-0166,fabric_post_allocation,True,,2326,1783313568549,0,,False
1663,b2-fabric-b1-c4-r3,b2-fabric-b1-c4-r3-task-0167,fabric_post_snapshot,True,,2249,1783313570873,0,,False
1664,b2-fabric-b1-c4-r3,b2-fabric-b1-c4-r3-task-0166,fabric_post_snapshot,True,,2249,1783313570875,0,,False
1665,b2-fabric-b1-c4-r3,b2-fabric-b1-c4-r3-task-0164,fabric_post_snapshot,True,,2250,1783313570874,0,,False
1666,b2-fabric-b1-c4-r3,b2-fabric-b1-c4-r3-task-0165,fabric_post_snapshot,True,,2253,1783313570873,0,,False
1667,b2-fabric-b1-c4-r3,b2-fabric-b1-c4-r3-task-0167,fabric_query_confirmation,True,,638,1783313573122,0,,False
1668,b2-fabric-b1-c4-r3,b2-fabric-b1-c4-r3-task-0166,fabric_query_confirmation,True,,636,1783313573124,0,,False
1669,b2-fabric-b1-c4-r3,b2-fabric-b1-c4-r3-task-0165,fabric_query_confirmation,True,,635,1783313573126,0,,False
1670,b2-fabric-b1-c4-r3,b2-fabric-b1-c4-r3-task-0164,fabric_query_confirmation,True,,637,1783313573124,0,,False
1671,b2-fabric-b1-c4-r3,b2-fabric-b1-c4-r3-task-0167,fabric_vote_1,True,,2255,1783313573760,0,,False
1672,b2-fabric-b1-c4-r3,b2-fabric-b1-c4-r3-task-0164,fabric_vote_1,True,,2255,1783313573761,0,,False
1673,b2-fabric-b1-c4-r3,b2-fabric-b1-c4-r3-task-0166,fabric_vote_1,True,,2256,1783313573760,0,,False
1674,b2-fabric-b1-c4-r3,b2-fabric-b1-c4-r3-task-0165,fabric_vote_1,True,,2256,1783313573761,0,,False
1675,b2-fabric-b1-c4-r3,b2-fabric-b1-c4-r3-task-0165,fabric_vote_2,True,,2246,1783313576017,0,,False
1676,b2-fabric-b1-c4-r3,b2-fabric-b1-c4-r3-task-0167,fabric_vote_2,True,,2249,1783313576015,0,,False
1677,b2-fabric-b1-c4-r3,b2-fabric-b1-c4-r3-task-0166,fabric_vote_2,True,,2248,1783313576016,0,,False
1678,b2-fabric-b1-c4-r3,b2-fabric-b1-c4-r3-task-0164,fabric_vote_2,True,,2249,1783313576016,0,,False
1679,b2-fabric-b1-c4-r3,b2-fabric-b1-c4-r3-task-0164,fabric_settlement,True,,2288,1783313578265,0,,False
1680,b2-fabric-b1-c4-r3,b2-fabric-b1-c4-r3-task-0165,fabric_settlement,True,,2291,1783313578263,0,,False
1681,b2-fabric-b1-c4-r3,b2-fabric-b1-c4-r3-task-0167,fabric_settlement,True,,2291,1783313578264,0,,False
1682,b2-fabric-b1-c4-r3,b2-fabric-b1-c4-r3-task-0166,fabric_settlement,True,,2294,1783313578264,0,,False
1683,b2-fabric-b1-c4-r3,b2-fabric-b1-c4-r3-task-0166,fabric_query_final,True,,862,1783313580558,0,,False
1684,b2-fabric-b1-c4-r3,b2-fabric-b1-c4-r3-task-0164,fabric_query_final,True,,868,1783313580553,0,,False
1685,b2-fabric-b1-c4-r3,b2-fabric-b1-c4-r3-task-0165,fabric_query_final,True,,867,1783313580554,0,,False
1686,b2-fabric-b1-c4-r3,b2-fabric-b1-c4-r3-task-0167,fabric_query_final,True,,872,1783313580555,0,,False
1687,b2-fabric-b1-c4-r3,b2-fabric-b1-c4-r3-task-0166,ipfs_verify,True,,9,1783313581420,0,QmTApS5qYgw5B1RZ5zisGBzCjQxmJKLLc5piMQryNc95Lw,False
1688,b2-fabric-b1-c4-r3,b2-fabric-b1-c4-r3-task-0164,ipfs_verify,True,,9,1783313581421,0,QmenUvYwtVYLLgnnt9kzR3UcGRzkbap5J3M93Rp33ndQBW,False
1689,b2-fabric-b1-c4-r3,b2-fabric-b1-c4-r3-task-0165,ipfs_verify,True,,10,1783313581421,0,QmfCP6JMHwAJzdeV44wRErrYPKwmwJ5zKaxLaC7PSEh7Xv,False
1690,b2-fabric-b1-c4-r3,b2-fabric-b1-c4-r3-task-0167,ipfs_verify,True,,9,1783313581427,0,Qmb6sxdzbJZRHwThCpZp383LPMsQpPY5tVXmGq6tj6WAkE,False
1691,b2-fabric-b1-c4-r3,b2-fabric-b1-c4-r3-task-0168,ipfs_add,True,,35,1783313581430,3309,,False
1692,b2-fabric-b1-c4-r3,b2-fabric-b1-c4-r3-task-0170,ipfs_add,True,,71,1783313581431,4645,,False
1693,b2-fabric-b1-c4-r3,b2-fabric-b1-c4-r3-task-0169,ipfs_add,True,,91,1783313581430,7969,,False
1694,b2-fabric-b1-c4-r3,b2-fabric-b1-c4-r3-task-0171,ipfs_add,True,,86,1783313581436,4195,,False
1695,b2-fabric-b1-c4-r3,b2-fabric-b1-c4-r3-task-0170,fabric_post_task,True,,2533,1783313581502,4645,QmSos72kuKbiboaW2t61phLxW7ptKFQdMCisw6tNBtbcDE,False
1696,b2-fabric-b1-c4-r3,b2-fabric-b1-c4-r3-task-0171,fabric_post_task,True,,2514,1783313581522,4195,QmZjdLVQXtktv5yJUsy2JQrY7etRcY2dQbqD5P8k7FzLSd,False
1697,b2-fabric-b1-c4-r3,b2-fabric-b1-c4-r3-task-0169,fabric_post_task,True,,2515,1783313581521,7969,QmZLqC3g86PSYcSxK1cxvHGJ8Aik2UoKw8caWw7XhNXkPF,False
1698,b2-fabric-b1-c4-r3,b2-fabric-b1-c4-r3-task-0168,fabric_post_task,True,,2575,1783313581465,3309,QmW3R2ZUk1JeXnvoaVApYX6D73xdA2HnR93n8FvAGo1XWp,False
1699,b2-fabric-b1-c4-r3,b2-fabric-b1-c4-r3-task-0171,fabric_post_allocation,True,,2541,1783313584036,0,,False
1700,b2-fabric-b1-c4-r3,b2-fabric-b1-c4-r3-task-0169,fabric_post_allocation,True,,2542,1783313584036,0,,False
1701,b2-fabric-b1-c4-r3,b2-fabric-b1-c4-r3-task-0168,fabric_post_allocation,True,,2538,1783313584040,0,,False
1702,b2-fabric-b1-c4-r3,b2-fabric-b1-c4-r3-task-0170,fabric_post_allocation,True,,2545,1783313584035,0,,False
1703,b2-fabric-b1-c4-r3,b2-fabric-b1-c4-r3-task-0171,fabric_post_snapshot,True,,2253,1783313586577,0,,False
1704,b2-fabric-b1-c4-r3,b2-fabric-b1-c4-r3-task-0169,fabric_post_snapshot,True,,2253,1783313586578,0,,False
1705,b2-fabric-b1-c4-r3,b2-fabric-b1-c4-r3-task-0168,fabric_post_snapshot,True,,2253,1783313586578,0,,False
1706,b2-fabric-b1-c4-r3,b2-fabric-b1-c4-r3-task-0170,fabric_post_snapshot,True,,2253,1783313586580,0,,False
1707,b2-fabric-b1-c4-r3,b2-fabric-b1-c4-r3-task-0170,fabric_query_confirmation,True,,313,1783313588833,0,,False
1708,b2-fabric-b1-c4-r3,b2-fabric-b1-c4-r3-task-0169,fabric_query_confirmation,True,,316,1783313588831,0,,False
1709,b2-fabric-b1-c4-r3,b2-fabric-b1-c4-r3-task-0168,fabric_query_confirmation,True,,316,1783313588831,0,,False
1710,b2-fabric-b1-c4-r3,b2-fabric-b1-c4-r3-task-0171,fabric_query_confirmation,True,,317,1783313588830,0,,False
1711,b2-fabric-b1-c4-r3,b2-fabric-b1-c4-r3-task-0169,fabric_vote_1,True,,1301,1783313589147,0,,False
1712,b2-fabric-b1-c4-r3,b2-fabric-b1-c4-r3-task-0170,fabric_vote_1,True,,1303,1783313589146,0,,False
1713,b2-fabric-b1-c4-r3,b2-fabric-b1-c4-r3-task-0171,fabric_vote_1,True,,1303,1783313589147,0,,False
1714,b2-fabric-b1-c4-r3,b2-fabric-b1-c4-r3-task-0168,fabric_vote_1,True,,1306,1783313589147,0,,False
1715,b2-fabric-b1-c4-r3,b2-fabric-b1-c4-r3-task-0168,fabric_vote_2,True,,2462,1783313590453,0,,False
1716,b2-fabric-b1-c4-r3,b2-fabric-b1-c4-r3-task-0169,fabric_vote_2,True,,2467,1783313590448,0,,False
1717,b2-fabric-b1-c4-r3,b2-fabric-b1-c4-r3-task-0171,fabric_vote_2,True,,2466,1783313590450,0,,False
1718,b2-fabric-b1-c4-r3,b2-fabric-b1-c4-r3-task-0170,fabric_vote_2,True,,2469,1783313590449,0,,False
1719,b2-fabric-b1-c4-r3,b2-fabric-b1-c4-r3-task-0170,fabric_settlement,True,,2280,1783313592918,0,,False
1720,b2-fabric-b1-c4-r3,b2-fabric-b1-c4-r3-task-0168,fabric_settlement,True,,2285,1783313592915,0,,False
1721,b2-fabric-b1-c4-r3,b2-fabric-b1-c4-r3-task-0169,fabric_settlement,True,,2285,1783313592915,0,,False
1722,b2-fabric-b1-c4-r3,b2-fabric-b1-c4-r3-task-0171,fabric_settlement,True,,2285,1783313592916,0,,False
1723,b2-fabric-b1-c4-r3,b2-fabric-b1-c4-r3-task-0169,fabric_query_final,True,,359,1783313595200,0,,False
1724,b2-fabric-b1-c4-r3,b2-fabric-b1-c4-r3-task-0171,fabric_query_final,True,,359,1783313595201,0,,False
1725,b2-fabric-b1-c4-r3,b2-fabric-b1-c4-r3-task-0168,fabric_query_final,True,,360,1783313595200,0,,False
1726,b2-fabric-b1-c4-r3,b2-fabric-b1-c4-r3-task-0168,ipfs_verify,True,,6,1783313595560,0,QmW3R2ZUk1JeXnvoaVApYX6D73xdA2HnR93n8FvAGo1XWp,False
1727,b2-fabric-b1-c4-r3,b2-fabric-b1-c4-r3-task-0171,ipfs_verify,True,,6,1783313595560,0,QmZjdLVQXtktv5yJUsy2JQrY7etRcY2dQbqD5P8k7FzLSd,False
1728,b2-fabric-b1-c4-r3,b2-fabric-b1-c4-r3-task-0169,ipfs_verify,True,,8,1783313595559,0,QmZLqC3g86PSYcSxK1cxvHGJ8Aik2UoKw8caWw7XhNXkPF,False
1729,b2-fabric-b1-c4-r3,b2-fabric-b1-c4-r3-task-0173,ipfs_add,True,,31,1783313595566,4300,,False
1730,b2-fabric-b1-c4-r3,b2-fabric-b1-c4-r3-task-0174,ipfs_add,True,,65,1783313595567,5608,,False
1731,b2-fabric-b1-c4-r3,b2-fabric-b1-c4-r3-task-0172,ipfs_add,True,,66,1783313595566,1446,,False
1732,b2-fabric-b1-c4-r3,b2-fabric-b1-c4-r3-task-0170,fabric_query_final,True,,503,1783313595198,0,,False
1733,b2-fabric-b1-c4-r3,b2-fabric-b1-c4-r3-task-0170,ipfs_verify,True,,7,1783313595701,0,QmSos72kuKbiboaW2t61phLxW7ptKFQdMCisw6tNBtbcDE,False
1734,b2-fabric-b1-c4-r3,b2-fabric-b1-c4-r3-task-0175,ipfs_add,True,,29,1783313595708,3257,,False
1735,b2-fabric-b1-c4-r3,b2-fabric-b1-c4-r3-task-0173,fabric_post_task,True,,2275,1783313595598,4300,QmbfTxCmxcHLajsThp62tm2pwqsRpuG1kR3xMMAoDmU5AM,False
1736,b2-fabric-b1-c4-r3,b2-fabric-b1-c4-r3-task-0175,fabric_post_task,True,,2136,1783313595737,3257,Qme56HU6MmPTV4JMa2UFRRBLDMk4TTUSKEeBW74bEDj7dJ,False
1737,b2-fabric-b1-c4-r3,b2-fabric-b1-c4-r3-task-0174,fabric_post_task,True,,2242,1783313595632,5608,QmPxEGbddJ32igioNjm2AWhhmWQnoqqpTMJsfYKy6YhAFx,False
1738,b2-fabric-b1-c4-r3,b2-fabric-b1-c4-r3-task-0172,fabric_post_task,True,,2243,1783313595632,1446,QmWCXhJMHo5d7nRYTgmt9DNVZcy4VxB9ac3rTxcCb2NF2D,False
1739,b2-fabric-b1-c4-r3,b2-fabric-b1-c4-r3-task-0174,fabric_post_allocation,True,,2330,1783313597874,0,,False
1740,b2-fabric-b1-c4-r3,b2-fabric-b1-c4-r3-task-0172,fabric_post_allocation,True,,2330,1783313597875,0,,False
1741,b2-fabric-b1-c4-r3,b2-fabric-b1-c4-r3-task-0175,fabric_post_allocation,True,,2333,1783313597873,0,,False
1742,b2-fabric-b1-c4-r3,b2-fabric-b1-c4-r3-task-0173,fabric_post_allocation,True,,2335,1783313597873,0,,False
1743,b2-fabric-b1-c4-r3,b2-fabric-b1-c4-r3-task-0173,fabric_post_snapshot,True,,2458,1783313600208,0,,False
1744,b2-fabric-b1-c4-r3,b2-fabric-b1-c4-r3-task-0174,fabric_post_snapshot,True,,2463,1783313600204,0,,False
1745,b2-fabric-b1-c4-r3,b2-fabric-b1-c4-r3-task-0175,fabric_post_snapshot,True,,2461,1783313600206,0,,False
1746,b2-fabric-b1-c4-r3,b2-fabric-b1-c4-r3-task-0172,fabric_post_snapshot,True,,2465,1783313600205,0,,False
1747,b2-fabric-b1-c4-r3,b2-fabric-b1-c4-r3-task-0173,fabric_query_confirmation,True,,664,1783313602666,0,,False
1748,b2-fabric-b1-c4-r3,b2-fabric-b1-c4-r3-task-0174,fabric_query_confirmation,True,,665,1783313602667,0,,False
1749,b2-fabric-b1-c4-r3,b2-fabric-b1-c4-r3-task-0172,fabric_query_confirmation,True,,663,1783313602670,0,,False
1750,b2-fabric-b1-c4-r3,b2-fabric-b1-c4-r3-task-0175,fabric_query_confirmation,True,,667,1783313602667,0,,False
1751,b2-fabric-b1-c4-r3,b2-fabric-b1-c4-r3-task-0173,fabric_vote_1,True,,2321,1783313603330,0,,False
1752,b2-fabric-b1-c4-r3,b2-fabric-b1-c4-r3-task-0172,fabric_vote_1,True,,2318,1783313603333,0,,False
1753,b2-fabric-b1-c4-r3,b2-fabric-b1-c4-r3-task-0175,fabric_vote_1,True,,2318,1783313603334,0,,False
1754,b2-fabric-b1-c4-r3,b2-fabric-b1-c4-r3-task-0174,fabric_vote_1,True,,2322,1783313603332,0,,False
1755,b2-fabric-b1-c4-r3,b2-fabric-b1-c4-r3-task-0173,fabric_vote_2,True,,2468,1783313605651,0,,False
1756,b2-fabric-b1-c4-r3,b2-fabric-b1-c4-r3-task-0175,fabric_vote_2,True,,2468,1783313605652,0,,False
1757,b2-fabric-b1-c4-r3,b2-fabric-b1-c4-r3-task-0172,fabric_vote_2,True,,2470,1783313605651,0,,False
1758,b2-fabric-b1-c4-r3,b2-fabric-b1-c4-r3-task-0174,fabric_vote_2,True,,2468,1783313605654,0,,False
1759,b2-fabric-b1-c4-r3,b2-fabric-b1-c4-r3-task-0172,fabric_settlement,True,,2491,1783313608121,0,,False
1760,b2-fabric-b1-c4-r3,b2-fabric-b1-c4-r3-task-0173,fabric_settlement,True,,2495,1783313608119,0,,False
1761,b2-fabric-b1-c4-r3,b2-fabric-b1-c4-r3-task-0175,fabric_settlement,True,,2494,1783313608120,0,,False
1762,b2-fabric-b1-c4-r3,b2-fabric-b1-c4-r3-task-0174,fabric_settlement,True,,2495,1783313608122,0,,False
1763,b2-fabric-b1-c4-r3,b2-fabric-b1-c4-r3-task-0172,fabric_query_final,True,,706,1783313610612,0,,False
1764,b2-fabric-b1-c4-r3,b2-fabric-b1-c4-r3-task-0173,fabric_query_final,True,,705,1783313610614,0,,False
1765,b2-fabric-b1-c4-r3,b2-fabric-b1-c4-r3-task-0174,fabric_query_final,True,,703,1783313610617,0,,False
1766,b2-fabric-b1-c4-r3,b2-fabric-b1-c4-r3-task-0175,fabric_query_final,True,,708,1783313610614,0,,False
1767,b2-fabric-b1-c4-r3,b2-fabric-b1-c4-r3-task-0172,ipfs_verify,True,,7,1783313611318,0,QmWCXhJMHo5d7nRYTgmt9DNVZcy4VxB9ac3rTxcCb2NF2D,False
1768,b2-fabric-b1-c4-r3,b2-fabric-b1-c4-r3-task-0174,ipfs_verify,True,,6,1783313611320,0,QmPxEGbddJ32igioNjm2AWhhmWQnoqqpTMJsfYKy6YhAFx,False
1769,b2-fabric-b1-c4-r3,b2-fabric-b1-c4-r3-task-0173,ipfs_verify,True,,8,1783313611319,0,QmbfTxCmxcHLajsThp62tm2pwqsRpuG1kR3xMMAoDmU5AM,False
1770,b2-fabric-b1-c4-r3,b2-fabric-b1-c4-r3-task-0175,ipfs_verify,True,,6,1783313611322,0,Qme56HU6MmPTV4JMa2UFRRBLDMk4TTUSKEeBW74bEDj7dJ,False
1771,b2-fabric-b1-c4-r3,b2-fabric-b1-c4-r3-task-0176,ipfs_add,True,,32,1783313611325,4034,,False
1772,b2-fabric-b1-c4-r3,b2-fabric-b1-c4-r3-task-0177,ipfs_add,True,,47,1783313611326,5306,,False
1773,b2-fabric-b1-c4-r3,b2-fabric-b1-c4-r3-task-0178,ipfs_add,True,,63,1783313611327,4045,,False
1774,b2-fabric-b1-c4-r3,b2-fabric-b1-c4-r3-task-0179,ipfs_add,True,,77,1783313611328,4715,,False
1775,b2-fabric-b1-c4-r3,b2-fabric-b1-c4-r3-task-0178,fabric_post_task,True,,2423,1783313611390,4045,QmcMmCeXPTgB5hUZ5zyMPbzTYpXhmULJPRgFkQk49JE2yo,False
1776,b2-fabric-b1-c4-r3,b2-fabric-b1-c4-r3-task-0179,fabric_post_task,True,,2409,1783313611405,4715,QmQrqM4ZAvnyMT9d45SyZYnGsRCBnWyWFkrZS7cSaxgJa7,False
1777,b2-fabric-b1-c4-r3,b2-fabric-b1-c4-r3-task-0176,fabric_post_task,True,,2457,1783313611358,4034,QmWYpLa462QawExYZYEgndjMGHkBMC8A8zrbHbrtqQ4Wqh,False
1778,b2-fabric-b1-c4-r3,b2-fabric-b1-c4-r3-task-0177,fabric_post_task,True,,2444,1783313611373,5306,Qme3x2wCQzF4crmA39HiD75kt4VPr32vpRsBDzTvRxgq25,False
1779,b2-fabric-b1-c4-r3,b2-fabric-b1-c4-r3-task-0178,fabric_post_allocation,True,,2514,1783313613813,0,,False
1780,b2-fabric-b1-c4-r3,b2-fabric-b1-c4-r3-task-0176,fabric_post_allocation,True,,2513,1783313613815,0,,False
1781,b2-fabric-b1-c4-r3,b2-fabric-b1-c4-r3-task-0179,fabric_post_allocation,True,,2515,1783313613814,0,,False
1782,b2-fabric-b1-c4-r3,b2-fabric-b1-c4-r3-task-0177,fabric_post_allocation,True,,2512,1783313613817,0,,False
1783,b2-fabric-b1-c4-r3,b2-fabric-b1-c4-r3-task-0176,fabric_post_snapshot,True,,2247,1783313616328,0,,False
1784,b2-fabric-b1-c4-r3,b2-fabric-b1-c4-r3-task-0177,fabric_post_snapshot,True,,2247,1783313616329,0,,False
1785,b2-fabric-b1-c4-r3,b2-fabric-b1-c4-r3-task-0178,fabric_post_snapshot,True,,2250,1783313616327,0,,False
1786,b2-fabric-b1-c4-r3,b2-fabric-b1-c4-r3-task-0179,fabric_post_snapshot,True,,2248,1783313616329,0,,False
1787,b2-fabric-b1-c4-r3,b2-fabric-b1-c4-r3-task-0176,fabric_query_confirmation,True,,111,1783313618575,0,,False
1788,b2-fabric-b1-c4-r3,b2-fabric-b1-c4-r3-task-0179,fabric_query_confirmation,True,,109,1783313618577,0,,False
1789,b2-fabric-b1-c4-r3,b2-fabric-b1-c4-r3-task-0178,fabric_query_confirmation,True,,110,1783313618577,0,,False
1790,b2-fabric-b1-c4-r3,b2-fabric-b1-c4-r3-task-0177,fabric_query_confirmation,True,,113,1783313618576,0,,False
1791,b2-fabric-b1-c4-r3,b2-fabric-b1-c4-r3-task-0176,fabric_vote_1,True,,1547,1783313618686,0,,False
1792,b2-fabric-b1-c4-r3,b2-fabric-b1-c4-r3-task-0177,fabric_vote_1,True,,1544,1783313618689,0,,False
1793,b2-fabric-b1-c4-r3,b2-fabric-b1-c4-r3-task-0178,fabric_vote_1,True,,1547,1783313618687,0,,False
1794,b2-fabric-b1-c4-r3,b2-fabric-b1-c4-r3-task-0179,fabric_vote_1,True,,1551,1783313618686,0,,False
1795,b2-fabric-b1-c4-r3,b2-fabric-b1-c4-r3-task-0176,fabric_vote_2,True,,2440,1783313620233,0,,False
1796,b2-fabric-b1-c4-r3,b2-fabric-b1-c4-r3-task-0177,fabric_vote_2,True,,2442,1783313620233,0,,False
1797,b2-fabric-b1-c4-r3,b2-fabric-b1-c4-r3-task-0178,fabric_vote_2,True,,2442,1783313620234,0,,False
1798,b2-fabric-b1-c4-r3,b2-fabric-b1-c4-r3-task-0179,fabric_vote_2,True,,2439,1783313620237,0,,False
1799,b2-fabric-b1-c4-r3,b2-fabric-b1-c4-r3-task-0176,fabric_settlement,True,,2320,1783313622673,0,,False
1800,b2-fabric-b1-c4-r3,b2-fabric-b1-c4-r3-task-0179,fabric_settlement,True,,2317,1783313622676,0,,False
1801,b2-fabric-b1-c4-r3,b2-fabric-b1-c4-r3-task-0177,fabric_settlement,True,,2319,1783313622675,0,,False
1802,b2-fabric-b1-c4-r3,b2-fabric-b1-c4-r3-task-0178,fabric_settlement,True,,2320,1783313622676,0,,False
1803,b2-fabric-b1-c4-r3,b2-fabric-b1-c4-r3-task-0179,fabric_query_final,True,,933,1783313624993,0,,False
1804,b2-fabric-b1-c4-r3,b2-fabric-b1-c4-r3-task-0177,fabric_query_final,True,,933,1783313624994,0,,False
1805,b2-fabric-b1-c4-r3,b2-fabric-b1-c4-r3-task-0178,fabric_query_final,True,,931,1783313624996,0,,False
1806,b2-fabric-b1-c4-r3,b2-fabric-b1-c4-r3-task-0176,fabric_query_final,True,,937,1783313624993,0,,False
1807,b2-fabric-b1-c4-r3,b2-fabric-b1-c4-r3-task-0179,ipfs_verify,True,,7,1783313625926,0,QmQrqM4ZAvnyMT9d45SyZYnGsRCBnWyWFkrZS7cSaxgJa7,False
1808,b2-fabric-b1-c4-r3,b2-fabric-b1-c4-r3-task-0178,ipfs_verify,True,,7,1783313625927,0,QmcMmCeXPTgB5hUZ5zyMPbzTYpXhmULJPRgFkQk49JE2yo,False
1809,b2-fabric-b1-c4-r3,b2-fabric-b1-c4-r3-task-0177,ipfs_verify,True,,8,1783313625927,0,Qme3x2wCQzF4crmA39HiD75kt4VPr32vpRsBDzTvRxgq25,False
1810,b2-fabric-b1-c4-r3,b2-fabric-b1-c4-r3-task-0176,ipfs_verify,True,,7,1783313625930,0,QmWYpLa462QawExYZYEgndjMGHkBMC8A8zrbHbrtqQ4Wqh,False
1811,b2-fabric-b1-c4-r3,b2-fabric-b1-c4-r3-task-0181,ipfs_add,True,,24,1783313625934,7983,,False
1812,b2-fabric-b1-c4-r3,b2-fabric-b1-c4-r3-task-0182,ipfs_add,True,,38,1783313625935,7430,,False
1813,b2-fabric-b1-c4-r3,b2-fabric-b1-c4-r3-task-0180,ipfs_add,True,,56,1783313625933,2760,,False
1814,b2-fabric-b1-c4-r3,b2-fabric-b1-c4-r3-task-0183,ipfs_add,True,,67,1783313625937,4217,,False
1815,b2-fabric-b1-c4-r3,b2-fabric-b1-c4-r3-task-0180,fabric_post_task,True,,2436,1783313625989,2760,QmR6Px5R1u5xpqRRLw23vf5EBSJuihmVCpGdNJzv4EWUGT,False
1816,b2-fabric-b1-c4-r3,b2-fabric-b1-c4-r3-task-0183,fabric_post_task,True,,2422,1783313626004,4217,QmbPwt9E6tLQ5debxusYUVQUr65wy3vAm8TvxdJjEf6yoF,False
1817,b2-fabric-b1-c4-r3,b2-fabric-b1-c4-r3-task-0181,fabric_post_task,True,,2469,1783313625958,7983,QmXfW8NQE7G8zKM2qSnSb7fyMnVy3r3ZfRZA2fMzkkS18d,False
1818,b2-fabric-b1-c4-r3,b2-fabric-b1-c4-r3-task-0182,fabric_post_task,True,,2454,1783313625973,7430,QmPh87qX4uXxDva18VFEqYFHobSnGGDvKi4JqHTLbhxoLw,False
1819,b2-fabric-b1-c4-r3,b2-fabric-b1-c4-r3-task-0182,fabric_post_allocation,True,,2330,1783313628427,0,,False
1820,b2-fabric-b1-c4-r3,b2-fabric-b1-c4-r3-task-0180,fabric_post_allocation,True,,2332,1783313628426,0,,False
1821,b2-fabric-b1-c4-r3,b2-fabric-b1-c4-r3-task-0181,fabric_post_allocation,True,,2332,1783313628427,0,,False
1822,b2-fabric-b1-c4-r3,b2-fabric-b1-c4-r3-task-0183,fabric_post_allocation,True,,2335,1783313628426,0,,False
1823,b2-fabric-b1-c4-r3,b2-fabric-b1-c4-r3-task-0182,fabric_post_snapshot,True,,2831,1783313630757,0,,False
1824,b2-fabric-b1-c4-r3,b2-fabric-b1-c4-r3-task-0183,fabric_post_snapshot,True,,2828,1783313630761,0,,False
1825,b2-fabric-b1-c4-r3,b2-fabric-b1-c4-r3-task-0180,fabric_post_snapshot,True,,2831,1783313630758,0,,False
1826,b2-fabric-b1-c4-r3,b2-fabric-b1-c4-r3-task-0181,fabric_post_snapshot,True,,2833,1783313630759,0,,False
1827,b2-fabric-b1-c4-r3,b2-fabric-b1-c4-r3-task-0183,fabric_query_confirmation,True,,311,1783313633589,0,,False
1828,b2-fabric-b1-c4-r3,b2-fabric-b1-c4-r3-task-0182,fabric_query_confirmation,True,,313,1783313633588,0,,False
1829,b2-fabric-b1-c4-r3,b2-fabric-b1-c4-r3-task-0181,fabric_query_confirmation,True,,310,1783313633592,0,,False
1830,b2-fabric-b1-c4-r3,b2-fabric-b1-c4-r3-task-0180,fabric_query_confirmation,True,,313,1783313633589,0,,False
1831,b2-fabric-b1-c4-r3,b2-fabric-b1-c4-r3-task-0183,fabric_vote_1,True,,2297,1783313633900,0,,False
1832,b2-fabric-b1-c4-r3,b2-fabric-b1-c4-r3-task-0180,fabric_vote_1,True,,2296,1783313633902,0,,False
1833,b2-fabric-b1-c4-r3,b2-fabric-b1-c4-r3-task-0182,fabric_vote_1,True,,2297,1783313633901,0,,False
1834,b2-fabric-b1-c4-r3,b2-fabric-b1-c4-r3-task-0181,fabric_vote_1,True,,2297,1783313633902,0,,False
1835,b2-fabric-b1-c4-r3,b2-fabric-b1-c4-r3-task-0181,fabric_vote_2,True,,2254,1783313636199,0,,False
1836,b2-fabric-b1-c4-r3,b2-fabric-b1-c4-r3-task-0180,fabric_vote_2,True,,2257,1783313636198,0,,False
1837,b2-fabric-b1-c4-r3,b2-fabric-b1-c4-r3-task-0182,fabric_vote_2,True,,2257,1783313636198,0,,False
1838,b2-fabric-b1-c4-r3,b2-fabric-b1-c4-r3-task-0183,fabric_vote_2,True,,2260,1783313636197,0,,False
1839,b2-fabric-b1-c4-r3,b2-fabric-b1-c4-r3-task-0182,fabric_settlement,True,,2497,1783313638455,0,,False
1840,b2-fabric-b1-c4-r3,b2-fabric-b1-c4-r3-task-0181,fabric_settlement,True,,2499,1783313638454,0,,False
1841,b2-fabric-b1-c4-r3,b2-fabric-b1-c4-r3-task-0180,fabric_settlement,True,,2499,1783313638455,0,,False
1842,b2-fabric-b1-c4-r3,b2-fabric-b1-c4-r3-task-0183,fabric_settlement,True,,2500,1783313638457,0,,False
1843,b2-fabric-b1-c4-r3,b2-fabric-b1-c4-r3-task-0183,fabric_query_final,True,,509,1783313640957,0,,False
1844,b2-fabric-b1-c4-r3,b2-fabric-b1-c4-r3-task-0181,fabric_query_final,True,,514,1783313640953,0,,False
1845,b2-fabric-b1-c4-r3,b2-fabric-b1-c4-r3-task-0180,fabric_query_final,True,,514,1783313640954,0,,False
1846,b2-fabric-b1-c4-r3,b2-fabric-b1-c4-r3-task-0182,fabric_query_final,True,,520,1783313640952,0,,False
1847,b2-fabric-b1-c4-r3,b2-fabric-b1-c4-r3-task-0181,ipfs_verify,True,,8,1783313641467,0,QmXfW8NQE7G8zKM2qSnSb7fyMnVy3r3ZfRZA2fMzkkS18d,False
1848,b2-fabric-b1-c4-r3,b2-fabric-b1-c4-r3-task-0180,ipfs_verify,True,,7,1783313641468,0,QmR6Px5R1u5xpqRRLw23vf5EBSJuihmVCpGdNJzv4EWUGT,False
1849,b2-fabric-b1-c4-r3,b2-fabric-b1-c4-r3-task-0183,ipfs_verify,True,,9,1783313641467,0,QmbPwt9E6tLQ5debxusYUVQUr65wy3vAm8TvxdJjEf6yoF,False
1850,b2-fabric-b1-c4-r3,b2-fabric-b1-c4-r3-task-0182,ipfs_verify,True,,6,1783313641472,0,QmPh87qX4uXxDva18VFEqYFHobSnGGDvKi4JqHTLbhxoLw,False
1851,b2-fabric-b1-c4-r3,b2-fabric-b1-c4-r3-task-0184,ipfs_add,True,,30,1783313641475,4322,,False
1852,b2-fabric-b1-c4-r3,b2-fabric-b1-c4-r3-task-0185,ipfs_add,True,,47,1783313641475,4040,,False
1853,b2-fabric-b1-c4-r3,b2-fabric-b1-c4-r3-task-0186,ipfs_add,True,,64,1783313641476,3760,,False
1854,b2-fabric-b1-c4-r3,b2-fabric-b1-c4-r3-task-0187,ipfs_add,True,,79,1783313641478,3817,,False
1855,b2-fabric-b1-c4-r3,b2-fabric-b1-c4-r3-task-0186,fabric_post_task,True,,2465,1783313641540,3760,QmZA8PgSFKJwCnC8xR9o1nzuniwJhwtRPJevn7qR23cM26,False
1856,b2-fabric-b1-c4-r3,b2-fabric-b1-c4-r3-task-0187,fabric_post_task,True,,2450,1783313641557,3817,Qmf8fbnaf3R2y5rxjCXbb3pgaPsQKQp68yoMb3dsh3Aeyh,False
1857,b2-fabric-b1-c4-r3,b2-fabric-b1-c4-r3-task-0184,fabric_post_task,True,,2503,1783313641505,4322,QmPSZKSDhc3oMmRRsdGa893tPo9QETi3JkqUddqajNAxLy,False
1858,b2-fabric-b1-c4-r3,b2-fabric-b1-c4-r3-task-0185,fabric_post_task,True,,2487,1783313641522,4040,QmT4bZjUycokNSYzs2a92RaLgz1rz7cYRBH2nyFGYtkV7Q,False
1859,b2-fabric-b1-c4-r3,b2-fabric-b1-c4-r3-task-0185,fabric_post_allocation,True,,2307,1783313644009,0,,False
1860,b2-fabric-b1-c4-r3,b2-fabric-b1-c4-r3-task-0186,fabric_post_allocation,True,,2311,1783313644006,0,,False
1861,b2-fabric-b1-c4-r3,b2-fabric-b1-c4-r3-task-0187,fabric_post_allocation,True,,2311,1783313644007,0,,False
1862,b2-fabric-b1-c4-r3,b2-fabric-b1-c4-r3-task-0184,fabric_post_allocation,True,,2311,1783313644008,0,,False
1863,b2-fabric-b1-c4-r3,b2-fabric-b1-c4-r3-task-0187,fabric_post_snapshot,True,,1413,1783313646318,0,,False
1864,b2-fabric-b1-c4-r3,b2-fabric-b1-c4-r3-task-0185,fabric_post_snapshot,True,,1415,1783313646316,0,,False
1865,b2-fabric-b1-c4-r3,b2-fabric-b1-c4-r3-task-0186,fabric_post_snapshot,True,,1415,1783313646317,0,,False
1866,b2-fabric-b1-c4-r3,b2-fabric-b1-c4-r3-task-0184,fabric_post_snapshot,True,,1414,1783313646319,0,,False
1867,b2-fabric-b1-c4-r3,b2-fabric-b1-c4-r3-task-0186,fabric_query_confirmation,True,,317,1783313647732,0,,False
1868,b2-fabric-b1-c4-r3,b2-fabric-b1-c4-r3-task-0184,fabric_query_confirmation,True,,317,1783313647733,0,,False
1869,b2-fabric-b1-c4-r3,b2-fabric-b1-c4-r3-task-0187,fabric_query_confirmation,True,,319,1783313647731,0,,False
1870,b2-fabric-b1-c4-r3,b2-fabric-b1-c4-r3-task-0185,fabric_query_confirmation,True,,320,1783313647731,0,,False
1871,b2-fabric-b1-c4-r3,b2-fabric-b1-c4-r3-task-0187,fabric_vote_1,True,,2249,1783313648050,0,,False
1872,b2-fabric-b1-c4-r3,b2-fabric-b1-c4-r3-task-0184,fabric_vote_1,True,,2249,1783313648050,0,,False
1873,b2-fabric-b1-c4-r3,b2-fabric-b1-c4-r3-task-0185,fabric_vote_1,True,,2250,1783313648051,0,,False
1874,b2-fabric-b1-c4-r3,b2-fabric-b1-c4-r3-task-0186,fabric_vote_1,True,,2252,1783313648049,0,,False
1875,b2-fabric-b1-c4-r3,b2-fabric-b1-c4-r3-task-0184,fabric_vote_2,True,,2245,1783313650299,0,,False
1876,b2-fabric-b1-c4-r3,b2-fabric-b1-c4-r3-task-0186,fabric_vote_2,True,,2243,1783313650301,0,,False
1877,b2-fabric-b1-c4-r3,b2-fabric-b1-c4-r3-task-0187,fabric_vote_2,True,,2246,1783313650299,0,,False
1878,b2-fabric-b1-c4-r3,b2-fabric-b1-c4-r3-task-0185,fabric_vote_2,True,,2247,1783313650301,0,,False
1879,b2-fabric-b1-c4-r3,b2-fabric-b1-c4-r3-task-0187,fabric_settlement,True,,2522,1783313652545,0,,False
1880,b2-fabric-b1-c4-r3,b2-fabric-b1-c4-r3-task-0184,fabric_settlement,True,,2525,1783313652544,0,,False
1881,b2-fabric-b1-c4-r3,b2-fabric-b1-c4-r3-task-0186,fabric_settlement,True,,2525,1783313652544,0,,False
1882,b2-fabric-b1-c4-r3,b2-fabric-b1-c4-r3-task-0185,fabric_settlement,True,,2522,1783313652548,0,,False
1883,b2-fabric-b1-c4-r3,b2-fabric-b1-c4-r3-task-0187,fabric_query_final,True,,354,1783313655067,0,,False
1884,b2-fabric-b1-c4-r3,b2-fabric-b1-c4-r3-task-0184,fabric_query_final,True,,353,1783313655069,0,,False
1885,b2-fabric-b1-c4-r3,b2-fabric-b1-c4-r3-task-0186,fabric_query_final,True,,354,1783313655069,0,,False
1886,b2-fabric-b1-c4-r3,b2-fabric-b1-c4-r3-task-0185,fabric_query_final,True,,357,1783313655071,0,,False
1887,b2-fabric-b1-c4-r3,b2-fabric-b1-c4-r3-task-0184,ipfs_verify,True,,7,1783313655422,0,QmPSZKSDhc3oMmRRsdGa893tPo9QETi3JkqUddqajNAxLy,False
1888,b2-fabric-b1-c4-r3,b2-fabric-b1-c4-r3-task-0186,ipfs_verify,True,,6,1783313655423,0,QmZA8PgSFKJwCnC8xR9o1nzuniwJhwtRPJevn7qR23cM26,False
1889,b2-fabric-b1-c4-r3,b2-fabric-b1-c4-r3-task-0187,ipfs_verify,True,,9,1783313655421,0,Qmf8fbnaf3R2y5rxjCXbb3pgaPsQKQp68yoMb3dsh3Aeyh,False
1890,b2-fabric-b1-c4-r3,b2-fabric-b1-c4-r3-task-0185,ipfs_verify,True,,10,1783313655428,0,QmT4bZjUycokNSYzs2a92RaLgz1rz7cYRBH2nyFGYtkV7Q,False
1891,b2-fabric-b1-c4-r3,b2-fabric-b1-c4-r3-task-0188,ipfs_add,True,,31,1783313655429,3588,,False
1892,b2-fabric-b1-c4-r3,b2-fabric-b1-c4-r3-task-0190,ipfs_add,True,,47,1783313655430,4444,,False
1893,b2-fabric-b1-c4-r3,b2-fabric-b1-c4-r3-task-0189,ipfs_add,True,,64,1783313655429,3813,,False
1894,b2-fabric-b1-c4-r3,b2-fabric-b1-c4-r3-task-0191,ipfs_add,True,,71,1783313655438,4761,,False
1895,b2-fabric-b1-c4-r3,b2-fabric-b1-c4-r3-task-0190,fabric_post_task,True,,2452,1783313655477,4444,QmTYyB6jg19PhoaP2Bg8ox3B4TonwPSLo68XR9yyH3VskB,False
1896,b2-fabric-b1-c4-r3,b2-fabric-b1-c4-r3-task-0191,fabric_post_task,True,,2423,1783313655509,4761,QmQK4ChDQQAbfnUHBQHNjhVcC13LjvmaW51QAJHKkyJuWr,False
1897,b2-fabric-b1-c4-r3,b2-fabric-b1-c4-r3-task-0188,fabric_post_task,True,,2472,1783313655460,3588,QmcA2snS31e3yhCPjoMSmuW8w6FVceBCsiYRZuzgLXJZRG,False
1898,b2-fabric-b1-c4-r3,b2-fabric-b1-c4-r3-task-0189,fabric_post_task,True,,2440,1783313655493,3813,QmddcGv3BfwnFZsm5H1ArqWuKN7jPveB9ZhCJXqBYVXr4Z,False
1899,b2-fabric-b1-c4-r3,b2-fabric-b1-c4-r3-task-0188,fabric_post_allocation,True,,2305,1783313657932,0,,False
1900,b2-fabric-b1-c4-r3,b2-fabric-b1-c4-r3-task-0189,fabric_post_allocation,True,,2305,1783313657933,0,,False
1901,b2-fabric-b1-c4-r3,b2-fabric-b1-c4-r3-task-0191,fabric_post_allocation,True,,2306,1783313657932,0,,False
1902,b2-fabric-b1-c4-r3,b2-fabric-b1-c4-r3-task-0190,fabric_post_allocation,True,,2312,1783313657929,0,,False
1903,b2-fabric-b1-c4-r3,b2-fabric-b1-c4-r3-task-0188,fabric_post_snapshot,True,,2768,1783313660237,0,,False
1904,b2-fabric-b1-c4-r3,b2-fabric-b1-c4-r3-task-0189,fabric_post_snapshot,True,,2768,1783313660238,0,,False
1905,b2-fabric-b1-c4-r3,b2-fabric-b1-c4-r3-task-0190,fabric_post_snapshot,True,,2766,1783313660241,0,,False
1906,b2-fabric-b1-c4-r3,b2-fabric-b1-c4-r3-task-0191,fabric_post_snapshot,True,,2770,1783313660238,0,,False
1907,b2-fabric-b1-c4-r3,b2-fabric-b1-c4-r3-task-0190,fabric_query_confirmation,True,,118,1783313663007,0,,False
1908,b2-fabric-b1-c4-r3,b2-fabric-b1-c4-r3-task-0189,fabric_query_confirmation,True,,120,1783313663006,0,,False
1909,b2-fabric-b1-c4-r3,b2-fabric-b1-c4-r3-task-0191,fabric_query_confirmation,True,,118,1783313663008,0,,False
1910,b2-fabric-b1-c4-r3,b2-fabric-b1-c4-r3-task-0188,fabric_query_confirmation,True,,123,1783313663005,0,,False
1911,b2-fabric-b1-c4-r3,b2-fabric-b1-c4-r3-task-0189,fabric_vote_1,True,,2496,1783313663126,0,,False
1912,b2-fabric-b1-c4-r3,b2-fabric-b1-c4-r3-task-0190,fabric_vote_1,True,,2498,1783313663125,0,,False
1913,b2-fabric-b1-c4-r3,b2-fabric-b1-c4-r3-task-0191,fabric_vote_1,True,,2497,1783313663126,0,,False
1914,b2-fabric-b1-c4-r3,b2-fabric-b1-c4-r3-task-0188,fabric_vote_1,True,,2497,1783313663128,0,,False
1915,b2-fabric-b1-c4-r3,b2-fabric-b1-c4-r3-task-0191,fabric_vote_2,True,,2437,1783313665623,0,,False
1916,b2-fabric-b1-c4-r3,b2-fabric-b1-c4-r3-task-0189,fabric_vote_2,True,,2440,1783313665622,0,,False
1917,b2-fabric-b1-c4-r3,b2-fabric-b1-c4-r3-task-0188,fabric_vote_2,True,,2438,1783313665625,0,,False
1918,b2-fabric-b1-c4-r3,b2-fabric-b1-c4-r3-task-0190,fabric_vote_2,True,,2440,1783313665623,0,,False
1919,b2-fabric-b1-c4-r3,b2-fabric-b1-c4-r3-task-0191,fabric_settlement,True,,2303,1783313668060,0,,False
1920,b2-fabric-b1-c4-r3,b2-fabric-b1-c4-r3-task-0189,fabric_settlement,True,,2302,1783313668062,0,,False
1921,b2-fabric-b1-c4-r3,b2-fabric-b1-c4-r3-task-0190,fabric_settlement,True,,2301,1783313668063,0,,False
1922,b2-fabric-b1-c4-r3,b2-fabric-b1-c4-r3-task-0188,fabric_settlement,True,,2302,1783313668063,0,,False
1923,b2-fabric-b1-c4-r3,b2-fabric-b1-c4-r3-task-0188,fabric_query_final,True,,524,1783313670365,0,,False
1924,b2-fabric-b1-c4-r3,b2-fabric-b1-c4-r3-task-0190,fabric_query_final,True,,525,1783313670364,0,,False
1925,b2-fabric-b1-c4-r3,b2-fabric-b1-c4-r3-task-0189,fabric_query_final,True,,526,1783313670364,0,,False
1926,b2-fabric-b1-c4-r3,b2-fabric-b1-c4-r3-task-0191,fabric_query_final,True,,530,1783313670363,0,,False
1927,b2-fabric-b1-c4-r3,b2-fabric-b1-c4-r3-task-0190,ipfs_verify,True,,7,1783313670889,0,QmTYyB6jg19PhoaP2Bg8ox3B4TonwPSLo68XR9yyH3VskB,False
1928,b2-fabric-b1-c4-r3,b2-fabric-b1-c4-r3-task-0188,ipfs_verify,True,,8,1783313670889,0,QmcA2snS31e3yhCPjoMSmuW8w6FVceBCsiYRZuzgLXJZRG,False
1929,b2-fabric-b1-c4-r3,b2-fabric-b1-c4-r3-task-0189,ipfs_verify,True,,7,1783313670890,0,QmddcGv3BfwnFZsm5H1ArqWuKN7jPveB9ZhCJXqBYVXr4Z,False
1930,b2-fabric-b1-c4-r3,b2-fabric-b1-c4-r3-task-0191,ipfs_verify,True,,6,1783313670893,0,QmQK4ChDQQAbfnUHBQHNjhVcC13LjvmaW51QAJHKkyJuWr,False
1931,b2-fabric-b1-c4-r3,b2-fabric-b1-c4-r3-task-0192,ipfs_add,True,,29,1783313670896,4212,,False
1932,b2-fabric-b1-c4-r3,b2-fabric-b1-c4-r3-task-0193,ipfs_add,True,,44,1783313670897,3656,,False
1933,b2-fabric-b1-c4-r3,b2-fabric-b1-c4-r3-task-0194,ipfs_add,True,,61,1783313670897,5127,,False
1934,b2-fabric-b1-c4-r3,b2-fabric-b1-c4-r3-task-0195,ipfs_add,True,,74,1783313670899,4765,,False
1935,b2-fabric-b1-c4-r3,b2-fabric-b1-c4-r3-task-0192,fabric_post_task,True,,2447,1783313670925,4212,QmWMsVVs2hySKHixiKJetRsQBSH7CcjzbQrS3sZphmmfLm,False
1936,b2-fabric-b1-c4-r3,b2-fabric-b1-c4-r3-task-0194,fabric_post_task,True,,2415,1783313670958,5127,QmUQkF6tMKomfpeYcTdtmNy7TBXYJGRPRM9P1cpCwR1MJF,False
1937,b2-fabric-b1-c4-r3,b2-fabric-b1-c4-r3-task-0195,fabric_post_task,True,,2400,1783313670973,4765,QmWaLq11VC2STk3MM8gwJdsmwiV6pMb8XyjpXUZRgju27h,False
1938,b2-fabric-b1-c4-r3,b2-fabric-b1-c4-r3-task-0193,fabric_post_task,True,,2433,1783313670941,3656,QmW9nojj3tyFNDDEodDC3x43Y5jA3Ac4z7TE78zw1HD6qu,False
1939,b2-fabric-b1-c4-r3,b2-fabric-b1-c4-r3-task-0195,fabric_post_allocation,True,,2336,1783313673373,0,,False
1940,b2-fabric-b1-c4-r3,b2-fabric-b1-c4-r3-task-0193,fabric_post_allocation,True,,2336,1783313673374,0,,False
1941,b2-fabric-b1-c4-r3,b2-fabric-b1-c4-r3-task-0194,fabric_post_allocation,True,,2337,1783313673373,0,,False
1942,b2-fabric-b1-c4-r3,b2-fabric-b1-c4-r3-task-0192,fabric_post_allocation,True,,2339,1783313673372,0,,False
1943,b2-fabric-b1-c4-r3,b2-fabric-b1-c4-r3-task-0193,fabric_post_snapshot,True,,1380,1783313675710,0,,False
1944,b2-fabric-b1-c4-r3,b2-fabric-b1-c4-r3-task-0192,fabric_post_snapshot,True,,1379,1783313675711,0,,False
1945,b2-fabric-b1-c4-r3,b2-fabric-b1-c4-r3-task-0194,fabric_post_snapshot,True,,1380,1783313675711,0,,False
1946,b2-fabric-b1-c4-r3,b2-fabric-b1-c4-r3-task-0195,fabric_post_snapshot,True,,1382,1783313675709,0,,False
1947,b2-fabric-b1-c4-r3,b2-fabric-b1-c4-r3-task-0195,fabric_query_confirmation,True,,118,1783313677091,0,,False
1948,b2-fabric-b1-c4-r3,b2-fabric-b1-c4-r3-task-0193,fabric_query_confirmation,True,,120,1783313677090,0,,False
1949,b2-fabric-b1-c4-r3,b2-fabric-b1-c4-r3-task-0192,fabric_query_confirmation,True,,120,1783313677090,0,,False
1950,b2-fabric-b1-c4-r3,b2-fabric-b1-c4-r3-task-0194,fabric_query_confirmation,True,,121,1783313677091,0,,False
1951,b2-fabric-b1-c4-r3,b2-fabric-b1-c4-r3-task-0192,fabric_vote_1,True,,2245,1783313677210,0,,False
1952,b2-fabric-b1-c4-r3,b2-fabric-b1-c4-r3-task-0193,fabric_vote_1,True,,2246,1783313677210,0,,False
1953,b2-fabric-b1-c4-r3,b2-fabric-b1-c4-r3-task-0194,fabric_vote_1,True,,2246,1783313677212,0,,False
1954,b2-fabric-b1-c4-r3,b2-fabric-b1-c4-r3-task-0195,fabric_vote_1,True,,2250,1783313677209,0,,False
1955,b2-fabric-b1-c4-r3,b2-fabric-b1-c4-r3-task-0192,fabric_vote_2,True,,2433,1783313679455,0,,False
1956,b2-fabric-b1-c4-r3,b2-fabric-b1-c4-r3-task-0194,fabric_vote_2,True,,2432,1783313679458,0,,False
1957,b2-fabric-b1-c4-r3,b2-fabric-b1-c4-r3-task-0195,fabric_vote_2,True,,2431,1783313679459,0,,False
1958,b2-fabric-b1-c4-r3,b2-fabric-b1-c4-r3-task-0193,fabric_vote_2,True,,2435,1783313679456,0,,False
1959,b2-fabric-b1-c4-r3,b2-fabric-b1-c4-r3-task-0194,fabric_settlement,True,,2291,1783313681890,0,,False
1960,b2-fabric-b1-c4-r3,b2-fabric-b1-c4-r3-task-0195,fabric_settlement,True,,2292,1783313681890,0,,False
1961,b2-fabric-b1-c4-r3,b2-fabric-b1-c4-r3-task-0192,fabric_settlement,True,,2294,1783313681888,0,,False
1962,b2-fabric-b1-c4-r3,b2-fabric-b1-c4-r3-task-0193,fabric_settlement,True,,2293,1783313681891,0,,False
1963,b2-fabric-b1-c4-r3,b2-fabric-b1-c4-r3-task-0193,fabric_query_final,True,,348,1783313684184,0,,False
1964,b2-fabric-b1-c4-r3,b2-fabric-b1-c4-r3-task-0194,fabric_query_final,True,,352,1783313684181,0,,False
1965,b2-fabric-b1-c4-r3,b2-fabric-b1-c4-r3-task-0195,fabric_query_final,True,,351,1783313684182,0,,False
1966,b2-fabric-b1-c4-r3,b2-fabric-b1-c4-r3-task-0194,ipfs_verify,True,,7,1783313684533,0,QmUQkF6tMKomfpeYcTdtmNy7TBXYJGRPRM9P1cpCwR1MJF,False
1967,b2-fabric-b1-c4-r3,b2-fabric-b1-c4-r3-task-0195,ipfs_verify,True,,8,1783313684533,0,QmWaLq11VC2STk3MM8gwJdsmwiV6pMb8XyjpXUZRgju27h,False
1968,b2-fabric-b1-c4-r3,b2-fabric-b1-c4-r3-task-0193,ipfs_verify,True,,9,1783313684532,0,QmW9nojj3tyFNDDEodDC3x43Y5jA3Ac4z7TE78zw1HD6qu,False
1969,b2-fabric-b1-c4-r3,b2-fabric-b1-c4-r3-task-0192,fabric_query_final,True,,482,1783313684182,0,,False
1970,b2-fabric-b1-c4-r3,b2-fabric-b1-c4-r3-task-0198,ipfs_add,True,,129,1783313684541,3540,,False
1971,b2-fabric-b1-c4-r3,b2-fabric-b1-c4-r3-task-0192,ipfs_verify,True,,7,1783313684664,0,QmWMsVVs2hySKHixiKJetRsQBSH7CcjzbQrS3sZphmmfLm,False
1972,b2-fabric-b1-c4-r3,b2-fabric-b1-c4-r3-task-0196,ipfs_add,True,,147,1783313684540,4122,,False
1973,b2-fabric-b1-c4-r3,b2-fabric-b1-c4-r3-task-0197,ipfs_add,True,,165,1783313684541,4817,,False
1974,b2-fabric-b1-c4-r3,b2-fabric-b1-c4-r3-task-0199,ipfs_add,True,,51,1783313684671,5047,,False
1975,b2-fabric-b1-c4-r3,b2-fabric-b1-c4-r3-task-0197,fabric_post_task,True,,2431,1783313684706,4817,QmbvahhBBxPPJvX1kedLaAKjiVK7gTyk8mGFKobzfLRtWp,False
1976,b2-fabric-b1-c4-r3,b2-fabric-b1-c4-r3-task-0199,fabric_post_task,True,,2415,1783313684722,5047,QmWy11MokeVCNQuSN9bfWQHz1CevithknjYMzKuymcZo7S,False
1977,b2-fabric-b1-c4-r3,b2-fabric-b1-c4-r3-task-0196,fabric_post_task,True,,2451,1783313684687,4122,QmTQ1PbJFgNKhVego5qTuyTZaXyLBFPkpTGPcPVQGwbk9W,False
1978,b2-fabric-b1-c4-r3,b2-fabric-b1-c4-r3-task-0198,fabric_post_task,True,,2471,1783313684670,3540,QmZWNqHHBwy3oA7Ng8hVTaUMhZ6QkUps6zYhcegYz5enFd,False
1979,b2-fabric-b1-c4-r3,b2-fabric-b1-c4-r3-task-0196,fabric_post_allocation,True,,2547,1783313687138,0,,False
1980,b2-fabric-b1-c4-r3,b2-fabric-b1-c4-r3-task-0199,fabric_post_allocation,True,,2551,1783313687137,0,,False
1981,b2-fabric-b1-c4-r3,b2-fabric-b1-c4-r3-task-0197,fabric_post_allocation,True,,2552,1783313687137,0,,False
1982,b2-fabric-b1-c4-r3,b2-fabric-b1-c4-r3-task-0198,fabric_post_allocation,True,,2549,1783313687141,0,,False
1983,b2-fabric-b1-c4-r3,b2-fabric-b1-c4-r3-task-0199,fabric_post_snapshot,True,,2638,1783313689688,0,,False
1984,b2-fabric-b1-c4-r3,b2-fabric-b1-c4-r3-task-0198,fabric_post_snapshot,True,,2637,1783313689690,0,,False
1985,b2-fabric-b1-c4-r3,b2-fabric-b1-c4-r3-task-0196,fabric_post_snapshot,True,,2642,1783313689685,0,,False
1986,b2-fabric-b1-c4-r3,b2-fabric-b1-c4-r3-task-0197,fabric_post_snapshot,True,,2641,1783313689689,0,,False
1987,b2-fabric-b1-c4-r3,b2-fabric-b1-c4-r3-task-0196,fabric_query_confirmation,True,,306,1783313692327,0,,False
1988,b2-fabric-b1-c4-r3,b2-fabric-b1-c4-r3-task-0198,fabric_query_confirmation,True,,307,1783313692327,0,,False
1989,b2-fabric-b1-c4-r3,b2-fabric-b1-c4-r3-task-0199,fabric_query_confirmation,True,,308,1783313692326,0,,False
1990,b2-fabric-b1-c4-r3,b2-fabric-b1-c4-r3-task-0197,fabric_query_confirmation,True,,306,1783313692330,0,,False
1991,b2-fabric-b1-c4-r3,b2-fabric-b1-c4-r3-task-0196,fabric_vote_1,True,,2459,1783313692633,0,,False
1992,b2-fabric-b1-c4-r3,b2-fabric-b1-c4-r3-task-0199,fabric_vote_1,True,,2459,1783313692634,0,,False
1993,b2-fabric-b1-c4-r3,b2-fabric-b1-c4-r3-task-0198,fabric_vote_1,True,,2459,1783313692634,0,,False
1994,b2-fabric-b1-c4-r3,b2-fabric-b1-c4-r3-task-0197,fabric_vote_1,True,,2460,1783313692636,0,,False
1995,b2-fabric-b1-c4-r3,b2-fabric-b1-c4-r3-task-0196,fabric_vote_2,True,,2436,1783313695092,0,,False
1996,b2-fabric-b1-c4-r3,b2-fabric-b1-c4-r3-task-0197,fabric_vote_2,True,,2434,1783313695096,0,,False
1997,b2-fabric-b1-c4-r3,b2-fabric-b1-c4-r3-task-0199,fabric_vote_2,True,,2437,1783313695093,0,,False
1998,b2-fabric-b1-c4-r3,b2-fabric-b1-c4-r3-task-0198,fabric_vote_2,True,,2438,1783313695093,0,,False
1999,b2-fabric-b1-c4-r3,b2-fabric-b1-c4-r3-task-0198,fabric_settlement,True,,2326,1783313697531,0,,False
2000,b2-fabric-b1-c4-r3,b2-fabric-b1-c4-r3-task-0196,fabric_settlement,True,,2329,1783313697528,0,,False
2001,b2-fabric-b1-c4-r3,b2-fabric-b1-c4-r3-task-0197,fabric_settlement,True,,2328,1783313697530,0,,False
2002,b2-fabric-b1-c4-r3,b2-fabric-b1-c4-r3-task-0199,fabric_settlement,True,,2330,1783313697530,0,,False
2003,b2-fabric-b1-c4-r3,b2-fabric-b1-c4-r3-task-0198,fabric_query_final,True,,730,1783313699857,0,,False
2004,b2-fabric-b1-c4-r3,b2-fabric-b1-c4-r3-task-0197,fabric_query_final,True,,730,1783313699858,0,,False
2005,b2-fabric-b1-c4-r3,b2-fabric-b1-c4-r3-task-0199,fabric_query_final,True,,728,1783313699860,0,,False
2006,b2-fabric-b1-c4-r3,b2-fabric-b1-c4-r3-task-0196,fabric_query_final,True,,733,1783313699857,0,,False
2007,b2-fabric-b1-c4-r3,b2-fabric-b1-c4-r3-task-0199,ipfs_verify,True,,6,1783313700588,0,QmWy11MokeVCNQuSN9bfWQHz1CevithknjYMzKuymcZo7S,False
2008,b2-fabric-b1-c4-r3,b2-fabric-b1-c4-r3-task-0197,ipfs_verify,True,,7,1783313700588,0,QmbvahhBBxPPJvX1kedLaAKjiVK7gTyk8mGFKobzfLRtWp,False
2009,b2-fabric-b1-c4-r3,b2-fabric-b1-c4-r3-task-0198,ipfs_verify,True,,8,1783313700587,0,QmZWNqHHBwy3oA7Ng8hVTaUMhZ6QkUps6zYhcegYz5enFd,False
2010,b2-fabric-b1-c4-r3,b2-fabric-b1-c4-r3-task-0196,ipfs_verify,True,,6,1783313700590,0,QmTQ1PbJFgNKhVego5qTuyTZaXyLBFPkpTGPcPVQGwbk9W,False
2011,b2-fabric-b1-c4-r3,b2-fabric-b1-c4-r3-task-0200,ipfs_add,True,,31,1783313700594,5145,,False
2012,b2-fabric-b1-c4-r3,b2-fabric-b1-c4-r3-task-0201,ipfs_add,True,,47,1783313700595,4340,,False
2013,b2-fabric-b1-c4-r3,b2-fabric-b1-c4-r3-task-0203,ipfs_add,True,,63,1783313700596,1827,,False
2014,b2-fabric-b1-c4-r3,b2-fabric-b1-c4-r3-task-0202,ipfs_add,True,,80,1783313700595,4638,,False
2015,b2-fabric-b1-c4-r3,b2-fabric-b1-c4-r3-task-0203,fabric_post_task,True,,2418,1783313700659,1827,QmR9AwrhqhKCpezziPe8S8GRSS3cqcjrASSQ3HJBYfXh7k,False
2016,b2-fabric-b1-c4-r3,b2-fabric-b1-c4-r3-task-0201,fabric_post_task,True,,2437,1783313700642,4340,QmdjzG35Tv9EawU3dwjehMfhybFdJmmnFHpEtFdcm5VuFK,False
2017,b2-fabric-b1-c4-r3,b2-fabric-b1-c4-r3-task-0200,fabric_post_task,True,,2456,1783313700625,5145,QmWsn3VH4qEmQoJUcTTgaCC8C8yvu9U6JQYjovtYXaQr7y,False
2018,b2-fabric-b1-c4-r3,b2-fabric-b1-c4-r3-task-0202,fabric_post_task,True,,2406,1783313700675,4638,QmejhkZWTARckuAaEe1Q6SLFZ3XMmF1EjcDYpHuMGkpBsf,False
2019,b2-fabric-b1-c4-r3,b2-fabric-b1-c4-r3-task-0202,fabric_post_allocation,True,,2304,1783313703081,0,,False
2020,b2-fabric-b1-c4-r3,b2-fabric-b1-c4-r3-task-0203,fabric_post_allocation,True,,2310,1783313703077,0,,False
2021,b2-fabric-b1-c4-r3,b2-fabric-b1-c4-r3-task-0201,fabric_post_allocation,True,,2308,1783313703079,0,,False
2022,b2-fabric-b1-c4-r3,b2-fabric-b1-c4-r3-task-0200,fabric_post_allocation,True,,2308,1783313703081,0,,False
2023,b2-fabric-b1-c4-r3,b2-fabric-b1-c4-r3-task-0202,fabric_post_snapshot,True,,1617,1783313705386,0,,False
2024,b2-fabric-b1-c4-r3,b2-fabric-b1-c4-r3-task-0201,fabric_post_snapshot,True,,1616,1783313705387,0,,False
2025,b2-fabric-b1-c4-r3,b2-fabric-b1-c4-r3-task-0203,fabric_post_snapshot,True,,1617,1783313705387,0,,False
2026,b2-fabric-b1-c4-r3,b2-fabric-b1-c4-r3-task-0200,fabric_post_snapshot,True,,1618,1783313705389,0,,False
2027,b2-fabric-b1-c4-r3,b2-fabric-b1-c4-r3-task-0203,fabric_query_confirmation,True,,317,1783313707004,0,,False
2028,b2-fabric-b1-c4-r3,b2-fabric-b1-c4-r3-task-0200,fabric_query_confirmation,True,,315,1783313707007,0,,False
2029,b2-fabric-b1-c4-r3,b2-fabric-b1-c4-r3-task-0202,fabric_query_confirmation,True,,319,1783313707003,0,,False
2030,b2-fabric-b1-c4-r3,b2-fabric-b1-c4-r3-task-0201,fabric_query_confirmation,True,,320,1783313707003,0,,False
2031,b2-fabric-b1-c4-r3,b2-fabric-b1-c4-r3-task-0201,fabric_vote_1,True,,2270,1783313707323,0,,False
2032,b2-fabric-b1-c4-r3,b2-fabric-b1-c4-r3-task-0203,fabric_vote_1,True,,2273,1783313707321,0,,False
2033,b2-fabric-b1-c4-r3,b2-fabric-b1-c4-r3-task-0202,fabric_vote_1,True,,2274,1783313707322,0,,False
2034,b2-fabric-b1-c4-r3,b2-fabric-b1-c4-r3-task-0200,fabric_vote_1,True,,2276,1783313707322,0,,False
2035,b2-fabric-b1-c4-r3,b2-fabric-b1-c4-r3-task-0200,fabric_vote_2,True,,2255,1783313709598,0,,False
2036,b2-fabric-b1-c4-r3,b2-fabric-b1-c4-r3-task-0202,fabric_vote_2,True,,2258,1783313709596,0,,False
2037,b2-fabric-b1-c4-r3,b2-fabric-b1-c4-r3-task-0201,fabric_vote_2,True,,2262,1783313709593,0,,False
2038,b2-fabric-b1-c4-r3,b2-fabric-b1-c4-r3-task-0203,fabric_vote_2,True,,2265,1783313709594,0,,False
2039,b2-fabric-b1-c4-r3,b2-fabric-b1-c4-r3-task-0200,fabric_settlement,True,,2474,1783313711853,0,,False
2040,b2-fabric-b1-c4-r3,b2-fabric-b1-c4-r3-task-0202,fabric_settlement,True,,2473,1783313711854,0,,False
2041,b2-fabric-b1-c4-r3,b2-fabric-b1-c4-r3-task-0203,fabric_settlement,True,,2469,1783313711859,0,,False
2042,b2-fabric-b1-c4-r3,b2-fabric-b1-c4-r3-task-0201,fabric_settlement,True,,2475,1783313711855,0,,False
2043,b2-fabric-b1-c4-r3,b2-fabric-b1-c4-r3-task-0200,fabric_query_final,True,,710,1783313714327,0,,False
2044,b2-fabric-b1-c4-r3,b2-fabric-b1-c4-r3-task-0202,fabric_query_final,True,,711,1783313714327,0,,False
2045,b2-fabric-b1-c4-r3,b2-fabric-b1-c4-r3-task-0201,fabric_query_final,True,,709,1783313714330,0,,False
2046,b2-fabric-b1-c4-r3,b2-fabric-b1-c4-r3-task-0203,fabric_query_final,True,,717,1783313714328,0,,False
2047,b2-fabric-b1-c4-r3,b2-fabric-b1-c4-r3-task-0202,ipfs_verify,True,,8,1783313715038,0,QmejhkZWTARckuAaEe1Q6SLFZ3XMmF1EjcDYpHuMGkpBsf,False
2048,b2-fabric-b1-c4-r3,b2-fabric-b1-c4-r3-task-0200,ipfs_verify,True,,9,1783313715038,0,QmWsn3VH4qEmQoJUcTTgaCC8C8yvu9U6JQYjovtYXaQr7y,False
2049,b2-fabric-b1-c4-r3,b2-fabric-b1-c4-r3-task-0201,ipfs_verify,True,,9,1783313715039,0,QmdjzG35Tv9EawU3dwjehMfhybFdJmmnFHpEtFdcm5VuFK,False
2050,b2-fabric-b1-c4-r3,b2-fabric-b1-c4-r3-task-0203,ipfs_verify,True,,11,1783313715045,0,QmR9AwrhqhKCpezziPe8S8GRSS3cqcjrASSQ3HJBYfXh7k,False
2051,b2-fabric-b1-c4-r3,b2-fabric-b1-c4-r3-task-0206,ipfs_add,True,,40,1783313715048,5535,,False
2052,b2-fabric-b1-c4-r3,b2-fabric-b1-c4-r3-task-0204,ipfs_add,True,,61,1783313715046,3115,,False
2053,b2-fabric-b1-c4-r3,b2-fabric-b1-c4-r3-task-0205,ipfs_add,True,,79,1783313715047,2139,,False
2054,b2-fabric-b1-c4-r3,b2-fabric-b1-c4-r3-task-0207,ipfs_add,True,,88,1783313715056,5182,,False
2055,b2-fabric-b1-c4-r3,b2-fabric-b1-c4-r3-task-0206,fabric_post_task,True,,2490,1783313715088,5535,QmQXv6YSFiLLxg9uat8XZ1hkWrZyU2221cre3jpTXuS7mT,False
2056,b2-fabric-b1-c4-r3,b2-fabric-b1-c4-r3-task-0207,fabric_post_task,True,,2434,1783313715144,5182,QmXXXkdjgsyNeAxA7XiH7hfF8KD8Wy4XQUrDjRARTUGPSz,False
2057,b2-fabric-b1-c4-r3,b2-fabric-b1-c4-r3-task-0205,fabric_post_task,True,,2453,1783313715126,2139,QmUUFnwdCbT48nkPpC4zLFD1bWTmkmSZxRTWRwZWU44JUW,False
2058,b2-fabric-b1-c4-r3,b2-fabric-b1-c4-r3-task-0204,fabric_post_task,True,,2474,1783313715107,3115,QmT17R388wMj8koQenucVuHVy5XiFPC6auRTn2sDFmDkQF,False
2059,b2-fabric-b1-c4-r3,b2-fabric-b1-c4-r3-task-0205,fabric_post_allocation,True,,2559,1783313717579,0,,False
2060,b2-fabric-b1-c4-r3,b2-fabric-b1-c4-r3-task-0204,fabric_post_allocation,True,,2558,1783313717581,0,,False
2061,b2-fabric-b1-c4-r3,b2-fabric-b1-c4-r3-task-0207,fabric_post_allocation,True,,2562,1783313717578,0,,False
2062,b2-fabric-b1-c4-r3,b2-fabric-b1-c4-r3-task-0206,fabric_post_allocation,True,,2564,1783313717578,0,,False
2063,b2-fabric-b1-c4-r3,b2-fabric-b1-c4-r3-task-0206,fabric_post_snapshot,True,,2732,1783313720142,0,,False
2064,b2-fabric-b1-c4-r3,b2-fabric-b1-c4-r3-task-0204,fabric_post_snapshot,True,,2736,1783313720139,0,,False
2065,b2-fabric-b1-c4-r3,b2-fabric-b1-c4-r3-task-0205,fabric_post_snapshot,True,,2739,1783313720138,0,,False
2066,b2-fabric-b1-c4-r3,b2-fabric-b1-c4-r3-task-0207,fabric_post_snapshot,True,,2738,1783313720140,0,,False
2067,b2-fabric-b1-c4-r3,b2-fabric-b1-c4-r3-task-0204,fabric_query_confirmation,True,,315,1783313722875,0,,False
2068,b2-fabric-b1-c4-r3,b2-fabric-b1-c4-r3-task-0206,fabric_query_confirmation,True,,317,1783313722874,0,,False
2069,b2-fabric-b1-c4-r3,b2-fabric-b1-c4-r3-task-0207,fabric_query_confirmation,True,,313,1783313722878,0,,False
2070,b2-fabric-b1-c4-r3,b2-fabric-b1-c4-r3-task-0205,fabric_query_confirmation,True,,316,1783313722877,0,,False
2071,b2-fabric-b1-c4-r3,b2-fabric-b1-c4-r3-task-0206,fabric_vote_1,True,,2512,1783313723191,0,,False
2072,b2-fabric-b1-c4-r3,b2-fabric-b1-c4-r3-task-0204,fabric_vote_1,True,,2514,1783313723190,0,,False
2073,b2-fabric-b1-c4-r3,b2-fabric-b1-c4-r3-task-0205,fabric_vote_1,True,,2511,1783313723193,0,,False
2074,b2-fabric-b1-c4-r3,b2-fabric-b1-c4-r3-task-0207,fabric_vote_1,True,,2515,1783313723191,0,,False
2075,b2-fabric-b1-c4-r3,b2-fabric-b1-c4-r3-task-0207,fabric_vote_2,True,,2462,1783313725706,0,,False
2076,b2-fabric-b1-c4-r3,b2-fabric-b1-c4-r3-task-0205,fabric_vote_2,True,,2466,1783313725704,0,,False
2077,b2-fabric-b1-c4-r3,b2-fabric-b1-c4-r3-task-0204,fabric_vote_2,True,,2467,1783313725704,0,,False
2078,b2-fabric-b1-c4-r3,b2-fabric-b1-c4-r3-task-0206,fabric_vote_2,True,,2468,1783313725703,0,,False
2079,b2-fabric-b1-c4-r3,b2-fabric-b1-c4-r3-task-0204,fabric_settlement,True,,2275,1783313728171,0,,False
2080,b2-fabric-b1-c4-r3,b2-fabric-b1-c4-r3-task-0207,fabric_settlement,True,,2279,1783313728168,0,,False
2081,b2-fabric-b1-c4-r3,b2-fabric-b1-c4-r3-task-0206,fabric_settlement,True,,2277,1783313728171,0,,False
2082,b2-fabric-b1-c4-r3,b2-fabric-b1-c4-r3-task-0205,fabric_settlement,True,,2278,1783313728170,0,,False
2083,b2-fabric-b1-c4-r3,b2-fabric-b1-c4-r3-task-0204,fabric_query_final,True,,700,1783313730446,0,,False
2084,b2-fabric-b1-c4-r3,b2-fabric-b1-c4-r3-task-0207,fabric_query_final,True,,700,1783313730447,0,,False
2085,b2-fabric-b1-c4-r3,b2-fabric-b1-c4-r3-task-0205,fabric_query_final,True,,699,1783313730448,0,,False
2086,b2-fabric-b1-c4-r3,b2-fabric-b1-c4-r3-task-0206,fabric_query_final,True,,703,1783313730448,0,,False
2087,b2-fabric-b1-c4-r3,b2-fabric-b1-c4-r3-task-0207,ipfs_verify,True,,6,1783313731147,0,QmXXXkdjgsyNeAxA7XiH7hfF8KD8Wy4XQUrDjRARTUGPSz,False
2088,b2-fabric-b1-c4-r3,b2-fabric-b1-c4-r3-task-0204,ipfs_verify,True,,7,1783313731146,0,QmT17R388wMj8koQenucVuHVy5XiFPC6auRTn2sDFmDkQF,False
2089,b2-fabric-b1-c4-r3,b2-fabric-b1-c4-r3-task-0205,ipfs_verify,True,,7,1783313731147,0,QmUUFnwdCbT48nkPpC4zLFD1bWTmkmSZxRTWRwZWU44JUW,False
2090,b2-fabric-b1-c4-r3,b2-fabric-b1-c4-r3-task-0206,ipfs_verify,True,,5,1783313731151,0,QmQXv6YSFiLLxg9uat8XZ1hkWrZyU2221cre3jpTXuS7mT,False
2091,b2-fabric-b1-c4-r3,b2-fabric-b1-c4-r3-task-0210,ipfs_add,True,,25,1783313731154,4993,,False
2092,b2-fabric-b1-c4-r3,b2-fabric-b1-c4-r3-task-0209,ipfs_add,True,,40,1783313731154,6194,,False
2093,b2-fabric-b1-c4-r3,b2-fabric-b1-c4-r3-task-0208,ipfs_add,True,,74,1783313731153,2245,,False
2094,b2-fabric-b1-c4-r3,b2-fabric-b1-c4-r3-task-0211,ipfs_add,True,,71,1783313731156,2188,,False
2095,b2-fabric-b1-c4-r3,b2-fabric-b1-c4-r3-task-0209,fabric_post_task,True,,2493,1783313731194,6194,Qme252yonjeJmYr5f17inPXCqkGhcB4JhPq2rK9zrRu12P,False
2096,b2-fabric-b1-c4-r3,b2-fabric-b1-c4-r3-task-0211,fabric_post_task,True,,2461,1783313731227,2188,QmSruFaoTdkpvWrKYpZR3J5CegMm6LLAWeQUC4xAiE69U9,False
2097,b2-fabric-b1-c4-r3,b2-fabric-b1-c4-r3-task-0208,fabric_post_task,True,,2464,1783313731227,2245,QmWbqs7TsZvkdFAxBV91sbxF9ziEZRMeF4rkcsPMKgPbAc,False
2098,b2-fabric-b1-c4-r3,b2-fabric-b1-c4-r3-task-0210,fabric_post_task,True,,2514,1783313731179,4993,QmYWQDJhTUHPSwS8macjgfKhMk7DhsPuXJUCoxJ8RUpDKq,False
2099,b2-fabric-b1-c4-r3,b2-fabric-b1-c4-r3-task-0209,fabric_post_allocation,True,,2354,1783313733687,0,,False
2100,b2-fabric-b1-c4-r3,b2-fabric-b1-c4-r3-task-0211,fabric_post_allocation,True,,2354,1783313733688,0,,False
2101,b2-fabric-b1-c4-r3,b2-fabric-b1-c4-r3-task-0210,fabric_post_allocation,True,,2350,1783313733693,0,,False
2102,b2-fabric-b1-c4-r3,b2-fabric-b1-c4-r3-task-0208,fabric_post_allocation,True,,2353,1783313733691,0,,False
2103,b2-fabric-b1-c4-r3,b2-fabric-b1-c4-r3-task-0208,fabric_post_snapshot,True,,1563,1783313736044,0,,False
2104,b2-fabric-b1-c4-r3,b2-fabric-b1-c4-r3-task-0211,fabric_post_snapshot,True,,1566,1783313736042,0,,False
2105,b2-fabric-b1-c4-r3,b2-fabric-b1-c4-r3-task-0209,fabric_post_snapshot,True,,1567,1783313736041,0,,False
2106,b2-fabric-b1-c4-r3,b2-fabric-b1-c4-r3-task-0210,fabric_post_snapshot,True,,1566,1783313736043,0,,False
2107,b2-fabric-b1-c4-r3,b2-fabric-b1-c4-r3-task-0208,fabric_query_confirmation,True,,114,1783313737607,0,,False
2108,b2-fabric-b1-c4-r3,b2-fabric-b1-c4-r3-task-0210,fabric_query_confirmation,True,,112,1783313737609,0,,False
2109,b2-fabric-b1-c4-r3,b2-fabric-b1-c4-r3-task-0211,fabric_query_confirmation,True,,114,1783313737608,0,,False
2110,b2-fabric-b1-c4-r3,b2-fabric-b1-c4-r3-task-0209,fabric_query_confirmation,True,,115,1783313737608,0,,False
2111,b2-fabric-b1-c4-r3,b2-fabric-b1-c4-r3-task-0210,fabric_vote_1,True,,2442,1783313737721,0,,False
2112,b2-fabric-b1-c4-r3,b2-fabric-b1-c4-r3-task-0209,fabric_vote_1,True,,2441,1783313737723,0,,False
2113,b2-fabric-b1-c4-r3,b2-fabric-b1-c4-r3-task-0208,fabric_vote_1,True,,2444,1783313737721,0,,False
2114,b2-fabric-b1-c4-r3,b2-fabric-b1-c4-r3-task-0211,fabric_vote_1,True,,2444,1783313737722,0,,False
2115,b2-fabric-b1-c4-r3,b2-fabric-b1-c4-r3-task-0209,fabric_vote_2,True,,2256,1783313740164,0,,False
2116,b2-fabric-b1-c4-r3,b2-fabric-b1-c4-r3-task-0208,fabric_vote_2,True,,2256,1783313740165,0,,False
2117,b2-fabric-b1-c4-r3,b2-fabric-b1-c4-r3-task-0210,fabric_vote_2,True,,2258,1783313740163,0,,False
2118,b2-fabric-b1-c4-r3,b2-fabric-b1-c4-r3-task-0211,fabric_vote_2,True,,2257,1783313740166,0,,False
2119,b2-fabric-b1-c4-r3,b2-fabric-b1-c4-r3-task-0209,fabric_settlement,True,,2473,1783313742420,0,,False
2120,b2-fabric-b1-c4-r3,b2-fabric-b1-c4-r3-task-0208,fabric_settlement,True,,2473,1783313742421,0,,False
2121,b2-fabric-b1-c4-r3,b2-fabric-b1-c4-r3-task-0211,fabric_settlement,True,,2472,1783313742423,0,,False
2122,b2-fabric-b1-c4-r3,b2-fabric-b1-c4-r3-task-0210,fabric_settlement,True,,2476,1783313742421,0,,False
2123,b2-fabric-b1-c4-r3,b2-fabric-b1-c4-r3-task-0209,fabric_query_final,True,,944,1783313744893,0,,False
2124,b2-fabric-b1-c4-r3,b2-fabric-b1-c4-r3-task-0210,fabric_query_final,True,,940,1783313744897,0,,False
2125,b2-fabric-b1-c4-r3,b2-fabric-b1-c4-r3-task-0208,fabric_query_final,True,,944,1783313744894,0,,False
2126,b2-fabric-b1-c4-r3,b2-fabric-b1-c4-r3-task-0211,fabric_query_final,True,,946,1783313744895,0,,False
2127,b2-fabric-b1-c4-r3,b2-fabric-b1-c4-r3-task-0208,ipfs_verify,True,,6,1783313745838,0,QmWbqs7TsZvkdFAxBV91sbxF9ziEZRMeF4rkcsPMKgPbAc,False
2128,b2-fabric-b1-c4-r3,b2-fabric-b1-c4-r3-task-0209,ipfs_verify,True,,8,1783313745837,0,Qme252yonjeJmYr5f17inPXCqkGhcB4JhPq2rK9zrRu12P,False
2129,b2-fabric-b1-c4-r3,b2-fabric-b1-c4-r3-task-0210,ipfs_verify,True,,9,1783313745837,0,QmYWQDJhTUHPSwS8macjgfKhMk7DhsPuXJUCoxJ8RUpDKq,False
2130,b2-fabric-b1-c4-r3,b2-fabric-b1-c4-r3-task-0211,ipfs_verify,True,,6,1783313745841,0,QmSruFaoTdkpvWrKYpZR3J5CegMm6LLAWeQUC4xAiE69U9,False
2131,b2-fabric-b1-c4-r3,b2-fabric-b1-c4-r3-task-0212,ipfs_add,True,,27,1783313745844,2819,,False
2132,b2-fabric-b1-c4-r3,b2-fabric-b1-c4-r3-task-0214,ipfs_add,True,,43,1783313745846,3407,,False
2133,b2-fabric-b1-c4-r3,b2-fabric-b1-c4-r3-task-0213,ipfs_add,True,,60,1783313745845,4132,,False
2134,b2-fabric-b1-c4-r3,b2-fabric-b1-c4-r3-task-0215,ipfs_add,True,,75,1783313745847,5293,,False
2135,b2-fabric-b1-c4-r3,b2-fabric-b1-c4-r3-task-0212,fabric_post_task,True,,2480,1783313745871,2819,Qmaib3WGRkqTQustpCT5rKV9YQe2ieXfDc5aAxzzBF7FaH,False
2136,b2-fabric-b1-c4-r3,b2-fabric-b1-c4-r3-task-0215,fabric_post_task,True,,2430,1783313745922,5293,QmTpnKYxxgCcizoT1wCDmcgvVbp5FYFvr7h2HQoANwFfJK,False
2137,b2-fabric-b1-c4-r3,b2-fabric-b1-c4-r3-task-0213,fabric_post_task,True,,2448,1783313745905,4132,QmctLbZZivJVW7cFwYF2T1Ru2jPZUBYB55doQKWJ3SD4r5,False
2138,b2-fabric-b1-c4-r3,b2-fabric-b1-c4-r3-task-0214,fabric_post_task,True,,2465,1783313745889,3407,QmW8eUfmmaQLniD2wxDZwMJfZvPcEb95FaZBwzxdvv4GUs,False
2139,b2-fabric-b1-c4-r3,b2-fabric-b1-c4-r3-task-0213,fabric_post_allocation,True,,2585,1783313748353,0,,False
2140,b2-fabric-b1-c4-r3,b2-fabric-b1-c4-r3-task-0214,fabric_post_allocation,True,,2585,1783313748354,0,,False
2141,b2-fabric-b1-c4-r3,b2-fabric-b1-c4-r3-task-0212,fabric_post_allocation,True,,2589,1783313748351,0,,False
2142,b2-fabric-b1-c4-r3,b2-fabric-b1-c4-r3-task-0215,fabric_post_allocation,True,,2589,1783313748352,0,,False
2143,b2-fabric-b1-c4-r3,b2-fabric-b1-c4-r3-task-0213,fabric_post_snapshot,True,,2285,1783313750938,0,,False
2144,b2-fabric-b1-c4-r3,b2-fabric-b1-c4-r3-task-0215,fabric_post_snapshot,True,,2284,1783313750941,0,,False
2145,b2-fabric-b1-c4-r3,b2-fabric-b1-c4-r3-task-0214,fabric_post_snapshot,True,,2287,1783313750939,0,,False
2146,b2-fabric-b1-c4-r3,b2-fabric-b1-c4-r3-task-0212,fabric_post_snapshot,True,,2287,1783313750940,0,,False
2147,b2-fabric-b1-c4-r3,b2-fabric-b1-c4-r3-task-0212,fabric_query_confirmation,True,,323,1783313753227,0,,False
2148,b2-fabric-b1-c4-r3,b2-fabric-b1-c4-r3-task-0215,fabric_query_confirmation,True,,326,1783313753225,0,,False
2149,b2-fabric-b1-c4-r3,b2-fabric-b1-c4-r3-task-0214,fabric_query_confirmation,True,,325,1783313753226,0,,False
2150,b2-fabric-b1-c4-r3,b2-fabric-b1-c4-r3-task-0213,fabric_query_confirmation,True,,330,1783313753223,0,,False
2151,b2-fabric-b1-c4-r3,b2-fabric-b1-c4-r3-task-0215,fabric_vote_1,True,,2291,1783313753551,0,,False
2152,b2-fabric-b1-c4-r3,b2-fabric-b1-c4-r3-task-0213,fabric_vote_1,True,,2290,1783313753553,0,,False
2153,b2-fabric-b1-c4-r3,b2-fabric-b1-c4-r3-task-0214,fabric_vote_1,True,,2292,1783313753551,0,,False
2154,b2-fabric-b1-c4-r3,b2-fabric-b1-c4-r3-task-0212,fabric_vote_1,True,,2294,1783313753550,0,,False
2155,b2-fabric-b1-c4-r3,b2-fabric-b1-c4-r3-task-0215,fabric_vote_2,True,,2259,1783313755842,0,,False
2156,b2-fabric-b1-c4-r3,b2-fabric-b1-c4-r3-task-0213,fabric_vote_2,True,,2259,1783313755843,0,,False
2157,b2-fabric-b1-c4-r3,b2-fabric-b1-c4-r3-task-0214,fabric_vote_2,True,,2259,1783313755843,0,,False
2158,b2-fabric-b1-c4-r3,b2-fabric-b1-c4-r3-task-0212,fabric_vote_2,True,,2261,1783313755844,0,,False
2159,b2-fabric-b1-c4-r3,b2-fabric-b1-c4-r3-task-0214,fabric_settlement,True,,2531,1783313758102,0,,False
2160,b2-fabric-b1-c4-r3,b2-fabric-b1-c4-r3-task-0213,fabric_settlement,True,,2533,1783313758102,0,,False
2161,b2-fabric-b1-c4-r3,b2-fabric-b1-c4-r3-task-0215,fabric_settlement,True,,2535,1783313758101,0,,False
2162,b2-fabric-b1-c4-r3,b2-fabric-b1-c4-r3-task-0212,fabric_settlement,True,,2531,1783313758105,0,,False
2163,b2-fabric-b1-c4-r3,b2-fabric-b1-c4-r3-task-0212,fabric_query_final,True,,553,1783313760636,0,,False
2164,b2-fabric-b1-c4-r3,b2-fabric-b1-c4-r3-task-0215,fabric_query_final,True,,553,1783313760636,0,,False
2165,b2-fabric-b1-c4-r3,b2-fabric-b1-c4-r3-task-0214,fabric_query_final,True,,556,1783313760633,0,,False
2166,b2-fabric-b1-c4-r3,b2-fabric-b1-c4-r3-task-0214,ipfs_verify,True,,7,1783313761189,0,QmW8eUfmmaQLniD2wxDZwMJfZvPcEb95FaZBwzxdvv4GUs,False
2167,b2-fabric-b1-c4-r3,b2-fabric-b1-c4-r3-task-0212,ipfs_verify,True,,8,1783313761189,0,Qmaib3WGRkqTQustpCT5rKV9YQe2ieXfDc5aAxzzBF7FaH,False
2168,b2-fabric-b1-c4-r3,b2-fabric-b1-c4-r3-task-0215,ipfs_verify,True,,9,1783313761189,0,QmTpnKYxxgCcizoT1wCDmcgvVbp5FYFvr7h2HQoANwFfJK,False
2169,b2-fabric-b1-c4-r3,b2-fabric-b1-c4-r3-task-0213,fabric_query_final,True,,595,1783313760635,0,,False
2170,b2-fabric-b1-c4-r3,b2-fabric-b1-c4-r3-task-0216,ipfs_add,True,,37,1783313761196,4886,,False
2171,b2-fabric-b1-c4-r3,b2-fabric-b1-c4-r3-task-0213,ipfs_verify,True,,7,1783313761230,0,QmctLbZZivJVW7cFwYF2T1Ru2jPZUBYB55doQKWJ3SD4r5,False
2172,b2-fabric-b1-c4-r3,b2-fabric-b1-c4-r3-task-0218,ipfs_add,True,,52,1783313761198,4685,,False
2173,b2-fabric-b1-c4-r3,b2-fabric-b1-c4-r3-task-0217,ipfs_add,True,,69,1783313761197,2716,,False
2174,b2-fabric-b1-c4-r3,b2-fabric-b1-c4-r3-task-0219,ipfs_add,True,,45,1783313761237,2892,,False
2175,b2-fabric-b1-c4-r3,b2-fabric-b1-c4-r3-task-0219,fabric_post_task,True,,2399,1783313761282,2892,QmNhbectLBJKJjaBFkjTFgZM6bzSgrQqfV2nzNGd7hnhXp,False
2176,b2-fabric-b1-c4-r3,b2-fabric-b1-c4-r3-task-0217,fabric_post_task,True,,2414,1783313761267,2716,QmSJABdfLv4Bpp2eX5n5HPKM57QCdjn63jgA55THvNNed2,False
2177,b2-fabric-b1-c4-r3,b2-fabric-b1-c4-r3-task-0218,fabric_post_task,True,,2433,1783313761250,4685,Qme1iJktEs7YhnQf7MbuHozo4uZPGWWEs3BYJ6zBCFpdMN,False
2178,b2-fabric-b1-c4-r3,b2-fabric-b1-c4-r3-task-0216,fabric_post_task,True,,2454,1783313761233,4886,QmWRqVXWHuiCnyPwtVKNcTtPcSDmJqXWmtgqtbSbCRQFN4,False
2179,b2-fabric-b1-c4-r3,b2-fabric-b1-c4-r3-task-0216,fabric_post_allocation,True,,1639,1783313763687,0,,False
2180,b2-fabric-b1-c4-r3,b2-fabric-b1-c4-r3-task-0217,fabric_post_allocation,True,,1646,1783313763681,0,,False
2181,b2-fabric-b1-c4-r3,b2-fabric-b1-c4-r3-task-0219,fabric_post_allocation,True,,1647,1783313763681,0,,False
2182,b2-fabric-b1-c4-r3,b2-fabric-b1-c4-r3-task-0218,fabric_post_allocation,True,,1645,1783313763683,0,,False
2183,b2-fabric-b1-c4-r3,b2-fabric-b1-c4-r3-task-0216,fabric_post_snapshot,True,,2269,1783313765326,0,,False
2184,b2-fabric-b1-c4-r3,b2-fabric-b1-c4-r3-task-0219,fabric_post_snapshot,True,,2268,1783313765328,0,,False
2185,b2-fabric-b1-c4-r3,b2-fabric-b1-c4-r3-task-0218,fabric_post_snapshot,True,,2269,1783313765328,0,,False
2186,b2-fabric-b1-c4-r3,b2-fabric-b1-c4-r3-task-0217,fabric_post_snapshot,True,,2271,1783313765327,0,,False
2187,b2-fabric-b1-c4-r3,b2-fabric-b1-c4-r3-task-0219,fabric_query_confirmation,True,,113,1783313767596,0,,False
2188,b2-fabric-b1-c4-r3,b2-fabric-b1-c4-r3-task-0217,fabric_query_confirmation,True,,112,1783313767598,0,,False
2189,b2-fabric-b1-c4-r3,b2-fabric-b1-c4-r3-task-0218,fabric_query_confirmation,True,,114,1783313767597,0,,False
2190,b2-fabric-b1-c4-r3,b2-fabric-b1-c4-r3-task-0216,fabric_query_confirmation,True,,117,1783313767595,0,,False
2191,b2-fabric-b1-c4-r3,b2-fabric-b1-c4-r3-task-0216,fabric_vote_1,True,,2456,1783313767712,0,,False
2192,b2-fabric-b1-c4-r3,b2-fabric-b1-c4-r3-task-0219,fabric_vote_1,True,,2460,1783313767709,0,,False
2193,b2-fabric-b1-c4-r3,b2-fabric-b1-c4-r3-task-0218,fabric_vote_1,True,,2459,1783313767711,0,,False
2194,b2-fabric-b1-c4-r3,b2-fabric-b1-c4-r3-task-0217,fabric_vote_1,True,,2462,1783313767710,0,,False
2195,b2-fabric-b1-c4-r3,b2-fabric-b1-c4-r3-task-0217,fabric_vote_2,True,,2453,1783313770172,0,,False
2196,b2-fabric-b1-c4-r3,b2-fabric-b1-c4-r3-task-0216,fabric_vote_2,True,,2458,1783313770168,0,,False
2197,b2-fabric-b1-c4-r3,b2-fabric-b1-c4-r3-task-0219,fabric_vote_2,True,,2458,1783313770169,0,,False
2198,b2-fabric-b1-c4-r3,b2-fabric-b1-c4-r3-task-0218,fabric_vote_2,True,,2458,1783313770170,0,,False
2199,b2-fabric-b1-c4-r3,b2-fabric-b1-c4-r3-task-0219,fabric_settlement,True,,2516,1783313772627,0,,False
2200,b2-fabric-b1-c4-r3,b2-fabric-b1-c4-r3-task-0216,fabric_settlement,True,,2519,1783313772626,0,,False
2201,b2-fabric-b1-c4-r3,b2-fabric-b1-c4-r3-task-0217,fabric_settlement,True,,2521,1783313772625,0,,False
2202,b2-fabric-b1-c4-r3,b2-fabric-b1-c4-r3-task-0218,fabric_settlement,True,,2519,1783313772628,0,,False
2203,b2-fabric-b1-c4-r3,b2-fabric-b1-c4-r3-task-0218,fabric_query_final,True,,529,1783313775147,0,,False
2204,b2-fabric-b1-c4-r3,b2-fabric-b1-c4-r3-task-0219,fabric_query_final,True,,533,1783313775143,0,,False
2205,b2-fabric-b1-c4-r3,b2-fabric-b1-c4-r3-task-0216,fabric_query_final,True,,532,1783313775145,0,,False
2206,b2-fabric-b1-c4-r3,b2-fabric-b1-c4-r3-task-0217,fabric_query_final,True,,533,1783313775146,0,,False
2207,b2-fabric-b1-c4-r3,b2-fabric-b1-c4-r3-task-0216,ipfs_verify,True,,7,1783313775677,0,QmWRqVXWHuiCnyPwtVKNcTtPcSDmJqXWmtgqtbSbCRQFN4,False
2208,b2-fabric-b1-c4-r3,b2-fabric-b1-c4-r3-task-0218,ipfs_verify,True,,9,1783313775676,0,Qme1iJktEs7YhnQf7MbuHozo4uZPGWWEs3BYJ6zBCFpdMN,False
2209,b2-fabric-b1-c4-r3,b2-fabric-b1-c4-r3-task-0219,ipfs_verify,True,,9,1783313775676,0,QmNhbectLBJKJjaBFkjTFgZM6bzSgrQqfV2nzNGd7hnhXp,False
2210,b2-fabric-b1-c4-r3,b2-fabric-b1-c4-r3-task-0217,ipfs_verify,True,,8,1783313775679,0,QmSJABdfLv4Bpp2eX5n5HPKM57QCdjn63jgA55THvNNed2,False
2211,b2-fabric-b1-c4-r3,b2-fabric-b1-c4-r3-task-0221,ipfs_add,True,,32,1783313775685,3158,,False
2212,b2-fabric-b1-c4-r3,b2-fabric-b1-c4-r3-task-0222,ipfs_add,True,,49,1783313775685,1324,,False
2213,b2-fabric-b1-c4-r3,b2-fabric-b1-c4-r3-task-0223,ipfs_add,True,,67,1783313775687,3496,,False
2214,b2-fabric-b1-c4-r3,b2-fabric-b1-c4-r3-task-0220,ipfs_add,True,,85,1783313775684,4548,,False
2215,b2-fabric-b1-c4-r3,b2-fabric-b1-c4-r3-task-0222,fabric_post_task,True,,2449,1783313775734,1324,QmS9gSDSA2dNcaqguAdbXiugT37zErUJRQhyYdHW4FYF1Z,False
2216,b2-fabric-b1-c4-r3,b2-fabric-b1-c4-r3-task-0223,fabric_post_task,True,,2430,1783313775754,3496,QmWbbDn5PocUVAwa1Z8DaHWZAUyYjNR994MzCi3frghkPT,False
2217,b2-fabric-b1-c4-r3,b2-fabric-b1-c4-r3-task-0221,fabric_post_task,True,,2468,1783313775717,3158,QmWVfmqjcSuDEvXN6AQHwxkPXEvwWEr5xAd7VvqaLGMK2z,False
2218,b2-fabric-b1-c4-r3,b2-fabric-b1-c4-r3-task-0220,fabric_post_task,True,,2418,1783313775769,4548,QmYYxvJgNUHcuw3V2RQoYsrDaUwRXmGhJB4S5YoBbJAdi9,False
2219,b2-fabric-b1-c4-r3,b2-fabric-b1-c4-r3-task-0220,fabric_post_allocation,True,,2865,1783313778187,0,,False
2220,b2-fabric-b1-c4-r3,b2-fabric-b1-c4-r3-task-0222,fabric_post_allocation,True,,2870,1783313778183,0,,False
2221,b2-fabric-b1-c4-r3,b2-fabric-b1-c4-r3-task-0221,fabric_post_allocation,True,,2869,1783313778185,0,,False
2222,b2-fabric-b1-c4-r3,b2-fabric-b1-c4-r3-task-0223,fabric_post_allocation,True,,2873,1783313778184,0,,False
2223,b2-fabric-b1-c4-r3,b2-fabric-b1-c4-r3-task-0220,fabric_post_snapshot,True,,2453,1783313781052,0,,False
2224,b2-fabric-b1-c4-r3,b2-fabric-b1-c4-r3-task-0222,fabric_post_snapshot,True,,2453,1783313781053,0,,False
2225,b2-fabric-b1-c4-r3,b2-fabric-b1-c4-r3-task-0223,fabric_post_snapshot,True,,2451,1783313781057,0,,False
2226,b2-fabric-b1-c4-r3,b2-fabric-b1-c4-r3-task-0221,fabric_post_snapshot,True,,2454,1783313781055,0,,False
2227,b2-fabric-b1-c4-r3,b2-fabric-b1-c4-r3-task-0223,fabric_query_confirmation,True,,165,1783313783508,0,,False
2228,b2-fabric-b1-c4-r3,b2-fabric-b1-c4-r3-task-0221,fabric_query_confirmation,True,,165,1783313783509,0,,False
2229,b2-fabric-b1-c4-r3,b2-fabric-b1-c4-r3-task-0220,fabric_query_confirmation,True,,170,1783313783505,0,,False
2230,b2-fabric-b1-c4-r3,b2-fabric-b1-c4-r3-task-0222,fabric_query_confirmation,True,,171,1783313783506,0,,False
2231,b2-fabric-b1-c4-r3,b2-fabric-b1-c4-r3-task-0221,fabric_vote_1,True,,2462,1783313783674,0,,False
2232,b2-fabric-b1-c4-r3,b2-fabric-b1-c4-r3-task-0223,fabric_vote_1,True,,2464,1783313783673,0,,False
2233,b2-fabric-b1-c4-r3,b2-fabric-b1-c4-r3-task-0222,fabric_vote_1,True,,2460,1783313783677,0,,False
2234,b2-fabric-b1-c4-r3,b2-fabric-b1-c4-r3-task-0220,fabric_vote_1,True,,2463,1783313783675,0,,False
2235,b2-fabric-b1-c4-r3,b2-fabric-b1-c4-r3-task-0223,fabric_vote_2,True,,2253,1783313786137,0,,False
2236,b2-fabric-b1-c4-r3,b2-fabric-b1-c4-r3-task-0220,fabric_vote_2,True,,2253,1783313786138,0,,False
2237,b2-fabric-b1-c4-r3,b2-fabric-b1-c4-r3-task-0221,fabric_vote_2,True,,2255,1783313786136,0,,False
2238,b2-fabric-b1-c4-r3,b2-fabric-b1-c4-r3-task-0222,fabric_vote_2,True,,2256,1783313786137,0,,False
2239,b2-fabric-b1-c4-r3,b2-fabric-b1-c4-r3-task-0222,fabric_settlement,True,,2470,1783313788393,0,,False
2240,b2-fabric-b1-c4-r3,b2-fabric-b1-c4-r3-task-0221,fabric_settlement,True,,2473,1783313788391,0,,False
2241,b2-fabric-b1-c4-r3,b2-fabric-b1-c4-r3-task-0220,fabric_settlement,True,,2474,1783313788391,0,,False
2242,b2-fabric-b1-c4-r3,b2-fabric-b1-c4-r3-task-0223,fabric_settlement,True,,2477,1783313788390,0,,False
2243,b2-fabric-b1-c4-r3,b2-fabric-b1-c4-r3-task-0223,fabric_query_final,True,,516,1783313790867,0,,False
2244,b2-fabric-b1-c4-r3,b2-fabric-b1-c4-r3-task-0220,fabric_query_final,True,,519,1783313790865,0,,False
2245,b2-fabric-b1-c4-r3,b2-fabric-b1-c4-r3-task-0221,fabric_query_final,True,,521,1783313790864,0,,False
2246,b2-fabric-b1-c4-r3,b2-fabric-b1-c4-r3-task-0222,fabric_query_final,True,,525,1783313790863,0,,False
2247,b2-fabric-b1-c4-r3,b2-fabric-b1-c4-r3-task-0223,ipfs_verify,True,,7,1783313791383,0,QmWbbDn5PocUVAwa1Z8DaHWZAUyYjNR994MzCi3frghkPT,False
2248,b2-fabric-b1-c4-r3,b2-fabric-b1-c4-r3-task-0221,ipfs_verify,True,,6,1783313791385,0,QmWVfmqjcSuDEvXN6AQHwxkPXEvwWEr5xAd7VvqaLGMK2z,False
2249,b2-fabric-b1-c4-r3,b2-fabric-b1-c4-r3-task-0220,ipfs_verify,True,,8,1783313791384,0,QmYYxvJgNUHcuw3V2RQoYsrDaUwRXmGhJB4S5YoBbJAdi9,False
2250,b2-fabric-b1-c4-r3,b2-fabric-b1-c4-r3-task-0222,ipfs_verify,True,,7,1783313791388,0,QmS9gSDSA2dNcaqguAdbXiugT37zErUJRQhyYdHW4FYF1Z,False
2251,b2-fabric-b1-c4-r3,b2-fabric-b1-c4-r3-task-0224,ipfs_add,True,,29,1783313791391,1434,,False
2252,b2-fabric-b1-c4-r3,b2-fabric-b1-c4-r3-task-0225,ipfs_add,True,,45,1783313791391,2951,,False
2253,b2-fabric-b1-c4-r3,b2-fabric-b1-c4-r3-task-0226,ipfs_add,True,,61,1783313791392,2097,,False
2254,b2-fabric-b1-c4-r3,b2-fabric-b1-c4-r3-task-0227,ipfs_add,True,,79,1783313791395,2681,,False
2255,b2-fabric-b1-c4-r3,b2-fabric-b1-c4-r3-task-0227,fabric_post_task,True,,2431,1783313791474,2681,QmaotMaC4Hb3cSu92BbQ6XF1kKexFQRifGmXvXQ9CscYbr,False
2256,b2-fabric-b1-c4-r3,b2-fabric-b1-c4-r3-task-0226,fabric_post_task,True,,2453,1783313791453,2097,QmYKcvqVA5kpfJsuCUkNUdEao6JQhFACmrPAQEP38tsjSp,False
2257,b2-fabric-b1-c4-r3,b2-fabric-b1-c4-r3-task-0224,fabric_post_task,True,,2487,1783313791420,1434,Qmbpj7kBGWLUhW2szT9f3rx2oZsCwi6t2fMD1Smb2wFi3D,False
2258,b2-fabric-b1-c4-r3,b2-fabric-b1-c4-r3-task-0225,fabric_post_task,True,,2472,1783313791436,2951,QmP2y2GKPy6gwArpzaE2RA5dRRgeXWNUH6Gyquaruz27DM,False
2259,b2-fabric-b1-c4-r3,b2-fabric-b1-c4-r3-task-0226,fabric_post_allocation,True,,1415,1783313793906,0,,False
2260,b2-fabric-b1-c4-r3,b2-fabric-b1-c4-r3-task-0227,fabric_post_allocation,True,,1416,1783313793905,0,,False
2261,b2-fabric-b1-c4-r3,b2-fabric-b1-c4-r3-task-0224,fabric_post_allocation,True,,1415,1783313793907,0,,False
2262,b2-fabric-b1-c4-r3,b2-fabric-b1-c4-r3-task-0225,fabric_post_allocation,True,,1415,1783313793908,0,,False
2263,b2-fabric-b1-c4-r3,b2-fabric-b1-c4-r3-task-0227,fabric_post_snapshot,True,,2245,1783313795321,0,,False
2264,b2-fabric-b1-c4-r3,b2-fabric-b1-c4-r3-task-0225,fabric_post_snapshot,True,,2243,1783313795323,0,,False
2265,b2-fabric-b1-c4-r3,b2-fabric-b1-c4-r3-task-0226,fabric_post_snapshot,True,,2247,1783313795321,0,,False
2266,b2-fabric-b1-c4-r3,b2-fabric-b1-c4-r3-task-0224,fabric_post_snapshot,True,,2248,1783313795322,0,,False
2267,b2-fabric-b1-c4-r3,b2-fabric-b1-c4-r3-task-0225,fabric_query_confirmation,True,,305,1783313797566,0,,False
2268,b2-fabric-b1-c4-r3,b2-fabric-b1-c4-r3-task-0227,fabric_query_confirmation,True,,305,1783313797566,0,,False
2269,b2-fabric-b1-c4-r3,b2-fabric-b1-c4-r3-task-0226,fabric_query_confirmation,True,,304,1783313797568,0,,False
2270,b2-fabric-b1-c4-r3,b2-fabric-b1-c4-r3-task-0224,fabric_query_confirmation,True,,305,1783313797570,0,,False
2271,b2-fabric-b1-c4-r3,b2-fabric-b1-c4-r3-task-0225,fabric_vote_1,True,,2458,1783313797871,0,,False
2272,b2-fabric-b1-c4-r3,b2-fabric-b1-c4-r3-task-0224,fabric_vote_1,True,,2456,1783313797875,0,,False
2273,b2-fabric-b1-c4-r3,b2-fabric-b1-c4-r3-task-0227,fabric_vote_1,True,,2460,1783313797871,0,,False
2274,b2-fabric-b1-c4-r3,b2-fabric-b1-c4-r3-task-0226,fabric_vote_1,True,,2460,1783313797872,0,,False
2275,b2-fabric-b1-c4-r3,b2-fabric-b1-c4-r3-task-0227,fabric_vote_2,True,,2258,1783313800331,0,,False
2276,b2-fabric-b1-c4-r3,b2-fabric-b1-c4-r3-task-0225,fabric_vote_2,True,,2260,1783313800329,0,,False
2277,b2-fabric-b1-c4-r3,b2-fabric-b1-c4-r3-task-0224,fabric_vote_2,True,,2259,1783313800331,0,,False
2278,b2-fabric-b1-c4-r3,b2-fabric-b1-c4-r3-task-0226,fabric_vote_2,True,,2260,1783313800332,0,,False
2279,b2-fabric-b1-c4-r3,b2-fabric-b1-c4-r3-task-0224,fabric_settlement,True,,2494,1783313802590,0,,False
2280,b2-fabric-b1-c4-r3,b2-fabric-b1-c4-r3-task-0225,fabric_settlement,True,,2496,1783313802589,0,,False
2281,b2-fabric-b1-c4-r3,b2-fabric-b1-c4-r3-task-0226,fabric_settlement,True,,2493,1783313802592,0,,False
2282,b2-fabric-b1-c4-r3,b2-fabric-b1-c4-r3-task-0227,fabric_settlement,True,,2498,1783313802589,0,,False
2283,b2-fabric-b1-c4-r3,b2-fabric-b1-c4-r3-task-0225,fabric_query_final,True,,733,1783313805085,0,,False
2284,b2-fabric-b1-c4-r3,b2-fabric-b1-c4-r3-task-0224,fabric_query_final,True,,735,1783313805084,0,,False
2285,b2-fabric-b1-c4-r3,b2-fabric-b1-c4-r3-task-0227,fabric_query_final,True,,733,1783313805087,0,,False
2286,b2-fabric-b1-c4-r3,b2-fabric-b1-c4-r3-task-0226,fabric_query_final,True,,737,1783313805085,0,,False
2287,b2-fabric-b1-c4-r3,b2-fabric-b1-c4-r3-task-0224,ipfs_verify,True,,7,1783313805819,0,Qmbpj7kBGWLUhW2szT9f3rx2oZsCwi6t2fMD1Smb2wFi3D,False
2288,b2-fabric-b1-c4-r3,b2-fabric-b1-c4-r3-task-0227,ipfs_verify,True,,6,1783313805820,0,QmaotMaC4Hb3cSu92BbQ6XF1kKexFQRifGmXvXQ9CscYbr,False
2289,b2-fabric-b1-c4-r3,b2-fabric-b1-c4-r3-task-0225,ipfs_verify,True,,9,1783313805818,0,QmP2y2GKPy6gwArpzaE2RA5dRRgeXWNUH6Gyquaruz27DM,False
2290,b2-fabric-b1-c4-r3,b2-fabric-b1-c4-r3-task-0226,ipfs_verify,True,,6,1783313805822,0,QmYKcvqVA5kpfJsuCUkNUdEao6JQhFACmrPAQEP38tsjSp,False
2291,b2-fabric-b1-c4-r3,b2-fabric-b1-c4-r3-task-0229,ipfs_add,True,,31,1783313805826,1853,,False
2292,b2-fabric-b1-c4-r3,b2-fabric-b1-c4-r3-task-0228,ipfs_add,True,,47,1783313805826,3049,,False
2293,b2-fabric-b1-c4-r3,b2-fabric-b1-c4-r3-task-0230,ipfs_add,True,,63,1783313805827,4672,,False
2294,b2-fabric-b1-c4-r3,b2-fabric-b1-c4-r3-task-0231,ipfs_add,True,,77,1783313805829,4749,,False
2295,b2-fabric-b1-c4-r3,b2-fabric-b1-c4-r3-task-0230,fabric_post_task,True,,2421,1783313805890,4672,QmVVrWGoPddnyHraUM2wUgG7XF2t7LkAUG71CvTqMUfisz,False
2296,b2-fabric-b1-c4-r3,b2-fabric-b1-c4-r3-task-0229,fabric_post_task,True,,2456,1783313805857,1853,QmU1c3q88Niv1hpqR47GYDb1SQRJPW8Sq3y68qKJ6gnFaK,False
2297,b2-fabric-b1-c4-r3,b2-fabric-b1-c4-r3-task-0231,fabric_post_task,True,,2407,1783313805906,4749,QmZ1zUyz7qR3sEW9z4W3mHUGs871kKaNMsvhBu7yRneVTT,False
2298,b2-fabric-b1-c4-r3,b2-fabric-b1-c4-r3-task-0228,fabric_post_task,True,,2441,1783313805873,3049,Qmcg9hZwBNt4mPUVQKwcf3whBnxD8r9WzcLGYR2bbkVKYL,False
2299,b2-fabric-b1-c4-r3,b2-fabric-b1-c4-r3-task-0231,fabric_post_allocation,True,,2663,1783313808313,0,,False
2300,b2-fabric-b1-c4-r3,b2-fabric-b1-c4-r3-task-0229,fabric_post_allocation,True,,2663,1783313808313,0,,False
2301,b2-fabric-b1-c4-r3,b2-fabric-b1-c4-r3-task-0230,fabric_post_allocation,True,,2667,1783313808311,0,,False
2302,b2-fabric-b1-c4-r3,b2-fabric-b1-c4-r3-task-0228,fabric_post_allocation,True,,2666,1783313808314,0,,False
2303,b2-fabric-b1-c4-r3,b2-fabric-b1-c4-r3-task-0230,fabric_post_snapshot,True,,2455,1783313810978,0,,False
2304,b2-fabric-b1-c4-r3,b2-fabric-b1-c4-r3-task-0228,fabric_post_snapshot,True,,2454,1783313810980,0,,False
2305,b2-fabric-b1-c4-r3,b2-fabric-b1-c4-r3-task-0229,fabric_post_snapshot,True,,2459,1783313810976,0,,False
2306,b2-fabric-b1-c4-r3,b2-fabric-b1-c4-r3-task-0231,fabric_post_snapshot,True,,2461,1783313810976,0,,False
2307,b2-fabric-b1-c4-r3,b2-fabric-b1-c4-r3-task-0228,fabric_query_confirmation,True,,372,1783313813434,0,,False
2308,b2-fabric-b1-c4-r3,b2-fabric-b1-c4-r3-task-0231,fabric_query_confirmation,True,,370,1783313813437,0,,False
2309,b2-fabric-b1-c4-r3,b2-fabric-b1-c4-r3-task-0229,fabric_query_confirmation,True,,372,1783313813435,0,,False
2310,b2-fabric-b1-c4-r3,b2-fabric-b1-c4-r3-task-0230,fabric_query_confirmation,True,,377,1783313813433,0,,False
2311,b2-fabric-b1-c4-r3,b2-fabric-b1-c4-r3-task-0230,fabric_vote_1,True,,2438,1783313813810,0,,False
2312,b2-fabric-b1-c4-r3,b2-fabric-b1-c4-r3-task-0231,fabric_vote_1,True,,2442,1783313813807,0,,False
2313,b2-fabric-b1-c4-r3,b2-fabric-b1-c4-r3-task-0229,fabric_vote_1,True,,2443,1783313813807,0,,False
2314,b2-fabric-b1-c4-r3,b2-fabric-b1-c4-r3-task-0228,fabric_vote_1,True,,2445,1783313813806,0,,False
2315,b2-fabric-b1-c4-r3,b2-fabric-b1-c4-r3-task-0231,fabric_vote_2,True,,2252,1783313816249,0,,False
2316,b2-fabric-b1-c4-r3,b2-fabric-b1-c4-r3-task-0230,fabric_vote_2,True,,2253,1783313816248,0,,False
2317,b2-fabric-b1-c4-r3,b2-fabric-b1-c4-r3-task-0229,fabric_vote_2,True,,2252,1783313816250,0,,False
2318,b2-fabric-b1-c4-r3,b2-fabric-b1-c4-r3-task-0228,fabric_vote_2,True,,2252,1783313816251,0,,False
2319,b2-fabric-b1-c4-r3,b2-fabric-b1-c4-r3-task-0230,fabric_settlement,True,,2489,1783313818501,0,,False
2320,b2-fabric-b1-c4-r3,b2-fabric-b1-c4-r3-task-0229,fabric_settlement,True,,2489,1783313818502,0,,False
2321,b2-fabric-b1-c4-r3,b2-fabric-b1-c4-r3-task-0231,fabric_settlement,True,,2491,1783313818501,0,,False
2322,b2-fabric-b1-c4-r3,b2-fabric-b1-c4-r3-task-0228,fabric_settlement,True,,2491,1783313818503,0,,False
2323,b2-fabric-b1-c4-r3,b2-fabric-b1-c4-r3-task-0231,fabric_query_final,True,,721,1783313820992,0,,False
2324,b2-fabric-b1-c4-r3,b2-fabric-b1-c4-r3-task-0230,fabric_query_final,True,,724,1783313820990,0,,False
2325,b2-fabric-b1-c4-r3,b2-fabric-b1-c4-r3-task-0229,fabric_query_final,True,,724,1783313820991,0,,False
2326,b2-fabric-b1-c4-r3,b2-fabric-b1-c4-r3-task-0228,fabric_query_final,True,,724,1783313820994,0,,False
2327,b2-fabric-b1-c4-r3,b2-fabric-b1-c4-r3-task-0229,ipfs_verify,True,,5,1783313821715,0,QmU1c3q88Niv1hpqR47GYDb1SQRJPW8Sq3y68qKJ6gnFaK,False
2328,b2-fabric-b1-c4-r3,b2-fabric-b1-c4-r3-task-0231,ipfs_verify,True,,8,1783313821713,0,QmZ1zUyz7qR3sEW9z4W3mHUGs871kKaNMsvhBu7yRneVTT,False
2329,b2-fabric-b1-c4-r3,b2-fabric-b1-c4-r3-task-0230,ipfs_verify,True,,8,1783313821714,0,QmVVrWGoPddnyHraUM2wUgG7XF2t7LkAUG71CvTqMUfisz,False
2330,b2-fabric-b1-c4-r3,b2-fabric-b1-c4-r3-task-0228,ipfs_verify,True,,6,1783313821718,0,Qmcg9hZwBNt4mPUVQKwcf3whBnxD8r9WzcLGYR2bbkVKYL,False
2331,b2-fabric-b1-c4-r3,b2-fabric-b1-c4-r3-task-0232,ipfs_add,True,,26,1783313821721,5652,,False
2332,b2-fabric-b1-c4-r3,b2-fabric-b1-c4-r3-task-0234,ipfs_add,True,,40,1783313821722,4813,,False
2333,b2-fabric-b1-c4-r3,b2-fabric-b1-c4-r3-task-0233,ipfs_add,True,,58,1783313821721,5561,,False
2334,b2-fabric-b1-c4-r3,b2-fabric-b1-c4-r3-task-0235,ipfs_add,True,,70,1783313821724,3473,,False
2335,b2-fabric-b1-c4-r3,b2-fabric-b1-c4-r3-task-0233,fabric_post_task,True,,2434,1783313821779,5561,QmPiTWkJT1mbrmoTnV9zypQTW3Way5fUm3QKFnVCGaYeHm,False
2336,b2-fabric-b1-c4-r3,b2-fabric-b1-c4-r3-task-0232,fabric_post_task,True,,2468,1783313821747,5652,QmSoSsUedyqXDpWjs8cPi259zwcokeishbBomFLbck3bFS,False
2337,b2-fabric-b1-c4-r3,b2-fabric-b1-c4-r3-task-0234,fabric_post_task,True,,2455,1783313821762,4813,QmPib3HBbwLaFsPuT1LMCQzfpjcraJk2ud1LU6KcqXFQ9r,False
2338,b2-fabric-b1-c4-r3,b2-fabric-b1-c4-r3-task-0235,fabric_post_task,True,,2423,1783313821794,3473,QmYicVCk9mEpCXvCjMGcMHHmbJVaPePcbBgZQABLWpBqqW,False
2339,b2-fabric-b1-c4-r3,b2-fabric-b1-c4-r3-task-0235,fabric_post_allocation,True,,1420,1783313824217,0,,False
2340,b2-fabric-b1-c4-r3,b2-fabric-b1-c4-r3-task-0232,fabric_post_allocation,True,,1423,1783313824215,0,,False
2341,b2-fabric-b1-c4-r3,b2-fabric-b1-c4-r3-task-0234,fabric_post_allocation,True,,1421,1783313824217,0,,False
2342,b2-fabric-b1-c4-r3,b2-fabric-b1-c4-r3-task-0233,fabric_post_allocation,True,,1427,1783313824213,0,,False
2343,b2-fabric-b1-c4-r3,b2-fabric-b1-c4-r3-task-0235,fabric_post_snapshot,True,,2453,1783313825637,0,,False
2344,b2-fabric-b1-c4-r3,b2-fabric-b1-c4-r3-task-0233,fabric_post_snapshot,True,,2450,1783313825640,0,,False
2345,b2-fabric-b1-c4-r3,b2-fabric-b1-c4-r3-task-0234,fabric_post_snapshot,True,,2453,1783313825638,0,,False
2346,b2-fabric-b1-c4-r3,b2-fabric-b1-c4-r3-task-0232,fabric_post_snapshot,True,,2454,1783313825638,0,,False
2347,b2-fabric-b1-c4-r3,b2-fabric-b1-c4-r3-task-0235,fabric_query_confirmation,True,,109,1783313828090,0,,False
2348,b2-fabric-b1-c4-r3,b2-fabric-b1-c4-r3-task-0232,fabric_query_confirmation,True,,108,1783313828092,0,,False
2349,b2-fabric-b1-c4-r3,b2-fabric-b1-c4-r3-task-0233,fabric_query_confirmation,True,,110,1783313828091,0,,False
2350,b2-fabric-b1-c4-r3,b2-fabric-b1-c4-r3-task-0234,fabric_query_confirmation,True,,155,1783313828091,0,,False
2351,b2-fabric-b1-c4-r3,b2-fabric-b1-c4-r3-task-0235,fabric_vote_1,True,,2253,1783313828199,0,,False
2352,b2-fabric-b1-c4-r3,b2-fabric-b1-c4-r3-task-0234,fabric_vote_1,True,,2206,1783313828246,0,,False
2353,b2-fabric-b1-c4-r3,b2-fabric-b1-c4-r3-task-0233,fabric_vote_1,True,,2253,1783313828201,0,,False
2354,b2-fabric-b1-c4-r3,b2-fabric-b1-c4-r3-task-0232,fabric_vote_1,True,,2256,1783313828200,0,,False
2355,b2-fabric-b1-c4-r3,b2-fabric-b1-c4-r3-task-0235,fabric_vote_2,True,,2449,1783313830452,0,,False
2356,b2-fabric-b1-c4-r3,b2-fabric-b1-c4-r3-task-0233,fabric_vote_2,True,,2448,1783313830454,0,,False
2357,b2-fabric-b1-c4-r3,b2-fabric-b1-c4-r3-task-0234,fabric_vote_2,True,,2451,1783313830452,0,,False
2358,b2-fabric-b1-c4-r3,b2-fabric-b1-c4-r3-task-0232,fabric_vote_2,True,,2448,1783313830456,0,,False
2359,b2-fabric-b1-c4-r3,b2-fabric-b1-c4-r3-task-0232,fabric_settlement,True,,2326,1783313832904,0,,False
2360,b2-fabric-b1-c4-r3,b2-fabric-b1-c4-r3-task-0235,fabric_settlement,True,,2330,1783313832901,0,,False
2361,b2-fabric-b1-c4-r3,b2-fabric-b1-c4-r3-task-0233,fabric_settlement,True,,2330,1783313832902,0,,False
2362,b2-fabric-b1-c4-r3,b2-fabric-b1-c4-r3-task-0234,fabric_settlement,True,,2329,1783313832903,0,,False
2363,b2-fabric-b1-c4-r3,b2-fabric-b1-c4-r3-task-0233,fabric_query_final,True,,736,1783313835232,0,,False
2364,b2-fabric-b1-c4-r3,b2-fabric-b1-c4-r3-task-0232,fabric_query_final,True,,739,1783313835230,0,,False
2365,b2-fabric-b1-c4-r3,b2-fabric-b1-c4-r3-task-0234,fabric_query_final,True,,737,1783313835232,0,,False
2366,b2-fabric-b1-c4-r3,b2-fabric-b1-c4-r3-task-0235,fabric_query_final,True,,742,1783313835231,0,,False
2367,b2-fabric-b1-c4-r3,b2-fabric-b1-c4-r3-task-0233,ipfs_verify,True,,7,1783313835968,0,QmPiTWkJT1mbrmoTnV9zypQTW3Way5fUm3QKFnVCGaYeHm,False
2368,b2-fabric-b1-c4-r3,b2-fabric-b1-c4-r3-task-0232,ipfs_verify,True,,6,1783313835969,0,QmSoSsUedyqXDpWjs8cPi259zwcokeishbBomFLbck3bFS,False
2369,b2-fabric-b1-c4-r3,b2-fabric-b1-c4-r3-task-0234,ipfs_verify,True,,7,1783313835969,0,QmPib3HBbwLaFsPuT1LMCQzfpjcraJk2ud1LU6KcqXFQ9r,False
2370,b2-fabric-b1-c4-r3,b2-fabric-b1-c4-r3-task-0235,ipfs_verify,True,,5,1783313835973,0,QmYicVCk9mEpCXvCjMGcMHHmbJVaPePcbBgZQABLWpBqqW,False
2371,b2-fabric-b1-c4-r3,b2-fabric-b1-c4-r3-task-0236,ipfs_add,True,,29,1783313835975,3609,,False
2372,b2-fabric-b1-c4-r3,b2-fabric-b1-c4-r3-task-0238,ipfs_add,True,,45,1783313835976,2789,,False
2373,b2-fabric-b1-c4-r3,b2-fabric-b1-c4-r3-task-0237,ipfs_add,True,,61,1783313835976,5358,,False
2374,b2-fabric-b1-c4-r3,b2-fabric-b1-c4-r3-task-0239,ipfs_add,True,,77,1783313835978,1409,,False
2375,b2-fabric-b1-c4-r3,b2-fabric-b1-c4-r3-task-0238,fabric_post_task,True,,2801,1783313836021,2789,QmT6ZzLsRWnFGbDxFiczkk711sF8hynyFyTCPutJbTgPxU,False
2376,b2-fabric-b1-c4-r3,b2-fabric-b1-c4-r3-task-0239,fabric_post_task,True,,2769,1783313836055,1409,QmQMeGcZwLYK3Pq3gZevpTDuLFbfuYKryRgEJBym4Nhd1b,False
2377,b2-fabric-b1-c4-r3,b2-fabric-b1-c4-r3-task-0237,fabric_post_task,True,,2787,1783313836037,5358,QmVAq5JsSc7aMPcAaJdKWcsK7zz4oLxAr4YXCyVDbZzyuX,False
2378,b2-fabric-b1-c4-r3,b2-fabric-b1-c4-r3-task-0236,fabric_post_task,True,,2823,1783313836004,3609,QmVXqjnDPn1ZWZeaYTpic5k9LeY4VnPGoRNhtDotr1gFPf,False
2379,b2-fabric-b1-c4-r3,b2-fabric-b1-c4-r3-task-0238,fabric_post_allocation,True,,2522,1783313838823,0,,False
2380,b2-fabric-b1-c4-r3,b2-fabric-b1-c4-r3-task-0239,fabric_post_allocation,True,,2523,1783313838824,0,,False
2381,b2-fabric-b1-c4-r3,b2-fabric-b1-c4-r3-task-0236,fabric_post_allocation,True,,2520,1783313838827,0,,False
2382,b2-fabric-b1-c4-r3,b2-fabric-b1-c4-r3-task-0237,fabric_post_allocation,True,,2524,1783313838824,0,,False
2383,b2-fabric-b1-c4-r3,b2-fabric-b1-c4-r3-task-0239,fabric_post_snapshot,True,,2254,1783313841347,0,,False
2384,b2-fabric-b1-c4-r3,b2-fabric-b1-c4-r3-task-0237,fabric_post_snapshot,True,,2254,1783313841348,0,,False
2385,b2-fabric-b1-c4-r3,b2-fabric-b1-c4-r3-task-0238,fabric_post_snapshot,True,,2258,1783313841345,0,,False
2386,b2-fabric-b1-c4-r3,b2-fabric-b1-c4-r3-task-0236,fabric_post_snapshot,True,,2259,1783313841347,0,,False
2387,b2-fabric-b1-c4-r3,b2-fabric-b1-c4-r3-task-0239,fabric_query_confirmation,True,,357,1783313843601,0,,False
2388,b2-fabric-b1-c4-r3,b2-fabric-b1-c4-r3-task-0236,fabric_query_confirmation,True,,353,1783313843606,0,,False
2389,b2-fabric-b1-c4-r3,b2-fabric-b1-c4-r3-task-0237,fabric_query_confirmation,True,,358,1783313843602,0,,False
2390,b2-fabric-b1-c4-r3,b2-fabric-b1-c4-r3-task-0238,fabric_query_confirmation,True,,357,1783313843603,0,,False
2391,b2-fabric-b1-c4-r3,b2-fabric-b1-c4-r3-task-0237,fabric_vote_1,True,,2264,1783313843960,0,,False
2392,b2-fabric-b1-c4-r3,b2-fabric-b1-c4-r3-task-0236,fabric_vote_1,True,,2266,1783313843959,0,,False
2393,b2-fabric-b1-c4-r3,b2-fabric-b1-c4-r3-task-0238,fabric_vote_1,True,,2266,1783313843960,0,,False
2394,b2-fabric-b1-c4-r3,b2-fabric-b1-c4-r3-task-0239,fabric_vote_1,True,,2271,1783313843958,0,,False
2395,b2-fabric-b1-c4-r3,b2-fabric-b1-c4-r3-task-0238,fabric_vote_2,True,,2499,1783313846226,0,,False
2396,b2-fabric-b1-c4-r3,b2-fabric-b1-c4-r3-task-0237,fabric_vote_2,True,,2502,1783313846224,0,,False
2397,b2-fabric-b1-c4-r3,b2-fabric-b1-c4-r3-task-0239,fabric_vote_2,True,,2498,1783313846229,0,,False
2398,b2-fabric-b1-c4-r3,b2-fabric-b1-c4-r3-task-0236,fabric_vote_2,True,,2502,1783313846225,0,,False
2399,b2-fabric-b1-c4-r3,b2-fabric-b1-c4-r3-task-0236,fabric_settlement,True,,2283,1783313848727,0,,False
2400,b2-fabric-b1-c4-r3,b2-fabric-b1-c4-r3-task-0239,fabric_settlement,True,,2284,1783313848727,0,,False
2401,b2-fabric-b1-c4-r3,b2-fabric-b1-c4-r3-task-0238,fabric_settlement,True,,2287,1783313848725,0,,False
2402,b2-fabric-b1-c4-r3,b2-fabric-b1-c4-r3-task-0237,fabric_settlement,True,,2288,1783313848726,0,,False
2403,b2-fabric-b1-c4-r3,b2-fabric-b1-c4-r3-task-0238,fabric_query_final,True,,858,1783313851012,0,,False
2404,b2-fabric-b1-c4-r3,b2-fabric-b1-c4-r3-task-0236,fabric_query_final,True,,861,1783313851010,0,,False
2405,b2-fabric-b1-c4-r3,b2-fabric-b1-c4-r3-task-0237,fabric_query_final,True,,857,1783313851014,0,,False
2406,b2-fabric-b1-c4-r3,b2-fabric-b1-c4-r3-task-0239,fabric_query_final,True,,864,1783313851011,0,,False
2407,b2-fabric-b1-c4-r3,b2-fabric-b1-c4-r3-task-0237,ipfs_verify,True,,10,1783313851871,0,QmVAq5JsSc7aMPcAaJdKWcsK7zz4oLxAr4YXCyVDbZzyuX,False
2408,b2-fabric-b1-c4-r3,b2-fabric-b1-c4-r3-task-0236,ipfs_verify,True,,11,1783313851871,0,QmVXqjnDPn1ZWZeaYTpic5k9LeY4VnPGoRNhtDotr1gFPf,False
2409,b2-fabric-b1-c4-r3,b2-fabric-b1-c4-r3-task-0238,ipfs_verify,True,,12,1783313851870,0,QmT6ZzLsRWnFGbDxFiczkk711sF8hynyFyTCPutJbTgPxU,False
2410,b2-fabric-b1-c4-r3,b2-fabric-b1-c4-r3-task-0239,ipfs_verify,True,,9,1783313851875,0,QmQMeGcZwLYK3Pq3gZevpTDuLFbfuYKryRgEJBym4Nhd1b,False
2411,b2-fabric-b1-c4-r3,b2-fabric-b1-c4-r3-task-0240,ipfs_add,True,,32,1783313851881,1900,,False
2412,b2-fabric-b1-c4-r3,b2-fabric-b1-c4-r3-task-0241,ipfs_add,True,,50,1783313851882,2700,,False
2413,b2-fabric-b1-c4-r3,b2-fabric-b1-c4-r3-task-0242,ipfs_add,True,,68,1783313851882,2053,,False
2414,b2-fabric-b1-c4-r3,b2-fabric-b1-c4-r3-task-0243,ipfs_add,True,,84,1783313851885,1456,,False
2415,b2-fabric-b1-c4-r3,b2-fabric-b1-c4-r3-task-0241,fabric_post_task,True,,1626,1783313851932,2700,QmfEJkxeZXBCtVrzRc9tWUkiwMt3QbnPxy27zPrhErg5Mj,False
2416,b2-fabric-b1-c4-r3,b2-fabric-b1-c4-r3-task-0240,fabric_post_task,True,,1647,1783313851913,1900,QmRfDCDvLXbQCMFDCB2yZ6ZQfQ9nRcY5sEkbivZjmdkej6,False
2417,b2-fabric-b1-c4-r3,b2-fabric-b1-c4-r3-task-0242,fabric_post_task,True,,1610,1783313851950,2053,QmNubnQEoCoKW34iLEEdjbFpwQuVWvqdKUZP7pPaRitT9Z,False
2418,b2-fabric-b1-c4-r3,b2-fabric-b1-c4-r3-task-0243,fabric_post_task,True,,1593,1783313851969,1456,QmRSRcL9QGoh8VvDT2ixSsZg96fnWrX8z1a5S7uHJpt7kp,False
2419,b2-fabric-b1-c4-r3,b2-fabric-b1-c4-r3-task-0240,fabric_post_allocation,True,,2347,1783313853560,0,,False
2420,b2-fabric-b1-c4-r3,b2-fabric-b1-c4-r3-task-0242,fabric_post_allocation,True,,2348,1783313853560,0,,False
2421,b2-fabric-b1-c4-r3,b2-fabric-b1-c4-r3-task-0243,fabric_post_allocation,True,,2346,1783313853562,0,,False
2422,b2-fabric-b1-c4-r3,b2-fabric-b1-c4-r3-task-0241,fabric_post_allocation,True,,2351,1783313853558,0,,False
2423,b2-fabric-b1-c4-r3,b2-fabric-b1-c4-r3-task-0243,fabric_post_snapshot,True,,2239,1783313855908,0,,False
2424,b2-fabric-b1-c4-r3,b2-fabric-b1-c4-r3-task-0242,fabric_post_snapshot,True,,2240,1783313855908,0,,False
2425,b2-fabric-b1-c4-r3,b2-fabric-b1-c4-r3-task-0240,fabric_post_snapshot,True,,2243,1783313855907,0,,False
2426,b2-fabric-b1-c4-r3,b2-fabric-b1-c4-r3-task-0241,fabric_post_snapshot,True,,2241,1783313855909,0,,False
2427,b2-fabric-b1-c4-r3,b2-fabric-b1-c4-r3-task-0243,fabric_query_confirmation,True,,114,1783313858147,0,,False
2428,b2-fabric-b1-c4-r3,b2-fabric-b1-c4-r3-task-0242,fabric_query_confirmation,True,,116,1783313858148,0,,False
2429,b2-fabric-b1-c4-r3,b2-fabric-b1-c4-r3-task-0241,fabric_query_confirmation,True,,115,1783313858150,0,,False
2430,b2-fabric-b1-c4-r3,b2-fabric-b1-c4-r3-task-0240,fabric_query_confirmation,True,,116,1783313858150,0,,False
2431,b2-fabric-b1-c4-r3,b2-fabric-b1-c4-r3-task-0240,fabric_vote_1,True,,2261,1783313858266,0,,False
2432,b2-fabric-b1-c4-r3,b2-fabric-b1-c4-r3-task-0243,fabric_vote_1,True,,2267,1783313858261,0,,False
2433,b2-fabric-b1-c4-r3,b2-fabric-b1-c4-r3-task-0241,fabric_vote_1,True,,2264,1783313858265,0,,False
2434,b2-fabric-b1-c4-r3,b2-fabric-b1-c4-r3-task-0242,fabric_vote_1,True,,2266,1783313858264,0,,False
2435,b2-fabric-b1-c4-r3,b2-fabric-b1-c4-r3-task-0242,fabric_vote_2,True,,2237,1783313860530,0,,False
2436,b2-fabric-b1-c4-r3,b2-fabric-b1-c4-r3-task-0241,fabric_vote_2,True,,2240,1783313860529,0,,False
2437,b2-fabric-b1-c4-r3,b2-fabric-b1-c4-r3-task-0240,fabric_vote_2,True,,2243,1783313860527,0,,False
2438,b2-fabric-b1-c4-r3,b2-fabric-b1-c4-r3-task-0243,fabric_vote_2,True,,2242,1783313860528,0,,False
2439,b2-fabric-b1-c4-r3,b2-fabric-b1-c4-r3-task-0240,fabric_settlement,True,,2298,1783313862770,0,,False
2440,b2-fabric-b1-c4-r3,b2-fabric-b1-c4-r3-task-0242,fabric_settlement,True,,2301,1783313862767,0,,False
2441,b2-fabric-b1-c4-r3,b2-fabric-b1-c4-r3-task-0241,fabric_settlement,True,,2300,1783313862769,0,,False
2442,b2-fabric-b1-c4-r3,b2-fabric-b1-c4-r3-task-0243,fabric_settlement,True,,2301,1783313862770,0,,False
2443,b2-fabric-b1-c4-r3,b2-fabric-b1-c4-r3-task-0243,fabric_query_final,True,,506,1783313865071,0,,False
2444,b2-fabric-b1-c4-r3,b2-fabric-b1-c4-r3-task-0240,fabric_query_final,True,,510,1783313865068,0,,False
2445,b2-fabric-b1-c4-r3,b2-fabric-b1-c4-r3-task-0242,fabric_query_final,True,,510,1783313865068,0,,False
2446,b2-fabric-b1-c4-r3,b2-fabric-b1-c4-r3-task-0241,fabric_query_final,True,,511,1783313865069,0,,False
2447,b2-fabric-b1-c4-r3,b2-fabric-b1-c4-r3-task-0243,ipfs_verify,True,,6,1783313865577,0,QmRSRcL9QGoh8VvDT2ixSsZg96fnWrX8z1a5S7uHJpt7kp,False
2448,b2-fabric-b1-c4-r3,b2-fabric-b1-c4-r3-task-0242,ipfs_verify,True,,6,1783313865578,0,QmNubnQEoCoKW34iLEEdjbFpwQuVWvqdKUZP7pPaRitT9Z,False
2449,b2-fabric-b1-c4-r3,b2-fabric-b1-c4-r3-task-0240,ipfs_verify,True,,6,1783313865578,0,QmRfDCDvLXbQCMFDCB2yZ6ZQfQ9nRcY5sEkbivZjmdkej6,False
2450,b2-fabric-b1-c4-r3,b2-fabric-b1-c4-r3-task-0241,ipfs_verify,True,,6,1783313865580,0,QmfEJkxeZXBCtVrzRc9tWUkiwMt3QbnPxy27zPrhErg5Mj,False
2451,b2-fabric-b1-c4-r3,b2-fabric-b1-c4-r3-task-0245,ipfs_add,True,,31,1783313865584,1397,,False
2452,b2-fabric-b1-c4-r3,b2-fabric-b1-c4-r3-task-0247,ipfs_add,True,,45,1783313865586,1442,,False
2453,b2-fabric-b1-c4-r3,b2-fabric-b1-c4-r3-task-0246,ipfs_add,True,,78,1783313865585,1908,,False
2454,b2-fabric-b1-c4-r3,b2-fabric-b1-c4-r3-task-0244,ipfs_add,True,,80,1783313865583,1940,,False
2455,b2-fabric-b1-c4-r3,b2-fabric-b1-c4-r3-task-0247,fabric_post_task,True,,2815,1783313865631,1442,QmX6Pz1owsVrhohFcJpqY4nN99ZYTUNsMhoWJHmcAATrUC,False
2456,b2-fabric-b1-c4-r3,b2-fabric-b1-c4-r3-task-0245,fabric_post_task,True,,2832,1783313865615,1397,QmRfQ29mFdu3DgQcz3fAXc1k7t6oBRgjxH4rKPuQH1fX4o,False
2457,b2-fabric-b1-c4-r3,b2-fabric-b1-c4-r3-task-0244,fabric_post_task,True,,2785,1783313865663,1940,QmZRkcbZv6DrZ32YxAdk9t2kzi1YwGMwtxRpuS6Qjz4ByS,False
2458,b2-fabric-b1-c4-r3,b2-fabric-b1-c4-r3-task-0246,fabric_post_task,True,,2785,1783313865663,1908,Qmbd379qf1e5jFN3VfVGanPkH2qj7HaxhCKRJVLas9XhVH,False
2459,b2-fabric-b1-c4-r3,b2-fabric-b1-c4-r3-task-0246,fabric_post_allocation,True,,2316,1783313868448,0,,False
2460,b2-fabric-b1-c4-r3,b2-fabric-b1-c4-r3-task-0244,fabric_post_allocation,True,,2317,1783313868448,0,,False
2461,b2-fabric-b1-c4-r3,b2-fabric-b1-c4-r3-task-0247,fabric_post_allocation,True,,2318,1783313868447,0,,False
2462,b2-fabric-b1-c4-r3,b2-fabric-b1-c4-r3-task-0245,fabric_post_allocation,True,,2320,1783313868447,0,,False
2463,b2-fabric-b1-c4-r3,b2-fabric-b1-c4-r3-task-0247,fabric_post_snapshot,True,,2439,1783313870765,0,,False
2464,b2-fabric-b1-c4-r3,b2-fabric-b1-c4-r3-task-0246,fabric_post_snapshot,True,,2441,1783313870764,0,,False
2465,b2-fabric-b1-c4-r3,b2-fabric-b1-c4-r3-task-0245,fabric_post_snapshot,True,,2438,1783313870767,0,,False
2466,b2-fabric-b1-c4-r3,b2-fabric-b1-c4-r3-task-0244,fabric_post_snapshot,True,,2442,1783313870765,0,,False
2467,b2-fabric-b1-c4-r3,b2-fabric-b1-c4-r3-task-0246,fabric_query_confirmation,True,,300,1783313873205,0,,False
2468,b2-fabric-b1-c4-r3,b2-fabric-b1-c4-r3-task-0247,fabric_query_confirmation,True,,302,1783313873204,0,,False
2469,b2-fabric-b1-c4-r3,b2-fabric-b1-c4-r3-task-0245,fabric_query_confirmation,True,,302,1783313873205,0,,False
2470,b2-fabric-b1-c4-r3,b2-fabric-b1-c4-r3-task-0244,fabric_query_confirmation,True,,300,1783313873207,0,,False
2471,b2-fabric-b1-c4-r3,b2-fabric-b1-c4-r3-task-0244,fabric_vote_1,True,,2281,1783313873507,0,,False
2472,b2-fabric-b1-c4-r3,b2-fabric-b1-c4-r3-task-0246,fabric_vote_1,True,,2283,1783313873505,0,,False
2473,b2-fabric-b1-c4-r3,b2-fabric-b1-c4-r3-task-0245,fabric_vote_1,True,,2282,1783313873507,0,,False
2474,b2-fabric-b1-c4-r3,b2-fabric-b1-c4-r3-task-0247,fabric_vote_1,True,,2286,1783313873506,0,,False
2475,b2-fabric-b1-c4-r3,b2-fabric-b1-c4-r3-task-0246,fabric_vote_2,True,,2478,1783313875788,0,,False
2476,b2-fabric-b1-c4-r3,b2-fabric-b1-c4-r3-task-0247,fabric_vote_2,True,,2476,1783313875792,0,,False
2477,b2-fabric-b1-c4-r3,b2-fabric-b1-c4-r3-task-0244,fabric_vote_2,True,,2480,1783313875788,0,,False
2478,b2-fabric-b1-c4-r3,b2-fabric-b1-c4-r3-task-0245,fabric_vote_2,True,,2479,1783313875789,0,,False
2479,b2-fabric-b1-c4-r3,b2-fabric-b1-c4-r3-task-0247,fabric_settlement,True,,2288,1783313878268,0,,False
2480,b2-fabric-b1-c4-r3,b2-fabric-b1-c4-r3-task-0245,fabric_settlement,True,,2288,1783313878268,0,,False
2481,b2-fabric-b1-c4-r3,b2-fabric-b1-c4-r3-task-0246,fabric_settlement,True,,2291,1783313878266,0,,False
2482,b2-fabric-b1-c4-r3,b2-fabric-b1-c4-r3-task-0244,fabric_settlement,True,,2290,1783313878268,0,,False
2483,b2-fabric-b1-c4-r3,b2-fabric-b1-c4-r3-task-0245,fabric_query_final,True,,394,1783313880556,0,,False
2484,b2-fabric-b1-c4-r3,b2-fabric-b1-c4-r3-task-0244,fabric_query_final,True,,393,1783313880558,0,,False
2485,b2-fabric-b1-c4-r3,b2-fabric-b1-c4-r3-task-0246,fabric_query_final,True,,395,1783313880557,0,,False
2486,b2-fabric-b1-c4-r3,b2-fabric-b1-c4-r3-task-0247,fabric_query_final,True,,403,1783313880556,0,,False
2487,b2-fabric-b1-c4-r3,b2-fabric-b1-c4-r3-task-0245,ipfs_verify,True,,10,1783313880950,0,QmRfQ29mFdu3DgQcz3fAXc1k7t6oBRgjxH4rKPuQH1fX4o,False
2488,b2-fabric-b1-c4-r3,b2-fabric-b1-c4-r3-task-0244,ipfs_verify,True,,10,1783313880951,0,QmZRkcbZv6DrZ32YxAdk9t2kzi1YwGMwtxRpuS6Qjz4ByS,False
2489,b2-fabric-b1-c4-r3,b2-fabric-b1-c4-r3-task-0246,ipfs_verify,True,,10,1783313880952,0,Qmbd379qf1e5jFN3VfVGanPkH2qj7HaxhCKRJVLas9XhVH,False
2490,b2-fabric-b1-c4-r3,b2-fabric-b1-c4-r3-task-0247,ipfs_verify,True,,10,1783313880959,0,QmX6Pz1owsVrhohFcJpqY4nN99ZYTUNsMhoWJHmcAATrUC,False
2491,b2-fabric-b1-c4-r3,b2-fabric-b1-c4-r3-task-0250,ipfs_add,True,,39,1783313880962,1536,,False
2492,b2-fabric-b1-c4-r3,b2-fabric-b1-c4-r3-task-0249,ipfs_add,True,,57,1783313880961,1622,,False
2493,b2-fabric-b1-c4-r3,b2-fabric-b1-c4-r3-task-0248,ipfs_add,True,,78,1783313880960,1513,,False
2494,b2-fabric-b1-c4-r3,b2-fabric-b1-c4-r3-task-0251,ipfs_add,True,,87,1783313880969,1557,,False
2495,b2-fabric-b1-c4-r3,b2-fabric-b1-c4-r3-task-0248,fabric_post_task,True,,2500,1783313881038,1513,QmZm8oEeNJE8ud88izCLhLnkvJbBpn3DcxxACsWhMRdYhA,False
2496,b2-fabric-b1-c4-r3,b2-fabric-b1-c4-r3-task-0251,fabric_post_task,True,,2483,1783313881056,1557,QmZcHg4d9H8MPruWuXm1QwpfemphbX6MHQxju4nZvRocmZ,False
2497,b2-fabric-b1-c4-r3,b2-fabric-b1-c4-r3-task-0249,fabric_post_task,True,,2522,1783313881018,1622,QmWhPk74ArLFk2azBUEPeV5DfbYzPqL1rjTNqE5zSC1Eut,False
2498,b2-fabric-b1-c4-r3,b2-fabric-b1-c4-r3-task-0250,fabric_post_task,True,,2540,1783313881001,1536,Qmed7xmh1Coiscy6DWRC1YB617j5DeuyK8AizbfmSS6upB,False
2499,b2-fabric-b1-c4-r3,b2-fabric-b1-c4-r3-task-0249,fabric_post_allocation,True,,1403,1783313883540,0,,False
2500,b2-fabric-b1-c4-r3,b2-fabric-b1-c4-r3-task-0250,fabric_post_allocation,True,,1402,1783313883541,0,,False
2501,b2-fabric-b1-c4-r3,b2-fabric-b1-c4-r3-task-0251,fabric_post_allocation,True,,1405,1783313883539,0,,False
2502,b2-fabric-b1-c4-r3,b2-fabric-b1-c4-r3-task-0248,fabric_post_allocation,True,,1408,1783313883538,0,,False
2503,b2-fabric-b1-c4-r3,b2-fabric-b1-c4-r3-task-0249,fabric_post_snapshot,True,,2435,1783313884943,0,,False
2504,b2-fabric-b1-c4-r3,b2-fabric-b1-c4-r3-task-0251,fabric_post_snapshot,True,,2434,1783313884944,0,,False
2505,b2-fabric-b1-c4-r3,b2-fabric-b1-c4-r3-task-0250,fabric_post_snapshot,True,,2436,1783313884943,0,,False
2506,b2-fabric-b1-c4-r3,b2-fabric-b1-c4-r3-task-0248,fabric_post_snapshot,True,,2435,1783313884946,0,,False
2507,b2-fabric-b1-c4-r3,b2-fabric-b1-c4-r3-task-0251,fabric_query_confirmation,True,,312,1783313887378,0,,False
2508,b2-fabric-b1-c4-r3,b2-fabric-b1-c4-r3-task-0248,fabric_query_confirmation,True,,309,1783313887381,0,,False
2509,b2-fabric-b1-c4-r3,b2-fabric-b1-c4-r3-task-0250,fabric_query_confirmation,True,,312,1783313887379,0,,False
2510,b2-fabric-b1-c4-r3,b2-fabric-b1-c4-r3-task-0249,fabric_query_confirmation,True,,315,1783313887378,0,,False
2511,b2-fabric-b1-c4-r3,b2-fabric-b1-c4-r3-task-0250,fabric_vote_1,True,,2442,1783313887691,0,,False
2512,b2-fabric-b1-c4-r3,b2-fabric-b1-c4-r3-task-0248,fabric_vote_1,True,,2444,1783313887690,0,,False
2513,b2-fabric-b1-c4-r3,b2-fabric-b1-c4-r3-task-0251,fabric_vote_1,True,,2444,1783313887690,0,,False
2514,b2-fabric-b1-c4-r3,b2-fabric-b1-c4-r3-task-0249,fabric_vote_1,True,,2444,1783313887693,0,,False
2515,b2-fabric-b1-c4-r3,b2-fabric-b1-c4-r3-task-0250,fabric_vote_2,True,,2442,1783313890133,0,,False
2516,b2-fabric-b1-c4-r3,b2-fabric-b1-c4-r3-task-0248,fabric_vote_2,True,,2441,1783313890134,0,,False
2517,b2-fabric-b1-c4-r3,b2-fabric-b1-c4-r3-task-0251,fabric_vote_2,True,,2442,1783313890134,0,,False
2518,b2-fabric-b1-c4-r3,b2-fabric-b1-c4-r3-task-0249,fabric_vote_2,True,,2440,1783313890137,0,,False
2519,b2-fabric-b1-c4-r3,b2-fabric-b1-c4-r3-task-0251,fabric_settlement,True,,2285,1783313892576,0,,False
2520,b2-fabric-b1-c4-r3,b2-fabric-b1-c4-r3-task-0250,fabric_settlement,True,,2287,1783313892575,0,,False
2521,b2-fabric-b1-c4-r3,b2-fabric-b1-c4-r3-task-0249,fabric_settlement,True,,2285,1783313892577,0,,False
2522,b2-fabric-b1-c4-r3,b2-fabric-b1-c4-r3-task-0248,fabric_settlement,True,,2290,1783313892575,0,,False
2523,b2-fabric-b1-c4-r3,b2-fabric-b1-c4-r3-task-0250,fabric_query_final,True,,752,1783313894862,0,,False
2524,b2-fabric-b1-c4-r3,b2-fabric-b1-c4-r3-task-0251,fabric_query_final,True,,753,1783313894861,0,,False
2525,b2-fabric-b1-c4-r3,b2-fabric-b1-c4-r3-task-0248,fabric_query_final,True,,750,1783313894865,0,,False
2526,b2-fabric-b1-c4-r3,b2-fabric-b1-c4-r3-task-0249,fabric_query_final,True,,755,1783313894862,0,,False
2527,b2-fabric-b1-c4-r3,b2-fabric-b1-c4-r3-task-0248,ipfs_verify,True,,6,1783313895615,0,QmZm8oEeNJE8ud88izCLhLnkvJbBpn3DcxxACsWhMRdYhA,False
2528,b2-fabric-b1-c4-r3,b2-fabric-b1-c4-r3-task-0251,ipfs_verify,True,,8,1783313895614,0,QmZcHg4d9H8MPruWuXm1QwpfemphbX6MHQxju4nZvRocmZ,False
2529,b2-fabric-b1-c4-r3,b2-fabric-b1-c4-r3-task-0250,ipfs_verify,True,,8,1783313895614,0,Qmed7xmh1Coiscy6DWRC1YB617j5DeuyK8AizbfmSS6upB,False
2530,b2-fabric-b1-c4-r3,b2-fabric-b1-c4-r3-task-0249,ipfs_verify,True,,6,1783313895617,0,QmWhPk74ArLFk2azBUEPeV5DfbYzPqL1rjTNqE5zSC1Eut,False
2531,b2-fabric-b1-c4-r3,b2-fabric-b1-c4-r3-task-0252,ipfs_add,True,,32,1783313895622,2362,,False
2532,b2-fabric-b1-c4-r3,b2-fabric-b1-c4-r3-task-0254,ipfs_add,True,,48,1783313895622,1295,,False
2533,b2-fabric-b1-c4-r3,b2-fabric-b1-c4-r3-task-0255,ipfs_add,True,,63,1783313895623,1650,,False
2534,b2-fabric-b1-c4-r3,b2-fabric-b1-c4-r3-task-0253,ipfs_add,True,,82,1783313895622,2993,,False
2535,b2-fabric-b1-c4-r3,b2-fabric-b1-c4-r3-task-0255,fabric_post_task,True,,2722,1783313895686,1650,QmShJ7kpkti4YE6UAoU3vGkK7ayqB2qDgXzzhbDE3arDFM,False
2536,b2-fabric-b1-c4-r3,b2-fabric-b1-c4-r3-task-0254,fabric_post_task,True,,2739,1783313895670,1295,QmNNK1VZwQQrsmt9689RK9RnXVSmh5jmJ6wJxbnwquT91z,False
2537,b2-fabric-b1-c4-r3,b2-fabric-b1-c4-r3-task-0252,fabric_post_task,True,,2757,1783313895654,2362,QmSPWZE8QTcLPVYdwtzz4Jdbw1i2rDGXNp1NbNXG6cAtWU,False
2538,b2-fabric-b1-c4-r3,b2-fabric-b1-c4-r3-task-0253,fabric_post_task,True,,2708,1783313895704,2993,QmU6GWKSsXJ8p8tB8vPkjDBspe6KHsKQiKg2i4XDbpW64S,False
2539,b2-fabric-b1-c4-r3,b2-fabric-b1-c4-r3-task-0252,fabric_post_allocation,True,,2532,1783313898411,0,,False
2540,b2-fabric-b1-c4-r3,b2-fabric-b1-c4-r3-task-0253,fabric_post_allocation,True,,2533,1783313898412,0,,False
2541,b2-fabric-b1-c4-r3,b2-fabric-b1-c4-r3-task-0255,fabric_post_allocation,True,,2537,1783313898408,0,,False
2542,b2-fabric-b1-c4-r3,b2-fabric-b1-c4-r3-task-0254,fabric_post_allocation,True,,2537,1783313898409,0,,False
2543,b2-fabric-b1-c4-r3,b2-fabric-b1-c4-r3-task-0255,fabric_post_snapshot,True,,2257,1783313900945,0,,False
2544,b2-fabric-b1-c4-r3,b2-fabric-b1-c4-r3-task-0254,fabric_post_snapshot,True,,2256,1783313900946,0,,False
2545,b2-fabric-b1-c4-r3,b2-fabric-b1-c4-r3-task-0253,fabric_post_snapshot,True,,2258,1783313900945,0,,False
2546,b2-fabric-b1-c4-r3,b2-fabric-b1-c4-r3-task-0252,fabric_post_snapshot,True,,2262,1783313900943,0,,False
2547,b2-fabric-b1-c4-r3,b2-fabric-b1-c4-r3-task-0252,fabric_query_confirmation,True,,298,1783313903205,0,,False
2548,b2-fabric-b1-c4-r3,b2-fabric-b1-c4-r3-task-0253,fabric_query_confirmation,True,,301,1783313903203,0,,False
2549,b2-fabric-b1-c4-r3,b2-fabric-b1-c4-r3-task-0254,fabric_query_confirmation,True,,302,1783313903202,0,,False
2550,b2-fabric-b1-c4-r3,b2-fabric-b1-c4-r3-task-0255,fabric_query_confirmation,True,,303,1783313903202,0,,False
2551,b2-fabric-b1-c4-r3,b2-fabric-b1-c4-r3-task-0252,fabric_vote_1,True,,2265,1783313903503,0,,False
2552,b2-fabric-b1-c4-r3,b2-fabric-b1-c4-r3-task-0255,fabric_vote_1,True,,2263,1783313903505,0,,False
2553,b2-fabric-b1-c4-r3,b2-fabric-b1-c4-r3-task-0254,fabric_vote_1,True,,2266,1783313903504,0,,False
2554,b2-fabric-b1-c4-r3,b2-fabric-b1-c4-r3-task-0253,fabric_vote_1,True,,2268,1783313903504,0,,False
2555,b2-fabric-b1-c4-r3,b2-fabric-b1-c4-r3-task-0253,fabric_vote_2,True,,2448,1783313905772,0,,False
2556,b2-fabric-b1-c4-r3,b2-fabric-b1-c4-r3-task-0255,fabric_vote_2,True,,2453,1783313905768,0,,False
2557,b2-fabric-b1-c4-r3,b2-fabric-b1-c4-r3-task-0254,fabric_vote_2,True,,2451,1783313905770,0,,False
2558,b2-fabric-b1-c4-r3,b2-fabric-b1-c4-r3-task-0252,fabric_vote_2,True,,2454,1783313905768,0,,False
2559,b2-fabric-b1-c4-r3,b2-fabric-b1-c4-r3-task-0253,fabric_settlement,True,,2294,1783313908220,0,,False
2560,b2-fabric-b1-c4-r3,b2-fabric-b1-c4-r3-task-0254,fabric_settlement,True,,2296,1783313908221,0,,False
2561,b2-fabric-b1-c4-r3,b2-fabric-b1-c4-r3-task-0252,fabric_settlement,True,,2295,1783313908222,0,,False
2562,b2-fabric-b1-c4-r3,b2-fabric-b1-c4-r3-task-0255,fabric_settlement,True,,2297,1783313908221,0,,False
2563,b2-fabric-b1-c4-r3,b2-fabric-b1-c4-r3-task-0253,fabric_query_final,True,,525,1783313910514,0,,False
2564,b2-fabric-b1-c4-r3,b2-fabric-b1-c4-r3-task-0255,fabric_query_final,True,,522,1783313910518,0,,False
2565,b2-fabric-b1-c4-r3,b2-fabric-b1-c4-r3-task-0254,fabric_query_final,True,,524,1783313910517,0,,False
2566,b2-fabric-b1-c4-r3,b2-fabric-b1-c4-r3-task-0252,fabric_query_final,True,,526,1783313910517,0,,False
2567,b2-fabric-b1-c4-r3,b2-fabric-b1-c4-r3-task-0254,ipfs_verify,True,,5,1783313911041,0,QmNNK1VZwQQrsmt9689RK9RnXVSmh5jmJ6wJxbnwquT91z,False
2568,b2-fabric-b1-c4-r3,b2-fabric-b1-c4-r3-task-0253,ipfs_verify,True,,7,1783313911039,0,QmU6GWKSsXJ8p8tB8vPkjDBspe6KHsKQiKg2i4XDbpW64S,False
2569,b2-fabric-b1-c4-r3,b2-fabric-b1-c4-r3-task-0255,ipfs_verify,True,,6,1783313911040,0,QmShJ7kpkti4YE6UAoU3vGkK7ayqB2qDgXzzhbDE3arDFM,False
2570,b2-fabric-b1-c4-r3,b2-fabric-b1-c4-r3-task-0252,ipfs_verify,True,,4,1783313911043,0,QmSPWZE8QTcLPVYdwtzz4Jdbw1i2rDGXNp1NbNXG6cAtWU,False
