seq,run_id,task_id,op,success,error,latency_ms,started_at_ms,bytes_sent,cid,warmup
1,b2-fabric-b1-c4-r5,b2-fabric-b1-c4-r5-warmup-0000,ipfs_add,True,,35,1783315282480,2041,,True
2,b2-fabric-b1-c4-r5,b2-fabric-b1-c4-r5-warmup-0000,fabric_post_task,True,,2498,1783315282515,2041,QmZpceyXD65orbHnVn4w3sPB8ea42LnxKYXnQkqH8QFV8f,True
3,b2-fabric-b1-c4-r5,b2-fabric-b1-c4-r5-warmup-0000,fabric_post_allocation,True,,2548,1783315285013,0,,True
4,b2-fabric-b1-c4-r5,b2-fabric-b1-c4-r5-warmup-0000,fabric_post_snapshot,True,,2464,1783315287561,0,,True
5,b2-fabric-b1-c4-r5,b2-fabric-b1-c4-r5-warmup-0000,fabric_query_confirmation,True,,366,1783315290025,0,,True
6,b2-fabric-b1-c4-r5,b2-fabric-b1-c4-r5-warmup-0000,fabric_vote_1,True,,1495,1783315290391,0,,True
7,b2-fabric-b1-c4-r5,b2-fabric-b1-c4-r5-warmup-0000,fabric_vote_2,True,,2562,1783315291886,0,,True
8,b2-fabric-b1-c4-r5,b2-fabric-b1-c4-r5-warmup-0000,fabric_settlement,True,,2507,1783315294448,0,,True
9,b2-fabric-b1-c4-r5,b2-fabric-b1-c4-r5-warmup-0000,fabric_query_final,True,,1043,1783315296955,0,,True
10,b2-fabric-b1-c4-r5,b2-fabric-b1-c4-r5-warmup-0000,ipfs_verify,True,,5,1783315297998,0,QmZpceyXD65orbHnVn4w3sPB8ea42LnxKYXnQkqH8QFV8f,True
11,b2-fabric-b1-c4-r5,b2-fabric-b1-c4-r5-task-0000,ipfs_add,True,,29,1783315298004,2041,,False
12,b2-fabric-b1-c4-r5,b2-fabric-b1-c4-r5-task-0001,ipfs_add,True,,45,1783315298004,1691,,False
13,b2-fabric-b1-c4-r5,b2-fabric-b1-c4-r5-task-0003,ipfs_add,True,,61,1783315298005,2446,,False
14,b2-fabric-b1-c4-r5,b2-fabric-b1-c4-r5-task-0002,ipfs_add,True,,78,1783315298005,4391,,False
15,b2-fabric-b1-c4-r5,b2-fabric-b1-c4-r5-task-0000,fabric_post_task,True,,2437,1783315298033,2041,QmZpceyXD65orbHnVn4w3sPB8ea42LnxKYXnQkqH8QFV8f,False
16,b2-fabric-b1-c4-r5,b2-fabric-b1-c4-r5-task-0003,fabric_post_task,True,,2405,1783315298066,2446,QmPvR785HfFDDiGzRGUjqnESf82yCdppnLSJbnvszkNAGt,False
17,b2-fabric-b1-c4-r5,b2-fabric-b1-c4-r5-task-0002,fabric_post_task,True,,2389,1783315298083,4391,QmadZcFHB1uQSGYUnYEPgsvcDpcDhp6t3Vn4pKLzTyZW3B,False
18,b2-fabric-b1-c4-r5,b2-fabric-b1-c4-r5-task-0001,fabric_post_task,True,,2423,1783315298049,1691,QmWLjQroE5HFCEHpAAXxtDJw9HMkY6m5xMyNL3BCoktNFe,False
19,b2-fabric-b1-c4-r5,b2-fabric-b1-c4-r5-task-0001,fabric_post_allocation,True,,2306,1783315300472,0,,False
20,b2-fabric-b1-c4-r5,b2-fabric-b1-c4-r5-task-0000,fabric_post_allocation,True,,2309,1783315300470,0,,False
21,b2-fabric-b1-c4-r5,b2-fabric-b1-c4-r5-task-0002,fabric_post_allocation,True,,2309,1783315300472,0,,False
22,b2-fabric-b1-c4-r5,b2-fabric-b1-c4-r5-task-0003,fabric_post_allocation,True,,2311,1783315300471,0,,False
23,b2-fabric-b1-c4-r5,b2-fabric-b1-c4-r5-task-0002,fabric_post_snapshot,True,,2453,1783315302781,0,,False
24,b2-fabric-b1-c4-r5,b2-fabric-b1-c4-r5-task-0003,fabric_post_snapshot,True,,2452,1783315302782,0,,False
25,b2-fabric-b1-c4-r5,b2-fabric-b1-c4-r5-task-0001,fabric_post_snapshot,True,,2457,1783315302778,0,,False
26,b2-fabric-b1-c4-r5,b2-fabric-b1-c4-r5-task-0000,fabric_post_snapshot,True,,2458,1783315302779,0,,False
27,b2-fabric-b1-c4-r5,b2-fabric-b1-c4-r5-task-0003,fabric_query_confirmation,True,,321,1783315305234,0,,False
28,b2-fabric-b1-c4-r5,b2-fabric-b1-c4-r5-task-0000,fabric_query_confirmation,True,,318,1783315305237,0,,False
29,b2-fabric-b1-c4-r5,b2-fabric-b1-c4-r5-task-0002,fabric_query_confirmation,True,,322,1783315305234,0,,False
30,b2-fabric-b1-c4-r5,b2-fabric-b1-c4-r5-task-0001,fabric_query_confirmation,True,,322,1783315305236,0,,False
31,b2-fabric-b1-c4-r5,b2-fabric-b1-c4-r5-task-0003,fabric_vote_1,True,,2744,1783315305555,0,,False
32,b2-fabric-b1-c4-r5,b2-fabric-b1-c4-r5-task-0001,fabric_vote_1,True,,2741,1783315305558,0,,False
33,b2-fabric-b1-c4-r5,b2-fabric-b1-c4-r5-task-0000,fabric_vote_1,True,,2746,1783315305555,0,,False
34,b2-fabric-b1-c4-r5,b2-fabric-b1-c4-r5-task-0002,fabric_vote_1,True,,2745,1783315305556,0,,False
35,b2-fabric-b1-c4-r5,b2-fabric-b1-c4-r5-task-0001,fabric_vote_2,True,,2255,1783315308299,0,,False
36,b2-fabric-b1-c4-r5,b2-fabric-b1-c4-r5-task-0000,fabric_vote_2,True,,2253,1783315308301,0,,False
37,b2-fabric-b1-c4-r5,b2-fabric-b1-c4-r5-task-0002,fabric_vote_2,True,,2255,1783315308301,0,,False
38,b2-fabric-b1-c4-r5,b2-fabric-b1-c4-r5-task-0003,fabric_vote_2,True,,2259,1783315308299,0,,False
39,b2-fabric-b1-c4-r5,b2-fabric-b1-c4-r5-task-0003,fabric_settlement,True,,2483,1783315310558,0,,False
40,b2-fabric-b1-c4-r5,b2-fabric-b1-c4-r5-task-0002,fabric_settlement,True,,2487,1783315310556,0,,False
41,b2-fabric-b1-c4-r5,b2-fabric-b1-c4-r5-task-0000,fabric_settlement,True,,2489,1783315310555,0,,False
42,b2-fabric-b1-c4-r5,b2-fabric-b1-c4-r5-task-0001,fabric_settlement,True,,2490,1783315310554,0,,False
43,b2-fabric-b1-c4-r5,b2-fabric-b1-c4-r5-task-0000,fabric_query_final,True,,509,1783315313044,0,,False
44,b2-fabric-b1-c4-r5,b2-fabric-b1-c4-r5-task-0003,fabric_query_final,True,,513,1783315313041,0,,False
45,b2-fabric-b1-c4-r5,b2-fabric-b1-c4-r5-task-0002,fabric_query_final,True,,511,1783315313043,0,,False
46,b2-fabric-b1-c4-r5,b2-fabric-b1-c4-r5-task-0001,fabric_query_final,True,,512,1783315313044,0,,False
47,b2-fabric-b1-c4-r5,b2-fabric-b1-c4-r5-task-0001,ipfs_verify,True,,5,1783315313556,0,QmWLjQroE5HFCEHpAAXxtDJw9HMkY6m5xMyNL3BCoktNFe,False
48,b2-fabric-b1-c4-r5,b2-fabric-b1-c4-r5-task-0000,ipfs_verify,True,,8,1783315313553,0,QmZpceyXD65orbHnVn4w3sPB8ea42LnxKYXnQkqH8QFV8f,False
49,b2-fabric-b1-c4-r5,b2-fabric-b1-c4-r5-task-0003,ipfs_verify,True,,8,1783315313554,0,QmPvR785HfFDDiGzRGUjqnESf82yCdppnLSJbnvszkNAGt,False
50,b2-fabric-b1-c4-r5,b2-fabric-b1-c4-r5-task-0002,ipfs_verify,True,,8,1783315313554,0,QmadZcFHB1uQSGYUnYEPgsvcDpcDhp6t3Vn4pKLzTyZW3B,False
51,b2-fabric-b1-c4-r5,b2-fabric-b1-c4-r5-task-0004,ipfs_add,True,,82,1783315313561,4001,,False
52,b2-fabric-b1-c4-r5,b2-fabric-b1-c4-r5-task-0005,ipfs_add,True,,98,1783315313561,1568,,False
53,b2-fabric-b1-c4-r5,b2-fabric-b1-c4-r5-task-0006,ipfs_add,True,,113,1783315313562,1837,,False
54,b2-fabric-b1-c4-r5,b2-fabric-b1-c4-r5-task-0007,ipfs_add,True,,130,1783315313562,1947,,False
55,b2-fabric-b1-c4-r5,b2-fabric-b1-c4-r5-task-0006,fabric_post_task,True,,2502,1783315313675,1837,QmXGbR3DqVcFxShbFVjPMj7ToNDuYqpp9jmC8SXxYHpmsi,False
56,b2-fabric-b1-c4-r5,b2-fabric-b1-c4-r5-task-0005,fabric_post_task,True,,2521,1783315313659,1568,QmQGqX18RcT7NsFPmbZfQoD9JQ4oRJAgNfw6hWJoUowyXr,False
57,b2-fabric-b1-c4-r5,b2-fabric-b1-c4-r5-task-0007,fabric_post_task,True,,2489,1783315313692,1947,QmZ2mJtGsrx1z5XKWoUvbBSuSSfsFtGubMTSXMJ9cMGQnJ,False
58,b2-fabric-b1-c4-r5,b2-fabric-b1-c4-r5-task-0004,fabric_post_task,True,,2539,1783315313643,4001,Qmaz6UxvY2c7v7Afz5qnVeVQ353BpWF64tC6snuKvMXMMH,False
59,b2-fabric-b1-c4-r5,b2-fabric-b1-c4-r5-task-0004,fabric_post_allocation,True,,2386,1783315316182,0,,False
60,b2-fabric-b1-c4-r5,b2-fabric-b1-c4-r5-task-0005,fabric_post_allocation,True,,2389,1783315316180,0,,False
61,b2-fabric-b1-c4-r5,b2-fabric-b1-c4-r5-task-0006,fabric_post_allocation,True,,2393,1783315316177,0,,False
62,b2-fabric-b1-c4-r5,b2-fabric-b1-c4-r5-task-0007,fabric_post_allocation,True,,2389,1783315316181,0,,False
63,b2-fabric-b1-c4-r5,b2-fabric-b1-c4-r5-task-0006,fabric_post_snapshot,True,,2264,1783315318570,0,,False
64,b2-fabric-b1-c4-r5,b2-fabric-b1-c4-r5-task-0004,fabric_post_snapshot,True,,2267,1783315318568,0,,False
65,b2-fabric-b1-c4-r5,b2-fabric-b1-c4-r5-task-0007,fabric_post_snapshot,True,,2265,1783315318570,0,,False
66,b2-fabric-b1-c4-r5,b2-fabric-b1-c4-r5-task-0005,fabric_post_snapshot,True,,2270,1783315318569,0,,False
67,b2-fabric-b1-c4-r5,b2-fabric-b1-c4-r5-task-0004,fabric_query_confirmation,True,,302,1783315320835,0,,False
68,b2-fabric-b1-c4-r5,b2-fabric-b1-c4-r5-task-0005,fabric_query_confirmation,True,,298,1783315320839,0,,False
69,b2-fabric-b1-c4-r5,b2-fabric-b1-c4-r5-task-0007,fabric_query_confirmation,True,,303,1783315320835,0,,False
70,b2-fabric-b1-c4-r5,b2-fabric-b1-c4-r5-task-0006,fabric_query_confirmation,True,,306,1783315320834,0,,False
71,b2-fabric-b1-c4-r5,b2-fabric-b1-c4-r5-task-0005,fabric_vote_1,True,,1450,1783315321138,0,,False
72,b2-fabric-b1-c4-r5,b2-fabric-b1-c4-r5-task-0007,fabric_vote_1,True,,1451,1783315321138,0,,False
73,b2-fabric-b1-c4-r5,b2-fabric-b1-c4-r5-task-0004,fabric_vote_1,True,,1452,1783315321137,0,,False
74,b2-fabric-b1-c4-r5,b2-fabric-b1-c4-r5-task-0006,fabric_vote_1,True,,1451,1783315321140,0,,False
75,b2-fabric-b1-c4-r5,b2-fabric-b1-c4-r5-task-0007,fabric_vote_2,True,,2256,1783315322589,0,,False
76,b2-fabric-b1-c4-r5,b2-fabric-b1-c4-r5-task-0004,fabric_vote_2,True,,2256,1783315322589,0,,False
77,b2-fabric-b1-c4-r5,b2-fabric-b1-c4-r5-task-0006,fabric_vote_2,True,,2256,1783315322591,0,,False
78,b2-fabric-b1-c4-r5,b2-fabric-b1-c4-r5-task-0005,fabric_vote_2,True,,2262,1783315322588,0,,False
79,b2-fabric-b1-c4-r5,b2-fabric-b1-c4-r5-task-0007,fabric_settlement,True,,2486,1783315324845,0,,False
80,b2-fabric-b1-c4-r5,b2-fabric-b1-c4-r5-task-0005,fabric_settlement,True,,2482,1783315324850,0,,False
81,b2-fabric-b1-c4-r5,b2-fabric-b1-c4-r5-task-0004,fabric_settlement,True,,2487,1783315324845,0,,False
82,b2-fabric-b1-c4-r5,b2-fabric-b1-c4-r5-task-0006,fabric_settlement,True,,2487,1783315324847,0,,False
83,b2-fabric-b1-c4-r5,b2-fabric-b1-c4-r5-task-0004,fabric_query_final,True,,328,1783315327332,0,,False
84,b2-fabric-b1-c4-r5,b2-fabric-b1-c4-r5-task-0005,fabric_query_final,True,,328,1783315327332,0,,False
85,b2-fabric-b1-c4-r5,b2-fabric-b1-c4-r5-task-0007,fabric_query_final,True,,329,1783315327331,0,,False
86,b2-fabric-b1-c4-r5,b2-fabric-b1-c4-r5-task-0006,fabric_query_final,True,,331,1783315327334,0,,False
87,b2-fabric-b1-c4-r5,b2-fabric-b1-c4-r5-task-0004,ipfs_verify,True,,7,1783315327660,0,Qmaz6UxvY2c7v7Afz5qnVeVQ353BpWF64tC6snuKvMXMMH,False
88,b2-fabric-b1-c4-r5,b2-fabric-b1-c4-r5-task-0007,ipfs_verify,True,,7,1783315327660,0,QmZ2mJtGsrx1z5XKWoUvbBSuSSfsFtGubMTSXMJ9cMGQnJ,False
89,b2-fabric-b1-c4-r5,b2-fabric-b1-c4-r5-task-0005,ipfs_verify,True,,8,1783315327660,0,QmQGqX18RcT7NsFPmbZfQoD9JQ4oRJAgNfw6hWJoUowyXr,False
90,b2-fabric-b1-c4-r5,b2-fabric-b1-c4-r5-task-0006,ipfs_verify,True,,5,1783315327665,0,QmXGbR3DqVcFxShbFVjPMj7ToNDuYqpp9jmC8SXxYHpmsi,False
91,b2-fabric-b1-c4-r5,b2-fabric-b1-c4-r5-task-0010,ipfs_add,True,,94,1783315327668,1920,,False
92,b2-fabric-b1-c4-r5,b2-fabric-b1-c4-r5-task-0009,ipfs_add,True,,111,1783315327667,2473,,False
93,b2-fabric-b1-c4-r5,b2-fabric-b1-c4-r5-task-0008,ipfs_add,True,,127,1783315327667,4944,,False
94,b2-fabric-b1-c4-r5,b2-fabric-b1-c4-r5-task-0011,ipfs_add,True,,140,1783315327670,1792,,False
95,b2-fabric-b1-c4-r5,b2-fabric-b1-c4-r5-task-0008,fabric_post_task,True,,2416,1783315327794,4944,Qmadej9boMA3zvMcjFpwW1dMDJCrBFKribSZiwN8Np95v4,False
96,b2-fabric-b1-c4-r5,b2-fabric-b1-c4-r5-task-0011,fabric_post_task,True,,2401,1783315327810,1792,QmRYRwmnCKh97pHrWVSsWgKT9hwEK6SXPP8N3DGcdkp1Hf,False
97,b2-fabric-b1-c4-r5,b2-fabric-b1-c4-r5-task-0010,fabric_post_task,True,,2451,1783315327762,1920,QmW8orLvUAo2YwFjjwaFvXPFemWqGCNshgP2T5TSk9ed5J,False
98,b2-fabric-b1-c4-r5,b2-fabric-b1-c4-r5-task-0009,fabric_post_task,True,,2437,1783315327778,2473,QmQL4VyiyFbbfeWbQLp7Qp6cU5MBzGngHTJYLaPrdaD1Q5,False
99,b2-fabric-b1-c4-r5,b2-fabric-b1-c4-r5-task-0011,fabric_post_allocation,True,,2551,1783315330211,0,,False
100,b2-fabric-b1-c4-r5,b2-fabric-b1-c4-r5-task-0008,fabric_post_allocation,True,,2553,1783315330210,0,,False
101,b2-fabric-b1-c4-r5,b2-fabric-b1-c4-r5-task-0010,fabric_post_allocation,True,,2551,1783315330213,0,,False
102,b2-fabric-b1-c4-r5,b2-fabric-b1-c4-r5-task-0009,fabric_post_allocation,True,,2550,1783315330215,0,,False
103,b2-fabric-b1-c4-r5,b2-fabric-b1-c4-r5-task-0009,fabric_post_snapshot,True,,2263,1783315332765,0,,False
104,b2-fabric-b1-c4-r5,b2-fabric-b1-c4-r5-task-0008,fabric_post_snapshot,True,,2265,1783315332763,0,,False
105,b2-fabric-b1-c4-r5,b2-fabric-b1-c4-r5-task-0010,fabric_post_snapshot,True,,2265,1783315332764,0,,False
106,b2-fabric-b1-c4-r5,b2-fabric-b1-c4-r5-task-0011,fabric_post_snapshot,True,,2267,1783315332762,0,,False
107,b2-fabric-b1-c4-r5,b2-fabric-b1-c4-r5-task-0009,fabric_query_confirmation,True,,383,1783315335028,0,,False
108,b2-fabric-b1-c4-r5,b2-fabric-b1-c4-r5-task-0011,fabric_query_confirmation,True,,382,1783315335029,0,,False
109,b2-fabric-b1-c4-r5,b2-fabric-b1-c4-r5-task-0008,fabric_query_confirmation,True,,383,1783315335028,0,,False
110,b2-fabric-b1-c4-r5,b2-fabric-b1-c4-r5-task-0010,fabric_query_confirmation,True,,384,1783315335029,0,,False
111,b2-fabric-b1-c4-r5,b2-fabric-b1-c4-r5-task-0010,fabric_vote_1,True,,2432,1783315335413,0,,False
112,b2-fabric-b1-c4-r5,b2-fabric-b1-c4-r5-task-0011,fabric_vote_1,True,,2434,1783315335411,0,,False
113,b2-fabric-b1-c4-r5,b2-fabric-b1-c4-r5-task-0009,fabric_vote_1,True,,2435,1783315335411,0,,False
114,b2-fabric-b1-c4-r5,b2-fabric-b1-c4-r5-task-0008,fabric_vote_1,True,,2436,1783315335411,0,,False
115,b2-fabric-b1-c4-r5,b2-fabric-b1-c4-r5-task-0008,fabric_vote_2,True,,2275,1783315337847,0,,False
116,b2-fabric-b1-c4-r5,b2-fabric-b1-c4-r5-task-0011,fabric_vote_2,True,,2278,1783315337845,0,,False
117,b2-fabric-b1-c4-r5,b2-fabric-b1-c4-r5-task-0009,fabric_vote_2,True,,2277,1783315337846,0,,False
118,b2-fabric-b1-c4-r5,b2-fabric-b1-c4-r5-task-0010,fabric_vote_2,True,,2280,1783315337845,0,,False
119,b2-fabric-b1-c4-r5,b2-fabric-b1-c4-r5-task-0011,fabric_settlement,True,,2472,1783315340123,0,,False
120,b2-fabric-b1-c4-r5,b2-fabric-b1-c4-r5-task-0008,fabric_settlement,True,,2474,1783315340122,0,,False
121,b2-fabric-b1-c4-r5,b2-fabric-b1-c4-r5-task-0009,fabric_settlement,True,,2474,1783315340123,0,,False
122,b2-fabric-b1-c4-r5,b2-fabric-b1-c4-r5-task-0010,fabric_settlement,True,,2474,1783315340125,0,,False
123,b2-fabric-b1-c4-r5,b2-fabric-b1-c4-r5-task-0008,fabric_query_final,True,,695,1783315342596,0,,False
124,b2-fabric-b1-c4-r5,b2-fabric-b1-c4-r5-task-0011,fabric_query_final,True,,697,1783315342595,0,,False
125,b2-fabric-b1-c4-r5,b2-fabric-b1-c4-r5-task-0010,fabric_query_final,True,,693,1783315342599,0,,False
126,b2-fabric-b1-c4-r5,b2-fabric-b1-c4-r5-task-0009,fabric_query_final,True,,698,1783315342597,0,,False
127,b2-fabric-b1-c4-r5,b2-fabric-b1-c4-r5-task-0008,ipfs_verify,True,,7,1783315343291,0,Qmadej9boMA3zvMcjFpwW1dMDJCrBFKribSZiwN8Np95v4,False
128,b2-fabric-b1-c4-r5,b2-fabric-b1-c4-r5-task-0010,ipfs_verify,True,,6,1783315343292,0,QmW8orLvUAo2YwFjjwaFvXPFemWqGCNshgP2T5TSk9ed5J,False
129,b2-fabric-b1-c4-r5,b2-fabric-b1-c4-r5-task-0011,ipfs_verify,True,,7,1783315343292,0,QmRYRwmnCKh97pHrWVSsWgKT9hwEK6SXPP8N3DGcdkp1Hf,False
130,b2-fabric-b1-c4-r5,b2-fabric-b1-c4-r5-task-0009,ipfs_verify,True,,7,1783315343295,0,QmQL4VyiyFbbfeWbQLp7Qp6cU5MBzGngHTJYLaPrdaD1Q5,False
131,b2-fabric-b1-c4-r5,b2-fabric-b1-c4-r5-task-0013,ipfs_add,True,,75,1783315343299,1794,,False
132,b2-fabric-b1-c4-r5,b2-fabric-b1-c4-r5-task-0012,ipfs_add,True,,92,1783315343298,2481,,False
133,b2-fabric-b1-c4-r5,b2-fabric-b1-c4-r5-task-0014,ipfs_add,True,,108,1783315343299,2050,,False
134,b2-fabric-b1-c4-r5,b2-fabric-b1-c4-r5-task-0015,ipfs_add,True,,122,1783315343302,3558,,False
135,b2-fabric-b1-c4-r5,b2-fabric-b1-c4-r5-task-0013,fabric_post_task,True,,2449,1783315343374,1794,QmZ836RGQ6upMRwgQ3XnYgMNByct8U1cPTyzW3j4N7nzJk,False
136,b2-fabric-b1-c4-r5,b2-fabric-b1-c4-r5-task-0012,fabric_post_task,True,,2435,1783315343390,2481,QmbLZmrnw2YxkgQegnEMgsfhkBbcndvvPFprkSdibX7c49,False
137,b2-fabric-b1-c4-r5,b2-fabric-b1-c4-r5-task-0014,fabric_post_task,True,,2418,1783315343407,2050,QmdA4H658GbdXFpaibWrSNhL4kRmi3VbbpP3Y5MfYbX6k2,False
138,b2-fabric-b1-c4-r5,b2-fabric-b1-c4-r5-task-0015,fabric_post_task,True,,2402,1783315343424,3558,QmX9kmCUGB3VHpYs1Jhps4JrTzKker7mYqwzfhduHDQrrA,False
139,b2-fabric-b1-c4-r5,b2-fabric-b1-c4-r5-task-0012,fabric_post_allocation,True,,2330,1783315345825,0,,False
140,b2-fabric-b1-c4-r5,b2-fabric-b1-c4-r5-task-0013,fabric_post_allocation,True,,2334,1783315345823,0,,False
141,b2-fabric-b1-c4-r5,b2-fabric-b1-c4-r5-task-0014,fabric_post_allocation,True,,2332,1783315345825,0,,False
142,b2-fabric-b1-c4-r5,b2-fabric-b1-c4-r5-task-0015,fabric_post_allocation,True,,2332,1783315345826,0,,False
143,b2-fabric-b1-c4-r5,b2-fabric-b1-c4-r5-task-0014,fabric_post_snapshot,True,,2443,1783315348157,0,,False
144,b2-fabric-b1-c4-r5,b2-fabric-b1-c4-r5-task-0012,fabric_post_snapshot,True,,2446,1783315348155,0,,False
145,b2-fabric-b1-c4-r5,b2-fabric-b1-c4-r5-task-0015,fabric_post_snapshot,True,,2444,1783315348158,0,,False
146,b2-fabric-b1-c4-r5,b2-fabric-b1-c4-r5-task-0013,fabric_post_snapshot,True,,2446,1783315348157,0,,False
147,b2-fabric-b1-c4-r5,b2-fabric-b1-c4-r5-task-0015,fabric_query_confirmation,True,,112,1783315350602,0,,False
148,b2-fabric-b1-c4-r5,b2-fabric-b1-c4-r5-task-0013,fabric_query_confirmation,True,,112,1783315350603,0,,False
149,b2-fabric-b1-c4-r5,b2-fabric-b1-c4-r5-task-0012,fabric_query_confirmation,True,,114,1783315350601,0,,False
150,b2-fabric-b1-c4-r5,b2-fabric-b1-c4-r5-task-0014,fabric_query_confirmation,True,,116,1783315350600,0,,False
151,b2-fabric-b1-c4-r5,b2-fabric-b1-c4-r5-task-0014,fabric_vote_1,True,,1425,1783315350716,0,,False
152,b2-fabric-b1-c4-r5,b2-fabric-b1-c4-r5-task-0012,fabric_vote_1,True,,1426,1783315350715,0,,False
153,b2-fabric-b1-c4-r5,b2-fabric-b1-c4-r5-task-0015,fabric_vote_1,True,,1428,1783315350714,0,,False
154,b2-fabric-b1-c4-r5,b2-fabric-b1-c4-r5-task-0013,fabric_vote_1,True,,1429,1783315350715,0,,False
155,b2-fabric-b1-c4-r5,b2-fabric-b1-c4-r5-task-0012,fabric_vote_2,True,,2509,1783315352141,0,,False
156,b2-fabric-b1-c4-r5,b2-fabric-b1-c4-r5-task-0013,fabric_vote_2,True,,2507,1783315352144,0,,False
157,b2-fabric-b1-c4-r5,b2-fabric-b1-c4-r5-task-0015,fabric_vote_2,True,,2509,1783315352142,0,,False
158,b2-fabric-b1-c4-r5,b2-fabric-b1-c4-r5-task-0014,fabric_vote_2,True,,2510,1783315352141,0,,False
159,b2-fabric-b1-c4-r5,b2-fabric-b1-c4-r5-task-0015,fabric_settlement,True,,2286,1783315354651,0,,False
160,b2-fabric-b1-c4-r5,b2-fabric-b1-c4-r5-task-0012,fabric_settlement,True,,2288,1783315354650,0,,False
161,b2-fabric-b1-c4-r5,b2-fabric-b1-c4-r5-task-0013,fabric_settlement,True,,2288,1783315354651,0,,False
162,b2-fabric-b1-c4-r5,b2-fabric-b1-c4-r5-task-0014,fabric_settlement,True,,2290,1783315354651,0,,False
163,b2-fabric-b1-c4-r5,b2-fabric-b1-c4-r5-task-0013,fabric_query_final,True,,700,1783315356939,0,,False
164,b2-fabric-b1-c4-r5,b2-fabric-b1-c4-r5-task-0012,fabric_query_final,True,,702,1783315356938,0,,False
165,b2-fabric-b1-c4-r5,b2-fabric-b1-c4-r5-task-0014,fabric_query_final,True,,699,1783315356941,0,,False
166,b2-fabric-b1-c4-r5,b2-fabric-b1-c4-r5-task-0015,fabric_query_final,True,,706,1783315356938,0,,False
167,b2-fabric-b1-c4-r5,b2-fabric-b1-c4-r5-task-0012,ipfs_verify,True,,7,1783315357640,0,QmbLZmrnw2YxkgQegnEMgsfhkBbcndvvPFprkSdibX7c49,False
168,b2-fabric-b1-c4-r5,b2-fabric-b1-c4-r5-task-0013,ipfs_verify,True,,9,1783315357639,0,QmZ836RGQ6upMRwgQ3XnYgMNByct8U1cPTyzW3j4N7nzJk,False
169,b2-fabric-b1-c4-r5,b2-fabric-b1-c4-r5-task-0014,ipfs_verify,True,,9,1783315357640,0,QmdA4H658GbdXFpaibWrSNhL4kRmi3VbbpP3Y5MfYbX6k2,False
170,b2-fabric-b1-c4-r5,b2-fabric-b1-c4-r5-task-0015,ipfs_verify,True,,8,1783315357644,0,QmX9kmCUGB3VHpYs1Jhps4JrTzKker7mYqwzfhduHDQrrA,False
171,b2-fabric-b1-c4-r5,b2-fabric-b1-c4-r5-task-0016,ipfs_add,True,,59,1783315357647,1806,,False
172,b2-fabric-b1-c4-r5,b2-fabric-b1-c4-r5-task-0017,ipfs_add,True,,74,1783315357648,1714,,False
173,b2-fabric-b1-c4-r5,b2-fabric-b1-c4-r5-task-0018,ipfs_add,True,,89,1783315357649,1628,,False
174,b2-fabric-b1-c4-r5,b2-fabric-b1-c4-r5-task-0019,ipfs_add,True,,102,1783315357652,1779,,False
175,b2-fabric-b1-c4-r5,b2-fabric-b1-c4-r5-task-0018,fabric_post_task,True,,2418,1783315357738,1628,QmXxhuw4zLhaZUxTgm3nVAPdVDi7RC4E8cy48iMSw5X5cc,False
176,b2-fabric-b1-c4-r5,b2-fabric-b1-c4-r5-task-0017,fabric_post_task,True,,2437,1783315357722,1714,QmWKrJKRZfeQnkT8t5aowLXrHM3GpoZqpDn7cXYRceXJsh,False
177,b2-fabric-b1-c4-r5,b2-fabric-b1-c4-r5-task-0016,fabric_post_task,True,,2454,1783315357706,1806,QmRXEbbwSGrTFGj6rGcuUsRHhWgzm9E9di73MsPSjQyDqY,False
178,b2-fabric-b1-c4-r5,b2-fabric-b1-c4-r5-task-0019,fabric_post_task,True,,2406,1783315357754,1779,QmSciV8g79eMrjXm8f2BtxoJrkCttCpUNrWTNbQtrPN26s,False
179,b2-fabric-b1-c4-r5,b2-fabric-b1-c4-r5-task-0017,fabric_post_allocation,True,,2409,1783315360159,0,,False
180,b2-fabric-b1-c4-r5,b2-fabric-b1-c4-r5-task-0016,fabric_post_allocation,True,,2409,1783315360160,0,,False
181,b2-fabric-b1-c4-r5,b2-fabric-b1-c4-r5-task-0018,fabric_post_allocation,True,,2414,1783315360156,0,,False
182,b2-fabric-b1-c4-r5,b2-fabric-b1-c4-r5-task-0019,fabric_post_allocation,True,,2411,1783315360160,0,,False
183,b2-fabric-b1-c4-r5,b2-fabric-b1-c4-r5-task-0019,fabric_post_snapshot,True,,2543,1783315362571,0,,False
184,b2-fabric-b1-c4-r5,b2-fabric-b1-c4-r5-task-0017,fabric_post_snapshot,True,,2547,1783315362568,0,,False
185,b2-fabric-b1-c4-r5,b2-fabric-b1-c4-r5-task-0016,fabric_post_snapshot,True,,2546,1783315362569,0,,False
186,b2-fabric-b1-c4-r5,b2-fabric-b1-c4-r5-task-0018,fabric_post_snapshot,True,,2546,1783315362570,0,,False
187,b2-fabric-b1-c4-r5,b2-fabric-b1-c4-r5-task-0019,fabric_query_confirmation,True,,111,1783315365114,0,,False
188,b2-fabric-b1-c4-r5,b2-fabric-b1-c4-r5-task-0016,fabric_query_confirmation,True,,110,1783315365115,0,,False
189,b2-fabric-b1-c4-r5,b2-fabric-b1-c4-r5-task-0018,fabric_query_confirmation,True,,109,1783315365116,0,,False
190,b2-fabric-b1-c4-r5,b2-fabric-b1-c4-r5-task-0017,fabric_query_confirmation,True,,113,1783315365115,0,,False
191,b2-fabric-b1-c4-r5,b2-fabric-b1-c4-r5-task-0017,fabric_vote_1,True,,2492,1783315365228,0,,False
192,b2-fabric-b1-c4-r5,b2-fabric-b1-c4-r5-task-0016,fabric_vote_1,True,,2496,1783315365225,0,,False
193,b2-fabric-b1-c4-r5,b2-fabric-b1-c4-r5-task-0018,fabric_vote_1,True,,2496,1783315365225,0,,False
194,b2-fabric-b1-c4-r5,b2-fabric-b1-c4-r5-task-0019,fabric_vote_1,True,,2497,1783315365225,0,,False
195,b2-fabric-b1-c4-r5,b2-fabric-b1-c4-r5-task-0018,fabric_vote_2,True,,2253,1783315367721,0,,False
196,b2-fabric-b1-c4-r5,b2-fabric-b1-c4-r5-task-0016,fabric_vote_2,True,,2254,1783315367721,0,,False
197,b2-fabric-b1-c4-r5,b2-fabric-b1-c4-r5-task-0017,fabric_vote_2,True,,2255,1783315367720,0,,False
198,b2-fabric-b1-c4-r5,b2-fabric-b1-c4-r5-task-0019,fabric_vote_2,True,,2255,1783315367722,0,,False
199,b2-fabric-b1-c4-r5,b2-fabric-b1-c4-r5-task-0017,fabric_settlement,True,,2477,1783315369975,0,,False
200,b2-fabric-b1-c4-r5,b2-fabric-b1-c4-r5-task-0018,fabric_settlement,True,,2479,1783315369974,0,,False
201,b2-fabric-b1-c4-r5,b2-fabric-b1-c4-r5-task-0019,fabric_settlement,True,,2476,1783315369977,0,,False
202,b2-fabric-b1-c4-r5,b2-fabric-b1-c4-r5-task-0016,fabric_settlement,True,,2479,1783315369975,0,,False
203,b2-fabric-b1-c4-r5,b2-fabric-b1-c4-r5-task-0017,fabric_query_final,True,,326,1783315372452,0,,False
204,b2-fabric-b1-c4-r5,b2-fabric-b1-c4-r5-task-0019,fabric_query_final,True,,325,1783315372453,0,,False
205,b2-fabric-b1-c4-r5,b2-fabric-b1-c4-r5-task-0016,fabric_query_final,True,,325,1783315372454,0,,False
206,b2-fabric-b1-c4-r5,b2-fabric-b1-c4-r5-task-0018,fabric_query_final,True,,330,1783315372453,0,,False
207,b2-fabric-b1-c4-r5,b2-fabric-b1-c4-r5-task-0019,ipfs_verify,True,,7,1783315372778,0,QmSciV8g79eMrjXm8f2BtxoJrkCttCpUNrWTNbQtrPN26s,False
208,b2-fabric-b1-c4-r5,b2-fabric-b1-c4-r5-task-0017,ipfs_verify,True,,8,1783315372778,0,QmWKrJKRZfeQnkT8t5aowLXrHM3GpoZqpDn7cXYRceXJsh,False
209,b2-fabric-b1-c4-r5,b2-fabric-b1-c4-r5-task-0016,ipfs_verify,True,,8,1783315372779,0,QmRXEbbwSGrTFGj6rGcuUsRHhWgzm9E9di73MsPSjQyDqY,False
210,b2-fabric-b1-c4-r5,b2-fabric-b1-c4-r5-task-0018,ipfs_verify,True,,7,1783315372783,0,QmXxhuw4zLhaZUxTgm3nVAPdVDi7RC4E8cy48iMSw5X5cc,False
211,b2-fabric-b1-c4-r5,b2-fabric-b1-c4-r5-task-0022,ipfs_add,True,,49,1783315372787,2068,,False
212,b2-fabric-b1-c4-r5,b2-fabric-b1-c4-r5-task-0021,ipfs_add,True,,65,1783315372787,2376,,False
213,b2-fabric-b1-c4-r5,b2-fabric-b1-c4-r5-task-0020,ipfs_add,True,,83,1783315372786,1555,,False
214,b2-fabric-b1-c4-r5,b2-fabric-b1-c4-r5-task-0023,ipfs_add,True,,96,1783315372790,1700,,False
215,b2-fabric-b1-c4-r5,b2-fabric-b1-c4-r5-task-0023,fabric_post_task,True,,2442,1783315372886,1700,QmSNTzME5ExH9MXjsfAXcGbriDzvpgibF4VxHLZTbZtpFe,False
216,b2-fabric-b1-c4-r5,b2-fabric-b1-c4-r5-task-0021,fabric_post_task,True,,2477,1783315372852,2376,QmcMDgZ1hZ3GkUEYEYALditW6azhFYA2tjToNN57pgr9Md,False
217,b2-fabric-b1-c4-r5,b2-fabric-b1-c4-r5-task-0020,fabric_post_task,True,,2461,1783315372869,1555,QmVVEEsRWTrpHyCUMfWzaezUv7i29R95rTPN8N3iBYMKsY,False
218,b2-fabric-b1-c4-r5,b2-fabric-b1-c4-r5-task-0022,fabric_post_task,True,,2495,1783315372836,2068,QmNqxnqMtb8sfjsbs8nXG3svpSGcf4Pq1qS9nykNsjeEqq,False
219,b2-fabric-b1-c4-r5,b2-fabric-b1-c4-r5-task-0023,fabric_post_allocation,True,,2332,1783315375328,0,,False
220,b2-fabric-b1-c4-r5,b2-fabric-b1-c4-r5-task-0020,fabric_post_allocation,True,,2331,1783315375330,0,,False
221,b2-fabric-b1-c4-r5,b2-fabric-b1-c4-r5-task-0022,fabric_post_allocation,True,,2331,1783315375331,0,,False
222,b2-fabric-b1-c4-r5,b2-fabric-b1-c4-r5-task-0021,fabric_post_allocation,True,,2335,1783315375329,0,,False
223,b2-fabric-b1-c4-r5,b2-fabric-b1-c4-r5-task-0022,fabric_post_snapshot,True,,1417,1783315377662,0,,False
224,b2-fabric-b1-c4-r5,b2-fabric-b1-c4-r5-task-0023,fabric_post_snapshot,True,,1420,1783315377661,0,,False
225,b2-fabric-b1-c4-r5,b2-fabric-b1-c4-r5-task-0021,fabric_post_snapshot,True,,1416,1783315377665,0,,False
226,b2-fabric-b1-c4-r5,b2-fabric-b1-c4-r5-task-0020,fabric_post_snapshot,True,,1420,1783315377661,0,,False
227,b2-fabric-b1-c4-r5,b2-fabric-b1-c4-r5-task-0021,fabric_query_confirmation,True,,113,1783315379081,0,,False
228,b2-fabric-b1-c4-r5,b2-fabric-b1-c4-r5-task-0022,fabric_query_confirmation,True,,115,1783315379079,0,,False
229,b2-fabric-b1-c4-r5,b2-fabric-b1-c4-r5-task-0023,fabric_query_confirmation,True,,114,1783315379081,0,,False
230,b2-fabric-b1-c4-r5,b2-fabric-b1-c4-r5-task-0020,fabric_query_confirmation,True,,114,1783315379082,0,,False
231,b2-fabric-b1-c4-r5,b2-fabric-b1-c4-r5-task-0022,fabric_vote_1,True,,2441,1783315379194,0,,False
232,b2-fabric-b1-c4-r5,b2-fabric-b1-c4-r5-task-0020,fabric_vote_1,True,,2439,1783315379196,0,,False
233,b2-fabric-b1-c4-r5,b2-fabric-b1-c4-r5-task-0021,fabric_vote_1,True,,2442,1783315379194,0,,False
234,b2-fabric-b1-c4-r5,b2-fabric-b1-c4-r5-task-0023,fabric_vote_1,True,,2442,1783315379195,0,,False
235,b2-fabric-b1-c4-r5,b2-fabric-b1-c4-r5-task-0022,fabric_vote_2,True,,2255,1783315381635,0,,False
236,b2-fabric-b1-c4-r5,b2-fabric-b1-c4-r5-task-0021,fabric_vote_2,True,,2256,1783315381636,0,,False
237,b2-fabric-b1-c4-r5,b2-fabric-b1-c4-r5-task-0020,fabric_vote_2,True,,2258,1783315381635,0,,False
238,b2-fabric-b1-c4-r5,b2-fabric-b1-c4-r5-task-0023,fabric_vote_2,True,,2256,1783315381637,0,,False
239,b2-fabric-b1-c4-r5,b2-fabric-b1-c4-r5-task-0022,fabric_settlement,True,,2341,1783315383890,0,,False
240,b2-fabric-b1-c4-r5,b2-fabric-b1-c4-r5-task-0023,fabric_settlement,True,,2338,1783315383893,0,,False
241,b2-fabric-b1-c4-r5,b2-fabric-b1-c4-r5-task-0020,fabric_settlement,True,,2340,1783315383893,0,,False
242,b2-fabric-b1-c4-r5,b2-fabric-b1-c4-r5-task-0021,fabric_settlement,True,,2347,1783315383892,0,,False
243,b2-fabric-b1-c4-r5,b2-fabric-b1-c4-r5-task-0021,fabric_query_final,True,,738,1783315386239,0,,False
244,b2-fabric-b1-c4-r5,b2-fabric-b1-c4-r5-task-0022,fabric_query_final,True,,747,1783315386231,0,,False
245,b2-fabric-b1-c4-r5,b2-fabric-b1-c4-r5-task-0023,fabric_query_final,True,,747,1783315386232,0,,False
246,b2-fabric-b1-c4-r5,b2-fabric-b1-c4-r5-task-0020,fabric_query_final,True,,748,1783315386233,0,,False
247,b2-fabric-b1-c4-r5,b2-fabric-b1-c4-r5-task-0021,ipfs_verify,True,,7,1783315386977,0,QmcMDgZ1hZ3GkUEYEYALditW6azhFYA2tjToNN57pgr9Md,False
248,b2-fabric-b1-c4-r5,b2-fabric-b1-c4-r5-task-0022,ipfs_verify,True,,7,1783315386978,0,QmNqxnqMtb8sfjsbs8nXG3svpSGcf4Pq1qS9nykNsjeEqq,False
249,b2-fabric-b1-c4-r5,b2-fabric-b1-c4-r5-task-0023,ipfs_verify,True,,7,1783315386979,0,QmSNTzME5ExH9MXjsfAXcGbriDzvpgibF4VxHLZTbZtpFe,False
250,b2-fabric-b1-c4-r5,b2-fabric-b1-c4-r5-task-0020,ipfs_verify,True,,6,1783315386981,0,QmVVEEsRWTrpHyCUMfWzaezUv7i29R95rTPN8N3iBYMKsY,False
251,b2-fabric-b1-c4-r5,b2-fabric-b1-c4-r5-task-0024,ipfs_add,True,,26,1783315386984,1380,,False
252,b2-fabric-b1-c4-r5,b2-fabric-b1-c4-r5-task-0026,ipfs_add,True,,39,1783315386986,2285,,False
253,b2-fabric-b1-c4-r5,b2-fabric-b1-c4-r5-task-0025,ipfs_add,True,,57,1783315386985,1470,,False
254,b2-fabric-b1-c4-r5,b2-fabric-b1-c4-r5-task-0027,ipfs_add,True,,71,1783315386988,1942,,False
255,b2-fabric-b1-c4-r5,b2-fabric-b1-c4-r5-task-0024,fabric_post_task,True,,2518,1783315387010,1380,QmVMeHnQxmGXaDj74SJcQxSejhibib6Ve54PwgWQGkenB7,False
256,b2-fabric-b1-c4-r5,b2-fabric-b1-c4-r5-task-0025,fabric_post_task,True,,2488,1783315387042,1470,QmfV4xn5gz8tktJ19swpdMmXMvtkpfJY5tXJWbBSUFSHFi,False
257,b2-fabric-b1-c4-r5,b2-fabric-b1-c4-r5-task-0026,fabric_post_task,True,,2505,1783315387025,2285,QmPA4QSCZorDwximTUj45HQYaqqLrUR1uWw8YCaw56AYrQ,False
258,b2-fabric-b1-c4-r5,b2-fabric-b1-c4-r5-task-0027,fabric_post_task,True,,2474,1783315387059,1942,QmNy38ZnCY29gNwh56gk2CQJXsETwyHTceFnkSP4vC85KR,False
259,b2-fabric-b1-c4-r5,b2-fabric-b1-c4-r5-task-0024,fabric_post_allocation,True,,2590,1783315389528,0,,False
260,b2-fabric-b1-c4-r5,b2-fabric-b1-c4-r5-task-0027,fabric_post_allocation,True,,2586,1783315389533,0,,False
261,b2-fabric-b1-c4-r5,b2-fabric-b1-c4-r5-task-0026,fabric_post_allocation,True,,2590,1783315389530,0,,False
262,b2-fabric-b1-c4-r5,b2-fabric-b1-c4-r5-task-0025,fabric_post_allocation,True,,2590,1783315389530,0,,False
263,b2-fabric-b1-c4-r5,b2-fabric-b1-c4-r5-task-0024,fabric_post_snapshot,True,,2561,1783315392118,0,,False
264,b2-fabric-b1-c4-r5,b2-fabric-b1-c4-r5-task-0027,fabric_post_snapshot,True,,2562,1783315392119,0,,False
265,b2-fabric-b1-c4-r5,b2-fabric-b1-c4-r5-task-0025,fabric_post_snapshot,True,,2562,1783315392120,0,,False
266,b2-fabric-b1-c4-r5,b2-fabric-b1-c4-r5-task-0026,fabric_post_snapshot,True,,2564,1783315392120,0,,False
267,b2-fabric-b1-c4-r5,b2-fabric-b1-c4-r5-task-0027,fabric_query_confirmation,True,,390,1783315394681,0,,False
268,b2-fabric-b1-c4-r5,b2-fabric-b1-c4-r5-task-0024,fabric_query_confirmation,True,,393,1783315394679,0,,False
269,b2-fabric-b1-c4-r5,b2-fabric-b1-c4-r5-task-0026,fabric_query_confirmation,True,,388,1783315394684,0,,False
270,b2-fabric-b1-c4-r5,b2-fabric-b1-c4-r5-task-0025,fabric_query_confirmation,True,,393,1783315394682,0,,False
271,b2-fabric-b1-c4-r5,b2-fabric-b1-c4-r5-task-0027,fabric_vote_1,True,,2516,1783315395071,0,,False
272,b2-fabric-b1-c4-r5,b2-fabric-b1-c4-r5-task-0026,fabric_vote_1,True,,2516,1783315395072,0,,False
273,b2-fabric-b1-c4-r5,b2-fabric-b1-c4-r5-task-0024,fabric_vote_1,True,,2517,1783315395072,0,,False
274,b2-fabric-b1-c4-r5,b2-fabric-b1-c4-r5-task-0025,fabric_vote_1,True,,2514,1783315395075,0,,False
275,b2-fabric-b1-c4-r5,b2-fabric-b1-c4-r5-task-0026,fabric_vote_2,True,,2247,1783315397588,0,,False
276,b2-fabric-b1-c4-r5,b2-fabric-b1-c4-r5-task-0027,fabric_vote_2,True,,2248,1783315397587,0,,False
277,b2-fabric-b1-c4-r5,b2-fabric-b1-c4-r5-task-0024,fabric_vote_2,True,,2247,1783315397589,0,,False
278,b2-fabric-b1-c4-r5,b2-fabric-b1-c4-r5-task-0025,fabric_vote_2,True,,2248,1783315397589,0,,False
279,b2-fabric-b1-c4-r5,b2-fabric-b1-c4-r5-task-0026,fabric_settlement,True,,2361,1783315399835,0,,False
280,b2-fabric-b1-c4-r5,b2-fabric-b1-c4-r5-task-0027,fabric_settlement,True,,2362,1783315399835,0,,False
281,b2-fabric-b1-c4-r5,b2-fabric-b1-c4-r5-task-0024,fabric_settlement,True,,2362,1783315399836,0,,False
282,b2-fabric-b1-c4-r5,b2-fabric-b1-c4-r5-task-0025,fabric_settlement,True,,2363,1783315399837,0,,False
283,b2-fabric-b1-c4-r5,b2-fabric-b1-c4-r5-task-0025,fabric_query_final,True,,529,1783315402200,0,,False
284,b2-fabric-b1-c4-r5,b2-fabric-b1-c4-r5-task-0026,fabric_query_final,True,,533,1783315402196,0,,False
285,b2-fabric-b1-c4-r5,b2-fabric-b1-c4-r5-task-0027,fabric_query_final,True,,533,1783315402197,0,,False
286,b2-fabric-b1-c4-r5,b2-fabric-b1-c4-r5-task-0024,fabric_query_final,True,,535,1783315402198,0,,False
287,b2-fabric-b1-c4-r5,b2-fabric-b1-c4-r5-task-0026,ipfs_verify,True,,8,1783315402729,0,QmPA4QSCZorDwximTUj45HQYaqqLrUR1uWw8YCaw56AYrQ,False
288,b2-fabric-b1-c4-r5,b2-fabric-b1-c4-r5-task-0025,ipfs_verify,True,,8,1783315402729,0,QmfV4xn5gz8tktJ19swpdMmXMvtkpfJY5tXJWbBSUFSHFi,False
289,b2-fabric-b1-c4-r5,b2-fabric-b1-c4-r5-task-0027,ipfs_verify,True,,8,1783315402730,0,QmNy38ZnCY29gNwh56gk2CQJXsETwyHTceFnkSP4vC85KR,False
290,b2-fabric-b1-c4-r5,b2-fabric-b1-c4-r5-task-0024,ipfs_verify,True,,7,1783315402733,0,QmVMeHnQxmGXaDj74SJcQxSejhibib6Ve54PwgWQGkenB7,False
291,b2-fabric-b1-c4-r5,b2-fabric-b1-c4-r5-task-0030,ipfs_add,True,,36,1783315402738,4609,,False
292,b2-fabric-b1-c4-r5,b2-fabric-b1-c4-r5-task-0028,ipfs_add,True,,78,1783315402737,2235,,False
293,b2-fabric-b1-c4-r5,b2-fabric-b1-c4-r5-task-0029,ipfs_add,True,,94,1783315402737,1996,,False
294,b2-fabric-b1-c4-r5,b2-fabric-b1-c4-r5-task-0031,ipfs_add,True,,92,1783315402740,2037,,False
295,b2-fabric-b1-c4-r5,b2-fabric-b1-c4-r5-task-0029,fabric_post_task,True,,2475,1783315402831,1996,QmacXcTiVxv9uHJiorLkYH2xDDraJTZ3uq6FBG4Ctr6VoC,False
296,b2-fabric-b1-c4-r5,b2-fabric-b1-c4-r5-task-0028,fabric_post_task,True,,2492,1783315402815,2235,QmPDqC4FvPihq4H2RHnNdvzHBK2kp3vUV7gp3cD2AmeuSG,False
297,b2-fabric-b1-c4-r5,b2-fabric-b1-c4-r5-task-0031,fabric_post_task,True,,2476,1783315402832,2037,QmcMwXc4Z8ftz7kr4SLihnEKFezGYhMs51A9cNDVd2ZUGa,False
298,b2-fabric-b1-c4-r5,b2-fabric-b1-c4-r5-task-0030,fabric_post_task,True,,2536,1783315402774,4609,QmXUNpwtX2A1bcF51kySLa1p7B6HvhMNsMQoiVdNUoJig7,False
299,b2-fabric-b1-c4-r5,b2-fabric-b1-c4-r5-task-0030,fabric_post_allocation,True,,2623,1783315405310,0,,False
300,b2-fabric-b1-c4-r5,b2-fabric-b1-c4-r5-task-0029,fabric_post_allocation,True,,2629,1783315405306,0,,False
301,b2-fabric-b1-c4-r5,b2-fabric-b1-c4-r5-task-0028,fabric_post_allocation,True,,2628,1783315405307,0,,False
302,b2-fabric-b1-c4-r5,b2-fabric-b1-c4-r5-task-0031,fabric_post_allocation,True,,2627,1783315405308,0,,False
303,b2-fabric-b1-c4-r5,b2-fabric-b1-c4-r5-task-0029,fabric_post_snapshot,True,,1270,1783315407935,0,,False
304,b2-fabric-b1-c4-r5,b2-fabric-b1-c4-r5-task-0031,fabric_post_snapshot,True,,1270,1783315407935,0,,False
305,b2-fabric-b1-c4-r5,b2-fabric-b1-c4-r5-task-0030,fabric_post_snapshot,True,,1272,1783315407933,0,,False
306,b2-fabric-b1-c4-r5,b2-fabric-b1-c4-r5-task-0028,fabric_post_snapshot,True,,1273,1783315407935,0,,False
307,b2-fabric-b1-c4-r5,b2-fabric-b1-c4-r5-task-0031,fabric_query_confirmation,True,,307,1783315409205,0,,False
308,b2-fabric-b1-c4-r5,b2-fabric-b1-c4-r5-task-0028,fabric_query_confirmation,True,,305,1783315409208,0,,False
309,b2-fabric-b1-c4-r5,b2-fabric-b1-c4-r5-task-0029,fabric_query_confirmation,True,,308,1783315409205,0,,False
310,b2-fabric-b1-c4-r5,b2-fabric-b1-c4-r5-task-0030,fabric_query_confirmation,True,,314,1783315409205,0,,False
311,b2-fabric-b1-c4-r5,b2-fabric-b1-c4-r5-task-0031,fabric_vote_1,True,,2253,1783315409512,0,,False
312,b2-fabric-b1-c4-r5,b2-fabric-b1-c4-r5-task-0028,fabric_vote_1,True,,2253,1783315409513,0,,False
313,b2-fabric-b1-c4-r5,b2-fabric-b1-c4-r5-task-0030,fabric_vote_1,True,,2247,1783315409519,0,,False
314,b2-fabric-b1-c4-r5,b2-fabric-b1-c4-r5-task-0029,fabric_vote_1,True,,2254,1783315409513,0,,False
315,b2-fabric-b1-c4-r5,b2-fabric-b1-c4-r5-task-0030,fabric_vote_2,True,,2232,1783315411766,0,,False
316,b2-fabric-b1-c4-r5,b2-fabric-b1-c4-r5-task-0029,fabric_vote_2,True,,2231,1783315411767,0,,False
317,b2-fabric-b1-c4-r5,b2-fabric-b1-c4-r5-task-0031,fabric_vote_2,True,,2234,1783315411765,0,,False
318,b2-fabric-b1-c4-r5,b2-fabric-b1-c4-r5-task-0028,fabric_vote_2,True,,2233,1783315411766,0,,False
319,b2-fabric-b1-c4-r5,b2-fabric-b1-c4-r5-task-0030,fabric_settlement,True,,2296,1783315413998,0,,False
320,b2-fabric-b1-c4-r5,b2-fabric-b1-c4-r5-task-0031,fabric_settlement,True,,2296,1783315413999,0,,False
321,b2-fabric-b1-c4-r5,b2-fabric-b1-c4-r5-task-0028,fabric_settlement,True,,2296,1783315413999,0,,False
322,b2-fabric-b1-c4-r5,b2-fabric-b1-c4-r5-task-0029,fabric_settlement,True,,2298,1783315413998,0,,False
323,b2-fabric-b1-c4-r5,b2-fabric-b1-c4-r5-task-0031,fabric_query_final,True,,532,1783315416295,0,,False
324,b2-fabric-b1-c4-r5,b2-fabric-b1-c4-r5-task-0029,fabric_query_final,True,,532,1783315416296,0,,False
325,b2-fabric-b1-c4-r5,b2-fabric-b1-c4-r5-task-0028,fabric_query_final,True,,534,1783315416295,0,,False
326,b2-fabric-b1-c4-r5,b2-fabric-b1-c4-r5-task-0030,fabric_query_final,True,,536,1783315416294,0,,False
327,b2-fabric-b1-c4-r5,b2-fabric-b1-c4-r5-task-0031,ipfs_verify,True,,6,1783315416827,0,QmcMwXc4Z8ftz7kr4SLihnEKFezGYhMs51A9cNDVd2ZUGa,False
328,b2-fabric-b1-c4-r5,b2-fabric-b1-c4-r5-task-0029,ipfs_verify,True,,6,1783315416828,0,QmacXcTiVxv9uHJiorLkYH2xDDraJTZ3uq6FBG4Ctr6VoC,False
329,b2-fabric-b1-c4-r5,b2-fabric-b1-c4-r5-task-0028,ipfs_verify,True,,6,1783315416829,0,QmPDqC4FvPihq4H2RHnNdvzHBK2kp3vUV7gp3cD2AmeuSG,False
330,b2-fabric-b1-c4-r5,b2-fabric-b1-c4-r5-task-0030,ipfs_verify,True,,6,1783315416830,0,QmXUNpwtX2A1bcF51kySLa1p7B6HvhMNsMQoiVdNUoJig7,False
331,b2-fabric-b1-c4-r5,b2-fabric-b1-c4-r5-task-0032,ipfs_add,True,,30,1783315416833,4244,,False
332,b2-fabric-b1-c4-r5,b2-fabric-b1-c4-r5-task-0034,ipfs_add,True,,44,1783315416835,1614,,False
333,b2-fabric-b1-c4-r5,b2-fabric-b1-c4-r5-task-0033,ipfs_add,True,,61,1783315416834,7207,,False
334,b2-fabric-b1-c4-r5,b2-fabric-b1-c4-r5-task-0035,ipfs_add,True,,76,1783315416836,1846,,False
335,b2-fabric-b1-c4-r5,b2-fabric-b1-c4-r5-task-0035,fabric_post_task,True,,2399,1783315416912,1846,QmXkECAAwC32vhNNVm7xZTatUjGVbfHbwXcCezk2t5DnUf,False
336,b2-fabric-b1-c4-r5,b2-fabric-b1-c4-r5-task-0032,fabric_post_task,True,,2449,1783315416863,4244,QmTUE1xZhmfV2QSdvfbaurUfSv66ET7R31e5urBxmKFSfb,False
337,b2-fabric-b1-c4-r5,b2-fabric-b1-c4-r5-task-0034,fabric_post_task,True,,2433,1783315416879,1614,QmPfG9yDWdYPi2SxVxc2HNwGgKxYHpb8KNnTKLEUsSwYJF,False
338,b2-fabric-b1-c4-r5,b2-fabric-b1-c4-r5-task-0033,fabric_post_task,True,,2418,1783315416895,7207,QmQ48RSbPCJevCydnQupZo9nDcEmZKcjzn5kaHFiESq88N,False
339,b2-fabric-b1-c4-r5,b2-fabric-b1-c4-r5-task-0033,fabric_post_allocation,True,,2315,1783315419313,0,,False
340,b2-fabric-b1-c4-r5,b2-fabric-b1-c4-r5-task-0032,fabric_post_allocation,True,,2317,1783315419312,0,,False
341,b2-fabric-b1-c4-r5,b2-fabric-b1-c4-r5-task-0034,fabric_post_allocation,True,,2318,1783315419312,0,,False
342,b2-fabric-b1-c4-r5,b2-fabric-b1-c4-r5-task-0035,fabric_post_allocation,True,,2320,1783315419311,0,,False
343,b2-fabric-b1-c4-r5,b2-fabric-b1-c4-r5-task-0032,fabric_post_snapshot,True,,2517,1783315421629,0,,False
344,b2-fabric-b1-c4-r5,b2-fabric-b1-c4-r5-task-0034,fabric_post_snapshot,True,,2517,1783315421630,0,,False
345,b2-fabric-b1-c4-r5,b2-fabric-b1-c4-r5-task-0035,fabric_post_snapshot,True,,2516,1783315421631,0,,False
346,b2-fabric-b1-c4-r5,b2-fabric-b1-c4-r5-task-0033,fabric_post_snapshot,True,,2521,1783315421628,0,,False
347,b2-fabric-b1-c4-r5,b2-fabric-b1-c4-r5-task-0033,fabric_query_confirmation,True,,297,1783315424149,0,,False
348,b2-fabric-b1-c4-r5,b2-fabric-b1-c4-r5-task-0034,fabric_query_confirmation,True,,300,1783315424147,0,,False
349,b2-fabric-b1-c4-r5,b2-fabric-b1-c4-r5-task-0035,fabric_query_confirmation,True,,301,1783315424147,0,,False
350,b2-fabric-b1-c4-r5,b2-fabric-b1-c4-r5-task-0032,fabric_query_confirmation,True,,302,1783315424146,0,,False
351,b2-fabric-b1-c4-r5,b2-fabric-b1-c4-r5-task-0032,fabric_vote_1,True,,2302,1783315424448,0,,False
352,b2-fabric-b1-c4-r5,b2-fabric-b1-c4-r5-task-0034,fabric_vote_1,True,,2304,1783315424447,0,,False
353,b2-fabric-b1-c4-r5,b2-fabric-b1-c4-r5-task-0033,fabric_vote_1,True,,2305,1783315424446,0,,False
354,b2-fabric-b1-c4-r5,b2-fabric-b1-c4-r5-task-0035,fabric_vote_1,True,,2305,1783315424448,0,,False
355,b2-fabric-b1-c4-r5,b2-fabric-b1-c4-r5-task-0032,fabric_vote_2,True,,2471,1783315426750,0,,False
356,b2-fabric-b1-c4-r5,b2-fabric-b1-c4-r5-task-0034,fabric_vote_2,True,,2471,1783315426751,0,,False
357,b2-fabric-b1-c4-r5,b2-fabric-b1-c4-r5-task-0035,fabric_vote_2,True,,2470,1783315426753,0,,False
358,b2-fabric-b1-c4-r5,b2-fabric-b1-c4-r5-task-0033,fabric_vote_2,True,,2473,1783315426751,0,,False
359,b2-fabric-b1-c4-r5,b2-fabric-b1-c4-r5-task-0035,fabric_settlement,True,,2289,1783315429223,0,,False
360,b2-fabric-b1-c4-r5,b2-fabric-b1-c4-r5-task-0033,fabric_settlement,True,,2288,1783315429224,0,,False
361,b2-fabric-b1-c4-r5,b2-fabric-b1-c4-r5-task-0034,fabric_settlement,True,,2291,1783315429222,0,,False
362,b2-fabric-b1-c4-r5,b2-fabric-b1-c4-r5-task-0032,fabric_settlement,True,,2294,1783315429221,0,,False
363,b2-fabric-b1-c4-r5,b2-fabric-b1-c4-r5-task-0032,fabric_query_final,True,,510,1783315431515,0,,False
364,b2-fabric-b1-c4-r5,b2-fabric-b1-c4-r5-task-0034,fabric_query_final,True,,513,1783315431513,0,,False
365,b2-fabric-b1-c4-r5,b2-fabric-b1-c4-r5-task-0033,fabric_query_final,True,,515,1783315431512,0,,False
366,b2-fabric-b1-c4-r5,b2-fabric-b1-c4-r5-task-0035,fabric_query_final,True,,518,1783315431512,0,,False
367,b2-fabric-b1-c4-r5,b2-fabric-b1-c4-r5-task-0034,ipfs_verify,True,,8,1783315432026,0,QmPfG9yDWdYPi2SxVxc2HNwGgKxYHpb8KNnTKLEUsSwYJF,False
368,b2-fabric-b1-c4-r5,b2-fabric-b1-c4-r5-task-0033,ipfs_verify,True,,8,1783315432027,0,QmQ48RSbPCJevCydnQupZo9nDcEmZKcjzn5kaHFiESq88N,False
369,b2-fabric-b1-c4-r5,b2-fabric-b1-c4-r5-task-0032,ipfs_verify,True,,10,1783315432025,0,QmTUE1xZhmfV2QSdvfbaurUfSv66ET7R31e5urBxmKFSfb,False
370,b2-fabric-b1-c4-r5,b2-fabric-b1-c4-r5-task-0035,ipfs_verify,True,,7,1783315432030,0,QmXkECAAwC32vhNNVm7xZTatUjGVbfHbwXcCezk2t5DnUf,False
371,b2-fabric-b1-c4-r5,b2-fabric-b1-c4-r5-task-0037,ipfs_add,True,,30,1783315432035,2773,,False
372,b2-fabric-b1-c4-r5,b2-fabric-b1-c4-r5-task-0036,ipfs_add,True,,47,1783315432034,2427,,False
373,b2-fabric-b1-c4-r5,b2-fabric-b1-c4-r5-task-0038,ipfs_add,True,,62,1783315432035,3829,,False
374,b2-fabric-b1-c4-r5,b2-fabric-b1-c4-r5-task-0039,ipfs_add,True,,75,1783315432038,2185,,False
375,b2-fabric-b1-c4-r5,b2-fabric-b1-c4-r5-task-0036,fabric_post_task,True,,2478,1783315432081,2427,QmPSKMPmcfaaWUAvL2tX88QhRRxXXC4SXnChDHzjSbwd8b,False
376,b2-fabric-b1-c4-r5,b2-fabric-b1-c4-r5-task-0039,fabric_post_task,True,,2448,1783315432113,2185,QmasU8pZpyfk1aUFRpicohvbDCx1eFRWjH9p29sHpDSiZZ,False
377,b2-fabric-b1-c4-r5,b2-fabric-b1-c4-r5-task-0037,fabric_post_task,True,,2496,1783315432065,2773,QmWmrqK7bzA1Pq5z5dsLEen6BZ5iPRNFNBXLJnZmr5J9ff,False
378,b2-fabric-b1-c4-r5,b2-fabric-b1-c4-r5-task-0038,fabric_post_task,True,,2467,1783315432097,3829,QmUB51xuBaMCywUYGFiM9cTrnAhyjLu2J5jzTrZkY11kPF,False
379,b2-fabric-b1-c4-r5,b2-fabric-b1-c4-r5-task-0039,fabric_post_allocation,True,,2582,1783315434561,0,,False
380,b2-fabric-b1-c4-r5,b2-fabric-b1-c4-r5-task-0038,fabric_post_allocation,True,,2580,1783315434564,0,,False
381,b2-fabric-b1-c4-r5,b2-fabric-b1-c4-r5-task-0036,fabric_post_allocation,True,,2586,1783315434559,0,,False
382,b2-fabric-b1-c4-r5,b2-fabric-b1-c4-r5-task-0037,fabric_post_allocation,True,,2585,1783315434561,0,,False
383,b2-fabric-b1-c4-r5,b2-fabric-b1-c4-r5-task-0036,fabric_post_snapshot,True,,1352,1783315437145,0,,False
384,b2-fabric-b1-c4-r5,b2-fabric-b1-c4-r5-task-0037,fabric_post_snapshot,True,,1352,1783315437146,0,,False
385,b2-fabric-b1-c4-r5,b2-fabric-b1-c4-r5-task-0038,fabric_post_snapshot,True,,1355,1783315437144,0,,False
386,b2-fabric-b1-c4-r5,b2-fabric-b1-c4-r5-task-0039,fabric_post_snapshot,True,,1358,1783315437143,0,,False
387,b2-fabric-b1-c4-r5,b2-fabric-b1-c4-r5-task-0039,fabric_query_confirmation,True,,305,1783315438501,0,,False
388,b2-fabric-b1-c4-r5,b2-fabric-b1-c4-r5-task-0036,fabric_query_confirmation,True,,310,1783315438497,0,,False
389,b2-fabric-b1-c4-r5,b2-fabric-b1-c4-r5-task-0038,fabric_query_confirmation,True,,309,1783315438499,0,,False
390,b2-fabric-b1-c4-r5,b2-fabric-b1-c4-r5-task-0037,fabric_query_confirmation,True,,311,1783315438498,0,,False
391,b2-fabric-b1-c4-r5,b2-fabric-b1-c4-r5-task-0037,fabric_vote_1,True,,2438,1783315438809,0,,False
392,b2-fabric-b1-c4-r5,b2-fabric-b1-c4-r5-task-0036,fabric_vote_1,True,,2441,1783315438807,0,,False
393,b2-fabric-b1-c4-r5,b2-fabric-b1-c4-r5-task-0038,fabric_vote_1,True,,2441,1783315438808,0,,False
394,b2-fabric-b1-c4-r5,b2-fabric-b1-c4-r5-task-0039,fabric_vote_1,True,,2446,1783315438806,0,,False
395,b2-fabric-b1-c4-r5,b2-fabric-b1-c4-r5-task-0038,fabric_vote_2,True,,2514,1783315441249,0,,False
396,b2-fabric-b1-c4-r5,b2-fabric-b1-c4-r5-task-0036,fabric_vote_2,True,,2516,1783315441248,0,,False
397,b2-fabric-b1-c4-r5,b2-fabric-b1-c4-r5-task-0037,fabric_vote_2,True,,2517,1783315441247,0,,False
398,b2-fabric-b1-c4-r5,b2-fabric-b1-c4-r5-task-0039,fabric_vote_2,True,,2515,1783315441252,0,,False
399,b2-fabric-b1-c4-r5,b2-fabric-b1-c4-r5-task-0036,fabric_settlement,True,,2533,1783315443764,0,,False
400,b2-fabric-b1-c4-r5,b2-fabric-b1-c4-r5-task-0039,fabric_settlement,True,,2531,1783315443767,0,,False
401,b2-fabric-b1-c4-r5,b2-fabric-b1-c4-r5-task-0038,fabric_settlement,True,,2536,1783315443763,0,,False
402,b2-fabric-b1-c4-r5,b2-fabric-b1-c4-r5-task-0037,fabric_settlement,True,,2536,1783315443764,0,,False
403,b2-fabric-b1-c4-r5,b2-fabric-b1-c4-r5-task-0039,fabric_query_final,True,,733,1783315446298,0,,False
404,b2-fabric-b1-c4-r5,b2-fabric-b1-c4-r5-task-0038,fabric_query_final,True,,733,1783315446299,0,,False
405,b2-fabric-b1-c4-r5,b2-fabric-b1-c4-r5-task-0036,fabric_query_final,True,,735,1783315446297,0,,False
406,b2-fabric-b1-c4-r5,b2-fabric-b1-c4-r5-task-0037,fabric_query_final,True,,735,1783315446300,0,,False
407,b2-fabric-b1-c4-r5,b2-fabric-b1-c4-r5-task-0038,ipfs_verify,True,,6,1783315447032,0,QmUB51xuBaMCywUYGFiM9cTrnAhyjLu2J5jzTrZkY11kPF,False
408,b2-fabric-b1-c4-r5,b2-fabric-b1-c4-r5-task-0039,ipfs_verify,True,,8,1783315447031,0,QmasU8pZpyfk1aUFRpicohvbDCx1eFRWjH9p29sHpDSiZZ,False
409,b2-fabric-b1-c4-r5,b2-fabric-b1-c4-r5-task-0036,ipfs_verify,True,,8,1783315447032,0,QmPSKMPmcfaaWUAvL2tX88QhRRxXXC4SXnChDHzjSbwd8b,False
410,b2-fabric-b1-c4-r5,b2-fabric-b1-c4-r5-task-0037,ipfs_verify,True,,7,1783315447035,0,QmWmrqK7bzA1Pq5z5dsLEen6BZ5iPRNFNBXLJnZmr5J9ff,False
411,b2-fabric-b1-c4-r5,b2-fabric-b1-c4-r5-task-0041,ipfs_add,True,,29,1783315447039,3950,,False
412,b2-fabric-b1-c4-r5,b2-fabric-b1-c4-r5-task-0040,ipfs_add,True,,47,1783315447039,1852,,False
413,b2-fabric-b1-c4-r5,b2-fabric-b1-c4-r5-task-0042,ipfs_add,True,,63,1783315447040,4943,,False
414,b2-fabric-b1-c4-r5,b2-fabric-b1-c4-r5-task-0043,ipfs_add,True,,77,1783315447042,4365,,False
415,b2-fabric-b1-c4-r5,b2-fabric-b1-c4-r5-task-0043,fabric_post_task,True,,2508,1783315447119,4365,QmNyUP9PxhaGNgSe7A4vos9UdtKrgujw25dFezkghCHMSN,False
416,b2-fabric-b1-c4-r5,b2-fabric-b1-c4-r5-task-0042,fabric_post_task,True,,2525,1783315447103,4943,QmZaKHLtuvdC3131ZMjSafgzCnFunsBDrKht7U6CRuhaDJ,False
417,b2-fabric-b1-c4-r5,b2-fabric-b1-c4-r5-task-0040,fabric_post_task,True,,2542,1783315447086,1852,Qme8h8cEVWXzKEmaj7rkRo9NHBoPXxWrTLcYQjWRpqrisB,False
418,b2-fabric-b1-c4-r5,b2-fabric-b1-c4-r5-task-0041,fabric_post_task,True,,2563,1783315447068,3950,QmcFrzAGhrprmDxHPdunRd28u27YRTGcAAnGPSotWa75JU,False
419,b2-fabric-b1-c4-r5,b2-fabric-b1-c4-r5-task-0042,fabric_post_allocation,True,,2852,1783315449628,0,,False
420,b2-fabric-b1-c4-r5,b2-fabric-b1-c4-r5-task-0043,fabric_post_allocation,True,,2855,1783315449627,0,,False
421,b2-fabric-b1-c4-r5,b2-fabric-b1-c4-r5-task-0041,fabric_post_allocation,True,,2851,1783315449631,0,,False
422,b2-fabric-b1-c4-r5,b2-fabric-b1-c4-r5-task-0040,fabric_post_allocation,True,,2857,1783315449628,0,,False
423,b2-fabric-b1-c4-r5,b2-fabric-b1-c4-r5-task-0042,fabric_post_snapshot,True,,2538,1783315452480,0,,False
424,b2-fabric-b1-c4-r5,b2-fabric-b1-c4-r5-task-0043,fabric_post_snapshot,True,,2536,1783315452482,0,,False
425,b2-fabric-b1-c4-r5,b2-fabric-b1-c4-r5-task-0041,fabric_post_snapshot,True,,2537,1783315452482,0,,False
426,b2-fabric-b1-c4-r5,b2-fabric-b1-c4-r5-task-0040,fabric_post_snapshot,True,,2537,1783315452485,0,,False
427,b2-fabric-b1-c4-r5,b2-fabric-b1-c4-r5-task-0043,fabric_query_confirmation,True,,322,1783315455018,0,,False
428,b2-fabric-b1-c4-r5,b2-fabric-b1-c4-r5-task-0041,fabric_query_confirmation,True,,322,1783315455019,0,,False
429,b2-fabric-b1-c4-r5,b2-fabric-b1-c4-r5-task-0040,fabric_query_confirmation,True,,319,1783315455022,0,,False
430,b2-fabric-b1-c4-r5,b2-fabric-b1-c4-r5-task-0042,fabric_query_confirmation,True,,324,1783315455018,0,,False
431,b2-fabric-b1-c4-r5,b2-fabric-b1-c4-r5-task-0041,fabric_vote_1,True,,2348,1783315455341,0,,False
432,b2-fabric-b1-c4-r5,b2-fabric-b1-c4-r5-task-0042,fabric_vote_1,True,,2347,1783315455342,0,,False
433,b2-fabric-b1-c4-r5,b2-fabric-b1-c4-r5-task-0043,fabric_vote_1,True,,2350,1783315455340,0,,False
434,b2-fabric-b1-c4-r5,b2-fabric-b1-c4-r5-task-0040,fabric_vote_1,True,,2352,1783315455341,0,,False
435,b2-fabric-b1-c4-r5,b2-fabric-b1-c4-r5-task-0041,fabric_vote_2,True,,2453,1783315457689,0,,False
436,b2-fabric-b1-c4-r5,b2-fabric-b1-c4-r5-task-0043,fabric_vote_2,True,,2453,1783315457690,0,,False
437,b2-fabric-b1-c4-r5,b2-fabric-b1-c4-r5-task-0040,fabric_vote_2,True,,2451,1783315457693,0,,False
438,b2-fabric-b1-c4-r5,b2-fabric-b1-c4-r5-task-0042,fabric_vote_2,True,,2455,1783315457689,0,,False
439,b2-fabric-b1-c4-r5,b2-fabric-b1-c4-r5-task-0041,fabric_settlement,True,,2415,1783315460142,0,,False
440,b2-fabric-b1-c4-r5,b2-fabric-b1-c4-r5-task-0043,fabric_settlement,True,,2414,1783315460143,0,,False
441,b2-fabric-b1-c4-r5,b2-fabric-b1-c4-r5-task-0042,fabric_settlement,True,,2414,1783315460144,0,,False
442,b2-fabric-b1-c4-r5,b2-fabric-b1-c4-r5-task-0040,fabric_settlement,True,,2416,1783315460144,0,,False
443,b2-fabric-b1-c4-r5,b2-fabric-b1-c4-r5-task-0041,fabric_query_final,True,,735,1783315462557,0,,False
444,b2-fabric-b1-c4-r5,b2-fabric-b1-c4-r5-task-0043,fabric_query_final,True,,735,1783315462557,0,,False
445,b2-fabric-b1-c4-r5,b2-fabric-b1-c4-r5-task-0040,fabric_query_final,True,,733,1783315462560,0,,False
446,b2-fabric-b1-c4-r5,b2-fabric-b1-c4-r5-task-0042,fabric_query_final,True,,741,1783315462558,0,,False
447,b2-fabric-b1-c4-r5,b2-fabric-b1-c4-r5-task-0043,ipfs_verify,True,,8,1783315463292,0,QmNyUP9PxhaGNgSe7A4vos9UdtKrgujw25dFezkghCHMSN,False
448,b2-fabric-b1-c4-r5,b2-fabric-b1-c4-r5-task-0041,ipfs_verify,True,,8,1783315463292,0,QmcFrzAGhrprmDxHPdunRd28u27YRTGcAAnGPSotWa75JU,False
449,b2-fabric-b1-c4-r5,b2-fabric-b1-c4-r5-task-0040,ipfs_verify,True,,8,1783315463293,0,Qme8h8cEVWXzKEmaj7rkRo9NHBoPXxWrTLcYQjWRpqrisB,False
450,b2-fabric-b1-c4-r5,b2-fabric-b1-c4-r5-task-0042,ipfs_verify,True,,7,1783315463299,0,QmZaKHLtuvdC3131ZMjSafgzCnFunsBDrKht7U6CRuhaDJ,False
451,b2-fabric-b1-c4-r5,b2-fabric-b1-c4-r5-task-0044,ipfs_add,True,,25,1783315463300,1996,,False
452,b2-fabric-b1-c4-r5,b2-fabric-b1-c4-r5-task-0045,ipfs_add,True,,40,1783315463301,2595,,False
453,b2-fabric-b1-c4-r5,b2-fabric-b1-c4-r5-task-0046,ipfs_add,True,,57,1783315463301,1643,,False
454,b2-fabric-b1-c4-r5,b2-fabric-b1-c4-r5-task-0047,ipfs_add,True,,68,1783315463306,4867,,False
455,b2-fabric-b1-c4-r5,b2-fabric-b1-c4-r5-task-0044,fabric_post_task,True,,2487,1783315463325,1996,QmRdq27qE1F3dGzbT9p9PnePh4D88Nw3KFAmJZ2C7W4jcT,False
456,b2-fabric-b1-c4-r5,b2-fabric-b1-c4-r5-task-0046,fabric_post_task,True,,2456,1783315463358,1643,QmTnaHUQXj9xeoWHT2zVraSQfVPSZ3kwXbfxhynCbSD478,False
457,b2-fabric-b1-c4-r5,b2-fabric-b1-c4-r5-task-0047,fabric_post_task,True,,2441,1783315463374,4867,QmeV2Nyd6AXfLrfL94BuWtPhgFx2BQKzDFrxvN5H5wGM4v,False
458,b2-fabric-b1-c4-r5,b2-fabric-b1-c4-r5-task-0045,fabric_post_task,True,,2474,1783315463341,2595,QmfZqW6816xBeSRuQN3KqApyKbwjb4f3u87p8veGLitLQh,False
459,b2-fabric-b1-c4-r5,b2-fabric-b1-c4-r5-task-0046,fabric_post_allocation,True,,1266,1783315465814,0,,False
460,b2-fabric-b1-c4-r5,b2-fabric-b1-c4-r5-task-0044,fabric_post_allocation,True,,1269,1783315465812,0,,False
461,b2-fabric-b1-c4-r5,b2-fabric-b1-c4-r5-task-0047,fabric_post_allocation,True,,1267,1783315465815,0,,False
462,b2-fabric-b1-c4-r5,b2-fabric-b1-c4-r5-task-0045,fabric_post_allocation,True,,1268,1783315465815,0,,False
463,b2-fabric-b1-c4-r5,b2-fabric-b1-c4-r5-task-0045,fabric_post_snapshot,True,,2256,1783315467083,0,,False
464,b2-fabric-b1-c4-r5,b2-fabric-b1-c4-r5-task-0044,fabric_post_snapshot,True,,2259,1783315467081,0,,False
465,b2-fabric-b1-c4-r5,b2-fabric-b1-c4-r5-task-0046,fabric_post_snapshot,True,,2260,1783315467080,0,,False
466,b2-fabric-b1-c4-r5,b2-fabric-b1-c4-r5-task-0047,fabric_post_snapshot,True,,2260,1783315467082,0,,False
467,b2-fabric-b1-c4-r5,b2-fabric-b1-c4-r5-task-0044,fabric_query_confirmation,True,,304,1783315469340,0,,False
468,b2-fabric-b1-c4-r5,b2-fabric-b1-c4-r5-task-0045,fabric_query_confirmation,True,,306,1783315469339,0,,False
469,b2-fabric-b1-c4-r5,b2-fabric-b1-c4-r5-task-0046,fabric_query_confirmation,True,,305,1783315469340,0,,False
470,b2-fabric-b1-c4-r5,b2-fabric-b1-c4-r5-task-0047,fabric_query_confirmation,True,,303,1783315469342,0,,False
471,b2-fabric-b1-c4-r5,b2-fabric-b1-c4-r5-task-0047,fabric_vote_1,True,,2245,1783315469645,0,,False
472,b2-fabric-b1-c4-r5,b2-fabric-b1-c4-r5-task-0044,fabric_vote_1,True,,2247,1783315469644,0,,False
473,b2-fabric-b1-c4-r5,b2-fabric-b1-c4-r5-task-0046,fabric_vote_1,True,,2246,1783315469645,0,,False
474,b2-fabric-b1-c4-r5,b2-fabric-b1-c4-r5-task-0045,fabric_vote_1,True,,2247,1783315469645,0,,False
475,b2-fabric-b1-c4-r5,b2-fabric-b1-c4-r5-task-0044,fabric_vote_2,True,,2237,1783315471891,0,,False
476,b2-fabric-b1-c4-r5,b2-fabric-b1-c4-r5-task-0046,fabric_vote_2,True,,2238,1783315471891,0,,False
477,b2-fabric-b1-c4-r5,b2-fabric-b1-c4-r5-task-0047,fabric_vote_2,True,,2239,1783315471890,0,,False
478,b2-fabric-b1-c4-r5,b2-fabric-b1-c4-r5-task-0045,fabric_vote_2,True,,2239,1783315471892,0,,False
479,b2-fabric-b1-c4-r5,b2-fabric-b1-c4-r5-task-0046,fabric_settlement,True,,2334,1783315474129,0,,False
480,b2-fabric-b1-c4-r5,b2-fabric-b1-c4-r5-task-0047,fabric_settlement,True,,2335,1783315474129,0,,False
481,b2-fabric-b1-c4-r5,b2-fabric-b1-c4-r5-task-0045,fabric_settlement,True,,2333,1783315474131,0,,False
482,b2-fabric-b1-c4-r5,b2-fabric-b1-c4-r5-task-0044,fabric_settlement,True,,2338,1783315474128,0,,False
483,b2-fabric-b1-c4-r5,b2-fabric-b1-c4-r5-task-0045,fabric_query_final,True,,719,1783315476464,0,,False
484,b2-fabric-b1-c4-r5,b2-fabric-b1-c4-r5-task-0046,fabric_query_final,True,,721,1783315476463,0,,False
485,b2-fabric-b1-c4-r5,b2-fabric-b1-c4-r5-task-0044,fabric_query_final,True,,719,1783315476466,0,,False
486,b2-fabric-b1-c4-r5,b2-fabric-b1-c4-r5-task-0047,fabric_query_final,True,,724,1783315476464,0,,False
487,b2-fabric-b1-c4-r5,b2-fabric-b1-c4-r5-task-0046,ipfs_verify,True,,7,1783315477184,0,QmTnaHUQXj9xeoWHT2zVraSQfVPSZ3kwXbfxhynCbSD478,False
488,b2-fabric-b1-c4-r5,b2-fabric-b1-c4-r5-task-0044,ipfs_verify,True,,7,1783315477185,0,QmRdq27qE1F3dGzbT9p9PnePh4D88Nw3KFAmJZ2C7W4jcT,False
489,b2-fabric-b1-c4-r5,b2-fabric-b1-c4-r5-task-0045,ipfs_verify,True,,9,1783315477184,0,QmfZqW6816xBeSRuQN3KqApyKbwjb4f3u87p8veGLitLQh,False
490,b2-fabric-b1-c4-r5,b2-fabric-b1-c4-r5-task-0047,ipfs_verify,True,,6,1783315477188,0,QmeV2Nyd6AXfLrfL94BuWtPhgFx2BQKzDFrxvN5H5wGM4v,False
491,b2-fabric-b1-c4-r5,b2-fabric-b1-c4-r5-task-0048,ipfs_add,True,,30,1783315477191,6584,,False
492,b2-fabric-b1-c4-r5,b2-fabric-b1-c4-r5-task-0049,ipfs_add,True,,44,1783315477192,1811,,False
493,b2-fabric-b1-c4-r5,b2-fabric-b1-c4-r5-task-0050,ipfs_add,True,,60,1783315477193,1999,,False
494,b2-fabric-b1-c4-r5,b2-fabric-b1-c4-r5-task-0051,ipfs_add,True,,75,1783315477194,3763,,False
495,b2-fabric-b1-c4-r5,b2-fabric-b1-c4-r5-task-0049,fabric_post_task,True,,2454,1783315477236,1811,Qme9dPNL59uRhU5hx2jyKbBdCPqBgF1krPA6WvcCYu8eVf,False
496,b2-fabric-b1-c4-r5,b2-fabric-b1-c4-r5-task-0048,fabric_post_task,True,,2470,1783315477221,6584,QmZxwAc5vt22wSQ5mT8jRWQr3tdyJrTwAGgotYvEjWf3wN,False
497,b2-fabric-b1-c4-r5,b2-fabric-b1-c4-r5-task-0050,fabric_post_task,True,,2438,1783315477253,1999,QmdV6Xsz9DDJaY4mD6E1omWqFwV485nsfcNWmZWMizL9Jc,False
498,b2-fabric-b1-c4-r5,b2-fabric-b1-c4-r5-task-0051,fabric_post_task,True,,2423,1783315477269,3763,QmTGsXsSojSBkAHS2R8QsjK4DdKDvRJKAvmLyhxkyrWAi1,False
499,b2-fabric-b1-c4-r5,b2-fabric-b1-c4-r5-task-0048,fabric_post_allocation,True,,2627,1783315479691,0,,False
500,b2-fabric-b1-c4-r5,b2-fabric-b1-c4-r5-task-0051,fabric_post_allocation,True,,2627,1783315479692,0,,False
501,b2-fabric-b1-c4-r5,b2-fabric-b1-c4-r5-task-0049,fabric_post_allocation,True,,2629,1783315479690,0,,False
502,b2-fabric-b1-c4-r5,b2-fabric-b1-c4-r5-task-0050,fabric_post_allocation,True,,2629,1783315479691,0,,False
503,b2-fabric-b1-c4-r5,b2-fabric-b1-c4-r5-task-0051,fabric_post_snapshot,True,,2249,1783315482319,0,,False
504,b2-fabric-b1-c4-r5,b2-fabric-b1-c4-r5-task-0050,fabric_post_snapshot,True,,2248,1783315482320,0,,False
505,b2-fabric-b1-c4-r5,b2-fabric-b1-c4-r5-task-0048,fabric_post_snapshot,True,,2252,1783315482318,0,,False
506,b2-fabric-b1-c4-r5,b2-fabric-b1-c4-r5-task-0049,fabric_post_snapshot,True,,2252,1783315482319,0,,False
507,b2-fabric-b1-c4-r5,b2-fabric-b1-c4-r5-task-0049,fabric_query_confirmation,True,,348,1783315484571,0,,False
508,b2-fabric-b1-c4-r5,b2-fabric-b1-c4-r5-task-0051,fabric_query_confirmation,True,,353,1783315484568,0,,False
509,b2-fabric-b1-c4-r5,b2-fabric-b1-c4-r5-task-0048,fabric_query_confirmation,True,,352,1783315484570,0,,False
510,b2-fabric-b1-c4-r5,b2-fabric-b1-c4-r5-task-0050,fabric_query_confirmation,True,,354,1783315484568,0,,False
511,b2-fabric-b1-c4-r5,b2-fabric-b1-c4-r5-task-0048,fabric_vote_1,True,,2279,1783315484922,0,,False
512,b2-fabric-b1-c4-r5,b2-fabric-b1-c4-r5-task-0049,fabric_vote_1,True,,2283,1783315484919,0,,False
513,b2-fabric-b1-c4-r5,b2-fabric-b1-c4-r5-task-0051,fabric_vote_1,True,,2282,1783315484921,0,,False
514,b2-fabric-b1-c4-r5,b2-fabric-b1-c4-r5-task-0050,fabric_vote_1,True,,2283,1783315484922,0,,False
515,b2-fabric-b1-c4-r5,b2-fabric-b1-c4-r5-task-0048,fabric_vote_2,True,,2492,1783315487201,0,,False
516,b2-fabric-b1-c4-r5,b2-fabric-b1-c4-r5-task-0051,fabric_vote_2,True,,2491,1783315487203,0,,False
517,b2-fabric-b1-c4-r5,b2-fabric-b1-c4-r5-task-0049,fabric_vote_2,True,,2492,1783315487202,0,,False
518,b2-fabric-b1-c4-r5,b2-fabric-b1-c4-r5-task-0050,fabric_vote_2,True,,2491,1783315487205,0,,False
519,b2-fabric-b1-c4-r5,b2-fabric-b1-c4-r5-task-0050,fabric_settlement,True,,2474,1783315489696,0,,False
520,b2-fabric-b1-c4-r5,b2-fabric-b1-c4-r5-task-0048,fabric_settlement,True,,2479,1783315489693,0,,False
521,b2-fabric-b1-c4-r5,b2-fabric-b1-c4-r5-task-0049,fabric_settlement,True,,2479,1783315489694,0,,False
522,b2-fabric-b1-c4-r5,b2-fabric-b1-c4-r5-task-0051,fabric_settlement,True,,2480,1783315489694,0,,False
523,b2-fabric-b1-c4-r5,b2-fabric-b1-c4-r5-task-0049,fabric_query_final,True,,627,1783315492173,0,,False
524,b2-fabric-b1-c4-r5,b2-fabric-b1-c4-r5-task-0050,fabric_query_final,True,,631,1783315492170,0,,False
525,b2-fabric-b1-c4-r5,b2-fabric-b1-c4-r5-task-0048,fabric_query_final,True,,630,1783315492172,0,,False
526,b2-fabric-b1-c4-r5,b2-fabric-b1-c4-r5-task-0051,fabric_query_final,True,,631,1783315492174,0,,False
527,b2-fabric-b1-c4-r5,b2-fabric-b1-c4-r5-task-0049,ipfs_verify,True,,8,1783315492800,0,Qme9dPNL59uRhU5hx2jyKbBdCPqBgF1krPA6WvcCYu8eVf,False
528,b2-fabric-b1-c4-r5,b2-fabric-b1-c4-r5-task-0050,ipfs_verify,True,,7,1783315492801,0,QmdV6Xsz9DDJaY4mD6E1omWqFwV485nsfcNWmZWMizL9Jc,False
529,b2-fabric-b1-c4-r5,b2-fabric-b1-c4-r5-task-0048,ipfs_verify,True,,7,1783315492802,0,QmZxwAc5vt22wSQ5mT8jRWQr3tdyJrTwAGgotYvEjWf3wN,False
530,b2-fabric-b1-c4-r5,b2-fabric-b1-c4-r5-task-0051,ipfs_verify,True,,7,1783315492805,0,QmTGsXsSojSBkAHS2R8QsjK4DdKDvRJKAvmLyhxkyrWAi1,False
531,b2-fabric-b1-c4-r5,b2-fabric-b1-c4-r5-task-0053,ipfs_add,True,,98,1783315492809,4728,,False
532,b2-fabric-b1-c4-r5,b2-fabric-b1-c4-r5-task-0052,ipfs_add,True,,117,1783315492808,3794,,False
533,b2-fabric-b1-c4-r5,b2-fabric-b1-c4-r5-task-0055,ipfs_add,True,,132,1783315492812,3299,,False
534,b2-fabric-b1-c4-r5,b2-fabric-b1-c4-r5-task-0054,ipfs_add,True,,154,1783315492809,5229,,False
535,b2-fabric-b1-c4-r5,b2-fabric-b1-c4-r5-task-0052,fabric_post_task,True,,2572,1783315492925,3794,Qmbhf75a6jKFm6r3n83e1TgGA1Jv3MZMWPn5DZ6DAQKRGx,False
536,b2-fabric-b1-c4-r5,b2-fabric-b1-c4-r5-task-0054,fabric_post_task,True,,2535,1783315492963,5229,QmPnCtNRFcwQFtC6bqhKn6Lncju1wDzgW5MAzMVD7Hqnio,False
537,b2-fabric-b1-c4-r5,b2-fabric-b1-c4-r5-task-0053,fabric_post_task,True,,2596,1783315492907,4728,QmQhmCX3uicZrhvWeBbc6PdBzun14HpniDh8sPFQzpyV9X,False
538,b2-fabric-b1-c4-r5,b2-fabric-b1-c4-r5-task-0055,fabric_post_task,True,,2559,1783315492945,3299,QmafKJifZc1XAPwnCM3rfjeY8ycoRWBTEzRKJWmaz2X2pf,False
539,b2-fabric-b1-c4-r5,b2-fabric-b1-c4-r5-task-0052,fabric_post_allocation,True,,1575,1783315495498,0,,False
540,b2-fabric-b1-c4-r5,b2-fabric-b1-c4-r5-task-0055,fabric_post_allocation,True,,1571,1783315495504,0,,False
541,b2-fabric-b1-c4-r5,b2-fabric-b1-c4-r5-task-0054,fabric_post_allocation,True,,1578,1783315495498,0,,False
542,b2-fabric-b1-c4-r5,b2-fabric-b1-c4-r5-task-0053,fabric_post_allocation,True,,1573,1783315495503,0,,False
543,b2-fabric-b1-c4-r5,b2-fabric-b1-c4-r5-task-0053,fabric_post_snapshot,True,,2325,1783315497076,0,,False
544,b2-fabric-b1-c4-r5,b2-fabric-b1-c4-r5-task-0055,fabric_post_snapshot,True,,2326,1783315497075,0,,False
545,b2-fabric-b1-c4-r5,b2-fabric-b1-c4-r5-task-0052,fabric_post_snapshot,True,,2330,1783315497073,0,,False
546,b2-fabric-b1-c4-r5,b2-fabric-b1-c4-r5-task-0054,fabric_post_snapshot,True,,2329,1783315497076,0,,False
547,b2-fabric-b1-c4-r5,b2-fabric-b1-c4-r5-task-0055,fabric_query_confirmation,True,,293,1783315499401,0,,False
548,b2-fabric-b1-c4-r5,b2-fabric-b1-c4-r5-task-0053,fabric_query_confirmation,True,,294,1783315499401,0,,False
549,b2-fabric-b1-c4-r5,b2-fabric-b1-c4-r5-task-0054,fabric_query_confirmation,True,,291,1783315499405,0,,False
550,b2-fabric-b1-c4-r5,b2-fabric-b1-c4-r5-task-0052,fabric_query_confirmation,True,,293,1783315499403,0,,False
551,b2-fabric-b1-c4-r5,b2-fabric-b1-c4-r5-task-0053,fabric_vote_1,True,,2253,1783315499695,0,,False
552,b2-fabric-b1-c4-r5,b2-fabric-b1-c4-r5-task-0055,fabric_vote_1,True,,2254,1783315499694,0,,False
553,b2-fabric-b1-c4-r5,b2-fabric-b1-c4-r5-task-0052,fabric_vote_1,True,,2253,1783315499696,0,,False
554,b2-fabric-b1-c4-r5,b2-fabric-b1-c4-r5-task-0054,fabric_vote_1,True,,2255,1783315499696,0,,False
555,b2-fabric-b1-c4-r5,b2-fabric-b1-c4-r5-task-0055,fabric_vote_2,True,,2473,1783315501948,0,,False
556,b2-fabric-b1-c4-r5,b2-fabric-b1-c4-r5-task-0053,fabric_vote_2,True,,2474,1783315501948,0,,False
557,b2-fabric-b1-c4-r5,b2-fabric-b1-c4-r5-task-0052,fabric_vote_2,True,,2474,1783315501949,0,,False
558,b2-fabric-b1-c4-r5,b2-fabric-b1-c4-r5-task-0054,fabric_vote_2,True,,2472,1783315501951,0,,False
559,b2-fabric-b1-c4-r5,b2-fabric-b1-c4-r5-task-0053,fabric_settlement,True,,2385,1783315504422,0,,False
560,b2-fabric-b1-c4-r5,b2-fabric-b1-c4-r5-task-0055,fabric_settlement,True,,2386,1783315504421,0,,False
561,b2-fabric-b1-c4-r5,b2-fabric-b1-c4-r5-task-0054,fabric_settlement,True,,2385,1783315504423,0,,False
562,b2-fabric-b1-c4-r5,b2-fabric-b1-c4-r5-task-0052,fabric_settlement,True,,2387,1783315504423,0,,False
563,b2-fabric-b1-c4-r5,b2-fabric-b1-c4-r5-task-0054,fabric_query_final,True,,730,1783315506808,0,,False
564,b2-fabric-b1-c4-r5,b2-fabric-b1-c4-r5-task-0052,fabric_query_final,True,,729,1783315506810,0,,False
565,b2-fabric-b1-c4-r5,b2-fabric-b1-c4-r5-task-0053,fabric_query_final,True,,732,1783315506807,0,,False
566,b2-fabric-b1-c4-r5,b2-fabric-b1-c4-r5-task-0055,fabric_query_final,True,,735,1783315506807,0,,False
567,b2-fabric-b1-c4-r5,b2-fabric-b1-c4-r5-task-0052,ipfs_verify,True,,6,1783315507539,0,Qmbhf75a6jKFm6r3n83e1TgGA1Jv3MZMWPn5DZ6DAQKRGx,False
568,b2-fabric-b1-c4-r5,b2-fabric-b1-c4-r5-task-0053,ipfs_verify,True,,7,1783315507539,0,QmQhmCX3uicZrhvWeBbc6PdBzun14HpniDh8sPFQzpyV9X,False
569,b2-fabric-b1-c4-r5,b2-fabric-b1-c4-r5-task-0054,ipfs_verify,True,,8,1783315507538,0,QmPnCtNRFcwQFtC6bqhKn6Lncju1wDzgW5MAzMVD7Hqnio,False
570,b2-fabric-b1-c4-r5,b2-fabric-b1-c4-r5-task-0055,ipfs_verify,True,,6,1783315507542,0,QmafKJifZc1XAPwnCM3rfjeY8ycoRWBTEzRKJWmaz2X2pf,False
571,b2-fabric-b1-c4-r5,b2-fabric-b1-c4-r5-task-0056,ipfs_add,True,,28,1783315507545,4022,,False
572,b2-fabric-b1-c4-r5,b2-fabric-b1-c4-r5-task-0058,ipfs_add,True,,44,1783315507546,2250,,False
573,b2-fabric-b1-c4-r5,b2-fabric-b1-c4-r5-task-0057,ipfs_add,True,,61,1783315507546,1961,,False
574,b2-fabric-b1-c4-r5,b2-fabric-b1-c4-r5-task-0059,ipfs_add,True,,76,1783315507549,4487,,False
575,b2-fabric-b1-c4-r5,b2-fabric-b1-c4-r5-task-0056,fabric_post_task,True,,2488,1783315507573,4022,QmZ7pYazDS7aTNmx4r1RUas5pautaRbk4VUrw59C2XLkhW,False
576,b2-fabric-b1-c4-r5,b2-fabric-b1-c4-r5-task-0058,fabric_post_task,True,,2472,1783315507590,2250,QmXUCNGHMpTciMXWytGi2sfx8616VuyyUoqZa3oAtvFoDt,False
577,b2-fabric-b1-c4-r5,b2-fabric-b1-c4-r5-task-0057,fabric_post_task,True,,2456,1783315507607,1961,QmXe2mVbUwjU9upyR6EUuSfmWPVCsUJ2XbjviLk1VWsWi5,False
578,b2-fabric-b1-c4-r5,b2-fabric-b1-c4-r5-task-0059,fabric_post_task,True,,2439,1783315507625,4487,QmPBEGhSk6VvenSUj3Vr6bj3gHyXAjWBknK2erA4F3iiDo,False
579,b2-fabric-b1-c4-r5,b2-fabric-b1-c4-r5-task-0056,fabric_post_allocation,True,,2616,1783315510061,0,,False
580,b2-fabric-b1-c4-r5,b2-fabric-b1-c4-r5-task-0057,fabric_post_allocation,True,,2614,1783315510063,0,,False
581,b2-fabric-b1-c4-r5,b2-fabric-b1-c4-r5-task-0058,fabric_post_allocation,True,,2617,1783315510062,0,,False
582,b2-fabric-b1-c4-r5,b2-fabric-b1-c4-r5-task-0059,fabric_post_allocation,True,,2615,1783315510064,0,,False
583,b2-fabric-b1-c4-r5,b2-fabric-b1-c4-r5-task-0056,fabric_post_snapshot,True,,2423,1783315512677,0,,False
584,b2-fabric-b1-c4-r5,b2-fabric-b1-c4-r5-task-0058,fabric_post_snapshot,True,,2423,1783315512679,0,,False
585,b2-fabric-b1-c4-r5,b2-fabric-b1-c4-r5-task-0057,fabric_post_snapshot,True,,2425,1783315512677,0,,False
586,b2-fabric-b1-c4-r5,b2-fabric-b1-c4-r5-task-0059,fabric_post_snapshot,True,,2427,1783315512679,0,,False
587,b2-fabric-b1-c4-r5,b2-fabric-b1-c4-r5-task-0059,fabric_query_confirmation,True,,372,1783315515106,0,,False
588,b2-fabric-b1-c4-r5,b2-fabric-b1-c4-r5-task-0058,fabric_query_confirmation,True,,378,1783315515102,0,,False
589,b2-fabric-b1-c4-r5,b2-fabric-b1-c4-r5-task-0057,fabric_query_confirmation,True,,378,1783315515102,0,,False
590,b2-fabric-b1-c4-r5,b2-fabric-b1-c4-r5-task-0056,fabric_query_confirmation,True,,380,1783315515100,0,,False
591,b2-fabric-b1-c4-r5,b2-fabric-b1-c4-r5-task-0058,fabric_vote_1,True,,2273,1783315515480,0,,False
592,b2-fabric-b1-c4-r5,b2-fabric-b1-c4-r5-task-0059,fabric_vote_1,True,,2276,1783315515478,0,,False
593,b2-fabric-b1-c4-r5,b2-fabric-b1-c4-r5-task-0056,fabric_vote_1,True,,2275,1783315515480,0,,False
594,b2-fabric-b1-c4-r5,b2-fabric-b1-c4-r5-task-0057,fabric_vote_1,True,,2275,1783315515480,0,,False
595,b2-fabric-b1-c4-r5,b2-fabric-b1-c4-r5-task-0056,fabric_vote_2,True,,2259,1783315517755,0,,False
596,b2-fabric-b1-c4-r5,b2-fabric-b1-c4-r5-task-0059,fabric_vote_2,True,,2261,1783315517754,0,,False
597,b2-fabric-b1-c4-r5,b2-fabric-b1-c4-r5-task-0057,fabric_vote_2,True,,2261,1783315517755,0,,False
598,b2-fabric-b1-c4-r5,b2-fabric-b1-c4-r5-task-0058,fabric_vote_2,True,,2264,1783315517753,0,,False
599,b2-fabric-b1-c4-r5,b2-fabric-b1-c4-r5-task-0057,fabric_settlement,True,,2287,1783315520016,0,,False
600,b2-fabric-b1-c4-r5,b2-fabric-b1-c4-r5-task-0059,fabric_settlement,True,,2289,1783315520015,0,,False
601,b2-fabric-b1-c4-r5,b2-fabric-b1-c4-r5-task-0056,fabric_settlement,True,,2290,1783315520014,0,,False
602,b2-fabric-b1-c4-r5,b2-fabric-b1-c4-r5-task-0058,fabric_settlement,True,,2289,1783315520017,0,,False
603,b2-fabric-b1-c4-r5,b2-fabric-b1-c4-r5-task-0056,fabric_query_final,True,,522,1783315522304,0,,False
604,b2-fabric-b1-c4-r5,b2-fabric-b1-c4-r5-task-0058,fabric_query_final,True,,521,1783315522306,0,,False
605,b2-fabric-b1-c4-r5,b2-fabric-b1-c4-r5-task-0059,fabric_query_final,True,,523,1783315522304,0,,False
606,b2-fabric-b1-c4-r5,b2-fabric-b1-c4-r5-task-0057,fabric_query_final,True,,527,1783315522303,0,,False
607,b2-fabric-b1-c4-r5,b2-fabric-b1-c4-r5-task-0059,ipfs_verify,True,,6,1783315522827,0,QmPBEGhSk6VvenSUj3Vr6bj3gHyXAjWBknK2erA4F3iiDo,False
608,b2-fabric-b1-c4-r5,b2-fabric-b1-c4-r5-task-0058,ipfs_verify,True,,7,1783315522827,0,QmXUCNGHMpTciMXWytGi2sfx8616VuyyUoqZa3oAtvFoDt,False
609,b2-fabric-b1-c4-r5,b2-fabric-b1-c4-r5-task-0056,ipfs_verify,True,,9,1783315522826,0,QmZ7pYazDS7aTNmx4r1RUas5pautaRbk4VUrw59C2XLkhW,False
610,b2-fabric-b1-c4-r5,b2-fabric-b1-c4-r5-task-0057,ipfs_verify,True,,6,1783315522830,0,QmXe2mVbUwjU9upyR6EUuSfmWPVCsUJ2XbjviLk1VWsWi5,False
611,b2-fabric-b1-c4-r5,b2-fabric-b1-c4-r5-task-0062,ipfs_add,True,,24,1783315522835,1552,,False
612,b2-fabric-b1-c4-r5,b2-fabric-b1-c4-r5-task-0060,ipfs_add,True,,43,1783315522833,5935,,False
613,b2-fabric-b1-c4-r5,b2-fabric-b1-c4-r5-task-0063,ipfs_add,True,,57,1783315522836,1951,,False
614,b2-fabric-b1-c4-r5,b2-fabric-b1-c4-r5-task-0061,ipfs_add,True,,76,1783315522834,5946,,False
615,b2-fabric-b1-c4-r5,b2-fabric-b1-c4-r5-task-0062,fabric_post_task,True,,2465,1783315522859,1552,Qmb6iH1Q8fsUxVYrQmrcgAvCnH14JPTvzRbCctsufq5we3,False
616,b2-fabric-b1-c4-r5,b2-fabric-b1-c4-r5-task-0060,fabric_post_task,True,,2450,1783315522876,5935,QmNcgtQQTiKYTTZfgDnKUurGta1J2EPad8N1cioGFFfEnj,False
617,b2-fabric-b1-c4-r5,b2-fabric-b1-c4-r5-task-0063,fabric_post_task,True,,2434,1783315522893,1951,Qmeq8QyrjD6bZ4YprHuPoMgTMvTCxaH2JtzMLSbHb4KCGp,False
618,b2-fabric-b1-c4-r5,b2-fabric-b1-c4-r5-task-0061,fabric_post_task,True,,2419,1783315522910,5946,QmZznbE6Q8qgJZM6zko75Z5kysY6RRAzfTKYtPEykpkpaT,False
619,b2-fabric-b1-c4-r5,b2-fabric-b1-c4-r5-task-0063,fabric_post_allocation,True,,1467,1783315525327,0,,False
620,b2-fabric-b1-c4-r5,b2-fabric-b1-c4-r5-task-0062,fabric_post_allocation,True,,1472,1783315525324,0,,False
621,b2-fabric-b1-c4-r5,b2-fabric-b1-c4-r5-task-0061,fabric_post_allocation,True,,1468,1783315525329,0,,False
622,b2-fabric-b1-c4-r5,b2-fabric-b1-c4-r5-task-0060,fabric_post_allocation,True,,1472,1783315525326,0,,False
623,b2-fabric-b1-c4-r5,b2-fabric-b1-c4-r5-task-0062,fabric_post_snapshot,True,,2248,1783315526796,0,,False
624,b2-fabric-b1-c4-r5,b2-fabric-b1-c4-r5-task-0063,fabric_post_snapshot,True,,2250,1783315526794,0,,False
625,b2-fabric-b1-c4-r5,b2-fabric-b1-c4-r5-task-0060,fabric_post_snapshot,True,,2247,1783315526798,0,,False
626,b2-fabric-b1-c4-r5,b2-fabric-b1-c4-r5-task-0061,fabric_post_snapshot,True,,2250,1783315526797,0,,False
627,b2-fabric-b1-c4-r5,b2-fabric-b1-c4-r5-task-0063,fabric_query_confirmation,True,,302,1783315529044,0,,False
628,b2-fabric-b1-c4-r5,b2-fabric-b1-c4-r5-task-0061,fabric_query_confirmation,True,,300,1783315529047,0,,False
629,b2-fabric-b1-c4-r5,b2-fabric-b1-c4-r5-task-0060,fabric_query_confirmation,True,,303,1783315529045,0,,False
630,b2-fabric-b1-c4-r5,b2-fabric-b1-c4-r5-task-0062,fabric_query_confirmation,True,,305,1783315529044,0,,False
631,b2-fabric-b1-c4-r5,b2-fabric-b1-c4-r5-task-0063,fabric_vote_1,True,,2459,1783315529346,0,,False
632,b2-fabric-b1-c4-r5,b2-fabric-b1-c4-r5-task-0060,fabric_vote_1,True,,2460,1783315529348,0,,False
633,b2-fabric-b1-c4-r5,b2-fabric-b1-c4-r5-task-0061,fabric_vote_1,True,,2461,1783315529347,0,,False
634,b2-fabric-b1-c4-r5,b2-fabric-b1-c4-r5-task-0062,fabric_vote_1,True,,2461,1783315529349,0,,False
635,b2-fabric-b1-c4-r5,b2-fabric-b1-c4-r5-task-0061,fabric_vote_2,True,,2445,1783315531808,0,,False
636,b2-fabric-b1-c4-r5,b2-fabric-b1-c4-r5-task-0060,fabric_vote_2,True,,2446,1783315531808,0,,False
637,b2-fabric-b1-c4-r5,b2-fabric-b1-c4-r5-task-0063,fabric_vote_2,True,,2450,1783315531805,0,,False
638,b2-fabric-b1-c4-r5,b2-fabric-b1-c4-r5-task-0062,fabric_vote_2,True,,2445,1783315531810,0,,False
639,b2-fabric-b1-c4-r5,b2-fabric-b1-c4-r5-task-0063,fabric_settlement,True,,2365,1783315534255,0,,False
640,b2-fabric-b1-c4-r5,b2-fabric-b1-c4-r5-task-0062,fabric_settlement,True,,2366,1783315534255,0,,False
641,b2-fabric-b1-c4-r5,b2-fabric-b1-c4-r5-task-0061,fabric_settlement,True,,2368,1783315534253,0,,False
642,b2-fabric-b1-c4-r5,b2-fabric-b1-c4-r5-task-0060,fabric_settlement,True,,2368,1783315534254,0,,False
643,b2-fabric-b1-c4-r5,b2-fabric-b1-c4-r5-task-0061,fabric_query_final,True,,541,1783315536621,0,,False
644,b2-fabric-b1-c4-r5,b2-fabric-b1-c4-r5-task-0062,fabric_query_final,True,,542,1783315536621,0,,False
645,b2-fabric-b1-c4-r5,b2-fabric-b1-c4-r5-task-0063,fabric_query_final,True,,543,1783315536620,0,,False
646,b2-fabric-b1-c4-r5,b2-fabric-b1-c4-r5-task-0063,ipfs_verify,True,,6,1783315537163,0,Qmeq8QyrjD6bZ4YprHuPoMgTMvTCxaH2JtzMLSbHb4KCGp,False
647,b2-fabric-b1-c4-r5,b2-fabric-b1-c4-r5-task-0062,ipfs_verify,True,,6,1783315537163,0,Qmb6iH1Q8fsUxVYrQmrcgAvCnH14JPTvzRbCctsufq5we3,False
648,b2-fabric-b1-c4-r5,b2-fabric-b1-c4-r5-task-0061,ipfs_verify,True,,8,1783315537162,0,QmZznbE6Q8qgJZM6zko75Z5kysY6RRAzfTKYtPEykpkpaT,False
649,b2-fabric-b1-c4-r5,b2-fabric-b1-c4-r5-task-0064,ipfs_add,True,,29,1783315537169,1718,,False
650,b2-fabric-b1-c4-r5,b2-fabric-b1-c4-r5-task-0065,ipfs_add,True,,45,1783315537170,1532,,False
651,b2-fabric-b1-c4-r5,b2-fabric-b1-c4-r5-task-0066,ipfs_add,True,,63,1783315537170,1779,,False
652,b2-fabric-b1-c4-r5,b2-fabric-b1-c4-r5-task-0060,fabric_query_final,True,,681,1783315536622,0,,False
653,b2-fabric-b1-c4-r5,b2-fabric-b1-c4-r5-task-0060,ipfs_verify,True,,7,1783315537303,0,QmNcgtQQTiKYTTZfgDnKUurGta1J2EPad8N1cioGFFfEnj,False
654,b2-fabric-b1-c4-r5,b2-fabric-b1-c4-r5-task-0067,ipfs_add,True,,27,1783315537310,1494,,False
655,b2-fabric-b1-c4-r5,b2-fabric-b1-c4-r5-task-0067,fabric_post_task,True,,2127,1783315537337,1494,Qmbt7FG9CTBc6sVfciXAseRzvjXpa6EoV1TehcNf7sChY3,False
656,b2-fabric-b1-c4-r5,b2-fabric-b1-c4-r5-task-0066,fabric_post_task,True,,2231,1783315537233,1779,QmQadZaKvSss26axAEh58nbypRZhkvyv9qKSdKwsKrR3VT,False
657,b2-fabric-b1-c4-r5,b2-fabric-b1-c4-r5-task-0064,fabric_post_task,True,,2267,1783315537198,1718,QmdQasboxBg4eG1zCcznaXELJ43EhrApnvszJDpfVQP7gd,False
658,b2-fabric-b1-c4-r5,b2-fabric-b1-c4-r5-task-0065,fabric_post_task,True,,2253,1783315537215,1532,QmTgn7Ef8bcgXc76teLMLFWfXkkV1kNKoL8EES2YSp6nVT,False
659,b2-fabric-b1-c4-r5,b2-fabric-b1-c4-r5-task-0066,fabric_post_allocation,True,,2833,1783315539465,0,,False
660,b2-fabric-b1-c4-r5,b2-fabric-b1-c4-r5-task-0065,fabric_post_allocation,True,,2831,1783315539468,0,,False
661,b2-fabric-b1-c4-r5,b2-fabric-b1-c4-r5-task-0067,fabric_post_allocation,True,,2836,1783315539464,0,,False
662,b2-fabric-b1-c4-r5,b2-fabric-b1-c4-r5-task-0064,fabric_post_allocation,True,,2836,1783315539465,0,,False
663,b2-fabric-b1-c4-r5,b2-fabric-b1-c4-r5-task-0066,fabric_post_snapshot,True,,2250,1783315542298,0,,False
664,b2-fabric-b1-c4-r5,b2-fabric-b1-c4-r5-task-0065,fabric_post_snapshot,True,,2249,1783315542299,0,,False
665,b2-fabric-b1-c4-r5,b2-fabric-b1-c4-r5-task-0064,fabric_post_snapshot,True,,2248,1783315542301,0,,False
666,b2-fabric-b1-c4-r5,b2-fabric-b1-c4-r5-task-0067,fabric_post_snapshot,True,,2252,1783315542300,0,,False
667,b2-fabric-b1-c4-r5,b2-fabric-b1-c4-r5-task-0067,fabric_query_confirmation,True,,302,1783315544552,0,,False
668,b2-fabric-b1-c4-r5,b2-fabric-b1-c4-r5-task-0066,fabric_query_confirmation,True,,307,1783315544548,0,,False
669,b2-fabric-b1-c4-r5,b2-fabric-b1-c4-r5-task-0065,fabric_query_confirmation,True,,307,1783315544548,0,,False
670,b2-fabric-b1-c4-r5,b2-fabric-b1-c4-r5-task-0064,fabric_query_confirmation,True,,309,1783315544549,0,,False
671,b2-fabric-b1-c4-r5,b2-fabric-b1-c4-r5-task-0066,fabric_vote_1,True,,2496,1783315544855,0,,False
672,b2-fabric-b1-c4-r5,b2-fabric-b1-c4-r5-task-0067,fabric_vote_1,True,,2498,1783315544854,0,,False
673,b2-fabric-b1-c4-r5,b2-fabric-b1-c4-r5-task-0065,fabric_vote_1,True,,2498,1783315544855,0,,False
674,b2-fabric-b1-c4-r5,b2-fabric-b1-c4-r5-task-0064,fabric_vote_1,True,,2495,1783315544858,0,,False
675,b2-fabric-b1-c4-r5,b2-fabric-b1-c4-r5-task-0064,fabric_vote_2,True,,2238,1783315547353,0,,False
676,b2-fabric-b1-c4-r5,b2-fabric-b1-c4-r5-task-0065,fabric_vote_2,True,,2238,1783315547353,0,,False
677,b2-fabric-b1-c4-r5,b2-fabric-b1-c4-r5-task-0066,fabric_vote_2,True,,2241,1783315547351,0,,False
678,b2-fabric-b1-c4-r5,b2-fabric-b1-c4-r5-task-0067,fabric_vote_2,True,,2241,1783315547352,0,,False
679,b2-fabric-b1-c4-r5,b2-fabric-b1-c4-r5-task-0067,fabric_settlement,True,,2282,1783315549593,0,,False
680,b2-fabric-b1-c4-r5,b2-fabric-b1-c4-r5-task-0064,fabric_settlement,True,,2284,1783315549591,0,,False
681,b2-fabric-b1-c4-r5,b2-fabric-b1-c4-r5-task-0065,fabric_settlement,True,,2285,1783315549591,0,,False
682,b2-fabric-b1-c4-r5,b2-fabric-b1-c4-r5-task-0066,fabric_settlement,True,,2286,1783315549592,0,,False
683,b2-fabric-b1-c4-r5,b2-fabric-b1-c4-r5-task-0066,fabric_query_final,True,,878,1783315551878,0,,False
684,b2-fabric-b1-c4-r5,b2-fabric-b1-c4-r5-task-0067,fabric_query_final,True,,881,1783315551875,0,,False
685,b2-fabric-b1-c4-r5,b2-fabric-b1-c4-r5-task-0064,fabric_query_final,True,,882,1783315551875,0,,False
686,b2-fabric-b1-c4-r5,b2-fabric-b1-c4-r5-task-0065,fabric_query_final,True,,883,1783315551876,0,,False
687,b2-fabric-b1-c4-r5,b2-fabric-b1-c4-r5-task-0067,ipfs_verify,True,,8,1783315552756,0,Qmbt7FG9CTBc6sVfciXAseRzvjXpa6EoV1TehcNf7sChY3,False
688,b2-fabric-b1-c4-r5,b2-fabric-b1-c4-r5-task-0064,ipfs_verify,True,,8,1783315552757,0,QmdQasboxBg4eG1zCcznaXELJ43EhrApnvszJDpfVQP7gd,False
689,b2-fabric-b1-c4-r5,b2-fabric-b1-c4-r5-task-0066,ipfs_verify,True,,9,1783315552756,0,QmQadZaKvSss26axAEh58nbypRZhkvyv9qKSdKwsKrR3VT,False
690,b2-fabric-b1-c4-r5,b2-fabric-b1-c4-r5-task-0065,ipfs_verify,True,,7,1783315552759,0,QmTgn7Ef8bcgXc76teLMLFWfXkkV1kNKoL8EES2YSp6nVT,False
691,b2-fabric-b1-c4-r5,b2-fabric-b1-c4-r5-task-0069,ipfs_add,True,,31,1783315552765,1526,,False
692,b2-fabric-b1-c4-r5,b2-fabric-b1-c4-r5-task-0071,ipfs_add,True,,49,1783315552766,7196,,False
693,b2-fabric-b1-c4-r5,b2-fabric-b1-c4-r5-task-0068,ipfs_add,True,,67,1783315552764,4158,,False
694,b2-fabric-b1-c4-r5,b2-fabric-b1-c4-r5-task-0070,ipfs_add,True,,84,1783315552765,5065,,False
695,b2-fabric-b1-c4-r5,b2-fabric-b1-c4-r5-task-0071,fabric_post_task,True,,2471,1783315552815,7196,QmNqkkGDJvpybcWjHb7TKY3DpGWDegeGBguFT6dBieSUKQ,False
696,b2-fabric-b1-c4-r5,b2-fabric-b1-c4-r5-task-0069,fabric_post_task,True,,2492,1783315552796,1526,Qmc3HzGamX75gaXpQyYRDkmKLfVRUTTUbDLLNafwajDdRv,False
697,b2-fabric-b1-c4-r5,b2-fabric-b1-c4-r5-task-0068,fabric_post_task,True,,2458,1783315552831,4158,QmdssCZHZja15BD7DuyPiXZPfZufH2mwmGr81QDSStPZPN,False
698,b2-fabric-b1-c4-r5,b2-fabric-b1-c4-r5-task-0070,fabric_post_task,True,,2446,1783315552849,5065,QmZdwn7XZ6rmxkCtUjND7GCnAtzGsfmiqSWKEv7AMAoXVQ,False
699,b2-fabric-b1-c4-r5,b2-fabric-b1-c4-r5-task-0068,fabric_post_allocation,True,,1490,1783315555289,0,,False
700,b2-fabric-b1-c4-r5,b2-fabric-b1-c4-r5-task-0069,fabric_post_allocation,True,,1492,1783315555288,0,,False
701,b2-fabric-b1-c4-r5,b2-fabric-b1-c4-r5-task-0071,fabric_post_allocation,True,,1494,1783315555287,0,,False
702,b2-fabric-b1-c4-r5,b2-fabric-b1-c4-r5-task-0070,fabric_post_allocation,True,,1487,1783315555295,0,,False
703,b2-fabric-b1-c4-r5,b2-fabric-b1-c4-r5-task-0069,fabric_post_snapshot,True,,2260,1783315556780,0,,False
704,b2-fabric-b1-c4-r5,b2-fabric-b1-c4-r5-task-0071,fabric_post_snapshot,True,,2259,1783315556781,0,,False
705,b2-fabric-b1-c4-r5,b2-fabric-b1-c4-r5-task-0070,fabric_post_snapshot,True,,2258,1783315556782,0,,False
706,b2-fabric-b1-c4-r5,b2-fabric-b1-c4-r5-task-0068,fabric_post_snapshot,True,,2264,1783315556779,0,,False
707,b2-fabric-b1-c4-r5,b2-fabric-b1-c4-r5-task-0068,fabric_query_confirmation,True,,314,1783315559043,0,,False
708,b2-fabric-b1-c4-r5,b2-fabric-b1-c4-r5-task-0069,fabric_query_confirmation,True,,318,1783315559040,0,,False
709,b2-fabric-b1-c4-r5,b2-fabric-b1-c4-r5-task-0070,fabric_query_confirmation,True,,318,1783315559040,0,,False
710,b2-fabric-b1-c4-r5,b2-fabric-b1-c4-r5-task-0071,fabric_query_confirmation,True,,319,1783315559040,0,,False
711,b2-fabric-b1-c4-r5,b2-fabric-b1-c4-r5-task-0068,fabric_vote_1,True,,2442,1783315559357,0,,False
712,b2-fabric-b1-c4-r5,b2-fabric-b1-c4-r5-task-0069,fabric_vote_1,True,,2442,1783315559358,0,,False
713,b2-fabric-b1-c4-r5,b2-fabric-b1-c4-r5-task-0070,fabric_vote_1,True,,2442,1783315559358,0,,False
714,b2-fabric-b1-c4-r5,b2-fabric-b1-c4-r5-task-0071,fabric_vote_1,True,,2442,1783315559359,0,,False
715,b2-fabric-b1-c4-r5,b2-fabric-b1-c4-r5-task-0069,fabric_vote_2,True,,2254,1783315561800,0,,False
716,b2-fabric-b1-c4-r5,b2-fabric-b1-c4-r5-task-0071,fabric_vote_2,True,,2254,1783315561801,0,,False
717,b2-fabric-b1-c4-r5,b2-fabric-b1-c4-r5-task-0070,fabric_vote_2,True,,2256,1783315561800,0,,False
718,b2-fabric-b1-c4-r5,b2-fabric-b1-c4-r5-task-0068,fabric_vote_2,True,,2256,1783315561800,0,,False
719,b2-fabric-b1-c4-r5,b2-fabric-b1-c4-r5-task-0069,fabric_settlement,True,,2287,1783315564054,0,,False
720,b2-fabric-b1-c4-r5,b2-fabric-b1-c4-r5-task-0070,fabric_settlement,True,,2286,1783315564056,0,,False
721,b2-fabric-b1-c4-r5,b2-fabric-b1-c4-r5-task-0068,fabric_settlement,True,,2287,1783315564056,0,,False
722,b2-fabric-b1-c4-r5,b2-fabric-b1-c4-r5-task-0071,fabric_settlement,True,,2288,1783315564055,0,,False
723,b2-fabric-b1-c4-r5,b2-fabric-b1-c4-r5-task-0071,fabric_query_final,True,,753,1783315566343,0,,False
724,b2-fabric-b1-c4-r5,b2-fabric-b1-c4-r5-task-0069,fabric_query_final,True,,756,1783315566341,0,,False
725,b2-fabric-b1-c4-r5,b2-fabric-b1-c4-r5-task-0070,fabric_query_final,True,,755,1783315566342,0,,False
726,b2-fabric-b1-c4-r5,b2-fabric-b1-c4-r5-task-0068,fabric_query_final,True,,757,1783315566343,0,,False
727,b2-fabric-b1-c4-r5,b2-fabric-b1-c4-r5-task-0071,ipfs_verify,True,,7,1783315567096,0,QmNqkkGDJvpybcWjHb7TKY3DpGWDegeGBguFT6dBieSUKQ,False
728,b2-fabric-b1-c4-r5,b2-fabric-b1-c4-r5-task-0069,ipfs_verify,True,,7,1783315567097,0,Qmc3HzGamX75gaXpQyYRDkmKLfVRUTTUbDLLNafwajDdRv,False
729,b2-fabric-b1-c4-r5,b2-fabric-b1-c4-r5-task-0070,ipfs_verify,True,,7,1783315567097,0,QmZdwn7XZ6rmxkCtUjND7GCnAtzGsfmiqSWKEv7AMAoXVQ,False
730,b2-fabric-b1-c4-r5,b2-fabric-b1-c4-r5-task-0068,ipfs_verify,True,,6,1783315567100,0,QmdssCZHZja15BD7DuyPiXZPfZufH2mwmGr81QDSStPZPN,False
731,b2-fabric-b1-c4-r5,b2-fabric-b1-c4-r5-task-0074,ipfs_add,True,,31,1783315567104,5811,,False
732,b2-fabric-b1-c4-r5,b2-fabric-b1-c4-r5-task-0072,ipfs_add,True,,65,1783315567103,2305,,False
733,b2-fabric-b1-c4-r5,b2-fabric-b1-c4-r5-task-0073,ipfs_add,True,,80,1783315567104,4957,,False
734,b2-fabric-b1-c4-r5,b2-fabric-b1-c4-r5-task-0075,ipfs_add,True,,78,1783315567107,4400,,False
735,b2-fabric-b1-c4-r5,b2-fabric-b1-c4-r5-task-0073,fabric_post_task,True,,2723,1783315567184,4957,QmUNq5xrs3K1vmXdkKido3g2XmRhi95o132iauehfL4aYG,False
736,b2-fabric-b1-c4-r5,b2-fabric-b1-c4-r5-task-0074,fabric_post_task,True,,2773,1783315567135,5811,QmaeTJAzWRKvsT172vo8HGvAfgV8ipwLvzV1ZMQApxE1QS,False
737,b2-fabric-b1-c4-r5,b2-fabric-b1-c4-r5-task-0072,fabric_post_task,True,,2741,1783315567168,2305,QmWanySVkpZ7TybV7YuqtM2nn19ezsxpA246bdcmU47t6X,False
738,b2-fabric-b1-c4-r5,b2-fabric-b1-c4-r5-task-0075,fabric_post_task,True,,2724,1783315567185,4400,QmXvAwLQ7v7nnXbkJPjkYdM3tUdkRw8oF5f6iTNZRPVgzN,False
739,b2-fabric-b1-c4-r5,b2-fabric-b1-c4-r5-task-0075,fabric_post_allocation,True,,2321,1783315569909,0,,False
740,b2-fabric-b1-c4-r5,b2-fabric-b1-c4-r5-task-0073,fabric_post_allocation,True,,2325,1783315569907,0,,False
741,b2-fabric-b1-c4-r5,b2-fabric-b1-c4-r5-task-0072,fabric_post_allocation,True,,2324,1783315569909,0,,False
742,b2-fabric-b1-c4-r5,b2-fabric-b1-c4-r5-task-0074,fabric_post_allocation,True,,2325,1783315569908,0,,False
743,b2-fabric-b1-c4-r5,b2-fabric-b1-c4-r5-task-0073,fabric_post_snapshot,True,,2247,1783315572232,0,,False
744,b2-fabric-b1-c4-r5,b2-fabric-b1-c4-r5-task-0072,fabric_post_snapshot,True,,2247,1783315572233,0,,False
745,b2-fabric-b1-c4-r5,b2-fabric-b1-c4-r5-task-0075,fabric_post_snapshot,True,,2250,1783315572230,0,,False
746,b2-fabric-b1-c4-r5,b2-fabric-b1-c4-r5-task-0074,fabric_post_snapshot,True,,2250,1783315572233,0,,False
747,b2-fabric-b1-c4-r5,b2-fabric-b1-c4-r5-task-0072,fabric_query_confirmation,True,,298,1783315574480,0,,False
748,b2-fabric-b1-c4-r5,b2-fabric-b1-c4-r5-task-0074,fabric_query_confirmation,True,,296,1783315574483,0,,False
749,b2-fabric-b1-c4-r5,b2-fabric-b1-c4-r5-task-0075,fabric_query_confirmation,True,,300,1783315574480,0,,False
750,b2-fabric-b1-c4-r5,b2-fabric-b1-c4-r5-task-0073,fabric_query_confirmation,True,,302,1783315574479,0,,False
751,b2-fabric-b1-c4-r5,b2-fabric-b1-c4-r5-task-0072,fabric_vote_1,True,,2259,1783315574778,0,,False
752,b2-fabric-b1-c4-r5,b2-fabric-b1-c4-r5-task-0075,fabric_vote_1,True,,2258,1783315574780,0,,False
753,b2-fabric-b1-c4-r5,b2-fabric-b1-c4-r5-task-0073,fabric_vote_1,True,,2257,1783315574781,0,,False
754,b2-fabric-b1-c4-r5,b2-fabric-b1-c4-r5-task-0074,fabric_vote_1,True,,2258,1783315574780,0,,False
755,b2-fabric-b1-c4-r5,b2-fabric-b1-c4-r5-task-0074,fabric_vote_2,True,,2232,1783315577038,0,,False
756,b2-fabric-b1-c4-r5,b2-fabric-b1-c4-r5-task-0073,fabric_vote_2,True,,2233,1783315577038,0,,False
757,b2-fabric-b1-c4-r5,b2-fabric-b1-c4-r5-task-0075,fabric_vote_2,True,,2234,1783315577038,0,,False
758,b2-fabric-b1-c4-r5,b2-fabric-b1-c4-r5-task-0072,fabric_vote_2,True,,2235,1783315577037,0,,False
759,b2-fabric-b1-c4-r5,b2-fabric-b1-c4-r5-task-0074,fabric_settlement,True,,2293,1783315579270,0,,False
760,b2-fabric-b1-c4-r5,b2-fabric-b1-c4-r5-task-0072,fabric_settlement,True,,2292,1783315579272,0,,False
761,b2-fabric-b1-c4-r5,b2-fabric-b1-c4-r5-task-0073,fabric_settlement,True,,2293,1783315579271,0,,False
762,b2-fabric-b1-c4-r5,b2-fabric-b1-c4-r5-task-0075,fabric_settlement,True,,2294,1783315579272,0,,False
763,b2-fabric-b1-c4-r5,b2-fabric-b1-c4-r5-task-0074,fabric_query_final,True,,718,1783315581563,0,,False
764,b2-fabric-b1-c4-r5,b2-fabric-b1-c4-r5-task-0072,fabric_query_final,True,,717,1783315581564,0,,False
765,b2-fabric-b1-c4-r5,b2-fabric-b1-c4-r5-task-0073,fabric_query_final,True,,717,1783315581564,0,,False
766,b2-fabric-b1-c4-r5,b2-fabric-b1-c4-r5-task-0075,fabric_query_final,True,,718,1783315581566,0,,False
767,b2-fabric-b1-c4-r5,b2-fabric-b1-c4-r5-task-0073,ipfs_verify,True,,7,1783315582281,0,QmUNq5xrs3K1vmXdkKido3g2XmRhi95o132iauehfL4aYG,False
768,b2-fabric-b1-c4-r5,b2-fabric-b1-c4-r5-task-0074,ipfs_verify,True,,8,1783315582281,0,QmaeTJAzWRKvsT172vo8HGvAfgV8ipwLvzV1ZMQApxE1QS,False
769,b2-fabric-b1-c4-r5,b2-fabric-b1-c4-r5-task-0072,ipfs_verify,True,,9,1783315582281,0,QmWanySVkpZ7TybV7YuqtM2nn19ezsxpA246bdcmU47t6X,False
770,b2-fabric-b1-c4-r5,b2-fabric-b1-c4-r5-task-0075,ipfs_verify,True,,7,1783315582284,0,QmXvAwLQ7v7nnXbkJPjkYdM3tUdkRw8oF5f6iTNZRPVgzN,False
771,b2-fabric-b1-c4-r5,b2-fabric-b1-c4-r5-task-0076,ipfs_add,True,,34,1783315582288,4961,,False
772,b2-fabric-b1-c4-r5,b2-fabric-b1-c4-r5-task-0077,ipfs_add,True,,50,1783315582289,1774,,False
773,b2-fabric-b1-c4-r5,b2-fabric-b1-c4-r5-task-0078,ipfs_add,True,,67,1783315582290,4011,,False
774,b2-fabric-b1-c4-r5,b2-fabric-b1-c4-r5-task-0079,ipfs_add,True,,83,1783315582291,2910,,False
775,b2-fabric-b1-c4-r5,b2-fabric-b1-c4-r5-task-0078,fabric_post_task,True,,2430,1783315582357,4011,QmQMb15VfwTvEopgdonkaUmtV5EoYEVHk6p3eKpDmm7VQJ,False
776,b2-fabric-b1-c4-r5,b2-fabric-b1-c4-r5-task-0077,fabric_post_task,True,,2450,1783315582339,1774,QmYN6ceiUFJghNBVdUfs4AgqbBx4pasRLDxDdrHuAvaYYe,False
777,b2-fabric-b1-c4-r5,b2-fabric-b1-c4-r5-task-0076,fabric_post_task,True,,2468,1783315582322,4961,QmPYBXNwCTh5Jewpe24hUv1bBvhKKyvE3uxvUw3jvcJV2S,False
778,b2-fabric-b1-c4-r5,b2-fabric-b1-c4-r5-task-0079,fabric_post_task,True,,2416,1783315582374,2910,QmUANPhfiGoG4ujKLWNNL1cTTFTCULjPxcP9sn7jNfzJhL,False
779,b2-fabric-b1-c4-r5,b2-fabric-b1-c4-r5-task-0076,fabric_post_allocation,True,,1283,1783315584790,0,,False
780,b2-fabric-b1-c4-r5,b2-fabric-b1-c4-r5-task-0079,fabric_post_allocation,True,,1284,1783315584790,0,,False
781,b2-fabric-b1-c4-r5,b2-fabric-b1-c4-r5-task-0077,fabric_post_allocation,True,,1286,1783315584789,0,,False
782,b2-fabric-b1-c4-r5,b2-fabric-b1-c4-r5-task-0078,fabric_post_allocation,True,,1290,1783315584787,0,,False
783,b2-fabric-b1-c4-r5,b2-fabric-b1-c4-r5-task-0077,fabric_post_snapshot,True,,2470,1783315586075,0,,False
784,b2-fabric-b1-c4-r5,b2-fabric-b1-c4-r5-task-0076,fabric_post_snapshot,True,,2473,1783315586073,0,,False
785,b2-fabric-b1-c4-r5,b2-fabric-b1-c4-r5-task-0078,fabric_post_snapshot,True,,2471,1783315586077,0,,False
786,b2-fabric-b1-c4-r5,b2-fabric-b1-c4-r5-task-0079,fabric_post_snapshot,True,,2475,1783315586074,0,,False
787,b2-fabric-b1-c4-r5,b2-fabric-b1-c4-r5-task-0077,fabric_query_confirmation,True,,117,1783315588545,0,,False
788,b2-fabric-b1-c4-r5,b2-fabric-b1-c4-r5-task-0076,fabric_query_confirmation,True,,117,1783315588546,0,,False
789,b2-fabric-b1-c4-r5,b2-fabric-b1-c4-r5-task-0079,fabric_query_confirmation,True,,114,1783315588549,0,,False
790,b2-fabric-b1-c4-r5,b2-fabric-b1-c4-r5-task-0078,fabric_query_confirmation,True,,116,1783315588548,0,,False
791,b2-fabric-b1-c4-r5,b2-fabric-b1-c4-r5-task-0076,fabric_vote_1,True,,2252,1783315588663,0,,False
792,b2-fabric-b1-c4-r5,b2-fabric-b1-c4-r5-task-0079,fabric_vote_1,True,,2253,1783315588663,0,,False
793,b2-fabric-b1-c4-r5,b2-fabric-b1-c4-r5-task-0078,fabric_vote_1,True,,2253,1783315588664,0,,False
794,b2-fabric-b1-c4-r5,b2-fabric-b1-c4-r5-task-0077,fabric_vote_1,True,,2258,1783315588662,0,,False
795,b2-fabric-b1-c4-r5,b2-fabric-b1-c4-r5-task-0076,fabric_vote_2,True,,2441,1783315590915,0,,False
796,b2-fabric-b1-c4-r5,b2-fabric-b1-c4-r5-task-0078,fabric_vote_2,True,,2440,1783315590917,0,,False
797,b2-fabric-b1-c4-r5,b2-fabric-b1-c4-r5-task-0079,fabric_vote_2,True,,2442,1783315590916,0,,False
798,b2-fabric-b1-c4-r5,b2-fabric-b1-c4-r5-task-0077,fabric_vote_2,True,,2438,1783315590920,0,,False
799,b2-fabric-b1-c4-r5,b2-fabric-b1-c4-r5-task-0078,fabric_settlement,True,,2292,1783315593357,0,,False
800,b2-fabric-b1-c4-r5,b2-fabric-b1-c4-r5-task-0079,fabric_settlement,True,,2292,1783315593358,0,,False
801,b2-fabric-b1-c4-r5,b2-fabric-b1-c4-r5-task-0076,fabric_settlement,True,,2294,1783315593356,0,,False
802,b2-fabric-b1-c4-r5,b2-fabric-b1-c4-r5-task-0077,fabric_settlement,True,,2294,1783315593358,0,,False
803,b2-fabric-b1-c4-r5,b2-fabric-b1-c4-r5-task-0079,fabric_query_final,True,,731,1783315595650,0,,False
804,b2-fabric-b1-c4-r5,b2-fabric-b1-c4-r5-task-0076,fabric_query_final,True,,731,1783315595650,0,,False
805,b2-fabric-b1-c4-r5,b2-fabric-b1-c4-r5-task-0077,fabric_query_final,True,,731,1783315595652,0,,False
806,b2-fabric-b1-c4-r5,b2-fabric-b1-c4-r5-task-0078,fabric_query_final,True,,736,1783315595649,0,,False
807,b2-fabric-b1-c4-r5,b2-fabric-b1-c4-r5-task-0079,ipfs_verify,True,,8,1783315596381,0,QmUANPhfiGoG4ujKLWNNL1cTTFTCULjPxcP9sn7jNfzJhL,False
808,b2-fabric-b1-c4-r5,b2-fabric-b1-c4-r5-task-0077,ipfs_verify,True,,7,1783315596383,0,QmYN6ceiUFJghNBVdUfs4AgqbBx4pasRLDxDdrHuAvaYYe,False
809,b2-fabric-b1-c4-r5,b2-fabric-b1-c4-r5-task-0076,ipfs_verify,True,,10,1783315596381,0,QmPYBXNwCTh5Jewpe24hUv1bBvhKKyvE3uxvUw3jvcJV2S,False
810,b2-fabric-b1-c4-r5,b2-fabric-b1-c4-r5-task-0078,ipfs_verify,True,,7,1783315596385,0,QmQMb15VfwTvEopgdonkaUmtV5EoYEVHk6p3eKpDmm7VQJ,False
811,b2-fabric-b1-c4-r5,b2-fabric-b1-c4-r5-task-0081,ipfs_add,True,,31,1783315596390,9224,,False
812,b2-fabric-b1-c4-r5,b2-fabric-b1-c4-r5-task-0080,ipfs_add,True,,48,1783315596389,2007,,False
813,b2-fabric-b1-c4-r5,b2-fabric-b1-c4-r5-task-0083,ipfs_add,True,,60,1783315596392,4402,,False
814,b2-fabric-b1-c4-r5,b2-fabric-b1-c4-r5-task-0082,ipfs_add,True,,77,1783315596391,9851,,False
815,b2-fabric-b1-c4-r5,b2-fabric-b1-c4-r5-task-0083,fabric_post_task,True,,2713,1783315596452,4402,QmPd7FL1akHQY92fmAnCsPGgoQXB5msWnC72Pa4Ym8A7LB,False
816,b2-fabric-b1-c4-r5,b2-fabric-b1-c4-r5-task-0082,fabric_post_task,True,,2699,1783315596468,9851,QmV9rgZvcZKU4rPzj6kpzY1dYdbWXgNxb8v7XJGh6yCSZk,False
817,b2-fabric-b1-c4-r5,b2-fabric-b1-c4-r5-task-0080,fabric_post_task,True,,2731,1783315596437,2007,QmSoqaKbY1pzamSrK5gatTauBKmwAqCw92JyzZxyPFt8FW,False
818,b2-fabric-b1-c4-r5,b2-fabric-b1-c4-r5-task-0081,fabric_post_task,True,,2747,1783315596421,9224,QmQhzdo79vLus2WbHD1UviAJSuaG18vFF57Yt3d5cS2s7M,False
819,b2-fabric-b1-c4-r5,b2-fabric-b1-c4-r5-task-0081,fabric_post_allocation,True,,2328,1783315599168,0,,False
820,b2-fabric-b1-c4-r5,b2-fabric-b1-c4-r5-task-0083,fabric_post_allocation,True,,2331,1783315599165,0,,False
821,b2-fabric-b1-c4-r5,b2-fabric-b1-c4-r5-task-0080,fabric_post_allocation,True,,2329,1783315599168,0,,False
822,b2-fabric-b1-c4-r5,b2-fabric-b1-c4-r5-task-0082,fabric_post_allocation,True,,2333,1783315599167,0,,False
823,b2-fabric-b1-c4-r5,b2-fabric-b1-c4-r5-task-0080,fabric_post_snapshot,True,,2526,1783315601497,0,,False
824,b2-fabric-b1-c4-r5,b2-fabric-b1-c4-r5-task-0081,fabric_post_snapshot,True,,2528,1783315601496,0,,False
825,b2-fabric-b1-c4-r5,b2-fabric-b1-c4-r5-task-0082,fabric_post_snapshot,True,,2524,1783315601500,0,,False
826,b2-fabric-b1-c4-r5,b2-fabric-b1-c4-r5-task-0083,fabric_post_snapshot,True,,2531,1783315601496,0,,False
827,b2-fabric-b1-c4-r5,b2-fabric-b1-c4-r5-task-0083,fabric_query_confirmation,True,,322,1783315604027,0,,False
828,b2-fabric-b1-c4-r5,b2-fabric-b1-c4-r5-task-0081,fabric_query_confirmation,True,,326,1783315604024,0,,False
829,b2-fabric-b1-c4-r5,b2-fabric-b1-c4-r5-task-0080,fabric_query_confirmation,True,,328,1783315604023,0,,False
830,b2-fabric-b1-c4-r5,b2-fabric-b1-c4-r5-task-0082,fabric_query_confirmation,True,,330,1783315604024,0,,False
831,b2-fabric-b1-c4-r5,b2-fabric-b1-c4-r5-task-0082,fabric_vote_1,True,,2481,1783315604354,0,,False
832,b2-fabric-b1-c4-r5,b2-fabric-b1-c4-r5-task-0080,fabric_vote_1,True,,2486,1783315604351,0,,False
833,b2-fabric-b1-c4-r5,b2-fabric-b1-c4-r5-task-0083,fabric_vote_1,True,,2488,1783315604349,0,,False
834,b2-fabric-b1-c4-r5,b2-fabric-b1-c4-r5-task-0081,fabric_vote_1,True,,2489,1783315604350,0,,False
835,b2-fabric-b1-c4-r5,b2-fabric-b1-c4-r5-task-0083,fabric_vote_2,True,,2476,1783315606837,0,,False
836,b2-fabric-b1-c4-r5,b2-fabric-b1-c4-r5-task-0081,fabric_vote_2,True,,2476,1783315606839,0,,False
837,b2-fabric-b1-c4-r5,b2-fabric-b1-c4-r5-task-0080,fabric_vote_2,True,,2479,1783315606837,0,,False
838,b2-fabric-b1-c4-r5,b2-fabric-b1-c4-r5-task-0082,fabric_vote_2,True,,2481,1783315606835,0,,False
839,b2-fabric-b1-c4-r5,b2-fabric-b1-c4-r5-task-0080,fabric_settlement,True,,2304,1783315609316,0,,False
840,b2-fabric-b1-c4-r5,b2-fabric-b1-c4-r5-task-0083,fabric_settlement,True,,2308,1783315609313,0,,False
841,b2-fabric-b1-c4-r5,b2-fabric-b1-c4-r5-task-0082,fabric_settlement,True,,2306,1783315609316,0,,False
842,b2-fabric-b1-c4-r5,b2-fabric-b1-c4-r5-task-0081,fabric_settlement,True,,2308,1783315609315,0,,False
843,b2-fabric-b1-c4-r5,b2-fabric-b1-c4-r5-task-0083,fabric_query_final,True,,508,1783315611621,0,,False
844,b2-fabric-b1-c4-r5,b2-fabric-b1-c4-r5-task-0080,fabric_query_final,True,,509,1783315611620,0,,False
845,b2-fabric-b1-c4-r5,b2-fabric-b1-c4-r5-task-0081,fabric_query_final,True,,506,1783315611623,0,,False
846,b2-fabric-b1-c4-r5,b2-fabric-b1-c4-r5-task-0082,fabric_query_final,True,,510,1783315611622,0,,False
847,b2-fabric-b1-c4-r5,b2-fabric-b1-c4-r5-task-0080,ipfs_verify,True,,7,1783315612129,0,QmSoqaKbY1pzamSrK5gatTauBKmwAqCw92JyzZxyPFt8FW,False
848,b2-fabric-b1-c4-r5,b2-fabric-b1-c4-r5-task-0081,ipfs_verify,True,,8,1783315612129,0,QmQhzdo79vLus2WbHD1UviAJSuaG18vFF57Yt3d5cS2s7M,False
849,b2-fabric-b1-c4-r5,b2-fabric-b1-c4-r5-task-0083,ipfs_verify,True,,8,1783315612129,0,QmPd7FL1akHQY92fmAnCsPGgoQXB5msWnC72Pa4Ym8A7LB,False
850,b2-fabric-b1-c4-r5,b2-fabric-b1-c4-r5-task-0082,ipfs_verify,True,,8,1783315612132,0,QmV9rgZvcZKU4rPzj6kpzY1dYdbWXgNxb8v7XJGh6yCSZk,False
851,b2-fabric-b1-c4-r5,b2-fabric-b1-c4-r5-task-0085,ipfs_add,True,,33,1783315612137,5393,,False
852,b2-fabric-b1-c4-r5,b2-fabric-b1-c4-r5-task-0084,ipfs_add,True,,49,1783315612136,6840,,False
853,b2-fabric-b1-c4-r5,b2-fabric-b1-c4-r5-task-0086,ipfs_add,True,,64,1783315612137,5003,,False
854,b2-fabric-b1-c4-r5,b2-fabric-b1-c4-r5-task-0087,ipfs_add,True,,78,1783315612140,2524,,False
855,b2-fabric-b1-c4-r5,b2-fabric-b1-c4-r5-task-0085,fabric_post_task,True,,1451,1783315612170,5393,QmeUxU9Y8M556RrfUeDKwffgmyBADm96MQkeiAE978JMp4,False
856,b2-fabric-b1-c4-r5,b2-fabric-b1-c4-r5-task-0086,fabric_post_task,True,,1422,1783315612201,5003,QmUfeTTtpRKHWHGYM8kZeEDzEeTVbVYPN8syBVGcicKp1E,False
857,b2-fabric-b1-c4-r5,b2-fabric-b1-c4-r5-task-0087,fabric_post_task,True,,1406,1783315612218,2524,QmaCUtHjnRyELCqbtZ1neE9rfnPpeXAWptbrgpbTV3gGcj,False
858,b2-fabric-b1-c4-r5,b2-fabric-b1-c4-r5-task-0084,fabric_post_task,True,,1439,1783315612185,6840,QmfAG7xP2UTe2HqMXVRZaRh4cF3StaCZniJqRpRTYFaeDM,False
859,b2-fabric-b1-c4-r5,b2-fabric-b1-c4-r5-task-0085,fabric_post_allocation,True,,2315,1783315613621,0,,False
860,b2-fabric-b1-c4-r5,b2-fabric-b1-c4-r5-task-0087,fabric_post_allocation,True,,2313,1783315613624,0,,False
861,b2-fabric-b1-c4-r5,b2-fabric-b1-c4-r5-task-0084,fabric_post_allocation,True,,2313,1783315613624,0,,False
862,b2-fabric-b1-c4-r5,b2-fabric-b1-c4-r5-task-0086,fabric_post_allocation,True,,2316,1783315613623,0,,False
863,b2-fabric-b1-c4-r5,b2-fabric-b1-c4-r5-task-0087,fabric_post_snapshot,True,,2436,1783315615937,0,,False
864,b2-fabric-b1-c4-r5,b2-fabric-b1-c4-r5-task-0085,fabric_post_snapshot,True,,2438,1783315615936,0,,False
865,b2-fabric-b1-c4-r5,b2-fabric-b1-c4-r5-task-0084,fabric_post_snapshot,True,,2437,1783315615937,0,,False
866,b2-fabric-b1-c4-r5,b2-fabric-b1-c4-r5-task-0086,fabric_post_snapshot,True,,2437,1783315615939,0,,False
867,b2-fabric-b1-c4-r5,b2-fabric-b1-c4-r5-task-0084,fabric_query_confirmation,True,,298,1783315618374,0,,False
868,b2-fabric-b1-c4-r5,b2-fabric-b1-c4-r5-task-0087,fabric_query_confirmation,True,,299,1783315618373,0,,False
869,b2-fabric-b1-c4-r5,b2-fabric-b1-c4-r5-task-0086,fabric_query_confirmation,True,,297,1783315618376,0,,False
870,b2-fabric-b1-c4-r5,b2-fabric-b1-c4-r5-task-0085,fabric_query_confirmation,True,,300,1783315618374,0,,False
871,b2-fabric-b1-c4-r5,b2-fabric-b1-c4-r5-task-0085,fabric_vote_1,True,,2448,1783315618674,0,,False
872,b2-fabric-b1-c4-r5,b2-fabric-b1-c4-r5-task-0087,fabric_vote_1,True,,2451,1783315618672,0,,False
873,b2-fabric-b1-c4-r5,b2-fabric-b1-c4-r5-task-0084,fabric_vote_1,True,,2451,1783315618672,0,,False
874,b2-fabric-b1-c4-r5,b2-fabric-b1-c4-r5-task-0086,fabric_vote_1,True,,2451,1783315618673,0,,False
875,b2-fabric-b1-c4-r5,b2-fabric-b1-c4-r5-task-0085,fabric_vote_2,True,,2255,1783315621122,0,,False
876,b2-fabric-b1-c4-r5,b2-fabric-b1-c4-r5-task-0087,fabric_vote_2,True,,2255,1783315621123,0,,False
877,b2-fabric-b1-c4-r5,b2-fabric-b1-c4-r5-task-0084,fabric_vote_2,True,,2256,1783315621123,0,,False
878,b2-fabric-b1-c4-r5,b2-fabric-b1-c4-r5-task-0086,fabric_vote_2,True,,2258,1783315621124,0,,False
879,b2-fabric-b1-c4-r5,b2-fabric-b1-c4-r5-task-0086,fabric_settlement,True,,2471,1783315623382,0,,False
880,b2-fabric-b1-c4-r5,b2-fabric-b1-c4-r5-task-0084,fabric_settlement,True,,2475,1783315623379,0,,False
881,b2-fabric-b1-c4-r5,b2-fabric-b1-c4-r5-task-0087,fabric_settlement,True,,2477,1783315623378,0,,False
882,b2-fabric-b1-c4-r5,b2-fabric-b1-c4-r5-task-0085,fabric_settlement,True,,2480,1783315623378,0,,False
883,b2-fabric-b1-c4-r5,b2-fabric-b1-c4-r5-task-0085,fabric_query_final,True,,898,1783315625858,0,,False
884,b2-fabric-b1-c4-r5,b2-fabric-b1-c4-r5-task-0086,fabric_query_final,True,,904,1783315625853,0,,False
885,b2-fabric-b1-c4-r5,b2-fabric-b1-c4-r5-task-0087,fabric_query_final,True,,902,1783315625855,0,,False
886,b2-fabric-b1-c4-r5,b2-fabric-b1-c4-r5-task-0084,fabric_query_final,True,,908,1783315625854,0,,False
887,b2-fabric-b1-c4-r5,b2-fabric-b1-c4-r5-task-0086,ipfs_verify,True,,6,1783315626757,0,QmUfeTTtpRKHWHGYM8kZeEDzEeTVbVYPN8syBVGcicKp1E,False
888,b2-fabric-b1-c4-r5,b2-fabric-b1-c4-r5-task-0085,ipfs_verify,True,,8,1783315626756,0,QmeUxU9Y8M556RrfUeDKwffgmyBADm96MQkeiAE978JMp4,False
889,b2-fabric-b1-c4-r5,b2-fabric-b1-c4-r5-task-0087,ipfs_verify,True,,8,1783315626757,0,QmaCUtHjnRyELCqbtZ1neE9rfnPpeXAWptbrgpbTV3gGcj,False
890,b2-fabric-b1-c4-r5,b2-fabric-b1-c4-r5-task-0084,ipfs_verify,True,,7,1783315626762,0,QmfAG7xP2UTe2HqMXVRZaRh4cF3StaCZniJqRpRTYFaeDM,False
891,b2-fabric-b1-c4-r5,b2-fabric-b1-c4-r5-task-0088,ipfs_add,True,,28,1783315626763,6313,,False
892,b2-fabric-b1-c4-r5,b2-fabric-b1-c4-r5-task-0089,ipfs_add,True,,44,1783315626764,7941,,False
893,b2-fabric-b1-c4-r5,b2-fabric-b1-c4-r5-task-0090,ipfs_add,True,,59,1783315626765,6914,,False
894,b2-fabric-b1-c4-r5,b2-fabric-b1-c4-r5-task-0091,ipfs_add,True,,71,1783315626769,1951,,False
895,b2-fabric-b1-c4-r5,b2-fabric-b1-c4-r5-task-0088,fabric_post_task,True,,2738,1783315626791,6313,QmUQTJ8LNhjew8dD5w4F6KUYvuRCsc5Joz6Pxfc2Ykcf3n,False
896,b2-fabric-b1-c4-r5,b2-fabric-b1-c4-r5-task-0091,fabric_post_task,True,,2690,1783315626841,1951,QmYv9mxEgFLjPUKuWCa4UJ2mudHV34x9WAJXvNME9guXYs,False
897,b2-fabric-b1-c4-r5,b2-fabric-b1-c4-r5-task-0089,fabric_post_task,True,,2724,1783315626808,7941,QmVftiZx5cF23Q6fEY7jKzUu6HRmm42Q1XtHogR3LDyhCd,False
898,b2-fabric-b1-c4-r5,b2-fabric-b1-c4-r5-task-0090,fabric_post_task,True,,2710,1783315626824,6914,QmUFJ4iN46ZdBAqPuKeTPTjzJskJ6t9opLUxf3WHdGBRsp,False
899,b2-fabric-b1-c4-r5,b2-fabric-b1-c4-r5-task-0090,fabric_post_allocation,True,,2317,1783315629534,0,,False
900,b2-fabric-b1-c4-r5,b2-fabric-b1-c4-r5-task-0088,fabric_post_allocation,True,,2323,1783315629529,0,,False
901,b2-fabric-b1-c4-r5,b2-fabric-b1-c4-r5-task-0091,fabric_post_allocation,True,,2322,1783315629531,0,,False
902,b2-fabric-b1-c4-r5,b2-fabric-b1-c4-r5-task-0089,fabric_post_allocation,True,,2322,1783315629532,0,,False
903,b2-fabric-b1-c4-r5,b2-fabric-b1-c4-r5-task-0089,fabric_post_snapshot,True,,2433,1783315631854,0,,False
904,b2-fabric-b1-c4-r5,b2-fabric-b1-c4-r5-task-0091,fabric_post_snapshot,True,,2436,1783315631853,0,,False
905,b2-fabric-b1-c4-r5,b2-fabric-b1-c4-r5-task-0090,fabric_post_snapshot,True,,2438,1783315631851,0,,False
906,b2-fabric-b1-c4-r5,b2-fabric-b1-c4-r5-task-0088,fabric_post_snapshot,True,,2439,1783315631852,0,,False
907,b2-fabric-b1-c4-r5,b2-fabric-b1-c4-r5-task-0091,fabric_query_confirmation,True,,318,1783315634289,0,,False
908,b2-fabric-b1-c4-r5,b2-fabric-b1-c4-r5-task-0089,fabric_query_confirmation,True,,322,1783315634287,0,,False
909,b2-fabric-b1-c4-r5,b2-fabric-b1-c4-r5-task-0088,fabric_query_confirmation,True,,318,1783315634291,0,,False
910,b2-fabric-b1-c4-r5,b2-fabric-b1-c4-r5-task-0090,fabric_query_confirmation,True,,321,1783315634289,0,,False
911,b2-fabric-b1-c4-r5,b2-fabric-b1-c4-r5-task-0091,fabric_vote_1,True,,2257,1783315634607,0,,False
912,b2-fabric-b1-c4-r5,b2-fabric-b1-c4-r5-task-0090,fabric_vote_1,True,,2254,1783315634610,0,,False
913,b2-fabric-b1-c4-r5,b2-fabric-b1-c4-r5-task-0089,fabric_vote_1,True,,2255,1783315634609,0,,False
914,b2-fabric-b1-c4-r5,b2-fabric-b1-c4-r5-task-0088,fabric_vote_1,True,,2259,1783315634609,0,,False
915,b2-fabric-b1-c4-r5,b2-fabric-b1-c4-r5-task-0088,fabric_vote_2,True,,2426,1783315636868,0,,False
916,b2-fabric-b1-c4-r5,b2-fabric-b1-c4-r5-task-0090,fabric_vote_2,True,,2431,1783315636864,0,,False
917,b2-fabric-b1-c4-r5,b2-fabric-b1-c4-r5-task-0089,fabric_vote_2,True,,2432,1783315636864,0,,False
918,b2-fabric-b1-c4-r5,b2-fabric-b1-c4-r5-task-0091,fabric_vote_2,True,,2432,1783315636864,0,,False
919,b2-fabric-b1-c4-r5,b2-fabric-b1-c4-r5-task-0090,fabric_settlement,True,,2295,1783315639295,0,,False
920,b2-fabric-b1-c4-r5,b2-fabric-b1-c4-r5-task-0088,fabric_settlement,True,,2297,1783315639294,0,,False
921,b2-fabric-b1-c4-r5,b2-fabric-b1-c4-r5-task-0089,fabric_settlement,True,,2296,1783315639296,0,,False
922,b2-fabric-b1-c4-r5,b2-fabric-b1-c4-r5-task-0091,fabric_settlement,True,,2298,1783315639296,0,,False
923,b2-fabric-b1-c4-r5,b2-fabric-b1-c4-r5-task-0089,fabric_query_final,True,,726,1783315641592,0,,False
924,b2-fabric-b1-c4-r5,b2-fabric-b1-c4-r5-task-0091,fabric_query_final,True,,725,1783315641594,0,,False
925,b2-fabric-b1-c4-r5,b2-fabric-b1-c4-r5-task-0088,fabric_query_final,True,,728,1783315641591,0,,False
926,b2-fabric-b1-c4-r5,b2-fabric-b1-c4-r5-task-0090,fabric_query_final,True,,732,1783315641590,0,,False
927,b2-fabric-b1-c4-r5,b2-fabric-b1-c4-r5-task-0089,ipfs_verify,True,,7,1783315642318,0,QmVftiZx5cF23Q6fEY7jKzUu6HRmm42Q1XtHogR3LDyhCd,False
928,b2-fabric-b1-c4-r5,b2-fabric-b1-c4-r5-task-0091,ipfs_verify,True,,7,1783315642319,0,QmYv9mxEgFLjPUKuWCa4UJ2mudHV34x9WAJXvNME9guXYs,False
929,b2-fabric-b1-c4-r5,b2-fabric-b1-c4-r5-task-0088,ipfs_verify,True,,8,1783315642319,0,QmUQTJ8LNhjew8dD5w4F6KUYvuRCsc5Joz6Pxfc2Ykcf3n,False
930,b2-fabric-b1-c4-r5,b2-fabric-b1-c4-r5-task-0090,ipfs_verify,True,,5,1783315642322,0,QmUFJ4iN46ZdBAqPuKeTPTjzJskJ6t9opLUxf3WHdGBRsp,False
931,b2-fabric-b1-c4-r5,b2-fabric-b1-c4-r5-task-0092,ipfs_add,True,,46,1783315642325,1493,,False
932,b2-fabric-b1-c4-r5,b2-fabric-b1-c4-r5-task-0093,ipfs_add,True,,61,1783315642326,2270,,False
933,b2-fabric-b1-c4-r5,b2-fabric-b1-c4-r5-task-0095,ipfs_add,True,,75,1783315642328,1666,,False
934,b2-fabric-b1-c4-r5,b2-fabric-b1-c4-r5-task-0094,ipfs_add,True,,92,1783315642327,1639,,False
935,b2-fabric-b1-c4-r5,b2-fabric-b1-c4-r5-task-0094,fabric_post_task,True,,1403,1783315642419,1639,Qmcoy7jVpQZts4qfhnY3Dq68TwHxh42aM1HD89yiYyLqXr,False
936,b2-fabric-b1-c4-r5,b2-fabric-b1-c4-r5-task-0092,fabric_post_task,True,,1452,1783315642371,1493,QmXnhuyu5tzEEDxeWhdNGMapRsWVTkNn4G5PkDzHAKVv9Y,False
937,b2-fabric-b1-c4-r5,b2-fabric-b1-c4-r5-task-0095,fabric_post_task,True,,1421,1783315642403,1666,QmdSd9pjj1twsznRx6uZJeXFdtGiEY3Nn6QmQrPgRMBbaZ,False
938,b2-fabric-b1-c4-r5,b2-fabric-b1-c4-r5-task-0093,fabric_post_task,True,,1437,1783315642387,2270,QmPvFCcsxh1cDhtjZSsbtn5uF81JA3vawovaWSBsW1MLDC,False
939,b2-fabric-b1-c4-r5,b2-fabric-b1-c4-r5-task-0093,fabric_post_allocation,True,,2328,1783315643824,0,,False
940,b2-fabric-b1-c4-r5,b2-fabric-b1-c4-r5-task-0092,fabric_post_allocation,True,,2329,1783315643823,0,,False
941,b2-fabric-b1-c4-r5,b2-fabric-b1-c4-r5-task-0094,fabric_post_allocation,True,,2331,1783315643822,0,,False
942,b2-fabric-b1-c4-r5,b2-fabric-b1-c4-r5-task-0095,fabric_post_allocation,True,,2331,1783315643824,0,,False
943,b2-fabric-b1-c4-r5,b2-fabric-b1-c4-r5-task-0093,fabric_post_snapshot,True,,2469,1783315646152,0,,False
944,b2-fabric-b1-c4-r5,b2-fabric-b1-c4-r5-task-0092,fabric_post_snapshot,True,,2470,1783315646152,0,,False
945,b2-fabric-b1-c4-r5,b2-fabric-b1-c4-r5-task-0095,fabric_post_snapshot,True,,2468,1783315646155,0,,False
946,b2-fabric-b1-c4-r5,b2-fabric-b1-c4-r5-task-0094,fabric_post_snapshot,True,,2471,1783315646153,0,,False
947,b2-fabric-b1-c4-r5,b2-fabric-b1-c4-r5-task-0092,fabric_query_confirmation,True,,117,1783315648622,0,,False
948,b2-fabric-b1-c4-r5,b2-fabric-b1-c4-r5-task-0093,fabric_query_confirmation,True,,119,1783315648621,0,,False
949,b2-fabric-b1-c4-r5,b2-fabric-b1-c4-r5-task-0095,fabric_query_confirmation,True,,117,1783315648623,0,,False
950,b2-fabric-b1-c4-r5,b2-fabric-b1-c4-r5-task-0094,fabric_query_confirmation,True,,119,1783315648624,0,,False
951,b2-fabric-b1-c4-r5,b2-fabric-b1-c4-r5-task-0095,fabric_vote_1,True,,2441,1783315648740,0,,False
952,b2-fabric-b1-c4-r5,b2-fabric-b1-c4-r5-task-0093,fabric_vote_1,True,,2443,1783315648740,0,,False
953,b2-fabric-b1-c4-r5,b2-fabric-b1-c4-r5-task-0094,fabric_vote_1,True,,2441,1783315648743,0,,False
954,b2-fabric-b1-c4-r5,b2-fabric-b1-c4-r5-task-0092,fabric_vote_1,True,,2445,1783315648739,0,,False
955,b2-fabric-b1-c4-r5,b2-fabric-b1-c4-r5-task-0092,fabric_vote_2,True,,2242,1783315651184,0,,False
956,b2-fabric-b1-c4-r5,b2-fabric-b1-c4-r5-task-0094,fabric_vote_2,True,,2244,1783315651184,0,,False
957,b2-fabric-b1-c4-r5,b2-fabric-b1-c4-r5-task-0095,fabric_vote_2,True,,2247,1783315651181,0,,False
958,b2-fabric-b1-c4-r5,b2-fabric-b1-c4-r5-task-0093,fabric_vote_2,True,,2245,1783315651183,0,,False
959,b2-fabric-b1-c4-r5,b2-fabric-b1-c4-r5-task-0095,fabric_settlement,True,,2278,1783315653428,0,,False
960,b2-fabric-b1-c4-r5,b2-fabric-b1-c4-r5-task-0094,fabric_settlement,True,,2279,1783315653428,0,,False
961,b2-fabric-b1-c4-r5,b2-fabric-b1-c4-r5-task-0092,fabric_settlement,True,,2281,1783315653426,0,,False
962,b2-fabric-b1-c4-r5,b2-fabric-b1-c4-r5-task-0093,fabric_settlement,True,,2281,1783315653428,0,,False
963,b2-fabric-b1-c4-r5,b2-fabric-b1-c4-r5-task-0094,fabric_query_final,True,,904,1783315655707,0,,False
964,b2-fabric-b1-c4-r5,b2-fabric-b1-c4-r5-task-0095,fabric_query_final,True,,906,1783315655706,0,,False
965,b2-fabric-b1-c4-r5,b2-fabric-b1-c4-r5-task-0093,fabric_query_final,True,,904,1783315655709,0,,False
966,b2-fabric-b1-c4-r5,b2-fabric-b1-c4-r5-task-0092,fabric_query_final,True,,909,1783315655707,0,,False
967,b2-fabric-b1-c4-r5,b2-fabric-b1-c4-r5-task-0095,ipfs_verify,True,,7,1783315656612,0,QmdSd9pjj1twsznRx6uZJeXFdtGiEY3Nn6QmQrPgRMBbaZ,False
968,b2-fabric-b1-c4-r5,b2-fabric-b1-c4-r5-task-0093,ipfs_verify,True,,6,1783315656613,0,QmPvFCcsxh1cDhtjZSsbtn5uF81JA3vawovaWSBsW1MLDC,False
969,b2-fabric-b1-c4-r5,b2-fabric-b1-c4-r5-task-0094,ipfs_verify,True,,9,1783315656611,0,Qmcoy7jVpQZts4qfhnY3Dq68TwHxh42aM1HD89yiYyLqXr,False
970,b2-fabric-b1-c4-r5,b2-fabric-b1-c4-r5-task-0092,ipfs_verify,True,,6,1783315656616,0,QmXnhuyu5tzEEDxeWhdNGMapRsWVTkNn4G5PkDzHAKVv9Y,False
971,b2-fabric-b1-c4-r5,b2-fabric-b1-c4-r5-task-0096,ipfs_add,True,,28,1783315656619,2843,,False
972,b2-fabric-b1-c4-r5,b2-fabric-b1-c4-r5-task-0097,ipfs_add,True,,44,1783315656619,1649,,False
973,b2-fabric-b1-c4-r5,b2-fabric-b1-c4-r5-task-0098,ipfs_add,True,,68,1783315656620,3590,,False
974,b2-fabric-b1-c4-r5,b2-fabric-b1-c4-r5-task-0099,ipfs_add,True,,83,1783315656622,3207,,False
975,b2-fabric-b1-c4-r5,b2-fabric-b1-c4-r5-task-0099,fabric_post_task,True,,2670,1783315656705,3207,QmUeEY5ZMsLVq5hCKHXEbov76UeSbY3avaFYh4SXuXhhrw,False
976,b2-fabric-b1-c4-r5,b2-fabric-b1-c4-r5-task-0098,fabric_post_task,True,,2688,1783315656688,3590,QmZoaRAf2gEWbEjnaUCHcSduuDsYzeHrLqzszhQ2ULKfVV,False
977,b2-fabric-b1-c4-r5,b2-fabric-b1-c4-r5-task-0097,fabric_post_task,True,,2713,1783315656663,1649,QmNX4bEbwRABibt5cFrusp6rKpTF22Q825H2qa5P9Az1hz,False
978,b2-fabric-b1-c4-r5,b2-fabric-b1-c4-r5-task-0096,fabric_post_task,True,,2731,1783315656647,2843,QmXpJ5kFWD2okXAFe7urToABtqXCCNvN8itRWAGfao9xTz,False
979,b2-fabric-b1-c4-r5,b2-fabric-b1-c4-r5-task-0096,fabric_post_allocation,True,,2520,1783315659378,0,,False
980,b2-fabric-b1-c4-r5,b2-fabric-b1-c4-r5-task-0098,fabric_post_allocation,True,,2523,1783315659376,0,,False
981,b2-fabric-b1-c4-r5,b2-fabric-b1-c4-r5-task-0099,fabric_post_allocation,True,,2524,1783315659375,0,,False
982,b2-fabric-b1-c4-r5,b2-fabric-b1-c4-r5-task-0097,fabric_post_allocation,True,,2524,1783315659376,0,,False
983,b2-fabric-b1-c4-r5,b2-fabric-b1-c4-r5-task-0096,fabric_post_snapshot,True,,2238,1783315661898,0,,False
984,b2-fabric-b1-c4-r5,b2-fabric-b1-c4-r5-task-0097,fabric_post_snapshot,True,,2237,1783315661900,0,,False
985,b2-fabric-b1-c4-r5,b2-fabric-b1-c4-r5-task-0098,fabric_post_snapshot,True,,2238,1783315661899,0,,False
986,b2-fabric-b1-c4-r5,b2-fabric-b1-c4-r5-task-0099,fabric_post_snapshot,True,,2240,1783315661899,0,,False
987,b2-fabric-b1-c4-r5,b2-fabric-b1-c4-r5-task-0099,fabric_query_confirmation,True,,293,1783315664139,0,,False
988,b2-fabric-b1-c4-r5,b2-fabric-b1-c4-r5-task-0097,fabric_query_confirmation,True,,296,1783315664137,0,,False
989,b2-fabric-b1-c4-r5,b2-fabric-b1-c4-r5-task-0096,fabric_query_confirmation,True,,296,1783315664137,0,,False
990,b2-fabric-b1-c4-r5,b2-fabric-b1-c4-r5-task-0098,fabric_query_confirmation,True,,298,1783315664137,0,,False
991,b2-fabric-b1-c4-r5,b2-fabric-b1-c4-r5-task-0098,fabric_vote_1,True,,2460,1783315664435,0,,False
992,b2-fabric-b1-c4-r5,b2-fabric-b1-c4-r5-task-0097,fabric_vote_1,True,,2463,1783315664433,0,,False
993,b2-fabric-b1-c4-r5,b2-fabric-b1-c4-r5-task-0096,fabric_vote_1,True,,2463,1783315664433,0,,False
994,b2-fabric-b1-c4-r5,b2-fabric-b1-c4-r5-task-0099,fabric_vote_1,True,,2466,1783315664432,0,,False
995,b2-fabric-b1-c4-r5,b2-fabric-b1-c4-r5-task-0097,fabric_vote_2,True,,2478,1783315666896,0,,False
996,b2-fabric-b1-c4-r5,b2-fabric-b1-c4-r5-task-0096,fabric_vote_2,True,,2479,1783315666896,0,,False
997,b2-fabric-b1-c4-r5,b2-fabric-b1-c4-r5-task-0098,fabric_vote_2,True,,2480,1783315666895,0,,False
998,b2-fabric-b1-c4-r5,b2-fabric-b1-c4-r5-task-0099,fabric_vote_2,True,,2478,1783315666898,0,,False
999,b2-fabric-b1-c4-r5,b2-fabric-b1-c4-r5-task-0098,fabric_settlement,True,,2293,1783315669375,0,,False
1000,b2-fabric-b1-c4-r5,b2-fabric-b1-c4-r5-task-0097,fabric_settlement,True,,2295,1783315669374,0,,False
1001,b2-fabric-b1-c4-r5,b2-fabric-b1-c4-r5-task-0099,fabric_settlement,True,,2293,1783315669376,0,,False
1002,b2-fabric-b1-c4-r5,b2-fabric-b1-c4-r5-task-0096,fabric_settlement,True,,2296,1783315669375,0,,False
1003,b2-fabric-b1-c4-r5,b2-fabric-b1-c4-r5-task-0099,fabric_query_final,True,,694,1783315671669,0,,False
1004,b2-fabric-b1-c4-r5,b2-fabric-b1-c4-r5-task-0097,fabric_query_final,True,,695,1783315671669,0,,False
1005,b2-fabric-b1-c4-r5,b2-fabric-b1-c4-r5-task-0096,fabric_query_final,True,,693,1783315671671,0,,False
1006,b2-fabric-b1-c4-r5,b2-fabric-b1-c4-r5-task-0098,fabric_query_final,True,,700,1783315671668,0,,False
1007,b2-fabric-b1-c4-r5,b2-fabric-b1-c4-r5-task-0096,ipfs_verify,True,,7,1783315672364,0,QmXpJ5kFWD2okXAFe7urToABtqXCCNvN8itRWAGfao9xTz,False
1008,b2-fabric-b1-c4-r5,b2-fabric-b1-c4-r5-task-0099,ipfs_verify,True,,8,1783315672363,0,QmUeEY5ZMsLVq5hCKHXEbov76UeSbY3avaFYh4SXuXhhrw,False
1009,b2-fabric-b1-c4-r5,b2-fabric-b1-c4-r5-task-0097,ipfs_verify,True,,7,1783315672364,0,QmNX4bEbwRABibt5cFrusp6rKpTF22Q825H2qa5P9Az1hz,False
1010,b2-fabric-b1-c4-r5,b2-fabric-b1-c4-r5-task-0098,ipfs_verify,True,,7,1783315672368,0,QmZoaRAf2gEWbEjnaUCHcSduuDsYzeHrLqzszhQ2ULKfVV,False
1011,b2-fabric-b1-c4-r5,b2-fabric-b1-c4-r5-task-0102,ipfs_add,True,,29,1783315672371,4429,,False
1012,b2-fabric-b1-c4-r5,b2-fabric-b1-c4-r5-task-0100,ipfs_add,True,,47,1783315672371,2945,,False
1013,b2-fabric-b1-c4-r5,b2-fabric-b1-c4-r5-task-0101,ipfs_add,True,,63,1783315672371,1874,,False
1014,b2-fabric-b1-c4-r5,b2-fabric-b1-c4-r5-task-0103,ipfs_add,True,,75,1783315672375,3139,,False
1015,b2-fabric-b1-c4-r5,b2-fabric-b1-c4-r5-task-0103,fabric_post_task,True,,1400,1783315672450,3139,Qmc4xnckxk7qCTpwS2dEmtXtCM97x5nt65Euz3m5frq31g,False
1016,b2-fabric-b1-c4-r5,b2-fabric-b1-c4-r5-task-0101,fabric_post_task,True,,1417,1783315672434,1874,QmcEMDBTMAr7MFk4NRejhz1qsW7piumtRhyZgqaAVxpA1P,False
1017,b2-fabric-b1-c4-r5,b2-fabric-b1-c4-r5-task-0102,fabric_post_task,True,,1451,1783315672400,4429,QmNZpWPb8zZGufRx9cTAqzT38jqs3J5Nju6aTffMo2mWMM,False
1018,b2-fabric-b1-c4-r5,b2-fabric-b1-c4-r5-task-0100,fabric_post_task,True,,1437,1783315672418,2945,QmYqpkcYraZDtetSGERMQ5ScFL6z1t9K48g7RtKw5Tvbyw,False
1019,b2-fabric-b1-c4-r5,b2-fabric-b1-c4-r5-task-0101,fabric_post_allocation,True,,2543,1783315673851,0,,False
1020,b2-fabric-b1-c4-r5,b2-fabric-b1-c4-r5-task-0102,fabric_post_allocation,True,,2543,1783315673852,0,,False
1021,b2-fabric-b1-c4-r5,b2-fabric-b1-c4-r5-task-0100,fabric_post_allocation,True,,2540,1783315673855,0,,False
1022,b2-fabric-b1-c4-r5,b2-fabric-b1-c4-r5-task-0103,fabric_post_allocation,True,,2547,1783315673850,0,,False
1023,b2-fabric-b1-c4-r5,b2-fabric-b1-c4-r5-task-0101,fabric_post_snapshot,True,,2453,1783315676394,0,,False
1024,b2-fabric-b1-c4-r5,b2-fabric-b1-c4-r5-task-0102,fabric_post_snapshot,True,,2452,1783315676395,0,,False
1025,b2-fabric-b1-c4-r5,b2-fabric-b1-c4-r5-task-0103,fabric_post_snapshot,True,,2451,1783315676397,0,,False
1026,b2-fabric-b1-c4-r5,b2-fabric-b1-c4-r5-task-0100,fabric_post_snapshot,True,,2457,1783315676395,0,,False
1027,b2-fabric-b1-c4-r5,b2-fabric-b1-c4-r5-task-0101,fabric_query_confirmation,True,,319,1783315678847,0,,False
1028,b2-fabric-b1-c4-r5,b2-fabric-b1-c4-r5-task-0100,fabric_query_confirmation,True,,315,1783315678852,0,,False
1029,b2-fabric-b1-c4-r5,b2-fabric-b1-c4-r5-task-0102,fabric_query_confirmation,True,,320,1783315678847,0,,False
1030,b2-fabric-b1-c4-r5,b2-fabric-b1-c4-r5-task-0103,fabric_query_confirmation,True,,321,1783315678848,0,,False
1031,b2-fabric-b1-c4-r5,b2-fabric-b1-c4-r5-task-0101,fabric_vote_1,True,,2450,1783315679166,0,,False
1032,b2-fabric-b1-c4-r5,b2-fabric-b1-c4-r5-task-0102,fabric_vote_1,True,,2450,1783315679167,0,,False
1033,b2-fabric-b1-c4-r5,b2-fabric-b1-c4-r5-task-0103,fabric_vote_1,True,,2449,1783315679169,0,,False
1034,b2-fabric-b1-c4-r5,b2-fabric-b1-c4-r5-task-0100,fabric_vote_1,True,,2451,1783315679167,0,,False
1035,b2-fabric-b1-c4-r5,b2-fabric-b1-c4-r5-task-0103,fabric_vote_2,True,,2248,1783315681618,0,,False
1036,b2-fabric-b1-c4-r5,b2-fabric-b1-c4-r5-task-0100,fabric_vote_2,True,,2249,1783315681618,0,,False
1037,b2-fabric-b1-c4-r5,b2-fabric-b1-c4-r5-task-0102,fabric_vote_2,True,,2250,1783315681617,0,,False
1038,b2-fabric-b1-c4-r5,b2-fabric-b1-c4-r5-task-0101,fabric_vote_2,True,,2251,1783315681616,0,,False
1039,b2-fabric-b1-c4-r5,b2-fabric-b1-c4-r5-task-0103,fabric_settlement,True,,2288,1783315683866,0,,False
1040,b2-fabric-b1-c4-r5,b2-fabric-b1-c4-r5-task-0101,fabric_settlement,True,,2287,1783315683867,0,,False
1041,b2-fabric-b1-c4-r5,b2-fabric-b1-c4-r5-task-0102,fabric_settlement,True,,2288,1783315683867,0,,False
1042,b2-fabric-b1-c4-r5,b2-fabric-b1-c4-r5-task-0100,fabric_settlement,True,,2290,1783315683867,0,,False
1043,b2-fabric-b1-c4-r5,b2-fabric-b1-c4-r5-task-0100,fabric_query_final,True,,974,1783315686157,0,,False
1044,b2-fabric-b1-c4-r5,b2-fabric-b1-c4-r5-task-0102,fabric_query_final,True,,976,1783315686155,0,,False
1045,b2-fabric-b1-c4-r5,b2-fabric-b1-c4-r5-task-0103,fabric_query_final,True,,977,1783315686154,0,,False
1046,b2-fabric-b1-c4-r5,b2-fabric-b1-c4-r5-task-0101,fabric_query_final,True,,980,1783315686154,0,,False
1047,b2-fabric-b1-c4-r5,b2-fabric-b1-c4-r5-task-0100,ipfs_verify,True,,7,1783315687131,0,QmYqpkcYraZDtetSGERMQ5ScFL6z1t9K48g7RtKw5Tvbyw,False
1048,b2-fabric-b1-c4-r5,b2-fabric-b1-c4-r5-task-0103,ipfs_verify,True,,8,1783315687131,0,Qmc4xnckxk7qCTpwS2dEmtXtCM97x5nt65Euz3m5frq31g,False
1049,b2-fabric-b1-c4-r5,b2-fabric-b1-c4-r5-task-0102,ipfs_verify,True,,9,1783315687131,0,QmNZpWPb8zZGufRx9cTAqzT38jqs3J5Nju6aTffMo2mWMM,False
1050,b2-fabric-b1-c4-r5,b2-fabric-b1-c4-r5-task-0101,ipfs_verify,True,,7,1783315687134,0,QmcEMDBTMAr7MFk4NRejhz1qsW7piumtRhyZgqaAVxpA1P,False
1051,b2-fabric-b1-c4-r5,b2-fabric-b1-c4-r5-task-0104,ipfs_add,True,,36,1783315687138,2386,,False
1052,b2-fabric-b1-c4-r5,b2-fabric-b1-c4-r5-task-0106,ipfs_add,True,,51,1783315687140,2561,,False
1053,b2-fabric-b1-c4-r5,b2-fabric-b1-c4-r5-task-0105,ipfs_add,True,,72,1783315687139,1811,,False
1054,b2-fabric-b1-c4-r5,b2-fabric-b1-c4-r5-task-0107,ipfs_add,True,,89,1783315687141,1574,,False
1055,b2-fabric-b1-c4-r5,b2-fabric-b1-c4-r5-task-0106,fabric_post_task,True,,2462,1783315687191,2561,QmQpT2pSYN1xnsKEAYYzR7wpihutiAWCLX46Wag6nTE83B,False
1056,b2-fabric-b1-c4-r5,b2-fabric-b1-c4-r5-task-0107,fabric_post_task,True,,2425,1783315687230,1574,QmRupjhdCiNmsSv9JCRZ7Adv2HjXu13WhkMdY6ZAUYj3p5,False
1057,b2-fabric-b1-c4-r5,b2-fabric-b1-c4-r5-task-0105,fabric_post_task,True,,2444,1783315687211,1811,QmeCN824YLFxhs6KPZdvcJ1YLRBL2KDGosFsYoMEvLrqvu,False
1058,b2-fabric-b1-c4-r5,b2-fabric-b1-c4-r5-task-0104,fabric_post_task,True,,2481,1783315687174,2386,Qme3dLUfvZ5b63FixxsTuqwxwjVCFs2b8ADm8Kvk2U2qwP,False
1059,b2-fabric-b1-c4-r5,b2-fabric-b1-c4-r5-task-0104,fabric_post_allocation,True,,2296,1783315689655,0,,False
1060,b2-fabric-b1-c4-r5,b2-fabric-b1-c4-r5-task-0106,fabric_post_allocation,True,,2299,1783315689653,0,,False
1061,b2-fabric-b1-c4-r5,b2-fabric-b1-c4-r5-task-0105,fabric_post_allocation,True,,2298,1783315689655,0,,False
1062,b2-fabric-b1-c4-r5,b2-fabric-b1-c4-r5-task-0107,fabric_post_allocation,True,,2300,1783315689655,0,,False
1063,b2-fabric-b1-c4-r5,b2-fabric-b1-c4-r5-task-0106,fabric_post_snapshot,True,,2450,1783315691952,0,,False
1064,b2-fabric-b1-c4-r5,b2-fabric-b1-c4-r5-task-0107,fabric_post_snapshot,True,,2448,1783315691955,0,,False
1065,b2-fabric-b1-c4-r5,b2-fabric-b1-c4-r5-task-0105,fabric_post_snapshot,True,,2451,1783315691953,0,,False
1066,b2-fabric-b1-c4-r5,b2-fabric-b1-c4-r5-task-0104,fabric_post_snapshot,True,,2453,1783315691951,0,,False
1067,b2-fabric-b1-c4-r5,b2-fabric-b1-c4-r5-task-0107,fabric_query_confirmation,True,,111,1783315694404,0,,False
1068,b2-fabric-b1-c4-r5,b2-fabric-b1-c4-r5-task-0105,fabric_query_confirmation,True,,112,1783315694404,0,,False
1069,b2-fabric-b1-c4-r5,b2-fabric-b1-c4-r5-task-0106,fabric_query_confirmation,True,,114,1783315694402,0,,False
1070,b2-fabric-b1-c4-r5,b2-fabric-b1-c4-r5-task-0104,fabric_query_confirmation,True,,114,1783315694404,0,,False
1071,b2-fabric-b1-c4-r5,b2-fabric-b1-c4-r5-task-0105,fabric_vote_1,True,,2443,1783315694516,0,,False
1072,b2-fabric-b1-c4-r5,b2-fabric-b1-c4-r5-task-0106,fabric_vote_1,True,,2444,1783315694516,0,,False
1073,b2-fabric-b1-c4-r5,b2-fabric-b1-c4-r5-task-0104,fabric_vote_1,True,,2442,1783315694518,0,,False
1074,b2-fabric-b1-c4-r5,b2-fabric-b1-c4-r5-task-0107,fabric_vote_1,True,,2448,1783315694515,0,,False
1075,b2-fabric-b1-c4-r5,b2-fabric-b1-c4-r5-task-0107,fabric_vote_2,True,,2432,1783315696963,0,,False
1076,b2-fabric-b1-c4-r5,b2-fabric-b1-c4-r5-task-0106,fabric_vote_2,True,,2436,1783315696960,0,,False
1077,b2-fabric-b1-c4-r5,b2-fabric-b1-c4-r5-task-0104,fabric_vote_2,True,,2437,1783315696960,0,,False
1078,b2-fabric-b1-c4-r5,b2-fabric-b1-c4-r5-task-0105,fabric_vote_2,True,,2438,1783315696959,0,,False
1079,b2-fabric-b1-c4-r5,b2-fabric-b1-c4-r5-task-0104,fabric_settlement,True,,2292,1783315699397,0,,False
1080,b2-fabric-b1-c4-r5,b2-fabric-b1-c4-r5-task-0106,fabric_settlement,True,,2294,1783315699396,0,,False
1081,b2-fabric-b1-c4-r5,b2-fabric-b1-c4-r5-task-0105,fabric_settlement,True,,2294,1783315699397,0,,False
1082,b2-fabric-b1-c4-r5,b2-fabric-b1-c4-r5-task-0107,fabric_settlement,True,,2297,1783315699395,0,,False
1083,b2-fabric-b1-c4-r5,b2-fabric-b1-c4-r5-task-0106,fabric_query_final,True,,-306,1783315701690,0,,False
1084,b2-fabric-b1-c4-r5,b2-fabric-b1-c4-r5-task-0105,fabric_query_final,True,,-306,1783315701691,0,,False
1085,b2-fabric-b1-c4-r5,b2-fabric-b1-c4-r5-task-0104,fabric_query_final,True,,-303,1783315701689,0,,False
1086,b2-fabric-b1-c4-r5,b2-fabric-b1-c4-r5-task-0107,fabric_query_final,True,,-304,1783315701692,0,,False
1087,b2-fabric-b1-c4-r5,b2-fabric-b1-c4-r5-task-0106,ipfs_verify,True,,7,1783315701384,0,QmQpT2pSYN1xnsKEAYYzR7wpihutiAWCLX46Wag6nTE83B,False
1088,b2-fabric-b1-c4-r5,b2-fabric-b1-c4-r5-task-0105,ipfs_verify,True,,7,1783315701385,0,QmeCN824YLFxhs6KPZdvcJ1YLRBL2KDGosFsYoMEvLrqvu,False
1089,b2-fabric-b1-c4-r5,b2-fabric-b1-c4-r5-task-0104,ipfs_verify,True,,7,1783315701386,0,Qme3dLUfvZ5b63FixxsTuqwxwjVCFs2b8ADm8Kvk2U2qwP,False
1090,b2-fabric-b1-c4-r5,b2-fabric-b1-c4-r5-task-0107,ipfs_verify,True,,5,1783315701388,0,QmRupjhdCiNmsSv9JCRZ7Adv2HjXu13WhkMdY6ZAUYj3p5,False
1091,b2-fabric-b1-c4-r5,b2-fabric-b1-c4-r5-task-0108,ipfs_add,True,,28,1783315701391,1359,,False
1092,b2-fabric-b1-c4-r5,b2-fabric-b1-c4-r5-task-0110,ipfs_add,True,,41,1783315701393,1468,,False
1093,b2-fabric-b1-c4-r5,b2-fabric-b1-c4-r5-task-0111,ipfs_add,True,,73,1783315701393,1486,,False
1094,b2-fabric-b1-c4-r5,b2-fabric-b1-c4-r5-task-0109,ipfs_add,True,,75,1783315701392,1914,,False
1095,b2-fabric-b1-c4-r5,b2-fabric-b1-c4-r5-task-0110,fabric_post_task,True,,2422,1783315701434,1468,QmYdNPvQFsdXFQa7hym9WZ3ACL8dS3nT2z6E7NU9T2QPtY,False
1096,b2-fabric-b1-c4-r5,b2-fabric-b1-c4-r5-task-0108,fabric_post_task,True,,2439,1783315701419,1359,QmZZqy6hSeEaVGJcieqsrZVeztXme75mBRRsw2ZBiEVxze,False
1097,b2-fabric-b1-c4-r5,b2-fabric-b1-c4-r5-task-0109,fabric_post_task,True,,2392,1783315701467,1914,QmPEDBMMbuCpx7HLnDJ23QuLxzYuyd7P4wwLKNZcfCQeou,False
1098,b2-fabric-b1-c4-r5,b2-fabric-b1-c4-r5-task-0111,fabric_post_task,True,,2394,1783315701466,1486,QmayJynjkMacRcqFDbnuYugxcbsQqHFTjbXCeD8Z8namKr,False
1099,b2-fabric-b1-c4-r5,b2-fabric-b1-c4-r5-task-0108,fabric_post_allocation,True,,2299,1783315703858,0,,False
1100,b2-fabric-b1-c4-r5,b2-fabric-b1-c4-r5-task-0109,fabric_post_allocation,True,,2298,1783315703860,0,,False
1101,b2-fabric-b1-c4-r5,b2-fabric-b1-c4-r5-task-0110,fabric_post_allocation,True,,2302,1783315703856,0,,False
1102,b2-fabric-b1-c4-r5,b2-fabric-b1-c4-r5-task-0111,fabric_post_allocation,True,,2299,1783315703860,0,,False
1103,b2-fabric-b1-c4-r5,b2-fabric-b1-c4-r5-task-0109,fabric_post_snapshot,True,,2459,1783315706158,0,,False
1104,b2-fabric-b1-c4-r5,b2-fabric-b1-c4-r5-task-0110,fabric_post_snapshot,True,,2459,1783315706158,0,,False
1105,b2-fabric-b1-c4-r5,b2-fabric-b1-c4-r5-task-0108,fabric_post_snapshot,True,,2461,1783315706157,0,,False
1106,b2-fabric-b1-c4-r5,b2-fabric-b1-c4-r5-task-0111,fabric_post_snapshot,True,,2460,1783315706159,0,,False
1107,b2-fabric-b1-c4-r5,b2-fabric-b1-c4-r5-task-0109,fabric_query_confirmation,True,,127,1783315708617,0,,False
1108,b2-fabric-b1-c4-r5,b2-fabric-b1-c4-r5-task-0108,fabric_query_confirmation,True,,127,1783315708618,0,,False
1109,b2-fabric-b1-c4-r5,b2-fabric-b1-c4-r5-task-0111,fabric_query_confirmation,True,,126,1783315708619,0,,False
1110,b2-fabric-b1-c4-r5,b2-fabric-b1-c4-r5-task-0110,fabric_query_confirmation,True,,130,1783315708617,0,,False
1111,b2-fabric-b1-c4-r5,b2-fabric-b1-c4-r5-task-0108,fabric_vote_1,True,,2439,1783315708745,0,,False
1112,b2-fabric-b1-c4-r5,b2-fabric-b1-c4-r5-task-0111,fabric_vote_1,True,,2439,1783315708745,0,,False
1113,b2-fabric-b1-c4-r5,b2-fabric-b1-c4-r5-task-0109,fabric_vote_1,True,,2442,1783315708744,0,,False
1114,b2-fabric-b1-c4-r5,b2-fabric-b1-c4-r5-task-0110,fabric_vote_1,True,,2441,1783315708747,0,,False
1115,b2-fabric-b1-c4-r5,b2-fabric-b1-c4-r5-task-0108,fabric_vote_2,True,,2426,1783315711184,0,,False
1116,b2-fabric-b1-c4-r5,b2-fabric-b1-c4-r5-task-0109,fabric_vote_2,True,,2424,1783315711186,0,,False
1117,b2-fabric-b1-c4-r5,b2-fabric-b1-c4-r5-task-0111,fabric_vote_2,True,,2427,1783315711184,0,,False
1118,b2-fabric-b1-c4-r5,b2-fabric-b1-c4-r5-task-0110,fabric_vote_2,True,,2425,1783315711188,0,,False
1119,b2-fabric-b1-c4-r5,b2-fabric-b1-c4-r5-task-0111,fabric_settlement,True,,2755,1783315713611,0,,False
1120,b2-fabric-b1-c4-r5,b2-fabric-b1-c4-r5-task-0109,fabric_settlement,True,,2756,1783315713610,0,,False
1121,b2-fabric-b1-c4-r5,b2-fabric-b1-c4-r5-task-0108,fabric_settlement,True,,2758,1783315713610,0,,False
1122,b2-fabric-b1-c4-r5,b2-fabric-b1-c4-r5-task-0110,fabric_settlement,True,,2755,1783315713613,0,,False
1123,b2-fabric-b1-c4-r5,b2-fabric-b1-c4-r5-task-0109,fabric_query_final,True,,518,1783315716366,0,,False
1124,b2-fabric-b1-c4-r5,b2-fabric-b1-c4-r5-task-0110,fabric_query_final,True,,516,1783315716368,0,,False
1125,b2-fabric-b1-c4-r5,b2-fabric-b1-c4-r5-task-0108,fabric_query_final,True,,517,1783315716368,0,,False
1126,b2-fabric-b1-c4-r5,b2-fabric-b1-c4-r5-task-0109,ipfs_verify,True,,7,1783315716884,0,QmPEDBMMbuCpx7HLnDJ23QuLxzYuyd7P4wwLKNZcfCQeou,False
1127,b2-fabric-b1-c4-r5,b2-fabric-b1-c4-r5-task-0108,ipfs_verify,True,,6,1783315716885,0,QmZZqy6hSeEaVGJcieqsrZVeztXme75mBRRsw2ZBiEVxze,False
1128,b2-fabric-b1-c4-r5,b2-fabric-b1-c4-r5-task-0110,ipfs_verify,True,,8,1783315716884,0,QmYdNPvQFsdXFQa7hym9WZ3ACL8dS3nT2z6E7NU9T2QPtY,False
1129,b2-fabric-b1-c4-r5,b2-fabric-b1-c4-r5-task-0112,ipfs_add,True,,32,1783315716891,5135,,False
1130,b2-fabric-b1-c4-r5,b2-fabric-b1-c4-r5-task-0111,fabric_query_final,True,,559,1783315716366,0,,False
1131,b2-fabric-b1-c4-r5,b2-fabric-b1-c4-r5-task-0111,ipfs_verify,True,,7,1783315716925,0,QmayJynjkMacRcqFDbnuYugxcbsQqHFTjbXCeD8Z8namKr,False
1132,b2-fabric-b1-c4-r5,b2-fabric-b1-c4-r5-task-0113,ipfs_add,True,,51,1783315716891,4766,,False
1133,b2-fabric-b1-c4-r5,b2-fabric-b1-c4-r5-task-0114,ipfs_add,True,,69,1783315716892,2458,,False
1134,b2-fabric-b1-c4-r5,b2-fabric-b1-c4-r5-task-0115,ipfs_add,True,,46,1783315716932,2635,,False
1135,b2-fabric-b1-c4-r5,b2-fabric-b1-c4-r5-task-0112,fabric_post_task,True,,2259,1783315716923,5135,QmZTL4eW5hkumUyYeoedLXa2XWBWSX7WLRmm3kBgrvtRta,False
1136,b2-fabric-b1-c4-r5,b2-fabric-b1-c4-r5-task-0114,fabric_post_task,True,,2223,1783315716961,2458,Qma7TSawbLY7JCkagGsqyq5TKbNQrHnAHkXGU7KmTPbqNN,False
1137,b2-fabric-b1-c4-r5,b2-fabric-b1-c4-r5-task-0113,fabric_post_task,True,,2243,1783315716942,4766,QmSnXYpjm45y1HovE7atHSayP63uxu2Taj3HG6S4aa6fLe,False
1138,b2-fabric-b1-c4-r5,b2-fabric-b1-c4-r5-task-0115,fabric_post_task,True,,2207,1783315716978,2635,Qma9XmC6B4RUGteeGsz2AKqR24nBDfvvDDZwxigq29cfeA,False
1139,b2-fabric-b1-c4-r5,b2-fabric-b1-c4-r5-task-0113,fabric_post_allocation,True,,2330,1783315719185,0,,False
1140,b2-fabric-b1-c4-r5,b2-fabric-b1-c4-r5-task-0112,fabric_post_allocation,True,,2334,1783315719182,0,,False
1141,b2-fabric-b1-c4-r5,b2-fabric-b1-c4-r5-task-0114,fabric_post_allocation,True,,2332,1783315719184,0,,False
1142,b2-fabric-b1-c4-r5,b2-fabric-b1-c4-r5-task-0115,fabric_post_allocation,True,,2332,1783315719185,0,,False
1143,b2-fabric-b1-c4-r5,b2-fabric-b1-c4-r5-task-0114,fabric_post_snapshot,True,,2277,1783315721516,0,,False
1144,b2-fabric-b1-c4-r5,b2-fabric-b1-c4-r5-task-0113,fabric_post_snapshot,True,,2278,1783315721515,0,,False
1145,b2-fabric-b1-c4-r5,b2-fabric-b1-c4-r5-task-0112,fabric_post_snapshot,True,,2278,1783315721516,0,,False
1146,b2-fabric-b1-c4-r5,b2-fabric-b1-c4-r5-task-0115,fabric_post_snapshot,True,,2279,1783315721517,0,,False
1147,b2-fabric-b1-c4-r5,b2-fabric-b1-c4-r5-task-0115,fabric_query_confirmation,True,,318,1783315723796,0,,False
1148,b2-fabric-b1-c4-r5,b2-fabric-b1-c4-r5-task-0112,fabric_query_confirmation,True,,321,1783315723794,0,,False
1149,b2-fabric-b1-c4-r5,b2-fabric-b1-c4-r5-task-0114,fabric_query_confirmation,True,,323,1783315723793,0,,False
1150,b2-fabric-b1-c4-r5,b2-fabric-b1-c4-r5-task-0113,fabric_query_confirmation,True,,324,1783315723793,0,,False
1151,b2-fabric-b1-c4-r5,b2-fabric-b1-c4-r5-task-0115,fabric_vote_1,True,,2277,1783315724114,0,,False
1152,b2-fabric-b1-c4-r5,b2-fabric-b1-c4-r5-task-0113,fabric_vote_1,True,,2275,1783315724117,0,,False
1153,b2-fabric-b1-c4-r5,b2-fabric-b1-c4-r5-task-0112,fabric_vote_1,True,,2277,1783315724115,0,,False
1154,b2-fabric-b1-c4-r5,b2-fabric-b1-c4-r5-task-0114,fabric_vote_1,True,,2279,1783315724116,0,,False
1155,b2-fabric-b1-c4-r5,b2-fabric-b1-c4-r5-task-0112,fabric_vote_2,True,,2429,1783315726392,0,,False
1156,b2-fabric-b1-c4-r5,b2-fabric-b1-c4-r5-task-0113,fabric_vote_2,True,,2430,1783315726392,0,,False
1157,b2-fabric-b1-c4-r5,b2-fabric-b1-c4-r5-task-0115,fabric_vote_2,True,,2432,1783315726391,0,,False
1158,b2-fabric-b1-c4-r5,b2-fabric-b1-c4-r5-task-0114,fabric_vote_2,True,,2428,1783315726395,0,,False
1159,b2-fabric-b1-c4-r5,b2-fabric-b1-c4-r5-task-0115,fabric_settlement,True,,2274,1783315728823,0,,False
1160,b2-fabric-b1-c4-r5,b2-fabric-b1-c4-r5-task-0114,fabric_settlement,True,,2274,1783315728823,0,,False
1161,b2-fabric-b1-c4-r5,b2-fabric-b1-c4-r5-task-0112,fabric_settlement,True,,2276,1783315728822,0,,False
1162,b2-fabric-b1-c4-r5,b2-fabric-b1-c4-r5-task-0113,fabric_settlement,True,,2279,1783315728822,0,,False
1163,b2-fabric-b1-c4-r5,b2-fabric-b1-c4-r5-task-0115,fabric_query_final,True,,-344,1783315731097,0,,False
1164,b2-fabric-b1-c4-r5,b2-fabric-b1-c4-r5-task-0112,fabric_query_final,True,,-345,1783315731098,0,,False
1165,b2-fabric-b1-c4-r5,b2-fabric-b1-c4-r5-task-0113,fabric_query_final,True,,-347,1783315731101,0,,False
1166,b2-fabric-b1-c4-r5,b2-fabric-b1-c4-r5-task-0114,fabric_query_final,True,,-340,1783315731097,0,,False
1167,b2-fabric-b1-c4-r5,b2-fabric-b1-c4-r5-task-0113,ipfs_verify,True,,6,1783315730754,0,QmSnXYpjm45y1HovE7atHSayP63uxu2Taj3HG6S4aa6fLe,False
1168,b2-fabric-b1-c4-r5,b2-fabric-b1-c4-r5-task-0112,ipfs_verify,True,,7,1783315730753,0,QmZTL4eW5hkumUyYeoedLXa2XWBWSX7WLRmm3kBgrvtRta,False
1169,b2-fabric-b1-c4-r5,b2-fabric-b1-c4-r5-task-0115,ipfs_verify,True,,9,1783315730753,0,Qma9XmC6B4RUGteeGsz2AKqR24nBDfvvDDZwxigq29cfeA,False
1170,b2-fabric-b1-c4-r5,b2-fabric-b1-c4-r5-task-0114,ipfs_verify,True,,7,1783315730757,0,Qma7TSawbLY7JCkagGsqyq5TKbNQrHnAHkXGU7KmTPbqNN,False
1171,b2-fabric-b1-c4-r5,b2-fabric-b1-c4-r5-task-0117,ipfs_add,True,,27,1783315730761,2547,,False
1172,b2-fabric-b1-c4-r5,b2-fabric-b1-c4-r5-task-0116,ipfs_add,True,,43,1783315730760,4456,,False
1173,b2-fabric-b1-c4-r5,b2-fabric-b1-c4-r5-task-0118,ipfs_add,True,,58,1783315730762,4013,,False
1174,b2-fabric-b1-c4-r5,b2-fabric-b1-c4-r5-task-0119,ipfs_add,True,,73,1783315730764,4895,,False
1175,b2-fabric-b1-c4-r5,b2-fabric-b1-c4-r5-task-0119,fabric_post_task,True,,2446,1783315730837,4895,QmS8grZr8V1jUVspi4mAGU2GS5MHVKC3yUBsy7aQszAoNe,False
1176,b2-fabric-b1-c4-r5,b2-fabric-b1-c4-r5-task-0116,fabric_post_task,True,,2482,1783315730803,4456,QmcWhQm9LyFEHK6Y6cGHfAC2N6UZ5aeiyCpaBr9ty1evkK,False
1177,b2-fabric-b1-c4-r5,b2-fabric-b1-c4-r5-task-0117,fabric_post_task,True,,2497,1783315730788,2547,QmXDQtx3geYo8PJ2SMzx1hAd7UVXRuUHhfKDP8gxpWugpu,False
1178,b2-fabric-b1-c4-r5,b2-fabric-b1-c4-r5-task-0118,fabric_post_task,True,,2468,1783315730820,4013,QmUp6JMhmHCN1XhJbSgJKuqgcUi5RcanQaaL5Hru6z8S4Q,False
1179,b2-fabric-b1-c4-r5,b2-fabric-b1-c4-r5-task-0117,fabric_post_allocation,True,,2393,1783315733285,0,,False
1180,b2-fabric-b1-c4-r5,b2-fabric-b1-c4-r5-task-0119,fabric_post_allocation,True,,2396,1783315733283,0,,False
1181,b2-fabric-b1-c4-r5,b2-fabric-b1-c4-r5-task-0118,fabric_post_allocation,True,,2392,1783315733288,0,,False
1182,b2-fabric-b1-c4-r5,b2-fabric-b1-c4-r5-task-0116,fabric_post_allocation,True,,2398,1783315733285,0,,False
1183,b2-fabric-b1-c4-r5,b2-fabric-b1-c4-r5-task-0116,fabric_post_snapshot,True,,2273,1783315735683,0,,False
1184,b2-fabric-b1-c4-r5,b2-fabric-b1-c4-r5-task-0117,fabric_post_snapshot,True,,2278,1783315735678,0,,False
1185,b2-fabric-b1-c4-r5,b2-fabric-b1-c4-r5-task-0119,fabric_post_snapshot,True,,2278,1783315735679,0,,False
1186,b2-fabric-b1-c4-r5,b2-fabric-b1-c4-r5-task-0118,fabric_post_snapshot,True,,2278,1783315735680,0,,False
1187,b2-fabric-b1-c4-r5,b2-fabric-b1-c4-r5-task-0116,fabric_query_confirmation,True,,110,1783315737956,0,,False
1188,b2-fabric-b1-c4-r5,b2-fabric-b1-c4-r5-task-0118,fabric_query_confirmation,True,,110,1783315737958,0,,False
1189,b2-fabric-b1-c4-r5,b2-fabric-b1-c4-r5-task-0117,fabric_query_confirmation,True,,113,1783315737956,0,,False
1190,b2-fabric-b1-c4-r5,b2-fabric-b1-c4-r5-task-0119,fabric_query_confirmation,True,,112,1783315737957,0,,False
1191,b2-fabric-b1-c4-r5,b2-fabric-b1-c4-r5-task-0119,fabric_vote_1,True,,2249,1783315738069,0,,False
1192,b2-fabric-b1-c4-r5,b2-fabric-b1-c4-r5-task-0117,fabric_vote_1,True,,2249,1783315738069,0,,False
1193,b2-fabric-b1-c4-r5,b2-fabric-b1-c4-r5-task-0118,fabric_vote_1,True,,2251,1783315738068,0,,False
1194,b2-fabric-b1-c4-r5,b2-fabric-b1-c4-r5-task-0116,fabric_vote_1,True,,2255,1783315738066,0,,False
1195,b2-fabric-b1-c4-r5,b2-fabric-b1-c4-r5-task-0118,fabric_vote_2,True,,2455,1783315740319,0,,False
1196,b2-fabric-b1-c4-r5,b2-fabric-b1-c4-r5-task-0119,fabric_vote_2,True,,2456,1783315740318,0,,False
1197,b2-fabric-b1-c4-r5,b2-fabric-b1-c4-r5-task-0117,fabric_vote_2,True,,2457,1783315740318,0,,False
1198,b2-fabric-b1-c4-r5,b2-fabric-b1-c4-r5-task-0116,fabric_vote_2,True,,2455,1783315740321,0,,False
1199,b2-fabric-b1-c4-r5,b2-fabric-b1-c4-r5-task-0117,fabric_settlement,True,,2564,1783315742775,0,,False
1200,b2-fabric-b1-c4-r5,b2-fabric-b1-c4-r5-task-0116,fabric_settlement,True,,2563,1783315742776,0,,False
1201,b2-fabric-b1-c4-r5,b2-fabric-b1-c4-r5-task-0118,fabric_settlement,True,,2566,1783315742774,0,,False
1202,b2-fabric-b1-c4-r5,b2-fabric-b1-c4-r5-task-0119,fabric_settlement,True,,2568,1783315742774,0,,False
1203,b2-fabric-b1-c4-r5,b2-fabric-b1-c4-r5-task-0118,fabric_query_final,True,,751,1783315745340,0,,False
1204,b2-fabric-b1-c4-r5,b2-fabric-b1-c4-r5-task-0119,fabric_query_final,True,,749,1783315745342,0,,False
1205,b2-fabric-b1-c4-r5,b2-fabric-b1-c4-r5-task-0117,fabric_query_final,True,,753,1783315745339,0,,False
1206,b2-fabric-b1-c4-r5,b2-fabric-b1-c4-r5-task-0116,fabric_query_final,True,,756,1783315745339,0,,False
1207,b2-fabric-b1-c4-r5,b2-fabric-b1-c4-r5-task-0119,ipfs_verify,True,,7,1783315746091,0,QmS8grZr8V1jUVspi4mAGU2GS5MHVKC3yUBsy7aQszAoNe,False
1208,b2-fabric-b1-c4-r5,b2-fabric-b1-c4-r5-task-0118,ipfs_verify,True,,8,1783315746091,0,QmUp6JMhmHCN1XhJbSgJKuqgcUi5RcanQaaL5Hru6z8S4Q,False
1209,b2-fabric-b1-c4-r5,b2-fabric-b1-c4-r5-task-0117,ipfs_verify,True,,7,1783315746092,0,QmXDQtx3geYo8PJ2SMzx1hAd7UVXRuUHhfKDP8gxpWugpu,False
1210,b2-fabric-b1-c4-r5,b2-fabric-b1-c4-r5-task-0116,ipfs_verify,True,,6,1783315746095,0,QmcWhQm9LyFEHK6Y6cGHfAC2N6UZ5aeiyCpaBr9ty1evkK,False
1211,b2-fabric-b1-c4-r5,b2-fabric-b1-c4-r5-task-0120,ipfs_add,True,,50,1783315746098,7055,,False
1212,b2-fabric-b1-c4-r5,b2-fabric-b1-c4-r5-task-0121,ipfs_add,True,,64,1783315746100,4778,,False
1213,b2-fabric-b1-c4-r5,b2-fabric-b1-c4-r5-task-0122,ipfs_add,True,,82,1783315746099,5117,,False
1214,b2-fabric-b1-c4-r5,b2-fabric-b1-c4-r5-task-0123,ipfs_add,True,,96,1783315746101,9648,,False
1215,b2-fabric-b1-c4-r5,b2-fabric-b1-c4-r5-task-0122,fabric_post_task,True,,2409,1783315746181,5117,QmXUXcH529nakix9U15cpEidT2HourhoUQvG7aoS3dLkEG,False
1216,b2-fabric-b1-c4-r5,b2-fabric-b1-c4-r5-task-0120,fabric_post_task,True,,2443,1783315746148,7055,QmcCwWQBqZ6738sqSyuLRWTxPt6Qtc8U1RvhvPAW1oWkkW,False
1217,b2-fabric-b1-c4-r5,b2-fabric-b1-c4-r5-task-0121,fabric_post_task,True,,2426,1783315746165,4778,QmamWwWGyFXDPTzs47NnXQaDJCnKmJNML2uLgwtA49YMHU,False
1218,b2-fabric-b1-c4-r5,b2-fabric-b1-c4-r5-task-0123,fabric_post_task,True,,2397,1783315746197,9648,QmUDRUxNR3wiggGYgdFqXj9FiZaoAXkrjj2gf4wreybMnY,False
1219,b2-fabric-b1-c4-r5,b2-fabric-b1-c4-r5-task-0121,fabric_post_allocation,True,,2526,1783315748591,0,,False
1220,b2-fabric-b1-c4-r5,b2-fabric-b1-c4-r5-task-0122,fabric_post_allocation,True,,2529,1783315748590,0,,False
1221,b2-fabric-b1-c4-r5,b2-fabric-b1-c4-r5-task-0123,fabric_post_allocation,True,,2526,1783315748594,0,,False
1222,b2-fabric-b1-c4-r5,b2-fabric-b1-c4-r5-task-0120,fabric_post_allocation,True,,2530,1783315748591,0,,False
1223,b2-fabric-b1-c4-r5,b2-fabric-b1-c4-r5-task-0122,fabric_post_snapshot,True,,2255,1783315751119,0,,False
1224,b2-fabric-b1-c4-r5,b2-fabric-b1-c4-r5-task-0120,fabric_post_snapshot,True,,2253,1783315751121,0,,False
1225,b2-fabric-b1-c4-r5,b2-fabric-b1-c4-r5-task-0123,fabric_post_snapshot,True,,2255,1783315751120,0,,False
1226,b2-fabric-b1-c4-r5,b2-fabric-b1-c4-r5-task-0121,fabric_post_snapshot,True,,2259,1783315751117,0,,False
1227,b2-fabric-b1-c4-r5,b2-fabric-b1-c4-r5-task-0122,fabric_query_confirmation,True,,129,1783315753374,0,,False
1228,b2-fabric-b1-c4-r5,b2-fabric-b1-c4-r5-task-0120,fabric_query_confirmation,True,,131,1783315753374,0,,False
1229,b2-fabric-b1-c4-r5,b2-fabric-b1-c4-r5-task-0123,fabric_query_confirmation,True,,132,1783315753375,0,,False
1230,b2-fabric-b1-c4-r5,b2-fabric-b1-c4-r5-task-0121,fabric_query_confirmation,True,,135,1783315753376,0,,False
1231,b2-fabric-b1-c4-r5,b2-fabric-b1-c4-r5-task-0123,fabric_vote_1,True,,2317,1783315753507,0,,False
1232,b2-fabric-b1-c4-r5,b2-fabric-b1-c4-r5-task-0120,fabric_vote_1,True,,2319,1783315753505,0,,False
1233,b2-fabric-b1-c4-r5,b2-fabric-b1-c4-r5-task-0121,fabric_vote_1,True,,2313,1783315753511,0,,False
1234,b2-fabric-b1-c4-r5,b2-fabric-b1-c4-r5-task-0122,fabric_vote_1,True,,2324,1783315753503,0,,False
1235,b2-fabric-b1-c4-r5,b2-fabric-b1-c4-r5-task-0122,fabric_vote_2,True,,2479,1783315755827,0,,False
1236,b2-fabric-b1-c4-r5,b2-fabric-b1-c4-r5-task-0121,fabric_vote_2,True,,2483,1783315755824,0,,False
1237,b2-fabric-b1-c4-r5,b2-fabric-b1-c4-r5-task-0120,fabric_vote_2,True,,2485,1783315755824,0,,False
1238,b2-fabric-b1-c4-r5,b2-fabric-b1-c4-r5-task-0123,fabric_vote_2,True,,2485,1783315755824,0,,False
1239,b2-fabric-b1-c4-r5,b2-fabric-b1-c4-r5-task-0122,fabric_settlement,True,,1191,1783315758306,0,,False
1240,b2-fabric-b1-c4-r5,b2-fabric-b1-c4-r5-task-0120,fabric_settlement,True,,1188,1783315758309,0,,False
1241,b2-fabric-b1-c4-r5,b2-fabric-b1-c4-r5-task-0121,fabric_settlement,True,,1192,1783315758307,0,,False
1242,b2-fabric-b1-c4-r5,b2-fabric-b1-c4-r5-task-0123,fabric_settlement,True,,1193,1783315758309,0,,False
1243,b2-fabric-b1-c4-r5,b2-fabric-b1-c4-r5-task-0122,fabric_query_final,True,,524,1783315759497,0,,False
1244,b2-fabric-b1-c4-r5,b2-fabric-b1-c4-r5-task-0120,fabric_query_final,True,,525,1783315759497,0,,False
1245,b2-fabric-b1-c4-r5,b2-fabric-b1-c4-r5-task-0121,fabric_query_final,True,,523,1783315759499,0,,False
1246,b2-fabric-b1-c4-r5,b2-fabric-b1-c4-r5-task-0123,fabric_query_final,True,,525,1783315759502,0,,False
1247,b2-fabric-b1-c4-r5,b2-fabric-b1-c4-r5-task-0120,ipfs_verify,True,,7,1783315760022,0,QmcCwWQBqZ6738sqSyuLRWTxPt6Qtc8U1RvhvPAW1oWkkW,False
1248,b2-fabric-b1-c4-r5,b2-fabric-b1-c4-r5-task-0122,ipfs_verify,True,,9,1783315760021,0,QmXUXcH529nakix9U15cpEidT2HourhoUQvG7aoS3dLkEG,False
1249,b2-fabric-b1-c4-r5,b2-fabric-b1-c4-r5-task-0121,ipfs_verify,True,,9,1783315760022,0,QmamWwWGyFXDPTzs47NnXQaDJCnKmJNML2uLgwtA49YMHU,False
1250,b2-fabric-b1-c4-r5,b2-fabric-b1-c4-r5-task-0123,ipfs_verify,True,,6,1783315760027,0,QmUDRUxNR3wiggGYgdFqXj9FiZaoAXkrjj2gf4wreybMnY,False
1251,b2-fabric-b1-c4-r5,b2-fabric-b1-c4-r5-task-0124,ipfs_add,True,,31,1783315760029,10193,,False
1252,b2-fabric-b1-c4-r5,b2-fabric-b1-c4-r5-task-0125,ipfs_add,True,,46,1783315760030,3206,,False
1253,b2-fabric-b1-c4-r5,b2-fabric-b1-c4-r5-task-0126,ipfs_add,True,,61,1783315760031,3991,,False
1254,b2-fabric-b1-c4-r5,b2-fabric-b1-c4-r5-task-0127,ipfs_add,True,,75,1783315760034,3969,,False
1255,b2-fabric-b1-c4-r5,b2-fabric-b1-c4-r5-task-0127,fabric_post_task,True,,2408,1783315760109,3969,QmNxQCkAaLmLFLMatMwgJb5bdva2owFTE2JpVTzuEA6pnQ,False
1256,b2-fabric-b1-c4-r5,b2-fabric-b1-c4-r5-task-0125,fabric_post_task,True,,2442,1783315760076,3206,QmWe76Fc6xMc7UE2TtXhWtuzFokCa6FcSgWL6dg6i6SRfJ,False
1257,b2-fabric-b1-c4-r5,b2-fabric-b1-c4-r5-task-0126,fabric_post_task,True,,2426,1783315760092,3991,QmPtdsowq8zmmDRQ1z7WASkkcgXTNTYdCxgN5vM5mEmQKU,False
1258,b2-fabric-b1-c4-r5,b2-fabric-b1-c4-r5-task-0124,fabric_post_task,True,,2459,1783315760060,10193,QmdN3kmV8Nauo2ypczxkgeUDFa3J43mcbGqcZVtUsrbPFC,False
1259,b2-fabric-b1-c4-r5,b2-fabric-b1-c4-r5-task-0125,fabric_post_allocation,True,,2323,1783315762518,0,,False
1260,b2-fabric-b1-c4-r5,b2-fabric-b1-c4-r5-task-0126,fabric_post_allocation,True,,2324,1783315762518,0,,False
1261,b2-fabric-b1-c4-r5,b2-fabric-b1-c4-r5-task-0127,fabric_post_allocation,True,,2326,1783315762517,0,,False
1262,b2-fabric-b1-c4-r5,b2-fabric-b1-c4-r5-task-0124,fabric_post_allocation,True,,2324,1783315762519,0,,False
1263,b2-fabric-b1-c4-r5,b2-fabric-b1-c4-r5-task-0124,fabric_post_snapshot,True,,2262,1783315764843,0,,False
1264,b2-fabric-b1-c4-r5,b2-fabric-b1-c4-r5-task-0125,fabric_post_snapshot,True,,2264,1783315764841,0,,False
1265,b2-fabric-b1-c4-r5,b2-fabric-b1-c4-r5-task-0126,fabric_post_snapshot,True,,2264,1783315764842,0,,False
1266,b2-fabric-b1-c4-r5,b2-fabric-b1-c4-r5-task-0127,fabric_post_snapshot,True,,2264,1783315764843,0,,False
1267,b2-fabric-b1-c4-r5,b2-fabric-b1-c4-r5-task-0125,fabric_query_confirmation,True,,123,1783315767105,0,,False
1268,b2-fabric-b1-c4-r5,b2-fabric-b1-c4-r5-task-0124,fabric_query_confirmation,True,,123,1783315767105,0,,False
1269,b2-fabric-b1-c4-r5,b2-fabric-b1-c4-r5-task-0126,fabric_query_confirmation,True,,122,1783315767107,0,,False
1270,b2-fabric-b1-c4-r5,b2-fabric-b1-c4-r5-task-0127,fabric_query_confirmation,True,,125,1783315767107,0,,False
1271,b2-fabric-b1-c4-r5,b2-fabric-b1-c4-r5-task-0125,fabric_vote_1,True,,2471,1783315767228,0,,False
1272,b2-fabric-b1-c4-r5,b2-fabric-b1-c4-r5-task-0127,fabric_vote_1,True,,2468,1783315767232,0,,False
1273,b2-fabric-b1-c4-r5,b2-fabric-b1-c4-r5-task-0126,fabric_vote_1,True,,2472,1783315767229,0,,False
1274,b2-fabric-b1-c4-r5,b2-fabric-b1-c4-r5-task-0124,fabric_vote_1,True,,2476,1783315767228,0,,False
1275,b2-fabric-b1-c4-r5,b2-fabric-b1-c4-r5-task-0127,fabric_vote_2,True,,2470,1783315769700,0,,False
1276,b2-fabric-b1-c4-r5,b2-fabric-b1-c4-r5-task-0125,fabric_vote_2,True,,2471,1783315769699,0,,False
1277,b2-fabric-b1-c4-r5,b2-fabric-b1-c4-r5-task-0126,fabric_vote_2,True,,2470,1783315769701,0,,False
1278,b2-fabric-b1-c4-r5,b2-fabric-b1-c4-r5-task-0124,fabric_vote_2,True,,2467,1783315769704,0,,False
1279,b2-fabric-b1-c4-r5,b2-fabric-b1-c4-r5-task-0125,fabric_settlement,True,,2613,1783315772170,0,,False
1280,b2-fabric-b1-c4-r5,b2-fabric-b1-c4-r5-task-0127,fabric_settlement,True,,2613,1783315772170,0,,False
1281,b2-fabric-b1-c4-r5,b2-fabric-b1-c4-r5-task-0126,fabric_settlement,True,,2613,1783315772171,0,,False
1282,b2-fabric-b1-c4-r5,b2-fabric-b1-c4-r5-task-0124,fabric_settlement,True,,2614,1783315772171,0,,False
1283,b2-fabric-b1-c4-r5,b2-fabric-b1-c4-r5-task-0124,fabric_query_final,True,,795,1783315774785,0,,False
1284,b2-fabric-b1-c4-r5,b2-fabric-b1-c4-r5-task-0126,fabric_query_final,True,,797,1783315774784,0,,False
1285,b2-fabric-b1-c4-r5,b2-fabric-b1-c4-r5-task-0125,fabric_query_final,True,,798,1783315774783,0,,False
1286,b2-fabric-b1-c4-r5,b2-fabric-b1-c4-r5-task-0127,fabric_query_final,True,,803,1783315774783,0,,False
1287,b2-fabric-b1-c4-r5,b2-fabric-b1-c4-r5-task-0125,ipfs_verify,True,,7,1783315775581,0,QmWe76Fc6xMc7UE2TtXhWtuzFokCa6FcSgWL6dg6i6SRfJ,False
1288,b2-fabric-b1-c4-r5,b2-fabric-b1-c4-r5-task-0126,ipfs_verify,True,,7,1783315775581,0,QmPtdsowq8zmmDRQ1z7WASkkcgXTNTYdCxgN5vM5mEmQKU,False
1289,b2-fabric-b1-c4-r5,b2-fabric-b1-c4-r5-task-0124,ipfs_verify,True,,9,1783315775580,0,QmdN3kmV8Nauo2ypczxkgeUDFa3J43mcbGqcZVtUsrbPFC,False
1290,b2-fabric-b1-c4-r5,b2-fabric-b1-c4-r5-task-0127,ipfs_verify,True,,7,1783315775586,0,QmNxQCkAaLmLFLMatMwgJb5bdva2owFTE2JpVTzuEA6pnQ,False
1291,b2-fabric-b1-c4-r5,b2-fabric-b1-c4-r5-task-0130,ipfs_add,True,,31,1783315775589,5421,,False
1292,b2-fabric-b1-c4-r5,b2-fabric-b1-c4-r5-task-0129,ipfs_add,True,,47,1783315775588,6435,,False
1293,b2-fabric-b1-c4-r5,b2-fabric-b1-c4-r5-task-0128,ipfs_add,True,,64,1783315775588,5323,,False
1294,b2-fabric-b1-c4-r5,b2-fabric-b1-c4-r5-task-0131,ipfs_add,True,,76,1783315775593,5219,,False
1295,b2-fabric-b1-c4-r5,b2-fabric-b1-c4-r5-task-0130,fabric_post_task,True,,2454,1783315775620,5421,QmasDoPun8NvohoPkm66UZpwkaJFFvmh8hCVDMoxGk7S7Z,False
1296,b2-fabric-b1-c4-r5,b2-fabric-b1-c4-r5-task-0129,fabric_post_task,True,,2441,1783315775635,6435,QmRdeeEenQRgmkxSMK2mGyLCkKoN4YhqNwubfvJSfxYpPa,False
1297,b2-fabric-b1-c4-r5,b2-fabric-b1-c4-r5-task-0128,fabric_post_task,True,,2426,1783315775652,5323,QmQos5pRc9wxqep7nncifrFotxQs5uTEqHL3FeTHYErDSa,False
1298,b2-fabric-b1-c4-r5,b2-fabric-b1-c4-r5-task-0131,fabric_post_task,True,,2409,1783315775669,5219,QmZj7xUMfzrxW16za1Jy2ZVd3iayZXWvUsAREvSyZuRbVu,False
1299,b2-fabric-b1-c4-r5,b2-fabric-b1-c4-r5-task-0129,fabric_post_allocation,True,,2360,1783315778076,0,,False
1300,b2-fabric-b1-c4-r5,b2-fabric-b1-c4-r5-task-0130,fabric_post_allocation,True,,2363,1783315778074,0,,False
1301,b2-fabric-b1-c4-r5,b2-fabric-b1-c4-r5-task-0128,fabric_post_allocation,True,,2360,1783315778078,0,,False
1302,b2-fabric-b1-c4-r5,b2-fabric-b1-c4-r5-task-0131,fabric_post_allocation,True,,2361,1783315778078,0,,False
1303,b2-fabric-b1-c4-r5,b2-fabric-b1-c4-r5-task-0131,fabric_post_snapshot,True,,2257,1783315780439,0,,False
1304,b2-fabric-b1-c4-r5,b2-fabric-b1-c4-r5-task-0130,fabric_post_snapshot,True,,2259,1783315780437,0,,False
1305,b2-fabric-b1-c4-r5,b2-fabric-b1-c4-r5-task-0129,fabric_post_snapshot,True,,2261,1783315780436,0,,False
1306,b2-fabric-b1-c4-r5,b2-fabric-b1-c4-r5-task-0128,fabric_post_snapshot,True,,2260,1783315780438,0,,False
1307,b2-fabric-b1-c4-r5,b2-fabric-b1-c4-r5-task-0130,fabric_query_confirmation,True,,313,1783315782696,0,,False
1308,b2-fabric-b1-c4-r5,b2-fabric-b1-c4-r5-task-0128,fabric_query_confirmation,True,,311,1783315782698,0,,False
1309,b2-fabric-b1-c4-r5,b2-fabric-b1-c4-r5-task-0129,fabric_query_confirmation,True,,313,1783315782697,0,,False
1310,b2-fabric-b1-c4-r5,b2-fabric-b1-c4-r5-task-0131,fabric_query_confirmation,True,,316,1783315782696,0,,False
1311,b2-fabric-b1-c4-r5,b2-fabric-b1-c4-r5-task-0131,fabric_vote_1,True,,2449,1783315783012,0,,False
1312,b2-fabric-b1-c4-r5,b2-fabric-b1-c4-r5-task-0128,fabric_vote_1,True,,2454,1783315783009,0,,False
1313,b2-fabric-b1-c4-r5,b2-fabric-b1-c4-r5-task-0130,fabric_vote_1,True,,2455,1783315783009,0,,False
1314,b2-fabric-b1-c4-r5,b2-fabric-b1-c4-r5-task-0129,fabric_vote_1,True,,2454,1783315783010,0,,False
1315,b2-fabric-b1-c4-r5,b2-fabric-b1-c4-r5-task-0129,fabric_vote_2,True,,2250,1783315785464,0,,False
1316,b2-fabric-b1-c4-r5,b2-fabric-b1-c4-r5-task-0130,fabric_vote_2,True,,2250,1783315785464,0,,False
1317,b2-fabric-b1-c4-r5,b2-fabric-b1-c4-r5-task-0131,fabric_vote_2,True,,2253,1783315785461,0,,False
1318,b2-fabric-b1-c4-r5,b2-fabric-b1-c4-r5-task-0128,fabric_vote_2,True,,2255,1783315785463,0,,False
1319,b2-fabric-b1-c4-r5,b2-fabric-b1-c4-r5-task-0130,fabric_settlement,True,,1442,1783315787714,0,,False
1320,b2-fabric-b1-c4-r5,b2-fabric-b1-c4-r5-task-0131,fabric_settlement,True,,1443,1783315787714,0,,False
1321,b2-fabric-b1-c4-r5,b2-fabric-b1-c4-r5-task-0129,fabric_settlement,True,,1443,1783315787714,0,,False
1322,b2-fabric-b1-c4-r5,b2-fabric-b1-c4-r5-task-0128,fabric_settlement,True,,1440,1783315787718,0,,False
1323,b2-fabric-b1-c4-r5,b2-fabric-b1-c4-r5-task-0130,fabric_query_final,True,,572,1783315789156,0,,False
1324,b2-fabric-b1-c4-r5,b2-fabric-b1-c4-r5-task-0128,fabric_query_final,True,,571,1783315789158,0,,False
1325,b2-fabric-b1-c4-r5,b2-fabric-b1-c4-r5-task-0129,fabric_query_final,True,,572,1783315789157,0,,False
1326,b2-fabric-b1-c4-r5,b2-fabric-b1-c4-r5-task-0131,fabric_query_final,True,,576,1783315789157,0,,False
1327,b2-fabric-b1-c4-r5,b2-fabric-b1-c4-r5-task-0130,ipfs_verify,True,,8,1783315789728,0,QmasDoPun8NvohoPkm66UZpwkaJFFvmh8hCVDMoxGk7S7Z,False
1328,b2-fabric-b1-c4-r5,b2-fabric-b1-c4-r5-task-0128,ipfs_verify,True,,8,1783315789729,0,QmQos5pRc9wxqep7nncifrFotxQs5uTEqHL3FeTHYErDSa,False
1329,b2-fabric-b1-c4-r5,b2-fabric-b1-c4-r5-task-0129,ipfs_verify,True,,9,1783315789729,0,QmRdeeEenQRgmkxSMK2mGyLCkKoN4YhqNwubfvJSfxYpPa,False
1330,b2-fabric-b1-c4-r5,b2-fabric-b1-c4-r5-task-0131,ipfs_verify,True,,9,1783315789733,0,QmZj7xUMfzrxW16za1Jy2ZVd3iayZXWvUsAREvSyZuRbVu,False
1331,b2-fabric-b1-c4-r5,b2-fabric-b1-c4-r5-task-0134,ipfs_add,True,,26,1783315789738,5569,,False
1332,b2-fabric-b1-c4-r5,b2-fabric-b1-c4-r5-task-0133,ipfs_add,True,,43,1783315789737,4372,,False
1333,b2-fabric-b1-c4-r5,b2-fabric-b1-c4-r5-task-0132,ipfs_add,True,,60,1783315789736,5599,,False
1334,b2-fabric-b1-c4-r5,b2-fabric-b1-c4-r5-task-0135,ipfs_add,True,,70,1783315789742,6297,,False
1335,b2-fabric-b1-c4-r5,b2-fabric-b1-c4-r5-task-0132,fabric_post_task,True,,2449,1783315789796,5599,QmYCBqE2NteLr9sLnHjbiStJeVErpKho8QFCw7417W1UW7,False
1336,b2-fabric-b1-c4-r5,b2-fabric-b1-c4-r5-task-0135,fabric_post_task,True,,2435,1783315789812,6297,QmRgs6w8r3X2JvyiVmXrFPnc5Whw1EhTnEw6iDRUTAKBSq,False
1337,b2-fabric-b1-c4-r5,b2-fabric-b1-c4-r5-task-0134,fabric_post_task,True,,2486,1783315789764,5569,QmPW1qU3hoUSoGbD2KjbwxVen41kGxev6EBjJ6zmEFnCrD,False
1338,b2-fabric-b1-c4-r5,b2-fabric-b1-c4-r5-task-0133,fabric_post_task,True,,2470,1783315789780,4372,QmV9gx3VUoqhkXRkzRD7hEPhbZz6mSJ82UTFrCpLh1TD3b,False
1339,b2-fabric-b1-c4-r5,b2-fabric-b1-c4-r5-task-0134,fabric_post_allocation,True,,2365,1783315792250,0,,False
1340,b2-fabric-b1-c4-r5,b2-fabric-b1-c4-r5-task-0133,fabric_post_allocation,True,,2367,1783315792250,0,,False
1341,b2-fabric-b1-c4-r5,b2-fabric-b1-c4-r5-task-0135,fabric_post_allocation,True,,2371,1783315792247,0,,False
1342,b2-fabric-b1-c4-r5,b2-fabric-b1-c4-r5-task-0132,fabric_post_allocation,True,,2375,1783315792245,0,,False
1343,b2-fabric-b1-c4-r5,b2-fabric-b1-c4-r5-task-0132,fabric_post_snapshot,True,,2491,1783315794620,0,,False
1344,b2-fabric-b1-c4-r5,b2-fabric-b1-c4-r5-task-0133,fabric_post_snapshot,True,,2495,1783315794617,0,,False
1345,b2-fabric-b1-c4-r5,b2-fabric-b1-c4-r5-task-0135,fabric_post_snapshot,True,,2496,1783315794618,0,,False
1346,b2-fabric-b1-c4-r5,b2-fabric-b1-c4-r5-task-0134,fabric_post_snapshot,True,,2499,1783315794615,0,,False
1347,b2-fabric-b1-c4-r5,b2-fabric-b1-c4-r5-task-0133,fabric_query_confirmation,True,,112,1783315797112,0,,False
1348,b2-fabric-b1-c4-r5,b2-fabric-b1-c4-r5-task-0135,fabric_query_confirmation,True,,110,1783315797114,0,,False
1349,b2-fabric-b1-c4-r5,b2-fabric-b1-c4-r5-task-0134,fabric_query_confirmation,True,,111,1783315797114,0,,False
1350,b2-fabric-b1-c4-r5,b2-fabric-b1-c4-r5-task-0132,fabric_query_confirmation,True,,115,1783315797112,0,,False
1351,b2-fabric-b1-c4-r5,b2-fabric-b1-c4-r5-task-0135,fabric_vote_1,True,,2497,1783315797224,0,,False
1352,b2-fabric-b1-c4-r5,b2-fabric-b1-c4-r5-task-0132,fabric_vote_1,True,,2495,1783315797227,0,,False
1353,b2-fabric-b1-c4-r5,b2-fabric-b1-c4-r5-task-0133,fabric_vote_1,True,,2499,1783315797224,0,,False
1354,b2-fabric-b1-c4-r5,b2-fabric-b1-c4-r5-task-0134,fabric_vote_1,True,,2498,1783315797225,0,,False
1355,b2-fabric-b1-c4-r5,b2-fabric-b1-c4-r5-task-0133,fabric_vote_2,True,,2253,1783315799723,0,,False
1356,b2-fabric-b1-c4-r5,b2-fabric-b1-c4-r5-task-0135,fabric_vote_2,True,,2257,1783315799721,0,,False
1357,b2-fabric-b1-c4-r5,b2-fabric-b1-c4-r5-task-0132,fabric_vote_2,True,,2257,1783315799722,0,,False
1358,b2-fabric-b1-c4-r5,b2-fabric-b1-c4-r5-task-0134,fabric_vote_2,True,,2257,1783315799723,0,,False
1359,b2-fabric-b1-c4-r5,b2-fabric-b1-c4-r5-task-0133,fabric_settlement,True,,2865,1783315801976,0,,False
1360,b2-fabric-b1-c4-r5,b2-fabric-b1-c4-r5-task-0132,fabric_settlement,True,,2862,1783315801979,0,,False
1361,b2-fabric-b1-c4-r5,b2-fabric-b1-c4-r5-task-0135,fabric_settlement,True,,2864,1783315801978,0,,False
1362,b2-fabric-b1-c4-r5,b2-fabric-b1-c4-r5-task-0134,fabric_settlement,True,,2865,1783315801980,0,,False
1363,b2-fabric-b1-c4-r5,b2-fabric-b1-c4-r5-task-0135,fabric_query_final,True,,813,1783315804842,0,,False
1364,b2-fabric-b1-c4-r5,b2-fabric-b1-c4-r5-task-0132,fabric_query_final,True,,815,1783315804841,0,,False
1365,b2-fabric-b1-c4-r5,b2-fabric-b1-c4-r5-task-0133,fabric_query_final,True,,815,1783315804841,0,,False
1366,b2-fabric-b1-c4-r5,b2-fabric-b1-c4-r5-task-0134,fabric_query_final,True,,815,1783315804845,0,,False
1367,b2-fabric-b1-c4-r5,b2-fabric-b1-c4-r5-task-0132,ipfs_verify,True,,7,1783315805656,0,QmYCBqE2NteLr9sLnHjbiStJeVErpKho8QFCw7417W1UW7,False
1368,b2-fabric-b1-c4-r5,b2-fabric-b1-c4-r5-task-0135,ipfs_verify,True,,8,1783315805655,0,QmRgs6w8r3X2JvyiVmXrFPnc5Whw1EhTnEw6iDRUTAKBSq,False
1369,b2-fabric-b1-c4-r5,b2-fabric-b1-c4-r5-task-0133,ipfs_verify,True,,9,1783315805656,0,QmV9gx3VUoqhkXRkzRD7hEPhbZz6mSJ82UTFrCpLh1TD3b,False
1370,b2-fabric-b1-c4-r5,b2-fabric-b1-c4-r5-task-0134,ipfs_verify,True,,6,1783315805660,0,QmPW1qU3hoUSoGbD2KjbwxVen41kGxev6EBjJ6zmEFnCrD,False
1371,b2-fabric-b1-c4-r5,b2-fabric-b1-c4-r5-task-0136,ipfs_add,True,,102,1783315805663,6870,,False
1372,b2-fabric-b1-c4-r5,b2-fabric-b1-c4-r5-task-0137,ipfs_add,True,,118,1783315805664,7887,,False
1373,b2-fabric-b1-c4-r5,b2-fabric-b1-c4-r5-task-0138,ipfs_add,True,,135,1783315805665,6123,,False
1374,b2-fabric-b1-c4-r5,b2-fabric-b1-c4-r5-task-0139,ipfs_add,True,,151,1783315805666,6068,,False
1375,b2-fabric-b1-c4-r5,b2-fabric-b1-c4-r5-task-0138,fabric_post_task,True,,2542,1783315805800,6123,QmbxM1rZVTmJDLmT8oQiDaJVpa1uuVzFek4Pc5717x6PYe,False
1376,b2-fabric-b1-c4-r5,b2-fabric-b1-c4-r5-task-0139,fabric_post_task,True,,2527,1783315805817,6068,QmcYTUAPQTyEWywqTmthoC8xdU1HHnjNHDDrwpWHCUcep9,False
1377,b2-fabric-b1-c4-r5,b2-fabric-b1-c4-r5-task-0136,fabric_post_task,True,,2580,1783315805765,6870,QmUPhkQr4hDrWibXiUjzuteThhvoD1pXuAQ2pvNnCtyJec,False
1378,b2-fabric-b1-c4-r5,b2-fabric-b1-c4-r5-task-0137,fabric_post_task,True,,2564,1783315805782,7887,QmWoPof7qbWPGdMFqG2nBUciJqbqXCfAPLUDZ7bcxJMDyk,False
1379,b2-fabric-b1-c4-r5,b2-fabric-b1-c4-r5-task-0136,fabric_post_allocation,True,,2384,1783315808345,0,,False
1380,b2-fabric-b1-c4-r5,b2-fabric-b1-c4-r5-task-0139,fabric_post_allocation,True,,2385,1783315808344,0,,False
1381,b2-fabric-b1-c4-r5,b2-fabric-b1-c4-r5-task-0137,fabric_post_allocation,True,,2385,1783315808346,0,,False
1382,b2-fabric-b1-c4-r5,b2-fabric-b1-c4-r5-task-0138,fabric_post_allocation,True,,2392,1783315808342,0,,False
1383,b2-fabric-b1-c4-r5,b2-fabric-b1-c4-r5-task-0139,fabric_post_snapshot,True,,2534,1783315810729,0,,False
1384,b2-fabric-b1-c4-r5,b2-fabric-b1-c4-r5-task-0137,fabric_post_snapshot,True,,2534,1783315810731,0,,False
1385,b2-fabric-b1-c4-r5,b2-fabric-b1-c4-r5-task-0136,fabric_post_snapshot,True,,2537,1783315810729,0,,False
1386,b2-fabric-b1-c4-r5,b2-fabric-b1-c4-r5-task-0138,fabric_post_snapshot,True,,2532,1783315810734,0,,False
1387,b2-fabric-b1-c4-r5,b2-fabric-b1-c4-r5-task-0138,fabric_query_confirmation,True,,117,1783315813266,0,,False
1388,b2-fabric-b1-c4-r5,b2-fabric-b1-c4-r5-task-0137,fabric_query_confirmation,True,,118,1783315813265,0,,False
1389,b2-fabric-b1-c4-r5,b2-fabric-b1-c4-r5-task-0139,fabric_query_confirmation,True,,121,1783315813263,0,,False
1390,b2-fabric-b1-c4-r5,b2-fabric-b1-c4-r5-task-0136,fabric_query_confirmation,True,,120,1783315813266,0,,False
1391,b2-fabric-b1-c4-r5,b2-fabric-b1-c4-r5-task-0136,fabric_vote_1,True,,2462,1783315813386,0,,False
1392,b2-fabric-b1-c4-r5,b2-fabric-b1-c4-r5-task-0139,fabric_vote_1,True,,2466,1783315813384,0,,False
1393,b2-fabric-b1-c4-r5,b2-fabric-b1-c4-r5-task-0137,fabric_vote_1,True,,2467,1783315813383,0,,False
1394,b2-fabric-b1-c4-r5,b2-fabric-b1-c4-r5-task-0138,fabric_vote_1,True,,2468,1783315813383,0,,False
1395,b2-fabric-b1-c4-r5,b2-fabric-b1-c4-r5-task-0137,fabric_vote_2,True,,2245,1783315815850,0,,False
1396,b2-fabric-b1-c4-r5,b2-fabric-b1-c4-r5-task-0138,fabric_vote_2,True,,2245,1783315815851,0,,False
1397,b2-fabric-b1-c4-r5,b2-fabric-b1-c4-r5-task-0139,fabric_vote_2,True,,2248,1783315815850,0,,False
1398,b2-fabric-b1-c4-r5,b2-fabric-b1-c4-r5-task-0136,fabric_vote_2,True,,2250,1783315815848,0,,False
1399,b2-fabric-b1-c4-r5,b2-fabric-b1-c4-r5-task-0136,fabric_settlement,True,,1232,1783315818098,0,,False
1400,b2-fabric-b1-c4-r5,b2-fabric-b1-c4-r5-task-0139,fabric_settlement,True,,1232,1783315818098,0,,False
1401,b2-fabric-b1-c4-r5,b2-fabric-b1-c4-r5-task-0138,fabric_settlement,True,,1235,1783315818096,0,,False
1402,b2-fabric-b1-c4-r5,b2-fabric-b1-c4-r5-task-0137,fabric_settlement,True,,1238,1783315818095,0,,False
1403,b2-fabric-b1-c4-r5,b2-fabric-b1-c4-r5-task-0136,fabric_query_final,True,,621,1783315819330,0,,False
1404,b2-fabric-b1-c4-r5,b2-fabric-b1-c4-r5-task-0138,fabric_query_final,True,,620,1783315819331,0,,False
1405,b2-fabric-b1-c4-r5,b2-fabric-b1-c4-r5-task-0137,fabric_query_final,True,,619,1783315819333,0,,False
1406,b2-fabric-b1-c4-r5,b2-fabric-b1-c4-r5-task-0139,fabric_query_final,True,,626,1783315819330,0,,False
1407,b2-fabric-b1-c4-r5,b2-fabric-b1-c4-r5-task-0136,ipfs_verify,True,,9,1783315819951,0,QmUPhkQr4hDrWibXiUjzuteThhvoD1pXuAQ2pvNnCtyJec,False
1408,b2-fabric-b1-c4-r5,b2-fabric-b1-c4-r5-task-0138,ipfs_verify,True,,9,1783315819951,0,QmbxM1rZVTmJDLmT8oQiDaJVpa1uuVzFek4Pc5717x6PYe,False
1409,b2-fabric-b1-c4-r5,b2-fabric-b1-c4-r5-task-0137,ipfs_verify,True,,9,1783315819952,0,QmWoPof7qbWPGdMFqG2nBUciJqbqXCfAPLUDZ7bcxJMDyk,False
1410,b2-fabric-b1-c4-r5,b2-fabric-b1-c4-r5-task-0139,ipfs_verify,True,,8,1783315819956,0,QmcYTUAPQTyEWywqTmthoC8xdU1HHnjNHDDrwpWHCUcep9,False
1411,b2-fabric-b1-c4-r5,b2-fabric-b1-c4-r5-task-0142,ipfs_add,True,,33,1783315819961,4723,,False
1412,b2-fabric-b1-c4-r5,b2-fabric-b1-c4-r5-task-0141,ipfs_add,True,,72,1783315819960,3943,,False
1413,b2-fabric-b1-c4-r5,b2-fabric-b1-c4-r5-task-0143,ipfs_add,True,,88,1783315819964,4660,,False
1414,b2-fabric-b1-c4-r5,b2-fabric-b1-c4-r5-task-0140,ipfs_add,True,,93,1783315819960,3566,,False
1415,b2-fabric-b1-c4-r5,b2-fabric-b1-c4-r5-task-0140,fabric_post_task,True,,2509,1783315820053,3566,QmbKUL6FKk5HdN2RKMY4E5T2YgBw8gzyMB9qqscewgU2PM,False
1416,b2-fabric-b1-c4-r5,b2-fabric-b1-c4-r5-task-0142,fabric_post_task,True,,2568,1783315819994,4723,QmU3gpt8BjdpgMNTTBdF3QXFR37K5SeqUjAYEdmDDig4s5,False
1417,b2-fabric-b1-c4-r5,b2-fabric-b1-c4-r5-task-0141,fabric_post_task,True,,2531,1783315820032,3943,QmU8ccPSVuF7qqoiKy2DMjjWHVge9mBhGy7hX3oM4mFnxu,False
1418,b2-fabric-b1-c4-r5,b2-fabric-b1-c4-r5-task-0143,fabric_post_task,True,,2514,1783315820052,4660,QmTVqeXCxoxwjjanTn4HJUbLVnB4bpVmZgGrTummJ1AQqo,False
1419,b2-fabric-b1-c4-r5,b2-fabric-b1-c4-r5-task-0142,fabric_post_allocation,True,,2590,1783315822562,0,,False
1420,b2-fabric-b1-c4-r5,b2-fabric-b1-c4-r5-task-0141,fabric_post_allocation,True,,2590,1783315822563,0,,False
1421,b2-fabric-b1-c4-r5,b2-fabric-b1-c4-r5-task-0143,fabric_post_allocation,True,,2587,1783315822566,0,,False
1422,b2-fabric-b1-c4-r5,b2-fabric-b1-c4-r5-task-0140,fabric_post_allocation,True,,2592,1783315822562,0,,False
1423,b2-fabric-b1-c4-r5,b2-fabric-b1-c4-r5-task-0140,fabric_post_snapshot,True,,2263,1783315825154,0,,False
1424,b2-fabric-b1-c4-r5,b2-fabric-b1-c4-r5-task-0142,fabric_post_snapshot,True,,2266,1783315825152,0,,False
1425,b2-fabric-b1-c4-r5,b2-fabric-b1-c4-r5-task-0143,fabric_post_snapshot,True,,2265,1783315825153,0,,False
1426,b2-fabric-b1-c4-r5,b2-fabric-b1-c4-r5-task-0141,fabric_post_snapshot,True,,2266,1783315825153,0,,False
1427,b2-fabric-b1-c4-r5,b2-fabric-b1-c4-r5-task-0142,fabric_query_confirmation,True,,108,1783315827418,0,,False
1428,b2-fabric-b1-c4-r5,b2-fabric-b1-c4-r5-task-0143,fabric_query_confirmation,True,,108,1783315827418,0,,False
1429,b2-fabric-b1-c4-r5,b2-fabric-b1-c4-r5-task-0140,fabric_query_confirmation,True,,109,1783315827417,0,,False
1430,b2-fabric-b1-c4-r5,b2-fabric-b1-c4-r5-task-0141,fabric_query_confirmation,True,,111,1783315827419,0,,False
1431,b2-fabric-b1-c4-r5,b2-fabric-b1-c4-r5-task-0140,fabric_vote_1,True,,2489,1783315827526,0,,False
1432,b2-fabric-b1-c4-r5,b2-fabric-b1-c4-r5-task-0142,fabric_vote_1,True,,2490,1783315827526,0,,False
1433,b2-fabric-b1-c4-r5,b2-fabric-b1-c4-r5-task-0143,fabric_vote_1,True,,2490,1783315827526,0,,False
1434,b2-fabric-b1-c4-r5,b2-fabric-b1-c4-r5-task-0141,fabric_vote_1,True,,2488,1783315827530,0,,False
1435,b2-fabric-b1-c4-r5,b2-fabric-b1-c4-r5-task-0141,fabric_vote_2,True,,2256,1783315830018,0,,False
1436,b2-fabric-b1-c4-r5,b2-fabric-b1-c4-r5-task-0140,fabric_vote_2,True,,2260,1783315830015,0,,False
1437,b2-fabric-b1-c4-r5,b2-fabric-b1-c4-r5-task-0143,fabric_vote_2,True,,2259,1783315830016,0,,False
1438,b2-fabric-b1-c4-r5,b2-fabric-b1-c4-r5-task-0142,fabric_vote_2,True,,2261,1783315830016,0,,False
1439,b2-fabric-b1-c4-r5,b2-fabric-b1-c4-r5-task-0141,fabric_settlement,True,,2792,1783315832274,0,,False
1440,b2-fabric-b1-c4-r5,b2-fabric-b1-c4-r5-task-0142,fabric_settlement,True,,2791,1783315832277,0,,False
1441,b2-fabric-b1-c4-r5,b2-fabric-b1-c4-r5-task-0140,fabric_settlement,True,,2794,1783315832275,0,,False
1442,b2-fabric-b1-c4-r5,b2-fabric-b1-c4-r5-task-0143,fabric_settlement,True,,2796,1783315832275,0,,False
1443,b2-fabric-b1-c4-r5,b2-fabric-b1-c4-r5-task-0140,fabric_query_final,True,,588,1783315835069,0,,False
1444,b2-fabric-b1-c4-r5,b2-fabric-b1-c4-r5-task-0141,fabric_query_final,True,,592,1783315835066,0,,False
1445,b2-fabric-b1-c4-r5,b2-fabric-b1-c4-r5-task-0142,fabric_query_final,True,,590,1783315835068,0,,False
1446,b2-fabric-b1-c4-r5,b2-fabric-b1-c4-r5-task-0143,fabric_query_final,True,,590,1783315835071,0,,False
1447,b2-fabric-b1-c4-r5,b2-fabric-b1-c4-r5-task-0140,ipfs_verify,True,,6,1783315835657,0,QmbKUL6FKk5HdN2RKMY4E5T2YgBw8gzyMB9qqscewgU2PM,False
1448,b2-fabric-b1-c4-r5,b2-fabric-b1-c4-r5-task-0142,ipfs_verify,True,,6,1783315835658,0,QmU3gpt8BjdpgMNTTBdF3QXFR37K5SeqUjAYEdmDDig4s5,False
1449,b2-fabric-b1-c4-r5,b2-fabric-b1-c4-r5-task-0141,ipfs_verify,True,,8,1783315835658,0,QmU8ccPSVuF7qqoiKy2DMjjWHVge9mBhGy7hX3oM4mFnxu,False
1450,b2-fabric-b1-c4-r5,b2-fabric-b1-c4-r5-task-0143,ipfs_verify,True,,7,1783315835661,0,QmTVqeXCxoxwjjanTn4HJUbLVnB4bpVmZgGrTummJ1AQqo,False
1451,b2-fabric-b1-c4-r5,b2-fabric-b1-c4-r5-task-0144,ipfs_add,True,,28,1783315835663,4312,,False
1452,b2-fabric-b1-c4-r5,b2-fabric-b1-c4-r5-task-0145,ipfs_add,True,,44,1783315835664,5462,,False
1453,b2-fabric-b1-c4-r5,b2-fabric-b1-c4-r5-task-0146,ipfs_add,True,,59,1783315835666,5475,,False
1454,b2-fabric-b1-c4-r5,b2-fabric-b1-c4-r5-task-0147,ipfs_add,True,,75,1783315835668,4284,,False
1455,b2-fabric-b1-c4-r5,b2-fabric-b1-c4-r5-task-0144,fabric_post_task,True,,2460,1783315835691,4312,QmQZAxaxKLLJQ3P2WWPiuXefNDpmhXdj7A3T7qaNxDGnnf,False
1456,b2-fabric-b1-c4-r5,b2-fabric-b1-c4-r5-task-0146,fabric_post_task,True,,2427,1783315835725,5475,QmTMCQj8BgjN1EopLd1uCHtQPJNQPLrifD8h5c2wtJkq4h,False
1457,b2-fabric-b1-c4-r5,b2-fabric-b1-c4-r5-task-0145,fabric_post_task,True,,2445,1783315835708,5462,QmQawzw1KxV8h7JpxSeDVLwBKMdBrxUCm6dAZkW6LZqh7T,False
1458,b2-fabric-b1-c4-r5,b2-fabric-b1-c4-r5-task-0147,fabric_post_task,True,,2411,1783315835743,4284,QmaFJBETp4JJdAzBH3NfaGGXCVai8pRVmMEDArMatXyrJg,False
1459,b2-fabric-b1-c4-r5,b2-fabric-b1-c4-r5-task-0146,fabric_post_allocation,True,,2316,1783315838152,0,,False
1460,b2-fabric-b1-c4-r5,b2-fabric-b1-c4-r5-task-0147,fabric_post_allocation,True,,2314,1783315838154,0,,False
1461,b2-fabric-b1-c4-r5,b2-fabric-b1-c4-r5-task-0144,fabric_post_allocation,True,,2318,1783315838151,0,,False
1462,b2-fabric-b1-c4-r5,b2-fabric-b1-c4-r5-task-0145,fabric_post_allocation,True,,2318,1783315838153,0,,False
1463,b2-fabric-b1-c4-r5,b2-fabric-b1-c4-r5-task-0144,fabric_post_snapshot,True,,2435,1783315840469,0,,False
1464,b2-fabric-b1-c4-r5,b2-fabric-b1-c4-r5-task-0145,fabric_post_snapshot,True,,2434,1783315840471,0,,False
1465,b2-fabric-b1-c4-r5,b2-fabric-b1-c4-r5-task-0147,fabric_post_snapshot,True,,2437,1783315840468,0,,False
1466,b2-fabric-b1-c4-r5,b2-fabric-b1-c4-r5-task-0146,fabric_post_snapshot,True,,2440,1783315840468,0,,False
1467,b2-fabric-b1-c4-r5,b2-fabric-b1-c4-r5-task-0145,fabric_query_confirmation,True,,301,1783315842905,0,,False
1468,b2-fabric-b1-c4-r5,b2-fabric-b1-c4-r5-task-0144,fabric_query_confirmation,True,,302,1783315842904,0,,False
1469,b2-fabric-b1-c4-r5,b2-fabric-b1-c4-r5-task-0147,fabric_query_confirmation,True,,302,1783315842905,0,,False
1470,b2-fabric-b1-c4-r5,b2-fabric-b1-c4-r5-task-0146,fabric_query_confirmation,True,,302,1783315842908,0,,False
1471,b2-fabric-b1-c4-r5,b2-fabric-b1-c4-r5-task-0147,fabric_vote_1,True,,2276,1783315843207,0,,False
1472,b2-fabric-b1-c4-r5,b2-fabric-b1-c4-r5-task-0145,fabric_vote_1,True,,2278,1783315843206,0,,False
1473,b2-fabric-b1-c4-r5,b2-fabric-b1-c4-r5-task-0144,fabric_vote_1,True,,2279,1783315843206,0,,False
1474,b2-fabric-b1-c4-r5,b2-fabric-b1-c4-r5-task-0146,fabric_vote_1,True,,2276,1783315843210,0,,False
1475,b2-fabric-b1-c4-r5,b2-fabric-b1-c4-r5-task-0147,fabric_vote_2,True,,2242,1783315845483,0,,False
1476,b2-fabric-b1-c4-r5,b2-fabric-b1-c4-r5-task-0145,fabric_vote_2,True,,2241,1783315845484,0,,False
1477,b2-fabric-b1-c4-r5,b2-fabric-b1-c4-r5-task-0146,fabric_vote_2,True,,2240,1783315845486,0,,False
1478,b2-fabric-b1-c4-r5,b2-fabric-b1-c4-r5-task-0144,fabric_vote_2,True,,2243,1783315845485,0,,False
1479,b2-fabric-b1-c4-r5,b2-fabric-b1-c4-r5-task-0147,fabric_settlement,True,,1409,1783315847725,0,,False
1480,b2-fabric-b1-c4-r5,b2-fabric-b1-c4-r5-task-0145,fabric_settlement,True,,1410,1783315847725,0,,False
1481,b2-fabric-b1-c4-r5,b2-fabric-b1-c4-r5-task-0146,fabric_settlement,True,,1409,1783315847726,0,,False
1482,b2-fabric-b1-c4-r5,b2-fabric-b1-c4-r5-task-0144,fabric_settlement,True,,1408,1783315847728,0,,False
1483,b2-fabric-b1-c4-r5,b2-fabric-b1-c4-r5-task-0146,fabric_query_final,True,,332,1783315849135,0,,False
1484,b2-fabric-b1-c4-r5,b2-fabric-b1-c4-r5-task-0144,fabric_query_final,True,,331,1783315849136,0,,False
1485,b2-fabric-b1-c4-r5,b2-fabric-b1-c4-r5-task-0147,fabric_query_final,True,,334,1783315849134,0,,False
1486,b2-fabric-b1-c4-r5,b2-fabric-b1-c4-r5-task-0145,fabric_query_final,True,,338,1783315849135,0,,False
1487,b2-fabric-b1-c4-r5,b2-fabric-b1-c4-r5-task-0147,ipfs_verify,True,,7,1783315849468,0,QmaFJBETp4JJdAzBH3NfaGGXCVai8pRVmMEDArMatXyrJg,False
1488,b2-fabric-b1-c4-r5,b2-fabric-b1-c4-r5-task-0144,ipfs_verify,True,,8,1783315849467,0,QmQZAxaxKLLJQ3P2WWPiuXefNDpmhXdj7A3T7qaNxDGnnf,False
1489,b2-fabric-b1-c4-r5,b2-fabric-b1-c4-r5-task-0146,ipfs_verify,True,,9,1783315849467,0,QmTMCQj8BgjN1EopLd1uCHtQPJNQPLrifD8h5c2wtJkq4h,False
1490,b2-fabric-b1-c4-r5,b2-fabric-b1-c4-r5-task-0145,ipfs_verify,True,,7,1783315849473,0,QmQawzw1KxV8h7JpxSeDVLwBKMdBrxUCm6dAZkW6LZqh7T,False
1491,b2-fabric-b1-c4-r5,b2-fabric-b1-c4-r5-task-0150,ipfs_add,True,,26,1783315849476,1854,,False
1492,b2-fabric-b1-c4-r5,b2-fabric-b1-c4-r5-task-0148,ipfs_add,True,,44,1783315849475,5640,,False
1493,b2-fabric-b1-c4-r5,b2-fabric-b1-c4-r5-task-0149,ipfs_add,True,,60,1783315849475,2546,,False
1494,b2-fabric-b1-c4-r5,b2-fabric-b1-c4-r5-task-0151,ipfs_add,True,,72,1783315849480,8145,,False
1495,b2-fabric-b1-c4-r5,b2-fabric-b1-c4-r5-task-0148,fabric_post_task,True,,2440,1783315849519,5640,QmdfWtEvP6wCkESL2DE4rXkFf4ZAEuqAaWhur95DF4ivC9,False
1496,b2-fabric-b1-c4-r5,b2-fabric-b1-c4-r5-task-0150,fabric_post_task,True,,2458,1783315849502,1854,Qmai7UoY48iFcYWTQWg3KAhEtCNFhrWvnyLa9J1qYPcDzG,False
1497,b2-fabric-b1-c4-r5,b2-fabric-b1-c4-r5-task-0151,fabric_post_task,True,,2409,1783315849552,8145,QmeY5sC4Xv3La4heuKD61xoMY8zD7nwjwXk76bcuFjtHdG,False
1498,b2-fabric-b1-c4-r5,b2-fabric-b1-c4-r5-task-0149,fabric_post_task,True,,2426,1783315849535,2546,QmauYMYLrj6Qa4iDEtbq6r8Nut8Mam7NzrHGxXBG78msQ1,False
1499,b2-fabric-b1-c4-r5,b2-fabric-b1-c4-r5-task-0148,fabric_post_allocation,True,,2315,1783315851959,0,,False
1500,b2-fabric-b1-c4-r5,b2-fabric-b1-c4-r5-task-0149,fabric_post_allocation,True,,2313,1783315851961,0,,False
1501,b2-fabric-b1-c4-r5,b2-fabric-b1-c4-r5-task-0151,fabric_post_allocation,True,,2314,1783315851961,0,,False
1502,b2-fabric-b1-c4-r5,b2-fabric-b1-c4-r5-task-0150,fabric_post_allocation,True,,2315,1783315851960,0,,False
1503,b2-fabric-b1-c4-r5,b2-fabric-b1-c4-r5-task-0150,fabric_post_snapshot,True,,2261,1783315854275,0,,False
1504,b2-fabric-b1-c4-r5,b2-fabric-b1-c4-r5-task-0148,fabric_post_snapshot,True,,2263,1783315854274,0,,False
1505,b2-fabric-b1-c4-r5,b2-fabric-b1-c4-r5-task-0151,fabric_post_snapshot,True,,2262,1783315854275,0,,False
1506,b2-fabric-b1-c4-r5,b2-fabric-b1-c4-r5-task-0149,fabric_post_snapshot,True,,2263,1783315854274,0,,False
1507,b2-fabric-b1-c4-r5,b2-fabric-b1-c4-r5-task-0151,fabric_query_confirmation,True,,110,1783315856537,0,,False
1508,b2-fabric-b1-c4-r5,b2-fabric-b1-c4-r5-task-0148,fabric_query_confirmation,True,,110,1783315856537,0,,False
1509,b2-fabric-b1-c4-r5,b2-fabric-b1-c4-r5-task-0149,fabric_query_confirmation,True,,111,1783315856537,0,,False
1510,b2-fabric-b1-c4-r5,b2-fabric-b1-c4-r5-task-0150,fabric_query_confirmation,True,,156,1783315856536,0,,False
1511,b2-fabric-b1-c4-r5,b2-fabric-b1-c4-r5-task-0151,fabric_vote_1,True,,2245,1783315856647,0,,False
1512,b2-fabric-b1-c4-r5,b2-fabric-b1-c4-r5-task-0148,fabric_vote_1,True,,2246,1783315856647,0,,False
1513,b2-fabric-b1-c4-r5,b2-fabric-b1-c4-r5-task-0150,fabric_vote_1,True,,2201,1783315856692,0,,False
1514,b2-fabric-b1-c4-r5,b2-fabric-b1-c4-r5-task-0149,fabric_vote_1,True,,2246,1783315856648,0,,False
1515,b2-fabric-b1-c4-r5,b2-fabric-b1-c4-r5-task-0150,fabric_vote_2,True,,2248,1783315858893,0,,False
1516,b2-fabric-b1-c4-r5,b2-fabric-b1-c4-r5-task-0149,fabric_vote_2,True,,2248,1783315858894,0,,False
1517,b2-fabric-b1-c4-r5,b2-fabric-b1-c4-r5-task-0151,fabric_vote_2,True,,2251,1783315858892,0,,False
1518,b2-fabric-b1-c4-r5,b2-fabric-b1-c4-r5-task-0148,fabric_vote_2,True,,2252,1783315858893,0,,False
1519,b2-fabric-b1-c4-r5,b2-fabric-b1-c4-r5-task-0148,fabric_settlement,True,,2795,1783315861145,0,,False
1520,b2-fabric-b1-c4-r5,b2-fabric-b1-c4-r5-task-0150,fabric_settlement,True,,2800,1783315861141,0,,False
1521,b2-fabric-b1-c4-r5,b2-fabric-b1-c4-r5-task-0151,fabric_settlement,True,,2798,1783315861143,0,,False
1522,b2-fabric-b1-c4-r5,b2-fabric-b1-c4-r5-task-0149,fabric_settlement,True,,2800,1783315861142,0,,False
1523,b2-fabric-b1-c4-r5,b2-fabric-b1-c4-r5-task-0149,fabric_query_final,True,,518,1783315863942,0,,False
1524,b2-fabric-b1-c4-r5,b2-fabric-b1-c4-r5-task-0150,fabric_query_final,True,,521,1783315863941,0,,False
1525,b2-fabric-b1-c4-r5,b2-fabric-b1-c4-r5-task-0148,fabric_query_final,True,,522,1783315863940,0,,False
1526,b2-fabric-b1-c4-r5,b2-fabric-b1-c4-r5-task-0151,fabric_query_final,True,,523,1783315863941,0,,False
1527,b2-fabric-b1-c4-r5,b2-fabric-b1-c4-r5-task-0149,ipfs_verify,True,,7,1783315864460,0,QmauYMYLrj6Qa4iDEtbq6r8Nut8Mam7NzrHGxXBG78msQ1,False
1528,b2-fabric-b1-c4-r5,b2-fabric-b1-c4-r5-task-0150,ipfs_verify,True,,6,1783315864462,0,Qmai7UoY48iFcYWTQWg3KAhEtCNFhrWvnyLa9J1qYPcDzG,False
1529,b2-fabric-b1-c4-r5,b2-fabric-b1-c4-r5-task-0148,ipfs_verify,True,,7,1783315864462,0,QmdfWtEvP6wCkESL2DE4rXkFf4ZAEuqAaWhur95DF4ivC9,False
1530,b2-fabric-b1-c4-r5,b2-fabric-b1-c4-r5-task-0151,ipfs_verify,True,,7,1783315864464,0,QmeY5sC4Xv3La4heuKD61xoMY8zD7nwjwXk76bcuFjtHdG,False
1531,b2-fabric-b1-c4-r5,b2-fabric-b1-c4-r5-task-0154,ipfs_add,True,,27,1783315864469,1793,,False
1532,b2-fabric-b1-c4-r5,b2-fabric-b1-c4-r5-task-0152,ipfs_add,True,,44,1783315864468,1875,,False
1533,b2-fabric-b1-c4-r5,b2-fabric-b1-c4-r5-task-0153,ipfs_add,True,,61,1783315864468,1788,,False
1534,b2-fabric-b1-c4-r5,b2-fabric-b1-c4-r5-task-0155,ipfs_add,True,,75,1783315864471,1762,,False
1535,b2-fabric-b1-c4-r5,b2-fabric-b1-c4-r5-task-0155,fabric_post_task,True,,2421,1783315864546,1762,QmZKGWeYUaSbmhea5zAe3URkAmm7YgQGteWNmKZR7217eJ,False
1536,b2-fabric-b1-c4-r5,b2-fabric-b1-c4-r5-task-0153,fabric_post_task,True,,2439,1783315864529,1788,QmRZHsRgbCA4gkEdt79xRJkB1H6eYmgZjWvtkeZDXPP6aA,False
1537,b2-fabric-b1-c4-r5,b2-fabric-b1-c4-r5-task-0152,fabric_post_task,True,,2457,1783315864512,1875,QmPmVehraUyhMbSn9HCTL8q359r1tCfXC2uYfULpBHLvjP,False
1538,b2-fabric-b1-c4-r5,b2-fabric-b1-c4-r5-task-0154,fabric_post_task,True,,2474,1783315864496,1793,QmP1smz82VDmVYAjCDQXQL3tQyjhLY9AZx4ihRR3bmQmqR,False
1539,b2-fabric-b1-c4-r5,b2-fabric-b1-c4-r5-task-0152,fabric_post_allocation,True,,2321,1783315866969,0,,False
1540,b2-fabric-b1-c4-r5,b2-fabric-b1-c4-r5-task-0155,fabric_post_allocation,True,,2324,1783315866967,0,,False
1541,b2-fabric-b1-c4-r5,b2-fabric-b1-c4-r5-task-0153,fabric_post_allocation,True,,2324,1783315866968,0,,False
1542,b2-fabric-b1-c4-r5,b2-fabric-b1-c4-r5-task-0154,fabric_post_allocation,True,,2322,1783315866970,0,,False
1543,b2-fabric-b1-c4-r5,b2-fabric-b1-c4-r5-task-0154,fabric_post_snapshot,True,,2266,1783315869292,0,,False
1544,b2-fabric-b1-c4-r5,b2-fabric-b1-c4-r5-task-0153,fabric_post_snapshot,True,,2267,1783315869292,0,,False
1545,b2-fabric-b1-c4-r5,b2-fabric-b1-c4-r5-task-0152,fabric_post_snapshot,True,,2270,1783315869290,0,,False
1546,b2-fabric-b1-c4-r5,b2-fabric-b1-c4-r5-task-0155,fabric_post_snapshot,True,,2270,1783315869291,0,,False
1547,b2-fabric-b1-c4-r5,b2-fabric-b1-c4-r5-task-0152,fabric_query_confirmation,True,,108,1783315871560,0,,False
1548,b2-fabric-b1-c4-r5,b2-fabric-b1-c4-r5-task-0154,fabric_query_confirmation,True,,111,1783315871558,0,,False
1549,b2-fabric-b1-c4-r5,b2-fabric-b1-c4-r5-task-0155,fabric_query_confirmation,True,,108,1783315871561,0,,False
1550,b2-fabric-b1-c4-r5,b2-fabric-b1-c4-r5-task-0153,fabric_query_confirmation,True,,112,1783315871559,0,,False
1551,b2-fabric-b1-c4-r5,b2-fabric-b1-c4-r5-task-0155,fabric_vote_1,True,,2443,1783315871669,0,,False
1552,b2-fabric-b1-c4-r5,b2-fabric-b1-c4-r5-task-0152,fabric_vote_1,True,,2444,1783315871668,0,,False
1553,b2-fabric-b1-c4-r5,b2-fabric-b1-c4-r5-task-0154,fabric_vote_1,True,,2444,1783315871669,0,,False
1554,b2-fabric-b1-c4-r5,b2-fabric-b1-c4-r5-task-0153,fabric_vote_1,True,,2445,1783315871671,0,,False
1555,b2-fabric-b1-c4-r5,b2-fabric-b1-c4-r5-task-0155,fabric_vote_2,True,,2425,1783315874112,0,,False
1556,b2-fabric-b1-c4-r5,b2-fabric-b1-c4-r5-task-0153,fabric_vote_2,True,,2421,1783315874116,0,,False
1557,b2-fabric-b1-c4-r5,b2-fabric-b1-c4-r5-task-0154,fabric_vote_2,True,,2426,1783315874113,0,,False
1558,b2-fabric-b1-c4-r5,b2-fabric-b1-c4-r5-task-0152,fabric_vote_2,True,,2428,1783315874112,0,,False
1559,b2-fabric-b1-c4-r5,b2-fabric-b1-c4-r5-task-0155,fabric_settlement,True,,1440,1783315876537,0,,False
1560,b2-fabric-b1-c4-r5,b2-fabric-b1-c4-r5-task-0153,fabric_settlement,True,,1441,1783315876537,0,,False
1561,b2-fabric-b1-c4-r5,b2-fabric-b1-c4-r5-task-0152,fabric_settlement,True,,1439,1783315876540,0,,False
1562,b2-fabric-b1-c4-r5,b2-fabric-b1-c4-r5-task-0154,fabric_settlement,True,,1442,1783315876539,0,,False
1563,b2-fabric-b1-c4-r5,b2-fabric-b1-c4-r5-task-0152,fabric_query_final,True,,695,1783315877979,0,,False
1564,b2-fabric-b1-c4-r5,b2-fabric-b1-c4-r5-task-0154,fabric_query_final,True,,694,1783315877981,0,,False
1565,b2-fabric-b1-c4-r5,b2-fabric-b1-c4-r5-task-0155,fabric_query_final,True,,699,1783315877977,0,,False
1566,b2-fabric-b1-c4-r5,b2-fabric-b1-c4-r5-task-0153,fabric_query_final,True,,701,1783315877978,0,,False
1567,b2-fabric-b1-c4-r5,b2-fabric-b1-c4-r5-task-0152,ipfs_verify,True,,7,1783315878674,0,QmPmVehraUyhMbSn9HCTL8q359r1tCfXC2uYfULpBHLvjP,False
1568,b2-fabric-b1-c4-r5,b2-fabric-b1-c4-r5-task-0154,ipfs_verify,True,,7,1783315878675,0,QmP1smz82VDmVYAjCDQXQL3tQyjhLY9AZx4ihRR3bmQmqR,False
1569,b2-fabric-b1-c4-r5,b2-fabric-b1-c4-r5-task-0155,ipfs_verify,True,,6,1783315878676,0,QmZKGWeYUaSbmhea5zAe3URkAmm7YgQGteWNmKZR7217eJ,False
1570,b2-fabric-b1-c4-r5,b2-fabric-b1-c4-r5-task-0153,ipfs_verify,True,,5,1783315878679,0,QmRZHsRgbCA4gkEdt79xRJkB1H6eYmgZjWvtkeZDXPP6aA,False
1571,b2-fabric-b1-c4-r5,b2-fabric-b1-c4-r5-task-0157,ipfs_add,True,,32,1783315878682,5957,,False
1572,b2-fabric-b1-c4-r5,b2-fabric-b1-c4-r5-task-0156,ipfs_add,True,,50,1783315878681,5744,,False
1573,b2-fabric-b1-c4-r5,b2-fabric-b1-c4-r5-task-0158,ipfs_add,True,,75,1783315878682,2353,,False
1574,b2-fabric-b1-c4-r5,b2-fabric-b1-c4-r5-task-0159,ipfs_add,True,,90,1783315878684,1618,,False
1575,b2-fabric-b1-c4-r5,b2-fabric-b1-c4-r5-task-0157,fabric_post_task,True,,2466,1783315878714,5957,QmWamsqRbU1q3fiJX5vX2XCvBRJV8eoK1PEp3ctrbdxoam,False
1576,b2-fabric-b1-c4-r5,b2-fabric-b1-c4-r5-task-0159,fabric_post_task,True,,2406,1783315878774,1618,QmdxYpLKMtBw1hrsF8LgCLrKH1BbADtRRsjGCzLCCrthCc,False
1577,b2-fabric-b1-c4-r5,b2-fabric-b1-c4-r5-task-0156,fabric_post_task,True,,2451,1783315878731,5744,QmSqr1qUgBC93JV58qSDUGhGxFsKaVMkP8Lc2oQULWUSmz,False
1578,b2-fabric-b1-c4-r5,b2-fabric-b1-c4-r5-task-0158,fabric_post_task,True,,2427,1783315878757,2353,QmW45d5KDagXQxapoDsAgos4eR8RW7sWehPq9Qivyv3imb,False
1579,b2-fabric-b1-c4-r5,b2-fabric-b1-c4-r5-task-0159,fabric_post_allocation,True,,2533,1783315881180,0,,False
1580,b2-fabric-b1-c4-r5,b2-fabric-b1-c4-r5-task-0158,fabric_post_allocation,True,,2529,1783315881184,0,,False
1581,b2-fabric-b1-c4-r5,b2-fabric-b1-c4-r5-task-0157,fabric_post_allocation,True,,2534,1783315881180,0,,False
1582,b2-fabric-b1-c4-r5,b2-fabric-b1-c4-r5-task-0156,fabric_post_allocation,True,,2535,1783315881182,0,,False
1583,b2-fabric-b1-c4-r5,b2-fabric-b1-c4-r5-task-0158,fabric_post_snapshot,True,,2434,1783315883714,0,,False
1584,b2-fabric-b1-c4-r5,b2-fabric-b1-c4-r5-task-0159,fabric_post_snapshot,True,,2435,1783315883713,0,,False
1585,b2-fabric-b1-c4-r5,b2-fabric-b1-c4-r5-task-0156,fabric_post_snapshot,True,,2431,1783315883717,0,,False
1586,b2-fabric-b1-c4-r5,b2-fabric-b1-c4-r5-task-0157,fabric_post_snapshot,True,,2438,1783315883714,0,,False
1587,b2-fabric-b1-c4-r5,b2-fabric-b1-c4-r5-task-0158,fabric_query_confirmation,True,,300,1783315886148,0,,False
1588,b2-fabric-b1-c4-r5,b2-fabric-b1-c4-r5-task-0157,fabric_query_confirmation,True,,297,1783315886152,0,,False
1589,b2-fabric-b1-c4-r5,b2-fabric-b1-c4-r5-task-0156,fabric_query_confirmation,True,,301,1783315886148,0,,False
1590,b2-fabric-b1-c4-r5,b2-fabric-b1-c4-r5-task-0159,fabric_query_confirmation,True,,304,1783315886148,0,,False
1591,b2-fabric-b1-c4-r5,b2-fabric-b1-c4-r5-task-0157,fabric_vote_1,True,,2473,1783315886449,0,,False
1592,b2-fabric-b1-c4-r5,b2-fabric-b1-c4-r5-task-0156,fabric_vote_1,True,,2476,1783315886449,0,,False
1593,b2-fabric-b1-c4-r5,b2-fabric-b1-c4-r5-task-0159,fabric_vote_1,True,,2473,1783315886452,0,,False
1594,b2-fabric-b1-c4-r5,b2-fabric-b1-c4-r5-task-0158,fabric_vote_1,True,,2478,1783315886448,0,,False
1595,b2-fabric-b1-c4-r5,b2-fabric-b1-c4-r5-task-0156,fabric_vote_2,True,,2523,1783315888925,0,,False
1596,b2-fabric-b1-c4-r5,b2-fabric-b1-c4-r5-task-0159,fabric_vote_2,True,,2523,1783315888926,0,,False
1597,b2-fabric-b1-c4-r5,b2-fabric-b1-c4-r5-task-0157,fabric_vote_2,True,,2527,1783315888922,0,,False
1598,b2-fabric-b1-c4-r5,b2-fabric-b1-c4-r5-task-0158,fabric_vote_2,True,,2526,1783315888926,0,,False
1599,b2-fabric-b1-c4-r5,b2-fabric-b1-c4-r5-task-0157,fabric_settlement,True,,2480,1783315891449,0,,False
1600,b2-fabric-b1-c4-r5,b2-fabric-b1-c4-r5-task-0158,fabric_settlement,True,,2477,1783315891452,0,,False
1601,b2-fabric-b1-c4-r5,b2-fabric-b1-c4-r5-task-0156,fabric_settlement,True,,2482,1783315891448,0,,False
1602,b2-fabric-b1-c4-r5,b2-fabric-b1-c4-r5-task-0159,fabric_settlement,True,,2483,1783315891449,0,,False
1603,b2-fabric-b1-c4-r5,b2-fabric-b1-c4-r5-task-0156,fabric_query_final,True,,523,1783315893930,0,,False
1604,b2-fabric-b1-c4-r5,b2-fabric-b1-c4-r5-task-0157,fabric_query_final,True,,524,1783315893929,0,,False
1605,b2-fabric-b1-c4-r5,b2-fabric-b1-c4-r5-task-0159,fabric_query_final,True,,521,1783315893932,0,,False
1606,b2-fabric-b1-c4-r5,b2-fabric-b1-c4-r5-task-0158,fabric_query_final,True,,530,1783315893929,0,,False
1607,b2-fabric-b1-c4-r5,b2-fabric-b1-c4-r5-task-0157,ipfs_verify,True,,7,1783315894453,0,QmWamsqRbU1q3fiJX5vX2XCvBRJV8eoK1PEp3ctrbdxoam,False
1608,b2-fabric-b1-c4-r5,b2-fabric-b1-c4-r5-task-0156,ipfs_verify,True,,8,1783315894453,0,QmSqr1qUgBC93JV58qSDUGhGxFsKaVMkP8Lc2oQULWUSmz,False
1609,b2-fabric-b1-c4-r5,b2-fabric-b1-c4-r5-task-0159,ipfs_verify,True,,8,1783315894453,0,QmdxYpLKMtBw1hrsF8LgCLrKH1BbADtRRsjGCzLCCrthCc,False
1610,b2-fabric-b1-c4-r5,b2-fabric-b1-c4-r5-task-0158,ipfs_verify,True,,6,1783315894459,0,QmW45d5KDagXQxapoDsAgos4eR8RW7sWehPq9Qivyv3imb,False
1611,b2-fabric-b1-c4-r5,b2-fabric-b1-c4-r5-task-0161,ipfs_add,True,,33,1783315894461,2567,,False
1612,b2-fabric-b1-c4-r5,b2-fabric-b1-c4-r5-task-0160,ipfs_add,True,,49,1783315894461,3112,,False
1613,b2-fabric-b1-c4-r5,b2-fabric-b1-c4-r5-task-0162,ipfs_add,True,,65,1783315894461,2034,,False
1614,b2-fabric-b1-c4-r5,b2-fabric-b1-c4-r5-task-0163,ipfs_add,True,,78,1783315894465,5564,,False
1615,b2-fabric-b1-c4-r5,b2-fabric-b1-c4-r5-task-0161,fabric_post_task,True,,2473,1783315894494,2567,QmVHT5ucjcpkHShAnZazRTavev3cXT2osoYZL29UVeigZs,False
1616,b2-fabric-b1-c4-r5,b2-fabric-b1-c4-r5-task-0162,fabric_post_task,True,,2441,1783315894526,2034,QmWEY5PvyU4H8vYcY2riKxKMc1nBFYKtSn243fBKXvUxUT,False
1617,b2-fabric-b1-c4-r5,b2-fabric-b1-c4-r5-task-0160,fabric_post_task,True,,2459,1783315894510,3112,QmZcHogHrAZaeaBhWnqwZoH5LhmdVbJ6pEy6KSUXD7Sqeh,False
1618,b2-fabric-b1-c4-r5,b2-fabric-b1-c4-r5-task-0163,fabric_post_task,True,,2429,1783315894543,5564,QmWVNuFxXBBoYjDDqPM5JjHqatxTLGdC8aLk7ick1Kz4Yb,False
1619,b2-fabric-b1-c4-r5,b2-fabric-b1-c4-r5-task-0162,fabric_post_allocation,True,,2540,1783315896967,0,,False
1620,b2-fabric-b1-c4-r5,b2-fabric-b1-c4-r5-task-0163,fabric_post_allocation,True,,2536,1783315896972,0,,False
1621,b2-fabric-b1-c4-r5,b2-fabric-b1-c4-r5-task-0160,fabric_post_allocation,True,,2539,1783315896969,0,,False
1622,b2-fabric-b1-c4-r5,b2-fabric-b1-c4-r5-task-0161,fabric_post_allocation,True,,2544,1783315896967,0,,False
1623,b2-fabric-b1-c4-r5,b2-fabric-b1-c4-r5-task-0162,fabric_post_snapshot,True,,2462,1783315899507,0,,False
1624,b2-fabric-b1-c4-r5,b2-fabric-b1-c4-r5-task-0161,fabric_post_snapshot,True,,2459,1783315899511,0,,False
1625,b2-fabric-b1-c4-r5,b2-fabric-b1-c4-r5-task-0163,fabric_post_snapshot,True,,2462,1783315899508,0,,False
1626,b2-fabric-b1-c4-r5,b2-fabric-b1-c4-r5-task-0160,fabric_post_snapshot,True,,2465,1783315899508,0,,False
1627,b2-fabric-b1-c4-r5,b2-fabric-b1-c4-r5-task-0163,fabric_query_confirmation,True,,295,1783315901970,0,,False
1628,b2-fabric-b1-c4-r5,b2-fabric-b1-c4-r5-task-0160,fabric_query_confirmation,True,,293,1783315901973,0,,False
1629,b2-fabric-b1-c4-r5,b2-fabric-b1-c4-r5-task-0161,fabric_query_confirmation,True,,297,1783315901970,0,,False
1630,b2-fabric-b1-c4-r5,b2-fabric-b1-c4-r5-task-0162,fabric_query_confirmation,True,,299,1783315901969,0,,False
1631,b2-fabric-b1-c4-r5,b2-fabric-b1-c4-r5-task-0161,fabric_vote_1,True,,2458,1783315902267,0,,False
1632,b2-fabric-b1-c4-r5,b2-fabric-b1-c4-r5-task-0160,fabric_vote_1,True,,2459,1783315902266,0,,False
1633,b2-fabric-b1-c4-r5,b2-fabric-b1-c4-r5-task-0163,fabric_vote_1,True,,2461,1783315902265,0,,False
1634,b2-fabric-b1-c4-r5,b2-fabric-b1-c4-r5-task-0162,fabric_vote_1,True,,2460,1783315902268,0,,False
1635,b2-fabric-b1-c4-r5,b2-fabric-b1-c4-r5-task-0160,fabric_vote_2,True,,1110,1783315904725,0,,False
1636,b2-fabric-b1-c4-r5,b2-fabric-b1-c4-r5-task-0163,fabric_vote_2,True,,1109,1783315904726,0,,False
1637,b2-fabric-b1-c4-r5,b2-fabric-b1-c4-r5-task-0162,fabric_vote_2,True,,1108,1783315904728,0,,False
1638,b2-fabric-b1-c4-r5,b2-fabric-b1-c4-r5-task-0161,fabric_vote_2,True,,1112,1783315904725,0,,False
1639,b2-fabric-b1-c4-r5,b2-fabric-b1-c4-r5-task-0160,fabric_settlement,True,,2291,1783315905835,0,,False
1640,b2-fabric-b1-c4-r5,b2-fabric-b1-c4-r5-task-0163,fabric_settlement,True,,2292,1783315905835,0,,False
1641,b2-fabric-b1-c4-r5,b2-fabric-b1-c4-r5-task-0161,fabric_settlement,True,,2291,1783315905837,0,,False
1642,b2-fabric-b1-c4-r5,b2-fabric-b1-c4-r5-task-0162,fabric_settlement,True,,2294,1783315905836,0,,False
1643,b2-fabric-b1-c4-r5,b2-fabric-b1-c4-r5-task-0161,fabric_query_final,True,,727,1783315908128,0,,False
1644,b2-fabric-b1-c4-r5,b2-fabric-b1-c4-r5-task-0163,fabric_query_final,True,,729,1783315908127,0,,False
1645,b2-fabric-b1-c4-r5,b2-fabric-b1-c4-r5-task-0162,fabric_query_final,True,,726,1783315908130,0,,False
1646,b2-fabric-b1-c4-r5,b2-fabric-b1-c4-r5-task-0160,fabric_query_final,True,,732,1783315908126,0,,False
1647,b2-fabric-b1-c4-r5,b2-fabric-b1-c4-r5-task-0161,ipfs_verify,True,,8,1783315908855,0,QmVHT5ucjcpkHShAnZazRTavev3cXT2osoYZL29UVeigZs,False
1648,b2-fabric-b1-c4-r5,b2-fabric-b1-c4-r5-task-0163,ipfs_verify,True,,8,1783315908856,0,QmWVNuFxXBBoYjDDqPM5JjHqatxTLGdC8aLk7ick1Kz4Yb,False
1649,b2-fabric-b1-c4-r5,b2-fabric-b1-c4-r5-task-0162,ipfs_verify,True,,8,1783315908856,0,QmWEY5PvyU4H8vYcY2riKxKMc1nBFYKtSn243fBKXvUxUT,False
1650,b2-fabric-b1-c4-r5,b2-fabric-b1-c4-r5-task-0160,ipfs_verify,True,,7,1783315908858,0,QmZcHogHrAZaeaBhWnqwZoH5LhmdVbJ6pEy6KSUXD7Sqeh,False
1651,b2-fabric-b1-c4-r5,b2-fabric-b1-c4-r5-task-0167,ipfs_add,True,,33,1783315908865,2244,,False
1652,b2-fabric-b1-c4-r5,b2-fabric-b1-c4-r5-task-0165,ipfs_add,True,,50,1783315908864,5181,,False
1653,b2-fabric-b1-c4-r5,b2-fabric-b1-c4-r5-task-0166,ipfs_add,True,,66,1783315908864,3237,,False
1654,b2-fabric-b1-c4-r5,b2-fabric-b1-c4-r5-task-0164,ipfs_add,True,,84,1783315908863,1901,,False
1655,b2-fabric-b1-c4-r5,b2-fabric-b1-c4-r5-task-0166,fabric_post_task,True,,2426,1783315908930,3237,QmTApS5qYgw5B1RZ5zisGBzCjQxmJKLLc5piMQryNc95Lw,False
1656,b2-fabric-b1-c4-r5,b2-fabric-b1-c4-r5-task-0167,fabric_post_task,True,,2459,1783315908898,2244,Qmb6sxdzbJZRHwThCpZp383LPMsQpPY5tVXmGq6tj6WAkE,False
1657,b2-fabric-b1-c4-r5,b2-fabric-b1-c4-r5-task-0165,fabric_post_task,True,,2446,1783315908914,5181,QmfCP6JMHwAJzdeV44wRErrYPKwmwJ5zKaxLaC7PSEh7Xv,False
1658,b2-fabric-b1-c4-r5,b2-fabric-b1-c4-r5-task-0164,fabric_post_task,True,,2414,1783315908947,1901,QmenUvYwtVYLLgnnt9kzR3UcGRzkbap5J3M93Rp33ndQBW,False
1659,b2-fabric-b1-c4-r5,b2-fabric-b1-c4-r5-task-0167,fabric_post_allocation,True,,2331,1783315911357,0,,False
1660,b2-fabric-b1-c4-r5,b2-fabric-b1-c4-r5-task-0164,fabric_post_allocation,True,,2327,1783315911361,0,,False
1661,b2-fabric-b1-c4-r5,b2-fabric-b1-c4-r5-task-0166,fabric_post_allocation,True,,2333,1783315911356,0,,False
1662,b2-fabric-b1-c4-r5,b2-fabric-b1-c4-r5-task-0165,fabric_post_allocation,True,,2331,1783315911360,0,,False
1663,b2-fabric-b1-c4-r5,b2-fabric-b1-c4-r5-task-0165,fabric_post_snapshot,True,,2467,1783315913692,0,,False
1664,b2-fabric-b1-c4-r5,b2-fabric-b1-c4-r5-task-0166,fabric_post_snapshot,True,,2471,1783315913689,0,,False
1665,b2-fabric-b1-c4-r5,b2-fabric-b1-c4-r5-task-0164,fabric_post_snapshot,True,,2473,1783315913688,0,,False
1666,b2-fabric-b1-c4-r5,b2-fabric-b1-c4-r5-task-0167,fabric_post_snapshot,True,,2474,1783315913688,0,,False
1667,b2-fabric-b1-c4-r5,b2-fabric-b1-c4-r5-task-0167,fabric_query_confirmation,True,,113,1783315916162,0,,False
1668,b2-fabric-b1-c4-r5,b2-fabric-b1-c4-r5-task-0165,fabric_query_confirmation,True,,116,1783315916160,0,,False
1669,b2-fabric-b1-c4-r5,b2-fabric-b1-c4-r5-task-0164,fabric_query_confirmation,True,,115,1783315916161,0,,False
1670,b2-fabric-b1-c4-r5,b2-fabric-b1-c4-r5-task-0166,fabric_query_confirmation,True,,119,1783315916160,0,,False
1671,b2-fabric-b1-c4-r5,b2-fabric-b1-c4-r5-task-0167,fabric_vote_1,True,,2451,1783315916275,0,,False
1672,b2-fabric-b1-c4-r5,b2-fabric-b1-c4-r5-task-0164,fabric_vote_1,True,,2451,1783315916276,0,,False
1673,b2-fabric-b1-c4-r5,b2-fabric-b1-c4-r5-task-0166,fabric_vote_1,True,,2448,1783315916279,0,,False
1674,b2-fabric-b1-c4-r5,b2-fabric-b1-c4-r5-task-0165,fabric_vote_1,True,,2454,1783315916276,0,,False
1675,b2-fabric-b1-c4-r5,b2-fabric-b1-c4-r5-task-0167,fabric_vote_2,True,,2752,1783315918726,0,,False
1676,b2-fabric-b1-c4-r5,b2-fabric-b1-c4-r5-task-0165,fabric_vote_2,True,,2748,1783315918730,0,,False
1677,b2-fabric-b1-c4-r5,b2-fabric-b1-c4-r5-task-0164,fabric_vote_2,True,,2751,1783315918727,0,,False
1678,b2-fabric-b1-c4-r5,b2-fabric-b1-c4-r5-task-0166,fabric_vote_2,True,,2754,1783315918727,0,,False
1679,b2-fabric-b1-c4-r5,b2-fabric-b1-c4-r5-task-0164,fabric_settlement,True,,2499,1783315921478,0,,False
1680,b2-fabric-b1-c4-r5,b2-fabric-b1-c4-r5-task-0167,fabric_settlement,True,,2501,1783315921478,0,,False
1681,b2-fabric-b1-c4-r5,b2-fabric-b1-c4-r5-task-0165,fabric_settlement,True,,2502,1783315921478,0,,False
1682,b2-fabric-b1-c4-r5,b2-fabric-b1-c4-r5-task-0166,fabric_settlement,True,,2500,1783315921481,0,,False
1683,b2-fabric-b1-c4-r5,b2-fabric-b1-c4-r5-task-0165,fabric_query_final,True,,683,1783315923980,0,,False
1684,b2-fabric-b1-c4-r5,b2-fabric-b1-c4-r5-task-0167,fabric_query_final,True,,684,1783315923979,0,,False
1685,b2-fabric-b1-c4-r5,b2-fabric-b1-c4-r5-task-0166,fabric_query_final,True,,683,1783315923981,0,,False
1686,b2-fabric-b1-c4-r5,b2-fabric-b1-c4-r5-task-0164,fabric_query_final,True,,689,1783315923977,0,,False
1687,b2-fabric-b1-c4-r5,b2-fabric-b1-c4-r5-task-0165,ipfs_verify,True,,7,1783315924663,0,QmfCP6JMHwAJzdeV44wRErrYPKwmwJ5zKaxLaC7PSEh7Xv,False
1688,b2-fabric-b1-c4-r5,b2-fabric-b1-c4-r5-task-0167,ipfs_verify,True,,7,1783315924663,0,Qmb6sxdzbJZRHwThCpZp383LPMsQpPY5tVXmGq6tj6WAkE,False
1689,b2-fabric-b1-c4-r5,b2-fabric-b1-c4-r5-task-0166,ipfs_verify,True,,7,1783315924664,0,QmTApS5qYgw5B1RZ5zisGBzCjQxmJKLLc5piMQryNc95Lw,False
1690,b2-fabric-b1-c4-r5,b2-fabric-b1-c4-r5-task-0164,ipfs_verify,True,,6,1783315924666,0,QmenUvYwtVYLLgnnt9kzR3UcGRzkbap5J3M93Rp33ndQBW,False
1691,b2-fabric-b1-c4-r5,b2-fabric-b1-c4-r5-task-0168,ipfs_add,True,,27,1783315924670,3309,,False
1692,b2-fabric-b1-c4-r5,b2-fabric-b1-c4-r5-task-0169,ipfs_add,True,,43,1783315924670,7969,,False
1693,b2-fabric-b1-c4-r5,b2-fabric-b1-c4-r5-task-0170,ipfs_add,True,,57,1783315924673,4645,,False
1694,b2-fabric-b1-c4-r5,b2-fabric-b1-c4-r5-task-0171,ipfs_add,True,,76,1783315924672,4195,,False
1695,b2-fabric-b1-c4-r5,b2-fabric-b1-c4-r5-task-0171,fabric_post_task,True,,2412,1783315924748,4195,QmZjdLVQXtktv5yJUsy2JQrY7etRcY2dQbqD5P8k7FzLSd,False
1696,b2-fabric-b1-c4-r5,b2-fabric-b1-c4-r5-task-0168,fabric_post_task,True,,2464,1783315924697,3309,QmW3R2ZUk1JeXnvoaVApYX6D73xdA2HnR93n8FvAGo1XWp,False
1697,b2-fabric-b1-c4-r5,b2-fabric-b1-c4-r5-task-0170,fabric_post_task,True,,2432,1783315924730,4645,QmSos72kuKbiboaW2t61phLxW7ptKFQdMCisw6tNBtbcDE,False
1698,b2-fabric-b1-c4-r5,b2-fabric-b1-c4-r5-task-0169,fabric_post_task,True,,2451,1783315924713,7969,QmZLqC3g86PSYcSxK1cxvHGJ8Aik2UoKw8caWw7XhNXkPF,False
1699,b2-fabric-b1-c4-r5,b2-fabric-b1-c4-r5-task-0170,fabric_post_allocation,True,,2569,1783315927162,0,,False
1700,b2-fabric-b1-c4-r5,b2-fabric-b1-c4-r5-task-0168,fabric_post_allocation,True,,2570,1783315927161,0,,False
1701,b2-fabric-b1-c4-r5,b2-fabric-b1-c4-r5-task-0171,fabric_post_allocation,True,,2573,1783315927160,0,,False
1702,b2-fabric-b1-c4-r5,b2-fabric-b1-c4-r5-task-0169,fabric_post_allocation,True,,2569,1783315927164,0,,False
1703,b2-fabric-b1-c4-r5,b2-fabric-b1-c4-r5-task-0169,fabric_post_snapshot,True,,2249,1783315929733,0,,False
1704,b2-fabric-b1-c4-r5,b2-fabric-b1-c4-r5-task-0168,fabric_post_snapshot,True,,2251,1783315929731,0,,False
1705,b2-fabric-b1-c4-r5,b2-fabric-b1-c4-r5-task-0171,fabric_post_snapshot,True,,2250,1783315929733,0,,False
1706,b2-fabric-b1-c4-r5,b2-fabric-b1-c4-r5-task-0170,fabric_post_snapshot,True,,2254,1783315929731,0,,False
1707,b2-fabric-b1-c4-r5,b2-fabric-b1-c4-r5-task-0169,fabric_query_confirmation,True,,319,1783315931982,0,,False
1708,b2-fabric-b1-c4-r5,b2-fabric-b1-c4-r5-task-0171,fabric_query_confirmation,True,,318,1783315931983,0,,False
1709,b2-fabric-b1-c4-r5,b2-fabric-b1-c4-r5-task-0170,fabric_query_confirmation,True,,317,1783315931985,0,,False
1710,b2-fabric-b1-c4-r5,b2-fabric-b1-c4-r5-task-0168,fabric_query_confirmation,True,,320,1783315931982,0,,False
1711,b2-fabric-b1-c4-r5,b2-fabric-b1-c4-r5-task-0168,fabric_vote_1,True,,2241,1783315932302,0,,False
1712,b2-fabric-b1-c4-r5,b2-fabric-b1-c4-r5-task-0170,fabric_vote_1,True,,2241,1783315932302,0,,False
1713,b2-fabric-b1-c4-r5,b2-fabric-b1-c4-r5-task-0169,fabric_vote_1,True,,2243,1783315932301,0,,False
1714,b2-fabric-b1-c4-r5,b2-fabric-b1-c4-r5-task-0171,fabric_vote_1,True,,2244,1783315932301,0,,False
1715,b2-fabric-b1-c4-r5,b2-fabric-b1-c4-r5-task-0168,fabric_vote_2,True,,1260,1783315934543,0,,False
1716,b2-fabric-b1-c4-r5,b2-fabric-b1-c4-r5-task-0171,fabric_vote_2,True,,1259,1783315934545,0,,False
1717,b2-fabric-b1-c4-r5,b2-fabric-b1-c4-r5-task-0170,fabric_vote_2,True,,1262,1783315934543,0,,False
1718,b2-fabric-b1-c4-r5,b2-fabric-b1-c4-r5-task-0169,fabric_vote_2,True,,1262,1783315934544,0,,False
1719,b2-fabric-b1-c4-r5,b2-fabric-b1-c4-r5-task-0170,fabric_settlement,True,,2295,1783315935805,0,,False
1720,b2-fabric-b1-c4-r5,b2-fabric-b1-c4-r5-task-0169,fabric_settlement,True,,2294,1783315935806,0,,False
1721,b2-fabric-b1-c4-r5,b2-fabric-b1-c4-r5-task-0171,fabric_settlement,True,,2297,1783315935804,0,,False
1722,b2-fabric-b1-c4-r5,b2-fabric-b1-c4-r5-task-0168,fabric_settlement,True,,2301,1783315935803,0,,False
1723,b2-fabric-b1-c4-r5,b2-fabric-b1-c4-r5-task-0170,fabric_query_final,True,,689,1783315938100,0,,False
1724,b2-fabric-b1-c4-r5,b2-fabric-b1-c4-r5-task-0171,fabric_query_final,True,,688,1783315938101,0,,False
1725,b2-fabric-b1-c4-r5,b2-fabric-b1-c4-r5-task-0169,fabric_query_final,True,,689,1783315938101,0,,False
1726,b2-fabric-b1-c4-r5,b2-fabric-b1-c4-r5-task-0168,fabric_query_final,True,,689,1783315938104,0,,False
1727,b2-fabric-b1-c4-r5,b2-fabric-b1-c4-r5-task-0171,ipfs_verify,True,,7,1783315938789,0,QmZjdLVQXtktv5yJUsy2JQrY7etRcY2dQbqD5P8k7FzLSd,False
1728,b2-fabric-b1-c4-r5,b2-fabric-b1-c4-r5-task-0169,ipfs_verify,True,,6,1783315938790,0,QmZLqC3g86PSYcSxK1cxvHGJ8Aik2UoKw8caWw7XhNXkPF,False
1729,b2-fabric-b1-c4-r5,b2-fabric-b1-c4-r5-task-0170,ipfs_verify,True,,8,1783315938789,0,QmSos72kuKbiboaW2t61phLxW7ptKFQdMCisw6tNBtbcDE,False
1730,b2-fabric-b1-c4-r5,b2-fabric-b1-c4-r5-task-0168,ipfs_verify,True,,6,1783315938793,0,QmW3R2ZUk1JeXnvoaVApYX6D73xdA2HnR93n8FvAGo1XWp,False
1731,b2-fabric-b1-c4-r5,b2-fabric-b1-c4-r5-task-0172,ipfs_add,True,,87,1783315938796,1446,,False
1732,b2-fabric-b1-c4-r5,b2-fabric-b1-c4-r5-task-0174,ipfs_add,True,,103,1783315938797,5608,,False
1733,b2-fabric-b1-c4-r5,b2-fabric-b1-c4-r5-task-0173,ipfs_add,True,,120,1783315938796,4300,,False
1734,b2-fabric-b1-c4-r5,b2-fabric-b1-c4-r5-task-0175,ipfs_add,True,,134,1783315938800,3257,,False
1735,b2-fabric-b1-c4-r5,b2-fabric-b1-c4-r5-task-0173,fabric_post_task,True,,2485,1783315938916,4300,QmbfTxCmxcHLajsThp62tm2pwqsRpuG1kR3xMMAoDmU5AM,False
1736,b2-fabric-b1-c4-r5,b2-fabric-b1-c4-r5-task-0174,fabric_post_task,True,,2501,1783315938900,5608,QmPxEGbddJ32igioNjm2AWhhmWQnoqqpTMJsfYKy6YhAFx,False
1737,b2-fabric-b1-c4-r5,b2-fabric-b1-c4-r5-task-0175,fabric_post_task,True,,2469,1783315938934,3257,Qme56HU6MmPTV4JMa2UFRRBLDMk4TTUSKEeBW74bEDj7dJ,False
1738,b2-fabric-b1-c4-r5,b2-fabric-b1-c4-r5-task-0172,fabric_post_task,True,,2520,1783315938883,1446,QmWCXhJMHo5d7nRYTgmt9DNVZcy4VxB9ac3rTxcCb2NF2D,False
1739,b2-fabric-b1-c4-r5,b2-fabric-b1-c4-r5-task-0172,fabric_post_allocation,True,,2388,1783315941403,0,,False
1740,b2-fabric-b1-c4-r5,b2-fabric-b1-c4-r5-task-0174,fabric_post_allocation,True,,2390,1783315941401,0,,False
1741,b2-fabric-b1-c4-r5,b2-fabric-b1-c4-r5-task-0175,fabric_post_allocation,True,,2389,1783315941403,0,,False
1742,b2-fabric-b1-c4-r5,b2-fabric-b1-c4-r5-task-0173,fabric_post_allocation,True,,2394,1783315941401,0,,False
1743,b2-fabric-b1-c4-r5,b2-fabric-b1-c4-r5-task-0174,fabric_post_snapshot,True,,2435,1783315943791,0,,False
1744,b2-fabric-b1-c4-r5,b2-fabric-b1-c4-r5-task-0173,fabric_post_snapshot,True,,2432,1783315943795,0,,False
1745,b2-fabric-b1-c4-r5,b2-fabric-b1-c4-r5-task-0175,fabric_post_snapshot,True,,2435,1783315943792,0,,False
1746,b2-fabric-b1-c4-r5,b2-fabric-b1-c4-r5-task-0172,fabric_post_snapshot,True,,2440,1783315943791,0,,False
1747,b2-fabric-b1-c4-r5,b2-fabric-b1-c4-r5-task-0174,fabric_query_confirmation,True,,304,1783315946226,0,,False
1748,b2-fabric-b1-c4-r5,b2-fabric-b1-c4-r5-task-0173,fabric_query_confirmation,True,,304,1783315946227,0,,False
1749,b2-fabric-b1-c4-r5,b2-fabric-b1-c4-r5-task-0172,fabric_query_confirmation,True,,300,1783315946231,0,,False
1750,b2-fabric-b1-c4-r5,b2-fabric-b1-c4-r5-task-0175,fabric_query_confirmation,True,,305,1783315946228,0,,False
1751,b2-fabric-b1-c4-r5,b2-fabric-b1-c4-r5-task-0174,fabric_vote_1,True,,2463,1783315946530,0,,False
1752,b2-fabric-b1-c4-r5,b2-fabric-b1-c4-r5-task-0175,fabric_vote_1,True,,2462,1783315946533,0,,False
1753,b2-fabric-b1-c4-r5,b2-fabric-b1-c4-r5-task-0172,fabric_vote_1,True,,2464,1783315946531,0,,False
1754,b2-fabric-b1-c4-r5,b2-fabric-b1-c4-r5-task-0173,fabric_vote_1,True,,2465,1783315946531,0,,False
1755,b2-fabric-b1-c4-r5,b2-fabric-b1-c4-r5-task-0172,fabric_vote_2,True,,2510,1783315948995,0,,False
1756,b2-fabric-b1-c4-r5,b2-fabric-b1-c4-r5-task-0173,fabric_vote_2,True,,2510,1783315948996,0,,False
1757,b2-fabric-b1-c4-r5,b2-fabric-b1-c4-r5-task-0174,fabric_vote_2,True,,2514,1783315948993,0,,False
1758,b2-fabric-b1-c4-r5,b2-fabric-b1-c4-r5-task-0175,fabric_vote_2,True,,2514,1783315948995,0,,False
1759,b2-fabric-b1-c4-r5,b2-fabric-b1-c4-r5-task-0173,fabric_settlement,True,,2298,1783315951506,0,,False
1760,b2-fabric-b1-c4-r5,b2-fabric-b1-c4-r5-task-0174,fabric_settlement,True,,2298,1783315951507,0,,False
1761,b2-fabric-b1-c4-r5,b2-fabric-b1-c4-r5-task-0172,fabric_settlement,True,,2300,1783315951505,0,,False
1762,b2-fabric-b1-c4-r5,b2-fabric-b1-c4-r5-task-0175,fabric_settlement,True,,2297,1783315951509,0,,False
1763,b2-fabric-b1-c4-r5,b2-fabric-b1-c4-r5-task-0175,fabric_query_final,True,,701,1783315953806,0,,False
1764,b2-fabric-b1-c4-r5,b2-fabric-b1-c4-r5-task-0173,fabric_query_final,True,,704,1783315953804,0,,False
1765,b2-fabric-b1-c4-r5,b2-fabric-b1-c4-r5-task-0174,fabric_query_final,True,,704,1783315953805,0,,False
1766,b2-fabric-b1-c4-r5,b2-fabric-b1-c4-r5-task-0172,fabric_query_final,True,,706,1783315953806,0,,False
1767,b2-fabric-b1-c4-r5,b2-fabric-b1-c4-r5-task-0174,ipfs_verify,True,,7,1783315954509,0,QmPxEGbddJ32igioNjm2AWhhmWQnoqqpTMJsfYKy6YhAFx,False
1768,b2-fabric-b1-c4-r5,b2-fabric-b1-c4-r5-task-0175,ipfs_verify,True,,10,1783315954507,0,Qme56HU6MmPTV4JMa2UFRRBLDMk4TTUSKEeBW74bEDj7dJ,False
1769,b2-fabric-b1-c4-r5,b2-fabric-b1-c4-r5-task-0173,ipfs_verify,True,,9,1783315954508,0,QmbfTxCmxcHLajsThp62tm2pwqsRpuG1kR3xMMAoDmU5AM,False
1770,b2-fabric-b1-c4-r5,b2-fabric-b1-c4-r5-task-0172,ipfs_verify,True,,8,1783315954512,0,QmWCXhJMHo5d7nRYTgmt9DNVZcy4VxB9ac3rTxcCb2NF2D,False
1771,b2-fabric-b1-c4-r5,b2-fabric-b1-c4-r5-task-0176,ipfs_add,True,,31,1783315954516,4034,,False
1772,b2-fabric-b1-c4-r5,b2-fabric-b1-c4-r5-task-0178,ipfs_add,True,,45,1783315954517,4045,,False
1773,b2-fabric-b1-c4-r5,b2-fabric-b1-c4-r5-task-0179,ipfs_add,True,,59,1783315954520,4715,,False
1774,b2-fabric-b1-c4-r5,b2-fabric-b1-c4-r5-task-0177,ipfs_add,True,,78,1783315954517,5306,,False
1775,b2-fabric-b1-c4-r5,b2-fabric-b1-c4-r5-task-0179,fabric_post_task,True,,2425,1783315954579,4715,QmQrqM4ZAvnyMT9d45SyZYnGsRCBnWyWFkrZS7cSaxgJa7,False
1776,b2-fabric-b1-c4-r5,b2-fabric-b1-c4-r5-task-0177,fabric_post_task,True,,2412,1783315954595,5306,Qme3x2wCQzF4crmA39HiD75kt4VPr32vpRsBDzTvRxgq25,False
1777,b2-fabric-b1-c4-r5,b2-fabric-b1-c4-r5-task-0176,fabric_post_task,True,,2461,1783315954547,4034,QmWYpLa462QawExYZYEgndjMGHkBMC8A8zrbHbrtqQ4Wqh,False
1778,b2-fabric-b1-c4-r5,b2-fabric-b1-c4-r5-task-0178,fabric_post_task,True,,2447,1783315954562,4045,QmcMmCeXPTgB5hUZ5zyMPbzTYpXhmULJPRgFkQk49JE2yo,False
1779,b2-fabric-b1-c4-r5,b2-fabric-b1-c4-r5-task-0178,fabric_post_allocation,True,,2318,1783315957009,0,,False
1780,b2-fabric-b1-c4-r5,b2-fabric-b1-c4-r5-task-0177,fabric_post_allocation,True,,2321,1783315957007,0,,False
1781,b2-fabric-b1-c4-r5,b2-fabric-b1-c4-r5-task-0179,fabric_post_allocation,True,,2324,1783315957004,0,,False
1782,b2-fabric-b1-c4-r5,b2-fabric-b1-c4-r5-task-0176,fabric_post_allocation,True,,2323,1783315957008,0,,False
1783,b2-fabric-b1-c4-r5,b2-fabric-b1-c4-r5-task-0179,fabric_post_snapshot,True,,2251,1783315959328,0,,False
1784,b2-fabric-b1-c4-r5,b2-fabric-b1-c4-r5-task-0176,fabric_post_snapshot,True,,2249,1783315959331,0,,False
1785,b2-fabric-b1-c4-r5,b2-fabric-b1-c4-r5-task-0177,fabric_post_snapshot,True,,2253,1783315959328,0,,False
1786,b2-fabric-b1-c4-r5,b2-fabric-b1-c4-r5-task-0178,fabric_post_snapshot,True,,2256,1783315959327,0,,False
1787,b2-fabric-b1-c4-r5,b2-fabric-b1-c4-r5-task-0179,fabric_query_confirmation,True,,122,1783315961580,0,,False
1788,b2-fabric-b1-c4-r5,b2-fabric-b1-c4-r5-task-0177,fabric_query_confirmation,True,,121,1783315961581,0,,False
1789,b2-fabric-b1-c4-r5,b2-fabric-b1-c4-r5-task-0176,fabric_query_confirmation,True,,123,1783315961580,0,,False
1790,b2-fabric-b1-c4-r5,b2-fabric-b1-c4-r5-task-0178,fabric_query_confirmation,True,,122,1783315961583,0,,False
1791,b2-fabric-b1-c4-r5,b2-fabric-b1-c4-r5-task-0179,fabric_vote_1,True,,2491,1783315961702,0,,False
1792,b2-fabric-b1-c4-r5,b2-fabric-b1-c4-r5-task-0177,fabric_vote_1,True,,2493,1783315961702,0,,False
1793,b2-fabric-b1-c4-r5,b2-fabric-b1-c4-r5-task-0176,fabric_vote_1,True,,2493,1783315961703,0,,False
1794,b2-fabric-b1-c4-r5,b2-fabric-b1-c4-r5-task-0178,fabric_vote_1,True,,2492,1783315961705,0,,False
1795,b2-fabric-b1-c4-r5,b2-fabric-b1-c4-r5-task-0178,fabric_vote_2,True,,1194,1783315964197,0,,False
1796,b2-fabric-b1-c4-r5,b2-fabric-b1-c4-r5-task-0179,fabric_vote_2,True,,1199,1783315964193,0,,False
1797,b2-fabric-b1-c4-r5,b2-fabric-b1-c4-r5-task-0177,fabric_vote_2,True,,1198,1783315964195,0,,False
1798,b2-fabric-b1-c4-r5,b2-fabric-b1-c4-r5-task-0176,fabric_vote_2,True,,1197,1783315964196,0,,False
1799,b2-fabric-b1-c4-r5,b2-fabric-b1-c4-r5-task-0176,fabric_settlement,True,,2282,1783315965393,0,,False
1800,b2-fabric-b1-c4-r5,b2-fabric-b1-c4-r5-task-0178,fabric_settlement,True,,2285,1783315965391,0,,False
1801,b2-fabric-b1-c4-r5,b2-fabric-b1-c4-r5-task-0179,fabric_settlement,True,,2284,1783315965392,0,,False
1802,b2-fabric-b1-c4-r5,b2-fabric-b1-c4-r5-task-0177,fabric_settlement,True,,2285,1783315965393,0,,False
1803,b2-fabric-b1-c4-r5,b2-fabric-b1-c4-r5-task-0176,fabric_query_final,True,,708,1783315967675,0,,False
1804,b2-fabric-b1-c4-r5,b2-fabric-b1-c4-r5-task-0178,fabric_query_final,True,,708,1783315967676,0,,False
1805,b2-fabric-b1-c4-r5,b2-fabric-b1-c4-r5-task-0177,fabric_query_final,True,,707,1783315967678,0,,False
1806,b2-fabric-b1-c4-r5,b2-fabric-b1-c4-r5-task-0179,fabric_query_final,True,,711,1783315967676,0,,False
1807,b2-fabric-b1-c4-r5,b2-fabric-b1-c4-r5-task-0178,ipfs_verify,True,,7,1783315968384,0,QmcMmCeXPTgB5hUZ5zyMPbzTYpXhmULJPRgFkQk49JE2yo,False
1808,b2-fabric-b1-c4-r5,b2-fabric-b1-c4-r5-task-0177,ipfs_verify,True,,7,1783315968385,0,Qme3x2wCQzF4crmA39HiD75kt4VPr32vpRsBDzTvRxgq25,False
1809,b2-fabric-b1-c4-r5,b2-fabric-b1-c4-r5-task-0176,ipfs_verify,True,,9,1783315968383,0,QmWYpLa462QawExYZYEgndjMGHkBMC8A8zrbHbrtqQ4Wqh,False
1810,b2-fabric-b1-c4-r5,b2-fabric-b1-c4-r5-task-0179,ipfs_verify,True,,6,1783315968387,0,QmQrqM4ZAvnyMT9d45SyZYnGsRCBnWyWFkrZS7cSaxgJa7,False
1811,b2-fabric-b1-c4-r5,b2-fabric-b1-c4-r5-task-0182,ipfs_add,True,,30,1783315968392,7430,,False
1812,b2-fabric-b1-c4-r5,b2-fabric-b1-c4-r5-task-0181,ipfs_add,True,,46,1783315968392,7983,,False
1813,b2-fabric-b1-c4-r5,b2-fabric-b1-c4-r5-task-0183,ipfs_add,True,,63,1783315968393,4217,,False
1814,b2-fabric-b1-c4-r5,b2-fabric-b1-c4-r5-task-0180,ipfs_add,True,,81,1783315968391,2760,,False
1815,b2-fabric-b1-c4-r5,b2-fabric-b1-c4-r5-task-0183,fabric_post_task,True,,2435,1783315968456,4217,QmbPwt9E6tLQ5debxusYUVQUr65wy3vAm8TvxdJjEf6yoF,False
1816,b2-fabric-b1-c4-r5,b2-fabric-b1-c4-r5-task-0180,fabric_post_task,True,,2420,1783315968472,2760,QmR6Px5R1u5xpqRRLw23vf5EBSJuihmVCpGdNJzv4EWUGT,False
1817,b2-fabric-b1-c4-r5,b2-fabric-b1-c4-r5-task-0182,fabric_post_task,True,,2470,1783315968422,7430,QmPh87qX4uXxDva18VFEqYFHobSnGGDvKi4JqHTLbhxoLw,False
1818,b2-fabric-b1-c4-r5,b2-fabric-b1-c4-r5-task-0181,fabric_post_task,True,,2456,1783315968438,7983,QmXfW8NQE7G8zKM2qSnSb7fyMnVy3r3ZfRZA2fMzkkS18d,False
1819,b2-fabric-b1-c4-r5,b2-fabric-b1-c4-r5-task-0182,fabric_post_allocation,True,,2536,1783315970892,0,,False
1820,b2-fabric-b1-c4-r5,b2-fabric-b1-c4-r5-task-0183,fabric_post_allocation,True,,2538,1783315970891,0,,False
1821,b2-fabric-b1-c4-r5,b2-fabric-b1-c4-r5-task-0180,fabric_post_allocation,True,,2537,1783315970892,0,,False
1822,b2-fabric-b1-c4-r5,b2-fabric-b1-c4-r5-task-0181,fabric_post_allocation,True,,2536,1783315970894,0,,False
1823,b2-fabric-b1-c4-r5,b2-fabric-b1-c4-r5-task-0182,fabric_post_snapshot,True,,2245,1783315973428,0,,False
1824,b2-fabric-b1-c4-r5,b2-fabric-b1-c4-r5-task-0183,fabric_post_snapshot,True,,2245,1783315973429,0,,False
1825,b2-fabric-b1-c4-r5,b2-fabric-b1-c4-r5-task-0180,fabric_post_snapshot,True,,2245,1783315973429,0,,False
1826,b2-fabric-b1-c4-r5,b2-fabric-b1-c4-r5-task-0181,fabric_post_snapshot,True,,2247,1783315973430,0,,False
1827,b2-fabric-b1-c4-r5,b2-fabric-b1-c4-r5-task-0182,fabric_query_confirmation,True,,305,1783315975673,0,,False
1828,b2-fabric-b1-c4-r5,b2-fabric-b1-c4-r5-task-0180,fabric_query_confirmation,True,,305,1783315975674,0,,False
1829,b2-fabric-b1-c4-r5,b2-fabric-b1-c4-r5-task-0183,fabric_query_confirmation,True,,306,1783315975674,0,,False
1830,b2-fabric-b1-c4-r5,b2-fabric-b1-c4-r5-task-0181,fabric_query_confirmation,True,,303,1783315975677,0,,False
1831,b2-fabric-b1-c4-r5,b2-fabric-b1-c4-r5-task-0183,fabric_vote_1,True,,2269,1783315975980,0,,False
1832,b2-fabric-b1-c4-r5,b2-fabric-b1-c4-r5-task-0180,fabric_vote_1,True,,2271,1783315975979,0,,False
1833,b2-fabric-b1-c4-r5,b2-fabric-b1-c4-r5-task-0181,fabric_vote_1,True,,2271,1783315975980,0,,False
1834,b2-fabric-b1-c4-r5,b2-fabric-b1-c4-r5-task-0182,fabric_vote_1,True,,2274,1783315975978,0,,False
1835,b2-fabric-b1-c4-r5,b2-fabric-b1-c4-r5-task-0180,fabric_vote_2,True,,2558,1783315978250,0,,False
1836,b2-fabric-b1-c4-r5,b2-fabric-b1-c4-r5-task-0183,fabric_vote_2,True,,2561,1783315978249,0,,False
1837,b2-fabric-b1-c4-r5,b2-fabric-b1-c4-r5-task-0182,fabric_vote_2,True,,2558,1783315978252,0,,False
1838,b2-fabric-b1-c4-r5,b2-fabric-b1-c4-r5-task-0181,fabric_vote_2,True,,2561,1783315978251,0,,False
1839,b2-fabric-b1-c4-r5,b2-fabric-b1-c4-r5-task-0181,fabric_settlement,True,,2477,1783315980812,0,,False
1840,b2-fabric-b1-c4-r5,b2-fabric-b1-c4-r5-task-0183,fabric_settlement,True,,2480,1783315980810,0,,False
1841,b2-fabric-b1-c4-r5,b2-fabric-b1-c4-r5-task-0182,fabric_settlement,True,,2480,1783315980810,0,,False
1842,b2-fabric-b1-c4-r5,b2-fabric-b1-c4-r5-task-0180,fabric_settlement,True,,2483,1783315980808,0,,False
1843,b2-fabric-b1-c4-r5,b2-fabric-b1-c4-r5-task-0181,fabric_query_final,True,,711,1783315983289,0,,False
1844,b2-fabric-b1-c4-r5,b2-fabric-b1-c4-r5-task-0182,fabric_query_final,True,,710,1783315983290,0,,False
1845,b2-fabric-b1-c4-r5,b2-fabric-b1-c4-r5-task-0183,fabric_query_final,True,,711,1783315983290,0,,False
1846,b2-fabric-b1-c4-r5,b2-fabric-b1-c4-r5-task-0180,fabric_query_final,True,,712,1783315983291,0,,False
1847,b2-fabric-b1-c4-r5,b2-fabric-b1-c4-r5-task-0181,ipfs_verify,True,,7,1783315984000,0,QmXfW8NQE7G8zKM2qSnSb7fyMnVy3r3ZfRZA2fMzkkS18d,False
1848,b2-fabric-b1-c4-r5,b2-fabric-b1-c4-r5-task-0182,ipfs_verify,True,,7,1783315984000,0,QmPh87qX4uXxDva18VFEqYFHobSnGGDvKi4JqHTLbhxoLw,False
1849,b2-fabric-b1-c4-r5,b2-fabric-b1-c4-r5-task-0183,ipfs_verify,True,,7,1783315984001,0,QmbPwt9E6tLQ5debxusYUVQUr65wy3vAm8TvxdJjEf6yoF,False
1850,b2-fabric-b1-c4-r5,b2-fabric-b1-c4-r5-task-0180,ipfs_verify,True,,6,1783315984003,0,QmR6Px5R1u5xpqRRLw23vf5EBSJuihmVCpGdNJzv4EWUGT,False
1851,b2-fabric-b1-c4-r5,b2-fabric-b1-c4-r5-task-0185,ipfs_add,True,,29,1783315984007,4040,,False
1852,b2-fabric-b1-c4-r5,b2-fabric-b1-c4-r5-task-0184,ipfs_add,True,,47,1783315984007,4322,,False
1853,b2-fabric-b1-c4-r5,b2-fabric-b1-c4-r5-task-0186,ipfs_add,True,,63,1783315984008,3760,,False
1854,b2-fabric-b1-c4-r5,b2-fabric-b1-c4-r5-task-0187,ipfs_add,True,,77,1783315984010,3817,,False
1855,b2-fabric-b1-c4-r5,b2-fabric-b1-c4-r5-task-0185,fabric_post_task,True,,2460,1783315984036,4040,QmT4bZjUycokNSYzs2a92RaLgz1rz7cYRBH2nyFGYtkV7Q,False
1856,b2-fabric-b1-c4-r5,b2-fabric-b1-c4-r5-task-0184,fabric_post_task,True,,2444,1783315984054,4322,QmPSZKSDhc3oMmRRsdGa893tPo9QETi3JkqUddqajNAxLy,False
1857,b2-fabric-b1-c4-r5,b2-fabric-b1-c4-r5-task-0187,fabric_post_task,True,,2412,1783315984087,3817,Qmf8fbnaf3R2y5rxjCXbb3pgaPsQKQp68yoMb3dsh3Aeyh,False
1858,b2-fabric-b1-c4-r5,b2-fabric-b1-c4-r5-task-0186,fabric_post_task,True,,2428,1783315984071,3760,QmZA8PgSFKJwCnC8xR9o1nzuniwJhwtRPJevn7qR23cM26,False
1859,b2-fabric-b1-c4-r5,b2-fabric-b1-c4-r5-task-0184,fabric_post_allocation,True,,2308,1783315986498,0,,False
1860,b2-fabric-b1-c4-r5,b2-fabric-b1-c4-r5-task-0187,fabric_post_allocation,True,,2308,1783315986499,0,,False
1861,b2-fabric-b1-c4-r5,b2-fabric-b1-c4-r5-task-0186,fabric_post_allocation,True,,2309,1783315986499,0,,False
1862,b2-fabric-b1-c4-r5,b2-fabric-b1-c4-r5-task-0185,fabric_post_allocation,True,,2314,1783315986496,0,,False
1863,b2-fabric-b1-c4-r5,b2-fabric-b1-c4-r5-task-0186,fabric_post_snapshot,True,,2435,1783315988808,0,,False
1864,b2-fabric-b1-c4-r5,b2-fabric-b1-c4-r5-task-0187,fabric_post_snapshot,True,,2437,1783315988807,0,,False
1865,b2-fabric-b1-c4-r5,b2-fabric-b1-c4-r5-task-0185,fabric_post_snapshot,True,,2435,1783315988810,0,,False
1866,b2-fabric-b1-c4-r5,b2-fabric-b1-c4-r5-task-0184,fabric_post_snapshot,True,,2439,1783315988806,0,,False
1867,b2-fabric-b1-c4-r5,b2-fabric-b1-c4-r5-task-0187,fabric_query_confirmation,True,,114,1783315991244,0,,False
1868,b2-fabric-b1-c4-r5,b2-fabric-b1-c4-r5-task-0184,fabric_query_confirmation,True,,114,1783315991245,0,,False
1869,b2-fabric-b1-c4-r5,b2-fabric-b1-c4-r5-task-0186,fabric_query_confirmation,True,,116,1783315991243,0,,False
1870,b2-fabric-b1-c4-r5,b2-fabric-b1-c4-r5-task-0185,fabric_query_confirmation,True,,115,1783315991245,0,,False
1871,b2-fabric-b1-c4-r5,b2-fabric-b1-c4-r5-task-0186,fabric_vote_1,True,,2253,1783315991359,0,,False
1872,b2-fabric-b1-c4-r5,b2-fabric-b1-c4-r5-task-0184,fabric_vote_1,True,,2254,1783315991359,0,,False
1873,b2-fabric-b1-c4-r5,b2-fabric-b1-c4-r5-task-0185,fabric_vote_1,True,,2254,1783315991360,0,,False
1874,b2-fabric-b1-c4-r5,b2-fabric-b1-c4-r5-task-0187,fabric_vote_1,True,,2257,1783315991358,0,,False
1875,b2-fabric-b1-c4-r5,b2-fabric-b1-c4-r5-task-0185,fabric_vote_2,True,,1182,1783315993614,0,,False
1876,b2-fabric-b1-c4-r5,b2-fabric-b1-c4-r5-task-0184,fabric_vote_2,True,,1183,1783315993613,0,,False
1877,b2-fabric-b1-c4-r5,b2-fabric-b1-c4-r5-task-0186,fabric_vote_2,True,,1185,1783315993612,0,,False
1878,b2-fabric-b1-c4-r5,b2-fabric-b1-c4-r5-task-0187,fabric_vote_2,True,,1184,1783315993615,0,,False
1879,b2-fabric-b1-c4-r5,b2-fabric-b1-c4-r5-task-0186,fabric_settlement,True,,2291,1783315994797,0,,False
1880,b2-fabric-b1-c4-r5,b2-fabric-b1-c4-r5-task-0184,fabric_settlement,True,,2293,1783315994796,0,,False
1881,b2-fabric-b1-c4-r5,b2-fabric-b1-c4-r5-task-0187,fabric_settlement,True,,2291,1783315994799,0,,False
1882,b2-fabric-b1-c4-r5,b2-fabric-b1-c4-r5-task-0185,fabric_settlement,True,,2295,1783315994796,0,,False
1883,b2-fabric-b1-c4-r5,b2-fabric-b1-c4-r5-task-0185,fabric_query_final,True,,722,1783315997091,0,,False
1884,b2-fabric-b1-c4-r5,b2-fabric-b1-c4-r5-task-0186,fabric_query_final,True,,726,1783315997088,0,,False
1885,b2-fabric-b1-c4-r5,b2-fabric-b1-c4-r5-task-0184,fabric_query_final,True,,724,1783315997090,0,,False
1886,b2-fabric-b1-c4-r5,b2-fabric-b1-c4-r5-task-0187,fabric_query_final,True,,727,1783315997090,0,,False
1887,b2-fabric-b1-c4-r5,b2-fabric-b1-c4-r5-task-0185,ipfs_verify,True,,9,1783315997813,0,QmT4bZjUycokNSYzs2a92RaLgz1rz7cYRBH2nyFGYtkV7Q,False
1888,b2-fabric-b1-c4-r5,b2-fabric-b1-c4-r5-task-0184,ipfs_verify,True,,10,1783315997814,0,QmPSZKSDhc3oMmRRsdGa893tPo9QETi3JkqUddqajNAxLy,False
1889,b2-fabric-b1-c4-r5,b2-fabric-b1-c4-r5-task-0186,ipfs_verify,True,,10,1783315997814,0,QmZA8PgSFKJwCnC8xR9o1nzuniwJhwtRPJevn7qR23cM26,False
1890,b2-fabric-b1-c4-r5,b2-fabric-b1-c4-r5-task-0187,ipfs_verify,True,,11,1783315997817,0,Qmf8fbnaf3R2y5rxjCXbb3pgaPsQKQp68yoMb3dsh3Aeyh,False
1891,b2-fabric-b1-c4-r5,b2-fabric-b1-c4-r5-task-0188,ipfs_add,True,,34,1783315997823,3588,,False
1892,b2-fabric-b1-c4-r5,b2-fabric-b1-c4-r5-task-0190,ipfs_add,True,,51,1783315997824,4444,,False
1893,b2-fabric-b1-c4-r5,b2-fabric-b1-c4-r5-task-0189,ipfs_add,True,,69,1783315997825,3813,,False
1894,b2-fabric-b1-c4-r5,b2-fabric-b1-c4-r5-task-0191,ipfs_add,True,,87,1783315997828,4761,,False
1895,b2-fabric-b1-c4-r5,b2-fabric-b1-c4-r5-task-0191,fabric_post_task,True,,2471,1783315997915,4761,QmQK4ChDQQAbfnUHBQHNjhVcC13LjvmaW51QAJHKkyJuWr,False
1896,b2-fabric-b1-c4-r5,b2-fabric-b1-c4-r5-task-0190,fabric_post_task,True,,2512,1783315997875,4444,QmTYyB6jg19PhoaP2Bg8ox3B4TonwPSLo68XR9yyH3VskB,False
1897,b2-fabric-b1-c4-r5,b2-fabric-b1-c4-r5-task-0188,fabric_post_task,True,,2531,1783315997857,3588,QmcA2snS31e3yhCPjoMSmuW8w6FVceBCsiYRZuzgLXJZRG,False
1898,b2-fabric-b1-c4-r5,b2-fabric-b1-c4-r5-task-0189,fabric_post_task,True,,2495,1783315997894,3813,QmddcGv3BfwnFZsm5H1ArqWuKN7jPveB9ZhCJXqBYVXr4Z,False
1899,b2-fabric-b1-c4-r5,b2-fabric-b1-c4-r5-task-0190,fabric_post_allocation,True,,2331,1783316000387,0,,False
1900,b2-fabric-b1-c4-r5,b2-fabric-b1-c4-r5-task-0188,fabric_post_allocation,True,,2331,1783316000388,0,,False
1901,b2-fabric-b1-c4-r5,b2-fabric-b1-c4-r5-task-0189,fabric_post_allocation,True,,2331,1783316000389,0,,False
1902,b2-fabric-b1-c4-r5,b2-fabric-b1-c4-r5-task-0191,fabric_post_allocation,True,,2336,1783316000386,0,,False
1903,b2-fabric-b1-c4-r5,b2-fabric-b1-c4-r5-task-0189,fabric_post_snapshot,True,,2462,1783316002720,0,,False
1904,b2-fabric-b1-c4-r5,b2-fabric-b1-c4-r5-task-0190,fabric_post_snapshot,True,,2465,1783316002718,0,,False
1905,b2-fabric-b1-c4-r5,b2-fabric-b1-c4-r5-task-0191,fabric_post_snapshot,True,,2462,1783316002722,0,,False
1906,b2-fabric-b1-c4-r5,b2-fabric-b1-c4-r5-task-0188,fabric_post_snapshot,True,,2466,1783316002719,0,,False
1907,b2-fabric-b1-c4-r5,b2-fabric-b1-c4-r5-task-0188,fabric_query_confirmation,True,,111,1783316005185,0,,False
1908,b2-fabric-b1-c4-r5,b2-fabric-b1-c4-r5-task-0189,fabric_query_confirmation,True,,115,1783316005182,0,,False
1909,b2-fabric-b1-c4-r5,b2-fabric-b1-c4-r5-task-0191,fabric_query_confirmation,True,,113,1783316005184,0,,False
1910,b2-fabric-b1-c4-r5,b2-fabric-b1-c4-r5-task-0190,fabric_query_confirmation,True,,117,1783316005183,0,,False
1911,b2-fabric-b1-c4-r5,b2-fabric-b1-c4-r5-task-0191,fabric_vote_1,True,,2756,1783316005297,0,,False
1912,b2-fabric-b1-c4-r5,b2-fabric-b1-c4-r5-task-0188,fabric_vote_1,True,,2758,1783316005296,0,,False
1913,b2-fabric-b1-c4-r5,b2-fabric-b1-c4-r5-task-0190,fabric_vote_1,True,,2754,1783316005300,0,,False
1914,b2-fabric-b1-c4-r5,b2-fabric-b1-c4-r5-task-0189,fabric_vote_1,True,,2761,1783316005297,0,,False
1915,b2-fabric-b1-c4-r5,b2-fabric-b1-c4-r5-task-0190,fabric_vote_2,True,,2433,1783316008054,0,,False
1916,b2-fabric-b1-c4-r5,b2-fabric-b1-c4-r5-task-0188,fabric_vote_2,True,,2434,1783316008054,0,,False
1917,b2-fabric-b1-c4-r5,b2-fabric-b1-c4-r5-task-0191,fabric_vote_2,True,,2436,1783316008053,0,,False
1918,b2-fabric-b1-c4-r5,b2-fabric-b1-c4-r5-task-0189,fabric_vote_2,True,,2434,1783316008058,0,,False
1919,b2-fabric-b1-c4-r5,b2-fabric-b1-c4-r5-task-0190,fabric_settlement,True,,2468,1783316010487,0,,False
1920,b2-fabric-b1-c4-r5,b2-fabric-b1-c4-r5-task-0191,fabric_settlement,True,,2467,1783316010489,0,,False
1921,b2-fabric-b1-c4-r5,b2-fabric-b1-c4-r5-task-0188,fabric_settlement,True,,2469,1783316010488,0,,False
1922,b2-fabric-b1-c4-r5,b2-fabric-b1-c4-r5-task-0189,fabric_settlement,True,,2468,1783316010492,0,,False
1923,b2-fabric-b1-c4-r5,b2-fabric-b1-c4-r5-task-0190,fabric_query_final,True,,735,1783316012955,0,,False
1924,b2-fabric-b1-c4-r5,b2-fabric-b1-c4-r5-task-0188,fabric_query_final,True,,734,1783316012957,0,,False
1925,b2-fabric-b1-c4-r5,b2-fabric-b1-c4-r5-task-0189,fabric_query_final,True,,731,1783316012960,0,,False
1926,b2-fabric-b1-c4-r5,b2-fabric-b1-c4-r5-task-0191,fabric_query_final,True,,738,1783316012956,0,,False
1927,b2-fabric-b1-c4-r5,b2-fabric-b1-c4-r5-task-0190,ipfs_verify,True,,7,1783316013690,0,QmTYyB6jg19PhoaP2Bg8ox3B4TonwPSLo68XR9yyH3VskB,False
1928,b2-fabric-b1-c4-r5,b2-fabric-b1-c4-r5-task-0188,ipfs_verify,True,,6,1783316013691,0,QmcA2snS31e3yhCPjoMSmuW8w6FVceBCsiYRZuzgLXJZRG,False
1929,b2-fabric-b1-c4-r5,b2-fabric-b1-c4-r5-task-0189,ipfs_verify,True,,7,1783316013691,0,QmddcGv3BfwnFZsm5H1ArqWuKN7jPveB9ZhCJXqBYVXr4Z,False
1930,b2-fabric-b1-c4-r5,b2-fabric-b1-c4-r5-task-0191,ipfs_verify,True,,6,1783316013694,0,QmQK4ChDQQAbfnUHBQHNjhVcC13LjvmaW51QAJHKkyJuWr,False
1931,b2-fabric-b1-c4-r5,b2-fabric-b1-c4-r5-task-0194,ipfs_add,True,,26,1783316013698,5127,,False
1932,b2-fabric-b1-c4-r5,b2-fabric-b1-c4-r5-task-0193,ipfs_add,True,,43,1783316013697,3656,,False
1933,b2-fabric-b1-c4-r5,b2-fabric-b1-c4-r5-task-0192,ipfs_add,True,,61,1783316013697,4212,,False
1934,b2-fabric-b1-c4-r5,b2-fabric-b1-c4-r5-task-0195,ipfs_add,True,,75,1783316013700,4765,,False
1935,b2-fabric-b1-c4-r5,b2-fabric-b1-c4-r5-task-0193,fabric_post_task,True,,2441,1783316013740,3656,QmW9nojj3tyFNDDEodDC3x43Y5jA3Ac4z7TE78zw1HD6qu,False
1936,b2-fabric-b1-c4-r5,b2-fabric-b1-c4-r5-task-0194,fabric_post_task,True,,2458,1783316013724,5127,QmUQkF6tMKomfpeYcTdtmNy7TBXYJGRPRM9P1cpCwR1MJF,False
1937,b2-fabric-b1-c4-r5,b2-fabric-b1-c4-r5-task-0192,fabric_post_task,True,,2425,1783316013758,4212,QmWMsVVs2hySKHixiKJetRsQBSH7CcjzbQrS3sZphmmfLm,False
1938,b2-fabric-b1-c4-r5,b2-fabric-b1-c4-r5-task-0195,fabric_post_task,True,,2409,1783316013775,4765,QmWaLq11VC2STk3MM8gwJdsmwiV6pMb8XyjpXUZRgju27h,False
1939,b2-fabric-b1-c4-r5,b2-fabric-b1-c4-r5-task-0195,fabric_post_allocation,True,,2319,1783316016184,0,,False
1940,b2-fabric-b1-c4-r5,b2-fabric-b1-c4-r5-task-0194,fabric_post_allocation,True,,2321,1783316016182,0,,False
1941,b2-fabric-b1-c4-r5,b2-fabric-b1-c4-r5-task-0192,fabric_post_allocation,True,,2321,1783316016183,0,,False
1942,b2-fabric-b1-c4-r5,b2-fabric-b1-c4-r5-task-0193,fabric_post_allocation,True,,2324,1783316016181,0,,False
1943,b2-fabric-b1-c4-r5,b2-fabric-b1-c4-r5-task-0194,fabric_post_snapshot,True,,2244,1783316018503,0,,False
1944,b2-fabric-b1-c4-r5,b2-fabric-b1-c4-r5-task-0192,fabric_post_snapshot,True,,2244,1783316018504,0,,False
1945,b2-fabric-b1-c4-r5,b2-fabric-b1-c4-r5-task-0193,fabric_post_snapshot,True,,2244,1783316018505,0,,False
1946,b2-fabric-b1-c4-r5,b2-fabric-b1-c4-r5-task-0195,fabric_post_snapshot,True,,2249,1783316018503,0,,False
1947,b2-fabric-b1-c4-r5,b2-fabric-b1-c4-r5-task-0192,fabric_query_confirmation,True,,303,1783316020748,0,,False
1948,b2-fabric-b1-c4-r5,b2-fabric-b1-c4-r5-task-0195,fabric_query_confirmation,True,,301,1783316020752,0,,False
1949,b2-fabric-b1-c4-r5,b2-fabric-b1-c4-r5-task-0193,fabric_query_confirmation,True,,304,1783316020749,0,,False
1950,b2-fabric-b1-c4-r5,b2-fabric-b1-c4-r5-task-0194,fabric_query_confirmation,True,,306,1783316020747,0,,False
1951,b2-fabric-b1-c4-r5,b2-fabric-b1-c4-r5-task-0192,fabric_vote_1,True,,2289,1783316021051,0,,False
1952,b2-fabric-b1-c4-r5,b2-fabric-b1-c4-r5-task-0194,fabric_vote_1,True,,2287,1783316021053,0,,False
1953,b2-fabric-b1-c4-r5,b2-fabric-b1-c4-r5-task-0193,fabric_vote_1,True,,2288,1783316021053,0,,False
1954,b2-fabric-b1-c4-r5,b2-fabric-b1-c4-r5-task-0195,fabric_vote_1,True,,2290,1783316021053,0,,False
1955,b2-fabric-b1-c4-r5,b2-fabric-b1-c4-r5-task-0192,fabric_vote_2,True,,1382,1783316023340,0,,False
1956,b2-fabric-b1-c4-r5,b2-fabric-b1-c4-r5-task-0194,fabric_vote_2,True,,1383,1783316023340,0,,False
1957,b2-fabric-b1-c4-r5,b2-fabric-b1-c4-r5-task-0193,fabric_vote_2,True,,1383,1783316023341,0,,False
1958,b2-fabric-b1-c4-r5,b2-fabric-b1-c4-r5-task-0195,fabric_vote_2,True,,1382,1783316023343,0,,False
1959,b2-fabric-b1-c4-r5,b2-fabric-b1-c4-r5-task-0194,fabric_settlement,True,,2321,1783316024724,0,,False
1960,b2-fabric-b1-c4-r5,b2-fabric-b1-c4-r5-task-0193,fabric_settlement,True,,2322,1783316024724,0,,False
1961,b2-fabric-b1-c4-r5,b2-fabric-b1-c4-r5-task-0192,fabric_settlement,True,,2325,1783316024722,0,,False
1962,b2-fabric-b1-c4-r5,b2-fabric-b1-c4-r5-task-0195,fabric_settlement,True,,2325,1783316024725,0,,False
1963,b2-fabric-b1-c4-r5,b2-fabric-b1-c4-r5-task-0192,fabric_query_final,True,,697,1783316027048,0,,False
1964,b2-fabric-b1-c4-r5,b2-fabric-b1-c4-r5-task-0194,fabric_query_final,True,,700,1783316027045,0,,False
1965,b2-fabric-b1-c4-r5,b2-fabric-b1-c4-r5-task-0193,fabric_query_final,True,,700,1783316027046,0,,False
1966,b2-fabric-b1-c4-r5,b2-fabric-b1-c4-r5-task-0195,fabric_query_final,True,,698,1783316027050,0,,False
1967,b2-fabric-b1-c4-r5,b2-fabric-b1-c4-r5-task-0193,ipfs_verify,True,,6,1783316027746,0,QmW9nojj3tyFNDDEodDC3x43Y5jA3Ac4z7TE78zw1HD6qu,False
1968,b2-fabric-b1-c4-r5,b2-fabric-b1-c4-r5-task-0192,ipfs_verify,True,,8,1783316027745,0,QmWMsVVs2hySKHixiKJetRsQBSH7CcjzbQrS3sZphmmfLm,False
1969,b2-fabric-b1-c4-r5,b2-fabric-b1-c4-r5-task-0194,ipfs_verify,True,,9,1783316027745,0,QmUQkF6tMKomfpeYcTdtmNy7TBXYJGRPRM9P1cpCwR1MJF,False
1970,b2-fabric-b1-c4-r5,b2-fabric-b1-c4-r5-task-0195,ipfs_verify,True,,7,1783316027748,0,QmWaLq11VC2STk3MM8gwJdsmwiV6pMb8XyjpXUZRgju27h,False
1971,b2-fabric-b1-c4-r5,b2-fabric-b1-c4-r5-task-0196,ipfs_add,True,,47,1783316027752,4122,,False
1972,b2-fabric-b1-c4-r5,b2-fabric-b1-c4-r5-task-0198,ipfs_add,True,,62,1783316027754,3540,,False
1973,b2-fabric-b1-c4-r5,b2-fabric-b1-c4-r5-task-0197,ipfs_add,True,,80,1783316027753,4817,,False
1974,b2-fabric-b1-c4-r5,b2-fabric-b1-c4-r5-task-0199,ipfs_add,True,,96,1783316027755,5047,,False
1975,b2-fabric-b1-c4-r5,b2-fabric-b1-c4-r5-task-0198,fabric_post_task,True,,2453,1783316027816,3540,QmZWNqHHBwy3oA7Ng8hVTaUMhZ6QkUps6zYhcegYz5enFd,False
1976,b2-fabric-b1-c4-r5,b2-fabric-b1-c4-r5-task-0196,fabric_post_task,True,,2472,1783316027799,4122,QmTQ1PbJFgNKhVego5qTuyTZaXyLBFPkpTGPcPVQGwbk9W,False
1977,b2-fabric-b1-c4-r5,b2-fabric-b1-c4-r5-task-0199,fabric_post_task,True,,2420,1783316027851,5047,QmWy11MokeVCNQuSN9bfWQHz1CevithknjYMzKuymcZo7S,False
1978,b2-fabric-b1-c4-r5,b2-fabric-b1-c4-r5-task-0197,fabric_post_task,True,,2439,1783316027833,4817,QmbvahhBBxPPJvX1kedLaAKjiVK7gTyk8mGFKobzfLRtWp,False
1979,b2-fabric-b1-c4-r5,b2-fabric-b1-c4-r5-task-0196,fabric_post_allocation,True,,2308,1783316030271,0,,False
1980,b2-fabric-b1-c4-r5,b2-fabric-b1-c4-r5-task-0198,fabric_post_allocation,True,,2311,1783316030269,0,,False
1981,b2-fabric-b1-c4-r5,b2-fabric-b1-c4-r5-task-0197,fabric_post_allocation,True,,2309,1783316030272,0,,False
1982,b2-fabric-b1-c4-r5,b2-fabric-b1-c4-r5-task-0199,fabric_post_allocation,True,,2312,1783316030271,0,,False
1983,b2-fabric-b1-c4-r5,b2-fabric-b1-c4-r5-task-0199,fabric_post_snapshot,True,,2460,1783316032583,0,,False
1984,b2-fabric-b1-c4-r5,b2-fabric-b1-c4-r5-task-0197,fabric_post_snapshot,True,,2462,1783316032581,0,,False
1985,b2-fabric-b1-c4-r5,b2-fabric-b1-c4-r5-task-0196,fabric_post_snapshot,True,,2465,1783316032579,0,,False
1986,b2-fabric-b1-c4-r5,b2-fabric-b1-c4-r5-task-0198,fabric_post_snapshot,True,,2465,1783316032580,0,,False
1987,b2-fabric-b1-c4-r5,b2-fabric-b1-c4-r5-task-0198,fabric_query_confirmation,True,,123,1783316035045,0,,False
1988,b2-fabric-b1-c4-r5,b2-fabric-b1-c4-r5-task-0199,fabric_query_confirmation,True,,125,1783316035043,0,,False
1989,b2-fabric-b1-c4-r5,b2-fabric-b1-c4-r5-task-0197,fabric_query_confirmation,True,,125,1783316035044,0,,False
1990,b2-fabric-b1-c4-r5,b2-fabric-b1-c4-r5-task-0196,fabric_query_confirmation,True,,126,1783316035044,0,,False
1991,b2-fabric-b1-c4-r5,b2-fabric-b1-c4-r5-task-0198,fabric_vote_1,True,,2827,1783316035168,0,,False
1992,b2-fabric-b1-c4-r5,b2-fabric-b1-c4-r5-task-0199,fabric_vote_1,True,,2828,1783316035168,0,,False
1993,b2-fabric-b1-c4-r5,b2-fabric-b1-c4-r5-task-0196,fabric_vote_1,True,,2827,1783316035170,0,,False
1994,b2-fabric-b1-c4-r5,b2-fabric-b1-c4-r5-task-0197,fabric_vote_1,True,,2829,1783316035169,0,,False
1995,b2-fabric-b1-c4-r5,b2-fabric-b1-c4-r5-task-0197,fabric_vote_2,True,,2442,1783316037998,0,,False
1996,b2-fabric-b1-c4-r5,b2-fabric-b1-c4-r5-task-0196,fabric_vote_2,True,,2444,1783316037997,0,,False
1997,b2-fabric-b1-c4-r5,b2-fabric-b1-c4-r5-task-0199,fabric_vote_2,True,,2445,1783316037997,0,,False
1998,b2-fabric-b1-c4-r5,b2-fabric-b1-c4-r5-task-0198,fabric_vote_2,True,,2447,1783316037995,0,,False
1999,b2-fabric-b1-c4-r5,b2-fabric-b1-c4-r5-task-0199,fabric_settlement,True,,2348,1783316040442,0,,False
2000,b2-fabric-b1-c4-r5,b2-fabric-b1-c4-r5-task-0198,fabric_settlement,True,,2349,1783316040442,0,,False
2001,b2-fabric-b1-c4-r5,b2-fabric-b1-c4-r5-task-0196,fabric_settlement,True,,2350,1783316040441,0,,False
2002,b2-fabric-b1-c4-r5,b2-fabric-b1-c4-r5-task-0197,fabric_settlement,True,,2353,1783316040440,0,,False
2003,b2-fabric-b1-c4-r5,b2-fabric-b1-c4-r5-task-0198,fabric_query_final,True,,708,1783316042791,0,,False
2004,b2-fabric-b1-c4-r5,b2-fabric-b1-c4-r5-task-0199,fabric_query_final,True,,710,1783316042790,0,,False
2005,b2-fabric-b1-c4-r5,b2-fabric-b1-c4-r5-task-0197,fabric_query_final,True,,707,1783316042793,0,,False
2006,b2-fabric-b1-c4-r5,b2-fabric-b1-c4-r5-task-0196,fabric_query_final,True,,711,1783316042791,0,,False
2007,b2-fabric-b1-c4-r5,b2-fabric-b1-c4-r5-task-0199,ipfs_verify,True,,7,1783316043500,0,QmWy11MokeVCNQuSN9bfWQHz1CevithknjYMzKuymcZo7S,False
2008,b2-fabric-b1-c4-r5,b2-fabric-b1-c4-r5-task-0198,ipfs_verify,True,,8,1783316043499,0,QmZWNqHHBwy3oA7Ng8hVTaUMhZ6QkUps6zYhcegYz5enFd,False
2009,b2-fabric-b1-c4-r5,b2-fabric-b1-c4-r5-task-0197,ipfs_verify,True,,8,1783316043500,0,QmbvahhBBxPPJvX1kedLaAKjiVK7gTyk8mGFKobzfLRtWp,False
2010,b2-fabric-b1-c4-r5,b2-fabric-b1-c4-r5-task-0196,ipfs_verify,True,,7,1783316043502,0,QmTQ1PbJFgNKhVego5qTuyTZaXyLBFPkpTGPcPVQGwbk9W,False
2011,b2-fabric-b1-c4-r5,b2-fabric-b1-c4-r5-task-0201,ipfs_add,True,,29,1783316043507,4340,,False
2012,b2-fabric-b1-c4-r5,b2-fabric-b1-c4-r5-task-0200,ipfs_add,True,,49,1783316043507,5145,,False
2013,b2-fabric-b1-c4-r5,b2-fabric-b1-c4-r5-task-0203,ipfs_add,True,,71,1783316043510,1827,,False
2014,b2-fabric-b1-c4-r5,b2-fabric-b1-c4-r5-task-0202,ipfs_add,True,,90,1783316043509,4638,,False
2015,b2-fabric-b1-c4-r5,b2-fabric-b1-c4-r5-task-0202,fabric_post_task,True,,2498,1783316043599,4638,QmejhkZWTARckuAaEe1Q6SLFZ3XMmF1EjcDYpHuMGkpBsf,False
2016,b2-fabric-b1-c4-r5,b2-fabric-b1-c4-r5-task-0200,fabric_post_task,True,,2542,1783316043556,5145,QmWsn3VH4qEmQoJUcTTgaCC8C8yvu9U6JQYjovtYXaQr7y,False
2017,b2-fabric-b1-c4-r5,b2-fabric-b1-c4-r5-task-0201,fabric_post_task,True,,2563,1783316043536,4340,QmdjzG35Tv9EawU3dwjehMfhybFdJmmnFHpEtFdcm5VuFK,False
2018,b2-fabric-b1-c4-r5,b2-fabric-b1-c4-r5-task-0203,fabric_post_task,True,,2519,1783316043581,1827,QmR9AwrhqhKCpezziPe8S8GRSS3cqcjrASSQ3HJBYfXh7k,False
2019,b2-fabric-b1-c4-r5,b2-fabric-b1-c4-r5-task-0203,fabric_post_allocation,True,,2344,1783316046100,0,,False
2020,b2-fabric-b1-c4-r5,b2-fabric-b1-c4-r5-task-0200,fabric_post_allocation,True,,2347,1783316046098,0,,False
2021,b2-fabric-b1-c4-r5,b2-fabric-b1-c4-r5-task-0201,fabric_post_allocation,True,,2346,1783316046099,0,,False
2022,b2-fabric-b1-c4-r5,b2-fabric-b1-c4-r5-task-0202,fabric_post_allocation,True,,2350,1783316046097,0,,False
2023,b2-fabric-b1-c4-r5,b2-fabric-b1-c4-r5-task-0203,fabric_post_snapshot,True,,2441,1783316048444,0,,False
2024,b2-fabric-b1-c4-r5,b2-fabric-b1-c4-r5-task-0200,fabric_post_snapshot,True,,2441,1783316048445,0,,False
2025,b2-fabric-b1-c4-r5,b2-fabric-b1-c4-r5-task-0201,fabric_post_snapshot,True,,2441,1783316048445,0,,False
2026,b2-fabric-b1-c4-r5,b2-fabric-b1-c4-r5-task-0202,fabric_post_snapshot,True,,2440,1783316048447,0,,False
2027,b2-fabric-b1-c4-r5,b2-fabric-b1-c4-r5-task-0202,fabric_query_confirmation,True,,106,1783316050887,0,,False
2028,b2-fabric-b1-c4-r5,b2-fabric-b1-c4-r5-task-0201,fabric_query_confirmation,True,,108,1783316050886,0,,False
2029,b2-fabric-b1-c4-r5,b2-fabric-b1-c4-r5-task-0203,fabric_query_confirmation,True,,109,1783316050885,0,,False
2030,b2-fabric-b1-c4-r5,b2-fabric-b1-c4-r5-task-0200,fabric_query_confirmation,True,,162,1783316050886,0,,False
2031,b2-fabric-b1-c4-r5,b2-fabric-b1-c4-r5-task-0202,fabric_vote_1,True,,1213,1783316050993,0,,False
2032,b2-fabric-b1-c4-r5,b2-fabric-b1-c4-r5-task-0203,fabric_vote_1,True,,1213,1783316050994,0,,False
2033,b2-fabric-b1-c4-r5,b2-fabric-b1-c4-r5-task-0200,fabric_vote_1,True,,1160,1783316051048,0,,False
2034,b2-fabric-b1-c4-r5,b2-fabric-b1-c4-r5-task-0201,fabric_vote_1,True,,1216,1783316050994,0,,False
2035,b2-fabric-b1-c4-r5,b2-fabric-b1-c4-r5-task-0201,fabric_vote_2,True,,2501,1783316052210,0,,False
2036,b2-fabric-b1-c4-r5,b2-fabric-b1-c4-r5-task-0200,fabric_vote_2,True,,2505,1783316052208,0,,False
2037,b2-fabric-b1-c4-r5,b2-fabric-b1-c4-r5-task-0203,fabric_vote_2,True,,2506,1783316052207,0,,False
2038,b2-fabric-b1-c4-r5,b2-fabric-b1-c4-r5-task-0202,fabric_vote_2,True,,2508,1783316052206,0,,False
2039,b2-fabric-b1-c4-r5,b2-fabric-b1-c4-r5-task-0200,fabric_settlement,True,,2344,1783316054713,0,,False
2040,b2-fabric-b1-c4-r5,b2-fabric-b1-c4-r5-task-0202,fabric_settlement,True,,2344,1783316054714,0,,False
2041,b2-fabric-b1-c4-r5,b2-fabric-b1-c4-r5-task-0201,fabric_settlement,True,,2348,1783316054711,0,,False
2042,b2-fabric-b1-c4-r5,b2-fabric-b1-c4-r5-task-0203,fabric_settlement,True,,2346,1783316054713,0,,False
2043,b2-fabric-b1-c4-r5,b2-fabric-b1-c4-r5-task-0200,fabric_query_final,True,,515,1783316057057,0,,False
2044,b2-fabric-b1-c4-r5,b2-fabric-b1-c4-r5-task-0203,fabric_query_final,True,,514,1783316057059,0,,False
2045,b2-fabric-b1-c4-r5,b2-fabric-b1-c4-r5-task-0202,fabric_query_final,True,,516,1783316057058,0,,False
2046,b2-fabric-b1-c4-r5,b2-fabric-b1-c4-r5-task-0201,fabric_query_final,True,,517,1783316057059,0,,False
2047,b2-fabric-b1-c4-r5,b2-fabric-b1-c4-r5-task-0200,ipfs_verify,True,,7,1783316057572,0,QmWsn3VH4qEmQoJUcTTgaCC8C8yvu9U6JQYjovtYXaQr7y,False
2048,b2-fabric-b1-c4-r5,b2-fabric-b1-c4-r5-task-0203,ipfs_verify,True,,7,1783316057573,0,QmR9AwrhqhKCpezziPe8S8GRSS3cqcjrASSQ3HJBYfXh7k,False
2049,b2-fabric-b1-c4-r5,b2-fabric-b1-c4-r5-task-0202,ipfs_verify,True,,7,1783316057574,0,QmejhkZWTARckuAaEe1Q6SLFZ3XMmF1EjcDYpHuMGkpBsf,False
2050,b2-fabric-b1-c4-r5,b2-fabric-b1-c4-r5-task-0201,ipfs_verify,True,,7,1783316057576,0,QmdjzG35Tv9EawU3dwjehMfhybFdJmmnFHpEtFdcm5VuFK,False
2051,b2-fabric-b1-c4-r5,b2-fabric-b1-c4-r5-task-0204,ipfs_add,True,,68,1783316057579,3115,,False
2052,b2-fabric-b1-c4-r5,b2-fabric-b1-c4-r5-task-0206,ipfs_add,True,,96,1783316057581,5535,,False
2053,b2-fabric-b1-c4-r5,b2-fabric-b1-c4-r5-task-0207,ipfs_add,True,,109,1783316057584,5182,,False
2054,b2-fabric-b1-c4-r5,b2-fabric-b1-c4-r5-task-0205,ipfs_add,True,,113,1783316057580,2139,,False
2055,b2-fabric-b1-c4-r5,b2-fabric-b1-c4-r5-task-0206,fabric_post_task,True,,2419,1783316057677,5535,QmQXv6YSFiLLxg9uat8XZ1hkWrZyU2221cre3jpTXuS7mT,False
2056,b2-fabric-b1-c4-r5,b2-fabric-b1-c4-r5-task-0205,fabric_post_task,True,,2405,1783316057693,2139,QmUUFnwdCbT48nkPpC4zLFD1bWTmkmSZxRTWRwZWU44JUW,False
2057,b2-fabric-b1-c4-r5,b2-fabric-b1-c4-r5-task-0207,fabric_post_task,True,,2406,1783316057693,5182,QmXXXkdjgsyNeAxA7XiH7hfF8KD8Wy4XQUrDjRARTUGPSz,False
2058,b2-fabric-b1-c4-r5,b2-fabric-b1-c4-r5-task-0204,fabric_post_task,True,,2453,1783316057647,3115,QmT17R388wMj8koQenucVuHVy5XiFPC6auRTn2sDFmDkQF,False
2059,b2-fabric-b1-c4-r5,b2-fabric-b1-c4-r5-task-0206,fabric_post_allocation,True,,2514,1783316060096,0,,False
2060,b2-fabric-b1-c4-r5,b2-fabric-b1-c4-r5-task-0207,fabric_post_allocation,True,,2512,1783316060099,0,,False
2061,b2-fabric-b1-c4-r5,b2-fabric-b1-c4-r5-task-0204,fabric_post_allocation,True,,2511,1783316060100,0,,False
2062,b2-fabric-b1-c4-r5,b2-fabric-b1-c4-r5-task-0205,fabric_post_allocation,True,,2514,1783316060098,0,,False
2063,b2-fabric-b1-c4-r5,b2-fabric-b1-c4-r5-task-0204,fabric_post_snapshot,True,,2253,1783316062611,0,,False
2064,b2-fabric-b1-c4-r5,b2-fabric-b1-c4-r5-task-0207,fabric_post_snapshot,True,,2253,1783316062611,0,,False
2065,b2-fabric-b1-c4-r5,b2-fabric-b1-c4-r5-task-0205,fabric_post_snapshot,True,,2253,1783316062612,0,,False
2066,b2-fabric-b1-c4-r5,b2-fabric-b1-c4-r5-task-0206,fabric_post_snapshot,True,,2257,1783316062610,0,,False
2067,b2-fabric-b1-c4-r5,b2-fabric-b1-c4-r5-task-0204,fabric_query_confirmation,True,,163,1783316064864,0,,False
2068,b2-fabric-b1-c4-r5,b2-fabric-b1-c4-r5-task-0206,fabric_query_confirmation,True,,161,1783316064867,0,,False
2069,b2-fabric-b1-c4-r5,b2-fabric-b1-c4-r5-task-0207,fabric_query_confirmation,True,,165,1783316064864,0,,False
2070,b2-fabric-b1-c4-r5,b2-fabric-b1-c4-r5-task-0205,fabric_query_confirmation,True,,164,1783316064865,0,,False
2071,b2-fabric-b1-c4-r5,b2-fabric-b1-c4-r5-task-0206,fabric_vote_1,True,,2584,1783316065028,0,,False
2072,b2-fabric-b1-c4-r5,b2-fabric-b1-c4-r5-task-0205,fabric_vote_1,True,,2583,1783316065029,0,,False
2073,b2-fabric-b1-c4-r5,b2-fabric-b1-c4-r5-task-0207,fabric_vote_1,True,,2584,1783316065029,0,,False
2074,b2-fabric-b1-c4-r5,b2-fabric-b1-c4-r5-task-0204,fabric_vote_1,True,,2586,1783316065027,0,,False
2075,b2-fabric-b1-c4-r5,b2-fabric-b1-c4-r5-task-0205,fabric_vote_2,True,,2240,1783316067612,0,,False
2076,b2-fabric-b1-c4-r5,b2-fabric-b1-c4-r5-task-0206,fabric_vote_2,True,,2240,1783316067612,0,,False
2077,b2-fabric-b1-c4-r5,b2-fabric-b1-c4-r5-task-0204,fabric_vote_2,True,,2240,1783316067613,0,,False
2078,b2-fabric-b1-c4-r5,b2-fabric-b1-c4-r5-task-0207,fabric_vote_2,True,,2241,1783316067613,0,,False
2079,b2-fabric-b1-c4-r5,b2-fabric-b1-c4-r5-task-0204,fabric_settlement,True,,2479,1783316069853,0,,False
2080,b2-fabric-b1-c4-r5,b2-fabric-b1-c4-r5-task-0207,fabric_settlement,True,,2479,1783316069854,0,,False
2081,b2-fabric-b1-c4-r5,b2-fabric-b1-c4-r5-task-0206,fabric_settlement,True,,2482,1783316069852,0,,False
2082,b2-fabric-b1-c4-r5,b2-fabric-b1-c4-r5-task-0205,fabric_settlement,True,,2484,1783316069852,0,,False
2083,b2-fabric-b1-c4-r5,b2-fabric-b1-c4-r5-task-0206,fabric_query_final,True,,911,1783316072334,0,,False
2084,b2-fabric-b1-c4-r5,b2-fabric-b1-c4-r5-task-0205,fabric_query_final,True,,911,1783316072336,0,,False
2085,b2-fabric-b1-c4-r5,b2-fabric-b1-c4-r5-task-0204,fabric_query_final,True,,916,1783316072332,0,,False
2086,b2-fabric-b1-c4-r5,b2-fabric-b1-c4-r5-task-0207,fabric_query_final,True,,918,1783316072333,0,,False
2087,b2-fabric-b1-c4-r5,b2-fabric-b1-c4-r5-task-0206,ipfs_verify,True,,9,1783316073245,0,QmQXv6YSFiLLxg9uat8XZ1hkWrZyU2221cre3jpTXuS7mT,False
2088,b2-fabric-b1-c4-r5,b2-fabric-b1-c4-r5-task-0205,ipfs_verify,True,,7,1783316073247,0,QmUUFnwdCbT48nkPpC4zLFD1bWTmkmSZxRTWRwZWU44JUW,False
2089,b2-fabric-b1-c4-r5,b2-fabric-b1-c4-r5-task-0204,ipfs_verify,True,,7,1783316073248,0,QmT17R388wMj8koQenucVuHVy5XiFPC6auRTn2sDFmDkQF,False
2090,b2-fabric-b1-c4-r5,b2-fabric-b1-c4-r5-task-0207,ipfs_verify,True,,7,1783316073251,0,QmXXXkdjgsyNeAxA7XiH7hfF8KD8Wy4XQUrDjRARTUGPSz,False
2091,b2-fabric-b1-c4-r5,b2-fabric-b1-c4-r5-task-0210,ipfs_add,True,,86,1783316073255,4993,,False
2092,b2-fabric-b1-c4-r5,b2-fabric-b1-c4-r5-task-0208,ipfs_add,True,,103,1783316073254,2245,,False
2093,b2-fabric-b1-c4-r5,b2-fabric-b1-c4-r5-task-0209,ipfs_add,True,,119,1783316073255,6194,,False
2094,b2-fabric-b1-c4-r5,b2-fabric-b1-c4-r5-task-0211,ipfs_add,True,,132,1783316073258,2188,,False
2095,b2-fabric-b1-c4-r5,b2-fabric-b1-c4-r5-task-0210,fabric_post_task,True,,2550,1783316073341,4993,QmYWQDJhTUHPSwS8macjgfKhMk7DhsPuXJUCoxJ8RUpDKq,False
2096,b2-fabric-b1-c4-r5,b2-fabric-b1-c4-r5-task-0211,fabric_post_task,True,,2502,1783316073390,2188,QmSruFaoTdkpvWrKYpZR3J5CegMm6LLAWeQUC4xAiE69U9,False
2097,b2-fabric-b1-c4-r5,b2-fabric-b1-c4-r5-task-0208,fabric_post_task,True,,2535,1783316073357,2245,QmWbqs7TsZvkdFAxBV91sbxF9ziEZRMeF4rkcsPMKgPbAc,False
2098,b2-fabric-b1-c4-r5,b2-fabric-b1-c4-r5-task-0209,fabric_post_task,True,,2519,1783316073374,6194,Qme252yonjeJmYr5f17inPXCqkGhcB4JhPq2rK9zrRu12P,False
2099,b2-fabric-b1-c4-r5,b2-fabric-b1-c4-r5-task-0210,fabric_post_allocation,True,,2341,1783316075891,0,,False
2100,b2-fabric-b1-c4-r5,b2-fabric-b1-c4-r5-task-0211,fabric_post_allocation,True,,2340,1783316075892,0,,False
2101,b2-fabric-b1-c4-r5,b2-fabric-b1-c4-r5-task-0208,fabric_post_allocation,True,,2341,1783316075892,0,,False
2102,b2-fabric-b1-c4-r5,b2-fabric-b1-c4-r5-task-0209,fabric_post_allocation,True,,2343,1783316075893,0,,False
2103,b2-fabric-b1-c4-r5,b2-fabric-b1-c4-r5-task-0209,fabric_post_snapshot,True,,2454,1783316078236,0,,False
2104,b2-fabric-b1-c4-r5,b2-fabric-b1-c4-r5-task-0211,fabric_post_snapshot,True,,2459,1783316078232,0,,False
2105,b2-fabric-b1-c4-r5,b2-fabric-b1-c4-r5-task-0210,fabric_post_snapshot,True,,2460,1783316078232,0,,False
2106,b2-fabric-b1-c4-r5,b2-fabric-b1-c4-r5-task-0208,fabric_post_snapshot,True,,2460,1783316078233,0,,False
2107,b2-fabric-b1-c4-r5,b2-fabric-b1-c4-r5-task-0208,fabric_query_confirmation,True,,114,1783316080693,0,,False
2108,b2-fabric-b1-c4-r5,b2-fabric-b1-c4-r5-task-0211,fabric_query_confirmation,True,,116,1783316080691,0,,False
2109,b2-fabric-b1-c4-r5,b2-fabric-b1-c4-r5-task-0209,fabric_query_confirmation,True,,118,1783316080690,0,,False
2110,b2-fabric-b1-c4-r5,b2-fabric-b1-c4-r5-task-0210,fabric_query_confirmation,True,,118,1783316080692,0,,False
2111,b2-fabric-b1-c4-r5,b2-fabric-b1-c4-r5-task-0211,fabric_vote_1,True,,1365,1783316080807,0,,False
2112,b2-fabric-b1-c4-r5,b2-fabric-b1-c4-r5-task-0210,fabric_vote_1,True,,1363,1783316080810,0,,False
2113,b2-fabric-b1-c4-r5,b2-fabric-b1-c4-r5-task-0208,fabric_vote_1,True,,1367,1783316080807,0,,False
2114,b2-fabric-b1-c4-r5,b2-fabric-b1-c4-r5-task-0209,fabric_vote_1,True,,1367,1783316080808,0,,False
2115,b2-fabric-b1-c4-r5,b2-fabric-b1-c4-r5-task-0209,fabric_vote_2,True,,2272,1783316082175,0,,False
2116,b2-fabric-b1-c4-r5,b2-fabric-b1-c4-r5-task-0208,fabric_vote_2,True,,2273,1783316082174,0,,False
2117,b2-fabric-b1-c4-r5,b2-fabric-b1-c4-r5-task-0211,fabric_vote_2,True,,2276,1783316082172,0,,False
2118,b2-fabric-b1-c4-r5,b2-fabric-b1-c4-r5-task-0210,fabric_vote_2,True,,2277,1783316082173,0,,False
2119,b2-fabric-b1-c4-r5,b2-fabric-b1-c4-r5-task-0211,fabric_settlement,True,,2550,1783316084448,0,,False
2120,b2-fabric-b1-c4-r5,b2-fabric-b1-c4-r5-task-0209,fabric_settlement,True,,2552,1783316084447,0,,False
2121,b2-fabric-b1-c4-r5,b2-fabric-b1-c4-r5-task-0210,fabric_settlement,True,,2551,1783316084450,0,,False
2122,b2-fabric-b1-c4-r5,b2-fabric-b1-c4-r5-task-0208,fabric_settlement,True,,2557,1783316084447,0,,False
2123,b2-fabric-b1-c4-r5,b2-fabric-b1-c4-r5-task-0209,fabric_query_final,True,,325,1783316086999,0,,False
2124,b2-fabric-b1-c4-r5,b2-fabric-b1-c4-r5-task-0210,fabric_query_final,True,,323,1783316087001,0,,False
2125,b2-fabric-b1-c4-r5,b2-fabric-b1-c4-r5-task-0211,fabric_query_final,True,,327,1783316086998,0,,False
2126,b2-fabric-b1-c4-r5,b2-fabric-b1-c4-r5-task-0209,ipfs_verify,True,,6,1783316087324,0,Qme252yonjeJmYr5f17inPXCqkGhcB4JhPq2rK9zrRu12P,False
2127,b2-fabric-b1-c4-r5,b2-fabric-b1-c4-r5-task-0210,ipfs_verify,True,,7,1783316087324,0,QmYWQDJhTUHPSwS8macjgfKhMk7DhsPuXJUCoxJ8RUpDKq,False
2128,b2-fabric-b1-c4-r5,b2-fabric-b1-c4-r5-task-0211,ipfs_verify,True,,7,1783316087325,0,QmSruFaoTdkpvWrKYpZR3J5CegMm6LLAWeQUC4xAiE69U9,False
2129,b2-fabric-b1-c4-r5,b2-fabric-b1-c4-r5-task-0213,ipfs_add,True,,27,1783316087331,4132,,False
2130,b2-fabric-b1-c4-r5,b2-fabric-b1-c4-r5-task-0214,ipfs_add,True,,46,1783316087332,3407,,False
2131,b2-fabric-b1-c4-r5,b2-fabric-b1-c4-r5-task-0212,ipfs_add,True,,69,1783316087331,2819,,False
2132,b2-fabric-b1-c4-r5,b2-fabric-b1-c4-r5-task-0208,fabric_query_final,True,,505,1783316087004,0,,False
2133,b2-fabric-b1-c4-r5,b2-fabric-b1-c4-r5-task-0208,ipfs_verify,True,,11,1783316087509,0,QmWbqs7TsZvkdFAxBV91sbxF9ziEZRMeF4rkcsPMKgPbAc,False
2134,b2-fabric-b1-c4-r5,b2-fabric-b1-c4-r5-task-0215,ipfs_add,True,,38,1783316087520,5293,,False
2135,b2-fabric-b1-c4-r5,b2-fabric-b1-c4-r5-task-0215,fabric_post_task,True,,2067,1783316087558,5293,QmTpnKYxxgCcizoT1wCDmcgvVbp5FYFvr7h2HQoANwFfJK,False
2136,b2-fabric-b1-c4-r5,b2-fabric-b1-c4-r5-task-0214,fabric_post_task,True,,2249,1783316087378,3407,QmW8eUfmmaQLniD2wxDZwMJfZvPcEb95FaZBwzxdvv4GUs,False
2137,b2-fabric-b1-c4-r5,b2-fabric-b1-c4-r5-task-0213,fabric_post_task,True,,2269,1783316087358,4132,QmctLbZZivJVW7cFwYF2T1Ru2jPZUBYB55doQKWJ3SD4r5,False
2138,b2-fabric-b1-c4-r5,b2-fabric-b1-c4-r5-task-0212,fabric_post_task,True,,2228,1783316087400,2819,Qmaib3WGRkqTQustpCT5rKV9YQe2ieXfDc5aAxzzBF7FaH,False
2139,b2-fabric-b1-c4-r5,b2-fabric-b1-c4-r5-task-0213,fabric_post_allocation,True,,2347,1783316089627,0,,False
2140,b2-fabric-b1-c4-r5,b2-fabric-b1-c4-r5-task-0215,fabric_post_allocation,True,,2350,1783316089625,0,,False
2141,b2-fabric-b1-c4-r5,b2-fabric-b1-c4-r5-task-0212,fabric_post_allocation,True,,2347,1783316089628,0,,False
2142,b2-fabric-b1-c4-r5,b2-fabric-b1-c4-r5-task-0214,fabric_post_allocation,True,,2349,1783316089627,0,,False
2143,b2-fabric-b1-c4-r5,b2-fabric-b1-c4-r5-task-0214,fabric_post_snapshot,True,,2257,1783316091976,0,,False
2144,b2-fabric-b1-c4-r5,b2-fabric-b1-c4-r5-task-0212,fabric_post_snapshot,True,,2258,1783316091975,0,,False
2145,b2-fabric-b1-c4-r5,b2-fabric-b1-c4-r5-task-0213,fabric_post_snapshot,True,,2260,1783316091974,0,,False
2146,b2-fabric-b1-c4-r5,b2-fabric-b1-c4-r5-task-0215,fabric_post_snapshot,True,,2262,1783316091975,0,,False
2147,b2-fabric-b1-c4-r5,b2-fabric-b1-c4-r5-task-0213,fabric_query_confirmation,True,,303,1783316094234,0,,False
2148,b2-fabric-b1-c4-r5,b2-fabric-b1-c4-r5-task-0212,fabric_query_confirmation,True,,304,1783316094233,0,,False
2149,b2-fabric-b1-c4-r5,b2-fabric-b1-c4-r5-task-0214,fabric_query_confirmation,True,,305,1783316094233,0,,False
2150,b2-fabric-b1-c4-r5,b2-fabric-b1-c4-r5-task-0215,fabric_query_confirmation,True,,302,1783316094237,0,,False
2151,b2-fabric-b1-c4-r5,b2-fabric-b1-c4-r5-task-0215,fabric_vote_1,True,,2763,1783316094539,0,,False
2152,b2-fabric-b1-c4-r5,b2-fabric-b1-c4-r5-task-0214,fabric_vote_1,True,,2764,1783316094538,0,,False
2153,b2-fabric-b1-c4-r5,b2-fabric-b1-c4-r5-task-0212,fabric_vote_1,True,,2765,1783316094537,0,,False
2154,b2-fabric-b1-c4-r5,b2-fabric-b1-c4-r5-task-0213,fabric_vote_1,True,,2767,1783316094537,0,,False
2155,b2-fabric-b1-c4-r5,b2-fabric-b1-c4-r5-task-0214,fabric_vote_2,True,,2269,1783316097302,0,,False
2156,b2-fabric-b1-c4-r5,b2-fabric-b1-c4-r5-task-0212,fabric_vote_2,True,,2270,1783316097302,0,,False
2157,b2-fabric-b1-c4-r5,b2-fabric-b1-c4-r5-task-0215,fabric_vote_2,True,,2270,1783316097302,0,,False
2158,b2-fabric-b1-c4-r5,b2-fabric-b1-c4-r5-task-0213,fabric_vote_2,True,,2271,1783316097304,0,,False
2159,b2-fabric-b1-c4-r5,b2-fabric-b1-c4-r5-task-0215,fabric_settlement,True,,2508,1783316099572,0,,False
2160,b2-fabric-b1-c4-r5,b2-fabric-b1-c4-r5-task-0213,fabric_settlement,True,,2507,1783316099575,0,,False
2161,b2-fabric-b1-c4-r5,b2-fabric-b1-c4-r5-task-0214,fabric_settlement,True,,2511,1783316099571,0,,False
2162,b2-fabric-b1-c4-r5,b2-fabric-b1-c4-r5-task-0212,fabric_settlement,True,,2511,1783316099572,0,,False
2163,b2-fabric-b1-c4-r5,b2-fabric-b1-c4-r5-task-0215,fabric_query_final,True,,697,1783316102080,0,,False
2164,b2-fabric-b1-c4-r5,b2-fabric-b1-c4-r5-task-0214,fabric_query_final,True,,696,1783316102082,0,,False
2165,b2-fabric-b1-c4-r5,b2-fabric-b1-c4-r5-task-0212,fabric_query_final,True,,695,1783316102083,0,,False
2166,b2-fabric-b1-c4-r5,b2-fabric-b1-c4-r5-task-0213,fabric_query_final,True,,699,1783316102082,0,,False
2167,b2-fabric-b1-c4-r5,b2-fabric-b1-c4-r5-task-0214,ipfs_verify,True,,6,1783316102778,0,QmW8eUfmmaQLniD2wxDZwMJfZvPcEb95FaZBwzxdvv4GUs,False
2168,b2-fabric-b1-c4-r5,b2-fabric-b1-c4-r5-task-0212,ipfs_verify,True,,7,1783316102778,0,Qmaib3WGRkqTQustpCT5rKV9YQe2ieXfDc5aAxzzBF7FaH,False
2169,b2-fabric-b1-c4-r5,b2-fabric-b1-c4-r5-task-0215,ipfs_verify,True,,8,1783316102777,0,QmTpnKYxxgCcizoT1wCDmcgvVbp5FYFvr7h2HQoANwFfJK,False
2170,b2-fabric-b1-c4-r5,b2-fabric-b1-c4-r5-task-0213,ipfs_verify,True,,7,1783316102781,0,QmctLbZZivJVW7cFwYF2T1Ru2jPZUBYB55doQKWJ3SD4r5,False
2171,b2-fabric-b1-c4-r5,b2-fabric-b1-c4-r5-task-0216,ipfs_add,True,,72,1783316102784,4886,,False
2172,b2-fabric-b1-c4-r5,b2-fabric-b1-c4-r5-task-0218,ipfs_add,True,,102,1783316102785,4685,,False
2173,b2-fabric-b1-c4-r5,b2-fabric-b1-c4-r5-task-0217,ipfs_add,True,,140,1783316102785,2716,,False
2174,b2-fabric-b1-c4-r5,b2-fabric-b1-c4-r5-task-0219,ipfs_add,True,,137,1783316102788,2892,,False
2175,b2-fabric-b1-c4-r5,b2-fabric-b1-c4-r5-task-0217,fabric_post_task,True,,2366,1783316102925,2716,QmSJABdfLv4Bpp2eX5n5HPKM57QCdjn63jgA55THvNNed2,False
2176,b2-fabric-b1-c4-r5,b2-fabric-b1-c4-r5-task-0216,fabric_post_task,True,,2436,1783316102856,4886,QmWRqVXWHuiCnyPwtVKNcTtPcSDmJqXWmtgqtbSbCRQFN4,False
2177,b2-fabric-b1-c4-r5,b2-fabric-b1-c4-r5-task-0219,fabric_post_task,True,,2368,1783316102925,2892,QmNhbectLBJKJjaBFkjTFgZM6bzSgrQqfV2nzNGd7hnhXp,False
2178,b2-fabric-b1-c4-r5,b2-fabric-b1-c4-r5-task-0218,fabric_post_task,True,,2409,1783316102887,4685,Qme1iJktEs7YhnQf7MbuHozo4uZPGWWEs3BYJ6zBCFpdMN,False
2179,b2-fabric-b1-c4-r5,b2-fabric-b1-c4-r5-task-0217,fabric_post_allocation,True,,2404,1783316105291,0,,False
2180,b2-fabric-b1-c4-r5,b2-fabric-b1-c4-r5-task-0216,fabric_post_allocation,True,,2404,1783316105292,0,,False
2181,b2-fabric-b1-c4-r5,b2-fabric-b1-c4-r5-task-0218,fabric_post_allocation,True,,2401,1783316105296,0,,False
2182,b2-fabric-b1-c4-r5,b2-fabric-b1-c4-r5-task-0219,fabric_post_allocation,True,,2406,1783316105293,0,,False
2183,b2-fabric-b1-c4-r5,b2-fabric-b1-c4-r5-task-0216,fabric_post_snapshot,True,,2309,1783316107696,0,,False
2184,b2-fabric-b1-c4-r5,b2-fabric-b1-c4-r5-task-0218,fabric_post_snapshot,True,,2308,1783316107697,0,,False
2185,b2-fabric-b1-c4-r5,b2-fabric-b1-c4-r5-task-0217,fabric_post_snapshot,True,,2313,1783316107695,0,,False
2186,b2-fabric-b1-c4-r5,b2-fabric-b1-c4-r5-task-0219,fabric_post_snapshot,True,,2309,1783316107699,0,,False
2187,b2-fabric-b1-c4-r5,b2-fabric-b1-c4-r5-task-0219,fabric_query_confirmation,True,,123,1783316110008,0,,False
2188,b2-fabric-b1-c4-r5,b2-fabric-b1-c4-r5-task-0218,fabric_query_confirmation,True,,127,1783316110005,0,,False
2189,b2-fabric-b1-c4-r5,b2-fabric-b1-c4-r5-task-0216,fabric_query_confirmation,True,,127,1783316110005,0,,False
2190,b2-fabric-b1-c4-r5,b2-fabric-b1-c4-r5-task-0217,fabric_query_confirmation,True,,126,1783316110008,0,,False
2191,b2-fabric-b1-c4-r5,b2-fabric-b1-c4-r5-task-0216,fabric_vote_1,True,,1507,1783316110132,0,,False
2192,b2-fabric-b1-c4-r5,b2-fabric-b1-c4-r5-task-0219,fabric_vote_1,True,,1509,1783316110131,0,,False
2193,b2-fabric-b1-c4-r5,b2-fabric-b1-c4-r5-task-0218,fabric_vote_1,True,,1509,1783316110132,0,,False
2194,b2-fabric-b1-c4-r5,b2-fabric-b1-c4-r5-task-0217,fabric_vote_1,True,,1507,1783316110134,0,,False
2195,b2-fabric-b1-c4-r5,b2-fabric-b1-c4-r5-task-0218,fabric_vote_2,True,,2327,1783316111641,0,,False
2196,b2-fabric-b1-c4-r5,b2-fabric-b1-c4-r5-task-0216,fabric_vote_2,True,,2329,1783316111639,0,,False
2197,b2-fabric-b1-c4-r5,b2-fabric-b1-c4-r5-task-0219,fabric_vote_2,True,,2330,1783316111640,0,,False
2198,b2-fabric-b1-c4-r5,b2-fabric-b1-c4-r5-task-0217,fabric_vote_2,True,,2330,1783316111641,0,,False
2199,b2-fabric-b1-c4-r5,b2-fabric-b1-c4-r5-task-0217,fabric_settlement,True,,2404,1783316113971,0,,False
2200,b2-fabric-b1-c4-r5,b2-fabric-b1-c4-r5-task-0216,fabric_settlement,True,,2408,1783316113968,0,,False
2201,b2-fabric-b1-c4-r5,b2-fabric-b1-c4-r5-task-0218,fabric_settlement,True,,2409,1783316113968,0,,False
2202,b2-fabric-b1-c4-r5,b2-fabric-b1-c4-r5-task-0219,fabric_settlement,True,,2410,1783316113970,0,,False
2203,b2-fabric-b1-c4-r5,b2-fabric-b1-c4-r5-task-0217,fabric_query_final,True,,695,1783316116375,0,,False
2204,b2-fabric-b1-c4-r5,b2-fabric-b1-c4-r5-task-0216,fabric_query_final,True,,695,1783316116376,0,,False
2205,b2-fabric-b1-c4-r5,b2-fabric-b1-c4-r5-task-0218,fabric_query_final,True,,694,1783316116377,0,,False
2206,b2-fabric-b1-c4-r5,b2-fabric-b1-c4-r5-task-0219,fabric_query_final,True,,694,1783316116380,0,,False
2207,b2-fabric-b1-c4-r5,b2-fabric-b1-c4-r5-task-0218,ipfs_verify,True,,7,1783316117071,0,Qme1iJktEs7YhnQf7MbuHozo4uZPGWWEs3BYJ6zBCFpdMN,False
2208,b2-fabric-b1-c4-r5,b2-fabric-b1-c4-r5-task-0216,ipfs_verify,True,,7,1783316117071,0,QmWRqVXWHuiCnyPwtVKNcTtPcSDmJqXWmtgqtbSbCRQFN4,False
2209,b2-fabric-b1-c4-r5,b2-fabric-b1-c4-r5-task-0217,ipfs_verify,True,,9,1783316117070,0,QmSJABdfLv4Bpp2eX5n5HPKM57QCdjn63jgA55THvNNed2,False
2210,b2-fabric-b1-c4-r5,b2-fabric-b1-c4-r5-task-0219,ipfs_verify,True,,8,1783316117074,0,QmNhbectLBJKJjaBFkjTFgZM6bzSgrQqfV2nzNGd7hnhXp,False
2211,b2-fabric-b1-c4-r5,b2-fabric-b1-c4-r5-task-0220,ipfs_add,True,,59,1783316117078,4548,,False
2212,b2-fabric-b1-c4-r5,b2-fabric-b1-c4-r5-task-0221,ipfs_add,True,,75,1783316117078,3158,,False
2213,b2-fabric-b1-c4-r5,b2-fabric-b1-c4-r5-task-0222,ipfs_add,True,,108,1783316117079,1324,,False
2214,b2-fabric-b1-c4-r5,b2-fabric-b1-c4-r5-task-0223,ipfs_add,True,,106,1783316117082,3496,,False
2215,b2-fabric-b1-c4-r5,b2-fabric-b1-c4-r5-task-0223,fabric_post_task,True,,2532,1783316117188,3496,QmWbbDn5PocUVAwa1Z8DaHWZAUyYjNR994MzCi3frghkPT,False
2216,b2-fabric-b1-c4-r5,b2-fabric-b1-c4-r5-task-0221,fabric_post_task,True,,2568,1783316117153,3158,QmWVfmqjcSuDEvXN6AQHwxkPXEvwWEr5xAd7VvqaLGMK2z,False
2217,b2-fabric-b1-c4-r5,b2-fabric-b1-c4-r5-task-0220,fabric_post_task,True,,2586,1783316117137,4548,QmYYxvJgNUHcuw3V2RQoYsrDaUwRXmGhJB4S5YoBbJAdi9,False
2218,b2-fabric-b1-c4-r5,b2-fabric-b1-c4-r5-task-0222,fabric_post_task,True,,2537,1783316117187,1324,QmS9gSDSA2dNcaqguAdbXiugT37zErUJRQhyYdHW4FYF1Z,False
2219,b2-fabric-b1-c4-r5,b2-fabric-b1-c4-r5-task-0220,fabric_post_allocation,True,,2306,1783316119723,0,,False
2220,b2-fabric-b1-c4-r5,b2-fabric-b1-c4-r5-task-0222,fabric_post_allocation,True,,2306,1783316119724,0,,False
2221,b2-fabric-b1-c4-r5,b2-fabric-b1-c4-r5-task-0223,fabric_post_allocation,True,,2310,1783316119720,0,,False
2222,b2-fabric-b1-c4-r5,b2-fabric-b1-c4-r5-task-0221,fabric_post_allocation,True,,2311,1783316119721,0,,False
2223,b2-fabric-b1-c4-r5,b2-fabric-b1-c4-r5-task-0222,fabric_post_snapshot,True,,2425,1783316122030,0,,False
2224,b2-fabric-b1-c4-r5,b2-fabric-b1-c4-r5-task-0221,fabric_post_snapshot,True,,2424,1783316122032,0,,False
2225,b2-fabric-b1-c4-r5,b2-fabric-b1-c4-r5-task-0223,fabric_post_snapshot,True,,2427,1783316122030,0,,False
2226,b2-fabric-b1-c4-r5,b2-fabric-b1-c4-r5-task-0220,fabric_post_snapshot,True,,2429,1783316122029,0,,False
2227,b2-fabric-b1-c4-r5,b2-fabric-b1-c4-r5-task-0222,fabric_query_confirmation,True,,112,1783316124455,0,,False
2228,b2-fabric-b1-c4-r5,b2-fabric-b1-c4-r5-task-0221,fabric_query_confirmation,True,,112,1783316124456,0,,False
2229,b2-fabric-b1-c4-r5,b2-fabric-b1-c4-r5-task-0220,fabric_query_confirmation,True,,110,1783316124458,0,,False
2230,b2-fabric-b1-c4-r5,b2-fabric-b1-c4-r5-task-0223,fabric_query_confirmation,True,,114,1783316124457,0,,False
2231,b2-fabric-b1-c4-r5,b2-fabric-b1-c4-r5-task-0221,fabric_vote_1,True,,2693,1783316124568,0,,False
2232,b2-fabric-b1-c4-r5,b2-fabric-b1-c4-r5-task-0222,fabric_vote_1,True,,2695,1783316124567,0,,False
2233,b2-fabric-b1-c4-r5,b2-fabric-b1-c4-r5-task-0223,fabric_vote_1,True,,2692,1783316124571,0,,False
2234,b2-fabric-b1-c4-r5,b2-fabric-b1-c4-r5-task-0220,fabric_vote_1,True,,2695,1783316124568,0,,False
2235,b2-fabric-b1-c4-r5,b2-fabric-b1-c4-r5-task-0222,fabric_vote_2,True,,2278,1783316127262,0,,False
2236,b2-fabric-b1-c4-r5,b2-fabric-b1-c4-r5-task-0223,fabric_vote_2,True,,2279,1783316127263,0,,False
2237,b2-fabric-b1-c4-r5,b2-fabric-b1-c4-r5-task-0221,fabric_vote_2,True,,2282,1783316127261,0,,False
2238,b2-fabric-b1-c4-r5,b2-fabric-b1-c4-r5-task-0220,fabric_vote_2,True,,2281,1783316127263,0,,False
2239,b2-fabric-b1-c4-r5,b2-fabric-b1-c4-r5-task-0220,fabric_settlement,True,,2295,1783316129544,0,,False
2240,b2-fabric-b1-c4-r5,b2-fabric-b1-c4-r5-task-0223,fabric_settlement,True,,2298,1783316129542,0,,False
2241,b2-fabric-b1-c4-r5,b2-fabric-b1-c4-r5-task-0221,fabric_settlement,True,,2297,1783316129543,0,,False
2242,b2-fabric-b1-c4-r5,b2-fabric-b1-c4-r5-task-0222,fabric_settlement,True,,2304,1783316129540,0,,False
2243,b2-fabric-b1-c4-r5,b2-fabric-b1-c4-r5-task-0223,fabric_query_final,True,,744,1783316131840,0,,False
2244,b2-fabric-b1-c4-r5,b2-fabric-b1-c4-r5-task-0220,fabric_query_final,True,,744,1783316131840,0,,False
2245,b2-fabric-b1-c4-r5,b2-fabric-b1-c4-r5-task-0222,fabric_query_final,True,,741,1783316131844,0,,False
2246,b2-fabric-b1-c4-r5,b2-fabric-b1-c4-r5-task-0221,fabric_query_final,True,,748,1783316131840,0,,False
2247,b2-fabric-b1-c4-r5,b2-fabric-b1-c4-r5-task-0223,ipfs_verify,True,,7,1783316132584,0,QmWbbDn5PocUVAwa1Z8DaHWZAUyYjNR994MzCi3frghkPT,False
2248,b2-fabric-b1-c4-r5,b2-fabric-b1-c4-r5-task-0220,ipfs_verify,True,,8,1783316132584,0,QmYYxvJgNUHcuw3V2RQoYsrDaUwRXmGhJB4S5YoBbJAdi9,False
2249,b2-fabric-b1-c4-r5,b2-fabric-b1-c4-r5-task-0222,ipfs_verify,True,,7,1783316132585,0,QmS9gSDSA2dNcaqguAdbXiugT37zErUJRQhyYdHW4FYF1Z,False
2250,b2-fabric-b1-c4-r5,b2-fabric-b1-c4-r5-task-0221,ipfs_verify,True,,7,1783316132588,0,QmWVfmqjcSuDEvXN6AQHwxkPXEvwWEr5xAd7VvqaLGMK2z,False
2251,b2-fabric-b1-c4-r5,b2-fabric-b1-c4-r5-task-0224,ipfs_add,True,,131,1783316132591,1434,,False
2252,b2-fabric-b1-c4-r5,b2-fabric-b1-c4-r5-task-0226,ipfs_add,True,,146,1783316132593,2097,,False
2253,b2-fabric-b1-c4-r5,b2-fabric-b1-c4-r5-task-0225,ipfs_add,True,,164,1783316132592,2951,,False
2254,b2-fabric-b1-c4-r5,b2-fabric-b1-c4-r5-task-0227,ipfs_add,True,,178,1783316132595,2681,,False
2255,b2-fabric-b1-c4-r5,b2-fabric-b1-c4-r5-task-0226,fabric_post_task,True,,2441,1783316132739,2097,QmYKcvqVA5kpfJsuCUkNUdEao6JQhFACmrPAQEP38tsjSp,False
2256,b2-fabric-b1-c4-r5,b2-fabric-b1-c4-r5-task-0227,fabric_post_task,True,,2408,1783316132773,2681,QmaotMaC4Hb3cSu92BbQ6XF1kKexFQRifGmXvXQ9CscYbr,False
2257,b2-fabric-b1-c4-r5,b2-fabric-b1-c4-r5-task-0225,fabric_post_task,True,,2426,1783316132756,2951,QmP2y2GKPy6gwArpzaE2RA5dRRgeXWNUH6Gyquaruz27DM,False
2258,b2-fabric-b1-c4-r5,b2-fabric-b1-c4-r5-task-0224,fabric_post_task,True,,2459,1783316132723,1434,Qmbpj7kBGWLUhW2szT9f3rx2oZsCwi6t2fMD1Smb2wFi3D,False
2259,b2-fabric-b1-c4-r5,b2-fabric-b1-c4-r5-task-0227,fabric_post_allocation,True,,2309,1783316135181,0,,False
2260,b2-fabric-b1-c4-r5,b2-fabric-b1-c4-r5-task-0225,fabric_post_allocation,True,,2309,1783316135182,0,,False
2261,b2-fabric-b1-c4-r5,b2-fabric-b1-c4-r5-task-0226,fabric_post_allocation,True,,2312,1783316135180,0,,False
2262,b2-fabric-b1-c4-r5,b2-fabric-b1-c4-r5-task-0224,fabric_post_allocation,True,,2311,1783316135182,0,,False
2263,b2-fabric-b1-c4-r5,b2-fabric-b1-c4-r5-task-0227,fabric_post_snapshot,True,,2293,1783316137490,0,,False
2264,b2-fabric-b1-c4-r5,b2-fabric-b1-c4-r5-task-0225,fabric_post_snapshot,True,,2294,1783316137491,0,,False
2265,b2-fabric-b1-c4-r5,b2-fabric-b1-c4-r5-task-0224,fabric_post_snapshot,True,,2293,1783316137493,0,,False
2266,b2-fabric-b1-c4-r5,b2-fabric-b1-c4-r5-task-0226,fabric_post_snapshot,True,,2294,1783316137492,0,,False
2267,b2-fabric-b1-c4-r5,b2-fabric-b1-c4-r5-task-0227,fabric_query_confirmation,True,,138,1783316139783,0,,False
2268,b2-fabric-b1-c4-r5,b2-fabric-b1-c4-r5-task-0224,fabric_query_confirmation,True,,135,1783316139786,0,,False
2269,b2-fabric-b1-c4-r5,b2-fabric-b1-c4-r5-task-0226,fabric_query_confirmation,True,,135,1783316139786,0,,False
2270,b2-fabric-b1-c4-r5,b2-fabric-b1-c4-r5-task-0225,fabric_query_confirmation,True,,136,1783316139786,0,,False
2271,b2-fabric-b1-c4-r5,b2-fabric-b1-c4-r5-task-0224,fabric_vote_1,True,,1157,1783316139921,0,,False
2272,b2-fabric-b1-c4-r5,b2-fabric-b1-c4-r5-task-0226,fabric_vote_1,True,,1158,1783316139921,0,,False
2273,b2-fabric-b1-c4-r5,b2-fabric-b1-c4-r5-task-0227,fabric_vote_1,True,,1158,1783316139921,0,,False
2274,b2-fabric-b1-c4-r5,b2-fabric-b1-c4-r5-task-0225,fabric_vote_1,True,,1158,1783316139922,0,,False
2275,b2-fabric-b1-c4-r5,b2-fabric-b1-c4-r5-task-0226,fabric_vote_2,True,,2267,1783316141079,0,,False
2276,b2-fabric-b1-c4-r5,b2-fabric-b1-c4-r5-task-0224,fabric_vote_2,True,,2268,1783316141078,0,,False
2277,b2-fabric-b1-c4-r5,b2-fabric-b1-c4-r5-task-0225,fabric_vote_2,True,,2266,1783316141080,0,,False
2278,b2-fabric-b1-c4-r5,b2-fabric-b1-c4-r5-task-0227,fabric_vote_2,True,,2268,1783316141080,0,,False
2279,b2-fabric-b1-c4-r5,b2-fabric-b1-c4-r5-task-0225,fabric_settlement,True,,2478,1783316143346,0,,False
2280,b2-fabric-b1-c4-r5,b2-fabric-b1-c4-r5-task-0224,fabric_settlement,True,,2479,1783316143346,0,,False
2281,b2-fabric-b1-c4-r5,b2-fabric-b1-c4-r5-task-0227,fabric_settlement,True,,2478,1783316143348,0,,False
2282,b2-fabric-b1-c4-r5,b2-fabric-b1-c4-r5-task-0226,fabric_settlement,True,,2480,1783316143346,0,,False
2283,b2-fabric-b1-c4-r5,b2-fabric-b1-c4-r5-task-0225,fabric_query_final,True,,697,1783316145824,0,,False
2284,b2-fabric-b1-c4-r5,b2-fabric-b1-c4-r5-task-0227,fabric_query_final,True,,696,1783316145826,0,,False
2285,b2-fabric-b1-c4-r5,b2-fabric-b1-c4-r5-task-0226,fabric_query_final,True,,697,1783316145826,0,,False
2286,b2-fabric-b1-c4-r5,b2-fabric-b1-c4-r5-task-0224,fabric_query_final,True,,700,1783316145825,0,,False
2287,b2-fabric-b1-c4-r5,b2-fabric-b1-c4-r5-task-0225,ipfs_verify,True,,7,1783316146521,0,QmP2y2GKPy6gwArpzaE2RA5dRRgeXWNUH6Gyquaruz27DM,False
2288,b2-fabric-b1-c4-r5,b2-fabric-b1-c4-r5-task-0227,ipfs_verify,True,,7,1783316146522,0,QmaotMaC4Hb3cSu92BbQ6XF1kKexFQRifGmXvXQ9CscYbr,False
2289,b2-fabric-b1-c4-r5,b2-fabric-b1-c4-r5-task-0226,ipfs_verify,True,,7,1783316146523,0,QmYKcvqVA5kpfJsuCUkNUdEao6JQhFACmrPAQEP38tsjSp,False
2290,b2-fabric-b1-c4-r5,b2-fabric-b1-c4-r5-task-0224,ipfs_verify,True,,5,1783316146525,0,Qmbpj7kBGWLUhW2szT9f3rx2oZsCwi6t2fMD1Smb2wFi3D,False
2291,b2-fabric-b1-c4-r5,b2-fabric-b1-c4-r5-task-0228,ipfs_add,True,,25,1783316146528,3049,,False
2292,b2-fabric-b1-c4-r5,b2-fabric-b1-c4-r5-task-0229,ipfs_add,True,,41,1783316146529,1853,,False
2293,b2-fabric-b1-c4-r5,b2-fabric-b1-c4-r5-task-0230,ipfs_add,True,,58,1783316146530,4672,,False
2294,b2-fabric-b1-c4-r5,b2-fabric-b1-c4-r5-task-0231,ipfs_add,True,,74,1783316146531,4749,,False
2295,b2-fabric-b1-c4-r5,b2-fabric-b1-c4-r5-task-0231,fabric_post_task,True,,2439,1783316146605,4749,QmZ1zUyz7qR3sEW9z4W3mHUGs871kKaNMsvhBu7yRneVTT,False
2296,b2-fabric-b1-c4-r5,b2-fabric-b1-c4-r5-task-0230,fabric_post_task,True,,2459,1783316146588,4672,QmVVrWGoPddnyHraUM2wUgG7XF2t7LkAUG71CvTqMUfisz,False
2297,b2-fabric-b1-c4-r5,b2-fabric-b1-c4-r5-task-0228,fabric_post_task,True,,2495,1783316146553,3049,Qmcg9hZwBNt4mPUVQKwcf3whBnxD8r9WzcLGYR2bbkVKYL,False
2298,b2-fabric-b1-c4-r5,b2-fabric-b1-c4-r5-task-0229,fabric_post_task,True,,2481,1783316146570,1853,QmU1c3q88Niv1hpqR47GYDb1SQRJPW8Sq3y68qKJ6gnFaK,False
2299,b2-fabric-b1-c4-r5,b2-fabric-b1-c4-r5-task-0229,fabric_post_allocation,True,,2314,1783316149051,0,,False
2300,b2-fabric-b1-c4-r5,b2-fabric-b1-c4-r5-task-0230,fabric_post_allocation,True,,2318,1783316149047,0,,False
2301,b2-fabric-b1-c4-r5,b2-fabric-b1-c4-r5-task-0231,fabric_post_allocation,True,,2322,1783316149044,0,,False
2302,b2-fabric-b1-c4-r5,b2-fabric-b1-c4-r5-task-0228,fabric_post_allocation,True,,2320,1783316149048,0,,False
2303,b2-fabric-b1-c4-r5,b2-fabric-b1-c4-r5-task-0229,fabric_post_snapshot,True,,2740,1783316151365,0,,False
2304,b2-fabric-b1-c4-r5,b2-fabric-b1-c4-r5-task-0230,fabric_post_snapshot,True,,2742,1783316151365,0,,False
2305,b2-fabric-b1-c4-r5,b2-fabric-b1-c4-r5-task-0231,fabric_post_snapshot,True,,2741,1783316151366,0,,False
2306,b2-fabric-b1-c4-r5,b2-fabric-b1-c4-r5-task-0228,fabric_post_snapshot,True,,2740,1783316151368,0,,False
2307,b2-fabric-b1-c4-r5,b2-fabric-b1-c4-r5-task-0228,fabric_query_confirmation,True,,107,1783316154108,0,,False
2308,b2-fabric-b1-c4-r5,b2-fabric-b1-c4-r5-task-0231,fabric_query_confirmation,True,,108,1783316154107,0,,False
2309,b2-fabric-b1-c4-r5,b2-fabric-b1-c4-r5-task-0229,fabric_query_confirmation,True,,111,1783316154105,0,,False
2310,b2-fabric-b1-c4-r5,b2-fabric-b1-c4-r5-task-0230,fabric_query_confirmation,True,,148,1783316154107,0,,False
2311,b2-fabric-b1-c4-r5,b2-fabric-b1-c4-r5-task-0230,fabric_vote_1,True,,2205,1783316154255,0,,False
2312,b2-fabric-b1-c4-r5,b2-fabric-b1-c4-r5-task-0229,fabric_vote_1,True,,2244,1783316154216,0,,False
2313,b2-fabric-b1-c4-r5,b2-fabric-b1-c4-r5-task-0231,fabric_vote_1,True,,2246,1783316154215,0,,False
2314,b2-fabric-b1-c4-r5,b2-fabric-b1-c4-r5-task-0228,fabric_vote_1,True,,2248,1783316154215,0,,False
2315,b2-fabric-b1-c4-r5,b2-fabric-b1-c4-r5-task-0229,fabric_vote_2,True,,2465,1783316156460,0,,False
2316,b2-fabric-b1-c4-r5,b2-fabric-b1-c4-r5-task-0231,fabric_vote_2,True,,2465,1783316156461,0,,False
2317,b2-fabric-b1-c4-r5,b2-fabric-b1-c4-r5-task-0228,fabric_vote_2,True,,2463,1783316156463,0,,False
2318,b2-fabric-b1-c4-r5,b2-fabric-b1-c4-r5-task-0230,fabric_vote_2,True,,2467,1783316156460,0,,False
2319,b2-fabric-b1-c4-r5,b2-fabric-b1-c4-r5-task-0229,fabric_settlement,True,,2293,1783316158925,0,,False
2320,b2-fabric-b1-c4-r5,b2-fabric-b1-c4-r5-task-0228,fabric_settlement,True,,2293,1783316158926,0,,False
2321,b2-fabric-b1-c4-r5,b2-fabric-b1-c4-r5-task-0231,fabric_settlement,True,,2293,1783316158926,0,,False
2322,b2-fabric-b1-c4-r5,b2-fabric-b1-c4-r5-task-0230,fabric_settlement,True,,2294,1783316158927,0,,False
2323,b2-fabric-b1-c4-r5,b2-fabric-b1-c4-r5-task-0229,fabric_query_final,True,,741,1783316161218,0,,False
2324,b2-fabric-b1-c4-r5,b2-fabric-b1-c4-r5-task-0231,fabric_query_final,True,,742,1783316161219,0,,False
2325,b2-fabric-b1-c4-r5,b2-fabric-b1-c4-r5-task-0228,fabric_query_final,True,,742,1783316161219,0,,False
2326,b2-fabric-b1-c4-r5,b2-fabric-b1-c4-r5-task-0230,fabric_query_final,True,,743,1783316161221,0,,False
2327,b2-fabric-b1-c4-r5,b2-fabric-b1-c4-r5-task-0231,ipfs_verify,True,,7,1783316161961,0,QmZ1zUyz7qR3sEW9z4W3mHUGs871kKaNMsvhBu7yRneVTT,False
2328,b2-fabric-b1-c4-r5,b2-fabric-b1-c4-r5-task-0228,ipfs_verify,True,,8,1783316161961,0,Qmcg9hZwBNt4mPUVQKwcf3whBnxD8r9WzcLGYR2bbkVKYL,False
2329,b2-fabric-b1-c4-r5,b2-fabric-b1-c4-r5-task-0229,ipfs_verify,True,,11,1783316161959,0,QmU1c3q88Niv1hpqR47GYDb1SQRJPW8Sq3y68qKJ6gnFaK,False
2330,b2-fabric-b1-c4-r5,b2-fabric-b1-c4-r5-task-0230,ipfs_verify,True,,8,1783316161964,0,QmVVrWGoPddnyHraUM2wUgG7XF2t7LkAUG71CvTqMUfisz,False
2331,b2-fabric-b1-c4-r5,b2-fabric-b1-c4-r5-task-0232,ipfs_add,True,,28,1783316161969,5652,,False
2332,b2-fabric-b1-c4-r5,b2-fabric-b1-c4-r5-task-0234,ipfs_add,True,,43,1783316161970,4813,,False
2333,b2-fabric-b1-c4-r5,b2-fabric-b1-c4-r5-task-0233,ipfs_add,True,,60,1783316161970,5561,,False
2334,b2-fabric-b1-c4-r5,b2-fabric-b1-c4-r5-task-0235,ipfs_add,True,,75,1783316161972,3473,,False
2335,b2-fabric-b1-c4-r5,b2-fabric-b1-c4-r5-task-0233,fabric_post_task,True,,2410,1783316162030,5561,QmPiTWkJT1mbrmoTnV9zypQTW3Way5fUm3QKFnVCGaYeHm,False
2336,b2-fabric-b1-c4-r5,b2-fabric-b1-c4-r5-task-0235,fabric_post_task,True,,2395,1783316162047,3473,QmYicVCk9mEpCXvCjMGcMHHmbJVaPePcbBgZQABLWpBqqW,False
2337,b2-fabric-b1-c4-r5,b2-fabric-b1-c4-r5-task-0234,fabric_post_task,True,,2428,1783316162014,4813,QmPib3HBbwLaFsPuT1LMCQzfpjcraJk2ud1LU6KcqXFQ9r,False
2338,b2-fabric-b1-c4-r5,b2-fabric-b1-c4-r5-task-0232,fabric_post_task,True,,2447,1783316161997,5652,QmSoSsUedyqXDpWjs8cPi259zwcokeishbBomFLbck3bFS,False
2339,b2-fabric-b1-c4-r5,b2-fabric-b1-c4-r5-task-0234,fabric_post_allocation,True,,2328,1783316164442,0,,False
2340,b2-fabric-b1-c4-r5,b2-fabric-b1-c4-r5-task-0232,fabric_post_allocation,True,,2326,1783316164444,0,,False
2341,b2-fabric-b1-c4-r5,b2-fabric-b1-c4-r5-task-0233,fabric_post_allocation,True,,2331,1783316164440,0,,False
2342,b2-fabric-b1-c4-r5,b2-fabric-b1-c4-r5-task-0235,fabric_post_allocation,True,,2332,1783316164442,0,,False
2343,b2-fabric-b1-c4-r5,b2-fabric-b1-c4-r5-task-0232,fabric_post_snapshot,True,,2450,1783316166770,0,,False
2344,b2-fabric-b1-c4-r5,b2-fabric-b1-c4-r5-task-0233,fabric_post_snapshot,True,,2449,1783316166771,0,,False
2345,b2-fabric-b1-c4-r5,b2-fabric-b1-c4-r5-task-0234,fabric_post_snapshot,True,,2452,1783316166770,0,,False
2346,b2-fabric-b1-c4-r5,b2-fabric-b1-c4-r5-task-0235,fabric_post_snapshot,True,,2448,1783316166774,0,,False
2347,b2-fabric-b1-c4-r5,b2-fabric-b1-c4-r5-task-0232,fabric_query_confirmation,True,,114,1783316169220,0,,False
2348,b2-fabric-b1-c4-r5,b2-fabric-b1-c4-r5-task-0234,fabric_query_confirmation,True,,112,1783316169222,0,,False
2349,b2-fabric-b1-c4-r5,b2-fabric-b1-c4-r5-task-0235,fabric_query_confirmation,True,,113,1783316169222,0,,False
2350,b2-fabric-b1-c4-r5,b2-fabric-b1-c4-r5-task-0233,fabric_query_confirmation,True,,117,1783316169220,0,,False
2351,b2-fabric-b1-c4-r5,b2-fabric-b1-c4-r5-task-0232,fabric_vote_1,True,,1347,1783316169334,0,,False
2352,b2-fabric-b1-c4-r5,b2-fabric-b1-c4-r5-task-0234,fabric_vote_1,True,,1348,1783316169334,0,,False
2353,b2-fabric-b1-c4-r5,b2-fabric-b1-c4-r5-task-0233,fabric_vote_1,True,,1347,1783316169337,0,,False
2354,b2-fabric-b1-c4-r5,b2-fabric-b1-c4-r5-task-0235,fabric_vote_1,True,,1350,1783316169335,0,,False
2355,b2-fabric-b1-c4-r5,b2-fabric-b1-c4-r5-task-0235,fabric_vote_2,True,,2430,1783316170685,0,,False
2356,b2-fabric-b1-c4-r5,b2-fabric-b1-c4-r5-task-0234,fabric_vote_2,True,,2434,1783316170682,0,,False
2357,b2-fabric-b1-c4-r5,b2-fabric-b1-c4-r5-task-0232,fabric_vote_2,True,,2436,1783316170681,0,,False
2358,b2-fabric-b1-c4-r5,b2-fabric-b1-c4-r5-task-0233,fabric_vote_2,True,,2435,1783316170684,0,,False
2359,b2-fabric-b1-c4-r5,b2-fabric-b1-c4-r5-task-0235,fabric_settlement,True,,2480,1783316173115,0,,False
2360,b2-fabric-b1-c4-r5,b2-fabric-b1-c4-r5-task-0232,fabric_settlement,True,,2479,1783316173117,0,,False
2361,b2-fabric-b1-c4-r5,b2-fabric-b1-c4-r5-task-0233,fabric_settlement,True,,2478,1783316173119,0,,False
2362,b2-fabric-b1-c4-r5,b2-fabric-b1-c4-r5-task-0234,fabric_settlement,True,,2482,1783316173116,0,,False
2363,b2-fabric-b1-c4-r5,b2-fabric-b1-c4-r5-task-0233,fabric_query_final,True,,519,1783316175597,0,,False
2364,b2-fabric-b1-c4-r5,b2-fabric-b1-c4-r5-task-0232,fabric_query_final,True,,520,1783316175596,0,,False
2365,b2-fabric-b1-c4-r5,b2-fabric-b1-c4-r5-task-0235,fabric_query_final,True,,521,1783316175595,0,,False
2366,b2-fabric-b1-c4-r5,b2-fabric-b1-c4-r5-task-0234,fabric_query_final,True,,524,1783316175598,0,,False
2367,b2-fabric-b1-c4-r5,b2-fabric-b1-c4-r5-task-0233,ipfs_verify,True,,7,1783316176116,0,QmPiTWkJT1mbrmoTnV9zypQTW3Way5fUm3QKFnVCGaYeHm,False
2368,b2-fabric-b1-c4-r5,b2-fabric-b1-c4-r5-task-0235,ipfs_verify,True,,8,1783316176116,0,QmYicVCk9mEpCXvCjMGcMHHmbJVaPePcbBgZQABLWpBqqW,False
2369,b2-fabric-b1-c4-r5,b2-fabric-b1-c4-r5-task-0232,ipfs_verify,True,,8,1783316176116,0,QmSoSsUedyqXDpWjs8cPi259zwcokeishbBomFLbck3bFS,False
2370,b2-fabric-b1-c4-r5,b2-fabric-b1-c4-r5-task-0234,ipfs_verify,True,,6,1783316176122,0,QmPib3HBbwLaFsPuT1LMCQzfpjcraJk2ud1LU6KcqXFQ9r,False
2371,b2-fabric-b1-c4-r5,b2-fabric-b1-c4-r5-task-0236,ipfs_add,True,,27,1783316176123,3609,,False
2372,b2-fabric-b1-c4-r5,b2-fabric-b1-c4-r5-task-0237,ipfs_add,True,,43,1783316176124,5358,,False
2373,b2-fabric-b1-c4-r5,b2-fabric-b1-c4-r5-task-0238,ipfs_add,True,,61,1783316176124,2789,,False
2374,b2-fabric-b1-c4-r5,b2-fabric-b1-c4-r5-task-0239,ipfs_add,True,,74,1783316176128,1409,,False
2375,b2-fabric-b1-c4-r5,b2-fabric-b1-c4-r5-task-0238,fabric_post_task,True,,2426,1783316176185,2789,QmT6ZzLsRWnFGbDxFiczkk711sF8hynyFyTCPutJbTgPxU,False
2376,b2-fabric-b1-c4-r5,b2-fabric-b1-c4-r5-task-0236,fabric_post_task,True,,2462,1783316176150,3609,QmVXqjnDPn1ZWZeaYTpic5k9LeY4VnPGoRNhtDotr1gFPf,False
2377,b2-fabric-b1-c4-r5,b2-fabric-b1-c4-r5-task-0239,fabric_post_task,True,,2412,1783316176202,1409,QmQMeGcZwLYK3Pq3gZevpTDuLFbfuYKryRgEJBym4Nhd1b,False
2378,b2-fabric-b1-c4-r5,b2-fabric-b1-c4-r5-task-0237,fabric_post_task,True,,2449,1783316176167,5358,QmVAq5JsSc7aMPcAaJdKWcsK7zz4oLxAr4YXCyVDbZzyuX,False
2379,b2-fabric-b1-c4-r5,b2-fabric-b1-c4-r5-task-0239,fabric_post_allocation,True,,2308,1783316178614,0,,False
2380,b2-fabric-b1-c4-r5,b2-fabric-b1-c4-r5-task-0236,fabric_post_allocation,True,,2310,1783316178612,0,,False
2381,b2-fabric-b1-c4-r5,b2-fabric-b1-c4-r5-task-0238,fabric_post_allocation,True,,2312,1783316178611,0,,False
2382,b2-fabric-b1-c4-r5,b2-fabric-b1-c4-r5-task-0237,fabric_post_allocation,True,,2309,1783316178616,0,,False
2383,b2-fabric-b1-c4-r5,b2-fabric-b1-c4-r5-task-0236,fabric_post_snapshot,True,,2729,1783316180923,0,,False
2384,b2-fabric-b1-c4-r5,b2-fabric-b1-c4-r5-task-0237,fabric_post_snapshot,True,,2729,1783316180925,0,,False
2385,b2-fabric-b1-c4-r5,b2-fabric-b1-c4-r5-task-0239,fabric_post_snapshot,True,,2732,1783316180922,0,,False
2386,b2-fabric-b1-c4-r5,b2-fabric-b1-c4-r5-task-0238,fabric_post_snapshot,True,,2732,1783316180923,0,,False
2387,b2-fabric-b1-c4-r5,b2-fabric-b1-c4-r5-task-0236,fabric_query_confirmation,True,,110,1783316183652,0,,False
2388,b2-fabric-b1-c4-r5,b2-fabric-b1-c4-r5-task-0237,fabric_query_confirmation,True,,109,1783316183654,0,,False
2389,b2-fabric-b1-c4-r5,b2-fabric-b1-c4-r5-task-0239,fabric_query_confirmation,True,,109,1783316183654,0,,False
2390,b2-fabric-b1-c4-r5,b2-fabric-b1-c4-r5-task-0238,fabric_query_confirmation,True,,110,1783316183655,0,,False
2391,b2-fabric-b1-c4-r5,b2-fabric-b1-c4-r5-task-0236,fabric_vote_1,True,,2457,1783316183762,0,,False
2392,b2-fabric-b1-c4-r5,b2-fabric-b1-c4-r5-task-0238,fabric_vote_1,True,,2455,1783316183765,0,,False
2393,b2-fabric-b1-c4-r5,b2-fabric-b1-c4-r5-task-0237,fabric_vote_1,True,,2457,1783316183763,0,,False
2394,b2-fabric-b1-c4-r5,b2-fabric-b1-c4-r5-task-0239,fabric_vote_1,True,,2460,1783316183763,0,,False
2395,b2-fabric-b1-c4-r5,b2-fabric-b1-c4-r5-task-0239,fabric_vote_2,True,,2436,1783316186223,0,,False
2396,b2-fabric-b1-c4-r5,b2-fabric-b1-c4-r5-task-0236,fabric_vote_2,True,,2441,1783316186219,0,,False
2397,b2-fabric-b1-c4-r5,b2-fabric-b1-c4-r5-task-0237,fabric_vote_2,True,,2441,1783316186220,0,,False
2398,b2-fabric-b1-c4-r5,b2-fabric-b1-c4-r5-task-0238,fabric_vote_2,True,,2442,1783316186220,0,,False
2399,b2-fabric-b1-c4-r5,b2-fabric-b1-c4-r5-task-0238,fabric_settlement,True,,2278,1783316188662,0,,False
2400,b2-fabric-b1-c4-r5,b2-fabric-b1-c4-r5-task-0237,fabric_settlement,True,,2281,1783316188661,0,,False
2401,b2-fabric-b1-c4-r5,b2-fabric-b1-c4-r5-task-0236,fabric_settlement,True,,2282,1783316188660,0,,False
2402,b2-fabric-b1-c4-r5,b2-fabric-b1-c4-r5-task-0239,fabric_settlement,True,,2285,1783316188659,0,,False
2403,b2-fabric-b1-c4-r5,b2-fabric-b1-c4-r5-task-0239,fabric_query_final,True,,700,1783316190944,0,,False
2404,b2-fabric-b1-c4-r5,b2-fabric-b1-c4-r5-task-0238,fabric_query_final,True,,705,1783316190940,0,,False
2405,b2-fabric-b1-c4-r5,b2-fabric-b1-c4-r5-task-0237,fabric_query_final,True,,703,1783316190942,0,,False
2406,b2-fabric-b1-c4-r5,b2-fabric-b1-c4-r5-task-0236,fabric_query_final,True,,708,1783316190942,0,,False
2407,b2-fabric-b1-c4-r5,b2-fabric-b1-c4-r5-task-0239,ipfs_verify,True,,8,1783316191645,0,QmQMeGcZwLYK3Pq3gZevpTDuLFbfuYKryRgEJBym4Nhd1b,False
2408,b2-fabric-b1-c4-r5,b2-fabric-b1-c4-r5-task-0238,ipfs_verify,True,,9,1783316191645,0,QmT6ZzLsRWnFGbDxFiczkk711sF8hynyFyTCPutJbTgPxU,False
2409,b2-fabric-b1-c4-r5,b2-fabric-b1-c4-r5-task-0237,ipfs_verify,True,,10,1783316191645,0,QmVAq5JsSc7aMPcAaJdKWcsK7zz4oLxAr4YXCyVDbZzyuX,False
2410,b2-fabric-b1-c4-r5,b2-fabric-b1-c4-r5-task-0236,ipfs_verify,True,,7,1783316191650,0,QmVXqjnDPn1ZWZeaYTpic5k9LeY4VnPGoRNhtDotr1gFPf,False
2411,b2-fabric-b1-c4-r5,b2-fabric-b1-c4-r5-task-0240,ipfs_add,True,,25,1783316191653,1900,,False
2412,b2-fabric-b1-c4-r5,b2-fabric-b1-c4-r5-task-0242,ipfs_add,True,,40,1783316191655,2053,,False
2413,b2-fabric-b1-c4-r5,b2-fabric-b1-c4-r5-task-0241,ipfs_add,True,,57,1783316191654,2700,,False
2414,b2-fabric-b1-c4-r5,b2-fabric-b1-c4-r5-task-0243,ipfs_add,True,,72,1783316191657,1456,,False
2415,b2-fabric-b1-c4-r5,b2-fabric-b1-c4-r5-task-0240,fabric_post_task,True,,2456,1783316191678,1900,QmRfDCDvLXbQCMFDCB2yZ6ZQfQ9nRcY5sEkbivZjmdkej6,False
2416,b2-fabric-b1-c4-r5,b2-fabric-b1-c4-r5-task-0243,fabric_post_task,True,,2406,1783316191729,1456,QmRSRcL9QGoh8VvDT2ixSsZg96fnWrX8z1a5S7uHJpt7kp,False
2417,b2-fabric-b1-c4-r5,b2-fabric-b1-c4-r5-task-0242,fabric_post_task,True,,2440,1783316191695,2053,QmNubnQEoCoKW34iLEEdjbFpwQuVWvqdKUZP7pPaRitT9Z,False
2418,b2-fabric-b1-c4-r5,b2-fabric-b1-c4-r5-task-0241,fabric_post_task,True,,2427,1783316191711,2700,QmfEJkxeZXBCtVrzRc9tWUkiwMt3QbnPxy27zPrhErg5Mj,False
2419,b2-fabric-b1-c4-r5,b2-fabric-b1-c4-r5-task-0240,fabric_post_allocation,True,,2518,1783316194134,0,,False
2420,b2-fabric-b1-c4-r5,b2-fabric-b1-c4-r5-task-0243,fabric_post_allocation,True,,2518,1783316194135,0,,False
2421,b2-fabric-b1-c4-r5,b2-fabric-b1-c4-r5-task-0242,fabric_post_allocation,True,,2518,1783316194135,0,,False
2422,b2-fabric-b1-c4-r5,b2-fabric-b1-c4-r5-task-0241,fabric_post_allocation,True,,2516,1783316194138,0,,False
2423,b2-fabric-b1-c4-r5,b2-fabric-b1-c4-r5-task-0241,fabric_post_snapshot,True,,1166,1783316196654,0,,False
2424,b2-fabric-b1-c4-r5,b2-fabric-b1-c4-r5-task-0243,fabric_post_snapshot,True,,1168,1783316196653,0,,False
2425,b2-fabric-b1-c4-r5,b2-fabric-b1-c4-r5-task-0242,fabric_post_snapshot,True,,1168,1783316196653,0,,False
2426,b2-fabric-b1-c4-r5,b2-fabric-b1-c4-r5-task-0240,fabric_post_snapshot,True,,1170,1783316196652,0,,False
2427,b2-fabric-b1-c4-r5,b2-fabric-b1-c4-r5-task-0240,fabric_query_confirmation,True,,105,1783316197822,0,,False
2428,b2-fabric-b1-c4-r5,b2-fabric-b1-c4-r5-task-0242,fabric_query_confirmation,True,,106,1783316197821,0,,False
2429,b2-fabric-b1-c4-r5,b2-fabric-b1-c4-r5-task-0243,fabric_query_confirmation,True,,106,1783316197821,0,,False
2430,b2-fabric-b1-c4-r5,b2-fabric-b1-c4-r5-task-0241,fabric_query_confirmation,True,,108,1783316197820,0,,False
2431,b2-fabric-b1-c4-r5,b2-fabric-b1-c4-r5-task-0240,fabric_vote_1,True,,2259,1783316197927,0,,False
2432,b2-fabric-b1-c4-r5,b2-fabric-b1-c4-r5-task-0242,fabric_vote_1,True,,2260,1783316197927,0,,False
2433,b2-fabric-b1-c4-r5,b2-fabric-b1-c4-r5-task-0243,fabric_vote_1,True,,2260,1783316197927,0,,False
2434,b2-fabric-b1-c4-r5,b2-fabric-b1-c4-r5-task-0241,fabric_vote_1,True,,2262,1783316197928,0,,False
2435,b2-fabric-b1-c4-r5,b2-fabric-b1-c4-r5-task-0241,fabric_vote_2,True,,2431,1783316200190,0,,False
2436,b2-fabric-b1-c4-r5,b2-fabric-b1-c4-r5-task-0240,fabric_vote_2,True,,2436,1783316200186,0,,False
2437,b2-fabric-b1-c4-r5,b2-fabric-b1-c4-r5-task-0243,fabric_vote_2,True,,2436,1783316200187,0,,False
2438,b2-fabric-b1-c4-r5,b2-fabric-b1-c4-r5-task-0242,fabric_vote_2,True,,2436,1783316200187,0,,False
2439,b2-fabric-b1-c4-r5,b2-fabric-b1-c4-r5-task-0242,fabric_settlement,True,,2333,1783316202623,0,,False
2440,b2-fabric-b1-c4-r5,b2-fabric-b1-c4-r5-task-0243,fabric_settlement,True,,2333,1783316202623,0,,False
2441,b2-fabric-b1-c4-r5,b2-fabric-b1-c4-r5-task-0241,fabric_settlement,True,,2335,1783316202621,0,,False
2442,b2-fabric-b1-c4-r5,b2-fabric-b1-c4-r5-task-0240,fabric_settlement,True,,2337,1783316202622,0,,False
2443,b2-fabric-b1-c4-r5,b2-fabric-b1-c4-r5-task-0242,fabric_query_final,True,,910,1783316204956,0,,False
2444,b2-fabric-b1-c4-r5,b2-fabric-b1-c4-r5-task-0243,fabric_query_final,True,,911,1783316204956,0,,False
2445,b2-fabric-b1-c4-r5,b2-fabric-b1-c4-r5-task-0241,fabric_query_final,True,,912,1783316204956,0,,False
2446,b2-fabric-b1-c4-r5,b2-fabric-b1-c4-r5-task-0240,fabric_query_final,True,,912,1783316204959,0,,False
2447,b2-fabric-b1-c4-r5,b2-fabric-b1-c4-r5-task-0242,ipfs_verify,True,,7,1783316205866,0,QmNubnQEoCoKW34iLEEdjbFpwQuVWvqdKUZP7pPaRitT9Z,False
2448,b2-fabric-b1-c4-r5,b2-fabric-b1-c4-r5-task-0243,ipfs_verify,True,,7,1783316205867,0,QmRSRcL9QGoh8VvDT2ixSsZg96fnWrX8z1a5S7uHJpt7kp,False
2449,b2-fabric-b1-c4-r5,b2-fabric-b1-c4-r5-task-0241,ipfs_verify,True,,7,1783316205868,0,QmfEJkxeZXBCtVrzRc9tWUkiwMt3QbnPxy27zPrhErg5Mj,False
2450,b2-fabric-b1-c4-r5,b2-fabric-b1-c4-r5-task-0240,ipfs_verify,True,,6,1783316205871,0,QmRfDCDvLXbQCMFDCB2yZ6ZQfQ9nRcY5sEkbivZjmdkej6,False
2451,b2-fabric-b1-c4-r5,b2-fabric-b1-c4-r5-task-0244,ipfs_add,True,,32,1783316205873,1940,,False
2452,b2-fabric-b1-c4-r5,b2-fabric-b1-c4-r5-task-0245,ipfs_add,True,,47,1783316205874,1397,,False
2453,b2-fabric-b1-c4-r5,b2-fabric-b1-c4-r5-task-0246,ipfs_add,True,,62,1783316205875,1908,,False
2454,b2-fabric-b1-c4-r5,b2-fabric-b1-c4-r5-task-0247,ipfs_add,True,,78,1783316205877,1442,,False
2455,b2-fabric-b1-c4-r5,b2-fabric-b1-c4-r5-task-0246,fabric_post_task,True,,2450,1783316205937,1908,Qmbd379qf1e5jFN3VfVGanPkH2qj7HaxhCKRJVLas9XhVH,False
2456,b2-fabric-b1-c4-r5,b2-fabric-b1-c4-r5-task-0247,fabric_post_task,True,,2434,1783316205955,1442,QmX6Pz1owsVrhohFcJpqY4nN99ZYTUNsMhoWJHmcAATrUC,False
2457,b2-fabric-b1-c4-r5,b2-fabric-b1-c4-r5-task-0244,fabric_post_task,True,,2485,1783316205905,1940,QmZRkcbZv6DrZ32YxAdk9t2kzi1YwGMwtxRpuS6Qjz4ByS,False
2458,b2-fabric-b1-c4-r5,b2-fabric-b1-c4-r5-task-0245,fabric_post_task,True,,2470,1783316205921,1397,QmRfQ29mFdu3DgQcz3fAXc1k7t6oBRgjxH4rKPuQH1fX4o,False
2459,b2-fabric-b1-c4-r5,b2-fabric-b1-c4-r5-task-0244,fabric_post_allocation,True,,2326,1783316208390,0,,False
2460,b2-fabric-b1-c4-r5,b2-fabric-b1-c4-r5-task-0245,fabric_post_allocation,True,,2326,1783316208391,0,,False
2461,b2-fabric-b1-c4-r5,b2-fabric-b1-c4-r5-task-0246,fabric_post_allocation,True,,2330,1783316208387,0,,False
2462,b2-fabric-b1-c4-r5,b2-fabric-b1-c4-r5-task-0247,fabric_post_allocation,True,,2330,1783316208389,0,,False
2463,b2-fabric-b1-c4-r5,b2-fabric-b1-c4-r5-task-0244,fabric_post_snapshot,True,,2735,1783316210716,0,,False
2464,b2-fabric-b1-c4-r5,b2-fabric-b1-c4-r5-task-0246,fabric_post_snapshot,True,,2735,1783316210717,0,,False
2465,b2-fabric-b1-c4-r5,b2-fabric-b1-c4-r5-task-0245,fabric_post_snapshot,True,,2735,1783316210717,0,,False
2466,b2-fabric-b1-c4-r5,b2-fabric-b1-c4-r5-task-0247,fabric_post_snapshot,True,,2734,1783316210719,0,,False
2467,b2-fabric-b1-c4-r5,b2-fabric-b1-c4-r5-task-0247,fabric_query_confirmation,True,,115,1783316213453,0,,False
2468,b2-fabric-b1-c4-r5,b2-fabric-b1-c4-r5-task-0246,fabric_query_confirmation,True,,116,1783316213452,0,,False
2469,b2-fabric-b1-c4-r5,b2-fabric-b1-c4-r5-task-0244,fabric_query_confirmation,True,,118,1783316213451,0,,False
2470,b2-fabric-b1-c4-r5,b2-fabric-b1-c4-r5-task-0245,fabric_query_confirmation,True,,117,1783316213452,0,,False
2471,b2-fabric-b1-c4-r5,b2-fabric-b1-c4-r5-task-0244,fabric_vote_1,True,,2279,1783316213569,0,,False
2472,b2-fabric-b1-c4-r5,b2-fabric-b1-c4-r5-task-0246,fabric_vote_1,True,,2281,1783316213568,0,,False
2473,b2-fabric-b1-c4-r5,b2-fabric-b1-c4-r5-task-0247,fabric_vote_1,True,,2281,1783316213568,0,,False
2474,b2-fabric-b1-c4-r5,b2-fabric-b1-c4-r5-task-0245,fabric_vote_1,True,,2282,1783316213569,0,,False
2475,b2-fabric-b1-c4-r5,b2-fabric-b1-c4-r5-task-0244,fabric_vote_2,True,,2443,1783316215848,0,,False
2476,b2-fabric-b1-c4-r5,b2-fabric-b1-c4-r5-task-0245,fabric_vote_2,True,,2441,1783316215851,0,,False
2477,b2-fabric-b1-c4-r5,b2-fabric-b1-c4-r5-task-0246,fabric_vote_2,True,,2444,1783316215849,0,,False
2478,b2-fabric-b1-c4-r5,b2-fabric-b1-c4-r5-task-0247,fabric_vote_2,True,,2445,1783316215849,0,,False
2479,b2-fabric-b1-c4-r5,b2-fabric-b1-c4-r5-task-0246,fabric_settlement,True,,2473,1783316218293,0,,False
2480,b2-fabric-b1-c4-r5,b2-fabric-b1-c4-r5-task-0244,fabric_settlement,True,,2476,1783316218291,0,,False
2481,b2-fabric-b1-c4-r5,b2-fabric-b1-c4-r5-task-0247,fabric_settlement,True,,2474,1783316218294,0,,False
2482,b2-fabric-b1-c4-r5,b2-fabric-b1-c4-r5-task-0245,fabric_settlement,True,,2477,1783316218292,0,,False
2483,b2-fabric-b1-c4-r5,b2-fabric-b1-c4-r5-task-0246,fabric_query_final,True,,518,1783316220766,0,,False
2484,b2-fabric-b1-c4-r5,b2-fabric-b1-c4-r5-task-0245,fabric_query_final,True,,516,1783316220769,0,,False
2485,b2-fabric-b1-c4-r5,b2-fabric-b1-c4-r5-task-0244,fabric_query_final,True,,519,1783316220767,0,,False
2486,b2-fabric-b1-c4-r5,b2-fabric-b1-c4-r5-task-0247,fabric_query_final,True,,520,1783316220768,0,,False
2487,b2-fabric-b1-c4-r5,b2-fabric-b1-c4-r5-task-0245,ipfs_verify,True,,7,1783316221285,0,QmRfQ29mFdu3DgQcz3fAXc1k7t6oBRgjxH4rKPuQH1fX4o,False
2488,b2-fabric-b1-c4-r5,b2-fabric-b1-c4-r5-task-0244,ipfs_verify,True,,6,1783316221286,0,QmZRkcbZv6DrZ32YxAdk9t2kzi1YwGMwtxRpuS6Qjz4ByS,False
2489,b2-fabric-b1-c4-r5,b2-fabric-b1-c4-r5-task-0246,ipfs_verify,True,,8,1783316221284,0,Qmbd379qf1e5jFN3VfVGanPkH2qj7HaxhCKRJVLas9XhVH,False
2490,b2-fabric-b1-c4-r5,b2-fabric-b1-c4-r5-task-0247,ipfs_verify,True,,5,1783316221288,0,QmX6Pz1owsVrhohFcJpqY4nN99ZYTUNsMhoWJHmcAATrUC,False
2491,b2-fabric-b1-c4-r5,b2-fabric-b1-c4-r5-task-0250,ipfs_add,True,,26,1783316221293,1536,,False
2492,b2-fabric-b1-c4-r5,b2-fabric-b1-c4-r5-task-0251,ipfs_add,True,,41,1783316221294,1557,,False
2493,b2-fabric-b1-c4-r5,b2-fabric-b1-c4-r5-task-0248,ipfs_add,True,,60,1783316221292,1513,,False
2494,b2-fabric-b1-c4-r5,b2-fabric-b1-c4-r5-task-0249,ipfs_add,True,,77,1783316221292,1622,,False
2495,b2-fabric-b1-c4-r5,b2-fabric-b1-c4-r5-task-0250,fabric_post_task,True,,2454,1783316221319,1536,Qmed7xmh1Coiscy6DWRC1YB617j5DeuyK8AizbfmSS6upB,False
2496,b2-fabric-b1-c4-r5,b2-fabric-b1-c4-r5-task-0248,fabric_post_task,True,,2423,1783316221352,1513,QmZm8oEeNJE8ud88izCLhLnkvJbBpn3DcxxACsWhMRdYhA,False
2497,b2-fabric-b1-c4-r5,b2-fabric-b1-c4-r5-task-0251,fabric_post_task,True,,2440,1783316221335,1557,QmZcHg4d9H8MPruWuXm1QwpfemphbX6MHQxju4nZvRocmZ,False
2498,b2-fabric-b1-c4-r5,b2-fabric-b1-c4-r5-task-0249,fabric_post_task,True,,2407,1783316221369,1622,QmWhPk74ArLFk2azBUEPeV5DfbYzPqL1rjTNqE5zSC1Eut,False
2499,b2-fabric-b1-c4-r5,b2-fabric-b1-c4-r5-task-0250,fabric_post_allocation,True,,2332,1783316223773,0,,False
2500,b2-fabric-b1-c4-r5,b2-fabric-b1-c4-r5-task-0251,fabric_post_allocation,True,,2331,1783316223775,0,,False
2501,b2-fabric-b1-c4-r5,b2-fabric-b1-c4-r5-task-0249,fabric_post_allocation,True,,2330,1783316223776,0,,False
2502,b2-fabric-b1-c4-r5,b2-fabric-b1-c4-r5-task-0248,fabric_post_allocation,True,,2333,1783316223775,0,,False
2503,b2-fabric-b1-c4-r5,b2-fabric-b1-c4-r5-task-0249,fabric_post_snapshot,True,,1392,1783316226106,0,,False
2504,b2-fabric-b1-c4-r5,b2-fabric-b1-c4-r5-task-0248,fabric_post_snapshot,True,,1391,1783316226108,0,,False
2505,b2-fabric-b1-c4-r5,b2-fabric-b1-c4-r5-task-0251,fabric_post_snapshot,True,,1394,1783316226106,0,,False
2506,b2-fabric-b1-c4-r5,b2-fabric-b1-c4-r5-task-0250,fabric_post_snapshot,True,,1396,1783316226105,0,,False
2507,b2-fabric-b1-c4-r5,b2-fabric-b1-c4-r5-task-0251,fabric_query_confirmation,True,,305,1783316227500,0,,False
2508,b2-fabric-b1-c4-r5,b2-fabric-b1-c4-r5-task-0248,fabric_query_confirmation,True,,307,1783316227499,0,,False
2509,b2-fabric-b1-c4-r5,b2-fabric-b1-c4-r5-task-0250,fabric_query_confirmation,True,,305,1783316227501,0,,False
2510,b2-fabric-b1-c4-r5,b2-fabric-b1-c4-r5-task-0249,fabric_query_confirmation,True,,309,1783316227498,0,,False
2511,b2-fabric-b1-c4-r5,b2-fabric-b1-c4-r5-task-0250,fabric_vote_1,True,,2257,1783316227806,0,,False
2512,b2-fabric-b1-c4-r5,b2-fabric-b1-c4-r5-task-0249,fabric_vote_1,True,,2256,1783316227807,0,,False
2513,b2-fabric-b1-c4-r5,b2-fabric-b1-c4-r5-task-0248,fabric_vote_1,True,,2259,1783316227806,0,,False
2514,b2-fabric-b1-c4-r5,b2-fabric-b1-c4-r5-task-0251,fabric_vote_1,True,,2262,1783316227805,0,,False
2515,b2-fabric-b1-c4-r5,b2-fabric-b1-c4-r5-task-0250,fabric_vote_2,True,,2444,1783316230063,0,,False
2516,b2-fabric-b1-c4-r5,b2-fabric-b1-c4-r5-task-0251,fabric_vote_2,True,,2441,1783316230067,0,,False
2517,b2-fabric-b1-c4-r5,b2-fabric-b1-c4-r5-task-0248,fabric_vote_2,True,,2444,1783316230065,0,,False
2518,b2-fabric-b1-c4-r5,b2-fabric-b1-c4-r5-task-0249,fabric_vote_2,True,,2447,1783316230063,0,,False
2519,b2-fabric-b1-c4-r5,b2-fabric-b1-c4-r5-task-0250,fabric_settlement,True,,2322,1783316232507,0,,False
2520,b2-fabric-b1-c4-r5,b2-fabric-b1-c4-r5-task-0249,fabric_settlement,True,,2319,1783316232510,0,,False
2521,b2-fabric-b1-c4-r5,b2-fabric-b1-c4-r5-task-0248,fabric_settlement,True,,2322,1783316232509,0,,False
2522,b2-fabric-b1-c4-r5,b2-fabric-b1-c4-r5-task-0251,fabric_settlement,True,,2324,1783316232508,0,,False
2523,b2-fabric-b1-c4-r5,b2-fabric-b1-c4-r5-task-0250,fabric_query_final,True,,373,1783316234829,0,,False
2524,b2-fabric-b1-c4-r5,b2-fabric-b1-c4-r5-task-0249,fabric_query_final,True,,374,1783316234829,0,,False
2525,b2-fabric-b1-c4-r5,b2-fabric-b1-c4-r5-task-0249,ipfs_verify,True,,6,1783316235203,0,QmWhPk74ArLFk2azBUEPeV5DfbYzPqL1rjTNqE5zSC1Eut,False
2526,b2-fabric-b1-c4-r5,b2-fabric-b1-c4-r5-task-0250,ipfs_verify,True,,7,1783316235202,0,Qmed7xmh1Coiscy6DWRC1YB617j5DeuyK8AizbfmSS6upB,False
2527,b2-fabric-b1-c4-r5,b2-fabric-b1-c4-r5-task-0253,ipfs_add,True,,31,1783316235209,2993,,False
2528,b2-fabric-b1-c4-r5,b2-fabric-b1-c4-r5-task-0252,ipfs_add,True,,59,1783316235209,2362,,False
2529,b2-fabric-b1-c4-r5,b2-fabric-b1-c4-r5-task-0251,fabric_query_final,True,,471,1783316234832,0,,False
2530,b2-fabric-b1-c4-r5,b2-fabric-b1-c4-r5-task-0251,ipfs_verify,True,,7,1783316235304,0,QmZcHg4d9H8MPruWuXm1QwpfemphbX6MHQxju4nZvRocmZ,False
2531,b2-fabric-b1-c4-r5,b2-fabric-b1-c4-r5-task-0254,ipfs_add,True,,32,1783316235311,1295,,False
2532,b2-fabric-b1-c4-r5,b2-fabric-b1-c4-r5-task-0248,fabric_query_final,True,,521,1783316234831,0,,False
2533,b2-fabric-b1-c4-r5,b2-fabric-b1-c4-r5-task-0248,ipfs_verify,True,,9,1783316235352,0,QmZm8oEeNJE8ud88izCLhLnkvJbBpn3DcxxACsWhMRdYhA,False
2534,b2-fabric-b1-c4-r5,b2-fabric-b1-c4-r5-task-0255,ipfs_add,True,,29,1783316235361,1650,,False
2535,b2-fabric-b1-c4-r5,b2-fabric-b1-c4-r5-task-0253,fabric_post_task,True,,2279,1783316235240,2993,QmU6GWKSsXJ8p8tB8vPkjDBspe6KHsKQiKg2i4XDbpW64S,False
2536,b2-fabric-b1-c4-r5,b2-fabric-b1-c4-r5-task-0252,fabric_post_task,True,,2252,1783316235268,2362,QmSPWZE8QTcLPVYdwtzz4Jdbw1i2rDGXNp1NbNXG6cAtWU,False
2537,b2-fabric-b1-c4-r5,b2-fabric-b1-c4-r5-task-0254,fabric_post_task,True,,2177,1783316235343,1295,QmNNK1VZwQQrsmt9689RK9RnXVSmh5jmJ6wJxbnwquT91z,False
2538,b2-fabric-b1-c4-r5,b2-fabric-b1-c4-r5-task-0255,fabric_post_task,True,,2133,1783316235390,1650,QmShJ7kpkti4YE6UAoU3vGkK7ayqB2qDgXzzhbDE3arDFM,False
2539,b2-fabric-b1-c4-r5,b2-fabric-b1-c4-r5-task-0253,fabric_post_allocation,True,,2539,1783316237519,0,,False
2540,b2-fabric-b1-c4-r5,b2-fabric-b1-c4-r5-task-0255,fabric_post_allocation,True,,2536,1783316237523,0,,False
2541,b2-fabric-b1-c4-r5,b2-fabric-b1-c4-r5-task-0252,fabric_post_allocation,True,,2540,1783316237520,0,,False
2542,b2-fabric-b1-c4-r5,b2-fabric-b1-c4-r5-task-0254,fabric_post_allocation,True,,2541,1783316237520,0,,False
2543,b2-fabric-b1-c4-r5,b2-fabric-b1-c4-r5-task-0255,fabric_post_snapshot,True,,2759,1783316240059,0,,False
2544,b2-fabric-b1-c4-r5,b2-fabric-b1-c4-r5-task-0252,fabric_post_snapshot,True,,2759,1783316240060,0,,False
2545,b2-fabric-b1-c4-r5,b2-fabric-b1-c4-r5-task-0254,fabric_post_snapshot,True,,2759,1783316240061,0,,False
2546,b2-fabric-b1-c4-r5,b2-fabric-b1-c4-r5-task-0253,fabric_post_snapshot,True,,2765,1783316240058,0,,False
2547,b2-fabric-b1-c4-r5,b2-fabric-b1-c4-r5-task-0255,fabric_query_confirmation,True,,306,1783316242818,0,,False
2548,b2-fabric-b1-c4-r5,b2-fabric-b1-c4-r5-task-0253,fabric_query_confirmation,True,,301,1783316242823,0,,False
2549,b2-fabric-b1-c4-r5,b2-fabric-b1-c4-r5-task-0252,fabric_query_confirmation,True,,305,1783316242819,0,,False
2550,b2-fabric-b1-c4-r5,b2-fabric-b1-c4-r5-task-0254,fabric_query_confirmation,True,,306,1783316242820,0,,False
2551,b2-fabric-b1-c4-r5,b2-fabric-b1-c4-r5-task-0255,fabric_vote_1,True,,2437,1783316243124,0,,False
2552,b2-fabric-b1-c4-r5,b2-fabric-b1-c4-r5-task-0254,fabric_vote_1,True,,2437,1783316243126,0,,False
2553,b2-fabric-b1-c4-r5,b2-fabric-b1-c4-r5-task-0252,fabric_vote_1,True,,2440,1783316243124,0,,False
2554,b2-fabric-b1-c4-r5,b2-fabric-b1-c4-r5-task-0253,fabric_vote_1,True,,2440,1783316243124,0,,False
2555,b2-fabric-b1-c4-r5,b2-fabric-b1-c4-r5-task-0254,fabric_vote_2,True,,2239,1783316245563,0,,False
2556,b2-fabric-b1-c4-r5,b2-fabric-b1-c4-r5-task-0252,fabric_vote_2,True,,2239,1783316245564,0,,False
2557,b2-fabric-b1-c4-r5,b2-fabric-b1-c4-r5-task-0253,fabric_vote_2,True,,2240,1783316245564,0,,False
2558,b2-fabric-b1-c4-r5,b2-fabric-b1-c4-r5-task-0255,fabric_vote_2,True,,2243,1783316245561,0,,False
2559,b2-fabric-b1-c4-r5,b2-fabric-b1-c4-r5-task-0253,fabric_settlement,True,,2278,1783316247804,0,,False
2560,b2-fabric-b1-c4-r5,b2-fabric-b1-c4-r5-task-0252,fabric_settlement,True,,2280,1783316247803,0,,False
2561,b2-fabric-b1-c4-r5,b2-fabric-b1-c4-r5-task-0254,fabric_settlement,True,,2281,1783316247802,0,,False
2562,b2-fabric-b1-c4-r5,b2-fabric-b1-c4-r5-task-0255,fabric_settlement,True,,2280,1783316247804,0,,False
2563,b2-fabric-b1-c4-r5,b2-fabric-b1-c4-r5-task-0254,fabric_query_final,True,,507,1783316250083,0,,False
2564,b2-fabric-b1-c4-r5,b2-fabric-b1-c4-r5-task-0255,fabric_query_final,True,,506,1783316250084,0,,False
2565,b2-fabric-b1-c4-r5,b2-fabric-b1-c4-r5-task-0252,fabric_query_final,True,,508,1783316250083,0,,False
2566,b2-fabric-b1-c4-r5,b2-fabric-b1-c4-r5-task-0253,fabric_query_final,True,,512,1783316250082,0,,False
2567,b2-fabric-b1-c4-r5,b2-fabric-b1-c4-r5-task-0255,ipfs_verify,True,,8,1783316250590,0,QmShJ7kpkti4YE6UAoU3vGkK7ayqB2qDgXzzhbDE3arDFM,False
2568,b2-fabric-b1-c4-r5,b2-fabric-b1-c4-r5-task-0252,ipfs_verify,True,,7,1783316250591,0,QmSPWZE8QTcLPVYdwtzz4Jdbw1i2rDGXNp1NbNXG6cAtWU,False
2569,b2-fabric-b1-c4-r5,b2-fabric-b1-c4-r5-task-0254,ipfs_verify,True,,8,1783316250590,0,QmNNK1VZwQQrsmt9689RK9RnXVSmh5jmJ6wJxbnwquT91z,False
2570,b2-fabric-b1-c4-r5,b2-fabric-b1-c4-r5-task-0253,ipfs_verify,True,,6,1783316250594,0,QmU6GWKSsXJ8p8tB8vPkjDBspe6KHsKQiKg2i4XDbpW64S,False
