seq,task_id,op,success,latency_ms,started_at_ms,bytes_sent,cid,warmup
1,e6-lifecycle-20260706T045832.822659423Z-c4-real-warmup-0000,ipfs_add,true,25,1783313912836,2041,,true
2,e6-lifecycle-20260706T045832.822659423Z-c4-real-warmup-0000,signed_posttask,true,3,1783313912861,0,QmZpceyXD65orbHnVn4w3sPB8ea42LnxKYXnQkqH8QFV8f,true
3,e6-lifecycle-20260706T045832.822659423Z-c4-real-warmup-0000,signed_postallocation,true,2,1783313912864,0,QmZpceyXD65orbHnVn4w3sPB8ea42LnxKYXnQkqH8QFV8f,true
4,e6-lifecycle-20260706T045832.822659423Z-c4-real-warmup-0000,signed_post_evalsnapshot,true,1,1783313912866,0,QmZpceyXD65orbHnVn4w3sPB8ea42LnxKYXnQkqH8QFV8f,true
5,e6-lifecycle-20260706T045832.822659423Z-c4-real-warmup-0000,signed_vote1,true,2,1783313912867,0,QmZpceyXD65orbHnVn4w3sPB8ea42LnxKYXnQkqH8QFV8f,true
6,e6-lifecycle-20260706T045832.822659423Z-c4-real-warmup-0000,signed_vote2,true,1,1783313912869,0,QmZpceyXD65orbHnVn4w3sPB8ea42LnxKYXnQkqH8QFV8f,true
7,e6-lifecycle-20260706T045832.822659423Z-c4-real-warmup-0000,signed_settlement,true,1,1783313912870,0,QmZpceyXD65orbHnVn4w3sPB8ea42LnxKYXnQkqH8QFV8f,true
8,e6-lifecycle-20260706T045832.822659423Z-c4-real-warmup-0000,signed_query_latest,true,0,1783313912871,0,QmZpceyXD65orbHnVn4w3sPB8ea42LnxKYXnQkqH8QFV8f,true
9,e6-lifecycle-20260706T045832.822659423Z-c4-real-warmup-0000,ipfs_verify,true,6,1783313912871,0,QmZpceyXD65orbHnVn4w3sPB8ea42LnxKYXnQkqH8QFV8f,true
10,e6-lifecycle-20260706T045832.822659423Z-c4-real-task-0001,ipfs_add,true,24,1783313912882,1691,,false
11,e6-lifecycle-20260706T045832.822659423Z-c4-real-task-0001,signed_posttask,true,4,1783313912906,0,QmWLjQroE5HFCEHpAAXxtDJw9HMkY6m5xMyNL3BCoktNFe,false
12,e6-lifecycle-20260706T045832.822659423Z-c4-real-task-0001,signed_postallocation,true,2,1783313912910,0,QmWLjQroE5HFCEHpAAXxtDJw9HMkY6m5xMyNL3BCoktNFe,false
13,e6-lifecycle-20260706T045832.822659423Z-c4-real-task-0001,signed_post_evalsnapshot,true,1,1783313912912,0,QmWLjQroE5HFCEHpAAXxtDJw9HMkY6m5xMyNL3BCoktNFe,false
14,e6-lifecycle-20260706T045832.822659423Z-c4-real-task-0001,signed_vote1,true,2,1783313912913,0,QmWLjQroE5HFCEHpAAXxtDJw9HMkY6m5xMyNL3BCoktNFe,false
15,e6-lifecycle-20260706T045832.822659423Z-c4-real-task-0001,signed_vote2,true,2,1783313912915,0,QmWLjQroE5HFCEHpAAXxtDJw9HMkY6m5xMyNL3BCoktNFe,false
16,e6-lifecycle-20260706T045832.822659423Z-c4-real-task-0001,signed_settlement,true,2,1783313912917,0,QmWLjQroE5HFCEHpAAXxtDJw9HMkY6m5xMyNL3BCoktNFe,false
17,e6-lifecycle-20260706T045832.822659423Z-c4-real-task-0001,signed_query_latest,true,0,1783313912919,0,QmWLjQroE5HFCEHpAAXxtDJw9HMkY6m5xMyNL3BCoktNFe,false
18,e6-lifecycle-20260706T045832.822659423Z-c4-real-task-0255,ipfs_add,true,44,1783313912883,1650,,false
19,e6-lifecycle-20260706T045832.822659423Z-c4-real-task-0001,ipfs_verify,true,10,1783313912919,0,QmWLjQroE5HFCEHpAAXxtDJw9HMkY6m5xMyNL3BCoktNFe,false
20,e6-lifecycle-20260706T045832.822659423Z-c4-real-task-0255,signed_posttask,true,2,1783313912927,0,QmShJ7kpkti4YE6UAoU3vGkK7ayqB2qDgXzzhbDE3arDFM,false
21,e6-lifecycle-20260706T045832.822659423Z-c4-real-task-0255,signed_postallocation,true,2,1783313912929,0,QmShJ7kpkti4YE6UAoU3vGkK7ayqB2qDgXzzhbDE3arDFM,false
22,e6-lifecycle-20260706T045832.822659423Z-c4-real-task-0255,signed_post_evalsnapshot,true,1,1783313912931,0,QmShJ7kpkti4YE6UAoU3vGkK7ayqB2qDgXzzhbDE3arDFM,false
23,e6-lifecycle-20260706T045832.822659423Z-c4-real-task-0255,signed_vote1,true,2,1783313912932,0,QmShJ7kpkti4YE6UAoU3vGkK7ayqB2qDgXzzhbDE3arDFM,false
24,e6-lifecycle-20260706T045832.822659423Z-c4-real-task-0255,signed_vote2,true,2,1783313912934,0,QmShJ7kpkti4YE6UAoU3vGkK7ayqB2qDgXzzhbDE3arDFM,false
25,e6-lifecycle-20260706T045832.822659423Z-c4-real-task-0255,signed_settlement,true,1,1783313912936,0,QmShJ7kpkti4YE6UAoU3vGkK7ayqB2qDgXzzhbDE3arDFM,false
26,e6-lifecycle-20260706T045832.822659423Z-c4-real-task-0255,signed_query_latest,true,0,1783313912937,0,QmShJ7kpkti4YE6UAoU3vGkK7ayqB2qDgXzzhbDE3arDFM,false
27,e6-lifecycle-20260706T045832.822659423Z-c4-real-task-0255,ipfs_verify,true,7,1783313912937,0,QmShJ7kpkti4YE6UAoU3vGkK7ayqB2qDgXzzhbDE3arDFM,false
28,e6-lifecycle-20260706T045832.822659423Z-c4-real-task-0000,ipfs_add,true,65,1783313912882,2041,,false
29,e6-lifecycle-20260706T045832.822659423Z-c4-real-task-0000,signed_posttask,true,2,1783313912947,0,QmZpceyXD65orbHnVn4w3sPB8ea42LnxKYXnQkqH8QFV8f,false
30,e6-lifecycle-20260706T045832.822659423Z-c4-real-task-0000,signed_postallocation,true,2,1783313912949,0,QmZpceyXD65orbHnVn4w3sPB8ea42LnxKYXnQkqH8QFV8f,false
31,e6-lifecycle-20260706T045832.822659423Z-c4-real-task-0000,signed_post_evalsnapshot,true,1,1783313912951,0,QmZpceyXD65orbHnVn4w3sPB8ea42LnxKYXnQkqH8QFV8f,false
32,e6-lifecycle-20260706T045832.822659423Z-c4-real-task-0000,signed_vote1,true,2,1783313912952,0,QmZpceyXD65orbHnVn4w3sPB8ea42LnxKYXnQkqH8QFV8f,false
33,e6-lifecycle-20260706T045832.822659423Z-c4-real-task-0000,signed_vote2,true,1,1783313912954,0,QmZpceyXD65orbHnVn4w3sPB8ea42LnxKYXnQkqH8QFV8f,false
34,e6-lifecycle-20260706T045832.822659423Z-c4-real-task-0000,signed_settlement,true,2,1783313912955,0,QmZpceyXD65orbHnVn4w3sPB8ea42LnxKYXnQkqH8QFV8f,false
35,e6-lifecycle-20260706T045832.822659423Z-c4-real-task-0000,signed_query_latest,true,0,1783313912957,0,QmZpceyXD65orbHnVn4w3sPB8ea42LnxKYXnQkqH8QFV8f,false
36,e6-lifecycle-20260706T045832.822659423Z-c4-real-task-0000,ipfs_verify,true,7,1783313912957,0,QmZpceyXD65orbHnVn4w3sPB8ea42LnxKYXnQkqH8QFV8f,false
37,e6-lifecycle-20260706T045832.822659423Z-c4-real-task-0062,ipfs_add,true,83,1783313912882,1552,,false
38,e6-lifecycle-20260706T045832.822659423Z-c4-real-task-0062,signed_posttask,true,2,1783313912965,0,Qmb6iH1Q8fsUxVYrQmrcgAvCnH14JPTvzRbCctsufq5we3,false
39,e6-lifecycle-20260706T045832.822659423Z-c4-real-task-0062,signed_postallocation,true,2,1783313912968,0,Qmb6iH1Q8fsUxVYrQmrcgAvCnH14JPTvzRbCctsufq5we3,false
40,e6-lifecycle-20260706T045832.822659423Z-c4-real-task-0062,signed_post_evalsnapshot,true,2,1783313912970,0,Qmb6iH1Q8fsUxVYrQmrcgAvCnH14JPTvzRbCctsufq5we3,false
41,e6-lifecycle-20260706T045832.822659423Z-c4-real-task-0062,signed_vote1,true,2,1783313912972,0,Qmb6iH1Q8fsUxVYrQmrcgAvCnH14JPTvzRbCctsufq5we3,false
42,e6-lifecycle-20260706T045832.822659423Z-c4-real-task-0062,signed_vote2,true,1,1783313912974,0,Qmb6iH1Q8fsUxVYrQmrcgAvCnH14JPTvzRbCctsufq5we3,false
43,e6-lifecycle-20260706T045832.822659423Z-c4-real-task-0062,signed_settlement,true,2,1783313912975,0,Qmb6iH1Q8fsUxVYrQmrcgAvCnH14JPTvzRbCctsufq5we3,false
44,e6-lifecycle-20260706T045832.822659423Z-c4-real-task-0062,signed_query_latest,true,0,1783313912977,0,Qmb6iH1Q8fsUxVYrQmrcgAvCnH14JPTvzRbCctsufq5we3,false
45,e6-lifecycle-20260706T045832.822659423Z-c4-real-task-0031,ipfs_add,true,54,1783313912929,2037,,false
46,e6-lifecycle-20260706T045832.822659423Z-c4-real-task-0062,ipfs_verify,true,7,1783313912977,0,Qmb6iH1Q8fsUxVYrQmrcgAvCnH14JPTvzRbCctsufq5we3,false
47,e6-lifecycle-20260706T045832.822659423Z-c4-real-task-0031,signed_posttask,true,3,1783313912983,0,QmcMwXc4Z8ftz7kr4SLihnEKFezGYhMs51A9cNDVd2ZUGa,false
48,e6-lifecycle-20260706T045832.822659423Z-c4-real-task-0031,signed_postallocation,true,1,1783313912986,0,QmcMwXc4Z8ftz7kr4SLihnEKFezGYhMs51A9cNDVd2ZUGa,false
49,e6-lifecycle-20260706T045832.822659423Z-c4-real-task-0031,signed_post_evalsnapshot,true,2,1783313912987,0,QmcMwXc4Z8ftz7kr4SLihnEKFezGYhMs51A9cNDVd2ZUGa,false
50,e6-lifecycle-20260706T045832.822659423Z-c4-real-task-0031,signed_vote1,true,2,1783313912989,0,QmcMwXc4Z8ftz7kr4SLihnEKFezGYhMs51A9cNDVd2ZUGa,false
51,e6-lifecycle-20260706T045832.822659423Z-c4-real-task-0031,signed_vote2,true,2,1783313912991,0,QmcMwXc4Z8ftz7kr4SLihnEKFezGYhMs51A9cNDVd2ZUGa,false
52,e6-lifecycle-20260706T045832.822659423Z-c4-real-task-0031,signed_settlement,true,2,1783313912993,0,QmcMwXc4Z8ftz7kr4SLihnEKFezGYhMs51A9cNDVd2ZUGa,false
53,e6-lifecycle-20260706T045832.822659423Z-c4-real-task-0031,signed_query_latest,true,0,1783313912995,0,QmcMwXc4Z8ftz7kr4SLihnEKFezGYhMs51A9cNDVd2ZUGa,false
54,e6-lifecycle-20260706T045832.822659423Z-c4-real-task-0031,ipfs_verify,true,10,1783313912995,0,QmcMwXc4Z8ftz7kr4SLihnEKFezGYhMs51A9cNDVd2ZUGa,false
55,e6-lifecycle-20260706T045832.822659423Z-c4-real-task-0002,ipfs_add,true,68,1783313912944,4391,,false
56,e6-lifecycle-20260706T045832.822659423Z-c4-real-task-0002,signed_posttask,true,3,1783313913012,0,QmadZcFHB1uQSGYUnYEPgsvcDpcDhp6t3Vn4pKLzTyZW3B,false
57,e6-lifecycle-20260706T045832.822659423Z-c4-real-task-0002,signed_postallocation,true,1,1783313913015,0,QmadZcFHB1uQSGYUnYEPgsvcDpcDhp6t3Vn4pKLzTyZW3B,false
58,e6-lifecycle-20260706T045832.822659423Z-c4-real-task-0002,signed_post_evalsnapshot,true,2,1783313913016,0,QmadZcFHB1uQSGYUnYEPgsvcDpcDhp6t3Vn4pKLzTyZW3B,false
59,e6-lifecycle-20260706T045832.822659423Z-c4-real-task-0002,signed_vote1,true,2,1783313913018,0,QmadZcFHB1uQSGYUnYEPgsvcDpcDhp6t3Vn4pKLzTyZW3B,false
60,e6-lifecycle-20260706T045832.822659423Z-c4-real-task-0002,signed_vote2,true,2,1783313913020,0,QmadZcFHB1uQSGYUnYEPgsvcDpcDhp6t3Vn4pKLzTyZW3B,false
61,e6-lifecycle-20260706T045832.822659423Z-c4-real-task-0002,signed_settlement,true,2,1783313913022,0,QmadZcFHB1uQSGYUnYEPgsvcDpcDhp6t3Vn4pKLzTyZW3B,false
62,e6-lifecycle-20260706T045832.822659423Z-c4-real-task-0002,signed_query_latest,true,0,1783313913024,0,QmadZcFHB1uQSGYUnYEPgsvcDpcDhp6t3Vn4pKLzTyZW3B,false
63,e6-lifecycle-20260706T045832.822659423Z-c4-real-task-0002,ipfs_verify,true,9,1783313913024,0,QmadZcFHB1uQSGYUnYEPgsvcDpcDhp6t3Vn4pKLzTyZW3B,false
64,e6-lifecycle-20260706T045832.822659423Z-c4-real-task-0003,ipfs_add,true,69,1783313912964,2446,,false
65,e6-lifecycle-20260706T045832.822659423Z-c4-real-task-0003,signed_posttask,true,1,1783313913033,0,QmPvR785HfFDDiGzRGUjqnESf82yCdppnLSJbnvszkNAGt,false
66,e6-lifecycle-20260706T045832.822659423Z-c4-real-task-0003,signed_postallocation,true,2,1783313913034,0,QmPvR785HfFDDiGzRGUjqnESf82yCdppnLSJbnvszkNAGt,false
67,e6-lifecycle-20260706T045832.822659423Z-c4-real-task-0003,signed_post_evalsnapshot,true,2,1783313913036,0,QmPvR785HfFDDiGzRGUjqnESf82yCdppnLSJbnvszkNAGt,false
68,e6-lifecycle-20260706T045832.822659423Z-c4-real-task-0003,signed_vote1,true,2,1783313913038,0,QmPvR785HfFDDiGzRGUjqnESf82yCdppnLSJbnvszkNAGt,false
69,e6-lifecycle-20260706T045832.822659423Z-c4-real-task-0003,signed_vote2,true,2,1783313913040,0,QmPvR785HfFDDiGzRGUjqnESf82yCdppnLSJbnvszkNAGt,false
70,e6-lifecycle-20260706T045832.822659423Z-c4-real-task-0003,signed_settlement,true,3,1783313913042,0,QmPvR785HfFDDiGzRGUjqnESf82yCdppnLSJbnvszkNAGt,false
71,e6-lifecycle-20260706T045832.822659423Z-c4-real-task-0003,signed_query_latest,true,0,1783313913045,0,QmPvR785HfFDDiGzRGUjqnESf82yCdppnLSJbnvszkNAGt,false
72,e6-lifecycle-20260706T045832.822659423Z-c4-real-task-0003,ipfs_verify,true,9,1783313913045,0,QmPvR785HfFDDiGzRGUjqnESf82yCdppnLSJbnvszkNAGt,false
73,e6-lifecycle-20260706T045832.822659423Z-c4-real-task-0004,ipfs_add,true,73,1783313912984,4001,,false
74,e6-lifecycle-20260706T045832.822659423Z-c4-real-task-0004,signed_posttask,true,3,1783313913057,0,Qmaz6UxvY2c7v7Afz5qnVeVQ353BpWF64tC6snuKvMXMMH,false
75,e6-lifecycle-20260706T045832.822659423Z-c4-real-task-0004,signed_postallocation,true,2,1783313913060,0,Qmaz6UxvY2c7v7Afz5qnVeVQ353BpWF64tC6snuKvMXMMH,false
76,e6-lifecycle-20260706T045832.822659423Z-c4-real-task-0004,signed_post_evalsnapshot,true,2,1783313913062,0,Qmaz6UxvY2c7v7Afz5qnVeVQ353BpWF64tC6snuKvMXMMH,false
77,e6-lifecycle-20260706T045832.822659423Z-c4-real-task-0004,signed_vote1,true,3,1783313913064,0,Qmaz6UxvY2c7v7Afz5qnVeVQ353BpWF64tC6snuKvMXMMH,false
78,e6-lifecycle-20260706T045832.822659423Z-c4-real-task-0004,signed_vote2,true,4,1783313913068,0,Qmaz6UxvY2c7v7Afz5qnVeVQ353BpWF64tC6snuKvMXMMH,false
79,e6-lifecycle-20260706T045832.822659423Z-c4-real-task-0004,signed_settlement,true,1,1783313913072,0,Qmaz6UxvY2c7v7Afz5qnVeVQ353BpWF64tC6snuKvMXMMH,false
80,e6-lifecycle-20260706T045832.822659423Z-c4-real-task-0004,signed_query_latest,true,0,1783313913073,0,Qmaz6UxvY2c7v7Afz5qnVeVQ353BpWF64tC6snuKvMXMMH,false
81,e6-lifecycle-20260706T045832.822659423Z-c4-real-task-0005,ipfs_add,true,80,1783313913005,1568,,false
82,e6-lifecycle-20260706T045832.822659423Z-c4-real-task-0005,signed_posttask,true,2,1783313913085,0,QmQGqX18RcT7NsFPmbZfQoD9JQ4oRJAgNfw6hWJoUowyXr,false
83,e6-lifecycle-20260706T045832.822659423Z-c4-real-task-0005,signed_postallocation,true,2,1783313913087,0,QmQGqX18RcT7NsFPmbZfQoD9JQ4oRJAgNfw6hWJoUowyXr,false
84,e6-lifecycle-20260706T045832.822659423Z-c4-real-task-0005,signed_post_evalsnapshot,true,2,1783313913089,0,QmQGqX18RcT7NsFPmbZfQoD9JQ4oRJAgNfw6hWJoUowyXr,false
85,e6-lifecycle-20260706T045832.822659423Z-c4-real-task-0004,ipfs_verify,true,20,1783313913073,0,Qmaz6UxvY2c7v7Afz5qnVeVQ353BpWF64tC6snuKvMXMMH,false
86,e6-lifecycle-20260706T045832.822659423Z-c4-real-task-0005,signed_vote1,true,2,1783313913091,0,QmQGqX18RcT7NsFPmbZfQoD9JQ4oRJAgNfw6hWJoUowyXr,false
87,e6-lifecycle-20260706T045832.822659423Z-c4-real-task-0005,signed_vote2,true,2,1783313913093,0,QmQGqX18RcT7NsFPmbZfQoD9JQ4oRJAgNfw6hWJoUowyXr,false
88,e6-lifecycle-20260706T045832.822659423Z-c4-real-task-0005,signed_settlement,true,2,1783313913095,0,QmQGqX18RcT7NsFPmbZfQoD9JQ4oRJAgNfw6hWJoUowyXr,false
89,e6-lifecycle-20260706T045832.822659423Z-c4-real-task-0005,signed_query_latest,true,0,1783313913097,0,QmQGqX18RcT7NsFPmbZfQoD9JQ4oRJAgNfw6hWJoUowyXr,false
90,e6-lifecycle-20260706T045832.822659423Z-c4-real-task-0005,ipfs_verify,true,12,1783313913097,0,QmQGqX18RcT7NsFPmbZfQoD9JQ4oRJAgNfw6hWJoUowyXr,false
91,e6-lifecycle-20260706T045832.822659423Z-c4-real-task-0006,ipfs_add,true,76,1783313913033,1837,,false
92,e6-lifecycle-20260706T045832.822659423Z-c4-real-task-0006,signed_posttask,true,3,1783313913109,0,QmXGbR3DqVcFxShbFVjPMj7ToNDuYqpp9jmC8SXxYHpmsi,false
93,e6-lifecycle-20260706T045832.822659423Z-c4-real-task-0006,signed_postallocation,true,3,1783313913112,0,QmXGbR3DqVcFxShbFVjPMj7ToNDuYqpp9jmC8SXxYHpmsi,false
94,e6-lifecycle-20260706T045832.822659423Z-c4-real-task-0006,signed_post_evalsnapshot,true,2,1783313913115,0,QmXGbR3DqVcFxShbFVjPMj7ToNDuYqpp9jmC8SXxYHpmsi,false
95,e6-lifecycle-20260706T045832.822659423Z-c4-real-task-0006,signed_vote1,true,2,1783313913117,0,QmXGbR3DqVcFxShbFVjPMj7ToNDuYqpp9jmC8SXxYHpmsi,false
96,e6-lifecycle-20260706T045832.822659423Z-c4-real-task-0006,signed_vote2,true,2,1783313913119,0,QmXGbR3DqVcFxShbFVjPMj7ToNDuYqpp9jmC8SXxYHpmsi,false
97,e6-lifecycle-20260706T045832.822659423Z-c4-real-task-0006,signed_settlement,true,3,1783313913121,0,QmXGbR3DqVcFxShbFVjPMj7ToNDuYqpp9jmC8SXxYHpmsi,false
98,e6-lifecycle-20260706T045832.822659423Z-c4-real-task-0006,signed_query_latest,true,0,1783313913124,0,QmXGbR3DqVcFxShbFVjPMj7ToNDuYqpp9jmC8SXxYHpmsi,false
99,e6-lifecycle-20260706T045832.822659423Z-c4-real-task-0007,ipfs_add,true,77,1783313913054,1947,,false
100,e6-lifecycle-20260706T045832.822659423Z-c4-real-task-0006,ipfs_verify,true,8,1783313913124,0,QmXGbR3DqVcFxShbFVjPMj7ToNDuYqpp9jmC8SXxYHpmsi,false
101,e6-lifecycle-20260706T045832.822659423Z-c4-real-task-0007,signed_posttask,true,2,1783313913131,0,QmZ2mJtGsrx1z5XKWoUvbBSuSSfsFtGubMTSXMJ9cMGQnJ,false
102,e6-lifecycle-20260706T045832.822659423Z-c4-real-task-0007,signed_postallocation,true,3,1783313913133,0,QmZ2mJtGsrx1z5XKWoUvbBSuSSfsFtGubMTSXMJ9cMGQnJ,false
103,e6-lifecycle-20260706T045832.822659423Z-c4-real-task-0007,signed_post_evalsnapshot,true,2,1783313913136,0,QmZ2mJtGsrx1z5XKWoUvbBSuSSfsFtGubMTSXMJ9cMGQnJ,false
104,e6-lifecycle-20260706T045832.822659423Z-c4-real-task-0007,signed_vote1,true,1,1783313913138,0,QmZ2mJtGsrx1z5XKWoUvbBSuSSfsFtGubMTSXMJ9cMGQnJ,false
105,e6-lifecycle-20260706T045832.822659423Z-c4-real-task-0007,signed_vote2,true,3,1783313913139,0,QmZ2mJtGsrx1z5XKWoUvbBSuSSfsFtGubMTSXMJ9cMGQnJ,false
106,e6-lifecycle-20260706T045832.822659423Z-c4-real-task-0007,signed_settlement,true,1,1783313913142,0,QmZ2mJtGsrx1z5XKWoUvbBSuSSfsFtGubMTSXMJ9cMGQnJ,false
107,e6-lifecycle-20260706T045832.822659423Z-c4-real-task-0007,signed_query_latest,true,0,1783313913143,0,QmZ2mJtGsrx1z5XKWoUvbBSuSSfsFtGubMTSXMJ9cMGQnJ,false
108,e6-lifecycle-20260706T045832.822659423Z-c4-real-task-0007,ipfs_verify,true,8,1783313913143,0,QmZ2mJtGsrx1z5XKWoUvbBSuSSfsFtGubMTSXMJ9cMGQnJ,false
109,e6-lifecycle-20260706T045832.822659423Z-c4-real-task-0008,ipfs_add,true,60,1783313913093,4944,,false
110,e6-lifecycle-20260706T045832.822659423Z-c4-real-task-0008,signed_posttask,true,2,1783313913153,0,Qmadej9boMA3zvMcjFpwW1dMDJCrBFKribSZiwN8Np95v4,false
111,e6-lifecycle-20260706T045832.822659423Z-c4-real-task-0008,signed_postallocation,true,2,1783313913155,0,Qmadej9boMA3zvMcjFpwW1dMDJCrBFKribSZiwN8Np95v4,false
112,e6-lifecycle-20260706T045832.822659423Z-c4-real-task-0008,signed_post_evalsnapshot,true,2,1783313913157,0,Qmadej9boMA3zvMcjFpwW1dMDJCrBFKribSZiwN8Np95v4,false
113,e6-lifecycle-20260706T045832.822659423Z-c4-real-task-0008,signed_vote1,true,1,1783313913159,0,Qmadej9boMA3zvMcjFpwW1dMDJCrBFKribSZiwN8Np95v4,false
114,e6-lifecycle-20260706T045832.822659423Z-c4-real-task-0008,signed_vote2,true,2,1783313913160,0,Qmadej9boMA3zvMcjFpwW1dMDJCrBFKribSZiwN8Np95v4,false
115,e6-lifecycle-20260706T045832.822659423Z-c4-real-task-0008,signed_settlement,true,1,1783313913162,0,Qmadej9boMA3zvMcjFpwW1dMDJCrBFKribSZiwN8Np95v4,false
116,e6-lifecycle-20260706T045832.822659423Z-c4-real-task-0008,signed_query_latest,true,0,1783313913163,0,Qmadej9boMA3zvMcjFpwW1dMDJCrBFKribSZiwN8Np95v4,false
117,e6-lifecycle-20260706T045832.822659423Z-c4-real-task-0008,ipfs_verify,true,8,1783313913163,0,Qmadej9boMA3zvMcjFpwW1dMDJCrBFKribSZiwN8Np95v4,false
118,e6-lifecycle-20260706T045832.822659423Z-c4-real-task-0009,ipfs_add,true,62,1783313913109,2473,,false
119,e6-lifecycle-20260706T045832.822659423Z-c4-real-task-0009,signed_posttask,true,2,1783313913171,0,QmQL4VyiyFbbfeWbQLp7Qp6cU5MBzGngHTJYLaPrdaD1Q5,false
120,e6-lifecycle-20260706T045832.822659423Z-c4-real-task-0009,signed_postallocation,true,2,1783313913173,0,QmQL4VyiyFbbfeWbQLp7Qp6cU5MBzGngHTJYLaPrdaD1Q5,false
121,e6-lifecycle-20260706T045832.822659423Z-c4-real-task-0009,signed_post_evalsnapshot,true,1,1783313913175,0,QmQL4VyiyFbbfeWbQLp7Qp6cU5MBzGngHTJYLaPrdaD1Q5,false
122,e6-lifecycle-20260706T045832.822659423Z-c4-real-task-0009,signed_vote1,true,2,1783313913176,0,QmQL4VyiyFbbfeWbQLp7Qp6cU5MBzGngHTJYLaPrdaD1Q5,false
123,e6-lifecycle-20260706T045832.822659423Z-c4-real-task-0009,signed_vote2,true,2,1783313913178,0,QmQL4VyiyFbbfeWbQLp7Qp6cU5MBzGngHTJYLaPrdaD1Q5,false
124,e6-lifecycle-20260706T045832.822659423Z-c4-real-task-0009,signed_settlement,true,2,1783313913180,0,QmQL4VyiyFbbfeWbQLp7Qp6cU5MBzGngHTJYLaPrdaD1Q5,false
125,e6-lifecycle-20260706T045832.822659423Z-c4-real-task-0009,signed_query_latest,true,0,1783313913182,0,QmQL4VyiyFbbfeWbQLp7Qp6cU5MBzGngHTJYLaPrdaD1Q5,false
126,e6-lifecycle-20260706T045832.822659423Z-c4-real-task-0009,ipfs_verify,true,7,1783313913182,0,QmQL4VyiyFbbfeWbQLp7Qp6cU5MBzGngHTJYLaPrdaD1Q5,false
127,e6-lifecycle-20260706T045832.822659423Z-c4-real-task-0010,ipfs_add,true,63,1783313913132,1920,,false
128,e6-lifecycle-20260706T045832.822659423Z-c4-real-task-0010,signed_posttask,true,3,1783313913195,0,QmW8orLvUAo2YwFjjwaFvXPFemWqGCNshgP2T5TSk9ed5J,false
129,e6-lifecycle-20260706T045832.822659423Z-c4-real-task-0010,signed_postallocation,true,1,1783313913198,0,QmW8orLvUAo2YwFjjwaFvXPFemWqGCNshgP2T5TSk9ed5J,false
130,e6-lifecycle-20260706T045832.822659423Z-c4-real-task-0010,signed_post_evalsnapshot,true,2,1783313913199,0,QmW8orLvUAo2YwFjjwaFvXPFemWqGCNshgP2T5TSk9ed5J,false
131,e6-lifecycle-20260706T045832.822659423Z-c4-real-task-0010,signed_vote1,true,1,1783313913201,0,QmW8orLvUAo2YwFjjwaFvXPFemWqGCNshgP2T5TSk9ed5J,false
132,e6-lifecycle-20260706T045832.822659423Z-c4-real-task-0010,signed_vote2,true,2,1783313913202,0,QmW8orLvUAo2YwFjjwaFvXPFemWqGCNshgP2T5TSk9ed5J,false
133,e6-lifecycle-20260706T045832.822659423Z-c4-real-task-0010,signed_settlement,true,1,1783313913204,0,QmW8orLvUAo2YwFjjwaFvXPFemWqGCNshgP2T5TSk9ed5J,false
134,e6-lifecycle-20260706T045832.822659423Z-c4-real-task-0010,signed_query_latest,true,0,1783313913205,0,QmW8orLvUAo2YwFjjwaFvXPFemWqGCNshgP2T5TSk9ed5J,false
135,e6-lifecycle-20260706T045832.822659423Z-c4-real-task-0011,ipfs_add,true,62,1783313913151,1792,,false
136,e6-lifecycle-20260706T045832.822659423Z-c4-real-task-0010,ipfs_verify,true,8,1783313913205,0,QmW8orLvUAo2YwFjjwaFvXPFemWqGCNshgP2T5TSk9ed5J,false
137,e6-lifecycle-20260706T045832.822659423Z-c4-real-task-0011,signed_posttask,true,2,1783313913213,0,QmRYRwmnCKh97pHrWVSsWgKT9hwEK6SXPP8N3DGcdkp1Hf,false
138,e6-lifecycle-20260706T045832.822659423Z-c4-real-task-0011,signed_postallocation,true,2,1783313913215,0,QmRYRwmnCKh97pHrWVSsWgKT9hwEK6SXPP8N3DGcdkp1Hf,false
139,e6-lifecycle-20260706T045832.822659423Z-c4-real-task-0011,signed_post_evalsnapshot,true,2,1783313913217,0,QmRYRwmnCKh97pHrWVSsWgKT9hwEK6SXPP8N3DGcdkp1Hf,false
140,e6-lifecycle-20260706T045832.822659423Z-c4-real-task-0011,signed_vote1,true,1,1783313913219,0,QmRYRwmnCKh97pHrWVSsWgKT9hwEK6SXPP8N3DGcdkp1Hf,false
141,e6-lifecycle-20260706T045832.822659423Z-c4-real-task-0011,signed_vote2,true,2,1783313913220,0,QmRYRwmnCKh97pHrWVSsWgKT9hwEK6SXPP8N3DGcdkp1Hf,false
142,e6-lifecycle-20260706T045832.822659423Z-c4-real-task-0011,signed_settlement,true,2,1783313913222,0,QmRYRwmnCKh97pHrWVSsWgKT9hwEK6SXPP8N3DGcdkp1Hf,false
143,e6-lifecycle-20260706T045832.822659423Z-c4-real-task-0011,signed_query_latest,true,0,1783313913224,0,QmRYRwmnCKh97pHrWVSsWgKT9hwEK6SXPP8N3DGcdkp1Hf,false
144,e6-lifecycle-20260706T045832.822659423Z-c4-real-task-0011,ipfs_verify,true,8,1783313913224,0,QmRYRwmnCKh97pHrWVSsWgKT9hwEK6SXPP8N3DGcdkp1Hf,false
145,e6-lifecycle-20260706T045832.822659423Z-c4-real-task-0012,ipfs_add,true,62,1783313913172,2481,,false
146,e6-lifecycle-20260706T045832.822659423Z-c4-real-task-0012,signed_posttask,true,2,1783313913234,0,QmbLZmrnw2YxkgQegnEMgsfhkBbcndvvPFprkSdibX7c49,false
147,e6-lifecycle-20260706T045832.822659423Z-c4-real-task-0012,signed_postallocation,true,2,1783313913236,0,QmbLZmrnw2YxkgQegnEMgsfhkBbcndvvPFprkSdibX7c49,false
148,e6-lifecycle-20260706T045832.822659423Z-c4-real-task-0012,signed_post_evalsnapshot,true,2,1783313913238,0,QmbLZmrnw2YxkgQegnEMgsfhkBbcndvvPFprkSdibX7c49,false
149,e6-lifecycle-20260706T045832.822659423Z-c4-real-task-0012,signed_vote1,true,1,1783313913240,0,QmbLZmrnw2YxkgQegnEMgsfhkBbcndvvPFprkSdibX7c49,false
150,e6-lifecycle-20260706T045832.822659423Z-c4-real-task-0012,signed_vote2,true,2,1783313913241,0,QmbLZmrnw2YxkgQegnEMgsfhkBbcndvvPFprkSdibX7c49,false
151,e6-lifecycle-20260706T045832.822659423Z-c4-real-task-0012,signed_settlement,true,2,1783313913243,0,QmbLZmrnw2YxkgQegnEMgsfhkBbcndvvPFprkSdibX7c49,false
152,e6-lifecycle-20260706T045832.822659423Z-c4-real-task-0012,signed_query_latest,true,0,1783313913245,0,QmbLZmrnw2YxkgQegnEMgsfhkBbcndvvPFprkSdibX7c49,false
153,e6-lifecycle-20260706T045832.822659423Z-c4-real-task-0012,ipfs_verify,true,6,1783313913245,0,QmbLZmrnw2YxkgQegnEMgsfhkBbcndvvPFprkSdibX7c49,false
154,e6-lifecycle-20260706T045832.822659423Z-c4-real-task-0013,ipfs_add,true,63,1783313913189,1794,,false
155,e6-lifecycle-20260706T045832.822659423Z-c4-real-task-0013,signed_posttask,true,2,1783313913252,0,QmZ836RGQ6upMRwgQ3XnYgMNByct8U1cPTyzW3j4N7nzJk,false
156,e6-lifecycle-20260706T045832.822659423Z-c4-real-task-0013,signed_postallocation,true,1,1783313913254,0,QmZ836RGQ6upMRwgQ3XnYgMNByct8U1cPTyzW3j4N7nzJk,false
157,e6-lifecycle-20260706T045832.822659423Z-c4-real-task-0013,signed_post_evalsnapshot,true,2,1783313913255,0,QmZ836RGQ6upMRwgQ3XnYgMNByct8U1cPTyzW3j4N7nzJk,false
158,e6-lifecycle-20260706T045832.822659423Z-c4-real-task-0013,signed_vote1,true,1,1783313913257,0,QmZ836RGQ6upMRwgQ3XnYgMNByct8U1cPTyzW3j4N7nzJk,false
159,e6-lifecycle-20260706T045832.822659423Z-c4-real-task-0013,signed_vote2,true,3,1783313913258,0,QmZ836RGQ6upMRwgQ3XnYgMNByct8U1cPTyzW3j4N7nzJk,false
160,e6-lifecycle-20260706T045832.822659423Z-c4-real-task-0013,signed_settlement,true,2,1783313913261,0,QmZ836RGQ6upMRwgQ3XnYgMNByct8U1cPTyzW3j4N7nzJk,false
161,e6-lifecycle-20260706T045832.822659423Z-c4-real-task-0013,signed_query_latest,true,0,1783313913263,0,QmZ836RGQ6upMRwgQ3XnYgMNByct8U1cPTyzW3j4N7nzJk,false
162,e6-lifecycle-20260706T045832.822659423Z-c4-real-task-0014,ipfs_add,true,58,1783313913213,2050,,false
163,e6-lifecycle-20260706T045832.822659423Z-c4-real-task-0013,ipfs_verify,true,8,1783313913263,0,QmZ836RGQ6upMRwgQ3XnYgMNByct8U1cPTyzW3j4N7nzJk,false
164,e6-lifecycle-20260706T045832.822659423Z-c4-real-task-0014,signed_posttask,true,2,1783313913271,0,QmdA4H658GbdXFpaibWrSNhL4kRmi3VbbpP3Y5MfYbX6k2,false
165,e6-lifecycle-20260706T045832.822659423Z-c4-real-task-0014,signed_postallocation,true,2,1783313913273,0,QmdA4H658GbdXFpaibWrSNhL4kRmi3VbbpP3Y5MfYbX6k2,false
166,e6-lifecycle-20260706T045832.822659423Z-c4-real-task-0014,signed_post_evalsnapshot,true,2,1783313913275,0,QmdA4H658GbdXFpaibWrSNhL4kRmi3VbbpP3Y5MfYbX6k2,false
167,e6-lifecycle-20260706T045832.822659423Z-c4-real-task-0014,signed_vote1,true,1,1783313913277,0,QmdA4H658GbdXFpaibWrSNhL4kRmi3VbbpP3Y5MfYbX6k2,false
168,e6-lifecycle-20260706T045832.822659423Z-c4-real-task-0014,signed_vote2,true,2,1783313913278,0,QmdA4H658GbdXFpaibWrSNhL4kRmi3VbbpP3Y5MfYbX6k2,false
169,e6-lifecycle-20260706T045832.822659423Z-c4-real-task-0014,signed_settlement,true,1,1783313913280,0,QmdA4H658GbdXFpaibWrSNhL4kRmi3VbbpP3Y5MfYbX6k2,false
170,e6-lifecycle-20260706T045832.822659423Z-c4-real-task-0014,signed_query_latest,true,0,1783313913281,0,QmdA4H658GbdXFpaibWrSNhL4kRmi3VbbpP3Y5MfYbX6k2,false
171,e6-lifecycle-20260706T045832.822659423Z-c4-real-task-0014,ipfs_verify,true,8,1783313913281,0,QmdA4H658GbdXFpaibWrSNhL4kRmi3VbbpP3Y5MfYbX6k2,false
172,e6-lifecycle-20260706T045832.822659423Z-c4-real-task-0015,ipfs_add,true,57,1783313913232,3558,,false
173,e6-lifecycle-20260706T045832.822659423Z-c4-real-task-0015,signed_posttask,true,2,1783313913289,0,QmX9kmCUGB3VHpYs1Jhps4JrTzKker7mYqwzfhduHDQrrA,false
174,e6-lifecycle-20260706T045832.822659423Z-c4-real-task-0015,signed_postallocation,true,2,1783313913291,0,QmX9kmCUGB3VHpYs1Jhps4JrTzKker7mYqwzfhduHDQrrA,false
175,e6-lifecycle-20260706T045832.822659423Z-c4-real-task-0015,signed_post_evalsnapshot,true,1,1783313913293,0,QmX9kmCUGB3VHpYs1Jhps4JrTzKker7mYqwzfhduHDQrrA,false
176,e6-lifecycle-20260706T045832.822659423Z-c4-real-task-0015,signed_vote1,true,2,1783313913294,0,QmX9kmCUGB3VHpYs1Jhps4JrTzKker7mYqwzfhduHDQrrA,false
177,e6-lifecycle-20260706T045832.822659423Z-c4-real-task-0015,signed_vote2,true,1,1783313913296,0,QmX9kmCUGB3VHpYs1Jhps4JrTzKker7mYqwzfhduHDQrrA,false
178,e6-lifecycle-20260706T045832.822659423Z-c4-real-task-0015,signed_settlement,true,2,1783313913297,0,QmX9kmCUGB3VHpYs1Jhps4JrTzKker7mYqwzfhduHDQrrA,false
179,e6-lifecycle-20260706T045832.822659423Z-c4-real-task-0015,signed_query_latest,true,0,1783313913299,0,QmX9kmCUGB3VHpYs1Jhps4JrTzKker7mYqwzfhduHDQrrA,false
180,e6-lifecycle-20260706T045832.822659423Z-c4-real-task-0015,ipfs_verify,true,6,1783313913299,0,QmX9kmCUGB3VHpYs1Jhps4JrTzKker7mYqwzfhduHDQrrA,false
181,e6-lifecycle-20260706T045832.822659423Z-c4-real-task-0016,ipfs_add,true,57,1783313913251,1806,,false
182,e6-lifecycle-20260706T045832.822659423Z-c4-real-task-0016,signed_posttask,true,2,1783313913308,0,QmRXEbbwSGrTFGj6rGcuUsRHhWgzm9E9di73MsPSjQyDqY,false
183,e6-lifecycle-20260706T045832.822659423Z-c4-real-task-0016,signed_postallocation,true,1,1783313913310,0,QmRXEbbwSGrTFGj6rGcuUsRHhWgzm9E9di73MsPSjQyDqY,false
184,e6-lifecycle-20260706T045832.822659423Z-c4-real-task-0016,signed_post_evalsnapshot,true,2,1783313913311,0,QmRXEbbwSGrTFGj6rGcuUsRHhWgzm9E9di73MsPSjQyDqY,false
185,e6-lifecycle-20260706T045832.822659423Z-c4-real-task-0016,signed_vote1,true,1,1783313913313,0,QmRXEbbwSGrTFGj6rGcuUsRHhWgzm9E9di73MsPSjQyDqY,false
186,e6-lifecycle-20260706T045832.822659423Z-c4-real-task-0016,signed_vote2,true,2,1783313913314,0,QmRXEbbwSGrTFGj6rGcuUsRHhWgzm9E9di73MsPSjQyDqY,false
187,e6-lifecycle-20260706T045832.822659423Z-c4-real-task-0016,signed_settlement,true,1,1783313913316,0,QmRXEbbwSGrTFGj6rGcuUsRHhWgzm9E9di73MsPSjQyDqY,false
188,e6-lifecycle-20260706T045832.822659423Z-c4-real-task-0016,signed_query_latest,true,0,1783313913317,0,QmRXEbbwSGrTFGj6rGcuUsRHhWgzm9E9di73MsPSjQyDqY,false
189,e6-lifecycle-20260706T045832.822659423Z-c4-real-task-0016,ipfs_verify,true,8,1783313913317,0,QmRXEbbwSGrTFGj6rGcuUsRHhWgzm9E9di73MsPSjQyDqY,false
190,e6-lifecycle-20260706T045832.822659423Z-c4-real-task-0017,ipfs_add,true,56,1783313913271,1714,,false
191,e6-lifecycle-20260706T045832.822659423Z-c4-real-task-0017,signed_posttask,true,2,1783313913327,0,QmWKrJKRZfeQnkT8t5aowLXrHM3GpoZqpDn7cXYRceXJsh,false
192,e6-lifecycle-20260706T045832.822659423Z-c4-real-task-0017,signed_postallocation,true,1,1783313913329,0,QmWKrJKRZfeQnkT8t5aowLXrHM3GpoZqpDn7cXYRceXJsh,false
193,e6-lifecycle-20260706T045832.822659423Z-c4-real-task-0017,signed_post_evalsnapshot,true,2,1783313913330,0,QmWKrJKRZfeQnkT8t5aowLXrHM3GpoZqpDn7cXYRceXJsh,false
194,e6-lifecycle-20260706T045832.822659423Z-c4-real-task-0017,signed_vote1,true,1,1783313913332,0,QmWKrJKRZfeQnkT8t5aowLXrHM3GpoZqpDn7cXYRceXJsh,false
195,e6-lifecycle-20260706T045832.822659423Z-c4-real-task-0017,signed_vote2,true,2,1783313913333,0,QmWKrJKRZfeQnkT8t5aowLXrHM3GpoZqpDn7cXYRceXJsh,false
196,e6-lifecycle-20260706T045832.822659423Z-c4-real-task-0017,signed_settlement,true,2,1783313913335,0,QmWKrJKRZfeQnkT8t5aowLXrHM3GpoZqpDn7cXYRceXJsh,false
197,e6-lifecycle-20260706T045832.822659423Z-c4-real-task-0017,signed_query_latest,true,0,1783313913337,0,QmWKrJKRZfeQnkT8t5aowLXrHM3GpoZqpDn7cXYRceXJsh,false
198,e6-lifecycle-20260706T045832.822659423Z-c4-real-task-0017,ipfs_verify,true,6,1783313913337,0,QmWKrJKRZfeQnkT8t5aowLXrHM3GpoZqpDn7cXYRceXJsh,false
199,e6-lifecycle-20260706T045832.822659423Z-c4-real-task-0018,ipfs_add,true,56,1783313913289,1628,,false
200,e6-lifecycle-20260706T045832.822659423Z-c4-real-task-0018,signed_posttask,true,5,1783313913345,0,QmXxhuw4zLhaZUxTgm3nVAPdVDi7RC4E8cy48iMSw5X5cc,false
201,e6-lifecycle-20260706T045832.822659423Z-c4-real-task-0018,signed_postallocation,true,5,1783313913350,0,QmXxhuw4zLhaZUxTgm3nVAPdVDi7RC4E8cy48iMSw5X5cc,false
202,e6-lifecycle-20260706T045832.822659423Z-c4-real-task-0018,signed_post_evalsnapshot,true,2,1783313913355,0,QmXxhuw4zLhaZUxTgm3nVAPdVDi7RC4E8cy48iMSw5X5cc,false
203,e6-lifecycle-20260706T045832.822659423Z-c4-real-task-0018,signed_vote1,true,2,1783313913357,0,QmXxhuw4zLhaZUxTgm3nVAPdVDi7RC4E8cy48iMSw5X5cc,false
204,e6-lifecycle-20260706T045832.822659423Z-c4-real-task-0018,signed_vote2,true,1,1783313913359,0,QmXxhuw4zLhaZUxTgm3nVAPdVDi7RC4E8cy48iMSw5X5cc,false
205,e6-lifecycle-20260706T045832.822659423Z-c4-real-task-0018,signed_settlement,true,2,1783313913360,0,QmXxhuw4zLhaZUxTgm3nVAPdVDi7RC4E8cy48iMSw5X5cc,false
206,e6-lifecycle-20260706T045832.822659423Z-c4-real-task-0018,signed_query_latest,true,0,1783313913362,0,QmXxhuw4zLhaZUxTgm3nVAPdVDi7RC4E8cy48iMSw5X5cc,false
207,e6-lifecycle-20260706T045832.822659423Z-c4-real-task-0019,ipfs_add,true,63,1783313913305,1779,,false
208,e6-lifecycle-20260706T045832.822659423Z-c4-real-task-0018,ipfs_verify,true,7,1783313913362,0,QmXxhuw4zLhaZUxTgm3nVAPdVDi7RC4E8cy48iMSw5X5cc,false
209,e6-lifecycle-20260706T045832.822659423Z-c4-real-task-0019,signed_posttask,true,3,1783313913368,0,QmSciV8g79eMrjXm8f2BtxoJrkCttCpUNrWTNbQtrPN26s,false
210,e6-lifecycle-20260706T045832.822659423Z-c4-real-task-0019,signed_postallocation,true,2,1783313913371,0,QmSciV8g79eMrjXm8f2BtxoJrkCttCpUNrWTNbQtrPN26s,false
211,e6-lifecycle-20260706T045832.822659423Z-c4-real-task-0019,signed_post_evalsnapshot,true,3,1783313913373,0,QmSciV8g79eMrjXm8f2BtxoJrkCttCpUNrWTNbQtrPN26s,false
212,e6-lifecycle-20260706T045832.822659423Z-c4-real-task-0019,signed_vote1,true,2,1783313913376,0,QmSciV8g79eMrjXm8f2BtxoJrkCttCpUNrWTNbQtrPN26s,false
213,e6-lifecycle-20260706T045832.822659423Z-c4-real-task-0019,signed_vote2,true,2,1783313913378,0,QmSciV8g79eMrjXm8f2BtxoJrkCttCpUNrWTNbQtrPN26s,false
214,e6-lifecycle-20260706T045832.822659423Z-c4-real-task-0019,signed_settlement,true,2,1783313913380,0,QmSciV8g79eMrjXm8f2BtxoJrkCttCpUNrWTNbQtrPN26s,false
215,e6-lifecycle-20260706T045832.822659423Z-c4-real-task-0019,signed_query_latest,true,0,1783313913382,0,QmSciV8g79eMrjXm8f2BtxoJrkCttCpUNrWTNbQtrPN26s,false
216,e6-lifecycle-20260706T045832.822659423Z-c4-real-task-0020,ipfs_add,true,64,1783313913325,1555,,false
217,e6-lifecycle-20260706T045832.822659423Z-c4-real-task-0019,ipfs_verify,true,8,1783313913382,0,QmSciV8g79eMrjXm8f2BtxoJrkCttCpUNrWTNbQtrPN26s,false
218,e6-lifecycle-20260706T045832.822659423Z-c4-real-task-0020,signed_posttask,true,3,1783313913389,0,QmVVEEsRWTrpHyCUMfWzaezUv7i29R95rTPN8N3iBYMKsY,false
219,e6-lifecycle-20260706T045832.822659423Z-c4-real-task-0020,signed_postallocation,true,1,1783313913392,0,QmVVEEsRWTrpHyCUMfWzaezUv7i29R95rTPN8N3iBYMKsY,false
220,e6-lifecycle-20260706T045832.822659423Z-c4-real-task-0020,signed_post_evalsnapshot,true,2,1783313913393,0,QmVVEEsRWTrpHyCUMfWzaezUv7i29R95rTPN8N3iBYMKsY,false
221,e6-lifecycle-20260706T045832.822659423Z-c4-real-task-0020,signed_vote1,true,2,1783313913395,0,QmVVEEsRWTrpHyCUMfWzaezUv7i29R95rTPN8N3iBYMKsY,false
222,e6-lifecycle-20260706T045832.822659423Z-c4-real-task-0020,signed_vote2,true,1,1783313913397,0,QmVVEEsRWTrpHyCUMfWzaezUv7i29R95rTPN8N3iBYMKsY,false
223,e6-lifecycle-20260706T045832.822659423Z-c4-real-task-0020,signed_settlement,true,2,1783313913398,0,QmVVEEsRWTrpHyCUMfWzaezUv7i29R95rTPN8N3iBYMKsY,false
224,e6-lifecycle-20260706T045832.822659423Z-c4-real-task-0020,signed_query_latest,true,0,1783313913400,0,QmVVEEsRWTrpHyCUMfWzaezUv7i29R95rTPN8N3iBYMKsY,false
225,e6-lifecycle-20260706T045832.822659423Z-c4-real-task-0020,ipfs_verify,true,8,1783313913400,0,QmVVEEsRWTrpHyCUMfWzaezUv7i29R95rTPN8N3iBYMKsY,false
226,e6-lifecycle-20260706T045832.822659423Z-c4-real-task-0021,ipfs_add,true,65,1783313913343,2376,,false
227,e6-lifecycle-20260706T045832.822659423Z-c4-real-task-0021,signed_posttask,true,1,1783313913408,0,QmcMDgZ1hZ3GkUEYEYALditW6azhFYA2tjToNN57pgr9Md,false
228,e6-lifecycle-20260706T045832.822659423Z-c4-real-task-0021,signed_postallocation,true,2,1783313913409,0,QmcMDgZ1hZ3GkUEYEYALditW6azhFYA2tjToNN57pgr9Md,false
229,e6-lifecycle-20260706T045832.822659423Z-c4-real-task-0021,signed_post_evalsnapshot,true,4,1783313913411,0,QmcMDgZ1hZ3GkUEYEYALditW6azhFYA2tjToNN57pgr9Md,false
230,e6-lifecycle-20260706T045832.822659423Z-c4-real-task-0021,signed_vote1,true,1,1783313913415,0,QmcMDgZ1hZ3GkUEYEYALditW6azhFYA2tjToNN57pgr9Md,false
231,e6-lifecycle-20260706T045832.822659423Z-c4-real-task-0021,signed_vote2,true,5,1783313913416,0,QmcMDgZ1hZ3GkUEYEYALditW6azhFYA2tjToNN57pgr9Md,false
232,e6-lifecycle-20260706T045832.822659423Z-c4-real-task-0021,signed_settlement,true,10,1783313913421,0,QmcMDgZ1hZ3GkUEYEYALditW6azhFYA2tjToNN57pgr9Md,false
233,e6-lifecycle-20260706T045832.822659423Z-c4-real-task-0021,signed_query_latest,true,0,1783313913431,0,QmcMDgZ1hZ3GkUEYEYALditW6azhFYA2tjToNN57pgr9Md,false
234,e6-lifecycle-20260706T045832.822659423Z-c4-real-task-0021,ipfs_verify,true,7,1783313913431,0,QmcMDgZ1hZ3GkUEYEYALditW6azhFYA2tjToNN57pgr9Md,false
235,e6-lifecycle-20260706T045832.822659423Z-c4-real-task-0022,ipfs_add,true,73,1783313913369,2068,,false
236,e6-lifecycle-20260706T045832.822659423Z-c4-real-task-0022,signed_posttask,true,2,1783313913442,0,QmNqxnqMtb8sfjsbs8nXG3svpSGcf4Pq1qS9nykNsjeEqq,false
237,e6-lifecycle-20260706T045832.822659423Z-c4-real-task-0022,signed_postallocation,true,1,1783313913444,0,QmNqxnqMtb8sfjsbs8nXG3svpSGcf4Pq1qS9nykNsjeEqq,false
238,e6-lifecycle-20260706T045832.822659423Z-c4-real-task-0022,signed_post_evalsnapshot,true,2,1783313913445,0,QmNqxnqMtb8sfjsbs8nXG3svpSGcf4Pq1qS9nykNsjeEqq,false
239,e6-lifecycle-20260706T045832.822659423Z-c4-real-task-0022,signed_vote1,true,4,1783313913447,0,QmNqxnqMtb8sfjsbs8nXG3svpSGcf4Pq1qS9nykNsjeEqq,false
240,e6-lifecycle-20260706T045832.822659423Z-c4-real-task-0022,signed_vote2,true,2,1783313913451,0,QmNqxnqMtb8sfjsbs8nXG3svpSGcf4Pq1qS9nykNsjeEqq,false
241,e6-lifecycle-20260706T045832.822659423Z-c4-real-task-0022,signed_settlement,true,1,1783313913453,0,QmNqxnqMtb8sfjsbs8nXG3svpSGcf4Pq1qS9nykNsjeEqq,false
242,e6-lifecycle-20260706T045832.822659423Z-c4-real-task-0022,signed_query_latest,true,0,1783313913454,0,QmNqxnqMtb8sfjsbs8nXG3svpSGcf4Pq1qS9nykNsjeEqq,false
243,e6-lifecycle-20260706T045832.822659423Z-c4-real-task-0022,ipfs_verify,true,8,1783313913454,0,QmNqxnqMtb8sfjsbs8nXG3svpSGcf4Pq1qS9nykNsjeEqq,false
244,e6-lifecycle-20260706T045832.822659423Z-c4-real-task-0023,ipfs_add,true,75,1783313913390,1700,,false
245,e6-lifecycle-20260706T045832.822659423Z-c4-real-task-0023,signed_posttask,true,2,1783313913465,0,QmSNTzME5ExH9MXjsfAXcGbriDzvpgibF4VxHLZTbZtpFe,false
246,e6-lifecycle-20260706T045832.822659423Z-c4-real-task-0023,signed_postallocation,true,1,1783313913467,0,QmSNTzME5ExH9MXjsfAXcGbriDzvpgibF4VxHLZTbZtpFe,false
247,e6-lifecycle-20260706T045832.822659423Z-c4-real-task-0023,signed_post_evalsnapshot,true,2,1783313913468,0,QmSNTzME5ExH9MXjsfAXcGbriDzvpgibF4VxHLZTbZtpFe,false
248,e6-lifecycle-20260706T045832.822659423Z-c4-real-task-0023,signed_vote1,true,2,1783313913470,0,QmSNTzME5ExH9MXjsfAXcGbriDzvpgibF4VxHLZTbZtpFe,false
249,e6-lifecycle-20260706T045832.822659423Z-c4-real-task-0023,signed_vote2,true,2,1783313913472,0,QmSNTzME5ExH9MXjsfAXcGbriDzvpgibF4VxHLZTbZtpFe,false
250,e6-lifecycle-20260706T045832.822659423Z-c4-real-task-0023,signed_settlement,true,2,1783313913474,0,QmSNTzME5ExH9MXjsfAXcGbriDzvpgibF4VxHLZTbZtpFe,false
251,e6-lifecycle-20260706T045832.822659423Z-c4-real-task-0023,signed_query_latest,true,0,1783313913476,0,QmSNTzME5ExH9MXjsfAXcGbriDzvpgibF4VxHLZTbZtpFe,false
252,e6-lifecycle-20260706T045832.822659423Z-c4-real-task-0023,ipfs_verify,true,6,1783313913476,0,QmSNTzME5ExH9MXjsfAXcGbriDzvpgibF4VxHLZTbZtpFe,false
253,e6-lifecycle-20260706T045832.822659423Z-c4-real-task-0024,ipfs_add,true,84,1783313913408,1380,,false
254,e6-lifecycle-20260706T045832.822659423Z-c4-real-task-0024,signed_posttask,true,1,1783313913492,0,QmVMeHnQxmGXaDj74SJcQxSejhibib6Ve54PwgWQGkenB7,false
255,e6-lifecycle-20260706T045832.822659423Z-c4-real-task-0024,signed_postallocation,true,2,1783313913493,0,QmVMeHnQxmGXaDj74SJcQxSejhibib6Ve54PwgWQGkenB7,false
256,e6-lifecycle-20260706T045832.822659423Z-c4-real-task-0024,signed_post_evalsnapshot,true,2,1783313913495,0,QmVMeHnQxmGXaDj74SJcQxSejhibib6Ve54PwgWQGkenB7,false
257,e6-lifecycle-20260706T045832.822659423Z-c4-real-task-0024,signed_vote1,true,2,1783313913497,0,QmVMeHnQxmGXaDj74SJcQxSejhibib6Ve54PwgWQGkenB7,false
258,e6-lifecycle-20260706T045832.822659423Z-c4-real-task-0024,signed_vote2,true,1,1783313913499,0,QmVMeHnQxmGXaDj74SJcQxSejhibib6Ve54PwgWQGkenB7,false
259,e6-lifecycle-20260706T045832.822659423Z-c4-real-task-0024,signed_settlement,true,2,1783313913500,0,QmVMeHnQxmGXaDj74SJcQxSejhibib6Ve54PwgWQGkenB7,false
260,e6-lifecycle-20260706T045832.822659423Z-c4-real-task-0024,signed_query_latest,true,0,1783313913502,0,QmVMeHnQxmGXaDj74SJcQxSejhibib6Ve54PwgWQGkenB7,false
261,e6-lifecycle-20260706T045832.822659423Z-c4-real-task-0024,ipfs_verify,true,7,1783313913502,0,QmVMeHnQxmGXaDj74SJcQxSejhibib6Ve54PwgWQGkenB7,false
262,e6-lifecycle-20260706T045832.822659423Z-c4-real-task-0025,ipfs_add,true,77,1783313913438,1470,,false
263,e6-lifecycle-20260706T045832.822659423Z-c4-real-task-0025,signed_posttask,true,2,1783313913515,0,QmfV4xn5gz8tktJ19swpdMmXMvtkpfJY5tXJWbBSUFSHFi,false
264,e6-lifecycle-20260706T045832.822659423Z-c4-real-task-0025,signed_postallocation,true,1,1783313913517,0,QmfV4xn5gz8tktJ19swpdMmXMvtkpfJY5tXJWbBSUFSHFi,false
265,e6-lifecycle-20260706T045832.822659423Z-c4-real-task-0025,signed_post_evalsnapshot,true,2,1783313913518,0,QmfV4xn5gz8tktJ19swpdMmXMvtkpfJY5tXJWbBSUFSHFi,false
266,e6-lifecycle-20260706T045832.822659423Z-c4-real-task-0025,signed_vote1,true,1,1783313913520,0,QmfV4xn5gz8tktJ19swpdMmXMvtkpfJY5tXJWbBSUFSHFi,false
267,e6-lifecycle-20260706T045832.822659423Z-c4-real-task-0025,signed_vote2,true,2,1783313913521,0,QmfV4xn5gz8tktJ19swpdMmXMvtkpfJY5tXJWbBSUFSHFi,false
268,e6-lifecycle-20260706T045832.822659423Z-c4-real-task-0025,signed_settlement,true,1,1783313913523,0,QmfV4xn5gz8tktJ19swpdMmXMvtkpfJY5tXJWbBSUFSHFi,false
269,e6-lifecycle-20260706T045832.822659423Z-c4-real-task-0025,signed_query_latest,true,0,1783313913524,0,QmfV4xn5gz8tktJ19swpdMmXMvtkpfJY5tXJWbBSUFSHFi,false
270,e6-lifecycle-20260706T045832.822659423Z-c4-real-task-0025,ipfs_verify,true,8,1783313913524,0,QmfV4xn5gz8tktJ19swpdMmXMvtkpfJY5tXJWbBSUFSHFi,false
271,e6-lifecycle-20260706T045832.822659423Z-c4-real-task-0026,ipfs_add,true,72,1783313913462,2285,,false
272,e6-lifecycle-20260706T045832.822659423Z-c4-real-task-0026,signed_posttask,true,2,1783313913534,0,QmPA4QSCZorDwximTUj45HQYaqqLrUR1uWw8YCaw56AYrQ,false
273,e6-lifecycle-20260706T045832.822659423Z-c4-real-task-0026,signed_postallocation,true,2,1783313913536,0,QmPA4QSCZorDwximTUj45HQYaqqLrUR1uWw8YCaw56AYrQ,false
274,e6-lifecycle-20260706T045832.822659423Z-c4-real-task-0026,signed_post_evalsnapshot,true,1,1783313913538,0,QmPA4QSCZorDwximTUj45HQYaqqLrUR1uWw8YCaw56AYrQ,false
275,e6-lifecycle-20260706T045832.822659423Z-c4-real-task-0026,signed_vote1,true,2,1783313913539,0,QmPA4QSCZorDwximTUj45HQYaqqLrUR1uWw8YCaw56AYrQ,false
276,e6-lifecycle-20260706T045832.822659423Z-c4-real-task-0026,signed_vote2,true,1,1783313913541,0,QmPA4QSCZorDwximTUj45HQYaqqLrUR1uWw8YCaw56AYrQ,false
277,e6-lifecycle-20260706T045832.822659423Z-c4-real-task-0026,signed_settlement,true,2,1783313913542,0,QmPA4QSCZorDwximTUj45HQYaqqLrUR1uWw8YCaw56AYrQ,false
278,e6-lifecycle-20260706T045832.822659423Z-c4-real-task-0026,signed_query_latest,true,0,1783313913544,0,QmPA4QSCZorDwximTUj45HQYaqqLrUR1uWw8YCaw56AYrQ,false
279,e6-lifecycle-20260706T045832.822659423Z-c4-real-task-0026,ipfs_verify,true,9,1783313913544,0,QmPA4QSCZorDwximTUj45HQYaqqLrUR1uWw8YCaw56AYrQ,false
280,e6-lifecycle-20260706T045832.822659423Z-c4-real-task-0027,ipfs_add,true,78,1783313913482,1942,,false
281,e6-lifecycle-20260706T045832.822659423Z-c4-real-task-0027,signed_posttask,true,2,1783313913560,0,QmNy38ZnCY29gNwh56gk2CQJXsETwyHTceFnkSP4vC85KR,false
282,e6-lifecycle-20260706T045832.822659423Z-c4-real-task-0027,signed_postallocation,true,2,1783313913562,0,QmNy38ZnCY29gNwh56gk2CQJXsETwyHTceFnkSP4vC85KR,false
283,e6-lifecycle-20260706T045832.822659423Z-c4-real-task-0027,signed_post_evalsnapshot,true,2,1783313913564,0,QmNy38ZnCY29gNwh56gk2CQJXsETwyHTceFnkSP4vC85KR,false
284,e6-lifecycle-20260706T045832.822659423Z-c4-real-task-0027,signed_vote1,true,1,1783313913566,0,QmNy38ZnCY29gNwh56gk2CQJXsETwyHTceFnkSP4vC85KR,false
285,e6-lifecycle-20260706T045832.822659423Z-c4-real-task-0027,signed_vote2,true,4,1783313913567,0,QmNy38ZnCY29gNwh56gk2CQJXsETwyHTceFnkSP4vC85KR,false
286,e6-lifecycle-20260706T045832.822659423Z-c4-real-task-0027,signed_settlement,true,1,1783313913571,0,QmNy38ZnCY29gNwh56gk2CQJXsETwyHTceFnkSP4vC85KR,false
287,e6-lifecycle-20260706T045832.822659423Z-c4-real-task-0027,signed_query_latest,true,0,1783313913572,0,QmNy38ZnCY29gNwh56gk2CQJXsETwyHTceFnkSP4vC85KR,false
288,e6-lifecycle-20260706T045832.822659423Z-c4-real-task-0027,ipfs_verify,true,8,1783313913572,0,QmNy38ZnCY29gNwh56gk2CQJXsETwyHTceFnkSP4vC85KR,false
289,e6-lifecycle-20260706T045832.822659423Z-c4-real-task-0028,ipfs_add,true,72,1783313913509,2235,,false
290,e6-lifecycle-20260706T045832.822659423Z-c4-real-task-0028,signed_posttask,true,2,1783313913581,0,QmPDqC4FvPihq4H2RHnNdvzHBK2kp3vUV7gp3cD2AmeuSG,false
291,e6-lifecycle-20260706T045832.822659423Z-c4-real-task-0028,signed_postallocation,true,2,1783313913583,0,QmPDqC4FvPihq4H2RHnNdvzHBK2kp3vUV7gp3cD2AmeuSG,false
292,e6-lifecycle-20260706T045832.822659423Z-c4-real-task-0028,signed_post_evalsnapshot,true,1,1783313913585,0,QmPDqC4FvPihq4H2RHnNdvzHBK2kp3vUV7gp3cD2AmeuSG,false
293,e6-lifecycle-20260706T045832.822659423Z-c4-real-task-0028,signed_vote1,true,3,1783313913586,0,QmPDqC4FvPihq4H2RHnNdvzHBK2kp3vUV7gp3cD2AmeuSG,false
294,e6-lifecycle-20260706T045832.822659423Z-c4-real-task-0028,signed_vote2,true,1,1783313913589,0,QmPDqC4FvPihq4H2RHnNdvzHBK2kp3vUV7gp3cD2AmeuSG,false
295,e6-lifecycle-20260706T045832.822659423Z-c4-real-task-0028,signed_settlement,true,2,1783313913590,0,QmPDqC4FvPihq4H2RHnNdvzHBK2kp3vUV7gp3cD2AmeuSG,false
296,e6-lifecycle-20260706T045832.822659423Z-c4-real-task-0028,signed_query_latest,true,0,1783313913592,0,QmPDqC4FvPihq4H2RHnNdvzHBK2kp3vUV7gp3cD2AmeuSG,false
297,e6-lifecycle-20260706T045832.822659423Z-c4-real-task-0028,ipfs_verify,true,8,1783313913592,0,QmPDqC4FvPihq4H2RHnNdvzHBK2kp3vUV7gp3cD2AmeuSG,false
298,e6-lifecycle-20260706T045832.822659423Z-c4-real-task-0029,ipfs_add,true,68,1783313913532,1996,,false
299,e6-lifecycle-20260706T045832.822659423Z-c4-real-task-0029,signed_posttask,true,2,1783313913600,0,QmacXcTiVxv9uHJiorLkYH2xDDraJTZ3uq6FBG4Ctr6VoC,false
300,e6-lifecycle-20260706T045832.822659423Z-c4-real-task-0029,signed_postallocation,true,2,1783313913602,0,QmacXcTiVxv9uHJiorLkYH2xDDraJTZ3uq6FBG4Ctr6VoC,false
301,e6-lifecycle-20260706T045832.822659423Z-c4-real-task-0029,signed_post_evalsnapshot,true,1,1783313913604,0,QmacXcTiVxv9uHJiorLkYH2xDDraJTZ3uq6FBG4Ctr6VoC,false
302,e6-lifecycle-20260706T045832.822659423Z-c4-real-task-0029,signed_vote1,true,2,1783313913605,0,QmacXcTiVxv9uHJiorLkYH2xDDraJTZ3uq6FBG4Ctr6VoC,false
303,e6-lifecycle-20260706T045832.822659423Z-c4-real-task-0029,signed_vote2,true,2,1783313913607,0,QmacXcTiVxv9uHJiorLkYH2xDDraJTZ3uq6FBG4Ctr6VoC,false
304,e6-lifecycle-20260706T045832.822659423Z-c4-real-task-0029,signed_settlement,true,2,1783313913609,0,QmacXcTiVxv9uHJiorLkYH2xDDraJTZ3uq6FBG4Ctr6VoC,false
305,e6-lifecycle-20260706T045832.822659423Z-c4-real-task-0029,signed_query_latest,true,0,1783313913611,0,QmacXcTiVxv9uHJiorLkYH2xDDraJTZ3uq6FBG4Ctr6VoC,false
306,e6-lifecycle-20260706T045832.822659423Z-c4-real-task-0029,ipfs_verify,true,7,1783313913611,0,QmacXcTiVxv9uHJiorLkYH2xDDraJTZ3uq6FBG4Ctr6VoC,false
307,e6-lifecycle-20260706T045832.822659423Z-c4-real-task-0030,ipfs_add,true,65,1783313913553,4609,,false
308,e6-lifecycle-20260706T045832.822659423Z-c4-real-task-0030,signed_posttask,true,2,1783313913618,0,QmXUNpwtX2A1bcF51kySLa1p7B6HvhMNsMQoiVdNUoJig7,false
309,e6-lifecycle-20260706T045832.822659423Z-c4-real-task-0030,signed_postallocation,true,2,1783313913620,0,QmXUNpwtX2A1bcF51kySLa1p7B6HvhMNsMQoiVdNUoJig7,false
310,e6-lifecycle-20260706T045832.822659423Z-c4-real-task-0030,signed_post_evalsnapshot,true,2,1783313913622,0,QmXUNpwtX2A1bcF51kySLa1p7B6HvhMNsMQoiVdNUoJig7,false
311,e6-lifecycle-20260706T045832.822659423Z-c4-real-task-0030,signed_vote1,true,2,1783313913624,0,QmXUNpwtX2A1bcF51kySLa1p7B6HvhMNsMQoiVdNUoJig7,false
312,e6-lifecycle-20260706T045832.822659423Z-c4-real-task-0030,signed_vote2,true,1,1783313913626,0,QmXUNpwtX2A1bcF51kySLa1p7B6HvhMNsMQoiVdNUoJig7,false
313,e6-lifecycle-20260706T045832.822659423Z-c4-real-task-0030,signed_settlement,true,2,1783313913627,0,QmXUNpwtX2A1bcF51kySLa1p7B6HvhMNsMQoiVdNUoJig7,false
314,e6-lifecycle-20260706T045832.822659423Z-c4-real-task-0030,signed_query_latest,true,0,1783313913629,0,QmXUNpwtX2A1bcF51kySLa1p7B6HvhMNsMQoiVdNUoJig7,false
315,e6-lifecycle-20260706T045832.822659423Z-c4-real-task-0030,ipfs_verify,true,8,1783313913629,0,QmXUNpwtX2A1bcF51kySLa1p7B6HvhMNsMQoiVdNUoJig7,false
316,e6-lifecycle-20260706T045832.822659423Z-c4-real-task-0158,ipfs_add,true,59,1783313913580,2353,,false
317,e6-lifecycle-20260706T045832.822659423Z-c4-real-task-0158,signed_posttask,true,2,1783313913639,0,QmW45d5KDagXQxapoDsAgos4eR8RW7sWehPq9Qivyv3imb,false
318,e6-lifecycle-20260706T045832.822659423Z-c4-real-task-0158,signed_postallocation,true,2,1783313913642,0,QmW45d5KDagXQxapoDsAgos4eR8RW7sWehPq9Qivyv3imb,false
319,e6-lifecycle-20260706T045832.822659423Z-c4-real-task-0158,signed_post_evalsnapshot,true,2,1783313913644,0,QmW45d5KDagXQxapoDsAgos4eR8RW7sWehPq9Qivyv3imb,false
320,e6-lifecycle-20260706T045832.822659423Z-c4-real-task-0158,signed_vote1,true,1,1783313913646,0,QmW45d5KDagXQxapoDsAgos4eR8RW7sWehPq9Qivyv3imb,false
321,e6-lifecycle-20260706T045832.822659423Z-c4-real-task-0158,signed_vote2,true,2,1783313913647,0,QmW45d5KDagXQxapoDsAgos4eR8RW7sWehPq9Qivyv3imb,false
322,e6-lifecycle-20260706T045832.822659423Z-c4-real-task-0158,signed_settlement,true,1,1783313913649,0,QmW45d5KDagXQxapoDsAgos4eR8RW7sWehPq9Qivyv3imb,false
323,e6-lifecycle-20260706T045832.822659423Z-c4-real-task-0158,signed_query_latest,true,0,1783313913650,0,QmW45d5KDagXQxapoDsAgos4eR8RW7sWehPq9Qivyv3imb,false
324,e6-lifecycle-20260706T045832.822659423Z-c4-real-task-0158,ipfs_verify,true,7,1783313913650,0,QmW45d5KDagXQxapoDsAgos4eR8RW7sWehPq9Qivyv3imb,false
325,e6-lifecycle-20260706T045832.822659423Z-c4-real-task-0063,ipfs_add,true,59,1783313913600,1951,,false
326,e6-lifecycle-20260706T045832.822659423Z-c4-real-task-0063,signed_posttask,true,2,1783313913659,0,Qmeq8QyrjD6bZ4YprHuPoMgTMvTCxaH2JtzMLSbHb4KCGp,false
327,e6-lifecycle-20260706T045832.822659423Z-c4-real-task-0063,signed_postallocation,true,2,1783313913661,0,Qmeq8QyrjD6bZ4YprHuPoMgTMvTCxaH2JtzMLSbHb4KCGp,false
328,e6-lifecycle-20260706T045832.822659423Z-c4-real-task-0063,signed_post_evalsnapshot,true,2,1783313913663,0,Qmeq8QyrjD6bZ4YprHuPoMgTMvTCxaH2JtzMLSbHb4KCGp,false
329,e6-lifecycle-20260706T045832.822659423Z-c4-real-task-0063,signed_vote1,true,2,1783313913665,0,Qmeq8QyrjD6bZ4YprHuPoMgTMvTCxaH2JtzMLSbHb4KCGp,false
330,e6-lifecycle-20260706T045832.822659423Z-c4-real-task-0063,signed_vote2,true,1,1783313913667,0,Qmeq8QyrjD6bZ4YprHuPoMgTMvTCxaH2JtzMLSbHb4KCGp,false
331,e6-lifecycle-20260706T045832.822659423Z-c4-real-task-0063,signed_settlement,true,2,1783313913668,0,Qmeq8QyrjD6bZ4YprHuPoMgTMvTCxaH2JtzMLSbHb4KCGp,false
332,e6-lifecycle-20260706T045832.822659423Z-c4-real-task-0063,signed_query_latest,true,0,1783313913670,0,Qmeq8QyrjD6bZ4YprHuPoMgTMvTCxaH2JtzMLSbHb4KCGp,false
333,e6-lifecycle-20260706T045832.822659423Z-c4-real-task-0063,ipfs_verify,true,9,1783313913670,0,Qmeq8QyrjD6bZ4YprHuPoMgTMvTCxaH2JtzMLSbHb4KCGp,false
334,e6-lifecycle-20260706T045832.822659423Z-c4-real-task-0064,ipfs_add,true,65,1783313913618,1718,,false
335,e6-lifecycle-20260706T045832.822659423Z-c4-real-task-0064,signed_posttask,true,2,1783313913683,0,QmdQasboxBg4eG1zCcznaXELJ43EhrApnvszJDpfVQP7gd,false
336,e6-lifecycle-20260706T045832.822659423Z-c4-real-task-0064,signed_postallocation,true,2,1783313913685,0,QmdQasboxBg4eG1zCcznaXELJ43EhrApnvszJDpfVQP7gd,false
337,e6-lifecycle-20260706T045832.822659423Z-c4-real-task-0064,signed_post_evalsnapshot,true,3,1783313913687,0,QmdQasboxBg4eG1zCcznaXELJ43EhrApnvszJDpfVQP7gd,false
338,e6-lifecycle-20260706T045832.822659423Z-c4-real-task-0064,signed_vote1,true,1,1783313913690,0,QmdQasboxBg4eG1zCcznaXELJ43EhrApnvszJDpfVQP7gd,false
339,e6-lifecycle-20260706T045832.822659423Z-c4-real-task-0064,signed_vote2,true,2,1783313913691,0,QmdQasboxBg4eG1zCcznaXELJ43EhrApnvszJDpfVQP7gd,false
340,e6-lifecycle-20260706T045832.822659423Z-c4-real-task-0064,signed_settlement,true,2,1783313913693,0,QmdQasboxBg4eG1zCcznaXELJ43EhrApnvszJDpfVQP7gd,false
341,e6-lifecycle-20260706T045832.822659423Z-c4-real-task-0064,signed_query_latest,true,0,1783313913695,0,QmdQasboxBg4eG1zCcznaXELJ43EhrApnvszJDpfVQP7gd,false
342,e6-lifecycle-20260706T045832.822659423Z-c4-real-task-0064,ipfs_verify,true,7,1783313913695,0,QmdQasboxBg4eG1zCcznaXELJ43EhrApnvszJDpfVQP7gd,false
343,e6-lifecycle-20260706T045832.822659423Z-c4-real-task-0065,ipfs_add,true,66,1783313913637,1532,,false
344,e6-lifecycle-20260706T045832.822659423Z-c4-real-task-0065,signed_posttask,true,2,1783313913703,0,QmTgn7Ef8bcgXc76teLMLFWfXkkV1kNKoL8EES2YSp6nVT,false
345,e6-lifecycle-20260706T045832.822659423Z-c4-real-task-0065,signed_postallocation,true,2,1783313913705,0,QmTgn7Ef8bcgXc76teLMLFWfXkkV1kNKoL8EES2YSp6nVT,false
346,e6-lifecycle-20260706T045832.822659423Z-c4-real-task-0065,signed_post_evalsnapshot,true,2,1783313913707,0,QmTgn7Ef8bcgXc76teLMLFWfXkkV1kNKoL8EES2YSp6nVT,false
347,e6-lifecycle-20260706T045832.822659423Z-c4-real-task-0065,signed_vote1,true,1,1783313913709,0,QmTgn7Ef8bcgXc76teLMLFWfXkkV1kNKoL8EES2YSp6nVT,false
348,e6-lifecycle-20260706T045832.822659423Z-c4-real-task-0065,signed_vote2,true,3,1783313913710,0,QmTgn7Ef8bcgXc76teLMLFWfXkkV1kNKoL8EES2YSp6nVT,false
349,e6-lifecycle-20260706T045832.822659423Z-c4-real-task-0065,signed_settlement,true,2,1783313913713,0,QmTgn7Ef8bcgXc76teLMLFWfXkkV1kNKoL8EES2YSp6nVT,false
350,e6-lifecycle-20260706T045832.822659423Z-c4-real-task-0065,signed_query_latest,true,0,1783313913715,0,QmTgn7Ef8bcgXc76teLMLFWfXkkV1kNKoL8EES2YSp6nVT,false
351,e6-lifecycle-20260706T045832.822659423Z-c4-real-task-0066,ipfs_add,true,69,1783313913658,1779,,false
352,e6-lifecycle-20260706T045832.822659423Z-c4-real-task-0066,signed_posttask,true,2,1783313913727,0,QmQadZaKvSss26axAEh58nbypRZhkvyv9qKSdKwsKrR3VT,false
353,e6-lifecycle-20260706T045832.822659423Z-c4-real-task-0065,ipfs_verify,true,16,1783313913715,0,QmTgn7Ef8bcgXc76teLMLFWfXkkV1kNKoL8EES2YSp6nVT,false
354,e6-lifecycle-20260706T045832.822659423Z-c4-real-task-0066,signed_postallocation,true,3,1783313913729,0,QmQadZaKvSss26axAEh58nbypRZhkvyv9qKSdKwsKrR3VT,false
355,e6-lifecycle-20260706T045832.822659423Z-c4-real-task-0066,signed_post_evalsnapshot,true,2,1783313913732,0,QmQadZaKvSss26axAEh58nbypRZhkvyv9qKSdKwsKrR3VT,false
356,e6-lifecycle-20260706T045832.822659423Z-c4-real-task-0066,signed_vote1,true,2,1783313913734,0,QmQadZaKvSss26axAEh58nbypRZhkvyv9qKSdKwsKrR3VT,false
357,e6-lifecycle-20260706T045832.822659423Z-c4-real-task-0066,signed_vote2,true,2,1783313913736,0,QmQadZaKvSss26axAEh58nbypRZhkvyv9qKSdKwsKrR3VT,false
358,e6-lifecycle-20260706T045832.822659423Z-c4-real-task-0066,signed_settlement,true,2,1783313913738,0,QmQadZaKvSss26axAEh58nbypRZhkvyv9qKSdKwsKrR3VT,false
359,e6-lifecycle-20260706T045832.822659423Z-c4-real-task-0066,signed_query_latest,true,0,1783313913740,0,QmQadZaKvSss26axAEh58nbypRZhkvyv9qKSdKwsKrR3VT,false
360,e6-lifecycle-20260706T045832.822659423Z-c4-real-task-0066,ipfs_verify,true,8,1783313913740,0,QmQadZaKvSss26axAEh58nbypRZhkvyv9qKSdKwsKrR3VT,false
361,e6-lifecycle-20260706T045832.822659423Z-c4-real-task-0068,ipfs_add,true,70,1783313913702,4158,,false
362,e6-lifecycle-20260706T045832.822659423Z-c4-real-task-0068,signed_posttask,true,2,1783313913772,0,QmdssCZHZja15BD7DuyPiXZPfZufH2mwmGr81QDSStPZPN,false
363,e6-lifecycle-20260706T045832.822659423Z-c4-real-task-0068,signed_postallocation,true,2,1783313913774,0,QmdssCZHZja15BD7DuyPiXZPfZufH2mwmGr81QDSStPZPN,false
364,e6-lifecycle-20260706T045832.822659423Z-c4-real-task-0068,signed_post_evalsnapshot,true,2,1783313913776,0,QmdssCZHZja15BD7DuyPiXZPfZufH2mwmGr81QDSStPZPN,false
365,e6-lifecycle-20260706T045832.822659423Z-c4-real-task-0068,signed_vote1,true,1,1783313913778,0,QmdssCZHZja15BD7DuyPiXZPfZufH2mwmGr81QDSStPZPN,false
366,e6-lifecycle-20260706T045832.822659423Z-c4-real-task-0068,signed_vote2,true,2,1783313913779,0,QmdssCZHZja15BD7DuyPiXZPfZufH2mwmGr81QDSStPZPN,false
367,e6-lifecycle-20260706T045832.822659423Z-c4-real-task-0068,signed_settlement,true,1,1783313913781,0,QmdssCZHZja15BD7DuyPiXZPfZufH2mwmGr81QDSStPZPN,false
368,e6-lifecycle-20260706T045832.822659423Z-c4-real-task-0068,signed_query_latest,true,0,1783313913782,0,QmdssCZHZja15BD7DuyPiXZPfZufH2mwmGr81QDSStPZPN,false
369,e6-lifecycle-20260706T045832.822659423Z-c4-real-task-0068,ipfs_verify,true,8,1783313913782,0,QmdssCZHZja15BD7DuyPiXZPfZufH2mwmGr81QDSStPZPN,false
370,e6-lifecycle-20260706T045832.822659423Z-c4-real-task-0069,ipfs_add,true,62,1783313913731,1526,,false
371,e6-lifecycle-20260706T045832.822659423Z-c4-real-task-0067,ipfs_add,true,114,1783313913679,1494,,false
372,e6-lifecycle-20260706T045832.822659423Z-c4-real-task-0069,signed_posttask,true,4,1783313913793,0,Qmc3HzGamX75gaXpQyYRDkmKLfVRUTTUbDLLNafwajDdRv,false
373,e6-lifecycle-20260706T045832.822659423Z-c4-real-task-0069,signed_postallocation,true,2,1783313913797,0,Qmc3HzGamX75gaXpQyYRDkmKLfVRUTTUbDLLNafwajDdRv,false
374,e6-lifecycle-20260706T045832.822659423Z-c4-real-task-0067,signed_posttask,true,8,1783313913793,0,Qmbt7FG9CTBc6sVfciXAseRzvjXpa6EoV1TehcNf7sChY3,false
375,e6-lifecycle-20260706T045832.822659423Z-c4-real-task-0067,signed_postallocation,true,2,1783313913801,0,Qmbt7FG9CTBc6sVfciXAseRzvjXpa6EoV1TehcNf7sChY3,false
376,e6-lifecycle-20260706T045832.822659423Z-c4-real-task-0069,signed_post_evalsnapshot,true,6,1783313913799,0,Qmc3HzGamX75gaXpQyYRDkmKLfVRUTTUbDLLNafwajDdRv,false
377,e6-lifecycle-20260706T045832.822659423Z-c4-real-task-0069,signed_vote1,true,1,1783313913805,0,Qmc3HzGamX75gaXpQyYRDkmKLfVRUTTUbDLLNafwajDdRv,false
378,e6-lifecycle-20260706T045832.822659423Z-c4-real-task-0067,signed_post_evalsnapshot,true,5,1783313913803,0,Qmbt7FG9CTBc6sVfciXAseRzvjXpa6EoV1TehcNf7sChY3,false
379,e6-lifecycle-20260706T045832.822659423Z-c4-real-task-0067,signed_vote1,true,2,1783313913808,0,Qmbt7FG9CTBc6sVfciXAseRzvjXpa6EoV1TehcNf7sChY3,false
380,e6-lifecycle-20260706T045832.822659423Z-c4-real-task-0069,signed_vote2,true,6,1783313913806,0,Qmc3HzGamX75gaXpQyYRDkmKLfVRUTTUbDLLNafwajDdRv,false
381,e6-lifecycle-20260706T045832.822659423Z-c4-real-task-0069,signed_settlement,true,2,1783313913812,0,Qmc3HzGamX75gaXpQyYRDkmKLfVRUTTUbDLLNafwajDdRv,false
382,e6-lifecycle-20260706T045832.822659423Z-c4-real-task-0070,ipfs_add,true,67,1783313913748,5065,,false
383,e6-lifecycle-20260706T045832.822659423Z-c4-real-task-0067,signed_vote2,true,6,1783313913810,0,Qmbt7FG9CTBc6sVfciXAseRzvjXpa6EoV1TehcNf7sChY3,false
384,e6-lifecycle-20260706T045832.822659423Z-c4-real-task-0067,signed_settlement,true,2,1783313913816,0,Qmbt7FG9CTBc6sVfciXAseRzvjXpa6EoV1TehcNf7sChY3,false
385,e6-lifecycle-20260706T045832.822659423Z-c4-real-task-0069,signed_query_latest,true,4,1783313913814,0,Qmc3HzGamX75gaXpQyYRDkmKLfVRUTTUbDLLNafwajDdRv,false
386,e6-lifecycle-20260706T045832.822659423Z-c4-real-task-0070,signed_posttask,true,5,1783313913815,0,QmZdwn7XZ6rmxkCtUjND7GCnAtzGsfmiqSWKEv7AMAoXVQ,false
387,e6-lifecycle-20260706T045832.822659423Z-c4-real-task-0070,signed_postallocation,true,1,1783313913820,0,QmZdwn7XZ6rmxkCtUjND7GCnAtzGsfmiqSWKEv7AMAoXVQ,false
388,e6-lifecycle-20260706T045832.822659423Z-c4-real-task-0067,signed_query_latest,true,3,1783313913818,0,Qmbt7FG9CTBc6sVfciXAseRzvjXpa6EoV1TehcNf7sChY3,false
389,e6-lifecycle-20260706T045832.822659423Z-c4-real-task-0070,signed_post_evalsnapshot,true,3,1783313913821,0,QmZdwn7XZ6rmxkCtUjND7GCnAtzGsfmiqSWKEv7AMAoXVQ,false
390,e6-lifecycle-20260706T045832.822659423Z-c4-real-task-0069,ipfs_verify,true,7,1783313913818,0,Qmc3HzGamX75gaXpQyYRDkmKLfVRUTTUbDLLNafwajDdRv,false
391,e6-lifecycle-20260706T045832.822659423Z-c4-real-task-0070,signed_vote1,true,1,1783313913824,0,QmZdwn7XZ6rmxkCtUjND7GCnAtzGsfmiqSWKEv7AMAoXVQ,false
392,e6-lifecycle-20260706T045832.822659423Z-c4-real-task-0070,signed_vote2,true,2,1783313913825,0,QmZdwn7XZ6rmxkCtUjND7GCnAtzGsfmiqSWKEv7AMAoXVQ,false
393,e6-lifecycle-20260706T045832.822659423Z-c4-real-task-0070,signed_settlement,true,2,1783313913827,0,QmZdwn7XZ6rmxkCtUjND7GCnAtzGsfmiqSWKEv7AMAoXVQ,false
394,e6-lifecycle-20260706T045832.822659423Z-c4-real-task-0070,signed_query_latest,true,0,1783313913829,0,QmZdwn7XZ6rmxkCtUjND7GCnAtzGsfmiqSWKEv7AMAoXVQ,false
395,e6-lifecycle-20260706T045832.822659423Z-c4-real-task-0067,ipfs_verify,true,10,1783313913821,0,Qmbt7FG9CTBc6sVfciXAseRzvjXpa6EoV1TehcNf7sChY3,false
396,e6-lifecycle-20260706T045832.822659423Z-c4-real-task-0070,ipfs_verify,true,10,1783313913829,0,QmZdwn7XZ6rmxkCtUjND7GCnAtzGsfmiqSWKEv7AMAoXVQ,false
397,e6-lifecycle-20260706T045832.822659423Z-c4-real-task-0071,ipfs_add,true,56,1783313913790,7196,,false
398,e6-lifecycle-20260706T045832.822659423Z-c4-real-task-0071,signed_posttask,true,1,1783313913846,0,QmNqkkGDJvpybcWjHb7TKY3DpGWDegeGBguFT6dBieSUKQ,false
399,e6-lifecycle-20260706T045832.822659423Z-c4-real-task-0071,signed_postallocation,true,2,1783313913847,0,QmNqkkGDJvpybcWjHb7TKY3DpGWDegeGBguFT6dBieSUKQ,false
400,e6-lifecycle-20260706T045832.822659423Z-c4-real-task-0071,signed_post_evalsnapshot,true,1,1783313913849,0,QmNqkkGDJvpybcWjHb7TKY3DpGWDegeGBguFT6dBieSUKQ,false
401,e6-lifecycle-20260706T045832.822659423Z-c4-real-task-0071,signed_vote1,true,2,1783313913850,0,QmNqkkGDJvpybcWjHb7TKY3DpGWDegeGBguFT6dBieSUKQ,false
402,e6-lifecycle-20260706T045832.822659423Z-c4-real-task-0071,signed_vote2,true,1,1783313913852,0,QmNqkkGDJvpybcWjHb7TKY3DpGWDegeGBguFT6dBieSUKQ,false
403,e6-lifecycle-20260706T045832.822659423Z-c4-real-task-0071,signed_settlement,true,2,1783313913853,0,QmNqkkGDJvpybcWjHb7TKY3DpGWDegeGBguFT6dBieSUKQ,false
404,e6-lifecycle-20260706T045832.822659423Z-c4-real-task-0071,signed_query_latest,true,0,1783313913855,0,QmNqkkGDJvpybcWjHb7TKY3DpGWDegeGBguFT6dBieSUKQ,false
405,e6-lifecycle-20260706T045832.822659423Z-c4-real-task-0071,ipfs_verify,true,8,1783313913855,0,QmNqkkGDJvpybcWjHb7TKY3DpGWDegeGBguFT6dBieSUKQ,false
406,e6-lifecycle-20260706T045832.822659423Z-c4-real-task-0073,ipfs_add,true,53,1783313913831,4957,,false
407,e6-lifecycle-20260706T045832.822659423Z-c4-real-task-0073,signed_posttask,true,2,1783313913884,0,QmUNq5xrs3K1vmXdkKido3g2XmRhi95o132iauehfL4aYG,false
408,e6-lifecycle-20260706T045832.822659423Z-c4-real-task-0073,signed_postallocation,true,2,1783313913886,0,QmUNq5xrs3K1vmXdkKido3g2XmRhi95o132iauehfL4aYG,false
409,e6-lifecycle-20260706T045832.822659423Z-c4-real-task-0073,signed_post_evalsnapshot,true,2,1783313913888,0,QmUNq5xrs3K1vmXdkKido3g2XmRhi95o132iauehfL4aYG,false
410,e6-lifecycle-20260706T045832.822659423Z-c4-real-task-0073,signed_vote1,true,1,1783313913890,0,QmUNq5xrs3K1vmXdkKido3g2XmRhi95o132iauehfL4aYG,false
411,e6-lifecycle-20260706T045832.822659423Z-c4-real-task-0073,signed_vote2,true,2,1783313913891,0,QmUNq5xrs3K1vmXdkKido3g2XmRhi95o132iauehfL4aYG,false
412,e6-lifecycle-20260706T045832.822659423Z-c4-real-task-0073,signed_settlement,true,2,1783313913893,0,QmUNq5xrs3K1vmXdkKido3g2XmRhi95o132iauehfL4aYG,false
413,e6-lifecycle-20260706T045832.822659423Z-c4-real-task-0073,signed_query_latest,true,0,1783313913895,0,QmUNq5xrs3K1vmXdkKido3g2XmRhi95o132iauehfL4aYG,false
414,e6-lifecycle-20260706T045832.822659423Z-c4-real-task-0073,ipfs_verify,true,7,1783313913895,0,QmUNq5xrs3K1vmXdkKido3g2XmRhi95o132iauehfL4aYG,false
415,e6-lifecycle-20260706T045832.822659423Z-c4-real-task-0072,ipfs_add,true,85,1783313913825,2305,,false
416,e6-lifecycle-20260706T045832.822659423Z-c4-real-task-0074,ipfs_add,true,70,1783313913840,5811,,false
417,e6-lifecycle-20260706T045832.822659423Z-c4-real-task-0074,signed_posttask,true,2,1783313913910,0,QmaeTJAzWRKvsT172vo8HGvAfgV8ipwLvzV1ZMQApxE1QS,false
418,e6-lifecycle-20260706T045832.822659423Z-c4-real-task-0074,signed_postallocation,true,2,1783313913912,0,QmaeTJAzWRKvsT172vo8HGvAfgV8ipwLvzV1ZMQApxE1QS,false
419,e6-lifecycle-20260706T045832.822659423Z-c4-real-task-0072,signed_posttask,true,5,1783313913910,0,QmWanySVkpZ7TybV7YuqtM2nn19ezsxpA246bdcmU47t6X,false
420,e6-lifecycle-20260706T045832.822659423Z-c4-real-task-0072,signed_postallocation,true,2,1783313913915,0,QmWanySVkpZ7TybV7YuqtM2nn19ezsxpA246bdcmU47t6X,false
421,e6-lifecycle-20260706T045832.822659423Z-c4-real-task-0074,signed_post_evalsnapshot,true,4,1783313913914,0,QmaeTJAzWRKvsT172vo8HGvAfgV8ipwLvzV1ZMQApxE1QS,false
422,e6-lifecycle-20260706T045832.822659423Z-c4-real-task-0074,signed_vote1,true,2,1783313913918,0,QmaeTJAzWRKvsT172vo8HGvAfgV8ipwLvzV1ZMQApxE1QS,false
423,e6-lifecycle-20260706T045832.822659423Z-c4-real-task-0072,signed_post_evalsnapshot,true,4,1783313913917,0,QmWanySVkpZ7TybV7YuqtM2nn19ezsxpA246bdcmU47t6X,false
424,e6-lifecycle-20260706T045832.822659423Z-c4-real-task-0072,signed_vote1,true,2,1783313913921,0,QmWanySVkpZ7TybV7YuqtM2nn19ezsxpA246bdcmU47t6X,false
425,e6-lifecycle-20260706T045832.822659423Z-c4-real-task-0074,signed_vote2,true,5,1783313913920,0,QmaeTJAzWRKvsT172vo8HGvAfgV8ipwLvzV1ZMQApxE1QS,false
426,e6-lifecycle-20260706T045832.822659423Z-c4-real-task-0074,signed_settlement,true,1,1783313913925,0,QmaeTJAzWRKvsT172vo8HGvAfgV8ipwLvzV1ZMQApxE1QS,false
427,e6-lifecycle-20260706T045832.822659423Z-c4-real-task-0072,signed_vote2,true,5,1783313913923,0,QmWanySVkpZ7TybV7YuqtM2nn19ezsxpA246bdcmU47t6X,false
428,e6-lifecycle-20260706T045832.822659423Z-c4-real-task-0074,signed_query_latest,true,3,1783313913926,0,QmaeTJAzWRKvsT172vo8HGvAfgV8ipwLvzV1ZMQApxE1QS,false
429,e6-lifecycle-20260706T045832.822659423Z-c4-real-task-0072,signed_settlement,true,1,1783313913928,0,QmWanySVkpZ7TybV7YuqtM2nn19ezsxpA246bdcmU47t6X,false
430,e6-lifecycle-20260706T045832.822659423Z-c4-real-task-0072,signed_query_latest,true,0,1783313913929,0,QmWanySVkpZ7TybV7YuqtM2nn19ezsxpA246bdcmU47t6X,false
431,e6-lifecycle-20260706T045832.822659423Z-c4-real-task-0075,ipfs_add,true,67,1783313913863,4400,,false
432,e6-lifecycle-20260706T045832.822659423Z-c4-real-task-0075,signed_posttask,true,3,1783313913930,0,QmXvAwLQ7v7nnXbkJPjkYdM3tUdkRw8oF5f6iTNZRPVgzN,false
433,e6-lifecycle-20260706T045832.822659423Z-c4-real-task-0075,signed_postallocation,true,2,1783313913933,0,QmXvAwLQ7v7nnXbkJPjkYdM3tUdkRw8oF5f6iTNZRPVgzN,false
434,e6-lifecycle-20260706T045832.822659423Z-c4-real-task-0075,signed_post_evalsnapshot,true,1,1783313913935,0,QmXvAwLQ7v7nnXbkJPjkYdM3tUdkRw8oF5f6iTNZRPVgzN,false
435,e6-lifecycle-20260706T045832.822659423Z-c4-real-task-0074,ipfs_verify,true,7,1783313913929,0,QmaeTJAzWRKvsT172vo8HGvAfgV8ipwLvzV1ZMQApxE1QS,false
436,e6-lifecycle-20260706T045832.822659423Z-c4-real-task-0072,ipfs_verify,true,7,1783313913929,0,QmWanySVkpZ7TybV7YuqtM2nn19ezsxpA246bdcmU47t6X,false
437,e6-lifecycle-20260706T045832.822659423Z-c4-real-task-0075,signed_vote1,true,2,1783313913936,0,QmXvAwLQ7v7nnXbkJPjkYdM3tUdkRw8oF5f6iTNZRPVgzN,false
438,e6-lifecycle-20260706T045832.822659423Z-c4-real-task-0075,signed_vote2,true,1,1783313913938,0,QmXvAwLQ7v7nnXbkJPjkYdM3tUdkRw8oF5f6iTNZRPVgzN,false
439,e6-lifecycle-20260706T045832.822659423Z-c4-real-task-0075,signed_settlement,true,2,1783313913939,0,QmXvAwLQ7v7nnXbkJPjkYdM3tUdkRw8oF5f6iTNZRPVgzN,false
440,e6-lifecycle-20260706T045832.822659423Z-c4-real-task-0075,signed_query_latest,true,0,1783313913941,0,QmXvAwLQ7v7nnXbkJPjkYdM3tUdkRw8oF5f6iTNZRPVgzN,false
441,e6-lifecycle-20260706T045832.822659423Z-c4-real-task-0075,ipfs_verify,true,10,1783313913941,0,QmXvAwLQ7v7nnXbkJPjkYdM3tUdkRw8oF5f6iTNZRPVgzN,false
442,e6-lifecycle-20260706T045832.822659423Z-c4-real-task-0076,ipfs_add,true,49,1783313913902,4961,,false
443,e6-lifecycle-20260706T045832.822659423Z-c4-real-task-0076,signed_posttask,true,2,1783313913951,0,QmPYBXNwCTh5Jewpe24hUv1bBvhKKyvE3uxvUw3jvcJV2S,false
444,e6-lifecycle-20260706T045832.822659423Z-c4-real-task-0076,signed_postallocation,true,2,1783313913953,0,QmPYBXNwCTh5Jewpe24hUv1bBvhKKyvE3uxvUw3jvcJV2S,false
445,e6-lifecycle-20260706T045832.822659423Z-c4-real-task-0076,signed_post_evalsnapshot,true,1,1783313913955,0,QmPYBXNwCTh5Jewpe24hUv1bBvhKKyvE3uxvUw3jvcJV2S,false
446,e6-lifecycle-20260706T045832.822659423Z-c4-real-task-0076,signed_vote1,true,2,1783313913956,0,QmPYBXNwCTh5Jewpe24hUv1bBvhKKyvE3uxvUw3jvcJV2S,false
447,e6-lifecycle-20260706T045832.822659423Z-c4-real-task-0076,signed_vote2,true,2,1783313913958,0,QmPYBXNwCTh5Jewpe24hUv1bBvhKKyvE3uxvUw3jvcJV2S,false
448,e6-lifecycle-20260706T045832.822659423Z-c4-real-task-0076,signed_settlement,true,2,1783313913960,0,QmPYBXNwCTh5Jewpe24hUv1bBvhKKyvE3uxvUw3jvcJV2S,false
449,e6-lifecycle-20260706T045832.822659423Z-c4-real-task-0076,signed_query_latest,true,0,1783313913962,0,QmPYBXNwCTh5Jewpe24hUv1bBvhKKyvE3uxvUw3jvcJV2S,false
450,e6-lifecycle-20260706T045832.822659423Z-c4-real-task-0076,ipfs_verify,true,8,1783313913962,0,QmPYBXNwCTh5Jewpe24hUv1bBvhKKyvE3uxvUw3jvcJV2S,false
451,e6-lifecycle-20260706T045832.822659423Z-c4-real-task-0077,ipfs_add,true,38,1783313913936,1774,,false
452,e6-lifecycle-20260706T045832.822659423Z-c4-real-task-0077,signed_posttask,true,2,1783313913974,0,QmYN6ceiUFJghNBVdUfs4AgqbBx4pasRLDxDdrHuAvaYYe,false
453,e6-lifecycle-20260706T045832.822659423Z-c4-real-task-0077,signed_postallocation,true,2,1783313913976,0,QmYN6ceiUFJghNBVdUfs4AgqbBx4pasRLDxDdrHuAvaYYe,false
454,e6-lifecycle-20260706T045832.822659423Z-c4-real-task-0077,signed_post_evalsnapshot,true,2,1783313913978,0,QmYN6ceiUFJghNBVdUfs4AgqbBx4pasRLDxDdrHuAvaYYe,false
455,e6-lifecycle-20260706T045832.822659423Z-c4-real-task-0077,signed_vote1,true,2,1783313913980,0,QmYN6ceiUFJghNBVdUfs4AgqbBx4pasRLDxDdrHuAvaYYe,false
456,e6-lifecycle-20260706T045832.822659423Z-c4-real-task-0077,signed_vote2,true,1,1783313913982,0,QmYN6ceiUFJghNBVdUfs4AgqbBx4pasRLDxDdrHuAvaYYe,false
457,e6-lifecycle-20260706T045832.822659423Z-c4-real-task-0077,signed_settlement,true,2,1783313913983,0,QmYN6ceiUFJghNBVdUfs4AgqbBx4pasRLDxDdrHuAvaYYe,false
458,e6-lifecycle-20260706T045832.822659423Z-c4-real-task-0077,signed_query_latest,true,0,1783313913985,0,QmYN6ceiUFJghNBVdUfs4AgqbBx4pasRLDxDdrHuAvaYYe,false
459,e6-lifecycle-20260706T045832.822659423Z-c4-real-task-0078,ipfs_add,true,58,1783313913936,4011,,false
460,e6-lifecycle-20260706T045832.822659423Z-c4-real-task-0077,ipfs_verify,true,10,1783313913985,0,QmYN6ceiUFJghNBVdUfs4AgqbBx4pasRLDxDdrHuAvaYYe,false
461,e6-lifecycle-20260706T045832.822659423Z-c4-real-task-0078,signed_posttask,true,2,1783313913994,0,QmQMb15VfwTvEopgdonkaUmtV5EoYEVHk6p3eKpDmm7VQJ,false
462,e6-lifecycle-20260706T045832.822659423Z-c4-real-task-0078,signed_postallocation,true,2,1783313913996,0,QmQMb15VfwTvEopgdonkaUmtV5EoYEVHk6p3eKpDmm7VQJ,false
463,e6-lifecycle-20260706T045832.822659423Z-c4-real-task-0078,signed_post_evalsnapshot,true,2,1783313913998,0,QmQMb15VfwTvEopgdonkaUmtV5EoYEVHk6p3eKpDmm7VQJ,false
464,e6-lifecycle-20260706T045832.822659423Z-c4-real-task-0078,signed_vote1,true,1,1783313914000,0,QmQMb15VfwTvEopgdonkaUmtV5EoYEVHk6p3eKpDmm7VQJ,false
465,e6-lifecycle-20260706T045832.822659423Z-c4-real-task-0078,signed_vote2,true,2,1783313914001,0,QmQMb15VfwTvEopgdonkaUmtV5EoYEVHk6p3eKpDmm7VQJ,false
466,e6-lifecycle-20260706T045832.822659423Z-c4-real-task-0078,signed_settlement,true,3,1783313914003,0,QmQMb15VfwTvEopgdonkaUmtV5EoYEVHk6p3eKpDmm7VQJ,false
467,e6-lifecycle-20260706T045832.822659423Z-c4-real-task-0078,signed_query_latest,true,0,1783313914006,0,QmQMb15VfwTvEopgdonkaUmtV5EoYEVHk6p3eKpDmm7VQJ,false
468,e6-lifecycle-20260706T045832.822659423Z-c4-real-task-0079,ipfs_add,true,63,1783313913951,2910,,false
469,e6-lifecycle-20260706T045832.822659423Z-c4-real-task-0078,ipfs_verify,true,8,1783313914006,0,QmQMb15VfwTvEopgdonkaUmtV5EoYEVHk6p3eKpDmm7VQJ,false
470,e6-lifecycle-20260706T045832.822659423Z-c4-real-task-0079,signed_posttask,true,1,1783313914014,0,QmUANPhfiGoG4ujKLWNNL1cTTFTCULjPxcP9sn7jNfzJhL,false
471,e6-lifecycle-20260706T045832.822659423Z-c4-real-task-0079,signed_postallocation,true,2,1783313914015,0,QmUANPhfiGoG4ujKLWNNL1cTTFTCULjPxcP9sn7jNfzJhL,false
472,e6-lifecycle-20260706T045832.822659423Z-c4-real-task-0079,signed_post_evalsnapshot,true,2,1783313914017,0,QmUANPhfiGoG4ujKLWNNL1cTTFTCULjPxcP9sn7jNfzJhL,false
473,e6-lifecycle-20260706T045832.822659423Z-c4-real-task-0079,signed_vote1,true,2,1783313914019,0,QmUANPhfiGoG4ujKLWNNL1cTTFTCULjPxcP9sn7jNfzJhL,false
474,e6-lifecycle-20260706T045832.822659423Z-c4-real-task-0079,signed_vote2,true,2,1783313914021,0,QmUANPhfiGoG4ujKLWNNL1cTTFTCULjPxcP9sn7jNfzJhL,false
475,e6-lifecycle-20260706T045832.822659423Z-c4-real-task-0079,signed_settlement,true,1,1783313914023,0,QmUANPhfiGoG4ujKLWNNL1cTTFTCULjPxcP9sn7jNfzJhL,false
476,e6-lifecycle-20260706T045832.822659423Z-c4-real-task-0079,signed_query_latest,true,0,1783313914024,0,QmUANPhfiGoG4ujKLWNNL1cTTFTCULjPxcP9sn7jNfzJhL,false
477,e6-lifecycle-20260706T045832.822659423Z-c4-real-task-0079,ipfs_verify,true,8,1783313914024,0,QmUANPhfiGoG4ujKLWNNL1cTTFTCULjPxcP9sn7jNfzJhL,false
478,e6-lifecycle-20260706T045832.822659423Z-c4-real-task-0080,ipfs_add,true,68,1783313913970,2007,,false
479,e6-lifecycle-20260706T045832.822659423Z-c4-real-task-0080,signed_posttask,true,2,1783313914038,0,QmSoqaKbY1pzamSrK5gatTauBKmwAqCw92JyzZxyPFt8FW,false
480,e6-lifecycle-20260706T045832.822659423Z-c4-real-task-0080,signed_postallocation,true,3,1783313914040,0,QmSoqaKbY1pzamSrK5gatTauBKmwAqCw92JyzZxyPFt8FW,false
481,e6-lifecycle-20260706T045832.822659423Z-c4-real-task-0080,signed_post_evalsnapshot,true,1,1783313914043,0,QmSoqaKbY1pzamSrK5gatTauBKmwAqCw92JyzZxyPFt8FW,false
482,e6-lifecycle-20260706T045832.822659423Z-c4-real-task-0080,signed_vote1,true,2,1783313914044,0,QmSoqaKbY1pzamSrK5gatTauBKmwAqCw92JyzZxyPFt8FW,false
483,e6-lifecycle-20260706T045832.822659423Z-c4-real-task-0080,signed_vote2,true,2,1783313914046,0,QmSoqaKbY1pzamSrK5gatTauBKmwAqCw92JyzZxyPFt8FW,false
484,e6-lifecycle-20260706T045832.822659423Z-c4-real-task-0080,signed_settlement,true,1,1783313914048,0,QmSoqaKbY1pzamSrK5gatTauBKmwAqCw92JyzZxyPFt8FW,false
485,e6-lifecycle-20260706T045832.822659423Z-c4-real-task-0080,signed_query_latest,true,0,1783313914049,0,QmSoqaKbY1pzamSrK5gatTauBKmwAqCw92JyzZxyPFt8FW,false
486,e6-lifecycle-20260706T045832.822659423Z-c4-real-task-0080,ipfs_verify,true,8,1783313914049,0,QmSoqaKbY1pzamSrK5gatTauBKmwAqCw92JyzZxyPFt8FW,false
487,e6-lifecycle-20260706T045832.822659423Z-c4-real-task-0081,ipfs_add,true,63,1783313913995,9224,,false
488,e6-lifecycle-20260706T045832.822659423Z-c4-real-task-0081,signed_posttask,true,2,1783313914058,0,QmQhzdo79vLus2WbHD1UviAJSuaG18vFF57Yt3d5cS2s7M,false
489,e6-lifecycle-20260706T045832.822659423Z-c4-real-task-0081,signed_postallocation,true,6,1783313914060,0,QmQhzdo79vLus2WbHD1UviAJSuaG18vFF57Yt3d5cS2s7M,false
490,e6-lifecycle-20260706T045832.822659423Z-c4-real-task-0081,signed_post_evalsnapshot,true,2,1783313914066,0,QmQhzdo79vLus2WbHD1UviAJSuaG18vFF57Yt3d5cS2s7M,false
491,e6-lifecycle-20260706T045832.822659423Z-c4-real-task-0081,signed_vote1,true,2,1783313914068,0,QmQhzdo79vLus2WbHD1UviAJSuaG18vFF57Yt3d5cS2s7M,false
492,e6-lifecycle-20260706T045832.822659423Z-c4-real-task-0081,signed_vote2,true,2,1783313914070,0,QmQhzdo79vLus2WbHD1UviAJSuaG18vFF57Yt3d5cS2s7M,false
493,e6-lifecycle-20260706T045832.822659423Z-c4-real-task-0081,signed_settlement,true,2,1783313914072,0,QmQhzdo79vLus2WbHD1UviAJSuaG18vFF57Yt3d5cS2s7M,false
494,e6-lifecycle-20260706T045832.822659423Z-c4-real-task-0081,signed_query_latest,true,0,1783313914074,0,QmQhzdo79vLus2WbHD1UviAJSuaG18vFF57Yt3d5cS2s7M,false
495,e6-lifecycle-20260706T045832.822659423Z-c4-real-task-0081,ipfs_verify,true,10,1783313914074,0,QmQhzdo79vLus2WbHD1UviAJSuaG18vFF57Yt3d5cS2s7M,false
496,e6-lifecycle-20260706T045832.822659423Z-c4-real-task-0082,ipfs_add,true,78,1783313914014,9851,,false
497,e6-lifecycle-20260706T045832.822659423Z-c4-real-task-0082,signed_posttask,true,2,1783313914092,0,QmV9rgZvcZKU4rPzj6kpzY1dYdbWXgNxb8v7XJGh6yCSZk,false
498,e6-lifecycle-20260706T045832.822659423Z-c4-real-task-0082,signed_postallocation,true,2,1783313914094,0,QmV9rgZvcZKU4rPzj6kpzY1dYdbWXgNxb8v7XJGh6yCSZk,false
499,e6-lifecycle-20260706T045832.822659423Z-c4-real-task-0082,signed_post_evalsnapshot,true,2,1783313914096,0,QmV9rgZvcZKU4rPzj6kpzY1dYdbWXgNxb8v7XJGh6yCSZk,false
500,e6-lifecycle-20260706T045832.822659423Z-c4-real-task-0082,signed_vote1,true,2,1783313914098,0,QmV9rgZvcZKU4rPzj6kpzY1dYdbWXgNxb8v7XJGh6yCSZk,false
501,e6-lifecycle-20260706T045832.822659423Z-c4-real-task-0082,signed_vote2,true,2,1783313914100,0,QmV9rgZvcZKU4rPzj6kpzY1dYdbWXgNxb8v7XJGh6yCSZk,false
502,e6-lifecycle-20260706T045832.822659423Z-c4-real-task-0082,signed_settlement,true,2,1783313914102,0,QmV9rgZvcZKU4rPzj6kpzY1dYdbWXgNxb8v7XJGh6yCSZk,false
503,e6-lifecycle-20260706T045832.822659423Z-c4-real-task-0082,signed_query_latest,true,0,1783313914104,0,QmV9rgZvcZKU4rPzj6kpzY1dYdbWXgNxb8v7XJGh6yCSZk,false
504,e6-lifecycle-20260706T045832.822659423Z-c4-real-task-0082,ipfs_verify,true,8,1783313914104,0,QmV9rgZvcZKU4rPzj6kpzY1dYdbWXgNxb8v7XJGh6yCSZk,false
505,e6-lifecycle-20260706T045832.822659423Z-c4-real-task-0083,ipfs_add,true,80,1783313914033,4402,,false
506,e6-lifecycle-20260706T045832.822659423Z-c4-real-task-0083,signed_posttask,true,2,1783313914113,0,QmPd7FL1akHQY92fmAnCsPGgoQXB5msWnC72Pa4Ym8A7LB,false
507,e6-lifecycle-20260706T045832.822659423Z-c4-real-task-0083,signed_postallocation,true,2,1783313914115,0,QmPd7FL1akHQY92fmAnCsPGgoQXB5msWnC72Pa4Ym8A7LB,false
508,e6-lifecycle-20260706T045832.822659423Z-c4-real-task-0083,signed_post_evalsnapshot,true,2,1783313914117,0,QmPd7FL1akHQY92fmAnCsPGgoQXB5msWnC72Pa4Ym8A7LB,false
509,e6-lifecycle-20260706T045832.822659423Z-c4-real-task-0083,signed_vote1,true,2,1783313914119,0,QmPd7FL1akHQY92fmAnCsPGgoQXB5msWnC72Pa4Ym8A7LB,false
510,e6-lifecycle-20260706T045832.822659423Z-c4-real-task-0083,signed_vote2,true,1,1783313914121,0,QmPd7FL1akHQY92fmAnCsPGgoQXB5msWnC72Pa4Ym8A7LB,false
511,e6-lifecycle-20260706T045832.822659423Z-c4-real-task-0083,signed_settlement,true,2,1783313914122,0,QmPd7FL1akHQY92fmAnCsPGgoQXB5msWnC72Pa4Ym8A7LB,false
512,e6-lifecycle-20260706T045832.822659423Z-c4-real-task-0083,signed_query_latest,true,0,1783313914124,0,QmPd7FL1akHQY92fmAnCsPGgoQXB5msWnC72Pa4Ym8A7LB,false
513,e6-lifecycle-20260706T045832.822659423Z-c4-real-task-0083,ipfs_verify,true,10,1783313914124,0,QmPd7FL1akHQY92fmAnCsPGgoQXB5msWnC72Pa4Ym8A7LB,false
514,e6-lifecycle-20260706T045832.822659423Z-c4-real-task-0084,ipfs_add,true,78,1783313914057,6840,,false
515,e6-lifecycle-20260706T045832.822659423Z-c4-real-task-0084,signed_posttask,true,2,1783313914135,0,QmfAG7xP2UTe2HqMXVRZaRh4cF3StaCZniJqRpRTYFaeDM,false
516,e6-lifecycle-20260706T045832.822659423Z-c4-real-task-0084,signed_postallocation,true,1,1783313914137,0,QmfAG7xP2UTe2HqMXVRZaRh4cF3StaCZniJqRpRTYFaeDM,false
517,e6-lifecycle-20260706T045832.822659423Z-c4-real-task-0084,signed_post_evalsnapshot,true,2,1783313914138,0,QmfAG7xP2UTe2HqMXVRZaRh4cF3StaCZniJqRpRTYFaeDM,false
518,e6-lifecycle-20260706T045832.822659423Z-c4-real-task-0084,signed_vote1,true,2,1783313914140,0,QmfAG7xP2UTe2HqMXVRZaRh4cF3StaCZniJqRpRTYFaeDM,false
519,e6-lifecycle-20260706T045832.822659423Z-c4-real-task-0084,signed_vote2,true,2,1783313914142,0,QmfAG7xP2UTe2HqMXVRZaRh4cF3StaCZniJqRpRTYFaeDM,false
520,e6-lifecycle-20260706T045832.822659423Z-c4-real-task-0084,signed_settlement,true,3,1783313914144,0,QmfAG7xP2UTe2HqMXVRZaRh4cF3StaCZniJqRpRTYFaeDM,false
521,e6-lifecycle-20260706T045832.822659423Z-c4-real-task-0084,signed_query_latest,true,0,1783313914147,0,QmfAG7xP2UTe2HqMXVRZaRh4cF3StaCZniJqRpRTYFaeDM,false
522,e6-lifecycle-20260706T045832.822659423Z-c4-real-task-0084,ipfs_verify,true,10,1783313914147,0,QmfAG7xP2UTe2HqMXVRZaRh4cF3StaCZniJqRpRTYFaeDM,false
523,e6-lifecycle-20260706T045832.822659423Z-c4-real-task-0085,ipfs_add,true,81,1783313914084,5393,,false
524,e6-lifecycle-20260706T045832.822659423Z-c4-real-task-0085,signed_posttask,true,2,1783313914165,0,QmeUxU9Y8M556RrfUeDKwffgmyBADm96MQkeiAE978JMp4,false
525,e6-lifecycle-20260706T045832.822659423Z-c4-real-task-0085,signed_postallocation,true,1,1783313914167,0,QmeUxU9Y8M556RrfUeDKwffgmyBADm96MQkeiAE978JMp4,false
526,e6-lifecycle-20260706T045832.822659423Z-c4-real-task-0085,signed_post_evalsnapshot,true,2,1783313914168,0,QmeUxU9Y8M556RrfUeDKwffgmyBADm96MQkeiAE978JMp4,false
527,e6-lifecycle-20260706T045832.822659423Z-c4-real-task-0085,signed_vote1,true,2,1783313914170,0,QmeUxU9Y8M556RrfUeDKwffgmyBADm96MQkeiAE978JMp4,false
528,e6-lifecycle-20260706T045832.822659423Z-c4-real-task-0085,signed_vote2,true,1,1783313914172,0,QmeUxU9Y8M556RrfUeDKwffgmyBADm96MQkeiAE978JMp4,false
529,e6-lifecycle-20260706T045832.822659423Z-c4-real-task-0085,signed_settlement,true,2,1783313914173,0,QmeUxU9Y8M556RrfUeDKwffgmyBADm96MQkeiAE978JMp4,false
530,e6-lifecycle-20260706T045832.822659423Z-c4-real-task-0085,signed_query_latest,true,0,1783313914175,0,QmeUxU9Y8M556RrfUeDKwffgmyBADm96MQkeiAE978JMp4,false
531,e6-lifecycle-20260706T045832.822659423Z-c4-real-task-0085,ipfs_verify,true,7,1783313914175,0,QmeUxU9Y8M556RrfUeDKwffgmyBADm96MQkeiAE978JMp4,false
532,e6-lifecycle-20260706T045832.822659423Z-c4-real-task-0086,ipfs_add,true,73,1783313914112,5003,,false
533,e6-lifecycle-20260706T045832.822659423Z-c4-real-task-0086,signed_posttask,true,1,1783313914185,0,QmUfeTTtpRKHWHGYM8kZeEDzEeTVbVYPN8syBVGcicKp1E,false
534,e6-lifecycle-20260706T045832.822659423Z-c4-real-task-0086,signed_postallocation,true,2,1783313914186,0,QmUfeTTtpRKHWHGYM8kZeEDzEeTVbVYPN8syBVGcicKp1E,false
535,e6-lifecycle-20260706T045832.822659423Z-c4-real-task-0086,signed_post_evalsnapshot,true,2,1783313914188,0,QmUfeTTtpRKHWHGYM8kZeEDzEeTVbVYPN8syBVGcicKp1E,false
536,e6-lifecycle-20260706T045832.822659423Z-c4-real-task-0086,signed_vote1,true,1,1783313914190,0,QmUfeTTtpRKHWHGYM8kZeEDzEeTVbVYPN8syBVGcicKp1E,false
537,e6-lifecycle-20260706T045832.822659423Z-c4-real-task-0086,signed_vote2,true,2,1783313914191,0,QmUfeTTtpRKHWHGYM8kZeEDzEeTVbVYPN8syBVGcicKp1E,false
538,e6-lifecycle-20260706T045832.822659423Z-c4-real-task-0086,signed_settlement,true,3,1783313914193,0,QmUfeTTtpRKHWHGYM8kZeEDzEeTVbVYPN8syBVGcicKp1E,false
539,e6-lifecycle-20260706T045832.822659423Z-c4-real-task-0086,signed_query_latest,true,0,1783313914196,0,QmUfeTTtpRKHWHGYM8kZeEDzEeTVbVYPN8syBVGcicKp1E,false
540,e6-lifecycle-20260706T045832.822659423Z-c4-real-task-0086,ipfs_verify,true,9,1783313914196,0,QmUfeTTtpRKHWHGYM8kZeEDzEeTVbVYPN8syBVGcicKp1E,false
541,e6-lifecycle-20260706T045832.822659423Z-c4-real-task-0087,ipfs_add,true,81,1783313914134,2524,,false
542,e6-lifecycle-20260706T045832.822659423Z-c4-real-task-0087,signed_posttask,true,2,1783313914215,0,QmaCUtHjnRyELCqbtZ1neE9rfnPpeXAWptbrgpbTV3gGcj,false
543,e6-lifecycle-20260706T045832.822659423Z-c4-real-task-0087,signed_postallocation,true,2,1783313914217,0,QmaCUtHjnRyELCqbtZ1neE9rfnPpeXAWptbrgpbTV3gGcj,false
544,e6-lifecycle-20260706T045832.822659423Z-c4-real-task-0087,signed_post_evalsnapshot,true,1,1783313914219,0,QmaCUtHjnRyELCqbtZ1neE9rfnPpeXAWptbrgpbTV3gGcj,false
545,e6-lifecycle-20260706T045832.822659423Z-c4-real-task-0087,signed_vote1,true,2,1783313914220,0,QmaCUtHjnRyELCqbtZ1neE9rfnPpeXAWptbrgpbTV3gGcj,false
546,e6-lifecycle-20260706T045832.822659423Z-c4-real-task-0087,signed_vote2,true,2,1783313914222,0,QmaCUtHjnRyELCqbtZ1neE9rfnPpeXAWptbrgpbTV3gGcj,false
547,e6-lifecycle-20260706T045832.822659423Z-c4-real-task-0087,signed_settlement,true,3,1783313914224,0,QmaCUtHjnRyELCqbtZ1neE9rfnPpeXAWptbrgpbTV3gGcj,false
548,e6-lifecycle-20260706T045832.822659423Z-c4-real-task-0087,signed_query_latest,true,0,1783313914227,0,QmaCUtHjnRyELCqbtZ1neE9rfnPpeXAWptbrgpbTV3gGcj,false
549,e6-lifecycle-20260706T045832.822659423Z-c4-real-task-0087,ipfs_verify,true,10,1783313914227,0,QmaCUtHjnRyELCqbtZ1neE9rfnPpeXAWptbrgpbTV3gGcj,false
550,e6-lifecycle-20260706T045832.822659423Z-c4-real-task-0088,ipfs_add,true,90,1783313914157,6313,,false
551,e6-lifecycle-20260706T045832.822659423Z-c4-real-task-0088,signed_posttask,true,2,1783313914247,0,QmUQTJ8LNhjew8dD5w4F6KUYvuRCsc5Joz6Pxfc2Ykcf3n,false
552,e6-lifecycle-20260706T045832.822659423Z-c4-real-task-0088,signed_postallocation,true,2,1783313914249,0,QmUQTJ8LNhjew8dD5w4F6KUYvuRCsc5Joz6Pxfc2Ykcf3n,false
553,e6-lifecycle-20260706T045832.822659423Z-c4-real-task-0088,signed_post_evalsnapshot,true,3,1783313914251,0,QmUQTJ8LNhjew8dD5w4F6KUYvuRCsc5Joz6Pxfc2Ykcf3n,false
554,e6-lifecycle-20260706T045832.822659423Z-c4-real-task-0088,signed_vote1,true,1,1783313914254,0,QmUQTJ8LNhjew8dD5w4F6KUYvuRCsc5Joz6Pxfc2Ykcf3n,false
555,e6-lifecycle-20260706T045832.822659423Z-c4-real-task-0088,signed_vote2,true,2,1783313914255,0,QmUQTJ8LNhjew8dD5w4F6KUYvuRCsc5Joz6Pxfc2Ykcf3n,false
556,e6-lifecycle-20260706T045832.822659423Z-c4-real-task-0088,signed_settlement,true,2,1783313914257,0,QmUQTJ8LNhjew8dD5w4F6KUYvuRCsc5Joz6Pxfc2Ykcf3n,false
557,e6-lifecycle-20260706T045832.822659423Z-c4-real-task-0088,signed_query_latest,true,0,1783313914259,0,QmUQTJ8LNhjew8dD5w4F6KUYvuRCsc5Joz6Pxfc2Ykcf3n,false
558,e6-lifecycle-20260706T045832.822659423Z-c4-real-task-0088,ipfs_verify,true,9,1783313914259,0,QmUQTJ8LNhjew8dD5w4F6KUYvuRCsc5Joz6Pxfc2Ykcf3n,false
559,e6-lifecycle-20260706T045832.822659423Z-c4-real-task-0090,ipfs_add,true,84,1783313914205,6914,,false
560,e6-lifecycle-20260706T045832.822659423Z-c4-real-task-0090,signed_posttask,true,3,1783313914289,0,QmUFJ4iN46ZdBAqPuKeTPTjzJskJ6t9opLUxf3WHdGBRsp,false
561,e6-lifecycle-20260706T045832.822659423Z-c4-real-task-0090,signed_postallocation,true,2,1783313914292,0,QmUFJ4iN46ZdBAqPuKeTPTjzJskJ6t9opLUxf3WHdGBRsp,false
562,e6-lifecycle-20260706T045832.822659423Z-c4-real-task-0090,signed_post_evalsnapshot,true,1,1783313914294,0,QmUFJ4iN46ZdBAqPuKeTPTjzJskJ6t9opLUxf3WHdGBRsp,false
563,e6-lifecycle-20260706T045832.822659423Z-c4-real-task-0090,signed_vote1,true,3,1783313914295,0,QmUFJ4iN46ZdBAqPuKeTPTjzJskJ6t9opLUxf3WHdGBRsp,false
564,e6-lifecycle-20260706T045832.822659423Z-c4-real-task-0090,signed_vote2,true,2,1783313914298,0,QmUFJ4iN46ZdBAqPuKeTPTjzJskJ6t9opLUxf3WHdGBRsp,false
565,e6-lifecycle-20260706T045832.822659423Z-c4-real-task-0090,signed_settlement,true,2,1783313914300,0,QmUFJ4iN46ZdBAqPuKeTPTjzJskJ6t9opLUxf3WHdGBRsp,false
566,e6-lifecycle-20260706T045832.822659423Z-c4-real-task-0090,signed_query_latest,true,0,1783313914302,0,QmUFJ4iN46ZdBAqPuKeTPTjzJskJ6t9opLUxf3WHdGBRsp,false
567,e6-lifecycle-20260706T045832.822659423Z-c4-real-task-0090,ipfs_verify,true,8,1783313914302,0,QmUFJ4iN46ZdBAqPuKeTPTjzJskJ6t9opLUxf3WHdGBRsp,false
568,e6-lifecycle-20260706T045832.822659423Z-c4-real-task-0091,ipfs_add,true,77,1783313914237,1951,,false
569,e6-lifecycle-20260706T045832.822659423Z-c4-real-task-0089,ipfs_add,true,132,1783313914182,7941,,false
570,e6-lifecycle-20260706T045832.822659423Z-c4-real-task-0091,signed_posttask,true,6,1783313914314,0,QmYv9mxEgFLjPUKuWCa4UJ2mudHV34x9WAJXvNME9guXYs,false
571,e6-lifecycle-20260706T045832.822659423Z-c4-real-task-0091,signed_postallocation,true,2,1783313914320,0,QmYv9mxEgFLjPUKuWCa4UJ2mudHV34x9WAJXvNME9guXYs,false
572,e6-lifecycle-20260706T045832.822659423Z-c4-real-task-0089,signed_posttask,true,10,1783313914314,0,QmVftiZx5cF23Q6fEY7jKzUu6HRmm42Q1XtHogR3LDyhCd,false
573,e6-lifecycle-20260706T045832.822659423Z-c4-real-task-0089,signed_postallocation,true,1,1783313914324,0,QmVftiZx5cF23Q6fEY7jKzUu6HRmm42Q1XtHogR3LDyhCd,false
574,e6-lifecycle-20260706T045832.822659423Z-c4-real-task-0091,signed_post_evalsnapshot,true,5,1783313914322,0,QmYv9mxEgFLjPUKuWCa4UJ2mudHV34x9WAJXvNME9guXYs,false
575,e6-lifecycle-20260706T045832.822659423Z-c4-real-task-0091,signed_vote1,true,2,1783313914327,0,QmYv9mxEgFLjPUKuWCa4UJ2mudHV34x9WAJXvNME9guXYs,false
576,e6-lifecycle-20260706T045832.822659423Z-c4-real-task-0089,signed_post_evalsnapshot,true,7,1783313914325,0,QmVftiZx5cF23Q6fEY7jKzUu6HRmm42Q1XtHogR3LDyhCd,false
577,e6-lifecycle-20260706T045832.822659423Z-c4-real-task-0089,signed_vote1,true,2,1783313914332,0,QmVftiZx5cF23Q6fEY7jKzUu6HRmm42Q1XtHogR3LDyhCd,false
578,e6-lifecycle-20260706T045832.822659423Z-c4-real-task-0091,signed_vote2,true,11,1783313914329,0,QmYv9mxEgFLjPUKuWCa4UJ2mudHV34x9WAJXvNME9guXYs,false
579,e6-lifecycle-20260706T045832.822659423Z-c4-real-task-0091,signed_settlement,true,2,1783313914340,0,QmYv9mxEgFLjPUKuWCa4UJ2mudHV34x9WAJXvNME9guXYs,false
580,e6-lifecycle-20260706T045832.822659423Z-c4-real-task-0092,ipfs_add,true,76,1783313914268,1493,,false
581,e6-lifecycle-20260706T045832.822659423Z-c4-real-task-0089,signed_vote2,true,10,1783313914334,0,QmVftiZx5cF23Q6fEY7jKzUu6HRmm42Q1XtHogR3LDyhCd,false
582,e6-lifecycle-20260706T045832.822659423Z-c4-real-task-0089,signed_settlement,true,2,1783313914344,0,QmVftiZx5cF23Q6fEY7jKzUu6HRmm42Q1XtHogR3LDyhCd,false
583,e6-lifecycle-20260706T045832.822659423Z-c4-real-task-0091,signed_query_latest,true,4,1783313914342,0,QmYv9mxEgFLjPUKuWCa4UJ2mudHV34x9WAJXvNME9guXYs,false
584,e6-lifecycle-20260706T045832.822659423Z-c4-real-task-0092,signed_posttask,true,3,1783313914344,0,QmXnhuyu5tzEEDxeWhdNGMapRsWVTkNn4G5PkDzHAKVv9Y,false
585,e6-lifecycle-20260706T045832.822659423Z-c4-real-task-0089,signed_query_latest,true,3,1783313914346,0,QmVftiZx5cF23Q6fEY7jKzUu6HRmm42Q1XtHogR3LDyhCd,false
586,e6-lifecycle-20260706T045832.822659423Z-c4-real-task-0092,signed_postallocation,true,3,1783313914347,0,QmXnhuyu5tzEEDxeWhdNGMapRsWVTkNn4G5PkDzHAKVv9Y,false
587,e6-lifecycle-20260706T045832.822659423Z-c4-real-task-0092,signed_post_evalsnapshot,true,2,1783313914350,0,QmXnhuyu5tzEEDxeWhdNGMapRsWVTkNn4G5PkDzHAKVv9Y,false
588,e6-lifecycle-20260706T045832.822659423Z-c4-real-task-0092,signed_vote1,true,3,1783313914352,0,QmXnhuyu5tzEEDxeWhdNGMapRsWVTkNn4G5PkDzHAKVv9Y,false
589,e6-lifecycle-20260706T045832.822659423Z-c4-real-task-0092,signed_vote2,true,2,1783313914355,0,QmXnhuyu5tzEEDxeWhdNGMapRsWVTkNn4G5PkDzHAKVv9Y,false
590,e6-lifecycle-20260706T045832.822659423Z-c4-real-task-0092,signed_settlement,true,2,1783313914357,0,QmXnhuyu5tzEEDxeWhdNGMapRsWVTkNn4G5PkDzHAKVv9Y,false
591,e6-lifecycle-20260706T045832.822659423Z-c4-real-task-0092,signed_query_latest,true,0,1783313914359,0,QmXnhuyu5tzEEDxeWhdNGMapRsWVTkNn4G5PkDzHAKVv9Y,false
592,e6-lifecycle-20260706T045832.822659423Z-c4-real-task-0089,ipfs_verify,true,13,1783313914349,0,QmVftiZx5cF23Q6fEY7jKzUu6HRmm42Q1XtHogR3LDyhCd,false
593,e6-lifecycle-20260706T045832.822659423Z-c4-real-task-0091,ipfs_verify,true,22,1783313914346,0,QmYv9mxEgFLjPUKuWCa4UJ2mudHV34x9WAJXvNME9guXYs,false
594,e6-lifecycle-20260706T045832.822659423Z-c4-real-task-0092,ipfs_verify,true,13,1783313914359,0,QmXnhuyu5tzEEDxeWhdNGMapRsWVTkNn4G5PkDzHAKVv9Y,false
595,e6-lifecycle-20260706T045832.822659423Z-c4-real-task-0093,ipfs_add,true,66,1783313914310,2270,,false
596,e6-lifecycle-20260706T045832.822659423Z-c4-real-task-0093,signed_posttask,true,2,1783313914376,0,QmPvFCcsxh1cDhtjZSsbtn5uF81JA3vawovaWSBsW1MLDC,false
597,e6-lifecycle-20260706T045832.822659423Z-c4-real-task-0093,signed_postallocation,true,2,1783313914378,0,QmPvFCcsxh1cDhtjZSsbtn5uF81JA3vawovaWSBsW1MLDC,false
598,e6-lifecycle-20260706T045832.822659423Z-c4-real-task-0093,signed_post_evalsnapshot,true,1,1783313914380,0,QmPvFCcsxh1cDhtjZSsbtn5uF81JA3vawovaWSBsW1MLDC,false
599,e6-lifecycle-20260706T045832.822659423Z-c4-real-task-0093,signed_vote1,true,3,1783313914381,0,QmPvFCcsxh1cDhtjZSsbtn5uF81JA3vawovaWSBsW1MLDC,false
600,e6-lifecycle-20260706T045832.822659423Z-c4-real-task-0093,signed_vote2,true,2,1783313914384,0,QmPvFCcsxh1cDhtjZSsbtn5uF81JA3vawovaWSBsW1MLDC,false
601,e6-lifecycle-20260706T045832.822659423Z-c4-real-task-0093,signed_settlement,true,2,1783313914386,0,QmPvFCcsxh1cDhtjZSsbtn5uF81JA3vawovaWSBsW1MLDC,false
602,e6-lifecycle-20260706T045832.822659423Z-c4-real-task-0093,signed_query_latest,true,0,1783313914388,0,QmPvFCcsxh1cDhtjZSsbtn5uF81JA3vawovaWSBsW1MLDC,false
603,e6-lifecycle-20260706T045832.822659423Z-c4-real-task-0093,ipfs_verify,true,10,1783313914388,0,QmPvFCcsxh1cDhtjZSsbtn5uF81JA3vawovaWSBsW1MLDC,false
604,e6-lifecycle-20260706T045832.822659423Z-c4-real-task-0094,ipfs_add,true,56,1783313914363,1639,,false
605,e6-lifecycle-20260706T045832.822659423Z-c4-real-task-0094,signed_posttask,true,3,1783313914419,0,Qmcoy7jVpQZts4qfhnY3Dq68TwHxh42aM1HD89yiYyLqXr,false
606,e6-lifecycle-20260706T045832.822659423Z-c4-real-task-0094,signed_postallocation,true,2,1783313914422,0,Qmcoy7jVpQZts4qfhnY3Dq68TwHxh42aM1HD89yiYyLqXr,false
607,e6-lifecycle-20260706T045832.822659423Z-c4-real-task-0094,signed_post_evalsnapshot,true,1,1783313914424,0,Qmcoy7jVpQZts4qfhnY3Dq68TwHxh42aM1HD89yiYyLqXr,false
608,e6-lifecycle-20260706T045832.822659423Z-c4-real-task-0094,signed_vote1,true,2,1783313914425,0,Qmcoy7jVpQZts4qfhnY3Dq68TwHxh42aM1HD89yiYyLqXr,false
609,e6-lifecycle-20260706T045832.822659423Z-c4-real-task-0094,signed_vote2,true,2,1783313914427,0,Qmcoy7jVpQZts4qfhnY3Dq68TwHxh42aM1HD89yiYyLqXr,false
610,e6-lifecycle-20260706T045832.822659423Z-c4-real-task-0094,signed_settlement,true,1,1783313914429,0,Qmcoy7jVpQZts4qfhnY3Dq68TwHxh42aM1HD89yiYyLqXr,false
611,e6-lifecycle-20260706T045832.822659423Z-c4-real-task-0094,signed_query_latest,true,0,1783313914430,0,Qmcoy7jVpQZts4qfhnY3Dq68TwHxh42aM1HD89yiYyLqXr,false
612,e6-lifecycle-20260706T045832.822659423Z-c4-real-task-0094,ipfs_verify,true,10,1783313914430,0,Qmcoy7jVpQZts4qfhnY3Dq68TwHxh42aM1HD89yiYyLqXr,false
613,e6-lifecycle-20260706T045832.822659423Z-c4-real-task-0096,ipfs_add,true,81,1783313914372,2843,,false
614,e6-lifecycle-20260706T045832.822659423Z-c4-real-task-0096,signed_posttask,true,3,1783313914453,0,QmXpJ5kFWD2okXAFe7urToABtqXCCNvN8itRWAGfao9xTz,false
615,e6-lifecycle-20260706T045832.822659423Z-c4-real-task-0096,signed_postallocation,true,1,1783313914456,0,QmXpJ5kFWD2okXAFe7urToABtqXCCNvN8itRWAGfao9xTz,false
616,e6-lifecycle-20260706T045832.822659423Z-c4-real-task-0096,signed_post_evalsnapshot,true,2,1783313914457,0,QmXpJ5kFWD2okXAFe7urToABtqXCCNvN8itRWAGfao9xTz,false
617,e6-lifecycle-20260706T045832.822659423Z-c4-real-task-0096,signed_vote1,true,2,1783313914459,0,QmXpJ5kFWD2okXAFe7urToABtqXCCNvN8itRWAGfao9xTz,false
618,e6-lifecycle-20260706T045832.822659423Z-c4-real-task-0096,signed_vote2,true,2,1783313914461,0,QmXpJ5kFWD2okXAFe7urToABtqXCCNvN8itRWAGfao9xTz,false
619,e6-lifecycle-20260706T045832.822659423Z-c4-real-task-0096,signed_settlement,true,1,1783313914463,0,QmXpJ5kFWD2okXAFe7urToABtqXCCNvN8itRWAGfao9xTz,false
620,e6-lifecycle-20260706T045832.822659423Z-c4-real-task-0096,signed_query_latest,true,0,1783313914464,0,QmXpJ5kFWD2okXAFe7urToABtqXCCNvN8itRWAGfao9xTz,false
621,e6-lifecycle-20260706T045832.822659423Z-c4-real-task-0096,ipfs_verify,true,10,1783313914464,0,QmXpJ5kFWD2okXAFe7urToABtqXCCNvN8itRWAGfao9xTz,false
622,e6-lifecycle-20260706T045832.822659423Z-c4-real-task-0095,ipfs_add,true,109,1783313914368,1666,,false
623,e6-lifecycle-20260706T045832.822659423Z-c4-real-task-0095,signed_posttask,true,2,1783313914477,0,QmdSd9pjj1twsznRx6uZJeXFdtGiEY3Nn6QmQrPgRMBbaZ,false
624,e6-lifecycle-20260706T045832.822659423Z-c4-real-task-0095,signed_postallocation,true,2,1783313914479,0,QmdSd9pjj1twsznRx6uZJeXFdtGiEY3Nn6QmQrPgRMBbaZ,false
625,e6-lifecycle-20260706T045832.822659423Z-c4-real-task-0095,signed_post_evalsnapshot,true,2,1783313914481,0,QmdSd9pjj1twsznRx6uZJeXFdtGiEY3Nn6QmQrPgRMBbaZ,false
626,e6-lifecycle-20260706T045832.822659423Z-c4-real-task-0095,signed_vote1,true,2,1783313914483,0,QmdSd9pjj1twsznRx6uZJeXFdtGiEY3Nn6QmQrPgRMBbaZ,false
627,e6-lifecycle-20260706T045832.822659423Z-c4-real-task-0095,signed_vote2,true,2,1783313914485,0,QmdSd9pjj1twsznRx6uZJeXFdtGiEY3Nn6QmQrPgRMBbaZ,false
628,e6-lifecycle-20260706T045832.822659423Z-c4-real-task-0095,signed_settlement,true,2,1783313914487,0,QmdSd9pjj1twsznRx6uZJeXFdtGiEY3Nn6QmQrPgRMBbaZ,false
629,e6-lifecycle-20260706T045832.822659423Z-c4-real-task-0095,signed_query_latest,true,0,1783313914489,0,QmdSd9pjj1twsznRx6uZJeXFdtGiEY3Nn6QmQrPgRMBbaZ,false
630,e6-lifecycle-20260706T045832.822659423Z-c4-real-task-0095,ipfs_verify,true,9,1783313914489,0,QmdSd9pjj1twsznRx6uZJeXFdtGiEY3Nn6QmQrPgRMBbaZ,false
631,e6-lifecycle-20260706T045832.822659423Z-c4-real-task-0097,ipfs_add,true,100,1783313914398,1649,,false
632,e6-lifecycle-20260706T045832.822659423Z-c4-real-task-0097,signed_posttask,true,1,1783313914499,0,QmNX4bEbwRABibt5cFrusp6rKpTF22Q825H2qa5P9Az1hz,false
633,e6-lifecycle-20260706T045832.822659423Z-c4-real-task-0097,signed_postallocation,true,2,1783313914500,0,QmNX4bEbwRABibt5cFrusp6rKpTF22Q825H2qa5P9Az1hz,false
634,e6-lifecycle-20260706T045832.822659423Z-c4-real-task-0097,signed_post_evalsnapshot,true,2,1783313914502,0,QmNX4bEbwRABibt5cFrusp6rKpTF22Q825H2qa5P9Az1hz,false
635,e6-lifecycle-20260706T045832.822659423Z-c4-real-task-0097,signed_vote1,true,2,1783313914504,0,QmNX4bEbwRABibt5cFrusp6rKpTF22Q825H2qa5P9Az1hz,false
636,e6-lifecycle-20260706T045832.822659423Z-c4-real-task-0097,signed_vote2,true,2,1783313914506,0,QmNX4bEbwRABibt5cFrusp6rKpTF22Q825H2qa5P9Az1hz,false
637,e6-lifecycle-20260706T045832.822659423Z-c4-real-task-0097,signed_settlement,true,3,1783313914508,0,QmNX4bEbwRABibt5cFrusp6rKpTF22Q825H2qa5P9Az1hz,false
638,e6-lifecycle-20260706T045832.822659423Z-c4-real-task-0097,signed_query_latest,true,0,1783313914511,0,QmNX4bEbwRABibt5cFrusp6rKpTF22Q825H2qa5P9Az1hz,false
639,e6-lifecycle-20260706T045832.822659423Z-c4-real-task-0098,ipfs_add,true,83,1783313914440,3590,,false
640,e6-lifecycle-20260706T045832.822659423Z-c4-real-task-0097,ipfs_verify,true,13,1783313914511,0,QmNX4bEbwRABibt5cFrusp6rKpTF22Q825H2qa5P9Az1hz,false
641,e6-lifecycle-20260706T045832.822659423Z-c4-real-task-0098,signed_posttask,true,2,1783313914523,0,QmZoaRAf2gEWbEjnaUCHcSduuDsYzeHrLqzszhQ2ULKfVV,false
642,e6-lifecycle-20260706T045832.822659423Z-c4-real-task-0098,signed_postallocation,true,2,1783313914525,0,QmZoaRAf2gEWbEjnaUCHcSduuDsYzeHrLqzszhQ2ULKfVV,false
643,e6-lifecycle-20260706T045832.822659423Z-c4-real-task-0098,signed_post_evalsnapshot,true,1,1783313914527,0,QmZoaRAf2gEWbEjnaUCHcSduuDsYzeHrLqzszhQ2ULKfVV,false
644,e6-lifecycle-20260706T045832.822659423Z-c4-real-task-0098,signed_vote1,true,2,1783313914528,0,QmZoaRAf2gEWbEjnaUCHcSduuDsYzeHrLqzszhQ2ULKfVV,false
645,e6-lifecycle-20260706T045832.822659423Z-c4-real-task-0098,signed_vote2,true,2,1783313914530,0,QmZoaRAf2gEWbEjnaUCHcSduuDsYzeHrLqzszhQ2ULKfVV,false
646,e6-lifecycle-20260706T045832.822659423Z-c4-real-task-0098,signed_settlement,true,2,1783313914532,0,QmZoaRAf2gEWbEjnaUCHcSduuDsYzeHrLqzszhQ2ULKfVV,false
647,e6-lifecycle-20260706T045832.822659423Z-c4-real-task-0098,signed_query_latest,true,0,1783313914534,0,QmZoaRAf2gEWbEjnaUCHcSduuDsYzeHrLqzszhQ2ULKfVV,false
648,e6-lifecycle-20260706T045832.822659423Z-c4-real-task-0098,ipfs_verify,true,10,1783313914534,0,QmZoaRAf2gEWbEjnaUCHcSduuDsYzeHrLqzszhQ2ULKfVV,false
649,e6-lifecycle-20260706T045832.822659423Z-c4-real-task-0099,ipfs_add,true,70,1783313914474,3207,,false
650,e6-lifecycle-20260706T045832.822659423Z-c4-real-task-0099,signed_posttask,true,2,1783313914544,0,QmUeEY5ZMsLVq5hCKHXEbov76UeSbY3avaFYh4SXuXhhrw,false
651,e6-lifecycle-20260706T045832.822659423Z-c4-real-task-0099,signed_postallocation,true,3,1783313914546,0,QmUeEY5ZMsLVq5hCKHXEbov76UeSbY3avaFYh4SXuXhhrw,false
652,e6-lifecycle-20260706T045832.822659423Z-c4-real-task-0099,signed_post_evalsnapshot,true,2,1783313914549,0,QmUeEY5ZMsLVq5hCKHXEbov76UeSbY3avaFYh4SXuXhhrw,false
653,e6-lifecycle-20260706T045832.822659423Z-c4-real-task-0099,signed_vote1,true,1,1783313914551,0,QmUeEY5ZMsLVq5hCKHXEbov76UeSbY3avaFYh4SXuXhhrw,false
654,e6-lifecycle-20260706T045832.822659423Z-c4-real-task-0099,signed_vote2,true,2,1783313914552,0,QmUeEY5ZMsLVq5hCKHXEbov76UeSbY3avaFYh4SXuXhhrw,false
655,e6-lifecycle-20260706T045832.822659423Z-c4-real-task-0099,signed_settlement,true,2,1783313914554,0,QmUeEY5ZMsLVq5hCKHXEbov76UeSbY3avaFYh4SXuXhhrw,false
656,e6-lifecycle-20260706T045832.822659423Z-c4-real-task-0099,signed_query_latest,true,0,1783313914556,0,QmUeEY5ZMsLVq5hCKHXEbov76UeSbY3avaFYh4SXuXhhrw,false
657,e6-lifecycle-20260706T045832.822659423Z-c4-real-task-0099,ipfs_verify,true,9,1783313914556,0,QmUeEY5ZMsLVq5hCKHXEbov76UeSbY3avaFYh4SXuXhhrw,false
658,e6-lifecycle-20260706T045832.822659423Z-c4-real-task-0100,ipfs_add,true,68,1783313914498,2945,,false
659,e6-lifecycle-20260706T045832.822659423Z-c4-real-task-0100,signed_posttask,true,3,1783313914566,0,QmYqpkcYraZDtetSGERMQ5ScFL6z1t9K48g7RtKw5Tvbyw,false
660,e6-lifecycle-20260706T045832.822659423Z-c4-real-task-0100,signed_postallocation,true,1,1783313914569,0,QmYqpkcYraZDtetSGERMQ5ScFL6z1t9K48g7RtKw5Tvbyw,false
661,e6-lifecycle-20260706T045832.822659423Z-c4-real-task-0100,signed_post_evalsnapshot,true,2,1783313914570,0,QmYqpkcYraZDtetSGERMQ5ScFL6z1t9K48g7RtKw5Tvbyw,false
662,e6-lifecycle-20260706T045832.822659423Z-c4-real-task-0100,signed_vote1,true,3,1783313914572,0,QmYqpkcYraZDtetSGERMQ5ScFL6z1t9K48g7RtKw5Tvbyw,false
663,e6-lifecycle-20260706T045832.822659423Z-c4-real-task-0100,signed_vote2,true,3,1783313914575,0,QmYqpkcYraZDtetSGERMQ5ScFL6z1t9K48g7RtKw5Tvbyw,false
664,e6-lifecycle-20260706T045832.822659423Z-c4-real-task-0100,signed_settlement,true,1,1783313914578,0,QmYqpkcYraZDtetSGERMQ5ScFL6z1t9K48g7RtKw5Tvbyw,false
665,e6-lifecycle-20260706T045832.822659423Z-c4-real-task-0100,signed_query_latest,true,0,1783313914579,0,QmYqpkcYraZDtetSGERMQ5ScFL6z1t9K48g7RtKw5Tvbyw,false
666,e6-lifecycle-20260706T045832.822659423Z-c4-real-task-0100,ipfs_verify,true,12,1783313914579,0,QmYqpkcYraZDtetSGERMQ5ScFL6z1t9K48g7RtKw5Tvbyw,false
667,e6-lifecycle-20260706T045832.822659423Z-c4-real-task-0101,ipfs_add,true,68,1783313914524,1874,,false
668,e6-lifecycle-20260706T045832.822659423Z-c4-real-task-0101,signed_posttask,true,7,1783313914592,0,QmcEMDBTMAr7MFk4NRejhz1qsW7piumtRhyZgqaAVxpA1P,false
669,e6-lifecycle-20260706T045832.822659423Z-c4-real-task-0101,signed_postallocation,true,2,1783313914599,0,QmcEMDBTMAr7MFk4NRejhz1qsW7piumtRhyZgqaAVxpA1P,false
670,e6-lifecycle-20260706T045832.822659423Z-c4-real-task-0101,signed_post_evalsnapshot,true,2,1783313914601,0,QmcEMDBTMAr7MFk4NRejhz1qsW7piumtRhyZgqaAVxpA1P,false
671,e6-lifecycle-20260706T045832.822659423Z-c4-real-task-0101,signed_vote1,true,1,1783313914603,0,QmcEMDBTMAr7MFk4NRejhz1qsW7piumtRhyZgqaAVxpA1P,false
672,e6-lifecycle-20260706T045832.822659423Z-c4-real-task-0101,signed_vote2,true,2,1783313914604,0,QmcEMDBTMAr7MFk4NRejhz1qsW7piumtRhyZgqaAVxpA1P,false
673,e6-lifecycle-20260706T045832.822659423Z-c4-real-task-0101,signed_settlement,true,2,1783313914606,0,QmcEMDBTMAr7MFk4NRejhz1qsW7piumtRhyZgqaAVxpA1P,false
674,e6-lifecycle-20260706T045832.822659423Z-c4-real-task-0101,signed_query_latest,true,0,1783313914608,0,QmcEMDBTMAr7MFk4NRejhz1qsW7piumtRhyZgqaAVxpA1P,false
675,e6-lifecycle-20260706T045832.822659423Z-c4-real-task-0101,ipfs_verify,true,11,1783313914608,0,QmcEMDBTMAr7MFk4NRejhz1qsW7piumtRhyZgqaAVxpA1P,false
676,e6-lifecycle-20260706T045832.822659423Z-c4-real-task-0102,ipfs_add,true,79,1783313914544,4429,,false
677,e6-lifecycle-20260706T045832.822659423Z-c4-real-task-0102,signed_posttask,true,3,1783313914623,0,QmNZpWPb8zZGufRx9cTAqzT38jqs3J5Nju6aTffMo2mWMM,false
678,e6-lifecycle-20260706T045832.822659423Z-c4-real-task-0102,signed_postallocation,true,2,1783313914626,0,QmNZpWPb8zZGufRx9cTAqzT38jqs3J5Nju6aTffMo2mWMM,false
679,e6-lifecycle-20260706T045832.822659423Z-c4-real-task-0102,signed_post_evalsnapshot,true,2,1783313914628,0,QmNZpWPb8zZGufRx9cTAqzT38jqs3J5Nju6aTffMo2mWMM,false
680,e6-lifecycle-20260706T045832.822659423Z-c4-real-task-0102,signed_vote1,true,2,1783313914630,0,QmNZpWPb8zZGufRx9cTAqzT38jqs3J5Nju6aTffMo2mWMM,false
681,e6-lifecycle-20260706T045832.822659423Z-c4-real-task-0102,signed_vote2,true,3,1783313914632,0,QmNZpWPb8zZGufRx9cTAqzT38jqs3J5Nju6aTffMo2mWMM,false
682,e6-lifecycle-20260706T045832.822659423Z-c4-real-task-0102,signed_settlement,true,2,1783313914635,0,QmNZpWPb8zZGufRx9cTAqzT38jqs3J5Nju6aTffMo2mWMM,false
683,e6-lifecycle-20260706T045832.822659423Z-c4-real-task-0102,signed_query_latest,true,0,1783313914637,0,QmNZpWPb8zZGufRx9cTAqzT38jqs3J5Nju6aTffMo2mWMM,false
684,e6-lifecycle-20260706T045832.822659423Z-c4-real-task-0103,ipfs_add,true,81,1783313914565,3139,,false
685,e6-lifecycle-20260706T045832.822659423Z-c4-real-task-0102,ipfs_verify,true,10,1783313914637,0,QmNZpWPb8zZGufRx9cTAqzT38jqs3J5Nju6aTffMo2mWMM,false
686,e6-lifecycle-20260706T045832.822659423Z-c4-real-task-0103,signed_posttask,true,2,1783313914646,0,Qmc4xnckxk7qCTpwS2dEmtXtCM97x5nt65Euz3m5frq31g,false
687,e6-lifecycle-20260706T045832.822659423Z-c4-real-task-0103,signed_postallocation,true,2,1783313914648,0,Qmc4xnckxk7qCTpwS2dEmtXtCM97x5nt65Euz3m5frq31g,false
688,e6-lifecycle-20260706T045832.822659423Z-c4-real-task-0103,signed_post_evalsnapshot,true,1,1783313914650,0,Qmc4xnckxk7qCTpwS2dEmtXtCM97x5nt65Euz3m5frq31g,false
689,e6-lifecycle-20260706T045832.822659423Z-c4-real-task-0103,signed_vote1,true,2,1783313914651,0,Qmc4xnckxk7qCTpwS2dEmtXtCM97x5nt65Euz3m5frq31g,false
690,e6-lifecycle-20260706T045832.822659423Z-c4-real-task-0103,signed_vote2,true,2,1783313914653,0,Qmc4xnckxk7qCTpwS2dEmtXtCM97x5nt65Euz3m5frq31g,false
691,e6-lifecycle-20260706T045832.822659423Z-c4-real-task-0103,signed_settlement,true,2,1783313914655,0,Qmc4xnckxk7qCTpwS2dEmtXtCM97x5nt65Euz3m5frq31g,false
692,e6-lifecycle-20260706T045832.822659423Z-c4-real-task-0103,signed_query_latest,true,0,1783313914657,0,Qmc4xnckxk7qCTpwS2dEmtXtCM97x5nt65Euz3m5frq31g,false
693,e6-lifecycle-20260706T045832.822659423Z-c4-real-task-0103,ipfs_verify,true,13,1783313914657,0,Qmc4xnckxk7qCTpwS2dEmtXtCM97x5nt65Euz3m5frq31g,false
694,e6-lifecycle-20260706T045832.822659423Z-c4-real-task-0104,ipfs_add,true,120,1783313914591,2386,,false
695,e6-lifecycle-20260706T045832.822659423Z-c4-real-task-0104,signed_posttask,true,4,1783313914711,0,Qme3dLUfvZ5b63FixxsTuqwxwjVCFs2b8ADm8Kvk2U2qwP,false
696,e6-lifecycle-20260706T045832.822659423Z-c4-real-task-0104,signed_postallocation,true,2,1783313914715,0,Qme3dLUfvZ5b63FixxsTuqwxwjVCFs2b8ADm8Kvk2U2qwP,false
697,e6-lifecycle-20260706T045832.822659423Z-c4-real-task-0104,signed_post_evalsnapshot,true,4,1783313914717,0,Qme3dLUfvZ5b63FixxsTuqwxwjVCFs2b8ADm8Kvk2U2qwP,false
698,e6-lifecycle-20260706T045832.822659423Z-c4-real-task-0104,signed_vote1,true,2,1783313914721,0,Qme3dLUfvZ5b63FixxsTuqwxwjVCFs2b8ADm8Kvk2U2qwP,false
699,e6-lifecycle-20260706T045832.822659423Z-c4-real-task-0104,signed_vote2,true,2,1783313914723,0,Qme3dLUfvZ5b63FixxsTuqwxwjVCFs2b8ADm8Kvk2U2qwP,false
700,e6-lifecycle-20260706T045832.822659423Z-c4-real-task-0104,signed_settlement,true,1,1783313914725,0,Qme3dLUfvZ5b63FixxsTuqwxwjVCFs2b8ADm8Kvk2U2qwP,false
701,e6-lifecycle-20260706T045832.822659423Z-c4-real-task-0104,signed_query_latest,true,0,1783313914726,0,Qme3dLUfvZ5b63FixxsTuqwxwjVCFs2b8ADm8Kvk2U2qwP,false
702,e6-lifecycle-20260706T045832.822659423Z-c4-real-task-0104,ipfs_verify,true,14,1783313914726,0,Qme3dLUfvZ5b63FixxsTuqwxwjVCFs2b8ADm8Kvk2U2qwP,false
703,e6-lifecycle-20260706T045832.822659423Z-c4-real-task-0105,ipfs_add,true,132,1783313914619,1811,,false
704,e6-lifecycle-20260706T045832.822659423Z-c4-real-task-0105,signed_posttask,true,2,1783313914751,0,QmeCN824YLFxhs6KPZdvcJ1YLRBL2KDGosFsYoMEvLrqvu,false
705,e6-lifecycle-20260706T045832.822659423Z-c4-real-task-0105,signed_postallocation,true,1,1783313914753,0,QmeCN824YLFxhs6KPZdvcJ1YLRBL2KDGosFsYoMEvLrqvu,false
706,e6-lifecycle-20260706T045832.822659423Z-c4-real-task-0105,signed_post_evalsnapshot,true,2,1783313914754,0,QmeCN824YLFxhs6KPZdvcJ1YLRBL2KDGosFsYoMEvLrqvu,false
707,e6-lifecycle-20260706T045832.822659423Z-c4-real-task-0105,signed_vote1,true,1,1783313914756,0,QmeCN824YLFxhs6KPZdvcJ1YLRBL2KDGosFsYoMEvLrqvu,false
708,e6-lifecycle-20260706T045832.822659423Z-c4-real-task-0105,signed_vote2,true,2,1783313914757,0,QmeCN824YLFxhs6KPZdvcJ1YLRBL2KDGosFsYoMEvLrqvu,false
709,e6-lifecycle-20260706T045832.822659423Z-c4-real-task-0105,signed_settlement,true,4,1783313914759,0,QmeCN824YLFxhs6KPZdvcJ1YLRBL2KDGosFsYoMEvLrqvu,false
710,e6-lifecycle-20260706T045832.822659423Z-c4-real-task-0105,signed_query_latest,true,0,1783313914763,0,QmeCN824YLFxhs6KPZdvcJ1YLRBL2KDGosFsYoMEvLrqvu,false
711,e6-lifecycle-20260706T045832.822659423Z-c4-real-task-0105,ipfs_verify,true,15,1783313914763,0,QmeCN824YLFxhs6KPZdvcJ1YLRBL2KDGosFsYoMEvLrqvu,false
712,e6-lifecycle-20260706T045832.822659423Z-c4-real-task-0106,ipfs_add,true,200,1783313914647,2561,,false
713,e6-lifecycle-20260706T045832.822659423Z-c4-real-task-0106,signed_posttask,true,4,1783313914847,0,QmQpT2pSYN1xnsKEAYYzR7wpihutiAWCLX46Wag6nTE83B,false
714,e6-lifecycle-20260706T045832.822659423Z-c4-real-task-0106,signed_postallocation,true,3,1783313914851,0,QmQpT2pSYN1xnsKEAYYzR7wpihutiAWCLX46Wag6nTE83B,false
715,e6-lifecycle-20260706T045832.822659423Z-c4-real-task-0106,signed_post_evalsnapshot,true,2,1783313914854,0,QmQpT2pSYN1xnsKEAYYzR7wpihutiAWCLX46Wag6nTE83B,false
716,e6-lifecycle-20260706T045832.822659423Z-c4-real-task-0106,signed_vote1,true,1,1783313914856,0,QmQpT2pSYN1xnsKEAYYzR7wpihutiAWCLX46Wag6nTE83B,false
717,e6-lifecycle-20260706T045832.822659423Z-c4-real-task-0106,signed_vote2,true,2,1783313914857,0,QmQpT2pSYN1xnsKEAYYzR7wpihutiAWCLX46Wag6nTE83B,false
718,e6-lifecycle-20260706T045832.822659423Z-c4-real-task-0106,signed_settlement,true,3,1783313914859,0,QmQpT2pSYN1xnsKEAYYzR7wpihutiAWCLX46Wag6nTE83B,false
719,e6-lifecycle-20260706T045832.822659423Z-c4-real-task-0106,signed_query_latest,true,0,1783313914862,0,QmQpT2pSYN1xnsKEAYYzR7wpihutiAWCLX46Wag6nTE83B,false
720,e6-lifecycle-20260706T045832.822659423Z-c4-real-task-0106,ipfs_verify,true,23,1783313914862,0,QmQpT2pSYN1xnsKEAYYzR7wpihutiAWCLX46Wag6nTE83B,false
721,e6-lifecycle-20260706T045832.822659423Z-c4-real-task-0107,ipfs_add,true,289,1783313914670,1574,,false
722,e6-lifecycle-20260706T045832.822659423Z-c4-real-task-0107,signed_posttask,true,3,1783313914959,0,QmRupjhdCiNmsSv9JCRZ7Adv2HjXu13WhkMdY6ZAUYj3p5,false
723,e6-lifecycle-20260706T045832.822659423Z-c4-real-task-0107,signed_postallocation,true,3,1783313914962,0,QmRupjhdCiNmsSv9JCRZ7Adv2HjXu13WhkMdY6ZAUYj3p5,false
724,e6-lifecycle-20260706T045832.822659423Z-c4-real-task-0107,signed_post_evalsnapshot,true,2,1783313914965,0,QmRupjhdCiNmsSv9JCRZ7Adv2HjXu13WhkMdY6ZAUYj3p5,false
725,e6-lifecycle-20260706T045832.822659423Z-c4-real-task-0107,signed_vote1,true,2,1783313914967,0,QmRupjhdCiNmsSv9JCRZ7Adv2HjXu13WhkMdY6ZAUYj3p5,false
726,e6-lifecycle-20260706T045832.822659423Z-c4-real-task-0107,signed_vote2,true,2,1783313914969,0,QmRupjhdCiNmsSv9JCRZ7Adv2HjXu13WhkMdY6ZAUYj3p5,false
727,e6-lifecycle-20260706T045832.822659423Z-c4-real-task-0107,signed_settlement,true,2,1783313914971,0,QmRupjhdCiNmsSv9JCRZ7Adv2HjXu13WhkMdY6ZAUYj3p5,false
728,e6-lifecycle-20260706T045832.822659423Z-c4-real-task-0107,signed_query_latest,true,0,1783313914973,0,QmRupjhdCiNmsSv9JCRZ7Adv2HjXu13WhkMdY6ZAUYj3p5,false
729,e6-lifecycle-20260706T045832.822659423Z-c4-real-task-0107,ipfs_verify,true,10,1783313914973,0,QmRupjhdCiNmsSv9JCRZ7Adv2HjXu13WhkMdY6ZAUYj3p5,false
730,e6-lifecycle-20260706T045832.822659423Z-c4-real-task-0108,ipfs_add,true,248,1783313914740,1359,,false
731,e6-lifecycle-20260706T045832.822659423Z-c4-real-task-0108,signed_posttask,true,2,1783313914988,0,QmZZqy6hSeEaVGJcieqsrZVeztXme75mBRRsw2ZBiEVxze,false
732,e6-lifecycle-20260706T045832.822659423Z-c4-real-task-0108,signed_postallocation,true,8,1783313914990,0,QmZZqy6hSeEaVGJcieqsrZVeztXme75mBRRsw2ZBiEVxze,false
733,e6-lifecycle-20260706T045832.822659423Z-c4-real-task-0108,signed_post_evalsnapshot,true,12,1783313914998,0,QmZZqy6hSeEaVGJcieqsrZVeztXme75mBRRsw2ZBiEVxze,false
734,e6-lifecycle-20260706T045832.822659423Z-c4-real-task-0108,signed_vote1,true,2,1783313915010,0,QmZZqy6hSeEaVGJcieqsrZVeztXme75mBRRsw2ZBiEVxze,false
735,e6-lifecycle-20260706T045832.822659423Z-c4-real-task-0108,signed_vote2,true,3,1783313915012,0,QmZZqy6hSeEaVGJcieqsrZVeztXme75mBRRsw2ZBiEVxze,false
736,e6-lifecycle-20260706T045832.822659423Z-c4-real-task-0108,signed_settlement,true,2,1783313915015,0,QmZZqy6hSeEaVGJcieqsrZVeztXme75mBRRsw2ZBiEVxze,false
737,e6-lifecycle-20260706T045832.822659423Z-c4-real-task-0108,signed_query_latest,true,0,1783313915017,0,QmZZqy6hSeEaVGJcieqsrZVeztXme75mBRRsw2ZBiEVxze,false
738,e6-lifecycle-20260706T045832.822659423Z-c4-real-task-0108,ipfs_verify,true,12,1783313915017,0,QmZZqy6hSeEaVGJcieqsrZVeztXme75mBRRsw2ZBiEVxze,false
739,e6-lifecycle-20260706T045832.822659423Z-c4-real-task-0109,ipfs_add,true,263,1783313914778,1914,,false
740,e6-lifecycle-20260706T045832.822659423Z-c4-real-task-0109,signed_posttask,true,10,1783313915041,0,QmPEDBMMbuCpx7HLnDJ23QuLxzYuyd7P4wwLKNZcfCQeou,false
741,e6-lifecycle-20260706T045832.822659423Z-c4-real-task-0109,signed_postallocation,true,2,1783313915051,0,QmPEDBMMbuCpx7HLnDJ23QuLxzYuyd7P4wwLKNZcfCQeou,false
742,e6-lifecycle-20260706T045832.822659423Z-c4-real-task-0109,signed_post_evalsnapshot,true,4,1783313915053,0,QmPEDBMMbuCpx7HLnDJ23QuLxzYuyd7P4wwLKNZcfCQeou,false
743,e6-lifecycle-20260706T045832.822659423Z-c4-real-task-0109,signed_vote1,true,2,1783313915057,0,QmPEDBMMbuCpx7HLnDJ23QuLxzYuyd7P4wwLKNZcfCQeou,false
744,e6-lifecycle-20260706T045832.822659423Z-c4-real-task-0109,signed_vote2,true,2,1783313915059,0,QmPEDBMMbuCpx7HLnDJ23QuLxzYuyd7P4wwLKNZcfCQeou,false
745,e6-lifecycle-20260706T045832.822659423Z-c4-real-task-0109,signed_settlement,true,1,1783313915061,0,QmPEDBMMbuCpx7HLnDJ23QuLxzYuyd7P4wwLKNZcfCQeou,false
746,e6-lifecycle-20260706T045832.822659423Z-c4-real-task-0109,signed_query_latest,true,0,1783313915062,0,QmPEDBMMbuCpx7HLnDJ23QuLxzYuyd7P4wwLKNZcfCQeou,false
747,e6-lifecycle-20260706T045832.822659423Z-c4-real-task-0109,ipfs_verify,true,10,1783313915062,0,QmPEDBMMbuCpx7HLnDJ23QuLxzYuyd7P4wwLKNZcfCQeou,false
748,e6-lifecycle-20260706T045832.822659423Z-c4-real-task-0110,ipfs_add,true,197,1783313914885,1468,,false
749,e6-lifecycle-20260706T045832.822659423Z-c4-real-task-0110,signed_posttask,true,4,1783313915082,0,QmYdNPvQFsdXFQa7hym9WZ3ACL8dS3nT2z6E7NU9T2QPtY,false
750,e6-lifecycle-20260706T045832.822659423Z-c4-real-task-0110,signed_postallocation,true,2,1783313915086,0,QmYdNPvQFsdXFQa7hym9WZ3ACL8dS3nT2z6E7NU9T2QPtY,false
751,e6-lifecycle-20260706T045832.822659423Z-c4-real-task-0110,signed_post_evalsnapshot,true,2,1783313915088,0,QmYdNPvQFsdXFQa7hym9WZ3ACL8dS3nT2z6E7NU9T2QPtY,false
752,e6-lifecycle-20260706T045832.822659423Z-c4-real-task-0110,signed_vote1,true,2,1783313915090,0,QmYdNPvQFsdXFQa7hym9WZ3ACL8dS3nT2z6E7NU9T2QPtY,false
753,e6-lifecycle-20260706T045832.822659423Z-c4-real-task-0110,signed_vote2,true,2,1783313915092,0,QmYdNPvQFsdXFQa7hym9WZ3ACL8dS3nT2z6E7NU9T2QPtY,false
754,e6-lifecycle-20260706T045832.822659423Z-c4-real-task-0110,signed_settlement,true,7,1783313915094,0,QmYdNPvQFsdXFQa7hym9WZ3ACL8dS3nT2z6E7NU9T2QPtY,false
755,e6-lifecycle-20260706T045832.822659423Z-c4-real-task-0110,signed_query_latest,true,0,1783313915101,0,QmYdNPvQFsdXFQa7hym9WZ3ACL8dS3nT2z6E7NU9T2QPtY,false
756,e6-lifecycle-20260706T045832.822659423Z-c4-real-task-0110,ipfs_verify,true,21,1783313915101,0,QmYdNPvQFsdXFQa7hym9WZ3ACL8dS3nT2z6E7NU9T2QPtY,false
757,e6-lifecycle-20260706T045832.822659423Z-c4-real-task-0111,ipfs_add,true,153,1783313914983,1486,,false
758,e6-lifecycle-20260706T045832.822659423Z-c4-real-task-0111,signed_posttask,true,6,1783313915136,0,QmayJynjkMacRcqFDbnuYugxcbsQqHFTjbXCeD8Z8namKr,false
759,e6-lifecycle-20260706T045832.822659423Z-c4-real-task-0111,signed_postallocation,true,2,1783313915142,0,QmayJynjkMacRcqFDbnuYugxcbsQqHFTjbXCeD8Z8namKr,false
760,e6-lifecycle-20260706T045832.822659423Z-c4-real-task-0111,signed_post_evalsnapshot,true,3,1783313915144,0,QmayJynjkMacRcqFDbnuYugxcbsQqHFTjbXCeD8Z8namKr,false
761,e6-lifecycle-20260706T045832.822659423Z-c4-real-task-0111,signed_vote1,true,2,1783313915147,0,QmayJynjkMacRcqFDbnuYugxcbsQqHFTjbXCeD8Z8namKr,false
762,e6-lifecycle-20260706T045832.822659423Z-c4-real-task-0111,signed_vote2,true,7,1783313915149,0,QmayJynjkMacRcqFDbnuYugxcbsQqHFTjbXCeD8Z8namKr,false
763,e6-lifecycle-20260706T045832.822659423Z-c4-real-task-0111,signed_settlement,true,3,1783313915156,0,QmayJynjkMacRcqFDbnuYugxcbsQqHFTjbXCeD8Z8namKr,false
764,e6-lifecycle-20260706T045832.822659423Z-c4-real-task-0111,signed_query_latest,true,0,1783313915159,0,QmayJynjkMacRcqFDbnuYugxcbsQqHFTjbXCeD8Z8namKr,false
765,e6-lifecycle-20260706T045832.822659423Z-c4-real-task-0111,ipfs_verify,true,11,1783313915159,0,QmayJynjkMacRcqFDbnuYugxcbsQqHFTjbXCeD8Z8namKr,false
766,e6-lifecycle-20260706T045832.822659423Z-c4-real-task-0112,ipfs_add,true,170,1783313915029,5135,,false
767,e6-lifecycle-20260706T045832.822659423Z-c4-real-task-0112,signed_posttask,true,2,1783313915199,0,QmZTL4eW5hkumUyYeoedLXa2XWBWSX7WLRmm3kBgrvtRta,false
768,e6-lifecycle-20260706T045832.822659423Z-c4-real-task-0112,signed_postallocation,true,5,1783313915201,0,QmZTL4eW5hkumUyYeoedLXa2XWBWSX7WLRmm3kBgrvtRta,false
769,e6-lifecycle-20260706T045832.822659423Z-c4-real-task-0112,signed_post_evalsnapshot,true,1,1783313915206,0,QmZTL4eW5hkumUyYeoedLXa2XWBWSX7WLRmm3kBgrvtRta,false
770,e6-lifecycle-20260706T045832.822659423Z-c4-real-task-0112,signed_vote1,true,2,1783313915207,0,QmZTL4eW5hkumUyYeoedLXa2XWBWSX7WLRmm3kBgrvtRta,false
771,e6-lifecycle-20260706T045832.822659423Z-c4-real-task-0112,signed_vote2,true,2,1783313915209,0,QmZTL4eW5hkumUyYeoedLXa2XWBWSX7WLRmm3kBgrvtRta,false
772,e6-lifecycle-20260706T045832.822659423Z-c4-real-task-0112,signed_settlement,true,2,1783313915211,0,QmZTL4eW5hkumUyYeoedLXa2XWBWSX7WLRmm3kBgrvtRta,false
773,e6-lifecycle-20260706T045832.822659423Z-c4-real-task-0112,signed_query_latest,true,0,1783313915213,0,QmZTL4eW5hkumUyYeoedLXa2XWBWSX7WLRmm3kBgrvtRta,false
774,e6-lifecycle-20260706T045832.822659423Z-c4-real-task-0112,ipfs_verify,true,9,1783313915213,0,QmZTL4eW5hkumUyYeoedLXa2XWBWSX7WLRmm3kBgrvtRta,false
775,e6-lifecycle-20260706T045832.822659423Z-c4-real-task-0113,ipfs_add,true,157,1783313915073,4766,,false
776,e6-lifecycle-20260706T045832.822659423Z-c4-real-task-0113,signed_posttask,true,3,1783313915230,0,QmSnXYpjm45y1HovE7atHSayP63uxu2Taj3HG6S4aa6fLe,false
777,e6-lifecycle-20260706T045832.822659423Z-c4-real-task-0113,signed_postallocation,true,2,1783313915233,0,QmSnXYpjm45y1HovE7atHSayP63uxu2Taj3HG6S4aa6fLe,false
778,e6-lifecycle-20260706T045832.822659423Z-c4-real-task-0113,signed_post_evalsnapshot,true,2,1783313915235,0,QmSnXYpjm45y1HovE7atHSayP63uxu2Taj3HG6S4aa6fLe,false
779,e6-lifecycle-20260706T045832.822659423Z-c4-real-task-0113,signed_vote1,true,2,1783313915237,0,QmSnXYpjm45y1HovE7atHSayP63uxu2Taj3HG6S4aa6fLe,false
780,e6-lifecycle-20260706T045832.822659423Z-c4-real-task-0113,signed_vote2,true,2,1783313915239,0,QmSnXYpjm45y1HovE7atHSayP63uxu2Taj3HG6S4aa6fLe,false
781,e6-lifecycle-20260706T045832.822659423Z-c4-real-task-0113,signed_settlement,true,2,1783313915241,0,QmSnXYpjm45y1HovE7atHSayP63uxu2Taj3HG6S4aa6fLe,false
782,e6-lifecycle-20260706T045832.822659423Z-c4-real-task-0113,signed_query_latest,true,0,1783313915243,0,QmSnXYpjm45y1HovE7atHSayP63uxu2Taj3HG6S4aa6fLe,false
783,e6-lifecycle-20260706T045832.822659423Z-c4-real-task-0113,ipfs_verify,true,20,1783313915243,0,QmSnXYpjm45y1HovE7atHSayP63uxu2Taj3HG6S4aa6fLe,false
784,e6-lifecycle-20260706T045832.822659423Z-c4-real-task-0114,ipfs_add,true,154,1783313915122,2458,,false
785,e6-lifecycle-20260706T045832.822659423Z-c4-real-task-0114,signed_posttask,true,3,1783313915276,0,Qma7TSawbLY7JCkagGsqyq5TKbNQrHnAHkXGU7KmTPbqNN,false
786,e6-lifecycle-20260706T045832.822659423Z-c4-real-task-0114,signed_postallocation,true,2,1783313915279,0,Qma7TSawbLY7JCkagGsqyq5TKbNQrHnAHkXGU7KmTPbqNN,false
787,e6-lifecycle-20260706T045832.822659423Z-c4-real-task-0114,signed_post_evalsnapshot,true,1,1783313915281,0,Qma7TSawbLY7JCkagGsqyq5TKbNQrHnAHkXGU7KmTPbqNN,false
788,e6-lifecycle-20260706T045832.822659423Z-c4-real-task-0114,signed_vote1,true,3,1783313915282,0,Qma7TSawbLY7JCkagGsqyq5TKbNQrHnAHkXGU7KmTPbqNN,false
789,e6-lifecycle-20260706T045832.822659423Z-c4-real-task-0114,signed_vote2,true,1,1783313915285,0,Qma7TSawbLY7JCkagGsqyq5TKbNQrHnAHkXGU7KmTPbqNN,false
790,e6-lifecycle-20260706T045832.822659423Z-c4-real-task-0114,signed_settlement,true,5,1783313915286,0,Qma7TSawbLY7JCkagGsqyq5TKbNQrHnAHkXGU7KmTPbqNN,false
791,e6-lifecycle-20260706T045832.822659423Z-c4-real-task-0114,signed_query_latest,true,0,1783313915291,0,Qma7TSawbLY7JCkagGsqyq5TKbNQrHnAHkXGU7KmTPbqNN,false
792,e6-lifecycle-20260706T045832.822659423Z-c4-real-task-0114,ipfs_verify,true,15,1783313915291,0,Qma7TSawbLY7JCkagGsqyq5TKbNQrHnAHkXGU7KmTPbqNN,false
793,e6-lifecycle-20260706T045832.822659423Z-c4-real-task-0115,ipfs_add,true,186,1783313915170,2635,,false
794,e6-lifecycle-20260706T045832.822659423Z-c4-real-task-0115,signed_posttask,true,3,1783313915356,0,Qma9XmC6B4RUGteeGsz2AKqR24nBDfvvDDZwxigq29cfeA,false
795,e6-lifecycle-20260706T045832.822659423Z-c4-real-task-0115,signed_postallocation,true,1,1783313915359,0,Qma9XmC6B4RUGteeGsz2AKqR24nBDfvvDDZwxigq29cfeA,false
796,e6-lifecycle-20260706T045832.822659423Z-c4-real-task-0115,signed_post_evalsnapshot,true,2,1783313915360,0,Qma9XmC6B4RUGteeGsz2AKqR24nBDfvvDDZwxigq29cfeA,false
797,e6-lifecycle-20260706T045832.822659423Z-c4-real-task-0115,signed_vote1,true,2,1783313915362,0,Qma9XmC6B4RUGteeGsz2AKqR24nBDfvvDDZwxigq29cfeA,false
798,e6-lifecycle-20260706T045832.822659423Z-c4-real-task-0115,signed_vote2,true,1,1783313915364,0,Qma9XmC6B4RUGteeGsz2AKqR24nBDfvvDDZwxigq29cfeA,false
799,e6-lifecycle-20260706T045832.822659423Z-c4-real-task-0115,signed_settlement,true,2,1783313915365,0,Qma9XmC6B4RUGteeGsz2AKqR24nBDfvvDDZwxigq29cfeA,false
800,e6-lifecycle-20260706T045832.822659423Z-c4-real-task-0115,signed_query_latest,true,0,1783313915367,0,Qma9XmC6B4RUGteeGsz2AKqR24nBDfvvDDZwxigq29cfeA,false
801,e6-lifecycle-20260706T045832.822659423Z-c4-real-task-0116,ipfs_add,true,153,1783313915222,4456,,false
802,e6-lifecycle-20260706T045832.822659423Z-c4-real-task-0116,signed_posttask,true,2,1783313915375,0,QmcWhQm9LyFEHK6Y6cGHfAC2N6UZ5aeiyCpaBr9ty1evkK,false
803,e6-lifecycle-20260706T045832.822659423Z-c4-real-task-0116,signed_postallocation,true,2,1783313915377,0,QmcWhQm9LyFEHK6Y6cGHfAC2N6UZ5aeiyCpaBr9ty1evkK,false
804,e6-lifecycle-20260706T045832.822659423Z-c4-real-task-0115,ipfs_verify,true,14,1783313915367,0,Qma9XmC6B4RUGteeGsz2AKqR24nBDfvvDDZwxigq29cfeA,false
805,e6-lifecycle-20260706T045832.822659423Z-c4-real-task-0116,signed_post_evalsnapshot,true,2,1783313915379,0,QmcWhQm9LyFEHK6Y6cGHfAC2N6UZ5aeiyCpaBr9ty1evkK,false
806,e6-lifecycle-20260706T045832.822659423Z-c4-real-task-0116,signed_vote1,true,2,1783313915381,0,QmcWhQm9LyFEHK6Y6cGHfAC2N6UZ5aeiyCpaBr9ty1evkK,false
807,e6-lifecycle-20260706T045832.822659423Z-c4-real-task-0116,signed_vote2,true,2,1783313915383,0,QmcWhQm9LyFEHK6Y6cGHfAC2N6UZ5aeiyCpaBr9ty1evkK,false
808,e6-lifecycle-20260706T045832.822659423Z-c4-real-task-0116,signed_settlement,true,1,1783313915385,0,QmcWhQm9LyFEHK6Y6cGHfAC2N6UZ5aeiyCpaBr9ty1evkK,false
809,e6-lifecycle-20260706T045832.822659423Z-c4-real-task-0116,signed_query_latest,true,0,1783313915386,0,QmcWhQm9LyFEHK6Y6cGHfAC2N6UZ5aeiyCpaBr9ty1evkK,false
810,e6-lifecycle-20260706T045832.822659423Z-c4-real-task-0116,ipfs_verify,true,7,1783313915386,0,QmcWhQm9LyFEHK6Y6cGHfAC2N6UZ5aeiyCpaBr9ty1evkK,false
811,e6-lifecycle-20260706T045832.822659423Z-c4-real-task-0117,ipfs_add,true,149,1783313915263,2547,,false
812,e6-lifecycle-20260706T045832.822659423Z-c4-real-task-0117,signed_posttask,true,2,1783313915412,0,QmXDQtx3geYo8PJ2SMzx1hAd7UVXRuUHhfKDP8gxpWugpu,false
813,e6-lifecycle-20260706T045832.822659423Z-c4-real-task-0117,signed_postallocation,true,1,1783313915414,0,QmXDQtx3geYo8PJ2SMzx1hAd7UVXRuUHhfKDP8gxpWugpu,false
814,e6-lifecycle-20260706T045832.822659423Z-c4-real-task-0117,signed_post_evalsnapshot,true,2,1783313915415,0,QmXDQtx3geYo8PJ2SMzx1hAd7UVXRuUHhfKDP8gxpWugpu,false
815,e6-lifecycle-20260706T045832.822659423Z-c4-real-task-0117,signed_vote1,true,1,1783313915417,0,QmXDQtx3geYo8PJ2SMzx1hAd7UVXRuUHhfKDP8gxpWugpu,false
816,e6-lifecycle-20260706T045832.822659423Z-c4-real-task-0117,signed_vote2,true,2,1783313915418,0,QmXDQtx3geYo8PJ2SMzx1hAd7UVXRuUHhfKDP8gxpWugpu,false
817,e6-lifecycle-20260706T045832.822659423Z-c4-real-task-0117,signed_settlement,true,2,1783313915420,0,QmXDQtx3geYo8PJ2SMzx1hAd7UVXRuUHhfKDP8gxpWugpu,false
818,e6-lifecycle-20260706T045832.822659423Z-c4-real-task-0117,signed_query_latest,true,0,1783313915422,0,QmXDQtx3geYo8PJ2SMzx1hAd7UVXRuUHhfKDP8gxpWugpu,false
819,e6-lifecycle-20260706T045832.822659423Z-c4-real-task-0117,ipfs_verify,true,9,1783313915422,0,QmXDQtx3geYo8PJ2SMzx1hAd7UVXRuUHhfKDP8gxpWugpu,false
820,e6-lifecycle-20260706T045832.822659423Z-c4-real-task-0118,ipfs_add,true,126,1783313915306,4013,,false
821,e6-lifecycle-20260706T045832.822659423Z-c4-real-task-0118,signed_posttask,true,2,1783313915432,0,QmUp6JMhmHCN1XhJbSgJKuqgcUi5RcanQaaL5Hru6z8S4Q,false
822,e6-lifecycle-20260706T045832.822659423Z-c4-real-task-0118,signed_postallocation,true,2,1783313915434,0,QmUp6JMhmHCN1XhJbSgJKuqgcUi5RcanQaaL5Hru6z8S4Q,false
823,e6-lifecycle-20260706T045832.822659423Z-c4-real-task-0118,signed_post_evalsnapshot,true,1,1783313915436,0,QmUp6JMhmHCN1XhJbSgJKuqgcUi5RcanQaaL5Hru6z8S4Q,false
824,e6-lifecycle-20260706T045832.822659423Z-c4-real-task-0118,signed_vote1,true,2,1783313915437,0,QmUp6JMhmHCN1XhJbSgJKuqgcUi5RcanQaaL5Hru6z8S4Q,false
825,e6-lifecycle-20260706T045832.822659423Z-c4-real-task-0118,signed_vote2,true,2,1783313915439,0,QmUp6JMhmHCN1XhJbSgJKuqgcUi5RcanQaaL5Hru6z8S4Q,false
826,e6-lifecycle-20260706T045832.822659423Z-c4-real-task-0118,signed_settlement,true,2,1783313915441,0,QmUp6JMhmHCN1XhJbSgJKuqgcUi5RcanQaaL5Hru6z8S4Q,false
827,e6-lifecycle-20260706T045832.822659423Z-c4-real-task-0118,signed_query_latest,true,0,1783313915443,0,QmUp6JMhmHCN1XhJbSgJKuqgcUi5RcanQaaL5Hru6z8S4Q,false
828,e6-lifecycle-20260706T045832.822659423Z-c4-real-task-0119,ipfs_add,true,73,1783313915381,4895,,false
829,e6-lifecycle-20260706T045832.822659423Z-c4-real-task-0118,ipfs_verify,true,12,1783313915443,0,QmUp6JMhmHCN1XhJbSgJKuqgcUi5RcanQaaL5Hru6z8S4Q,false
830,e6-lifecycle-20260706T045832.822659423Z-c4-real-task-0119,signed_posttask,true,2,1783313915454,0,QmS8grZr8V1jUVspi4mAGU2GS5MHVKC3yUBsy7aQszAoNe,false
831,e6-lifecycle-20260706T045832.822659423Z-c4-real-task-0119,signed_postallocation,true,2,1783313915456,0,QmS8grZr8V1jUVspi4mAGU2GS5MHVKC3yUBsy7aQszAoNe,false
832,e6-lifecycle-20260706T045832.822659423Z-c4-real-task-0119,signed_post_evalsnapshot,true,2,1783313915458,0,QmS8grZr8V1jUVspi4mAGU2GS5MHVKC3yUBsy7aQszAoNe,false
833,e6-lifecycle-20260706T045832.822659423Z-c4-real-task-0119,signed_vote1,true,1,1783313915460,0,QmS8grZr8V1jUVspi4mAGU2GS5MHVKC3yUBsy7aQszAoNe,false
834,e6-lifecycle-20260706T045832.822659423Z-c4-real-task-0119,signed_vote2,true,2,1783313915461,0,QmS8grZr8V1jUVspi4mAGU2GS5MHVKC3yUBsy7aQszAoNe,false
835,e6-lifecycle-20260706T045832.822659423Z-c4-real-task-0119,signed_settlement,true,2,1783313915463,0,QmS8grZr8V1jUVspi4mAGU2GS5MHVKC3yUBsy7aQszAoNe,false
836,e6-lifecycle-20260706T045832.822659423Z-c4-real-task-0119,signed_query_latest,true,0,1783313915465,0,QmS8grZr8V1jUVspi4mAGU2GS5MHVKC3yUBsy7aQszAoNe,false
837,e6-lifecycle-20260706T045832.822659423Z-c4-real-task-0119,ipfs_verify,true,12,1783313915465,0,QmS8grZr8V1jUVspi4mAGU2GS5MHVKC3yUBsy7aQszAoNe,false
838,e6-lifecycle-20260706T045832.822659423Z-c4-real-task-0120,ipfs_add,true,85,1783313915393,7055,,false
839,e6-lifecycle-20260706T045832.822659423Z-c4-real-task-0120,signed_posttask,true,2,1783313915478,0,QmcCwWQBqZ6738sqSyuLRWTxPt6Qtc8U1RvhvPAW1oWkkW,false
840,e6-lifecycle-20260706T045832.822659423Z-c4-real-task-0120,signed_postallocation,true,2,1783313915480,0,QmcCwWQBqZ6738sqSyuLRWTxPt6Qtc8U1RvhvPAW1oWkkW,false
841,e6-lifecycle-20260706T045832.822659423Z-c4-real-task-0120,signed_post_evalsnapshot,true,3,1783313915482,0,QmcCwWQBqZ6738sqSyuLRWTxPt6Qtc8U1RvhvPAW1oWkkW,false
842,e6-lifecycle-20260706T045832.822659423Z-c4-real-task-0120,signed_vote1,true,4,1783313915485,0,QmcCwWQBqZ6738sqSyuLRWTxPt6Qtc8U1RvhvPAW1oWkkW,false
843,e6-lifecycle-20260706T045832.822659423Z-c4-real-task-0120,signed_vote2,true,2,1783313915489,0,QmcCwWQBqZ6738sqSyuLRWTxPt6Qtc8U1RvhvPAW1oWkkW,false
844,e6-lifecycle-20260706T045832.822659423Z-c4-real-task-0120,signed_settlement,true,1,1783313915491,0,QmcCwWQBqZ6738sqSyuLRWTxPt6Qtc8U1RvhvPAW1oWkkW,false
845,e6-lifecycle-20260706T045832.822659423Z-c4-real-task-0120,signed_query_latest,true,0,1783313915492,0,QmcCwWQBqZ6738sqSyuLRWTxPt6Qtc8U1RvhvPAW1oWkkW,false
846,e6-lifecycle-20260706T045832.822659423Z-c4-real-task-0120,ipfs_verify,true,17,1783313915492,0,QmcCwWQBqZ6738sqSyuLRWTxPt6Qtc8U1RvhvPAW1oWkkW,false
847,e6-lifecycle-20260706T045832.822659423Z-c4-real-task-0121,ipfs_add,true,88,1783313915431,4778,,false
848,e6-lifecycle-20260706T045832.822659423Z-c4-real-task-0121,signed_posttask,true,1,1783313915519,0,QmamWwWGyFXDPTzs47NnXQaDJCnKmJNML2uLgwtA49YMHU,false
849,e6-lifecycle-20260706T045832.822659423Z-c4-real-task-0121,signed_postallocation,true,3,1783313915520,0,QmamWwWGyFXDPTzs47NnXQaDJCnKmJNML2uLgwtA49YMHU,false
850,e6-lifecycle-20260706T045832.822659423Z-c4-real-task-0121,signed_post_evalsnapshot,true,3,1783313915523,0,QmamWwWGyFXDPTzs47NnXQaDJCnKmJNML2uLgwtA49YMHU,false
851,e6-lifecycle-20260706T045832.822659423Z-c4-real-task-0121,signed_vote1,true,2,1783313915526,0,QmamWwWGyFXDPTzs47NnXQaDJCnKmJNML2uLgwtA49YMHU,false
852,e6-lifecycle-20260706T045832.822659423Z-c4-real-task-0121,signed_vote2,true,2,1783313915528,0,QmamWwWGyFXDPTzs47NnXQaDJCnKmJNML2uLgwtA49YMHU,false
853,e6-lifecycle-20260706T045832.822659423Z-c4-real-task-0121,signed_settlement,true,1,1783313915530,0,QmamWwWGyFXDPTzs47NnXQaDJCnKmJNML2uLgwtA49YMHU,false
854,e6-lifecycle-20260706T045832.822659423Z-c4-real-task-0121,signed_query_latest,true,0,1783313915531,0,QmamWwWGyFXDPTzs47NnXQaDJCnKmJNML2uLgwtA49YMHU,false
855,e6-lifecycle-20260706T045832.822659423Z-c4-real-task-0121,ipfs_verify,true,10,1783313915531,0,QmamWwWGyFXDPTzs47NnXQaDJCnKmJNML2uLgwtA49YMHU,false
856,e6-lifecycle-20260706T045832.822659423Z-c4-real-task-0123,ipfs_add,true,84,1783313915477,9648,,false
857,e6-lifecycle-20260706T045832.822659423Z-c4-real-task-0123,signed_posttask,true,10,1783313915561,0,QmUDRUxNR3wiggGYgdFqXj9FiZaoAXkrjj2gf4wreybMnY,false
858,e6-lifecycle-20260706T045832.822659423Z-c4-real-task-0123,signed_postallocation,true,2,1783313915571,0,QmUDRUxNR3wiggGYgdFqXj9FiZaoAXkrjj2gf4wreybMnY,false
859,e6-lifecycle-20260706T045832.822659423Z-c4-real-task-0123,signed_post_evalsnapshot,true,2,1783313915573,0,QmUDRUxNR3wiggGYgdFqXj9FiZaoAXkrjj2gf4wreybMnY,false
860,e6-lifecycle-20260706T045832.822659423Z-c4-real-task-0123,signed_vote1,true,2,1783313915575,0,QmUDRUxNR3wiggGYgdFqXj9FiZaoAXkrjj2gf4wreybMnY,false
861,e6-lifecycle-20260706T045832.822659423Z-c4-real-task-0123,signed_vote2,true,1,1783313915577,0,QmUDRUxNR3wiggGYgdFqXj9FiZaoAXkrjj2gf4wreybMnY,false
862,e6-lifecycle-20260706T045832.822659423Z-c4-real-task-0123,signed_settlement,true,2,1783313915578,0,QmUDRUxNR3wiggGYgdFqXj9FiZaoAXkrjj2gf4wreybMnY,false
863,e6-lifecycle-20260706T045832.822659423Z-c4-real-task-0123,signed_query_latest,true,0,1783313915580,0,QmUDRUxNR3wiggGYgdFqXj9FiZaoAXkrjj2gf4wreybMnY,false
864,e6-lifecycle-20260706T045832.822659423Z-c4-real-task-0123,ipfs_verify,true,10,1783313915580,0,QmUDRUxNR3wiggGYgdFqXj9FiZaoAXkrjj2gf4wreybMnY,false
865,e6-lifecycle-20260706T045832.822659423Z-c4-real-task-0124,ipfs_add,true,85,1783313915509,10193,,false
866,e6-lifecycle-20260706T045832.822659423Z-c4-real-task-0122,ipfs_add,true,139,1783313915455,5117,,false
867,e6-lifecycle-20260706T045832.822659423Z-c4-real-task-0124,signed_posttask,true,2,1783313915594,0,QmdN3kmV8Nauo2ypczxkgeUDFa3J43mcbGqcZVtUsrbPFC,false
868,e6-lifecycle-20260706T045832.822659423Z-c4-real-task-0124,signed_postallocation,true,2,1783313915596,0,QmdN3kmV8Nauo2ypczxkgeUDFa3J43mcbGqcZVtUsrbPFC,false
869,e6-lifecycle-20260706T045832.822659423Z-c4-real-task-0122,signed_posttask,true,6,1783313915594,0,QmXUXcH529nakix9U15cpEidT2HourhoUQvG7aoS3dLkEG,false
870,e6-lifecycle-20260706T045832.822659423Z-c4-real-task-0122,signed_postallocation,true,1,1783313915600,0,QmXUXcH529nakix9U15cpEidT2HourhoUQvG7aoS3dLkEG,false
871,e6-lifecycle-20260706T045832.822659423Z-c4-real-task-0124,signed_post_evalsnapshot,true,5,1783313915598,0,QmdN3kmV8Nauo2ypczxkgeUDFa3J43mcbGqcZVtUsrbPFC,false
872,e6-lifecycle-20260706T045832.822659423Z-c4-real-task-0124,signed_vote1,true,2,1783313915603,0,QmdN3kmV8Nauo2ypczxkgeUDFa3J43mcbGqcZVtUsrbPFC,false
873,e6-lifecycle-20260706T045832.822659423Z-c4-real-task-0122,signed_post_evalsnapshot,true,5,1783313915601,0,QmXUXcH529nakix9U15cpEidT2HourhoUQvG7aoS3dLkEG,false
874,e6-lifecycle-20260706T045832.822659423Z-c4-real-task-0122,signed_vote1,true,2,1783313915606,0,QmXUXcH529nakix9U15cpEidT2HourhoUQvG7aoS3dLkEG,false
875,e6-lifecycle-20260706T045832.822659423Z-c4-real-task-0124,signed_vote2,true,5,1783313915605,0,QmdN3kmV8Nauo2ypczxkgeUDFa3J43mcbGqcZVtUsrbPFC,false
876,e6-lifecycle-20260706T045832.822659423Z-c4-real-task-0124,signed_settlement,true,1,1783313915610,0,QmdN3kmV8Nauo2ypczxkgeUDFa3J43mcbGqcZVtUsrbPFC,false
877,e6-lifecycle-20260706T045832.822659423Z-c4-real-task-0122,signed_vote2,true,5,1783313915608,0,QmXUXcH529nakix9U15cpEidT2HourhoUQvG7aoS3dLkEG,false
878,e6-lifecycle-20260706T045832.822659423Z-c4-real-task-0124,signed_query_latest,true,4,1783313915611,0,QmdN3kmV8Nauo2ypczxkgeUDFa3J43mcbGqcZVtUsrbPFC,false
879,e6-lifecycle-20260706T045832.822659423Z-c4-real-task-0122,signed_settlement,true,2,1783313915613,0,QmXUXcH529nakix9U15cpEidT2HourhoUQvG7aoS3dLkEG,false
880,e6-lifecycle-20260706T045832.822659423Z-c4-real-task-0122,signed_query_latest,true,0,1783313915615,0,QmXUXcH529nakix9U15cpEidT2HourhoUQvG7aoS3dLkEG,false
881,e6-lifecycle-20260706T045832.822659423Z-c4-real-task-0125,ipfs_add,true,76,1783313915541,3206,,false
882,e6-lifecycle-20260706T045832.822659423Z-c4-real-task-0125,signed_posttask,true,2,1783313915617,0,QmWe76Fc6xMc7UE2TtXhWtuzFokCa6FcSgWL6dg6i6SRfJ,false
883,e6-lifecycle-20260706T045832.822659423Z-c4-real-task-0124,ipfs_verify,true,7,1783313915615,0,QmdN3kmV8Nauo2ypczxkgeUDFa3J43mcbGqcZVtUsrbPFC,false
884,e6-lifecycle-20260706T045832.822659423Z-c4-real-task-0125,signed_postallocation,true,2,1783313915620,0,QmWe76Fc6xMc7UE2TtXhWtuzFokCa6FcSgWL6dg6i6SRfJ,false
885,e6-lifecycle-20260706T045832.822659423Z-c4-real-task-0122,ipfs_verify,true,8,1783313915615,0,QmXUXcH529nakix9U15cpEidT2HourhoUQvG7aoS3dLkEG,false
886,e6-lifecycle-20260706T045832.822659423Z-c4-real-task-0125,signed_post_evalsnapshot,true,7,1783313915622,0,QmWe76Fc6xMc7UE2TtXhWtuzFokCa6FcSgWL6dg6i6SRfJ,false
887,e6-lifecycle-20260706T045832.822659423Z-c4-real-task-0125,signed_vote1,true,2,1783313915629,0,QmWe76Fc6xMc7UE2TtXhWtuzFokCa6FcSgWL6dg6i6SRfJ,false
888,e6-lifecycle-20260706T045832.822659423Z-c4-real-task-0125,signed_vote2,true,3,1783313915631,0,QmWe76Fc6xMc7UE2TtXhWtuzFokCa6FcSgWL6dg6i6SRfJ,false
889,e6-lifecycle-20260706T045832.822659423Z-c4-real-task-0125,signed_settlement,true,2,1783313915634,0,QmWe76Fc6xMc7UE2TtXhWtuzFokCa6FcSgWL6dg6i6SRfJ,false
890,e6-lifecycle-20260706T045832.822659423Z-c4-real-task-0125,signed_query_latest,true,0,1783313915636,0,QmWe76Fc6xMc7UE2TtXhWtuzFokCa6FcSgWL6dg6i6SRfJ,false
891,e6-lifecycle-20260706T045832.822659423Z-c4-real-task-0126,ipfs_add,true,47,1783313915590,3991,,false
892,e6-lifecycle-20260706T045832.822659423Z-c4-real-task-0126,signed_posttask,true,2,1783313915637,0,QmPtdsowq8zmmDRQ1z7WASkkcgXTNTYdCxgN5vM5mEmQKU,false
893,e6-lifecycle-20260706T045832.822659423Z-c4-real-task-0126,signed_postallocation,true,2,1783313915639,0,QmPtdsowq8zmmDRQ1z7WASkkcgXTNTYdCxgN5vM5mEmQKU,false
894,e6-lifecycle-20260706T045832.822659423Z-c4-real-task-0126,signed_post_evalsnapshot,true,2,1783313915641,0,QmPtdsowq8zmmDRQ1z7WASkkcgXTNTYdCxgN5vM5mEmQKU,false
895,e6-lifecycle-20260706T045832.822659423Z-c4-real-task-0125,ipfs_verify,true,8,1783313915636,0,QmWe76Fc6xMc7UE2TtXhWtuzFokCa6FcSgWL6dg6i6SRfJ,false
896,e6-lifecycle-20260706T045832.822659423Z-c4-real-task-0126,signed_vote1,true,2,1783313915643,0,QmPtdsowq8zmmDRQ1z7WASkkcgXTNTYdCxgN5vM5mEmQKU,false
897,e6-lifecycle-20260706T045832.822659423Z-c4-real-task-0126,signed_vote2,true,2,1783313915645,0,QmPtdsowq8zmmDRQ1z7WASkkcgXTNTYdCxgN5vM5mEmQKU,false
898,e6-lifecycle-20260706T045832.822659423Z-c4-real-task-0126,signed_settlement,true,1,1783313915647,0,QmPtdsowq8zmmDRQ1z7WASkkcgXTNTYdCxgN5vM5mEmQKU,false
899,e6-lifecycle-20260706T045832.822659423Z-c4-real-task-0126,signed_query_latest,true,0,1783313915648,0,QmPtdsowq8zmmDRQ1z7WASkkcgXTNTYdCxgN5vM5mEmQKU,false
900,e6-lifecycle-20260706T045832.822659423Z-c4-real-task-0126,ipfs_verify,true,8,1783313915648,0,QmPtdsowq8zmmDRQ1z7WASkkcgXTNTYdCxgN5vM5mEmQKU,false
901,e6-lifecycle-20260706T045832.822659423Z-c4-real-task-0128,ipfs_add,true,43,1783313915623,5323,,false
902,e6-lifecycle-20260706T045832.822659423Z-c4-real-task-0128,signed_posttask,true,2,1783313915666,0,QmQos5pRc9wxqep7nncifrFotxQs5uTEqHL3FeTHYErDSa,false
903,e6-lifecycle-20260706T045832.822659423Z-c4-real-task-0128,signed_postallocation,true,2,1783313915668,0,QmQos5pRc9wxqep7nncifrFotxQs5uTEqHL3FeTHYErDSa,false
904,e6-lifecycle-20260706T045832.822659423Z-c4-real-task-0128,signed_post_evalsnapshot,true,2,1783313915670,0,QmQos5pRc9wxqep7nncifrFotxQs5uTEqHL3FeTHYErDSa,false
905,e6-lifecycle-20260706T045832.822659423Z-c4-real-task-0128,signed_vote1,true,2,1783313915672,0,QmQos5pRc9wxqep7nncifrFotxQs5uTEqHL3FeTHYErDSa,false
906,e6-lifecycle-20260706T045832.822659423Z-c4-real-task-0128,signed_vote2,true,2,1783313915674,0,QmQos5pRc9wxqep7nncifrFotxQs5uTEqHL3FeTHYErDSa,false
907,e6-lifecycle-20260706T045832.822659423Z-c4-real-task-0128,signed_settlement,true,1,1783313915676,0,QmQos5pRc9wxqep7nncifrFotxQs5uTEqHL3FeTHYErDSa,false
908,e6-lifecycle-20260706T045832.822659423Z-c4-real-task-0128,signed_query_latest,true,0,1783313915677,0,QmQos5pRc9wxqep7nncifrFotxQs5uTEqHL3FeTHYErDSa,false
909,e6-lifecycle-20260706T045832.822659423Z-c4-real-task-0127,ipfs_add,true,64,1783313915622,3969,,false
910,e6-lifecycle-20260706T045832.822659423Z-c4-real-task-0128,ipfs_verify,true,9,1783313915677,0,QmQos5pRc9wxqep7nncifrFotxQs5uTEqHL3FeTHYErDSa,false
911,e6-lifecycle-20260706T045832.822659423Z-c4-real-task-0127,signed_posttask,true,2,1783313915686,0,QmNxQCkAaLmLFLMatMwgJb5bdva2owFTE2JpVTzuEA6pnQ,false
912,e6-lifecycle-20260706T045832.822659423Z-c4-real-task-0127,signed_postallocation,true,2,1783313915688,0,QmNxQCkAaLmLFLMatMwgJb5bdva2owFTE2JpVTzuEA6pnQ,false
913,e6-lifecycle-20260706T045832.822659423Z-c4-real-task-0127,signed_post_evalsnapshot,true,1,1783313915690,0,QmNxQCkAaLmLFLMatMwgJb5bdva2owFTE2JpVTzuEA6pnQ,false
914,e6-lifecycle-20260706T045832.822659423Z-c4-real-task-0127,signed_vote1,true,2,1783313915691,0,QmNxQCkAaLmLFLMatMwgJb5bdva2owFTE2JpVTzuEA6pnQ,false
915,e6-lifecycle-20260706T045832.822659423Z-c4-real-task-0127,signed_vote2,true,2,1783313915693,0,QmNxQCkAaLmLFLMatMwgJb5bdva2owFTE2JpVTzuEA6pnQ,false
916,e6-lifecycle-20260706T045832.822659423Z-c4-real-task-0127,signed_settlement,true,2,1783313915695,0,QmNxQCkAaLmLFLMatMwgJb5bdva2owFTE2JpVTzuEA6pnQ,false
917,e6-lifecycle-20260706T045832.822659423Z-c4-real-task-0127,signed_query_latest,true,0,1783313915697,0,QmNxQCkAaLmLFLMatMwgJb5bdva2owFTE2JpVTzuEA6pnQ,false
918,e6-lifecycle-20260706T045832.822659423Z-c4-real-task-0127,ipfs_verify,true,8,1783313915697,0,QmNxQCkAaLmLFLMatMwgJb5bdva2owFTE2JpVTzuEA6pnQ,false
919,e6-lifecycle-20260706T045832.822659423Z-c4-real-task-0129,ipfs_add,true,61,1783313915645,6435,,false
920,e6-lifecycle-20260706T045832.822659423Z-c4-real-task-0129,signed_posttask,true,3,1783313915706,0,QmRdeeEenQRgmkxSMK2mGyLCkKoN4YhqNwubfvJSfxYpPa,false
921,e6-lifecycle-20260706T045832.822659423Z-c4-real-task-0129,signed_postallocation,true,3,1783313915709,0,QmRdeeEenQRgmkxSMK2mGyLCkKoN4YhqNwubfvJSfxYpPa,false
922,e6-lifecycle-20260706T045832.822659423Z-c4-real-task-0129,signed_post_evalsnapshot,true,2,1783313915712,0,QmRdeeEenQRgmkxSMK2mGyLCkKoN4YhqNwubfvJSfxYpPa,false
923,e6-lifecycle-20260706T045832.822659423Z-c4-real-task-0129,signed_vote1,true,2,1783313915714,0,QmRdeeEenQRgmkxSMK2mGyLCkKoN4YhqNwubfvJSfxYpPa,false
924,e6-lifecycle-20260706T045832.822659423Z-c4-real-task-0129,signed_vote2,true,2,1783313915716,0,QmRdeeEenQRgmkxSMK2mGyLCkKoN4YhqNwubfvJSfxYpPa,false
925,e6-lifecycle-20260706T045832.822659423Z-c4-real-task-0129,signed_settlement,true,2,1783313915718,0,QmRdeeEenQRgmkxSMK2mGyLCkKoN4YhqNwubfvJSfxYpPa,false
926,e6-lifecycle-20260706T045832.822659423Z-c4-real-task-0129,signed_query_latest,true,0,1783313915720,0,QmRdeeEenQRgmkxSMK2mGyLCkKoN4YhqNwubfvJSfxYpPa,false
927,e6-lifecycle-20260706T045832.822659423Z-c4-real-task-0129,ipfs_verify,true,8,1783313915720,0,QmRdeeEenQRgmkxSMK2mGyLCkKoN4YhqNwubfvJSfxYpPa,false
928,e6-lifecycle-20260706T045832.822659423Z-c4-real-task-0130,ipfs_add,true,79,1783313915656,5421,,false
929,e6-lifecycle-20260706T045832.822659423Z-c4-real-task-0130,signed_posttask,true,3,1783313915735,0,QmasDoPun8NvohoPkm66UZpwkaJFFvmh8hCVDMoxGk7S7Z,false
930,e6-lifecycle-20260706T045832.822659423Z-c4-real-task-0130,signed_postallocation,true,1,1783313915738,0,QmasDoPun8NvohoPkm66UZpwkaJFFvmh8hCVDMoxGk7S7Z,false
931,e6-lifecycle-20260706T045832.822659423Z-c4-real-task-0130,signed_post_evalsnapshot,true,2,1783313915739,0,QmasDoPun8NvohoPkm66UZpwkaJFFvmh8hCVDMoxGk7S7Z,false
932,e6-lifecycle-20260706T045832.822659423Z-c4-real-task-0130,signed_vote1,true,2,1783313915741,0,QmasDoPun8NvohoPkm66UZpwkaJFFvmh8hCVDMoxGk7S7Z,false
933,e6-lifecycle-20260706T045832.822659423Z-c4-real-task-0130,signed_vote2,true,2,1783313915743,0,QmasDoPun8NvohoPkm66UZpwkaJFFvmh8hCVDMoxGk7S7Z,false
934,e6-lifecycle-20260706T045832.822659423Z-c4-real-task-0130,signed_settlement,true,1,1783313915745,0,QmasDoPun8NvohoPkm66UZpwkaJFFvmh8hCVDMoxGk7S7Z,false
935,e6-lifecycle-20260706T045832.822659423Z-c4-real-task-0130,signed_query_latest,true,0,1783313915746,0,QmasDoPun8NvohoPkm66UZpwkaJFFvmh8hCVDMoxGk7S7Z,false
936,e6-lifecycle-20260706T045832.822659423Z-c4-real-task-0130,ipfs_verify,true,8,1783313915746,0,QmasDoPun8NvohoPkm66UZpwkaJFFvmh8hCVDMoxGk7S7Z,false
937,e6-lifecycle-20260706T045832.822659423Z-c4-real-task-0131,ipfs_add,true,71,1783313915686,5219,,false
938,e6-lifecycle-20260706T045832.822659423Z-c4-real-task-0131,signed_posttask,true,2,1783313915757,0,QmZj7xUMfzrxW16za1Jy2ZVd3iayZXWvUsAREvSyZuRbVu,false
939,e6-lifecycle-20260706T045832.822659423Z-c4-real-task-0131,signed_postallocation,true,2,1783313915759,0,QmZj7xUMfzrxW16za1Jy2ZVd3iayZXWvUsAREvSyZuRbVu,false
940,e6-lifecycle-20260706T045832.822659423Z-c4-real-task-0131,signed_post_evalsnapshot,true,2,1783313915761,0,QmZj7xUMfzrxW16za1Jy2ZVd3iayZXWvUsAREvSyZuRbVu,false
941,e6-lifecycle-20260706T045832.822659423Z-c4-real-task-0131,signed_vote1,true,1,1783313915764,0,QmZj7xUMfzrxW16za1Jy2ZVd3iayZXWvUsAREvSyZuRbVu,false
942,e6-lifecycle-20260706T045832.822659423Z-c4-real-task-0131,signed_vote2,true,2,1783313915765,0,QmZj7xUMfzrxW16za1Jy2ZVd3iayZXWvUsAREvSyZuRbVu,false
943,e6-lifecycle-20260706T045832.822659423Z-c4-real-task-0131,signed_settlement,true,2,1783313915767,0,QmZj7xUMfzrxW16za1Jy2ZVd3iayZXWvUsAREvSyZuRbVu,false
944,e6-lifecycle-20260706T045832.822659423Z-c4-real-task-0131,signed_query_latest,true,0,1783313915769,0,QmZj7xUMfzrxW16za1Jy2ZVd3iayZXWvUsAREvSyZuRbVu,false
945,e6-lifecycle-20260706T045832.822659423Z-c4-real-task-0131,ipfs_verify,true,7,1783313915769,0,QmZj7xUMfzrxW16za1Jy2ZVd3iayZXWvUsAREvSyZuRbVu,false
946,e6-lifecycle-20260706T045832.822659423Z-c4-real-task-0132,ipfs_add,true,73,1783313915705,5599,,false
947,e6-lifecycle-20260706T045832.822659423Z-c4-real-task-0132,signed_posttask,true,2,1783313915778,0,QmYCBqE2NteLr9sLnHjbiStJeVErpKho8QFCw7417W1UW7,false
948,e6-lifecycle-20260706T045832.822659423Z-c4-real-task-0132,signed_postallocation,true,2,1783313915780,0,QmYCBqE2NteLr9sLnHjbiStJeVErpKho8QFCw7417W1UW7,false
949,e6-lifecycle-20260706T045832.822659423Z-c4-real-task-0132,signed_post_evalsnapshot,true,1,1783313915782,0,QmYCBqE2NteLr9sLnHjbiStJeVErpKho8QFCw7417W1UW7,false
950,e6-lifecycle-20260706T045832.822659423Z-c4-real-task-0132,signed_vote1,true,2,1783313915783,0,QmYCBqE2NteLr9sLnHjbiStJeVErpKho8QFCw7417W1UW7,false
951,e6-lifecycle-20260706T045832.822659423Z-c4-real-task-0132,signed_vote2,true,2,1783313915785,0,QmYCBqE2NteLr9sLnHjbiStJeVErpKho8QFCw7417W1UW7,false
952,e6-lifecycle-20260706T045832.822659423Z-c4-real-task-0132,signed_settlement,true,1,1783313915787,0,QmYCBqE2NteLr9sLnHjbiStJeVErpKho8QFCw7417W1UW7,false
953,e6-lifecycle-20260706T045832.822659423Z-c4-real-task-0132,signed_query_latest,true,0,1783313915788,0,QmYCBqE2NteLr9sLnHjbiStJeVErpKho8QFCw7417W1UW7,false
954,e6-lifecycle-20260706T045832.822659423Z-c4-real-task-0132,ipfs_verify,true,12,1783313915788,0,QmYCBqE2NteLr9sLnHjbiStJeVErpKho8QFCw7417W1UW7,false
955,e6-lifecycle-20260706T045832.822659423Z-c4-real-task-0133,ipfs_add,true,80,1783313915728,4372,,false
956,e6-lifecycle-20260706T045832.822659423Z-c4-real-task-0133,signed_posttask,true,2,1783313915808,0,QmV9gx3VUoqhkXRkzRD7hEPhbZz6mSJ82UTFrCpLh1TD3b,false
957,e6-lifecycle-20260706T045832.822659423Z-c4-real-task-0133,signed_postallocation,true,2,1783313915810,0,QmV9gx3VUoqhkXRkzRD7hEPhbZz6mSJ82UTFrCpLh1TD3b,false
958,e6-lifecycle-20260706T045832.822659423Z-c4-real-task-0133,signed_post_evalsnapshot,true,2,1783313915812,0,QmV9gx3VUoqhkXRkzRD7hEPhbZz6mSJ82UTFrCpLh1TD3b,false
959,e6-lifecycle-20260706T045832.822659423Z-c4-real-task-0133,signed_vote1,true,1,1783313915814,0,QmV9gx3VUoqhkXRkzRD7hEPhbZz6mSJ82UTFrCpLh1TD3b,false
960,e6-lifecycle-20260706T045832.822659423Z-c4-real-task-0133,signed_vote2,true,2,1783313915815,0,QmV9gx3VUoqhkXRkzRD7hEPhbZz6mSJ82UTFrCpLh1TD3b,false
961,e6-lifecycle-20260706T045832.822659423Z-c4-real-task-0133,signed_settlement,true,2,1783313915817,0,QmV9gx3VUoqhkXRkzRD7hEPhbZz6mSJ82UTFrCpLh1TD3b,false
962,e6-lifecycle-20260706T045832.822659423Z-c4-real-task-0133,signed_query_latest,true,0,1783313915819,0,QmV9gx3VUoqhkXRkzRD7hEPhbZz6mSJ82UTFrCpLh1TD3b,false
963,e6-lifecycle-20260706T045832.822659423Z-c4-real-task-0133,ipfs_verify,true,8,1783313915819,0,QmV9gx3VUoqhkXRkzRD7hEPhbZz6mSJ82UTFrCpLh1TD3b,false
964,e6-lifecycle-20260706T045832.822659423Z-c4-real-task-0134,ipfs_add,true,74,1783313915755,5569,,false
965,e6-lifecycle-20260706T045832.822659423Z-c4-real-task-0134,signed_posttask,true,1,1783313915829,0,QmPW1qU3hoUSoGbD2KjbwxVen41kGxev6EBjJ6zmEFnCrD,false
966,e6-lifecycle-20260706T045832.822659423Z-c4-real-task-0134,signed_postallocation,true,2,1783313915830,0,QmPW1qU3hoUSoGbD2KjbwxVen41kGxev6EBjJ6zmEFnCrD,false
967,e6-lifecycle-20260706T045832.822659423Z-c4-real-task-0134,signed_post_evalsnapshot,true,2,1783313915832,0,QmPW1qU3hoUSoGbD2KjbwxVen41kGxev6EBjJ6zmEFnCrD,false
968,e6-lifecycle-20260706T045832.822659423Z-c4-real-task-0134,signed_vote1,true,2,1783313915834,0,QmPW1qU3hoUSoGbD2KjbwxVen41kGxev6EBjJ6zmEFnCrD,false
969,e6-lifecycle-20260706T045832.822659423Z-c4-real-task-0134,signed_vote2,true,1,1783313915836,0,QmPW1qU3hoUSoGbD2KjbwxVen41kGxev6EBjJ6zmEFnCrD,false
970,e6-lifecycle-20260706T045832.822659423Z-c4-real-task-0134,signed_settlement,true,2,1783313915837,0,QmPW1qU3hoUSoGbD2KjbwxVen41kGxev6EBjJ6zmEFnCrD,false
971,e6-lifecycle-20260706T045832.822659423Z-c4-real-task-0134,signed_query_latest,true,0,1783313915839,0,QmPW1qU3hoUSoGbD2KjbwxVen41kGxev6EBjJ6zmEFnCrD,false
972,e6-lifecycle-20260706T045832.822659423Z-c4-real-task-0134,ipfs_verify,true,6,1783313915839,0,QmPW1qU3hoUSoGbD2KjbwxVen41kGxev6EBjJ6zmEFnCrD,false
973,e6-lifecycle-20260706T045832.822659423Z-c4-real-task-0135,ipfs_add,true,75,1783313915776,6297,,false
974,e6-lifecycle-20260706T045832.822659423Z-c4-real-task-0135,signed_posttask,true,2,1783313915851,0,QmRgs6w8r3X2JvyiVmXrFPnc5Whw1EhTnEw6iDRUTAKBSq,false
975,e6-lifecycle-20260706T045832.822659423Z-c4-real-task-0135,signed_postallocation,true,2,1783313915853,0,QmRgs6w8r3X2JvyiVmXrFPnc5Whw1EhTnEw6iDRUTAKBSq,false
976,e6-lifecycle-20260706T045832.822659423Z-c4-real-task-0135,signed_post_evalsnapshot,true,5,1783313915855,0,QmRgs6w8r3X2JvyiVmXrFPnc5Whw1EhTnEw6iDRUTAKBSq,false
977,e6-lifecycle-20260706T045832.822659423Z-c4-real-task-0135,signed_vote1,true,2,1783313915860,0,QmRgs6w8r3X2JvyiVmXrFPnc5Whw1EhTnEw6iDRUTAKBSq,false
978,e6-lifecycle-20260706T045832.822659423Z-c4-real-task-0135,signed_vote2,true,2,1783313915862,0,QmRgs6w8r3X2JvyiVmXrFPnc5Whw1EhTnEw6iDRUTAKBSq,false
979,e6-lifecycle-20260706T045832.822659423Z-c4-real-task-0135,signed_settlement,true,2,1783313915864,0,QmRgs6w8r3X2JvyiVmXrFPnc5Whw1EhTnEw6iDRUTAKBSq,false
980,e6-lifecycle-20260706T045832.822659423Z-c4-real-task-0135,signed_query_latest,true,0,1783313915866,0,QmRgs6w8r3X2JvyiVmXrFPnc5Whw1EhTnEw6iDRUTAKBSq,false
981,e6-lifecycle-20260706T045832.822659423Z-c4-real-task-0136,ipfs_add,true,76,1783313915800,6870,,false
982,e6-lifecycle-20260706T045832.822659423Z-c4-real-task-0135,ipfs_verify,true,12,1783313915866,0,QmRgs6w8r3X2JvyiVmXrFPnc5Whw1EhTnEw6iDRUTAKBSq,false
983,e6-lifecycle-20260706T045832.822659423Z-c4-real-task-0136,signed_posttask,true,4,1783313915876,0,QmUPhkQr4hDrWibXiUjzuteThhvoD1pXuAQ2pvNnCtyJec,false
984,e6-lifecycle-20260706T045832.822659423Z-c4-real-task-0136,signed_postallocation,true,5,1783313915880,0,QmUPhkQr4hDrWibXiUjzuteThhvoD1pXuAQ2pvNnCtyJec,false
985,e6-lifecycle-20260706T045832.822659423Z-c4-real-task-0136,signed_post_evalsnapshot,true,1,1783313915885,0,QmUPhkQr4hDrWibXiUjzuteThhvoD1pXuAQ2pvNnCtyJec,false
986,e6-lifecycle-20260706T045832.822659423Z-c4-real-task-0136,signed_vote1,true,2,1783313915886,0,QmUPhkQr4hDrWibXiUjzuteThhvoD1pXuAQ2pvNnCtyJec,false
987,e6-lifecycle-20260706T045832.822659423Z-c4-real-task-0136,signed_vote2,true,6,1783313915888,0,QmUPhkQr4hDrWibXiUjzuteThhvoD1pXuAQ2pvNnCtyJec,false
988,e6-lifecycle-20260706T045832.822659423Z-c4-real-task-0136,signed_settlement,true,2,1783313915894,0,QmUPhkQr4hDrWibXiUjzuteThhvoD1pXuAQ2pvNnCtyJec,false
989,e6-lifecycle-20260706T045832.822659423Z-c4-real-task-0136,signed_query_latest,true,0,1783313915896,0,QmUPhkQr4hDrWibXiUjzuteThhvoD1pXuAQ2pvNnCtyJec,false
990,e6-lifecycle-20260706T045832.822659423Z-c4-real-task-0136,ipfs_verify,true,13,1783313915896,0,QmUPhkQr4hDrWibXiUjzuteThhvoD1pXuAQ2pvNnCtyJec,false
991,e6-lifecycle-20260706T045832.822659423Z-c4-real-task-0137,ipfs_add,true,95,1783313915827,7887,,false
992,e6-lifecycle-20260706T045832.822659423Z-c4-real-task-0137,signed_posttask,true,23,1783313915922,0,QmWoPof7qbWPGdMFqG2nBUciJqbqXCfAPLUDZ7bcxJMDyk,false
993,e6-lifecycle-20260706T045832.822659423Z-c4-real-task-0137,signed_postallocation,true,2,1783313915945,0,QmWoPof7qbWPGdMFqG2nBUciJqbqXCfAPLUDZ7bcxJMDyk,false
994,e6-lifecycle-20260706T045832.822659423Z-c4-real-task-0137,signed_post_evalsnapshot,true,3,1783313915947,0,QmWoPof7qbWPGdMFqG2nBUciJqbqXCfAPLUDZ7bcxJMDyk,false
995,e6-lifecycle-20260706T045832.822659423Z-c4-real-task-0137,signed_vote1,true,2,1783313915950,0,QmWoPof7qbWPGdMFqG2nBUciJqbqXCfAPLUDZ7bcxJMDyk,false
996,e6-lifecycle-20260706T045832.822659423Z-c4-real-task-0137,signed_vote2,true,2,1783313915952,0,QmWoPof7qbWPGdMFqG2nBUciJqbqXCfAPLUDZ7bcxJMDyk,false
997,e6-lifecycle-20260706T045832.822659423Z-c4-real-task-0137,signed_settlement,true,2,1783313915954,0,QmWoPof7qbWPGdMFqG2nBUciJqbqXCfAPLUDZ7bcxJMDyk,false
998,e6-lifecycle-20260706T045832.822659423Z-c4-real-task-0137,signed_query_latest,true,0,1783313915956,0,QmWoPof7qbWPGdMFqG2nBUciJqbqXCfAPLUDZ7bcxJMDyk,false
999,e6-lifecycle-20260706T045832.822659423Z-c4-real-task-0137,ipfs_verify,true,9,1783313915956,0,QmWoPof7qbWPGdMFqG2nBUciJqbqXCfAPLUDZ7bcxJMDyk,false
1000,e6-lifecycle-20260706T045832.822659423Z-c4-real-task-0138,ipfs_add,true,123,1783313915846,6123,,false
1001,e6-lifecycle-20260706T045832.822659423Z-c4-real-task-0138,signed_posttask,true,2,1783313915969,0,QmbxM1rZVTmJDLmT8oQiDaJVpa1uuVzFek4Pc5717x6PYe,false
1002,e6-lifecycle-20260706T045832.822659423Z-c4-real-task-0138,signed_postallocation,true,2,1783313915971,0,QmbxM1rZVTmJDLmT8oQiDaJVpa1uuVzFek4Pc5717x6PYe,false
1003,e6-lifecycle-20260706T045832.822659423Z-c4-real-task-0138,signed_post_evalsnapshot,true,2,1783313915973,0,QmbxM1rZVTmJDLmT8oQiDaJVpa1uuVzFek4Pc5717x6PYe,false
1004,e6-lifecycle-20260706T045832.822659423Z-c4-real-task-0138,signed_vote1,true,1,1783313915975,0,QmbxM1rZVTmJDLmT8oQiDaJVpa1uuVzFek4Pc5717x6PYe,false
1005,e6-lifecycle-20260706T045832.822659423Z-c4-real-task-0138,signed_vote2,true,2,1783313915976,0,QmbxM1rZVTmJDLmT8oQiDaJVpa1uuVzFek4Pc5717x6PYe,false
1006,e6-lifecycle-20260706T045832.822659423Z-c4-real-task-0138,signed_settlement,true,2,1783313915978,0,QmbxM1rZVTmJDLmT8oQiDaJVpa1uuVzFek4Pc5717x6PYe,false
1007,e6-lifecycle-20260706T045832.822659423Z-c4-real-task-0138,signed_query_latest,true,0,1783313915980,0,QmbxM1rZVTmJDLmT8oQiDaJVpa1uuVzFek4Pc5717x6PYe,false
1008,e6-lifecycle-20260706T045832.822659423Z-c4-real-task-0138,ipfs_verify,true,9,1783313915980,0,QmbxM1rZVTmJDLmT8oQiDaJVpa1uuVzFek4Pc5717x6PYe,false
1009,e6-lifecycle-20260706T045832.822659423Z-c4-real-task-0139,ipfs_add,true,118,1783313915878,6068,,false
1010,e6-lifecycle-20260706T045832.822659423Z-c4-real-task-0139,signed_posttask,true,15,1783313915996,0,QmcYTUAPQTyEWywqTmthoC8xdU1HHnjNHDDrwpWHCUcep9,false
1011,e6-lifecycle-20260706T045832.822659423Z-c4-real-task-0139,signed_postallocation,true,2,1783313916011,0,QmcYTUAPQTyEWywqTmthoC8xdU1HHnjNHDDrwpWHCUcep9,false
1012,e6-lifecycle-20260706T045832.822659423Z-c4-real-task-0139,signed_post_evalsnapshot,true,3,1783313916013,0,QmcYTUAPQTyEWywqTmthoC8xdU1HHnjNHDDrwpWHCUcep9,false
1013,e6-lifecycle-20260706T045832.822659423Z-c4-real-task-0139,signed_vote1,true,2,1783313916016,0,QmcYTUAPQTyEWywqTmthoC8xdU1HHnjNHDDrwpWHCUcep9,false
1014,e6-lifecycle-20260706T045832.822659423Z-c4-real-task-0139,signed_vote2,true,2,1783313916018,0,QmcYTUAPQTyEWywqTmthoC8xdU1HHnjNHDDrwpWHCUcep9,false
1015,e6-lifecycle-20260706T045832.822659423Z-c4-real-task-0139,signed_settlement,true,2,1783313916020,0,QmcYTUAPQTyEWywqTmthoC8xdU1HHnjNHDDrwpWHCUcep9,false
1016,e6-lifecycle-20260706T045832.822659423Z-c4-real-task-0139,signed_query_latest,true,0,1783313916022,0,QmcYTUAPQTyEWywqTmthoC8xdU1HHnjNHDDrwpWHCUcep9,false
1017,e6-lifecycle-20260706T045832.822659423Z-c4-real-task-0139,ipfs_verify,true,12,1783313916022,0,QmcYTUAPQTyEWywqTmthoC8xdU1HHnjNHDDrwpWHCUcep9,false
1018,e6-lifecycle-20260706T045832.822659423Z-c4-real-task-0140,ipfs_add,true,129,1783313915910,3566,,false
1019,e6-lifecycle-20260706T045832.822659423Z-c4-real-task-0140,signed_posttask,true,1,1783313916039,0,QmbKUL6FKk5HdN2RKMY4E5T2YgBw8gzyMB9qqscewgU2PM,false
1020,e6-lifecycle-20260706T045832.822659423Z-c4-real-task-0140,signed_postallocation,true,2,1783313916040,0,QmbKUL6FKk5HdN2RKMY4E5T2YgBw8gzyMB9qqscewgU2PM,false
1021,e6-lifecycle-20260706T045832.822659423Z-c4-real-task-0140,signed_post_evalsnapshot,true,2,1783313916042,0,QmbKUL6FKk5HdN2RKMY4E5T2YgBw8gzyMB9qqscewgU2PM,false
1022,e6-lifecycle-20260706T045832.822659423Z-c4-real-task-0140,signed_vote1,true,1,1783313916044,0,QmbKUL6FKk5HdN2RKMY4E5T2YgBw8gzyMB9qqscewgU2PM,false
1023,e6-lifecycle-20260706T045832.822659423Z-c4-real-task-0140,signed_vote2,true,3,1783313916045,0,QmbKUL6FKk5HdN2RKMY4E5T2YgBw8gzyMB9qqscewgU2PM,false
1024,e6-lifecycle-20260706T045832.822659423Z-c4-real-task-0140,signed_settlement,true,2,1783313916048,0,QmbKUL6FKk5HdN2RKMY4E5T2YgBw8gzyMB9qqscewgU2PM,false
1025,e6-lifecycle-20260706T045832.822659423Z-c4-real-task-0140,signed_query_latest,true,0,1783313916050,0,QmbKUL6FKk5HdN2RKMY4E5T2YgBw8gzyMB9qqscewgU2PM,false
1026,e6-lifecycle-20260706T045832.822659423Z-c4-real-task-0140,ipfs_verify,true,9,1783313916050,0,QmbKUL6FKk5HdN2RKMY4E5T2YgBw8gzyMB9qqscewgU2PM,false
1027,e6-lifecycle-20260706T045832.822659423Z-c4-real-task-0141,ipfs_add,true,100,1783313915965,3943,,false
1028,e6-lifecycle-20260706T045832.822659423Z-c4-real-task-0141,signed_posttask,true,2,1783313916065,0,QmU8ccPSVuF7qqoiKy2DMjjWHVge9mBhGy7hX3oM4mFnxu,false
1029,e6-lifecycle-20260706T045832.822659423Z-c4-real-task-0141,signed_postallocation,true,1,1783313916067,0,QmU8ccPSVuF7qqoiKy2DMjjWHVge9mBhGy7hX3oM4mFnxu,false
1030,e6-lifecycle-20260706T045832.822659423Z-c4-real-task-0141,signed_post_evalsnapshot,true,2,1783313916068,0,QmU8ccPSVuF7qqoiKy2DMjjWHVge9mBhGy7hX3oM4mFnxu,false
1031,e6-lifecycle-20260706T045832.822659423Z-c4-real-task-0141,signed_vote1,true,5,1783313916070,0,QmU8ccPSVuF7qqoiKy2DMjjWHVge9mBhGy7hX3oM4mFnxu,false
1032,e6-lifecycle-20260706T045832.822659423Z-c4-real-task-0141,signed_vote2,true,3,1783313916075,0,QmU8ccPSVuF7qqoiKy2DMjjWHVge9mBhGy7hX3oM4mFnxu,false
1033,e6-lifecycle-20260706T045832.822659423Z-c4-real-task-0141,signed_settlement,true,2,1783313916078,0,QmU8ccPSVuF7qqoiKy2DMjjWHVge9mBhGy7hX3oM4mFnxu,false
1034,e6-lifecycle-20260706T045832.822659423Z-c4-real-task-0141,signed_query_latest,true,0,1783313916080,0,QmU8ccPSVuF7qqoiKy2DMjjWHVge9mBhGy7hX3oM4mFnxu,false
1035,e6-lifecycle-20260706T045832.822659423Z-c4-real-task-0142,ipfs_add,true,100,1783313915989,4723,,false
1036,e6-lifecycle-20260706T045832.822659423Z-c4-real-task-0142,signed_posttask,true,3,1783313916089,0,QmU3gpt8BjdpgMNTTBdF3QXFR37K5SeqUjAYEdmDDig4s5,false
1037,e6-lifecycle-20260706T045832.822659423Z-c4-real-task-0142,signed_postallocation,true,1,1783313916092,0,QmU3gpt8BjdpgMNTTBdF3QXFR37K5SeqUjAYEdmDDig4s5,false
1038,e6-lifecycle-20260706T045832.822659423Z-c4-real-task-0141,ipfs_verify,true,15,1783313916080,0,QmU8ccPSVuF7qqoiKy2DMjjWHVge9mBhGy7hX3oM4mFnxu,false
1039,e6-lifecycle-20260706T045832.822659423Z-c4-real-task-0142,signed_post_evalsnapshot,true,2,1783313916093,0,QmU3gpt8BjdpgMNTTBdF3QXFR37K5SeqUjAYEdmDDig4s5,false
1040,e6-lifecycle-20260706T045832.822659423Z-c4-real-task-0142,signed_vote1,true,2,1783313916095,0,QmU3gpt8BjdpgMNTTBdF3QXFR37K5SeqUjAYEdmDDig4s5,false
1041,e6-lifecycle-20260706T045832.822659423Z-c4-real-task-0142,signed_vote2,true,2,1783313916097,0,QmU3gpt8BjdpgMNTTBdF3QXFR37K5SeqUjAYEdmDDig4s5,false
1042,e6-lifecycle-20260706T045832.822659423Z-c4-real-task-0142,signed_settlement,true,1,1783313916099,0,QmU3gpt8BjdpgMNTTBdF3QXFR37K5SeqUjAYEdmDDig4s5,false
1043,e6-lifecycle-20260706T045832.822659423Z-c4-real-task-0142,signed_query_latest,true,0,1783313916100,0,QmU3gpt8BjdpgMNTTBdF3QXFR37K5SeqUjAYEdmDDig4s5,false
1044,e6-lifecycle-20260706T045832.822659423Z-c4-real-task-0142,ipfs_verify,true,10,1783313916100,0,QmU3gpt8BjdpgMNTTBdF3QXFR37K5SeqUjAYEdmDDig4s5,false
1045,e6-lifecycle-20260706T045832.822659423Z-c4-real-task-0143,ipfs_add,true,80,1783313916034,4660,,false
1046,e6-lifecycle-20260706T045832.822659423Z-c4-real-task-0143,signed_posttask,true,2,1783313916114,0,QmTVqeXCxoxwjjanTn4HJUbLVnB4bpVmZgGrTummJ1AQqo,false
1047,e6-lifecycle-20260706T045832.822659423Z-c4-real-task-0143,signed_postallocation,true,2,1783313916116,0,QmTVqeXCxoxwjjanTn4HJUbLVnB4bpVmZgGrTummJ1AQqo,false
1048,e6-lifecycle-20260706T045832.822659423Z-c4-real-task-0143,signed_post_evalsnapshot,true,2,1783313916118,0,QmTVqeXCxoxwjjanTn4HJUbLVnB4bpVmZgGrTummJ1AQqo,false
1049,e6-lifecycle-20260706T045832.822659423Z-c4-real-task-0143,signed_vote1,true,2,1783313916120,0,QmTVqeXCxoxwjjanTn4HJUbLVnB4bpVmZgGrTummJ1AQqo,false
1050,e6-lifecycle-20260706T045832.822659423Z-c4-real-task-0143,signed_vote2,true,2,1783313916122,0,QmTVqeXCxoxwjjanTn4HJUbLVnB4bpVmZgGrTummJ1AQqo,false
1051,e6-lifecycle-20260706T045832.822659423Z-c4-real-task-0143,signed_settlement,true,2,1783313916124,0,QmTVqeXCxoxwjjanTn4HJUbLVnB4bpVmZgGrTummJ1AQqo,false
1052,e6-lifecycle-20260706T045832.822659423Z-c4-real-task-0143,signed_query_latest,true,0,1783313916126,0,QmTVqeXCxoxwjjanTn4HJUbLVnB4bpVmZgGrTummJ1AQqo,false
1053,e6-lifecycle-20260706T045832.822659423Z-c4-real-task-0143,ipfs_verify,true,19,1783313916126,0,QmTVqeXCxoxwjjanTn4HJUbLVnB4bpVmZgGrTummJ1AQqo,false
1054,e6-lifecycle-20260706T045832.822659423Z-c4-real-task-0144,ipfs_add,true,92,1783313916059,4312,,false
1055,e6-lifecycle-20260706T045832.822659423Z-c4-real-task-0144,signed_posttask,true,3,1783313916151,0,QmQZAxaxKLLJQ3P2WWPiuXefNDpmhXdj7A3T7qaNxDGnnf,false
1056,e6-lifecycle-20260706T045832.822659423Z-c4-real-task-0144,signed_postallocation,true,2,1783313916154,0,QmQZAxaxKLLJQ3P2WWPiuXefNDpmhXdj7A3T7qaNxDGnnf,false
1057,e6-lifecycle-20260706T045832.822659423Z-c4-real-task-0144,signed_post_evalsnapshot,true,2,1783313916156,0,QmQZAxaxKLLJQ3P2WWPiuXefNDpmhXdj7A3T7qaNxDGnnf,false
1058,e6-lifecycle-20260706T045832.822659423Z-c4-real-task-0144,signed_vote1,true,2,1783313916158,0,QmQZAxaxKLLJQ3P2WWPiuXefNDpmhXdj7A3T7qaNxDGnnf,false
1059,e6-lifecycle-20260706T045832.822659423Z-c4-real-task-0144,signed_vote2,true,2,1783313916160,0,QmQZAxaxKLLJQ3P2WWPiuXefNDpmhXdj7A3T7qaNxDGnnf,false
1060,e6-lifecycle-20260706T045832.822659423Z-c4-real-task-0144,signed_settlement,true,1,1783313916162,0,QmQZAxaxKLLJQ3P2WWPiuXefNDpmhXdj7A3T7qaNxDGnnf,false
1061,e6-lifecycle-20260706T045832.822659423Z-c4-real-task-0144,signed_query_latest,true,0,1783313916163,0,QmQZAxaxKLLJQ3P2WWPiuXefNDpmhXdj7A3T7qaNxDGnnf,false
1062,e6-lifecycle-20260706T045832.822659423Z-c4-real-task-0144,ipfs_verify,true,13,1783313916163,0,QmQZAxaxKLLJQ3P2WWPiuXefNDpmhXdj7A3T7qaNxDGnnf,false
1063,e6-lifecycle-20260706T045832.822659423Z-c4-real-task-0145,ipfs_add,true,85,1783313916095,5462,,false
1064,e6-lifecycle-20260706T045832.822659423Z-c4-real-task-0145,signed_posttask,true,2,1783313916180,0,QmQawzw1KxV8h7JpxSeDVLwBKMdBrxUCm6dAZkW6LZqh7T,false
1065,e6-lifecycle-20260706T045832.822659423Z-c4-real-task-0145,signed_postallocation,true,2,1783313916182,0,QmQawzw1KxV8h7JpxSeDVLwBKMdBrxUCm6dAZkW6LZqh7T,false
1066,e6-lifecycle-20260706T045832.822659423Z-c4-real-task-0145,signed_post_evalsnapshot,true,2,1783313916184,0,QmQawzw1KxV8h7JpxSeDVLwBKMdBrxUCm6dAZkW6LZqh7T,false
1067,e6-lifecycle-20260706T045832.822659423Z-c4-real-task-0145,signed_vote1,true,3,1783313916186,0,QmQawzw1KxV8h7JpxSeDVLwBKMdBrxUCm6dAZkW6LZqh7T,false
1068,e6-lifecycle-20260706T045832.822659423Z-c4-real-task-0145,signed_vote2,true,2,1783313916189,0,QmQawzw1KxV8h7JpxSeDVLwBKMdBrxUCm6dAZkW6LZqh7T,false
1069,e6-lifecycle-20260706T045832.822659423Z-c4-real-task-0145,signed_settlement,true,2,1783313916191,0,QmQawzw1KxV8h7JpxSeDVLwBKMdBrxUCm6dAZkW6LZqh7T,false
1070,e6-lifecycle-20260706T045832.822659423Z-c4-real-task-0145,signed_query_latest,true,0,1783313916193,0,QmQawzw1KxV8h7JpxSeDVLwBKMdBrxUCm6dAZkW6LZqh7T,false
1071,e6-lifecycle-20260706T045832.822659423Z-c4-real-task-0146,ipfs_add,true,89,1783313916110,5475,,false
1072,e6-lifecycle-20260706T045832.822659423Z-c4-real-task-0145,ipfs_verify,true,7,1783313916193,0,QmQawzw1KxV8h7JpxSeDVLwBKMdBrxUCm6dAZkW6LZqh7T,false
1073,e6-lifecycle-20260706T045832.822659423Z-c4-real-task-0146,signed_posttask,true,3,1783313916199,0,QmTMCQj8BgjN1EopLd1uCHtQPJNQPLrifD8h5c2wtJkq4h,false
1074,e6-lifecycle-20260706T045832.822659423Z-c4-real-task-0146,signed_postallocation,true,2,1783313916202,0,QmTMCQj8BgjN1EopLd1uCHtQPJNQPLrifD8h5c2wtJkq4h,false
1075,e6-lifecycle-20260706T045832.822659423Z-c4-real-task-0146,signed_post_evalsnapshot,true,1,1783313916204,0,QmTMCQj8BgjN1EopLd1uCHtQPJNQPLrifD8h5c2wtJkq4h,false
1076,e6-lifecycle-20260706T045832.822659423Z-c4-real-task-0146,signed_vote1,true,11,1783313916205,0,QmTMCQj8BgjN1EopLd1uCHtQPJNQPLrifD8h5c2wtJkq4h,false
1077,e6-lifecycle-20260706T045832.822659423Z-c4-real-task-0146,signed_vote2,true,2,1783313916216,0,QmTMCQj8BgjN1EopLd1uCHtQPJNQPLrifD8h5c2wtJkq4h,false
1078,e6-lifecycle-20260706T045832.822659423Z-c4-real-task-0146,signed_settlement,true,1,1783313916218,0,QmTMCQj8BgjN1EopLd1uCHtQPJNQPLrifD8h5c2wtJkq4h,false
1079,e6-lifecycle-20260706T045832.822659423Z-c4-real-task-0146,signed_query_latest,true,0,1783313916219,0,QmTMCQj8BgjN1EopLd1uCHtQPJNQPLrifD8h5c2wtJkq4h,false
1080,e6-lifecycle-20260706T045832.822659423Z-c4-real-task-0146,ipfs_verify,true,8,1783313916219,0,QmTMCQj8BgjN1EopLd1uCHtQPJNQPLrifD8h5c2wtJkq4h,false
1081,e6-lifecycle-20260706T045832.822659423Z-c4-real-task-0147,ipfs_add,true,82,1783313916145,4284,,false
1082,e6-lifecycle-20260706T045832.822659423Z-c4-real-task-0147,signed_posttask,true,3,1783313916227,0,QmaFJBETp4JJdAzBH3NfaGGXCVai8pRVmMEDArMatXyrJg,false
1083,e6-lifecycle-20260706T045832.822659423Z-c4-real-task-0147,signed_postallocation,true,2,1783313916230,0,QmaFJBETp4JJdAzBH3NfaGGXCVai8pRVmMEDArMatXyrJg,false
1084,e6-lifecycle-20260706T045832.822659423Z-c4-real-task-0147,signed_post_evalsnapshot,true,2,1783313916232,0,QmaFJBETp4JJdAzBH3NfaGGXCVai8pRVmMEDArMatXyrJg,false
1085,e6-lifecycle-20260706T045832.822659423Z-c4-real-task-0147,signed_vote1,true,1,1783313916234,0,QmaFJBETp4JJdAzBH3NfaGGXCVai8pRVmMEDArMatXyrJg,false
1086,e6-lifecycle-20260706T045832.822659423Z-c4-real-task-0147,signed_vote2,true,2,1783313916235,0,QmaFJBETp4JJdAzBH3NfaGGXCVai8pRVmMEDArMatXyrJg,false
1087,e6-lifecycle-20260706T045832.822659423Z-c4-real-task-0147,signed_settlement,true,2,1783313916237,0,QmaFJBETp4JJdAzBH3NfaGGXCVai8pRVmMEDArMatXyrJg,false
1088,e6-lifecycle-20260706T045832.822659423Z-c4-real-task-0147,signed_query_latest,true,0,1783313916239,0,QmaFJBETp4JJdAzBH3NfaGGXCVai8pRVmMEDArMatXyrJg,false
1089,e6-lifecycle-20260706T045832.822659423Z-c4-real-task-0147,ipfs_verify,true,7,1783313916239,0,QmaFJBETp4JJdAzBH3NfaGGXCVai8pRVmMEDArMatXyrJg,false
1090,e6-lifecycle-20260706T045832.822659423Z-c4-real-task-0148,ipfs_add,true,71,1783313916176,5640,,false
1091,e6-lifecycle-20260706T045832.822659423Z-c4-real-task-0148,signed_posttask,true,2,1783313916247,0,QmdfWtEvP6wCkESL2DE4rXkFf4ZAEuqAaWhur95DF4ivC9,false
1092,e6-lifecycle-20260706T045832.822659423Z-c4-real-task-0148,signed_postallocation,true,1,1783313916249,0,QmdfWtEvP6wCkESL2DE4rXkFf4ZAEuqAaWhur95DF4ivC9,false
1093,e6-lifecycle-20260706T045832.822659423Z-c4-real-task-0148,signed_post_evalsnapshot,true,2,1783313916250,0,QmdfWtEvP6wCkESL2DE4rXkFf4ZAEuqAaWhur95DF4ivC9,false
1094,e6-lifecycle-20260706T045832.822659423Z-c4-real-task-0148,signed_vote1,true,2,1783313916252,0,QmdfWtEvP6wCkESL2DE4rXkFf4ZAEuqAaWhur95DF4ivC9,false
1095,e6-lifecycle-20260706T045832.822659423Z-c4-real-task-0148,signed_vote2,true,2,1783313916254,0,QmdfWtEvP6wCkESL2DE4rXkFf4ZAEuqAaWhur95DF4ivC9,false
1096,e6-lifecycle-20260706T045832.822659423Z-c4-real-task-0148,signed_settlement,true,2,1783313916256,0,QmdfWtEvP6wCkESL2DE4rXkFf4ZAEuqAaWhur95DF4ivC9,false
1097,e6-lifecycle-20260706T045832.822659423Z-c4-real-task-0148,signed_query_latest,true,0,1783313916258,0,QmdfWtEvP6wCkESL2DE4rXkFf4ZAEuqAaWhur95DF4ivC9,false
1098,e6-lifecycle-20260706T045832.822659423Z-c4-real-task-0148,ipfs_verify,true,9,1783313916258,0,QmdfWtEvP6wCkESL2DE4rXkFf4ZAEuqAaWhur95DF4ivC9,false
1099,e6-lifecycle-20260706T045832.822659423Z-c4-real-task-0149,ipfs_add,true,71,1783313916200,2546,,false
1100,e6-lifecycle-20260706T045832.822659423Z-c4-real-task-0149,signed_posttask,true,2,1783313916271,0,QmauYMYLrj6Qa4iDEtbq6r8Nut8Mam7NzrHGxXBG78msQ1,false
1101,e6-lifecycle-20260706T045832.822659423Z-c4-real-task-0149,signed_postallocation,true,1,1783313916273,0,QmauYMYLrj6Qa4iDEtbq6r8Nut8Mam7NzrHGxXBG78msQ1,false
1102,e6-lifecycle-20260706T045832.822659423Z-c4-real-task-0149,signed_post_evalsnapshot,true,2,1783313916274,0,QmauYMYLrj6Qa4iDEtbq6r8Nut8Mam7NzrHGxXBG78msQ1,false
1103,e6-lifecycle-20260706T045832.822659423Z-c4-real-task-0149,signed_vote1,true,3,1783313916276,0,QmauYMYLrj6Qa4iDEtbq6r8Nut8Mam7NzrHGxXBG78msQ1,false
1104,e6-lifecycle-20260706T045832.822659423Z-c4-real-task-0149,signed_vote2,true,2,1783313916279,0,QmauYMYLrj6Qa4iDEtbq6r8Nut8Mam7NzrHGxXBG78msQ1,false
1105,e6-lifecycle-20260706T045832.822659423Z-c4-real-task-0149,signed_settlement,true,2,1783313916281,0,QmauYMYLrj6Qa4iDEtbq6r8Nut8Mam7NzrHGxXBG78msQ1,false
1106,e6-lifecycle-20260706T045832.822659423Z-c4-real-task-0149,signed_query_latest,true,0,1783313916283,0,QmauYMYLrj6Qa4iDEtbq6r8Nut8Mam7NzrHGxXBG78msQ1,false
1107,e6-lifecycle-20260706T045832.822659423Z-c4-real-task-0149,ipfs_verify,true,7,1783313916283,0,QmauYMYLrj6Qa4iDEtbq6r8Nut8Mam7NzrHGxXBG78msQ1,false
1108,e6-lifecycle-20260706T045832.822659423Z-c4-real-task-0150,ipfs_add,true,67,1783313916227,1854,,false
1109,e6-lifecycle-20260706T045832.822659423Z-c4-real-task-0150,signed_posttask,true,1,1783313916294,0,Qmai7UoY48iFcYWTQWg3KAhEtCNFhrWvnyLa9J1qYPcDzG,false
1110,e6-lifecycle-20260706T045832.822659423Z-c4-real-task-0150,signed_postallocation,true,2,1783313916295,0,Qmai7UoY48iFcYWTQWg3KAhEtCNFhrWvnyLa9J1qYPcDzG,false
1111,e6-lifecycle-20260706T045832.822659423Z-c4-real-task-0150,signed_post_evalsnapshot,true,2,1783313916297,0,Qmai7UoY48iFcYWTQWg3KAhEtCNFhrWvnyLa9J1qYPcDzG,false
1112,e6-lifecycle-20260706T045832.822659423Z-c4-real-task-0150,signed_vote1,true,2,1783313916299,0,Qmai7UoY48iFcYWTQWg3KAhEtCNFhrWvnyLa9J1qYPcDzG,false
1113,e6-lifecycle-20260706T045832.822659423Z-c4-real-task-0150,signed_vote2,true,1,1783313916301,0,Qmai7UoY48iFcYWTQWg3KAhEtCNFhrWvnyLa9J1qYPcDzG,false
1114,e6-lifecycle-20260706T045832.822659423Z-c4-real-task-0150,signed_settlement,true,2,1783313916302,0,Qmai7UoY48iFcYWTQWg3KAhEtCNFhrWvnyLa9J1qYPcDzG,false
1115,e6-lifecycle-20260706T045832.822659423Z-c4-real-task-0150,signed_query_latest,true,0,1783313916304,0,Qmai7UoY48iFcYWTQWg3KAhEtCNFhrWvnyLa9J1qYPcDzG,false
1116,e6-lifecycle-20260706T045832.822659423Z-c4-real-task-0150,ipfs_verify,true,10,1783313916304,0,Qmai7UoY48iFcYWTQWg3KAhEtCNFhrWvnyLa9J1qYPcDzG,false
1117,e6-lifecycle-20260706T045832.822659423Z-c4-real-task-0151,ipfs_add,true,74,1783313916246,8145,,false
1118,e6-lifecycle-20260706T045832.822659423Z-c4-real-task-0151,signed_posttask,true,2,1783313916320,0,QmeY5sC4Xv3La4heuKD61xoMY8zD7nwjwXk76bcuFjtHdG,false
1119,e6-lifecycle-20260706T045832.822659423Z-c4-real-task-0151,signed_postallocation,true,2,1783313916322,0,QmeY5sC4Xv3La4heuKD61xoMY8zD7nwjwXk76bcuFjtHdG,false
1120,e6-lifecycle-20260706T045832.822659423Z-c4-real-task-0151,signed_post_evalsnapshot,true,1,1783313916324,0,QmeY5sC4Xv3La4heuKD61xoMY8zD7nwjwXk76bcuFjtHdG,false
1121,e6-lifecycle-20260706T045832.822659423Z-c4-real-task-0151,signed_vote1,true,3,1783313916325,0,QmeY5sC4Xv3La4heuKD61xoMY8zD7nwjwXk76bcuFjtHdG,false
1122,e6-lifecycle-20260706T045832.822659423Z-c4-real-task-0151,signed_vote2,true,2,1783313916328,0,QmeY5sC4Xv3La4heuKD61xoMY8zD7nwjwXk76bcuFjtHdG,false
1123,e6-lifecycle-20260706T045832.822659423Z-c4-real-task-0151,signed_settlement,true,1,1783313916330,0,QmeY5sC4Xv3La4heuKD61xoMY8zD7nwjwXk76bcuFjtHdG,false
1124,e6-lifecycle-20260706T045832.822659423Z-c4-real-task-0151,signed_query_latest,true,0,1783313916331,0,QmeY5sC4Xv3La4heuKD61xoMY8zD7nwjwXk76bcuFjtHdG,false
1125,e6-lifecycle-20260706T045832.822659423Z-c4-real-task-0151,ipfs_verify,true,14,1783313916331,0,QmeY5sC4Xv3La4heuKD61xoMY8zD7nwjwXk76bcuFjtHdG,false
1126,e6-lifecycle-20260706T045832.822659423Z-c4-real-task-0152,ipfs_add,true,85,1783313916267,1875,,false
1127,e6-lifecycle-20260706T045832.822659423Z-c4-real-task-0152,signed_posttask,true,3,1783313916352,0,QmPmVehraUyhMbSn9HCTL8q359r1tCfXC2uYfULpBHLvjP,false
1128,e6-lifecycle-20260706T045832.822659423Z-c4-real-task-0152,signed_postallocation,true,1,1783313916355,0,QmPmVehraUyhMbSn9HCTL8q359r1tCfXC2uYfULpBHLvjP,false
1129,e6-lifecycle-20260706T045832.822659423Z-c4-real-task-0152,signed_post_evalsnapshot,true,2,1783313916356,0,QmPmVehraUyhMbSn9HCTL8q359r1tCfXC2uYfULpBHLvjP,false
1130,e6-lifecycle-20260706T045832.822659423Z-c4-real-task-0152,signed_vote1,true,2,1783313916358,0,QmPmVehraUyhMbSn9HCTL8q359r1tCfXC2uYfULpBHLvjP,false
1131,e6-lifecycle-20260706T045832.822659423Z-c4-real-task-0152,signed_vote2,true,1,1783313916360,0,QmPmVehraUyhMbSn9HCTL8q359r1tCfXC2uYfULpBHLvjP,false
1132,e6-lifecycle-20260706T045832.822659423Z-c4-real-task-0152,signed_settlement,true,3,1783313916361,0,QmPmVehraUyhMbSn9HCTL8q359r1tCfXC2uYfULpBHLvjP,false
1133,e6-lifecycle-20260706T045832.822659423Z-c4-real-task-0152,signed_query_latest,true,0,1783313916364,0,QmPmVehraUyhMbSn9HCTL8q359r1tCfXC2uYfULpBHLvjP,false
1134,e6-lifecycle-20260706T045832.822659423Z-c4-real-task-0152,ipfs_verify,true,8,1783313916364,0,QmPmVehraUyhMbSn9HCTL8q359r1tCfXC2uYfULpBHLvjP,false
1135,e6-lifecycle-20260706T045832.822659423Z-c4-real-task-0153,ipfs_add,true,91,1783313916290,1788,,false
1136,e6-lifecycle-20260706T045832.822659423Z-c4-real-task-0153,signed_posttask,true,2,1783313916381,0,QmRZHsRgbCA4gkEdt79xRJkB1H6eYmgZjWvtkeZDXPP6aA,false
1137,e6-lifecycle-20260706T045832.822659423Z-c4-real-task-0153,signed_postallocation,true,1,1783313916383,0,QmRZHsRgbCA4gkEdt79xRJkB1H6eYmgZjWvtkeZDXPP6aA,false
1138,e6-lifecycle-20260706T045832.822659423Z-c4-real-task-0153,signed_post_evalsnapshot,true,2,1783313916384,0,QmRZHsRgbCA4gkEdt79xRJkB1H6eYmgZjWvtkeZDXPP6aA,false
1139,e6-lifecycle-20260706T045832.822659423Z-c4-real-task-0153,signed_vote1,true,2,1783313916386,0,QmRZHsRgbCA4gkEdt79xRJkB1H6eYmgZjWvtkeZDXPP6aA,false
1140,e6-lifecycle-20260706T045832.822659423Z-c4-real-task-0153,signed_vote2,true,3,1783313916388,0,QmRZHsRgbCA4gkEdt79xRJkB1H6eYmgZjWvtkeZDXPP6aA,false
1141,e6-lifecycle-20260706T045832.822659423Z-c4-real-task-0153,signed_settlement,true,2,1783313916391,0,QmRZHsRgbCA4gkEdt79xRJkB1H6eYmgZjWvtkeZDXPP6aA,false
1142,e6-lifecycle-20260706T045832.822659423Z-c4-real-task-0153,signed_query_latest,true,0,1783313916393,0,QmRZHsRgbCA4gkEdt79xRJkB1H6eYmgZjWvtkeZDXPP6aA,false
1143,e6-lifecycle-20260706T045832.822659423Z-c4-real-task-0153,ipfs_verify,true,12,1783313916393,0,QmRZHsRgbCA4gkEdt79xRJkB1H6eYmgZjWvtkeZDXPP6aA,false
1144,e6-lifecycle-20260706T045832.822659423Z-c4-real-task-0154,ipfs_add,true,95,1783313916314,1793,,false
1145,e6-lifecycle-20260706T045832.822659423Z-c4-real-task-0154,signed_posttask,true,2,1783313916409,0,QmP1smz82VDmVYAjCDQXQL3tQyjhLY9AZx4ihRR3bmQmqR,false
1146,e6-lifecycle-20260706T045832.822659423Z-c4-real-task-0154,signed_postallocation,true,2,1783313916411,0,QmP1smz82VDmVYAjCDQXQL3tQyjhLY9AZx4ihRR3bmQmqR,false
1147,e6-lifecycle-20260706T045832.822659423Z-c4-real-task-0154,signed_post_evalsnapshot,true,1,1783313916413,0,QmP1smz82VDmVYAjCDQXQL3tQyjhLY9AZx4ihRR3bmQmqR,false
1148,e6-lifecycle-20260706T045832.822659423Z-c4-real-task-0154,signed_vote1,true,2,1783313916414,0,QmP1smz82VDmVYAjCDQXQL3tQyjhLY9AZx4ihRR3bmQmqR,false
1149,e6-lifecycle-20260706T045832.822659423Z-c4-real-task-0154,signed_vote2,true,3,1783313916416,0,QmP1smz82VDmVYAjCDQXQL3tQyjhLY9AZx4ihRR3bmQmqR,false
1150,e6-lifecycle-20260706T045832.822659423Z-c4-real-task-0154,signed_settlement,true,1,1783313916419,0,QmP1smz82VDmVYAjCDQXQL3tQyjhLY9AZx4ihRR3bmQmqR,false
1151,e6-lifecycle-20260706T045832.822659423Z-c4-real-task-0154,signed_query_latest,true,0,1783313916420,0,QmP1smz82VDmVYAjCDQXQL3tQyjhLY9AZx4ihRR3bmQmqR,false
1152,e6-lifecycle-20260706T045832.822659423Z-c4-real-task-0154,ipfs_verify,true,10,1783313916420,0,QmP1smz82VDmVYAjCDQXQL3tQyjhLY9AZx4ihRR3bmQmqR,false
1153,e6-lifecycle-20260706T045832.822659423Z-c4-real-task-0155,ipfs_add,true,87,1783313916345,1762,,false
1154,e6-lifecycle-20260706T045832.822659423Z-c4-real-task-0155,signed_posttask,true,2,1783313916432,0,QmZKGWeYUaSbmhea5zAe3URkAmm7YgQGteWNmKZR7217eJ,false
1155,e6-lifecycle-20260706T045832.822659423Z-c4-real-task-0155,signed_postallocation,true,2,1783313916434,0,QmZKGWeYUaSbmhea5zAe3URkAmm7YgQGteWNmKZR7217eJ,false
1156,e6-lifecycle-20260706T045832.822659423Z-c4-real-task-0155,signed_post_evalsnapshot,true,1,1783313916436,0,QmZKGWeYUaSbmhea5zAe3URkAmm7YgQGteWNmKZR7217eJ,false
1157,e6-lifecycle-20260706T045832.822659423Z-c4-real-task-0155,signed_vote1,true,2,1783313916437,0,QmZKGWeYUaSbmhea5zAe3URkAmm7YgQGteWNmKZR7217eJ,false
1158,e6-lifecycle-20260706T045832.822659423Z-c4-real-task-0155,signed_vote2,true,2,1783313916439,0,QmZKGWeYUaSbmhea5zAe3URkAmm7YgQGteWNmKZR7217eJ,false
1159,e6-lifecycle-20260706T045832.822659423Z-c4-real-task-0155,signed_settlement,true,2,1783313916441,0,QmZKGWeYUaSbmhea5zAe3URkAmm7YgQGteWNmKZR7217eJ,false
1160,e6-lifecycle-20260706T045832.822659423Z-c4-real-task-0155,signed_query_latest,true,0,1783313916443,0,QmZKGWeYUaSbmhea5zAe3URkAmm7YgQGteWNmKZR7217eJ,false
1161,e6-lifecycle-20260706T045832.822659423Z-c4-real-task-0155,ipfs_verify,true,7,1783313916443,0,QmZKGWeYUaSbmhea5zAe3URkAmm7YgQGteWNmKZR7217eJ,false
1162,e6-lifecycle-20260706T045832.822659423Z-c4-real-task-0156,ipfs_add,true,80,1783313916372,5744,,false
1163,e6-lifecycle-20260706T045832.822659423Z-c4-real-task-0156,signed_posttask,true,3,1783313916452,0,QmSqr1qUgBC93JV58qSDUGhGxFsKaVMkP8Lc2oQULWUSmz,false
1164,e6-lifecycle-20260706T045832.822659423Z-c4-real-task-0156,signed_postallocation,true,2,1783313916455,0,QmSqr1qUgBC93JV58qSDUGhGxFsKaVMkP8Lc2oQULWUSmz,false
1165,e6-lifecycle-20260706T045832.822659423Z-c4-real-task-0156,signed_post_evalsnapshot,true,1,1783313916457,0,QmSqr1qUgBC93JV58qSDUGhGxFsKaVMkP8Lc2oQULWUSmz,false
1166,e6-lifecycle-20260706T045832.822659423Z-c4-real-task-0156,signed_vote1,true,2,1783313916458,0,QmSqr1qUgBC93JV58qSDUGhGxFsKaVMkP8Lc2oQULWUSmz,false
1167,e6-lifecycle-20260706T045832.822659423Z-c4-real-task-0156,signed_vote2,true,2,1783313916460,0,QmSqr1qUgBC93JV58qSDUGhGxFsKaVMkP8Lc2oQULWUSmz,false
1168,e6-lifecycle-20260706T045832.822659423Z-c4-real-task-0156,signed_settlement,true,2,1783313916462,0,QmSqr1qUgBC93JV58qSDUGhGxFsKaVMkP8Lc2oQULWUSmz,false
1169,e6-lifecycle-20260706T045832.822659423Z-c4-real-task-0156,signed_query_latest,true,0,1783313916464,0,QmSqr1qUgBC93JV58qSDUGhGxFsKaVMkP8Lc2oQULWUSmz,false
1170,e6-lifecycle-20260706T045832.822659423Z-c4-real-task-0156,ipfs_verify,true,8,1783313916464,0,QmSqr1qUgBC93JV58qSDUGhGxFsKaVMkP8Lc2oQULWUSmz,false
1171,e6-lifecycle-20260706T045832.822659423Z-c4-real-task-0157,ipfs_add,true,70,1783313916405,5957,,false
1172,e6-lifecycle-20260706T045832.822659423Z-c4-real-task-0157,signed_posttask,true,2,1783313916475,0,QmWamsqRbU1q3fiJX5vX2XCvBRJV8eoK1PEp3ctrbdxoam,false
1173,e6-lifecycle-20260706T045832.822659423Z-c4-real-task-0157,signed_postallocation,true,2,1783313916477,0,QmWamsqRbU1q3fiJX5vX2XCvBRJV8eoK1PEp3ctrbdxoam,false
1174,e6-lifecycle-20260706T045832.822659423Z-c4-real-task-0157,signed_post_evalsnapshot,true,2,1783313916479,0,QmWamsqRbU1q3fiJX5vX2XCvBRJV8eoK1PEp3ctrbdxoam,false
1175,e6-lifecycle-20260706T045832.822659423Z-c4-real-task-0157,signed_vote1,true,3,1783313916481,0,QmWamsqRbU1q3fiJX5vX2XCvBRJV8eoK1PEp3ctrbdxoam,false
1176,e6-lifecycle-20260706T045832.822659423Z-c4-real-task-0157,signed_vote2,true,1,1783313916484,0,QmWamsqRbU1q3fiJX5vX2XCvBRJV8eoK1PEp3ctrbdxoam,false
1177,e6-lifecycle-20260706T045832.822659423Z-c4-real-task-0157,signed_settlement,true,2,1783313916485,0,QmWamsqRbU1q3fiJX5vX2XCvBRJV8eoK1PEp3ctrbdxoam,false
1178,e6-lifecycle-20260706T045832.822659423Z-c4-real-task-0157,signed_query_latest,true,0,1783313916487,0,QmWamsqRbU1q3fiJX5vX2XCvBRJV8eoK1PEp3ctrbdxoam,false
1179,e6-lifecycle-20260706T045832.822659423Z-c4-real-task-0157,ipfs_verify,true,8,1783313916487,0,QmWamsqRbU1q3fiJX5vX2XCvBRJV8eoK1PEp3ctrbdxoam,false
1180,e6-lifecycle-20260706T045832.822659423Z-c4-real-task-0230,ipfs_add,true,66,1783313916430,4672,,false
1181,e6-lifecycle-20260706T045832.822659423Z-c4-real-task-0230,signed_posttask,true,2,1783313916496,0,QmVVrWGoPddnyHraUM2wUgG7XF2t7LkAUG71CvTqMUfisz,false
1182,e6-lifecycle-20260706T045832.822659423Z-c4-real-task-0230,signed_postallocation,true,1,1783313916498,0,QmVVrWGoPddnyHraUM2wUgG7XF2t7LkAUG71CvTqMUfisz,false
1183,e6-lifecycle-20260706T045832.822659423Z-c4-real-task-0230,signed_post_evalsnapshot,true,2,1783313916499,0,QmVVrWGoPddnyHraUM2wUgG7XF2t7LkAUG71CvTqMUfisz,false
1184,e6-lifecycle-20260706T045832.822659423Z-c4-real-task-0230,signed_vote1,true,2,1783313916501,0,QmVVrWGoPddnyHraUM2wUgG7XF2t7LkAUG71CvTqMUfisz,false
1185,e6-lifecycle-20260706T045832.822659423Z-c4-real-task-0230,signed_vote2,true,1,1783313916503,0,QmVVrWGoPddnyHraUM2wUgG7XF2t7LkAUG71CvTqMUfisz,false
1186,e6-lifecycle-20260706T045832.822659423Z-c4-real-task-0230,signed_settlement,true,2,1783313916504,0,QmVVrWGoPddnyHraUM2wUgG7XF2t7LkAUG71CvTqMUfisz,false
1187,e6-lifecycle-20260706T045832.822659423Z-c4-real-task-0230,signed_query_latest,true,0,1783313916506,0,QmVVrWGoPddnyHraUM2wUgG7XF2t7LkAUG71CvTqMUfisz,false
1188,e6-lifecycle-20260706T045832.822659423Z-c4-real-task-0230,ipfs_verify,true,7,1783313916506,0,QmVVrWGoPddnyHraUM2wUgG7XF2t7LkAUG71CvTqMUfisz,false
1189,e6-lifecycle-20260706T045832.822659423Z-c4-real-task-0207,ipfs_add,true,67,1783313916450,5182,,false
1190,e6-lifecycle-20260706T045832.822659423Z-c4-real-task-0207,signed_posttask,true,2,1783313916517,0,QmXXXkdjgsyNeAxA7XiH7hfF8KD8Wy4XQUrDjRARTUGPSz,false
1191,e6-lifecycle-20260706T045832.822659423Z-c4-real-task-0207,signed_postallocation,true,3,1783313916519,0,QmXXXkdjgsyNeAxA7XiH7hfF8KD8Wy4XQUrDjRARTUGPSz,false
1192,e6-lifecycle-20260706T045832.822659423Z-c4-real-task-0207,signed_post_evalsnapshot,true,2,1783313916522,0,QmXXXkdjgsyNeAxA7XiH7hfF8KD8Wy4XQUrDjRARTUGPSz,false
1193,e6-lifecycle-20260706T045832.822659423Z-c4-real-task-0207,signed_vote1,true,1,1783313916524,0,QmXXXkdjgsyNeAxA7XiH7hfF8KD8Wy4XQUrDjRARTUGPSz,false
1194,e6-lifecycle-20260706T045832.822659423Z-c4-real-task-0207,signed_vote2,true,2,1783313916525,0,QmXXXkdjgsyNeAxA7XiH7hfF8KD8Wy4XQUrDjRARTUGPSz,false
1195,e6-lifecycle-20260706T045832.822659423Z-c4-real-task-0207,signed_settlement,true,1,1783313916527,0,QmXXXkdjgsyNeAxA7XiH7hfF8KD8Wy4XQUrDjRARTUGPSz,false
1196,e6-lifecycle-20260706T045832.822659423Z-c4-real-task-0207,signed_query_latest,true,0,1783313916528,0,QmXXXkdjgsyNeAxA7XiH7hfF8KD8Wy4XQUrDjRARTUGPSz,false
1197,e6-lifecycle-20260706T045832.822659423Z-c4-real-task-0207,ipfs_verify,true,8,1783313916528,0,QmXXXkdjgsyNeAxA7XiH7hfF8KD8Wy4XQUrDjRARTUGPSz,false
1198,e6-lifecycle-20260706T045832.822659423Z-c4-real-task-0208,ipfs_add,true,66,1783313916472,2245,,false
1199,e6-lifecycle-20260706T045832.822659423Z-c4-real-task-0208,signed_posttask,true,1,1783313916538,0,QmWbqs7TsZvkdFAxBV91sbxF9ziEZRMeF4rkcsPMKgPbAc,false
1200,e6-lifecycle-20260706T045832.822659423Z-c4-real-task-0208,signed_postallocation,true,2,1783313916539,0,QmWbqs7TsZvkdFAxBV91sbxF9ziEZRMeF4rkcsPMKgPbAc,false
1201,e6-lifecycle-20260706T045832.822659423Z-c4-real-task-0208,signed_post_evalsnapshot,true,2,1783313916541,0,QmWbqs7TsZvkdFAxBV91sbxF9ziEZRMeF4rkcsPMKgPbAc,false
1202,e6-lifecycle-20260706T045832.822659423Z-c4-real-task-0208,signed_vote1,true,1,1783313916543,0,QmWbqs7TsZvkdFAxBV91sbxF9ziEZRMeF4rkcsPMKgPbAc,false
1203,e6-lifecycle-20260706T045832.822659423Z-c4-real-task-0208,signed_vote2,true,2,1783313916544,0,QmWbqs7TsZvkdFAxBV91sbxF9ziEZRMeF4rkcsPMKgPbAc,false
1204,e6-lifecycle-20260706T045832.822659423Z-c4-real-task-0208,signed_settlement,true,3,1783313916546,0,QmWbqs7TsZvkdFAxBV91sbxF9ziEZRMeF4rkcsPMKgPbAc,false
1205,e6-lifecycle-20260706T045832.822659423Z-c4-real-task-0208,signed_query_latest,true,0,1783313916549,0,QmWbqs7TsZvkdFAxBV91sbxF9ziEZRMeF4rkcsPMKgPbAc,false
1206,e6-lifecycle-20260706T045832.822659423Z-c4-real-task-0208,ipfs_verify,true,10,1783313916549,0,QmWbqs7TsZvkdFAxBV91sbxF9ziEZRMeF4rkcsPMKgPbAc,false
1207,e6-lifecycle-20260706T045832.822659423Z-c4-real-task-0209,ipfs_add,true,66,1783313916495,6194,,false
1208,e6-lifecycle-20260706T045832.822659423Z-c4-real-task-0209,signed_posttask,true,2,1783313916561,0,Qme252yonjeJmYr5f17inPXCqkGhcB4JhPq2rK9zrRu12P,false
1209,e6-lifecycle-20260706T045832.822659423Z-c4-real-task-0209,signed_postallocation,true,2,1783313916563,0,Qme252yonjeJmYr5f17inPXCqkGhcB4JhPq2rK9zrRu12P,false
1210,e6-lifecycle-20260706T045832.822659423Z-c4-real-task-0209,signed_post_evalsnapshot,true,2,1783313916565,0,Qme252yonjeJmYr5f17inPXCqkGhcB4JhPq2rK9zrRu12P,false
1211,e6-lifecycle-20260706T045832.822659423Z-c4-real-task-0209,signed_vote1,true,2,1783313916567,0,Qme252yonjeJmYr5f17inPXCqkGhcB4JhPq2rK9zrRu12P,false
1212,e6-lifecycle-20260706T045832.822659423Z-c4-real-task-0209,signed_vote2,true,2,1783313916569,0,Qme252yonjeJmYr5f17inPXCqkGhcB4JhPq2rK9zrRu12P,false
1213,e6-lifecycle-20260706T045832.822659423Z-c4-real-task-0209,signed_settlement,true,2,1783313916571,0,Qme252yonjeJmYr5f17inPXCqkGhcB4JhPq2rK9zrRu12P,false
1214,e6-lifecycle-20260706T045832.822659423Z-c4-real-task-0209,signed_query_latest,true,0,1783313916573,0,Qme252yonjeJmYr5f17inPXCqkGhcB4JhPq2rK9zrRu12P,false
1215,e6-lifecycle-20260706T045832.822659423Z-c4-real-task-0209,ipfs_verify,true,7,1783313916573,0,Qme252yonjeJmYr5f17inPXCqkGhcB4JhPq2rK9zrRu12P,false
1216,e6-lifecycle-20260706T045832.822659423Z-c4-real-task-0210,ipfs_add,true,68,1783313916513,4993,,false
1217,e6-lifecycle-20260706T045832.822659423Z-c4-real-task-0210,signed_posttask,true,1,1783313916581,0,QmYWQDJhTUHPSwS8macjgfKhMk7DhsPuXJUCoxJ8RUpDKq,false
1218,e6-lifecycle-20260706T045832.822659423Z-c4-real-task-0210,signed_postallocation,true,2,1783313916582,0,QmYWQDJhTUHPSwS8macjgfKhMk7DhsPuXJUCoxJ8RUpDKq,false
1219,e6-lifecycle-20260706T045832.822659423Z-c4-real-task-0210,signed_post_evalsnapshot,true,2,1783313916584,0,QmYWQDJhTUHPSwS8macjgfKhMk7DhsPuXJUCoxJ8RUpDKq,false
1220,e6-lifecycle-20260706T045832.822659423Z-c4-real-task-0210,signed_vote1,true,2,1783313916586,0,QmYWQDJhTUHPSwS8macjgfKhMk7DhsPuXJUCoxJ8RUpDKq,false
1221,e6-lifecycle-20260706T045832.822659423Z-c4-real-task-0210,signed_vote2,true,1,1783313916588,0,QmYWQDJhTUHPSwS8macjgfKhMk7DhsPuXJUCoxJ8RUpDKq,false
1222,e6-lifecycle-20260706T045832.822659423Z-c4-real-task-0210,signed_settlement,true,2,1783313916589,0,QmYWQDJhTUHPSwS8macjgfKhMk7DhsPuXJUCoxJ8RUpDKq,false
1223,e6-lifecycle-20260706T045832.822659423Z-c4-real-task-0210,signed_query_latest,true,0,1783313916591,0,QmYWQDJhTUHPSwS8macjgfKhMk7DhsPuXJUCoxJ8RUpDKq,false
1224,e6-lifecycle-20260706T045832.822659423Z-c4-real-task-0210,ipfs_verify,true,10,1783313916591,0,QmYWQDJhTUHPSwS8macjgfKhMk7DhsPuXJUCoxJ8RUpDKq,false
1225,e6-lifecycle-20260706T045832.822659423Z-c4-real-task-0211,ipfs_add,true,66,1783313916536,2188,,false
1226,e6-lifecycle-20260706T045832.822659423Z-c4-real-task-0211,signed_posttask,true,2,1783313916602,0,QmSruFaoTdkpvWrKYpZR3J5CegMm6LLAWeQUC4xAiE69U9,false
1227,e6-lifecycle-20260706T045832.822659423Z-c4-real-task-0211,signed_postallocation,true,2,1783313916604,0,QmSruFaoTdkpvWrKYpZR3J5CegMm6LLAWeQUC4xAiE69U9,false
1228,e6-lifecycle-20260706T045832.822659423Z-c4-real-task-0211,signed_post_evalsnapshot,true,2,1783313916606,0,QmSruFaoTdkpvWrKYpZR3J5CegMm6LLAWeQUC4xAiE69U9,false
1229,e6-lifecycle-20260706T045832.822659423Z-c4-real-task-0211,signed_vote1,true,2,1783313916608,0,QmSruFaoTdkpvWrKYpZR3J5CegMm6LLAWeQUC4xAiE69U9,false
1230,e6-lifecycle-20260706T045832.822659423Z-c4-real-task-0211,signed_vote2,true,2,1783313916610,0,QmSruFaoTdkpvWrKYpZR3J5CegMm6LLAWeQUC4xAiE69U9,false
1231,e6-lifecycle-20260706T045832.822659423Z-c4-real-task-0211,signed_settlement,true,2,1783313916612,0,QmSruFaoTdkpvWrKYpZR3J5CegMm6LLAWeQUC4xAiE69U9,false
1232,e6-lifecycle-20260706T045832.822659423Z-c4-real-task-0211,signed_query_latest,true,0,1783313916614,0,QmSruFaoTdkpvWrKYpZR3J5CegMm6LLAWeQUC4xAiE69U9,false
1233,e6-lifecycle-20260706T045832.822659423Z-c4-real-task-0211,ipfs_verify,true,9,1783313916614,0,QmSruFaoTdkpvWrKYpZR3J5CegMm6LLAWeQUC4xAiE69U9,false
1234,e6-lifecycle-20260706T045832.822659423Z-c4-real-task-0212,ipfs_add,true,70,1783313916559,2819,,false
1235,e6-lifecycle-20260706T045832.822659423Z-c4-real-task-0212,signed_posttask,true,2,1783313916629,0,Qmaib3WGRkqTQustpCT5rKV9YQe2ieXfDc5aAxzzBF7FaH,false
1236,e6-lifecycle-20260706T045832.822659423Z-c4-real-task-0212,signed_postallocation,true,2,1783313916631,0,Qmaib3WGRkqTQustpCT5rKV9YQe2ieXfDc5aAxzzBF7FaH,false
1237,e6-lifecycle-20260706T045832.822659423Z-c4-real-task-0212,signed_post_evalsnapshot,true,2,1783313916633,0,Qmaib3WGRkqTQustpCT5rKV9YQe2ieXfDc5aAxzzBF7FaH,false
1238,e6-lifecycle-20260706T045832.822659423Z-c4-real-task-0212,signed_vote1,true,1,1783313916635,0,Qmaib3WGRkqTQustpCT5rKV9YQe2ieXfDc5aAxzzBF7FaH,false
1239,e6-lifecycle-20260706T045832.822659423Z-c4-real-task-0212,signed_vote2,true,1,1783313916637,0,Qmaib3WGRkqTQustpCT5rKV9YQe2ieXfDc5aAxzzBF7FaH,false
1240,e6-lifecycle-20260706T045832.822659423Z-c4-real-task-0212,signed_settlement,true,2,1783313916638,0,Qmaib3WGRkqTQustpCT5rKV9YQe2ieXfDc5aAxzzBF7FaH,false
1241,e6-lifecycle-20260706T045832.822659423Z-c4-real-task-0212,signed_query_latest,true,0,1783313916640,0,Qmaib3WGRkqTQustpCT5rKV9YQe2ieXfDc5aAxzzBF7FaH,false
1242,e6-lifecycle-20260706T045832.822659423Z-c4-real-task-0213,ipfs_add,true,68,1783313916580,4132,,false
1243,e6-lifecycle-20260706T045832.822659423Z-c4-real-task-0212,ipfs_verify,true,9,1783313916640,0,Qmaib3WGRkqTQustpCT5rKV9YQe2ieXfDc5aAxzzBF7FaH,false
1244,e6-lifecycle-20260706T045832.822659423Z-c4-real-task-0213,signed_posttask,true,2,1783313916648,0,QmctLbZZivJVW7cFwYF2T1Ru2jPZUBYB55doQKWJ3SD4r5,false
1245,e6-lifecycle-20260706T045832.822659423Z-c4-real-task-0213,signed_postallocation,true,2,1783313916650,0,QmctLbZZivJVW7cFwYF2T1Ru2jPZUBYB55doQKWJ3SD4r5,false
1246,e6-lifecycle-20260706T045832.822659423Z-c4-real-task-0213,signed_post_evalsnapshot,true,2,1783313916652,0,QmctLbZZivJVW7cFwYF2T1Ru2jPZUBYB55doQKWJ3SD4r5,false
1247,e6-lifecycle-20260706T045832.822659423Z-c4-real-task-0213,signed_vote1,true,2,1783313916654,0,QmctLbZZivJVW7cFwYF2T1Ru2jPZUBYB55doQKWJ3SD4r5,false
1248,e6-lifecycle-20260706T045832.822659423Z-c4-real-task-0213,signed_vote2,true,2,1783313916656,0,QmctLbZZivJVW7cFwYF2T1Ru2jPZUBYB55doQKWJ3SD4r5,false
1249,e6-lifecycle-20260706T045832.822659423Z-c4-real-task-0213,signed_settlement,true,2,1783313916658,0,QmctLbZZivJVW7cFwYF2T1Ru2jPZUBYB55doQKWJ3SD4r5,false
1250,e6-lifecycle-20260706T045832.822659423Z-c4-real-task-0213,signed_query_latest,true,0,1783313916660,0,QmctLbZZivJVW7cFwYF2T1Ru2jPZUBYB55doQKWJ3SD4r5,false
1251,e6-lifecycle-20260706T045832.822659423Z-c4-real-task-0213,ipfs_verify,true,8,1783313916660,0,QmctLbZZivJVW7cFwYF2T1Ru2jPZUBYB55doQKWJ3SD4r5,false
1252,e6-lifecycle-20260706T045832.822659423Z-c4-real-task-0214,ipfs_add,true,68,1783313916601,3407,,false
1253,e6-lifecycle-20260706T045832.822659423Z-c4-real-task-0214,signed_posttask,true,8,1783313916669,0,QmW8eUfmmaQLniD2wxDZwMJfZvPcEb95FaZBwzxdvv4GUs,false
1254,e6-lifecycle-20260706T045832.822659423Z-c4-real-task-0214,signed_postallocation,true,1,1783313916677,0,QmW8eUfmmaQLniD2wxDZwMJfZvPcEb95FaZBwzxdvv4GUs,false
1255,e6-lifecycle-20260706T045832.822659423Z-c4-real-task-0214,signed_post_evalsnapshot,true,2,1783313916678,0,QmW8eUfmmaQLniD2wxDZwMJfZvPcEb95FaZBwzxdvv4GUs,false
1256,e6-lifecycle-20260706T045832.822659423Z-c4-real-task-0214,signed_vote1,true,2,1783313916680,0,QmW8eUfmmaQLniD2wxDZwMJfZvPcEb95FaZBwzxdvv4GUs,false
1257,e6-lifecycle-20260706T045832.822659423Z-c4-real-task-0214,signed_vote2,true,1,1783313916682,0,QmW8eUfmmaQLniD2wxDZwMJfZvPcEb95FaZBwzxdvv4GUs,false
1258,e6-lifecycle-20260706T045832.822659423Z-c4-real-task-0214,signed_settlement,true,2,1783313916683,0,QmW8eUfmmaQLniD2wxDZwMJfZvPcEb95FaZBwzxdvv4GUs,false
1259,e6-lifecycle-20260706T045832.822659423Z-c4-real-task-0214,signed_query_latest,true,0,1783313916685,0,QmW8eUfmmaQLniD2wxDZwMJfZvPcEb95FaZBwzxdvv4GUs,false
1260,e6-lifecycle-20260706T045832.822659423Z-c4-real-task-0214,ipfs_verify,true,8,1783313916685,0,QmW8eUfmmaQLniD2wxDZwMJfZvPcEb95FaZBwzxdvv4GUs,false
1261,e6-lifecycle-20260706T045832.822659423Z-c4-real-task-0215,ipfs_add,true,73,1783313916623,5293,,false
1262,e6-lifecycle-20260706T045832.822659423Z-c4-real-task-0215,signed_posttask,true,2,1783313916696,0,QmTpnKYxxgCcizoT1wCDmcgvVbp5FYFvr7h2HQoANwFfJK,false
1263,e6-lifecycle-20260706T045832.822659423Z-c4-real-task-0215,signed_postallocation,true,2,1783313916698,0,QmTpnKYxxgCcizoT1wCDmcgvVbp5FYFvr7h2HQoANwFfJK,false
1264,e6-lifecycle-20260706T045832.822659423Z-c4-real-task-0215,signed_post_evalsnapshot,true,1,1783313916700,0,QmTpnKYxxgCcizoT1wCDmcgvVbp5FYFvr7h2HQoANwFfJK,false
1265,e6-lifecycle-20260706T045832.822659423Z-c4-real-task-0215,signed_vote1,true,2,1783313916701,0,QmTpnKYxxgCcizoT1wCDmcgvVbp5FYFvr7h2HQoANwFfJK,false
1266,e6-lifecycle-20260706T045832.822659423Z-c4-real-task-0215,signed_vote2,true,2,1783313916703,0,QmTpnKYxxgCcizoT1wCDmcgvVbp5FYFvr7h2HQoANwFfJK,false
1267,e6-lifecycle-20260706T045832.822659423Z-c4-real-task-0215,signed_settlement,true,2,1783313916705,0,QmTpnKYxxgCcizoT1wCDmcgvVbp5FYFvr7h2HQoANwFfJK,false
1268,e6-lifecycle-20260706T045832.822659423Z-c4-real-task-0215,signed_query_latest,true,0,1783313916707,0,QmTpnKYxxgCcizoT1wCDmcgvVbp5FYFvr7h2HQoANwFfJK,false
1269,e6-lifecycle-20260706T045832.822659423Z-c4-real-task-0215,ipfs_verify,true,7,1783313916707,0,QmTpnKYxxgCcizoT1wCDmcgvVbp5FYFvr7h2HQoANwFfJK,false
1270,e6-lifecycle-20260706T045832.822659423Z-c4-real-task-0216,ipfs_add,true,69,1783313916649,4886,,false
1271,e6-lifecycle-20260706T045832.822659423Z-c4-real-task-0216,signed_posttask,true,3,1783313916718,0,QmWRqVXWHuiCnyPwtVKNcTtPcSDmJqXWmtgqtbSbCRQFN4,false
1272,e6-lifecycle-20260706T045832.822659423Z-c4-real-task-0216,signed_postallocation,true,2,1783313916721,0,QmWRqVXWHuiCnyPwtVKNcTtPcSDmJqXWmtgqtbSbCRQFN4,false
1273,e6-lifecycle-20260706T045832.822659423Z-c4-real-task-0216,signed_post_evalsnapshot,true,2,1783313916723,0,QmWRqVXWHuiCnyPwtVKNcTtPcSDmJqXWmtgqtbSbCRQFN4,false
1274,e6-lifecycle-20260706T045832.822659423Z-c4-real-task-0216,signed_vote1,true,2,1783313916725,0,QmWRqVXWHuiCnyPwtVKNcTtPcSDmJqXWmtgqtbSbCRQFN4,false
1275,e6-lifecycle-20260706T045832.822659423Z-c4-real-task-0216,signed_vote2,true,2,1783313916727,0,QmWRqVXWHuiCnyPwtVKNcTtPcSDmJqXWmtgqtbSbCRQFN4,false
1276,e6-lifecycle-20260706T045832.822659423Z-c4-real-task-0216,signed_settlement,true,1,1783313916729,0,QmWRqVXWHuiCnyPwtVKNcTtPcSDmJqXWmtgqtbSbCRQFN4,false
1277,e6-lifecycle-20260706T045832.822659423Z-c4-real-task-0216,signed_query_latest,true,0,1783313916730,0,QmWRqVXWHuiCnyPwtVKNcTtPcSDmJqXWmtgqtbSbCRQFN4,false
1278,e6-lifecycle-20260706T045832.822659423Z-c4-real-task-0217,ipfs_add,true,72,1783313916668,2716,,false
1279,e6-lifecycle-20260706T045832.822659423Z-c4-real-task-0217,signed_posttask,true,2,1783313916740,0,QmSJABdfLv4Bpp2eX5n5HPKM57QCdjn63jgA55THvNNed2,false
1280,e6-lifecycle-20260706T045832.822659423Z-c4-real-task-0217,signed_postallocation,true,3,1783313916742,0,QmSJABdfLv4Bpp2eX5n5HPKM57QCdjn63jgA55THvNNed2,false
1281,e6-lifecycle-20260706T045832.822659423Z-c4-real-task-0216,ipfs_verify,true,15,1783313916730,0,QmWRqVXWHuiCnyPwtVKNcTtPcSDmJqXWmtgqtbSbCRQFN4,false
1282,e6-lifecycle-20260706T045832.822659423Z-c4-real-task-0217,signed_post_evalsnapshot,true,2,1783313916745,0,QmSJABdfLv4Bpp2eX5n5HPKM57QCdjn63jgA55THvNNed2,false
1283,e6-lifecycle-20260706T045832.822659423Z-c4-real-task-0217,signed_vote1,true,2,1783313916747,0,QmSJABdfLv4Bpp2eX5n5HPKM57QCdjn63jgA55THvNNed2,false
1284,e6-lifecycle-20260706T045832.822659423Z-c4-real-task-0217,signed_vote2,true,2,1783313916749,0,QmSJABdfLv4Bpp2eX5n5HPKM57QCdjn63jgA55THvNNed2,false
1285,e6-lifecycle-20260706T045832.822659423Z-c4-real-task-0217,signed_settlement,true,2,1783313916751,0,QmSJABdfLv4Bpp2eX5n5HPKM57QCdjn63jgA55THvNNed2,false
1286,e6-lifecycle-20260706T045832.822659423Z-c4-real-task-0217,signed_query_latest,true,0,1783313916753,0,QmSJABdfLv4Bpp2eX5n5HPKM57QCdjn63jgA55THvNNed2,false
1287,e6-lifecycle-20260706T045832.822659423Z-c4-real-task-0217,ipfs_verify,true,9,1783313916753,0,QmSJABdfLv4Bpp2eX5n5HPKM57QCdjn63jgA55THvNNed2,false
1288,e6-lifecycle-20260706T045832.822659423Z-c4-real-task-0218,ipfs_add,true,69,1783313916693,4685,,false
1289,e6-lifecycle-20260706T045832.822659423Z-c4-real-task-0218,signed_posttask,true,3,1783313916762,0,Qme1iJktEs7YhnQf7MbuHozo4uZPGWWEs3BYJ6zBCFpdMN,false
1290,e6-lifecycle-20260706T045832.822659423Z-c4-real-task-0218,signed_postallocation,true,2,1783313916765,0,Qme1iJktEs7YhnQf7MbuHozo4uZPGWWEs3BYJ6zBCFpdMN,false
1291,e6-lifecycle-20260706T045832.822659423Z-c4-real-task-0218,signed_post_evalsnapshot,true,1,1783313916767,0,Qme1iJktEs7YhnQf7MbuHozo4uZPGWWEs3BYJ6zBCFpdMN,false
1292,e6-lifecycle-20260706T045832.822659423Z-c4-real-task-0218,signed_vote1,true,2,1783313916768,0,Qme1iJktEs7YhnQf7MbuHozo4uZPGWWEs3BYJ6zBCFpdMN,false
1293,e6-lifecycle-20260706T045832.822659423Z-c4-real-task-0218,signed_vote2,true,3,1783313916770,0,Qme1iJktEs7YhnQf7MbuHozo4uZPGWWEs3BYJ6zBCFpdMN,false
1294,e6-lifecycle-20260706T045832.822659423Z-c4-real-task-0218,signed_settlement,true,1,1783313916773,0,Qme1iJktEs7YhnQf7MbuHozo4uZPGWWEs3BYJ6zBCFpdMN,false
1295,e6-lifecycle-20260706T045832.822659423Z-c4-real-task-0218,signed_query_latest,true,0,1783313916774,0,Qme1iJktEs7YhnQf7MbuHozo4uZPGWWEs3BYJ6zBCFpdMN,false
1296,e6-lifecycle-20260706T045832.822659423Z-c4-real-task-0219,ipfs_add,true,69,1783313916714,2892,,false
1297,e6-lifecycle-20260706T045832.822659423Z-c4-real-task-0218,ipfs_verify,true,9,1783313916774,0,Qme1iJktEs7YhnQf7MbuHozo4uZPGWWEs3BYJ6zBCFpdMN,false
1298,e6-lifecycle-20260706T045832.822659423Z-c4-real-task-0219,signed_posttask,true,7,1783313916783,0,QmNhbectLBJKJjaBFkjTFgZM6bzSgrQqfV2nzNGd7hnhXp,false
1299,e6-lifecycle-20260706T045832.822659423Z-c4-real-task-0219,signed_postallocation,true,2,1783313916790,0,QmNhbectLBJKJjaBFkjTFgZM6bzSgrQqfV2nzNGd7hnhXp,false
1300,e6-lifecycle-20260706T045832.822659423Z-c4-real-task-0219,signed_post_evalsnapshot,true,2,1783313916792,0,QmNhbectLBJKJjaBFkjTFgZM6bzSgrQqfV2nzNGd7hnhXp,false
1301,e6-lifecycle-20260706T045832.822659423Z-c4-real-task-0219,signed_vote1,true,2,1783313916794,0,QmNhbectLBJKJjaBFkjTFgZM6bzSgrQqfV2nzNGd7hnhXp,false
1302,e6-lifecycle-20260706T045832.822659423Z-c4-real-task-0219,signed_vote2,true,2,1783313916796,0,QmNhbectLBJKJjaBFkjTFgZM6bzSgrQqfV2nzNGd7hnhXp,false
1303,e6-lifecycle-20260706T045832.822659423Z-c4-real-task-0219,signed_settlement,true,1,1783313916798,0,QmNhbectLBJKJjaBFkjTFgZM6bzSgrQqfV2nzNGd7hnhXp,false
1304,e6-lifecycle-20260706T045832.822659423Z-c4-real-task-0219,signed_query_latest,true,0,1783313916799,0,QmNhbectLBJKJjaBFkjTFgZM6bzSgrQqfV2nzNGd7hnhXp,false
1305,e6-lifecycle-20260706T045832.822659423Z-c4-real-task-0219,ipfs_verify,true,7,1783313916799,0,QmNhbectLBJKJjaBFkjTFgZM6bzSgrQqfV2nzNGd7hnhXp,false
1306,e6-lifecycle-20260706T045832.822659423Z-c4-real-task-0220,ipfs_add,true,65,1783313916745,4548,,false
1307,e6-lifecycle-20260706T045832.822659423Z-c4-real-task-0220,signed_posttask,true,2,1783313916810,0,QmYYxvJgNUHcuw3V2RQoYsrDaUwRXmGhJB4S5YoBbJAdi9,false
1308,e6-lifecycle-20260706T045832.822659423Z-c4-real-task-0220,signed_postallocation,true,3,1783313916812,0,QmYYxvJgNUHcuw3V2RQoYsrDaUwRXmGhJB4S5YoBbJAdi9,false
1309,e6-lifecycle-20260706T045832.822659423Z-c4-real-task-0220,signed_post_evalsnapshot,true,2,1783313916815,0,QmYYxvJgNUHcuw3V2RQoYsrDaUwRXmGhJB4S5YoBbJAdi9,false
1310,e6-lifecycle-20260706T045832.822659423Z-c4-real-task-0220,signed_vote1,true,2,1783313916817,0,QmYYxvJgNUHcuw3V2RQoYsrDaUwRXmGhJB4S5YoBbJAdi9,false
1311,e6-lifecycle-20260706T045832.822659423Z-c4-real-task-0220,signed_vote2,true,2,1783313916819,0,QmYYxvJgNUHcuw3V2RQoYsrDaUwRXmGhJB4S5YoBbJAdi9,false
1312,e6-lifecycle-20260706T045832.822659423Z-c4-real-task-0220,signed_settlement,true,1,1783313916821,0,QmYYxvJgNUHcuw3V2RQoYsrDaUwRXmGhJB4S5YoBbJAdi9,false
1313,e6-lifecycle-20260706T045832.822659423Z-c4-real-task-0220,signed_query_latest,true,0,1783313916822,0,QmYYxvJgNUHcuw3V2RQoYsrDaUwRXmGhJB4S5YoBbJAdi9,false
1314,e6-lifecycle-20260706T045832.822659423Z-c4-real-task-0220,ipfs_verify,true,9,1783313916822,0,QmYYxvJgNUHcuw3V2RQoYsrDaUwRXmGhJB4S5YoBbJAdi9,false
1315,e6-lifecycle-20260706T045832.822659423Z-c4-real-task-0221,ipfs_add,true,72,1783313916762,3158,,false
1316,e6-lifecycle-20260706T045832.822659423Z-c4-real-task-0221,signed_posttask,true,3,1783313916834,0,QmWVfmqjcSuDEvXN6AQHwxkPXEvwWEr5xAd7VvqaLGMK2z,false
1317,e6-lifecycle-20260706T045832.822659423Z-c4-real-task-0221,signed_postallocation,true,2,1783313916837,0,QmWVfmqjcSuDEvXN6AQHwxkPXEvwWEr5xAd7VvqaLGMK2z,false
1318,e6-lifecycle-20260706T045832.822659423Z-c4-real-task-0221,signed_post_evalsnapshot,true,1,1783313916839,0,QmWVfmqjcSuDEvXN6AQHwxkPXEvwWEr5xAd7VvqaLGMK2z,false
1319,e6-lifecycle-20260706T045832.822659423Z-c4-real-task-0221,signed_vote1,true,2,1783313916840,0,QmWVfmqjcSuDEvXN6AQHwxkPXEvwWEr5xAd7VvqaLGMK2z,false
1320,e6-lifecycle-20260706T045832.822659423Z-c4-real-task-0221,signed_vote2,true,2,1783313916842,0,QmWVfmqjcSuDEvXN6AQHwxkPXEvwWEr5xAd7VvqaLGMK2z,false
1321,e6-lifecycle-20260706T045832.822659423Z-c4-real-task-0221,signed_settlement,true,2,1783313916844,0,QmWVfmqjcSuDEvXN6AQHwxkPXEvwWEr5xAd7VvqaLGMK2z,false
1322,e6-lifecycle-20260706T045832.822659423Z-c4-real-task-0221,signed_query_latest,true,0,1783313916846,0,QmWVfmqjcSuDEvXN6AQHwxkPXEvwWEr5xAd7VvqaLGMK2z,false
1323,e6-lifecycle-20260706T045832.822659423Z-c4-real-task-0221,ipfs_verify,true,10,1783313916846,0,QmWVfmqjcSuDEvXN6AQHwxkPXEvwWEr5xAd7VvqaLGMK2z,false
1324,e6-lifecycle-20260706T045832.822659423Z-c4-real-task-0223,ipfs_add,true,75,1783313916807,3496,,false
1325,e6-lifecycle-20260706T045832.822659423Z-c4-real-task-0223,signed_posttask,true,2,1783313916882,0,QmWbbDn5PocUVAwa1Z8DaHWZAUyYjNR994MzCi3frghkPT,false
1326,e6-lifecycle-20260706T045832.822659423Z-c4-real-task-0223,signed_postallocation,true,2,1783313916884,0,QmWbbDn5PocUVAwa1Z8DaHWZAUyYjNR994MzCi3frghkPT,false
1327,e6-lifecycle-20260706T045832.822659423Z-c4-real-task-0223,signed_post_evalsnapshot,true,2,1783313916886,0,QmWbbDn5PocUVAwa1Z8DaHWZAUyYjNR994MzCi3frghkPT,false
1328,e6-lifecycle-20260706T045832.822659423Z-c4-real-task-0223,signed_vote1,true,1,1783313916888,0,QmWbbDn5PocUVAwa1Z8DaHWZAUyYjNR994MzCi3frghkPT,false
1329,e6-lifecycle-20260706T045832.822659423Z-c4-real-task-0223,signed_vote2,true,2,1783313916889,0,QmWbbDn5PocUVAwa1Z8DaHWZAUyYjNR994MzCi3frghkPT,false
1330,e6-lifecycle-20260706T045832.822659423Z-c4-real-task-0223,signed_settlement,true,2,1783313916891,0,QmWbbDn5PocUVAwa1Z8DaHWZAUyYjNR994MzCi3frghkPT,false
1331,e6-lifecycle-20260706T045832.822659423Z-c4-real-task-0223,signed_query_latest,true,0,1783313916893,0,QmWbbDn5PocUVAwa1Z8DaHWZAUyYjNR994MzCi3frghkPT,false
1332,e6-lifecycle-20260706T045832.822659423Z-c4-real-task-0224,ipfs_add,true,71,1783313916832,1434,,false
1333,e6-lifecycle-20260706T045832.822659423Z-c4-real-task-0223,ipfs_verify,true,10,1783313916893,0,QmWbbDn5PocUVAwa1Z8DaHWZAUyYjNR994MzCi3frghkPT,false
1334,e6-lifecycle-20260706T045832.822659423Z-c4-real-task-0222,ipfs_add,true,122,1783313916783,1324,,false
1335,e6-lifecycle-20260706T045832.822659423Z-c4-real-task-0224,signed_posttask,true,3,1783313916903,0,Qmbpj7kBGWLUhW2szT9f3rx2oZsCwi6t2fMD1Smb2wFi3D,false
1336,e6-lifecycle-20260706T045832.822659423Z-c4-real-task-0224,signed_postallocation,true,2,1783313916906,0,Qmbpj7kBGWLUhW2szT9f3rx2oZsCwi6t2fMD1Smb2wFi3D,false
1337,e6-lifecycle-20260706T045832.822659423Z-c4-real-task-0222,signed_posttask,true,5,1783313916905,0,QmS9gSDSA2dNcaqguAdbXiugT37zErUJRQhyYdHW4FYF1Z,false
1338,e6-lifecycle-20260706T045832.822659423Z-c4-real-task-0222,signed_postallocation,true,2,1783313916910,0,QmS9gSDSA2dNcaqguAdbXiugT37zErUJRQhyYdHW4FYF1Z,false
1339,e6-lifecycle-20260706T045832.822659423Z-c4-real-task-0224,signed_post_evalsnapshot,true,6,1783313916908,0,Qmbpj7kBGWLUhW2szT9f3rx2oZsCwi6t2fMD1Smb2wFi3D,false
1340,e6-lifecycle-20260706T045832.822659423Z-c4-real-task-0224,signed_vote1,true,2,1783313916914,0,Qmbpj7kBGWLUhW2szT9f3rx2oZsCwi6t2fMD1Smb2wFi3D,false
1341,e6-lifecycle-20260706T045832.822659423Z-c4-real-task-0222,signed_post_evalsnapshot,true,6,1783313916912,0,QmS9gSDSA2dNcaqguAdbXiugT37zErUJRQhyYdHW4FYF1Z,false
1342,e6-lifecycle-20260706T045832.822659423Z-c4-real-task-0222,signed_vote1,true,2,1783313916918,0,QmS9gSDSA2dNcaqguAdbXiugT37zErUJRQhyYdHW4FYF1Z,false
1343,e6-lifecycle-20260706T045832.822659423Z-c4-real-task-0224,signed_vote2,true,6,1783313916916,0,Qmbpj7kBGWLUhW2szT9f3rx2oZsCwi6t2fMD1Smb2wFi3D,false
1344,e6-lifecycle-20260706T045832.822659423Z-c4-real-task-0224,signed_settlement,true,2,1783313916922,0,Qmbpj7kBGWLUhW2szT9f3rx2oZsCwi6t2fMD1Smb2wFi3D,false
1345,e6-lifecycle-20260706T045832.822659423Z-c4-real-task-0222,signed_vote2,true,6,1783313916920,0,QmS9gSDSA2dNcaqguAdbXiugT37zErUJRQhyYdHW4FYF1Z,false
1346,e6-lifecycle-20260706T045832.822659423Z-c4-real-task-0224,signed_query_latest,true,3,1783313916924,0,Qmbpj7kBGWLUhW2szT9f3rx2oZsCwi6t2fMD1Smb2wFi3D,false
1347,e6-lifecycle-20260706T045832.822659423Z-c4-real-task-0222,signed_settlement,true,1,1783313916926,0,QmS9gSDSA2dNcaqguAdbXiugT37zErUJRQhyYdHW4FYF1Z,false
1348,e6-lifecycle-20260706T045832.822659423Z-c4-real-task-0222,signed_query_latest,true,0,1783313916927,0,QmS9gSDSA2dNcaqguAdbXiugT37zErUJRQhyYdHW4FYF1Z,false
1349,e6-lifecycle-20260706T045832.822659423Z-c4-real-task-0225,ipfs_add,true,75,1783313916856,2951,,false
1350,e6-lifecycle-20260706T045832.822659423Z-c4-real-task-0225,signed_posttask,true,4,1783313916931,0,QmP2y2GKPy6gwArpzaE2RA5dRRgeXWNUH6Gyquaruz27DM,false
1351,e6-lifecycle-20260706T045832.822659423Z-c4-real-task-0224,ipfs_verify,true,8,1783313916927,0,Qmbpj7kBGWLUhW2szT9f3rx2oZsCwi6t2fMD1Smb2wFi3D,false
1352,e6-lifecycle-20260706T045832.822659423Z-c4-real-task-0222,ipfs_verify,true,8,1783313916927,0,QmS9gSDSA2dNcaqguAdbXiugT37zErUJRQhyYdHW4FYF1Z,false
1353,e6-lifecycle-20260706T045832.822659423Z-c4-real-task-0225,signed_postallocation,true,1,1783313916935,0,QmP2y2GKPy6gwArpzaE2RA5dRRgeXWNUH6Gyquaruz27DM,false
1354,e6-lifecycle-20260706T045832.822659423Z-c4-real-task-0225,signed_post_evalsnapshot,true,2,1783313916936,0,QmP2y2GKPy6gwArpzaE2RA5dRRgeXWNUH6Gyquaruz27DM,false
1355,e6-lifecycle-20260706T045832.822659423Z-c4-real-task-0225,signed_vote1,true,2,1783313916938,0,QmP2y2GKPy6gwArpzaE2RA5dRRgeXWNUH6Gyquaruz27DM,false
1356,e6-lifecycle-20260706T045832.822659423Z-c4-real-task-0225,signed_vote2,true,2,1783313916940,0,QmP2y2GKPy6gwArpzaE2RA5dRRgeXWNUH6Gyquaruz27DM,false
1357,e6-lifecycle-20260706T045832.822659423Z-c4-real-task-0225,signed_settlement,true,1,1783313916942,0,QmP2y2GKPy6gwArpzaE2RA5dRRgeXWNUH6Gyquaruz27DM,false
1358,e6-lifecycle-20260706T045832.822659423Z-c4-real-task-0225,signed_query_latest,true,0,1783313916943,0,QmP2y2GKPy6gwArpzaE2RA5dRRgeXWNUH6Gyquaruz27DM,false
1359,e6-lifecycle-20260706T045832.822659423Z-c4-real-task-0225,ipfs_verify,true,10,1783313916943,0,QmP2y2GKPy6gwArpzaE2RA5dRRgeXWNUH6Gyquaruz27DM,false
1360,e6-lifecycle-20260706T045832.822659423Z-c4-real-task-0226,ipfs_add,true,55,1783313916903,2097,,false
1361,e6-lifecycle-20260706T045832.822659423Z-c4-real-task-0226,signed_posttask,true,2,1783313916958,0,QmYKcvqVA5kpfJsuCUkNUdEao6JQhFACmrPAQEP38tsjSp,false
1362,e6-lifecycle-20260706T045832.822659423Z-c4-real-task-0226,signed_postallocation,true,2,1783313916960,0,QmYKcvqVA5kpfJsuCUkNUdEao6JQhFACmrPAQEP38tsjSp,false
1363,e6-lifecycle-20260706T045832.822659423Z-c4-real-task-0226,signed_post_evalsnapshot,true,2,1783313916962,0,QmYKcvqVA5kpfJsuCUkNUdEao6JQhFACmrPAQEP38tsjSp,false
1364,e6-lifecycle-20260706T045832.822659423Z-c4-real-task-0226,signed_vote1,true,2,1783313916964,0,QmYKcvqVA5kpfJsuCUkNUdEao6JQhFACmrPAQEP38tsjSp,false
1365,e6-lifecycle-20260706T045832.822659423Z-c4-real-task-0226,signed_vote2,true,1,1783313916966,0,QmYKcvqVA5kpfJsuCUkNUdEao6JQhFACmrPAQEP38tsjSp,false
1366,e6-lifecycle-20260706T045832.822659423Z-c4-real-task-0226,signed_settlement,true,2,1783313916967,0,QmYKcvqVA5kpfJsuCUkNUdEao6JQhFACmrPAQEP38tsjSp,false
1367,e6-lifecycle-20260706T045832.822659423Z-c4-real-task-0226,signed_query_latest,true,0,1783313916969,0,QmYKcvqVA5kpfJsuCUkNUdEao6JQhFACmrPAQEP38tsjSp,false
1368,e6-lifecycle-20260706T045832.822659423Z-c4-real-task-0226,ipfs_verify,true,9,1783313916969,0,QmYKcvqVA5kpfJsuCUkNUdEao6JQhFACmrPAQEP38tsjSp,false
1369,e6-lifecycle-20260706T045832.822659423Z-c4-real-task-0227,ipfs_add,true,44,1783313916935,2681,,false
1370,e6-lifecycle-20260706T045832.822659423Z-c4-real-task-0227,signed_posttask,true,2,1783313916979,0,QmaotMaC4Hb3cSu92BbQ6XF1kKexFQRifGmXvXQ9CscYbr,false
1371,e6-lifecycle-20260706T045832.822659423Z-c4-real-task-0227,signed_postallocation,true,2,1783313916981,0,QmaotMaC4Hb3cSu92BbQ6XF1kKexFQRifGmXvXQ9CscYbr,false
1372,e6-lifecycle-20260706T045832.822659423Z-c4-real-task-0227,signed_post_evalsnapshot,true,2,1783313916983,0,QmaotMaC4Hb3cSu92BbQ6XF1kKexFQRifGmXvXQ9CscYbr,false
1373,e6-lifecycle-20260706T045832.822659423Z-c4-real-task-0227,signed_vote1,true,2,1783313916985,0,QmaotMaC4Hb3cSu92BbQ6XF1kKexFQRifGmXvXQ9CscYbr,false
1374,e6-lifecycle-20260706T045832.822659423Z-c4-real-task-0227,signed_vote2,true,2,1783313916987,0,QmaotMaC4Hb3cSu92BbQ6XF1kKexFQRifGmXvXQ9CscYbr,false
1375,e6-lifecycle-20260706T045832.822659423Z-c4-real-task-0227,signed_settlement,true,1,1783313916989,0,QmaotMaC4Hb3cSu92BbQ6XF1kKexFQRifGmXvXQ9CscYbr,false
1376,e6-lifecycle-20260706T045832.822659423Z-c4-real-task-0227,signed_query_latest,true,0,1783313916990,0,QmaotMaC4Hb3cSu92BbQ6XF1kKexFQRifGmXvXQ9CscYbr,false
1377,e6-lifecycle-20260706T045832.822659423Z-c4-real-task-0227,ipfs_verify,true,15,1783313916990,0,QmaotMaC4Hb3cSu92BbQ6XF1kKexFQRifGmXvXQ9CscYbr,false
1378,e6-lifecycle-20260706T045832.822659423Z-c4-real-task-0228,ipfs_add,true,83,1783313916935,3049,,false
1379,e6-lifecycle-20260706T045832.822659423Z-c4-real-task-0228,signed_posttask,true,3,1783313917018,0,Qmcg9hZwBNt4mPUVQKwcf3whBnxD8r9WzcLGYR2bbkVKYL,false
1380,e6-lifecycle-20260706T045832.822659423Z-c4-real-task-0228,signed_postallocation,true,2,1783313917021,0,Qmcg9hZwBNt4mPUVQKwcf3whBnxD8r9WzcLGYR2bbkVKYL,false
1381,e6-lifecycle-20260706T045832.822659423Z-c4-real-task-0228,signed_post_evalsnapshot,true,2,1783313917023,0,Qmcg9hZwBNt4mPUVQKwcf3whBnxD8r9WzcLGYR2bbkVKYL,false
1382,e6-lifecycle-20260706T045832.822659423Z-c4-real-task-0228,signed_vote1,true,2,1783313917025,0,Qmcg9hZwBNt4mPUVQKwcf3whBnxD8r9WzcLGYR2bbkVKYL,false
1383,e6-lifecycle-20260706T045832.822659423Z-c4-real-task-0228,signed_vote2,true,2,1783313917027,0,Qmcg9hZwBNt4mPUVQKwcf3whBnxD8r9WzcLGYR2bbkVKYL,false
1384,e6-lifecycle-20260706T045832.822659423Z-c4-real-task-0228,signed_settlement,true,2,1783313917029,0,Qmcg9hZwBNt4mPUVQKwcf3whBnxD8r9WzcLGYR2bbkVKYL,false
1385,e6-lifecycle-20260706T045832.822659423Z-c4-real-task-0228,signed_query_latest,true,0,1783313917031,0,Qmcg9hZwBNt4mPUVQKwcf3whBnxD8r9WzcLGYR2bbkVKYL,false
1386,e6-lifecycle-20260706T045832.822659423Z-c4-real-task-0228,ipfs_verify,true,12,1783313917031,0,Qmcg9hZwBNt4mPUVQKwcf3whBnxD8r9WzcLGYR2bbkVKYL,false
1387,e6-lifecycle-20260706T045832.822659423Z-c4-real-task-0229,ipfs_add,true,91,1783313916953,1853,,false
1388,e6-lifecycle-20260706T045832.822659423Z-c4-real-task-0229,signed_posttask,true,2,1783313917044,0,QmU1c3q88Niv1hpqR47GYDb1SQRJPW8Sq3y68qKJ6gnFaK,false
1389,e6-lifecycle-20260706T045832.822659423Z-c4-real-task-0229,signed_postallocation,true,2,1783313917046,0,QmU1c3q88Niv1hpqR47GYDb1SQRJPW8Sq3y68qKJ6gnFaK,false
1390,e6-lifecycle-20260706T045832.822659423Z-c4-real-task-0229,signed_post_evalsnapshot,true,2,1783313917048,0,QmU1c3q88Niv1hpqR47GYDb1SQRJPW8Sq3y68qKJ6gnFaK,false
1391,e6-lifecycle-20260706T045832.822659423Z-c4-real-task-0229,signed_vote1,true,3,1783313917050,0,QmU1c3q88Niv1hpqR47GYDb1SQRJPW8Sq3y68qKJ6gnFaK,false
1392,e6-lifecycle-20260706T045832.822659423Z-c4-real-task-0229,signed_vote2,true,2,1783313917053,0,QmU1c3q88Niv1hpqR47GYDb1SQRJPW8Sq3y68qKJ6gnFaK,false
1393,e6-lifecycle-20260706T045832.822659423Z-c4-real-task-0229,signed_settlement,true,1,1783313917055,0,QmU1c3q88Niv1hpqR47GYDb1SQRJPW8Sq3y68qKJ6gnFaK,false
1394,e6-lifecycle-20260706T045832.822659423Z-c4-real-task-0229,signed_query_latest,true,0,1783313917056,0,QmU1c3q88Niv1hpqR47GYDb1SQRJPW8Sq3y68qKJ6gnFaK,false
1395,e6-lifecycle-20260706T045832.822659423Z-c4-real-task-0229,ipfs_verify,true,10,1783313917056,0,QmU1c3q88Niv1hpqR47GYDb1SQRJPW8Sq3y68qKJ6gnFaK,false
1396,e6-lifecycle-20260706T045832.822659423Z-c4-real-task-0182,ipfs_add,true,100,1783313916978,7430,,false
1397,e6-lifecycle-20260706T045832.822659423Z-c4-real-task-0182,signed_posttask,true,2,1783313917078,0,QmPh87qX4uXxDva18VFEqYFHobSnGGDvKi4JqHTLbhxoLw,false
1398,e6-lifecycle-20260706T045832.822659423Z-c4-real-task-0182,signed_postallocation,true,3,1783313917080,0,QmPh87qX4uXxDva18VFEqYFHobSnGGDvKi4JqHTLbhxoLw,false
1399,e6-lifecycle-20260706T045832.822659423Z-c4-real-task-0182,signed_post_evalsnapshot,true,2,1783313917083,0,QmPh87qX4uXxDva18VFEqYFHobSnGGDvKi4JqHTLbhxoLw,false
1400,e6-lifecycle-20260706T045832.822659423Z-c4-real-task-0182,signed_vote1,true,1,1783313917085,0,QmPh87qX4uXxDva18VFEqYFHobSnGGDvKi4JqHTLbhxoLw,false
1401,e6-lifecycle-20260706T045832.822659423Z-c4-real-task-0182,signed_vote2,true,2,1783313917086,0,QmPh87qX4uXxDva18VFEqYFHobSnGGDvKi4JqHTLbhxoLw,false
1402,e6-lifecycle-20260706T045832.822659423Z-c4-real-task-0182,signed_settlement,true,2,1783313917088,0,QmPh87qX4uXxDva18VFEqYFHobSnGGDvKi4JqHTLbhxoLw,false
1403,e6-lifecycle-20260706T045832.822659423Z-c4-real-task-0182,signed_query_latest,true,0,1783313917090,0,QmPh87qX4uXxDva18VFEqYFHobSnGGDvKi4JqHTLbhxoLw,false
1404,e6-lifecycle-20260706T045832.822659423Z-c4-real-task-0182,ipfs_verify,true,8,1783313917090,0,QmPh87qX4uXxDva18VFEqYFHobSnGGDvKi4JqHTLbhxoLw,false
1405,e6-lifecycle-20260706T045832.822659423Z-c4-real-task-0159,ipfs_add,true,96,1783313917005,1618,,false
1406,e6-lifecycle-20260706T045832.822659423Z-c4-real-task-0159,signed_posttask,true,2,1783313917101,0,QmdxYpLKMtBw1hrsF8LgCLrKH1BbADtRRsjGCzLCCrthCc,false
1407,e6-lifecycle-20260706T045832.822659423Z-c4-real-task-0159,signed_postallocation,true,2,1783313917103,0,QmdxYpLKMtBw1hrsF8LgCLrKH1BbADtRRsjGCzLCCrthCc,false
1408,e6-lifecycle-20260706T045832.822659423Z-c4-real-task-0159,signed_post_evalsnapshot,true,3,1783313917105,0,QmdxYpLKMtBw1hrsF8LgCLrKH1BbADtRRsjGCzLCCrthCc,false
1409,e6-lifecycle-20260706T045832.822659423Z-c4-real-task-0159,signed_vote1,true,2,1783313917108,0,QmdxYpLKMtBw1hrsF8LgCLrKH1BbADtRRsjGCzLCCrthCc,false
1410,e6-lifecycle-20260706T045832.822659423Z-c4-real-task-0159,signed_vote2,true,2,1783313917110,0,QmdxYpLKMtBw1hrsF8LgCLrKH1BbADtRRsjGCzLCCrthCc,false
1411,e6-lifecycle-20260706T045832.822659423Z-c4-real-task-0159,signed_settlement,true,2,1783313917112,0,QmdxYpLKMtBw1hrsF8LgCLrKH1BbADtRRsjGCzLCCrthCc,false
1412,e6-lifecycle-20260706T045832.822659423Z-c4-real-task-0159,signed_query_latest,true,0,1783313917114,0,QmdxYpLKMtBw1hrsF8LgCLrKH1BbADtRRsjGCzLCCrthCc,false
1413,e6-lifecycle-20260706T045832.822659423Z-c4-real-task-0160,ipfs_add,true,80,1783313917043,3112,,false
1414,e6-lifecycle-20260706T045832.822659423Z-c4-real-task-0159,ipfs_verify,true,10,1783313917114,0,QmdxYpLKMtBw1hrsF8LgCLrKH1BbADtRRsjGCzLCCrthCc,false
1415,e6-lifecycle-20260706T045832.822659423Z-c4-real-task-0160,signed_posttask,true,3,1783313917123,0,QmZcHogHrAZaeaBhWnqwZoH5LhmdVbJ6pEy6KSUXD7Sqeh,false
1416,e6-lifecycle-20260706T045832.822659423Z-c4-real-task-0160,signed_postallocation,true,2,1783313917126,0,QmZcHogHrAZaeaBhWnqwZoH5LhmdVbJ6pEy6KSUXD7Sqeh,false
1417,e6-lifecycle-20260706T045832.822659423Z-c4-real-task-0160,signed_post_evalsnapshot,true,1,1783313917128,0,QmZcHogHrAZaeaBhWnqwZoH5LhmdVbJ6pEy6KSUXD7Sqeh,false
1418,e6-lifecycle-20260706T045832.822659423Z-c4-real-task-0160,signed_vote1,true,2,1783313917129,0,QmZcHogHrAZaeaBhWnqwZoH5LhmdVbJ6pEy6KSUXD7Sqeh,false
1419,e6-lifecycle-20260706T045832.822659423Z-c4-real-task-0160,signed_vote2,true,2,1783313917131,0,QmZcHogHrAZaeaBhWnqwZoH5LhmdVbJ6pEy6KSUXD7Sqeh,false
1420,e6-lifecycle-20260706T045832.822659423Z-c4-real-task-0160,signed_settlement,true,4,1783313917133,0,QmZcHogHrAZaeaBhWnqwZoH5LhmdVbJ6pEy6KSUXD7Sqeh,false
1421,e6-lifecycle-20260706T045832.822659423Z-c4-real-task-0160,signed_query_latest,true,0,1783313917137,0,QmZcHogHrAZaeaBhWnqwZoH5LhmdVbJ6pEy6KSUXD7Sqeh,false
1422,e6-lifecycle-20260706T045832.822659423Z-c4-real-task-0160,ipfs_verify,true,9,1783313917137,0,QmZcHogHrAZaeaBhWnqwZoH5LhmdVbJ6pEy6KSUXD7Sqeh,false
1423,e6-lifecycle-20260706T045832.822659423Z-c4-real-task-0161,ipfs_add,true,82,1783313917066,2567,,false
1424,e6-lifecycle-20260706T045832.822659423Z-c4-real-task-0161,signed_posttask,true,3,1783313917148,0,QmVHT5ucjcpkHShAnZazRTavev3cXT2osoYZL29UVeigZs,false
1425,e6-lifecycle-20260706T045832.822659423Z-c4-real-task-0161,signed_postallocation,true,2,1783313917151,0,QmVHT5ucjcpkHShAnZazRTavev3cXT2osoYZL29UVeigZs,false
1426,e6-lifecycle-20260706T045832.822659423Z-c4-real-task-0161,signed_post_evalsnapshot,true,9,1783313917153,0,QmVHT5ucjcpkHShAnZazRTavev3cXT2osoYZL29UVeigZs,false
1427,e6-lifecycle-20260706T045832.822659423Z-c4-real-task-0161,signed_vote1,true,3,1783313917162,0,QmVHT5ucjcpkHShAnZazRTavev3cXT2osoYZL29UVeigZs,false
1428,e6-lifecycle-20260706T045832.822659423Z-c4-real-task-0161,signed_vote2,true,4,1783313917165,0,QmVHT5ucjcpkHShAnZazRTavev3cXT2osoYZL29UVeigZs,false
1429,e6-lifecycle-20260706T045832.822659423Z-c4-real-task-0161,signed_settlement,true,2,1783313917169,0,QmVHT5ucjcpkHShAnZazRTavev3cXT2osoYZL29UVeigZs,false
1430,e6-lifecycle-20260706T045832.822659423Z-c4-real-task-0161,signed_query_latest,true,0,1783313917171,0,QmVHT5ucjcpkHShAnZazRTavev3cXT2osoYZL29UVeigZs,false
1431,e6-lifecycle-20260706T045832.822659423Z-c4-real-task-0161,ipfs_verify,true,10,1783313917171,0,QmVHT5ucjcpkHShAnZazRTavev3cXT2osoYZL29UVeigZs,false
1432,e6-lifecycle-20260706T045832.822659423Z-c4-real-task-0162,ipfs_add,true,114,1783313917099,2034,,false
1433,e6-lifecycle-20260706T045832.822659423Z-c4-real-task-0165,ipfs_add,true,32,1783313917181,5181,,false
1434,e6-lifecycle-20260706T045832.822659423Z-c4-real-task-0162,signed_posttask,true,2,1783313917213,0,QmWEY5PvyU4H8vYcY2riKxKMc1nBFYKtSn243fBKXvUxUT,false
1435,e6-lifecycle-20260706T045832.822659423Z-c4-real-task-0162,signed_postallocation,true,2,1783313917215,0,QmWEY5PvyU4H8vYcY2riKxKMc1nBFYKtSn243fBKXvUxUT,false
1436,e6-lifecycle-20260706T045832.822659423Z-c4-real-task-0165,signed_posttask,true,6,1783313917213,0,QmfCP6JMHwAJzdeV44wRErrYPKwmwJ5zKaxLaC7PSEh7Xv,false
1437,e6-lifecycle-20260706T045832.822659423Z-c4-real-task-0165,signed_postallocation,true,2,1783313917219,0,QmfCP6JMHwAJzdeV44wRErrYPKwmwJ5zKaxLaC7PSEh7Xv,false
1438,e6-lifecycle-20260706T045832.822659423Z-c4-real-task-0162,signed_post_evalsnapshot,true,6,1783313917217,0,QmWEY5PvyU4H8vYcY2riKxKMc1nBFYKtSn243fBKXvUxUT,false
1439,e6-lifecycle-20260706T045832.822659423Z-c4-real-task-0162,signed_vote1,true,2,1783313917223,0,QmWEY5PvyU4H8vYcY2riKxKMc1nBFYKtSn243fBKXvUxUT,false
1440,e6-lifecycle-20260706T045832.822659423Z-c4-real-task-0165,signed_post_evalsnapshot,true,6,1783313917221,0,QmfCP6JMHwAJzdeV44wRErrYPKwmwJ5zKaxLaC7PSEh7Xv,false
1441,e6-lifecycle-20260706T045832.822659423Z-c4-real-task-0165,signed_vote1,true,1,1783313917227,0,QmfCP6JMHwAJzdeV44wRErrYPKwmwJ5zKaxLaC7PSEh7Xv,false
1442,e6-lifecycle-20260706T045832.822659423Z-c4-real-task-0162,signed_vote2,true,5,1783313917225,0,QmWEY5PvyU4H8vYcY2riKxKMc1nBFYKtSn243fBKXvUxUT,false
1443,e6-lifecycle-20260706T045832.822659423Z-c4-real-task-0162,signed_settlement,true,3,1783313917230,0,QmWEY5PvyU4H8vYcY2riKxKMc1nBFYKtSn243fBKXvUxUT,false
1444,e6-lifecycle-20260706T045832.822659423Z-c4-real-task-0165,signed_vote2,true,7,1783313917228,0,QmfCP6JMHwAJzdeV44wRErrYPKwmwJ5zKaxLaC7PSEh7Xv,false
1445,e6-lifecycle-20260706T045832.822659423Z-c4-real-task-0162,signed_query_latest,true,4,1783313917233,0,QmWEY5PvyU4H8vYcY2riKxKMc1nBFYKtSn243fBKXvUxUT,false
1446,e6-lifecycle-20260706T045832.822659423Z-c4-real-task-0165,signed_settlement,true,2,1783313917235,0,QmfCP6JMHwAJzdeV44wRErrYPKwmwJ5zKaxLaC7PSEh7Xv,false
1447,e6-lifecycle-20260706T045832.822659423Z-c4-real-task-0165,signed_query_latest,true,0,1783313917237,0,QmfCP6JMHwAJzdeV44wRErrYPKwmwJ5zKaxLaC7PSEh7Xv,false
1448,e6-lifecycle-20260706T045832.822659423Z-c4-real-task-0164,ipfs_add,true,92,1783313917146,1901,,false
1449,e6-lifecycle-20260706T045832.822659423Z-c4-real-task-0164,signed_posttask,true,2,1783313917238,0,QmenUvYwtVYLLgnnt9kzR3UcGRzkbap5J3M93Rp33ndQBW,false
1450,e6-lifecycle-20260706T045832.822659423Z-c4-real-task-0164,signed_postallocation,true,1,1783313917240,0,QmenUvYwtVYLLgnnt9kzR3UcGRzkbap5J3M93Rp33ndQBW,false
1451,e6-lifecycle-20260706T045832.822659423Z-c4-real-task-0164,signed_post_evalsnapshot,true,2,1783313917241,0,QmenUvYwtVYLLgnnt9kzR3UcGRzkbap5J3M93Rp33ndQBW,false
1452,e6-lifecycle-20260706T045832.822659423Z-c4-real-task-0164,signed_vote1,true,2,1783313917243,0,QmenUvYwtVYLLgnnt9kzR3UcGRzkbap5J3M93Rp33ndQBW,false
1453,e6-lifecycle-20260706T045832.822659423Z-c4-real-task-0162,ipfs_verify,true,9,1783313917237,0,QmWEY5PvyU4H8vYcY2riKxKMc1nBFYKtSn243fBKXvUxUT,false
1454,e6-lifecycle-20260706T045832.822659423Z-c4-real-task-0165,ipfs_verify,true,10,1783313917237,0,QmfCP6JMHwAJzdeV44wRErrYPKwmwJ5zKaxLaC7PSEh7Xv,false
1455,e6-lifecycle-20260706T045832.822659423Z-c4-real-task-0164,signed_vote2,true,2,1783313917245,0,QmenUvYwtVYLLgnnt9kzR3UcGRzkbap5J3M93Rp33ndQBW,false
1456,e6-lifecycle-20260706T045832.822659423Z-c4-real-task-0164,signed_settlement,true,2,1783313917247,0,QmenUvYwtVYLLgnnt9kzR3UcGRzkbap5J3M93Rp33ndQBW,false
1457,e6-lifecycle-20260706T045832.822659423Z-c4-real-task-0164,signed_query_latest,true,0,1783313917249,0,QmenUvYwtVYLLgnnt9kzR3UcGRzkbap5J3M93Rp33ndQBW,false
1458,e6-lifecycle-20260706T045832.822659423Z-c4-real-task-0164,ipfs_verify,true,9,1783313917249,0,QmenUvYwtVYLLgnnt9kzR3UcGRzkbap5J3M93Rp33ndQBW,false
1459,e6-lifecycle-20260706T045832.822659423Z-c4-real-task-0167,ipfs_add,true,44,1783313917247,2244,,false
1460,e6-lifecycle-20260706T045832.822659423Z-c4-real-task-0167,signed_posttask,true,2,1783313917291,0,Qmb6sxdzbJZRHwThCpZp383LPMsQpPY5tVXmGq6tj6WAkE,false
1461,e6-lifecycle-20260706T045832.822659423Z-c4-real-task-0167,signed_postallocation,true,2,1783313917293,0,Qmb6sxdzbJZRHwThCpZp383LPMsQpPY5tVXmGq6tj6WAkE,false
1462,e6-lifecycle-20260706T045832.822659423Z-c4-real-task-0167,signed_post_evalsnapshot,true,2,1783313917295,0,Qmb6sxdzbJZRHwThCpZp383LPMsQpPY5tVXmGq6tj6WAkE,false
1463,e6-lifecycle-20260706T045832.822659423Z-c4-real-task-0167,signed_vote1,true,2,1783313917297,0,Qmb6sxdzbJZRHwThCpZp383LPMsQpPY5tVXmGq6tj6WAkE,false
1464,e6-lifecycle-20260706T045832.822659423Z-c4-real-task-0167,signed_vote2,true,2,1783313917299,0,Qmb6sxdzbJZRHwThCpZp383LPMsQpPY5tVXmGq6tj6WAkE,false
1465,e6-lifecycle-20260706T045832.822659423Z-c4-real-task-0167,signed_settlement,true,1,1783313917301,0,Qmb6sxdzbJZRHwThCpZp383LPMsQpPY5tVXmGq6tj6WAkE,false
1466,e6-lifecycle-20260706T045832.822659423Z-c4-real-task-0167,signed_query_latest,true,0,1783313917302,0,Qmb6sxdzbJZRHwThCpZp383LPMsQpPY5tVXmGq6tj6WAkE,false
1467,e6-lifecycle-20260706T045832.822659423Z-c4-real-task-0166,ipfs_add,true,68,1783313917246,3237,,false
1468,e6-lifecycle-20260706T045832.822659423Z-c4-real-task-0163,ipfs_add,true,190,1783313917124,5564,,false
1469,e6-lifecycle-20260706T045832.822659423Z-c4-real-task-0167,ipfs_verify,true,13,1783313917302,0,Qmb6sxdzbJZRHwThCpZp383LPMsQpPY5tVXmGq6tj6WAkE,false
1470,e6-lifecycle-20260706T045832.822659423Z-c4-real-task-0163,signed_posttask,true,5,1783313917314,0,QmWVNuFxXBBoYjDDqPM5JjHqatxTLGdC8aLk7ick1Kz4Yb,false
1471,e6-lifecycle-20260706T045832.822659423Z-c4-real-task-0163,signed_postallocation,true,2,1783313917319,0,QmWVNuFxXBBoYjDDqPM5JjHqatxTLGdC8aLk7ick1Kz4Yb,false
1472,e6-lifecycle-20260706T045832.822659423Z-c4-real-task-0166,signed_posttask,true,9,1783313917314,0,QmTApS5qYgw5B1RZ5zisGBzCjQxmJKLLc5piMQryNc95Lw,false
1473,e6-lifecycle-20260706T045832.822659423Z-c4-real-task-0166,signed_postallocation,true,2,1783313917323,0,QmTApS5qYgw5B1RZ5zisGBzCjQxmJKLLc5piMQryNc95Lw,false
1474,e6-lifecycle-20260706T045832.822659423Z-c4-real-task-0163,signed_post_evalsnapshot,true,6,1783313917321,0,QmWVNuFxXBBoYjDDqPM5JjHqatxTLGdC8aLk7ick1Kz4Yb,false
1475,e6-lifecycle-20260706T045832.822659423Z-c4-real-task-0163,signed_vote1,true,2,1783313917327,0,QmWVNuFxXBBoYjDDqPM5JjHqatxTLGdC8aLk7ick1Kz4Yb,false
1476,e6-lifecycle-20260706T045832.822659423Z-c4-real-task-0166,signed_post_evalsnapshot,true,5,1783313917325,0,QmTApS5qYgw5B1RZ5zisGBzCjQxmJKLLc5piMQryNc95Lw,false
1477,e6-lifecycle-20260706T045832.822659423Z-c4-real-task-0166,signed_vote1,true,2,1783313917330,0,QmTApS5qYgw5B1RZ5zisGBzCjQxmJKLLc5piMQryNc95Lw,false
1478,e6-lifecycle-20260706T045832.822659423Z-c4-real-task-0163,signed_vote2,true,4,1783313917329,0,QmWVNuFxXBBoYjDDqPM5JjHqatxTLGdC8aLk7ick1Kz4Yb,false
1479,e6-lifecycle-20260706T045832.822659423Z-c4-real-task-0163,signed_settlement,true,2,1783313917333,0,QmWVNuFxXBBoYjDDqPM5JjHqatxTLGdC8aLk7ick1Kz4Yb,false
1480,e6-lifecycle-20260706T045832.822659423Z-c4-real-task-0166,signed_vote2,true,5,1783313917332,0,QmTApS5qYgw5B1RZ5zisGBzCjQxmJKLLc5piMQryNc95Lw,false
1481,e6-lifecycle-20260706T045832.822659423Z-c4-real-task-0163,signed_query_latest,true,4,1783313917335,0,QmWVNuFxXBBoYjDDqPM5JjHqatxTLGdC8aLk7ick1Kz4Yb,false
1482,e6-lifecycle-20260706T045832.822659423Z-c4-real-task-0166,signed_settlement,true,2,1783313917337,0,QmTApS5qYgw5B1RZ5zisGBzCjQxmJKLLc5piMQryNc95Lw,false
1483,e6-lifecycle-20260706T045832.822659423Z-c4-real-task-0166,signed_query_latest,true,0,1783313917339,0,QmTApS5qYgw5B1RZ5zisGBzCjQxmJKLLc5piMQryNc95Lw,false
1484,e6-lifecycle-20260706T045832.822659423Z-c4-real-task-0168,ipfs_add,true,88,1783313917258,3309,,false
1485,e6-lifecycle-20260706T045832.822659423Z-c4-real-task-0163,ipfs_verify,true,9,1783313917339,0,QmWVNuFxXBBoYjDDqPM5JjHqatxTLGdC8aLk7ick1Kz4Yb,false
1486,e6-lifecycle-20260706T045832.822659423Z-c4-real-task-0168,signed_posttask,true,3,1783313917346,0,QmW3R2ZUk1JeXnvoaVApYX6D73xdA2HnR93n8FvAGo1XWp,false
1487,e6-lifecycle-20260706T045832.822659423Z-c4-real-task-0168,signed_postallocation,true,1,1783313917349,0,QmW3R2ZUk1JeXnvoaVApYX6D73xdA2HnR93n8FvAGo1XWp,false
1488,e6-lifecycle-20260706T045832.822659423Z-c4-real-task-0166,ipfs_verify,true,13,1783313917339,0,QmTApS5qYgw5B1RZ5zisGBzCjQxmJKLLc5piMQryNc95Lw,false
1489,e6-lifecycle-20260706T045832.822659423Z-c4-real-task-0168,signed_post_evalsnapshot,true,3,1783313917350,0,QmW3R2ZUk1JeXnvoaVApYX6D73xdA2HnR93n8FvAGo1XWp,false
1490,e6-lifecycle-20260706T045832.822659423Z-c4-real-task-0168,signed_vote1,true,2,1783313917353,0,QmW3R2ZUk1JeXnvoaVApYX6D73xdA2HnR93n8FvAGo1XWp,false
1491,e6-lifecycle-20260706T045832.822659423Z-c4-real-task-0168,signed_vote2,true,2,1783313917355,0,QmW3R2ZUk1JeXnvoaVApYX6D73xdA2HnR93n8FvAGo1XWp,false
1492,e6-lifecycle-20260706T045832.822659423Z-c4-real-task-0168,signed_settlement,true,2,1783313917357,0,QmW3R2ZUk1JeXnvoaVApYX6D73xdA2HnR93n8FvAGo1XWp,false
1493,e6-lifecycle-20260706T045832.822659423Z-c4-real-task-0168,signed_query_latest,true,0,1783313917359,0,QmW3R2ZUk1JeXnvoaVApYX6D73xdA2HnR93n8FvAGo1XWp,false
1494,e6-lifecycle-20260706T045832.822659423Z-c4-real-task-0168,ipfs_verify,true,9,1783313917359,0,QmW3R2ZUk1JeXnvoaVApYX6D73xdA2HnR93n8FvAGo1XWp,false
1495,e6-lifecycle-20260706T045832.822659423Z-c4-real-task-0169,ipfs_add,true,56,1783313917316,7969,,false
1496,e6-lifecycle-20260706T045832.822659423Z-c4-real-task-0169,signed_posttask,true,2,1783313917372,0,QmZLqC3g86PSYcSxK1cxvHGJ8Aik2UoKw8caWw7XhNXkPF,false
1497,e6-lifecycle-20260706T045832.822659423Z-c4-real-task-0169,signed_postallocation,true,1,1783313917374,0,QmZLqC3g86PSYcSxK1cxvHGJ8Aik2UoKw8caWw7XhNXkPF,false
1498,e6-lifecycle-20260706T045832.822659423Z-c4-real-task-0169,signed_post_evalsnapshot,true,2,1783313917375,0,QmZLqC3g86PSYcSxK1cxvHGJ8Aik2UoKw8caWw7XhNXkPF,false
1499,e6-lifecycle-20260706T045832.822659423Z-c4-real-task-0169,signed_vote1,true,2,1783313917377,0,QmZLqC3g86PSYcSxK1cxvHGJ8Aik2UoKw8caWw7XhNXkPF,false
1500,e6-lifecycle-20260706T045832.822659423Z-c4-real-task-0169,signed_vote2,true,2,1783313917379,0,QmZLqC3g86PSYcSxK1cxvHGJ8Aik2UoKw8caWw7XhNXkPF,false
1501,e6-lifecycle-20260706T045832.822659423Z-c4-real-task-0169,signed_settlement,true,2,1783313917381,0,QmZLqC3g86PSYcSxK1cxvHGJ8Aik2UoKw8caWw7XhNXkPF,false
1502,e6-lifecycle-20260706T045832.822659423Z-c4-real-task-0169,signed_query_latest,true,0,1783313917383,0,QmZLqC3g86PSYcSxK1cxvHGJ8Aik2UoKw8caWw7XhNXkPF,false
1503,e6-lifecycle-20260706T045832.822659423Z-c4-real-task-0169,ipfs_verify,true,7,1783313917383,0,QmZLqC3g86PSYcSxK1cxvHGJ8Aik2UoKw8caWw7XhNXkPF,false
1504,e6-lifecycle-20260706T045832.822659423Z-c4-real-task-0170,ipfs_add,true,51,1783313917348,4645,,false
1505,e6-lifecycle-20260706T045832.822659423Z-c4-real-task-0170,signed_posttask,true,1,1783313917399,0,QmSos72kuKbiboaW2t61phLxW7ptKFQdMCisw6tNBtbcDE,false
1506,e6-lifecycle-20260706T045832.822659423Z-c4-real-task-0170,signed_postallocation,true,2,1783313917400,0,QmSos72kuKbiboaW2t61phLxW7ptKFQdMCisw6tNBtbcDE,false
1507,e6-lifecycle-20260706T045832.822659423Z-c4-real-task-0170,signed_post_evalsnapshot,true,2,1783313917402,0,QmSos72kuKbiboaW2t61phLxW7ptKFQdMCisw6tNBtbcDE,false
1508,e6-lifecycle-20260706T045832.822659423Z-c4-real-task-0170,signed_vote1,true,1,1783313917404,0,QmSos72kuKbiboaW2t61phLxW7ptKFQdMCisw6tNBtbcDE,false
1509,e6-lifecycle-20260706T045832.822659423Z-c4-real-task-0170,signed_vote2,true,2,1783313917405,0,QmSos72kuKbiboaW2t61phLxW7ptKFQdMCisw6tNBtbcDE,false
1510,e6-lifecycle-20260706T045832.822659423Z-c4-real-task-0170,signed_settlement,true,2,1783313917407,0,QmSos72kuKbiboaW2t61phLxW7ptKFQdMCisw6tNBtbcDE,false
1511,e6-lifecycle-20260706T045832.822659423Z-c4-real-task-0170,signed_query_latest,true,0,1783313917409,0,QmSos72kuKbiboaW2t61phLxW7ptKFQdMCisw6tNBtbcDE,false
1512,e6-lifecycle-20260706T045832.822659423Z-c4-real-task-0170,ipfs_verify,true,7,1783313917409,0,QmSos72kuKbiboaW2t61phLxW7ptKFQdMCisw6tNBtbcDE,false
1513,e6-lifecycle-20260706T045832.822659423Z-c4-real-task-0171,ipfs_add,true,68,1783313917352,4195,,false
1514,e6-lifecycle-20260706T045832.822659423Z-c4-real-task-0171,signed_posttask,true,2,1783313917420,0,QmZjdLVQXtktv5yJUsy2JQrY7etRcY2dQbqD5P8k7FzLSd,false
1515,e6-lifecycle-20260706T045832.822659423Z-c4-real-task-0171,signed_postallocation,true,2,1783313917422,0,QmZjdLVQXtktv5yJUsy2JQrY7etRcY2dQbqD5P8k7FzLSd,false
1516,e6-lifecycle-20260706T045832.822659423Z-c4-real-task-0171,signed_post_evalsnapshot,true,2,1783313917424,0,QmZjdLVQXtktv5yJUsy2JQrY7etRcY2dQbqD5P8k7FzLSd,false
1517,e6-lifecycle-20260706T045832.822659423Z-c4-real-task-0171,signed_vote1,true,2,1783313917426,0,QmZjdLVQXtktv5yJUsy2JQrY7etRcY2dQbqD5P8k7FzLSd,false
1518,e6-lifecycle-20260706T045832.822659423Z-c4-real-task-0171,signed_vote2,true,2,1783313917428,0,QmZjdLVQXtktv5yJUsy2JQrY7etRcY2dQbqD5P8k7FzLSd,false
1519,e6-lifecycle-20260706T045832.822659423Z-c4-real-task-0171,signed_settlement,true,2,1783313917430,0,QmZjdLVQXtktv5yJUsy2JQrY7etRcY2dQbqD5P8k7FzLSd,false
1520,e6-lifecycle-20260706T045832.822659423Z-c4-real-task-0171,signed_query_latest,true,0,1783313917432,0,QmZjdLVQXtktv5yJUsy2JQrY7etRcY2dQbqD5P8k7FzLSd,false
1521,e6-lifecycle-20260706T045832.822659423Z-c4-real-task-0171,ipfs_verify,true,9,1783313917432,0,QmZjdLVQXtktv5yJUsy2JQrY7etRcY2dQbqD5P8k7FzLSd,false
1522,e6-lifecycle-20260706T045832.822659423Z-c4-real-task-0172,ipfs_add,true,74,1783313917368,1446,,false
1523,e6-lifecycle-20260706T045832.822659423Z-c4-real-task-0172,signed_posttask,true,2,1783313917442,0,QmWCXhJMHo5d7nRYTgmt9DNVZcy4VxB9ac3rTxcCb2NF2D,false
1524,e6-lifecycle-20260706T045832.822659423Z-c4-real-task-0172,signed_postallocation,true,2,1783313917444,0,QmWCXhJMHo5d7nRYTgmt9DNVZcy4VxB9ac3rTxcCb2NF2D,false
1525,e6-lifecycle-20260706T045832.822659423Z-c4-real-task-0172,signed_post_evalsnapshot,true,2,1783313917446,0,QmWCXhJMHo5d7nRYTgmt9DNVZcy4VxB9ac3rTxcCb2NF2D,false
1526,e6-lifecycle-20260706T045832.822659423Z-c4-real-task-0172,signed_vote1,true,2,1783313917448,0,QmWCXhJMHo5d7nRYTgmt9DNVZcy4VxB9ac3rTxcCb2NF2D,false
1527,e6-lifecycle-20260706T045832.822659423Z-c4-real-task-0172,signed_vote2,true,2,1783313917450,0,QmWCXhJMHo5d7nRYTgmt9DNVZcy4VxB9ac3rTxcCb2NF2D,false
1528,e6-lifecycle-20260706T045832.822659423Z-c4-real-task-0172,signed_settlement,true,2,1783313917452,0,QmWCXhJMHo5d7nRYTgmt9DNVZcy4VxB9ac3rTxcCb2NF2D,false
1529,e6-lifecycle-20260706T045832.822659423Z-c4-real-task-0172,signed_query_latest,true,0,1783313917454,0,QmWCXhJMHo5d7nRYTgmt9DNVZcy4VxB9ac3rTxcCb2NF2D,false
1530,e6-lifecycle-20260706T045832.822659423Z-c4-real-task-0173,ipfs_add,true,80,1783313917390,4300,,false
1531,e6-lifecycle-20260706T045832.822659423Z-c4-real-task-0173,signed_posttask,true,2,1783313917470,0,QmbfTxCmxcHLajsThp62tm2pwqsRpuG1kR3xMMAoDmU5AM,false
1532,e6-lifecycle-20260706T045832.822659423Z-c4-real-task-0172,ipfs_verify,true,20,1783313917454,0,QmWCXhJMHo5d7nRYTgmt9DNVZcy4VxB9ac3rTxcCb2NF2D,false
1533,e6-lifecycle-20260706T045832.822659423Z-c4-real-task-0173,signed_postallocation,true,2,1783313917472,0,QmbfTxCmxcHLajsThp62tm2pwqsRpuG1kR3xMMAoDmU5AM,false
1534,e6-lifecycle-20260706T045832.822659423Z-c4-real-task-0173,signed_post_evalsnapshot,true,2,1783313917474,0,QmbfTxCmxcHLajsThp62tm2pwqsRpuG1kR3xMMAoDmU5AM,false
1535,e6-lifecycle-20260706T045832.822659423Z-c4-real-task-0173,signed_vote1,true,2,1783313917476,0,QmbfTxCmxcHLajsThp62tm2pwqsRpuG1kR3xMMAoDmU5AM,false
1536,e6-lifecycle-20260706T045832.822659423Z-c4-real-task-0173,signed_vote2,true,2,1783313917478,0,QmbfTxCmxcHLajsThp62tm2pwqsRpuG1kR3xMMAoDmU5AM,false
1537,e6-lifecycle-20260706T045832.822659423Z-c4-real-task-0173,signed_settlement,true,1,1783313917480,0,QmbfTxCmxcHLajsThp62tm2pwqsRpuG1kR3xMMAoDmU5AM,false
1538,e6-lifecycle-20260706T045832.822659423Z-c4-real-task-0173,signed_query_latest,true,0,1783313917481,0,QmbfTxCmxcHLajsThp62tm2pwqsRpuG1kR3xMMAoDmU5AM,false
1539,e6-lifecycle-20260706T045832.822659423Z-c4-real-task-0173,ipfs_verify,true,9,1783313917481,0,QmbfTxCmxcHLajsThp62tm2pwqsRpuG1kR3xMMAoDmU5AM,false
1540,e6-lifecycle-20260706T045832.822659423Z-c4-real-task-0174,ipfs_add,true,79,1783313917416,5608,,false
1541,e6-lifecycle-20260706T045832.822659423Z-c4-real-task-0174,signed_posttask,true,2,1783313917495,0,QmPxEGbddJ32igioNjm2AWhhmWQnoqqpTMJsfYKy6YhAFx,false
1542,e6-lifecycle-20260706T045832.822659423Z-c4-real-task-0174,signed_postallocation,true,2,1783313917497,0,QmPxEGbddJ32igioNjm2AWhhmWQnoqqpTMJsfYKy6YhAFx,false
1543,e6-lifecycle-20260706T045832.822659423Z-c4-real-task-0174,signed_post_evalsnapshot,true,2,1783313917499,0,QmPxEGbddJ32igioNjm2AWhhmWQnoqqpTMJsfYKy6YhAFx,false
1544,e6-lifecycle-20260706T045832.822659423Z-c4-real-task-0174,signed_vote1,true,2,1783313917501,0,QmPxEGbddJ32igioNjm2AWhhmWQnoqqpTMJsfYKy6YhAFx,false
1545,e6-lifecycle-20260706T045832.822659423Z-c4-real-task-0174,signed_vote2,true,2,1783313917503,0,QmPxEGbddJ32igioNjm2AWhhmWQnoqqpTMJsfYKy6YhAFx,false
1546,e6-lifecycle-20260706T045832.822659423Z-c4-real-task-0174,signed_settlement,true,2,1783313917505,0,QmPxEGbddJ32igioNjm2AWhhmWQnoqqpTMJsfYKy6YhAFx,false
1547,e6-lifecycle-20260706T045832.822659423Z-c4-real-task-0174,signed_query_latest,true,0,1783313917507,0,QmPxEGbddJ32igioNjm2AWhhmWQnoqqpTMJsfYKy6YhAFx,false
1548,e6-lifecycle-20260706T045832.822659423Z-c4-real-task-0174,ipfs_verify,true,13,1783313917507,0,QmPxEGbddJ32igioNjm2AWhhmWQnoqqpTMJsfYKy6YhAFx,false
1549,e6-lifecycle-20260706T045832.822659423Z-c4-real-task-0175,ipfs_add,true,94,1783313917441,3257,,false
1550,e6-lifecycle-20260706T045832.822659423Z-c4-real-task-0175,signed_posttask,true,2,1783313917535,0,Qme56HU6MmPTV4JMa2UFRRBLDMk4TTUSKEeBW74bEDj7dJ,false
1551,e6-lifecycle-20260706T045832.822659423Z-c4-real-task-0175,signed_postallocation,true,2,1783313917537,0,Qme56HU6MmPTV4JMa2UFRRBLDMk4TTUSKEeBW74bEDj7dJ,false
1552,e6-lifecycle-20260706T045832.822659423Z-c4-real-task-0175,signed_post_evalsnapshot,true,2,1783313917539,0,Qme56HU6MmPTV4JMa2UFRRBLDMk4TTUSKEeBW74bEDj7dJ,false
1553,e6-lifecycle-20260706T045832.822659423Z-c4-real-task-0175,signed_vote1,true,2,1783313917541,0,Qme56HU6MmPTV4JMa2UFRRBLDMk4TTUSKEeBW74bEDj7dJ,false
1554,e6-lifecycle-20260706T045832.822659423Z-c4-real-task-0175,signed_vote2,true,2,1783313917543,0,Qme56HU6MmPTV4JMa2UFRRBLDMk4TTUSKEeBW74bEDj7dJ,false
1555,e6-lifecycle-20260706T045832.822659423Z-c4-real-task-0175,signed_settlement,true,2,1783313917545,0,Qme56HU6MmPTV4JMa2UFRRBLDMk4TTUSKEeBW74bEDj7dJ,false
1556,e6-lifecycle-20260706T045832.822659423Z-c4-real-task-0175,signed_query_latest,true,0,1783313917547,0,Qme56HU6MmPTV4JMa2UFRRBLDMk4TTUSKEeBW74bEDj7dJ,false
1557,e6-lifecycle-20260706T045832.822659423Z-c4-real-task-0175,ipfs_verify,true,10,1783313917547,0,Qme56HU6MmPTV4JMa2UFRRBLDMk4TTUSKEeBW74bEDj7dJ,false
1558,e6-lifecycle-20260706T045832.822659423Z-c4-real-task-0176,ipfs_add,true,133,1783313917474,4034,,false
1559,e6-lifecycle-20260706T045832.822659423Z-c4-real-task-0176,signed_posttask,true,2,1783313917607,0,QmWYpLa462QawExYZYEgndjMGHkBMC8A8zrbHbrtqQ4Wqh,false
1560,e6-lifecycle-20260706T045832.822659423Z-c4-real-task-0176,signed_postallocation,true,3,1783313917609,0,QmWYpLa462QawExYZYEgndjMGHkBMC8A8zrbHbrtqQ4Wqh,false
1561,e6-lifecycle-20260706T045832.822659423Z-c4-real-task-0176,signed_post_evalsnapshot,true,3,1783313917612,0,QmWYpLa462QawExYZYEgndjMGHkBMC8A8zrbHbrtqQ4Wqh,false
1562,e6-lifecycle-20260706T045832.822659423Z-c4-real-task-0176,signed_vote1,true,3,1783313917615,0,QmWYpLa462QawExYZYEgndjMGHkBMC8A8zrbHbrtqQ4Wqh,false
1563,e6-lifecycle-20260706T045832.822659423Z-c4-real-task-0176,signed_vote2,true,2,1783313917618,0,QmWYpLa462QawExYZYEgndjMGHkBMC8A8zrbHbrtqQ4Wqh,false
1564,e6-lifecycle-20260706T045832.822659423Z-c4-real-task-0176,signed_settlement,true,2,1783313917620,0,QmWYpLa462QawExYZYEgndjMGHkBMC8A8zrbHbrtqQ4Wqh,false
1565,e6-lifecycle-20260706T045832.822659423Z-c4-real-task-0176,signed_query_latest,true,0,1783313917622,0,QmWYpLa462QawExYZYEgndjMGHkBMC8A8zrbHbrtqQ4Wqh,false
1566,e6-lifecycle-20260706T045832.822659423Z-c4-real-task-0176,ipfs_verify,true,8,1783313917622,0,QmWYpLa462QawExYZYEgndjMGHkBMC8A8zrbHbrtqQ4Wqh,false
1567,e6-lifecycle-20260706T045832.822659423Z-c4-real-task-0178,ipfs_add,true,110,1783313917520,4045,,false
1568,e6-lifecycle-20260706T045832.822659423Z-c4-real-task-0179,ipfs_add,true,73,1783313917557,4715,,false
1569,e6-lifecycle-20260706T045832.822659423Z-c4-real-task-0177,ipfs_add,true,141,1783313917490,5306,,false
1570,e6-lifecycle-20260706T045832.822659423Z-c4-real-task-0178,signed_posttask,true,1,1783313917631,0,QmcMmCeXPTgB5hUZ5zyMPbzTYpXhmULJPRgFkQk49JE2yo,false
1571,e6-lifecycle-20260706T045832.822659423Z-c4-real-task-0178,signed_postallocation,true,2,1783313917632,0,QmcMmCeXPTgB5hUZ5zyMPbzTYpXhmULJPRgFkQk49JE2yo,false
1572,e6-lifecycle-20260706T045832.822659423Z-c4-real-task-0179,signed_posttask,true,5,1783313917631,0,QmQrqM4ZAvnyMT9d45SyZYnGsRCBnWyWFkrZS7cSaxgJa7,false
1573,e6-lifecycle-20260706T045832.822659423Z-c4-real-task-0177,signed_posttask,true,7,1783313917631,0,Qme3x2wCQzF4crmA39HiD75kt4VPr32vpRsBDzTvRxgq25,false
1574,e6-lifecycle-20260706T045832.822659423Z-c4-real-task-0178,signed_post_evalsnapshot,true,6,1783313917634,0,QmcMmCeXPTgB5hUZ5zyMPbzTYpXhmULJPRgFkQk49JE2yo,false
1575,e6-lifecycle-20260706T045832.822659423Z-c4-real-task-0179,signed_postallocation,true,5,1783313917636,0,QmQrqM4ZAvnyMT9d45SyZYnGsRCBnWyWFkrZS7cSaxgJa7,false
1576,e6-lifecycle-20260706T045832.822659423Z-c4-real-task-0177,signed_postallocation,true,5,1783313917638,0,Qme3x2wCQzF4crmA39HiD75kt4VPr32vpRsBDzTvRxgq25,false
1577,e6-lifecycle-20260706T045832.822659423Z-c4-real-task-0178,signed_vote1,true,6,1783313917640,0,QmcMmCeXPTgB5hUZ5zyMPbzTYpXhmULJPRgFkQk49JE2yo,false
1578,e6-lifecycle-20260706T045832.822659423Z-c4-real-task-0179,signed_post_evalsnapshot,true,7,1783313917641,0,QmQrqM4ZAvnyMT9d45SyZYnGsRCBnWyWFkrZS7cSaxgJa7,false
1579,e6-lifecycle-20260706T045832.822659423Z-c4-real-task-0177,signed_post_evalsnapshot,true,7,1783313917643,0,Qme3x2wCQzF4crmA39HiD75kt4VPr32vpRsBDzTvRxgq25,false
1580,e6-lifecycle-20260706T045832.822659423Z-c4-real-task-0178,signed_vote2,true,6,1783313917646,0,QmcMmCeXPTgB5hUZ5zyMPbzTYpXhmULJPRgFkQk49JE2yo,false
1581,e6-lifecycle-20260706T045832.822659423Z-c4-real-task-0179,signed_vote1,true,6,1783313917648,0,QmQrqM4ZAvnyMT9d45SyZYnGsRCBnWyWFkrZS7cSaxgJa7,false
1582,e6-lifecycle-20260706T045832.822659423Z-c4-real-task-0177,signed_vote1,true,6,1783313917650,0,Qme3x2wCQzF4crmA39HiD75kt4VPr32vpRsBDzTvRxgq25,false
1583,e6-lifecycle-20260706T045832.822659423Z-c4-real-task-0178,signed_settlement,true,6,1783313917652,0,QmcMmCeXPTgB5hUZ5zyMPbzTYpXhmULJPRgFkQk49JE2yo,false
1584,e6-lifecycle-20260706T045832.822659423Z-c4-real-task-0179,signed_vote2,true,7,1783313917654,0,QmQrqM4ZAvnyMT9d45SyZYnGsRCBnWyWFkrZS7cSaxgJa7,false
1585,e6-lifecycle-20260706T045832.822659423Z-c4-real-task-0177,signed_vote2,true,6,1783313917656,0,Qme3x2wCQzF4crmA39HiD75kt4VPr32vpRsBDzTvRxgq25,false
1586,e6-lifecycle-20260706T045832.822659423Z-c4-real-task-0178,signed_query_latest,true,5,1783313917658,0,QmcMmCeXPTgB5hUZ5zyMPbzTYpXhmULJPRgFkQk49JE2yo,false
1587,e6-lifecycle-20260706T045832.822659423Z-c4-real-task-0179,signed_settlement,true,3,1783313917661,0,QmQrqM4ZAvnyMT9d45SyZYnGsRCBnWyWFkrZS7cSaxgJa7,false
1588,e6-lifecycle-20260706T045832.822659423Z-c4-real-task-0179,signed_query_latest,true,0,1783313917664,0,QmQrqM4ZAvnyMT9d45SyZYnGsRCBnWyWFkrZS7cSaxgJa7,false
1589,e6-lifecycle-20260706T045832.822659423Z-c4-real-task-0177,signed_settlement,true,5,1783313917662,0,Qme3x2wCQzF4crmA39HiD75kt4VPr32vpRsBDzTvRxgq25,false
1590,e6-lifecycle-20260706T045832.822659423Z-c4-real-task-0177,signed_query_latest,true,0,1783313917667,0,Qme3x2wCQzF4crmA39HiD75kt4VPr32vpRsBDzTvRxgq25,false
1591,e6-lifecycle-20260706T045832.822659423Z-c4-real-task-0180,ipfs_add,true,43,1783313917630,2760,,false
1592,e6-lifecycle-20260706T045832.822659423Z-c4-real-task-0177,ipfs_verify,true,10,1783313917667,0,Qme3x2wCQzF4crmA39HiD75kt4VPr32vpRsBDzTvRxgq25,false
1593,e6-lifecycle-20260706T045832.822659423Z-c4-real-task-0179,ipfs_verify,true,13,1783313917664,0,QmQrqM4ZAvnyMT9d45SyZYnGsRCBnWyWFkrZS7cSaxgJa7,false
1594,e6-lifecycle-20260706T045832.822659423Z-c4-real-task-0180,signed_posttask,true,4,1783313917673,0,QmR6Px5R1u5xpqRRLw23vf5EBSJuihmVCpGdNJzv4EWUGT,false
1595,e6-lifecycle-20260706T045832.822659423Z-c4-real-task-0180,signed_postallocation,true,3,1783313917677,0,QmR6Px5R1u5xpqRRLw23vf5EBSJuihmVCpGdNJzv4EWUGT,false
1596,e6-lifecycle-20260706T045832.822659423Z-c4-real-task-0178,ipfs_verify,true,19,1783313917663,0,QmcMmCeXPTgB5hUZ5zyMPbzTYpXhmULJPRgFkQk49JE2yo,false
1597,e6-lifecycle-20260706T045832.822659423Z-c4-real-task-0180,signed_post_evalsnapshot,true,3,1783313917680,0,QmR6Px5R1u5xpqRRLw23vf5EBSJuihmVCpGdNJzv4EWUGT,false
1598,e6-lifecycle-20260706T045832.822659423Z-c4-real-task-0180,signed_vote1,true,1,1783313917683,0,QmR6Px5R1u5xpqRRLw23vf5EBSJuihmVCpGdNJzv4EWUGT,false
1599,e6-lifecycle-20260706T045832.822659423Z-c4-real-task-0180,signed_vote2,true,3,1783313917684,0,QmR6Px5R1u5xpqRRLw23vf5EBSJuihmVCpGdNJzv4EWUGT,false
1600,e6-lifecycle-20260706T045832.822659423Z-c4-real-task-0180,signed_settlement,true,3,1783313917687,0,QmR6Px5R1u5xpqRRLw23vf5EBSJuihmVCpGdNJzv4EWUGT,false
1601,e6-lifecycle-20260706T045832.822659423Z-c4-real-task-0180,signed_query_latest,true,0,1783313917690,0,QmR6Px5R1u5xpqRRLw23vf5EBSJuihmVCpGdNJzv4EWUGT,false
1602,e6-lifecycle-20260706T045832.822659423Z-c4-real-task-0180,ipfs_verify,true,8,1783313917690,0,QmR6Px5R1u5xpqRRLw23vf5EBSJuihmVCpGdNJzv4EWUGT,false
1603,e6-lifecycle-20260706T045832.822659423Z-c4-real-task-0242,ipfs_add,true,30,1783313917677,2053,,false
1604,e6-lifecycle-20260706T045832.822659423Z-c4-real-task-0242,signed_posttask,true,3,1783313917707,0,QmNubnQEoCoKW34iLEEdjbFpwQuVWvqdKUZP7pPaRitT9Z,false
1605,e6-lifecycle-20260706T045832.822659423Z-c4-real-task-0242,signed_postallocation,true,2,1783313917710,0,QmNubnQEoCoKW34iLEEdjbFpwQuVWvqdKUZP7pPaRitT9Z,false
1606,e6-lifecycle-20260706T045832.822659423Z-c4-real-task-0242,signed_post_evalsnapshot,true,1,1783313917712,0,QmNubnQEoCoKW34iLEEdjbFpwQuVWvqdKUZP7pPaRitT9Z,false
1607,e6-lifecycle-20260706T045832.822659423Z-c4-real-task-0242,signed_vote1,true,2,1783313917713,0,QmNubnQEoCoKW34iLEEdjbFpwQuVWvqdKUZP7pPaRitT9Z,false
1608,e6-lifecycle-20260706T045832.822659423Z-c4-real-task-0242,signed_vote2,true,2,1783313917715,0,QmNubnQEoCoKW34iLEEdjbFpwQuVWvqdKUZP7pPaRitT9Z,false
1609,e6-lifecycle-20260706T045832.822659423Z-c4-real-task-0242,signed_settlement,true,2,1783313917717,0,QmNubnQEoCoKW34iLEEdjbFpwQuVWvqdKUZP7pPaRitT9Z,false
1610,e6-lifecycle-20260706T045832.822659423Z-c4-real-task-0242,signed_query_latest,true,0,1783313917719,0,QmNubnQEoCoKW34iLEEdjbFpwQuVWvqdKUZP7pPaRitT9Z,false
1611,e6-lifecycle-20260706T045832.822659423Z-c4-real-task-0181,ipfs_add,true,54,1783313917677,7983,,false
1612,e6-lifecycle-20260706T045832.822659423Z-c4-real-task-0181,signed_posttask,true,2,1783313917731,0,QmXfW8NQE7G8zKM2qSnSb7fyMnVy3r3ZfRZA2fMzkkS18d,false
1613,e6-lifecycle-20260706T045832.822659423Z-c4-real-task-0181,signed_postallocation,true,2,1783313917733,0,QmXfW8NQE7G8zKM2qSnSb7fyMnVy3r3ZfRZA2fMzkkS18d,false
1614,e6-lifecycle-20260706T045832.822659423Z-c4-real-task-0242,ipfs_verify,true,16,1783313917719,0,QmNubnQEoCoKW34iLEEdjbFpwQuVWvqdKUZP7pPaRitT9Z,false
1615,e6-lifecycle-20260706T045832.822659423Z-c4-real-task-0181,signed_post_evalsnapshot,true,2,1783313917735,0,QmXfW8NQE7G8zKM2qSnSb7fyMnVy3r3ZfRZA2fMzkkS18d,false
1616,e6-lifecycle-20260706T045832.822659423Z-c4-real-task-0181,signed_vote1,true,1,1783313917737,0,QmXfW8NQE7G8zKM2qSnSb7fyMnVy3r3ZfRZA2fMzkkS18d,false
1617,e6-lifecycle-20260706T045832.822659423Z-c4-real-task-0181,signed_vote2,true,3,1783313917738,0,QmXfW8NQE7G8zKM2qSnSb7fyMnVy3r3ZfRZA2fMzkkS18d,false
1618,e6-lifecycle-20260706T045832.822659423Z-c4-real-task-0181,signed_settlement,true,1,1783313917741,0,QmXfW8NQE7G8zKM2qSnSb7fyMnVy3r3ZfRZA2fMzkkS18d,false
1619,e6-lifecycle-20260706T045832.822659423Z-c4-real-task-0181,signed_query_latest,true,0,1783313917742,0,QmXfW8NQE7G8zKM2qSnSb7fyMnVy3r3ZfRZA2fMzkkS18d,false
1620,e6-lifecycle-20260706T045832.822659423Z-c4-real-task-0181,ipfs_verify,true,8,1783313917742,0,QmXfW8NQE7G8zKM2qSnSb7fyMnVy3r3ZfRZA2fMzkkS18d,false
1621,e6-lifecycle-20260706T045832.822659423Z-c4-real-task-0231,ipfs_add,true,70,1783313917682,4749,,false
1622,e6-lifecycle-20260706T045832.822659423Z-c4-real-task-0231,signed_posttask,true,2,1783313917752,0,QmZ1zUyz7qR3sEW9z4W3mHUGs871kKaNMsvhBu7yRneVTT,false
1623,e6-lifecycle-20260706T045832.822659423Z-c4-real-task-0231,signed_postallocation,true,1,1783313917754,0,QmZ1zUyz7qR3sEW9z4W3mHUGs871kKaNMsvhBu7yRneVTT,false
1624,e6-lifecycle-20260706T045832.822659423Z-c4-real-task-0231,signed_post_evalsnapshot,true,2,1783313917755,0,QmZ1zUyz7qR3sEW9z4W3mHUGs871kKaNMsvhBu7yRneVTT,false
1625,e6-lifecycle-20260706T045832.822659423Z-c4-real-task-0231,signed_vote1,true,1,1783313917757,0,QmZ1zUyz7qR3sEW9z4W3mHUGs871kKaNMsvhBu7yRneVTT,false
1626,e6-lifecycle-20260706T045832.822659423Z-c4-real-task-0231,signed_vote2,true,2,1783313917758,0,QmZ1zUyz7qR3sEW9z4W3mHUGs871kKaNMsvhBu7yRneVTT,false
1627,e6-lifecycle-20260706T045832.822659423Z-c4-real-task-0231,signed_settlement,true,2,1783313917760,0,QmZ1zUyz7qR3sEW9z4W3mHUGs871kKaNMsvhBu7yRneVTT,false
1628,e6-lifecycle-20260706T045832.822659423Z-c4-real-task-0231,signed_query_latest,true,0,1783313917762,0,QmZ1zUyz7qR3sEW9z4W3mHUGs871kKaNMsvhBu7yRneVTT,false
1629,e6-lifecycle-20260706T045832.822659423Z-c4-real-task-0231,ipfs_verify,true,9,1783313917762,0,QmZ1zUyz7qR3sEW9z4W3mHUGs871kKaNMsvhBu7yRneVTT,false
1630,e6-lifecycle-20260706T045832.822659423Z-c4-real-task-0233,ipfs_add,true,65,1783313917735,5561,,false
1631,e6-lifecycle-20260706T045832.822659423Z-c4-real-task-0233,signed_posttask,true,2,1783313917800,0,QmPiTWkJT1mbrmoTnV9zypQTW3Way5fUm3QKFnVCGaYeHm,false
1632,e6-lifecycle-20260706T045832.822659423Z-c4-real-task-0233,signed_postallocation,true,4,1783313917802,0,QmPiTWkJT1mbrmoTnV9zypQTW3Way5fUm3QKFnVCGaYeHm,false
1633,e6-lifecycle-20260706T045832.822659423Z-c4-real-task-0233,signed_post_evalsnapshot,true,2,1783313917806,0,QmPiTWkJT1mbrmoTnV9zypQTW3Way5fUm3QKFnVCGaYeHm,false
1634,e6-lifecycle-20260706T045832.822659423Z-c4-real-task-0233,signed_vote1,true,2,1783313917808,0,QmPiTWkJT1mbrmoTnV9zypQTW3Way5fUm3QKFnVCGaYeHm,false
1635,e6-lifecycle-20260706T045832.822659423Z-c4-real-task-0233,signed_vote2,true,3,1783313917810,0,QmPiTWkJT1mbrmoTnV9zypQTW3Way5fUm3QKFnVCGaYeHm,false
1636,e6-lifecycle-20260706T045832.822659423Z-c4-real-task-0233,signed_settlement,true,3,1783313917813,0,QmPiTWkJT1mbrmoTnV9zypQTW3Way5fUm3QKFnVCGaYeHm,false
1637,e6-lifecycle-20260706T045832.822659423Z-c4-real-task-0233,signed_query_latest,true,0,1783313917816,0,QmPiTWkJT1mbrmoTnV9zypQTW3Way5fUm3QKFnVCGaYeHm,false
1638,e6-lifecycle-20260706T045832.822659423Z-c4-real-task-0233,ipfs_verify,true,9,1783313917816,0,QmPiTWkJT1mbrmoTnV9zypQTW3Way5fUm3QKFnVCGaYeHm,false
1639,e6-lifecycle-20260706T045832.822659423Z-c4-real-task-0234,ipfs_add,true,75,1783313917750,4813,,false
1640,e6-lifecycle-20260706T045832.822659423Z-c4-real-task-0232,ipfs_add,true,128,1783313917698,5652,,false
1641,e6-lifecycle-20260706T045832.822659423Z-c4-real-task-0234,signed_posttask,true,2,1783313917825,0,QmPib3HBbwLaFsPuT1LMCQzfpjcraJk2ud1LU6KcqXFQ9r,false
1642,e6-lifecycle-20260706T045832.822659423Z-c4-real-task-0234,signed_postallocation,true,2,1783313917827,0,QmPib3HBbwLaFsPuT1LMCQzfpjcraJk2ud1LU6KcqXFQ9r,false
1643,e6-lifecycle-20260706T045832.822659423Z-c4-real-task-0234,signed_post_evalsnapshot,true,2,1783313917829,0,QmPib3HBbwLaFsPuT1LMCQzfpjcraJk2ud1LU6KcqXFQ9r,false
1644,e6-lifecycle-20260706T045832.822659423Z-c4-real-task-0232,signed_posttask,true,6,1783313917826,0,QmSoSsUedyqXDpWjs8cPi259zwcokeishbBomFLbck3bFS,false
1645,e6-lifecycle-20260706T045832.822659423Z-c4-real-task-0232,signed_postallocation,true,2,1783313917832,0,QmSoSsUedyqXDpWjs8cPi259zwcokeishbBomFLbck3bFS,false
1646,e6-lifecycle-20260706T045832.822659423Z-c4-real-task-0234,signed_vote1,true,5,1783313917831,0,QmPib3HBbwLaFsPuT1LMCQzfpjcraJk2ud1LU6KcqXFQ9r,false
1647,e6-lifecycle-20260706T045832.822659423Z-c4-real-task-0234,signed_vote2,true,2,1783313917836,0,QmPib3HBbwLaFsPuT1LMCQzfpjcraJk2ud1LU6KcqXFQ9r,false
1648,e6-lifecycle-20260706T045832.822659423Z-c4-real-task-0232,signed_post_evalsnapshot,true,5,1783313917834,0,QmSoSsUedyqXDpWjs8cPi259zwcokeishbBomFLbck3bFS,false
1649,e6-lifecycle-20260706T045832.822659423Z-c4-real-task-0232,signed_vote1,true,2,1783313917839,0,QmSoSsUedyqXDpWjs8cPi259zwcokeishbBomFLbck3bFS,false
1650,e6-lifecycle-20260706T045832.822659423Z-c4-real-task-0234,signed_settlement,true,5,1783313917838,0,QmPib3HBbwLaFsPuT1LMCQzfpjcraJk2ud1LU6KcqXFQ9r,false
1651,e6-lifecycle-20260706T045832.822659423Z-c4-real-task-0234,signed_query_latest,true,0,1783313917843,0,QmPib3HBbwLaFsPuT1LMCQzfpjcraJk2ud1LU6KcqXFQ9r,false
1652,e6-lifecycle-20260706T045832.822659423Z-c4-real-task-0232,signed_vote2,true,4,1783313917841,0,QmSoSsUedyqXDpWjs8cPi259zwcokeishbBomFLbck3bFS,false
1653,e6-lifecycle-20260706T045832.822659423Z-c4-real-task-0235,ipfs_add,true,76,1783313917771,3473,,false
1654,e6-lifecycle-20260706T045832.822659423Z-c4-real-task-0232,signed_settlement,true,2,1783313917845,0,QmSoSsUedyqXDpWjs8cPi259zwcokeishbBomFLbck3bFS,false
1655,e6-lifecycle-20260706T045832.822659423Z-c4-real-task-0232,signed_query_latest,true,0,1783313917847,0,QmSoSsUedyqXDpWjs8cPi259zwcokeishbBomFLbck3bFS,false
1656,e6-lifecycle-20260706T045832.822659423Z-c4-real-task-0235,signed_posttask,true,3,1783313917847,0,QmYicVCk9mEpCXvCjMGcMHHmbJVaPePcbBgZQABLWpBqqW,false
1657,e6-lifecycle-20260706T045832.822659423Z-c4-real-task-0234,ipfs_verify,true,7,1783313917843,0,QmPib3HBbwLaFsPuT1LMCQzfpjcraJk2ud1LU6KcqXFQ9r,false
1658,e6-lifecycle-20260706T045832.822659423Z-c4-real-task-0232,ipfs_verify,true,7,1783313917847,0,QmSoSsUedyqXDpWjs8cPi259zwcokeishbBomFLbck3bFS,false
1659,e6-lifecycle-20260706T045832.822659423Z-c4-real-task-0235,signed_postallocation,true,4,1783313917850,0,QmYicVCk9mEpCXvCjMGcMHHmbJVaPePcbBgZQABLWpBqqW,false
1660,e6-lifecycle-20260706T045832.822659423Z-c4-real-task-0235,signed_post_evalsnapshot,true,2,1783313917854,0,QmYicVCk9mEpCXvCjMGcMHHmbJVaPePcbBgZQABLWpBqqW,false
1661,e6-lifecycle-20260706T045832.822659423Z-c4-real-task-0235,signed_vote1,true,2,1783313917856,0,QmYicVCk9mEpCXvCjMGcMHHmbJVaPePcbBgZQABLWpBqqW,false
1662,e6-lifecycle-20260706T045832.822659423Z-c4-real-task-0235,signed_vote2,true,2,1783313917858,0,QmYicVCk9mEpCXvCjMGcMHHmbJVaPePcbBgZQABLWpBqqW,false
1663,e6-lifecycle-20260706T045832.822659423Z-c4-real-task-0235,signed_settlement,true,2,1783313917860,0,QmYicVCk9mEpCXvCjMGcMHHmbJVaPePcbBgZQABLWpBqqW,false
1664,e6-lifecycle-20260706T045832.822659423Z-c4-real-task-0235,signed_query_latest,true,0,1783313917862,0,QmYicVCk9mEpCXvCjMGcMHHmbJVaPePcbBgZQABLWpBqqW,false
1665,e6-lifecycle-20260706T045832.822659423Z-c4-real-task-0236,ipfs_add,true,45,1783313917825,3609,,false
1666,e6-lifecycle-20260706T045832.822659423Z-c4-real-task-0236,signed_posttask,true,2,1783313917870,0,QmVXqjnDPn1ZWZeaYTpic5k9LeY4VnPGoRNhtDotr1gFPf,false
1667,e6-lifecycle-20260706T045832.822659423Z-c4-real-task-0236,signed_postallocation,true,2,1783313917872,0,QmVXqjnDPn1ZWZeaYTpic5k9LeY4VnPGoRNhtDotr1gFPf,false
1668,e6-lifecycle-20260706T045832.822659423Z-c4-real-task-0236,signed_post_evalsnapshot,true,2,1783313917874,0,QmVXqjnDPn1ZWZeaYTpic5k9LeY4VnPGoRNhtDotr1gFPf,false
1669,e6-lifecycle-20260706T045832.822659423Z-c4-real-task-0235,ipfs_verify,true,15,1783313917862,0,QmYicVCk9mEpCXvCjMGcMHHmbJVaPePcbBgZQABLWpBqqW,false
1670,e6-lifecycle-20260706T045832.822659423Z-c4-real-task-0236,signed_vote1,true,3,1783313917876,0,QmVXqjnDPn1ZWZeaYTpic5k9LeY4VnPGoRNhtDotr1gFPf,false
1671,e6-lifecycle-20260706T045832.822659423Z-c4-real-task-0236,signed_vote2,true,3,1783313917879,0,QmVXqjnDPn1ZWZeaYTpic5k9LeY4VnPGoRNhtDotr1gFPf,false
1672,e6-lifecycle-20260706T045832.822659423Z-c4-real-task-0236,signed_settlement,true,3,1783313917882,0,QmVXqjnDPn1ZWZeaYTpic5k9LeY4VnPGoRNhtDotr1gFPf,false
1673,e6-lifecycle-20260706T045832.822659423Z-c4-real-task-0236,signed_query_latest,true,0,1783313917885,0,QmVXqjnDPn1ZWZeaYTpic5k9LeY4VnPGoRNhtDotr1gFPf,false
1674,e6-lifecycle-20260706T045832.822659423Z-c4-real-task-0236,ipfs_verify,true,7,1783313917885,0,QmVXqjnDPn1ZWZeaYTpic5k9LeY4VnPGoRNhtDotr1gFPf,false
1675,e6-lifecycle-20260706T045832.822659423Z-c4-real-task-0237,ipfs_add,true,44,1783313917850,5358,,false
1676,e6-lifecycle-20260706T045832.822659423Z-c4-real-task-0237,signed_posttask,true,2,1783313917894,0,QmVAq5JsSc7aMPcAaJdKWcsK7zz4oLxAr4YXCyVDbZzyuX,false
1677,e6-lifecycle-20260706T045832.822659423Z-c4-real-task-0237,signed_postallocation,true,2,1783313917896,0,QmVAq5JsSc7aMPcAaJdKWcsK7zz4oLxAr4YXCyVDbZzyuX,false
1678,e6-lifecycle-20260706T045832.822659423Z-c4-real-task-0237,signed_post_evalsnapshot,true,1,1783313917898,0,QmVAq5JsSc7aMPcAaJdKWcsK7zz4oLxAr4YXCyVDbZzyuX,false
1679,e6-lifecycle-20260706T045832.822659423Z-c4-real-task-0237,signed_vote1,true,2,1783313917899,0,QmVAq5JsSc7aMPcAaJdKWcsK7zz4oLxAr4YXCyVDbZzyuX,false
1680,e6-lifecycle-20260706T045832.822659423Z-c4-real-task-0237,signed_vote2,true,2,1783313917901,0,QmVAq5JsSc7aMPcAaJdKWcsK7zz4oLxAr4YXCyVDbZzyuX,false
1681,e6-lifecycle-20260706T045832.822659423Z-c4-real-task-0237,signed_settlement,true,2,1783313917903,0,QmVAq5JsSc7aMPcAaJdKWcsK7zz4oLxAr4YXCyVDbZzyuX,false
1682,e6-lifecycle-20260706T045832.822659423Z-c4-real-task-0237,signed_query_latest,true,0,1783313917905,0,QmVAq5JsSc7aMPcAaJdKWcsK7zz4oLxAr4YXCyVDbZzyuX,false
1683,e6-lifecycle-20260706T045832.822659423Z-c4-real-task-0237,ipfs_verify,true,7,1783313917905,0,QmVAq5JsSc7aMPcAaJdKWcsK7zz4oLxAr4YXCyVDbZzyuX,false
1684,e6-lifecycle-20260706T045832.822659423Z-c4-real-task-0238,ipfs_add,true,63,1783313917854,2789,,false
1685,e6-lifecycle-20260706T045832.822659423Z-c4-real-task-0238,signed_posttask,true,3,1783313917917,0,QmT6ZzLsRWnFGbDxFiczkk711sF8hynyFyTCPutJbTgPxU,false
1686,e6-lifecycle-20260706T045832.822659423Z-c4-real-task-0238,signed_postallocation,true,3,1783313917920,0,QmT6ZzLsRWnFGbDxFiczkk711sF8hynyFyTCPutJbTgPxU,false
1687,e6-lifecycle-20260706T045832.822659423Z-c4-real-task-0238,signed_post_evalsnapshot,true,2,1783313917923,0,QmT6ZzLsRWnFGbDxFiczkk711sF8hynyFyTCPutJbTgPxU,false
1688,e6-lifecycle-20260706T045832.822659423Z-c4-real-task-0238,signed_vote1,true,3,1783313917925,0,QmT6ZzLsRWnFGbDxFiczkk711sF8hynyFyTCPutJbTgPxU,false
1689,e6-lifecycle-20260706T045832.822659423Z-c4-real-task-0238,signed_vote2,true,3,1783313917928,0,QmT6ZzLsRWnFGbDxFiczkk711sF8hynyFyTCPutJbTgPxU,false
1690,e6-lifecycle-20260706T045832.822659423Z-c4-real-task-0238,signed_settlement,true,6,1783313917931,0,QmT6ZzLsRWnFGbDxFiczkk711sF8hynyFyTCPutJbTgPxU,false
1691,e6-lifecycle-20260706T045832.822659423Z-c4-real-task-0238,signed_query_latest,true,0,1783313917937,0,QmT6ZzLsRWnFGbDxFiczkk711sF8hynyFyTCPutJbTgPxU,false
1692,e6-lifecycle-20260706T045832.822659423Z-c4-real-task-0238,ipfs_verify,true,9,1783313917937,0,QmT6ZzLsRWnFGbDxFiczkk711sF8hynyFyTCPutJbTgPxU,false
1693,e6-lifecycle-20260706T045832.822659423Z-c4-real-task-0239,ipfs_add,true,77,1783313917877,1409,,false
1694,e6-lifecycle-20260706T045832.822659423Z-c4-real-task-0239,signed_posttask,true,3,1783313917954,0,QmQMeGcZwLYK3Pq3gZevpTDuLFbfuYKryRgEJBym4Nhd1b,false
1695,e6-lifecycle-20260706T045832.822659423Z-c4-real-task-0239,signed_postallocation,true,2,1783313917957,0,QmQMeGcZwLYK3Pq3gZevpTDuLFbfuYKryRgEJBym4Nhd1b,false
1696,e6-lifecycle-20260706T045832.822659423Z-c4-real-task-0239,signed_post_evalsnapshot,true,1,1783313917959,0,QmQMeGcZwLYK3Pq3gZevpTDuLFbfuYKryRgEJBym4Nhd1b,false
1697,e6-lifecycle-20260706T045832.822659423Z-c4-real-task-0239,signed_vote1,true,2,1783313917960,0,QmQMeGcZwLYK3Pq3gZevpTDuLFbfuYKryRgEJBym4Nhd1b,false
1698,e6-lifecycle-20260706T045832.822659423Z-c4-real-task-0239,signed_vote2,true,2,1783313917962,0,QmQMeGcZwLYK3Pq3gZevpTDuLFbfuYKryRgEJBym4Nhd1b,false
1699,e6-lifecycle-20260706T045832.822659423Z-c4-real-task-0239,signed_settlement,true,2,1783313917964,0,QmQMeGcZwLYK3Pq3gZevpTDuLFbfuYKryRgEJBym4Nhd1b,false
1700,e6-lifecycle-20260706T045832.822659423Z-c4-real-task-0239,signed_query_latest,true,0,1783313917966,0,QmQMeGcZwLYK3Pq3gZevpTDuLFbfuYKryRgEJBym4Nhd1b,false
1701,e6-lifecycle-20260706T045832.822659423Z-c4-real-task-0239,ipfs_verify,true,8,1783313917966,0,QmQMeGcZwLYK3Pq3gZevpTDuLFbfuYKryRgEJBym4Nhd1b,false
1702,e6-lifecycle-20260706T045832.822659423Z-c4-real-task-0240,ipfs_add,true,84,1783313917892,1900,,false
1703,e6-lifecycle-20260706T045832.822659423Z-c4-real-task-0240,signed_posttask,true,2,1783313917976,0,QmRfDCDvLXbQCMFDCB2yZ6ZQfQ9nRcY5sEkbivZjmdkej6,false
1704,e6-lifecycle-20260706T045832.822659423Z-c4-real-task-0240,signed_postallocation,true,3,1783313917978,0,QmRfDCDvLXbQCMFDCB2yZ6ZQfQ9nRcY5sEkbivZjmdkej6,false
1705,e6-lifecycle-20260706T045832.822659423Z-c4-real-task-0240,signed_post_evalsnapshot,true,3,1783313917981,0,QmRfDCDvLXbQCMFDCB2yZ6ZQfQ9nRcY5sEkbivZjmdkej6,false
1706,e6-lifecycle-20260706T045832.822659423Z-c4-real-task-0240,signed_vote1,true,2,1783313917984,0,QmRfDCDvLXbQCMFDCB2yZ6ZQfQ9nRcY5sEkbivZjmdkej6,false
1707,e6-lifecycle-20260706T045832.822659423Z-c4-real-task-0240,signed_vote2,true,2,1783313917986,0,QmRfDCDvLXbQCMFDCB2yZ6ZQfQ9nRcY5sEkbivZjmdkej6,false
1708,e6-lifecycle-20260706T045832.822659423Z-c4-real-task-0240,signed_settlement,true,2,1783313917988,0,QmRfDCDvLXbQCMFDCB2yZ6ZQfQ9nRcY5sEkbivZjmdkej6,false
1709,e6-lifecycle-20260706T045832.822659423Z-c4-real-task-0240,signed_query_latest,true,0,1783313917990,0,QmRfDCDvLXbQCMFDCB2yZ6ZQfQ9nRcY5sEkbivZjmdkej6,false
1710,e6-lifecycle-20260706T045832.822659423Z-c4-real-task-0240,ipfs_verify,true,9,1783313917990,0,QmRfDCDvLXbQCMFDCB2yZ6ZQfQ9nRcY5sEkbivZjmdkej6,false
1711,e6-lifecycle-20260706T045832.822659423Z-c4-real-task-0241,ipfs_add,true,87,1783313917913,2700,,false
1712,e6-lifecycle-20260706T045832.822659423Z-c4-real-task-0241,signed_posttask,true,1,1783313918000,0,QmfEJkxeZXBCtVrzRc9tWUkiwMt3QbnPxy27zPrhErg5Mj,false
1713,e6-lifecycle-20260706T045832.822659423Z-c4-real-task-0241,signed_postallocation,true,3,1783313918001,0,QmfEJkxeZXBCtVrzRc9tWUkiwMt3QbnPxy27zPrhErg5Mj,false
1714,e6-lifecycle-20260706T045832.822659423Z-c4-real-task-0241,signed_post_evalsnapshot,true,2,1783313918004,0,QmfEJkxeZXBCtVrzRc9tWUkiwMt3QbnPxy27zPrhErg5Mj,false
1715,e6-lifecycle-20260706T045832.822659423Z-c4-real-task-0241,signed_vote1,true,3,1783313918006,0,QmfEJkxeZXBCtVrzRc9tWUkiwMt3QbnPxy27zPrhErg5Mj,false
1716,e6-lifecycle-20260706T045832.822659423Z-c4-real-task-0241,signed_vote2,true,2,1783313918009,0,QmfEJkxeZXBCtVrzRc9tWUkiwMt3QbnPxy27zPrhErg5Mj,false
1717,e6-lifecycle-20260706T045832.822659423Z-c4-real-task-0241,signed_settlement,true,2,1783313918011,0,QmfEJkxeZXBCtVrzRc9tWUkiwMt3QbnPxy27zPrhErg5Mj,false
1718,e6-lifecycle-20260706T045832.822659423Z-c4-real-task-0241,signed_query_latest,true,0,1783313918013,0,QmfEJkxeZXBCtVrzRc9tWUkiwMt3QbnPxy27zPrhErg5Mj,false
1719,e6-lifecycle-20260706T045832.822659423Z-c4-real-task-0241,ipfs_verify,true,10,1783313918013,0,QmfEJkxeZXBCtVrzRc9tWUkiwMt3QbnPxy27zPrhErg5Mj,false
1720,e6-lifecycle-20260706T045832.822659423Z-c4-real-task-0194,ipfs_add,true,79,1783313917946,5127,,false
1721,e6-lifecycle-20260706T045832.822659423Z-c4-real-task-0194,signed_posttask,true,2,1783313918025,0,QmUQkF6tMKomfpeYcTdtmNy7TBXYJGRPRM9P1cpCwR1MJF,false
1722,e6-lifecycle-20260706T045832.822659423Z-c4-real-task-0194,signed_postallocation,true,2,1783313918027,0,QmUQkF6tMKomfpeYcTdtmNy7TBXYJGRPRM9P1cpCwR1MJF,false
1723,e6-lifecycle-20260706T045832.822659423Z-c4-real-task-0194,signed_post_evalsnapshot,true,2,1783313918029,0,QmUQkF6tMKomfpeYcTdtmNy7TBXYJGRPRM9P1cpCwR1MJF,false
1724,e6-lifecycle-20260706T045832.822659423Z-c4-real-task-0194,signed_vote1,true,2,1783313918031,0,QmUQkF6tMKomfpeYcTdtmNy7TBXYJGRPRM9P1cpCwR1MJF,false
1725,e6-lifecycle-20260706T045832.822659423Z-c4-real-task-0194,signed_vote2,true,1,1783313918033,0,QmUQkF6tMKomfpeYcTdtmNy7TBXYJGRPRM9P1cpCwR1MJF,false
1726,e6-lifecycle-20260706T045832.822659423Z-c4-real-task-0194,signed_settlement,true,2,1783313918034,0,QmUQkF6tMKomfpeYcTdtmNy7TBXYJGRPRM9P1cpCwR1MJF,false
1727,e6-lifecycle-20260706T045832.822659423Z-c4-real-task-0194,signed_query_latest,true,0,1783313918036,0,QmUQkF6tMKomfpeYcTdtmNy7TBXYJGRPRM9P1cpCwR1MJF,false
1728,e6-lifecycle-20260706T045832.822659423Z-c4-real-task-0183,ipfs_add,true,72,1783313917974,4217,,false
1729,e6-lifecycle-20260706T045832.822659423Z-c4-real-task-0183,signed_posttask,true,7,1783313918046,0,QmbPwt9E6tLQ5debxusYUVQUr65wy3vAm8TvxdJjEf6yoF,false
1730,e6-lifecycle-20260706T045832.822659423Z-c4-real-task-0194,ipfs_verify,true,18,1783313918036,0,QmUQkF6tMKomfpeYcTdtmNy7TBXYJGRPRM9P1cpCwR1MJF,false
1731,e6-lifecycle-20260706T045832.822659423Z-c4-real-task-0183,signed_postallocation,true,2,1783313918053,0,QmbPwt9E6tLQ5debxusYUVQUr65wy3vAm8TvxdJjEf6yoF,false
1732,e6-lifecycle-20260706T045832.822659423Z-c4-real-task-0183,signed_post_evalsnapshot,true,2,1783313918055,0,QmbPwt9E6tLQ5debxusYUVQUr65wy3vAm8TvxdJjEf6yoF,false
1733,e6-lifecycle-20260706T045832.822659423Z-c4-real-task-0183,signed_vote1,true,2,1783313918057,0,QmbPwt9E6tLQ5debxusYUVQUr65wy3vAm8TvxdJjEf6yoF,false
1734,e6-lifecycle-20260706T045832.822659423Z-c4-real-task-0183,signed_vote2,true,2,1783313918059,0,QmbPwt9E6tLQ5debxusYUVQUr65wy3vAm8TvxdJjEf6yoF,false
1735,e6-lifecycle-20260706T045832.822659423Z-c4-real-task-0183,signed_settlement,true,2,1783313918061,0,QmbPwt9E6tLQ5debxusYUVQUr65wy3vAm8TvxdJjEf6yoF,false
1736,e6-lifecycle-20260706T045832.822659423Z-c4-real-task-0183,signed_query_latest,true,0,1783313918063,0,QmbPwt9E6tLQ5debxusYUVQUr65wy3vAm8TvxdJjEf6yoF,false
1737,e6-lifecycle-20260706T045832.822659423Z-c4-real-task-0183,ipfs_verify,true,25,1783313918063,0,QmbPwt9E6tLQ5debxusYUVQUr65wy3vAm8TvxdJjEf6yoF,false
1738,e6-lifecycle-20260706T045832.822659423Z-c4-real-task-0184,ipfs_add,true,93,1783313917999,4322,,false
1739,e6-lifecycle-20260706T045832.822659423Z-c4-real-task-0184,signed_posttask,true,2,1783313918092,0,QmPSZKSDhc3oMmRRsdGa893tPo9QETi3JkqUddqajNAxLy,false
1740,e6-lifecycle-20260706T045832.822659423Z-c4-real-task-0184,signed_postallocation,true,3,1783313918094,0,QmPSZKSDhc3oMmRRsdGa893tPo9QETi3JkqUddqajNAxLy,false
1741,e6-lifecycle-20260706T045832.822659423Z-c4-real-task-0184,signed_post_evalsnapshot,true,3,1783313918097,0,QmPSZKSDhc3oMmRRsdGa893tPo9QETi3JkqUddqajNAxLy,false
1742,e6-lifecycle-20260706T045832.822659423Z-c4-real-task-0184,signed_vote1,true,2,1783313918100,0,QmPSZKSDhc3oMmRRsdGa893tPo9QETi3JkqUddqajNAxLy,false
1743,e6-lifecycle-20260706T045832.822659423Z-c4-real-task-0184,signed_vote2,true,2,1783313918102,0,QmPSZKSDhc3oMmRRsdGa893tPo9QETi3JkqUddqajNAxLy,false
1744,e6-lifecycle-20260706T045832.822659423Z-c4-real-task-0184,signed_settlement,true,2,1783313918104,0,QmPSZKSDhc3oMmRRsdGa893tPo9QETi3JkqUddqajNAxLy,false
1745,e6-lifecycle-20260706T045832.822659423Z-c4-real-task-0184,signed_query_latest,true,0,1783313918106,0,QmPSZKSDhc3oMmRRsdGa893tPo9QETi3JkqUddqajNAxLy,false
1746,e6-lifecycle-20260706T045832.822659423Z-c4-real-task-0184,ipfs_verify,true,9,1783313918106,0,QmPSZKSDhc3oMmRRsdGa893tPo9QETi3JkqUddqajNAxLy,false
1747,e6-lifecycle-20260706T045832.822659423Z-c4-real-task-0185,ipfs_add,true,94,1783313918023,4040,,false
1748,e6-lifecycle-20260706T045832.822659423Z-c4-real-task-0185,signed_posttask,true,2,1783313918117,0,QmT4bZjUycokNSYzs2a92RaLgz1rz7cYRBH2nyFGYtkV7Q,false
1749,e6-lifecycle-20260706T045832.822659423Z-c4-real-task-0185,signed_postallocation,true,3,1783313918119,0,QmT4bZjUycokNSYzs2a92RaLgz1rz7cYRBH2nyFGYtkV7Q,false
1750,e6-lifecycle-20260706T045832.822659423Z-c4-real-task-0185,signed_post_evalsnapshot,true,2,1783313918122,0,QmT4bZjUycokNSYzs2a92RaLgz1rz7cYRBH2nyFGYtkV7Q,false
1751,e6-lifecycle-20260706T045832.822659423Z-c4-real-task-0185,signed_vote1,true,1,1783313918124,0,QmT4bZjUycokNSYzs2a92RaLgz1rz7cYRBH2nyFGYtkV7Q,false
1752,e6-lifecycle-20260706T045832.822659423Z-c4-real-task-0185,signed_vote2,true,2,1783313918125,0,QmT4bZjUycokNSYzs2a92RaLgz1rz7cYRBH2nyFGYtkV7Q,false
1753,e6-lifecycle-20260706T045832.822659423Z-c4-real-task-0185,signed_settlement,true,2,1783313918127,0,QmT4bZjUycokNSYzs2a92RaLgz1rz7cYRBH2nyFGYtkV7Q,false
1754,e6-lifecycle-20260706T045832.822659423Z-c4-real-task-0185,signed_query_latest,true,0,1783313918129,0,QmT4bZjUycokNSYzs2a92RaLgz1rz7cYRBH2nyFGYtkV7Q,false
1755,e6-lifecycle-20260706T045832.822659423Z-c4-real-task-0185,ipfs_verify,true,11,1783313918129,0,QmT4bZjUycokNSYzs2a92RaLgz1rz7cYRBH2nyFGYtkV7Q,false
1756,e6-lifecycle-20260706T045832.822659423Z-c4-real-task-0186,ipfs_add,true,87,1783313918054,3760,,false
1757,e6-lifecycle-20260706T045832.822659423Z-c4-real-task-0186,signed_posttask,true,2,1783313918141,0,QmZA8PgSFKJwCnC8xR9o1nzuniwJhwtRPJevn7qR23cM26,false
1758,e6-lifecycle-20260706T045832.822659423Z-c4-real-task-0186,signed_postallocation,true,2,1783313918143,0,QmZA8PgSFKJwCnC8xR9o1nzuniwJhwtRPJevn7qR23cM26,false
1759,e6-lifecycle-20260706T045832.822659423Z-c4-real-task-0186,signed_post_evalsnapshot,true,2,1783313918145,0,QmZA8PgSFKJwCnC8xR9o1nzuniwJhwtRPJevn7qR23cM26,false
1760,e6-lifecycle-20260706T045832.822659423Z-c4-real-task-0186,signed_vote1,true,2,1783313918147,0,QmZA8PgSFKJwCnC8xR9o1nzuniwJhwtRPJevn7qR23cM26,false
1761,e6-lifecycle-20260706T045832.822659423Z-c4-real-task-0186,signed_vote2,true,2,1783313918149,0,QmZA8PgSFKJwCnC8xR9o1nzuniwJhwtRPJevn7qR23cM26,false
1762,e6-lifecycle-20260706T045832.822659423Z-c4-real-task-0186,signed_settlement,true,3,1783313918151,0,QmZA8PgSFKJwCnC8xR9o1nzuniwJhwtRPJevn7qR23cM26,false
1763,e6-lifecycle-20260706T045832.822659423Z-c4-real-task-0186,signed_query_latest,true,0,1783313918154,0,QmZA8PgSFKJwCnC8xR9o1nzuniwJhwtRPJevn7qR23cM26,false
1764,e6-lifecycle-20260706T045832.822659423Z-c4-real-task-0186,ipfs_verify,true,9,1783313918154,0,QmZA8PgSFKJwCnC8xR9o1nzuniwJhwtRPJevn7qR23cM26,false
1765,e6-lifecycle-20260706T045832.822659423Z-c4-real-task-0187,ipfs_add,true,79,1783313918088,3817,,false
1766,e6-lifecycle-20260706T045832.822659423Z-c4-real-task-0187,signed_posttask,true,2,1783313918167,0,Qmf8fbnaf3R2y5rxjCXbb3pgaPsQKQp68yoMb3dsh3Aeyh,false
1767,e6-lifecycle-20260706T045832.822659423Z-c4-real-task-0187,signed_postallocation,true,3,1783313918169,0,Qmf8fbnaf3R2y5rxjCXbb3pgaPsQKQp68yoMb3dsh3Aeyh,false
1768,e6-lifecycle-20260706T045832.822659423Z-c4-real-task-0187,signed_post_evalsnapshot,true,2,1783313918172,0,Qmf8fbnaf3R2y5rxjCXbb3pgaPsQKQp68yoMb3dsh3Aeyh,false
1769,e6-lifecycle-20260706T045832.822659423Z-c4-real-task-0187,signed_vote1,true,2,1783313918174,0,Qmf8fbnaf3R2y5rxjCXbb3pgaPsQKQp68yoMb3dsh3Aeyh,false
1770,e6-lifecycle-20260706T045832.822659423Z-c4-real-task-0187,signed_vote2,true,2,1783313918176,0,Qmf8fbnaf3R2y5rxjCXbb3pgaPsQKQp68yoMb3dsh3Aeyh,false
1771,e6-lifecycle-20260706T045832.822659423Z-c4-real-task-0187,signed_settlement,true,2,1783313918178,0,Qmf8fbnaf3R2y5rxjCXbb3pgaPsQKQp68yoMb3dsh3Aeyh,false
1772,e6-lifecycle-20260706T045832.822659423Z-c4-real-task-0187,signed_query_latest,true,0,1783313918180,0,Qmf8fbnaf3R2y5rxjCXbb3pgaPsQKQp68yoMb3dsh3Aeyh,false
1773,e6-lifecycle-20260706T045832.822659423Z-c4-real-task-0187,ipfs_verify,true,8,1783313918180,0,Qmf8fbnaf3R2y5rxjCXbb3pgaPsQKQp68yoMb3dsh3Aeyh,false
1774,e6-lifecycle-20260706T045832.822659423Z-c4-real-task-0188,ipfs_add,true,75,1783313918115,3588,,false
1775,e6-lifecycle-20260706T045832.822659423Z-c4-real-task-0188,signed_posttask,true,3,1783313918190,0,QmcA2snS31e3yhCPjoMSmuW8w6FVceBCsiYRZuzgLXJZRG,false
1776,e6-lifecycle-20260706T045832.822659423Z-c4-real-task-0188,signed_postallocation,true,2,1783313918193,0,QmcA2snS31e3yhCPjoMSmuW8w6FVceBCsiYRZuzgLXJZRG,false
1777,e6-lifecycle-20260706T045832.822659423Z-c4-real-task-0188,signed_post_evalsnapshot,true,2,1783313918195,0,QmcA2snS31e3yhCPjoMSmuW8w6FVceBCsiYRZuzgLXJZRG,false
1778,e6-lifecycle-20260706T045832.822659423Z-c4-real-task-0188,signed_vote1,true,2,1783313918197,0,QmcA2snS31e3yhCPjoMSmuW8w6FVceBCsiYRZuzgLXJZRG,false
1779,e6-lifecycle-20260706T045832.822659423Z-c4-real-task-0188,signed_vote2,true,1,1783313918199,0,QmcA2snS31e3yhCPjoMSmuW8w6FVceBCsiYRZuzgLXJZRG,false
1780,e6-lifecycle-20260706T045832.822659423Z-c4-real-task-0188,signed_settlement,true,4,1783313918200,0,QmcA2snS31e3yhCPjoMSmuW8w6FVceBCsiYRZuzgLXJZRG,false
1781,e6-lifecycle-20260706T045832.822659423Z-c4-real-task-0188,signed_query_latest,true,0,1783313918204,0,QmcA2snS31e3yhCPjoMSmuW8w6FVceBCsiYRZuzgLXJZRG,false
1782,e6-lifecycle-20260706T045832.822659423Z-c4-real-task-0188,ipfs_verify,true,21,1783313918204,0,QmcA2snS31e3yhCPjoMSmuW8w6FVceBCsiYRZuzgLXJZRG,false
1783,e6-lifecycle-20260706T045832.822659423Z-c4-real-task-0189,ipfs_add,true,97,1783313918140,3813,,false
1784,e6-lifecycle-20260706T045832.822659423Z-c4-real-task-0189,signed_posttask,true,2,1783313918237,0,QmddcGv3BfwnFZsm5H1ArqWuKN7jPveB9ZhCJXqBYVXr4Z,false
1785,e6-lifecycle-20260706T045832.822659423Z-c4-real-task-0189,signed_postallocation,true,2,1783313918239,0,QmddcGv3BfwnFZsm5H1ArqWuKN7jPveB9ZhCJXqBYVXr4Z,false
1786,e6-lifecycle-20260706T045832.822659423Z-c4-real-task-0189,signed_post_evalsnapshot,true,2,1783313918241,0,QmddcGv3BfwnFZsm5H1ArqWuKN7jPveB9ZhCJXqBYVXr4Z,false
1787,e6-lifecycle-20260706T045832.822659423Z-c4-real-task-0189,signed_vote1,true,2,1783313918243,0,QmddcGv3BfwnFZsm5H1ArqWuKN7jPveB9ZhCJXqBYVXr4Z,false
1788,e6-lifecycle-20260706T045832.822659423Z-c4-real-task-0189,signed_vote2,true,1,1783313918245,0,QmddcGv3BfwnFZsm5H1ArqWuKN7jPveB9ZhCJXqBYVXr4Z,false
1789,e6-lifecycle-20260706T045832.822659423Z-c4-real-task-0189,signed_settlement,true,2,1783313918246,0,QmddcGv3BfwnFZsm5H1ArqWuKN7jPveB9ZhCJXqBYVXr4Z,false
1790,e6-lifecycle-20260706T045832.822659423Z-c4-real-task-0189,signed_query_latest,true,0,1783313918248,0,QmddcGv3BfwnFZsm5H1ArqWuKN7jPveB9ZhCJXqBYVXr4Z,false
1791,e6-lifecycle-20260706T045832.822659423Z-c4-real-task-0189,ipfs_verify,true,12,1783313918248,0,QmddcGv3BfwnFZsm5H1ArqWuKN7jPveB9ZhCJXqBYVXr4Z,false
1792,e6-lifecycle-20260706T045832.822659423Z-c4-real-task-0190,ipfs_add,true,97,1783313918164,4444,,false
1793,e6-lifecycle-20260706T045832.822659423Z-c4-real-task-0190,signed_posttask,true,2,1783313918261,0,QmTYyB6jg19PhoaP2Bg8ox3B4TonwPSLo68XR9yyH3VskB,false
1794,e6-lifecycle-20260706T045832.822659423Z-c4-real-task-0190,signed_postallocation,true,2,1783313918263,0,QmTYyB6jg19PhoaP2Bg8ox3B4TonwPSLo68XR9yyH3VskB,false
1795,e6-lifecycle-20260706T045832.822659423Z-c4-real-task-0190,signed_post_evalsnapshot,true,2,1783313918265,0,QmTYyB6jg19PhoaP2Bg8ox3B4TonwPSLo68XR9yyH3VskB,false
1796,e6-lifecycle-20260706T045832.822659423Z-c4-real-task-0190,signed_vote1,true,2,1783313918267,0,QmTYyB6jg19PhoaP2Bg8ox3B4TonwPSLo68XR9yyH3VskB,false
1797,e6-lifecycle-20260706T045832.822659423Z-c4-real-task-0190,signed_vote2,true,2,1783313918269,0,QmTYyB6jg19PhoaP2Bg8ox3B4TonwPSLo68XR9yyH3VskB,false
1798,e6-lifecycle-20260706T045832.822659423Z-c4-real-task-0190,signed_settlement,true,3,1783313918271,0,QmTYyB6jg19PhoaP2Bg8ox3B4TonwPSLo68XR9yyH3VskB,false
1799,e6-lifecycle-20260706T045832.822659423Z-c4-real-task-0190,signed_query_latest,true,0,1783313918274,0,QmTYyB6jg19PhoaP2Bg8ox3B4TonwPSLo68XR9yyH3VskB,false
1800,e6-lifecycle-20260706T045832.822659423Z-c4-real-task-0190,ipfs_verify,true,13,1783313918274,0,QmTYyB6jg19PhoaP2Bg8ox3B4TonwPSLo68XR9yyH3VskB,false
1801,e6-lifecycle-20260706T045832.822659423Z-c4-real-task-0191,ipfs_add,true,101,1783313918188,4761,,false
1802,e6-lifecycle-20260706T045832.822659423Z-c4-real-task-0191,signed_posttask,true,3,1783313918289,0,QmQK4ChDQQAbfnUHBQHNjhVcC13LjvmaW51QAJHKkyJuWr,false
1803,e6-lifecycle-20260706T045832.822659423Z-c4-real-task-0191,signed_postallocation,true,2,1783313918292,0,QmQK4ChDQQAbfnUHBQHNjhVcC13LjvmaW51QAJHKkyJuWr,false
1804,e6-lifecycle-20260706T045832.822659423Z-c4-real-task-0191,signed_post_evalsnapshot,true,1,1783313918294,0,QmQK4ChDQQAbfnUHBQHNjhVcC13LjvmaW51QAJHKkyJuWr,false
1805,e6-lifecycle-20260706T045832.822659423Z-c4-real-task-0191,signed_vote1,true,3,1783313918295,0,QmQK4ChDQQAbfnUHBQHNjhVcC13LjvmaW51QAJHKkyJuWr,false
1806,e6-lifecycle-20260706T045832.822659423Z-c4-real-task-0191,signed_vote2,true,2,1783313918298,0,QmQK4ChDQQAbfnUHBQHNjhVcC13LjvmaW51QAJHKkyJuWr,false
1807,e6-lifecycle-20260706T045832.822659423Z-c4-real-task-0191,signed_settlement,true,3,1783313918300,0,QmQK4ChDQQAbfnUHBQHNjhVcC13LjvmaW51QAJHKkyJuWr,false
1808,e6-lifecycle-20260706T045832.822659423Z-c4-real-task-0191,signed_query_latest,true,0,1783313918303,0,QmQK4ChDQQAbfnUHBQHNjhVcC13LjvmaW51QAJHKkyJuWr,false
1809,e6-lifecycle-20260706T045832.822659423Z-c4-real-task-0191,ipfs_verify,true,10,1783313918303,0,QmQK4ChDQQAbfnUHBQHNjhVcC13LjvmaW51QAJHKkyJuWr,false
1810,e6-lifecycle-20260706T045832.822659423Z-c4-real-task-0192,ipfs_add,true,91,1783313918225,4212,,false
1811,e6-lifecycle-20260706T045832.822659423Z-c4-real-task-0192,signed_posttask,true,3,1783313918316,0,QmWMsVVs2hySKHixiKJetRsQBSH7CcjzbQrS3sZphmmfLm,false
1812,e6-lifecycle-20260706T045832.822659423Z-c4-real-task-0192,signed_postallocation,true,1,1783313918319,0,QmWMsVVs2hySKHixiKJetRsQBSH7CcjzbQrS3sZphmmfLm,false
1813,e6-lifecycle-20260706T045832.822659423Z-c4-real-task-0192,signed_post_evalsnapshot,true,2,1783313918320,0,QmWMsVVs2hySKHixiKJetRsQBSH7CcjzbQrS3sZphmmfLm,false
1814,e6-lifecycle-20260706T045832.822659423Z-c4-real-task-0192,signed_vote1,true,2,1783313918322,0,QmWMsVVs2hySKHixiKJetRsQBSH7CcjzbQrS3sZphmmfLm,false
1815,e6-lifecycle-20260706T045832.822659423Z-c4-real-task-0192,signed_vote2,true,2,1783313918324,0,QmWMsVVs2hySKHixiKJetRsQBSH7CcjzbQrS3sZphmmfLm,false
1816,e6-lifecycle-20260706T045832.822659423Z-c4-real-task-0192,signed_settlement,true,1,1783313918326,0,QmWMsVVs2hySKHixiKJetRsQBSH7CcjzbQrS3sZphmmfLm,false
1817,e6-lifecycle-20260706T045832.822659423Z-c4-real-task-0192,signed_query_latest,true,0,1783313918327,0,QmWMsVVs2hySKHixiKJetRsQBSH7CcjzbQrS3sZphmmfLm,false
1818,e6-lifecycle-20260706T045832.822659423Z-c4-real-task-0192,ipfs_verify,true,8,1783313918327,0,QmWMsVVs2hySKHixiKJetRsQBSH7CcjzbQrS3sZphmmfLm,false
1819,e6-lifecycle-20260706T045832.822659423Z-c4-real-task-0193,ipfs_add,true,75,1783313918260,3656,,false
1820,e6-lifecycle-20260706T045832.822659423Z-c4-real-task-0193,signed_posttask,true,2,1783313918335,0,QmW9nojj3tyFNDDEodDC3x43Y5jA3Ac4z7TE78zw1HD6qu,false
1821,e6-lifecycle-20260706T045832.822659423Z-c4-real-task-0193,signed_postallocation,true,2,1783313918337,0,QmW9nojj3tyFNDDEodDC3x43Y5jA3Ac4z7TE78zw1HD6qu,false
1822,e6-lifecycle-20260706T045832.822659423Z-c4-real-task-0193,signed_post_evalsnapshot,true,2,1783313918339,0,QmW9nojj3tyFNDDEodDC3x43Y5jA3Ac4z7TE78zw1HD6qu,false
1823,e6-lifecycle-20260706T045832.822659423Z-c4-real-task-0193,signed_vote1,true,2,1783313918341,0,QmW9nojj3tyFNDDEodDC3x43Y5jA3Ac4z7TE78zw1HD6qu,false
1824,e6-lifecycle-20260706T045832.822659423Z-c4-real-task-0193,signed_vote2,true,1,1783313918343,0,QmW9nojj3tyFNDDEodDC3x43Y5jA3Ac4z7TE78zw1HD6qu,false
1825,e6-lifecycle-20260706T045832.822659423Z-c4-real-task-0193,signed_settlement,true,2,1783313918344,0,QmW9nojj3tyFNDDEodDC3x43Y5jA3Ac4z7TE78zw1HD6qu,false
1826,e6-lifecycle-20260706T045832.822659423Z-c4-real-task-0193,signed_query_latest,true,0,1783313918346,0,QmW9nojj3tyFNDDEodDC3x43Y5jA3Ac4z7TE78zw1HD6qu,false
1827,e6-lifecycle-20260706T045832.822659423Z-c4-real-task-0193,ipfs_verify,true,7,1783313918346,0,QmW9nojj3tyFNDDEodDC3x43Y5jA3Ac4z7TE78zw1HD6qu,false
1828,e6-lifecycle-20260706T045832.822659423Z-c4-real-task-0248,ipfs_add,true,69,1783313918287,1513,,false
1829,e6-lifecycle-20260706T045832.822659423Z-c4-real-task-0248,signed_posttask,true,1,1783313918356,0,QmZm8oEeNJE8ud88izCLhLnkvJbBpn3DcxxACsWhMRdYhA,false
1830,e6-lifecycle-20260706T045832.822659423Z-c4-real-task-0248,signed_postallocation,true,2,1783313918357,0,QmZm8oEeNJE8ud88izCLhLnkvJbBpn3DcxxACsWhMRdYhA,false
1831,e6-lifecycle-20260706T045832.822659423Z-c4-real-task-0248,signed_post_evalsnapshot,true,2,1783313918359,0,QmZm8oEeNJE8ud88izCLhLnkvJbBpn3DcxxACsWhMRdYhA,false
1832,e6-lifecycle-20260706T045832.822659423Z-c4-real-task-0248,signed_vote1,true,2,1783313918361,0,QmZm8oEeNJE8ud88izCLhLnkvJbBpn3DcxxACsWhMRdYhA,false
1833,e6-lifecycle-20260706T045832.822659423Z-c4-real-task-0248,signed_vote2,true,1,1783313918363,0,QmZm8oEeNJE8ud88izCLhLnkvJbBpn3DcxxACsWhMRdYhA,false
1834,e6-lifecycle-20260706T045832.822659423Z-c4-real-task-0248,signed_settlement,true,2,1783313918364,0,QmZm8oEeNJE8ud88izCLhLnkvJbBpn3DcxxACsWhMRdYhA,false
1835,e6-lifecycle-20260706T045832.822659423Z-c4-real-task-0248,signed_query_latest,true,0,1783313918366,0,QmZm8oEeNJE8ud88izCLhLnkvJbBpn3DcxxACsWhMRdYhA,false
1836,e6-lifecycle-20260706T045832.822659423Z-c4-real-task-0243,ipfs_add,true,65,1783313918313,1456,,false
1837,e6-lifecycle-20260706T045832.822659423Z-c4-real-task-0243,signed_posttask,true,2,1783313918378,0,QmRSRcL9QGoh8VvDT2ixSsZg96fnWrX8z1a5S7uHJpt7kp,false
1838,e6-lifecycle-20260706T045832.822659423Z-c4-real-task-0248,ipfs_verify,true,15,1783313918366,0,QmZm8oEeNJE8ud88izCLhLnkvJbBpn3DcxxACsWhMRdYhA,false
1839,e6-lifecycle-20260706T045832.822659423Z-c4-real-task-0243,signed_postallocation,true,2,1783313918380,0,QmRSRcL9QGoh8VvDT2ixSsZg96fnWrX8z1a5S7uHJpt7kp,false
1840,e6-lifecycle-20260706T045832.822659423Z-c4-real-task-0243,signed_post_evalsnapshot,true,2,1783313918382,0,QmRSRcL9QGoh8VvDT2ixSsZg96fnWrX8z1a5S7uHJpt7kp,false
1841,e6-lifecycle-20260706T045832.822659423Z-c4-real-task-0243,signed_vote1,true,2,1783313918384,0,QmRSRcL9QGoh8VvDT2ixSsZg96fnWrX8z1a5S7uHJpt7kp,false
1842,e6-lifecycle-20260706T045832.822659423Z-c4-real-task-0243,signed_vote2,true,1,1783313918386,0,QmRSRcL9QGoh8VvDT2ixSsZg96fnWrX8z1a5S7uHJpt7kp,false
1843,e6-lifecycle-20260706T045832.822659423Z-c4-real-task-0243,signed_settlement,true,2,1783313918387,0,QmRSRcL9QGoh8VvDT2ixSsZg96fnWrX8z1a5S7uHJpt7kp,false
1844,e6-lifecycle-20260706T045832.822659423Z-c4-real-task-0243,signed_query_latest,true,0,1783313918389,0,QmRSRcL9QGoh8VvDT2ixSsZg96fnWrX8z1a5S7uHJpt7kp,false
1845,e6-lifecycle-20260706T045832.822659423Z-c4-real-task-0244,ipfs_add,true,66,1783313918336,1940,,false
1846,e6-lifecycle-20260706T045832.822659423Z-c4-real-task-0243,ipfs_verify,true,13,1783313918389,0,QmRSRcL9QGoh8VvDT2ixSsZg96fnWrX8z1a5S7uHJpt7kp,false
1847,e6-lifecycle-20260706T045832.822659423Z-c4-real-task-0244,signed_posttask,true,1,1783313918402,0,QmZRkcbZv6DrZ32YxAdk9t2kzi1YwGMwtxRpuS6Qjz4ByS,false
1848,e6-lifecycle-20260706T045832.822659423Z-c4-real-task-0244,signed_postallocation,true,2,1783313918403,0,QmZRkcbZv6DrZ32YxAdk9t2kzi1YwGMwtxRpuS6Qjz4ByS,false
1849,e6-lifecycle-20260706T045832.822659423Z-c4-real-task-0244,signed_post_evalsnapshot,true,3,1783313918405,0,QmZRkcbZv6DrZ32YxAdk9t2kzi1YwGMwtxRpuS6Qjz4ByS,false
1850,e6-lifecycle-20260706T045832.822659423Z-c4-real-task-0244,signed_vote1,true,1,1783313918408,0,QmZRkcbZv6DrZ32YxAdk9t2kzi1YwGMwtxRpuS6Qjz4ByS,false
1851,e6-lifecycle-20260706T045832.822659423Z-c4-real-task-0244,signed_vote2,true,2,1783313918409,0,QmZRkcbZv6DrZ32YxAdk9t2kzi1YwGMwtxRpuS6Qjz4ByS,false
1852,e6-lifecycle-20260706T045832.822659423Z-c4-real-task-0244,signed_settlement,true,1,1783313918411,0,QmZRkcbZv6DrZ32YxAdk9t2kzi1YwGMwtxRpuS6Qjz4ByS,false
1853,e6-lifecycle-20260706T045832.822659423Z-c4-real-task-0244,signed_query_latest,true,0,1783313918412,0,QmZRkcbZv6DrZ32YxAdk9t2kzi1YwGMwtxRpuS6Qjz4ByS,false
1854,e6-lifecycle-20260706T045832.822659423Z-c4-real-task-0244,ipfs_verify,true,10,1783313918412,0,QmZRkcbZv6DrZ32YxAdk9t2kzi1YwGMwtxRpuS6Qjz4ByS,false
1855,e6-lifecycle-20260706T045832.822659423Z-c4-real-task-0245,ipfs_add,true,75,1783313918353,1397,,false
1856,e6-lifecycle-20260706T045832.822659423Z-c4-real-task-0245,signed_posttask,true,3,1783313918428,0,QmRfQ29mFdu3DgQcz3fAXc1k7t6oBRgjxH4rKPuQH1fX4o,false
1857,e6-lifecycle-20260706T045832.822659423Z-c4-real-task-0245,signed_postallocation,true,2,1783313918431,0,QmRfQ29mFdu3DgQcz3fAXc1k7t6oBRgjxH4rKPuQH1fX4o,false
1858,e6-lifecycle-20260706T045832.822659423Z-c4-real-task-0245,signed_post_evalsnapshot,true,1,1783313918433,0,QmRfQ29mFdu3DgQcz3fAXc1k7t6oBRgjxH4rKPuQH1fX4o,false
1859,e6-lifecycle-20260706T045832.822659423Z-c4-real-task-0245,signed_vote1,true,2,1783313918434,0,QmRfQ29mFdu3DgQcz3fAXc1k7t6oBRgjxH4rKPuQH1fX4o,false
1860,e6-lifecycle-20260706T045832.822659423Z-c4-real-task-0245,signed_vote2,true,2,1783313918436,0,QmRfQ29mFdu3DgQcz3fAXc1k7t6oBRgjxH4rKPuQH1fX4o,false
1861,e6-lifecycle-20260706T045832.822659423Z-c4-real-task-0245,signed_settlement,true,2,1783313918438,0,QmRfQ29mFdu3DgQcz3fAXc1k7t6oBRgjxH4rKPuQH1fX4o,false
1862,e6-lifecycle-20260706T045832.822659423Z-c4-real-task-0245,signed_query_latest,true,0,1783313918440,0,QmRfQ29mFdu3DgQcz3fAXc1k7t6oBRgjxH4rKPuQH1fX4o,false
1863,e6-lifecycle-20260706T045832.822659423Z-c4-real-task-0245,ipfs_verify,true,9,1783313918440,0,QmRfQ29mFdu3DgQcz3fAXc1k7t6oBRgjxH4rKPuQH1fX4o,false
1864,e6-lifecycle-20260706T045832.822659423Z-c4-real-task-0246,ipfs_add,true,75,1783313918381,1908,,false
1865,e6-lifecycle-20260706T045832.822659423Z-c4-real-task-0246,signed_posttask,true,2,1783313918456,0,Qmbd379qf1e5jFN3VfVGanPkH2qj7HaxhCKRJVLas9XhVH,false
1866,e6-lifecycle-20260706T045832.822659423Z-c4-real-task-0246,signed_postallocation,true,2,1783313918458,0,Qmbd379qf1e5jFN3VfVGanPkH2qj7HaxhCKRJVLas9XhVH,false
1867,e6-lifecycle-20260706T045832.822659423Z-c4-real-task-0246,signed_post_evalsnapshot,true,2,1783313918460,0,Qmbd379qf1e5jFN3VfVGanPkH2qj7HaxhCKRJVLas9XhVH,false
1868,e6-lifecycle-20260706T045832.822659423Z-c4-real-task-0246,signed_vote1,true,2,1783313918462,0,Qmbd379qf1e5jFN3VfVGanPkH2qj7HaxhCKRJVLas9XhVH,false
1869,e6-lifecycle-20260706T045832.822659423Z-c4-real-task-0246,signed_vote2,true,2,1783313918464,0,Qmbd379qf1e5jFN3VfVGanPkH2qj7HaxhCKRJVLas9XhVH,false
1870,e6-lifecycle-20260706T045832.822659423Z-c4-real-task-0246,signed_settlement,true,1,1783313918466,0,Qmbd379qf1e5jFN3VfVGanPkH2qj7HaxhCKRJVLas9XhVH,false
1871,e6-lifecycle-20260706T045832.822659423Z-c4-real-task-0246,signed_query_latest,true,0,1783313918467,0,Qmbd379qf1e5jFN3VfVGanPkH2qj7HaxhCKRJVLas9XhVH,false
1872,e6-lifecycle-20260706T045832.822659423Z-c4-real-task-0246,ipfs_verify,true,9,1783313918467,0,Qmbd379qf1e5jFN3VfVGanPkH2qj7HaxhCKRJVLas9XhVH,false
1873,e6-lifecycle-20260706T045832.822659423Z-c4-real-task-0247,ipfs_add,true,79,1783313918402,1442,,false
1874,e6-lifecycle-20260706T045832.822659423Z-c4-real-task-0247,signed_posttask,true,3,1783313918481,0,QmX6Pz1owsVrhohFcJpqY4nN99ZYTUNsMhoWJHmcAATrUC,false
1875,e6-lifecycle-20260706T045832.822659423Z-c4-real-task-0247,signed_postallocation,true,2,1783313918484,0,QmX6Pz1owsVrhohFcJpqY4nN99ZYTUNsMhoWJHmcAATrUC,false
1876,e6-lifecycle-20260706T045832.822659423Z-c4-real-task-0247,signed_post_evalsnapshot,true,2,1783313918486,0,QmX6Pz1owsVrhohFcJpqY4nN99ZYTUNsMhoWJHmcAATrUC,false
1877,e6-lifecycle-20260706T045832.822659423Z-c4-real-task-0247,signed_vote1,true,2,1783313918488,0,QmX6Pz1owsVrhohFcJpqY4nN99ZYTUNsMhoWJHmcAATrUC,false
1878,e6-lifecycle-20260706T045832.822659423Z-c4-real-task-0247,signed_vote2,true,2,1783313918490,0,QmX6Pz1owsVrhohFcJpqY4nN99ZYTUNsMhoWJHmcAATrUC,false
1879,e6-lifecycle-20260706T045832.822659423Z-c4-real-task-0247,signed_settlement,true,2,1783313918492,0,QmX6Pz1owsVrhohFcJpqY4nN99ZYTUNsMhoWJHmcAATrUC,false
1880,e6-lifecycle-20260706T045832.822659423Z-c4-real-task-0247,signed_query_latest,true,0,1783313918494,0,QmX6Pz1owsVrhohFcJpqY4nN99ZYTUNsMhoWJHmcAATrUC,false
1881,e6-lifecycle-20260706T045832.822659423Z-c4-real-task-0247,ipfs_verify,true,10,1783313918494,0,QmX6Pz1owsVrhohFcJpqY4nN99ZYTUNsMhoWJHmcAATrUC,false
1882,e6-lifecycle-20260706T045832.822659423Z-c4-real-task-0251,ipfs_add,true,83,1783313918422,1557,,false
1883,e6-lifecycle-20260706T045832.822659423Z-c4-real-task-0251,signed_posttask,true,2,1783313918505,0,QmZcHg4d9H8MPruWuXm1QwpfemphbX6MHQxju4nZvRocmZ,false
1884,e6-lifecycle-20260706T045832.822659423Z-c4-real-task-0251,signed_postallocation,true,2,1783313918507,0,QmZcHg4d9H8MPruWuXm1QwpfemphbX6MHQxju4nZvRocmZ,false
1885,e6-lifecycle-20260706T045832.822659423Z-c4-real-task-0251,signed_post_evalsnapshot,true,2,1783313918509,0,QmZcHg4d9H8MPruWuXm1QwpfemphbX6MHQxju4nZvRocmZ,false
1886,e6-lifecycle-20260706T045832.822659423Z-c4-real-task-0251,signed_vote1,true,2,1783313918511,0,QmZcHg4d9H8MPruWuXm1QwpfemphbX6MHQxju4nZvRocmZ,false
1887,e6-lifecycle-20260706T045832.822659423Z-c4-real-task-0251,signed_vote2,true,2,1783313918513,0,QmZcHg4d9H8MPruWuXm1QwpfemphbX6MHQxju4nZvRocmZ,false
1888,e6-lifecycle-20260706T045832.822659423Z-c4-real-task-0251,signed_settlement,true,1,1783313918515,0,QmZcHg4d9H8MPruWuXm1QwpfemphbX6MHQxju4nZvRocmZ,false
1889,e6-lifecycle-20260706T045832.822659423Z-c4-real-task-0251,signed_query_latest,true,0,1783313918516,0,QmZcHg4d9H8MPruWuXm1QwpfemphbX6MHQxju4nZvRocmZ,false
1890,e6-lifecycle-20260706T045832.822659423Z-c4-real-task-0251,ipfs_verify,true,8,1783313918517,0,QmZcHg4d9H8MPruWuXm1QwpfemphbX6MHQxju4nZvRocmZ,false
1891,e6-lifecycle-20260706T045832.822659423Z-c4-real-task-0249,ipfs_add,true,80,1783313918449,1622,,false
1892,e6-lifecycle-20260706T045832.822659423Z-c4-real-task-0249,signed_posttask,true,2,1783313918529,0,QmWhPk74ArLFk2azBUEPeV5DfbYzPqL1rjTNqE5zSC1Eut,false
1893,e6-lifecycle-20260706T045832.822659423Z-c4-real-task-0249,signed_postallocation,true,2,1783313918531,0,QmWhPk74ArLFk2azBUEPeV5DfbYzPqL1rjTNqE5zSC1Eut,false
1894,e6-lifecycle-20260706T045832.822659423Z-c4-real-task-0249,signed_post_evalsnapshot,true,2,1783313918533,0,QmWhPk74ArLFk2azBUEPeV5DfbYzPqL1rjTNqE5zSC1Eut,false
1895,e6-lifecycle-20260706T045832.822659423Z-c4-real-task-0249,signed_vote1,true,2,1783313918535,0,QmWhPk74ArLFk2azBUEPeV5DfbYzPqL1rjTNqE5zSC1Eut,false
1896,e6-lifecycle-20260706T045832.822659423Z-c4-real-task-0249,signed_vote2,true,1,1783313918537,0,QmWhPk74ArLFk2azBUEPeV5DfbYzPqL1rjTNqE5zSC1Eut,false
1897,e6-lifecycle-20260706T045832.822659423Z-c4-real-task-0249,signed_settlement,true,2,1783313918538,0,QmWhPk74ArLFk2azBUEPeV5DfbYzPqL1rjTNqE5zSC1Eut,false
1898,e6-lifecycle-20260706T045832.822659423Z-c4-real-task-0249,signed_query_latest,true,0,1783313918540,0,QmWhPk74ArLFk2azBUEPeV5DfbYzPqL1rjTNqE5zSC1Eut,false
1899,e6-lifecycle-20260706T045832.822659423Z-c4-real-task-0249,ipfs_verify,true,8,1783313918540,0,QmWhPk74ArLFk2azBUEPeV5DfbYzPqL1rjTNqE5zSC1Eut,false
1900,e6-lifecycle-20260706T045832.822659423Z-c4-real-task-0250,ipfs_add,true,73,1783313918476,1536,,false
1901,e6-lifecycle-20260706T045832.822659423Z-c4-real-task-0250,signed_posttask,true,2,1783313918549,0,Qmed7xmh1Coiscy6DWRC1YB617j5DeuyK8AizbfmSS6upB,false
1902,e6-lifecycle-20260706T045832.822659423Z-c4-real-task-0250,signed_postallocation,true,1,1783313918551,0,Qmed7xmh1Coiscy6DWRC1YB617j5DeuyK8AizbfmSS6upB,false
1903,e6-lifecycle-20260706T045832.822659423Z-c4-real-task-0250,signed_post_evalsnapshot,true,2,1783313918552,0,Qmed7xmh1Coiscy6DWRC1YB617j5DeuyK8AizbfmSS6upB,false
1904,e6-lifecycle-20260706T045832.822659423Z-c4-real-task-0250,signed_vote1,true,2,1783313918554,0,Qmed7xmh1Coiscy6DWRC1YB617j5DeuyK8AizbfmSS6upB,false
1905,e6-lifecycle-20260706T045832.822659423Z-c4-real-task-0250,signed_vote2,true,1,1783313918556,0,Qmed7xmh1Coiscy6DWRC1YB617j5DeuyK8AizbfmSS6upB,false
1906,e6-lifecycle-20260706T045832.822659423Z-c4-real-task-0250,signed_settlement,true,1,1783313918558,0,Qmed7xmh1Coiscy6DWRC1YB617j5DeuyK8AizbfmSS6upB,false
1907,e6-lifecycle-20260706T045832.822659423Z-c4-real-task-0250,signed_query_latest,true,0,1783313918559,0,Qmed7xmh1Coiscy6DWRC1YB617j5DeuyK8AizbfmSS6upB,false
1908,e6-lifecycle-20260706T045832.822659423Z-c4-real-task-0250,ipfs_verify,true,11,1783313918559,0,Qmed7xmh1Coiscy6DWRC1YB617j5DeuyK8AizbfmSS6upB,false
1909,e6-lifecycle-20260706T045832.822659423Z-c4-real-task-0200,ipfs_add,true,68,1783313918504,5145,,false
1910,e6-lifecycle-20260706T045832.822659423Z-c4-real-task-0200,signed_posttask,true,4,1783313918572,0,QmWsn3VH4qEmQoJUcTTgaCC8C8yvu9U6JQYjovtYXaQr7y,false
1911,e6-lifecycle-20260706T045832.822659423Z-c4-real-task-0200,signed_postallocation,true,2,1783313918576,0,QmWsn3VH4qEmQoJUcTTgaCC8C8yvu9U6JQYjovtYXaQr7y,false
1912,e6-lifecycle-20260706T045832.822659423Z-c4-real-task-0200,signed_post_evalsnapshot,true,2,1783313918578,0,QmWsn3VH4qEmQoJUcTTgaCC8C8yvu9U6JQYjovtYXaQr7y,false
1913,e6-lifecycle-20260706T045832.822659423Z-c4-real-task-0200,signed_vote1,true,1,1783313918580,0,QmWsn3VH4qEmQoJUcTTgaCC8C8yvu9U6JQYjovtYXaQr7y,false
1914,e6-lifecycle-20260706T045832.822659423Z-c4-real-task-0200,signed_vote2,true,3,1783313918581,0,QmWsn3VH4qEmQoJUcTTgaCC8C8yvu9U6JQYjovtYXaQr7y,false
1915,e6-lifecycle-20260706T045832.822659423Z-c4-real-task-0200,signed_settlement,true,1,1783313918584,0,QmWsn3VH4qEmQoJUcTTgaCC8C8yvu9U6JQYjovtYXaQr7y,false
1916,e6-lifecycle-20260706T045832.822659423Z-c4-real-task-0200,signed_query_latest,true,0,1783313918585,0,QmWsn3VH4qEmQoJUcTTgaCC8C8yvu9U6JQYjovtYXaQr7y,false
1917,e6-lifecycle-20260706T045832.822659423Z-c4-real-task-0195,ipfs_add,true,72,1783313918525,4765,,false
1918,e6-lifecycle-20260706T045832.822659423Z-c4-real-task-0200,ipfs_verify,true,12,1783313918585,0,QmWsn3VH4qEmQoJUcTTgaCC8C8yvu9U6JQYjovtYXaQr7y,false
1919,e6-lifecycle-20260706T045832.822659423Z-c4-real-task-0195,signed_posttask,true,3,1783313918597,0,QmWaLq11VC2STk3MM8gwJdsmwiV6pMb8XyjpXUZRgju27h,false
1920,e6-lifecycle-20260706T045832.822659423Z-c4-real-task-0195,signed_postallocation,true,2,1783313918600,0,QmWaLq11VC2STk3MM8gwJdsmwiV6pMb8XyjpXUZRgju27h,false
1921,e6-lifecycle-20260706T045832.822659423Z-c4-real-task-0195,signed_post_evalsnapshot,true,1,1783313918602,0,QmWaLq11VC2STk3MM8gwJdsmwiV6pMb8XyjpXUZRgju27h,false
1922,e6-lifecycle-20260706T045832.822659423Z-c4-real-task-0195,signed_vote1,true,2,1783313918603,0,QmWaLq11VC2STk3MM8gwJdsmwiV6pMb8XyjpXUZRgju27h,false
1923,e6-lifecycle-20260706T045832.822659423Z-c4-real-task-0195,signed_vote2,true,2,1783313918605,0,QmWaLq11VC2STk3MM8gwJdsmwiV6pMb8XyjpXUZRgju27h,false
1924,e6-lifecycle-20260706T045832.822659423Z-c4-real-task-0195,signed_settlement,true,2,1783313918607,0,QmWaLq11VC2STk3MM8gwJdsmwiV6pMb8XyjpXUZRgju27h,false
1925,e6-lifecycle-20260706T045832.822659423Z-c4-real-task-0195,signed_query_latest,true,0,1783313918609,0,QmWaLq11VC2STk3MM8gwJdsmwiV6pMb8XyjpXUZRgju27h,false
1926,e6-lifecycle-20260706T045832.822659423Z-c4-real-task-0195,ipfs_verify,true,7,1783313918609,0,QmWaLq11VC2STk3MM8gwJdsmwiV6pMb8XyjpXUZRgju27h,false
1927,e6-lifecycle-20260706T045832.822659423Z-c4-real-task-0196,ipfs_add,true,70,1783313918548,4122,,false
1928,e6-lifecycle-20260706T045832.822659423Z-c4-real-task-0196,signed_posttask,true,2,1783313918618,0,QmTQ1PbJFgNKhVego5qTuyTZaXyLBFPkpTGPcPVQGwbk9W,false
1929,e6-lifecycle-20260706T045832.822659423Z-c4-real-task-0196,signed_postallocation,true,2,1783313918620,0,QmTQ1PbJFgNKhVego5qTuyTZaXyLBFPkpTGPcPVQGwbk9W,false
1930,e6-lifecycle-20260706T045832.822659423Z-c4-real-task-0196,signed_post_evalsnapshot,true,3,1783313918622,0,QmTQ1PbJFgNKhVego5qTuyTZaXyLBFPkpTGPcPVQGwbk9W,false
1931,e6-lifecycle-20260706T045832.822659423Z-c4-real-task-0196,signed_vote1,true,2,1783313918625,0,QmTQ1PbJFgNKhVego5qTuyTZaXyLBFPkpTGPcPVQGwbk9W,false
1932,e6-lifecycle-20260706T045832.822659423Z-c4-real-task-0196,signed_vote2,true,1,1783313918627,0,QmTQ1PbJFgNKhVego5qTuyTZaXyLBFPkpTGPcPVQGwbk9W,false
1933,e6-lifecycle-20260706T045832.822659423Z-c4-real-task-0196,signed_settlement,true,2,1783313918628,0,QmTQ1PbJFgNKhVego5qTuyTZaXyLBFPkpTGPcPVQGwbk9W,false
1934,e6-lifecycle-20260706T045832.822659423Z-c4-real-task-0196,signed_query_latest,true,0,1783313918630,0,QmTQ1PbJFgNKhVego5qTuyTZaXyLBFPkpTGPcPVQGwbk9W,false
1935,e6-lifecycle-20260706T045832.822659423Z-c4-real-task-0196,ipfs_verify,true,7,1783313918630,0,QmTQ1PbJFgNKhVego5qTuyTZaXyLBFPkpTGPcPVQGwbk9W,false
1936,e6-lifecycle-20260706T045832.822659423Z-c4-real-task-0197,ipfs_add,true,69,1783313918570,4817,,false
1937,e6-lifecycle-20260706T045832.822659423Z-c4-real-task-0197,signed_posttask,true,4,1783313918639,0,QmbvahhBBxPPJvX1kedLaAKjiVK7gTyk8mGFKobzfLRtWp,false
1938,e6-lifecycle-20260706T045832.822659423Z-c4-real-task-0197,signed_postallocation,true,2,1783313918643,0,QmbvahhBBxPPJvX1kedLaAKjiVK7gTyk8mGFKobzfLRtWp,false
1939,e6-lifecycle-20260706T045832.822659423Z-c4-real-task-0197,signed_post_evalsnapshot,true,4,1783313918645,0,QmbvahhBBxPPJvX1kedLaAKjiVK7gTyk8mGFKobzfLRtWp,false
1940,e6-lifecycle-20260706T045832.822659423Z-c4-real-task-0197,signed_vote1,true,2,1783313918649,0,QmbvahhBBxPPJvX1kedLaAKjiVK7gTyk8mGFKobzfLRtWp,false
1941,e6-lifecycle-20260706T045832.822659423Z-c4-real-task-0197,signed_vote2,true,2,1783313918651,0,QmbvahhBBxPPJvX1kedLaAKjiVK7gTyk8mGFKobzfLRtWp,false
1942,e6-lifecycle-20260706T045832.822659423Z-c4-real-task-0197,signed_settlement,true,3,1783313918653,0,QmbvahhBBxPPJvX1kedLaAKjiVK7gTyk8mGFKobzfLRtWp,false
1943,e6-lifecycle-20260706T045832.822659423Z-c4-real-task-0197,signed_query_latest,true,0,1783313918656,0,QmbvahhBBxPPJvX1kedLaAKjiVK7gTyk8mGFKobzfLRtWp,false
1944,e6-lifecycle-20260706T045832.822659423Z-c4-real-task-0197,ipfs_verify,true,6,1783313918656,0,QmbvahhBBxPPJvX1kedLaAKjiVK7gTyk8mGFKobzfLRtWp,false
1945,e6-lifecycle-20260706T045832.822659423Z-c4-real-task-0198,ipfs_add,true,67,1783313918597,3540,,false
1946,e6-lifecycle-20260706T045832.822659423Z-c4-real-task-0198,signed_posttask,true,1,1783313918664,0,QmZWNqHHBwy3oA7Ng8hVTaUMhZ6QkUps6zYhcegYz5enFd,false
1947,e6-lifecycle-20260706T045832.822659423Z-c4-real-task-0198,signed_postallocation,true,2,1783313918665,0,QmZWNqHHBwy3oA7Ng8hVTaUMhZ6QkUps6zYhcegYz5enFd,false
1948,e6-lifecycle-20260706T045832.822659423Z-c4-real-task-0198,signed_post_evalsnapshot,true,2,1783313918667,0,QmZWNqHHBwy3oA7Ng8hVTaUMhZ6QkUps6zYhcegYz5enFd,false
1949,e6-lifecycle-20260706T045832.822659423Z-c4-real-task-0198,signed_vote1,true,2,1783313918669,0,QmZWNqHHBwy3oA7Ng8hVTaUMhZ6QkUps6zYhcegYz5enFd,false
1950,e6-lifecycle-20260706T045832.822659423Z-c4-real-task-0198,signed_vote2,true,2,1783313918671,0,QmZWNqHHBwy3oA7Ng8hVTaUMhZ6QkUps6zYhcegYz5enFd,false
1951,e6-lifecycle-20260706T045832.822659423Z-c4-real-task-0198,signed_settlement,true,1,1783313918673,0,QmZWNqHHBwy3oA7Ng8hVTaUMhZ6QkUps6zYhcegYz5enFd,false
1952,e6-lifecycle-20260706T045832.822659423Z-c4-real-task-0198,signed_query_latest,true,0,1783313918674,0,QmZWNqHHBwy3oA7Ng8hVTaUMhZ6QkUps6zYhcegYz5enFd,false
1953,e6-lifecycle-20260706T045832.822659423Z-c4-real-task-0198,ipfs_verify,true,8,1783313918674,0,QmZWNqHHBwy3oA7Ng8hVTaUMhZ6QkUps6zYhcegYz5enFd,false
1954,e6-lifecycle-20260706T045832.822659423Z-c4-real-task-0199,ipfs_add,true,68,1783313918616,5047,,false
1955,e6-lifecycle-20260706T045832.822659423Z-c4-real-task-0199,signed_posttask,true,1,1783313918684,0,QmWy11MokeVCNQuSN9bfWQHz1CevithknjYMzKuymcZo7S,false
1956,e6-lifecycle-20260706T045832.822659423Z-c4-real-task-0199,signed_postallocation,true,2,1783313918685,0,QmWy11MokeVCNQuSN9bfWQHz1CevithknjYMzKuymcZo7S,false
1957,e6-lifecycle-20260706T045832.822659423Z-c4-real-task-0199,signed_post_evalsnapshot,true,1,1783313918687,0,QmWy11MokeVCNQuSN9bfWQHz1CevithknjYMzKuymcZo7S,false
1958,e6-lifecycle-20260706T045832.822659423Z-c4-real-task-0199,signed_vote1,true,1,1783313918689,0,QmWy11MokeVCNQuSN9bfWQHz1CevithknjYMzKuymcZo7S,false
1959,e6-lifecycle-20260706T045832.822659423Z-c4-real-task-0199,signed_vote2,true,3,1783313918690,0,QmWy11MokeVCNQuSN9bfWQHz1CevithknjYMzKuymcZo7S,false
1960,e6-lifecycle-20260706T045832.822659423Z-c4-real-task-0199,signed_settlement,true,2,1783313918693,0,QmWy11MokeVCNQuSN9bfWQHz1CevithknjYMzKuymcZo7S,false
1961,e6-lifecycle-20260706T045832.822659423Z-c4-real-task-0199,signed_query_latest,true,0,1783313918695,0,QmWy11MokeVCNQuSN9bfWQHz1CevithknjYMzKuymcZo7S,false
1962,e6-lifecycle-20260706T045832.822659423Z-c4-real-task-0199,ipfs_verify,true,6,1783313918695,0,QmWy11MokeVCNQuSN9bfWQHz1CevithknjYMzKuymcZo7S,false
1963,e6-lifecycle-20260706T045832.822659423Z-c4-real-task-0203,ipfs_add,true,67,1783313918637,1827,,false
1964,e6-lifecycle-20260706T045832.822659423Z-c4-real-task-0203,signed_posttask,true,2,1783313918704,0,QmR9AwrhqhKCpezziPe8S8GRSS3cqcjrASSQ3HJBYfXh7k,false
1965,e6-lifecycle-20260706T045832.822659423Z-c4-real-task-0203,signed_postallocation,true,2,1783313918706,0,QmR9AwrhqhKCpezziPe8S8GRSS3cqcjrASSQ3HJBYfXh7k,false
1966,e6-lifecycle-20260706T045832.822659423Z-c4-real-task-0203,signed_post_evalsnapshot,true,2,1783313918708,0,QmR9AwrhqhKCpezziPe8S8GRSS3cqcjrASSQ3HJBYfXh7k,false
1967,e6-lifecycle-20260706T045832.822659423Z-c4-real-task-0203,signed_vote1,true,2,1783313918710,0,QmR9AwrhqhKCpezziPe8S8GRSS3cqcjrASSQ3HJBYfXh7k,false
1968,e6-lifecycle-20260706T045832.822659423Z-c4-real-task-0203,signed_vote2,true,2,1783313918712,0,QmR9AwrhqhKCpezziPe8S8GRSS3cqcjrASSQ3HJBYfXh7k,false
1969,e6-lifecycle-20260706T045832.822659423Z-c4-real-task-0203,signed_settlement,true,2,1783313918714,0,QmR9AwrhqhKCpezziPe8S8GRSS3cqcjrASSQ3HJBYfXh7k,false
1970,e6-lifecycle-20260706T045832.822659423Z-c4-real-task-0203,signed_query_latest,true,0,1783313918716,0,QmR9AwrhqhKCpezziPe8S8GRSS3cqcjrASSQ3HJBYfXh7k,false
1971,e6-lifecycle-20260706T045832.822659423Z-c4-real-task-0201,ipfs_add,true,63,1783313918662,4340,,false
1972,e6-lifecycle-20260706T045832.822659423Z-c4-real-task-0203,ipfs_verify,true,11,1783313918716,0,QmR9AwrhqhKCpezziPe8S8GRSS3cqcjrASSQ3HJBYfXh7k,false
1973,e6-lifecycle-20260706T045832.822659423Z-c4-real-task-0201,signed_posttask,true,2,1783313918725,0,QmdjzG35Tv9EawU3dwjehMfhybFdJmmnFHpEtFdcm5VuFK,false
1974,e6-lifecycle-20260706T045832.822659423Z-c4-real-task-0201,signed_postallocation,true,2,1783313918727,0,QmdjzG35Tv9EawU3dwjehMfhybFdJmmnFHpEtFdcm5VuFK,false
1975,e6-lifecycle-20260706T045832.822659423Z-c4-real-task-0201,signed_post_evalsnapshot,true,2,1783313918729,0,QmdjzG35Tv9EawU3dwjehMfhybFdJmmnFHpEtFdcm5VuFK,false
1976,e6-lifecycle-20260706T045832.822659423Z-c4-real-task-0201,signed_vote1,true,1,1783313918731,0,QmdjzG35Tv9EawU3dwjehMfhybFdJmmnFHpEtFdcm5VuFK,false
1977,e6-lifecycle-20260706T045832.822659423Z-c4-real-task-0201,signed_vote2,true,2,1783313918732,0,QmdjzG35Tv9EawU3dwjehMfhybFdJmmnFHpEtFdcm5VuFK,false
1978,e6-lifecycle-20260706T045832.822659423Z-c4-real-task-0201,signed_settlement,true,2,1783313918734,0,QmdjzG35Tv9EawU3dwjehMfhybFdJmmnFHpEtFdcm5VuFK,false
1979,e6-lifecycle-20260706T045832.822659423Z-c4-real-task-0201,signed_query_latest,true,0,1783313918736,0,QmdjzG35Tv9EawU3dwjehMfhybFdJmmnFHpEtFdcm5VuFK,false
1980,e6-lifecycle-20260706T045832.822659423Z-c4-real-task-0201,ipfs_verify,true,7,1783313918736,0,QmdjzG35Tv9EawU3dwjehMfhybFdJmmnFHpEtFdcm5VuFK,false
1981,e6-lifecycle-20260706T045832.822659423Z-c4-real-task-0202,ipfs_add,true,64,1783313918682,4638,,false
1982,e6-lifecycle-20260706T045832.822659423Z-c4-real-task-0202,signed_posttask,true,2,1783313918746,0,QmejhkZWTARckuAaEe1Q6SLFZ3XMmF1EjcDYpHuMGkpBsf,false
1983,e6-lifecycle-20260706T045832.822659423Z-c4-real-task-0202,signed_postallocation,true,2,1783313918748,0,QmejhkZWTARckuAaEe1Q6SLFZ3XMmF1EjcDYpHuMGkpBsf,false
1984,e6-lifecycle-20260706T045832.822659423Z-c4-real-task-0202,signed_post_evalsnapshot,true,1,1783313918750,0,QmejhkZWTARckuAaEe1Q6SLFZ3XMmF1EjcDYpHuMGkpBsf,false
1985,e6-lifecycle-20260706T045832.822659423Z-c4-real-task-0202,signed_vote1,true,2,1783313918751,0,QmejhkZWTARckuAaEe1Q6SLFZ3XMmF1EjcDYpHuMGkpBsf,false
1986,e6-lifecycle-20260706T045832.822659423Z-c4-real-task-0202,signed_vote2,true,2,1783313918753,0,QmejhkZWTARckuAaEe1Q6SLFZ3XMmF1EjcDYpHuMGkpBsf,false
1987,e6-lifecycle-20260706T045832.822659423Z-c4-real-task-0202,signed_settlement,true,2,1783313918755,0,QmejhkZWTARckuAaEe1Q6SLFZ3XMmF1EjcDYpHuMGkpBsf,false
1988,e6-lifecycle-20260706T045832.822659423Z-c4-real-task-0202,signed_query_latest,true,0,1783313918757,0,QmejhkZWTARckuAaEe1Q6SLFZ3XMmF1EjcDYpHuMGkpBsf,false
1989,e6-lifecycle-20260706T045832.822659423Z-c4-real-task-0046,ipfs_add,true,69,1783313918701,1643,,false
1990,e6-lifecycle-20260706T045832.822659423Z-c4-real-task-0202,ipfs_verify,true,15,1783313918757,0,QmejhkZWTARckuAaEe1Q6SLFZ3XMmF1EjcDYpHuMGkpBsf,false
1991,e6-lifecycle-20260706T045832.822659423Z-c4-real-task-0046,signed_posttask,true,4,1783313918770,0,QmTnaHUQXj9xeoWHT2zVraSQfVPSZ3kwXbfxhynCbSD478,false
1992,e6-lifecycle-20260706T045832.822659423Z-c4-real-task-0046,signed_postallocation,true,2,1783313918774,0,QmTnaHUQXj9xeoWHT2zVraSQfVPSZ3kwXbfxhynCbSD478,false
1993,e6-lifecycle-20260706T045832.822659423Z-c4-real-task-0046,signed_post_evalsnapshot,true,2,1783313918776,0,QmTnaHUQXj9xeoWHT2zVraSQfVPSZ3kwXbfxhynCbSD478,false
1994,e6-lifecycle-20260706T045832.822659423Z-c4-real-task-0046,signed_vote1,true,2,1783313918778,0,QmTnaHUQXj9xeoWHT2zVraSQfVPSZ3kwXbfxhynCbSD478,false
1995,e6-lifecycle-20260706T045832.822659423Z-c4-real-task-0046,signed_vote2,true,2,1783313918780,0,QmTnaHUQXj9xeoWHT2zVraSQfVPSZ3kwXbfxhynCbSD478,false
1996,e6-lifecycle-20260706T045832.822659423Z-c4-real-task-0046,signed_settlement,true,1,1783313918782,0,QmTnaHUQXj9xeoWHT2zVraSQfVPSZ3kwXbfxhynCbSD478,false
1997,e6-lifecycle-20260706T045832.822659423Z-c4-real-task-0046,signed_query_latest,true,0,1783313918783,0,QmTnaHUQXj9xeoWHT2zVraSQfVPSZ3kwXbfxhynCbSD478,false
1998,e6-lifecycle-20260706T045832.822659423Z-c4-real-task-0032,ipfs_add,true,64,1783313918727,4244,,false
1999,e6-lifecycle-20260706T045832.822659423Z-c4-real-task-0046,ipfs_verify,true,10,1783313918783,0,QmTnaHUQXj9xeoWHT2zVraSQfVPSZ3kwXbfxhynCbSD478,false
2000,e6-lifecycle-20260706T045832.822659423Z-c4-real-task-0032,signed_posttask,true,2,1783313918791,0,QmTUE1xZhmfV2QSdvfbaurUfSv66ET7R31e5urBxmKFSfb,false
2001,e6-lifecycle-20260706T045832.822659423Z-c4-real-task-0032,signed_postallocation,true,2,1783313918793,0,QmTUE1xZhmfV2QSdvfbaurUfSv66ET7R31e5urBxmKFSfb,false
2002,e6-lifecycle-20260706T045832.822659423Z-c4-real-task-0032,signed_post_evalsnapshot,true,2,1783313918795,0,QmTUE1xZhmfV2QSdvfbaurUfSv66ET7R31e5urBxmKFSfb,false
2003,e6-lifecycle-20260706T045832.822659423Z-c4-real-task-0032,signed_vote1,true,2,1783313918797,0,QmTUE1xZhmfV2QSdvfbaurUfSv66ET7R31e5urBxmKFSfb,false
2004,e6-lifecycle-20260706T045832.822659423Z-c4-real-task-0032,signed_vote2,true,1,1783313918799,0,QmTUE1xZhmfV2QSdvfbaurUfSv66ET7R31e5urBxmKFSfb,false
2005,e6-lifecycle-20260706T045832.822659423Z-c4-real-task-0032,signed_settlement,true,2,1783313918800,0,QmTUE1xZhmfV2QSdvfbaurUfSv66ET7R31e5urBxmKFSfb,false
2006,e6-lifecycle-20260706T045832.822659423Z-c4-real-task-0032,signed_query_latest,true,0,1783313918802,0,QmTUE1xZhmfV2QSdvfbaurUfSv66ET7R31e5urBxmKFSfb,false
2007,e6-lifecycle-20260706T045832.822659423Z-c4-real-task-0033,ipfs_add,true,70,1783313918743,7207,,false
2008,e6-lifecycle-20260706T045832.822659423Z-c4-real-task-0032,ipfs_verify,true,13,1783313918802,0,QmTUE1xZhmfV2QSdvfbaurUfSv66ET7R31e5urBxmKFSfb,false
2009,e6-lifecycle-20260706T045832.822659423Z-c4-real-task-0033,signed_posttask,true,2,1783313918813,0,QmQ48RSbPCJevCydnQupZo9nDcEmZKcjzn5kaHFiESq88N,false
2010,e6-lifecycle-20260706T045832.822659423Z-c4-real-task-0033,signed_postallocation,true,7,1783313918815,0,QmQ48RSbPCJevCydnQupZo9nDcEmZKcjzn5kaHFiESq88N,false
2011,e6-lifecycle-20260706T045832.822659423Z-c4-real-task-0033,signed_post_evalsnapshot,true,2,1783313918822,0,QmQ48RSbPCJevCydnQupZo9nDcEmZKcjzn5kaHFiESq88N,false
2012,e6-lifecycle-20260706T045832.822659423Z-c4-real-task-0033,signed_vote1,true,1,1783313918824,0,QmQ48RSbPCJevCydnQupZo9nDcEmZKcjzn5kaHFiESq88N,false
2013,e6-lifecycle-20260706T045832.822659423Z-c4-real-task-0033,signed_vote2,true,2,1783313918825,0,QmQ48RSbPCJevCydnQupZo9nDcEmZKcjzn5kaHFiESq88N,false
2014,e6-lifecycle-20260706T045832.822659423Z-c4-real-task-0033,signed_settlement,true,2,1783313918827,0,QmQ48RSbPCJevCydnQupZo9nDcEmZKcjzn5kaHFiESq88N,false
2015,e6-lifecycle-20260706T045832.822659423Z-c4-real-task-0033,signed_query_latest,true,0,1783313918829,0,QmQ48RSbPCJevCydnQupZo9nDcEmZKcjzn5kaHFiESq88N,false
2016,e6-lifecycle-20260706T045832.822659423Z-c4-real-task-0033,ipfs_verify,true,7,1783313918829,0,QmQ48RSbPCJevCydnQupZo9nDcEmZKcjzn5kaHFiESq88N,false
2017,e6-lifecycle-20260706T045832.822659423Z-c4-real-task-0034,ipfs_add,true,67,1783313918772,1614,,false
2018,e6-lifecycle-20260706T045832.822659423Z-c4-real-task-0034,signed_posttask,true,1,1783313918839,0,QmPfG9yDWdYPi2SxVxc2HNwGgKxYHpb8KNnTKLEUsSwYJF,false
2019,e6-lifecycle-20260706T045832.822659423Z-c4-real-task-0034,signed_postallocation,true,2,1783313918840,0,QmPfG9yDWdYPi2SxVxc2HNwGgKxYHpb8KNnTKLEUsSwYJF,false
2020,e6-lifecycle-20260706T045832.822659423Z-c4-real-task-0034,signed_post_evalsnapshot,true,2,1783313918842,0,QmPfG9yDWdYPi2SxVxc2HNwGgKxYHpb8KNnTKLEUsSwYJF,false
2021,e6-lifecycle-20260706T045832.822659423Z-c4-real-task-0034,signed_vote1,true,2,1783313918844,0,QmPfG9yDWdYPi2SxVxc2HNwGgKxYHpb8KNnTKLEUsSwYJF,false
2022,e6-lifecycle-20260706T045832.822659423Z-c4-real-task-0034,signed_vote2,true,4,1783313918846,0,QmPfG9yDWdYPi2SxVxc2HNwGgKxYHpb8KNnTKLEUsSwYJF,false
2023,e6-lifecycle-20260706T045832.822659423Z-c4-real-task-0034,signed_settlement,true,2,1783313918850,0,QmPfG9yDWdYPi2SxVxc2HNwGgKxYHpb8KNnTKLEUsSwYJF,false
2024,e6-lifecycle-20260706T045832.822659423Z-c4-real-task-0034,signed_query_latest,true,0,1783313918852,0,QmPfG9yDWdYPi2SxVxc2HNwGgKxYHpb8KNnTKLEUsSwYJF,false
2025,e6-lifecycle-20260706T045832.822659423Z-c4-real-task-0034,ipfs_verify,true,11,1783313918852,0,QmPfG9yDWdYPi2SxVxc2HNwGgKxYHpb8KNnTKLEUsSwYJF,false
2026,e6-lifecycle-20260706T045832.822659423Z-c4-real-task-0035,ipfs_add,true,72,1783313918793,1846,,false
2027,e6-lifecycle-20260706T045832.822659423Z-c4-real-task-0035,signed_posttask,true,2,1783313918865,0,QmXkECAAwC32vhNNVm7xZTatUjGVbfHbwXcCezk2t5DnUf,false
2028,e6-lifecycle-20260706T045832.822659423Z-c4-real-task-0035,signed_postallocation,true,2,1783313918867,0,QmXkECAAwC32vhNNVm7xZTatUjGVbfHbwXcCezk2t5DnUf,false
2029,e6-lifecycle-20260706T045832.822659423Z-c4-real-task-0035,signed_post_evalsnapshot,true,3,1783313918869,0,QmXkECAAwC32vhNNVm7xZTatUjGVbfHbwXcCezk2t5DnUf,false
2030,e6-lifecycle-20260706T045832.822659423Z-c4-real-task-0035,signed_vote1,true,2,1783313918872,0,QmXkECAAwC32vhNNVm7xZTatUjGVbfHbwXcCezk2t5DnUf,false
2031,e6-lifecycle-20260706T045832.822659423Z-c4-real-task-0035,signed_vote2,true,1,1783313918874,0,QmXkECAAwC32vhNNVm7xZTatUjGVbfHbwXcCezk2t5DnUf,false
2032,e6-lifecycle-20260706T045832.822659423Z-c4-real-task-0035,signed_settlement,true,2,1783313918875,0,QmXkECAAwC32vhNNVm7xZTatUjGVbfHbwXcCezk2t5DnUf,false
2033,e6-lifecycle-20260706T045832.822659423Z-c4-real-task-0035,signed_query_latest,true,0,1783313918877,0,QmXkECAAwC32vhNNVm7xZTatUjGVbfHbwXcCezk2t5DnUf,false
2034,e6-lifecycle-20260706T045832.822659423Z-c4-real-task-0035,ipfs_verify,true,6,1783313918877,0,QmXkECAAwC32vhNNVm7xZTatUjGVbfHbwXcCezk2t5DnUf,false
2035,e6-lifecycle-20260706T045832.822659423Z-c4-real-task-0036,ipfs_add,true,70,1783313918815,2427,,false
2036,e6-lifecycle-20260706T045832.822659423Z-c4-real-task-0036,signed_posttask,true,2,1783313918885,0,QmPSKMPmcfaaWUAvL2tX88QhRRxXXC4SXnChDHzjSbwd8b,false
2037,e6-lifecycle-20260706T045832.822659423Z-c4-real-task-0036,signed_postallocation,true,1,1783313918887,0,QmPSKMPmcfaaWUAvL2tX88QhRRxXXC4SXnChDHzjSbwd8b,false
2038,e6-lifecycle-20260706T045832.822659423Z-c4-real-task-0036,signed_post_evalsnapshot,true,2,1783313918888,0,QmPSKMPmcfaaWUAvL2tX88QhRRxXXC4SXnChDHzjSbwd8b,false
2039,e6-lifecycle-20260706T045832.822659423Z-c4-real-task-0036,signed_vote1,true,3,1783313918890,0,QmPSKMPmcfaaWUAvL2tX88QhRRxXXC4SXnChDHzjSbwd8b,false
2040,e6-lifecycle-20260706T045832.822659423Z-c4-real-task-0036,signed_vote2,true,1,1783313918893,0,QmPSKMPmcfaaWUAvL2tX88QhRRxXXC4SXnChDHzjSbwd8b,false
2041,e6-lifecycle-20260706T045832.822659423Z-c4-real-task-0036,signed_settlement,true,1,1783313918894,0,QmPSKMPmcfaaWUAvL2tX88QhRRxXXC4SXnChDHzjSbwd8b,false
2042,e6-lifecycle-20260706T045832.822659423Z-c4-real-task-0036,signed_query_latest,true,0,1783313918896,0,QmPSKMPmcfaaWUAvL2tX88QhRRxXXC4SXnChDHzjSbwd8b,false
2043,e6-lifecycle-20260706T045832.822659423Z-c4-real-task-0036,ipfs_verify,true,12,1783313918896,0,QmPSKMPmcfaaWUAvL2tX88QhRRxXXC4SXnChDHzjSbwd8b,false
2044,e6-lifecycle-20260706T045832.822659423Z-c4-real-task-0037,ipfs_add,true,75,1783313918836,2773,,false
2045,e6-lifecycle-20260706T045832.822659423Z-c4-real-task-0037,signed_posttask,true,2,1783313918911,0,QmWmrqK7bzA1Pq5z5dsLEen6BZ5iPRNFNBXLJnZmr5J9ff,false
2046,e6-lifecycle-20260706T045832.822659423Z-c4-real-task-0037,signed_postallocation,true,2,1783313918913,0,QmWmrqK7bzA1Pq5z5dsLEen6BZ5iPRNFNBXLJnZmr5J9ff,false
2047,e6-lifecycle-20260706T045832.822659423Z-c4-real-task-0037,signed_post_evalsnapshot,true,2,1783313918915,0,QmWmrqK7bzA1Pq5z5dsLEen6BZ5iPRNFNBXLJnZmr5J9ff,false
2048,e6-lifecycle-20260706T045832.822659423Z-c4-real-task-0037,signed_vote1,true,2,1783313918917,0,QmWmrqK7bzA1Pq5z5dsLEen6BZ5iPRNFNBXLJnZmr5J9ff,false
2049,e6-lifecycle-20260706T045832.822659423Z-c4-real-task-0037,signed_vote2,true,1,1783313918919,0,QmWmrqK7bzA1Pq5z5dsLEen6BZ5iPRNFNBXLJnZmr5J9ff,false
2050,e6-lifecycle-20260706T045832.822659423Z-c4-real-task-0037,signed_settlement,true,2,1783313918920,0,QmWmrqK7bzA1Pq5z5dsLEen6BZ5iPRNFNBXLJnZmr5J9ff,false
2051,e6-lifecycle-20260706T045832.822659423Z-c4-real-task-0037,signed_query_latest,true,0,1783313918922,0,QmWmrqK7bzA1Pq5z5dsLEen6BZ5iPRNFNBXLJnZmr5J9ff,false
2052,e6-lifecycle-20260706T045832.822659423Z-c4-real-task-0038,ipfs_add,true,70,1783313918863,3829,,false
2053,e6-lifecycle-20260706T045832.822659423Z-c4-real-task-0037,ipfs_verify,true,12,1783313918922,0,QmWmrqK7bzA1Pq5z5dsLEen6BZ5iPRNFNBXLJnZmr5J9ff,false
2054,e6-lifecycle-20260706T045832.822659423Z-c4-real-task-0038,signed_posttask,true,2,1783313918933,0,QmUB51xuBaMCywUYGFiM9cTrnAhyjLu2J5jzTrZkY11kPF,false
2055,e6-lifecycle-20260706T045832.822659423Z-c4-real-task-0038,signed_postallocation,true,2,1783313918935,0,QmUB51xuBaMCywUYGFiM9cTrnAhyjLu2J5jzTrZkY11kPF,false
2056,e6-lifecycle-20260706T045832.822659423Z-c4-real-task-0038,signed_post_evalsnapshot,true,1,1783313918937,0,QmUB51xuBaMCywUYGFiM9cTrnAhyjLu2J5jzTrZkY11kPF,false
2057,e6-lifecycle-20260706T045832.822659423Z-c4-real-task-0038,signed_vote1,true,2,1783313918938,0,QmUB51xuBaMCywUYGFiM9cTrnAhyjLu2J5jzTrZkY11kPF,false
2058,e6-lifecycle-20260706T045832.822659423Z-c4-real-task-0038,signed_vote2,true,2,1783313918940,0,QmUB51xuBaMCywUYGFiM9cTrnAhyjLu2J5jzTrZkY11kPF,false
2059,e6-lifecycle-20260706T045832.822659423Z-c4-real-task-0038,signed_settlement,true,2,1783313918942,0,QmUB51xuBaMCywUYGFiM9cTrnAhyjLu2J5jzTrZkY11kPF,false
2060,e6-lifecycle-20260706T045832.822659423Z-c4-real-task-0038,signed_query_latest,true,0,1783313918944,0,QmUB51xuBaMCywUYGFiM9cTrnAhyjLu2J5jzTrZkY11kPF,false
2061,e6-lifecycle-20260706T045832.822659423Z-c4-real-task-0038,ipfs_verify,true,7,1783313918944,0,QmUB51xuBaMCywUYGFiM9cTrnAhyjLu2J5jzTrZkY11kPF,false
2062,e6-lifecycle-20260706T045832.822659423Z-c4-real-task-0039,ipfs_add,true,69,1783313918883,2185,,false
2063,e6-lifecycle-20260706T045832.822659423Z-c4-real-task-0039,signed_posttask,true,3,1783313918952,0,QmasU8pZpyfk1aUFRpicohvbDCx1eFRWjH9p29sHpDSiZZ,false
2064,e6-lifecycle-20260706T045832.822659423Z-c4-real-task-0039,signed_postallocation,true,1,1783313918955,0,QmasU8pZpyfk1aUFRpicohvbDCx1eFRWjH9p29sHpDSiZZ,false
2065,e6-lifecycle-20260706T045832.822659423Z-c4-real-task-0039,signed_post_evalsnapshot,true,1,1783313918957,0,QmasU8pZpyfk1aUFRpicohvbDCx1eFRWjH9p29sHpDSiZZ,false
2066,e6-lifecycle-20260706T045832.822659423Z-c4-real-task-0039,signed_vote1,true,2,1783313918958,0,QmasU8pZpyfk1aUFRpicohvbDCx1eFRWjH9p29sHpDSiZZ,false
2067,e6-lifecycle-20260706T045832.822659423Z-c4-real-task-0039,signed_vote2,true,2,1783313918960,0,QmasU8pZpyfk1aUFRpicohvbDCx1eFRWjH9p29sHpDSiZZ,false
2068,e6-lifecycle-20260706T045832.822659423Z-c4-real-task-0039,signed_settlement,true,1,1783313918962,0,QmasU8pZpyfk1aUFRpicohvbDCx1eFRWjH9p29sHpDSiZZ,false
2069,e6-lifecycle-20260706T045832.822659423Z-c4-real-task-0039,signed_query_latest,true,0,1783313918963,0,QmasU8pZpyfk1aUFRpicohvbDCx1eFRWjH9p29sHpDSiZZ,false
2070,e6-lifecycle-20260706T045832.822659423Z-c4-real-task-0039,ipfs_verify,true,8,1783313918963,0,QmasU8pZpyfk1aUFRpicohvbDCx1eFRWjH9p29sHpDSiZZ,false
2071,e6-lifecycle-20260706T045832.822659423Z-c4-real-task-0040,ipfs_add,true,63,1783313918908,1852,,false
2072,e6-lifecycle-20260706T045832.822659423Z-c4-real-task-0040,signed_posttask,true,2,1783313918971,0,Qme8h8cEVWXzKEmaj7rkRo9NHBoPXxWrTLcYQjWRpqrisB,false
2073,e6-lifecycle-20260706T045832.822659423Z-c4-real-task-0040,signed_postallocation,true,1,1783313918973,0,Qme8h8cEVWXzKEmaj7rkRo9NHBoPXxWrTLcYQjWRpqrisB,false
2074,e6-lifecycle-20260706T045832.822659423Z-c4-real-task-0040,signed_post_evalsnapshot,true,2,1783313918974,0,Qme8h8cEVWXzKEmaj7rkRo9NHBoPXxWrTLcYQjWRpqrisB,false
2075,e6-lifecycle-20260706T045832.822659423Z-c4-real-task-0040,signed_vote1,true,1,1783313918976,0,Qme8h8cEVWXzKEmaj7rkRo9NHBoPXxWrTLcYQjWRpqrisB,false
2076,e6-lifecycle-20260706T045832.822659423Z-c4-real-task-0040,signed_vote2,true,2,1783313918977,0,Qme8h8cEVWXzKEmaj7rkRo9NHBoPXxWrTLcYQjWRpqrisB,false
2077,e6-lifecycle-20260706T045832.822659423Z-c4-real-task-0040,signed_settlement,true,2,1783313918979,0,Qme8h8cEVWXzKEmaj7rkRo9NHBoPXxWrTLcYQjWRpqrisB,false
2078,e6-lifecycle-20260706T045832.822659423Z-c4-real-task-0040,signed_query_latest,true,0,1783313918981,0,Qme8h8cEVWXzKEmaj7rkRo9NHBoPXxWrTLcYQjWRpqrisB,false
2079,e6-lifecycle-20260706T045832.822659423Z-c4-real-task-0040,ipfs_verify,true,9,1783313918981,0,Qme8h8cEVWXzKEmaj7rkRo9NHBoPXxWrTLcYQjWRpqrisB,false
2080,e6-lifecycle-20260706T045832.822659423Z-c4-real-task-0041,ipfs_add,true,59,1783313918934,3950,,false
2081,e6-lifecycle-20260706T045832.822659423Z-c4-real-task-0041,signed_posttask,true,2,1783313918993,0,QmcFrzAGhrprmDxHPdunRd28u27YRTGcAAnGPSotWa75JU,false
2082,e6-lifecycle-20260706T045832.822659423Z-c4-real-task-0041,signed_postallocation,true,2,1783313918995,0,QmcFrzAGhrprmDxHPdunRd28u27YRTGcAAnGPSotWa75JU,false
2083,e6-lifecycle-20260706T045832.822659423Z-c4-real-task-0041,signed_post_evalsnapshot,true,2,1783313918997,0,QmcFrzAGhrprmDxHPdunRd28u27YRTGcAAnGPSotWa75JU,false
2084,e6-lifecycle-20260706T045832.822659423Z-c4-real-task-0041,signed_vote1,true,1,1783313918999,0,QmcFrzAGhrprmDxHPdunRd28u27YRTGcAAnGPSotWa75JU,false
2085,e6-lifecycle-20260706T045832.822659423Z-c4-real-task-0041,signed_vote2,true,2,1783313919000,0,QmcFrzAGhrprmDxHPdunRd28u27YRTGcAAnGPSotWa75JU,false
2086,e6-lifecycle-20260706T045832.822659423Z-c4-real-task-0041,signed_settlement,true,2,1783313919002,0,QmcFrzAGhrprmDxHPdunRd28u27YRTGcAAnGPSotWa75JU,false
2087,e6-lifecycle-20260706T045832.822659423Z-c4-real-task-0041,signed_query_latest,true,0,1783313919004,0,QmcFrzAGhrprmDxHPdunRd28u27YRTGcAAnGPSotWa75JU,false
2088,e6-lifecycle-20260706T045832.822659423Z-c4-real-task-0041,ipfs_verify,true,8,1783313919004,0,QmcFrzAGhrprmDxHPdunRd28u27YRTGcAAnGPSotWa75JU,false
2089,e6-lifecycle-20260706T045832.822659423Z-c4-real-task-0042,ipfs_add,true,63,1783313918951,4943,,false
2090,e6-lifecycle-20260706T045832.822659423Z-c4-real-task-0042,signed_posttask,true,2,1783313919014,0,QmZaKHLtuvdC3131ZMjSafgzCnFunsBDrKht7U6CRuhaDJ,false
2091,e6-lifecycle-20260706T045832.822659423Z-c4-real-task-0042,signed_postallocation,true,3,1783313919016,0,QmZaKHLtuvdC3131ZMjSafgzCnFunsBDrKht7U6CRuhaDJ,false
2092,e6-lifecycle-20260706T045832.822659423Z-c4-real-task-0042,signed_post_evalsnapshot,true,2,1783313919019,0,QmZaKHLtuvdC3131ZMjSafgzCnFunsBDrKht7U6CRuhaDJ,false
2093,e6-lifecycle-20260706T045832.822659423Z-c4-real-task-0042,signed_vote1,true,1,1783313919021,0,QmZaKHLtuvdC3131ZMjSafgzCnFunsBDrKht7U6CRuhaDJ,false
2094,e6-lifecycle-20260706T045832.822659423Z-c4-real-task-0042,signed_vote2,true,2,1783313919022,0,QmZaKHLtuvdC3131ZMjSafgzCnFunsBDrKht7U6CRuhaDJ,false
2095,e6-lifecycle-20260706T045832.822659423Z-c4-real-task-0042,signed_settlement,true,2,1783313919024,0,QmZaKHLtuvdC3131ZMjSafgzCnFunsBDrKht7U6CRuhaDJ,false
2096,e6-lifecycle-20260706T045832.822659423Z-c4-real-task-0042,signed_query_latest,true,0,1783313919026,0,QmZaKHLtuvdC3131ZMjSafgzCnFunsBDrKht7U6CRuhaDJ,false
2097,e6-lifecycle-20260706T045832.822659423Z-c4-real-task-0042,ipfs_verify,true,8,1783313919026,0,QmZaKHLtuvdC3131ZMjSafgzCnFunsBDrKht7U6CRuhaDJ,false
2098,e6-lifecycle-20260706T045832.822659423Z-c4-real-task-0043,ipfs_add,true,64,1783313918971,4365,,false
2099,e6-lifecycle-20260706T045832.822659423Z-c4-real-task-0043,signed_posttask,true,7,1783313919035,0,QmNyUP9PxhaGNgSe7A4vos9UdtKrgujw25dFezkghCHMSN,false
2100,e6-lifecycle-20260706T045832.822659423Z-c4-real-task-0043,signed_postallocation,true,2,1783313919042,0,QmNyUP9PxhaGNgSe7A4vos9UdtKrgujw25dFezkghCHMSN,false
2101,e6-lifecycle-20260706T045832.822659423Z-c4-real-task-0043,signed_post_evalsnapshot,true,1,1783313919044,0,QmNyUP9PxhaGNgSe7A4vos9UdtKrgujw25dFezkghCHMSN,false
2102,e6-lifecycle-20260706T045832.822659423Z-c4-real-task-0043,signed_vote1,true,2,1783313919045,0,QmNyUP9PxhaGNgSe7A4vos9UdtKrgujw25dFezkghCHMSN,false
2103,e6-lifecycle-20260706T045832.822659423Z-c4-real-task-0043,signed_vote2,true,2,1783313919047,0,QmNyUP9PxhaGNgSe7A4vos9UdtKrgujw25dFezkghCHMSN,false
2104,e6-lifecycle-20260706T045832.822659423Z-c4-real-task-0043,signed_settlement,true,2,1783313919049,0,QmNyUP9PxhaGNgSe7A4vos9UdtKrgujw25dFezkghCHMSN,false
2105,e6-lifecycle-20260706T045832.822659423Z-c4-real-task-0043,signed_query_latest,true,0,1783313919051,0,QmNyUP9PxhaGNgSe7A4vos9UdtKrgujw25dFezkghCHMSN,false
2106,e6-lifecycle-20260706T045832.822659423Z-c4-real-task-0043,ipfs_verify,true,7,1783313919051,0,QmNyUP9PxhaGNgSe7A4vos9UdtKrgujw25dFezkghCHMSN,false
2107,e6-lifecycle-20260706T045832.822659423Z-c4-real-task-0044,ipfs_add,true,69,1783313918990,1996,,false
2108,e6-lifecycle-20260706T045832.822659423Z-c4-real-task-0044,signed_posttask,true,2,1783313919059,0,QmRdq27qE1F3dGzbT9p9PnePh4D88Nw3KFAmJZ2C7W4jcT,false
2109,e6-lifecycle-20260706T045832.822659423Z-c4-real-task-0044,signed_postallocation,true,2,1783313919061,0,QmRdq27qE1F3dGzbT9p9PnePh4D88Nw3KFAmJZ2C7W4jcT,false
2110,e6-lifecycle-20260706T045832.822659423Z-c4-real-task-0044,signed_post_evalsnapshot,true,2,1783313919063,0,QmRdq27qE1F3dGzbT9p9PnePh4D88Nw3KFAmJZ2C7W4jcT,false
2111,e6-lifecycle-20260706T045832.822659423Z-c4-real-task-0044,signed_vote1,true,3,1783313919065,0,QmRdq27qE1F3dGzbT9p9PnePh4D88Nw3KFAmJZ2C7W4jcT,false
2112,e6-lifecycle-20260706T045832.822659423Z-c4-real-task-0044,signed_vote2,true,2,1783313919068,0,QmRdq27qE1F3dGzbT9p9PnePh4D88Nw3KFAmJZ2C7W4jcT,false
2113,e6-lifecycle-20260706T045832.822659423Z-c4-real-task-0044,signed_settlement,true,2,1783313919070,0,QmRdq27qE1F3dGzbT9p9PnePh4D88Nw3KFAmJZ2C7W4jcT,false
2114,e6-lifecycle-20260706T045832.822659423Z-c4-real-task-0044,signed_query_latest,true,0,1783313919072,0,QmRdq27qE1F3dGzbT9p9PnePh4D88Nw3KFAmJZ2C7W4jcT,false
2115,e6-lifecycle-20260706T045832.822659423Z-c4-real-task-0044,ipfs_verify,true,7,1783313919072,0,QmRdq27qE1F3dGzbT9p9PnePh4D88Nw3KFAmJZ2C7W4jcT,false
2116,e6-lifecycle-20260706T045832.822659423Z-c4-real-task-0045,ipfs_add,true,67,1783313919012,2595,,false
2117,e6-lifecycle-20260706T045832.822659423Z-c4-real-task-0045,signed_posttask,true,2,1783313919079,0,QmfZqW6816xBeSRuQN3KqApyKbwjb4f3u87p8veGLitLQh,false
2118,e6-lifecycle-20260706T045832.822659423Z-c4-real-task-0045,signed_postallocation,true,1,1783313919081,0,QmfZqW6816xBeSRuQN3KqApyKbwjb4f3u87p8veGLitLQh,false
2119,e6-lifecycle-20260706T045832.822659423Z-c4-real-task-0045,signed_post_evalsnapshot,true,2,1783313919082,0,QmfZqW6816xBeSRuQN3KqApyKbwjb4f3u87p8veGLitLQh,false
2120,e6-lifecycle-20260706T045832.822659423Z-c4-real-task-0045,signed_vote1,true,2,1783313919084,0,QmfZqW6816xBeSRuQN3KqApyKbwjb4f3u87p8veGLitLQh,false
2121,e6-lifecycle-20260706T045832.822659423Z-c4-real-task-0045,signed_vote2,true,2,1783313919086,0,QmfZqW6816xBeSRuQN3KqApyKbwjb4f3u87p8veGLitLQh,false
2122,e6-lifecycle-20260706T045832.822659423Z-c4-real-task-0045,signed_settlement,true,1,1783313919088,0,QmfZqW6816xBeSRuQN3KqApyKbwjb4f3u87p8veGLitLQh,false
2123,e6-lifecycle-20260706T045832.822659423Z-c4-real-task-0045,signed_query_latest,true,0,1783313919089,0,QmfZqW6816xBeSRuQN3KqApyKbwjb4f3u87p8veGLitLQh,false
2124,e6-lifecycle-20260706T045832.822659423Z-c4-real-task-0045,ipfs_verify,true,7,1783313919089,0,QmfZqW6816xBeSRuQN3KqApyKbwjb4f3u87p8veGLitLQh,false
2125,e6-lifecycle-20260706T045832.822659423Z-c4-real-task-0054,ipfs_add,true,65,1783313919034,5229,,false
2126,e6-lifecycle-20260706T045832.822659423Z-c4-real-task-0054,signed_posttask,true,3,1783313919099,0,QmPnCtNRFcwQFtC6bqhKn6Lncju1wDzgW5MAzMVD7Hqnio,false
2127,e6-lifecycle-20260706T045832.822659423Z-c4-real-task-0054,signed_postallocation,true,3,1783313919102,0,QmPnCtNRFcwQFtC6bqhKn6Lncju1wDzgW5MAzMVD7Hqnio,false
2128,e6-lifecycle-20260706T045832.822659423Z-c4-real-task-0054,signed_post_evalsnapshot,true,1,1783313919105,0,QmPnCtNRFcwQFtC6bqhKn6Lncju1wDzgW5MAzMVD7Hqnio,false
2129,e6-lifecycle-20260706T045832.822659423Z-c4-real-task-0054,signed_vote1,true,2,1783313919106,0,QmPnCtNRFcwQFtC6bqhKn6Lncju1wDzgW5MAzMVD7Hqnio,false
2130,e6-lifecycle-20260706T045832.822659423Z-c4-real-task-0054,signed_vote2,true,2,1783313919108,0,QmPnCtNRFcwQFtC6bqhKn6Lncju1wDzgW5MAzMVD7Hqnio,false
2131,e6-lifecycle-20260706T045832.822659423Z-c4-real-task-0054,signed_settlement,true,1,1783313919110,0,QmPnCtNRFcwQFtC6bqhKn6Lncju1wDzgW5MAzMVD7Hqnio,false
2132,e6-lifecycle-20260706T045832.822659423Z-c4-real-task-0054,signed_query_latest,true,0,1783313919111,0,QmPnCtNRFcwQFtC6bqhKn6Lncju1wDzgW5MAzMVD7Hqnio,false
2133,e6-lifecycle-20260706T045832.822659423Z-c4-real-task-0054,ipfs_verify,true,7,1783313919111,0,QmPnCtNRFcwQFtC6bqhKn6Lncju1wDzgW5MAzMVD7Hqnio,false
2134,e6-lifecycle-20260706T045832.822659423Z-c4-real-task-0048,ipfs_add,true,59,1783313919079,6584,,false
2135,e6-lifecycle-20260706T045832.822659423Z-c4-real-task-0048,signed_posttask,true,3,1783313919138,0,QmZxwAc5vt22wSQ5mT8jRWQr3tdyJrTwAGgotYvEjWf3wN,false
2136,e6-lifecycle-20260706T045832.822659423Z-c4-real-task-0048,signed_postallocation,true,1,1783313919141,0,QmZxwAc5vt22wSQ5mT8jRWQr3tdyJrTwAGgotYvEjWf3wN,false
2137,e6-lifecycle-20260706T045832.822659423Z-c4-real-task-0048,signed_post_evalsnapshot,true,2,1783313919142,0,QmZxwAc5vt22wSQ5mT8jRWQr3tdyJrTwAGgotYvEjWf3wN,false
2138,e6-lifecycle-20260706T045832.822659423Z-c4-real-task-0048,signed_vote1,true,2,1783313919144,0,QmZxwAc5vt22wSQ5mT8jRWQr3tdyJrTwAGgotYvEjWf3wN,false
2139,e6-lifecycle-20260706T045832.822659423Z-c4-real-task-0048,signed_vote2,true,2,1783313919146,0,QmZxwAc5vt22wSQ5mT8jRWQr3tdyJrTwAGgotYvEjWf3wN,false
2140,e6-lifecycle-20260706T045832.822659423Z-c4-real-task-0048,signed_settlement,true,2,1783313919148,0,QmZxwAc5vt22wSQ5mT8jRWQr3tdyJrTwAGgotYvEjWf3wN,false
2141,e6-lifecycle-20260706T045832.822659423Z-c4-real-task-0048,signed_query_latest,true,0,1783313919150,0,QmZxwAc5vt22wSQ5mT8jRWQr3tdyJrTwAGgotYvEjWf3wN,false
2142,e6-lifecycle-20260706T045832.822659423Z-c4-real-task-0048,ipfs_verify,true,9,1783313919150,0,QmZxwAc5vt22wSQ5mT8jRWQr3tdyJrTwAGgotYvEjWf3wN,false
2143,e6-lifecycle-20260706T045832.822659423Z-c4-real-task-0047,ipfs_add,true,101,1783313919058,4867,,false
2144,e6-lifecycle-20260706T045832.822659423Z-c4-real-task-0049,ipfs_add,true,64,1783313919097,1811,,false
2145,e6-lifecycle-20260706T045832.822659423Z-c4-real-task-0047,signed_posttask,true,2,1783313919159,0,QmeV2Nyd6AXfLrfL94BuWtPhgFx2BQKzDFrxvN5H5wGM4v,false
2146,e6-lifecycle-20260706T045832.822659423Z-c4-real-task-0047,signed_postallocation,true,2,1783313919161,0,QmeV2Nyd6AXfLrfL94BuWtPhgFx2BQKzDFrxvN5H5wGM4v,false
2147,e6-lifecycle-20260706T045832.822659423Z-c4-real-task-0047,signed_post_evalsnapshot,true,2,1783313919163,0,QmeV2Nyd6AXfLrfL94BuWtPhgFx2BQKzDFrxvN5H5wGM4v,false
2148,e6-lifecycle-20260706T045832.822659423Z-c4-real-task-0049,signed_posttask,true,6,1783313919161,0,Qme9dPNL59uRhU5hx2jyKbBdCPqBgF1krPA6WvcCYu8eVf,false
2149,e6-lifecycle-20260706T045832.822659423Z-c4-real-task-0049,signed_postallocation,true,2,1783313919167,0,Qme9dPNL59uRhU5hx2jyKbBdCPqBgF1krPA6WvcCYu8eVf,false
2150,e6-lifecycle-20260706T045832.822659423Z-c4-real-task-0047,signed_vote1,true,6,1783313919165,0,QmeV2Nyd6AXfLrfL94BuWtPhgFx2BQKzDFrxvN5H5wGM4v,false
2151,e6-lifecycle-20260706T045832.822659423Z-c4-real-task-0047,signed_vote2,true,2,1783313919171,0,QmeV2Nyd6AXfLrfL94BuWtPhgFx2BQKzDFrxvN5H5wGM4v,false
2152,e6-lifecycle-20260706T045832.822659423Z-c4-real-task-0049,signed_post_evalsnapshot,true,7,1783313919169,0,Qme9dPNL59uRhU5hx2jyKbBdCPqBgF1krPA6WvcCYu8eVf,false
2153,e6-lifecycle-20260706T045832.822659423Z-c4-real-task-0049,signed_vote1,true,2,1783313919176,0,Qme9dPNL59uRhU5hx2jyKbBdCPqBgF1krPA6WvcCYu8eVf,false
2154,e6-lifecycle-20260706T045832.822659423Z-c4-real-task-0047,signed_settlement,true,7,1783313919173,0,QmeV2Nyd6AXfLrfL94BuWtPhgFx2BQKzDFrxvN5H5wGM4v,false
2155,e6-lifecycle-20260706T045832.822659423Z-c4-real-task-0047,signed_query_latest,true,0,1783313919180,0,QmeV2Nyd6AXfLrfL94BuWtPhgFx2BQKzDFrxvN5H5wGM4v,false
2156,e6-lifecycle-20260706T045832.822659423Z-c4-real-task-0049,signed_vote2,true,4,1783313919178,0,Qme9dPNL59uRhU5hx2jyKbBdCPqBgF1krPA6WvcCYu8eVf,false
2157,e6-lifecycle-20260706T045832.822659423Z-c4-real-task-0049,signed_settlement,true,2,1783313919182,0,Qme9dPNL59uRhU5hx2jyKbBdCPqBgF1krPA6WvcCYu8eVf,false
2158,e6-lifecycle-20260706T045832.822659423Z-c4-real-task-0049,signed_query_latest,true,0,1783313919184,0,Qme9dPNL59uRhU5hx2jyKbBdCPqBgF1krPA6WvcCYu8eVf,false
2159,e6-lifecycle-20260706T045832.822659423Z-c4-real-task-0050,ipfs_add,true,69,1783313919118,1999,,false
2160,e6-lifecycle-20260706T045832.822659423Z-c4-real-task-0050,signed_posttask,true,2,1783313919187,0,QmdV6Xsz9DDJaY4mD6E1omWqFwV485nsfcNWmZWMizL9Jc,false
2161,e6-lifecycle-20260706T045832.822659423Z-c4-real-task-0047,ipfs_verify,true,10,1783313919180,0,QmeV2Nyd6AXfLrfL94BuWtPhgFx2BQKzDFrxvN5H5wGM4v,false
2162,e6-lifecycle-20260706T045832.822659423Z-c4-real-task-0050,signed_postallocation,true,2,1783313919189,0,QmdV6Xsz9DDJaY4mD6E1omWqFwV485nsfcNWmZWMizL9Jc,false
2163,e6-lifecycle-20260706T045832.822659423Z-c4-real-task-0049,ipfs_verify,true,8,1783313919184,0,Qme9dPNL59uRhU5hx2jyKbBdCPqBgF1krPA6WvcCYu8eVf,false
2164,e6-lifecycle-20260706T045832.822659423Z-c4-real-task-0050,signed_post_evalsnapshot,true,2,1783313919191,0,QmdV6Xsz9DDJaY4mD6E1omWqFwV485nsfcNWmZWMizL9Jc,false
2165,e6-lifecycle-20260706T045832.822659423Z-c4-real-task-0050,signed_vote1,true,2,1783313919193,0,QmdV6Xsz9DDJaY4mD6E1omWqFwV485nsfcNWmZWMizL9Jc,false
2166,e6-lifecycle-20260706T045832.822659423Z-c4-real-task-0050,signed_vote2,true,2,1783313919195,0,QmdV6Xsz9DDJaY4mD6E1omWqFwV485nsfcNWmZWMizL9Jc,false
2167,e6-lifecycle-20260706T045832.822659423Z-c4-real-task-0050,signed_settlement,true,1,1783313919197,0,QmdV6Xsz9DDJaY4mD6E1omWqFwV485nsfcNWmZWMizL9Jc,false
2168,e6-lifecycle-20260706T045832.822659423Z-c4-real-task-0050,signed_query_latest,true,0,1783313919198,0,QmdV6Xsz9DDJaY4mD6E1omWqFwV485nsfcNWmZWMizL9Jc,false
2169,e6-lifecycle-20260706T045832.822659423Z-c4-real-task-0050,ipfs_verify,true,10,1783313919198,0,QmdV6Xsz9DDJaY4mD6E1omWqFwV485nsfcNWmZWMizL9Jc,false
2170,e6-lifecycle-20260706T045832.822659423Z-c4-real-task-0051,ipfs_add,true,49,1783313919159,3763,,false
2171,e6-lifecycle-20260706T045832.822659423Z-c4-real-task-0051,signed_posttask,true,2,1783313919208,0,QmTGsXsSojSBkAHS2R8QsjK4DdKDvRJKAvmLyhxkyrWAi1,false
2172,e6-lifecycle-20260706T045832.822659423Z-c4-real-task-0051,signed_postallocation,true,1,1783313919210,0,QmTGsXsSojSBkAHS2R8QsjK4DdKDvRJKAvmLyhxkyrWAi1,false
2173,e6-lifecycle-20260706T045832.822659423Z-c4-real-task-0051,signed_post_evalsnapshot,true,2,1783313919211,0,QmTGsXsSojSBkAHS2R8QsjK4DdKDvRJKAvmLyhxkyrWAi1,false
2174,e6-lifecycle-20260706T045832.822659423Z-c4-real-task-0051,signed_vote1,true,2,1783313919213,0,QmTGsXsSojSBkAHS2R8QsjK4DdKDvRJKAvmLyhxkyrWAi1,false
2175,e6-lifecycle-20260706T045832.822659423Z-c4-real-task-0051,signed_vote2,true,2,1783313919215,0,QmTGsXsSojSBkAHS2R8QsjK4DdKDvRJKAvmLyhxkyrWAi1,false
2176,e6-lifecycle-20260706T045832.822659423Z-c4-real-task-0051,signed_settlement,true,2,1783313919217,0,QmTGsXsSojSBkAHS2R8QsjK4DdKDvRJKAvmLyhxkyrWAi1,false
2177,e6-lifecycle-20260706T045832.822659423Z-c4-real-task-0051,signed_query_latest,true,0,1783313919219,0,QmTGsXsSojSBkAHS2R8QsjK4DdKDvRJKAvmLyhxkyrWAi1,false
2178,e6-lifecycle-20260706T045832.822659423Z-c4-real-task-0051,ipfs_verify,true,6,1783313919219,0,QmTGsXsSojSBkAHS2R8QsjK4DdKDvRJKAvmLyhxkyrWAi1,false
2179,e6-lifecycle-20260706T045832.822659423Z-c4-real-task-0052,ipfs_add,true,38,1783313919190,3794,,false
2180,e6-lifecycle-20260706T045832.822659423Z-c4-real-task-0052,signed_posttask,true,2,1783313919228,0,Qmbhf75a6jKFm6r3n83e1TgGA1Jv3MZMWPn5DZ6DAQKRGx,false
2181,e6-lifecycle-20260706T045832.822659423Z-c4-real-task-0052,signed_postallocation,true,2,1783313919230,0,Qmbhf75a6jKFm6r3n83e1TgGA1Jv3MZMWPn5DZ6DAQKRGx,false
2182,e6-lifecycle-20260706T045832.822659423Z-c4-real-task-0052,signed_post_evalsnapshot,true,2,1783313919232,0,Qmbhf75a6jKFm6r3n83e1TgGA1Jv3MZMWPn5DZ6DAQKRGx,false
2183,e6-lifecycle-20260706T045832.822659423Z-c4-real-task-0052,signed_vote1,true,2,1783313919234,0,Qmbhf75a6jKFm6r3n83e1TgGA1Jv3MZMWPn5DZ6DAQKRGx,false
2184,e6-lifecycle-20260706T045832.822659423Z-c4-real-task-0052,signed_vote2,true,2,1783313919236,0,Qmbhf75a6jKFm6r3n83e1TgGA1Jv3MZMWPn5DZ6DAQKRGx,false
2185,e6-lifecycle-20260706T045832.822659423Z-c4-real-task-0052,signed_settlement,true,2,1783313919238,0,Qmbhf75a6jKFm6r3n83e1TgGA1Jv3MZMWPn5DZ6DAQKRGx,false
2186,e6-lifecycle-20260706T045832.822659423Z-c4-real-task-0052,signed_query_latest,true,0,1783313919240,0,Qmbhf75a6jKFm6r3n83e1TgGA1Jv3MZMWPn5DZ6DAQKRGx,false
2187,e6-lifecycle-20260706T045832.822659423Z-c4-real-task-0052,ipfs_verify,true,11,1783313919240,0,Qmbhf75a6jKFm6r3n83e1TgGA1Jv3MZMWPn5DZ6DAQKRGx,false
2188,e6-lifecycle-20260706T045832.822659423Z-c4-real-task-0053,ipfs_add,true,62,1783313919192,4728,,false
2189,e6-lifecycle-20260706T045832.822659423Z-c4-real-task-0053,signed_posttask,true,1,1783313919254,0,QmQhmCX3uicZrhvWeBbc6PdBzun14HpniDh8sPFQzpyV9X,false
2190,e6-lifecycle-20260706T045832.822659423Z-c4-real-task-0053,signed_postallocation,true,2,1783313919255,0,QmQhmCX3uicZrhvWeBbc6PdBzun14HpniDh8sPFQzpyV9X,false
2191,e6-lifecycle-20260706T045832.822659423Z-c4-real-task-0053,signed_post_evalsnapshot,true,5,1783313919257,0,QmQhmCX3uicZrhvWeBbc6PdBzun14HpniDh8sPFQzpyV9X,false
2192,e6-lifecycle-20260706T045832.822659423Z-c4-real-task-0053,signed_vote1,true,2,1783313919262,0,QmQhmCX3uicZrhvWeBbc6PdBzun14HpniDh8sPFQzpyV9X,false
2193,e6-lifecycle-20260706T045832.822659423Z-c4-real-task-0053,signed_vote2,true,2,1783313919264,0,QmQhmCX3uicZrhvWeBbc6PdBzun14HpniDh8sPFQzpyV9X,false
2194,e6-lifecycle-20260706T045832.822659423Z-c4-real-task-0053,signed_settlement,true,1,1783313919266,0,QmQhmCX3uicZrhvWeBbc6PdBzun14HpniDh8sPFQzpyV9X,false
2195,e6-lifecycle-20260706T045832.822659423Z-c4-real-task-0053,signed_query_latest,true,0,1783313919267,0,QmQhmCX3uicZrhvWeBbc6PdBzun14HpniDh8sPFQzpyV9X,false
2196,e6-lifecycle-20260706T045832.822659423Z-c4-real-task-0053,ipfs_verify,true,10,1783313919267,0,QmQhmCX3uicZrhvWeBbc6PdBzun14HpniDh8sPFQzpyV9X,false
2197,e6-lifecycle-20260706T045832.822659423Z-c4-real-task-0253,ipfs_add,true,71,1783313919208,2993,,false
2198,e6-lifecycle-20260706T045832.822659423Z-c4-real-task-0253,signed_posttask,true,1,1783313919279,0,QmU6GWKSsXJ8p8tB8vPkjDBspe6KHsKQiKg2i4XDbpW64S,false
2199,e6-lifecycle-20260706T045832.822659423Z-c4-real-task-0253,signed_postallocation,true,2,1783313919280,0,QmU6GWKSsXJ8p8tB8vPkjDBspe6KHsKQiKg2i4XDbpW64S,false
2200,e6-lifecycle-20260706T045832.822659423Z-c4-real-task-0253,signed_post_evalsnapshot,true,2,1783313919282,0,QmU6GWKSsXJ8p8tB8vPkjDBspe6KHsKQiKg2i4XDbpW64S,false
2201,e6-lifecycle-20260706T045832.822659423Z-c4-real-task-0253,signed_vote1,true,2,1783313919284,0,QmU6GWKSsXJ8p8tB8vPkjDBspe6KHsKQiKg2i4XDbpW64S,false
2202,e6-lifecycle-20260706T045832.822659423Z-c4-real-task-0253,signed_vote2,true,2,1783313919286,0,QmU6GWKSsXJ8p8tB8vPkjDBspe6KHsKQiKg2i4XDbpW64S,false
2203,e6-lifecycle-20260706T045832.822659423Z-c4-real-task-0253,signed_settlement,true,2,1783313919288,0,QmU6GWKSsXJ8p8tB8vPkjDBspe6KHsKQiKg2i4XDbpW64S,false
2204,e6-lifecycle-20260706T045832.822659423Z-c4-real-task-0253,signed_query_latest,true,0,1783313919290,0,QmU6GWKSsXJ8p8tB8vPkjDBspe6KHsKQiKg2i4XDbpW64S,false
2205,e6-lifecycle-20260706T045832.822659423Z-c4-real-task-0252,ipfs_add,true,76,1783313919226,2362,,false
2206,e6-lifecycle-20260706T045832.822659423Z-c4-real-task-0252,signed_posttask,true,2,1783313919302,0,QmSPWZE8QTcLPVYdwtzz4Jdbw1i2rDGXNp1NbNXG6cAtWU,false
2207,e6-lifecycle-20260706T045832.822659423Z-c4-real-task-0253,ipfs_verify,true,15,1783313919290,0,QmU6GWKSsXJ8p8tB8vPkjDBspe6KHsKQiKg2i4XDbpW64S,false
2208,e6-lifecycle-20260706T045832.822659423Z-c4-real-task-0252,signed_postallocation,true,2,1783313919304,0,QmSPWZE8QTcLPVYdwtzz4Jdbw1i2rDGXNp1NbNXG6cAtWU,false
2209,e6-lifecycle-20260706T045832.822659423Z-c4-real-task-0252,signed_post_evalsnapshot,true,2,1783313919306,0,QmSPWZE8QTcLPVYdwtzz4Jdbw1i2rDGXNp1NbNXG6cAtWU,false
2210,e6-lifecycle-20260706T045832.822659423Z-c4-real-task-0252,signed_vote1,true,2,1783313919308,0,QmSPWZE8QTcLPVYdwtzz4Jdbw1i2rDGXNp1NbNXG6cAtWU,false
2211,e6-lifecycle-20260706T045832.822659423Z-c4-real-task-0252,signed_vote2,true,2,1783313919310,0,QmSPWZE8QTcLPVYdwtzz4Jdbw1i2rDGXNp1NbNXG6cAtWU,false
2212,e6-lifecycle-20260706T045832.822659423Z-c4-real-task-0252,signed_settlement,true,2,1783313919312,0,QmSPWZE8QTcLPVYdwtzz4Jdbw1i2rDGXNp1NbNXG6cAtWU,false
2213,e6-lifecycle-20260706T045832.822659423Z-c4-real-task-0252,signed_query_latest,true,0,1783313919314,0,QmSPWZE8QTcLPVYdwtzz4Jdbw1i2rDGXNp1NbNXG6cAtWU,false
2214,e6-lifecycle-20260706T045832.822659423Z-c4-real-task-0252,ipfs_verify,true,13,1783313919314,0,QmSPWZE8QTcLPVYdwtzz4Jdbw1i2rDGXNp1NbNXG6cAtWU,false
2215,e6-lifecycle-20260706T045832.822659423Z-c4-real-task-0204,ipfs_add,true,85,1783313919251,3115,,false
2216,e6-lifecycle-20260706T045832.822659423Z-c4-real-task-0204,signed_posttask,true,1,1783313919336,0,QmT17R388wMj8koQenucVuHVy5XiFPC6auRTn2sDFmDkQF,false
2217,e6-lifecycle-20260706T045832.822659423Z-c4-real-task-0204,signed_postallocation,true,3,1783313919337,0,QmT17R388wMj8koQenucVuHVy5XiFPC6auRTn2sDFmDkQF,false
2218,e6-lifecycle-20260706T045832.822659423Z-c4-real-task-0204,signed_post_evalsnapshot,true,2,1783313919340,0,QmT17R388wMj8koQenucVuHVy5XiFPC6auRTn2sDFmDkQF,false
2219,e6-lifecycle-20260706T045832.822659423Z-c4-real-task-0204,signed_vote1,true,1,1783313919342,0,QmT17R388wMj8koQenucVuHVy5XiFPC6auRTn2sDFmDkQF,false
2220,e6-lifecycle-20260706T045832.822659423Z-c4-real-task-0204,signed_vote2,true,2,1783313919343,0,QmT17R388wMj8koQenucVuHVy5XiFPC6auRTn2sDFmDkQF,false
2221,e6-lifecycle-20260706T045832.822659423Z-c4-real-task-0204,signed_settlement,true,2,1783313919345,0,QmT17R388wMj8koQenucVuHVy5XiFPC6auRTn2sDFmDkQF,false
2222,e6-lifecycle-20260706T045832.822659423Z-c4-real-task-0204,signed_query_latest,true,0,1783313919347,0,QmT17R388wMj8koQenucVuHVy5XiFPC6auRTn2sDFmDkQF,false
2223,e6-lifecycle-20260706T045832.822659423Z-c4-real-task-0204,ipfs_verify,true,10,1783313919347,0,QmT17R388wMj8koQenucVuHVy5XiFPC6auRTn2sDFmDkQF,false
2224,e6-lifecycle-20260706T045832.822659423Z-c4-real-task-0058,ipfs_add,true,84,1783313919277,2250,,false
2225,e6-lifecycle-20260706T045832.822659423Z-c4-real-task-0058,signed_posttask,true,2,1783313919361,0,QmXUCNGHMpTciMXWytGi2sfx8616VuyyUoqZa3oAtvFoDt,false
2226,e6-lifecycle-20260706T045832.822659423Z-c4-real-task-0058,signed_postallocation,true,2,1783313919363,0,QmXUCNGHMpTciMXWytGi2sfx8616VuyyUoqZa3oAtvFoDt,false
2227,e6-lifecycle-20260706T045832.822659423Z-c4-real-task-0058,signed_post_evalsnapshot,true,1,1783313919365,0,QmXUCNGHMpTciMXWytGi2sfx8616VuyyUoqZa3oAtvFoDt,false
2228,e6-lifecycle-20260706T045832.822659423Z-c4-real-task-0058,signed_vote1,true,2,1783313919366,0,QmXUCNGHMpTciMXWytGi2sfx8616VuyyUoqZa3oAtvFoDt,false
2229,e6-lifecycle-20260706T045832.822659423Z-c4-real-task-0058,signed_vote2,true,1,1783313919368,0,QmXUCNGHMpTciMXWytGi2sfx8616VuyyUoqZa3oAtvFoDt,false
2230,e6-lifecycle-20260706T045832.822659423Z-c4-real-task-0058,signed_settlement,true,2,1783313919369,0,QmXUCNGHMpTciMXWytGi2sfx8616VuyyUoqZa3oAtvFoDt,false
2231,e6-lifecycle-20260706T045832.822659423Z-c4-real-task-0058,signed_query_latest,true,0,1783313919371,0,QmXUCNGHMpTciMXWytGi2sfx8616VuyyUoqZa3oAtvFoDt,false
2232,e6-lifecycle-20260706T045832.822659423Z-c4-real-task-0058,ipfs_verify,true,8,1783313919371,0,QmXUCNGHMpTciMXWytGi2sfx8616VuyyUoqZa3oAtvFoDt,false
2233,e6-lifecycle-20260706T045832.822659423Z-c4-real-task-0055,ipfs_add,true,74,1783313919305,3299,,false
2234,e6-lifecycle-20260706T045832.822659423Z-c4-real-task-0055,signed_posttask,true,2,1783313919379,0,QmafKJifZc1XAPwnCM3rfjeY8ycoRWBTEzRKJWmaz2X2pf,false
2235,e6-lifecycle-20260706T045832.822659423Z-c4-real-task-0055,signed_postallocation,true,2,1783313919381,0,QmafKJifZc1XAPwnCM3rfjeY8ycoRWBTEzRKJWmaz2X2pf,false
2236,e6-lifecycle-20260706T045832.822659423Z-c4-real-task-0055,signed_post_evalsnapshot,true,1,1783313919383,0,QmafKJifZc1XAPwnCM3rfjeY8ycoRWBTEzRKJWmaz2X2pf,false
2237,e6-lifecycle-20260706T045832.822659423Z-c4-real-task-0055,signed_vote1,true,2,1783313919384,0,QmafKJifZc1XAPwnCM3rfjeY8ycoRWBTEzRKJWmaz2X2pf,false
2238,e6-lifecycle-20260706T045832.822659423Z-c4-real-task-0055,signed_vote2,true,2,1783313919386,0,QmafKJifZc1XAPwnCM3rfjeY8ycoRWBTEzRKJWmaz2X2pf,false
2239,e6-lifecycle-20260706T045832.822659423Z-c4-real-task-0055,signed_settlement,true,1,1783313919388,0,QmafKJifZc1XAPwnCM3rfjeY8ycoRWBTEzRKJWmaz2X2pf,false
2240,e6-lifecycle-20260706T045832.822659423Z-c4-real-task-0055,signed_query_latest,true,0,1783313919389,0,QmafKJifZc1XAPwnCM3rfjeY8ycoRWBTEzRKJWmaz2X2pf,false
2241,e6-lifecycle-20260706T045832.822659423Z-c4-real-task-0055,ipfs_verify,true,9,1783313919389,0,QmafKJifZc1XAPwnCM3rfjeY8ycoRWBTEzRKJWmaz2X2pf,false
2242,e6-lifecycle-20260706T045832.822659423Z-c4-real-task-0056,ipfs_add,true,73,1783313919327,4022,,false
2243,e6-lifecycle-20260706T045832.822659423Z-c4-real-task-0056,signed_posttask,true,2,1783313919400,0,QmZ7pYazDS7aTNmx4r1RUas5pautaRbk4VUrw59C2XLkhW,false
2244,e6-lifecycle-20260706T045832.822659423Z-c4-real-task-0056,signed_postallocation,true,1,1783313919402,0,QmZ7pYazDS7aTNmx4r1RUas5pautaRbk4VUrw59C2XLkhW,false
2245,e6-lifecycle-20260706T045832.822659423Z-c4-real-task-0056,signed_post_evalsnapshot,true,2,1783313919403,0,QmZ7pYazDS7aTNmx4r1RUas5pautaRbk4VUrw59C2XLkhW,false
2246,e6-lifecycle-20260706T045832.822659423Z-c4-real-task-0056,signed_vote1,true,2,1783313919405,0,QmZ7pYazDS7aTNmx4r1RUas5pautaRbk4VUrw59C2XLkhW,false
2247,e6-lifecycle-20260706T045832.822659423Z-c4-real-task-0056,signed_vote2,true,1,1783313919407,0,QmZ7pYazDS7aTNmx4r1RUas5pautaRbk4VUrw59C2XLkhW,false
2248,e6-lifecycle-20260706T045832.822659423Z-c4-real-task-0056,signed_settlement,true,2,1783313919408,0,QmZ7pYazDS7aTNmx4r1RUas5pautaRbk4VUrw59C2XLkhW,false
2249,e6-lifecycle-20260706T045832.822659423Z-c4-real-task-0056,signed_query_latest,true,0,1783313919410,0,QmZ7pYazDS7aTNmx4r1RUas5pautaRbk4VUrw59C2XLkhW,false
2250,e6-lifecycle-20260706T045832.822659423Z-c4-real-task-0056,ipfs_verify,true,8,1783313919410,0,QmZ7pYazDS7aTNmx4r1RUas5pautaRbk4VUrw59C2XLkhW,false
2251,e6-lifecycle-20260706T045832.822659423Z-c4-real-task-0057,ipfs_add,true,68,1783313919357,1961,,false
2252,e6-lifecycle-20260706T045832.822659423Z-c4-real-task-0057,signed_posttask,true,2,1783313919425,0,QmXe2mVbUwjU9upyR6EUuSfmWPVCsUJ2XbjviLk1VWsWi5,false
2253,e6-lifecycle-20260706T045832.822659423Z-c4-real-task-0057,signed_postallocation,true,2,1783313919427,0,QmXe2mVbUwjU9upyR6EUuSfmWPVCsUJ2XbjviLk1VWsWi5,false
2254,e6-lifecycle-20260706T045832.822659423Z-c4-real-task-0057,signed_post_evalsnapshot,true,1,1783313919429,0,QmXe2mVbUwjU9upyR6EUuSfmWPVCsUJ2XbjviLk1VWsWi5,false
2255,e6-lifecycle-20260706T045832.822659423Z-c4-real-task-0057,signed_vote1,true,2,1783313919430,0,QmXe2mVbUwjU9upyR6EUuSfmWPVCsUJ2XbjviLk1VWsWi5,false
2256,e6-lifecycle-20260706T045832.822659423Z-c4-real-task-0057,signed_vote2,true,2,1783313919432,0,QmXe2mVbUwjU9upyR6EUuSfmWPVCsUJ2XbjviLk1VWsWi5,false
2257,e6-lifecycle-20260706T045832.822659423Z-c4-real-task-0057,signed_settlement,true,2,1783313919434,0,QmXe2mVbUwjU9upyR6EUuSfmWPVCsUJ2XbjviLk1VWsWi5,false
2258,e6-lifecycle-20260706T045832.822659423Z-c4-real-task-0057,signed_query_latest,true,0,1783313919436,0,QmXe2mVbUwjU9upyR6EUuSfmWPVCsUJ2XbjviLk1VWsWi5,false
2259,e6-lifecycle-20260706T045832.822659423Z-c4-real-task-0057,ipfs_verify,true,8,1783313919436,0,QmXe2mVbUwjU9upyR6EUuSfmWPVCsUJ2XbjviLk1VWsWi5,false
2260,e6-lifecycle-20260706T045832.822659423Z-c4-real-task-0205,ipfs_add,true,66,1783313919379,2139,,false
2261,e6-lifecycle-20260706T045832.822659423Z-c4-real-task-0205,signed_posttask,true,2,1783313919445,0,QmUUFnwdCbT48nkPpC4zLFD1bWTmkmSZxRTWRwZWU44JUW,false
2262,e6-lifecycle-20260706T045832.822659423Z-c4-real-task-0205,signed_postallocation,true,2,1783313919447,0,QmUUFnwdCbT48nkPpC4zLFD1bWTmkmSZxRTWRwZWU44JUW,false
2263,e6-lifecycle-20260706T045832.822659423Z-c4-real-task-0205,signed_post_evalsnapshot,true,1,1783313919449,0,QmUUFnwdCbT48nkPpC4zLFD1bWTmkmSZxRTWRwZWU44JUW,false
2264,e6-lifecycle-20260706T045832.822659423Z-c4-real-task-0205,signed_vote1,true,2,1783313919450,0,QmUUFnwdCbT48nkPpC4zLFD1bWTmkmSZxRTWRwZWU44JUW,false
2265,e6-lifecycle-20260706T045832.822659423Z-c4-real-task-0205,signed_vote2,true,1,1783313919452,0,QmUUFnwdCbT48nkPpC4zLFD1bWTmkmSZxRTWRwZWU44JUW,false
2266,e6-lifecycle-20260706T045832.822659423Z-c4-real-task-0205,signed_settlement,true,2,1783313919453,0,QmUUFnwdCbT48nkPpC4zLFD1bWTmkmSZxRTWRwZWU44JUW,false
2267,e6-lifecycle-20260706T045832.822659423Z-c4-real-task-0205,signed_query_latest,true,0,1783313919455,0,QmUUFnwdCbT48nkPpC4zLFD1bWTmkmSZxRTWRwZWU44JUW,false
2268,e6-lifecycle-20260706T045832.822659423Z-c4-real-task-0205,ipfs_verify,true,8,1783313919455,0,QmUUFnwdCbT48nkPpC4zLFD1bWTmkmSZxRTWRwZWU44JUW,false
2269,e6-lifecycle-20260706T045832.822659423Z-c4-real-task-0254,ipfs_add,true,67,1783313919398,1295,,false
2270,e6-lifecycle-20260706T045832.822659423Z-c4-real-task-0254,signed_posttask,true,1,1783313919465,0,QmNNK1VZwQQrsmt9689RK9RnXVSmh5jmJ6wJxbnwquT91z,false
2271,e6-lifecycle-20260706T045832.822659423Z-c4-real-task-0254,signed_postallocation,true,2,1783313919466,0,QmNNK1VZwQQrsmt9689RK9RnXVSmh5jmJ6wJxbnwquT91z,false
2272,e6-lifecycle-20260706T045832.822659423Z-c4-real-task-0254,signed_post_evalsnapshot,true,2,1783313919468,0,QmNNK1VZwQQrsmt9689RK9RnXVSmh5jmJ6wJxbnwquT91z,false
2273,e6-lifecycle-20260706T045832.822659423Z-c4-real-task-0254,signed_vote1,true,2,1783313919470,0,QmNNK1VZwQQrsmt9689RK9RnXVSmh5jmJ6wJxbnwquT91z,false
2274,e6-lifecycle-20260706T045832.822659423Z-c4-real-task-0254,signed_vote2,true,1,1783313919472,0,QmNNK1VZwQQrsmt9689RK9RnXVSmh5jmJ6wJxbnwquT91z,false
2275,e6-lifecycle-20260706T045832.822659423Z-c4-real-task-0254,signed_settlement,true,2,1783313919473,0,QmNNK1VZwQQrsmt9689RK9RnXVSmh5jmJ6wJxbnwquT91z,false
2276,e6-lifecycle-20260706T045832.822659423Z-c4-real-task-0254,signed_query_latest,true,0,1783313919475,0,QmNNK1VZwQQrsmt9689RK9RnXVSmh5jmJ6wJxbnwquT91z,false
2277,e6-lifecycle-20260706T045832.822659423Z-c4-real-task-0254,ipfs_verify,true,9,1783313919475,0,QmNNK1VZwQQrsmt9689RK9RnXVSmh5jmJ6wJxbnwquT91z,false
2278,e6-lifecycle-20260706T045832.822659423Z-c4-real-task-0060,ipfs_add,true,71,1783313919418,5935,,false
2279,e6-lifecycle-20260706T045832.822659423Z-c4-real-task-0060,signed_posttask,true,2,1783313919489,0,QmNcgtQQTiKYTTZfgDnKUurGta1J2EPad8N1cioGFFfEnj,false
2280,e6-lifecycle-20260706T045832.822659423Z-c4-real-task-0060,signed_postallocation,true,2,1783313919491,0,QmNcgtQQTiKYTTZfgDnKUurGta1J2EPad8N1cioGFFfEnj,false
2281,e6-lifecycle-20260706T045832.822659423Z-c4-real-task-0060,signed_post_evalsnapshot,true,2,1783313919493,0,QmNcgtQQTiKYTTZfgDnKUurGta1J2EPad8N1cioGFFfEnj,false
2282,e6-lifecycle-20260706T045832.822659423Z-c4-real-task-0060,signed_vote1,true,2,1783313919495,0,QmNcgtQQTiKYTTZfgDnKUurGta1J2EPad8N1cioGFFfEnj,false
2283,e6-lifecycle-20260706T045832.822659423Z-c4-real-task-0060,signed_vote2,true,2,1783313919497,0,QmNcgtQQTiKYTTZfgDnKUurGta1J2EPad8N1cioGFFfEnj,false
2284,e6-lifecycle-20260706T045832.822659423Z-c4-real-task-0060,signed_settlement,true,2,1783313919499,0,QmNcgtQQTiKYTTZfgDnKUurGta1J2EPad8N1cioGFFfEnj,false
2285,e6-lifecycle-20260706T045832.822659423Z-c4-real-task-0060,signed_query_latest,true,0,1783313919501,0,QmNcgtQQTiKYTTZfgDnKUurGta1J2EPad8N1cioGFFfEnj,false
2286,e6-lifecycle-20260706T045832.822659423Z-c4-real-task-0059,ipfs_add,true,64,1783313919444,4487,,false
2287,e6-lifecycle-20260706T045832.822659423Z-c4-real-task-0060,ipfs_verify,true,7,1783313919501,0,QmNcgtQQTiKYTTZfgDnKUurGta1J2EPad8N1cioGFFfEnj,false
2288,e6-lifecycle-20260706T045832.822659423Z-c4-real-task-0059,signed_posttask,true,2,1783313919508,0,QmPBEGhSk6VvenSUj3Vr6bj3gHyXAjWBknK2erA4F3iiDo,false
2289,e6-lifecycle-20260706T045832.822659423Z-c4-real-task-0059,signed_postallocation,true,1,1783313919510,0,QmPBEGhSk6VvenSUj3Vr6bj3gHyXAjWBknK2erA4F3iiDo,false
2290,e6-lifecycle-20260706T045832.822659423Z-c4-real-task-0059,signed_post_evalsnapshot,true,3,1783313919511,0,QmPBEGhSk6VvenSUj3Vr6bj3gHyXAjWBknK2erA4F3iiDo,false
2291,e6-lifecycle-20260706T045832.822659423Z-c4-real-task-0059,signed_vote1,true,2,1783313919514,0,QmPBEGhSk6VvenSUj3Vr6bj3gHyXAjWBknK2erA4F3iiDo,false
2292,e6-lifecycle-20260706T045832.822659423Z-c4-real-task-0059,signed_vote2,true,1,1783313919516,0,QmPBEGhSk6VvenSUj3Vr6bj3gHyXAjWBknK2erA4F3iiDo,false
2293,e6-lifecycle-20260706T045832.822659423Z-c4-real-task-0059,signed_settlement,true,2,1783313919517,0,QmPBEGhSk6VvenSUj3Vr6bj3gHyXAjWBknK2erA4F3iiDo,false
2294,e6-lifecycle-20260706T045832.822659423Z-c4-real-task-0059,signed_query_latest,true,0,1783313919519,0,QmPBEGhSk6VvenSUj3Vr6bj3gHyXAjWBknK2erA4F3iiDo,false
2295,e6-lifecycle-20260706T045832.822659423Z-c4-real-task-0059,ipfs_verify,true,8,1783313919519,0,QmPBEGhSk6VvenSUj3Vr6bj3gHyXAjWBknK2erA4F3iiDo,false
2296,e6-lifecycle-20260706T045832.822659423Z-c4-real-task-0061,ipfs_add,true,64,1783313919463,5946,,false
2297,e6-lifecycle-20260706T045832.822659423Z-c4-real-task-0061,signed_posttask,true,2,1783313919527,0,QmZznbE6Q8qgJZM6zko75Z5kysY6RRAzfTKYtPEykpkpaT,false
2298,e6-lifecycle-20260706T045832.822659423Z-c4-real-task-0061,signed_postallocation,true,1,1783313919529,0,QmZznbE6Q8qgJZM6zko75Z5kysY6RRAzfTKYtPEykpkpaT,false
2299,e6-lifecycle-20260706T045832.822659423Z-c4-real-task-0061,signed_post_evalsnapshot,true,2,1783313919530,0,QmZznbE6Q8qgJZM6zko75Z5kysY6RRAzfTKYtPEykpkpaT,false
2300,e6-lifecycle-20260706T045832.822659423Z-c4-real-task-0061,signed_vote1,true,1,1783313919532,0,QmZznbE6Q8qgJZM6zko75Z5kysY6RRAzfTKYtPEykpkpaT,false
2301,e6-lifecycle-20260706T045832.822659423Z-c4-real-task-0061,signed_vote2,true,2,1783313919533,0,QmZznbE6Q8qgJZM6zko75Z5kysY6RRAzfTKYtPEykpkpaT,false
2302,e6-lifecycle-20260706T045832.822659423Z-c4-real-task-0061,signed_settlement,true,2,1783313919535,0,QmZznbE6Q8qgJZM6zko75Z5kysY6RRAzfTKYtPEykpkpaT,false
2303,e6-lifecycle-20260706T045832.822659423Z-c4-real-task-0061,signed_query_latest,true,0,1783313919537,0,QmZznbE6Q8qgJZM6zko75Z5kysY6RRAzfTKYtPEykpkpaT,false
2304,e6-lifecycle-20260706T045832.822659423Z-c4-real-task-0061,ipfs_verify,true,8,1783313919537,0,QmZznbE6Q8qgJZM6zko75Z5kysY6RRAzfTKYtPEykpkpaT,false
2305,e6-lifecycle-20260706T045832.822659423Z-c4-real-task-0206,ipfs_add,true,63,1783313919484,5535,,false
2306,e6-lifecycle-20260706T045832.822659423Z-c4-real-task-0206,signed_posttask,true,2,1783313919547,0,QmQXv6YSFiLLxg9uat8XZ1hkWrZyU2221cre3jpTXuS7mT,false
2307,e6-lifecycle-20260706T045832.822659423Z-c4-real-task-0206,signed_postallocation,true,1,1783313919549,0,QmQXv6YSFiLLxg9uat8XZ1hkWrZyU2221cre3jpTXuS7mT,false
2308,e6-lifecycle-20260706T045832.822659423Z-c4-real-task-0206,signed_post_evalsnapshot,true,2,1783313919550,0,QmQXv6YSFiLLxg9uat8XZ1hkWrZyU2221cre3jpTXuS7mT,false
2309,e6-lifecycle-20260706T045832.822659423Z-c4-real-task-0206,signed_vote1,true,1,1783313919552,0,QmQXv6YSFiLLxg9uat8XZ1hkWrZyU2221cre3jpTXuS7mT,false
2310,e6-lifecycle-20260706T045832.822659423Z-c4-real-task-0206,signed_vote2,true,1,1783313919553,0,QmQXv6YSFiLLxg9uat8XZ1hkWrZyU2221cre3jpTXuS7mT,false
2311,e6-lifecycle-20260706T045832.822659423Z-c4-real-task-0206,signed_settlement,true,2,1783313919554,0,QmQXv6YSFiLLxg9uat8XZ1hkWrZyU2221cre3jpTXuS7mT,false
2312,e6-lifecycle-20260706T045832.822659423Z-c4-real-task-0206,signed_query_latest,true,0,1783313919556,0,QmQXv6YSFiLLxg9uat8XZ1hkWrZyU2221cre3jpTXuS7mT,false
2313,e6-lifecycle-20260706T045832.822659423Z-c4-real-task-0206,ipfs_verify,true,9,1783313919556,0,QmQXv6YSFiLLxg9uat8XZ1hkWrZyU2221cre3jpTXuS7mT,false
