seq,task_id,op,success,latency_ms,started_at_ms,bytes_sent,cid,warmup
1,e6-lifecycle-20260705T173237.406901391Z-c4-real-warmup-0000,ipfs_add,true,52,1783272757424,2041,,true
2,e6-lifecycle-20260705T173237.406901391Z-c4-real-warmup-0000,signed_posttask,true,2,1783272757476,0,QmZpceyXD65orbHnVn4w3sPB8ea42LnxKYXnQkqH8QFV8f,true
3,e6-lifecycle-20260705T173237.406901391Z-c4-real-warmup-0000,signed_postallocation,true,2,1783272757478,0,QmZpceyXD65orbHnVn4w3sPB8ea42LnxKYXnQkqH8QFV8f,true
4,e6-lifecycle-20260705T173237.406901391Z-c4-real-warmup-0000,signed_post_evalsnapshot,true,3,1783272757480,0,QmZpceyXD65orbHnVn4w3sPB8ea42LnxKYXnQkqH8QFV8f,true
5,e6-lifecycle-20260705T173237.406901391Z-c4-real-warmup-0000,signed_vote1,true,2,1783272757483,0,QmZpceyXD65orbHnVn4w3sPB8ea42LnxKYXnQkqH8QFV8f,true
6,e6-lifecycle-20260705T173237.406901391Z-c4-real-warmup-0000,signed_vote2,true,1,1783272757485,0,QmZpceyXD65orbHnVn4w3sPB8ea42LnxKYXnQkqH8QFV8f,true
7,e6-lifecycle-20260705T173237.406901391Z-c4-real-warmup-0000,signed_settlement,true,2,1783272757486,0,QmZpceyXD65orbHnVn4w3sPB8ea42LnxKYXnQkqH8QFV8f,true
8,e6-lifecycle-20260705T173237.406901391Z-c4-real-warmup-0000,signed_query_latest,true,0,1783272757488,0,QmZpceyXD65orbHnVn4w3sPB8ea42LnxKYXnQkqH8QFV8f,true
9,e6-lifecycle-20260705T173237.406901391Z-c4-real-warmup-0000,ipfs_verify,true,9,1783272757488,0,QmZpceyXD65orbHnVn4w3sPB8ea42LnxKYXnQkqH8QFV8f,true
10,e6-lifecycle-20260705T173237.406901391Z-c4-real-task-0095,ipfs_add,true,28,1783272757506,1666,,false
11,e6-lifecycle-20260705T173237.406901391Z-c4-real-task-0095,signed_posttask,true,4,1783272757534,0,QmdSd9pjj1twsznRx6uZJeXFdtGiEY3Nn6QmQrPgRMBbaZ,false
12,e6-lifecycle-20260705T173237.406901391Z-c4-real-task-0095,signed_postallocation,true,2,1783272757538,0,QmdSd9pjj1twsznRx6uZJeXFdtGiEY3Nn6QmQrPgRMBbaZ,false
13,e6-lifecycle-20260705T173237.406901391Z-c4-real-task-0095,signed_post_evalsnapshot,true,1,1783272757540,0,QmdSd9pjj1twsznRx6uZJeXFdtGiEY3Nn6QmQrPgRMBbaZ,false
14,e6-lifecycle-20260705T173237.406901391Z-c4-real-task-0095,signed_vote1,true,2,1783272757541,0,QmdSd9pjj1twsznRx6uZJeXFdtGiEY3Nn6QmQrPgRMBbaZ,false
15,e6-lifecycle-20260705T173237.406901391Z-c4-real-task-0095,signed_vote2,true,2,1783272757543,0,QmdSd9pjj1twsznRx6uZJeXFdtGiEY3Nn6QmQrPgRMBbaZ,false
16,e6-lifecycle-20260705T173237.406901391Z-c4-real-task-0095,signed_settlement,true,1,1783272757545,0,QmdSd9pjj1twsznRx6uZJeXFdtGiEY3Nn6QmQrPgRMBbaZ,false
17,e6-lifecycle-20260705T173237.406901391Z-c4-real-task-0095,signed_query_latest,true,0,1783272757546,0,QmdSd9pjj1twsznRx6uZJeXFdtGiEY3Nn6QmQrPgRMBbaZ,false
18,e6-lifecycle-20260705T173237.406901391Z-c4-real-task-0000,ipfs_add,true,47,1783272757506,2041,,false
19,e6-lifecycle-20260705T173237.406901391Z-c4-real-task-0095,ipfs_verify,true,8,1783272757546,0,QmdSd9pjj1twsznRx6uZJeXFdtGiEY3Nn6QmQrPgRMBbaZ,false
20,e6-lifecycle-20260705T173237.406901391Z-c4-real-task-0000,signed_posttask,true,5,1783272757553,0,QmZpceyXD65orbHnVn4w3sPB8ea42LnxKYXnQkqH8QFV8f,false
21,e6-lifecycle-20260705T173237.406901391Z-c4-real-task-0000,signed_postallocation,true,2,1783272757558,0,QmZpceyXD65orbHnVn4w3sPB8ea42LnxKYXnQkqH8QFV8f,false
22,e6-lifecycle-20260705T173237.406901391Z-c4-real-task-0000,signed_post_evalsnapshot,true,1,1783272757560,0,QmZpceyXD65orbHnVn4w3sPB8ea42LnxKYXnQkqH8QFV8f,false
23,e6-lifecycle-20260705T173237.406901391Z-c4-real-task-0000,signed_vote1,true,2,1783272757561,0,QmZpceyXD65orbHnVn4w3sPB8ea42LnxKYXnQkqH8QFV8f,false
24,e6-lifecycle-20260705T173237.406901391Z-c4-real-task-0000,signed_vote2,true,2,1783272757563,0,QmZpceyXD65orbHnVn4w3sPB8ea42LnxKYXnQkqH8QFV8f,false
25,e6-lifecycle-20260705T173237.406901391Z-c4-real-task-0000,signed_settlement,true,2,1783272757565,0,QmZpceyXD65orbHnVn4w3sPB8ea42LnxKYXnQkqH8QFV8f,false
26,e6-lifecycle-20260705T173237.406901391Z-c4-real-task-0000,signed_query_latest,true,0,1783272757567,0,QmZpceyXD65orbHnVn4w3sPB8ea42LnxKYXnQkqH8QFV8f,false
27,e6-lifecycle-20260705T173237.406901391Z-c4-real-task-0001,ipfs_add,true,68,1783272757506,1691,,false
28,e6-lifecycle-20260705T173237.406901391Z-c4-real-task-0000,ipfs_verify,true,8,1783272757567,0,QmZpceyXD65orbHnVn4w3sPB8ea42LnxKYXnQkqH8QFV8f,false
29,e6-lifecycle-20260705T173237.406901391Z-c4-real-task-0001,signed_posttask,true,2,1783272757574,0,QmWLjQroE5HFCEHpAAXxtDJw9HMkY6m5xMyNL3BCoktNFe,false
30,e6-lifecycle-20260705T173237.406901391Z-c4-real-task-0001,signed_postallocation,true,2,1783272757576,0,QmWLjQroE5HFCEHpAAXxtDJw9HMkY6m5xMyNL3BCoktNFe,false
31,e6-lifecycle-20260705T173237.406901391Z-c4-real-task-0001,signed_post_evalsnapshot,true,2,1783272757578,0,QmWLjQroE5HFCEHpAAXxtDJw9HMkY6m5xMyNL3BCoktNFe,false
32,e6-lifecycle-20260705T173237.406901391Z-c4-real-task-0001,signed_vote1,true,1,1783272757580,0,QmWLjQroE5HFCEHpAAXxtDJw9HMkY6m5xMyNL3BCoktNFe,false
33,e6-lifecycle-20260705T173237.406901391Z-c4-real-task-0001,signed_vote2,true,2,1783272757581,0,QmWLjQroE5HFCEHpAAXxtDJw9HMkY6m5xMyNL3BCoktNFe,false
34,e6-lifecycle-20260705T173237.406901391Z-c4-real-task-0001,signed_settlement,true,2,1783272757583,0,QmWLjQroE5HFCEHpAAXxtDJw9HMkY6m5xMyNL3BCoktNFe,false
35,e6-lifecycle-20260705T173237.406901391Z-c4-real-task-0001,signed_query_latest,true,0,1783272757585,0,QmWLjQroE5HFCEHpAAXxtDJw9HMkY6m5xMyNL3BCoktNFe,false
36,e6-lifecycle-20260705T173237.406901391Z-c4-real-task-0001,ipfs_verify,true,7,1783272757585,0,QmWLjQroE5HFCEHpAAXxtDJw9HMkY6m5xMyNL3BCoktNFe,false
37,e6-lifecycle-20260705T173237.406901391Z-c4-real-task-0058,ipfs_add,true,95,1783272757506,2250,,false
38,e6-lifecycle-20260705T173237.406901391Z-c4-real-task-0058,signed_posttask,true,1,1783272757601,0,QmXUCNGHMpTciMXWytGi2sfx8616VuyyUoqZa3oAtvFoDt,false
39,e6-lifecycle-20260705T173237.406901391Z-c4-real-task-0058,signed_postallocation,true,2,1783272757602,0,QmXUCNGHMpTciMXWytGi2sfx8616VuyyUoqZa3oAtvFoDt,false
40,e6-lifecycle-20260705T173237.406901391Z-c4-real-task-0058,signed_post_evalsnapshot,true,2,1783272757604,0,QmXUCNGHMpTciMXWytGi2sfx8616VuyyUoqZa3oAtvFoDt,false
41,e6-lifecycle-20260705T173237.406901391Z-c4-real-task-0058,signed_vote1,true,2,1783272757606,0,QmXUCNGHMpTciMXWytGi2sfx8616VuyyUoqZa3oAtvFoDt,false
42,e6-lifecycle-20260705T173237.406901391Z-c4-real-task-0058,signed_vote2,true,2,1783272757608,0,QmXUCNGHMpTciMXWytGi2sfx8616VuyyUoqZa3oAtvFoDt,false
43,e6-lifecycle-20260705T173237.406901391Z-c4-real-task-0058,signed_settlement,true,1,1783272757610,0,QmXUCNGHMpTciMXWytGi2sfx8616VuyyUoqZa3oAtvFoDt,false
44,e6-lifecycle-20260705T173237.406901391Z-c4-real-task-0058,signed_query_latest,true,0,1783272757611,0,QmXUCNGHMpTciMXWytGi2sfx8616VuyyUoqZa3oAtvFoDt,false
45,e6-lifecycle-20260705T173237.406901391Z-c4-real-task-0058,ipfs_verify,true,7,1783272757611,0,QmXUCNGHMpTciMXWytGi2sfx8616VuyyUoqZa3oAtvFoDt,false
46,e6-lifecycle-20260705T173237.406901391Z-c4-real-task-0255,ipfs_add,true,67,1783272757554,1650,,false
47,e6-lifecycle-20260705T173237.406901391Z-c4-real-task-0255,signed_posttask,true,2,1783272757621,0,QmShJ7kpkti4YE6UAoU3vGkK7ayqB2qDgXzzhbDE3arDFM,false
48,e6-lifecycle-20260705T173237.406901391Z-c4-real-task-0255,signed_postallocation,true,2,1783272757623,0,QmShJ7kpkti4YE6UAoU3vGkK7ayqB2qDgXzzhbDE3arDFM,false
49,e6-lifecycle-20260705T173237.406901391Z-c4-real-task-0255,signed_post_evalsnapshot,true,2,1783272757625,0,QmShJ7kpkti4YE6UAoU3vGkK7ayqB2qDgXzzhbDE3arDFM,false
50,e6-lifecycle-20260705T173237.406901391Z-c4-real-task-0255,signed_vote1,true,2,1783272757627,0,QmShJ7kpkti4YE6UAoU3vGkK7ayqB2qDgXzzhbDE3arDFM,false
51,e6-lifecycle-20260705T173237.406901391Z-c4-real-task-0255,signed_vote2,true,2,1783272757629,0,QmShJ7kpkti4YE6UAoU3vGkK7ayqB2qDgXzzhbDE3arDFM,false
52,e6-lifecycle-20260705T173237.406901391Z-c4-real-task-0255,signed_settlement,true,2,1783272757631,0,QmShJ7kpkti4YE6UAoU3vGkK7ayqB2qDgXzzhbDE3arDFM,false
53,e6-lifecycle-20260705T173237.406901391Z-c4-real-task-0255,signed_query_latest,true,0,1783272757633,0,QmShJ7kpkti4YE6UAoU3vGkK7ayqB2qDgXzzhbDE3arDFM,false
54,e6-lifecycle-20260705T173237.406901391Z-c4-real-task-0255,ipfs_verify,true,7,1783272757633,0,QmShJ7kpkti4YE6UAoU3vGkK7ayqB2qDgXzzhbDE3arDFM,false
55,e6-lifecycle-20260705T173237.406901391Z-c4-real-task-0096,ipfs_add,true,66,1783272757575,2843,,false
56,e6-lifecycle-20260705T173237.406901391Z-c4-real-task-0096,signed_posttask,true,1,1783272757641,0,QmXpJ5kFWD2okXAFe7urToABtqXCCNvN8itRWAGfao9xTz,false
57,e6-lifecycle-20260705T173237.406901391Z-c4-real-task-0096,signed_postallocation,true,2,1783272757642,0,QmXpJ5kFWD2okXAFe7urToABtqXCCNvN8itRWAGfao9xTz,false
58,e6-lifecycle-20260705T173237.406901391Z-c4-real-task-0096,signed_post_evalsnapshot,true,1,1783272757644,0,QmXpJ5kFWD2okXAFe7urToABtqXCCNvN8itRWAGfao9xTz,false
59,e6-lifecycle-20260705T173237.406901391Z-c4-real-task-0096,signed_vote1,true,2,1783272757645,0,QmXpJ5kFWD2okXAFe7urToABtqXCCNvN8itRWAGfao9xTz,false
60,e6-lifecycle-20260705T173237.406901391Z-c4-real-task-0096,signed_vote2,true,2,1783272757647,0,QmXpJ5kFWD2okXAFe7urToABtqXCCNvN8itRWAGfao9xTz,false
61,e6-lifecycle-20260705T173237.406901391Z-c4-real-task-0096,signed_settlement,true,2,1783272757649,0,QmXpJ5kFWD2okXAFe7urToABtqXCCNvN8itRWAGfao9xTz,false
62,e6-lifecycle-20260705T173237.406901391Z-c4-real-task-0096,signed_query_latest,true,0,1783272757651,0,QmXpJ5kFWD2okXAFe7urToABtqXCCNvN8itRWAGfao9xTz,false
63,e6-lifecycle-20260705T173237.406901391Z-c4-real-task-0096,ipfs_verify,true,7,1783272757651,0,QmXpJ5kFWD2okXAFe7urToABtqXCCNvN8itRWAGfao9xTz,false
64,e6-lifecycle-20260705T173237.406901391Z-c4-real-task-0097,ipfs_add,true,68,1783272757592,1649,,false
65,e6-lifecycle-20260705T173237.406901391Z-c4-real-task-0097,signed_posttask,true,2,1783272757661,0,QmNX4bEbwRABibt5cFrusp6rKpTF22Q825H2qa5P9Az1hz,false
66,e6-lifecycle-20260705T173237.406901391Z-c4-real-task-0097,signed_postallocation,true,2,1783272757663,0,QmNX4bEbwRABibt5cFrusp6rKpTF22Q825H2qa5P9Az1hz,false
67,e6-lifecycle-20260705T173237.406901391Z-c4-real-task-0097,signed_post_evalsnapshot,true,1,1783272757665,0,QmNX4bEbwRABibt5cFrusp6rKpTF22Q825H2qa5P9Az1hz,false
68,e6-lifecycle-20260705T173237.406901391Z-c4-real-task-0097,signed_vote1,true,2,1783272757666,0,QmNX4bEbwRABibt5cFrusp6rKpTF22Q825H2qa5P9Az1hz,false
69,e6-lifecycle-20260705T173237.406901391Z-c4-real-task-0097,signed_vote2,true,1,1783272757668,0,QmNX4bEbwRABibt5cFrusp6rKpTF22Q825H2qa5P9Az1hz,false
70,e6-lifecycle-20260705T173237.406901391Z-c4-real-task-0097,signed_settlement,true,2,1783272757669,0,QmNX4bEbwRABibt5cFrusp6rKpTF22Q825H2qa5P9Az1hz,false
71,e6-lifecycle-20260705T173237.406901391Z-c4-real-task-0097,signed_query_latest,true,0,1783272757671,0,QmNX4bEbwRABibt5cFrusp6rKpTF22Q825H2qa5P9Az1hz,false
72,e6-lifecycle-20260705T173237.406901391Z-c4-real-task-0097,ipfs_verify,true,7,1783272757671,0,QmNX4bEbwRABibt5cFrusp6rKpTF22Q825H2qa5P9Az1hz,false
73,e6-lifecycle-20260705T173237.406901391Z-c4-real-task-0098,ipfs_add,true,61,1783272757618,3590,,false
74,e6-lifecycle-20260705T173237.406901391Z-c4-real-task-0098,signed_posttask,true,2,1783272757680,0,QmZoaRAf2gEWbEjnaUCHcSduuDsYzeHrLqzszhQ2ULKfVV,false
75,e6-lifecycle-20260705T173237.406901391Z-c4-real-task-0098,signed_postallocation,true,2,1783272757682,0,QmZoaRAf2gEWbEjnaUCHcSduuDsYzeHrLqzszhQ2ULKfVV,false
76,e6-lifecycle-20260705T173237.406901391Z-c4-real-task-0098,signed_post_evalsnapshot,true,1,1783272757684,0,QmZoaRAf2gEWbEjnaUCHcSduuDsYzeHrLqzszhQ2ULKfVV,false
77,e6-lifecycle-20260705T173237.406901391Z-c4-real-task-0098,signed_vote1,true,2,1783272757685,0,QmZoaRAf2gEWbEjnaUCHcSduuDsYzeHrLqzszhQ2ULKfVV,false
78,e6-lifecycle-20260705T173237.406901391Z-c4-real-task-0098,signed_vote2,true,1,1783272757687,0,QmZoaRAf2gEWbEjnaUCHcSduuDsYzeHrLqzszhQ2ULKfVV,false
79,e6-lifecycle-20260705T173237.406901391Z-c4-real-task-0098,signed_settlement,true,2,1783272757688,0,QmZoaRAf2gEWbEjnaUCHcSduuDsYzeHrLqzszhQ2ULKfVV,false
80,e6-lifecycle-20260705T173237.406901391Z-c4-real-task-0098,signed_query_latest,true,0,1783272757690,0,QmZoaRAf2gEWbEjnaUCHcSduuDsYzeHrLqzszhQ2ULKfVV,false
81,e6-lifecycle-20260705T173237.406901391Z-c4-real-task-0098,ipfs_verify,true,6,1783272757690,0,QmZoaRAf2gEWbEjnaUCHcSduuDsYzeHrLqzszhQ2ULKfVV,false
82,e6-lifecycle-20260705T173237.406901391Z-c4-real-task-0099,ipfs_add,true,58,1783272757640,3207,,false
83,e6-lifecycle-20260705T173237.406901391Z-c4-real-task-0099,signed_posttask,true,2,1783272757698,0,QmUeEY5ZMsLVq5hCKHXEbov76UeSbY3avaFYh4SXuXhhrw,false
84,e6-lifecycle-20260705T173237.406901391Z-c4-real-task-0099,signed_postallocation,true,2,1783272757700,0,QmUeEY5ZMsLVq5hCKHXEbov76UeSbY3avaFYh4SXuXhhrw,false
85,e6-lifecycle-20260705T173237.406901391Z-c4-real-task-0099,signed_post_evalsnapshot,true,2,1783272757702,0,QmUeEY5ZMsLVq5hCKHXEbov76UeSbY3avaFYh4SXuXhhrw,false
86,e6-lifecycle-20260705T173237.406901391Z-c4-real-task-0099,signed_vote1,true,2,1783272757704,0,QmUeEY5ZMsLVq5hCKHXEbov76UeSbY3avaFYh4SXuXhhrw,false
87,e6-lifecycle-20260705T173237.406901391Z-c4-real-task-0099,signed_vote2,true,2,1783272757706,0,QmUeEY5ZMsLVq5hCKHXEbov76UeSbY3avaFYh4SXuXhhrw,false
88,e6-lifecycle-20260705T173237.406901391Z-c4-real-task-0099,signed_settlement,true,2,1783272757708,0,QmUeEY5ZMsLVq5hCKHXEbov76UeSbY3avaFYh4SXuXhhrw,false
89,e6-lifecycle-20260705T173237.406901391Z-c4-real-task-0099,signed_query_latest,true,0,1783272757710,0,QmUeEY5ZMsLVq5hCKHXEbov76UeSbY3avaFYh4SXuXhhrw,false
90,e6-lifecycle-20260705T173237.406901391Z-c4-real-task-0099,ipfs_verify,true,6,1783272757710,0,QmUeEY5ZMsLVq5hCKHXEbov76UeSbY3avaFYh4SXuXhhrw,false
91,e6-lifecycle-20260705T173237.406901391Z-c4-real-task-0100,ipfs_add,true,58,1783272757658,2945,,false
92,e6-lifecycle-20260705T173237.406901391Z-c4-real-task-0100,signed_posttask,true,2,1783272757716,0,QmYqpkcYraZDtetSGERMQ5ScFL6z1t9K48g7RtKw5Tvbyw,false
93,e6-lifecycle-20260705T173237.406901391Z-c4-real-task-0100,signed_postallocation,true,2,1783272757719,0,QmYqpkcYraZDtetSGERMQ5ScFL6z1t9K48g7RtKw5Tvbyw,false
94,e6-lifecycle-20260705T173237.406901391Z-c4-real-task-0100,signed_post_evalsnapshot,true,1,1783272757721,0,QmYqpkcYraZDtetSGERMQ5ScFL6z1t9K48g7RtKw5Tvbyw,false
95,e6-lifecycle-20260705T173237.406901391Z-c4-real-task-0100,signed_vote1,true,2,1783272757722,0,QmYqpkcYraZDtetSGERMQ5ScFL6z1t9K48g7RtKw5Tvbyw,false
96,e6-lifecycle-20260705T173237.406901391Z-c4-real-task-0100,signed_vote2,true,1,1783272757724,0,QmYqpkcYraZDtetSGERMQ5ScFL6z1t9K48g7RtKw5Tvbyw,false
97,e6-lifecycle-20260705T173237.406901391Z-c4-real-task-0100,signed_settlement,true,2,1783272757725,0,QmYqpkcYraZDtetSGERMQ5ScFL6z1t9K48g7RtKw5Tvbyw,false
98,e6-lifecycle-20260705T173237.406901391Z-c4-real-task-0100,signed_query_latest,true,0,1783272757727,0,QmYqpkcYraZDtetSGERMQ5ScFL6z1t9K48g7RtKw5Tvbyw,false
99,e6-lifecycle-20260705T173237.406901391Z-c4-real-task-0100,ipfs_verify,true,7,1783272757727,0,QmYqpkcYraZDtetSGERMQ5ScFL6z1t9K48g7RtKw5Tvbyw,false
100,e6-lifecycle-20260705T173237.406901391Z-c4-real-task-0101,ipfs_add,true,56,1783272757679,1874,,false
101,e6-lifecycle-20260705T173237.406901391Z-c4-real-task-0101,signed_posttask,true,1,1783272757735,0,QmcEMDBTMAr7MFk4NRejhz1qsW7piumtRhyZgqaAVxpA1P,false
102,e6-lifecycle-20260705T173237.406901391Z-c4-real-task-0101,signed_postallocation,true,2,1783272757736,0,QmcEMDBTMAr7MFk4NRejhz1qsW7piumtRhyZgqaAVxpA1P,false
103,e6-lifecycle-20260705T173237.406901391Z-c4-real-task-0101,signed_post_evalsnapshot,true,2,1783272757738,0,QmcEMDBTMAr7MFk4NRejhz1qsW7piumtRhyZgqaAVxpA1P,false
104,e6-lifecycle-20260705T173237.406901391Z-c4-real-task-0101,signed_vote1,true,2,1783272757740,0,QmcEMDBTMAr7MFk4NRejhz1qsW7piumtRhyZgqaAVxpA1P,false
105,e6-lifecycle-20260705T173237.406901391Z-c4-real-task-0101,signed_vote2,true,1,1783272757742,0,QmcEMDBTMAr7MFk4NRejhz1qsW7piumtRhyZgqaAVxpA1P,false
106,e6-lifecycle-20260705T173237.406901391Z-c4-real-task-0101,signed_settlement,true,2,1783272757743,0,QmcEMDBTMAr7MFk4NRejhz1qsW7piumtRhyZgqaAVxpA1P,false
107,e6-lifecycle-20260705T173237.406901391Z-c4-real-task-0101,signed_query_latest,true,0,1783272757745,0,QmcEMDBTMAr7MFk4NRejhz1qsW7piumtRhyZgqaAVxpA1P,false
108,e6-lifecycle-20260705T173237.406901391Z-c4-real-task-0101,ipfs_verify,true,7,1783272757745,0,QmcEMDBTMAr7MFk4NRejhz1qsW7piumtRhyZgqaAVxpA1P,false
109,e6-lifecycle-20260705T173237.406901391Z-c4-real-task-0102,ipfs_add,true,57,1783272757697,4429,,false
110,e6-lifecycle-20260705T173237.406901391Z-c4-real-task-0102,signed_posttask,true,3,1783272757754,0,QmNZpWPb8zZGufRx9cTAqzT38jqs3J5Nju6aTffMo2mWMM,false
111,e6-lifecycle-20260705T173237.406901391Z-c4-real-task-0102,signed_postallocation,true,2,1783272757757,0,QmNZpWPb8zZGufRx9cTAqzT38jqs3J5Nju6aTffMo2mWMM,false
112,e6-lifecycle-20260705T173237.406901391Z-c4-real-task-0102,signed_post_evalsnapshot,true,1,1783272757759,0,QmNZpWPb8zZGufRx9cTAqzT38jqs3J5Nju6aTffMo2mWMM,false
113,e6-lifecycle-20260705T173237.406901391Z-c4-real-task-0102,signed_vote1,true,2,1783272757760,0,QmNZpWPb8zZGufRx9cTAqzT38jqs3J5Nju6aTffMo2mWMM,false
114,e6-lifecycle-20260705T173237.406901391Z-c4-real-task-0102,signed_vote2,true,2,1783272757762,0,QmNZpWPb8zZGufRx9cTAqzT38jqs3J5Nju6aTffMo2mWMM,false
115,e6-lifecycle-20260705T173237.406901391Z-c4-real-task-0102,signed_settlement,true,2,1783272757764,0,QmNZpWPb8zZGufRx9cTAqzT38jqs3J5Nju6aTffMo2mWMM,false
116,e6-lifecycle-20260705T173237.406901391Z-c4-real-task-0102,signed_query_latest,true,0,1783272757766,0,QmNZpWPb8zZGufRx9cTAqzT38jqs3J5Nju6aTffMo2mWMM,false
117,e6-lifecycle-20260705T173237.406901391Z-c4-real-task-0102,ipfs_verify,true,7,1783272757766,0,QmNZpWPb8zZGufRx9cTAqzT38jqs3J5Nju6aTffMo2mWMM,false
118,e6-lifecycle-20260705T173237.406901391Z-c4-real-task-0103,ipfs_add,true,58,1783272757716,3139,,false
119,e6-lifecycle-20260705T173237.406901391Z-c4-real-task-0103,signed_posttask,true,1,1783272757774,0,Qmc4xnckxk7qCTpwS2dEmtXtCM97x5nt65Euz3m5frq31g,false
120,e6-lifecycle-20260705T173237.406901391Z-c4-real-task-0103,signed_postallocation,true,2,1783272757775,0,Qmc4xnckxk7qCTpwS2dEmtXtCM97x5nt65Euz3m5frq31g,false
121,e6-lifecycle-20260705T173237.406901391Z-c4-real-task-0103,signed_post_evalsnapshot,true,2,1783272757777,0,Qmc4xnckxk7qCTpwS2dEmtXtCM97x5nt65Euz3m5frq31g,false
122,e6-lifecycle-20260705T173237.406901391Z-c4-real-task-0103,signed_vote1,true,2,1783272757779,0,Qmc4xnckxk7qCTpwS2dEmtXtCM97x5nt65Euz3m5frq31g,false
123,e6-lifecycle-20260705T173237.406901391Z-c4-real-task-0103,signed_vote2,true,2,1783272757781,0,Qmc4xnckxk7qCTpwS2dEmtXtCM97x5nt65Euz3m5frq31g,false
124,e6-lifecycle-20260705T173237.406901391Z-c4-real-task-0103,signed_settlement,true,1,1783272757783,0,Qmc4xnckxk7qCTpwS2dEmtXtCM97x5nt65Euz3m5frq31g,false
125,e6-lifecycle-20260705T173237.406901391Z-c4-real-task-0103,signed_query_latest,true,0,1783272757784,0,Qmc4xnckxk7qCTpwS2dEmtXtCM97x5nt65Euz3m5frq31g,false
126,e6-lifecycle-20260705T173237.406901391Z-c4-real-task-0103,ipfs_verify,true,7,1783272757784,0,Qmc4xnckxk7qCTpwS2dEmtXtCM97x5nt65Euz3m5frq31g,false
127,e6-lifecycle-20260705T173237.406901391Z-c4-real-task-0104,ipfs_add,true,61,1783272757734,2386,,false
128,e6-lifecycle-20260705T173237.406901391Z-c4-real-task-0104,signed_posttask,true,2,1783272757795,0,Qme3dLUfvZ5b63FixxsTuqwxwjVCFs2b8ADm8Kvk2U2qwP,false
129,e6-lifecycle-20260705T173237.406901391Z-c4-real-task-0104,signed_postallocation,true,2,1783272757797,0,Qme3dLUfvZ5b63FixxsTuqwxwjVCFs2b8ADm8Kvk2U2qwP,false
130,e6-lifecycle-20260705T173237.406901391Z-c4-real-task-0104,signed_post_evalsnapshot,true,2,1783272757799,0,Qme3dLUfvZ5b63FixxsTuqwxwjVCFs2b8ADm8Kvk2U2qwP,false
131,e6-lifecycle-20260705T173237.406901391Z-c4-real-task-0104,signed_vote1,true,1,1783272757801,0,Qme3dLUfvZ5b63FixxsTuqwxwjVCFs2b8ADm8Kvk2U2qwP,false
132,e6-lifecycle-20260705T173237.406901391Z-c4-real-task-0104,signed_vote2,true,2,1783272757802,0,Qme3dLUfvZ5b63FixxsTuqwxwjVCFs2b8ADm8Kvk2U2qwP,false
133,e6-lifecycle-20260705T173237.406901391Z-c4-real-task-0104,signed_settlement,true,2,1783272757804,0,Qme3dLUfvZ5b63FixxsTuqwxwjVCFs2b8ADm8Kvk2U2qwP,false
134,e6-lifecycle-20260705T173237.406901391Z-c4-real-task-0104,signed_query_latest,true,0,1783272757806,0,Qme3dLUfvZ5b63FixxsTuqwxwjVCFs2b8ADm8Kvk2U2qwP,false
135,e6-lifecycle-20260705T173237.406901391Z-c4-real-task-0104,ipfs_verify,true,8,1783272757806,0,Qme3dLUfvZ5b63FixxsTuqwxwjVCFs2b8ADm8Kvk2U2qwP,false
136,e6-lifecycle-20260705T173237.406901391Z-c4-real-task-0105,ipfs_add,true,63,1783272757752,1811,,false
137,e6-lifecycle-20260705T173237.406901391Z-c4-real-task-0105,signed_posttask,true,2,1783272757815,0,QmeCN824YLFxhs6KPZdvcJ1YLRBL2KDGosFsYoMEvLrqvu,false
138,e6-lifecycle-20260705T173237.406901391Z-c4-real-task-0105,signed_postallocation,true,2,1783272757817,0,QmeCN824YLFxhs6KPZdvcJ1YLRBL2KDGosFsYoMEvLrqvu,false
139,e6-lifecycle-20260705T173237.406901391Z-c4-real-task-0105,signed_post_evalsnapshot,true,2,1783272757819,0,QmeCN824YLFxhs6KPZdvcJ1YLRBL2KDGosFsYoMEvLrqvu,false
140,e6-lifecycle-20260705T173237.406901391Z-c4-real-task-0105,signed_vote1,true,1,1783272757821,0,QmeCN824YLFxhs6KPZdvcJ1YLRBL2KDGosFsYoMEvLrqvu,false
141,e6-lifecycle-20260705T173237.406901391Z-c4-real-task-0105,signed_vote2,true,2,1783272757822,0,QmeCN824YLFxhs6KPZdvcJ1YLRBL2KDGosFsYoMEvLrqvu,false
142,e6-lifecycle-20260705T173237.406901391Z-c4-real-task-0105,signed_settlement,true,2,1783272757824,0,QmeCN824YLFxhs6KPZdvcJ1YLRBL2KDGosFsYoMEvLrqvu,false
143,e6-lifecycle-20260705T173237.406901391Z-c4-real-task-0105,signed_query_latest,true,0,1783272757826,0,QmeCN824YLFxhs6KPZdvcJ1YLRBL2KDGosFsYoMEvLrqvu,false
144,e6-lifecycle-20260705T173237.406901391Z-c4-real-task-0105,ipfs_verify,true,7,1783272757826,0,QmeCN824YLFxhs6KPZdvcJ1YLRBL2KDGosFsYoMEvLrqvu,false
145,e6-lifecycle-20260705T173237.406901391Z-c4-real-task-0106,ipfs_add,true,64,1783272757773,2561,,false
146,e6-lifecycle-20260705T173237.406901391Z-c4-real-task-0106,signed_posttask,true,2,1783272757837,0,QmQpT2pSYN1xnsKEAYYzR7wpihutiAWCLX46Wag6nTE83B,false
147,e6-lifecycle-20260705T173237.406901391Z-c4-real-task-0106,signed_postallocation,true,2,1783272757839,0,QmQpT2pSYN1xnsKEAYYzR7wpihutiAWCLX46Wag6nTE83B,false
148,e6-lifecycle-20260705T173237.406901391Z-c4-real-task-0106,signed_post_evalsnapshot,true,2,1783272757841,0,QmQpT2pSYN1xnsKEAYYzR7wpihutiAWCLX46Wag6nTE83B,false
149,e6-lifecycle-20260705T173237.406901391Z-c4-real-task-0106,signed_vote1,true,1,1783272757843,0,QmQpT2pSYN1xnsKEAYYzR7wpihutiAWCLX46Wag6nTE83B,false
150,e6-lifecycle-20260705T173237.406901391Z-c4-real-task-0106,signed_vote2,true,2,1783272757844,0,QmQpT2pSYN1xnsKEAYYzR7wpihutiAWCLX46Wag6nTE83B,false
151,e6-lifecycle-20260705T173237.406901391Z-c4-real-task-0106,signed_settlement,true,2,1783272757846,0,QmQpT2pSYN1xnsKEAYYzR7wpihutiAWCLX46Wag6nTE83B,false
152,e6-lifecycle-20260705T173237.406901391Z-c4-real-task-0106,signed_query_latest,true,0,1783272757848,0,QmQpT2pSYN1xnsKEAYYzR7wpihutiAWCLX46Wag6nTE83B,false
153,e6-lifecycle-20260705T173237.406901391Z-c4-real-task-0106,ipfs_verify,true,7,1783272757848,0,QmQpT2pSYN1xnsKEAYYzR7wpihutiAWCLX46Wag6nTE83B,false
154,e6-lifecycle-20260705T173237.406901391Z-c4-real-task-0107,ipfs_add,true,65,1783272757791,1574,,false
155,e6-lifecycle-20260705T173237.406901391Z-c4-real-task-0107,signed_posttask,true,2,1783272757856,0,QmRupjhdCiNmsSv9JCRZ7Adv2HjXu13WhkMdY6ZAUYj3p5,false
156,e6-lifecycle-20260705T173237.406901391Z-c4-real-task-0107,signed_postallocation,true,2,1783272757858,0,QmRupjhdCiNmsSv9JCRZ7Adv2HjXu13WhkMdY6ZAUYj3p5,false
157,e6-lifecycle-20260705T173237.406901391Z-c4-real-task-0107,signed_post_evalsnapshot,true,2,1783272757860,0,QmRupjhdCiNmsSv9JCRZ7Adv2HjXu13WhkMdY6ZAUYj3p5,false
158,e6-lifecycle-20260705T173237.406901391Z-c4-real-task-0107,signed_vote1,true,1,1783272757862,0,QmRupjhdCiNmsSv9JCRZ7Adv2HjXu13WhkMdY6ZAUYj3p5,false
159,e6-lifecycle-20260705T173237.406901391Z-c4-real-task-0107,signed_vote2,true,2,1783272757863,0,QmRupjhdCiNmsSv9JCRZ7Adv2HjXu13WhkMdY6ZAUYj3p5,false
160,e6-lifecycle-20260705T173237.406901391Z-c4-real-task-0107,signed_settlement,true,2,1783272757865,0,QmRupjhdCiNmsSv9JCRZ7Adv2HjXu13WhkMdY6ZAUYj3p5,false
161,e6-lifecycle-20260705T173237.406901391Z-c4-real-task-0107,signed_query_latest,true,0,1783272757867,0,QmRupjhdCiNmsSv9JCRZ7Adv2HjXu13WhkMdY6ZAUYj3p5,false
162,e6-lifecycle-20260705T173237.406901391Z-c4-real-task-0107,ipfs_verify,true,8,1783272757867,0,QmRupjhdCiNmsSv9JCRZ7Adv2HjXu13WhkMdY6ZAUYj3p5,false
163,e6-lifecycle-20260705T173237.406901391Z-c4-real-task-0108,ipfs_add,true,61,1783272757814,1359,,false
164,e6-lifecycle-20260705T173237.406901391Z-c4-real-task-0108,signed_posttask,true,2,1783272757875,0,QmZZqy6hSeEaVGJcieqsrZVeztXme75mBRRsw2ZBiEVxze,false
165,e6-lifecycle-20260705T173237.406901391Z-c4-real-task-0108,signed_postallocation,true,1,1783272757877,0,QmZZqy6hSeEaVGJcieqsrZVeztXme75mBRRsw2ZBiEVxze,false
166,e6-lifecycle-20260705T173237.406901391Z-c4-real-task-0108,signed_post_evalsnapshot,true,2,1783272757878,0,QmZZqy6hSeEaVGJcieqsrZVeztXme75mBRRsw2ZBiEVxze,false
167,e6-lifecycle-20260705T173237.406901391Z-c4-real-task-0108,signed_vote1,true,3,1783272757880,0,QmZZqy6hSeEaVGJcieqsrZVeztXme75mBRRsw2ZBiEVxze,false
168,e6-lifecycle-20260705T173237.406901391Z-c4-real-task-0108,signed_vote2,true,1,1783272757883,0,QmZZqy6hSeEaVGJcieqsrZVeztXme75mBRRsw2ZBiEVxze,false
169,e6-lifecycle-20260705T173237.406901391Z-c4-real-task-0108,signed_settlement,true,2,1783272757884,0,QmZZqy6hSeEaVGJcieqsrZVeztXme75mBRRsw2ZBiEVxze,false
170,e6-lifecycle-20260705T173237.406901391Z-c4-real-task-0108,signed_query_latest,true,0,1783272757886,0,QmZZqy6hSeEaVGJcieqsrZVeztXme75mBRRsw2ZBiEVxze,false
171,e6-lifecycle-20260705T173237.406901391Z-c4-real-task-0108,ipfs_verify,true,8,1783272757886,0,QmZZqy6hSeEaVGJcieqsrZVeztXme75mBRRsw2ZBiEVxze,false
172,e6-lifecycle-20260705T173237.406901391Z-c4-real-task-0109,ipfs_add,true,64,1783272757833,1914,,false
173,e6-lifecycle-20260705T173237.406901391Z-c4-real-task-0109,signed_posttask,true,2,1783272757897,0,QmPEDBMMbuCpx7HLnDJ23QuLxzYuyd7P4wwLKNZcfCQeou,false
174,e6-lifecycle-20260705T173237.406901391Z-c4-real-task-0109,signed_postallocation,true,1,1783272757899,0,QmPEDBMMbuCpx7HLnDJ23QuLxzYuyd7P4wwLKNZcfCQeou,false
175,e6-lifecycle-20260705T173237.406901391Z-c4-real-task-0109,signed_post_evalsnapshot,true,2,1783272757900,0,QmPEDBMMbuCpx7HLnDJ23QuLxzYuyd7P4wwLKNZcfCQeou,false
176,e6-lifecycle-20260705T173237.406901391Z-c4-real-task-0109,signed_vote1,true,6,1783272757902,0,QmPEDBMMbuCpx7HLnDJ23QuLxzYuyd7P4wwLKNZcfCQeou,false
177,e6-lifecycle-20260705T173237.406901391Z-c4-real-task-0109,signed_vote2,true,3,1783272757908,0,QmPEDBMMbuCpx7HLnDJ23QuLxzYuyd7P4wwLKNZcfCQeou,false
178,e6-lifecycle-20260705T173237.406901391Z-c4-real-task-0109,signed_settlement,true,3,1783272757911,0,QmPEDBMMbuCpx7HLnDJ23QuLxzYuyd7P4wwLKNZcfCQeou,false
179,e6-lifecycle-20260705T173237.406901391Z-c4-real-task-0109,signed_query_latest,true,0,1783272757914,0,QmPEDBMMbuCpx7HLnDJ23QuLxzYuyd7P4wwLKNZcfCQeou,false
180,e6-lifecycle-20260705T173237.406901391Z-c4-real-task-0109,ipfs_verify,true,12,1783272757914,0,QmPEDBMMbuCpx7HLnDJ23QuLxzYuyd7P4wwLKNZcfCQeou,false
181,e6-lifecycle-20260705T173237.406901391Z-c4-real-task-0110,ipfs_add,true,73,1783272757855,1468,,false
182,e6-lifecycle-20260705T173237.406901391Z-c4-real-task-0110,signed_posttask,true,2,1783272757928,0,QmYdNPvQFsdXFQa7hym9WZ3ACL8dS3nT2z6E7NU9T2QPtY,false
183,e6-lifecycle-20260705T173237.406901391Z-c4-real-task-0110,signed_postallocation,true,2,1783272757930,0,QmYdNPvQFsdXFQa7hym9WZ3ACL8dS3nT2z6E7NU9T2QPtY,false
184,e6-lifecycle-20260705T173237.406901391Z-c4-real-task-0110,signed_post_evalsnapshot,true,2,1783272757932,0,QmYdNPvQFsdXFQa7hym9WZ3ACL8dS3nT2z6E7NU9T2QPtY,false
185,e6-lifecycle-20260705T173237.406901391Z-c4-real-task-0110,signed_vote1,true,2,1783272757934,0,QmYdNPvQFsdXFQa7hym9WZ3ACL8dS3nT2z6E7NU9T2QPtY,false
186,e6-lifecycle-20260705T173237.406901391Z-c4-real-task-0110,signed_vote2,true,1,1783272757936,0,QmYdNPvQFsdXFQa7hym9WZ3ACL8dS3nT2z6E7NU9T2QPtY,false
187,e6-lifecycle-20260705T173237.406901391Z-c4-real-task-0110,signed_settlement,true,2,1783272757937,0,QmYdNPvQFsdXFQa7hym9WZ3ACL8dS3nT2z6E7NU9T2QPtY,false
188,e6-lifecycle-20260705T173237.406901391Z-c4-real-task-0110,signed_query_latest,true,0,1783272757939,0,QmYdNPvQFsdXFQa7hym9WZ3ACL8dS3nT2z6E7NU9T2QPtY,false
189,e6-lifecycle-20260705T173237.406901391Z-c4-real-task-0110,ipfs_verify,true,8,1783272757939,0,QmYdNPvQFsdXFQa7hym9WZ3ACL8dS3nT2z6E7NU9T2QPtY,false
190,e6-lifecycle-20260705T173237.406901391Z-c4-real-task-0111,ipfs_add,true,72,1783272757875,1486,,false
191,e6-lifecycle-20260705T173237.406901391Z-c4-real-task-0111,signed_posttask,true,3,1783272757947,0,QmayJynjkMacRcqFDbnuYugxcbsQqHFTjbXCeD8Z8namKr,false
192,e6-lifecycle-20260705T173237.406901391Z-c4-real-task-0111,signed_postallocation,true,2,1783272757950,0,QmayJynjkMacRcqFDbnuYugxcbsQqHFTjbXCeD8Z8namKr,false
193,e6-lifecycle-20260705T173237.406901391Z-c4-real-task-0111,signed_post_evalsnapshot,true,1,1783272757952,0,QmayJynjkMacRcqFDbnuYugxcbsQqHFTjbXCeD8Z8namKr,false
194,e6-lifecycle-20260705T173237.406901391Z-c4-real-task-0111,signed_vote1,true,2,1783272757953,0,QmayJynjkMacRcqFDbnuYugxcbsQqHFTjbXCeD8Z8namKr,false
195,e6-lifecycle-20260705T173237.406901391Z-c4-real-task-0111,signed_vote2,true,2,1783272757955,0,QmayJynjkMacRcqFDbnuYugxcbsQqHFTjbXCeD8Z8namKr,false
196,e6-lifecycle-20260705T173237.406901391Z-c4-real-task-0111,signed_settlement,true,2,1783272757957,0,QmayJynjkMacRcqFDbnuYugxcbsQqHFTjbXCeD8Z8namKr,false
197,e6-lifecycle-20260705T173237.406901391Z-c4-real-task-0111,signed_query_latest,true,0,1783272757959,0,QmayJynjkMacRcqFDbnuYugxcbsQqHFTjbXCeD8Z8namKr,false
198,e6-lifecycle-20260705T173237.406901391Z-c4-real-task-0111,ipfs_verify,true,8,1783272757959,0,QmayJynjkMacRcqFDbnuYugxcbsQqHFTjbXCeD8Z8namKr,false
199,e6-lifecycle-20260705T173237.406901391Z-c4-real-task-0112,ipfs_add,true,73,1783272757894,5135,,false
200,e6-lifecycle-20260705T173237.406901391Z-c4-real-task-0112,signed_posttask,true,2,1783272757967,0,QmZTL4eW5hkumUyYeoedLXa2XWBWSX7WLRmm3kBgrvtRta,false
201,e6-lifecycle-20260705T173237.406901391Z-c4-real-task-0112,signed_postallocation,true,2,1783272757969,0,QmZTL4eW5hkumUyYeoedLXa2XWBWSX7WLRmm3kBgrvtRta,false
202,e6-lifecycle-20260705T173237.406901391Z-c4-real-task-0112,signed_post_evalsnapshot,true,2,1783272757971,0,QmZTL4eW5hkumUyYeoedLXa2XWBWSX7WLRmm3kBgrvtRta,false
203,e6-lifecycle-20260705T173237.406901391Z-c4-real-task-0112,signed_vote1,true,1,1783272757973,0,QmZTL4eW5hkumUyYeoedLXa2XWBWSX7WLRmm3kBgrvtRta,false
204,e6-lifecycle-20260705T173237.406901391Z-c4-real-task-0112,signed_vote2,true,2,1783272757974,0,QmZTL4eW5hkumUyYeoedLXa2XWBWSX7WLRmm3kBgrvtRta,false
205,e6-lifecycle-20260705T173237.406901391Z-c4-real-task-0112,signed_settlement,true,2,1783272757976,0,QmZTL4eW5hkumUyYeoedLXa2XWBWSX7WLRmm3kBgrvtRta,false
206,e6-lifecycle-20260705T173237.406901391Z-c4-real-task-0112,signed_query_latest,true,0,1783272757978,0,QmZTL4eW5hkumUyYeoedLXa2XWBWSX7WLRmm3kBgrvtRta,false
207,e6-lifecycle-20260705T173237.406901391Z-c4-real-task-0112,ipfs_verify,true,6,1783272757978,0,QmZTL4eW5hkumUyYeoedLXa2XWBWSX7WLRmm3kBgrvtRta,false
208,e6-lifecycle-20260705T173237.406901391Z-c4-real-task-0113,ipfs_add,true,61,1783272757926,4766,,false
209,e6-lifecycle-20260705T173237.406901391Z-c4-real-task-0113,signed_posttask,true,2,1783272757987,0,QmSnXYpjm45y1HovE7atHSayP63uxu2Taj3HG6S4aa6fLe,false
210,e6-lifecycle-20260705T173237.406901391Z-c4-real-task-0113,signed_postallocation,true,3,1783272757989,0,QmSnXYpjm45y1HovE7atHSayP63uxu2Taj3HG6S4aa6fLe,false
211,e6-lifecycle-20260705T173237.406901391Z-c4-real-task-0113,signed_post_evalsnapshot,true,2,1783272757992,0,QmSnXYpjm45y1HovE7atHSayP63uxu2Taj3HG6S4aa6fLe,false
212,e6-lifecycle-20260705T173237.406901391Z-c4-real-task-0113,signed_vote1,true,2,1783272757994,0,QmSnXYpjm45y1HovE7atHSayP63uxu2Taj3HG6S4aa6fLe,false
213,e6-lifecycle-20260705T173237.406901391Z-c4-real-task-0113,signed_vote2,true,2,1783272757996,0,QmSnXYpjm45y1HovE7atHSayP63uxu2Taj3HG6S4aa6fLe,false
214,e6-lifecycle-20260705T173237.406901391Z-c4-real-task-0113,signed_settlement,true,1,1783272757998,0,QmSnXYpjm45y1HovE7atHSayP63uxu2Taj3HG6S4aa6fLe,false
215,e6-lifecycle-20260705T173237.406901391Z-c4-real-task-0113,signed_query_latest,true,0,1783272757999,0,QmSnXYpjm45y1HovE7atHSayP63uxu2Taj3HG6S4aa6fLe,false
216,e6-lifecycle-20260705T173237.406901391Z-c4-real-task-0113,ipfs_verify,true,8,1783272757999,0,QmSnXYpjm45y1HovE7atHSayP63uxu2Taj3HG6S4aa6fLe,false
217,e6-lifecycle-20260705T173237.406901391Z-c4-real-task-0114,ipfs_add,true,60,1783272757947,2458,,false
218,e6-lifecycle-20260705T173237.406901391Z-c4-real-task-0114,signed_posttask,true,3,1783272758007,0,Qma7TSawbLY7JCkagGsqyq5TKbNQrHnAHkXGU7KmTPbqNN,false
219,e6-lifecycle-20260705T173237.406901391Z-c4-real-task-0114,signed_postallocation,true,2,1783272758010,0,Qma7TSawbLY7JCkagGsqyq5TKbNQrHnAHkXGU7KmTPbqNN,false
220,e6-lifecycle-20260705T173237.406901391Z-c4-real-task-0114,signed_post_evalsnapshot,true,1,1783272758012,0,Qma7TSawbLY7JCkagGsqyq5TKbNQrHnAHkXGU7KmTPbqNN,false
221,e6-lifecycle-20260705T173237.406901391Z-c4-real-task-0114,signed_vote1,true,2,1783272758013,0,Qma7TSawbLY7JCkagGsqyq5TKbNQrHnAHkXGU7KmTPbqNN,false
222,e6-lifecycle-20260705T173237.406901391Z-c4-real-task-0114,signed_vote2,true,2,1783272758015,0,Qma7TSawbLY7JCkagGsqyq5TKbNQrHnAHkXGU7KmTPbqNN,false
223,e6-lifecycle-20260705T173237.406901391Z-c4-real-task-0114,signed_settlement,true,1,1783272758017,0,Qma7TSawbLY7JCkagGsqyq5TKbNQrHnAHkXGU7KmTPbqNN,false
224,e6-lifecycle-20260705T173237.406901391Z-c4-real-task-0114,signed_query_latest,true,0,1783272758018,0,Qma7TSawbLY7JCkagGsqyq5TKbNQrHnAHkXGU7KmTPbqNN,false
225,e6-lifecycle-20260705T173237.406901391Z-c4-real-task-0114,ipfs_verify,true,8,1783272758018,0,Qma7TSawbLY7JCkagGsqyq5TKbNQrHnAHkXGU7KmTPbqNN,false
226,e6-lifecycle-20260705T173237.406901391Z-c4-real-task-0115,ipfs_add,true,59,1783272757967,2635,,false
227,e6-lifecycle-20260705T173237.406901391Z-c4-real-task-0115,signed_posttask,true,2,1783272758026,0,Qma9XmC6B4RUGteeGsz2AKqR24nBDfvvDDZwxigq29cfeA,false
228,e6-lifecycle-20260705T173237.406901391Z-c4-real-task-0115,signed_postallocation,true,1,1783272758028,0,Qma9XmC6B4RUGteeGsz2AKqR24nBDfvvDDZwxigq29cfeA,false
229,e6-lifecycle-20260705T173237.406901391Z-c4-real-task-0115,signed_post_evalsnapshot,true,2,1783272758029,0,Qma9XmC6B4RUGteeGsz2AKqR24nBDfvvDDZwxigq29cfeA,false
230,e6-lifecycle-20260705T173237.406901391Z-c4-real-task-0115,signed_vote1,true,1,1783272758031,0,Qma9XmC6B4RUGteeGsz2AKqR24nBDfvvDDZwxigq29cfeA,false
231,e6-lifecycle-20260705T173237.406901391Z-c4-real-task-0115,signed_vote2,true,2,1783272758032,0,Qma9XmC6B4RUGteeGsz2AKqR24nBDfvvDDZwxigq29cfeA,false
232,e6-lifecycle-20260705T173237.406901391Z-c4-real-task-0115,signed_settlement,true,2,1783272758034,0,Qma9XmC6B4RUGteeGsz2AKqR24nBDfvvDDZwxigq29cfeA,false
233,e6-lifecycle-20260705T173237.406901391Z-c4-real-task-0115,signed_query_latest,true,0,1783272758036,0,Qma9XmC6B4RUGteeGsz2AKqR24nBDfvvDDZwxigq29cfeA,false
234,e6-lifecycle-20260705T173237.406901391Z-c4-real-task-0115,ipfs_verify,true,7,1783272758036,0,Qma9XmC6B4RUGteeGsz2AKqR24nBDfvvDDZwxigq29cfeA,false
235,e6-lifecycle-20260705T173237.406901391Z-c4-real-task-0116,ipfs_add,true,64,1783272757984,4456,,false
236,e6-lifecycle-20260705T173237.406901391Z-c4-real-task-0116,signed_posttask,true,2,1783272758048,0,QmcWhQm9LyFEHK6Y6cGHfAC2N6UZ5aeiyCpaBr9ty1evkK,false
237,e6-lifecycle-20260705T173237.406901391Z-c4-real-task-0116,signed_postallocation,true,5,1783272758050,0,QmcWhQm9LyFEHK6Y6cGHfAC2N6UZ5aeiyCpaBr9ty1evkK,false
238,e6-lifecycle-20260705T173237.406901391Z-c4-real-task-0116,signed_post_evalsnapshot,true,2,1783272758055,0,QmcWhQm9LyFEHK6Y6cGHfAC2N6UZ5aeiyCpaBr9ty1evkK,false
239,e6-lifecycle-20260705T173237.406901391Z-c4-real-task-0116,signed_vote1,true,2,1783272758057,0,QmcWhQm9LyFEHK6Y6cGHfAC2N6UZ5aeiyCpaBr9ty1evkK,false
240,e6-lifecycle-20260705T173237.406901391Z-c4-real-task-0116,signed_vote2,true,2,1783272758059,0,QmcWhQm9LyFEHK6Y6cGHfAC2N6UZ5aeiyCpaBr9ty1evkK,false
241,e6-lifecycle-20260705T173237.406901391Z-c4-real-task-0116,signed_settlement,true,3,1783272758061,0,QmcWhQm9LyFEHK6Y6cGHfAC2N6UZ5aeiyCpaBr9ty1evkK,false
242,e6-lifecycle-20260705T173237.406901391Z-c4-real-task-0116,signed_query_latest,true,0,1783272758064,0,QmcWhQm9LyFEHK6Y6cGHfAC2N6UZ5aeiyCpaBr9ty1evkK,false
243,e6-lifecycle-20260705T173237.406901391Z-c4-real-task-0116,ipfs_verify,true,8,1783272758064,0,QmcWhQm9LyFEHK6Y6cGHfAC2N6UZ5aeiyCpaBr9ty1evkK,false
244,e6-lifecycle-20260705T173237.406901391Z-c4-real-task-0117,ipfs_add,true,65,1783272758007,2547,,false
245,e6-lifecycle-20260705T173237.406901391Z-c4-real-task-0117,signed_posttask,true,3,1783272758072,0,QmXDQtx3geYo8PJ2SMzx1hAd7UVXRuUHhfKDP8gxpWugpu,false
246,e6-lifecycle-20260705T173237.406901391Z-c4-real-task-0117,signed_postallocation,true,2,1783272758075,0,QmXDQtx3geYo8PJ2SMzx1hAd7UVXRuUHhfKDP8gxpWugpu,false
247,e6-lifecycle-20260705T173237.406901391Z-c4-real-task-0117,signed_post_evalsnapshot,true,1,1783272758077,0,QmXDQtx3geYo8PJ2SMzx1hAd7UVXRuUHhfKDP8gxpWugpu,false
248,e6-lifecycle-20260705T173237.406901391Z-c4-real-task-0117,signed_vote1,true,2,1783272758078,0,QmXDQtx3geYo8PJ2SMzx1hAd7UVXRuUHhfKDP8gxpWugpu,false
249,e6-lifecycle-20260705T173237.406901391Z-c4-real-task-0117,signed_vote2,true,2,1783272758080,0,QmXDQtx3geYo8PJ2SMzx1hAd7UVXRuUHhfKDP8gxpWugpu,false
250,e6-lifecycle-20260705T173237.406901391Z-c4-real-task-0117,signed_settlement,true,2,1783272758082,0,QmXDQtx3geYo8PJ2SMzx1hAd7UVXRuUHhfKDP8gxpWugpu,false
251,e6-lifecycle-20260705T173237.406901391Z-c4-real-task-0117,signed_query_latest,true,0,1783272758084,0,QmXDQtx3geYo8PJ2SMzx1hAd7UVXRuUHhfKDP8gxpWugpu,false
252,e6-lifecycle-20260705T173237.406901391Z-c4-real-task-0117,ipfs_verify,true,8,1783272758084,0,QmXDQtx3geYo8PJ2SMzx1hAd7UVXRuUHhfKDP8gxpWugpu,false
253,e6-lifecycle-20260705T173237.406901391Z-c4-real-task-0118,ipfs_add,true,67,1783272758026,4013,,false
254,e6-lifecycle-20260705T173237.406901391Z-c4-real-task-0118,signed_posttask,true,1,1783272758093,0,QmUp6JMhmHCN1XhJbSgJKuqgcUi5RcanQaaL5Hru6z8S4Q,false
255,e6-lifecycle-20260705T173237.406901391Z-c4-real-task-0118,signed_postallocation,true,2,1783272758094,0,QmUp6JMhmHCN1XhJbSgJKuqgcUi5RcanQaaL5Hru6z8S4Q,false
256,e6-lifecycle-20260705T173237.406901391Z-c4-real-task-0118,signed_post_evalsnapshot,true,2,1783272758096,0,QmUp6JMhmHCN1XhJbSgJKuqgcUi5RcanQaaL5Hru6z8S4Q,false
257,e6-lifecycle-20260705T173237.406901391Z-c4-real-task-0118,signed_vote1,true,2,1783272758098,0,QmUp6JMhmHCN1XhJbSgJKuqgcUi5RcanQaaL5Hru6z8S4Q,false
258,e6-lifecycle-20260705T173237.406901391Z-c4-real-task-0118,signed_vote2,true,1,1783272758100,0,QmUp6JMhmHCN1XhJbSgJKuqgcUi5RcanQaaL5Hru6z8S4Q,false
259,e6-lifecycle-20260705T173237.406901391Z-c4-real-task-0118,signed_settlement,true,2,1783272758101,0,QmUp6JMhmHCN1XhJbSgJKuqgcUi5RcanQaaL5Hru6z8S4Q,false
260,e6-lifecycle-20260705T173237.406901391Z-c4-real-task-0118,signed_query_latest,true,0,1783272758103,0,QmUp6JMhmHCN1XhJbSgJKuqgcUi5RcanQaaL5Hru6z8S4Q,false
261,e6-lifecycle-20260705T173237.406901391Z-c4-real-task-0118,ipfs_verify,true,11,1783272758103,0,QmUp6JMhmHCN1XhJbSgJKuqgcUi5RcanQaaL5Hru6z8S4Q,false
262,e6-lifecycle-20260705T173237.406901391Z-c4-real-task-0119,ipfs_add,true,79,1783272758043,4895,,false
263,e6-lifecycle-20260705T173237.406901391Z-c4-real-task-0119,signed_posttask,true,4,1783272758122,0,QmS8grZr8V1jUVspi4mAGU2GS5MHVKC3yUBsy7aQszAoNe,false
264,e6-lifecycle-20260705T173237.406901391Z-c4-real-task-0119,signed_postallocation,true,2,1783272758126,0,QmS8grZr8V1jUVspi4mAGU2GS5MHVKC3yUBsy7aQszAoNe,false
265,e6-lifecycle-20260705T173237.406901391Z-c4-real-task-0119,signed_post_evalsnapshot,true,2,1783272758128,0,QmS8grZr8V1jUVspi4mAGU2GS5MHVKC3yUBsy7aQszAoNe,false
266,e6-lifecycle-20260705T173237.406901391Z-c4-real-task-0119,signed_vote1,true,2,1783272758130,0,QmS8grZr8V1jUVspi4mAGU2GS5MHVKC3yUBsy7aQszAoNe,false
267,e6-lifecycle-20260705T173237.406901391Z-c4-real-task-0119,signed_vote2,true,2,1783272758132,0,QmS8grZr8V1jUVspi4mAGU2GS5MHVKC3yUBsy7aQszAoNe,false
268,e6-lifecycle-20260705T173237.406901391Z-c4-real-task-0119,signed_settlement,true,2,1783272758134,0,QmS8grZr8V1jUVspi4mAGU2GS5MHVKC3yUBsy7aQszAoNe,false
269,e6-lifecycle-20260705T173237.406901391Z-c4-real-task-0119,signed_query_latest,true,0,1783272758136,0,QmS8grZr8V1jUVspi4mAGU2GS5MHVKC3yUBsy7aQszAoNe,false
270,e6-lifecycle-20260705T173237.406901391Z-c4-real-task-0120,ipfs_add,true,71,1783272758072,7055,,false
271,e6-lifecycle-20260705T173237.406901391Z-c4-real-task-0119,ipfs_verify,true,9,1783272758136,0,QmS8grZr8V1jUVspi4mAGU2GS5MHVKC3yUBsy7aQszAoNe,false
272,e6-lifecycle-20260705T173237.406901391Z-c4-real-task-0120,signed_posttask,true,2,1783272758143,0,QmcCwWQBqZ6738sqSyuLRWTxPt6Qtc8U1RvhvPAW1oWkkW,false
273,e6-lifecycle-20260705T173237.406901391Z-c4-real-task-0120,signed_postallocation,true,3,1783272758145,0,QmcCwWQBqZ6738sqSyuLRWTxPt6Qtc8U1RvhvPAW1oWkkW,false
274,e6-lifecycle-20260705T173237.406901391Z-c4-real-task-0120,signed_post_evalsnapshot,true,1,1783272758148,0,QmcCwWQBqZ6738sqSyuLRWTxPt6Qtc8U1RvhvPAW1oWkkW,false
275,e6-lifecycle-20260705T173237.406901391Z-c4-real-task-0120,signed_vote1,true,2,1783272758149,0,QmcCwWQBqZ6738sqSyuLRWTxPt6Qtc8U1RvhvPAW1oWkkW,false
276,e6-lifecycle-20260705T173237.406901391Z-c4-real-task-0120,signed_vote2,true,2,1783272758151,0,QmcCwWQBqZ6738sqSyuLRWTxPt6Qtc8U1RvhvPAW1oWkkW,false
277,e6-lifecycle-20260705T173237.406901391Z-c4-real-task-0120,signed_settlement,true,2,1783272758153,0,QmcCwWQBqZ6738sqSyuLRWTxPt6Qtc8U1RvhvPAW1oWkkW,false
278,e6-lifecycle-20260705T173237.406901391Z-c4-real-task-0120,signed_query_latest,true,0,1783272758155,0,QmcCwWQBqZ6738sqSyuLRWTxPt6Qtc8U1RvhvPAW1oWkkW,false
279,e6-lifecycle-20260705T173237.406901391Z-c4-real-task-0120,ipfs_verify,true,9,1783272758155,0,QmcCwWQBqZ6738sqSyuLRWTxPt6Qtc8U1RvhvPAW1oWkkW,false
280,e6-lifecycle-20260705T173237.406901391Z-c4-real-task-0121,ipfs_add,true,72,1783272758092,4778,,false
281,e6-lifecycle-20260705T173237.406901391Z-c4-real-task-0121,signed_posttask,true,2,1783272758164,0,QmamWwWGyFXDPTzs47NnXQaDJCnKmJNML2uLgwtA49YMHU,false
282,e6-lifecycle-20260705T173237.406901391Z-c4-real-task-0121,signed_postallocation,true,1,1783272758166,0,QmamWwWGyFXDPTzs47NnXQaDJCnKmJNML2uLgwtA49YMHU,false
283,e6-lifecycle-20260705T173237.406901391Z-c4-real-task-0121,signed_post_evalsnapshot,true,3,1783272758167,0,QmamWwWGyFXDPTzs47NnXQaDJCnKmJNML2uLgwtA49YMHU,false
284,e6-lifecycle-20260705T173237.406901391Z-c4-real-task-0121,signed_vote1,true,1,1783272758170,0,QmamWwWGyFXDPTzs47NnXQaDJCnKmJNML2uLgwtA49YMHU,false
285,e6-lifecycle-20260705T173237.406901391Z-c4-real-task-0121,signed_vote2,true,2,1783272758171,0,QmamWwWGyFXDPTzs47NnXQaDJCnKmJNML2uLgwtA49YMHU,false
286,e6-lifecycle-20260705T173237.406901391Z-c4-real-task-0121,signed_settlement,true,2,1783272758173,0,QmamWwWGyFXDPTzs47NnXQaDJCnKmJNML2uLgwtA49YMHU,false
287,e6-lifecycle-20260705T173237.406901391Z-c4-real-task-0121,signed_query_latest,true,0,1783272758175,0,QmamWwWGyFXDPTzs47NnXQaDJCnKmJNML2uLgwtA49YMHU,false
288,e6-lifecycle-20260705T173237.406901391Z-c4-real-task-0121,ipfs_verify,true,7,1783272758175,0,QmamWwWGyFXDPTzs47NnXQaDJCnKmJNML2uLgwtA49YMHU,false
289,e6-lifecycle-20260705T173237.406901391Z-c4-real-task-0122,ipfs_add,true,76,1783272758114,5117,,false
290,e6-lifecycle-20260705T173237.406901391Z-c4-real-task-0122,signed_posttask,true,2,1783272758190,0,QmXUXcH529nakix9U15cpEidT2HourhoUQvG7aoS3dLkEG,false
291,e6-lifecycle-20260705T173237.406901391Z-c4-real-task-0122,signed_postallocation,true,2,1783272758192,0,QmXUXcH529nakix9U15cpEidT2HourhoUQvG7aoS3dLkEG,false
292,e6-lifecycle-20260705T173237.406901391Z-c4-real-task-0122,signed_post_evalsnapshot,true,2,1783272758194,0,QmXUXcH529nakix9U15cpEidT2HourhoUQvG7aoS3dLkEG,false
293,e6-lifecycle-20260705T173237.406901391Z-c4-real-task-0122,signed_vote1,true,2,1783272758196,0,QmXUXcH529nakix9U15cpEidT2HourhoUQvG7aoS3dLkEG,false
294,e6-lifecycle-20260705T173237.406901391Z-c4-real-task-0122,signed_vote2,true,1,1783272758198,0,QmXUXcH529nakix9U15cpEidT2HourhoUQvG7aoS3dLkEG,false
295,e6-lifecycle-20260705T173237.406901391Z-c4-real-task-0122,signed_settlement,true,2,1783272758199,0,QmXUXcH529nakix9U15cpEidT2HourhoUQvG7aoS3dLkEG,false
296,e6-lifecycle-20260705T173237.406901391Z-c4-real-task-0122,signed_query_latest,true,0,1783272758201,0,QmXUXcH529nakix9U15cpEidT2HourhoUQvG7aoS3dLkEG,false
297,e6-lifecycle-20260705T173237.406901391Z-c4-real-task-0122,ipfs_verify,true,9,1783272758201,0,QmXUXcH529nakix9U15cpEidT2HourhoUQvG7aoS3dLkEG,false
298,e6-lifecycle-20260705T173237.406901391Z-c4-real-task-0123,ipfs_add,true,67,1783272758145,9648,,false
299,e6-lifecycle-20260705T173237.406901391Z-c4-real-task-0123,signed_posttask,true,5,1783272758212,0,QmUDRUxNR3wiggGYgdFqXj9FiZaoAXkrjj2gf4wreybMnY,false
300,e6-lifecycle-20260705T173237.406901391Z-c4-real-task-0123,signed_postallocation,true,2,1783272758217,0,QmUDRUxNR3wiggGYgdFqXj9FiZaoAXkrjj2gf4wreybMnY,false
301,e6-lifecycle-20260705T173237.406901391Z-c4-real-task-0123,signed_post_evalsnapshot,true,2,1783272758219,0,QmUDRUxNR3wiggGYgdFqXj9FiZaoAXkrjj2gf4wreybMnY,false
302,e6-lifecycle-20260705T173237.406901391Z-c4-real-task-0123,signed_vote1,true,2,1783272758221,0,QmUDRUxNR3wiggGYgdFqXj9FiZaoAXkrjj2gf4wreybMnY,false
303,e6-lifecycle-20260705T173237.406901391Z-c4-real-task-0123,signed_vote2,true,2,1783272758223,0,QmUDRUxNR3wiggGYgdFqXj9FiZaoAXkrjj2gf4wreybMnY,false
304,e6-lifecycle-20260705T173237.406901391Z-c4-real-task-0123,signed_settlement,true,1,1783272758225,0,QmUDRUxNR3wiggGYgdFqXj9FiZaoAXkrjj2gf4wreybMnY,false
305,e6-lifecycle-20260705T173237.406901391Z-c4-real-task-0123,signed_query_latest,true,0,1783272758226,0,QmUDRUxNR3wiggGYgdFqXj9FiZaoAXkrjj2gf4wreybMnY,false
306,e6-lifecycle-20260705T173237.406901391Z-c4-real-task-0124,ipfs_add,true,70,1783272758164,10193,,false
307,e6-lifecycle-20260705T173237.406901391Z-c4-real-task-0123,ipfs_verify,true,11,1783272758226,0,QmUDRUxNR3wiggGYgdFqXj9FiZaoAXkrjj2gf4wreybMnY,false
308,e6-lifecycle-20260705T173237.406901391Z-c4-real-task-0124,signed_posttask,true,9,1783272758234,0,QmdN3kmV8Nauo2ypczxkgeUDFa3J43mcbGqcZVtUsrbPFC,false
309,e6-lifecycle-20260705T173237.406901391Z-c4-real-task-0124,signed_postallocation,true,1,1783272758243,0,QmdN3kmV8Nauo2ypczxkgeUDFa3J43mcbGqcZVtUsrbPFC,false
310,e6-lifecycle-20260705T173237.406901391Z-c4-real-task-0124,signed_post_evalsnapshot,true,2,1783272758244,0,QmdN3kmV8Nauo2ypczxkgeUDFa3J43mcbGqcZVtUsrbPFC,false
311,e6-lifecycle-20260705T173237.406901391Z-c4-real-task-0124,signed_vote1,true,1,1783272758246,0,QmdN3kmV8Nauo2ypczxkgeUDFa3J43mcbGqcZVtUsrbPFC,false
312,e6-lifecycle-20260705T173237.406901391Z-c4-real-task-0124,signed_vote2,true,2,1783272758247,0,QmdN3kmV8Nauo2ypczxkgeUDFa3J43mcbGqcZVtUsrbPFC,false
313,e6-lifecycle-20260705T173237.406901391Z-c4-real-task-0124,signed_settlement,true,2,1783272758249,0,QmdN3kmV8Nauo2ypczxkgeUDFa3J43mcbGqcZVtUsrbPFC,false
314,e6-lifecycle-20260705T173237.406901391Z-c4-real-task-0124,signed_query_latest,true,0,1783272758251,0,QmdN3kmV8Nauo2ypczxkgeUDFa3J43mcbGqcZVtUsrbPFC,false
315,e6-lifecycle-20260705T173237.406901391Z-c4-real-task-0124,ipfs_verify,true,7,1783272758251,0,QmdN3kmV8Nauo2ypczxkgeUDFa3J43mcbGqcZVtUsrbPFC,false
316,e6-lifecycle-20260705T173237.406901391Z-c4-real-task-0125,ipfs_add,true,79,1783272758182,3206,,false
317,e6-lifecycle-20260705T173237.406901391Z-c4-real-task-0125,signed_posttask,true,3,1783272758261,0,QmWe76Fc6xMc7UE2TtXhWtuzFokCa6FcSgWL6dg6i6SRfJ,false
318,e6-lifecycle-20260705T173237.406901391Z-c4-real-task-0125,signed_postallocation,true,1,1783272758264,0,QmWe76Fc6xMc7UE2TtXhWtuzFokCa6FcSgWL6dg6i6SRfJ,false
319,e6-lifecycle-20260705T173237.406901391Z-c4-real-task-0125,signed_post_evalsnapshot,true,2,1783272758265,0,QmWe76Fc6xMc7UE2TtXhWtuzFokCa6FcSgWL6dg6i6SRfJ,false
320,e6-lifecycle-20260705T173237.406901391Z-c4-real-task-0125,signed_vote1,true,2,1783272758267,0,QmWe76Fc6xMc7UE2TtXhWtuzFokCa6FcSgWL6dg6i6SRfJ,false
321,e6-lifecycle-20260705T173237.406901391Z-c4-real-task-0125,signed_vote2,true,1,1783272758269,0,QmWe76Fc6xMc7UE2TtXhWtuzFokCa6FcSgWL6dg6i6SRfJ,false
322,e6-lifecycle-20260705T173237.406901391Z-c4-real-task-0125,signed_settlement,true,2,1783272758270,0,QmWe76Fc6xMc7UE2TtXhWtuzFokCa6FcSgWL6dg6i6SRfJ,false
323,e6-lifecycle-20260705T173237.406901391Z-c4-real-task-0125,signed_query_latest,true,0,1783272758272,0,QmWe76Fc6xMc7UE2TtXhWtuzFokCa6FcSgWL6dg6i6SRfJ,false
324,e6-lifecycle-20260705T173237.406901391Z-c4-real-task-0125,ipfs_verify,true,11,1783272758272,0,QmWe76Fc6xMc7UE2TtXhWtuzFokCa6FcSgWL6dg6i6SRfJ,false
325,e6-lifecycle-20260705T173237.406901391Z-c4-real-task-0126,ipfs_add,true,73,1783272758210,3991,,false
326,e6-lifecycle-20260705T173237.406901391Z-c4-real-task-0126,signed_posttask,true,2,1783272758283,0,QmPtdsowq8zmmDRQ1z7WASkkcgXTNTYdCxgN5vM5mEmQKU,false
327,e6-lifecycle-20260705T173237.406901391Z-c4-real-task-0126,signed_postallocation,true,3,1783272758285,0,QmPtdsowq8zmmDRQ1z7WASkkcgXTNTYdCxgN5vM5mEmQKU,false
328,e6-lifecycle-20260705T173237.406901391Z-c4-real-task-0126,signed_post_evalsnapshot,true,1,1783272758288,0,QmPtdsowq8zmmDRQ1z7WASkkcgXTNTYdCxgN5vM5mEmQKU,false
329,e6-lifecycle-20260705T173237.406901391Z-c4-real-task-0126,signed_vote1,true,2,1783272758289,0,QmPtdsowq8zmmDRQ1z7WASkkcgXTNTYdCxgN5vM5mEmQKU,false
330,e6-lifecycle-20260705T173237.406901391Z-c4-real-task-0126,signed_vote2,true,2,1783272758291,0,QmPtdsowq8zmmDRQ1z7WASkkcgXTNTYdCxgN5vM5mEmQKU,false
331,e6-lifecycle-20260705T173237.406901391Z-c4-real-task-0126,signed_settlement,true,3,1783272758293,0,QmPtdsowq8zmmDRQ1z7WASkkcgXTNTYdCxgN5vM5mEmQKU,false
332,e6-lifecycle-20260705T173237.406901391Z-c4-real-task-0126,signed_query_latest,true,0,1783272758296,0,QmPtdsowq8zmmDRQ1z7WASkkcgXTNTYdCxgN5vM5mEmQKU,false
333,e6-lifecycle-20260705T173237.406901391Z-c4-real-task-0126,ipfs_verify,true,9,1783272758296,0,QmPtdsowq8zmmDRQ1z7WASkkcgXTNTYdCxgN5vM5mEmQKU,false
334,e6-lifecycle-20260705T173237.406901391Z-c4-real-task-0127,ipfs_add,true,68,1783272758237,3969,,false
335,e6-lifecycle-20260705T173237.406901391Z-c4-real-task-0127,signed_posttask,true,2,1783272758305,0,QmNxQCkAaLmLFLMatMwgJb5bdva2owFTE2JpVTzuEA6pnQ,false
336,e6-lifecycle-20260705T173237.406901391Z-c4-real-task-0127,signed_postallocation,true,2,1783272758307,0,QmNxQCkAaLmLFLMatMwgJb5bdva2owFTE2JpVTzuEA6pnQ,false
337,e6-lifecycle-20260705T173237.406901391Z-c4-real-task-0127,signed_post_evalsnapshot,true,2,1783272758309,0,QmNxQCkAaLmLFLMatMwgJb5bdva2owFTE2JpVTzuEA6pnQ,false
338,e6-lifecycle-20260705T173237.406901391Z-c4-real-task-0127,signed_vote1,true,2,1783272758311,0,QmNxQCkAaLmLFLMatMwgJb5bdva2owFTE2JpVTzuEA6pnQ,false
339,e6-lifecycle-20260705T173237.406901391Z-c4-real-task-0127,signed_vote2,true,1,1783272758313,0,QmNxQCkAaLmLFLMatMwgJb5bdva2owFTE2JpVTzuEA6pnQ,false
340,e6-lifecycle-20260705T173237.406901391Z-c4-real-task-0127,signed_settlement,true,2,1783272758314,0,QmNxQCkAaLmLFLMatMwgJb5bdva2owFTE2JpVTzuEA6pnQ,false
341,e6-lifecycle-20260705T173237.406901391Z-c4-real-task-0127,signed_query_latest,true,0,1783272758316,0,QmNxQCkAaLmLFLMatMwgJb5bdva2owFTE2JpVTzuEA6pnQ,false
342,e6-lifecycle-20260705T173237.406901391Z-c4-real-task-0128,ipfs_add,true,67,1783272758258,5323,,false
343,e6-lifecycle-20260705T173237.406901391Z-c4-real-task-0127,ipfs_verify,true,10,1783272758316,0,QmNxQCkAaLmLFLMatMwgJb5bdva2owFTE2JpVTzuEA6pnQ,false
344,e6-lifecycle-20260705T173237.406901391Z-c4-real-task-0128,signed_posttask,true,2,1783272758325,0,QmQos5pRc9wxqep7nncifrFotxQs5uTEqHL3FeTHYErDSa,false
345,e6-lifecycle-20260705T173237.406901391Z-c4-real-task-0128,signed_postallocation,true,2,1783272758327,0,QmQos5pRc9wxqep7nncifrFotxQs5uTEqHL3FeTHYErDSa,false
346,e6-lifecycle-20260705T173237.406901391Z-c4-real-task-0128,signed_post_evalsnapshot,true,2,1783272758329,0,QmQos5pRc9wxqep7nncifrFotxQs5uTEqHL3FeTHYErDSa,false
347,e6-lifecycle-20260705T173237.406901391Z-c4-real-task-0128,signed_vote1,true,2,1783272758331,0,QmQos5pRc9wxqep7nncifrFotxQs5uTEqHL3FeTHYErDSa,false
348,e6-lifecycle-20260705T173237.406901391Z-c4-real-task-0128,signed_vote2,true,1,1783272758333,0,QmQos5pRc9wxqep7nncifrFotxQs5uTEqHL3FeTHYErDSa,false
349,e6-lifecycle-20260705T173237.406901391Z-c4-real-task-0128,signed_settlement,true,2,1783272758334,0,QmQos5pRc9wxqep7nncifrFotxQs5uTEqHL3FeTHYErDSa,false
350,e6-lifecycle-20260705T173237.406901391Z-c4-real-task-0128,signed_query_latest,true,0,1783272758336,0,QmQos5pRc9wxqep7nncifrFotxQs5uTEqHL3FeTHYErDSa,false
351,e6-lifecycle-20260705T173237.406901391Z-c4-real-task-0128,ipfs_verify,true,10,1783272758336,0,QmQos5pRc9wxqep7nncifrFotxQs5uTEqHL3FeTHYErDSa,false
352,e6-lifecycle-20260705T173237.406901391Z-c4-real-task-0129,ipfs_add,true,64,1783272758283,6435,,false
353,e6-lifecycle-20260705T173237.406901391Z-c4-real-task-0129,signed_posttask,true,2,1783272758347,0,QmRdeeEenQRgmkxSMK2mGyLCkKoN4YhqNwubfvJSfxYpPa,false
354,e6-lifecycle-20260705T173237.406901391Z-c4-real-task-0129,signed_postallocation,true,2,1783272758349,0,QmRdeeEenQRgmkxSMK2mGyLCkKoN4YhqNwubfvJSfxYpPa,false
355,e6-lifecycle-20260705T173237.406901391Z-c4-real-task-0129,signed_post_evalsnapshot,true,2,1783272758351,0,QmRdeeEenQRgmkxSMK2mGyLCkKoN4YhqNwubfvJSfxYpPa,false
356,e6-lifecycle-20260705T173237.406901391Z-c4-real-task-0129,signed_vote1,true,1,1783272758353,0,QmRdeeEenQRgmkxSMK2mGyLCkKoN4YhqNwubfvJSfxYpPa,false
357,e6-lifecycle-20260705T173237.406901391Z-c4-real-task-0129,signed_vote2,true,2,1783272758354,0,QmRdeeEenQRgmkxSMK2mGyLCkKoN4YhqNwubfvJSfxYpPa,false
358,e6-lifecycle-20260705T173237.406901391Z-c4-real-task-0129,signed_settlement,true,2,1783272758356,0,QmRdeeEenQRgmkxSMK2mGyLCkKoN4YhqNwubfvJSfxYpPa,false
359,e6-lifecycle-20260705T173237.406901391Z-c4-real-task-0129,signed_query_latest,true,0,1783272758358,0,QmRdeeEenQRgmkxSMK2mGyLCkKoN4YhqNwubfvJSfxYpPa,false
360,e6-lifecycle-20260705T173237.406901391Z-c4-real-task-0129,ipfs_verify,true,9,1783272758358,0,QmRdeeEenQRgmkxSMK2mGyLCkKoN4YhqNwubfvJSfxYpPa,false
361,e6-lifecycle-20260705T173237.406901391Z-c4-real-task-0130,ipfs_add,true,66,1783272758305,5421,,false
362,e6-lifecycle-20260705T173237.406901391Z-c4-real-task-0130,signed_posttask,true,3,1783272758371,0,QmasDoPun8NvohoPkm66UZpwkaJFFvmh8hCVDMoxGk7S7Z,false
363,e6-lifecycle-20260705T173237.406901391Z-c4-real-task-0130,signed_postallocation,true,2,1783272758374,0,QmasDoPun8NvohoPkm66UZpwkaJFFvmh8hCVDMoxGk7S7Z,false
364,e6-lifecycle-20260705T173237.406901391Z-c4-real-task-0130,signed_post_evalsnapshot,true,1,1783272758376,0,QmasDoPun8NvohoPkm66UZpwkaJFFvmh8hCVDMoxGk7S7Z,false
365,e6-lifecycle-20260705T173237.406901391Z-c4-real-task-0130,signed_vote1,true,2,1783272758377,0,QmasDoPun8NvohoPkm66UZpwkaJFFvmh8hCVDMoxGk7S7Z,false
366,e6-lifecycle-20260705T173237.406901391Z-c4-real-task-0130,signed_vote2,true,2,1783272758379,0,QmasDoPun8NvohoPkm66UZpwkaJFFvmh8hCVDMoxGk7S7Z,false
367,e6-lifecycle-20260705T173237.406901391Z-c4-real-task-0130,signed_settlement,true,2,1783272758381,0,QmasDoPun8NvohoPkm66UZpwkaJFFvmh8hCVDMoxGk7S7Z,false
368,e6-lifecycle-20260705T173237.406901391Z-c4-real-task-0130,signed_query_latest,true,0,1783272758383,0,QmasDoPun8NvohoPkm66UZpwkaJFFvmh8hCVDMoxGk7S7Z,false
369,e6-lifecycle-20260705T173237.406901391Z-c4-real-task-0130,ipfs_verify,true,8,1783272758383,0,QmasDoPun8NvohoPkm66UZpwkaJFFvmh8hCVDMoxGk7S7Z,false
370,e6-lifecycle-20260705T173237.406901391Z-c4-real-task-0131,ipfs_add,true,65,1783272758326,5219,,false
371,e6-lifecycle-20260705T173237.406901391Z-c4-real-task-0131,signed_posttask,true,2,1783272758391,0,QmZj7xUMfzrxW16za1Jy2ZVd3iayZXWvUsAREvSyZuRbVu,false
372,e6-lifecycle-20260705T173237.406901391Z-c4-real-task-0131,signed_postallocation,true,2,1783272758393,0,QmZj7xUMfzrxW16za1Jy2ZVd3iayZXWvUsAREvSyZuRbVu,false
373,e6-lifecycle-20260705T173237.406901391Z-c4-real-task-0131,signed_post_evalsnapshot,true,1,1783272758395,0,QmZj7xUMfzrxW16za1Jy2ZVd3iayZXWvUsAREvSyZuRbVu,false
374,e6-lifecycle-20260705T173237.406901391Z-c4-real-task-0131,signed_vote1,true,2,1783272758396,0,QmZj7xUMfzrxW16za1Jy2ZVd3iayZXWvUsAREvSyZuRbVu,false
375,e6-lifecycle-20260705T173237.406901391Z-c4-real-task-0131,signed_vote2,true,2,1783272758398,0,QmZj7xUMfzrxW16za1Jy2ZVd3iayZXWvUsAREvSyZuRbVu,false
376,e6-lifecycle-20260705T173237.406901391Z-c4-real-task-0131,signed_settlement,true,2,1783272758400,0,QmZj7xUMfzrxW16za1Jy2ZVd3iayZXWvUsAREvSyZuRbVu,false
377,e6-lifecycle-20260705T173237.406901391Z-c4-real-task-0131,signed_query_latest,true,0,1783272758402,0,QmZj7xUMfzrxW16za1Jy2ZVd3iayZXWvUsAREvSyZuRbVu,false
378,e6-lifecycle-20260705T173237.406901391Z-c4-real-task-0131,ipfs_verify,true,9,1783272758402,0,QmZj7xUMfzrxW16za1Jy2ZVd3iayZXWvUsAREvSyZuRbVu,false
379,e6-lifecycle-20260705T173237.406901391Z-c4-real-task-0132,ipfs_add,true,75,1783272758346,5599,,false
380,e6-lifecycle-20260705T173237.406901391Z-c4-real-task-0132,signed_posttask,true,3,1783272758421,0,QmYCBqE2NteLr9sLnHjbiStJeVErpKho8QFCw7417W1UW7,false
381,e6-lifecycle-20260705T173237.406901391Z-c4-real-task-0132,signed_postallocation,true,4,1783272758424,0,QmYCBqE2NteLr9sLnHjbiStJeVErpKho8QFCw7417W1UW7,false
382,e6-lifecycle-20260705T173237.406901391Z-c4-real-task-0132,signed_post_evalsnapshot,true,2,1783272758428,0,QmYCBqE2NteLr9sLnHjbiStJeVErpKho8QFCw7417W1UW7,false
383,e6-lifecycle-20260705T173237.406901391Z-c4-real-task-0132,signed_vote1,true,2,1783272758430,0,QmYCBqE2NteLr9sLnHjbiStJeVErpKho8QFCw7417W1UW7,false
384,e6-lifecycle-20260705T173237.406901391Z-c4-real-task-0132,signed_vote2,true,1,1783272758432,0,QmYCBqE2NteLr9sLnHjbiStJeVErpKho8QFCw7417W1UW7,false
385,e6-lifecycle-20260705T173237.406901391Z-c4-real-task-0132,signed_settlement,true,2,1783272758433,0,QmYCBqE2NteLr9sLnHjbiStJeVErpKho8QFCw7417W1UW7,false
386,e6-lifecycle-20260705T173237.406901391Z-c4-real-task-0132,signed_query_latest,true,0,1783272758435,0,QmYCBqE2NteLr9sLnHjbiStJeVErpKho8QFCw7417W1UW7,false
387,e6-lifecycle-20260705T173237.406901391Z-c4-real-task-0132,ipfs_verify,true,8,1783272758435,0,QmYCBqE2NteLr9sLnHjbiStJeVErpKho8QFCw7417W1UW7,false
388,e6-lifecycle-20260705T173237.406901391Z-c4-real-task-0133,ipfs_add,true,80,1783272758367,4372,,false
389,e6-lifecycle-20260705T173237.406901391Z-c4-real-task-0133,signed_posttask,true,3,1783272758447,0,QmV9gx3VUoqhkXRkzRD7hEPhbZz6mSJ82UTFrCpLh1TD3b,false
390,e6-lifecycle-20260705T173237.406901391Z-c4-real-task-0133,signed_postallocation,true,1,1783272758450,0,QmV9gx3VUoqhkXRkzRD7hEPhbZz6mSJ82UTFrCpLh1TD3b,false
391,e6-lifecycle-20260705T173237.406901391Z-c4-real-task-0133,signed_post_evalsnapshot,true,2,1783272758451,0,QmV9gx3VUoqhkXRkzRD7hEPhbZz6mSJ82UTFrCpLh1TD3b,false
392,e6-lifecycle-20260705T173237.406901391Z-c4-real-task-0133,signed_vote1,true,2,1783272758453,0,QmV9gx3VUoqhkXRkzRD7hEPhbZz6mSJ82UTFrCpLh1TD3b,false
393,e6-lifecycle-20260705T173237.406901391Z-c4-real-task-0133,signed_vote2,true,1,1783272758455,0,QmV9gx3VUoqhkXRkzRD7hEPhbZz6mSJ82UTFrCpLh1TD3b,false
394,e6-lifecycle-20260705T173237.406901391Z-c4-real-task-0133,signed_settlement,true,2,1783272758456,0,QmV9gx3VUoqhkXRkzRD7hEPhbZz6mSJ82UTFrCpLh1TD3b,false
395,e6-lifecycle-20260705T173237.406901391Z-c4-real-task-0133,signed_query_latest,true,0,1783272758458,0,QmV9gx3VUoqhkXRkzRD7hEPhbZz6mSJ82UTFrCpLh1TD3b,false
396,e6-lifecycle-20260705T173237.406901391Z-c4-real-task-0133,ipfs_verify,true,7,1783272758458,0,QmV9gx3VUoqhkXRkzRD7hEPhbZz6mSJ82UTFrCpLh1TD3b,false
397,e6-lifecycle-20260705T173237.406901391Z-c4-real-task-0134,ipfs_add,true,75,1783272758391,5569,,false
398,e6-lifecycle-20260705T173237.406901391Z-c4-real-task-0134,signed_posttask,true,2,1783272758466,0,QmPW1qU3hoUSoGbD2KjbwxVen41kGxev6EBjJ6zmEFnCrD,false
399,e6-lifecycle-20260705T173237.406901391Z-c4-real-task-0134,signed_postallocation,true,2,1783272758468,0,QmPW1qU3hoUSoGbD2KjbwxVen41kGxev6EBjJ6zmEFnCrD,false
400,e6-lifecycle-20260705T173237.406901391Z-c4-real-task-0134,signed_post_evalsnapshot,true,2,1783272758470,0,QmPW1qU3hoUSoGbD2KjbwxVen41kGxev6EBjJ6zmEFnCrD,false
401,e6-lifecycle-20260705T173237.406901391Z-c4-real-task-0134,signed_vote1,true,2,1783272758472,0,QmPW1qU3hoUSoGbD2KjbwxVen41kGxev6EBjJ6zmEFnCrD,false
402,e6-lifecycle-20260705T173237.406901391Z-c4-real-task-0134,signed_vote2,true,2,1783272758474,0,QmPW1qU3hoUSoGbD2KjbwxVen41kGxev6EBjJ6zmEFnCrD,false
403,e6-lifecycle-20260705T173237.406901391Z-c4-real-task-0134,signed_settlement,true,2,1783272758476,0,QmPW1qU3hoUSoGbD2KjbwxVen41kGxev6EBjJ6zmEFnCrD,false
404,e6-lifecycle-20260705T173237.406901391Z-c4-real-task-0134,signed_query_latest,true,0,1783272758478,0,QmPW1qU3hoUSoGbD2KjbwxVen41kGxev6EBjJ6zmEFnCrD,false
405,e6-lifecycle-20260705T173237.406901391Z-c4-real-task-0134,ipfs_verify,true,9,1783272758478,0,QmPW1qU3hoUSoGbD2KjbwxVen41kGxev6EBjJ6zmEFnCrD,false
406,e6-lifecycle-20260705T173237.406901391Z-c4-real-task-0135,ipfs_add,true,79,1783272758411,6297,,false
407,e6-lifecycle-20260705T173237.406901391Z-c4-real-task-0135,signed_posttask,true,5,1783272758490,0,QmRgs6w8r3X2JvyiVmXrFPnc5Whw1EhTnEw6iDRUTAKBSq,false
408,e6-lifecycle-20260705T173237.406901391Z-c4-real-task-0135,signed_postallocation,true,2,1783272758495,0,QmRgs6w8r3X2JvyiVmXrFPnc5Whw1EhTnEw6iDRUTAKBSq,false
409,e6-lifecycle-20260705T173237.406901391Z-c4-real-task-0135,signed_post_evalsnapshot,true,3,1783272758497,0,QmRgs6w8r3X2JvyiVmXrFPnc5Whw1EhTnEw6iDRUTAKBSq,false
410,e6-lifecycle-20260705T173237.406901391Z-c4-real-task-0135,signed_vote1,true,1,1783272758500,0,QmRgs6w8r3X2JvyiVmXrFPnc5Whw1EhTnEw6iDRUTAKBSq,false
411,e6-lifecycle-20260705T173237.406901391Z-c4-real-task-0135,signed_vote2,true,3,1783272758501,0,QmRgs6w8r3X2JvyiVmXrFPnc5Whw1EhTnEw6iDRUTAKBSq,false
412,e6-lifecycle-20260705T173237.406901391Z-c4-real-task-0135,signed_settlement,true,2,1783272758504,0,QmRgs6w8r3X2JvyiVmXrFPnc5Whw1EhTnEw6iDRUTAKBSq,false
413,e6-lifecycle-20260705T173237.406901391Z-c4-real-task-0135,signed_query_latest,true,0,1783272758506,0,QmRgs6w8r3X2JvyiVmXrFPnc5Whw1EhTnEw6iDRUTAKBSq,false
414,e6-lifecycle-20260705T173237.406901391Z-c4-real-task-0135,ipfs_verify,true,15,1783272758506,0,QmRgs6w8r3X2JvyiVmXrFPnc5Whw1EhTnEw6iDRUTAKBSq,false
415,e6-lifecycle-20260705T173237.406901391Z-c4-real-task-0136,ipfs_add,true,80,1783272758443,6870,,false
416,e6-lifecycle-20260705T173237.406901391Z-c4-real-task-0136,signed_posttask,true,2,1783272758523,0,QmUPhkQr4hDrWibXiUjzuteThhvoD1pXuAQ2pvNnCtyJec,false
417,e6-lifecycle-20260705T173237.406901391Z-c4-real-task-0136,signed_postallocation,true,2,1783272758525,0,QmUPhkQr4hDrWibXiUjzuteThhvoD1pXuAQ2pvNnCtyJec,false
418,e6-lifecycle-20260705T173237.406901391Z-c4-real-task-0136,signed_post_evalsnapshot,true,2,1783272758527,0,QmUPhkQr4hDrWibXiUjzuteThhvoD1pXuAQ2pvNnCtyJec,false
419,e6-lifecycle-20260705T173237.406901391Z-c4-real-task-0136,signed_vote1,true,2,1783272758529,0,QmUPhkQr4hDrWibXiUjzuteThhvoD1pXuAQ2pvNnCtyJec,false
420,e6-lifecycle-20260705T173237.406901391Z-c4-real-task-0136,signed_vote2,true,2,1783272758531,0,QmUPhkQr4hDrWibXiUjzuteThhvoD1pXuAQ2pvNnCtyJec,false
421,e6-lifecycle-20260705T173237.406901391Z-c4-real-task-0136,signed_settlement,true,2,1783272758533,0,QmUPhkQr4hDrWibXiUjzuteThhvoD1pXuAQ2pvNnCtyJec,false
422,e6-lifecycle-20260705T173237.406901391Z-c4-real-task-0136,signed_query_latest,true,0,1783272758535,0,QmUPhkQr4hDrWibXiUjzuteThhvoD1pXuAQ2pvNnCtyJec,false
423,e6-lifecycle-20260705T173237.406901391Z-c4-real-task-0137,ipfs_add,true,80,1783272758465,7887,,false
424,e6-lifecycle-20260705T173237.406901391Z-c4-real-task-0136,ipfs_verify,true,10,1783272758535,0,QmUPhkQr4hDrWibXiUjzuteThhvoD1pXuAQ2pvNnCtyJec,false
425,e6-lifecycle-20260705T173237.406901391Z-c4-real-task-0137,signed_posttask,true,1,1783272758545,0,QmWoPof7qbWPGdMFqG2nBUciJqbqXCfAPLUDZ7bcxJMDyk,false
426,e6-lifecycle-20260705T173237.406901391Z-c4-real-task-0137,signed_postallocation,true,2,1783272758546,0,QmWoPof7qbWPGdMFqG2nBUciJqbqXCfAPLUDZ7bcxJMDyk,false
427,e6-lifecycle-20260705T173237.406901391Z-c4-real-task-0137,signed_post_evalsnapshot,true,2,1783272758548,0,QmWoPof7qbWPGdMFqG2nBUciJqbqXCfAPLUDZ7bcxJMDyk,false
428,e6-lifecycle-20260705T173237.406901391Z-c4-real-task-0137,signed_vote1,true,3,1783272758550,0,QmWoPof7qbWPGdMFqG2nBUciJqbqXCfAPLUDZ7bcxJMDyk,false
429,e6-lifecycle-20260705T173237.406901391Z-c4-real-task-0137,signed_vote2,true,2,1783272758553,0,QmWoPof7qbWPGdMFqG2nBUciJqbqXCfAPLUDZ7bcxJMDyk,false
430,e6-lifecycle-20260705T173237.406901391Z-c4-real-task-0137,signed_settlement,true,2,1783272758555,0,QmWoPof7qbWPGdMFqG2nBUciJqbqXCfAPLUDZ7bcxJMDyk,false
431,e6-lifecycle-20260705T173237.406901391Z-c4-real-task-0137,signed_query_latest,true,0,1783272758557,0,QmWoPof7qbWPGdMFqG2nBUciJqbqXCfAPLUDZ7bcxJMDyk,false
432,e6-lifecycle-20260705T173237.406901391Z-c4-real-task-0137,ipfs_verify,true,9,1783272758557,0,QmWoPof7qbWPGdMFqG2nBUciJqbqXCfAPLUDZ7bcxJMDyk,false
433,e6-lifecycle-20260705T173237.406901391Z-c4-real-task-0138,ipfs_add,true,81,1783272758487,6123,,false
434,e6-lifecycle-20260705T173237.406901391Z-c4-real-task-0138,signed_posttask,true,2,1783272758568,0,QmbxM1rZVTmJDLmT8oQiDaJVpa1uuVzFek4Pc5717x6PYe,false
435,e6-lifecycle-20260705T173237.406901391Z-c4-real-task-0138,signed_postallocation,true,3,1783272758570,0,QmbxM1rZVTmJDLmT8oQiDaJVpa1uuVzFek4Pc5717x6PYe,false
436,e6-lifecycle-20260705T173237.406901391Z-c4-real-task-0138,signed_post_evalsnapshot,true,2,1783272758573,0,QmbxM1rZVTmJDLmT8oQiDaJVpa1uuVzFek4Pc5717x6PYe,false
437,e6-lifecycle-20260705T173237.406901391Z-c4-real-task-0138,signed_vote1,true,2,1783272758575,0,QmbxM1rZVTmJDLmT8oQiDaJVpa1uuVzFek4Pc5717x6PYe,false
438,e6-lifecycle-20260705T173237.406901391Z-c4-real-task-0138,signed_vote2,true,2,1783272758577,0,QmbxM1rZVTmJDLmT8oQiDaJVpa1uuVzFek4Pc5717x6PYe,false
439,e6-lifecycle-20260705T173237.406901391Z-c4-real-task-0138,signed_settlement,true,2,1783272758579,0,QmbxM1rZVTmJDLmT8oQiDaJVpa1uuVzFek4Pc5717x6PYe,false
440,e6-lifecycle-20260705T173237.406901391Z-c4-real-task-0138,signed_query_latest,true,0,1783272758581,0,QmbxM1rZVTmJDLmT8oQiDaJVpa1uuVzFek4Pc5717x6PYe,false
441,e6-lifecycle-20260705T173237.406901391Z-c4-real-task-0138,ipfs_verify,true,10,1783272758581,0,QmbxM1rZVTmJDLmT8oQiDaJVpa1uuVzFek4Pc5717x6PYe,false
442,e6-lifecycle-20260705T173237.406901391Z-c4-real-task-0139,ipfs_add,true,70,1783272758521,6068,,false
443,e6-lifecycle-20260705T173237.406901391Z-c4-real-task-0139,signed_posttask,true,9,1783272758591,0,QmcYTUAPQTyEWywqTmthoC8xdU1HHnjNHDDrwpWHCUcep9,false
444,e6-lifecycle-20260705T173237.406901391Z-c4-real-task-0139,signed_postallocation,true,2,1783272758600,0,QmcYTUAPQTyEWywqTmthoC8xdU1HHnjNHDDrwpWHCUcep9,false
445,e6-lifecycle-20260705T173237.406901391Z-c4-real-task-0139,signed_post_evalsnapshot,true,3,1783272758602,0,QmcYTUAPQTyEWywqTmthoC8xdU1HHnjNHDDrwpWHCUcep9,false
446,e6-lifecycle-20260705T173237.406901391Z-c4-real-task-0139,signed_vote1,true,3,1783272758605,0,QmcYTUAPQTyEWywqTmthoC8xdU1HHnjNHDDrwpWHCUcep9,false
447,e6-lifecycle-20260705T173237.406901391Z-c4-real-task-0139,signed_vote2,true,2,1783272758608,0,QmcYTUAPQTyEWywqTmthoC8xdU1HHnjNHDDrwpWHCUcep9,false
448,e6-lifecycle-20260705T173237.406901391Z-c4-real-task-0139,signed_settlement,true,2,1783272758610,0,QmcYTUAPQTyEWywqTmthoC8xdU1HHnjNHDDrwpWHCUcep9,false
449,e6-lifecycle-20260705T173237.406901391Z-c4-real-task-0139,signed_query_latest,true,0,1783272758612,0,QmcYTUAPQTyEWywqTmthoC8xdU1HHnjNHDDrwpWHCUcep9,false
450,e6-lifecycle-20260705T173237.406901391Z-c4-real-task-0139,ipfs_verify,true,15,1783272758612,0,QmcYTUAPQTyEWywqTmthoC8xdU1HHnjNHDDrwpWHCUcep9,false
451,e6-lifecycle-20260705T173237.406901391Z-c4-real-task-0140,ipfs_add,true,118,1783272758545,3566,,false
452,e6-lifecycle-20260705T173237.406901391Z-c4-real-task-0140,signed_posttask,true,3,1783272758663,0,QmbKUL6FKk5HdN2RKMY4E5T2YgBw8gzyMB9qqscewgU2PM,false
453,e6-lifecycle-20260705T173237.406901391Z-c4-real-task-0140,signed_postallocation,true,2,1783272758666,0,QmbKUL6FKk5HdN2RKMY4E5T2YgBw8gzyMB9qqscewgU2PM,false
454,e6-lifecycle-20260705T173237.406901391Z-c4-real-task-0140,signed_post_evalsnapshot,true,1,1783272758668,0,QmbKUL6FKk5HdN2RKMY4E5T2YgBw8gzyMB9qqscewgU2PM,false
455,e6-lifecycle-20260705T173237.406901391Z-c4-real-task-0140,signed_vote1,true,3,1783272758669,0,QmbKUL6FKk5HdN2RKMY4E5T2YgBw8gzyMB9qqscewgU2PM,false
456,e6-lifecycle-20260705T173237.406901391Z-c4-real-task-0140,signed_vote2,true,1,1783272758672,0,QmbKUL6FKk5HdN2RKMY4E5T2YgBw8gzyMB9qqscewgU2PM,false
457,e6-lifecycle-20260705T173237.406901391Z-c4-real-task-0140,signed_settlement,true,2,1783272758673,0,QmbKUL6FKk5HdN2RKMY4E5T2YgBw8gzyMB9qqscewgU2PM,false
458,e6-lifecycle-20260705T173237.406901391Z-c4-real-task-0140,signed_query_latest,true,0,1783272758675,0,QmbKUL6FKk5HdN2RKMY4E5T2YgBw8gzyMB9qqscewgU2PM,false
459,e6-lifecycle-20260705T173237.406901391Z-c4-real-task-0140,ipfs_verify,true,10,1783272758675,0,QmbKUL6FKk5HdN2RKMY4E5T2YgBw8gzyMB9qqscewgU2PM,false
460,e6-lifecycle-20260705T173237.406901391Z-c4-real-task-0143,ipfs_add,true,58,1783272758627,4660,,false
461,e6-lifecycle-20260705T173237.406901391Z-c4-real-task-0141,ipfs_add,true,119,1783272758566,3943,,false
462,e6-lifecycle-20260705T173237.406901391Z-c4-real-task-0142,ipfs_add,true,95,1783272758591,4723,,false
463,e6-lifecycle-20260705T173237.406901391Z-c4-real-task-0143,signed_posttask,true,2,1783272758685,0,QmTVqeXCxoxwjjanTn4HJUbLVnB4bpVmZgGrTummJ1AQqo,false
464,e6-lifecycle-20260705T173237.406901391Z-c4-real-task-0143,signed_postallocation,true,2,1783272758687,0,QmTVqeXCxoxwjjanTn4HJUbLVnB4bpVmZgGrTummJ1AQqo,false
465,e6-lifecycle-20260705T173237.406901391Z-c4-real-task-0141,signed_posttask,true,6,1783272758685,0,QmU8ccPSVuF7qqoiKy2DMjjWHVge9mBhGy7hX3oM4mFnxu,false
466,e6-lifecycle-20260705T173237.406901391Z-c4-real-task-0142,signed_posttask,true,7,1783272758686,0,QmU3gpt8BjdpgMNTTBdF3QXFR37K5SeqUjAYEdmDDig4s5,false
467,e6-lifecycle-20260705T173237.406901391Z-c4-real-task-0143,signed_post_evalsnapshot,true,6,1783272758689,0,QmTVqeXCxoxwjjanTn4HJUbLVnB4bpVmZgGrTummJ1AQqo,false
468,e6-lifecycle-20260705T173237.406901391Z-c4-real-task-0141,signed_postallocation,true,6,1783272758691,0,QmU8ccPSVuF7qqoiKy2DMjjWHVge9mBhGy7hX3oM4mFnxu,false
469,e6-lifecycle-20260705T173237.406901391Z-c4-real-task-0142,signed_postallocation,true,6,1783272758693,0,QmU3gpt8BjdpgMNTTBdF3QXFR37K5SeqUjAYEdmDDig4s5,false
470,e6-lifecycle-20260705T173237.406901391Z-c4-real-task-0143,signed_vote1,true,6,1783272758695,0,QmTVqeXCxoxwjjanTn4HJUbLVnB4bpVmZgGrTummJ1AQqo,false
471,e6-lifecycle-20260705T173237.406901391Z-c4-real-task-0141,signed_post_evalsnapshot,true,6,1783272758697,0,QmU8ccPSVuF7qqoiKy2DMjjWHVge9mBhGy7hX3oM4mFnxu,false
472,e6-lifecycle-20260705T173237.406901391Z-c4-real-task-0142,signed_post_evalsnapshot,true,6,1783272758699,0,QmU3gpt8BjdpgMNTTBdF3QXFR37K5SeqUjAYEdmDDig4s5,false
473,e6-lifecycle-20260705T173237.406901391Z-c4-real-task-0143,signed_vote2,true,5,1783272758701,0,QmTVqeXCxoxwjjanTn4HJUbLVnB4bpVmZgGrTummJ1AQqo,false
474,e6-lifecycle-20260705T173237.406901391Z-c4-real-task-0141,signed_vote1,true,6,1783272758703,0,QmU8ccPSVuF7qqoiKy2DMjjWHVge9mBhGy7hX3oM4mFnxu,false
475,e6-lifecycle-20260705T173237.406901391Z-c4-real-task-0142,signed_vote1,true,7,1783272758705,0,QmU3gpt8BjdpgMNTTBdF3QXFR37K5SeqUjAYEdmDDig4s5,false
476,e6-lifecycle-20260705T173237.406901391Z-c4-real-task-0143,signed_settlement,true,8,1783272758706,0,QmTVqeXCxoxwjjanTn4HJUbLVnB4bpVmZgGrTummJ1AQqo,false
477,e6-lifecycle-20260705T173237.406901391Z-c4-real-task-0141,signed_vote2,true,7,1783272758709,0,QmU8ccPSVuF7qqoiKy2DMjjWHVge9mBhGy7hX3oM4mFnxu,false
478,e6-lifecycle-20260705T173237.406901391Z-c4-real-task-0142,signed_vote2,true,5,1783272758712,0,QmU3gpt8BjdpgMNTTBdF3QXFR37K5SeqUjAYEdmDDig4s5,false
479,e6-lifecycle-20260705T173237.406901391Z-c4-real-task-0143,signed_query_latest,true,3,1783272758714,0,QmTVqeXCxoxwjjanTn4HJUbLVnB4bpVmZgGrTummJ1AQqo,false
480,e6-lifecycle-20260705T173237.406901391Z-c4-real-task-0141,signed_settlement,true,3,1783272758716,0,QmU8ccPSVuF7qqoiKy2DMjjWHVge9mBhGy7hX3oM4mFnxu,false
481,e6-lifecycle-20260705T173237.406901391Z-c4-real-task-0141,signed_query_latest,true,0,1783272758719,0,QmU8ccPSVuF7qqoiKy2DMjjWHVge9mBhGy7hX3oM4mFnxu,false
482,e6-lifecycle-20260705T173237.406901391Z-c4-real-task-0142,signed_settlement,true,4,1783272758717,0,QmU3gpt8BjdpgMNTTBdF3QXFR37K5SeqUjAYEdmDDig4s5,false
483,e6-lifecycle-20260705T173237.406901391Z-c4-real-task-0142,signed_query_latest,true,0,1783272758721,0,QmU3gpt8BjdpgMNTTBdF3QXFR37K5SeqUjAYEdmDDig4s5,false
484,e6-lifecycle-20260705T173237.406901391Z-c4-real-task-0144,ipfs_add,true,39,1783272758685,4312,,false
485,e6-lifecycle-20260705T173237.406901391Z-c4-real-task-0144,signed_posttask,true,2,1783272758724,0,QmQZAxaxKLLJQ3P2WWPiuXefNDpmhXdj7A3T7qaNxDGnnf,false
486,e6-lifecycle-20260705T173237.406901391Z-c4-real-task-0143,ipfs_verify,true,9,1783272758717,0,QmTVqeXCxoxwjjanTn4HJUbLVnB4bpVmZgGrTummJ1AQqo,false
487,e6-lifecycle-20260705T173237.406901391Z-c4-real-task-0144,signed_postallocation,true,1,1783272758726,0,QmQZAxaxKLLJQ3P2WWPiuXefNDpmhXdj7A3T7qaNxDGnnf,false
488,e6-lifecycle-20260705T173237.406901391Z-c4-real-task-0141,ipfs_verify,true,9,1783272758719,0,QmU8ccPSVuF7qqoiKy2DMjjWHVge9mBhGy7hX3oM4mFnxu,false
489,e6-lifecycle-20260705T173237.406901391Z-c4-real-task-0142,ipfs_verify,true,8,1783272758721,0,QmU3gpt8BjdpgMNTTBdF3QXFR37K5SeqUjAYEdmDDig4s5,false
490,e6-lifecycle-20260705T173237.406901391Z-c4-real-task-0144,signed_post_evalsnapshot,true,7,1783272758727,0,QmQZAxaxKLLJQ3P2WWPiuXefNDpmhXdj7A3T7qaNxDGnnf,false
491,e6-lifecycle-20260705T173237.406901391Z-c4-real-task-0144,signed_vote1,true,2,1783272758734,0,QmQZAxaxKLLJQ3P2WWPiuXefNDpmhXdj7A3T7qaNxDGnnf,false
492,e6-lifecycle-20260705T173237.406901391Z-c4-real-task-0144,signed_vote2,true,2,1783272758736,0,QmQZAxaxKLLJQ3P2WWPiuXefNDpmhXdj7A3T7qaNxDGnnf,false
493,e6-lifecycle-20260705T173237.406901391Z-c4-real-task-0144,signed_settlement,true,3,1783272758738,0,QmQZAxaxKLLJQ3P2WWPiuXefNDpmhXdj7A3T7qaNxDGnnf,false
494,e6-lifecycle-20260705T173237.406901391Z-c4-real-task-0144,signed_query_latest,true,0,1783272758741,0,QmQZAxaxKLLJQ3P2WWPiuXefNDpmhXdj7A3T7qaNxDGnnf,false
495,e6-lifecycle-20260705T173237.406901391Z-c4-real-task-0144,ipfs_verify,true,8,1783272758741,0,QmQZAxaxKLLJQ3P2WWPiuXefNDpmhXdj7A3T7qaNxDGnnf,false
496,e6-lifecycle-20260705T173237.406901391Z-c4-real-task-0145,ipfs_add,true,48,1783272758726,5462,,false
497,e6-lifecycle-20260705T173237.406901391Z-c4-real-task-0145,signed_posttask,true,2,1783272758774,0,QmQawzw1KxV8h7JpxSeDVLwBKMdBrxUCm6dAZkW6LZqh7T,false
498,e6-lifecycle-20260705T173237.406901391Z-c4-real-task-0145,signed_postallocation,true,2,1783272758776,0,QmQawzw1KxV8h7JpxSeDVLwBKMdBrxUCm6dAZkW6LZqh7T,false
499,e6-lifecycle-20260705T173237.406901391Z-c4-real-task-0145,signed_post_evalsnapshot,true,1,1783272758778,0,QmQawzw1KxV8h7JpxSeDVLwBKMdBrxUCm6dAZkW6LZqh7T,false
500,e6-lifecycle-20260705T173237.406901391Z-c4-real-task-0145,signed_vote1,true,2,1783272758779,0,QmQawzw1KxV8h7JpxSeDVLwBKMdBrxUCm6dAZkW6LZqh7T,false
501,e6-lifecycle-20260705T173237.406901391Z-c4-real-task-0145,signed_vote2,true,2,1783272758781,0,QmQawzw1KxV8h7JpxSeDVLwBKMdBrxUCm6dAZkW6LZqh7T,false
502,e6-lifecycle-20260705T173237.406901391Z-c4-real-task-0145,signed_settlement,true,2,1783272758783,0,QmQawzw1KxV8h7JpxSeDVLwBKMdBrxUCm6dAZkW6LZqh7T,false
503,e6-lifecycle-20260705T173237.406901391Z-c4-real-task-0145,signed_query_latest,true,0,1783272758785,0,QmQawzw1KxV8h7JpxSeDVLwBKMdBrxUCm6dAZkW6LZqh7T,false
504,e6-lifecycle-20260705T173237.406901391Z-c4-real-task-0146,ipfs_add,true,64,1783272758728,5475,,false
505,e6-lifecycle-20260705T173237.406901391Z-c4-real-task-0145,ipfs_verify,true,7,1783272758785,0,QmQawzw1KxV8h7JpxSeDVLwBKMdBrxUCm6dAZkW6LZqh7T,false
506,e6-lifecycle-20260705T173237.406901391Z-c4-real-task-0146,signed_posttask,true,2,1783272758792,0,QmTMCQj8BgjN1EopLd1uCHtQPJNQPLrifD8h5c2wtJkq4h,false
507,e6-lifecycle-20260705T173237.406901391Z-c4-real-task-0146,signed_postallocation,true,2,1783272758794,0,QmTMCQj8BgjN1EopLd1uCHtQPJNQPLrifD8h5c2wtJkq4h,false
508,e6-lifecycle-20260705T173237.406901391Z-c4-real-task-0146,signed_post_evalsnapshot,true,2,1783272758796,0,QmTMCQj8BgjN1EopLd1uCHtQPJNQPLrifD8h5c2wtJkq4h,false
509,e6-lifecycle-20260705T173237.406901391Z-c4-real-task-0146,signed_vote1,true,1,1783272758798,0,QmTMCQj8BgjN1EopLd1uCHtQPJNQPLrifD8h5c2wtJkq4h,false
510,e6-lifecycle-20260705T173237.406901391Z-c4-real-task-0146,signed_vote2,true,2,1783272758799,0,QmTMCQj8BgjN1EopLd1uCHtQPJNQPLrifD8h5c2wtJkq4h,false
511,e6-lifecycle-20260705T173237.406901391Z-c4-real-task-0146,signed_settlement,true,2,1783272758801,0,QmTMCQj8BgjN1EopLd1uCHtQPJNQPLrifD8h5c2wtJkq4h,false
512,e6-lifecycle-20260705T173237.406901391Z-c4-real-task-0146,signed_query_latest,true,0,1783272758803,0,QmTMCQj8BgjN1EopLd1uCHtQPJNQPLrifD8h5c2wtJkq4h,false
513,e6-lifecycle-20260705T173237.406901391Z-c4-real-task-0146,ipfs_verify,true,8,1783272758803,0,QmTMCQj8BgjN1EopLd1uCHtQPJNQPLrifD8h5c2wtJkq4h,false
514,e6-lifecycle-20260705T173237.406901391Z-c4-real-task-0147,ipfs_add,true,82,1783272758729,4284,,false
515,e6-lifecycle-20260705T173237.406901391Z-c4-real-task-0147,signed_posttask,true,2,1783272758811,0,QmaFJBETp4JJdAzBH3NfaGGXCVai8pRVmMEDArMatXyrJg,false
516,e6-lifecycle-20260705T173237.406901391Z-c4-real-task-0147,signed_postallocation,true,2,1783272758813,0,QmaFJBETp4JJdAzBH3NfaGGXCVai8pRVmMEDArMatXyrJg,false
517,e6-lifecycle-20260705T173237.406901391Z-c4-real-task-0147,signed_post_evalsnapshot,true,1,1783272758815,0,QmaFJBETp4JJdAzBH3NfaGGXCVai8pRVmMEDArMatXyrJg,false
518,e6-lifecycle-20260705T173237.406901391Z-c4-real-task-0147,signed_vote1,true,2,1783272758816,0,QmaFJBETp4JJdAzBH3NfaGGXCVai8pRVmMEDArMatXyrJg,false
519,e6-lifecycle-20260705T173237.406901391Z-c4-real-task-0147,signed_vote2,true,2,1783272758818,0,QmaFJBETp4JJdAzBH3NfaGGXCVai8pRVmMEDArMatXyrJg,false
520,e6-lifecycle-20260705T173237.406901391Z-c4-real-task-0147,signed_settlement,true,1,1783272758820,0,QmaFJBETp4JJdAzBH3NfaGGXCVai8pRVmMEDArMatXyrJg,false
521,e6-lifecycle-20260705T173237.406901391Z-c4-real-task-0147,signed_query_latest,true,0,1783272758821,0,QmaFJBETp4JJdAzBH3NfaGGXCVai8pRVmMEDArMatXyrJg,false
522,e6-lifecycle-20260705T173237.406901391Z-c4-real-task-0148,ipfs_add,true,83,1783272758749,5640,,false
523,e6-lifecycle-20260705T173237.406901391Z-c4-real-task-0147,ipfs_verify,true,11,1783272758821,0,QmaFJBETp4JJdAzBH3NfaGGXCVai8pRVmMEDArMatXyrJg,false
524,e6-lifecycle-20260705T173237.406901391Z-c4-real-task-0148,signed_posttask,true,4,1783272758832,0,QmdfWtEvP6wCkESL2DE4rXkFf4ZAEuqAaWhur95DF4ivC9,false
525,e6-lifecycle-20260705T173237.406901391Z-c4-real-task-0148,signed_postallocation,true,1,1783272758836,0,QmdfWtEvP6wCkESL2DE4rXkFf4ZAEuqAaWhur95DF4ivC9,false
526,e6-lifecycle-20260705T173237.406901391Z-c4-real-task-0148,signed_post_evalsnapshot,true,2,1783272758837,0,QmdfWtEvP6wCkESL2DE4rXkFf4ZAEuqAaWhur95DF4ivC9,false
527,e6-lifecycle-20260705T173237.406901391Z-c4-real-task-0148,signed_vote1,true,2,1783272758839,0,QmdfWtEvP6wCkESL2DE4rXkFf4ZAEuqAaWhur95DF4ivC9,false
528,e6-lifecycle-20260705T173237.406901391Z-c4-real-task-0148,signed_vote2,true,2,1783272758841,0,QmdfWtEvP6wCkESL2DE4rXkFf4ZAEuqAaWhur95DF4ivC9,false
529,e6-lifecycle-20260705T173237.406901391Z-c4-real-task-0148,signed_settlement,true,2,1783272758843,0,QmdfWtEvP6wCkESL2DE4rXkFf4ZAEuqAaWhur95DF4ivC9,false
530,e6-lifecycle-20260705T173237.406901391Z-c4-real-task-0148,signed_query_latest,true,0,1783272758845,0,QmdfWtEvP6wCkESL2DE4rXkFf4ZAEuqAaWhur95DF4ivC9,false
531,e6-lifecycle-20260705T173237.406901391Z-c4-real-task-0148,ipfs_verify,true,7,1783272758845,0,QmdfWtEvP6wCkESL2DE4rXkFf4ZAEuqAaWhur95DF4ivC9,false
532,e6-lifecycle-20260705T173237.406901391Z-c4-real-task-0149,ipfs_add,true,66,1783272758792,2546,,false
533,e6-lifecycle-20260705T173237.406901391Z-c4-real-task-0149,signed_posttask,true,1,1783272758858,0,QmauYMYLrj6Qa4iDEtbq6r8Nut8Mam7NzrHGxXBG78msQ1,false
534,e6-lifecycle-20260705T173237.406901391Z-c4-real-task-0149,signed_postallocation,true,2,1783272758859,0,QmauYMYLrj6Qa4iDEtbq6r8Nut8Mam7NzrHGxXBG78msQ1,false
535,e6-lifecycle-20260705T173237.406901391Z-c4-real-task-0149,signed_post_evalsnapshot,true,2,1783272758861,0,QmauYMYLrj6Qa4iDEtbq6r8Nut8Mam7NzrHGxXBG78msQ1,false
536,e6-lifecycle-20260705T173237.406901391Z-c4-real-task-0149,signed_vote1,true,2,1783272758863,0,QmauYMYLrj6Qa4iDEtbq6r8Nut8Mam7NzrHGxXBG78msQ1,false
537,e6-lifecycle-20260705T173237.406901391Z-c4-real-task-0149,signed_vote2,true,1,1783272758865,0,QmauYMYLrj6Qa4iDEtbq6r8Nut8Mam7NzrHGxXBG78msQ1,false
538,e6-lifecycle-20260705T173237.406901391Z-c4-real-task-0149,signed_settlement,true,2,1783272758866,0,QmauYMYLrj6Qa4iDEtbq6r8Nut8Mam7NzrHGxXBG78msQ1,false
539,e6-lifecycle-20260705T173237.406901391Z-c4-real-task-0149,signed_query_latest,true,0,1783272758868,0,QmauYMYLrj6Qa4iDEtbq6r8Nut8Mam7NzrHGxXBG78msQ1,false
540,e6-lifecycle-20260705T173237.406901391Z-c4-real-task-0149,ipfs_verify,true,7,1783272758868,0,QmauYMYLrj6Qa4iDEtbq6r8Nut8Mam7NzrHGxXBG78msQ1,false
541,e6-lifecycle-20260705T173237.406901391Z-c4-real-task-0150,ipfs_add,true,66,1783272758811,1854,,false
542,e6-lifecycle-20260705T173237.406901391Z-c4-real-task-0150,signed_posttask,true,7,1783272758877,0,Qmai7UoY48iFcYWTQWg3KAhEtCNFhrWvnyLa9J1qYPcDzG,false
543,e6-lifecycle-20260705T173237.406901391Z-c4-real-task-0150,signed_postallocation,true,2,1783272758884,0,Qmai7UoY48iFcYWTQWg3KAhEtCNFhrWvnyLa9J1qYPcDzG,false
544,e6-lifecycle-20260705T173237.406901391Z-c4-real-task-0150,signed_post_evalsnapshot,true,2,1783272758886,0,Qmai7UoY48iFcYWTQWg3KAhEtCNFhrWvnyLa9J1qYPcDzG,false
545,e6-lifecycle-20260705T173237.406901391Z-c4-real-task-0150,signed_vote1,true,2,1783272758888,0,Qmai7UoY48iFcYWTQWg3KAhEtCNFhrWvnyLa9J1qYPcDzG,false
546,e6-lifecycle-20260705T173237.406901391Z-c4-real-task-0150,signed_vote2,true,2,1783272758890,0,Qmai7UoY48iFcYWTQWg3KAhEtCNFhrWvnyLa9J1qYPcDzG,false
547,e6-lifecycle-20260705T173237.406901391Z-c4-real-task-0150,signed_settlement,true,2,1783272758892,0,Qmai7UoY48iFcYWTQWg3KAhEtCNFhrWvnyLa9J1qYPcDzG,false
548,e6-lifecycle-20260705T173237.406901391Z-c4-real-task-0150,signed_query_latest,true,0,1783272758894,0,Qmai7UoY48iFcYWTQWg3KAhEtCNFhrWvnyLa9J1qYPcDzG,false
549,e6-lifecycle-20260705T173237.406901391Z-c4-real-task-0150,ipfs_verify,true,7,1783272758894,0,Qmai7UoY48iFcYWTQWg3KAhEtCNFhrWvnyLa9J1qYPcDzG,false
550,e6-lifecycle-20260705T173237.406901391Z-c4-real-task-0151,ipfs_add,true,68,1783272758833,8145,,false
551,e6-lifecycle-20260705T173237.406901391Z-c4-real-task-0151,signed_posttask,true,2,1783272758901,0,QmeY5sC4Xv3La4heuKD61xoMY8zD7nwjwXk76bcuFjtHdG,false
552,e6-lifecycle-20260705T173237.406901391Z-c4-real-task-0151,signed_postallocation,true,1,1783272758903,0,QmeY5sC4Xv3La4heuKD61xoMY8zD7nwjwXk76bcuFjtHdG,false
553,e6-lifecycle-20260705T173237.406901391Z-c4-real-task-0151,signed_post_evalsnapshot,true,2,1783272758904,0,QmeY5sC4Xv3La4heuKD61xoMY8zD7nwjwXk76bcuFjtHdG,false
554,e6-lifecycle-20260705T173237.406901391Z-c4-real-task-0151,signed_vote1,true,2,1783272758906,0,QmeY5sC4Xv3La4heuKD61xoMY8zD7nwjwXk76bcuFjtHdG,false
555,e6-lifecycle-20260705T173237.406901391Z-c4-real-task-0151,signed_vote2,true,2,1783272758908,0,QmeY5sC4Xv3La4heuKD61xoMY8zD7nwjwXk76bcuFjtHdG,false
556,e6-lifecycle-20260705T173237.406901391Z-c4-real-task-0151,signed_settlement,true,2,1783272758910,0,QmeY5sC4Xv3La4heuKD61xoMY8zD7nwjwXk76bcuFjtHdG,false
557,e6-lifecycle-20260705T173237.406901391Z-c4-real-task-0151,signed_query_latest,true,0,1783272758912,0,QmeY5sC4Xv3La4heuKD61xoMY8zD7nwjwXk76bcuFjtHdG,false
558,e6-lifecycle-20260705T173237.406901391Z-c4-real-task-0151,ipfs_verify,true,16,1783272758912,0,QmeY5sC4Xv3La4heuKD61xoMY8zD7nwjwXk76bcuFjtHdG,false
559,e6-lifecycle-20260705T173237.406901391Z-c4-real-task-0152,ipfs_add,true,87,1783272758852,1875,,false
560,e6-lifecycle-20260705T173237.406901391Z-c4-real-task-0152,signed_posttask,true,2,1783272758939,0,QmPmVehraUyhMbSn9HCTL8q359r1tCfXC2uYfULpBHLvjP,false
561,e6-lifecycle-20260705T173237.406901391Z-c4-real-task-0152,signed_postallocation,true,1,1783272758941,0,QmPmVehraUyhMbSn9HCTL8q359r1tCfXC2uYfULpBHLvjP,false
562,e6-lifecycle-20260705T173237.406901391Z-c4-real-task-0152,signed_post_evalsnapshot,true,2,1783272758942,0,QmPmVehraUyhMbSn9HCTL8q359r1tCfXC2uYfULpBHLvjP,false
563,e6-lifecycle-20260705T173237.406901391Z-c4-real-task-0152,signed_vote1,true,2,1783272758944,0,QmPmVehraUyhMbSn9HCTL8q359r1tCfXC2uYfULpBHLvjP,false
564,e6-lifecycle-20260705T173237.406901391Z-c4-real-task-0152,signed_vote2,true,1,1783272758946,0,QmPmVehraUyhMbSn9HCTL8q359r1tCfXC2uYfULpBHLvjP,false
565,e6-lifecycle-20260705T173237.406901391Z-c4-real-task-0152,signed_settlement,true,2,1783272758947,0,QmPmVehraUyhMbSn9HCTL8q359r1tCfXC2uYfULpBHLvjP,false
566,e6-lifecycle-20260705T173237.406901391Z-c4-real-task-0152,signed_query_latest,true,0,1783272758949,0,QmPmVehraUyhMbSn9HCTL8q359r1tCfXC2uYfULpBHLvjP,false
567,e6-lifecycle-20260705T173237.406901391Z-c4-real-task-0152,ipfs_verify,true,9,1783272758949,0,QmPmVehraUyhMbSn9HCTL8q359r1tCfXC2uYfULpBHLvjP,false
568,e6-lifecycle-20260705T173237.406901391Z-c4-real-task-0153,ipfs_add,true,83,1783272758875,1788,,false
569,e6-lifecycle-20260705T173237.406901391Z-c4-real-task-0153,signed_posttask,true,2,1783272758958,0,QmRZHsRgbCA4gkEdt79xRJkB1H6eYmgZjWvtkeZDXPP6aA,false
570,e6-lifecycle-20260705T173237.406901391Z-c4-real-task-0153,signed_postallocation,true,1,1783272758960,0,QmRZHsRgbCA4gkEdt79xRJkB1H6eYmgZjWvtkeZDXPP6aA,false
571,e6-lifecycle-20260705T173237.406901391Z-c4-real-task-0153,signed_post_evalsnapshot,true,2,1783272758961,0,QmRZHsRgbCA4gkEdt79xRJkB1H6eYmgZjWvtkeZDXPP6aA,false
572,e6-lifecycle-20260705T173237.406901391Z-c4-real-task-0153,signed_vote1,true,1,1783272758963,0,QmRZHsRgbCA4gkEdt79xRJkB1H6eYmgZjWvtkeZDXPP6aA,false
573,e6-lifecycle-20260705T173237.406901391Z-c4-real-task-0153,signed_vote2,true,2,1783272758964,0,QmRZHsRgbCA4gkEdt79xRJkB1H6eYmgZjWvtkeZDXPP6aA,false
574,e6-lifecycle-20260705T173237.406901391Z-c4-real-task-0153,signed_settlement,true,2,1783272758966,0,QmRZHsRgbCA4gkEdt79xRJkB1H6eYmgZjWvtkeZDXPP6aA,false
575,e6-lifecycle-20260705T173237.406901391Z-c4-real-task-0153,signed_query_latest,true,0,1783272758968,0,QmRZHsRgbCA4gkEdt79xRJkB1H6eYmgZjWvtkeZDXPP6aA,false
576,e6-lifecycle-20260705T173237.406901391Z-c4-real-task-0153,ipfs_verify,true,8,1783272758968,0,QmRZHsRgbCA4gkEdt79xRJkB1H6eYmgZjWvtkeZDXPP6aA,false
577,e6-lifecycle-20260705T173237.406901391Z-c4-real-task-0154,ipfs_add,true,84,1783272758901,1793,,false
578,e6-lifecycle-20260705T173237.406901391Z-c4-real-task-0154,signed_posttask,true,2,1783272758985,0,QmP1smz82VDmVYAjCDQXQL3tQyjhLY9AZx4ihRR3bmQmqR,false
579,e6-lifecycle-20260705T173237.406901391Z-c4-real-task-0154,signed_postallocation,true,1,1783272758987,0,QmP1smz82VDmVYAjCDQXQL3tQyjhLY9AZx4ihRR3bmQmqR,false
580,e6-lifecycle-20260705T173237.406901391Z-c4-real-task-0154,signed_post_evalsnapshot,true,2,1783272758988,0,QmP1smz82VDmVYAjCDQXQL3tQyjhLY9AZx4ihRR3bmQmqR,false
581,e6-lifecycle-20260705T173237.406901391Z-c4-real-task-0154,signed_vote1,true,2,1783272758990,0,QmP1smz82VDmVYAjCDQXQL3tQyjhLY9AZx4ihRR3bmQmqR,false
582,e6-lifecycle-20260705T173237.406901391Z-c4-real-task-0154,signed_vote2,true,1,1783272758992,0,QmP1smz82VDmVYAjCDQXQL3tQyjhLY9AZx4ihRR3bmQmqR,false
583,e6-lifecycle-20260705T173237.406901391Z-c4-real-task-0154,signed_settlement,true,2,1783272758993,0,QmP1smz82VDmVYAjCDQXQL3tQyjhLY9AZx4ihRR3bmQmqR,false
584,e6-lifecycle-20260705T173237.406901391Z-c4-real-task-0154,signed_query_latest,true,0,1783272758995,0,QmP1smz82VDmVYAjCDQXQL3tQyjhLY9AZx4ihRR3bmQmqR,false
585,e6-lifecycle-20260705T173237.406901391Z-c4-real-task-0154,ipfs_verify,true,9,1783272758995,0,QmP1smz82VDmVYAjCDQXQL3tQyjhLY9AZx4ihRR3bmQmqR,false
586,e6-lifecycle-20260705T173237.406901391Z-c4-real-task-0155,ipfs_add,true,78,1783272758928,1762,,false
587,e6-lifecycle-20260705T173237.406901391Z-c4-real-task-0155,signed_posttask,true,2,1783272759006,0,QmZKGWeYUaSbmhea5zAe3URkAmm7YgQGteWNmKZR7217eJ,false
588,e6-lifecycle-20260705T173237.406901391Z-c4-real-task-0155,signed_postallocation,true,2,1783272759008,0,QmZKGWeYUaSbmhea5zAe3URkAmm7YgQGteWNmKZR7217eJ,false
589,e6-lifecycle-20260705T173237.406901391Z-c4-real-task-0155,signed_post_evalsnapshot,true,1,1783272759010,0,QmZKGWeYUaSbmhea5zAe3URkAmm7YgQGteWNmKZR7217eJ,false
590,e6-lifecycle-20260705T173237.406901391Z-c4-real-task-0155,signed_vote1,true,2,1783272759011,0,QmZKGWeYUaSbmhea5zAe3URkAmm7YgQGteWNmKZR7217eJ,false
591,e6-lifecycle-20260705T173237.406901391Z-c4-real-task-0155,signed_vote2,true,2,1783272759013,0,QmZKGWeYUaSbmhea5zAe3URkAmm7YgQGteWNmKZR7217eJ,false
592,e6-lifecycle-20260705T173237.406901391Z-c4-real-task-0155,signed_settlement,true,1,1783272759015,0,QmZKGWeYUaSbmhea5zAe3URkAmm7YgQGteWNmKZR7217eJ,false
593,e6-lifecycle-20260705T173237.406901391Z-c4-real-task-0155,signed_query_latest,true,0,1783272759016,0,QmZKGWeYUaSbmhea5zAe3URkAmm7YgQGteWNmKZR7217eJ,false
594,e6-lifecycle-20260705T173237.406901391Z-c4-real-task-0155,ipfs_verify,true,9,1783272759016,0,QmZKGWeYUaSbmhea5zAe3URkAmm7YgQGteWNmKZR7217eJ,false
595,e6-lifecycle-20260705T173237.406901391Z-c4-real-task-0156,ipfs_add,true,69,1783272758958,5744,,false
596,e6-lifecycle-20260705T173237.406901391Z-c4-real-task-0156,signed_posttask,true,2,1783272759027,0,QmSqr1qUgBC93JV58qSDUGhGxFsKaVMkP8Lc2oQULWUSmz,false
597,e6-lifecycle-20260705T173237.406901391Z-c4-real-task-0156,signed_postallocation,true,2,1783272759029,0,QmSqr1qUgBC93JV58qSDUGhGxFsKaVMkP8Lc2oQULWUSmz,false
598,e6-lifecycle-20260705T173237.406901391Z-c4-real-task-0156,signed_post_evalsnapshot,true,2,1783272759031,0,QmSqr1qUgBC93JV58qSDUGhGxFsKaVMkP8Lc2oQULWUSmz,false
599,e6-lifecycle-20260705T173237.406901391Z-c4-real-task-0156,signed_vote1,true,1,1783272759033,0,QmSqr1qUgBC93JV58qSDUGhGxFsKaVMkP8Lc2oQULWUSmz,false
600,e6-lifecycle-20260705T173237.406901391Z-c4-real-task-0156,signed_vote2,true,2,1783272759034,0,QmSqr1qUgBC93JV58qSDUGhGxFsKaVMkP8Lc2oQULWUSmz,false
601,e6-lifecycle-20260705T173237.406901391Z-c4-real-task-0156,signed_settlement,true,2,1783272759036,0,QmSqr1qUgBC93JV58qSDUGhGxFsKaVMkP8Lc2oQULWUSmz,false
602,e6-lifecycle-20260705T173237.406901391Z-c4-real-task-0156,signed_query_latest,true,0,1783272759038,0,QmSqr1qUgBC93JV58qSDUGhGxFsKaVMkP8Lc2oQULWUSmz,false
603,e6-lifecycle-20260705T173237.406901391Z-c4-real-task-0156,ipfs_verify,true,11,1783272759038,0,QmSqr1qUgBC93JV58qSDUGhGxFsKaVMkP8Lc2oQULWUSmz,false
604,e6-lifecycle-20260705T173237.406901391Z-c4-real-task-0157,ipfs_add,true,77,1783272758976,5957,,false
605,e6-lifecycle-20260705T173237.406901391Z-c4-real-task-0157,signed_posttask,true,3,1783272759053,0,QmWamsqRbU1q3fiJX5vX2XCvBRJV8eoK1PEp3ctrbdxoam,false
606,e6-lifecycle-20260705T173237.406901391Z-c4-real-task-0157,signed_postallocation,true,1,1783272759056,0,QmWamsqRbU1q3fiJX5vX2XCvBRJV8eoK1PEp3ctrbdxoam,false
607,e6-lifecycle-20260705T173237.406901391Z-c4-real-task-0157,signed_post_evalsnapshot,true,3,1783272759057,0,QmWamsqRbU1q3fiJX5vX2XCvBRJV8eoK1PEp3ctrbdxoam,false
608,e6-lifecycle-20260705T173237.406901391Z-c4-real-task-0157,signed_vote1,true,1,1783272759060,0,QmWamsqRbU1q3fiJX5vX2XCvBRJV8eoK1PEp3ctrbdxoam,false
609,e6-lifecycle-20260705T173237.406901391Z-c4-real-task-0157,signed_vote2,true,2,1783272759061,0,QmWamsqRbU1q3fiJX5vX2XCvBRJV8eoK1PEp3ctrbdxoam,false
610,e6-lifecycle-20260705T173237.406901391Z-c4-real-task-0157,signed_settlement,true,2,1783272759063,0,QmWamsqRbU1q3fiJX5vX2XCvBRJV8eoK1PEp3ctrbdxoam,false
611,e6-lifecycle-20260705T173237.406901391Z-c4-real-task-0157,signed_query_latest,true,0,1783272759065,0,QmWamsqRbU1q3fiJX5vX2XCvBRJV8eoK1PEp3ctrbdxoam,false
612,e6-lifecycle-20260705T173237.406901391Z-c4-real-task-0157,ipfs_verify,true,7,1783272759065,0,QmWamsqRbU1q3fiJX5vX2XCvBRJV8eoK1PEp3ctrbdxoam,false
613,e6-lifecycle-20260705T173237.406901391Z-c4-real-task-0158,ipfs_add,true,69,1783272759004,2353,,false
614,e6-lifecycle-20260705T173237.406901391Z-c4-real-task-0158,signed_posttask,true,2,1783272759073,0,QmW45d5KDagXQxapoDsAgos4eR8RW7sWehPq9Qivyv3imb,false
615,e6-lifecycle-20260705T173237.406901391Z-c4-real-task-0158,signed_postallocation,true,2,1783272759075,0,QmW45d5KDagXQxapoDsAgos4eR8RW7sWehPq9Qivyv3imb,false
616,e6-lifecycle-20260705T173237.406901391Z-c4-real-task-0158,signed_post_evalsnapshot,true,1,1783272759077,0,QmW45d5KDagXQxapoDsAgos4eR8RW7sWehPq9Qivyv3imb,false
617,e6-lifecycle-20260705T173237.406901391Z-c4-real-task-0158,signed_vote1,true,2,1783272759078,0,QmW45d5KDagXQxapoDsAgos4eR8RW7sWehPq9Qivyv3imb,false
618,e6-lifecycle-20260705T173237.406901391Z-c4-real-task-0158,signed_vote2,true,2,1783272759080,0,QmW45d5KDagXQxapoDsAgos4eR8RW7sWehPq9Qivyv3imb,false
619,e6-lifecycle-20260705T173237.406901391Z-c4-real-task-0158,signed_settlement,true,2,1783272759082,0,QmW45d5KDagXQxapoDsAgos4eR8RW7sWehPq9Qivyv3imb,false
620,e6-lifecycle-20260705T173237.406901391Z-c4-real-task-0158,signed_query_latest,true,0,1783272759084,0,QmW45d5KDagXQxapoDsAgos4eR8RW7sWehPq9Qivyv3imb,false
621,e6-lifecycle-20260705T173237.406901391Z-c4-real-task-0158,ipfs_verify,true,9,1783272759084,0,QmW45d5KDagXQxapoDsAgos4eR8RW7sWehPq9Qivyv3imb,false
622,e6-lifecycle-20260705T173237.406901391Z-c4-real-task-0159,ipfs_add,true,71,1783272759025,1618,,false
623,e6-lifecycle-20260705T173237.406901391Z-c4-real-task-0159,signed_posttask,true,2,1783272759096,0,QmdxYpLKMtBw1hrsF8LgCLrKH1BbADtRRsjGCzLCCrthCc,false
624,e6-lifecycle-20260705T173237.406901391Z-c4-real-task-0159,signed_postallocation,true,2,1783272759098,0,QmdxYpLKMtBw1hrsF8LgCLrKH1BbADtRRsjGCzLCCrthCc,false
625,e6-lifecycle-20260705T173237.406901391Z-c4-real-task-0159,signed_post_evalsnapshot,true,2,1783272759100,0,QmdxYpLKMtBw1hrsF8LgCLrKH1BbADtRRsjGCzLCCrthCc,false
626,e6-lifecycle-20260705T173237.406901391Z-c4-real-task-0159,signed_vote1,true,3,1783272759102,0,QmdxYpLKMtBw1hrsF8LgCLrKH1BbADtRRsjGCzLCCrthCc,false
627,e6-lifecycle-20260705T173237.406901391Z-c4-real-task-0159,signed_vote2,true,1,1783272759105,0,QmdxYpLKMtBw1hrsF8LgCLrKH1BbADtRRsjGCzLCCrthCc,false
628,e6-lifecycle-20260705T173237.406901391Z-c4-real-task-0159,signed_settlement,true,3,1783272759106,0,QmdxYpLKMtBw1hrsF8LgCLrKH1BbADtRRsjGCzLCCrthCc,false
629,e6-lifecycle-20260705T173237.406901391Z-c4-real-task-0159,signed_query_latest,true,0,1783272759109,0,QmdxYpLKMtBw1hrsF8LgCLrKH1BbADtRRsjGCzLCCrthCc,false
630,e6-lifecycle-20260705T173237.406901391Z-c4-real-task-0159,ipfs_verify,true,8,1783272759109,0,QmdxYpLKMtBw1hrsF8LgCLrKH1BbADtRRsjGCzLCCrthCc,false
631,e6-lifecycle-20260705T173237.406901391Z-c4-real-task-0160,ipfs_add,true,72,1783272759049,3112,,false
632,e6-lifecycle-20260705T173237.406901391Z-c4-real-task-0160,signed_posttask,true,2,1783272759121,0,QmZcHogHrAZaeaBhWnqwZoH5LhmdVbJ6pEy6KSUXD7Sqeh,false
633,e6-lifecycle-20260705T173237.406901391Z-c4-real-task-0160,signed_postallocation,true,2,1783272759123,0,QmZcHogHrAZaeaBhWnqwZoH5LhmdVbJ6pEy6KSUXD7Sqeh,false
634,e6-lifecycle-20260705T173237.406901391Z-c4-real-task-0160,signed_post_evalsnapshot,true,2,1783272759125,0,QmZcHogHrAZaeaBhWnqwZoH5LhmdVbJ6pEy6KSUXD7Sqeh,false
635,e6-lifecycle-20260705T173237.406901391Z-c4-real-task-0160,signed_vote1,true,2,1783272759127,0,QmZcHogHrAZaeaBhWnqwZoH5LhmdVbJ6pEy6KSUXD7Sqeh,false
636,e6-lifecycle-20260705T173237.406901391Z-c4-real-task-0160,signed_vote2,true,2,1783272759129,0,QmZcHogHrAZaeaBhWnqwZoH5LhmdVbJ6pEy6KSUXD7Sqeh,false
637,e6-lifecycle-20260705T173237.406901391Z-c4-real-task-0160,signed_settlement,true,2,1783272759131,0,QmZcHogHrAZaeaBhWnqwZoH5LhmdVbJ6pEy6KSUXD7Sqeh,false
638,e6-lifecycle-20260705T173237.406901391Z-c4-real-task-0160,signed_query_latest,true,0,1783272759133,0,QmZcHogHrAZaeaBhWnqwZoH5LhmdVbJ6pEy6KSUXD7Sqeh,false
639,e6-lifecycle-20260705T173237.406901391Z-c4-real-task-0160,ipfs_verify,true,8,1783272759133,0,QmZcHogHrAZaeaBhWnqwZoH5LhmdVbJ6pEy6KSUXD7Sqeh,false
640,e6-lifecycle-20260705T173237.406901391Z-c4-real-task-0161,ipfs_add,true,71,1783272759072,2567,,false
641,e6-lifecycle-20260705T173237.406901391Z-c4-real-task-0161,signed_posttask,true,3,1783272759143,0,QmVHT5ucjcpkHShAnZazRTavev3cXT2osoYZL29UVeigZs,false
642,e6-lifecycle-20260705T173237.406901391Z-c4-real-task-0161,signed_postallocation,true,2,1783272759146,0,QmVHT5ucjcpkHShAnZazRTavev3cXT2osoYZL29UVeigZs,false
643,e6-lifecycle-20260705T173237.406901391Z-c4-real-task-0161,signed_post_evalsnapshot,true,1,1783272759148,0,QmVHT5ucjcpkHShAnZazRTavev3cXT2osoYZL29UVeigZs,false
644,e6-lifecycle-20260705T173237.406901391Z-c4-real-task-0161,signed_vote1,true,2,1783272759149,0,QmVHT5ucjcpkHShAnZazRTavev3cXT2osoYZL29UVeigZs,false
645,e6-lifecycle-20260705T173237.406901391Z-c4-real-task-0161,signed_vote2,true,2,1783272759151,0,QmVHT5ucjcpkHShAnZazRTavev3cXT2osoYZL29UVeigZs,false
646,e6-lifecycle-20260705T173237.406901391Z-c4-real-task-0161,signed_settlement,true,2,1783272759153,0,QmVHT5ucjcpkHShAnZazRTavev3cXT2osoYZL29UVeigZs,false
647,e6-lifecycle-20260705T173237.406901391Z-c4-real-task-0161,signed_query_latest,true,0,1783272759155,0,QmVHT5ucjcpkHShAnZazRTavev3cXT2osoYZL29UVeigZs,false
648,e6-lifecycle-20260705T173237.406901391Z-c4-real-task-0161,ipfs_verify,true,10,1783272759155,0,QmVHT5ucjcpkHShAnZazRTavev3cXT2osoYZL29UVeigZs,false
649,e6-lifecycle-20260705T173237.406901391Z-c4-real-task-0162,ipfs_add,true,73,1783272759093,2034,,false
650,e6-lifecycle-20260705T173237.406901391Z-c4-real-task-0162,signed_posttask,true,2,1783272759166,0,QmWEY5PvyU4H8vYcY2riKxKMc1nBFYKtSn243fBKXvUxUT,false
651,e6-lifecycle-20260705T173237.406901391Z-c4-real-task-0162,signed_postallocation,true,2,1783272759168,0,QmWEY5PvyU4H8vYcY2riKxKMc1nBFYKtSn243fBKXvUxUT,false
652,e6-lifecycle-20260705T173237.406901391Z-c4-real-task-0162,signed_post_evalsnapshot,true,2,1783272759170,0,QmWEY5PvyU4H8vYcY2riKxKMc1nBFYKtSn243fBKXvUxUT,false
653,e6-lifecycle-20260705T173237.406901391Z-c4-real-task-0162,signed_vote1,true,1,1783272759172,0,QmWEY5PvyU4H8vYcY2riKxKMc1nBFYKtSn243fBKXvUxUT,false
654,e6-lifecycle-20260705T173237.406901391Z-c4-real-task-0162,signed_vote2,true,2,1783272759173,0,QmWEY5PvyU4H8vYcY2riKxKMc1nBFYKtSn243fBKXvUxUT,false
655,e6-lifecycle-20260705T173237.406901391Z-c4-real-task-0162,signed_settlement,true,2,1783272759175,0,QmWEY5PvyU4H8vYcY2riKxKMc1nBFYKtSn243fBKXvUxUT,false
656,e6-lifecycle-20260705T173237.406901391Z-c4-real-task-0162,signed_query_latest,true,0,1783272759177,0,QmWEY5PvyU4H8vYcY2riKxKMc1nBFYKtSn243fBKXvUxUT,false
657,e6-lifecycle-20260705T173237.406901391Z-c4-real-task-0162,ipfs_verify,true,12,1783272759177,0,QmWEY5PvyU4H8vYcY2riKxKMc1nBFYKtSn243fBKXvUxUT,false
658,e6-lifecycle-20260705T173237.406901391Z-c4-real-task-0163,ipfs_add,true,71,1783272759118,5564,,false
659,e6-lifecycle-20260705T173237.406901391Z-c4-real-task-0163,signed_posttask,true,2,1783272759189,0,QmWVNuFxXBBoYjDDqPM5JjHqatxTLGdC8aLk7ick1Kz4Yb,false
660,e6-lifecycle-20260705T173237.406901391Z-c4-real-task-0163,signed_postallocation,true,2,1783272759191,0,QmWVNuFxXBBoYjDDqPM5JjHqatxTLGdC8aLk7ick1Kz4Yb,false
661,e6-lifecycle-20260705T173237.406901391Z-c4-real-task-0163,signed_post_evalsnapshot,true,2,1783272759193,0,QmWVNuFxXBBoYjDDqPM5JjHqatxTLGdC8aLk7ick1Kz4Yb,false
662,e6-lifecycle-20260705T173237.406901391Z-c4-real-task-0163,signed_vote1,true,2,1783272759195,0,QmWVNuFxXBBoYjDDqPM5JjHqatxTLGdC8aLk7ick1Kz4Yb,false
663,e6-lifecycle-20260705T173237.406901391Z-c4-real-task-0163,signed_vote2,true,1,1783272759197,0,QmWVNuFxXBBoYjDDqPM5JjHqatxTLGdC8aLk7ick1Kz4Yb,false
664,e6-lifecycle-20260705T173237.406901391Z-c4-real-task-0163,signed_settlement,true,3,1783272759198,0,QmWVNuFxXBBoYjDDqPM5JjHqatxTLGdC8aLk7ick1Kz4Yb,false
665,e6-lifecycle-20260705T173237.406901391Z-c4-real-task-0163,signed_query_latest,true,0,1783272759201,0,QmWVNuFxXBBoYjDDqPM5JjHqatxTLGdC8aLk7ick1Kz4Yb,false
666,e6-lifecycle-20260705T173237.406901391Z-c4-real-task-0163,ipfs_verify,true,9,1783272759201,0,QmWVNuFxXBBoYjDDqPM5JjHqatxTLGdC8aLk7ick1Kz4Yb,false
667,e6-lifecycle-20260705T173237.406901391Z-c4-real-task-0164,ipfs_add,true,74,1783272759141,1901,,false
668,e6-lifecycle-20260705T173237.406901391Z-c4-real-task-0164,signed_posttask,true,2,1783272759215,0,QmenUvYwtVYLLgnnt9kzR3UcGRzkbap5J3M93Rp33ndQBW,false
669,e6-lifecycle-20260705T173237.406901391Z-c4-real-task-0164,signed_postallocation,true,2,1783272759217,0,QmenUvYwtVYLLgnnt9kzR3UcGRzkbap5J3M93Rp33ndQBW,false
670,e6-lifecycle-20260705T173237.406901391Z-c4-real-task-0164,signed_post_evalsnapshot,true,1,1783272759219,0,QmenUvYwtVYLLgnnt9kzR3UcGRzkbap5J3M93Rp33ndQBW,false
671,e6-lifecycle-20260705T173237.406901391Z-c4-real-task-0164,signed_vote1,true,2,1783272759220,0,QmenUvYwtVYLLgnnt9kzR3UcGRzkbap5J3M93Rp33ndQBW,false
672,e6-lifecycle-20260705T173237.406901391Z-c4-real-task-0164,signed_vote2,true,2,1783272759222,0,QmenUvYwtVYLLgnnt9kzR3UcGRzkbap5J3M93Rp33ndQBW,false
673,e6-lifecycle-20260705T173237.406901391Z-c4-real-task-0164,signed_settlement,true,2,1783272759224,0,QmenUvYwtVYLLgnnt9kzR3UcGRzkbap5J3M93Rp33ndQBW,false
674,e6-lifecycle-20260705T173237.406901391Z-c4-real-task-0164,signed_query_latest,true,0,1783272759226,0,QmenUvYwtVYLLgnnt9kzR3UcGRzkbap5J3M93Rp33ndQBW,false
675,e6-lifecycle-20260705T173237.406901391Z-c4-real-task-0164,ipfs_verify,true,12,1783272759226,0,QmenUvYwtVYLLgnnt9kzR3UcGRzkbap5J3M93Rp33ndQBW,false
676,e6-lifecycle-20260705T173237.406901391Z-c4-real-task-0165,ipfs_add,true,79,1783272759165,5181,,false
677,e6-lifecycle-20260705T173237.406901391Z-c4-real-task-0165,signed_posttask,true,2,1783272759244,0,QmfCP6JMHwAJzdeV44wRErrYPKwmwJ5zKaxLaC7PSEh7Xv,false
678,e6-lifecycle-20260705T173237.406901391Z-c4-real-task-0165,signed_postallocation,true,2,1783272759246,0,QmfCP6JMHwAJzdeV44wRErrYPKwmwJ5zKaxLaC7PSEh7Xv,false
679,e6-lifecycle-20260705T173237.406901391Z-c4-real-task-0165,signed_post_evalsnapshot,true,3,1783272759248,0,QmfCP6JMHwAJzdeV44wRErrYPKwmwJ5zKaxLaC7PSEh7Xv,false
680,e6-lifecycle-20260705T173237.406901391Z-c4-real-task-0165,signed_vote1,true,1,1783272759251,0,QmfCP6JMHwAJzdeV44wRErrYPKwmwJ5zKaxLaC7PSEh7Xv,false
681,e6-lifecycle-20260705T173237.406901391Z-c4-real-task-0165,signed_vote2,true,2,1783272759252,0,QmfCP6JMHwAJzdeV44wRErrYPKwmwJ5zKaxLaC7PSEh7Xv,false
682,e6-lifecycle-20260705T173237.406901391Z-c4-real-task-0165,signed_settlement,true,2,1783272759254,0,QmfCP6JMHwAJzdeV44wRErrYPKwmwJ5zKaxLaC7PSEh7Xv,false
683,e6-lifecycle-20260705T173237.406901391Z-c4-real-task-0165,signed_query_latest,true,0,1783272759256,0,QmfCP6JMHwAJzdeV44wRErrYPKwmwJ5zKaxLaC7PSEh7Xv,false
684,e6-lifecycle-20260705T173237.406901391Z-c4-real-task-0165,ipfs_verify,true,9,1783272759256,0,QmfCP6JMHwAJzdeV44wRErrYPKwmwJ5zKaxLaC7PSEh7Xv,false
685,e6-lifecycle-20260705T173237.406901391Z-c4-real-task-0166,ipfs_add,true,80,1783272759189,3237,,false
686,e6-lifecycle-20260705T173237.406901391Z-c4-real-task-0166,signed_posttask,true,3,1783272759269,0,QmTApS5qYgw5B1RZ5zisGBzCjQxmJKLLc5piMQryNc95Lw,false
687,e6-lifecycle-20260705T173237.406901391Z-c4-real-task-0166,signed_postallocation,true,3,1783272759272,0,QmTApS5qYgw5B1RZ5zisGBzCjQxmJKLLc5piMQryNc95Lw,false
688,e6-lifecycle-20260705T173237.406901391Z-c4-real-task-0166,signed_post_evalsnapshot,true,2,1783272759275,0,QmTApS5qYgw5B1RZ5zisGBzCjQxmJKLLc5piMQryNc95Lw,false
689,e6-lifecycle-20260705T173237.406901391Z-c4-real-task-0166,signed_vote1,true,2,1783272759277,0,QmTApS5qYgw5B1RZ5zisGBzCjQxmJKLLc5piMQryNc95Lw,false
690,e6-lifecycle-20260705T173237.406901391Z-c4-real-task-0166,signed_vote2,true,2,1783272759279,0,QmTApS5qYgw5B1RZ5zisGBzCjQxmJKLLc5piMQryNc95Lw,false
691,e6-lifecycle-20260705T173237.406901391Z-c4-real-task-0166,signed_settlement,true,1,1783272759281,0,QmTApS5qYgw5B1RZ5zisGBzCjQxmJKLLc5piMQryNc95Lw,false
692,e6-lifecycle-20260705T173237.406901391Z-c4-real-task-0166,signed_query_latest,true,0,1783272759282,0,QmTApS5qYgw5B1RZ5zisGBzCjQxmJKLLc5piMQryNc95Lw,false
693,e6-lifecycle-20260705T173237.406901391Z-c4-real-task-0166,ipfs_verify,true,9,1783272759282,0,QmTApS5qYgw5B1RZ5zisGBzCjQxmJKLLc5piMQryNc95Lw,false
694,e6-lifecycle-20260705T173237.406901391Z-c4-real-task-0167,ipfs_add,true,86,1783272759210,2244,,false
695,e6-lifecycle-20260705T173237.406901391Z-c4-real-task-0167,signed_posttask,true,1,1783272759296,0,Qmb6sxdzbJZRHwThCpZp383LPMsQpPY5tVXmGq6tj6WAkE,false
696,e6-lifecycle-20260705T173237.406901391Z-c4-real-task-0167,signed_postallocation,true,3,1783272759297,0,Qmb6sxdzbJZRHwThCpZp383LPMsQpPY5tVXmGq6tj6WAkE,false
697,e6-lifecycle-20260705T173237.406901391Z-c4-real-task-0167,signed_post_evalsnapshot,true,2,1783272759300,0,Qmb6sxdzbJZRHwThCpZp383LPMsQpPY5tVXmGq6tj6WAkE,false
698,e6-lifecycle-20260705T173237.406901391Z-c4-real-task-0167,signed_vote1,true,3,1783272759302,0,Qmb6sxdzbJZRHwThCpZp383LPMsQpPY5tVXmGq6tj6WAkE,false
699,e6-lifecycle-20260705T173237.406901391Z-c4-real-task-0167,signed_vote2,true,10,1783272759305,0,Qmb6sxdzbJZRHwThCpZp383LPMsQpPY5tVXmGq6tj6WAkE,false
700,e6-lifecycle-20260705T173237.406901391Z-c4-real-task-0167,signed_settlement,true,2,1783272759315,0,Qmb6sxdzbJZRHwThCpZp383LPMsQpPY5tVXmGq6tj6WAkE,false
701,e6-lifecycle-20260705T173237.406901391Z-c4-real-task-0167,signed_query_latest,true,0,1783272759317,0,Qmb6sxdzbJZRHwThCpZp383LPMsQpPY5tVXmGq6tj6WAkE,false
702,e6-lifecycle-20260705T173237.406901391Z-c4-real-task-0167,ipfs_verify,true,10,1783272759317,0,Qmb6sxdzbJZRHwThCpZp383LPMsQpPY5tVXmGq6tj6WAkE,false
703,e6-lifecycle-20260705T173237.406901391Z-c4-real-task-0168,ipfs_add,true,92,1783272759238,3309,,false
704,e6-lifecycle-20260705T173237.406901391Z-c4-real-task-0168,signed_posttask,true,2,1783272759330,0,QmW3R2ZUk1JeXnvoaVApYX6D73xdA2HnR93n8FvAGo1XWp,false
705,e6-lifecycle-20260705T173237.406901391Z-c4-real-task-0168,signed_postallocation,true,2,1783272759332,0,QmW3R2ZUk1JeXnvoaVApYX6D73xdA2HnR93n8FvAGo1XWp,false
706,e6-lifecycle-20260705T173237.406901391Z-c4-real-task-0168,signed_post_evalsnapshot,true,2,1783272759334,0,QmW3R2ZUk1JeXnvoaVApYX6D73xdA2HnR93n8FvAGo1XWp,false
707,e6-lifecycle-20260705T173237.406901391Z-c4-real-task-0168,signed_vote1,true,2,1783272759336,0,QmW3R2ZUk1JeXnvoaVApYX6D73xdA2HnR93n8FvAGo1XWp,false
708,e6-lifecycle-20260705T173237.406901391Z-c4-real-task-0168,signed_vote2,true,2,1783272759338,0,QmW3R2ZUk1JeXnvoaVApYX6D73xdA2HnR93n8FvAGo1XWp,false
709,e6-lifecycle-20260705T173237.406901391Z-c4-real-task-0168,signed_settlement,true,2,1783272759340,0,QmW3R2ZUk1JeXnvoaVApYX6D73xdA2HnR93n8FvAGo1XWp,false
710,e6-lifecycle-20260705T173237.406901391Z-c4-real-task-0168,signed_query_latest,true,0,1783272759342,0,QmW3R2ZUk1JeXnvoaVApYX6D73xdA2HnR93n8FvAGo1XWp,false
711,e6-lifecycle-20260705T173237.406901391Z-c4-real-task-0168,ipfs_verify,true,12,1783272759342,0,QmW3R2ZUk1JeXnvoaVApYX6D73xdA2HnR93n8FvAGo1XWp,false
712,e6-lifecycle-20260705T173237.406901391Z-c4-real-task-0169,ipfs_add,true,91,1783272759265,7969,,false
713,e6-lifecycle-20260705T173237.406901391Z-c4-real-task-0169,signed_posttask,true,2,1783272759356,0,QmZLqC3g86PSYcSxK1cxvHGJ8Aik2UoKw8caWw7XhNXkPF,false
714,e6-lifecycle-20260705T173237.406901391Z-c4-real-task-0169,signed_postallocation,true,1,1783272759358,0,QmZLqC3g86PSYcSxK1cxvHGJ8Aik2UoKw8caWw7XhNXkPF,false
715,e6-lifecycle-20260705T173237.406901391Z-c4-real-task-0169,signed_post_evalsnapshot,true,1,1783272759360,0,QmZLqC3g86PSYcSxK1cxvHGJ8Aik2UoKw8caWw7XhNXkPF,false
716,e6-lifecycle-20260705T173237.406901391Z-c4-real-task-0169,signed_vote1,true,2,1783272759361,0,QmZLqC3g86PSYcSxK1cxvHGJ8Aik2UoKw8caWw7XhNXkPF,false
717,e6-lifecycle-20260705T173237.406901391Z-c4-real-task-0169,signed_vote2,true,2,1783272759363,0,QmZLqC3g86PSYcSxK1cxvHGJ8Aik2UoKw8caWw7XhNXkPF,false
718,e6-lifecycle-20260705T173237.406901391Z-c4-real-task-0169,signed_settlement,true,1,1783272759365,0,QmZLqC3g86PSYcSxK1cxvHGJ8Aik2UoKw8caWw7XhNXkPF,false
719,e6-lifecycle-20260705T173237.406901391Z-c4-real-task-0169,signed_query_latest,true,0,1783272759366,0,QmZLqC3g86PSYcSxK1cxvHGJ8Aik2UoKw8caWw7XhNXkPF,false
720,e6-lifecycle-20260705T173237.406901391Z-c4-real-task-0169,ipfs_verify,true,8,1783272759366,0,QmZLqC3g86PSYcSxK1cxvHGJ8Aik2UoKw8caWw7XhNXkPF,false
721,e6-lifecycle-20260705T173237.406901391Z-c4-real-task-0170,ipfs_add,true,86,1783272759291,4645,,false
722,e6-lifecycle-20260705T173237.406901391Z-c4-real-task-0170,signed_posttask,true,2,1783272759377,0,QmSos72kuKbiboaW2t61phLxW7ptKFQdMCisw6tNBtbcDE,false
723,e6-lifecycle-20260705T173237.406901391Z-c4-real-task-0170,signed_postallocation,true,3,1783272759379,0,QmSos72kuKbiboaW2t61phLxW7ptKFQdMCisw6tNBtbcDE,false
724,e6-lifecycle-20260705T173237.406901391Z-c4-real-task-0170,signed_post_evalsnapshot,true,2,1783272759382,0,QmSos72kuKbiboaW2t61phLxW7ptKFQdMCisw6tNBtbcDE,false
725,e6-lifecycle-20260705T173237.406901391Z-c4-real-task-0170,signed_vote1,true,2,1783272759384,0,QmSos72kuKbiboaW2t61phLxW7ptKFQdMCisw6tNBtbcDE,false
726,e6-lifecycle-20260705T173237.406901391Z-c4-real-task-0170,signed_vote2,true,1,1783272759386,0,QmSos72kuKbiboaW2t61phLxW7ptKFQdMCisw6tNBtbcDE,false
727,e6-lifecycle-20260705T173237.406901391Z-c4-real-task-0170,signed_settlement,true,2,1783272759387,0,QmSos72kuKbiboaW2t61phLxW7ptKFQdMCisw6tNBtbcDE,false
728,e6-lifecycle-20260705T173237.406901391Z-c4-real-task-0170,signed_query_latest,true,0,1783272759389,0,QmSos72kuKbiboaW2t61phLxW7ptKFQdMCisw6tNBtbcDE,false
729,e6-lifecycle-20260705T173237.406901391Z-c4-real-task-0170,ipfs_verify,true,7,1783272759389,0,QmSos72kuKbiboaW2t61phLxW7ptKFQdMCisw6tNBtbcDE,false
730,e6-lifecycle-20260705T173237.406901391Z-c4-real-task-0171,ipfs_add,true,74,1783272759327,4195,,false
731,e6-lifecycle-20260705T173237.406901391Z-c4-real-task-0171,signed_posttask,true,3,1783272759401,0,QmZjdLVQXtktv5yJUsy2JQrY7etRcY2dQbqD5P8k7FzLSd,false
732,e6-lifecycle-20260705T173237.406901391Z-c4-real-task-0171,signed_postallocation,true,2,1783272759404,0,QmZjdLVQXtktv5yJUsy2JQrY7etRcY2dQbqD5P8k7FzLSd,false
733,e6-lifecycle-20260705T173237.406901391Z-c4-real-task-0171,signed_post_evalsnapshot,true,2,1783272759406,0,QmZjdLVQXtktv5yJUsy2JQrY7etRcY2dQbqD5P8k7FzLSd,false
734,e6-lifecycle-20260705T173237.406901391Z-c4-real-task-0171,signed_vote1,true,2,1783272759408,0,QmZjdLVQXtktv5yJUsy2JQrY7etRcY2dQbqD5P8k7FzLSd,false
735,e6-lifecycle-20260705T173237.406901391Z-c4-real-task-0171,signed_vote2,true,2,1783272759410,0,QmZjdLVQXtktv5yJUsy2JQrY7etRcY2dQbqD5P8k7FzLSd,false
736,e6-lifecycle-20260705T173237.406901391Z-c4-real-task-0171,signed_settlement,true,1,1783272759412,0,QmZjdLVQXtktv5yJUsy2JQrY7etRcY2dQbqD5P8k7FzLSd,false
737,e6-lifecycle-20260705T173237.406901391Z-c4-real-task-0171,signed_query_latest,true,0,1783272759413,0,QmZjdLVQXtktv5yJUsy2JQrY7etRcY2dQbqD5P8k7FzLSd,false
738,e6-lifecycle-20260705T173237.406901391Z-c4-real-task-0171,ipfs_verify,true,8,1783272759413,0,QmZjdLVQXtktv5yJUsy2JQrY7etRcY2dQbqD5P8k7FzLSd,false
739,e6-lifecycle-20260705T173237.406901391Z-c4-real-task-0172,ipfs_add,true,68,1783272759354,1446,,false
740,e6-lifecycle-20260705T173237.406901391Z-c4-real-task-0172,signed_posttask,true,2,1783272759422,0,QmWCXhJMHo5d7nRYTgmt9DNVZcy4VxB9ac3rTxcCb2NF2D,false
741,e6-lifecycle-20260705T173237.406901391Z-c4-real-task-0172,signed_postallocation,true,2,1783272759424,0,QmWCXhJMHo5d7nRYTgmt9DNVZcy4VxB9ac3rTxcCb2NF2D,false
742,e6-lifecycle-20260705T173237.406901391Z-c4-real-task-0172,signed_post_evalsnapshot,true,2,1783272759426,0,QmWCXhJMHo5d7nRYTgmt9DNVZcy4VxB9ac3rTxcCb2NF2D,false
743,e6-lifecycle-20260705T173237.406901391Z-c4-real-task-0172,signed_vote1,true,2,1783272759428,0,QmWCXhJMHo5d7nRYTgmt9DNVZcy4VxB9ac3rTxcCb2NF2D,false
744,e6-lifecycle-20260705T173237.406901391Z-c4-real-task-0172,signed_vote2,true,2,1783272759430,0,QmWCXhJMHo5d7nRYTgmt9DNVZcy4VxB9ac3rTxcCb2NF2D,false
745,e6-lifecycle-20260705T173237.406901391Z-c4-real-task-0172,signed_settlement,true,1,1783272759432,0,QmWCXhJMHo5d7nRYTgmt9DNVZcy4VxB9ac3rTxcCb2NF2D,false
746,e6-lifecycle-20260705T173237.406901391Z-c4-real-task-0172,signed_query_latest,true,0,1783272759433,0,QmWCXhJMHo5d7nRYTgmt9DNVZcy4VxB9ac3rTxcCb2NF2D,false
747,e6-lifecycle-20260705T173237.406901391Z-c4-real-task-0172,ipfs_verify,true,13,1783272759433,0,QmWCXhJMHo5d7nRYTgmt9DNVZcy4VxB9ac3rTxcCb2NF2D,false
748,e6-lifecycle-20260705T173237.406901391Z-c4-real-task-0173,ipfs_add,true,74,1783272759374,4300,,false
749,e6-lifecycle-20260705T173237.406901391Z-c4-real-task-0173,signed_posttask,true,3,1783272759448,0,QmbfTxCmxcHLajsThp62tm2pwqsRpuG1kR3xMMAoDmU5AM,false
750,e6-lifecycle-20260705T173237.406901391Z-c4-real-task-0173,signed_postallocation,true,2,1783272759451,0,QmbfTxCmxcHLajsThp62tm2pwqsRpuG1kR3xMMAoDmU5AM,false
751,e6-lifecycle-20260705T173237.406901391Z-c4-real-task-0173,signed_post_evalsnapshot,true,4,1783272759453,0,QmbfTxCmxcHLajsThp62tm2pwqsRpuG1kR3xMMAoDmU5AM,false
752,e6-lifecycle-20260705T173237.406901391Z-c4-real-task-0173,signed_vote1,true,3,1783272759457,0,QmbfTxCmxcHLajsThp62tm2pwqsRpuG1kR3xMMAoDmU5AM,false
753,e6-lifecycle-20260705T173237.406901391Z-c4-real-task-0173,signed_vote2,true,2,1783272759460,0,QmbfTxCmxcHLajsThp62tm2pwqsRpuG1kR3xMMAoDmU5AM,false
754,e6-lifecycle-20260705T173237.406901391Z-c4-real-task-0173,signed_settlement,true,2,1783272759462,0,QmbfTxCmxcHLajsThp62tm2pwqsRpuG1kR3xMMAoDmU5AM,false
755,e6-lifecycle-20260705T173237.406901391Z-c4-real-task-0173,signed_query_latest,true,0,1783272759464,0,QmbfTxCmxcHLajsThp62tm2pwqsRpuG1kR3xMMAoDmU5AM,false
756,e6-lifecycle-20260705T173237.406901391Z-c4-real-task-0174,ipfs_add,true,76,1783272759396,5608,,false
757,e6-lifecycle-20260705T173237.406901391Z-c4-real-task-0173,ipfs_verify,true,11,1783272759464,0,QmbfTxCmxcHLajsThp62tm2pwqsRpuG1kR3xMMAoDmU5AM,false
758,e6-lifecycle-20260705T173237.406901391Z-c4-real-task-0174,signed_posttask,true,5,1783272759472,0,QmPxEGbddJ32igioNjm2AWhhmWQnoqqpTMJsfYKy6YhAFx,false
759,e6-lifecycle-20260705T173237.406901391Z-c4-real-task-0174,signed_postallocation,true,4,1783272759477,0,QmPxEGbddJ32igioNjm2AWhhmWQnoqqpTMJsfYKy6YhAFx,false
760,e6-lifecycle-20260705T173237.406901391Z-c4-real-task-0174,signed_post_evalsnapshot,true,2,1783272759481,0,QmPxEGbddJ32igioNjm2AWhhmWQnoqqpTMJsfYKy6YhAFx,false
761,e6-lifecycle-20260705T173237.406901391Z-c4-real-task-0174,signed_vote1,true,2,1783272759483,0,QmPxEGbddJ32igioNjm2AWhhmWQnoqqpTMJsfYKy6YhAFx,false
762,e6-lifecycle-20260705T173237.406901391Z-c4-real-task-0174,signed_vote2,true,2,1783272759485,0,QmPxEGbddJ32igioNjm2AWhhmWQnoqqpTMJsfYKy6YhAFx,false
763,e6-lifecycle-20260705T173237.406901391Z-c4-real-task-0174,signed_settlement,true,1,1783272759487,0,QmPxEGbddJ32igioNjm2AWhhmWQnoqqpTMJsfYKy6YhAFx,false
764,e6-lifecycle-20260705T173237.406901391Z-c4-real-task-0174,signed_query_latest,true,0,1783272759488,0,QmPxEGbddJ32igioNjm2AWhhmWQnoqqpTMJsfYKy6YhAFx,false
765,e6-lifecycle-20260705T173237.406901391Z-c4-real-task-0175,ipfs_add,true,75,1783272759421,3257,,false
766,e6-lifecycle-20260705T173237.406901391Z-c4-real-task-0174,ipfs_verify,true,9,1783272759488,0,QmPxEGbddJ32igioNjm2AWhhmWQnoqqpTMJsfYKy6YhAFx,false
767,e6-lifecycle-20260705T173237.406901391Z-c4-real-task-0175,signed_posttask,true,2,1783272759496,0,Qme56HU6MmPTV4JMa2UFRRBLDMk4TTUSKEeBW74bEDj7dJ,false
768,e6-lifecycle-20260705T173237.406901391Z-c4-real-task-0175,signed_postallocation,true,3,1783272759498,0,Qme56HU6MmPTV4JMa2UFRRBLDMk4TTUSKEeBW74bEDj7dJ,false
769,e6-lifecycle-20260705T173237.406901391Z-c4-real-task-0175,signed_post_evalsnapshot,true,1,1783272759501,0,Qme56HU6MmPTV4JMa2UFRRBLDMk4TTUSKEeBW74bEDj7dJ,false
770,e6-lifecycle-20260705T173237.406901391Z-c4-real-task-0175,signed_vote1,true,2,1783272759502,0,Qme56HU6MmPTV4JMa2UFRRBLDMk4TTUSKEeBW74bEDj7dJ,false
771,e6-lifecycle-20260705T173237.406901391Z-c4-real-task-0175,signed_vote2,true,3,1783272759504,0,Qme56HU6MmPTV4JMa2UFRRBLDMk4TTUSKEeBW74bEDj7dJ,false
772,e6-lifecycle-20260705T173237.406901391Z-c4-real-task-0175,signed_settlement,true,1,1783272759507,0,Qme56HU6MmPTV4JMa2UFRRBLDMk4TTUSKEeBW74bEDj7dJ,false
773,e6-lifecycle-20260705T173237.406901391Z-c4-real-task-0175,signed_query_latest,true,0,1783272759508,0,Qme56HU6MmPTV4JMa2UFRRBLDMk4TTUSKEeBW74bEDj7dJ,false
774,e6-lifecycle-20260705T173237.406901391Z-c4-real-task-0175,ipfs_verify,true,9,1783272759508,0,Qme56HU6MmPTV4JMa2UFRRBLDMk4TTUSKEeBW74bEDj7dJ,false
775,e6-lifecycle-20260705T173237.406901391Z-c4-real-task-0177,ipfs_add,true,66,1783272759475,5306,,false
776,e6-lifecycle-20260705T173237.406901391Z-c4-real-task-0177,signed_posttask,true,3,1783272759541,0,Qme3x2wCQzF4crmA39HiD75kt4VPr32vpRsBDzTvRxgq25,false
777,e6-lifecycle-20260705T173237.406901391Z-c4-real-task-0177,signed_postallocation,true,2,1783272759544,0,Qme3x2wCQzF4crmA39HiD75kt4VPr32vpRsBDzTvRxgq25,false
778,e6-lifecycle-20260705T173237.406901391Z-c4-real-task-0177,signed_post_evalsnapshot,true,2,1783272759546,0,Qme3x2wCQzF4crmA39HiD75kt4VPr32vpRsBDzTvRxgq25,false
779,e6-lifecycle-20260705T173237.406901391Z-c4-real-task-0177,signed_vote1,true,2,1783272759548,0,Qme3x2wCQzF4crmA39HiD75kt4VPr32vpRsBDzTvRxgq25,false
780,e6-lifecycle-20260705T173237.406901391Z-c4-real-task-0177,signed_vote2,true,2,1783272759550,0,Qme3x2wCQzF4crmA39HiD75kt4VPr32vpRsBDzTvRxgq25,false
781,e6-lifecycle-20260705T173237.406901391Z-c4-real-task-0177,signed_settlement,true,2,1783272759552,0,Qme3x2wCQzF4crmA39HiD75kt4VPr32vpRsBDzTvRxgq25,false
782,e6-lifecycle-20260705T173237.406901391Z-c4-real-task-0177,signed_query_latest,true,0,1783272759554,0,Qme3x2wCQzF4crmA39HiD75kt4VPr32vpRsBDzTvRxgq25,false
783,e6-lifecycle-20260705T173237.406901391Z-c4-real-task-0177,ipfs_verify,true,9,1783272759554,0,Qme3x2wCQzF4crmA39HiD75kt4VPr32vpRsBDzTvRxgq25,false
784,e6-lifecycle-20260705T173237.406901391Z-c4-real-task-0178,ipfs_add,true,72,1783272759497,4045,,false
785,e6-lifecycle-20260705T173237.406901391Z-c4-real-task-0176,ipfs_add,true,123,1783272759446,4034,,false
786,e6-lifecycle-20260705T173237.406901391Z-c4-real-task-0178,signed_posttask,true,58,1783272759569,0,QmcMmCeXPTgB5hUZ5zyMPbzTYpXhmULJPRgFkQk49JE2yo,false
787,e6-lifecycle-20260705T173237.406901391Z-c4-real-task-0176,signed_posttask,true,61,1783272759569,0,QmWYpLa462QawExYZYEgndjMGHkBMC8A8zrbHbrtqQ4Wqh,false
788,e6-lifecycle-20260705T173237.406901391Z-c4-real-task-0176,signed_postallocation,true,1,1783272759630,0,QmWYpLa462QawExYZYEgndjMGHkBMC8A8zrbHbrtqQ4Wqh,false
789,e6-lifecycle-20260705T173237.406901391Z-c4-real-task-0178,signed_postallocation,true,6,1783272759627,0,QmcMmCeXPTgB5hUZ5zyMPbzTYpXhmULJPRgFkQk49JE2yo,false
790,e6-lifecycle-20260705T173237.406901391Z-c4-real-task-0178,signed_post_evalsnapshot,true,2,1783272759633,0,QmcMmCeXPTgB5hUZ5zyMPbzTYpXhmULJPRgFkQk49JE2yo,false
791,e6-lifecycle-20260705T173237.406901391Z-c4-real-task-0176,signed_post_evalsnapshot,true,5,1783272759631,0,QmWYpLa462QawExYZYEgndjMGHkBMC8A8zrbHbrtqQ4Wqh,false
792,e6-lifecycle-20260705T173237.406901391Z-c4-real-task-0176,signed_vote1,true,3,1783272759636,0,QmWYpLa462QawExYZYEgndjMGHkBMC8A8zrbHbrtqQ4Wqh,false
793,e6-lifecycle-20260705T173237.406901391Z-c4-real-task-0178,signed_vote1,true,5,1783272759635,0,QmcMmCeXPTgB5hUZ5zyMPbzTYpXhmULJPRgFkQk49JE2yo,false
794,e6-lifecycle-20260705T173237.406901391Z-c4-real-task-0178,signed_vote2,true,2,1783272759640,0,QmcMmCeXPTgB5hUZ5zyMPbzTYpXhmULJPRgFkQk49JE2yo,false
795,e6-lifecycle-20260705T173237.406901391Z-c4-real-task-0176,signed_vote2,true,5,1783272759639,0,QmWYpLa462QawExYZYEgndjMGHkBMC8A8zrbHbrtqQ4Wqh,false
796,e6-lifecycle-20260705T173237.406901391Z-c4-real-task-0176,signed_settlement,true,2,1783272759644,0,QmWYpLa462QawExYZYEgndjMGHkBMC8A8zrbHbrtqQ4Wqh,false
797,e6-lifecycle-20260705T173237.406901391Z-c4-real-task-0178,signed_settlement,true,5,1783272759642,0,QmcMmCeXPTgB5hUZ5zyMPbzTYpXhmULJPRgFkQk49JE2yo,false
798,e6-lifecycle-20260705T173237.406901391Z-c4-real-task-0178,signed_query_latest,true,0,1783272759647,0,QmcMmCeXPTgB5hUZ5zyMPbzTYpXhmULJPRgFkQk49JE2yo,false
799,e6-lifecycle-20260705T173237.406901391Z-c4-real-task-0176,signed_query_latest,true,1,1783272759646,0,QmWYpLa462QawExYZYEgndjMGHkBMC8A8zrbHbrtqQ4Wqh,false
800,e6-lifecycle-20260705T173237.406901391Z-c4-real-task-0179,ipfs_add,true,131,1783272759517,4715,,false
801,e6-lifecycle-20260705T173237.406901391Z-c4-real-task-0179,signed_posttask,true,2,1783272759648,0,QmQrqM4ZAvnyMT9d45SyZYnGsRCBnWyWFkrZS7cSaxgJa7,false
802,e6-lifecycle-20260705T173237.406901391Z-c4-real-task-0179,signed_postallocation,true,3,1783272759650,0,QmQrqM4ZAvnyMT9d45SyZYnGsRCBnWyWFkrZS7cSaxgJa7,false
803,e6-lifecycle-20260705T173237.406901391Z-c4-real-task-0179,signed_post_evalsnapshot,true,2,1783272759653,0,QmQrqM4ZAvnyMT9d45SyZYnGsRCBnWyWFkrZS7cSaxgJa7,false
804,e6-lifecycle-20260705T173237.406901391Z-c4-real-task-0176,ipfs_verify,true,9,1783272759647,0,QmWYpLa462QawExYZYEgndjMGHkBMC8A8zrbHbrtqQ4Wqh,false
805,e6-lifecycle-20260705T173237.406901391Z-c4-real-task-0178,ipfs_verify,true,9,1783272759647,0,QmcMmCeXPTgB5hUZ5zyMPbzTYpXhmULJPRgFkQk49JE2yo,false
806,e6-lifecycle-20260705T173237.406901391Z-c4-real-task-0179,signed_vote1,true,2,1783272759655,0,QmQrqM4ZAvnyMT9d45SyZYnGsRCBnWyWFkrZS7cSaxgJa7,false
807,e6-lifecycle-20260705T173237.406901391Z-c4-real-task-0179,signed_vote2,true,1,1783272759657,0,QmQrqM4ZAvnyMT9d45SyZYnGsRCBnWyWFkrZS7cSaxgJa7,false
808,e6-lifecycle-20260705T173237.406901391Z-c4-real-task-0179,signed_settlement,true,2,1783272759658,0,QmQrqM4ZAvnyMT9d45SyZYnGsRCBnWyWFkrZS7cSaxgJa7,false
809,e6-lifecycle-20260705T173237.406901391Z-c4-real-task-0179,signed_query_latest,true,0,1783272759660,0,QmQrqM4ZAvnyMT9d45SyZYnGsRCBnWyWFkrZS7cSaxgJa7,false
810,e6-lifecycle-20260705T173237.406901391Z-c4-real-task-0179,ipfs_verify,true,11,1783272759660,0,QmQrqM4ZAvnyMT9d45SyZYnGsRCBnWyWFkrZS7cSaxgJa7,false
811,e6-lifecycle-20260705T173237.406901391Z-c4-real-task-0180,ipfs_add,true,108,1783272759563,2760,,false
812,e6-lifecycle-20260705T173237.406901391Z-c4-real-task-0180,signed_posttask,true,1,1783272759671,0,QmR6Px5R1u5xpqRRLw23vf5EBSJuihmVCpGdNJzv4EWUGT,false
813,e6-lifecycle-20260705T173237.406901391Z-c4-real-task-0180,signed_postallocation,true,8,1783272759672,0,QmR6Px5R1u5xpqRRLw23vf5EBSJuihmVCpGdNJzv4EWUGT,false
814,e6-lifecycle-20260705T173237.406901391Z-c4-real-task-0180,signed_post_evalsnapshot,true,2,1783272759680,0,QmR6Px5R1u5xpqRRLw23vf5EBSJuihmVCpGdNJzv4EWUGT,false
815,e6-lifecycle-20260705T173237.406901391Z-c4-real-task-0180,signed_vote1,true,1,1783272759682,0,QmR6Px5R1u5xpqRRLw23vf5EBSJuihmVCpGdNJzv4EWUGT,false
816,e6-lifecycle-20260705T173237.406901391Z-c4-real-task-0180,signed_vote2,true,2,1783272759683,0,QmR6Px5R1u5xpqRRLw23vf5EBSJuihmVCpGdNJzv4EWUGT,false
817,e6-lifecycle-20260705T173237.406901391Z-c4-real-task-0180,signed_settlement,true,2,1783272759685,0,QmR6Px5R1u5xpqRRLw23vf5EBSJuihmVCpGdNJzv4EWUGT,false
818,e6-lifecycle-20260705T173237.406901391Z-c4-real-task-0180,signed_query_latest,true,0,1783272759687,0,QmR6Px5R1u5xpqRRLw23vf5EBSJuihmVCpGdNJzv4EWUGT,false
819,e6-lifecycle-20260705T173237.406901391Z-c4-real-task-0182,ipfs_add,true,42,1783272759656,7430,,false
820,e6-lifecycle-20260705T173237.406901391Z-c4-real-task-0180,ipfs_verify,true,12,1783272759687,0,QmR6Px5R1u5xpqRRLw23vf5EBSJuihmVCpGdNJzv4EWUGT,false
821,e6-lifecycle-20260705T173237.406901391Z-c4-real-task-0182,signed_posttask,true,3,1783272759698,0,QmPh87qX4uXxDva18VFEqYFHobSnGGDvKi4JqHTLbhxoLw,false
822,e6-lifecycle-20260705T173237.406901391Z-c4-real-task-0182,signed_postallocation,true,3,1783272759701,0,QmPh87qX4uXxDva18VFEqYFHobSnGGDvKi4JqHTLbhxoLw,false
823,e6-lifecycle-20260705T173237.406901391Z-c4-real-task-0182,signed_post_evalsnapshot,true,2,1783272759704,0,QmPh87qX4uXxDva18VFEqYFHobSnGGDvKi4JqHTLbhxoLw,false
824,e6-lifecycle-20260705T173237.406901391Z-c4-real-task-0182,signed_vote1,true,2,1783272759706,0,QmPh87qX4uXxDva18VFEqYFHobSnGGDvKi4JqHTLbhxoLw,false
825,e6-lifecycle-20260705T173237.406901391Z-c4-real-task-0182,signed_vote2,true,2,1783272759708,0,QmPh87qX4uXxDva18VFEqYFHobSnGGDvKi4JqHTLbhxoLw,false
826,e6-lifecycle-20260705T173237.406901391Z-c4-real-task-0182,signed_settlement,true,2,1783272759710,0,QmPh87qX4uXxDva18VFEqYFHobSnGGDvKi4JqHTLbhxoLw,false
827,e6-lifecycle-20260705T173237.406901391Z-c4-real-task-0182,signed_query_latest,true,0,1783272759712,0,QmPh87qX4uXxDva18VFEqYFHobSnGGDvKi4JqHTLbhxoLw,false
828,e6-lifecycle-20260705T173237.406901391Z-c4-real-task-0182,ipfs_verify,true,13,1783272759712,0,QmPh87qX4uXxDva18VFEqYFHobSnGGDvKi4JqHTLbhxoLw,false
829,e6-lifecycle-20260705T173237.406901391Z-c4-real-task-0181,ipfs_add,true,71,1783272759656,7983,,false
830,e6-lifecycle-20260705T173237.406901391Z-c4-real-task-0181,signed_posttask,true,3,1783272759727,0,QmXfW8NQE7G8zKM2qSnSb7fyMnVy3r3ZfRZA2fMzkkS18d,false
831,e6-lifecycle-20260705T173237.406901391Z-c4-real-task-0181,signed_postallocation,true,2,1783272759730,0,QmXfW8NQE7G8zKM2qSnSb7fyMnVy3r3ZfRZA2fMzkkS18d,false
832,e6-lifecycle-20260705T173237.406901391Z-c4-real-task-0181,signed_post_evalsnapshot,true,2,1783272759732,0,QmXfW8NQE7G8zKM2qSnSb7fyMnVy3r3ZfRZA2fMzkkS18d,false
833,e6-lifecycle-20260705T173237.406901391Z-c4-real-task-0181,signed_vote1,true,3,1783272759734,0,QmXfW8NQE7G8zKM2qSnSb7fyMnVy3r3ZfRZA2fMzkkS18d,false
834,e6-lifecycle-20260705T173237.406901391Z-c4-real-task-0181,signed_vote2,true,3,1783272759737,0,QmXfW8NQE7G8zKM2qSnSb7fyMnVy3r3ZfRZA2fMzkkS18d,false
835,e6-lifecycle-20260705T173237.406901391Z-c4-real-task-0181,signed_settlement,true,1,1783272759740,0,QmXfW8NQE7G8zKM2qSnSb7fyMnVy3r3ZfRZA2fMzkkS18d,false
836,e6-lifecycle-20260705T173237.406901391Z-c4-real-task-0181,signed_query_latest,true,0,1783272759741,0,QmXfW8NQE7G8zKM2qSnSb7fyMnVy3r3ZfRZA2fMzkkS18d,false
837,e6-lifecycle-20260705T173237.406901391Z-c4-real-task-0181,ipfs_verify,true,12,1783272759741,0,QmXfW8NQE7G8zKM2qSnSb7fyMnVy3r3ZfRZA2fMzkkS18d,false
838,e6-lifecycle-20260705T173237.406901391Z-c4-real-task-0183,ipfs_add,true,87,1783272759671,4217,,false
839,e6-lifecycle-20260705T173237.406901391Z-c4-real-task-0183,signed_posttask,true,3,1783272759758,0,QmbPwt9E6tLQ5debxusYUVQUr65wy3vAm8TvxdJjEf6yoF,false
840,e6-lifecycle-20260705T173237.406901391Z-c4-real-task-0183,signed_postallocation,true,2,1783272759761,0,QmbPwt9E6tLQ5debxusYUVQUr65wy3vAm8TvxdJjEf6yoF,false
841,e6-lifecycle-20260705T173237.406901391Z-c4-real-task-0183,signed_post_evalsnapshot,true,2,1783272759763,0,QmbPwt9E6tLQ5debxusYUVQUr65wy3vAm8TvxdJjEf6yoF,false
842,e6-lifecycle-20260705T173237.406901391Z-c4-real-task-0183,signed_vote1,true,2,1783272759765,0,QmbPwt9E6tLQ5debxusYUVQUr65wy3vAm8TvxdJjEf6yoF,false
843,e6-lifecycle-20260705T173237.406901391Z-c4-real-task-0183,signed_vote2,true,2,1783272759767,0,QmbPwt9E6tLQ5debxusYUVQUr65wy3vAm8TvxdJjEf6yoF,false
844,e6-lifecycle-20260705T173237.406901391Z-c4-real-task-0183,signed_settlement,true,1,1783272759769,0,QmbPwt9E6tLQ5debxusYUVQUr65wy3vAm8TvxdJjEf6yoF,false
845,e6-lifecycle-20260705T173237.406901391Z-c4-real-task-0183,signed_query_latest,true,0,1783272759770,0,QmbPwt9E6tLQ5debxusYUVQUr65wy3vAm8TvxdJjEf6yoF,false
846,e6-lifecycle-20260705T173237.406901391Z-c4-real-task-0183,ipfs_verify,true,10,1783272759770,0,QmbPwt9E6tLQ5debxusYUVQUr65wy3vAm8TvxdJjEf6yoF,false
847,e6-lifecycle-20260705T173237.406901391Z-c4-real-task-0184,ipfs_add,true,83,1783272759699,4322,,false
848,e6-lifecycle-20260705T173237.406901391Z-c4-real-task-0184,signed_posttask,true,6,1783272759782,0,QmPSZKSDhc3oMmRRsdGa893tPo9QETi3JkqUddqajNAxLy,false
849,e6-lifecycle-20260705T173237.406901391Z-c4-real-task-0184,signed_postallocation,true,1,1783272759788,0,QmPSZKSDhc3oMmRRsdGa893tPo9QETi3JkqUddqajNAxLy,false
850,e6-lifecycle-20260705T173237.406901391Z-c4-real-task-0184,signed_post_evalsnapshot,true,2,1783272759789,0,QmPSZKSDhc3oMmRRsdGa893tPo9QETi3JkqUddqajNAxLy,false
851,e6-lifecycle-20260705T173237.406901391Z-c4-real-task-0184,signed_vote1,true,2,1783272759791,0,QmPSZKSDhc3oMmRRsdGa893tPo9QETi3JkqUddqajNAxLy,false
852,e6-lifecycle-20260705T173237.406901391Z-c4-real-task-0184,signed_vote2,true,2,1783272759793,0,QmPSZKSDhc3oMmRRsdGa893tPo9QETi3JkqUddqajNAxLy,false
853,e6-lifecycle-20260705T173237.406901391Z-c4-real-task-0184,signed_settlement,true,3,1783272759795,0,QmPSZKSDhc3oMmRRsdGa893tPo9QETi3JkqUddqajNAxLy,false
854,e6-lifecycle-20260705T173237.406901391Z-c4-real-task-0184,signed_query_latest,true,0,1783272759798,0,QmPSZKSDhc3oMmRRsdGa893tPo9QETi3JkqUddqajNAxLy,false
855,e6-lifecycle-20260705T173237.406901391Z-c4-real-task-0185,ipfs_add,true,80,1783272759725,4040,,false
856,e6-lifecycle-20260705T173237.406901391Z-c4-real-task-0185,signed_posttask,true,2,1783272759805,0,QmT4bZjUycokNSYzs2a92RaLgz1rz7cYRBH2nyFGYtkV7Q,false
857,e6-lifecycle-20260705T173237.406901391Z-c4-real-task-0184,ipfs_verify,true,9,1783272759798,0,QmPSZKSDhc3oMmRRsdGa893tPo9QETi3JkqUddqajNAxLy,false
858,e6-lifecycle-20260705T173237.406901391Z-c4-real-task-0185,signed_postallocation,true,2,1783272759807,0,QmT4bZjUycokNSYzs2a92RaLgz1rz7cYRBH2nyFGYtkV7Q,false
859,e6-lifecycle-20260705T173237.406901391Z-c4-real-task-0185,signed_post_evalsnapshot,true,1,1783272759809,0,QmT4bZjUycokNSYzs2a92RaLgz1rz7cYRBH2nyFGYtkV7Q,false
860,e6-lifecycle-20260705T173237.406901391Z-c4-real-task-0185,signed_vote1,true,2,1783272759810,0,QmT4bZjUycokNSYzs2a92RaLgz1rz7cYRBH2nyFGYtkV7Q,false
861,e6-lifecycle-20260705T173237.406901391Z-c4-real-task-0185,signed_vote2,true,2,1783272759812,0,QmT4bZjUycokNSYzs2a92RaLgz1rz7cYRBH2nyFGYtkV7Q,false
862,e6-lifecycle-20260705T173237.406901391Z-c4-real-task-0185,signed_settlement,true,1,1783272759814,0,QmT4bZjUycokNSYzs2a92RaLgz1rz7cYRBH2nyFGYtkV7Q,false
863,e6-lifecycle-20260705T173237.406901391Z-c4-real-task-0185,signed_query_latest,true,0,1783272759815,0,QmT4bZjUycokNSYzs2a92RaLgz1rz7cYRBH2nyFGYtkV7Q,false
864,e6-lifecycle-20260705T173237.406901391Z-c4-real-task-0186,ipfs_add,true,73,1783272759753,3760,,false
865,e6-lifecycle-20260705T173237.406901391Z-c4-real-task-0185,ipfs_verify,true,11,1783272759815,0,QmT4bZjUycokNSYzs2a92RaLgz1rz7cYRBH2nyFGYtkV7Q,false
866,e6-lifecycle-20260705T173237.406901391Z-c4-real-task-0186,signed_posttask,true,2,1783272759826,0,QmZA8PgSFKJwCnC8xR9o1nzuniwJhwtRPJevn7qR23cM26,false
867,e6-lifecycle-20260705T173237.406901391Z-c4-real-task-0186,signed_postallocation,true,2,1783272759828,0,QmZA8PgSFKJwCnC8xR9o1nzuniwJhwtRPJevn7qR23cM26,false
868,e6-lifecycle-20260705T173237.406901391Z-c4-real-task-0186,signed_post_evalsnapshot,true,2,1783272759830,0,QmZA8PgSFKJwCnC8xR9o1nzuniwJhwtRPJevn7qR23cM26,false
869,e6-lifecycle-20260705T173237.406901391Z-c4-real-task-0186,signed_vote1,true,2,1783272759832,0,QmZA8PgSFKJwCnC8xR9o1nzuniwJhwtRPJevn7qR23cM26,false
870,e6-lifecycle-20260705T173237.406901391Z-c4-real-task-0186,signed_vote2,true,2,1783272759834,0,QmZA8PgSFKJwCnC8xR9o1nzuniwJhwtRPJevn7qR23cM26,false
871,e6-lifecycle-20260705T173237.406901391Z-c4-real-task-0186,signed_settlement,true,2,1783272759836,0,QmZA8PgSFKJwCnC8xR9o1nzuniwJhwtRPJevn7qR23cM26,false
872,e6-lifecycle-20260705T173237.406901391Z-c4-real-task-0186,signed_query_latest,true,0,1783272759838,0,QmZA8PgSFKJwCnC8xR9o1nzuniwJhwtRPJevn7qR23cM26,false
873,e6-lifecycle-20260705T173237.406901391Z-c4-real-task-0186,ipfs_verify,true,9,1783272759838,0,QmZA8PgSFKJwCnC8xR9o1nzuniwJhwtRPJevn7qR23cM26,false
874,e6-lifecycle-20260705T173237.406901391Z-c4-real-task-0187,ipfs_add,true,68,1783272759781,3817,,false
875,e6-lifecycle-20260705T173237.406901391Z-c4-real-task-0187,signed_posttask,true,1,1783272759849,0,Qmf8fbnaf3R2y5rxjCXbb3pgaPsQKQp68yoMb3dsh3Aeyh,false
876,e6-lifecycle-20260705T173237.406901391Z-c4-real-task-0187,signed_postallocation,true,2,1783272759850,0,Qmf8fbnaf3R2y5rxjCXbb3pgaPsQKQp68yoMb3dsh3Aeyh,false
877,e6-lifecycle-20260705T173237.406901391Z-c4-real-task-0187,signed_post_evalsnapshot,true,2,1783272759852,0,Qmf8fbnaf3R2y5rxjCXbb3pgaPsQKQp68yoMb3dsh3Aeyh,false
878,e6-lifecycle-20260705T173237.406901391Z-c4-real-task-0187,signed_vote1,true,1,1783272759854,0,Qmf8fbnaf3R2y5rxjCXbb3pgaPsQKQp68yoMb3dsh3Aeyh,false
879,e6-lifecycle-20260705T173237.406901391Z-c4-real-task-0187,signed_vote2,true,2,1783272759855,0,Qmf8fbnaf3R2y5rxjCXbb3pgaPsQKQp68yoMb3dsh3Aeyh,false
880,e6-lifecycle-20260705T173237.406901391Z-c4-real-task-0187,signed_settlement,true,2,1783272759857,0,Qmf8fbnaf3R2y5rxjCXbb3pgaPsQKQp68yoMb3dsh3Aeyh,false
881,e6-lifecycle-20260705T173237.406901391Z-c4-real-task-0187,signed_query_latest,true,0,1783272759859,0,Qmf8fbnaf3R2y5rxjCXbb3pgaPsQKQp68yoMb3dsh3Aeyh,false
882,e6-lifecycle-20260705T173237.406901391Z-c4-real-task-0187,ipfs_verify,true,7,1783272759859,0,Qmf8fbnaf3R2y5rxjCXbb3pgaPsQKQp68yoMb3dsh3Aeyh,false
883,e6-lifecycle-20260705T173237.406901391Z-c4-real-task-0188,ipfs_add,true,67,1783272759807,3588,,false
884,e6-lifecycle-20260705T173237.406901391Z-c4-real-task-0188,signed_posttask,true,2,1783272759874,0,QmcA2snS31e3yhCPjoMSmuW8w6FVceBCsiYRZuzgLXJZRG,false
885,e6-lifecycle-20260705T173237.406901391Z-c4-real-task-0188,signed_postallocation,true,2,1783272759876,0,QmcA2snS31e3yhCPjoMSmuW8w6FVceBCsiYRZuzgLXJZRG,false
886,e6-lifecycle-20260705T173237.406901391Z-c4-real-task-0188,signed_post_evalsnapshot,true,2,1783272759878,0,QmcA2snS31e3yhCPjoMSmuW8w6FVceBCsiYRZuzgLXJZRG,false
887,e6-lifecycle-20260705T173237.406901391Z-c4-real-task-0188,signed_vote1,true,2,1783272759880,0,QmcA2snS31e3yhCPjoMSmuW8w6FVceBCsiYRZuzgLXJZRG,false
888,e6-lifecycle-20260705T173237.406901391Z-c4-real-task-0188,signed_vote2,true,1,1783272759882,0,QmcA2snS31e3yhCPjoMSmuW8w6FVceBCsiYRZuzgLXJZRG,false
889,e6-lifecycle-20260705T173237.406901391Z-c4-real-task-0188,signed_settlement,true,2,1783272759883,0,QmcA2snS31e3yhCPjoMSmuW8w6FVceBCsiYRZuzgLXJZRG,false
890,e6-lifecycle-20260705T173237.406901391Z-c4-real-task-0188,signed_query_latest,true,0,1783272759885,0,QmcA2snS31e3yhCPjoMSmuW8w6FVceBCsiYRZuzgLXJZRG,false
891,e6-lifecycle-20260705T173237.406901391Z-c4-real-task-0188,ipfs_verify,true,9,1783272759885,0,QmcA2snS31e3yhCPjoMSmuW8w6FVceBCsiYRZuzgLXJZRG,false
892,e6-lifecycle-20260705T173237.406901391Z-c4-real-task-0189,ipfs_add,true,68,1783272759826,3813,,false
893,e6-lifecycle-20260705T173237.406901391Z-c4-real-task-0189,signed_posttask,true,3,1783272759894,0,QmddcGv3BfwnFZsm5H1ArqWuKN7jPveB9ZhCJXqBYVXr4Z,false
894,e6-lifecycle-20260705T173237.406901391Z-c4-real-task-0189,signed_postallocation,true,2,1783272759897,0,QmddcGv3BfwnFZsm5H1ArqWuKN7jPveB9ZhCJXqBYVXr4Z,false
895,e6-lifecycle-20260705T173237.406901391Z-c4-real-task-0189,signed_post_evalsnapshot,true,2,1783272759899,0,QmddcGv3BfwnFZsm5H1ArqWuKN7jPveB9ZhCJXqBYVXr4Z,false
896,e6-lifecycle-20260705T173237.406901391Z-c4-real-task-0189,signed_vote1,true,10,1783272759901,0,QmddcGv3BfwnFZsm5H1ArqWuKN7jPveB9ZhCJXqBYVXr4Z,false
897,e6-lifecycle-20260705T173237.406901391Z-c4-real-task-0189,signed_vote2,true,1,1783272759911,0,QmddcGv3BfwnFZsm5H1ArqWuKN7jPveB9ZhCJXqBYVXr4Z,false
898,e6-lifecycle-20260705T173237.406901391Z-c4-real-task-0189,signed_settlement,true,2,1783272759912,0,QmddcGv3BfwnFZsm5H1ArqWuKN7jPveB9ZhCJXqBYVXr4Z,false
899,e6-lifecycle-20260705T173237.406901391Z-c4-real-task-0189,signed_query_latest,true,0,1783272759914,0,QmddcGv3BfwnFZsm5H1ArqWuKN7jPveB9ZhCJXqBYVXr4Z,false
900,e6-lifecycle-20260705T173237.406901391Z-c4-real-task-0190,ipfs_add,true,76,1783272759847,4444,,false
901,e6-lifecycle-20260705T173237.406901391Z-c4-real-task-0189,ipfs_verify,true,9,1783272759914,0,QmddcGv3BfwnFZsm5H1ArqWuKN7jPveB9ZhCJXqBYVXr4Z,false
902,e6-lifecycle-20260705T173237.406901391Z-c4-real-task-0190,signed_posttask,true,7,1783272759923,0,QmTYyB6jg19PhoaP2Bg8ox3B4TonwPSLo68XR9yyH3VskB,false
903,e6-lifecycle-20260705T173237.406901391Z-c4-real-task-0190,signed_postallocation,true,2,1783272759930,0,QmTYyB6jg19PhoaP2Bg8ox3B4TonwPSLo68XR9yyH3VskB,false
904,e6-lifecycle-20260705T173237.406901391Z-c4-real-task-0190,signed_post_evalsnapshot,true,2,1783272759932,0,QmTYyB6jg19PhoaP2Bg8ox3B4TonwPSLo68XR9yyH3VskB,false
905,e6-lifecycle-20260705T173237.406901391Z-c4-real-task-0190,signed_vote1,true,1,1783272759934,0,QmTYyB6jg19PhoaP2Bg8ox3B4TonwPSLo68XR9yyH3VskB,false
906,e6-lifecycle-20260705T173237.406901391Z-c4-real-task-0190,signed_vote2,true,2,1783272759935,0,QmTYyB6jg19PhoaP2Bg8ox3B4TonwPSLo68XR9yyH3VskB,false
907,e6-lifecycle-20260705T173237.406901391Z-c4-real-task-0190,signed_settlement,true,2,1783272759937,0,QmTYyB6jg19PhoaP2Bg8ox3B4TonwPSLo68XR9yyH3VskB,false
908,e6-lifecycle-20260705T173237.406901391Z-c4-real-task-0190,signed_query_latest,true,0,1783272759939,0,QmTYyB6jg19PhoaP2Bg8ox3B4TonwPSLo68XR9yyH3VskB,false
909,e6-lifecycle-20260705T173237.406901391Z-c4-real-task-0191,ipfs_add,true,78,1783272759866,4761,,false
910,e6-lifecycle-20260705T173237.406901391Z-c4-real-task-0191,signed_posttask,true,2,1783272759944,0,QmQK4ChDQQAbfnUHBQHNjhVcC13LjvmaW51QAJHKkyJuWr,false
911,e6-lifecycle-20260705T173237.406901391Z-c4-real-task-0191,signed_postallocation,true,2,1783272759946,0,QmQK4ChDQQAbfnUHBQHNjhVcC13LjvmaW51QAJHKkyJuWr,false
912,e6-lifecycle-20260705T173237.406901391Z-c4-real-task-0191,signed_post_evalsnapshot,true,1,1783272759948,0,QmQK4ChDQQAbfnUHBQHNjhVcC13LjvmaW51QAJHKkyJuWr,false
913,e6-lifecycle-20260705T173237.406901391Z-c4-real-task-0190,ipfs_verify,true,11,1783272759939,0,QmTYyB6jg19PhoaP2Bg8ox3B4TonwPSLo68XR9yyH3VskB,false
914,e6-lifecycle-20260705T173237.406901391Z-c4-real-task-0191,signed_vote1,true,2,1783272759949,0,QmQK4ChDQQAbfnUHBQHNjhVcC13LjvmaW51QAJHKkyJuWr,false
915,e6-lifecycle-20260705T173237.406901391Z-c4-real-task-0191,signed_vote2,true,2,1783272759951,0,QmQK4ChDQQAbfnUHBQHNjhVcC13LjvmaW51QAJHKkyJuWr,false
916,e6-lifecycle-20260705T173237.406901391Z-c4-real-task-0191,signed_settlement,true,2,1783272759953,0,QmQK4ChDQQAbfnUHBQHNjhVcC13LjvmaW51QAJHKkyJuWr,false
917,e6-lifecycle-20260705T173237.406901391Z-c4-real-task-0191,signed_query_latest,true,0,1783272759955,0,QmQK4ChDQQAbfnUHBQHNjhVcC13LjvmaW51QAJHKkyJuWr,false
918,e6-lifecycle-20260705T173237.406901391Z-c4-real-task-0191,ipfs_verify,true,6,1783272759955,0,QmQK4ChDQQAbfnUHBQHNjhVcC13LjvmaW51QAJHKkyJuWr,false
919,e6-lifecycle-20260705T173237.406901391Z-c4-real-task-0192,ipfs_add,true,77,1783272759894,4212,,false
920,e6-lifecycle-20260705T173237.406901391Z-c4-real-task-0192,signed_posttask,true,2,1783272759971,0,QmWMsVVs2hySKHixiKJetRsQBSH7CcjzbQrS3sZphmmfLm,false
921,e6-lifecycle-20260705T173237.406901391Z-c4-real-task-0192,signed_postallocation,true,2,1783272759973,0,QmWMsVVs2hySKHixiKJetRsQBSH7CcjzbQrS3sZphmmfLm,false
922,e6-lifecycle-20260705T173237.406901391Z-c4-real-task-0192,signed_post_evalsnapshot,true,2,1783272759975,0,QmWMsVVs2hySKHixiKJetRsQBSH7CcjzbQrS3sZphmmfLm,false
923,e6-lifecycle-20260705T173237.406901391Z-c4-real-task-0192,signed_vote1,true,2,1783272759977,0,QmWMsVVs2hySKHixiKJetRsQBSH7CcjzbQrS3sZphmmfLm,false
924,e6-lifecycle-20260705T173237.406901391Z-c4-real-task-0192,signed_vote2,true,2,1783272759979,0,QmWMsVVs2hySKHixiKJetRsQBSH7CcjzbQrS3sZphmmfLm,false
925,e6-lifecycle-20260705T173237.406901391Z-c4-real-task-0192,signed_settlement,true,2,1783272759981,0,QmWMsVVs2hySKHixiKJetRsQBSH7CcjzbQrS3sZphmmfLm,false
926,e6-lifecycle-20260705T173237.406901391Z-c4-real-task-0192,signed_query_latest,true,0,1783272759983,0,QmWMsVVs2hySKHixiKJetRsQBSH7CcjzbQrS3sZphmmfLm,false
927,e6-lifecycle-20260705T173237.406901391Z-c4-real-task-0192,ipfs_verify,true,7,1783272759983,0,QmWMsVVs2hySKHixiKJetRsQBSH7CcjzbQrS3sZphmmfLm,false
928,e6-lifecycle-20260705T173237.406901391Z-c4-real-task-0193,ipfs_add,true,67,1783272759923,3656,,false
929,e6-lifecycle-20260705T173237.406901391Z-c4-real-task-0193,signed_posttask,true,2,1783272759990,0,QmW9nojj3tyFNDDEodDC3x43Y5jA3Ac4z7TE78zw1HD6qu,false
930,e6-lifecycle-20260705T173237.406901391Z-c4-real-task-0193,signed_postallocation,true,3,1783272759992,0,QmW9nojj3tyFNDDEodDC3x43Y5jA3Ac4z7TE78zw1HD6qu,false
931,e6-lifecycle-20260705T173237.406901391Z-c4-real-task-0193,signed_post_evalsnapshot,true,1,1783272759995,0,QmW9nojj3tyFNDDEodDC3x43Y5jA3Ac4z7TE78zw1HD6qu,false
932,e6-lifecycle-20260705T173237.406901391Z-c4-real-task-0193,signed_vote1,true,3,1783272759996,0,QmW9nojj3tyFNDDEodDC3x43Y5jA3Ac4z7TE78zw1HD6qu,false
933,e6-lifecycle-20260705T173237.406901391Z-c4-real-task-0193,signed_vote2,true,1,1783272759999,0,QmW9nojj3tyFNDDEodDC3x43Y5jA3Ac4z7TE78zw1HD6qu,false
934,e6-lifecycle-20260705T173237.406901391Z-c4-real-task-0193,signed_settlement,true,3,1783272760000,0,QmW9nojj3tyFNDDEodDC3x43Y5jA3Ac4z7TE78zw1HD6qu,false
935,e6-lifecycle-20260705T173237.406901391Z-c4-real-task-0193,signed_query_latest,true,0,1783272760003,0,QmW9nojj3tyFNDDEodDC3x43Y5jA3Ac4z7TE78zw1HD6qu,false
936,e6-lifecycle-20260705T173237.406901391Z-c4-real-task-0193,ipfs_verify,true,9,1783272760003,0,QmW9nojj3tyFNDDEodDC3x43Y5jA3Ac4z7TE78zw1HD6qu,false
937,e6-lifecycle-20260705T173237.406901391Z-c4-real-task-0194,ipfs_add,true,62,1783272759950,5127,,false
938,e6-lifecycle-20260705T173237.406901391Z-c4-real-task-0194,signed_posttask,true,2,1783272760012,0,QmUQkF6tMKomfpeYcTdtmNy7TBXYJGRPRM9P1cpCwR1MJF,false
939,e6-lifecycle-20260705T173237.406901391Z-c4-real-task-0194,signed_postallocation,true,2,1783272760014,0,QmUQkF6tMKomfpeYcTdtmNy7TBXYJGRPRM9P1cpCwR1MJF,false
940,e6-lifecycle-20260705T173237.406901391Z-c4-real-task-0194,signed_post_evalsnapshot,true,2,1783272760016,0,QmUQkF6tMKomfpeYcTdtmNy7TBXYJGRPRM9P1cpCwR1MJF,false
941,e6-lifecycle-20260705T173237.406901391Z-c4-real-task-0194,signed_vote1,true,2,1783272760018,0,QmUQkF6tMKomfpeYcTdtmNy7TBXYJGRPRM9P1cpCwR1MJF,false
942,e6-lifecycle-20260705T173237.406901391Z-c4-real-task-0194,signed_vote2,true,2,1783272760020,0,QmUQkF6tMKomfpeYcTdtmNy7TBXYJGRPRM9P1cpCwR1MJF,false
943,e6-lifecycle-20260705T173237.406901391Z-c4-real-task-0194,signed_settlement,true,2,1783272760022,0,QmUQkF6tMKomfpeYcTdtmNy7TBXYJGRPRM9P1cpCwR1MJF,false
944,e6-lifecycle-20260705T173237.406901391Z-c4-real-task-0194,signed_query_latest,true,0,1783272760024,0,QmUQkF6tMKomfpeYcTdtmNy7TBXYJGRPRM9P1cpCwR1MJF,false
945,e6-lifecycle-20260705T173237.406901391Z-c4-real-task-0194,ipfs_verify,true,8,1783272760024,0,QmUQkF6tMKomfpeYcTdtmNy7TBXYJGRPRM9P1cpCwR1MJF,false
946,e6-lifecycle-20260705T173237.406901391Z-c4-real-task-0195,ipfs_add,true,71,1783272759961,4765,,false
947,e6-lifecycle-20260705T173237.406901391Z-c4-real-task-0195,signed_posttask,true,1,1783272760032,0,QmWaLq11VC2STk3MM8gwJdsmwiV6pMb8XyjpXUZRgju27h,false
948,e6-lifecycle-20260705T173237.406901391Z-c4-real-task-0195,signed_postallocation,true,2,1783272760033,0,QmWaLq11VC2STk3MM8gwJdsmwiV6pMb8XyjpXUZRgju27h,false
949,e6-lifecycle-20260705T173237.406901391Z-c4-real-task-0195,signed_post_evalsnapshot,true,2,1783272760035,0,QmWaLq11VC2STk3MM8gwJdsmwiV6pMb8XyjpXUZRgju27h,false
950,e6-lifecycle-20260705T173237.406901391Z-c4-real-task-0195,signed_vote1,true,2,1783272760037,0,QmWaLq11VC2STk3MM8gwJdsmwiV6pMb8XyjpXUZRgju27h,false
951,e6-lifecycle-20260705T173237.406901391Z-c4-real-task-0195,signed_vote2,true,2,1783272760039,0,QmWaLq11VC2STk3MM8gwJdsmwiV6pMb8XyjpXUZRgju27h,false
952,e6-lifecycle-20260705T173237.406901391Z-c4-real-task-0195,signed_settlement,true,1,1783272760041,0,QmWaLq11VC2STk3MM8gwJdsmwiV6pMb8XyjpXUZRgju27h,false
953,e6-lifecycle-20260705T173237.406901391Z-c4-real-task-0195,signed_query_latest,true,0,1783272760042,0,QmWaLq11VC2STk3MM8gwJdsmwiV6pMb8XyjpXUZRgju27h,false
954,e6-lifecycle-20260705T173237.406901391Z-c4-real-task-0195,ipfs_verify,true,7,1783272760042,0,QmWaLq11VC2STk3MM8gwJdsmwiV6pMb8XyjpXUZRgju27h,false
955,e6-lifecycle-20260705T173237.406901391Z-c4-real-task-0196,ipfs_add,true,65,1783272759990,4122,,false
956,e6-lifecycle-20260705T173237.406901391Z-c4-real-task-0196,signed_posttask,true,2,1783272760055,0,QmTQ1PbJFgNKhVego5qTuyTZaXyLBFPkpTGPcPVQGwbk9W,false
957,e6-lifecycle-20260705T173237.406901391Z-c4-real-task-0196,signed_postallocation,true,1,1783272760057,0,QmTQ1PbJFgNKhVego5qTuyTZaXyLBFPkpTGPcPVQGwbk9W,false
958,e6-lifecycle-20260705T173237.406901391Z-c4-real-task-0196,signed_post_evalsnapshot,true,2,1783272760058,0,QmTQ1PbJFgNKhVego5qTuyTZaXyLBFPkpTGPcPVQGwbk9W,false
959,e6-lifecycle-20260705T173237.406901391Z-c4-real-task-0196,signed_vote1,true,1,1783272760060,0,QmTQ1PbJFgNKhVego5qTuyTZaXyLBFPkpTGPcPVQGwbk9W,false
960,e6-lifecycle-20260705T173237.406901391Z-c4-real-task-0196,signed_vote2,true,2,1783272760061,0,QmTQ1PbJFgNKhVego5qTuyTZaXyLBFPkpTGPcPVQGwbk9W,false
961,e6-lifecycle-20260705T173237.406901391Z-c4-real-task-0196,signed_settlement,true,2,1783272760063,0,QmTQ1PbJFgNKhVego5qTuyTZaXyLBFPkpTGPcPVQGwbk9W,false
962,e6-lifecycle-20260705T173237.406901391Z-c4-real-task-0196,signed_query_latest,true,0,1783272760065,0,QmTQ1PbJFgNKhVego5qTuyTZaXyLBFPkpTGPcPVQGwbk9W,false
963,e6-lifecycle-20260705T173237.406901391Z-c4-real-task-0196,ipfs_verify,true,7,1783272760065,0,QmTQ1PbJFgNKhVego5qTuyTZaXyLBFPkpTGPcPVQGwbk9W,false
964,e6-lifecycle-20260705T173237.406901391Z-c4-real-task-0197,ipfs_add,true,64,1783272760012,4817,,false
965,e6-lifecycle-20260705T173237.406901391Z-c4-real-task-0197,signed_posttask,true,2,1783272760076,0,QmbvahhBBxPPJvX1kedLaAKjiVK7gTyk8mGFKobzfLRtWp,false
966,e6-lifecycle-20260705T173237.406901391Z-c4-real-task-0197,signed_postallocation,true,2,1783272760078,0,QmbvahhBBxPPJvX1kedLaAKjiVK7gTyk8mGFKobzfLRtWp,false
967,e6-lifecycle-20260705T173237.406901391Z-c4-real-task-0197,signed_post_evalsnapshot,true,1,1783272760080,0,QmbvahhBBxPPJvX1kedLaAKjiVK7gTyk8mGFKobzfLRtWp,false
968,e6-lifecycle-20260705T173237.406901391Z-c4-real-task-0197,signed_vote1,true,2,1783272760081,0,QmbvahhBBxPPJvX1kedLaAKjiVK7gTyk8mGFKobzfLRtWp,false
969,e6-lifecycle-20260705T173237.406901391Z-c4-real-task-0197,signed_vote2,true,1,1783272760083,0,QmbvahhBBxPPJvX1kedLaAKjiVK7gTyk8mGFKobzfLRtWp,false
970,e6-lifecycle-20260705T173237.406901391Z-c4-real-task-0197,signed_settlement,true,2,1783272760084,0,QmbvahhBBxPPJvX1kedLaAKjiVK7gTyk8mGFKobzfLRtWp,false
971,e6-lifecycle-20260705T173237.406901391Z-c4-real-task-0197,signed_query_latest,true,0,1783272760086,0,QmbvahhBBxPPJvX1kedLaAKjiVK7gTyk8mGFKobzfLRtWp,false
972,e6-lifecycle-20260705T173237.406901391Z-c4-real-task-0197,ipfs_verify,true,8,1783272760086,0,QmbvahhBBxPPJvX1kedLaAKjiVK7gTyk8mGFKobzfLRtWp,false
973,e6-lifecycle-20260705T173237.406901391Z-c4-real-task-0198,ipfs_add,true,65,1783272760032,3540,,false
974,e6-lifecycle-20260705T173237.406901391Z-c4-real-task-0198,signed_posttask,true,2,1783272760097,0,QmZWNqHHBwy3oA7Ng8hVTaUMhZ6QkUps6zYhcegYz5enFd,false
975,e6-lifecycle-20260705T173237.406901391Z-c4-real-task-0198,signed_postallocation,true,2,1783272760099,0,QmZWNqHHBwy3oA7Ng8hVTaUMhZ6QkUps6zYhcegYz5enFd,false
976,e6-lifecycle-20260705T173237.406901391Z-c4-real-task-0198,signed_post_evalsnapshot,true,2,1783272760101,0,QmZWNqHHBwy3oA7Ng8hVTaUMhZ6QkUps6zYhcegYz5enFd,false
977,e6-lifecycle-20260705T173237.406901391Z-c4-real-task-0198,signed_vote1,true,2,1783272760103,0,QmZWNqHHBwy3oA7Ng8hVTaUMhZ6QkUps6zYhcegYz5enFd,false
978,e6-lifecycle-20260705T173237.406901391Z-c4-real-task-0198,signed_vote2,true,1,1783272760105,0,QmZWNqHHBwy3oA7Ng8hVTaUMhZ6QkUps6zYhcegYz5enFd,false
979,e6-lifecycle-20260705T173237.406901391Z-c4-real-task-0198,signed_settlement,true,2,1783272760106,0,QmZWNqHHBwy3oA7Ng8hVTaUMhZ6QkUps6zYhcegYz5enFd,false
980,e6-lifecycle-20260705T173237.406901391Z-c4-real-task-0198,signed_query_latest,true,0,1783272760108,0,QmZWNqHHBwy3oA7Ng8hVTaUMhZ6QkUps6zYhcegYz5enFd,false
981,e6-lifecycle-20260705T173237.406901391Z-c4-real-task-0198,ipfs_verify,true,7,1783272760108,0,QmZWNqHHBwy3oA7Ng8hVTaUMhZ6QkUps6zYhcegYz5enFd,false
982,e6-lifecycle-20260705T173237.406901391Z-c4-real-task-0199,ipfs_add,true,70,1783272760049,5047,,false
983,e6-lifecycle-20260705T173237.406901391Z-c4-real-task-0199,signed_posttask,true,3,1783272760119,0,QmWy11MokeVCNQuSN9bfWQHz1CevithknjYMzKuymcZo7S,false
984,e6-lifecycle-20260705T173237.406901391Z-c4-real-task-0199,signed_postallocation,true,2,1783272760122,0,QmWy11MokeVCNQuSN9bfWQHz1CevithknjYMzKuymcZo7S,false
985,e6-lifecycle-20260705T173237.406901391Z-c4-real-task-0199,signed_post_evalsnapshot,true,2,1783272760124,0,QmWy11MokeVCNQuSN9bfWQHz1CevithknjYMzKuymcZo7S,false
986,e6-lifecycle-20260705T173237.406901391Z-c4-real-task-0199,signed_vote1,true,2,1783272760126,0,QmWy11MokeVCNQuSN9bfWQHz1CevithknjYMzKuymcZo7S,false
987,e6-lifecycle-20260705T173237.406901391Z-c4-real-task-0199,signed_vote2,true,1,1783272760128,0,QmWy11MokeVCNQuSN9bfWQHz1CevithknjYMzKuymcZo7S,false
988,e6-lifecycle-20260705T173237.406901391Z-c4-real-task-0199,signed_settlement,true,3,1783272760129,0,QmWy11MokeVCNQuSN9bfWQHz1CevithknjYMzKuymcZo7S,false
989,e6-lifecycle-20260705T173237.406901391Z-c4-real-task-0199,signed_query_latest,true,0,1783272760132,0,QmWy11MokeVCNQuSN9bfWQHz1CevithknjYMzKuymcZo7S,false
990,e6-lifecycle-20260705T173237.406901391Z-c4-real-task-0199,ipfs_verify,true,8,1783272760132,0,QmWy11MokeVCNQuSN9bfWQHz1CevithknjYMzKuymcZo7S,false
991,e6-lifecycle-20260705T173237.406901391Z-c4-real-task-0201,ipfs_add,true,-2232,1783272760094,4340,,false
992,e6-lifecycle-20260705T173237.406901391Z-c4-real-task-0201,signed_posttask,true,2,1783272757862,0,QmdjzG35Tv9EawU3dwjehMfhybFdJmmnFHpEtFdcm5VuFK,false
993,e6-lifecycle-20260705T173237.406901391Z-c4-real-task-0201,signed_postallocation,true,2,1783272757864,0,QmdjzG35Tv9EawU3dwjehMfhybFdJmmnFHpEtFdcm5VuFK,false
994,e6-lifecycle-20260705T173237.406901391Z-c4-real-task-0201,signed_post_evalsnapshot,true,2,1783272757866,0,QmdjzG35Tv9EawU3dwjehMfhybFdJmmnFHpEtFdcm5VuFK,false
995,e6-lifecycle-20260705T173237.406901391Z-c4-real-task-0201,signed_vote1,true,2,1783272757868,0,QmdjzG35Tv9EawU3dwjehMfhybFdJmmnFHpEtFdcm5VuFK,false
996,e6-lifecycle-20260705T173237.406901391Z-c4-real-task-0201,signed_vote2,true,1,1783272757870,0,QmdjzG35Tv9EawU3dwjehMfhybFdJmmnFHpEtFdcm5VuFK,false
997,e6-lifecycle-20260705T173237.406901391Z-c4-real-task-0201,signed_settlement,true,2,1783272757871,0,QmdjzG35Tv9EawU3dwjehMfhybFdJmmnFHpEtFdcm5VuFK,false
998,e6-lifecycle-20260705T173237.406901391Z-c4-real-task-0201,signed_query_latest,true,0,1783272757873,0,QmdjzG35Tv9EawU3dwjehMfhybFdJmmnFHpEtFdcm5VuFK,false
999,e6-lifecycle-20260705T173237.406901391Z-c4-real-task-0201,ipfs_verify,true,7,1783272757873,0,QmdjzG35Tv9EawU3dwjehMfhybFdJmmnFHpEtFdcm5VuFK,false
1000,e6-lifecycle-20260705T173237.406901391Z-c4-real-task-0200,ipfs_add,true,-2191,1783272760072,5145,,false
1001,e6-lifecycle-20260705T173237.406901391Z-c4-real-task-0202,ipfs_add,true,-2234,1783272760115,4638,,false
1002,e6-lifecycle-20260705T173237.406901391Z-c4-real-task-0200,signed_posttask,true,1,1783272757881,0,QmWsn3VH4qEmQoJUcTTgaCC8C8yvu9U6JQYjovtYXaQr7y,false
1003,e6-lifecycle-20260705T173237.406901391Z-c4-real-task-0200,signed_postallocation,true,3,1783272757882,0,QmWsn3VH4qEmQoJUcTTgaCC8C8yvu9U6JQYjovtYXaQr7y,false
1004,e6-lifecycle-20260705T173237.406901391Z-c4-real-task-0202,signed_posttask,true,6,1783272757881,0,QmejhkZWTARckuAaEe1Q6SLFZ3XMmF1EjcDYpHuMGkpBsf,false
1005,e6-lifecycle-20260705T173237.406901391Z-c4-real-task-0202,signed_postallocation,true,2,1783272757887,0,QmejhkZWTARckuAaEe1Q6SLFZ3XMmF1EjcDYpHuMGkpBsf,false
1006,e6-lifecycle-20260705T173237.406901391Z-c4-real-task-0200,signed_post_evalsnapshot,true,5,1783272757885,0,QmWsn3VH4qEmQoJUcTTgaCC8C8yvu9U6JQYjovtYXaQr7y,false
1007,e6-lifecycle-20260705T173237.406901391Z-c4-real-task-0200,signed_vote1,true,7,1783272757890,0,QmWsn3VH4qEmQoJUcTTgaCC8C8yvu9U6JQYjovtYXaQr7y,false
1008,e6-lifecycle-20260705T173237.406901391Z-c4-real-task-0202,signed_post_evalsnapshot,true,17,1783272757889,0,QmejhkZWTARckuAaEe1Q6SLFZ3XMmF1EjcDYpHuMGkpBsf,false
1009,e6-lifecycle-20260705T173237.406901391Z-c4-real-task-0202,signed_vote1,true,3,1783272757906,0,QmejhkZWTARckuAaEe1Q6SLFZ3XMmF1EjcDYpHuMGkpBsf,false
1010,e6-lifecycle-20260705T173237.406901391Z-c4-real-task-0200,signed_vote2,true,15,1783272757897,0,QmWsn3VH4qEmQoJUcTTgaCC8C8yvu9U6JQYjovtYXaQr7y,false
1011,e6-lifecycle-20260705T173237.406901391Z-c4-real-task-0200,signed_settlement,true,2,1783272757912,0,QmWsn3VH4qEmQoJUcTTgaCC8C8yvu9U6JQYjovtYXaQr7y,false
1012,e6-lifecycle-20260705T173237.406901391Z-c4-real-task-0202,signed_vote2,true,8,1783272757909,0,QmejhkZWTARckuAaEe1Q6SLFZ3XMmF1EjcDYpHuMGkpBsf,false
1013,e6-lifecycle-20260705T173237.406901391Z-c4-real-task-0200,signed_query_latest,true,5,1783272757914,0,QmWsn3VH4qEmQoJUcTTgaCC8C8yvu9U6JQYjovtYXaQr7y,false
1014,e6-lifecycle-20260705T173237.406901391Z-c4-real-task-0202,signed_settlement,true,2,1783272757917,0,QmejhkZWTARckuAaEe1Q6SLFZ3XMmF1EjcDYpHuMGkpBsf,false
1015,e6-lifecycle-20260705T173237.406901391Z-c4-real-task-0202,signed_query_latest,true,0,1783272757919,0,QmejhkZWTARckuAaEe1Q6SLFZ3XMmF1EjcDYpHuMGkpBsf,false
1016,e6-lifecycle-20260705T173237.406901391Z-c4-real-task-0203,ipfs_add,true,-2221,1783272760140,1827,,false
1017,e6-lifecycle-20260705T173237.406901391Z-c4-real-task-0203,signed_posttask,true,2,1783272757919,0,QmR9AwrhqhKCpezziPe8S8GRSS3cqcjrASSQ3HJBYfXh7k,false
1018,e6-lifecycle-20260705T173237.406901391Z-c4-real-task-0203,signed_postallocation,true,1,1783272757921,0,QmR9AwrhqhKCpezziPe8S8GRSS3cqcjrASSQ3HJBYfXh7k,false
1019,e6-lifecycle-20260705T173237.406901391Z-c4-real-task-0203,signed_post_evalsnapshot,true,2,1783272757922,0,QmR9AwrhqhKCpezziPe8S8GRSS3cqcjrASSQ3HJBYfXh7k,false
1020,e6-lifecycle-20260705T173237.406901391Z-c4-real-task-0203,signed_vote1,true,2,1783272757924,0,QmR9AwrhqhKCpezziPe8S8GRSS3cqcjrASSQ3HJBYfXh7k,false
1021,e6-lifecycle-20260705T173237.406901391Z-c4-real-task-0202,ipfs_verify,true,8,1783272757919,0,QmejhkZWTARckuAaEe1Q6SLFZ3XMmF1EjcDYpHuMGkpBsf,false
1022,e6-lifecycle-20260705T173237.406901391Z-c4-real-task-0200,ipfs_verify,true,8,1783272757919,0,QmWsn3VH4qEmQoJUcTTgaCC8C8yvu9U6JQYjovtYXaQr7y,false
1023,e6-lifecycle-20260705T173237.406901391Z-c4-real-task-0203,signed_vote2,true,2,1783272757926,0,QmR9AwrhqhKCpezziPe8S8GRSS3cqcjrASSQ3HJBYfXh7k,false
1024,e6-lifecycle-20260705T173237.406901391Z-c4-real-task-0203,signed_settlement,true,3,1783272757928,0,QmR9AwrhqhKCpezziPe8S8GRSS3cqcjrASSQ3HJBYfXh7k,false
1025,e6-lifecycle-20260705T173237.406901391Z-c4-real-task-0203,signed_query_latest,true,0,1783272757931,0,QmR9AwrhqhKCpezziPe8S8GRSS3cqcjrASSQ3HJBYfXh7k,false
1026,e6-lifecycle-20260705T173237.406901391Z-c4-real-task-0203,ipfs_verify,true,8,1783272757931,0,QmR9AwrhqhKCpezziPe8S8GRSS3cqcjrASSQ3HJBYfXh7k,false
1027,e6-lifecycle-20260705T173237.406901391Z-c4-real-task-0204,ipfs_add,true,61,1783272757880,3115,,false
1028,e6-lifecycle-20260705T173237.406901391Z-c4-real-task-0204,signed_posttask,true,2,1783272757941,0,QmT17R388wMj8koQenucVuHVy5XiFPC6auRTn2sDFmDkQF,false
1029,e6-lifecycle-20260705T173237.406901391Z-c4-real-task-0204,signed_postallocation,true,2,1783272757943,0,QmT17R388wMj8koQenucVuHVy5XiFPC6auRTn2sDFmDkQF,false
1030,e6-lifecycle-20260705T173237.406901391Z-c4-real-task-0204,signed_post_evalsnapshot,true,1,1783272757945,0,QmT17R388wMj8koQenucVuHVy5XiFPC6auRTn2sDFmDkQF,false
1031,e6-lifecycle-20260705T173237.406901391Z-c4-real-task-0204,signed_vote1,true,2,1783272757946,0,QmT17R388wMj8koQenucVuHVy5XiFPC6auRTn2sDFmDkQF,false
1032,e6-lifecycle-20260705T173237.406901391Z-c4-real-task-0204,signed_vote2,true,2,1783272757948,0,QmT17R388wMj8koQenucVuHVy5XiFPC6auRTn2sDFmDkQF,false
1033,e6-lifecycle-20260705T173237.406901391Z-c4-real-task-0204,signed_settlement,true,1,1783272757950,0,QmT17R388wMj8koQenucVuHVy5XiFPC6auRTn2sDFmDkQF,false
1034,e6-lifecycle-20260705T173237.406901391Z-c4-real-task-0204,signed_query_latest,true,0,1783272757951,0,QmT17R388wMj8koQenucVuHVy5XiFPC6auRTn2sDFmDkQF,false
1035,e6-lifecycle-20260705T173237.406901391Z-c4-real-task-0204,ipfs_verify,true,7,1783272757951,0,QmT17R388wMj8koQenucVuHVy5XiFPC6auRTn2sDFmDkQF,false
1036,e6-lifecycle-20260705T173237.406901391Z-c4-real-task-0206,ipfs_add,true,33,1783272757927,5535,,false
1037,e6-lifecycle-20260705T173237.406901391Z-c4-real-task-0206,signed_posttask,true,1,1783272757960,0,QmQXv6YSFiLLxg9uat8XZ1hkWrZyU2221cre3jpTXuS7mT,false
1038,e6-lifecycle-20260705T173237.406901391Z-c4-real-task-0206,signed_postallocation,true,2,1783272757961,0,QmQXv6YSFiLLxg9uat8XZ1hkWrZyU2221cre3jpTXuS7mT,false
1039,e6-lifecycle-20260705T173237.406901391Z-c4-real-task-0206,signed_post_evalsnapshot,true,2,1783272757963,0,QmQXv6YSFiLLxg9uat8XZ1hkWrZyU2221cre3jpTXuS7mT,false
1040,e6-lifecycle-20260705T173237.406901391Z-c4-real-task-0206,signed_vote1,true,1,1783272757965,0,QmQXv6YSFiLLxg9uat8XZ1hkWrZyU2221cre3jpTXuS7mT,false
1041,e6-lifecycle-20260705T173237.406901391Z-c4-real-task-0206,signed_vote2,true,2,1783272757966,0,QmQXv6YSFiLLxg9uat8XZ1hkWrZyU2221cre3jpTXuS7mT,false
1042,e6-lifecycle-20260705T173237.406901391Z-c4-real-task-0206,signed_settlement,true,2,1783272757968,0,QmQXv6YSFiLLxg9uat8XZ1hkWrZyU2221cre3jpTXuS7mT,false
1043,e6-lifecycle-20260705T173237.406901391Z-c4-real-task-0206,signed_query_latest,true,0,1783272757970,0,QmQXv6YSFiLLxg9uat8XZ1hkWrZyU2221cre3jpTXuS7mT,false
1044,e6-lifecycle-20260705T173237.406901391Z-c4-real-task-0206,ipfs_verify,true,18,1783272757970,0,QmQXv6YSFiLLxg9uat8XZ1hkWrZyU2221cre3jpTXuS7mT,false
1045,e6-lifecycle-20260705T173237.406901391Z-c4-real-task-0207,ipfs_add,true,71,1783272757939,5182,,false
1046,e6-lifecycle-20260705T173237.406901391Z-c4-real-task-0207,signed_posttask,true,2,1783272758010,0,QmXXXkdjgsyNeAxA7XiH7hfF8KD8Wy4XQUrDjRARTUGPSz,false
1047,e6-lifecycle-20260705T173237.406901391Z-c4-real-task-0207,signed_postallocation,true,2,1783272758012,0,QmXXXkdjgsyNeAxA7XiH7hfF8KD8Wy4XQUrDjRARTUGPSz,false
1048,e6-lifecycle-20260705T173237.406901391Z-c4-real-task-0207,signed_post_evalsnapshot,true,3,1783272758014,0,QmXXXkdjgsyNeAxA7XiH7hfF8KD8Wy4XQUrDjRARTUGPSz,false
1049,e6-lifecycle-20260705T173237.406901391Z-c4-real-task-0207,signed_vote1,true,2,1783272758017,0,QmXXXkdjgsyNeAxA7XiH7hfF8KD8Wy4XQUrDjRARTUGPSz,false
1050,e6-lifecycle-20260705T173237.406901391Z-c4-real-task-0207,signed_vote2,true,1,1783272758019,0,QmXXXkdjgsyNeAxA7XiH7hfF8KD8Wy4XQUrDjRARTUGPSz,false
1051,e6-lifecycle-20260705T173237.406901391Z-c4-real-task-0207,signed_settlement,true,2,1783272758020,0,QmXXXkdjgsyNeAxA7XiH7hfF8KD8Wy4XQUrDjRARTUGPSz,false
1052,e6-lifecycle-20260705T173237.406901391Z-c4-real-task-0207,signed_query_latest,true,0,1783272758022,0,QmXXXkdjgsyNeAxA7XiH7hfF8KD8Wy4XQUrDjRARTUGPSz,false
1053,e6-lifecycle-20260705T173237.406901391Z-c4-real-task-0207,ipfs_verify,true,8,1783272758022,0,QmXXXkdjgsyNeAxA7XiH7hfF8KD8Wy4XQUrDjRARTUGPSz,false
1054,e6-lifecycle-20260705T173237.406901391Z-c4-real-task-0208,ipfs_add,true,74,1783272757958,2245,,false
1055,e6-lifecycle-20260705T173237.406901391Z-c4-real-task-0205,ipfs_add,true,105,1783272757927,2139,,false
1056,e6-lifecycle-20260705T173237.406901391Z-c4-real-task-0208,signed_posttask,true,2,1783272758032,0,QmWbqs7TsZvkdFAxBV91sbxF9ziEZRMeF4rkcsPMKgPbAc,false
1057,e6-lifecycle-20260705T173237.406901391Z-c4-real-task-0208,signed_postallocation,true,1,1783272758034,0,QmWbqs7TsZvkdFAxBV91sbxF9ziEZRMeF4rkcsPMKgPbAc,false
1058,e6-lifecycle-20260705T173237.406901391Z-c4-real-task-0205,signed_posttask,true,5,1783272758032,0,QmUUFnwdCbT48nkPpC4zLFD1bWTmkmSZxRTWRwZWU44JUW,false
1059,e6-lifecycle-20260705T173237.406901391Z-c4-real-task-0205,signed_postallocation,true,2,1783272758037,0,QmUUFnwdCbT48nkPpC4zLFD1bWTmkmSZxRTWRwZWU44JUW,false
1060,e6-lifecycle-20260705T173237.406901391Z-c4-real-task-0208,signed_post_evalsnapshot,true,6,1783272758035,0,QmWbqs7TsZvkdFAxBV91sbxF9ziEZRMeF4rkcsPMKgPbAc,false
1061,e6-lifecycle-20260705T173237.406901391Z-c4-real-task-0208,signed_vote1,true,2,1783272758041,0,QmWbqs7TsZvkdFAxBV91sbxF9ziEZRMeF4rkcsPMKgPbAc,false
1062,e6-lifecycle-20260705T173237.406901391Z-c4-real-task-0205,signed_post_evalsnapshot,true,6,1783272758039,0,QmUUFnwdCbT48nkPpC4zLFD1bWTmkmSZxRTWRwZWU44JUW,false
1063,e6-lifecycle-20260705T173237.406901391Z-c4-real-task-0205,signed_vote1,true,2,1783272758045,0,QmUUFnwdCbT48nkPpC4zLFD1bWTmkmSZxRTWRwZWU44JUW,false
1064,e6-lifecycle-20260705T173237.406901391Z-c4-real-task-0208,signed_vote2,true,5,1783272758043,0,QmWbqs7TsZvkdFAxBV91sbxF9ziEZRMeF4rkcsPMKgPbAc,false
1065,e6-lifecycle-20260705T173237.406901391Z-c4-real-task-0208,signed_settlement,true,3,1783272758048,0,QmWbqs7TsZvkdFAxBV91sbxF9ziEZRMeF4rkcsPMKgPbAc,false
1066,e6-lifecycle-20260705T173237.406901391Z-c4-real-task-0205,signed_vote2,true,5,1783272758047,0,QmUUFnwdCbT48nkPpC4zLFD1bWTmkmSZxRTWRwZWU44JUW,false
1067,e6-lifecycle-20260705T173237.406901391Z-c4-real-task-0208,signed_query_latest,true,3,1783272758051,0,QmWbqs7TsZvkdFAxBV91sbxF9ziEZRMeF4rkcsPMKgPbAc,false
1068,e6-lifecycle-20260705T173237.406901391Z-c4-real-task-0205,signed_settlement,true,2,1783272758052,0,QmUUFnwdCbT48nkPpC4zLFD1bWTmkmSZxRTWRwZWU44JUW,false
1069,e6-lifecycle-20260705T173237.406901391Z-c4-real-task-0205,signed_query_latest,true,0,1783272758054,0,QmUUFnwdCbT48nkPpC4zLFD1bWTmkmSZxRTWRwZWU44JUW,false
1070,e6-lifecycle-20260705T173237.406901391Z-c4-real-task-0209,ipfs_add,true,69,1783272757988,6194,,false
1071,e6-lifecycle-20260705T173237.406901391Z-c4-real-task-0209,signed_posttask,true,3,1783272758057,0,Qme252yonjeJmYr5f17inPXCqkGhcB4JhPq2rK9zrRu12P,false
1072,e6-lifecycle-20260705T173237.406901391Z-c4-real-task-0209,signed_postallocation,true,1,1783272758060,0,Qme252yonjeJmYr5f17inPXCqkGhcB4JhPq2rK9zrRu12P,false
1073,e6-lifecycle-20260705T173237.406901391Z-c4-real-task-0205,ipfs_verify,true,10,1783272758054,0,QmUUFnwdCbT48nkPpC4zLFD1bWTmkmSZxRTWRwZWU44JUW,false
1074,e6-lifecycle-20260705T173237.406901391Z-c4-real-task-0208,ipfs_verify,true,12,1783272758054,0,QmWbqs7TsZvkdFAxBV91sbxF9ziEZRMeF4rkcsPMKgPbAc,false
1075,e6-lifecycle-20260705T173237.406901391Z-c4-real-task-0209,signed_post_evalsnapshot,true,5,1783272758061,0,Qme252yonjeJmYr5f17inPXCqkGhcB4JhPq2rK9zrRu12P,false
1076,e6-lifecycle-20260705T173237.406901391Z-c4-real-task-0209,signed_vote1,true,2,1783272758066,0,Qme252yonjeJmYr5f17inPXCqkGhcB4JhPq2rK9zrRu12P,false
1077,e6-lifecycle-20260705T173237.406901391Z-c4-real-task-0209,signed_vote2,true,1,1783272758068,0,Qme252yonjeJmYr5f17inPXCqkGhcB4JhPq2rK9zrRu12P,false
1078,e6-lifecycle-20260705T173237.406901391Z-c4-real-task-0209,signed_settlement,true,1,1783272758070,0,Qme252yonjeJmYr5f17inPXCqkGhcB4JhPq2rK9zrRu12P,false
1079,e6-lifecycle-20260705T173237.406901391Z-c4-real-task-0209,signed_query_latest,true,0,1783272758071,0,Qme252yonjeJmYr5f17inPXCqkGhcB4JhPq2rK9zrRu12P,false
1080,e6-lifecycle-20260705T173237.406901391Z-c4-real-task-0209,ipfs_verify,true,8,1783272758071,0,Qme252yonjeJmYr5f17inPXCqkGhcB4JhPq2rK9zrRu12P,false
1081,e6-lifecycle-20260705T173237.406901391Z-c4-real-task-0210,ipfs_add,true,58,1783272758030,4993,,false
1082,e6-lifecycle-20260705T173237.406901391Z-c4-real-task-0210,signed_posttask,true,3,1783272758088,0,QmYWQDJhTUHPSwS8macjgfKhMk7DhsPuXJUCoxJ8RUpDKq,false
1083,e6-lifecycle-20260705T173237.406901391Z-c4-real-task-0210,signed_postallocation,true,2,1783272758091,0,QmYWQDJhTUHPSwS8macjgfKhMk7DhsPuXJUCoxJ8RUpDKq,false
1084,e6-lifecycle-20260705T173237.406901391Z-c4-real-task-0210,signed_post_evalsnapshot,true,1,1783272758093,0,QmYWQDJhTUHPSwS8macjgfKhMk7DhsPuXJUCoxJ8RUpDKq,false
1085,e6-lifecycle-20260705T173237.406901391Z-c4-real-task-0210,signed_vote1,true,2,1783272758094,0,QmYWQDJhTUHPSwS8macjgfKhMk7DhsPuXJUCoxJ8RUpDKq,false
1086,e6-lifecycle-20260705T173237.406901391Z-c4-real-task-0210,signed_vote2,true,2,1783272758096,0,QmYWQDJhTUHPSwS8macjgfKhMk7DhsPuXJUCoxJ8RUpDKq,false
1087,e6-lifecycle-20260705T173237.406901391Z-c4-real-task-0210,signed_settlement,true,3,1783272758098,0,QmYWQDJhTUHPSwS8macjgfKhMk7DhsPuXJUCoxJ8RUpDKq,false
1088,e6-lifecycle-20260705T173237.406901391Z-c4-real-task-0210,signed_query_latest,true,0,1783272758101,0,QmYWQDJhTUHPSwS8macjgfKhMk7DhsPuXJUCoxJ8RUpDKq,false
1089,e6-lifecycle-20260705T173237.406901391Z-c4-real-task-0210,ipfs_verify,true,11,1783272758101,0,QmYWQDJhTUHPSwS8macjgfKhMk7DhsPuXJUCoxJ8RUpDKq,false
1090,e6-lifecycle-20260705T173237.406901391Z-c4-real-task-0211,ipfs_add,true,49,1783272758064,2188,,false
1091,e6-lifecycle-20260705T173237.406901391Z-c4-real-task-0211,signed_posttask,true,2,1783272758113,0,QmSruFaoTdkpvWrKYpZR3J5CegMm6LLAWeQUC4xAiE69U9,false
1092,e6-lifecycle-20260705T173237.406901391Z-c4-real-task-0211,signed_postallocation,true,2,1783272758115,0,QmSruFaoTdkpvWrKYpZR3J5CegMm6LLAWeQUC4xAiE69U9,false
1093,e6-lifecycle-20260705T173237.406901391Z-c4-real-task-0211,signed_post_evalsnapshot,true,1,1783272758117,0,QmSruFaoTdkpvWrKYpZR3J5CegMm6LLAWeQUC4xAiE69U9,false
1094,e6-lifecycle-20260705T173237.406901391Z-c4-real-task-0211,signed_vote1,true,2,1783272758118,0,QmSruFaoTdkpvWrKYpZR3J5CegMm6LLAWeQUC4xAiE69U9,false
1095,e6-lifecycle-20260705T173237.406901391Z-c4-real-task-0211,signed_vote2,true,3,1783272758120,0,QmSruFaoTdkpvWrKYpZR3J5CegMm6LLAWeQUC4xAiE69U9,false
1096,e6-lifecycle-20260705T173237.406901391Z-c4-real-task-0211,signed_settlement,true,3,1783272758123,0,QmSruFaoTdkpvWrKYpZR3J5CegMm6LLAWeQUC4xAiE69U9,false
1097,e6-lifecycle-20260705T173237.406901391Z-c4-real-task-0211,signed_query_latest,true,0,1783272758126,0,QmSruFaoTdkpvWrKYpZR3J5CegMm6LLAWeQUC4xAiE69U9,false
1098,e6-lifecycle-20260705T173237.406901391Z-c4-real-task-0211,ipfs_verify,true,10,1783272758126,0,QmSruFaoTdkpvWrKYpZR3J5CegMm6LLAWeQUC4xAiE69U9,false
1099,e6-lifecycle-20260705T173237.406901391Z-c4-real-task-0213,ipfs_add,true,76,1783272758079,4132,,false
1100,e6-lifecycle-20260705T173237.406901391Z-c4-real-task-0213,signed_posttask,true,2,1783272758155,0,QmctLbZZivJVW7cFwYF2T1Ru2jPZUBYB55doQKWJ3SD4r5,false
1101,e6-lifecycle-20260705T173237.406901391Z-c4-real-task-0213,signed_postallocation,true,2,1783272758157,0,QmctLbZZivJVW7cFwYF2T1Ru2jPZUBYB55doQKWJ3SD4r5,false
1102,e6-lifecycle-20260705T173237.406901391Z-c4-real-task-0213,signed_post_evalsnapshot,true,1,1783272758159,0,QmctLbZZivJVW7cFwYF2T1Ru2jPZUBYB55doQKWJ3SD4r5,false
1103,e6-lifecycle-20260705T173237.406901391Z-c4-real-task-0213,signed_vote1,true,2,1783272758160,0,QmctLbZZivJVW7cFwYF2T1Ru2jPZUBYB55doQKWJ3SD4r5,false
1104,e6-lifecycle-20260705T173237.406901391Z-c4-real-task-0213,signed_vote2,true,2,1783272758162,0,QmctLbZZivJVW7cFwYF2T1Ru2jPZUBYB55doQKWJ3SD4r5,false
1105,e6-lifecycle-20260705T173237.406901391Z-c4-real-task-0213,signed_settlement,true,2,1783272758164,0,QmctLbZZivJVW7cFwYF2T1Ru2jPZUBYB55doQKWJ3SD4r5,false
1106,e6-lifecycle-20260705T173237.406901391Z-c4-real-task-0213,signed_query_latest,true,0,1783272758166,0,QmctLbZZivJVW7cFwYF2T1Ru2jPZUBYB55doQKWJ3SD4r5,false
1107,e6-lifecycle-20260705T173237.406901391Z-c4-real-task-0213,ipfs_verify,true,8,1783272758166,0,QmctLbZZivJVW7cFwYF2T1Ru2jPZUBYB55doQKWJ3SD4r5,false
1108,e6-lifecycle-20260705T173237.406901391Z-c4-real-task-0212,ipfs_add,true,110,1783272758066,2819,,false
1109,e6-lifecycle-20260705T173237.406901391Z-c4-real-task-0214,ipfs_add,true,64,1783272758112,3407,,false
1110,e6-lifecycle-20260705T173237.406901391Z-c4-real-task-0212,signed_posttask,true,2,1783272758176,0,Qmaib3WGRkqTQustpCT5rKV9YQe2ieXfDc5aAxzzBF7FaH,false
1111,e6-lifecycle-20260705T173237.406901391Z-c4-real-task-0212,signed_postallocation,true,2,1783272758178,0,Qmaib3WGRkqTQustpCT5rKV9YQe2ieXfDc5aAxzzBF7FaH,false
1112,e6-lifecycle-20260705T173237.406901391Z-c4-real-task-0214,signed_posttask,true,6,1783272758176,0,QmW8eUfmmaQLniD2wxDZwMJfZvPcEb95FaZBwzxdvv4GUs,false
1113,e6-lifecycle-20260705T173237.406901391Z-c4-real-task-0214,signed_postallocation,true,2,1783272758182,0,QmW8eUfmmaQLniD2wxDZwMJfZvPcEb95FaZBwzxdvv4GUs,false
1114,e6-lifecycle-20260705T173237.406901391Z-c4-real-task-0212,signed_post_evalsnapshot,true,6,1783272758180,0,Qmaib3WGRkqTQustpCT5rKV9YQe2ieXfDc5aAxzzBF7FaH,false
1115,e6-lifecycle-20260705T173237.406901391Z-c4-real-task-0212,signed_vote1,true,1,1783272758186,0,Qmaib3WGRkqTQustpCT5rKV9YQe2ieXfDc5aAxzzBF7FaH,false
1116,e6-lifecycle-20260705T173237.406901391Z-c4-real-task-0214,signed_post_evalsnapshot,true,5,1783272758184,0,QmW8eUfmmaQLniD2wxDZwMJfZvPcEb95FaZBwzxdvv4GUs,false
1117,e6-lifecycle-20260705T173237.406901391Z-c4-real-task-0214,signed_vote1,true,3,1783272758189,0,QmW8eUfmmaQLniD2wxDZwMJfZvPcEb95FaZBwzxdvv4GUs,false
1118,e6-lifecycle-20260705T173237.406901391Z-c4-real-task-0212,signed_vote2,true,7,1783272758187,0,Qmaib3WGRkqTQustpCT5rKV9YQe2ieXfDc5aAxzzBF7FaH,false
1119,e6-lifecycle-20260705T173237.406901391Z-c4-real-task-0212,signed_settlement,true,2,1783272758194,0,Qmaib3WGRkqTQustpCT5rKV9YQe2ieXfDc5aAxzzBF7FaH,false
1120,e6-lifecycle-20260705T173237.406901391Z-c4-real-task-0214,signed_vote2,true,5,1783272758192,0,QmW8eUfmmaQLniD2wxDZwMJfZvPcEb95FaZBwzxdvv4GUs,false
1121,e6-lifecycle-20260705T173237.406901391Z-c4-real-task-0212,signed_query_latest,true,3,1783272758196,0,Qmaib3WGRkqTQustpCT5rKV9YQe2ieXfDc5aAxzzBF7FaH,false
1122,e6-lifecycle-20260705T173237.406901391Z-c4-real-task-0214,signed_settlement,true,2,1783272758197,0,QmW8eUfmmaQLniD2wxDZwMJfZvPcEb95FaZBwzxdvv4GUs,false
1123,e6-lifecycle-20260705T173237.406901391Z-c4-real-task-0214,signed_query_latest,true,0,1783272758199,0,QmW8eUfmmaQLniD2wxDZwMJfZvPcEb95FaZBwzxdvv4GUs,false
1124,e6-lifecycle-20260705T173237.406901391Z-c4-real-task-0214,ipfs_verify,true,10,1783272758199,0,QmW8eUfmmaQLniD2wxDZwMJfZvPcEb95FaZBwzxdvv4GUs,false
1125,e6-lifecycle-20260705T173237.406901391Z-c4-real-task-0215,ipfs_add,true,73,1783272758136,5293,,false
1126,e6-lifecycle-20260705T173237.406901391Z-c4-real-task-0215,signed_posttask,true,2,1783272758209,0,QmTpnKYxxgCcizoT1wCDmcgvVbp5FYFvr7h2HQoANwFfJK,false
1127,e6-lifecycle-20260705T173237.406901391Z-c4-real-task-0212,ipfs_verify,true,12,1783272758199,0,Qmaib3WGRkqTQustpCT5rKV9YQe2ieXfDc5aAxzzBF7FaH,false
1128,e6-lifecycle-20260705T173237.406901391Z-c4-real-task-0215,signed_postallocation,true,2,1783272758211,0,QmTpnKYxxgCcizoT1wCDmcgvVbp5FYFvr7h2HQoANwFfJK,false
1129,e6-lifecycle-20260705T173237.406901391Z-c4-real-task-0215,signed_post_evalsnapshot,true,2,1783272758213,0,QmTpnKYxxgCcizoT1wCDmcgvVbp5FYFvr7h2HQoANwFfJK,false
1130,e6-lifecycle-20260705T173237.406901391Z-c4-real-task-0215,signed_vote1,true,4,1783272758215,0,QmTpnKYxxgCcizoT1wCDmcgvVbp5FYFvr7h2HQoANwFfJK,false
1131,e6-lifecycle-20260705T173237.406901391Z-c4-real-task-0215,signed_vote2,true,2,1783272758219,0,QmTpnKYxxgCcizoT1wCDmcgvVbp5FYFvr7h2HQoANwFfJK,false
1132,e6-lifecycle-20260705T173237.406901391Z-c4-real-task-0215,signed_settlement,true,2,1783272758221,0,QmTpnKYxxgCcizoT1wCDmcgvVbp5FYFvr7h2HQoANwFfJK,false
1133,e6-lifecycle-20260705T173237.406901391Z-c4-real-task-0215,signed_query_latest,true,0,1783272758223,0,QmTpnKYxxgCcizoT1wCDmcgvVbp5FYFvr7h2HQoANwFfJK,false
1134,e6-lifecycle-20260705T173237.406901391Z-c4-real-task-0215,ipfs_verify,true,10,1783272758223,0,QmTpnKYxxgCcizoT1wCDmcgvVbp5FYFvr7h2HQoANwFfJK,false
1135,e6-lifecycle-20260705T173237.406901391Z-c4-real-task-0216,ipfs_add,true,62,1783272758174,4886,,false
1136,e6-lifecycle-20260705T173237.406901391Z-c4-real-task-0216,signed_posttask,true,1,1783272758236,0,QmWRqVXWHuiCnyPwtVKNcTtPcSDmJqXWmtgqtbSbCRQFN4,false
1137,e6-lifecycle-20260705T173237.406901391Z-c4-real-task-0216,signed_postallocation,true,2,1783272758237,0,QmWRqVXWHuiCnyPwtVKNcTtPcSDmJqXWmtgqtbSbCRQFN4,false
1138,e6-lifecycle-20260705T173237.406901391Z-c4-real-task-0216,signed_post_evalsnapshot,true,2,1783272758239,0,QmWRqVXWHuiCnyPwtVKNcTtPcSDmJqXWmtgqtbSbCRQFN4,false
1139,e6-lifecycle-20260705T173237.406901391Z-c4-real-task-0216,signed_vote1,true,2,1783272758241,0,QmWRqVXWHuiCnyPwtVKNcTtPcSDmJqXWmtgqtbSbCRQFN4,false
1140,e6-lifecycle-20260705T173237.406901391Z-c4-real-task-0216,signed_vote2,true,2,1783272758243,0,QmWRqVXWHuiCnyPwtVKNcTtPcSDmJqXWmtgqtbSbCRQFN4,false
1141,e6-lifecycle-20260705T173237.406901391Z-c4-real-task-0216,signed_settlement,true,2,1783272758245,0,QmWRqVXWHuiCnyPwtVKNcTtPcSDmJqXWmtgqtbSbCRQFN4,false
1142,e6-lifecycle-20260705T173237.406901391Z-c4-real-task-0216,signed_query_latest,true,0,1783272758247,0,QmWRqVXWHuiCnyPwtVKNcTtPcSDmJqXWmtgqtbSbCRQFN4,false
1143,e6-lifecycle-20260705T173237.406901391Z-c4-real-task-0216,ipfs_verify,true,9,1783272758247,0,QmWRqVXWHuiCnyPwtVKNcTtPcSDmJqXWmtgqtbSbCRQFN4,false
1144,e6-lifecycle-20260705T173237.406901391Z-c4-real-task-0217,ipfs_add,true,49,1783272758209,2716,,false
1145,e6-lifecycle-20260705T173237.406901391Z-c4-real-task-0217,signed_posttask,true,2,1783272758258,0,QmSJABdfLv4Bpp2eX5n5HPKM57QCdjn63jgA55THvNNed2,false
1146,e6-lifecycle-20260705T173237.406901391Z-c4-real-task-0217,signed_postallocation,true,2,1783272758260,0,QmSJABdfLv4Bpp2eX5n5HPKM57QCdjn63jgA55THvNNed2,false
1147,e6-lifecycle-20260705T173237.406901391Z-c4-real-task-0217,signed_post_evalsnapshot,true,2,1783272758262,0,QmSJABdfLv4Bpp2eX5n5HPKM57QCdjn63jgA55THvNNed2,false
1148,e6-lifecycle-20260705T173237.406901391Z-c4-real-task-0217,signed_vote1,true,2,1783272758264,0,QmSJABdfLv4Bpp2eX5n5HPKM57QCdjn63jgA55THvNNed2,false
1149,e6-lifecycle-20260705T173237.406901391Z-c4-real-task-0217,signed_vote2,true,1,1783272758266,0,QmSJABdfLv4Bpp2eX5n5HPKM57QCdjn63jgA55THvNNed2,false
1150,e6-lifecycle-20260705T173237.406901391Z-c4-real-task-0217,signed_settlement,true,3,1783272758267,0,QmSJABdfLv4Bpp2eX5n5HPKM57QCdjn63jgA55THvNNed2,false
1151,e6-lifecycle-20260705T173237.406901391Z-c4-real-task-0217,signed_query_latest,true,0,1783272758270,0,QmSJABdfLv4Bpp2eX5n5HPKM57QCdjn63jgA55THvNNed2,false
1152,e6-lifecycle-20260705T173237.406901391Z-c4-real-task-0218,ipfs_add,true,69,1783272758212,4685,,false
1153,e6-lifecycle-20260705T173237.406901391Z-c4-real-task-0217,ipfs_verify,true,14,1783272758270,0,QmSJABdfLv4Bpp2eX5n5HPKM57QCdjn63jgA55THvNNed2,false
1154,e6-lifecycle-20260705T173237.406901391Z-c4-real-task-0218,signed_posttask,true,3,1783272758281,0,Qme1iJktEs7YhnQf7MbuHozo4uZPGWWEs3BYJ6zBCFpdMN,false
1155,e6-lifecycle-20260705T173237.406901391Z-c4-real-task-0218,signed_postallocation,true,3,1783272758284,0,Qme1iJktEs7YhnQf7MbuHozo4uZPGWWEs3BYJ6zBCFpdMN,false
1156,e6-lifecycle-20260705T173237.406901391Z-c4-real-task-0218,signed_post_evalsnapshot,true,1,1783272758287,0,Qme1iJktEs7YhnQf7MbuHozo4uZPGWWEs3BYJ6zBCFpdMN,false
1157,e6-lifecycle-20260705T173237.406901391Z-c4-real-task-0218,signed_vote1,true,2,1783272758288,0,Qme1iJktEs7YhnQf7MbuHozo4uZPGWWEs3BYJ6zBCFpdMN,false
1158,e6-lifecycle-20260705T173237.406901391Z-c4-real-task-0218,signed_vote2,true,2,1783272758290,0,Qme1iJktEs7YhnQf7MbuHozo4uZPGWWEs3BYJ6zBCFpdMN,false
1159,e6-lifecycle-20260705T173237.406901391Z-c4-real-task-0218,signed_settlement,true,2,1783272758292,0,Qme1iJktEs7YhnQf7MbuHozo4uZPGWWEs3BYJ6zBCFpdMN,false
1160,e6-lifecycle-20260705T173237.406901391Z-c4-real-task-0218,signed_query_latest,true,0,1783272758294,0,Qme1iJktEs7YhnQf7MbuHozo4uZPGWWEs3BYJ6zBCFpdMN,false
1161,e6-lifecycle-20260705T173237.406901391Z-c4-real-task-0218,ipfs_verify,true,9,1783272758294,0,Qme1iJktEs7YhnQf7MbuHozo4uZPGWWEs3BYJ6zBCFpdMN,false
1162,e6-lifecycle-20260705T173237.406901391Z-c4-real-task-0219,ipfs_add,true,72,1783272758233,2892,,false
1163,e6-lifecycle-20260705T173237.406901391Z-c4-real-task-0219,signed_posttask,true,2,1783272758305,0,QmNhbectLBJKJjaBFkjTFgZM6bzSgrQqfV2nzNGd7hnhXp,false
1164,e6-lifecycle-20260705T173237.406901391Z-c4-real-task-0219,signed_postallocation,true,3,1783272758307,0,QmNhbectLBJKJjaBFkjTFgZM6bzSgrQqfV2nzNGd7hnhXp,false
1165,e6-lifecycle-20260705T173237.406901391Z-c4-real-task-0219,signed_post_evalsnapshot,true,2,1783272758310,0,QmNhbectLBJKJjaBFkjTFgZM6bzSgrQqfV2nzNGd7hnhXp,false
1166,e6-lifecycle-20260705T173237.406901391Z-c4-real-task-0219,signed_vote1,true,3,1783272758312,0,QmNhbectLBJKJjaBFkjTFgZM6bzSgrQqfV2nzNGd7hnhXp,false
1167,e6-lifecycle-20260705T173237.406901391Z-c4-real-task-0219,signed_vote2,true,2,1783272758315,0,QmNhbectLBJKJjaBFkjTFgZM6bzSgrQqfV2nzNGd7hnhXp,false
1168,e6-lifecycle-20260705T173237.406901391Z-c4-real-task-0219,signed_settlement,true,2,1783272758317,0,QmNhbectLBJKJjaBFkjTFgZM6bzSgrQqfV2nzNGd7hnhXp,false
1169,e6-lifecycle-20260705T173237.406901391Z-c4-real-task-0219,signed_query_latest,true,0,1783272758319,0,QmNhbectLBJKJjaBFkjTFgZM6bzSgrQqfV2nzNGd7hnhXp,false
1170,e6-lifecycle-20260705T173237.406901391Z-c4-real-task-0220,ipfs_add,true,70,1783272758256,4548,,false
1171,e6-lifecycle-20260705T173237.406901391Z-c4-real-task-0219,ipfs_verify,true,7,1783272758319,0,QmNhbectLBJKJjaBFkjTFgZM6bzSgrQqfV2nzNGd7hnhXp,false
1172,e6-lifecycle-20260705T173237.406901391Z-c4-real-task-0220,signed_posttask,true,2,1783272758326,0,QmYYxvJgNUHcuw3V2RQoYsrDaUwRXmGhJB4S5YoBbJAdi9,false
1173,e6-lifecycle-20260705T173237.406901391Z-c4-real-task-0220,signed_postallocation,true,2,1783272758328,0,QmYYxvJgNUHcuw3V2RQoYsrDaUwRXmGhJB4S5YoBbJAdi9,false
1174,e6-lifecycle-20260705T173237.406901391Z-c4-real-task-0220,signed_post_evalsnapshot,true,2,1783272758330,0,QmYYxvJgNUHcuw3V2RQoYsrDaUwRXmGhJB4S5YoBbJAdi9,false
1175,e6-lifecycle-20260705T173237.406901391Z-c4-real-task-0220,signed_vote1,true,3,1783272758332,0,QmYYxvJgNUHcuw3V2RQoYsrDaUwRXmGhJB4S5YoBbJAdi9,false
1176,e6-lifecycle-20260705T173237.406901391Z-c4-real-task-0220,signed_vote2,true,3,1783272758335,0,QmYYxvJgNUHcuw3V2RQoYsrDaUwRXmGhJB4S5YoBbJAdi9,false
1177,e6-lifecycle-20260705T173237.406901391Z-c4-real-task-0220,signed_settlement,true,2,1783272758338,0,QmYYxvJgNUHcuw3V2RQoYsrDaUwRXmGhJB4S5YoBbJAdi9,false
1178,e6-lifecycle-20260705T173237.406901391Z-c4-real-task-0220,signed_query_latest,true,0,1783272758340,0,QmYYxvJgNUHcuw3V2RQoYsrDaUwRXmGhJB4S5YoBbJAdi9,false
1179,e6-lifecycle-20260705T173237.406901391Z-c4-real-task-0220,ipfs_verify,true,8,1783272758340,0,QmYYxvJgNUHcuw3V2RQoYsrDaUwRXmGhJB4S5YoBbJAdi9,false
1180,e6-lifecycle-20260705T173237.406901391Z-c4-real-task-0221,ipfs_add,true,64,1783272758284,3158,,false
1181,e6-lifecycle-20260705T173237.406901391Z-c4-real-task-0221,signed_posttask,true,2,1783272758348,0,QmWVfmqjcSuDEvXN6AQHwxkPXEvwWEr5xAd7VvqaLGMK2z,false
1182,e6-lifecycle-20260705T173237.406901391Z-c4-real-task-0221,signed_postallocation,true,2,1783272758350,0,QmWVfmqjcSuDEvXN6AQHwxkPXEvwWEr5xAd7VvqaLGMK2z,false
1183,e6-lifecycle-20260705T173237.406901391Z-c4-real-task-0221,signed_post_evalsnapshot,true,1,1783272758352,0,QmWVfmqjcSuDEvXN6AQHwxkPXEvwWEr5xAd7VvqaLGMK2z,false
1184,e6-lifecycle-20260705T173237.406901391Z-c4-real-task-0221,signed_vote1,true,2,1783272758353,0,QmWVfmqjcSuDEvXN6AQHwxkPXEvwWEr5xAd7VvqaLGMK2z,false
1185,e6-lifecycle-20260705T173237.406901391Z-c4-real-task-0221,signed_vote2,true,2,1783272758355,0,QmWVfmqjcSuDEvXN6AQHwxkPXEvwWEr5xAd7VvqaLGMK2z,false
1186,e6-lifecycle-20260705T173237.406901391Z-c4-real-task-0221,signed_settlement,true,2,1783272758357,0,QmWVfmqjcSuDEvXN6AQHwxkPXEvwWEr5xAd7VvqaLGMK2z,false
1187,e6-lifecycle-20260705T173237.406901391Z-c4-real-task-0221,signed_query_latest,true,0,1783272758359,0,QmWVfmqjcSuDEvXN6AQHwxkPXEvwWEr5xAd7VvqaLGMK2z,false
1188,e6-lifecycle-20260705T173237.406901391Z-c4-real-task-0221,ipfs_verify,true,10,1783272758359,0,QmWVfmqjcSuDEvXN6AQHwxkPXEvwWEr5xAd7VvqaLGMK2z,false
1189,e6-lifecycle-20260705T173237.406901391Z-c4-real-task-0222,ipfs_add,true,112,1783272758303,1324,,false
1190,e6-lifecycle-20260705T173237.406901391Z-c4-real-task-0222,signed_posttask,true,2,1783272758415,0,QmS9gSDSA2dNcaqguAdbXiugT37zErUJRQhyYdHW4FYF1Z,false
1191,e6-lifecycle-20260705T173237.406901391Z-c4-real-task-0222,signed_postallocation,true,2,1783272758417,0,QmS9gSDSA2dNcaqguAdbXiugT37zErUJRQhyYdHW4FYF1Z,false
1192,e6-lifecycle-20260705T173237.406901391Z-c4-real-task-0222,signed_post_evalsnapshot,true,1,1783272758419,0,QmS9gSDSA2dNcaqguAdbXiugT37zErUJRQhyYdHW4FYF1Z,false
1193,e6-lifecycle-20260705T173237.406901391Z-c4-real-task-0222,signed_vote1,true,2,1783272758420,0,QmS9gSDSA2dNcaqguAdbXiugT37zErUJRQhyYdHW4FYF1Z,false
1194,e6-lifecycle-20260705T173237.406901391Z-c4-real-task-0222,signed_vote2,true,2,1783272758422,0,QmS9gSDSA2dNcaqguAdbXiugT37zErUJRQhyYdHW4FYF1Z,false
1195,e6-lifecycle-20260705T173237.406901391Z-c4-real-task-0222,signed_settlement,true,1,1783272758424,0,QmS9gSDSA2dNcaqguAdbXiugT37zErUJRQhyYdHW4FYF1Z,false
1196,e6-lifecycle-20260705T173237.406901391Z-c4-real-task-0222,signed_query_latest,true,0,1783272758425,0,QmS9gSDSA2dNcaqguAdbXiugT37zErUJRQhyYdHW4FYF1Z,false
1197,e6-lifecycle-20260705T173237.406901391Z-c4-real-task-0222,ipfs_verify,true,8,1783272758425,0,QmS9gSDSA2dNcaqguAdbXiugT37zErUJRQhyYdHW4FYF1Z,false
1198,e6-lifecycle-20260705T173237.406901391Z-c4-real-task-0225,ipfs_add,true,66,1783272758369,2951,,false
1199,e6-lifecycle-20260705T173237.406901391Z-c4-real-task-0224,ipfs_add,true,87,1783272758348,1434,,false
1200,e6-lifecycle-20260705T173237.406901391Z-c4-real-task-0223,ipfs_add,true,109,1783272758326,3496,,false
1201,e6-lifecycle-20260705T173237.406901391Z-c4-real-task-0225,signed_posttask,true,2,1783272758435,0,QmP2y2GKPy6gwArpzaE2RA5dRRgeXWNUH6Gyquaruz27DM,false
1202,e6-lifecycle-20260705T173237.406901391Z-c4-real-task-0225,signed_postallocation,true,2,1783272758437,0,QmP2y2GKPy6gwArpzaE2RA5dRRgeXWNUH6Gyquaruz27DM,false
1203,e6-lifecycle-20260705T173237.406901391Z-c4-real-task-0224,signed_posttask,true,5,1783272758435,0,Qmbpj7kBGWLUhW2szT9f3rx2oZsCwi6t2fMD1Smb2wFi3D,false
1204,e6-lifecycle-20260705T173237.406901391Z-c4-real-task-0223,signed_posttask,true,7,1783272758435,0,QmWbbDn5PocUVAwa1Z8DaHWZAUyYjNR994MzCi3frghkPT,false
1205,e6-lifecycle-20260705T173237.406901391Z-c4-real-task-0225,signed_post_evalsnapshot,true,4,1783272758439,0,QmP2y2GKPy6gwArpzaE2RA5dRRgeXWNUH6Gyquaruz27DM,false
1206,e6-lifecycle-20260705T173237.406901391Z-c4-real-task-0224,signed_postallocation,true,5,1783272758440,0,Qmbpj7kBGWLUhW2szT9f3rx2oZsCwi6t2fMD1Smb2wFi3D,false
1207,e6-lifecycle-20260705T173237.406901391Z-c4-real-task-0223,signed_postallocation,true,5,1783272758442,0,QmWbbDn5PocUVAwa1Z8DaHWZAUyYjNR994MzCi3frghkPT,false
1208,e6-lifecycle-20260705T173237.406901391Z-c4-real-task-0225,signed_vote1,true,6,1783272758443,0,QmP2y2GKPy6gwArpzaE2RA5dRRgeXWNUH6Gyquaruz27DM,false
1209,e6-lifecycle-20260705T173237.406901391Z-c4-real-task-0224,signed_post_evalsnapshot,true,5,1783272758445,0,Qmbpj7kBGWLUhW2szT9f3rx2oZsCwi6t2fMD1Smb2wFi3D,false
1210,e6-lifecycle-20260705T173237.406901391Z-c4-real-task-0223,signed_post_evalsnapshot,true,5,1783272758447,0,QmWbbDn5PocUVAwa1Z8DaHWZAUyYjNR994MzCi3frghkPT,false
1211,e6-lifecycle-20260705T173237.406901391Z-c4-real-task-0225,signed_vote2,true,5,1783272758449,0,QmP2y2GKPy6gwArpzaE2RA5dRRgeXWNUH6Gyquaruz27DM,false
1212,e6-lifecycle-20260705T173237.406901391Z-c4-real-task-0224,signed_vote1,true,6,1783272758450,0,Qmbpj7kBGWLUhW2szT9f3rx2oZsCwi6t2fMD1Smb2wFi3D,false
1213,e6-lifecycle-20260705T173237.406901391Z-c4-real-task-0223,signed_vote1,true,6,1783272758452,0,QmWbbDn5PocUVAwa1Z8DaHWZAUyYjNR994MzCi3frghkPT,false
1214,e6-lifecycle-20260705T173237.406901391Z-c4-real-task-0225,signed_settlement,true,6,1783272758454,0,QmP2y2GKPy6gwArpzaE2RA5dRRgeXWNUH6Gyquaruz27DM,false
1215,e6-lifecycle-20260705T173237.406901391Z-c4-real-task-0224,signed_vote2,true,5,1783272758456,0,Qmbpj7kBGWLUhW2szT9f3rx2oZsCwi6t2fMD1Smb2wFi3D,false
1216,e6-lifecycle-20260705T173237.406901391Z-c4-real-task-0223,signed_vote2,true,5,1783272758458,0,QmWbbDn5PocUVAwa1Z8DaHWZAUyYjNR994MzCi3frghkPT,false
1217,e6-lifecycle-20260705T173237.406901391Z-c4-real-task-0225,signed_query_latest,true,3,1783272758460,0,QmP2y2GKPy6gwArpzaE2RA5dRRgeXWNUH6Gyquaruz27DM,false
1218,e6-lifecycle-20260705T173237.406901391Z-c4-real-task-0225,ipfs_verify,true,8,1783272758463,0,QmP2y2GKPy6gwArpzaE2RA5dRRgeXWNUH6Gyquaruz27DM,false
1219,e6-lifecycle-20260705T173237.406901391Z-c4-real-task-0224,signed_settlement,true,12,1783272758461,0,Qmbpj7kBGWLUhW2szT9f3rx2oZsCwi6t2fMD1Smb2wFi3D,false
1220,e6-lifecycle-20260705T173237.406901391Z-c4-real-task-0224,signed_query_latest,true,0,1783272758473,0,Qmbpj7kBGWLUhW2szT9f3rx2oZsCwi6t2fMD1Smb2wFi3D,false
1221,e6-lifecycle-20260705T173237.406901391Z-c4-real-task-0226,ipfs_add,true,41,1783272758433,2097,,false
1222,e6-lifecycle-20260705T173237.406901391Z-c4-real-task-0223,signed_settlement,true,16,1783272758463,0,QmWbbDn5PocUVAwa1Z8DaHWZAUyYjNR994MzCi3frghkPT,false
1223,e6-lifecycle-20260705T173237.406901391Z-c4-real-task-0223,signed_query_latest,true,0,1783272758479,0,QmWbbDn5PocUVAwa1Z8DaHWZAUyYjNR994MzCi3frghkPT,false
1224,e6-lifecycle-20260705T173237.406901391Z-c4-real-task-0224,ipfs_verify,true,6,1783272758473,0,Qmbpj7kBGWLUhW2szT9f3rx2oZsCwi6t2fMD1Smb2wFi3D,false
1225,e6-lifecycle-20260705T173237.406901391Z-c4-real-task-0226,signed_posttask,true,8,1783272758474,0,QmYKcvqVA5kpfJsuCUkNUdEao6JQhFACmrPAQEP38tsjSp,false
1226,e6-lifecycle-20260705T173237.406901391Z-c4-real-task-0226,signed_postallocation,true,3,1783272758482,0,QmYKcvqVA5kpfJsuCUkNUdEao6JQhFACmrPAQEP38tsjSp,false
1227,e6-lifecycle-20260705T173237.406901391Z-c4-real-task-0223,ipfs_verify,true,10,1783272758479,0,QmWbbDn5PocUVAwa1Z8DaHWZAUyYjNR994MzCi3frghkPT,false
1228,e6-lifecycle-20260705T173237.406901391Z-c4-real-task-0226,signed_post_evalsnapshot,true,5,1783272758485,0,QmYKcvqVA5kpfJsuCUkNUdEao6JQhFACmrPAQEP38tsjSp,false
1229,e6-lifecycle-20260705T173237.406901391Z-c4-real-task-0226,signed_vote1,true,3,1783272758490,0,QmYKcvqVA5kpfJsuCUkNUdEao6JQhFACmrPAQEP38tsjSp,false
1230,e6-lifecycle-20260705T173237.406901391Z-c4-real-task-0226,signed_vote2,true,2,1783272758493,0,QmYKcvqVA5kpfJsuCUkNUdEao6JQhFACmrPAQEP38tsjSp,false
1231,e6-lifecycle-20260705T173237.406901391Z-c4-real-task-0226,signed_settlement,true,3,1783272758495,0,QmYKcvqVA5kpfJsuCUkNUdEao6JQhFACmrPAQEP38tsjSp,false
1232,e6-lifecycle-20260705T173237.406901391Z-c4-real-task-0226,signed_query_latest,true,0,1783272758498,0,QmYKcvqVA5kpfJsuCUkNUdEao6JQhFACmrPAQEP38tsjSp,false
1233,e6-lifecycle-20260705T173237.406901391Z-c4-real-task-0226,ipfs_verify,true,10,1783272758498,0,QmYKcvqVA5kpfJsuCUkNUdEao6JQhFACmrPAQEP38tsjSp,false
1234,e6-lifecycle-20260705T173237.406901391Z-c4-real-task-0227,ipfs_add,true,37,1783272758471,2681,,false
1235,e6-lifecycle-20260705T173237.406901391Z-c4-real-task-0227,signed_posttask,true,2,1783272758508,0,QmaotMaC4Hb3cSu92BbQ6XF1kKexFQRifGmXvXQ9CscYbr,false
1236,e6-lifecycle-20260705T173237.406901391Z-c4-real-task-0227,signed_postallocation,true,2,1783272758510,0,QmaotMaC4Hb3cSu92BbQ6XF1kKexFQRifGmXvXQ9CscYbr,false
1237,e6-lifecycle-20260705T173237.406901391Z-c4-real-task-0227,signed_post_evalsnapshot,true,2,1783272758512,0,QmaotMaC4Hb3cSu92BbQ6XF1kKexFQRifGmXvXQ9CscYbr,false
1238,e6-lifecycle-20260705T173237.406901391Z-c4-real-task-0227,signed_vote1,true,1,1783272758514,0,QmaotMaC4Hb3cSu92BbQ6XF1kKexFQRifGmXvXQ9CscYbr,false
1239,e6-lifecycle-20260705T173237.406901391Z-c4-real-task-0227,signed_vote2,true,2,1783272758515,0,QmaotMaC4Hb3cSu92BbQ6XF1kKexFQRifGmXvXQ9CscYbr,false
1240,e6-lifecycle-20260705T173237.406901391Z-c4-real-task-0227,signed_settlement,true,2,1783272758517,0,QmaotMaC4Hb3cSu92BbQ6XF1kKexFQRifGmXvXQ9CscYbr,false
1241,e6-lifecycle-20260705T173237.406901391Z-c4-real-task-0227,signed_query_latest,true,0,1783272758519,0,QmaotMaC4Hb3cSu92BbQ6XF1kKexFQRifGmXvXQ9CscYbr,false
1242,e6-lifecycle-20260705T173237.406901391Z-c4-real-task-0227,ipfs_verify,true,11,1783272758519,0,QmaotMaC4Hb3cSu92BbQ6XF1kKexFQRifGmXvXQ9CscYbr,false
1243,e6-lifecycle-20260705T173237.406901391Z-c4-real-task-0228,ipfs_add,true,55,1783272758479,3049,,false
1244,e6-lifecycle-20260705T173237.406901391Z-c4-real-task-0228,signed_posttask,true,2,1783272758534,0,Qmcg9hZwBNt4mPUVQKwcf3whBnxD8r9WzcLGYR2bbkVKYL,false
1245,e6-lifecycle-20260705T173237.406901391Z-c4-real-task-0228,signed_postallocation,true,2,1783272758536,0,Qmcg9hZwBNt4mPUVQKwcf3whBnxD8r9WzcLGYR2bbkVKYL,false
1246,e6-lifecycle-20260705T173237.406901391Z-c4-real-task-0228,signed_post_evalsnapshot,true,2,1783272758538,0,Qmcg9hZwBNt4mPUVQKwcf3whBnxD8r9WzcLGYR2bbkVKYL,false
1247,e6-lifecycle-20260705T173237.406901391Z-c4-real-task-0228,signed_vote1,true,1,1783272758540,0,Qmcg9hZwBNt4mPUVQKwcf3whBnxD8r9WzcLGYR2bbkVKYL,false
1248,e6-lifecycle-20260705T173237.406901391Z-c4-real-task-0228,signed_vote2,true,3,1783272758541,0,Qmcg9hZwBNt4mPUVQKwcf3whBnxD8r9WzcLGYR2bbkVKYL,false
1249,e6-lifecycle-20260705T173237.406901391Z-c4-real-task-0228,signed_settlement,true,2,1783272758544,0,Qmcg9hZwBNt4mPUVQKwcf3whBnxD8r9WzcLGYR2bbkVKYL,false
1250,e6-lifecycle-20260705T173237.406901391Z-c4-real-task-0228,signed_query_latest,true,0,1783272758546,0,Qmcg9hZwBNt4mPUVQKwcf3whBnxD8r9WzcLGYR2bbkVKYL,false
1251,e6-lifecycle-20260705T173237.406901391Z-c4-real-task-0228,ipfs_verify,true,8,1783272758546,0,Qmcg9hZwBNt4mPUVQKwcf3whBnxD8r9WzcLGYR2bbkVKYL,false
1252,e6-lifecycle-20260705T173237.406901391Z-c4-real-task-0230,ipfs_add,true,69,1783272758508,4672,,false
1253,e6-lifecycle-20260705T173237.406901391Z-c4-real-task-0230,signed_posttask,true,3,1783272758577,0,QmVVrWGoPddnyHraUM2wUgG7XF2t7LkAUG71CvTqMUfisz,false
1254,e6-lifecycle-20260705T173237.406901391Z-c4-real-task-0230,signed_postallocation,true,2,1783272758580,0,QmVVrWGoPddnyHraUM2wUgG7XF2t7LkAUG71CvTqMUfisz,false
1255,e6-lifecycle-20260705T173237.406901391Z-c4-real-task-0230,signed_post_evalsnapshot,true,2,1783272758582,0,QmVVrWGoPddnyHraUM2wUgG7XF2t7LkAUG71CvTqMUfisz,false
1256,e6-lifecycle-20260705T173237.406901391Z-c4-real-task-0230,signed_vote1,true,1,1783272758584,0,QmVVrWGoPddnyHraUM2wUgG7XF2t7LkAUG71CvTqMUfisz,false
1257,e6-lifecycle-20260705T173237.406901391Z-c4-real-task-0230,signed_vote2,true,1,1783272758585,0,QmVVrWGoPddnyHraUM2wUgG7XF2t7LkAUG71CvTqMUfisz,false
1258,e6-lifecycle-20260705T173237.406901391Z-c4-real-task-0230,signed_settlement,true,2,1783272758586,0,QmVVrWGoPddnyHraUM2wUgG7XF2t7LkAUG71CvTqMUfisz,false
1259,e6-lifecycle-20260705T173237.406901391Z-c4-real-task-0230,signed_query_latest,true,0,1783272758588,0,QmVVrWGoPddnyHraUM2wUgG7XF2t7LkAUG71CvTqMUfisz,false
1260,e6-lifecycle-20260705T173237.406901391Z-c4-real-task-0230,ipfs_verify,true,9,1783272758588,0,QmVVrWGoPddnyHraUM2wUgG7XF2t7LkAUG71CvTqMUfisz,false
1261,e6-lifecycle-20260705T173237.406901391Z-c4-real-task-0231,ipfs_add,true,67,1783272758530,4749,,false
1262,e6-lifecycle-20260705T173237.406901391Z-c4-real-task-0229,ipfs_add,true,108,1783272758489,1853,,false
1263,e6-lifecycle-20260705T173237.406901391Z-c4-real-task-0231,signed_posttask,true,2,1783272758597,0,QmZ1zUyz7qR3sEW9z4W3mHUGs871kKaNMsvhBu7yRneVTT,false
1264,e6-lifecycle-20260705T173237.406901391Z-c4-real-task-0231,signed_postallocation,true,2,1783272758599,0,QmZ1zUyz7qR3sEW9z4W3mHUGs871kKaNMsvhBu7yRneVTT,false
1265,e6-lifecycle-20260705T173237.406901391Z-c4-real-task-0229,signed_posttask,true,5,1783272758597,0,QmU1c3q88Niv1hpqR47GYDb1SQRJPW8Sq3y68qKJ6gnFaK,false
1266,e6-lifecycle-20260705T173237.406901391Z-c4-real-task-0229,signed_postallocation,true,3,1783272758602,0,QmU1c3q88Niv1hpqR47GYDb1SQRJPW8Sq3y68qKJ6gnFaK,false
1267,e6-lifecycle-20260705T173237.406901391Z-c4-real-task-0231,signed_post_evalsnapshot,true,6,1783272758601,0,QmZ1zUyz7qR3sEW9z4W3mHUGs871kKaNMsvhBu7yRneVTT,false
1268,e6-lifecycle-20260705T173237.406901391Z-c4-real-task-0231,signed_vote1,true,2,1783272758607,0,QmZ1zUyz7qR3sEW9z4W3mHUGs871kKaNMsvhBu7yRneVTT,false
1269,e6-lifecycle-20260705T173237.406901391Z-c4-real-task-0229,signed_post_evalsnapshot,true,6,1783272758605,0,QmU1c3q88Niv1hpqR47GYDb1SQRJPW8Sq3y68qKJ6gnFaK,false
1270,e6-lifecycle-20260705T173237.406901391Z-c4-real-task-0229,signed_vote1,true,2,1783272758611,0,QmU1c3q88Niv1hpqR47GYDb1SQRJPW8Sq3y68qKJ6gnFaK,false
1271,e6-lifecycle-20260705T173237.406901391Z-c4-real-task-0231,signed_vote2,true,6,1783272758609,0,QmZ1zUyz7qR3sEW9z4W3mHUGs871kKaNMsvhBu7yRneVTT,false
1272,e6-lifecycle-20260705T173237.406901391Z-c4-real-task-0231,signed_settlement,true,1,1783272758615,0,QmZ1zUyz7qR3sEW9z4W3mHUGs871kKaNMsvhBu7yRneVTT,false
1273,e6-lifecycle-20260705T173237.406901391Z-c4-real-task-0229,signed_vote2,true,5,1783272758613,0,QmU1c3q88Niv1hpqR47GYDb1SQRJPW8Sq3y68qKJ6gnFaK,false
1274,e6-lifecycle-20260705T173237.406901391Z-c4-real-task-0231,signed_query_latest,true,4,1783272758616,0,QmZ1zUyz7qR3sEW9z4W3mHUGs871kKaNMsvhBu7yRneVTT,false
1275,e6-lifecycle-20260705T173237.406901391Z-c4-real-task-0229,signed_settlement,true,2,1783272758618,0,QmU1c3q88Niv1hpqR47GYDb1SQRJPW8Sq3y68qKJ6gnFaK,false
1276,e6-lifecycle-20260705T173237.406901391Z-c4-real-task-0229,signed_query_latest,true,0,1783272758620,0,QmU1c3q88Niv1hpqR47GYDb1SQRJPW8Sq3y68qKJ6gnFaK,false
1277,e6-lifecycle-20260705T173237.406901391Z-c4-real-task-0232,ipfs_add,true,67,1783272758554,5652,,false
1278,e6-lifecycle-20260705T173237.406901391Z-c4-real-task-0232,signed_posttask,true,2,1783272758621,0,QmSoSsUedyqXDpWjs8cPi259zwcokeishbBomFLbck3bFS,false
1279,e6-lifecycle-20260705T173237.406901391Z-c4-real-task-0232,signed_postallocation,true,2,1783272758623,0,QmSoSsUedyqXDpWjs8cPi259zwcokeishbBomFLbck3bFS,false
1280,e6-lifecycle-20260705T173237.406901391Z-c4-real-task-0232,signed_post_evalsnapshot,true,2,1783272758625,0,QmSoSsUedyqXDpWjs8cPi259zwcokeishbBomFLbck3bFS,false
1281,e6-lifecycle-20260705T173237.406901391Z-c4-real-task-0231,ipfs_verify,true,8,1783272758620,0,QmZ1zUyz7qR3sEW9z4W3mHUGs871kKaNMsvhBu7yRneVTT,false
1282,e6-lifecycle-20260705T173237.406901391Z-c4-real-task-0229,ipfs_verify,true,8,1783272758620,0,QmU1c3q88Niv1hpqR47GYDb1SQRJPW8Sq3y68qKJ6gnFaK,false
1283,e6-lifecycle-20260705T173237.406901391Z-c4-real-task-0232,signed_vote1,true,3,1783272758627,0,QmSoSsUedyqXDpWjs8cPi259zwcokeishbBomFLbck3bFS,false
1284,e6-lifecycle-20260705T173237.406901391Z-c4-real-task-0232,signed_vote2,true,1,1783272758630,0,QmSoSsUedyqXDpWjs8cPi259zwcokeishbBomFLbck3bFS,false
1285,e6-lifecycle-20260705T173237.406901391Z-c4-real-task-0232,signed_settlement,true,2,1783272758631,0,QmSoSsUedyqXDpWjs8cPi259zwcokeishbBomFLbck3bFS,false
1286,e6-lifecycle-20260705T173237.406901391Z-c4-real-task-0232,signed_query_latest,true,0,1783272758633,0,QmSoSsUedyqXDpWjs8cPi259zwcokeishbBomFLbck3bFS,false
1287,e6-lifecycle-20260705T173237.406901391Z-c4-real-task-0233,ipfs_add,true,46,1783272758597,5561,,false
1288,e6-lifecycle-20260705T173237.406901391Z-c4-real-task-0232,ipfs_verify,true,10,1783272758633,0,QmSoSsUedyqXDpWjs8cPi259zwcokeishbBomFLbck3bFS,false
1289,e6-lifecycle-20260705T173237.406901391Z-c4-real-task-0233,signed_posttask,true,3,1783272758643,0,QmPiTWkJT1mbrmoTnV9zypQTW3Way5fUm3QKFnVCGaYeHm,false
1290,e6-lifecycle-20260705T173237.406901391Z-c4-real-task-0233,signed_postallocation,true,1,1783272758646,0,QmPiTWkJT1mbrmoTnV9zypQTW3Way5fUm3QKFnVCGaYeHm,false
1291,e6-lifecycle-20260705T173237.406901391Z-c4-real-task-0233,signed_post_evalsnapshot,true,2,1783272758647,0,QmPiTWkJT1mbrmoTnV9zypQTW3Way5fUm3QKFnVCGaYeHm,false
1292,e6-lifecycle-20260705T173237.406901391Z-c4-real-task-0233,signed_vote1,true,2,1783272758649,0,QmPiTWkJT1mbrmoTnV9zypQTW3Way5fUm3QKFnVCGaYeHm,false
1293,e6-lifecycle-20260705T173237.406901391Z-c4-real-task-0233,signed_vote2,true,2,1783272758651,0,QmPiTWkJT1mbrmoTnV9zypQTW3Way5fUm3QKFnVCGaYeHm,false
1294,e6-lifecycle-20260705T173237.406901391Z-c4-real-task-0233,signed_settlement,true,2,1783272758653,0,QmPiTWkJT1mbrmoTnV9zypQTW3Way5fUm3QKFnVCGaYeHm,false
1295,e6-lifecycle-20260705T173237.406901391Z-c4-real-task-0233,signed_query_latest,true,0,1783272758655,0,QmPiTWkJT1mbrmoTnV9zypQTW3Way5fUm3QKFnVCGaYeHm,false
1296,e6-lifecycle-20260705T173237.406901391Z-c4-real-task-0233,ipfs_verify,true,15,1783272758655,0,QmPiTWkJT1mbrmoTnV9zypQTW3Way5fUm3QKFnVCGaYeHm,false
1297,e6-lifecycle-20260705T173237.406901391Z-c4-real-task-0235,ipfs_add,true,42,1783272758628,3473,,false
1298,e6-lifecycle-20260705T173237.406901391Z-c4-real-task-0235,signed_posttask,true,3,1783272758670,0,QmYicVCk9mEpCXvCjMGcMHHmbJVaPePcbBgZQABLWpBqqW,false
1299,e6-lifecycle-20260705T173237.406901391Z-c4-real-task-0235,signed_postallocation,true,1,1783272758673,0,QmYicVCk9mEpCXvCjMGcMHHmbJVaPePcbBgZQABLWpBqqW,false
1300,e6-lifecycle-20260705T173237.406901391Z-c4-real-task-0235,signed_post_evalsnapshot,true,2,1783272758674,0,QmYicVCk9mEpCXvCjMGcMHHmbJVaPePcbBgZQABLWpBqqW,false
1301,e6-lifecycle-20260705T173237.406901391Z-c4-real-task-0235,signed_vote1,true,2,1783272758676,0,QmYicVCk9mEpCXvCjMGcMHHmbJVaPePcbBgZQABLWpBqqW,false
1302,e6-lifecycle-20260705T173237.406901391Z-c4-real-task-0235,signed_vote2,true,2,1783272758678,0,QmYicVCk9mEpCXvCjMGcMHHmbJVaPePcbBgZQABLWpBqqW,false
1303,e6-lifecycle-20260705T173237.406901391Z-c4-real-task-0235,signed_settlement,true,2,1783272758680,0,QmYicVCk9mEpCXvCjMGcMHHmbJVaPePcbBgZQABLWpBqqW,false
1304,e6-lifecycle-20260705T173237.406901391Z-c4-real-task-0235,signed_query_latest,true,0,1783272758682,0,QmYicVCk9mEpCXvCjMGcMHHmbJVaPePcbBgZQABLWpBqqW,false
1305,e6-lifecycle-20260705T173237.406901391Z-c4-real-task-0235,ipfs_verify,true,9,1783272758682,0,QmYicVCk9mEpCXvCjMGcMHHmbJVaPePcbBgZQABLWpBqqW,false
1306,e6-lifecycle-20260705T173237.406901391Z-c4-real-task-0236,ipfs_add,true,67,1783272758643,3609,,false
1307,e6-lifecycle-20260705T173237.406901391Z-c4-real-task-0236,signed_posttask,true,3,1783272758710,0,QmVXqjnDPn1ZWZeaYTpic5k9LeY4VnPGoRNhtDotr1gFPf,false
1308,e6-lifecycle-20260705T173237.406901391Z-c4-real-task-0236,signed_postallocation,true,2,1783272758713,0,QmVXqjnDPn1ZWZeaYTpic5k9LeY4VnPGoRNhtDotr1gFPf,false
1309,e6-lifecycle-20260705T173237.406901391Z-c4-real-task-0236,signed_post_evalsnapshot,true,2,1783272758715,0,QmVXqjnDPn1ZWZeaYTpic5k9LeY4VnPGoRNhtDotr1gFPf,false
1310,e6-lifecycle-20260705T173237.406901391Z-c4-real-task-0236,signed_vote1,true,2,1783272758717,0,QmVXqjnDPn1ZWZeaYTpic5k9LeY4VnPGoRNhtDotr1gFPf,false
1311,e6-lifecycle-20260705T173237.406901391Z-c4-real-task-0236,signed_vote2,true,1,1783272758719,0,QmVXqjnDPn1ZWZeaYTpic5k9LeY4VnPGoRNhtDotr1gFPf,false
1312,e6-lifecycle-20260705T173237.406901391Z-c4-real-task-0236,signed_settlement,true,3,1783272758720,0,QmVXqjnDPn1ZWZeaYTpic5k9LeY4VnPGoRNhtDotr1gFPf,false
1313,e6-lifecycle-20260705T173237.406901391Z-c4-real-task-0236,signed_query_latest,true,0,1783272758723,0,QmVXqjnDPn1ZWZeaYTpic5k9LeY4VnPGoRNhtDotr1gFPf,false
1314,e6-lifecycle-20260705T173237.406901391Z-c4-real-task-0236,ipfs_verify,true,9,1783272758723,0,QmVXqjnDPn1ZWZeaYTpic5k9LeY4VnPGoRNhtDotr1gFPf,false
1315,e6-lifecycle-20260705T173237.406901391Z-c4-real-task-0234,ipfs_add,true,104,1783272758628,4813,,false
1316,e6-lifecycle-20260705T173237.406901391Z-c4-real-task-0237,ipfs_add,true,62,1783272758670,5358,,false
1317,e6-lifecycle-20260705T173237.406901391Z-c4-real-task-0237,signed_posttask,true,2,1783272758732,0,QmVAq5JsSc7aMPcAaJdKWcsK7zz4oLxAr4YXCyVDbZzyuX,false
1318,e6-lifecycle-20260705T173237.406901391Z-c4-real-task-0237,signed_postallocation,true,2,1783272758734,0,QmVAq5JsSc7aMPcAaJdKWcsK7zz4oLxAr4YXCyVDbZzyuX,false
1319,e6-lifecycle-20260705T173237.406901391Z-c4-real-task-0234,signed_posttask,true,5,1783272758732,0,QmPib3HBbwLaFsPuT1LMCQzfpjcraJk2ud1LU6KcqXFQ9r,false
1320,e6-lifecycle-20260705T173237.406901391Z-c4-real-task-0234,signed_postallocation,true,2,1783272758737,0,QmPib3HBbwLaFsPuT1LMCQzfpjcraJk2ud1LU6KcqXFQ9r,false
1321,e6-lifecycle-20260705T173237.406901391Z-c4-real-task-0237,signed_post_evalsnapshot,true,4,1783272758736,0,QmVAq5JsSc7aMPcAaJdKWcsK7zz4oLxAr4YXCyVDbZzyuX,false
1322,e6-lifecycle-20260705T173237.406901391Z-c4-real-task-0237,signed_vote1,true,2,1783272758740,0,QmVAq5JsSc7aMPcAaJdKWcsK7zz4oLxAr4YXCyVDbZzyuX,false
1323,e6-lifecycle-20260705T173237.406901391Z-c4-real-task-0234,signed_post_evalsnapshot,true,5,1783272758739,0,QmPib3HBbwLaFsPuT1LMCQzfpjcraJk2ud1LU6KcqXFQ9r,false
1324,e6-lifecycle-20260705T173237.406901391Z-c4-real-task-0234,signed_vote1,true,2,1783272758744,0,QmPib3HBbwLaFsPuT1LMCQzfpjcraJk2ud1LU6KcqXFQ9r,false
1325,e6-lifecycle-20260705T173237.406901391Z-c4-real-task-0237,signed_vote2,true,6,1783272758742,0,QmVAq5JsSc7aMPcAaJdKWcsK7zz4oLxAr4YXCyVDbZzyuX,false
1326,e6-lifecycle-20260705T173237.406901391Z-c4-real-task-0237,signed_settlement,true,1,1783272758748,0,QmVAq5JsSc7aMPcAaJdKWcsK7zz4oLxAr4YXCyVDbZzyuX,false
1327,e6-lifecycle-20260705T173237.406901391Z-c4-real-task-0234,signed_vote2,true,5,1783272758746,0,QmPib3HBbwLaFsPuT1LMCQzfpjcraJk2ud1LU6KcqXFQ9r,false
1328,e6-lifecycle-20260705T173237.406901391Z-c4-real-task-0237,signed_query_latest,true,3,1783272758749,0,QmVAq5JsSc7aMPcAaJdKWcsK7zz4oLxAr4YXCyVDbZzyuX,false
1329,e6-lifecycle-20260705T173237.406901391Z-c4-real-task-0234,signed_settlement,true,1,1783272758751,0,QmPib3HBbwLaFsPuT1LMCQzfpjcraJk2ud1LU6KcqXFQ9r,false
1330,e6-lifecycle-20260705T173237.406901391Z-c4-real-task-0234,signed_query_latest,true,0,1783272758752,0,QmPib3HBbwLaFsPuT1LMCQzfpjcraJk2ud1LU6KcqXFQ9r,false
1331,e6-lifecycle-20260705T173237.406901391Z-c4-real-task-0238,ipfs_add,true,67,1783272758691,2789,,false
1332,e6-lifecycle-20260705T173237.406901391Z-c4-real-task-0238,signed_posttask,true,1,1783272758758,0,QmT6ZzLsRWnFGbDxFiczkk711sF8hynyFyTCPutJbTgPxU,false
1333,e6-lifecycle-20260705T173237.406901391Z-c4-real-task-0237,ipfs_verify,true,8,1783272758752,0,QmVAq5JsSc7aMPcAaJdKWcsK7zz4oLxAr4YXCyVDbZzyuX,false
1334,e6-lifecycle-20260705T173237.406901391Z-c4-real-task-0238,signed_postallocation,true,2,1783272758759,0,QmT6ZzLsRWnFGbDxFiczkk711sF8hynyFyTCPutJbTgPxU,false
1335,e6-lifecycle-20260705T173237.406901391Z-c4-real-task-0238,signed_post_evalsnapshot,true,2,1783272758761,0,QmT6ZzLsRWnFGbDxFiczkk711sF8hynyFyTCPutJbTgPxU,false
1336,e6-lifecycle-20260705T173237.406901391Z-c4-real-task-0234,ipfs_verify,true,11,1783272758752,0,QmPib3HBbwLaFsPuT1LMCQzfpjcraJk2ud1LU6KcqXFQ9r,false
1337,e6-lifecycle-20260705T173237.406901391Z-c4-real-task-0238,signed_vote1,true,2,1783272758763,0,QmT6ZzLsRWnFGbDxFiczkk711sF8hynyFyTCPutJbTgPxU,false
1338,e6-lifecycle-20260705T173237.406901391Z-c4-real-task-0238,signed_vote2,true,2,1783272758765,0,QmT6ZzLsRWnFGbDxFiczkk711sF8hynyFyTCPutJbTgPxU,false
1339,e6-lifecycle-20260705T173237.406901391Z-c4-real-task-0238,signed_settlement,true,1,1783272758767,0,QmT6ZzLsRWnFGbDxFiczkk711sF8hynyFyTCPutJbTgPxU,false
1340,e6-lifecycle-20260705T173237.406901391Z-c4-real-task-0238,signed_query_latest,true,0,1783272758768,0,QmT6ZzLsRWnFGbDxFiczkk711sF8hynyFyTCPutJbTgPxU,false
1341,e6-lifecycle-20260705T173237.406901391Z-c4-real-task-0238,ipfs_verify,true,9,1783272758768,0,QmT6ZzLsRWnFGbDxFiczkk711sF8hynyFyTCPutJbTgPxU,false
1342,e6-lifecycle-20260705T173237.406901391Z-c4-real-task-0239,ipfs_add,true,47,1783272758732,1409,,false
1343,e6-lifecycle-20260705T173237.406901391Z-c4-real-task-0239,signed_posttask,true,2,1783272758779,0,QmQMeGcZwLYK3Pq3gZevpTDuLFbfuYKryRgEJBym4Nhd1b,false
1344,e6-lifecycle-20260705T173237.406901391Z-c4-real-task-0239,signed_postallocation,true,1,1783272758781,0,QmQMeGcZwLYK3Pq3gZevpTDuLFbfuYKryRgEJBym4Nhd1b,false
1345,e6-lifecycle-20260705T173237.406901391Z-c4-real-task-0239,signed_post_evalsnapshot,true,2,1783272758782,0,QmQMeGcZwLYK3Pq3gZevpTDuLFbfuYKryRgEJBym4Nhd1b,false
1346,e6-lifecycle-20260705T173237.406901391Z-c4-real-task-0239,signed_vote1,true,2,1783272758784,0,QmQMeGcZwLYK3Pq3gZevpTDuLFbfuYKryRgEJBym4Nhd1b,false
1347,e6-lifecycle-20260705T173237.406901391Z-c4-real-task-0239,signed_vote2,true,1,1783272758786,0,QmQMeGcZwLYK3Pq3gZevpTDuLFbfuYKryRgEJBym4Nhd1b,false
1348,e6-lifecycle-20260705T173237.406901391Z-c4-real-task-0239,signed_settlement,true,2,1783272758787,0,QmQMeGcZwLYK3Pq3gZevpTDuLFbfuYKryRgEJBym4Nhd1b,false
1349,e6-lifecycle-20260705T173237.406901391Z-c4-real-task-0239,signed_query_latest,true,0,1783272758789,0,QmQMeGcZwLYK3Pq3gZevpTDuLFbfuYKryRgEJBym4Nhd1b,false
1350,e6-lifecycle-20260705T173237.406901391Z-c4-real-task-0239,ipfs_verify,true,8,1783272758789,0,QmQMeGcZwLYK3Pq3gZevpTDuLFbfuYKryRgEJBym4Nhd1b,false
1351,e6-lifecycle-20260705T173237.406901391Z-c4-real-task-0240,ipfs_add,true,41,1783272758760,1900,,false
1352,e6-lifecycle-20260705T173237.406901391Z-c4-real-task-0240,signed_posttask,true,2,1783272758801,0,QmRfDCDvLXbQCMFDCB2yZ6ZQfQ9nRcY5sEkbivZjmdkej6,false
1353,e6-lifecycle-20260705T173237.406901391Z-c4-real-task-0240,signed_postallocation,true,2,1783272758803,0,QmRfDCDvLXbQCMFDCB2yZ6ZQfQ9nRcY5sEkbivZjmdkej6,false
1354,e6-lifecycle-20260705T173237.406901391Z-c4-real-task-0240,signed_post_evalsnapshot,true,2,1783272758805,0,QmRfDCDvLXbQCMFDCB2yZ6ZQfQ9nRcY5sEkbivZjmdkej6,false
1355,e6-lifecycle-20260705T173237.406901391Z-c4-real-task-0240,signed_vote1,true,2,1783272758807,0,QmRfDCDvLXbQCMFDCB2yZ6ZQfQ9nRcY5sEkbivZjmdkej6,false
1356,e6-lifecycle-20260705T173237.406901391Z-c4-real-task-0240,signed_vote2,true,1,1783272758809,0,QmRfDCDvLXbQCMFDCB2yZ6ZQfQ9nRcY5sEkbivZjmdkej6,false
1357,e6-lifecycle-20260705T173237.406901391Z-c4-real-task-0240,signed_settlement,true,2,1783272758810,0,QmRfDCDvLXbQCMFDCB2yZ6ZQfQ9nRcY5sEkbivZjmdkej6,false
1358,e6-lifecycle-20260705T173237.406901391Z-c4-real-task-0240,signed_query_latest,true,0,1783272758812,0,QmRfDCDvLXbQCMFDCB2yZ6ZQfQ9nRcY5sEkbivZjmdkej6,false
1359,e6-lifecycle-20260705T173237.406901391Z-c4-real-task-0240,ipfs_verify,true,9,1783272758812,0,QmRfDCDvLXbQCMFDCB2yZ6ZQfQ9nRcY5sEkbivZjmdkej6,false
1360,e6-lifecycle-20260705T173237.406901391Z-c4-real-task-0241,ipfs_add,true,58,1783272758763,2700,,false
1361,e6-lifecycle-20260705T173237.406901391Z-c4-real-task-0241,signed_posttask,true,2,1783272758821,0,QmfEJkxeZXBCtVrzRc9tWUkiwMt3QbnPxy27zPrhErg5Mj,false
1362,e6-lifecycle-20260705T173237.406901391Z-c4-real-task-0241,signed_postallocation,true,2,1783272758823,0,QmfEJkxeZXBCtVrzRc9tWUkiwMt3QbnPxy27zPrhErg5Mj,false
1363,e6-lifecycle-20260705T173237.406901391Z-c4-real-task-0241,signed_post_evalsnapshot,true,2,1783272758825,0,QmfEJkxeZXBCtVrzRc9tWUkiwMt3QbnPxy27zPrhErg5Mj,false
1364,e6-lifecycle-20260705T173237.406901391Z-c4-real-task-0241,signed_vote1,true,2,1783272758827,0,QmfEJkxeZXBCtVrzRc9tWUkiwMt3QbnPxy27zPrhErg5Mj,false
1365,e6-lifecycle-20260705T173237.406901391Z-c4-real-task-0241,signed_vote2,true,1,1783272758829,0,QmfEJkxeZXBCtVrzRc9tWUkiwMt3QbnPxy27zPrhErg5Mj,false
1366,e6-lifecycle-20260705T173237.406901391Z-c4-real-task-0241,signed_settlement,true,3,1783272758830,0,QmfEJkxeZXBCtVrzRc9tWUkiwMt3QbnPxy27zPrhErg5Mj,false
1367,e6-lifecycle-20260705T173237.406901391Z-c4-real-task-0241,signed_query_latest,true,0,1783272758833,0,QmfEJkxeZXBCtVrzRc9tWUkiwMt3QbnPxy27zPrhErg5Mj,false
1368,e6-lifecycle-20260705T173237.406901391Z-c4-real-task-0241,ipfs_verify,true,7,1783272758833,0,QmfEJkxeZXBCtVrzRc9tWUkiwMt3QbnPxy27zPrhErg5Mj,false
1369,e6-lifecycle-20260705T173237.406901391Z-c4-real-task-0242,ipfs_add,true,64,1783272758777,2053,,false
1370,e6-lifecycle-20260705T173237.406901391Z-c4-real-task-0242,signed_posttask,true,3,1783272758841,0,QmNubnQEoCoKW34iLEEdjbFpwQuVWvqdKUZP7pPaRitT9Z,false
1371,e6-lifecycle-20260705T173237.406901391Z-c4-real-task-0242,signed_postallocation,true,2,1783272758844,0,QmNubnQEoCoKW34iLEEdjbFpwQuVWvqdKUZP7pPaRitT9Z,false
1372,e6-lifecycle-20260705T173237.406901391Z-c4-real-task-0242,signed_post_evalsnapshot,true,1,1783272758846,0,QmNubnQEoCoKW34iLEEdjbFpwQuVWvqdKUZP7pPaRitT9Z,false
1373,e6-lifecycle-20260705T173237.406901391Z-c4-real-task-0242,signed_vote1,true,2,1783272758847,0,QmNubnQEoCoKW34iLEEdjbFpwQuVWvqdKUZP7pPaRitT9Z,false
1374,e6-lifecycle-20260705T173237.406901391Z-c4-real-task-0242,signed_vote2,true,2,1783272758849,0,QmNubnQEoCoKW34iLEEdjbFpwQuVWvqdKUZP7pPaRitT9Z,false
1375,e6-lifecycle-20260705T173237.406901391Z-c4-real-task-0242,signed_settlement,true,2,1783272758851,0,QmNubnQEoCoKW34iLEEdjbFpwQuVWvqdKUZP7pPaRitT9Z,false
1376,e6-lifecycle-20260705T173237.406901391Z-c4-real-task-0242,signed_query_latest,true,0,1783272758853,0,QmNubnQEoCoKW34iLEEdjbFpwQuVWvqdKUZP7pPaRitT9Z,false
1377,e6-lifecycle-20260705T173237.406901391Z-c4-real-task-0243,ipfs_add,true,64,1783272758797,1456,,false
1378,e6-lifecycle-20260705T173237.406901391Z-c4-real-task-0242,ipfs_verify,true,8,1783272758853,0,QmNubnQEoCoKW34iLEEdjbFpwQuVWvqdKUZP7pPaRitT9Z,false
1379,e6-lifecycle-20260705T173237.406901391Z-c4-real-task-0243,signed_posttask,true,2,1783272758861,0,QmRSRcL9QGoh8VvDT2ixSsZg96fnWrX8z1a5S7uHJpt7kp,false
1380,e6-lifecycle-20260705T173237.406901391Z-c4-real-task-0243,signed_postallocation,true,2,1783272758863,0,QmRSRcL9QGoh8VvDT2ixSsZg96fnWrX8z1a5S7uHJpt7kp,false
1381,e6-lifecycle-20260705T173237.406901391Z-c4-real-task-0243,signed_post_evalsnapshot,true,2,1783272758865,0,QmRSRcL9QGoh8VvDT2ixSsZg96fnWrX8z1a5S7uHJpt7kp,false
1382,e6-lifecycle-20260705T173237.406901391Z-c4-real-task-0243,signed_vote1,true,2,1783272758867,0,QmRSRcL9QGoh8VvDT2ixSsZg96fnWrX8z1a5S7uHJpt7kp,false
1383,e6-lifecycle-20260705T173237.406901391Z-c4-real-task-0243,signed_vote2,true,2,1783272758869,0,QmRSRcL9QGoh8VvDT2ixSsZg96fnWrX8z1a5S7uHJpt7kp,false
1384,e6-lifecycle-20260705T173237.406901391Z-c4-real-task-0243,signed_settlement,true,1,1783272758871,0,QmRSRcL9QGoh8VvDT2ixSsZg96fnWrX8z1a5S7uHJpt7kp,false
1385,e6-lifecycle-20260705T173237.406901391Z-c4-real-task-0243,signed_query_latest,true,0,1783272758872,0,QmRSRcL9QGoh8VvDT2ixSsZg96fnWrX8z1a5S7uHJpt7kp,false
1386,e6-lifecycle-20260705T173237.406901391Z-c4-real-task-0243,ipfs_verify,true,7,1783272758872,0,QmRSRcL9QGoh8VvDT2ixSsZg96fnWrX8z1a5S7uHJpt7kp,false
1387,e6-lifecycle-20260705T173237.406901391Z-c4-real-task-0244,ipfs_add,true,60,1783272758821,1940,,false
1388,e6-lifecycle-20260705T173237.406901391Z-c4-real-task-0244,signed_posttask,true,2,1783272758881,0,QmZRkcbZv6DrZ32YxAdk9t2kzi1YwGMwtxRpuS6Qjz4ByS,false
1389,e6-lifecycle-20260705T173237.406901391Z-c4-real-task-0244,signed_postallocation,true,1,1783272758883,0,QmZRkcbZv6DrZ32YxAdk9t2kzi1YwGMwtxRpuS6Qjz4ByS,false
1390,e6-lifecycle-20260705T173237.406901391Z-c4-real-task-0244,signed_post_evalsnapshot,true,2,1783272758884,0,QmZRkcbZv6DrZ32YxAdk9t2kzi1YwGMwtxRpuS6Qjz4ByS,false
1391,e6-lifecycle-20260705T173237.406901391Z-c4-real-task-0244,signed_vote1,true,1,1783272758886,0,QmZRkcbZv6DrZ32YxAdk9t2kzi1YwGMwtxRpuS6Qjz4ByS,false
1392,e6-lifecycle-20260705T173237.406901391Z-c4-real-task-0244,signed_vote2,true,2,1783272758887,0,QmZRkcbZv6DrZ32YxAdk9t2kzi1YwGMwtxRpuS6Qjz4ByS,false
1393,e6-lifecycle-20260705T173237.406901391Z-c4-real-task-0244,signed_settlement,true,2,1783272758889,0,QmZRkcbZv6DrZ32YxAdk9t2kzi1YwGMwtxRpuS6Qjz4ByS,false
1394,e6-lifecycle-20260705T173237.406901391Z-c4-real-task-0244,signed_query_latest,true,0,1783272758891,0,QmZRkcbZv6DrZ32YxAdk9t2kzi1YwGMwtxRpuS6Qjz4ByS,false
1395,e6-lifecycle-20260705T173237.406901391Z-c4-real-task-0244,ipfs_verify,true,8,1783272758891,0,QmZRkcbZv6DrZ32YxAdk9t2kzi1YwGMwtxRpuS6Qjz4ByS,false
1396,e6-lifecycle-20260705T173237.406901391Z-c4-real-task-0245,ipfs_add,true,61,1783272758840,1397,,false
1397,e6-lifecycle-20260705T173237.406901391Z-c4-real-task-0245,signed_posttask,true,2,1783272758901,0,QmRfQ29mFdu3DgQcz3fAXc1k7t6oBRgjxH4rKPuQH1fX4o,false
1398,e6-lifecycle-20260705T173237.406901391Z-c4-real-task-0245,signed_postallocation,true,2,1783272758903,0,QmRfQ29mFdu3DgQcz3fAXc1k7t6oBRgjxH4rKPuQH1fX4o,false
1399,e6-lifecycle-20260705T173237.406901391Z-c4-real-task-0245,signed_post_evalsnapshot,true,2,1783272758905,0,QmRfQ29mFdu3DgQcz3fAXc1k7t6oBRgjxH4rKPuQH1fX4o,false
1400,e6-lifecycle-20260705T173237.406901391Z-c4-real-task-0245,signed_vote1,true,2,1783272758907,0,QmRfQ29mFdu3DgQcz3fAXc1k7t6oBRgjxH4rKPuQH1fX4o,false
1401,e6-lifecycle-20260705T173237.406901391Z-c4-real-task-0245,signed_vote2,true,2,1783272758909,0,QmRfQ29mFdu3DgQcz3fAXc1k7t6oBRgjxH4rKPuQH1fX4o,false
1402,e6-lifecycle-20260705T173237.406901391Z-c4-real-task-0245,signed_settlement,true,2,1783272758911,0,QmRfQ29mFdu3DgQcz3fAXc1k7t6oBRgjxH4rKPuQH1fX4o,false
1403,e6-lifecycle-20260705T173237.406901391Z-c4-real-task-0245,signed_query_latest,true,0,1783272758913,0,QmRfQ29mFdu3DgQcz3fAXc1k7t6oBRgjxH4rKPuQH1fX4o,false
1404,e6-lifecycle-20260705T173237.406901391Z-c4-real-task-0245,ipfs_verify,true,6,1783272758913,0,QmRfQ29mFdu3DgQcz3fAXc1k7t6oBRgjxH4rKPuQH1fX4o,false
1405,e6-lifecycle-20260705T173237.406901391Z-c4-real-task-0246,ipfs_add,true,61,1783272758861,1908,,false
1406,e6-lifecycle-20260705T173237.406901391Z-c4-real-task-0246,signed_posttask,true,1,1783272758922,0,Qmbd379qf1e5jFN3VfVGanPkH2qj7HaxhCKRJVLas9XhVH,false
1407,e6-lifecycle-20260705T173237.406901391Z-c4-real-task-0246,signed_postallocation,true,2,1783272758923,0,Qmbd379qf1e5jFN3VfVGanPkH2qj7HaxhCKRJVLas9XhVH,false
1408,e6-lifecycle-20260705T173237.406901391Z-c4-real-task-0246,signed_post_evalsnapshot,true,2,1783272758925,0,Qmbd379qf1e5jFN3VfVGanPkH2qj7HaxhCKRJVLas9XhVH,false
1409,e6-lifecycle-20260705T173237.406901391Z-c4-real-task-0246,signed_vote1,true,2,1783272758927,0,Qmbd379qf1e5jFN3VfVGanPkH2qj7HaxhCKRJVLas9XhVH,false
1410,e6-lifecycle-20260705T173237.406901391Z-c4-real-task-0246,signed_vote2,true,2,1783272758929,0,Qmbd379qf1e5jFN3VfVGanPkH2qj7HaxhCKRJVLas9XhVH,false
1411,e6-lifecycle-20260705T173237.406901391Z-c4-real-task-0246,signed_settlement,true,2,1783272758931,0,Qmbd379qf1e5jFN3VfVGanPkH2qj7HaxhCKRJVLas9XhVH,false
1412,e6-lifecycle-20260705T173237.406901391Z-c4-real-task-0246,signed_query_latest,true,0,1783272758933,0,Qmbd379qf1e5jFN3VfVGanPkH2qj7HaxhCKRJVLas9XhVH,false
1413,e6-lifecycle-20260705T173237.406901391Z-c4-real-task-0246,ipfs_verify,true,8,1783272758933,0,Qmbd379qf1e5jFN3VfVGanPkH2qj7HaxhCKRJVLas9XhVH,false
1414,e6-lifecycle-20260705T173237.406901391Z-c4-real-task-0247,ipfs_add,true,62,1783272758880,1442,,false
1415,e6-lifecycle-20260705T173237.406901391Z-c4-real-task-0247,signed_posttask,true,1,1783272758942,0,QmX6Pz1owsVrhohFcJpqY4nN99ZYTUNsMhoWJHmcAATrUC,false
1416,e6-lifecycle-20260705T173237.406901391Z-c4-real-task-0247,signed_postallocation,true,2,1783272758943,0,QmX6Pz1owsVrhohFcJpqY4nN99ZYTUNsMhoWJHmcAATrUC,false
1417,e6-lifecycle-20260705T173237.406901391Z-c4-real-task-0247,signed_post_evalsnapshot,true,2,1783272758945,0,QmX6Pz1owsVrhohFcJpqY4nN99ZYTUNsMhoWJHmcAATrUC,false
1418,e6-lifecycle-20260705T173237.406901391Z-c4-real-task-0247,signed_vote1,true,1,1783272758947,0,QmX6Pz1owsVrhohFcJpqY4nN99ZYTUNsMhoWJHmcAATrUC,false
1419,e6-lifecycle-20260705T173237.406901391Z-c4-real-task-0247,signed_vote2,true,2,1783272758948,0,QmX6Pz1owsVrhohFcJpqY4nN99ZYTUNsMhoWJHmcAATrUC,false
1420,e6-lifecycle-20260705T173237.406901391Z-c4-real-task-0247,signed_settlement,true,2,1783272758950,0,QmX6Pz1owsVrhohFcJpqY4nN99ZYTUNsMhoWJHmcAATrUC,false
1421,e6-lifecycle-20260705T173237.406901391Z-c4-real-task-0247,signed_query_latest,true,0,1783272758952,0,QmX6Pz1owsVrhohFcJpqY4nN99ZYTUNsMhoWJHmcAATrUC,false
1422,e6-lifecycle-20260705T173237.406901391Z-c4-real-task-0247,ipfs_verify,true,7,1783272758952,0,QmX6Pz1owsVrhohFcJpqY4nN99ZYTUNsMhoWJHmcAATrUC,false
1423,e6-lifecycle-20260705T173237.406901391Z-c4-real-task-0248,ipfs_add,true,62,1783272758899,1513,,false
1424,e6-lifecycle-20260705T173237.406901391Z-c4-real-task-0248,signed_posttask,true,2,1783272758961,0,QmZm8oEeNJE8ud88izCLhLnkvJbBpn3DcxxACsWhMRdYhA,false
1425,e6-lifecycle-20260705T173237.406901391Z-c4-real-task-0248,signed_postallocation,true,1,1783272758963,0,QmZm8oEeNJE8ud88izCLhLnkvJbBpn3DcxxACsWhMRdYhA,false
1426,e6-lifecycle-20260705T173237.406901391Z-c4-real-task-0248,signed_post_evalsnapshot,true,2,1783272758964,0,QmZm8oEeNJE8ud88izCLhLnkvJbBpn3DcxxACsWhMRdYhA,false
1427,e6-lifecycle-20260705T173237.406901391Z-c4-real-task-0248,signed_vote1,true,3,1783272758966,0,QmZm8oEeNJE8ud88izCLhLnkvJbBpn3DcxxACsWhMRdYhA,false
1428,e6-lifecycle-20260705T173237.406901391Z-c4-real-task-0248,signed_vote2,true,2,1783272758969,0,QmZm8oEeNJE8ud88izCLhLnkvJbBpn3DcxxACsWhMRdYhA,false
1429,e6-lifecycle-20260705T173237.406901391Z-c4-real-task-0248,signed_settlement,true,2,1783272758971,0,QmZm8oEeNJE8ud88izCLhLnkvJbBpn3DcxxACsWhMRdYhA,false
1430,e6-lifecycle-20260705T173237.406901391Z-c4-real-task-0248,signed_query_latest,true,0,1783272758973,0,QmZm8oEeNJE8ud88izCLhLnkvJbBpn3DcxxACsWhMRdYhA,false
1431,e6-lifecycle-20260705T173237.406901391Z-c4-real-task-0248,ipfs_verify,true,7,1783272758973,0,QmZm8oEeNJE8ud88izCLhLnkvJbBpn3DcxxACsWhMRdYhA,false
1432,e6-lifecycle-20260705T173237.406901391Z-c4-real-task-0249,ipfs_add,true,62,1783272758919,1622,,false
1433,e6-lifecycle-20260705T173237.406901391Z-c4-real-task-0249,signed_posttask,true,2,1783272758981,0,QmWhPk74ArLFk2azBUEPeV5DfbYzPqL1rjTNqE5zSC1Eut,false
1434,e6-lifecycle-20260705T173237.406901391Z-c4-real-task-0249,signed_postallocation,true,1,1783272758983,0,QmWhPk74ArLFk2azBUEPeV5DfbYzPqL1rjTNqE5zSC1Eut,false
1435,e6-lifecycle-20260705T173237.406901391Z-c4-real-task-0249,signed_post_evalsnapshot,true,2,1783272758984,0,QmWhPk74ArLFk2azBUEPeV5DfbYzPqL1rjTNqE5zSC1Eut,false
1436,e6-lifecycle-20260705T173237.406901391Z-c4-real-task-0249,signed_vote1,true,2,1783272758986,0,QmWhPk74ArLFk2azBUEPeV5DfbYzPqL1rjTNqE5zSC1Eut,false
1437,e6-lifecycle-20260705T173237.406901391Z-c4-real-task-0249,signed_vote2,true,2,1783272758988,0,QmWhPk74ArLFk2azBUEPeV5DfbYzPqL1rjTNqE5zSC1Eut,false
1438,e6-lifecycle-20260705T173237.406901391Z-c4-real-task-0249,signed_settlement,true,2,1783272758990,0,QmWhPk74ArLFk2azBUEPeV5DfbYzPqL1rjTNqE5zSC1Eut,false
1439,e6-lifecycle-20260705T173237.406901391Z-c4-real-task-0249,signed_query_latest,true,0,1783272758992,0,QmWhPk74ArLFk2azBUEPeV5DfbYzPqL1rjTNqE5zSC1Eut,false
1440,e6-lifecycle-20260705T173237.406901391Z-c4-real-task-0249,ipfs_verify,true,8,1783272758992,0,QmWhPk74ArLFk2azBUEPeV5DfbYzPqL1rjTNqE5zSC1Eut,false
1441,e6-lifecycle-20260705T173237.406901391Z-c4-real-task-0250,ipfs_add,true,62,1783272758941,1536,,false
1442,e6-lifecycle-20260705T173237.406901391Z-c4-real-task-0250,signed_posttask,true,2,1783272759003,0,Qmed7xmh1Coiscy6DWRC1YB617j5DeuyK8AizbfmSS6upB,false
1443,e6-lifecycle-20260705T173237.406901391Z-c4-real-task-0250,signed_postallocation,true,2,1783272759005,0,Qmed7xmh1Coiscy6DWRC1YB617j5DeuyK8AizbfmSS6upB,false
1444,e6-lifecycle-20260705T173237.406901391Z-c4-real-task-0250,signed_post_evalsnapshot,true,1,1783272759007,0,Qmed7xmh1Coiscy6DWRC1YB617j5DeuyK8AizbfmSS6upB,false
1445,e6-lifecycle-20260705T173237.406901391Z-c4-real-task-0250,signed_vote1,true,2,1783272759008,0,Qmed7xmh1Coiscy6DWRC1YB617j5DeuyK8AizbfmSS6upB,false
1446,e6-lifecycle-20260705T173237.406901391Z-c4-real-task-0250,signed_vote2,true,1,1783272759010,0,Qmed7xmh1Coiscy6DWRC1YB617j5DeuyK8AizbfmSS6upB,false
1447,e6-lifecycle-20260705T173237.406901391Z-c4-real-task-0250,signed_settlement,true,2,1783272759011,0,Qmed7xmh1Coiscy6DWRC1YB617j5DeuyK8AizbfmSS6upB,false
1448,e6-lifecycle-20260705T173237.406901391Z-c4-real-task-0250,signed_query_latest,true,0,1783272759013,0,Qmed7xmh1Coiscy6DWRC1YB617j5DeuyK8AizbfmSS6upB,false
1449,e6-lifecycle-20260705T173237.406901391Z-c4-real-task-0250,ipfs_verify,true,8,1783272759013,0,Qmed7xmh1Coiscy6DWRC1YB617j5DeuyK8AizbfmSS6upB,false
1450,e6-lifecycle-20260705T173237.406901391Z-c4-real-task-0251,ipfs_add,true,64,1783272758959,1557,,false
1451,e6-lifecycle-20260705T173237.406901391Z-c4-real-task-0251,signed_posttask,true,2,1783272759023,0,QmZcHg4d9H8MPruWuXm1QwpfemphbX6MHQxju4nZvRocmZ,false
1452,e6-lifecycle-20260705T173237.406901391Z-c4-real-task-0251,signed_postallocation,true,1,1783272759025,0,QmZcHg4d9H8MPruWuXm1QwpfemphbX6MHQxju4nZvRocmZ,false
1453,e6-lifecycle-20260705T173237.406901391Z-c4-real-task-0251,signed_post_evalsnapshot,true,2,1783272759026,0,QmZcHg4d9H8MPruWuXm1QwpfemphbX6MHQxju4nZvRocmZ,false
1454,e6-lifecycle-20260705T173237.406901391Z-c4-real-task-0251,signed_vote1,true,1,1783272759028,0,QmZcHg4d9H8MPruWuXm1QwpfemphbX6MHQxju4nZvRocmZ,false
1455,e6-lifecycle-20260705T173237.406901391Z-c4-real-task-0251,signed_vote2,true,2,1783272759029,0,QmZcHg4d9H8MPruWuXm1QwpfemphbX6MHQxju4nZvRocmZ,false
1456,e6-lifecycle-20260705T173237.406901391Z-c4-real-task-0251,signed_settlement,true,1,1783272759031,0,QmZcHg4d9H8MPruWuXm1QwpfemphbX6MHQxju4nZvRocmZ,false
1457,e6-lifecycle-20260705T173237.406901391Z-c4-real-task-0251,signed_query_latest,true,0,1783272759032,0,QmZcHg4d9H8MPruWuXm1QwpfemphbX6MHQxju4nZvRocmZ,false
1458,e6-lifecycle-20260705T173237.406901391Z-c4-real-task-0251,ipfs_verify,true,10,1783272759032,0,QmZcHg4d9H8MPruWuXm1QwpfemphbX6MHQxju4nZvRocmZ,false
1459,e6-lifecycle-20260705T173237.406901391Z-c4-real-task-0252,ipfs_add,true,70,1783272758981,2362,,false
1460,e6-lifecycle-20260705T173237.406901391Z-c4-real-task-0252,signed_posttask,true,2,1783272759051,0,QmSPWZE8QTcLPVYdwtzz4Jdbw1i2rDGXNp1NbNXG6cAtWU,false
1461,e6-lifecycle-20260705T173237.406901391Z-c4-real-task-0252,signed_postallocation,true,3,1783272759053,0,QmSPWZE8QTcLPVYdwtzz4Jdbw1i2rDGXNp1NbNXG6cAtWU,false
1462,e6-lifecycle-20260705T173237.406901391Z-c4-real-task-0252,signed_post_evalsnapshot,true,1,1783272759056,0,QmSPWZE8QTcLPVYdwtzz4Jdbw1i2rDGXNp1NbNXG6cAtWU,false
1463,e6-lifecycle-20260705T173237.406901391Z-c4-real-task-0252,signed_vote1,true,2,1783272759057,0,QmSPWZE8QTcLPVYdwtzz4Jdbw1i2rDGXNp1NbNXG6cAtWU,false
1464,e6-lifecycle-20260705T173237.406901391Z-c4-real-task-0252,signed_vote2,true,2,1783272759059,0,QmSPWZE8QTcLPVYdwtzz4Jdbw1i2rDGXNp1NbNXG6cAtWU,false
1465,e6-lifecycle-20260705T173237.406901391Z-c4-real-task-0252,signed_settlement,true,1,1783272759061,0,QmSPWZE8QTcLPVYdwtzz4Jdbw1i2rDGXNp1NbNXG6cAtWU,false
1466,e6-lifecycle-20260705T173237.406901391Z-c4-real-task-0252,signed_query_latest,true,0,1783272759062,0,QmSPWZE8QTcLPVYdwtzz4Jdbw1i2rDGXNp1NbNXG6cAtWU,false
1467,e6-lifecycle-20260705T173237.406901391Z-c4-real-task-0252,ipfs_verify,true,7,1783272759062,0,QmSPWZE8QTcLPVYdwtzz4Jdbw1i2rDGXNp1NbNXG6cAtWU,false
1468,e6-lifecycle-20260705T173237.406901391Z-c4-real-task-0253,ipfs_add,true,72,1783272759000,2993,,false
1469,e6-lifecycle-20260705T173237.406901391Z-c4-real-task-0253,signed_posttask,true,2,1783272759072,0,QmU6GWKSsXJ8p8tB8vPkjDBspe6KHsKQiKg2i4XDbpW64S,false
1470,e6-lifecycle-20260705T173237.406901391Z-c4-real-task-0253,signed_postallocation,true,3,1783272759074,0,QmU6GWKSsXJ8p8tB8vPkjDBspe6KHsKQiKg2i4XDbpW64S,false
1471,e6-lifecycle-20260705T173237.406901391Z-c4-real-task-0253,signed_post_evalsnapshot,true,2,1783272759077,0,QmU6GWKSsXJ8p8tB8vPkjDBspe6KHsKQiKg2i4XDbpW64S,false
1472,e6-lifecycle-20260705T173237.406901391Z-c4-real-task-0253,signed_vote1,true,1,1783272759079,0,QmU6GWKSsXJ8p8tB8vPkjDBspe6KHsKQiKg2i4XDbpW64S,false
1473,e6-lifecycle-20260705T173237.406901391Z-c4-real-task-0253,signed_vote2,true,2,1783272759080,0,QmU6GWKSsXJ8p8tB8vPkjDBspe6KHsKQiKg2i4XDbpW64S,false
1474,e6-lifecycle-20260705T173237.406901391Z-c4-real-task-0253,signed_settlement,true,2,1783272759082,0,QmU6GWKSsXJ8p8tB8vPkjDBspe6KHsKQiKg2i4XDbpW64S,false
1475,e6-lifecycle-20260705T173237.406901391Z-c4-real-task-0253,signed_query_latest,true,0,1783272759084,0,QmU6GWKSsXJ8p8tB8vPkjDBspe6KHsKQiKg2i4XDbpW64S,false
1476,e6-lifecycle-20260705T173237.406901391Z-c4-real-task-0253,ipfs_verify,true,8,1783272759084,0,QmU6GWKSsXJ8p8tB8vPkjDBspe6KHsKQiKg2i4XDbpW64S,false
1477,e6-lifecycle-20260705T173237.406901391Z-c4-real-task-0254,ipfs_add,true,72,1783272759021,1295,,false
1478,e6-lifecycle-20260705T173237.406901391Z-c4-real-task-0254,signed_posttask,true,2,1783272759093,0,QmNNK1VZwQQrsmt9689RK9RnXVSmh5jmJ6wJxbnwquT91z,false
1479,e6-lifecycle-20260705T173237.406901391Z-c4-real-task-0254,signed_postallocation,true,2,1783272759095,0,QmNNK1VZwQQrsmt9689RK9RnXVSmh5jmJ6wJxbnwquT91z,false
1480,e6-lifecycle-20260705T173237.406901391Z-c4-real-task-0254,signed_post_evalsnapshot,true,1,1783272759097,0,QmNNK1VZwQQrsmt9689RK9RnXVSmh5jmJ6wJxbnwquT91z,false
1481,e6-lifecycle-20260705T173237.406901391Z-c4-real-task-0254,signed_vote1,true,2,1783272759098,0,QmNNK1VZwQQrsmt9689RK9RnXVSmh5jmJ6wJxbnwquT91z,false
1482,e6-lifecycle-20260705T173237.406901391Z-c4-real-task-0254,signed_vote2,true,2,1783272759100,0,QmNNK1VZwQQrsmt9689RK9RnXVSmh5jmJ6wJxbnwquT91z,false
1483,e6-lifecycle-20260705T173237.406901391Z-c4-real-task-0254,signed_settlement,true,2,1783272759102,0,QmNNK1VZwQQrsmt9689RK9RnXVSmh5jmJ6wJxbnwquT91z,false
1484,e6-lifecycle-20260705T173237.406901391Z-c4-real-task-0254,signed_query_latest,true,0,1783272759104,0,QmNNK1VZwQQrsmt9689RK9RnXVSmh5jmJ6wJxbnwquT91z,false
1485,e6-lifecycle-20260705T173237.406901391Z-c4-real-task-0254,ipfs_verify,true,7,1783272759104,0,QmNNK1VZwQQrsmt9689RK9RnXVSmh5jmJ6wJxbnwquT91z,false
1486,e6-lifecycle-20260705T173237.406901391Z-c4-real-task-0076,ipfs_add,true,80,1783272759042,4961,,false
1487,e6-lifecycle-20260705T173237.406901391Z-c4-real-task-0076,signed_posttask,true,2,1783272759122,0,QmPYBXNwCTh5Jewpe24hUv1bBvhKKyvE3uxvUw3jvcJV2S,false
1488,e6-lifecycle-20260705T173237.406901391Z-c4-real-task-0076,signed_postallocation,true,2,1783272759124,0,QmPYBXNwCTh5Jewpe24hUv1bBvhKKyvE3uxvUw3jvcJV2S,false
1489,e6-lifecycle-20260705T173237.406901391Z-c4-real-task-0076,signed_post_evalsnapshot,true,2,1783272759126,0,QmPYBXNwCTh5Jewpe24hUv1bBvhKKyvE3uxvUw3jvcJV2S,false
1490,e6-lifecycle-20260705T173237.406901391Z-c4-real-task-0076,signed_vote1,true,2,1783272759128,0,QmPYBXNwCTh5Jewpe24hUv1bBvhKKyvE3uxvUw3jvcJV2S,false
1491,e6-lifecycle-20260705T173237.406901391Z-c4-real-task-0076,signed_vote2,true,1,1783272759130,0,QmPYBXNwCTh5Jewpe24hUv1bBvhKKyvE3uxvUw3jvcJV2S,false
1492,e6-lifecycle-20260705T173237.406901391Z-c4-real-task-0076,signed_settlement,true,2,1783272759131,0,QmPYBXNwCTh5Jewpe24hUv1bBvhKKyvE3uxvUw3jvcJV2S,false
1493,e6-lifecycle-20260705T173237.406901391Z-c4-real-task-0076,signed_query_latest,true,0,1783272759133,0,QmPYBXNwCTh5Jewpe24hUv1bBvhKKyvE3uxvUw3jvcJV2S,false
1494,e6-lifecycle-20260705T173237.406901391Z-c4-real-task-0076,ipfs_verify,true,8,1783272759133,0,QmPYBXNwCTh5Jewpe24hUv1bBvhKKyvE3uxvUw3jvcJV2S,false
1495,e6-lifecycle-20260705T173237.406901391Z-c4-real-task-0059,ipfs_add,true,75,1783272759069,4487,,false
1496,e6-lifecycle-20260705T173237.406901391Z-c4-real-task-0059,signed_posttask,true,2,1783272759144,0,QmPBEGhSk6VvenSUj3Vr6bj3gHyXAjWBknK2erA4F3iiDo,false
1497,e6-lifecycle-20260705T173237.406901391Z-c4-real-task-0059,signed_postallocation,true,2,1783272759146,0,QmPBEGhSk6VvenSUj3Vr6bj3gHyXAjWBknK2erA4F3iiDo,false
1498,e6-lifecycle-20260705T173237.406901391Z-c4-real-task-0059,signed_post_evalsnapshot,true,1,1783272759148,0,QmPBEGhSk6VvenSUj3Vr6bj3gHyXAjWBknK2erA4F3iiDo,false
1499,e6-lifecycle-20260705T173237.406901391Z-c4-real-task-0059,signed_vote1,true,2,1783272759149,0,QmPBEGhSk6VvenSUj3Vr6bj3gHyXAjWBknK2erA4F3iiDo,false
1500,e6-lifecycle-20260705T173237.406901391Z-c4-real-task-0059,signed_vote2,true,2,1783272759151,0,QmPBEGhSk6VvenSUj3Vr6bj3gHyXAjWBknK2erA4F3iiDo,false
1501,e6-lifecycle-20260705T173237.406901391Z-c4-real-task-0059,signed_settlement,true,2,1783272759153,0,QmPBEGhSk6VvenSUj3Vr6bj3gHyXAjWBknK2erA4F3iiDo,false
1502,e6-lifecycle-20260705T173237.406901391Z-c4-real-task-0059,signed_query_latest,true,0,1783272759155,0,QmPBEGhSk6VvenSUj3Vr6bj3gHyXAjWBknK2erA4F3iiDo,false
1503,e6-lifecycle-20260705T173237.406901391Z-c4-real-task-0059,ipfs_verify,true,7,1783272759155,0,QmPBEGhSk6VvenSUj3Vr6bj3gHyXAjWBknK2erA4F3iiDo,false
1504,e6-lifecycle-20260705T173237.406901391Z-c4-real-task-0060,ipfs_add,true,71,1783272759092,5935,,false
1505,e6-lifecycle-20260705T173237.406901391Z-c4-real-task-0060,signed_posttask,true,2,1783272759163,0,QmNcgtQQTiKYTTZfgDnKUurGta1J2EPad8N1cioGFFfEnj,false
1506,e6-lifecycle-20260705T173237.406901391Z-c4-real-task-0060,signed_postallocation,true,2,1783272759165,0,QmNcgtQQTiKYTTZfgDnKUurGta1J2EPad8N1cioGFFfEnj,false
1507,e6-lifecycle-20260705T173237.406901391Z-c4-real-task-0060,signed_post_evalsnapshot,true,1,1783272759167,0,QmNcgtQQTiKYTTZfgDnKUurGta1J2EPad8N1cioGFFfEnj,false
1508,e6-lifecycle-20260705T173237.406901391Z-c4-real-task-0060,signed_vote1,true,2,1783272759168,0,QmNcgtQQTiKYTTZfgDnKUurGta1J2EPad8N1cioGFFfEnj,false
1509,e6-lifecycle-20260705T173237.406901391Z-c4-real-task-0060,signed_vote2,true,2,1783272759170,0,QmNcgtQQTiKYTTZfgDnKUurGta1J2EPad8N1cioGFFfEnj,false
1510,e6-lifecycle-20260705T173237.406901391Z-c4-real-task-0060,signed_settlement,true,2,1783272759172,0,QmNcgtQQTiKYTTZfgDnKUurGta1J2EPad8N1cioGFFfEnj,false
1511,e6-lifecycle-20260705T173237.406901391Z-c4-real-task-0060,signed_query_latest,true,0,1783272759174,0,QmNcgtQQTiKYTTZfgDnKUurGta1J2EPad8N1cioGFFfEnj,false
1512,e6-lifecycle-20260705T173237.406901391Z-c4-real-task-0060,ipfs_verify,true,9,1783272759174,0,QmNcgtQQTiKYTTZfgDnKUurGta1J2EPad8N1cioGFFfEnj,false
1513,e6-lifecycle-20260705T173237.406901391Z-c4-real-task-0061,ipfs_add,true,72,1783272759111,5946,,false
1514,e6-lifecycle-20260705T173237.406901391Z-c4-real-task-0061,signed_posttask,true,2,1783272759183,0,QmZznbE6Q8qgJZM6zko75Z5kysY6RRAzfTKYtPEykpkpaT,false
1515,e6-lifecycle-20260705T173237.406901391Z-c4-real-task-0061,signed_postallocation,true,2,1783272759185,0,QmZznbE6Q8qgJZM6zko75Z5kysY6RRAzfTKYtPEykpkpaT,false
1516,e6-lifecycle-20260705T173237.406901391Z-c4-real-task-0061,signed_post_evalsnapshot,true,2,1783272759187,0,QmZznbE6Q8qgJZM6zko75Z5kysY6RRAzfTKYtPEykpkpaT,false
1517,e6-lifecycle-20260705T173237.406901391Z-c4-real-task-0061,signed_vote1,true,1,1783272759189,0,QmZznbE6Q8qgJZM6zko75Z5kysY6RRAzfTKYtPEykpkpaT,false
1518,e6-lifecycle-20260705T173237.406901391Z-c4-real-task-0061,signed_vote2,true,2,1783272759190,0,QmZznbE6Q8qgJZM6zko75Z5kysY6RRAzfTKYtPEykpkpaT,false
1519,e6-lifecycle-20260705T173237.406901391Z-c4-real-task-0061,signed_settlement,true,2,1783272759192,0,QmZznbE6Q8qgJZM6zko75Z5kysY6RRAzfTKYtPEykpkpaT,false
1520,e6-lifecycle-20260705T173237.406901391Z-c4-real-task-0061,signed_query_latest,true,0,1783272759194,0,QmZznbE6Q8qgJZM6zko75Z5kysY6RRAzfTKYtPEykpkpaT,false
1521,e6-lifecycle-20260705T173237.406901391Z-c4-real-task-0061,ipfs_verify,true,8,1783272759194,0,QmZznbE6Q8qgJZM6zko75Z5kysY6RRAzfTKYtPEykpkpaT,false
1522,e6-lifecycle-20260705T173237.406901391Z-c4-real-task-0062,ipfs_add,true,63,1783272759141,1552,,false
1523,e6-lifecycle-20260705T173237.406901391Z-c4-real-task-0062,signed_posttask,true,3,1783272759204,0,Qmb6iH1Q8fsUxVYrQmrcgAvCnH14JPTvzRbCctsufq5we3,false
1524,e6-lifecycle-20260705T173237.406901391Z-c4-real-task-0062,signed_postallocation,true,2,1783272759207,0,Qmb6iH1Q8fsUxVYrQmrcgAvCnH14JPTvzRbCctsufq5we3,false
1525,e6-lifecycle-20260705T173237.406901391Z-c4-real-task-0062,signed_post_evalsnapshot,true,1,1783272759209,0,Qmb6iH1Q8fsUxVYrQmrcgAvCnH14JPTvzRbCctsufq5we3,false
1526,e6-lifecycle-20260705T173237.406901391Z-c4-real-task-0062,signed_vote1,true,2,1783272759210,0,Qmb6iH1Q8fsUxVYrQmrcgAvCnH14JPTvzRbCctsufq5we3,false
1527,e6-lifecycle-20260705T173237.406901391Z-c4-real-task-0062,signed_vote2,true,2,1783272759212,0,Qmb6iH1Q8fsUxVYrQmrcgAvCnH14JPTvzRbCctsufq5we3,false
1528,e6-lifecycle-20260705T173237.406901391Z-c4-real-task-0062,signed_settlement,true,2,1783272759214,0,Qmb6iH1Q8fsUxVYrQmrcgAvCnH14JPTvzRbCctsufq5we3,false
1529,e6-lifecycle-20260705T173237.406901391Z-c4-real-task-0062,signed_query_latest,true,0,1783272759216,0,Qmb6iH1Q8fsUxVYrQmrcgAvCnH14JPTvzRbCctsufq5we3,false
1530,e6-lifecycle-20260705T173237.406901391Z-c4-real-task-0062,ipfs_verify,true,9,1783272759216,0,Qmb6iH1Q8fsUxVYrQmrcgAvCnH14JPTvzRbCctsufq5we3,false
1531,e6-lifecycle-20260705T173237.406901391Z-c4-real-task-0063,ipfs_add,true,64,1783272759162,1951,,false
1532,e6-lifecycle-20260705T173237.406901391Z-c4-real-task-0063,signed_posttask,true,3,1783272759226,0,Qmeq8QyrjD6bZ4YprHuPoMgTMvTCxaH2JtzMLSbHb4KCGp,false
1533,e6-lifecycle-20260705T173237.406901391Z-c4-real-task-0063,signed_postallocation,true,2,1783272759229,0,Qmeq8QyrjD6bZ4YprHuPoMgTMvTCxaH2JtzMLSbHb4KCGp,false
1534,e6-lifecycle-20260705T173237.406901391Z-c4-real-task-0063,signed_post_evalsnapshot,true,2,1783272759231,0,Qmeq8QyrjD6bZ4YprHuPoMgTMvTCxaH2JtzMLSbHb4KCGp,false
1535,e6-lifecycle-20260705T173237.406901391Z-c4-real-task-0063,signed_vote1,true,2,1783272759233,0,Qmeq8QyrjD6bZ4YprHuPoMgTMvTCxaH2JtzMLSbHb4KCGp,false
1536,e6-lifecycle-20260705T173237.406901391Z-c4-real-task-0063,signed_vote2,true,2,1783272759235,0,Qmeq8QyrjD6bZ4YprHuPoMgTMvTCxaH2JtzMLSbHb4KCGp,false
1537,e6-lifecycle-20260705T173237.406901391Z-c4-real-task-0063,signed_settlement,true,2,1783272759237,0,Qmeq8QyrjD6bZ4YprHuPoMgTMvTCxaH2JtzMLSbHb4KCGp,false
1538,e6-lifecycle-20260705T173237.406901391Z-c4-real-task-0063,signed_query_latest,true,0,1783272759239,0,Qmeq8QyrjD6bZ4YprHuPoMgTMvTCxaH2JtzMLSbHb4KCGp,false
1539,e6-lifecycle-20260705T173237.406901391Z-c4-real-task-0063,ipfs_verify,true,8,1783272759239,0,Qmeq8QyrjD6bZ4YprHuPoMgTMvTCxaH2JtzMLSbHb4KCGp,false
1540,e6-lifecycle-20260705T173237.406901391Z-c4-real-task-0064,ipfs_add,true,64,1783272759183,1718,,false
1541,e6-lifecycle-20260705T173237.406901391Z-c4-real-task-0064,signed_posttask,true,2,1783272759247,0,QmdQasboxBg4eG1zCcznaXELJ43EhrApnvszJDpfVQP7gd,false
1542,e6-lifecycle-20260705T173237.406901391Z-c4-real-task-0064,signed_postallocation,true,2,1783272759249,0,QmdQasboxBg4eG1zCcznaXELJ43EhrApnvszJDpfVQP7gd,false
1543,e6-lifecycle-20260705T173237.406901391Z-c4-real-task-0064,signed_post_evalsnapshot,true,2,1783272759251,0,QmdQasboxBg4eG1zCcznaXELJ43EhrApnvszJDpfVQP7gd,false
1544,e6-lifecycle-20260705T173237.406901391Z-c4-real-task-0064,signed_vote1,true,1,1783272759253,0,QmdQasboxBg4eG1zCcznaXELJ43EhrApnvszJDpfVQP7gd,false
1545,e6-lifecycle-20260705T173237.406901391Z-c4-real-task-0064,signed_vote2,true,2,1783272759254,0,QmdQasboxBg4eG1zCcznaXELJ43EhrApnvszJDpfVQP7gd,false
1546,e6-lifecycle-20260705T173237.406901391Z-c4-real-task-0064,signed_settlement,true,2,1783272759256,0,QmdQasboxBg4eG1zCcznaXELJ43EhrApnvszJDpfVQP7gd,false
1547,e6-lifecycle-20260705T173237.406901391Z-c4-real-task-0064,signed_query_latest,true,0,1783272759258,0,QmdQasboxBg4eG1zCcznaXELJ43EhrApnvszJDpfVQP7gd,false
1548,e6-lifecycle-20260705T173237.406901391Z-c4-real-task-0064,ipfs_verify,true,7,1783272759258,0,QmdQasboxBg4eG1zCcznaXELJ43EhrApnvszJDpfVQP7gd,false
1549,e6-lifecycle-20260705T173237.406901391Z-c4-real-task-0065,ipfs_add,true,66,1783272759202,1532,,false
1550,e6-lifecycle-20260705T173237.406901391Z-c4-real-task-0065,signed_posttask,true,3,1783272759268,0,QmTgn7Ef8bcgXc76teLMLFWfXkkV1kNKoL8EES2YSp6nVT,false
1551,e6-lifecycle-20260705T173237.406901391Z-c4-real-task-0065,signed_postallocation,true,2,1783272759271,0,QmTgn7Ef8bcgXc76teLMLFWfXkkV1kNKoL8EES2YSp6nVT,false
1552,e6-lifecycle-20260705T173237.406901391Z-c4-real-task-0065,signed_post_evalsnapshot,true,1,1783272759273,0,QmTgn7Ef8bcgXc76teLMLFWfXkkV1kNKoL8EES2YSp6nVT,false
1553,e6-lifecycle-20260705T173237.406901391Z-c4-real-task-0065,signed_vote1,true,2,1783272759274,0,QmTgn7Ef8bcgXc76teLMLFWfXkkV1kNKoL8EES2YSp6nVT,false
1554,e6-lifecycle-20260705T173237.406901391Z-c4-real-task-0065,signed_vote2,true,1,1783272759276,0,QmTgn7Ef8bcgXc76teLMLFWfXkkV1kNKoL8EES2YSp6nVT,false
1555,e6-lifecycle-20260705T173237.406901391Z-c4-real-task-0065,signed_settlement,true,2,1783272759277,0,QmTgn7Ef8bcgXc76teLMLFWfXkkV1kNKoL8EES2YSp6nVT,false
1556,e6-lifecycle-20260705T173237.406901391Z-c4-real-task-0065,signed_query_latest,true,0,1783272759279,0,QmTgn7Ef8bcgXc76teLMLFWfXkkV1kNKoL8EES2YSp6nVT,false
1557,e6-lifecycle-20260705T173237.406901391Z-c4-real-task-0065,ipfs_verify,true,9,1783272759279,0,QmTgn7Ef8bcgXc76teLMLFWfXkkV1kNKoL8EES2YSp6nVT,false
1558,e6-lifecycle-20260705T173237.406901391Z-c4-real-task-0066,ipfs_add,true,63,1783272759225,1779,,false
1559,e6-lifecycle-20260705T173237.406901391Z-c4-real-task-0066,signed_posttask,true,2,1783272759288,0,QmQadZaKvSss26axAEh58nbypRZhkvyv9qKSdKwsKrR3VT,false
1560,e6-lifecycle-20260705T173237.406901391Z-c4-real-task-0066,signed_postallocation,true,2,1783272759290,0,QmQadZaKvSss26axAEh58nbypRZhkvyv9qKSdKwsKrR3VT,false
1561,e6-lifecycle-20260705T173237.406901391Z-c4-real-task-0066,signed_post_evalsnapshot,true,3,1783272759292,0,QmQadZaKvSss26axAEh58nbypRZhkvyv9qKSdKwsKrR3VT,false
1562,e6-lifecycle-20260705T173237.406901391Z-c4-real-task-0066,signed_vote1,true,2,1783272759295,0,QmQadZaKvSss26axAEh58nbypRZhkvyv9qKSdKwsKrR3VT,false
1563,e6-lifecycle-20260705T173237.406901391Z-c4-real-task-0066,signed_vote2,true,2,1783272759297,0,QmQadZaKvSss26axAEh58nbypRZhkvyv9qKSdKwsKrR3VT,false
1564,e6-lifecycle-20260705T173237.406901391Z-c4-real-task-0066,signed_settlement,true,2,1783272759299,0,QmQadZaKvSss26axAEh58nbypRZhkvyv9qKSdKwsKrR3VT,false
1565,e6-lifecycle-20260705T173237.406901391Z-c4-real-task-0066,signed_query_latest,true,0,1783272759301,0,QmQadZaKvSss26axAEh58nbypRZhkvyv9qKSdKwsKrR3VT,false
1566,e6-lifecycle-20260705T173237.406901391Z-c4-real-task-0066,ipfs_verify,true,17,1783272759301,0,QmQadZaKvSss26axAEh58nbypRZhkvyv9qKSdKwsKrR3VT,false
1567,e6-lifecycle-20260705T173237.406901391Z-c4-real-task-0067,ipfs_add,true,75,1783272759248,1494,,false
1568,e6-lifecycle-20260705T173237.406901391Z-c4-real-task-0067,signed_posttask,true,3,1783272759323,0,Qmbt7FG9CTBc6sVfciXAseRzvjXpa6EoV1TehcNf7sChY3,false
1569,e6-lifecycle-20260705T173237.406901391Z-c4-real-task-0067,signed_postallocation,true,4,1783272759326,0,Qmbt7FG9CTBc6sVfciXAseRzvjXpa6EoV1TehcNf7sChY3,false
1570,e6-lifecycle-20260705T173237.406901391Z-c4-real-task-0067,signed_post_evalsnapshot,true,2,1783272759330,0,Qmbt7FG9CTBc6sVfciXAseRzvjXpa6EoV1TehcNf7sChY3,false
1571,e6-lifecycle-20260705T173237.406901391Z-c4-real-task-0067,signed_vote1,true,1,1783272759332,0,Qmbt7FG9CTBc6sVfciXAseRzvjXpa6EoV1TehcNf7sChY3,false
1572,e6-lifecycle-20260705T173237.406901391Z-c4-real-task-0067,signed_vote2,true,3,1783272759333,0,Qmbt7FG9CTBc6sVfciXAseRzvjXpa6EoV1TehcNf7sChY3,false
1573,e6-lifecycle-20260705T173237.406901391Z-c4-real-task-0067,signed_settlement,true,2,1783272759336,0,Qmbt7FG9CTBc6sVfciXAseRzvjXpa6EoV1TehcNf7sChY3,false
1574,e6-lifecycle-20260705T173237.406901391Z-c4-real-task-0067,signed_query_latest,true,0,1783272759338,0,Qmbt7FG9CTBc6sVfciXAseRzvjXpa6EoV1TehcNf7sChY3,false
1575,e6-lifecycle-20260705T173237.406901391Z-c4-real-task-0068,ipfs_add,true,79,1783272759265,4158,,false
1576,e6-lifecycle-20260705T173237.406901391Z-c4-real-task-0068,signed_posttask,true,3,1783272759344,0,QmdssCZHZja15BD7DuyPiXZPfZufH2mwmGr81QDSStPZPN,false
1577,e6-lifecycle-20260705T173237.406901391Z-c4-real-task-0068,signed_postallocation,true,2,1783272759347,0,QmdssCZHZja15BD7DuyPiXZPfZufH2mwmGr81QDSStPZPN,false
1578,e6-lifecycle-20260705T173237.406901391Z-c4-real-task-0067,ipfs_verify,true,12,1783272759338,0,Qmbt7FG9CTBc6sVfciXAseRzvjXpa6EoV1TehcNf7sChY3,false
1579,e6-lifecycle-20260705T173237.406901391Z-c4-real-task-0068,signed_post_evalsnapshot,true,2,1783272759349,0,QmdssCZHZja15BD7DuyPiXZPfZufH2mwmGr81QDSStPZPN,false
1580,e6-lifecycle-20260705T173237.406901391Z-c4-real-task-0068,signed_vote1,true,1,1783272759351,0,QmdssCZHZja15BD7DuyPiXZPfZufH2mwmGr81QDSStPZPN,false
1581,e6-lifecycle-20260705T173237.406901391Z-c4-real-task-0068,signed_vote2,true,3,1783272759352,0,QmdssCZHZja15BD7DuyPiXZPfZufH2mwmGr81QDSStPZPN,false
1582,e6-lifecycle-20260705T173237.406901391Z-c4-real-task-0068,signed_settlement,true,2,1783272759355,0,QmdssCZHZja15BD7DuyPiXZPfZufH2mwmGr81QDSStPZPN,false
1583,e6-lifecycle-20260705T173237.406901391Z-c4-real-task-0068,signed_query_latest,true,0,1783272759357,0,QmdssCZHZja15BD7DuyPiXZPfZufH2mwmGr81QDSStPZPN,false
1584,e6-lifecycle-20260705T173237.406901391Z-c4-real-task-0068,ipfs_verify,true,10,1783272759357,0,QmdssCZHZja15BD7DuyPiXZPfZufH2mwmGr81QDSStPZPN,false
1585,e6-lifecycle-20260705T173237.406901391Z-c4-real-task-0069,ipfs_add,true,84,1783272759288,1526,,false
1586,e6-lifecycle-20260705T173237.406901391Z-c4-real-task-0069,signed_posttask,true,2,1783272759372,0,Qmc3HzGamX75gaXpQyYRDkmKLfVRUTTUbDLLNafwajDdRv,false
1587,e6-lifecycle-20260705T173237.406901391Z-c4-real-task-0069,signed_postallocation,true,1,1783272759374,0,Qmc3HzGamX75gaXpQyYRDkmKLfVRUTTUbDLLNafwajDdRv,false
1588,e6-lifecycle-20260705T173237.406901391Z-c4-real-task-0069,signed_post_evalsnapshot,true,2,1783272759375,0,Qmc3HzGamX75gaXpQyYRDkmKLfVRUTTUbDLLNafwajDdRv,false
1589,e6-lifecycle-20260705T173237.406901391Z-c4-real-task-0069,signed_vote1,true,2,1783272759377,0,Qmc3HzGamX75gaXpQyYRDkmKLfVRUTTUbDLLNafwajDdRv,false
1590,e6-lifecycle-20260705T173237.406901391Z-c4-real-task-0069,signed_vote2,true,2,1783272759379,0,Qmc3HzGamX75gaXpQyYRDkmKLfVRUTTUbDLLNafwajDdRv,false
1591,e6-lifecycle-20260705T173237.406901391Z-c4-real-task-0069,signed_settlement,true,2,1783272759381,0,Qmc3HzGamX75gaXpQyYRDkmKLfVRUTTUbDLLNafwajDdRv,false
1592,e6-lifecycle-20260705T173237.406901391Z-c4-real-task-0069,signed_query_latest,true,0,1783272759383,0,Qmc3HzGamX75gaXpQyYRDkmKLfVRUTTUbDLLNafwajDdRv,false
1593,e6-lifecycle-20260705T173237.406901391Z-c4-real-task-0069,ipfs_verify,true,13,1783272759383,0,Qmc3HzGamX75gaXpQyYRDkmKLfVRUTTUbDLLNafwajDdRv,false
1594,e6-lifecycle-20260705T173237.406901391Z-c4-real-task-0070,ipfs_add,true,86,1783272759318,5065,,false
1595,e6-lifecycle-20260705T173237.406901391Z-c4-real-task-0070,signed_posttask,true,2,1783272759404,0,QmZdwn7XZ6rmxkCtUjND7GCnAtzGsfmiqSWKEv7AMAoXVQ,false
1596,e6-lifecycle-20260705T173237.406901391Z-c4-real-task-0070,signed_postallocation,true,2,1783272759406,0,QmZdwn7XZ6rmxkCtUjND7GCnAtzGsfmiqSWKEv7AMAoXVQ,false
1597,e6-lifecycle-20260705T173237.406901391Z-c4-real-task-0070,signed_post_evalsnapshot,true,2,1783272759408,0,QmZdwn7XZ6rmxkCtUjND7GCnAtzGsfmiqSWKEv7AMAoXVQ,false
1598,e6-lifecycle-20260705T173237.406901391Z-c4-real-task-0070,signed_vote1,true,2,1783272759410,0,QmZdwn7XZ6rmxkCtUjND7GCnAtzGsfmiqSWKEv7AMAoXVQ,false
1599,e6-lifecycle-20260705T173237.406901391Z-c4-real-task-0070,signed_vote2,true,1,1783272759412,0,QmZdwn7XZ6rmxkCtUjND7GCnAtzGsfmiqSWKEv7AMAoXVQ,false
1600,e6-lifecycle-20260705T173237.406901391Z-c4-real-task-0070,signed_settlement,true,2,1783272759413,0,QmZdwn7XZ6rmxkCtUjND7GCnAtzGsfmiqSWKEv7AMAoXVQ,false
1601,e6-lifecycle-20260705T173237.406901391Z-c4-real-task-0070,signed_query_latest,true,0,1783272759415,0,QmZdwn7XZ6rmxkCtUjND7GCnAtzGsfmiqSWKEv7AMAoXVQ,false
1602,e6-lifecycle-20260705T173237.406901391Z-c4-real-task-0070,ipfs_verify,true,9,1783272759415,0,QmZdwn7XZ6rmxkCtUjND7GCnAtzGsfmiqSWKEv7AMAoXVQ,false
1603,e6-lifecycle-20260705T173237.406901391Z-c4-real-task-0071,ipfs_add,true,79,1783272759350,7196,,false
1604,e6-lifecycle-20260705T173237.406901391Z-c4-real-task-0071,signed_posttask,true,6,1783272759429,0,QmNqkkGDJvpybcWjHb7TKY3DpGWDegeGBguFT6dBieSUKQ,false
1605,e6-lifecycle-20260705T173237.406901391Z-c4-real-task-0071,signed_postallocation,true,2,1783272759435,0,QmNqkkGDJvpybcWjHb7TKY3DpGWDegeGBguFT6dBieSUKQ,false
1606,e6-lifecycle-20260705T173237.406901391Z-c4-real-task-0071,signed_post_evalsnapshot,true,3,1783272759437,0,QmNqkkGDJvpybcWjHb7TKY3DpGWDegeGBguFT6dBieSUKQ,false
1607,e6-lifecycle-20260705T173237.406901391Z-c4-real-task-0071,signed_vote1,true,4,1783272759441,0,QmNqkkGDJvpybcWjHb7TKY3DpGWDegeGBguFT6dBieSUKQ,false
1608,e6-lifecycle-20260705T173237.406901391Z-c4-real-task-0071,signed_vote2,true,2,1783272759445,0,QmNqkkGDJvpybcWjHb7TKY3DpGWDegeGBguFT6dBieSUKQ,false
1609,e6-lifecycle-20260705T173237.406901391Z-c4-real-task-0071,signed_settlement,true,2,1783272759447,0,QmNqkkGDJvpybcWjHb7TKY3DpGWDegeGBguFT6dBieSUKQ,false
1610,e6-lifecycle-20260705T173237.406901391Z-c4-real-task-0071,signed_query_latest,true,0,1783272759449,0,QmNqkkGDJvpybcWjHb7TKY3DpGWDegeGBguFT6dBieSUKQ,false
1611,e6-lifecycle-20260705T173237.406901391Z-c4-real-task-0071,ipfs_verify,true,15,1783272759449,0,QmNqkkGDJvpybcWjHb7TKY3DpGWDegeGBguFT6dBieSUKQ,false
1612,e6-lifecycle-20260705T173237.406901391Z-c4-real-task-0072,ipfs_add,true,107,1783272759367,2305,,false
1613,e6-lifecycle-20260705T173237.406901391Z-c4-real-task-0072,signed_posttask,true,2,1783272759474,0,QmWanySVkpZ7TybV7YuqtM2nn19ezsxpA246bdcmU47t6X,false
1614,e6-lifecycle-20260705T173237.406901391Z-c4-real-task-0072,signed_postallocation,true,3,1783272759476,0,QmWanySVkpZ7TybV7YuqtM2nn19ezsxpA246bdcmU47t6X,false
1615,e6-lifecycle-20260705T173237.406901391Z-c4-real-task-0072,signed_post_evalsnapshot,true,2,1783272759479,0,QmWanySVkpZ7TybV7YuqtM2nn19ezsxpA246bdcmU47t6X,false
1616,e6-lifecycle-20260705T173237.406901391Z-c4-real-task-0072,signed_vote1,true,4,1783272759481,0,QmWanySVkpZ7TybV7YuqtM2nn19ezsxpA246bdcmU47t6X,false
1617,e6-lifecycle-20260705T173237.406901391Z-c4-real-task-0072,signed_vote2,true,1,1783272759485,0,QmWanySVkpZ7TybV7YuqtM2nn19ezsxpA246bdcmU47t6X,false
1618,e6-lifecycle-20260705T173237.406901391Z-c4-real-task-0072,signed_settlement,true,3,1783272759486,0,QmWanySVkpZ7TybV7YuqtM2nn19ezsxpA246bdcmU47t6X,false
1619,e6-lifecycle-20260705T173237.406901391Z-c4-real-task-0072,signed_query_latest,true,0,1783272759489,0,QmWanySVkpZ7TybV7YuqtM2nn19ezsxpA246bdcmU47t6X,false
1620,e6-lifecycle-20260705T173237.406901391Z-c4-real-task-0072,ipfs_verify,true,11,1783272759489,0,QmWanySVkpZ7TybV7YuqtM2nn19ezsxpA246bdcmU47t6X,false
1621,e6-lifecycle-20260705T173237.406901391Z-c4-real-task-0073,ipfs_add,true,107,1783272759396,4957,,false
1622,e6-lifecycle-20260705T173237.406901391Z-c4-real-task-0073,signed_posttask,true,2,1783272759503,0,QmUNq5xrs3K1vmXdkKido3g2XmRhi95o132iauehfL4aYG,false
1623,e6-lifecycle-20260705T173237.406901391Z-c4-real-task-0073,signed_postallocation,true,4,1783272759505,0,QmUNq5xrs3K1vmXdkKido3g2XmRhi95o132iauehfL4aYG,false
1624,e6-lifecycle-20260705T173237.406901391Z-c4-real-task-0073,signed_post_evalsnapshot,true,2,1783272759509,0,QmUNq5xrs3K1vmXdkKido3g2XmRhi95o132iauehfL4aYG,false
1625,e6-lifecycle-20260705T173237.406901391Z-c4-real-task-0073,signed_vote1,true,2,1783272759511,0,QmUNq5xrs3K1vmXdkKido3g2XmRhi95o132iauehfL4aYG,false
1626,e6-lifecycle-20260705T173237.406901391Z-c4-real-task-0073,signed_vote2,true,2,1783272759513,0,QmUNq5xrs3K1vmXdkKido3g2XmRhi95o132iauehfL4aYG,false
1627,e6-lifecycle-20260705T173237.406901391Z-c4-real-task-0073,signed_settlement,true,1,1783272759515,0,QmUNq5xrs3K1vmXdkKido3g2XmRhi95o132iauehfL4aYG,false
1628,e6-lifecycle-20260705T173237.406901391Z-c4-real-task-0073,signed_query_latest,true,0,1783272759516,0,QmUNq5xrs3K1vmXdkKido3g2XmRhi95o132iauehfL4aYG,false
1629,e6-lifecycle-20260705T173237.406901391Z-c4-real-task-0073,ipfs_verify,true,11,1783272759516,0,QmUNq5xrs3K1vmXdkKido3g2XmRhi95o132iauehfL4aYG,false
1630,e6-lifecycle-20260705T173237.406901391Z-c4-real-task-0074,ipfs_add,true,112,1783272759424,5811,,false
1631,e6-lifecycle-20260705T173237.406901391Z-c4-real-task-0074,signed_posttask,true,2,1783272759536,0,QmaeTJAzWRKvsT172vo8HGvAfgV8ipwLvzV1ZMQApxE1QS,false
1632,e6-lifecycle-20260705T173237.406901391Z-c4-real-task-0074,signed_postallocation,true,2,1783272759538,0,QmaeTJAzWRKvsT172vo8HGvAfgV8ipwLvzV1ZMQApxE1QS,false
1633,e6-lifecycle-20260705T173237.406901391Z-c4-real-task-0074,signed_post_evalsnapshot,true,3,1783272759540,0,QmaeTJAzWRKvsT172vo8HGvAfgV8ipwLvzV1ZMQApxE1QS,false
1634,e6-lifecycle-20260705T173237.406901391Z-c4-real-task-0074,signed_vote1,true,2,1783272759543,0,QmaeTJAzWRKvsT172vo8HGvAfgV8ipwLvzV1ZMQApxE1QS,false
1635,e6-lifecycle-20260705T173237.406901391Z-c4-real-task-0074,signed_vote2,true,2,1783272759545,0,QmaeTJAzWRKvsT172vo8HGvAfgV8ipwLvzV1ZMQApxE1QS,false
1636,e6-lifecycle-20260705T173237.406901391Z-c4-real-task-0074,signed_settlement,true,1,1783272759547,0,QmaeTJAzWRKvsT172vo8HGvAfgV8ipwLvzV1ZMQApxE1QS,false
1637,e6-lifecycle-20260705T173237.406901391Z-c4-real-task-0074,signed_query_latest,true,0,1783272759548,0,QmaeTJAzWRKvsT172vo8HGvAfgV8ipwLvzV1ZMQApxE1QS,false
1638,e6-lifecycle-20260705T173237.406901391Z-c4-real-task-0074,ipfs_verify,true,34,1783272759548,0,QmaeTJAzWRKvsT172vo8HGvAfgV8ipwLvzV1ZMQApxE1QS,false
1639,e6-lifecycle-20260705T173237.406901391Z-c4-real-task-0075,ipfs_add,true,121,1783272759464,4400,,false
1640,e6-lifecycle-20260705T173237.406901391Z-c4-real-task-0075,signed_posttask,true,2,1783272759585,0,QmXvAwLQ7v7nnXbkJPjkYdM3tUdkRw8oF5f6iTNZRPVgzN,false
1641,e6-lifecycle-20260705T173237.406901391Z-c4-real-task-0075,signed_postallocation,true,4,1783272759587,0,QmXvAwLQ7v7nnXbkJPjkYdM3tUdkRw8oF5f6iTNZRPVgzN,false
1642,e6-lifecycle-20260705T173237.406901391Z-c4-real-task-0075,signed_post_evalsnapshot,true,2,1783272759591,0,QmXvAwLQ7v7nnXbkJPjkYdM3tUdkRw8oF5f6iTNZRPVgzN,false
1643,e6-lifecycle-20260705T173237.406901391Z-c4-real-task-0075,signed_vote1,true,3,1783272759593,0,QmXvAwLQ7v7nnXbkJPjkYdM3tUdkRw8oF5f6iTNZRPVgzN,false
1644,e6-lifecycle-20260705T173237.406901391Z-c4-real-task-0075,signed_vote2,true,2,1783272759596,0,QmXvAwLQ7v7nnXbkJPjkYdM3tUdkRw8oF5f6iTNZRPVgzN,false
1645,e6-lifecycle-20260705T173237.406901391Z-c4-real-task-0075,signed_settlement,true,2,1783272759598,0,QmXvAwLQ7v7nnXbkJPjkYdM3tUdkRw8oF5f6iTNZRPVgzN,false
1646,e6-lifecycle-20260705T173237.406901391Z-c4-real-task-0075,signed_query_latest,true,0,1783272759600,0,QmXvAwLQ7v7nnXbkJPjkYdM3tUdkRw8oF5f6iTNZRPVgzN,false
1647,e6-lifecycle-20260705T173237.406901391Z-c4-real-task-0075,ipfs_verify,true,19,1783272759600,0,QmXvAwLQ7v7nnXbkJPjkYdM3tUdkRw8oF5f6iTNZRPVgzN,false
1648,e6-lifecycle-20260705T173237.406901391Z-c4-real-task-0029,ipfs_add,true,158,1783272759500,1996,,false
1649,e6-lifecycle-20260705T173237.406901391Z-c4-real-task-0029,signed_posttask,true,2,1783272759658,0,QmacXcTiVxv9uHJiorLkYH2xDDraJTZ3uq6FBG4Ctr6VoC,false
1650,e6-lifecycle-20260705T173237.406901391Z-c4-real-task-0029,signed_postallocation,true,2,1783272759660,0,QmacXcTiVxv9uHJiorLkYH2xDDraJTZ3uq6FBG4Ctr6VoC,false
1651,e6-lifecycle-20260705T173237.406901391Z-c4-real-task-0029,signed_post_evalsnapshot,true,2,1783272759662,0,QmacXcTiVxv9uHJiorLkYH2xDDraJTZ3uq6FBG4Ctr6VoC,false
1652,e6-lifecycle-20260705T173237.406901391Z-c4-real-task-0029,signed_vote1,true,3,1783272759664,0,QmacXcTiVxv9uHJiorLkYH2xDDraJTZ3uq6FBG4Ctr6VoC,false
1653,e6-lifecycle-20260705T173237.406901391Z-c4-real-task-0029,signed_vote2,true,1,1783272759667,0,QmacXcTiVxv9uHJiorLkYH2xDDraJTZ3uq6FBG4Ctr6VoC,false
1654,e6-lifecycle-20260705T173237.406901391Z-c4-real-task-0029,signed_settlement,true,2,1783272759668,0,QmacXcTiVxv9uHJiorLkYH2xDDraJTZ3uq6FBG4Ctr6VoC,false
1655,e6-lifecycle-20260705T173237.406901391Z-c4-real-task-0029,signed_query_latest,true,0,1783272759670,0,QmacXcTiVxv9uHJiorLkYH2xDDraJTZ3uq6FBG4Ctr6VoC,false
1656,e6-lifecycle-20260705T173237.406901391Z-c4-real-task-0029,ipfs_verify,true,9,1783272759670,0,QmacXcTiVxv9uHJiorLkYH2xDDraJTZ3uq6FBG4Ctr6VoC,false
1657,e6-lifecycle-20260705T173237.406901391Z-c4-real-task-0002,ipfs_add,true,153,1783272759527,4391,,false
1658,e6-lifecycle-20260705T173237.406901391Z-c4-real-task-0002,signed_posttask,true,2,1783272759680,0,QmadZcFHB1uQSGYUnYEPgsvcDpcDhp6t3Vn4pKLzTyZW3B,false
1659,e6-lifecycle-20260705T173237.406901391Z-c4-real-task-0002,signed_postallocation,true,1,1783272759682,0,QmadZcFHB1uQSGYUnYEPgsvcDpcDhp6t3Vn4pKLzTyZW3B,false
1660,e6-lifecycle-20260705T173237.406901391Z-c4-real-task-0002,signed_post_evalsnapshot,true,3,1783272759683,0,QmadZcFHB1uQSGYUnYEPgsvcDpcDhp6t3Vn4pKLzTyZW3B,false
1661,e6-lifecycle-20260705T173237.406901391Z-c4-real-task-0002,signed_vote1,true,4,1783272759686,0,QmadZcFHB1uQSGYUnYEPgsvcDpcDhp6t3Vn4pKLzTyZW3B,false
1662,e6-lifecycle-20260705T173237.406901391Z-c4-real-task-0002,signed_vote2,true,2,1783272759690,0,QmadZcFHB1uQSGYUnYEPgsvcDpcDhp6t3Vn4pKLzTyZW3B,false
1663,e6-lifecycle-20260705T173237.406901391Z-c4-real-task-0002,signed_settlement,true,1,1783272759692,0,QmadZcFHB1uQSGYUnYEPgsvcDpcDhp6t3Vn4pKLzTyZW3B,false
1664,e6-lifecycle-20260705T173237.406901391Z-c4-real-task-0002,signed_query_latest,true,0,1783272759693,0,QmadZcFHB1uQSGYUnYEPgsvcDpcDhp6t3Vn4pKLzTyZW3B,false
1665,e6-lifecycle-20260705T173237.406901391Z-c4-real-task-0002,ipfs_verify,true,8,1783272759693,0,QmadZcFHB1uQSGYUnYEPgsvcDpcDhp6t3Vn4pKLzTyZW3B,false
1666,e6-lifecycle-20260705T173237.406901391Z-c4-real-task-0003,ipfs_add,true,123,1783272759582,2446,,false
1667,e6-lifecycle-20260705T173237.406901391Z-c4-real-task-0003,signed_posttask,true,2,1783272759705,0,QmPvR785HfFDDiGzRGUjqnESf82yCdppnLSJbnvszkNAGt,false
1668,e6-lifecycle-20260705T173237.406901391Z-c4-real-task-0003,signed_postallocation,true,3,1783272759707,0,QmPvR785HfFDDiGzRGUjqnESf82yCdppnLSJbnvszkNAGt,false
1669,e6-lifecycle-20260705T173237.406901391Z-c4-real-task-0003,signed_post_evalsnapshot,true,1,1783272759710,0,QmPvR785HfFDDiGzRGUjqnESf82yCdppnLSJbnvszkNAGt,false
1670,e6-lifecycle-20260705T173237.406901391Z-c4-real-task-0003,signed_vote1,true,2,1783272759711,0,QmPvR785HfFDDiGzRGUjqnESf82yCdppnLSJbnvszkNAGt,false
1671,e6-lifecycle-20260705T173237.406901391Z-c4-real-task-0003,signed_vote2,true,2,1783272759713,0,QmPvR785HfFDDiGzRGUjqnESf82yCdppnLSJbnvszkNAGt,false
1672,e6-lifecycle-20260705T173237.406901391Z-c4-real-task-0003,signed_settlement,true,2,1783272759715,0,QmPvR785HfFDDiGzRGUjqnESf82yCdppnLSJbnvszkNAGt,false
1673,e6-lifecycle-20260705T173237.406901391Z-c4-real-task-0003,signed_query_latest,true,0,1783272759717,0,QmPvR785HfFDDiGzRGUjqnESf82yCdppnLSJbnvszkNAGt,false
1674,e6-lifecycle-20260705T173237.406901391Z-c4-real-task-0004,ipfs_add,true,106,1783272759619,4001,,false
1675,e6-lifecycle-20260705T173237.406901391Z-c4-real-task-0003,ipfs_verify,true,8,1783272759717,0,QmPvR785HfFDDiGzRGUjqnESf82yCdppnLSJbnvszkNAGt,false
1676,e6-lifecycle-20260705T173237.406901391Z-c4-real-task-0004,signed_posttask,true,3,1783272759725,0,Qmaz6UxvY2c7v7Afz5qnVeVQ353BpWF64tC6snuKvMXMMH,false
1677,e6-lifecycle-20260705T173237.406901391Z-c4-real-task-0004,signed_postallocation,true,2,1783272759728,0,Qmaz6UxvY2c7v7Afz5qnVeVQ353BpWF64tC6snuKvMXMMH,false
1678,e6-lifecycle-20260705T173237.406901391Z-c4-real-task-0004,signed_post_evalsnapshot,true,1,1783272759730,0,Qmaz6UxvY2c7v7Afz5qnVeVQ353BpWF64tC6snuKvMXMMH,false
1679,e6-lifecycle-20260705T173237.406901391Z-c4-real-task-0004,signed_vote1,true,2,1783272759731,0,Qmaz6UxvY2c7v7Afz5qnVeVQ353BpWF64tC6snuKvMXMMH,false
1680,e6-lifecycle-20260705T173237.406901391Z-c4-real-task-0004,signed_vote2,true,2,1783272759733,0,Qmaz6UxvY2c7v7Afz5qnVeVQ353BpWF64tC6snuKvMXMMH,false
1681,e6-lifecycle-20260705T173237.406901391Z-c4-real-task-0004,signed_settlement,true,2,1783272759735,0,Qmaz6UxvY2c7v7Afz5qnVeVQ353BpWF64tC6snuKvMXMMH,false
1682,e6-lifecycle-20260705T173237.406901391Z-c4-real-task-0004,signed_query_latest,true,0,1783272759737,0,Qmaz6UxvY2c7v7Afz5qnVeVQ353BpWF64tC6snuKvMXMMH,false
1683,e6-lifecycle-20260705T173237.406901391Z-c4-real-task-0004,ipfs_verify,true,8,1783272759737,0,Qmaz6UxvY2c7v7Afz5qnVeVQ353BpWF64tC6snuKvMXMMH,false
1684,e6-lifecycle-20260705T173237.406901391Z-c4-real-task-0005,ipfs_add,true,66,1783272759680,1568,,false
1685,e6-lifecycle-20260705T173237.406901391Z-c4-real-task-0005,signed_posttask,true,2,1783272759746,0,QmQGqX18RcT7NsFPmbZfQoD9JQ4oRJAgNfw6hWJoUowyXr,false
1686,e6-lifecycle-20260705T173237.406901391Z-c4-real-task-0005,signed_postallocation,true,2,1783272759748,0,QmQGqX18RcT7NsFPmbZfQoD9JQ4oRJAgNfw6hWJoUowyXr,false
1687,e6-lifecycle-20260705T173237.406901391Z-c4-real-task-0005,signed_post_evalsnapshot,true,2,1783272759750,0,QmQGqX18RcT7NsFPmbZfQoD9JQ4oRJAgNfw6hWJoUowyXr,false
1688,e6-lifecycle-20260705T173237.406901391Z-c4-real-task-0005,signed_vote1,true,1,1783272759752,0,QmQGqX18RcT7NsFPmbZfQoD9JQ4oRJAgNfw6hWJoUowyXr,false
1689,e6-lifecycle-20260705T173237.406901391Z-c4-real-task-0005,signed_vote2,true,2,1783272759753,0,QmQGqX18RcT7NsFPmbZfQoD9JQ4oRJAgNfw6hWJoUowyXr,false
1690,e6-lifecycle-20260705T173237.406901391Z-c4-real-task-0005,signed_settlement,true,2,1783272759755,0,QmQGqX18RcT7NsFPmbZfQoD9JQ4oRJAgNfw6hWJoUowyXr,false
1691,e6-lifecycle-20260705T173237.406901391Z-c4-real-task-0005,signed_query_latest,true,0,1783272759757,0,QmQGqX18RcT7NsFPmbZfQoD9JQ4oRJAgNfw6hWJoUowyXr,false
1692,e6-lifecycle-20260705T173237.406901391Z-c4-real-task-0005,ipfs_verify,true,7,1783272759757,0,QmQGqX18RcT7NsFPmbZfQoD9JQ4oRJAgNfw6hWJoUowyXr,false
1693,e6-lifecycle-20260705T173237.406901391Z-c4-real-task-0006,ipfs_add,true,64,1783272759701,1837,,false
1694,e6-lifecycle-20260705T173237.406901391Z-c4-real-task-0006,signed_posttask,true,1,1783272759765,0,QmXGbR3DqVcFxShbFVjPMj7ToNDuYqpp9jmC8SXxYHpmsi,false
1695,e6-lifecycle-20260705T173237.406901391Z-c4-real-task-0006,signed_postallocation,true,2,1783272759766,0,QmXGbR3DqVcFxShbFVjPMj7ToNDuYqpp9jmC8SXxYHpmsi,false
1696,e6-lifecycle-20260705T173237.406901391Z-c4-real-task-0006,signed_post_evalsnapshot,true,2,1783272759768,0,QmXGbR3DqVcFxShbFVjPMj7ToNDuYqpp9jmC8SXxYHpmsi,false
1697,e6-lifecycle-20260705T173237.406901391Z-c4-real-task-0006,signed_vote1,true,1,1783272759770,0,QmXGbR3DqVcFxShbFVjPMj7ToNDuYqpp9jmC8SXxYHpmsi,false
1698,e6-lifecycle-20260705T173237.406901391Z-c4-real-task-0006,signed_vote2,true,2,1783272759771,0,QmXGbR3DqVcFxShbFVjPMj7ToNDuYqpp9jmC8SXxYHpmsi,false
1699,e6-lifecycle-20260705T173237.406901391Z-c4-real-task-0006,signed_settlement,true,2,1783272759773,0,QmXGbR3DqVcFxShbFVjPMj7ToNDuYqpp9jmC8SXxYHpmsi,false
1700,e6-lifecycle-20260705T173237.406901391Z-c4-real-task-0006,signed_query_latest,true,0,1783272759775,0,QmXGbR3DqVcFxShbFVjPMj7ToNDuYqpp9jmC8SXxYHpmsi,false
1701,e6-lifecycle-20260705T173237.406901391Z-c4-real-task-0006,ipfs_verify,true,9,1783272759775,0,QmXGbR3DqVcFxShbFVjPMj7ToNDuYqpp9jmC8SXxYHpmsi,false
1702,e6-lifecycle-20260705T173237.406901391Z-c4-real-task-0007,ipfs_add,true,61,1783272759725,1947,,false
1703,e6-lifecycle-20260705T173237.406901391Z-c4-real-task-0007,signed_posttask,true,2,1783272759786,0,QmZ2mJtGsrx1z5XKWoUvbBSuSSfsFtGubMTSXMJ9cMGQnJ,false
1704,e6-lifecycle-20260705T173237.406901391Z-c4-real-task-0007,signed_postallocation,true,3,1783272759788,0,QmZ2mJtGsrx1z5XKWoUvbBSuSSfsFtGubMTSXMJ9cMGQnJ,false
1705,e6-lifecycle-20260705T173237.406901391Z-c4-real-task-0007,signed_post_evalsnapshot,true,1,1783272759791,0,QmZ2mJtGsrx1z5XKWoUvbBSuSSfsFtGubMTSXMJ9cMGQnJ,false
1706,e6-lifecycle-20260705T173237.406901391Z-c4-real-task-0007,signed_vote1,true,2,1783272759792,0,QmZ2mJtGsrx1z5XKWoUvbBSuSSfsFtGubMTSXMJ9cMGQnJ,false
1707,e6-lifecycle-20260705T173237.406901391Z-c4-real-task-0007,signed_vote2,true,1,1783272759794,0,QmZ2mJtGsrx1z5XKWoUvbBSuSSfsFtGubMTSXMJ9cMGQnJ,false
1708,e6-lifecycle-20260705T173237.406901391Z-c4-real-task-0007,signed_settlement,true,2,1783272759795,0,QmZ2mJtGsrx1z5XKWoUvbBSuSSfsFtGubMTSXMJ9cMGQnJ,false
1709,e6-lifecycle-20260705T173237.406901391Z-c4-real-task-0007,signed_query_latest,true,0,1783272759797,0,QmZ2mJtGsrx1z5XKWoUvbBSuSSfsFtGubMTSXMJ9cMGQnJ,false
1710,e6-lifecycle-20260705T173237.406901391Z-c4-real-task-0007,ipfs_verify,true,8,1783272759797,0,QmZ2mJtGsrx1z5XKWoUvbBSuSSfsFtGubMTSXMJ9cMGQnJ,false
1711,e6-lifecycle-20260705T173237.406901391Z-c4-real-task-0008,ipfs_add,true,60,1783272759745,4944,,false
1712,e6-lifecycle-20260705T173237.406901391Z-c4-real-task-0008,signed_posttask,true,2,1783272759805,0,Qmadej9boMA3zvMcjFpwW1dMDJCrBFKribSZiwN8Np95v4,false
1713,e6-lifecycle-20260705T173237.406901391Z-c4-real-task-0008,signed_postallocation,true,2,1783272759807,0,Qmadej9boMA3zvMcjFpwW1dMDJCrBFKribSZiwN8Np95v4,false
1714,e6-lifecycle-20260705T173237.406901391Z-c4-real-task-0008,signed_post_evalsnapshot,true,1,1783272759809,0,Qmadej9boMA3zvMcjFpwW1dMDJCrBFKribSZiwN8Np95v4,false
1715,e6-lifecycle-20260705T173237.406901391Z-c4-real-task-0008,signed_vote1,true,2,1783272759810,0,Qmadej9boMA3zvMcjFpwW1dMDJCrBFKribSZiwN8Np95v4,false
1716,e6-lifecycle-20260705T173237.406901391Z-c4-real-task-0008,signed_vote2,true,2,1783272759812,0,Qmadej9boMA3zvMcjFpwW1dMDJCrBFKribSZiwN8Np95v4,false
1717,e6-lifecycle-20260705T173237.406901391Z-c4-real-task-0008,signed_settlement,true,1,1783272759814,0,Qmadej9boMA3zvMcjFpwW1dMDJCrBFKribSZiwN8Np95v4,false
1718,e6-lifecycle-20260705T173237.406901391Z-c4-real-task-0008,signed_query_latest,true,0,1783272759815,0,Qmadej9boMA3zvMcjFpwW1dMDJCrBFKribSZiwN8Np95v4,false
1719,e6-lifecycle-20260705T173237.406901391Z-c4-real-task-0008,ipfs_verify,true,9,1783272759815,0,Qmadej9boMA3zvMcjFpwW1dMDJCrBFKribSZiwN8Np95v4,false
1720,e6-lifecycle-20260705T173237.406901391Z-c4-real-task-0009,ipfs_add,true,62,1783272759765,2473,,false
1721,e6-lifecycle-20260705T173237.406901391Z-c4-real-task-0009,signed_posttask,true,2,1783272759827,0,QmQL4VyiyFbbfeWbQLp7Qp6cU5MBzGngHTJYLaPrdaD1Q5,false
1722,e6-lifecycle-20260705T173237.406901391Z-c4-real-task-0009,signed_postallocation,true,2,1783272759829,0,QmQL4VyiyFbbfeWbQLp7Qp6cU5MBzGngHTJYLaPrdaD1Q5,false
1723,e6-lifecycle-20260705T173237.406901391Z-c4-real-task-0009,signed_post_evalsnapshot,true,2,1783272759831,0,QmQL4VyiyFbbfeWbQLp7Qp6cU5MBzGngHTJYLaPrdaD1Q5,false
1724,e6-lifecycle-20260705T173237.406901391Z-c4-real-task-0009,signed_vote1,true,1,1783272759833,0,QmQL4VyiyFbbfeWbQLp7Qp6cU5MBzGngHTJYLaPrdaD1Q5,false
1725,e6-lifecycle-20260705T173237.406901391Z-c4-real-task-0009,signed_vote2,true,2,1783272759834,0,QmQL4VyiyFbbfeWbQLp7Qp6cU5MBzGngHTJYLaPrdaD1Q5,false
1726,e6-lifecycle-20260705T173237.406901391Z-c4-real-task-0009,signed_settlement,true,1,1783272759836,0,QmQL4VyiyFbbfeWbQLp7Qp6cU5MBzGngHTJYLaPrdaD1Q5,false
1727,e6-lifecycle-20260705T173237.406901391Z-c4-real-task-0009,signed_query_latest,true,0,1783272759837,0,QmQL4VyiyFbbfeWbQLp7Qp6cU5MBzGngHTJYLaPrdaD1Q5,false
1728,e6-lifecycle-20260705T173237.406901391Z-c4-real-task-0009,ipfs_verify,true,8,1783272759837,0,QmQL4VyiyFbbfeWbQLp7Qp6cU5MBzGngHTJYLaPrdaD1Q5,false
1729,e6-lifecycle-20260705T173237.406901391Z-c4-real-task-0010,ipfs_add,true,63,1783272759784,1920,,false
1730,e6-lifecycle-20260705T173237.406901391Z-c4-real-task-0010,signed_posttask,true,1,1783272759847,0,QmW8orLvUAo2YwFjjwaFvXPFemWqGCNshgP2T5TSk9ed5J,false
1731,e6-lifecycle-20260705T173237.406901391Z-c4-real-task-0010,signed_postallocation,true,2,1783272759848,0,QmW8orLvUAo2YwFjjwaFvXPFemWqGCNshgP2T5TSk9ed5J,false
1732,e6-lifecycle-20260705T173237.406901391Z-c4-real-task-0010,signed_post_evalsnapshot,true,2,1783272759850,0,QmW8orLvUAo2YwFjjwaFvXPFemWqGCNshgP2T5TSk9ed5J,false
1733,e6-lifecycle-20260705T173237.406901391Z-c4-real-task-0010,signed_vote1,true,1,1783272759852,0,QmW8orLvUAo2YwFjjwaFvXPFemWqGCNshgP2T5TSk9ed5J,false
1734,e6-lifecycle-20260705T173237.406901391Z-c4-real-task-0010,signed_vote2,true,1,1783272759854,0,QmW8orLvUAo2YwFjjwaFvXPFemWqGCNshgP2T5TSk9ed5J,false
1735,e6-lifecycle-20260705T173237.406901391Z-c4-real-task-0010,signed_settlement,true,2,1783272759855,0,QmW8orLvUAo2YwFjjwaFvXPFemWqGCNshgP2T5TSk9ed5J,false
1736,e6-lifecycle-20260705T173237.406901391Z-c4-real-task-0010,signed_query_latest,true,0,1783272759857,0,QmW8orLvUAo2YwFjjwaFvXPFemWqGCNshgP2T5TSk9ed5J,false
1737,e6-lifecycle-20260705T173237.406901391Z-c4-real-task-0010,ipfs_verify,true,9,1783272759857,0,QmW8orLvUAo2YwFjjwaFvXPFemWqGCNshgP2T5TSk9ed5J,false
1738,e6-lifecycle-20260705T173237.406901391Z-c4-real-task-0011,ipfs_add,true,67,1783272759805,1792,,false
1739,e6-lifecycle-20260705T173237.406901391Z-c4-real-task-0011,signed_posttask,true,3,1783272759872,0,QmRYRwmnCKh97pHrWVSsWgKT9hwEK6SXPP8N3DGcdkp1Hf,false
1740,e6-lifecycle-20260705T173237.406901391Z-c4-real-task-0011,signed_postallocation,true,2,1783272759875,0,QmRYRwmnCKh97pHrWVSsWgKT9hwEK6SXPP8N3DGcdkp1Hf,false
1741,e6-lifecycle-20260705T173237.406901391Z-c4-real-task-0011,signed_post_evalsnapshot,true,2,1783272759877,0,QmRYRwmnCKh97pHrWVSsWgKT9hwEK6SXPP8N3DGcdkp1Hf,false
1742,e6-lifecycle-20260705T173237.406901391Z-c4-real-task-0011,signed_vote1,true,1,1783272759879,0,QmRYRwmnCKh97pHrWVSsWgKT9hwEK6SXPP8N3DGcdkp1Hf,false
1743,e6-lifecycle-20260705T173237.406901391Z-c4-real-task-0011,signed_vote2,true,2,1783272759880,0,QmRYRwmnCKh97pHrWVSsWgKT9hwEK6SXPP8N3DGcdkp1Hf,false
1744,e6-lifecycle-20260705T173237.406901391Z-c4-real-task-0011,signed_settlement,true,2,1783272759882,0,QmRYRwmnCKh97pHrWVSsWgKT9hwEK6SXPP8N3DGcdkp1Hf,false
1745,e6-lifecycle-20260705T173237.406901391Z-c4-real-task-0011,signed_query_latest,true,0,1783272759884,0,QmRYRwmnCKh97pHrWVSsWgKT9hwEK6SXPP8N3DGcdkp1Hf,false
1746,e6-lifecycle-20260705T173237.406901391Z-c4-real-task-0012,ipfs_add,true,68,1783272759824,2481,,false
1747,e6-lifecycle-20260705T173237.406901391Z-c4-real-task-0011,ipfs_verify,true,8,1783272759884,0,QmRYRwmnCKh97pHrWVSsWgKT9hwEK6SXPP8N3DGcdkp1Hf,false
1748,e6-lifecycle-20260705T173237.406901391Z-c4-real-task-0012,signed_posttask,true,2,1783272759892,0,QmbLZmrnw2YxkgQegnEMgsfhkBbcndvvPFprkSdibX7c49,false
1749,e6-lifecycle-20260705T173237.406901391Z-c4-real-task-0012,signed_postallocation,true,2,1783272759894,0,QmbLZmrnw2YxkgQegnEMgsfhkBbcndvvPFprkSdibX7c49,false
1750,e6-lifecycle-20260705T173237.406901391Z-c4-real-task-0012,signed_post_evalsnapshot,true,2,1783272759896,0,QmbLZmrnw2YxkgQegnEMgsfhkBbcndvvPFprkSdibX7c49,false
1751,e6-lifecycle-20260705T173237.406901391Z-c4-real-task-0012,signed_vote1,true,2,1783272759898,0,QmbLZmrnw2YxkgQegnEMgsfhkBbcndvvPFprkSdibX7c49,false
1752,e6-lifecycle-20260705T173237.406901391Z-c4-real-task-0012,signed_vote2,true,2,1783272759900,0,QmbLZmrnw2YxkgQegnEMgsfhkBbcndvvPFprkSdibX7c49,false
1753,e6-lifecycle-20260705T173237.406901391Z-c4-real-task-0012,signed_settlement,true,2,1783272759902,0,QmbLZmrnw2YxkgQegnEMgsfhkBbcndvvPFprkSdibX7c49,false
1754,e6-lifecycle-20260705T173237.406901391Z-c4-real-task-0012,signed_query_latest,true,0,1783272759904,0,QmbLZmrnw2YxkgQegnEMgsfhkBbcndvvPFprkSdibX7c49,false
1755,e6-lifecycle-20260705T173237.406901391Z-c4-real-task-0013,ipfs_add,true,67,1783272759845,1794,,false
1756,e6-lifecycle-20260705T173237.406901391Z-c4-real-task-0012,ipfs_verify,true,9,1783272759904,0,QmbLZmrnw2YxkgQegnEMgsfhkBbcndvvPFprkSdibX7c49,false
1757,e6-lifecycle-20260705T173237.406901391Z-c4-real-task-0013,signed_posttask,true,2,1783272759912,0,QmZ836RGQ6upMRwgQ3XnYgMNByct8U1cPTyzW3j4N7nzJk,false
1758,e6-lifecycle-20260705T173237.406901391Z-c4-real-task-0013,signed_postallocation,true,2,1783272759914,0,QmZ836RGQ6upMRwgQ3XnYgMNByct8U1cPTyzW3j4N7nzJk,false
1759,e6-lifecycle-20260705T173237.406901391Z-c4-real-task-0013,signed_post_evalsnapshot,true,1,1783272759916,0,QmZ836RGQ6upMRwgQ3XnYgMNByct8U1cPTyzW3j4N7nzJk,false
1760,e6-lifecycle-20260705T173237.406901391Z-c4-real-task-0013,signed_vote1,true,2,1783272759917,0,QmZ836RGQ6upMRwgQ3XnYgMNByct8U1cPTyzW3j4N7nzJk,false
1761,e6-lifecycle-20260705T173237.406901391Z-c4-real-task-0013,signed_vote2,true,1,1783272759919,0,QmZ836RGQ6upMRwgQ3XnYgMNByct8U1cPTyzW3j4N7nzJk,false
1762,e6-lifecycle-20260705T173237.406901391Z-c4-real-task-0013,signed_settlement,true,2,1783272759920,0,QmZ836RGQ6upMRwgQ3XnYgMNByct8U1cPTyzW3j4N7nzJk,false
1763,e6-lifecycle-20260705T173237.406901391Z-c4-real-task-0013,signed_query_latest,true,0,1783272759922,0,QmZ836RGQ6upMRwgQ3XnYgMNByct8U1cPTyzW3j4N7nzJk,false
1764,e6-lifecycle-20260705T173237.406901391Z-c4-real-task-0013,ipfs_verify,true,7,1783272759922,0,QmZ836RGQ6upMRwgQ3XnYgMNByct8U1cPTyzW3j4N7nzJk,false
1765,e6-lifecycle-20260705T173237.406901391Z-c4-real-task-0014,ipfs_add,true,69,1783272759866,2050,,false
1766,e6-lifecycle-20260705T173237.406901391Z-c4-real-task-0014,signed_posttask,true,2,1783272759935,0,QmdA4H658GbdXFpaibWrSNhL4kRmi3VbbpP3Y5MfYbX6k2,false
1767,e6-lifecycle-20260705T173237.406901391Z-c4-real-task-0014,signed_postallocation,true,2,1783272759937,0,QmdA4H658GbdXFpaibWrSNhL4kRmi3VbbpP3Y5MfYbX6k2,false
1768,e6-lifecycle-20260705T173237.406901391Z-c4-real-task-0014,signed_post_evalsnapshot,true,2,1783272759939,0,QmdA4H658GbdXFpaibWrSNhL4kRmi3VbbpP3Y5MfYbX6k2,false
1769,e6-lifecycle-20260705T173237.406901391Z-c4-real-task-0014,signed_vote1,true,2,1783272759941,0,QmdA4H658GbdXFpaibWrSNhL4kRmi3VbbpP3Y5MfYbX6k2,false
1770,e6-lifecycle-20260705T173237.406901391Z-c4-real-task-0014,signed_vote2,true,1,1783272759943,0,QmdA4H658GbdXFpaibWrSNhL4kRmi3VbbpP3Y5MfYbX6k2,false
1771,e6-lifecycle-20260705T173237.406901391Z-c4-real-task-0014,signed_settlement,true,2,1783272759944,0,QmdA4H658GbdXFpaibWrSNhL4kRmi3VbbpP3Y5MfYbX6k2,false
1772,e6-lifecycle-20260705T173237.406901391Z-c4-real-task-0014,signed_query_latest,true,0,1783272759946,0,QmdA4H658GbdXFpaibWrSNhL4kRmi3VbbpP3Y5MfYbX6k2,false
1773,e6-lifecycle-20260705T173237.406901391Z-c4-real-task-0014,ipfs_verify,true,7,1783272759946,0,QmdA4H658GbdXFpaibWrSNhL4kRmi3VbbpP3Y5MfYbX6k2,false
1774,e6-lifecycle-20260705T173237.406901391Z-c4-real-task-0015,ipfs_add,true,61,1783272759893,3558,,false
1775,e6-lifecycle-20260705T173237.406901391Z-c4-real-task-0015,signed_posttask,true,2,1783272759954,0,QmX9kmCUGB3VHpYs1Jhps4JrTzKker7mYqwzfhduHDQrrA,false
1776,e6-lifecycle-20260705T173237.406901391Z-c4-real-task-0015,signed_postallocation,true,1,1783272759956,0,QmX9kmCUGB3VHpYs1Jhps4JrTzKker7mYqwzfhduHDQrrA,false
1777,e6-lifecycle-20260705T173237.406901391Z-c4-real-task-0015,signed_post_evalsnapshot,true,2,1783272759957,0,QmX9kmCUGB3VHpYs1Jhps4JrTzKker7mYqwzfhduHDQrrA,false
1778,e6-lifecycle-20260705T173237.406901391Z-c4-real-task-0015,signed_vote1,true,2,1783272759959,0,QmX9kmCUGB3VHpYs1Jhps4JrTzKker7mYqwzfhduHDQrrA,false
1779,e6-lifecycle-20260705T173237.406901391Z-c4-real-task-0015,signed_vote2,true,2,1783272759961,0,QmX9kmCUGB3VHpYs1Jhps4JrTzKker7mYqwzfhduHDQrrA,false
1780,e6-lifecycle-20260705T173237.406901391Z-c4-real-task-0015,signed_settlement,true,1,1783272759963,0,QmX9kmCUGB3VHpYs1Jhps4JrTzKker7mYqwzfhduHDQrrA,false
1781,e6-lifecycle-20260705T173237.406901391Z-c4-real-task-0015,signed_query_latest,true,0,1783272759964,0,QmX9kmCUGB3VHpYs1Jhps4JrTzKker7mYqwzfhduHDQrrA,false
1782,e6-lifecycle-20260705T173237.406901391Z-c4-real-task-0015,ipfs_verify,true,8,1783272759964,0,QmX9kmCUGB3VHpYs1Jhps4JrTzKker7mYqwzfhduHDQrrA,false
1783,e6-lifecycle-20260705T173237.406901391Z-c4-real-task-0016,ipfs_add,true,61,1783272759913,1806,,false
1784,e6-lifecycle-20260705T173237.406901391Z-c4-real-task-0016,signed_posttask,true,3,1783272759974,0,QmRXEbbwSGrTFGj6rGcuUsRHhWgzm9E9di73MsPSjQyDqY,false
1785,e6-lifecycle-20260705T173237.406901391Z-c4-real-task-0016,signed_postallocation,true,2,1783272759977,0,QmRXEbbwSGrTFGj6rGcuUsRHhWgzm9E9di73MsPSjQyDqY,false
1786,e6-lifecycle-20260705T173237.406901391Z-c4-real-task-0016,signed_post_evalsnapshot,true,1,1783272759979,0,QmRXEbbwSGrTFGj6rGcuUsRHhWgzm9E9di73MsPSjQyDqY,false
1787,e6-lifecycle-20260705T173237.406901391Z-c4-real-task-0016,signed_vote1,true,2,1783272759980,0,QmRXEbbwSGrTFGj6rGcuUsRHhWgzm9E9di73MsPSjQyDqY,false
1788,e6-lifecycle-20260705T173237.406901391Z-c4-real-task-0016,signed_vote2,true,1,1783272759982,0,QmRXEbbwSGrTFGj6rGcuUsRHhWgzm9E9di73MsPSjQyDqY,false
1789,e6-lifecycle-20260705T173237.406901391Z-c4-real-task-0016,signed_settlement,true,2,1783272759983,0,QmRXEbbwSGrTFGj6rGcuUsRHhWgzm9E9di73MsPSjQyDqY,false
1790,e6-lifecycle-20260705T173237.406901391Z-c4-real-task-0016,signed_query_latest,true,0,1783272759985,0,QmRXEbbwSGrTFGj6rGcuUsRHhWgzm9E9di73MsPSjQyDqY,false
1791,e6-lifecycle-20260705T173237.406901391Z-c4-real-task-0016,ipfs_verify,true,7,1783272759985,0,QmRXEbbwSGrTFGj6rGcuUsRHhWgzm9E9di73MsPSjQyDqY,false
1792,e6-lifecycle-20260705T173237.406901391Z-c4-real-task-0017,ipfs_add,true,65,1783272759929,1714,,false
1793,e6-lifecycle-20260705T173237.406901391Z-c4-real-task-0017,signed_posttask,true,1,1783272759994,0,QmWKrJKRZfeQnkT8t5aowLXrHM3GpoZqpDn7cXYRceXJsh,false
1794,e6-lifecycle-20260705T173237.406901391Z-c4-real-task-0017,signed_postallocation,true,3,1783272759995,0,QmWKrJKRZfeQnkT8t5aowLXrHM3GpoZqpDn7cXYRceXJsh,false
1795,e6-lifecycle-20260705T173237.406901391Z-c4-real-task-0017,signed_post_evalsnapshot,true,3,1783272759998,0,QmWKrJKRZfeQnkT8t5aowLXrHM3GpoZqpDn7cXYRceXJsh,false
1796,e6-lifecycle-20260705T173237.406901391Z-c4-real-task-0017,signed_vote1,true,2,1783272760001,0,QmWKrJKRZfeQnkT8t5aowLXrHM3GpoZqpDn7cXYRceXJsh,false
1797,e6-lifecycle-20260705T173237.406901391Z-c4-real-task-0017,signed_vote2,true,1,1783272760003,0,QmWKrJKRZfeQnkT8t5aowLXrHM3GpoZqpDn7cXYRceXJsh,false
1798,e6-lifecycle-20260705T173237.406901391Z-c4-real-task-0017,signed_settlement,true,2,1783272760004,0,QmWKrJKRZfeQnkT8t5aowLXrHM3GpoZqpDn7cXYRceXJsh,false
1799,e6-lifecycle-20260705T173237.406901391Z-c4-real-task-0017,signed_query_latest,true,0,1783272760006,0,QmWKrJKRZfeQnkT8t5aowLXrHM3GpoZqpDn7cXYRceXJsh,false
1800,e6-lifecycle-20260705T173237.406901391Z-c4-real-task-0017,ipfs_verify,true,7,1783272760006,0,QmWKrJKRZfeQnkT8t5aowLXrHM3GpoZqpDn7cXYRceXJsh,false
1801,e6-lifecycle-20260705T173237.406901391Z-c4-real-task-0018,ipfs_add,true,63,1783272759953,1628,,false
1802,e6-lifecycle-20260705T173237.406901391Z-c4-real-task-0018,signed_posttask,true,2,1783272760016,0,QmXxhuw4zLhaZUxTgm3nVAPdVDi7RC4E8cy48iMSw5X5cc,false
1803,e6-lifecycle-20260705T173237.406901391Z-c4-real-task-0018,signed_postallocation,true,2,1783272760018,0,QmXxhuw4zLhaZUxTgm3nVAPdVDi7RC4E8cy48iMSw5X5cc,false
1804,e6-lifecycle-20260705T173237.406901391Z-c4-real-task-0018,signed_post_evalsnapshot,true,2,1783272760020,0,QmXxhuw4zLhaZUxTgm3nVAPdVDi7RC4E8cy48iMSw5X5cc,false
1805,e6-lifecycle-20260705T173237.406901391Z-c4-real-task-0018,signed_vote1,true,2,1783272760022,0,QmXxhuw4zLhaZUxTgm3nVAPdVDi7RC4E8cy48iMSw5X5cc,false
1806,e6-lifecycle-20260705T173237.406901391Z-c4-real-task-0018,signed_vote2,true,1,1783272760024,0,QmXxhuw4zLhaZUxTgm3nVAPdVDi7RC4E8cy48iMSw5X5cc,false
1807,e6-lifecycle-20260705T173237.406901391Z-c4-real-task-0018,signed_settlement,true,2,1783272760025,0,QmXxhuw4zLhaZUxTgm3nVAPdVDi7RC4E8cy48iMSw5X5cc,false
1808,e6-lifecycle-20260705T173237.406901391Z-c4-real-task-0018,signed_query_latest,true,0,1783272760027,0,QmXxhuw4zLhaZUxTgm3nVAPdVDi7RC4E8cy48iMSw5X5cc,false
1809,e6-lifecycle-20260705T173237.406901391Z-c4-real-task-0019,ipfs_add,true,65,1783272759972,1779,,false
1810,e6-lifecycle-20260705T173237.406901391Z-c4-real-task-0018,ipfs_verify,true,10,1783272760027,0,QmXxhuw4zLhaZUxTgm3nVAPdVDi7RC4E8cy48iMSw5X5cc,false
1811,e6-lifecycle-20260705T173237.406901391Z-c4-real-task-0019,signed_posttask,true,3,1783272760037,0,QmSciV8g79eMrjXm8f2BtxoJrkCttCpUNrWTNbQtrPN26s,false
1812,e6-lifecycle-20260705T173237.406901391Z-c4-real-task-0019,signed_postallocation,true,2,1783272760040,0,QmSciV8g79eMrjXm8f2BtxoJrkCttCpUNrWTNbQtrPN26s,false
1813,e6-lifecycle-20260705T173237.406901391Z-c4-real-task-0019,signed_post_evalsnapshot,true,2,1783272760042,0,QmSciV8g79eMrjXm8f2BtxoJrkCttCpUNrWTNbQtrPN26s,false
1814,e6-lifecycle-20260705T173237.406901391Z-c4-real-task-0019,signed_vote1,true,2,1783272760044,0,QmSciV8g79eMrjXm8f2BtxoJrkCttCpUNrWTNbQtrPN26s,false
1815,e6-lifecycle-20260705T173237.406901391Z-c4-real-task-0019,signed_vote2,true,2,1783272760046,0,QmSciV8g79eMrjXm8f2BtxoJrkCttCpUNrWTNbQtrPN26s,false
1816,e6-lifecycle-20260705T173237.406901391Z-c4-real-task-0019,signed_settlement,true,1,1783272760048,0,QmSciV8g79eMrjXm8f2BtxoJrkCttCpUNrWTNbQtrPN26s,false
1817,e6-lifecycle-20260705T173237.406901391Z-c4-real-task-0019,signed_query_latest,true,0,1783272760049,0,QmSciV8g79eMrjXm8f2BtxoJrkCttCpUNrWTNbQtrPN26s,false
1818,e6-lifecycle-20260705T173237.406901391Z-c4-real-task-0019,ipfs_verify,true,8,1783272760049,0,QmSciV8g79eMrjXm8f2BtxoJrkCttCpUNrWTNbQtrPN26s,false
1819,e6-lifecycle-20260705T173237.406901391Z-c4-real-task-0020,ipfs_add,true,65,1783272759992,1555,,false
1820,e6-lifecycle-20260705T173237.406901391Z-c4-real-task-0020,signed_posttask,true,2,1783272760057,0,QmVVEEsRWTrpHyCUMfWzaezUv7i29R95rTPN8N3iBYMKsY,false
1821,e6-lifecycle-20260705T173237.406901391Z-c4-real-task-0020,signed_postallocation,true,2,1783272760059,0,QmVVEEsRWTrpHyCUMfWzaezUv7i29R95rTPN8N3iBYMKsY,false
1822,e6-lifecycle-20260705T173237.406901391Z-c4-real-task-0020,signed_post_evalsnapshot,true,1,1783272760061,0,QmVVEEsRWTrpHyCUMfWzaezUv7i29R95rTPN8N3iBYMKsY,false
1823,e6-lifecycle-20260705T173237.406901391Z-c4-real-task-0020,signed_vote1,true,2,1783272760062,0,QmVVEEsRWTrpHyCUMfWzaezUv7i29R95rTPN8N3iBYMKsY,false
1824,e6-lifecycle-20260705T173237.406901391Z-c4-real-task-0020,signed_vote2,true,1,1783272760064,0,QmVVEEsRWTrpHyCUMfWzaezUv7i29R95rTPN8N3iBYMKsY,false
1825,e6-lifecycle-20260705T173237.406901391Z-c4-real-task-0020,signed_settlement,true,2,1783272760065,0,QmVVEEsRWTrpHyCUMfWzaezUv7i29R95rTPN8N3iBYMKsY,false
1826,e6-lifecycle-20260705T173237.406901391Z-c4-real-task-0020,signed_query_latest,true,0,1783272760067,0,QmVVEEsRWTrpHyCUMfWzaezUv7i29R95rTPN8N3iBYMKsY,false
1827,e6-lifecycle-20260705T173237.406901391Z-c4-real-task-0020,ipfs_verify,true,6,1783272760067,0,QmVVEEsRWTrpHyCUMfWzaezUv7i29R95rTPN8N3iBYMKsY,false
1828,e6-lifecycle-20260705T173237.406901391Z-c4-real-task-0021,ipfs_add,true,63,1783272760013,2376,,false
1829,e6-lifecycle-20260705T173237.406901391Z-c4-real-task-0021,signed_posttask,true,2,1783272760076,0,QmcMDgZ1hZ3GkUEYEYALditW6azhFYA2tjToNN57pgr9Md,false
1830,e6-lifecycle-20260705T173237.406901391Z-c4-real-task-0021,signed_postallocation,true,2,1783272760078,0,QmcMDgZ1hZ3GkUEYEYALditW6azhFYA2tjToNN57pgr9Md,false
1831,e6-lifecycle-20260705T173237.406901391Z-c4-real-task-0021,signed_post_evalsnapshot,true,2,1783272760080,0,QmcMDgZ1hZ3GkUEYEYALditW6azhFYA2tjToNN57pgr9Md,false
1832,e6-lifecycle-20260705T173237.406901391Z-c4-real-task-0021,signed_vote1,true,1,1783272760082,0,QmcMDgZ1hZ3GkUEYEYALditW6azhFYA2tjToNN57pgr9Md,false
1833,e6-lifecycle-20260705T173237.406901391Z-c4-real-task-0021,signed_vote2,true,2,1783272760083,0,QmcMDgZ1hZ3GkUEYEYALditW6azhFYA2tjToNN57pgr9Md,false
1834,e6-lifecycle-20260705T173237.406901391Z-c4-real-task-0021,signed_settlement,true,1,1783272760085,0,QmcMDgZ1hZ3GkUEYEYALditW6azhFYA2tjToNN57pgr9Md,false
1835,e6-lifecycle-20260705T173237.406901391Z-c4-real-task-0021,signed_query_latest,true,0,1783272760086,0,QmcMDgZ1hZ3GkUEYEYALditW6azhFYA2tjToNN57pgr9Md,false
1836,e6-lifecycle-20260705T173237.406901391Z-c4-real-task-0021,ipfs_verify,true,8,1783272760086,0,QmcMDgZ1hZ3GkUEYEYALditW6azhFYA2tjToNN57pgr9Md,false
1837,e6-lifecycle-20260705T173237.406901391Z-c4-real-task-0022,ipfs_add,true,57,1783272760037,2068,,false
1838,e6-lifecycle-20260705T173237.406901391Z-c4-real-task-0022,signed_posttask,true,2,1783272760094,0,QmNqxnqMtb8sfjsbs8nXG3svpSGcf4Pq1qS9nykNsjeEqq,false
1839,e6-lifecycle-20260705T173237.406901391Z-c4-real-task-0022,signed_postallocation,true,1,1783272760096,0,QmNqxnqMtb8sfjsbs8nXG3svpSGcf4Pq1qS9nykNsjeEqq,false
1840,e6-lifecycle-20260705T173237.406901391Z-c4-real-task-0022,signed_post_evalsnapshot,true,2,1783272760097,0,QmNqxnqMtb8sfjsbs8nXG3svpSGcf4Pq1qS9nykNsjeEqq,false
1841,e6-lifecycle-20260705T173237.406901391Z-c4-real-task-0022,signed_vote1,true,2,1783272760099,0,QmNqxnqMtb8sfjsbs8nXG3svpSGcf4Pq1qS9nykNsjeEqq,false
1842,e6-lifecycle-20260705T173237.406901391Z-c4-real-task-0022,signed_vote2,true,1,1783272760101,0,QmNqxnqMtb8sfjsbs8nXG3svpSGcf4Pq1qS9nykNsjeEqq,false
1843,e6-lifecycle-20260705T173237.406901391Z-c4-real-task-0022,signed_settlement,true,2,1783272760102,0,QmNqxnqMtb8sfjsbs8nXG3svpSGcf4Pq1qS9nykNsjeEqq,false
1844,e6-lifecycle-20260705T173237.406901391Z-c4-real-task-0022,signed_query_latest,true,0,1783272760104,0,QmNqxnqMtb8sfjsbs8nXG3svpSGcf4Pq1qS9nykNsjeEqq,false
1845,e6-lifecycle-20260705T173237.406901391Z-c4-real-task-0022,ipfs_verify,true,7,1783272760104,0,QmNqxnqMtb8sfjsbs8nXG3svpSGcf4Pq1qS9nykNsjeEqq,false
1846,e6-lifecycle-20260705T173237.406901391Z-c4-real-task-0023,ipfs_add,true,59,1783272760057,1700,,false
1847,e6-lifecycle-20260705T173237.406901391Z-c4-real-task-0023,signed_posttask,true,3,1783272760116,0,QmSNTzME5ExH9MXjsfAXcGbriDzvpgibF4VxHLZTbZtpFe,false
1848,e6-lifecycle-20260705T173237.406901391Z-c4-real-task-0023,signed_postallocation,true,2,1783272760119,0,QmSNTzME5ExH9MXjsfAXcGbriDzvpgibF4VxHLZTbZtpFe,false
1849,e6-lifecycle-20260705T173237.406901391Z-c4-real-task-0023,signed_post_evalsnapshot,true,2,1783272760121,0,QmSNTzME5ExH9MXjsfAXcGbriDzvpgibF4VxHLZTbZtpFe,false
1850,e6-lifecycle-20260705T173237.406901391Z-c4-real-task-0023,signed_vote1,true,1,1783272760123,0,QmSNTzME5ExH9MXjsfAXcGbriDzvpgibF4VxHLZTbZtpFe,false
1851,e6-lifecycle-20260705T173237.406901391Z-c4-real-task-0023,signed_vote2,true,2,1783272760124,0,QmSNTzME5ExH9MXjsfAXcGbriDzvpgibF4VxHLZTbZtpFe,false
1852,e6-lifecycle-20260705T173237.406901391Z-c4-real-task-0023,signed_settlement,true,6,1783272760126,0,QmSNTzME5ExH9MXjsfAXcGbriDzvpgibF4VxHLZTbZtpFe,false
1853,e6-lifecycle-20260705T173237.406901391Z-c4-real-task-0023,signed_query_latest,true,0,1783272760132,0,QmSNTzME5ExH9MXjsfAXcGbriDzvpgibF4VxHLZTbZtpFe,false
1854,e6-lifecycle-20260705T173237.406901391Z-c4-real-task-0024,ipfs_add,true,71,1783272760073,1380,,false
1855,e6-lifecycle-20260705T173237.406901391Z-c4-real-task-0023,ipfs_verify,true,13,1783272760132,0,QmSNTzME5ExH9MXjsfAXcGbriDzvpgibF4VxHLZTbZtpFe,false
1856,e6-lifecycle-20260705T173237.406901391Z-c4-real-task-0024,signed_posttask,true,2,1783272760144,0,QmVMeHnQxmGXaDj74SJcQxSejhibib6Ve54PwgWQGkenB7,false
1857,e6-lifecycle-20260705T173237.406901391Z-c4-real-task-0024,signed_postallocation,true,2,1783272760146,0,QmVMeHnQxmGXaDj74SJcQxSejhibib6Ve54PwgWQGkenB7,false
1858,e6-lifecycle-20260705T173237.406901391Z-c4-real-task-0024,signed_post_evalsnapshot,true,2,1783272760148,0,QmVMeHnQxmGXaDj74SJcQxSejhibib6Ve54PwgWQGkenB7,false
1859,e6-lifecycle-20260705T173237.406901391Z-c4-real-task-0024,signed_vote1,true,1,1783272760150,0,QmVMeHnQxmGXaDj74SJcQxSejhibib6Ve54PwgWQGkenB7,false
1860,e6-lifecycle-20260705T173237.406901391Z-c4-real-task-0024,signed_vote2,true,2,1783272760151,0,QmVMeHnQxmGXaDj74SJcQxSejhibib6Ve54PwgWQGkenB7,false
1861,e6-lifecycle-20260705T173237.406901391Z-c4-real-task-0024,signed_settlement,true,2,1783272760153,0,QmVMeHnQxmGXaDj74SJcQxSejhibib6Ve54PwgWQGkenB7,false
1862,e6-lifecycle-20260705T173237.406901391Z-c4-real-task-0024,signed_query_latest,true,0,1783272760155,0,QmVMeHnQxmGXaDj74SJcQxSejhibib6Ve54PwgWQGkenB7,false
1863,e6-lifecycle-20260705T173237.406901391Z-c4-real-task-0025,ipfs_add,true,68,1783272760094,1470,,false
1864,e6-lifecycle-20260705T173237.406901391Z-c4-real-task-0024,ipfs_verify,true,8,1783272760155,0,QmVMeHnQxmGXaDj74SJcQxSejhibib6Ve54PwgWQGkenB7,false
1865,e6-lifecycle-20260705T173237.406901391Z-c4-real-task-0025,signed_posttask,true,2,1783272760162,0,QmfV4xn5gz8tktJ19swpdMmXMvtkpfJY5tXJWbBSUFSHFi,false
1866,e6-lifecycle-20260705T173237.406901391Z-c4-real-task-0025,signed_postallocation,true,1,1783272760164,0,QmfV4xn5gz8tktJ19swpdMmXMvtkpfJY5tXJWbBSUFSHFi,false
1867,e6-lifecycle-20260705T173237.406901391Z-c4-real-task-0025,signed_post_evalsnapshot,true,2,1783272760165,0,QmfV4xn5gz8tktJ19swpdMmXMvtkpfJY5tXJWbBSUFSHFi,false
1868,e6-lifecycle-20260705T173237.406901391Z-c4-real-task-0025,signed_vote1,true,2,1783272760167,0,QmfV4xn5gz8tktJ19swpdMmXMvtkpfJY5tXJWbBSUFSHFi,false
1869,e6-lifecycle-20260705T173237.406901391Z-c4-real-task-0025,signed_vote2,true,1,1783272760169,0,QmfV4xn5gz8tktJ19swpdMmXMvtkpfJY5tXJWbBSUFSHFi,false
1870,e6-lifecycle-20260705T173237.406901391Z-c4-real-task-0025,signed_settlement,true,2,1783272760170,0,QmfV4xn5gz8tktJ19swpdMmXMvtkpfJY5tXJWbBSUFSHFi,false
1871,e6-lifecycle-20260705T173237.406901391Z-c4-real-task-0025,signed_query_latest,true,0,1783272760172,0,QmfV4xn5gz8tktJ19swpdMmXMvtkpfJY5tXJWbBSUFSHFi,false
1872,e6-lifecycle-20260705T173237.406901391Z-c4-real-task-0025,ipfs_verify,true,7,1783272760172,0,QmfV4xn5gz8tktJ19swpdMmXMvtkpfJY5tXJWbBSUFSHFi,false
1873,e6-lifecycle-20260705T173237.406901391Z-c4-real-task-0026,ipfs_add,true,71,1783272760111,2285,,false
1874,e6-lifecycle-20260705T173237.406901391Z-c4-real-task-0026,signed_posttask,true,2,1783272760182,0,QmPA4QSCZorDwximTUj45HQYaqqLrUR1uWw8YCaw56AYrQ,false
1875,e6-lifecycle-20260705T173237.406901391Z-c4-real-task-0026,signed_postallocation,true,2,1783272760184,0,QmPA4QSCZorDwximTUj45HQYaqqLrUR1uWw8YCaw56AYrQ,false
1876,e6-lifecycle-20260705T173237.406901391Z-c4-real-task-0026,signed_post_evalsnapshot,true,2,1783272760186,0,QmPA4QSCZorDwximTUj45HQYaqqLrUR1uWw8YCaw56AYrQ,false
1877,e6-lifecycle-20260705T173237.406901391Z-c4-real-task-0026,signed_vote1,true,1,1783272760188,0,QmPA4QSCZorDwximTUj45HQYaqqLrUR1uWw8YCaw56AYrQ,false
1878,e6-lifecycle-20260705T173237.406901391Z-c4-real-task-0026,signed_vote2,true,2,1783272760189,0,QmPA4QSCZorDwximTUj45HQYaqqLrUR1uWw8YCaw56AYrQ,false
1879,e6-lifecycle-20260705T173237.406901391Z-c4-real-task-0026,signed_settlement,true,1,1783272760191,0,QmPA4QSCZorDwximTUj45HQYaqqLrUR1uWw8YCaw56AYrQ,false
1880,e6-lifecycle-20260705T173237.406901391Z-c4-real-task-0026,signed_query_latest,true,0,1783272760192,0,QmPA4QSCZorDwximTUj45HQYaqqLrUR1uWw8YCaw56AYrQ,false
1881,e6-lifecycle-20260705T173237.406901391Z-c4-real-task-0026,ipfs_verify,true,7,1783272760192,0,QmPA4QSCZorDwximTUj45HQYaqqLrUR1uWw8YCaw56AYrQ,false
1882,e6-lifecycle-20260705T173237.406901391Z-c4-real-task-0027,ipfs_add,true,57,1783272760145,1942,,false
1883,e6-lifecycle-20260705T173237.406901391Z-c4-real-task-0027,signed_posttask,true,2,1783272760202,0,QmNy38ZnCY29gNwh56gk2CQJXsETwyHTceFnkSP4vC85KR,false
1884,e6-lifecycle-20260705T173237.406901391Z-c4-real-task-0027,signed_postallocation,true,2,1783272760204,0,QmNy38ZnCY29gNwh56gk2CQJXsETwyHTceFnkSP4vC85KR,false
1885,e6-lifecycle-20260705T173237.406901391Z-c4-real-task-0027,signed_post_evalsnapshot,true,2,1783272760206,0,QmNy38ZnCY29gNwh56gk2CQJXsETwyHTceFnkSP4vC85KR,false
1886,e6-lifecycle-20260705T173237.406901391Z-c4-real-task-0027,signed_vote1,true,1,1783272760208,0,QmNy38ZnCY29gNwh56gk2CQJXsETwyHTceFnkSP4vC85KR,false
1887,e6-lifecycle-20260705T173237.406901391Z-c4-real-task-0027,signed_vote2,true,2,1783272760209,0,QmNy38ZnCY29gNwh56gk2CQJXsETwyHTceFnkSP4vC85KR,false
1888,e6-lifecycle-20260705T173237.406901391Z-c4-real-task-0027,signed_settlement,true,2,1783272760211,0,QmNy38ZnCY29gNwh56gk2CQJXsETwyHTceFnkSP4vC85KR,false
1889,e6-lifecycle-20260705T173237.406901391Z-c4-real-task-0027,signed_query_latest,true,0,1783272760213,0,QmNy38ZnCY29gNwh56gk2CQJXsETwyHTceFnkSP4vC85KR,false
1890,e6-lifecycle-20260705T173237.406901391Z-c4-real-task-0028,ipfs_add,true,59,1783272760163,2235,,false
1891,e6-lifecycle-20260705T173237.406901391Z-c4-real-task-0027,ipfs_verify,true,9,1783272760213,0,QmNy38ZnCY29gNwh56gk2CQJXsETwyHTceFnkSP4vC85KR,false
1892,e6-lifecycle-20260705T173237.406901391Z-c4-real-task-0028,signed_posttask,true,1,1783272760222,0,QmPDqC4FvPihq4H2RHnNdvzHBK2kp3vUV7gp3cD2AmeuSG,false
1893,e6-lifecycle-20260705T173237.406901391Z-c4-real-task-0028,signed_postallocation,true,2,1783272760223,0,QmPDqC4FvPihq4H2RHnNdvzHBK2kp3vUV7gp3cD2AmeuSG,false
1894,e6-lifecycle-20260705T173237.406901391Z-c4-real-task-0028,signed_post_evalsnapshot,true,2,1783272760225,0,QmPDqC4FvPihq4H2RHnNdvzHBK2kp3vUV7gp3cD2AmeuSG,false
1895,e6-lifecycle-20260705T173237.406901391Z-c4-real-task-0028,signed_vote1,true,1,1783272760227,0,QmPDqC4FvPihq4H2RHnNdvzHBK2kp3vUV7gp3cD2AmeuSG,false
1896,e6-lifecycle-20260705T173237.406901391Z-c4-real-task-0028,signed_vote2,true,2,1783272760228,0,QmPDqC4FvPihq4H2RHnNdvzHBK2kp3vUV7gp3cD2AmeuSG,false
1897,e6-lifecycle-20260705T173237.406901391Z-c4-real-task-0028,signed_settlement,true,1,1783272760230,0,QmPDqC4FvPihq4H2RHnNdvzHBK2kp3vUV7gp3cD2AmeuSG,false
1898,e6-lifecycle-20260705T173237.406901391Z-c4-real-task-0028,signed_query_latest,true,0,1783272760231,0,QmPDqC4FvPihq4H2RHnNdvzHBK2kp3vUV7gp3cD2AmeuSG,false
1899,e6-lifecycle-20260705T173237.406901391Z-c4-real-task-0028,ipfs_verify,true,8,1783272760231,0,QmPDqC4FvPihq4H2RHnNdvzHBK2kp3vUV7gp3cD2AmeuSG,false
1900,e6-lifecycle-20260705T173237.406901391Z-c4-real-task-0085,ipfs_add,true,65,1783272760179,5393,,false
1901,e6-lifecycle-20260705T173237.406901391Z-c4-real-task-0085,signed_posttask,true,2,1783272760244,0,QmeUxU9Y8M556RrfUeDKwffgmyBADm96MQkeiAE978JMp4,false
1902,e6-lifecycle-20260705T173237.406901391Z-c4-real-task-0085,signed_postallocation,true,2,1783272760246,0,QmeUxU9Y8M556RrfUeDKwffgmyBADm96MQkeiAE978JMp4,false
1903,e6-lifecycle-20260705T173237.406901391Z-c4-real-task-0085,signed_post_evalsnapshot,true,2,1783272760248,0,QmeUxU9Y8M556RrfUeDKwffgmyBADm96MQkeiAE978JMp4,false
1904,e6-lifecycle-20260705T173237.406901391Z-c4-real-task-0085,signed_vote1,true,2,1783272760250,0,QmeUxU9Y8M556RrfUeDKwffgmyBADm96MQkeiAE978JMp4,false
1905,e6-lifecycle-20260705T173237.406901391Z-c4-real-task-0085,signed_vote2,true,1,1783272760252,0,QmeUxU9Y8M556RrfUeDKwffgmyBADm96MQkeiAE978JMp4,false
1906,e6-lifecycle-20260705T173237.406901391Z-c4-real-task-0085,signed_settlement,true,2,1783272760253,0,QmeUxU9Y8M556RrfUeDKwffgmyBADm96MQkeiAE978JMp4,false
1907,e6-lifecycle-20260705T173237.406901391Z-c4-real-task-0085,signed_query_latest,true,0,1783272760255,0,QmeUxU9Y8M556RrfUeDKwffgmyBADm96MQkeiAE978JMp4,false
1908,e6-lifecycle-20260705T173237.406901391Z-c4-real-task-0085,ipfs_verify,true,8,1783272760255,0,QmeUxU9Y8M556RrfUeDKwffgmyBADm96MQkeiAE978JMp4,false
1909,e6-lifecycle-20260705T173237.406901391Z-c4-real-task-0077,ipfs_add,true,64,1783272760199,1774,,false
1910,e6-lifecycle-20260705T173237.406901391Z-c4-real-task-0077,signed_posttask,true,2,1783272760263,0,QmYN6ceiUFJghNBVdUfs4AgqbBx4pasRLDxDdrHuAvaYYe,false
1911,e6-lifecycle-20260705T173237.406901391Z-c4-real-task-0077,signed_postallocation,true,3,1783272760265,0,QmYN6ceiUFJghNBVdUfs4AgqbBx4pasRLDxDdrHuAvaYYe,false
1912,e6-lifecycle-20260705T173237.406901391Z-c4-real-task-0077,signed_post_evalsnapshot,true,3,1783272760268,0,QmYN6ceiUFJghNBVdUfs4AgqbBx4pasRLDxDdrHuAvaYYe,false
1913,e6-lifecycle-20260705T173237.406901391Z-c4-real-task-0077,signed_vote1,true,8,1783272760271,0,QmYN6ceiUFJghNBVdUfs4AgqbBx4pasRLDxDdrHuAvaYYe,false
1914,e6-lifecycle-20260705T173237.406901391Z-c4-real-task-0077,signed_vote2,true,3,1783272760279,0,QmYN6ceiUFJghNBVdUfs4AgqbBx4pasRLDxDdrHuAvaYYe,false
1915,e6-lifecycle-20260705T173237.406901391Z-c4-real-task-0077,signed_settlement,true,1,1783272760282,0,QmYN6ceiUFJghNBVdUfs4AgqbBx4pasRLDxDdrHuAvaYYe,false
1916,e6-lifecycle-20260705T173237.406901391Z-c4-real-task-0077,signed_query_latest,true,0,1783272760283,0,QmYN6ceiUFJghNBVdUfs4AgqbBx4pasRLDxDdrHuAvaYYe,false
1917,e6-lifecycle-20260705T173237.406901391Z-c4-real-task-0078,ipfs_add,true,67,1783272760222,4011,,false
1918,e6-lifecycle-20260705T173237.406901391Z-c4-real-task-0077,ipfs_verify,true,8,1783272760283,0,QmYN6ceiUFJghNBVdUfs4AgqbBx4pasRLDxDdrHuAvaYYe,false
1919,e6-lifecycle-20260705T173237.406901391Z-c4-real-task-0078,signed_posttask,true,2,1783272760289,0,QmQMb15VfwTvEopgdonkaUmtV5EoYEVHk6p3eKpDmm7VQJ,false
1920,e6-lifecycle-20260705T173237.406901391Z-c4-real-task-0078,signed_postallocation,true,2,1783272760291,0,QmQMb15VfwTvEopgdonkaUmtV5EoYEVHk6p3eKpDmm7VQJ,false
1921,e6-lifecycle-20260705T173237.406901391Z-c4-real-task-0078,signed_post_evalsnapshot,true,2,1783272760293,0,QmQMb15VfwTvEopgdonkaUmtV5EoYEVHk6p3eKpDmm7VQJ,false
1922,e6-lifecycle-20260705T173237.406901391Z-c4-real-task-0078,signed_vote1,true,2,1783272760295,0,QmQMb15VfwTvEopgdonkaUmtV5EoYEVHk6p3eKpDmm7VQJ,false
1923,e6-lifecycle-20260705T173237.406901391Z-c4-real-task-0078,signed_vote2,true,2,1783272760297,0,QmQMb15VfwTvEopgdonkaUmtV5EoYEVHk6p3eKpDmm7VQJ,false
1924,e6-lifecycle-20260705T173237.406901391Z-c4-real-task-0078,signed_settlement,true,2,1783272760299,0,QmQMb15VfwTvEopgdonkaUmtV5EoYEVHk6p3eKpDmm7VQJ,false
1925,e6-lifecycle-20260705T173237.406901391Z-c4-real-task-0078,signed_query_latest,true,0,1783272760301,0,QmQMb15VfwTvEopgdonkaUmtV5EoYEVHk6p3eKpDmm7VQJ,false
1926,e6-lifecycle-20260705T173237.406901391Z-c4-real-task-0078,ipfs_verify,true,7,1783272760301,0,QmQMb15VfwTvEopgdonkaUmtV5EoYEVHk6p3eKpDmm7VQJ,false
1927,e6-lifecycle-20260705T173237.406901391Z-c4-real-task-0079,ipfs_add,true,70,1783272760239,2910,,false
1928,e6-lifecycle-20260705T173237.406901391Z-c4-real-task-0079,signed_posttask,true,2,1783272760309,0,QmUANPhfiGoG4ujKLWNNL1cTTFTCULjPxcP9sn7jNfzJhL,false
1929,e6-lifecycle-20260705T173237.406901391Z-c4-real-task-0079,signed_postallocation,true,1,1783272760311,0,QmUANPhfiGoG4ujKLWNNL1cTTFTCULjPxcP9sn7jNfzJhL,false
1930,e6-lifecycle-20260705T173237.406901391Z-c4-real-task-0079,signed_post_evalsnapshot,true,2,1783272760312,0,QmUANPhfiGoG4ujKLWNNL1cTTFTCULjPxcP9sn7jNfzJhL,false
1931,e6-lifecycle-20260705T173237.406901391Z-c4-real-task-0079,signed_vote1,true,2,1783272760314,0,QmUANPhfiGoG4ujKLWNNL1cTTFTCULjPxcP9sn7jNfzJhL,false
1932,e6-lifecycle-20260705T173237.406901391Z-c4-real-task-0079,signed_vote2,true,2,1783272760316,0,QmUANPhfiGoG4ujKLWNNL1cTTFTCULjPxcP9sn7jNfzJhL,false
1933,e6-lifecycle-20260705T173237.406901391Z-c4-real-task-0079,signed_settlement,true,1,1783272760318,0,QmUANPhfiGoG4ujKLWNNL1cTTFTCULjPxcP9sn7jNfzJhL,false
1934,e6-lifecycle-20260705T173237.406901391Z-c4-real-task-0079,signed_query_latest,true,0,1783272760319,0,QmUANPhfiGoG4ujKLWNNL1cTTFTCULjPxcP9sn7jNfzJhL,false
1935,e6-lifecycle-20260705T173237.406901391Z-c4-real-task-0079,ipfs_verify,true,7,1783272760319,0,QmUANPhfiGoG4ujKLWNNL1cTTFTCULjPxcP9sn7jNfzJhL,false
1936,e6-lifecycle-20260705T173237.406901391Z-c4-real-task-0080,ipfs_add,true,66,1783272760263,2007,,false
1937,e6-lifecycle-20260705T173237.406901391Z-c4-real-task-0080,signed_posttask,true,3,1783272760329,0,QmSoqaKbY1pzamSrK5gatTauBKmwAqCw92JyzZxyPFt8FW,false
1938,e6-lifecycle-20260705T173237.406901391Z-c4-real-task-0080,signed_postallocation,true,2,1783272760332,0,QmSoqaKbY1pzamSrK5gatTauBKmwAqCw92JyzZxyPFt8FW,false
1939,e6-lifecycle-20260705T173237.406901391Z-c4-real-task-0080,signed_post_evalsnapshot,true,2,1783272760334,0,QmSoqaKbY1pzamSrK5gatTauBKmwAqCw92JyzZxyPFt8FW,false
1940,e6-lifecycle-20260705T173237.406901391Z-c4-real-task-0080,signed_vote1,true,1,1783272760336,0,QmSoqaKbY1pzamSrK5gatTauBKmwAqCw92JyzZxyPFt8FW,false
1941,e6-lifecycle-20260705T173237.406901391Z-c4-real-task-0080,signed_vote2,true,2,1783272760337,0,QmSoqaKbY1pzamSrK5gatTauBKmwAqCw92JyzZxyPFt8FW,false
1942,e6-lifecycle-20260705T173237.406901391Z-c4-real-task-0080,signed_settlement,true,2,1783272760339,0,QmSoqaKbY1pzamSrK5gatTauBKmwAqCw92JyzZxyPFt8FW,false
1943,e6-lifecycle-20260705T173237.406901391Z-c4-real-task-0080,signed_query_latest,true,0,1783272760341,0,QmSoqaKbY1pzamSrK5gatTauBKmwAqCw92JyzZxyPFt8FW,false
1944,e6-lifecycle-20260705T173237.406901391Z-c4-real-task-0080,ipfs_verify,true,7,1783272760341,0,QmSoqaKbY1pzamSrK5gatTauBKmwAqCw92JyzZxyPFt8FW,false
1945,e6-lifecycle-20260705T173237.406901391Z-c4-real-task-0081,ipfs_add,true,58,1783272760291,9224,,false
1946,e6-lifecycle-20260705T173237.406901391Z-c4-real-task-0081,signed_posttask,true,2,1783272760349,0,QmQhzdo79vLus2WbHD1UviAJSuaG18vFF57Yt3d5cS2s7M,false
1947,e6-lifecycle-20260705T173237.406901391Z-c4-real-task-0081,signed_postallocation,true,2,1783272760351,0,QmQhzdo79vLus2WbHD1UviAJSuaG18vFF57Yt3d5cS2s7M,false
1948,e6-lifecycle-20260705T173237.406901391Z-c4-real-task-0081,signed_post_evalsnapshot,true,2,1783272760353,0,QmQhzdo79vLus2WbHD1UviAJSuaG18vFF57Yt3d5cS2s7M,false
1949,e6-lifecycle-20260705T173237.406901391Z-c4-real-task-0081,signed_vote1,true,1,1783272760355,0,QmQhzdo79vLus2WbHD1UviAJSuaG18vFF57Yt3d5cS2s7M,false
1950,e6-lifecycle-20260705T173237.406901391Z-c4-real-task-0081,signed_vote2,true,2,1783272760356,0,QmQhzdo79vLus2WbHD1UviAJSuaG18vFF57Yt3d5cS2s7M,false
1951,e6-lifecycle-20260705T173237.406901391Z-c4-real-task-0081,signed_settlement,true,2,1783272760358,0,QmQhzdo79vLus2WbHD1UviAJSuaG18vFF57Yt3d5cS2s7M,false
1952,e6-lifecycle-20260705T173237.406901391Z-c4-real-task-0081,signed_query_latest,true,0,1783272760360,0,QmQhzdo79vLus2WbHD1UviAJSuaG18vFF57Yt3d5cS2s7M,false
1953,e6-lifecycle-20260705T173237.406901391Z-c4-real-task-0081,ipfs_verify,true,9,1783272760360,0,QmQhzdo79vLus2WbHD1UviAJSuaG18vFF57Yt3d5cS2s7M,false
1954,e6-lifecycle-20260705T173237.406901391Z-c4-real-task-0082,ipfs_add,true,61,1783272760308,9851,,false
1955,e6-lifecycle-20260705T173237.406901391Z-c4-real-task-0082,signed_posttask,true,5,1783272760369,0,QmV9rgZvcZKU4rPzj6kpzY1dYdbWXgNxb8v7XJGh6yCSZk,false
1956,e6-lifecycle-20260705T173237.406901391Z-c4-real-task-0082,signed_postallocation,true,2,1783272760374,0,QmV9rgZvcZKU4rPzj6kpzY1dYdbWXgNxb8v7XJGh6yCSZk,false
1957,e6-lifecycle-20260705T173237.406901391Z-c4-real-task-0082,signed_post_evalsnapshot,true,2,1783272760376,0,QmV9rgZvcZKU4rPzj6kpzY1dYdbWXgNxb8v7XJGh6yCSZk,false
1958,e6-lifecycle-20260705T173237.406901391Z-c4-real-task-0082,signed_vote1,true,2,1783272760378,0,QmV9rgZvcZKU4rPzj6kpzY1dYdbWXgNxb8v7XJGh6yCSZk,false
1959,e6-lifecycle-20260705T173237.406901391Z-c4-real-task-0082,signed_vote2,true,2,1783272760380,0,QmV9rgZvcZKU4rPzj6kpzY1dYdbWXgNxb8v7XJGh6yCSZk,false
1960,e6-lifecycle-20260705T173237.406901391Z-c4-real-task-0082,signed_settlement,true,1,1783272760382,0,QmV9rgZvcZKU4rPzj6kpzY1dYdbWXgNxb8v7XJGh6yCSZk,false
1961,e6-lifecycle-20260705T173237.406901391Z-c4-real-task-0082,signed_query_latest,true,0,1783272760383,0,QmV9rgZvcZKU4rPzj6kpzY1dYdbWXgNxb8v7XJGh6yCSZk,false
1962,e6-lifecycle-20260705T173237.406901391Z-c4-real-task-0082,ipfs_verify,true,7,1783272760383,0,QmV9rgZvcZKU4rPzj6kpzY1dYdbWXgNxb8v7XJGh6yCSZk,false
1963,e6-lifecycle-20260705T173237.406901391Z-c4-real-task-0083,ipfs_add,true,66,1783272760327,4402,,false
1964,e6-lifecycle-20260705T173237.406901391Z-c4-real-task-0083,signed_posttask,true,2,1783272760393,0,QmPd7FL1akHQY92fmAnCsPGgoQXB5msWnC72Pa4Ym8A7LB,false
1965,e6-lifecycle-20260705T173237.406901391Z-c4-real-task-0083,signed_postallocation,true,2,1783272760395,0,QmPd7FL1akHQY92fmAnCsPGgoQXB5msWnC72Pa4Ym8A7LB,false
1966,e6-lifecycle-20260705T173237.406901391Z-c4-real-task-0083,signed_post_evalsnapshot,true,1,1783272760397,0,QmPd7FL1akHQY92fmAnCsPGgoQXB5msWnC72Pa4Ym8A7LB,false
1967,e6-lifecycle-20260705T173237.406901391Z-c4-real-task-0083,signed_vote1,true,2,1783272760398,0,QmPd7FL1akHQY92fmAnCsPGgoQXB5msWnC72Pa4Ym8A7LB,false
1968,e6-lifecycle-20260705T173237.406901391Z-c4-real-task-0083,signed_vote2,true,2,1783272760400,0,QmPd7FL1akHQY92fmAnCsPGgoQXB5msWnC72Pa4Ym8A7LB,false
1969,e6-lifecycle-20260705T173237.406901391Z-c4-real-task-0083,signed_settlement,true,1,1783272760402,0,QmPd7FL1akHQY92fmAnCsPGgoQXB5msWnC72Pa4Ym8A7LB,false
1970,e6-lifecycle-20260705T173237.406901391Z-c4-real-task-0083,signed_query_latest,true,0,1783272760403,0,QmPd7FL1akHQY92fmAnCsPGgoQXB5msWnC72Pa4Ym8A7LB,false
1971,e6-lifecycle-20260705T173237.406901391Z-c4-real-task-0083,ipfs_verify,true,8,1783272760403,0,QmPd7FL1akHQY92fmAnCsPGgoQXB5msWnC72Pa4Ym8A7LB,false
1972,e6-lifecycle-20260705T173237.406901391Z-c4-real-task-0084,ipfs_add,true,64,1783272760348,6840,,false
1973,e6-lifecycle-20260705T173237.406901391Z-c4-real-task-0084,signed_posttask,true,2,1783272760412,0,QmfAG7xP2UTe2HqMXVRZaRh4cF3StaCZniJqRpRTYFaeDM,false
1974,e6-lifecycle-20260705T173237.406901391Z-c4-real-task-0084,signed_postallocation,true,2,1783272760414,0,QmfAG7xP2UTe2HqMXVRZaRh4cF3StaCZniJqRpRTYFaeDM,false
1975,e6-lifecycle-20260705T173237.406901391Z-c4-real-task-0084,signed_post_evalsnapshot,true,2,1783272760416,0,QmfAG7xP2UTe2HqMXVRZaRh4cF3StaCZniJqRpRTYFaeDM,false
1976,e6-lifecycle-20260705T173237.406901391Z-c4-real-task-0084,signed_vote1,true,1,1783272760418,0,QmfAG7xP2UTe2HqMXVRZaRh4cF3StaCZniJqRpRTYFaeDM,false
1977,e6-lifecycle-20260705T173237.406901391Z-c4-real-task-0084,signed_vote2,true,2,1783272760419,0,QmfAG7xP2UTe2HqMXVRZaRh4cF3StaCZniJqRpRTYFaeDM,false
1978,e6-lifecycle-20260705T173237.406901391Z-c4-real-task-0084,signed_settlement,true,1,1783272760421,0,QmfAG7xP2UTe2HqMXVRZaRh4cF3StaCZniJqRpRTYFaeDM,false
1979,e6-lifecycle-20260705T173237.406901391Z-c4-real-task-0084,signed_query_latest,true,0,1783272760422,0,QmfAG7xP2UTe2HqMXVRZaRh4cF3StaCZniJqRpRTYFaeDM,false
1980,e6-lifecycle-20260705T173237.406901391Z-c4-real-task-0084,ipfs_verify,true,8,1783272760422,0,QmfAG7xP2UTe2HqMXVRZaRh4cF3StaCZniJqRpRTYFaeDM,false
1981,e6-lifecycle-20260705T173237.406901391Z-c4-real-task-0043,ipfs_add,true,61,1783272760369,4365,,false
1982,e6-lifecycle-20260705T173237.406901391Z-c4-real-task-0043,signed_posttask,true,2,1783272760430,0,QmNyUP9PxhaGNgSe7A4vos9UdtKrgujw25dFezkghCHMSN,false
1983,e6-lifecycle-20260705T173237.406901391Z-c4-real-task-0043,signed_postallocation,true,2,1783272760432,0,QmNyUP9PxhaGNgSe7A4vos9UdtKrgujw25dFezkghCHMSN,false
1984,e6-lifecycle-20260705T173237.406901391Z-c4-real-task-0043,signed_post_evalsnapshot,true,2,1783272760434,0,QmNyUP9PxhaGNgSe7A4vos9UdtKrgujw25dFezkghCHMSN,false
1985,e6-lifecycle-20260705T173237.406901391Z-c4-real-task-0043,signed_vote1,true,2,1783272760436,0,QmNyUP9PxhaGNgSe7A4vos9UdtKrgujw25dFezkghCHMSN,false
1986,e6-lifecycle-20260705T173237.406901391Z-c4-real-task-0043,signed_vote2,true,2,1783272760438,0,QmNyUP9PxhaGNgSe7A4vos9UdtKrgujw25dFezkghCHMSN,false
1987,e6-lifecycle-20260705T173237.406901391Z-c4-real-task-0043,signed_settlement,true,1,1783272760440,0,QmNyUP9PxhaGNgSe7A4vos9UdtKrgujw25dFezkghCHMSN,false
1988,e6-lifecycle-20260705T173237.406901391Z-c4-real-task-0043,signed_query_latest,true,0,1783272760441,0,QmNyUP9PxhaGNgSe7A4vos9UdtKrgujw25dFezkghCHMSN,false
1989,e6-lifecycle-20260705T173237.406901391Z-c4-real-task-0043,ipfs_verify,true,7,1783272760441,0,QmNyUP9PxhaGNgSe7A4vos9UdtKrgujw25dFezkghCHMSN,false
1990,e6-lifecycle-20260705T173237.406901391Z-c4-real-task-0030,ipfs_add,true,59,1783272760390,4609,,false
1991,e6-lifecycle-20260705T173237.406901391Z-c4-real-task-0030,signed_posttask,true,2,1783272760449,0,QmXUNpwtX2A1bcF51kySLa1p7B6HvhMNsMQoiVdNUoJig7,false
1992,e6-lifecycle-20260705T173237.406901391Z-c4-real-task-0030,signed_postallocation,true,2,1783272760451,0,QmXUNpwtX2A1bcF51kySLa1p7B6HvhMNsMQoiVdNUoJig7,false
1993,e6-lifecycle-20260705T173237.406901391Z-c4-real-task-0030,signed_post_evalsnapshot,true,2,1783272760453,0,QmXUNpwtX2A1bcF51kySLa1p7B6HvhMNsMQoiVdNUoJig7,false
1994,e6-lifecycle-20260705T173237.406901391Z-c4-real-task-0030,signed_vote1,true,2,1783272760455,0,QmXUNpwtX2A1bcF51kySLa1p7B6HvhMNsMQoiVdNUoJig7,false
1995,e6-lifecycle-20260705T173237.406901391Z-c4-real-task-0030,signed_vote2,true,2,1783272760457,0,QmXUNpwtX2A1bcF51kySLa1p7B6HvhMNsMQoiVdNUoJig7,false
1996,e6-lifecycle-20260705T173237.406901391Z-c4-real-task-0030,signed_settlement,true,1,1783272760459,0,QmXUNpwtX2A1bcF51kySLa1p7B6HvhMNsMQoiVdNUoJig7,false
1997,e6-lifecycle-20260705T173237.406901391Z-c4-real-task-0030,signed_query_latest,true,0,1783272760460,0,QmXUNpwtX2A1bcF51kySLa1p7B6HvhMNsMQoiVdNUoJig7,false
1998,e6-lifecycle-20260705T173237.406901391Z-c4-real-task-0030,ipfs_verify,true,9,1783272760460,0,QmXUNpwtX2A1bcF51kySLa1p7B6HvhMNsMQoiVdNUoJig7,false
1999,e6-lifecycle-20260705T173237.406901391Z-c4-real-task-0031,ipfs_add,true,59,1783272760411,2037,,false
2000,e6-lifecycle-20260705T173237.406901391Z-c4-real-task-0031,signed_posttask,true,3,1783272760470,0,QmcMwXc4Z8ftz7kr4SLihnEKFezGYhMs51A9cNDVd2ZUGa,false
2001,e6-lifecycle-20260705T173237.406901391Z-c4-real-task-0031,signed_postallocation,true,1,1783272760473,0,QmcMwXc4Z8ftz7kr4SLihnEKFezGYhMs51A9cNDVd2ZUGa,false
2002,e6-lifecycle-20260705T173237.406901391Z-c4-real-task-0031,signed_post_evalsnapshot,true,2,1783272760474,0,QmcMwXc4Z8ftz7kr4SLihnEKFezGYhMs51A9cNDVd2ZUGa,false
2003,e6-lifecycle-20260705T173237.406901391Z-c4-real-task-0031,signed_vote1,true,2,1783272760476,0,QmcMwXc4Z8ftz7kr4SLihnEKFezGYhMs51A9cNDVd2ZUGa,false
2004,e6-lifecycle-20260705T173237.406901391Z-c4-real-task-0031,signed_vote2,true,1,1783272760478,0,QmcMwXc4Z8ftz7kr4SLihnEKFezGYhMs51A9cNDVd2ZUGa,false
2005,e6-lifecycle-20260705T173237.406901391Z-c4-real-task-0031,signed_settlement,true,2,1783272760479,0,QmcMwXc4Z8ftz7kr4SLihnEKFezGYhMs51A9cNDVd2ZUGa,false
2006,e6-lifecycle-20260705T173237.406901391Z-c4-real-task-0031,signed_query_latest,true,0,1783272760481,0,QmcMwXc4Z8ftz7kr4SLihnEKFezGYhMs51A9cNDVd2ZUGa,false
2007,e6-lifecycle-20260705T173237.406901391Z-c4-real-task-0031,ipfs_verify,true,8,1783272760481,0,QmcMwXc4Z8ftz7kr4SLihnEKFezGYhMs51A9cNDVd2ZUGa,false
2008,e6-lifecycle-20260705T173237.406901391Z-c4-real-task-0032,ipfs_add,true,59,1783272760430,4244,,false
2009,e6-lifecycle-20260705T173237.406901391Z-c4-real-task-0032,signed_posttask,true,2,1783272760489,0,QmTUE1xZhmfV2QSdvfbaurUfSv66ET7R31e5urBxmKFSfb,false
2010,e6-lifecycle-20260705T173237.406901391Z-c4-real-task-0032,signed_postallocation,true,1,1783272760491,0,QmTUE1xZhmfV2QSdvfbaurUfSv66ET7R31e5urBxmKFSfb,false
2011,e6-lifecycle-20260705T173237.406901391Z-c4-real-task-0032,signed_post_evalsnapshot,true,2,1783272760492,0,QmTUE1xZhmfV2QSdvfbaurUfSv66ET7R31e5urBxmKFSfb,false
2012,e6-lifecycle-20260705T173237.406901391Z-c4-real-task-0032,signed_vote1,true,1,1783272760494,0,QmTUE1xZhmfV2QSdvfbaurUfSv66ET7R31e5urBxmKFSfb,false
2013,e6-lifecycle-20260705T173237.406901391Z-c4-real-task-0032,signed_vote2,true,3,1783272760495,0,QmTUE1xZhmfV2QSdvfbaurUfSv66ET7R31e5urBxmKFSfb,false
2014,e6-lifecycle-20260705T173237.406901391Z-c4-real-task-0032,signed_settlement,true,1,1783272760498,0,QmTUE1xZhmfV2QSdvfbaurUfSv66ET7R31e5urBxmKFSfb,false
2015,e6-lifecycle-20260705T173237.406901391Z-c4-real-task-0032,signed_query_latest,true,0,1783272760499,0,QmTUE1xZhmfV2QSdvfbaurUfSv66ET7R31e5urBxmKFSfb,false
2016,e6-lifecycle-20260705T173237.406901391Z-c4-real-task-0032,ipfs_verify,true,9,1783272760499,0,QmTUE1xZhmfV2QSdvfbaurUfSv66ET7R31e5urBxmKFSfb,false
2017,e6-lifecycle-20260705T173237.406901391Z-c4-real-task-0033,ipfs_add,true,67,1783272760448,7207,,false
2018,e6-lifecycle-20260705T173237.406901391Z-c4-real-task-0033,signed_posttask,true,2,1783272760515,0,QmQ48RSbPCJevCydnQupZo9nDcEmZKcjzn5kaHFiESq88N,false
2019,e6-lifecycle-20260705T173237.406901391Z-c4-real-task-0033,signed_postallocation,true,2,1783272760517,0,QmQ48RSbPCJevCydnQupZo9nDcEmZKcjzn5kaHFiESq88N,false
2020,e6-lifecycle-20260705T173237.406901391Z-c4-real-task-0033,signed_post_evalsnapshot,true,1,1783272760519,0,QmQ48RSbPCJevCydnQupZo9nDcEmZKcjzn5kaHFiESq88N,false
2021,e6-lifecycle-20260705T173237.406901391Z-c4-real-task-0033,signed_vote1,true,2,1783272760520,0,QmQ48RSbPCJevCydnQupZo9nDcEmZKcjzn5kaHFiESq88N,false
2022,e6-lifecycle-20260705T173237.406901391Z-c4-real-task-0033,signed_vote2,true,1,1783272760522,0,QmQ48RSbPCJevCydnQupZo9nDcEmZKcjzn5kaHFiESq88N,false
2023,e6-lifecycle-20260705T173237.406901391Z-c4-real-task-0033,signed_settlement,true,2,1783272760523,0,QmQ48RSbPCJevCydnQupZo9nDcEmZKcjzn5kaHFiESq88N,false
2024,e6-lifecycle-20260705T173237.406901391Z-c4-real-task-0033,signed_query_latest,true,0,1783272760525,0,QmQ48RSbPCJevCydnQupZo9nDcEmZKcjzn5kaHFiESq88N,false
2025,e6-lifecycle-20260705T173237.406901391Z-c4-real-task-0033,ipfs_verify,true,8,1783272760525,0,QmQ48RSbPCJevCydnQupZo9nDcEmZKcjzn5kaHFiESq88N,false
2026,e6-lifecycle-20260705T173237.406901391Z-c4-real-task-0035,ipfs_add,true,63,1783272760489,1846,,false
2027,e6-lifecycle-20260705T173237.406901391Z-c4-real-task-0035,signed_posttask,true,2,1783272760552,0,QmXkECAAwC32vhNNVm7xZTatUjGVbfHbwXcCezk2t5DnUf,false
2028,e6-lifecycle-20260705T173237.406901391Z-c4-real-task-0035,signed_postallocation,true,2,1783272760554,0,QmXkECAAwC32vhNNVm7xZTatUjGVbfHbwXcCezk2t5DnUf,false
2029,e6-lifecycle-20260705T173237.406901391Z-c4-real-task-0035,signed_post_evalsnapshot,true,1,1783272760556,0,QmXkECAAwC32vhNNVm7xZTatUjGVbfHbwXcCezk2t5DnUf,false
2030,e6-lifecycle-20260705T173237.406901391Z-c4-real-task-0035,signed_vote1,true,2,1783272760557,0,QmXkECAAwC32vhNNVm7xZTatUjGVbfHbwXcCezk2t5DnUf,false
2031,e6-lifecycle-20260705T173237.406901391Z-c4-real-task-0035,signed_vote2,true,1,1783272760559,0,QmXkECAAwC32vhNNVm7xZTatUjGVbfHbwXcCezk2t5DnUf,false
2032,e6-lifecycle-20260705T173237.406901391Z-c4-real-task-0035,signed_settlement,true,2,1783272760560,0,QmXkECAAwC32vhNNVm7xZTatUjGVbfHbwXcCezk2t5DnUf,false
2033,e6-lifecycle-20260705T173237.406901391Z-c4-real-task-0035,signed_query_latest,true,0,1783272760562,0,QmXkECAAwC32vhNNVm7xZTatUjGVbfHbwXcCezk2t5DnUf,false
2034,e6-lifecycle-20260705T173237.406901391Z-c4-real-task-0035,ipfs_verify,true,7,1783272760562,0,QmXkECAAwC32vhNNVm7xZTatUjGVbfHbwXcCezk2t5DnUf,false
2035,e6-lifecycle-20260705T173237.406901391Z-c4-real-task-0036,ipfs_add,true,62,1783272760508,2427,,false
2036,e6-lifecycle-20260705T173237.406901391Z-c4-real-task-0034,ipfs_add,true,101,1783272760469,1614,,false
2037,e6-lifecycle-20260705T173237.406901391Z-c4-real-task-0036,signed_posttask,true,5,1783272760570,0,QmPSKMPmcfaaWUAvL2tX88QhRRxXXC4SXnChDHzjSbwd8b,false
2038,e6-lifecycle-20260705T173237.406901391Z-c4-real-task-0036,signed_postallocation,true,2,1783272760575,0,QmPSKMPmcfaaWUAvL2tX88QhRRxXXC4SXnChDHzjSbwd8b,false
2039,e6-lifecycle-20260705T173237.406901391Z-c4-real-task-0034,signed_posttask,true,8,1783272760570,0,QmPfG9yDWdYPi2SxVxc2HNwGgKxYHpb8KNnTKLEUsSwYJF,false
2040,e6-lifecycle-20260705T173237.406901391Z-c4-real-task-0034,signed_postallocation,true,2,1783272760578,0,QmPfG9yDWdYPi2SxVxc2HNwGgKxYHpb8KNnTKLEUsSwYJF,false
2041,e6-lifecycle-20260705T173237.406901391Z-c4-real-task-0036,signed_post_evalsnapshot,true,6,1783272760577,0,QmPSKMPmcfaaWUAvL2tX88QhRRxXXC4SXnChDHzjSbwd8b,false
2042,e6-lifecycle-20260705T173237.406901391Z-c4-real-task-0036,signed_vote1,true,1,1783272760583,0,QmPSKMPmcfaaWUAvL2tX88QhRRxXXC4SXnChDHzjSbwd8b,false
2043,e6-lifecycle-20260705T173237.406901391Z-c4-real-task-0034,signed_post_evalsnapshot,true,6,1783272760580,0,QmPfG9yDWdYPi2SxVxc2HNwGgKxYHpb8KNnTKLEUsSwYJF,false
2044,e6-lifecycle-20260705T173237.406901391Z-c4-real-task-0034,signed_vote1,true,2,1783272760586,0,QmPfG9yDWdYPi2SxVxc2HNwGgKxYHpb8KNnTKLEUsSwYJF,false
2045,e6-lifecycle-20260705T173237.406901391Z-c4-real-task-0036,signed_vote2,true,5,1783272760584,0,QmPSKMPmcfaaWUAvL2tX88QhRRxXXC4SXnChDHzjSbwd8b,false
2046,e6-lifecycle-20260705T173237.406901391Z-c4-real-task-0037,ipfs_add,true,57,1783272760533,2773,,false
2047,e6-lifecycle-20260705T173237.406901391Z-c4-real-task-0036,signed_settlement,true,2,1783272760589,0,QmPSKMPmcfaaWUAvL2tX88QhRRxXXC4SXnChDHzjSbwd8b,false
2048,e6-lifecycle-20260705T173237.406901391Z-c4-real-task-0034,signed_vote2,true,5,1783272760588,0,QmPfG9yDWdYPi2SxVxc2HNwGgKxYHpb8KNnTKLEUsSwYJF,false
2049,e6-lifecycle-20260705T173237.406901391Z-c4-real-task-0037,signed_posttask,true,5,1783272760590,0,QmWmrqK7bzA1Pq5z5dsLEen6BZ5iPRNFNBXLJnZmr5J9ff,false
2050,e6-lifecycle-20260705T173237.406901391Z-c4-real-task-0036,signed_query_latest,true,4,1783272760591,0,QmPSKMPmcfaaWUAvL2tX88QhRRxXXC4SXnChDHzjSbwd8b,false
2051,e6-lifecycle-20260705T173237.406901391Z-c4-real-task-0034,signed_settlement,true,3,1783272760593,0,QmPfG9yDWdYPi2SxVxc2HNwGgKxYHpb8KNnTKLEUsSwYJF,false
2052,e6-lifecycle-20260705T173237.406901391Z-c4-real-task-0034,signed_query_latest,true,0,1783272760596,0,QmPfG9yDWdYPi2SxVxc2HNwGgKxYHpb8KNnTKLEUsSwYJF,false
2053,e6-lifecycle-20260705T173237.406901391Z-c4-real-task-0037,signed_postallocation,true,3,1783272760595,0,QmWmrqK7bzA1Pq5z5dsLEen6BZ5iPRNFNBXLJnZmr5J9ff,false
2054,e6-lifecycle-20260705T173237.406901391Z-c4-real-task-0037,signed_post_evalsnapshot,true,2,1783272760598,0,QmWmrqK7bzA1Pq5z5dsLEen6BZ5iPRNFNBXLJnZmr5J9ff,false
2055,e6-lifecycle-20260705T173237.406901391Z-c4-real-task-0037,signed_vote1,true,2,1783272760600,0,QmWmrqK7bzA1Pq5z5dsLEen6BZ5iPRNFNBXLJnZmr5J9ff,false
2056,e6-lifecycle-20260705T173237.406901391Z-c4-real-task-0034,ipfs_verify,true,7,1783272760596,0,QmPfG9yDWdYPi2SxVxc2HNwGgKxYHpb8KNnTKLEUsSwYJF,false
2057,e6-lifecycle-20260705T173237.406901391Z-c4-real-task-0036,ipfs_verify,true,8,1783272760595,0,QmPSKMPmcfaaWUAvL2tX88QhRRxXXC4SXnChDHzjSbwd8b,false
2058,e6-lifecycle-20260705T173237.406901391Z-c4-real-task-0037,signed_vote2,true,2,1783272760602,0,QmWmrqK7bzA1Pq5z5dsLEen6BZ5iPRNFNBXLJnZmr5J9ff,false
2059,e6-lifecycle-20260705T173237.406901391Z-c4-real-task-0037,signed_settlement,true,1,1783272760604,0,QmWmrqK7bzA1Pq5z5dsLEen6BZ5iPRNFNBXLJnZmr5J9ff,false
2060,e6-lifecycle-20260705T173237.406901391Z-c4-real-task-0037,signed_query_latest,true,0,1783272760605,0,QmWmrqK7bzA1Pq5z5dsLEen6BZ5iPRNFNBXLJnZmr5J9ff,false
2061,e6-lifecycle-20260705T173237.406901391Z-c4-real-task-0037,ipfs_verify,true,12,1783272760605,0,QmWmrqK7bzA1Pq5z5dsLEen6BZ5iPRNFNBXLJnZmr5J9ff,false
2062,e6-lifecycle-20260705T173237.406901391Z-c4-real-task-0038,ipfs_add,true,54,1783272760569,3829,,false
2063,e6-lifecycle-20260705T173237.406901391Z-c4-real-task-0038,signed_posttask,true,3,1783272760623,0,QmUB51xuBaMCywUYGFiM9cTrnAhyjLu2J5jzTrZkY11kPF,false
2064,e6-lifecycle-20260705T173237.406901391Z-c4-real-task-0038,signed_postallocation,true,2,1783272760626,0,QmUB51xuBaMCywUYGFiM9cTrnAhyjLu2J5jzTrZkY11kPF,false
2065,e6-lifecycle-20260705T173237.406901391Z-c4-real-task-0038,signed_post_evalsnapshot,true,1,1783272760628,0,QmUB51xuBaMCywUYGFiM9cTrnAhyjLu2J5jzTrZkY11kPF,false
2066,e6-lifecycle-20260705T173237.406901391Z-c4-real-task-0038,signed_vote1,true,2,1783272760629,0,QmUB51xuBaMCywUYGFiM9cTrnAhyjLu2J5jzTrZkY11kPF,false
2067,e6-lifecycle-20260705T173237.406901391Z-c4-real-task-0038,signed_vote2,true,2,1783272760631,0,QmUB51xuBaMCywUYGFiM9cTrnAhyjLu2J5jzTrZkY11kPF,false
2068,e6-lifecycle-20260705T173237.406901391Z-c4-real-task-0038,signed_settlement,true,1,1783272760633,0,QmUB51xuBaMCywUYGFiM9cTrnAhyjLu2J5jzTrZkY11kPF,false
2069,e6-lifecycle-20260705T173237.406901391Z-c4-real-task-0038,signed_query_latest,true,0,1783272760634,0,QmUB51xuBaMCywUYGFiM9cTrnAhyjLu2J5jzTrZkY11kPF,false
2070,e6-lifecycle-20260705T173237.406901391Z-c4-real-task-0038,ipfs_verify,true,8,1783272760634,0,QmUB51xuBaMCywUYGFiM9cTrnAhyjLu2J5jzTrZkY11kPF,false
2071,e6-lifecycle-20260705T173237.406901391Z-c4-real-task-0040,ipfs_add,true,39,1783272760603,1852,,false
2072,e6-lifecycle-20260705T173237.406901391Z-c4-real-task-0040,signed_posttask,true,2,1783272760642,0,Qme8h8cEVWXzKEmaj7rkRo9NHBoPXxWrTLcYQjWRpqrisB,false
2073,e6-lifecycle-20260705T173237.406901391Z-c4-real-task-0040,signed_postallocation,true,2,1783272760644,0,Qme8h8cEVWXzKEmaj7rkRo9NHBoPXxWrTLcYQjWRpqrisB,false
2074,e6-lifecycle-20260705T173237.406901391Z-c4-real-task-0040,signed_post_evalsnapshot,true,2,1783272760646,0,Qme8h8cEVWXzKEmaj7rkRo9NHBoPXxWrTLcYQjWRpqrisB,false
2075,e6-lifecycle-20260705T173237.406901391Z-c4-real-task-0040,signed_vote1,true,2,1783272760648,0,Qme8h8cEVWXzKEmaj7rkRo9NHBoPXxWrTLcYQjWRpqrisB,false
2076,e6-lifecycle-20260705T173237.406901391Z-c4-real-task-0040,signed_vote2,true,2,1783272760650,0,Qme8h8cEVWXzKEmaj7rkRo9NHBoPXxWrTLcYQjWRpqrisB,false
2077,e6-lifecycle-20260705T173237.406901391Z-c4-real-task-0040,signed_settlement,true,1,1783272760652,0,Qme8h8cEVWXzKEmaj7rkRo9NHBoPXxWrTLcYQjWRpqrisB,false
2078,e6-lifecycle-20260705T173237.406901391Z-c4-real-task-0040,signed_query_latest,true,0,1783272760653,0,Qme8h8cEVWXzKEmaj7rkRo9NHBoPXxWrTLcYQjWRpqrisB,false
2079,e6-lifecycle-20260705T173237.406901391Z-c4-real-task-0040,ipfs_verify,true,9,1783272760653,0,Qme8h8cEVWXzKEmaj7rkRo9NHBoPXxWrTLcYQjWRpqrisB,false
2080,e6-lifecycle-20260705T173237.406901391Z-c4-real-task-0039,ipfs_add,true,62,1783272760603,2185,,false
2081,e6-lifecycle-20260705T173237.406901391Z-c4-real-task-0039,signed_posttask,true,2,1783272760665,0,QmasU8pZpyfk1aUFRpicohvbDCx1eFRWjH9p29sHpDSiZZ,false
2082,e6-lifecycle-20260705T173237.406901391Z-c4-real-task-0039,signed_postallocation,true,2,1783272760667,0,QmasU8pZpyfk1aUFRpicohvbDCx1eFRWjH9p29sHpDSiZZ,false
2083,e6-lifecycle-20260705T173237.406901391Z-c4-real-task-0039,signed_post_evalsnapshot,true,1,1783272760669,0,QmasU8pZpyfk1aUFRpicohvbDCx1eFRWjH9p29sHpDSiZZ,false
2084,e6-lifecycle-20260705T173237.406901391Z-c4-real-task-0039,signed_vote1,true,2,1783272760670,0,QmasU8pZpyfk1aUFRpicohvbDCx1eFRWjH9p29sHpDSiZZ,false
2085,e6-lifecycle-20260705T173237.406901391Z-c4-real-task-0039,signed_vote2,true,1,1783272760672,0,QmasU8pZpyfk1aUFRpicohvbDCx1eFRWjH9p29sHpDSiZZ,false
2086,e6-lifecycle-20260705T173237.406901391Z-c4-real-task-0039,signed_settlement,true,2,1783272760673,0,QmasU8pZpyfk1aUFRpicohvbDCx1eFRWjH9p29sHpDSiZZ,false
2087,e6-lifecycle-20260705T173237.406901391Z-c4-real-task-0039,signed_query_latest,true,0,1783272760675,0,QmasU8pZpyfk1aUFRpicohvbDCx1eFRWjH9p29sHpDSiZZ,false
2088,e6-lifecycle-20260705T173237.406901391Z-c4-real-task-0039,ipfs_verify,true,6,1783272760675,0,QmasU8pZpyfk1aUFRpicohvbDCx1eFRWjH9p29sHpDSiZZ,false
2089,e6-lifecycle-20260705T173237.406901391Z-c4-real-task-0042,ipfs_add,true,65,1783272760617,4943,,false
2090,e6-lifecycle-20260705T173237.406901391Z-c4-real-task-0042,signed_posttask,true,3,1783272760682,0,QmZaKHLtuvdC3131ZMjSafgzCnFunsBDrKht7U6CRuhaDJ,false
2091,e6-lifecycle-20260705T173237.406901391Z-c4-real-task-0042,signed_postallocation,true,1,1783272760685,0,QmZaKHLtuvdC3131ZMjSafgzCnFunsBDrKht7U6CRuhaDJ,false
2092,e6-lifecycle-20260705T173237.406901391Z-c4-real-task-0042,signed_post_evalsnapshot,true,3,1783272760686,0,QmZaKHLtuvdC3131ZMjSafgzCnFunsBDrKht7U6CRuhaDJ,false
2093,e6-lifecycle-20260705T173237.406901391Z-c4-real-task-0042,signed_vote1,true,1,1783272760689,0,QmZaKHLtuvdC3131ZMjSafgzCnFunsBDrKht7U6CRuhaDJ,false
2094,e6-lifecycle-20260705T173237.406901391Z-c4-real-task-0042,signed_vote2,true,2,1783272760690,0,QmZaKHLtuvdC3131ZMjSafgzCnFunsBDrKht7U6CRuhaDJ,false
2095,e6-lifecycle-20260705T173237.406901391Z-c4-real-task-0042,signed_settlement,true,2,1783272760692,0,QmZaKHLtuvdC3131ZMjSafgzCnFunsBDrKht7U6CRuhaDJ,false
2096,e6-lifecycle-20260705T173237.406901391Z-c4-real-task-0042,signed_query_latest,true,0,1783272760694,0,QmZaKHLtuvdC3131ZMjSafgzCnFunsBDrKht7U6CRuhaDJ,false
2097,e6-lifecycle-20260705T173237.406901391Z-c4-real-task-0042,ipfs_verify,true,7,1783272760694,0,QmZaKHLtuvdC3131ZMjSafgzCnFunsBDrKht7U6CRuhaDJ,false
2098,e6-lifecycle-20260705T173237.406901391Z-c4-real-task-0044,ipfs_add,true,60,1783272760662,1996,,false
2099,e6-lifecycle-20260705T173237.406901391Z-c4-real-task-0044,signed_posttask,true,2,1783272760722,0,QmRdq27qE1F3dGzbT9p9PnePh4D88Nw3KFAmJZ2C7W4jcT,false
2100,e6-lifecycle-20260705T173237.406901391Z-c4-real-task-0044,signed_postallocation,true,2,1783272760724,0,QmRdq27qE1F3dGzbT9p9PnePh4D88Nw3KFAmJZ2C7W4jcT,false
2101,e6-lifecycle-20260705T173237.406901391Z-c4-real-task-0044,signed_post_evalsnapshot,true,2,1783272760726,0,QmRdq27qE1F3dGzbT9p9PnePh4D88Nw3KFAmJZ2C7W4jcT,false
2102,e6-lifecycle-20260705T173237.406901391Z-c4-real-task-0044,signed_vote1,true,1,1783272760728,0,QmRdq27qE1F3dGzbT9p9PnePh4D88Nw3KFAmJZ2C7W4jcT,false
2103,e6-lifecycle-20260705T173237.406901391Z-c4-real-task-0044,signed_vote2,true,2,1783272760729,0,QmRdq27qE1F3dGzbT9p9PnePh4D88Nw3KFAmJZ2C7W4jcT,false
2104,e6-lifecycle-20260705T173237.406901391Z-c4-real-task-0044,signed_settlement,true,2,1783272760731,0,QmRdq27qE1F3dGzbT9p9PnePh4D88Nw3KFAmJZ2C7W4jcT,false
2105,e6-lifecycle-20260705T173237.406901391Z-c4-real-task-0044,signed_query_latest,true,0,1783272760733,0,QmRdq27qE1F3dGzbT9p9PnePh4D88Nw3KFAmJZ2C7W4jcT,false
2106,e6-lifecycle-20260705T173237.406901391Z-c4-real-task-0044,ipfs_verify,true,7,1783272760733,0,QmRdq27qE1F3dGzbT9p9PnePh4D88Nw3KFAmJZ2C7W4jcT,false
2107,e6-lifecycle-20260705T173237.406901391Z-c4-real-task-0050,ipfs_add,true,99,1783272760642,1999,,false
2108,e6-lifecycle-20260705T173237.406901391Z-c4-real-task-0045,ipfs_add,true,60,1783272760681,2595,,false
2109,e6-lifecycle-20260705T173237.406901391Z-c4-real-task-0045,signed_posttask,true,1,1783272760741,0,QmfZqW6816xBeSRuQN3KqApyKbwjb4f3u87p8veGLitLQh,false
2110,e6-lifecycle-20260705T173237.406901391Z-c4-real-task-0045,signed_postallocation,true,2,1783272760742,0,QmfZqW6816xBeSRuQN3KqApyKbwjb4f3u87p8veGLitLQh,false
2111,e6-lifecycle-20260705T173237.406901391Z-c4-real-task-0050,signed_posttask,true,5,1783272760741,0,QmdV6Xsz9DDJaY4mD6E1omWqFwV485nsfcNWmZWMizL9Jc,false
2112,e6-lifecycle-20260705T173237.406901391Z-c4-real-task-0050,signed_postallocation,true,1,1783272760746,0,QmdV6Xsz9DDJaY4mD6E1omWqFwV485nsfcNWmZWMizL9Jc,false
2113,e6-lifecycle-20260705T173237.406901391Z-c4-real-task-0045,signed_post_evalsnapshot,true,5,1783272760744,0,QmfZqW6816xBeSRuQN3KqApyKbwjb4f3u87p8veGLitLQh,false
2114,e6-lifecycle-20260705T173237.406901391Z-c4-real-task-0045,signed_vote1,true,1,1783272760749,0,QmfZqW6816xBeSRuQN3KqApyKbwjb4f3u87p8veGLitLQh,false
2115,e6-lifecycle-20260705T173237.406901391Z-c4-real-task-0050,signed_post_evalsnapshot,true,5,1783272760747,0,QmdV6Xsz9DDJaY4mD6E1omWqFwV485nsfcNWmZWMizL9Jc,false
2116,e6-lifecycle-20260705T173237.406901391Z-c4-real-task-0050,signed_vote1,true,2,1783272760752,0,QmdV6Xsz9DDJaY4mD6E1omWqFwV485nsfcNWmZWMizL9Jc,false
2117,e6-lifecycle-20260705T173237.406901391Z-c4-real-task-0045,signed_vote2,true,6,1783272760750,0,QmfZqW6816xBeSRuQN3KqApyKbwjb4f3u87p8veGLitLQh,false
2118,e6-lifecycle-20260705T173237.406901391Z-c4-real-task-0045,signed_settlement,true,1,1783272760756,0,QmfZqW6816xBeSRuQN3KqApyKbwjb4f3u87p8veGLitLQh,false
2119,e6-lifecycle-20260705T173237.406901391Z-c4-real-task-0050,signed_vote2,true,5,1783272760754,0,QmdV6Xsz9DDJaY4mD6E1omWqFwV485nsfcNWmZWMizL9Jc,false
2120,e6-lifecycle-20260705T173237.406901391Z-c4-real-task-0045,signed_query_latest,true,4,1783272760757,0,QmfZqW6816xBeSRuQN3KqApyKbwjb4f3u87p8veGLitLQh,false
2121,e6-lifecycle-20260705T173237.406901391Z-c4-real-task-0050,signed_settlement,true,2,1783272760759,0,QmdV6Xsz9DDJaY4mD6E1omWqFwV485nsfcNWmZWMizL9Jc,false
2122,e6-lifecycle-20260705T173237.406901391Z-c4-real-task-0050,signed_query_latest,true,0,1783272760761,0,QmdV6Xsz9DDJaY4mD6E1omWqFwV485nsfcNWmZWMizL9Jc,false
2123,e6-lifecycle-20260705T173237.406901391Z-c4-real-task-0046,ipfs_add,true,60,1783272760701,1643,,false
2124,e6-lifecycle-20260705T173237.406901391Z-c4-real-task-0046,signed_posttask,true,2,1783272760761,0,QmTnaHUQXj9xeoWHT2zVraSQfVPSZ3kwXbfxhynCbSD478,false
2125,e6-lifecycle-20260705T173237.406901391Z-c4-real-task-0046,signed_postallocation,true,1,1783272760763,0,QmTnaHUQXj9xeoWHT2zVraSQfVPSZ3kwXbfxhynCbSD478,false
2126,e6-lifecycle-20260705T173237.406901391Z-c4-real-task-0046,signed_post_evalsnapshot,true,2,1783272760764,0,QmTnaHUQXj9xeoWHT2zVraSQfVPSZ3kwXbfxhynCbSD478,false
2127,e6-lifecycle-20260705T173237.406901391Z-c4-real-task-0045,ipfs_verify,true,7,1783272760761,0,QmfZqW6816xBeSRuQN3KqApyKbwjb4f3u87p8veGLitLQh,false
2128,e6-lifecycle-20260705T173237.406901391Z-c4-real-task-0050,ipfs_verify,true,7,1783272760761,0,QmdV6Xsz9DDJaY4mD6E1omWqFwV485nsfcNWmZWMizL9Jc,false
2129,e6-lifecycle-20260705T173237.406901391Z-c4-real-task-0046,signed_vote1,true,2,1783272760766,0,QmTnaHUQXj9xeoWHT2zVraSQfVPSZ3kwXbfxhynCbSD478,false
2130,e6-lifecycle-20260705T173237.406901391Z-c4-real-task-0046,signed_vote2,true,2,1783272760768,0,QmTnaHUQXj9xeoWHT2zVraSQfVPSZ3kwXbfxhynCbSD478,false
2131,e6-lifecycle-20260705T173237.406901391Z-c4-real-task-0046,signed_settlement,true,1,1783272760770,0,QmTnaHUQXj9xeoWHT2zVraSQfVPSZ3kwXbfxhynCbSD478,false
2132,e6-lifecycle-20260705T173237.406901391Z-c4-real-task-0046,signed_query_latest,true,0,1783272760771,0,QmTnaHUQXj9xeoWHT2zVraSQfVPSZ3kwXbfxhynCbSD478,false
2133,e6-lifecycle-20260705T173237.406901391Z-c4-real-task-0046,ipfs_verify,true,8,1783272760771,0,QmTnaHUQXj9xeoWHT2zVraSQfVPSZ3kwXbfxhynCbSD478,false
2134,e6-lifecycle-20260705T173237.406901391Z-c4-real-task-0047,ipfs_add,true,46,1783272760740,4867,,false
2135,e6-lifecycle-20260705T173237.406901391Z-c4-real-task-0047,signed_posttask,true,2,1783272760786,0,QmeV2Nyd6AXfLrfL94BuWtPhgFx2BQKzDFrxvN5H5wGM4v,false
2136,e6-lifecycle-20260705T173237.406901391Z-c4-real-task-0047,signed_postallocation,true,2,1783272760788,0,QmeV2Nyd6AXfLrfL94BuWtPhgFx2BQKzDFrxvN5H5wGM4v,false
2137,e6-lifecycle-20260705T173237.406901391Z-c4-real-task-0047,signed_post_evalsnapshot,true,1,1783272760790,0,QmeV2Nyd6AXfLrfL94BuWtPhgFx2BQKzDFrxvN5H5wGM4v,false
2138,e6-lifecycle-20260705T173237.406901391Z-c4-real-task-0047,signed_vote1,true,2,1783272760791,0,QmeV2Nyd6AXfLrfL94BuWtPhgFx2BQKzDFrxvN5H5wGM4v,false
2139,e6-lifecycle-20260705T173237.406901391Z-c4-real-task-0047,signed_vote2,true,1,1783272760793,0,QmeV2Nyd6AXfLrfL94BuWtPhgFx2BQKzDFrxvN5H5wGM4v,false
2140,e6-lifecycle-20260705T173237.406901391Z-c4-real-task-0047,signed_settlement,true,2,1783272760794,0,QmeV2Nyd6AXfLrfL94BuWtPhgFx2BQKzDFrxvN5H5wGM4v,false
2141,e6-lifecycle-20260705T173237.406901391Z-c4-real-task-0047,signed_query_latest,true,0,1783272760796,0,QmeV2Nyd6AXfLrfL94BuWtPhgFx2BQKzDFrxvN5H5wGM4v,false
2142,e6-lifecycle-20260705T173237.406901391Z-c4-real-task-0047,ipfs_verify,true,6,1783272760796,0,QmeV2Nyd6AXfLrfL94BuWtPhgFx2BQKzDFrxvN5H5wGM4v,false
2143,e6-lifecycle-20260705T173237.406901391Z-c4-real-task-0049,ipfs_add,true,35,1783272760768,1811,,false
2144,e6-lifecycle-20260705T173237.406901391Z-c4-real-task-0049,signed_posttask,true,3,1783272760803,0,Qme9dPNL59uRhU5hx2jyKbBdCPqBgF1krPA6WvcCYu8eVf,false
2145,e6-lifecycle-20260705T173237.406901391Z-c4-real-task-0049,signed_postallocation,true,2,1783272760806,0,Qme9dPNL59uRhU5hx2jyKbBdCPqBgF1krPA6WvcCYu8eVf,false
2146,e6-lifecycle-20260705T173237.406901391Z-c4-real-task-0049,signed_post_evalsnapshot,true,2,1783272760808,0,Qme9dPNL59uRhU5hx2jyKbBdCPqBgF1krPA6WvcCYu8eVf,false
2147,e6-lifecycle-20260705T173237.406901391Z-c4-real-task-0049,signed_vote1,true,1,1783272760810,0,Qme9dPNL59uRhU5hx2jyKbBdCPqBgF1krPA6WvcCYu8eVf,false
2148,e6-lifecycle-20260705T173237.406901391Z-c4-real-task-0049,signed_vote2,true,2,1783272760811,0,Qme9dPNL59uRhU5hx2jyKbBdCPqBgF1krPA6WvcCYu8eVf,false
2149,e6-lifecycle-20260705T173237.406901391Z-c4-real-task-0049,signed_settlement,true,2,1783272760813,0,Qme9dPNL59uRhU5hx2jyKbBdCPqBgF1krPA6WvcCYu8eVf,false
2150,e6-lifecycle-20260705T173237.406901391Z-c4-real-task-0049,signed_query_latest,true,0,1783272760815,0,Qme9dPNL59uRhU5hx2jyKbBdCPqBgF1krPA6WvcCYu8eVf,false
2151,e6-lifecycle-20260705T173237.406901391Z-c4-real-task-0049,ipfs_verify,true,8,1783272760815,0,Qme9dPNL59uRhU5hx2jyKbBdCPqBgF1krPA6WvcCYu8eVf,false
2152,e6-lifecycle-20260705T173237.406901391Z-c4-real-task-0048,ipfs_add,true,62,1783272760768,6584,,false
2153,e6-lifecycle-20260705T173237.406901391Z-c4-real-task-0048,signed_posttask,true,2,1783272760830,0,QmZxwAc5vt22wSQ5mT8jRWQr3tdyJrTwAGgotYvEjWf3wN,false
2154,e6-lifecycle-20260705T173237.406901391Z-c4-real-task-0048,signed_postallocation,true,2,1783272760832,0,QmZxwAc5vt22wSQ5mT8jRWQr3tdyJrTwAGgotYvEjWf3wN,false
2155,e6-lifecycle-20260705T173237.406901391Z-c4-real-task-0048,signed_post_evalsnapshot,true,2,1783272760834,0,QmZxwAc5vt22wSQ5mT8jRWQr3tdyJrTwAGgotYvEjWf3wN,false
2156,e6-lifecycle-20260705T173237.406901391Z-c4-real-task-0048,signed_vote1,true,2,1783272760836,0,QmZxwAc5vt22wSQ5mT8jRWQr3tdyJrTwAGgotYvEjWf3wN,false
2157,e6-lifecycle-20260705T173237.406901391Z-c4-real-task-0048,signed_vote2,true,1,1783272760838,0,QmZxwAc5vt22wSQ5mT8jRWQr3tdyJrTwAGgotYvEjWf3wN,false
2158,e6-lifecycle-20260705T173237.406901391Z-c4-real-task-0048,signed_settlement,true,2,1783272760839,0,QmZxwAc5vt22wSQ5mT8jRWQr3tdyJrTwAGgotYvEjWf3wN,false
2159,e6-lifecycle-20260705T173237.406901391Z-c4-real-task-0048,signed_query_latest,true,0,1783272760841,0,QmZxwAc5vt22wSQ5mT8jRWQr3tdyJrTwAGgotYvEjWf3wN,false
2160,e6-lifecycle-20260705T173237.406901391Z-c4-real-task-0048,ipfs_verify,true,8,1783272760841,0,QmZxwAc5vt22wSQ5mT8jRWQr3tdyJrTwAGgotYvEjWf3wN,false
2161,e6-lifecycle-20260705T173237.406901391Z-c4-real-task-0054,ipfs_add,true,70,1783272760779,5229,,false
2162,e6-lifecycle-20260705T173237.406901391Z-c4-real-task-0054,signed_posttask,true,2,1783272760849,0,QmPnCtNRFcwQFtC6bqhKn6Lncju1wDzgW5MAzMVD7Hqnio,false
2163,e6-lifecycle-20260705T173237.406901391Z-c4-real-task-0054,signed_postallocation,true,1,1783272760851,0,QmPnCtNRFcwQFtC6bqhKn6Lncju1wDzgW5MAzMVD7Hqnio,false
2164,e6-lifecycle-20260705T173237.406901391Z-c4-real-task-0054,signed_post_evalsnapshot,true,2,1783272760852,0,QmPnCtNRFcwQFtC6bqhKn6Lncju1wDzgW5MAzMVD7Hqnio,false
2165,e6-lifecycle-20260705T173237.406901391Z-c4-real-task-0054,signed_vote1,true,2,1783272760854,0,QmPnCtNRFcwQFtC6bqhKn6Lncju1wDzgW5MAzMVD7Hqnio,false
2166,e6-lifecycle-20260705T173237.406901391Z-c4-real-task-0054,signed_vote2,true,2,1783272760856,0,QmPnCtNRFcwQFtC6bqhKn6Lncju1wDzgW5MAzMVD7Hqnio,false
2167,e6-lifecycle-20260705T173237.406901391Z-c4-real-task-0054,signed_settlement,true,2,1783272760858,0,QmPnCtNRFcwQFtC6bqhKn6Lncju1wDzgW5MAzMVD7Hqnio,false
2168,e6-lifecycle-20260705T173237.406901391Z-c4-real-task-0054,signed_query_latest,true,0,1783272760860,0,QmPnCtNRFcwQFtC6bqhKn6Lncju1wDzgW5MAzMVD7Hqnio,false
2169,e6-lifecycle-20260705T173237.406901391Z-c4-real-task-0054,ipfs_verify,true,7,1783272760860,0,QmPnCtNRFcwQFtC6bqhKn6Lncju1wDzgW5MAzMVD7Hqnio,false
2170,e6-lifecycle-20260705T173237.406901391Z-c4-real-task-0051,ipfs_add,true,71,1783272760802,3763,,false
2171,e6-lifecycle-20260705T173237.406901391Z-c4-real-task-0051,signed_posttask,true,2,1783272760873,0,QmTGsXsSojSBkAHS2R8QsjK4DdKDvRJKAvmLyhxkyrWAi1,false
2172,e6-lifecycle-20260705T173237.406901391Z-c4-real-task-0051,signed_postallocation,true,2,1783272760875,0,QmTGsXsSojSBkAHS2R8QsjK4DdKDvRJKAvmLyhxkyrWAi1,false
2173,e6-lifecycle-20260705T173237.406901391Z-c4-real-task-0051,signed_post_evalsnapshot,true,2,1783272760877,0,QmTGsXsSojSBkAHS2R8QsjK4DdKDvRJKAvmLyhxkyrWAi1,false
2174,e6-lifecycle-20260705T173237.406901391Z-c4-real-task-0051,signed_vote1,true,1,1783272760879,0,QmTGsXsSojSBkAHS2R8QsjK4DdKDvRJKAvmLyhxkyrWAi1,false
2175,e6-lifecycle-20260705T173237.406901391Z-c4-real-task-0051,signed_vote2,true,2,1783272760880,0,QmTGsXsSojSBkAHS2R8QsjK4DdKDvRJKAvmLyhxkyrWAi1,false
2176,e6-lifecycle-20260705T173237.406901391Z-c4-real-task-0051,signed_settlement,true,2,1783272760882,0,QmTGsXsSojSBkAHS2R8QsjK4DdKDvRJKAvmLyhxkyrWAi1,false
2177,e6-lifecycle-20260705T173237.406901391Z-c4-real-task-0051,signed_query_latest,true,0,1783272760884,0,QmTGsXsSojSBkAHS2R8QsjK4DdKDvRJKAvmLyhxkyrWAi1,false
2178,e6-lifecycle-20260705T173237.406901391Z-c4-real-task-0051,ipfs_verify,true,7,1783272760884,0,QmTGsXsSojSBkAHS2R8QsjK4DdKDvRJKAvmLyhxkyrWAi1,false
2179,e6-lifecycle-20260705T173237.406901391Z-c4-real-task-0052,ipfs_add,true,68,1783272760823,3794,,false
2180,e6-lifecycle-20260705T173237.406901391Z-c4-real-task-0052,signed_posttask,true,6,1783272760891,0,Qmbhf75a6jKFm6r3n83e1TgGA1Jv3MZMWPn5DZ6DAQKRGx,false
2181,e6-lifecycle-20260705T173237.406901391Z-c4-real-task-0052,signed_postallocation,true,2,1783272760897,0,Qmbhf75a6jKFm6r3n83e1TgGA1Jv3MZMWPn5DZ6DAQKRGx,false
2182,e6-lifecycle-20260705T173237.406901391Z-c4-real-task-0052,signed_post_evalsnapshot,true,3,1783272760899,0,Qmbhf75a6jKFm6r3n83e1TgGA1Jv3MZMWPn5DZ6DAQKRGx,false
2183,e6-lifecycle-20260705T173237.406901391Z-c4-real-task-0052,signed_vote1,true,2,1783272760902,0,Qmbhf75a6jKFm6r3n83e1TgGA1Jv3MZMWPn5DZ6DAQKRGx,false
2184,e6-lifecycle-20260705T173237.406901391Z-c4-real-task-0052,signed_vote2,true,2,1783272760904,0,Qmbhf75a6jKFm6r3n83e1TgGA1Jv3MZMWPn5DZ6DAQKRGx,false
2185,e6-lifecycle-20260705T173237.406901391Z-c4-real-task-0052,signed_settlement,true,2,1783272760906,0,Qmbhf75a6jKFm6r3n83e1TgGA1Jv3MZMWPn5DZ6DAQKRGx,false
2186,e6-lifecycle-20260705T173237.406901391Z-c4-real-task-0052,signed_query_latest,true,0,1783272760908,0,Qmbhf75a6jKFm6r3n83e1TgGA1Jv3MZMWPn5DZ6DAQKRGx,false
2187,e6-lifecycle-20260705T173237.406901391Z-c4-real-task-0053,ipfs_add,true,65,1783272760849,4728,,false
2188,e6-lifecycle-20260705T173237.406901391Z-c4-real-task-0053,signed_posttask,true,2,1783272760914,0,QmQhmCX3uicZrhvWeBbc6PdBzun14HpniDh8sPFQzpyV9X,false
2189,e6-lifecycle-20260705T173237.406901391Z-c4-real-task-0052,ipfs_verify,true,8,1783272760908,0,Qmbhf75a6jKFm6r3n83e1TgGA1Jv3MZMWPn5DZ6DAQKRGx,false
2190,e6-lifecycle-20260705T173237.406901391Z-c4-real-task-0053,signed_postallocation,true,2,1783272760916,0,QmQhmCX3uicZrhvWeBbc6PdBzun14HpniDh8sPFQzpyV9X,false
2191,e6-lifecycle-20260705T173237.406901391Z-c4-real-task-0053,signed_post_evalsnapshot,true,2,1783272760918,0,QmQhmCX3uicZrhvWeBbc6PdBzun14HpniDh8sPFQzpyV9X,false
2192,e6-lifecycle-20260705T173237.406901391Z-c4-real-task-0053,signed_vote1,true,2,1783272760920,0,QmQhmCX3uicZrhvWeBbc6PdBzun14HpniDh8sPFQzpyV9X,false
2193,e6-lifecycle-20260705T173237.406901391Z-c4-real-task-0053,signed_vote2,true,2,1783272760922,0,QmQhmCX3uicZrhvWeBbc6PdBzun14HpniDh8sPFQzpyV9X,false
2194,e6-lifecycle-20260705T173237.406901391Z-c4-real-task-0053,signed_settlement,true,2,1783272760924,0,QmQhmCX3uicZrhvWeBbc6PdBzun14HpniDh8sPFQzpyV9X,false
2195,e6-lifecycle-20260705T173237.406901391Z-c4-real-task-0053,signed_query_latest,true,0,1783272760926,0,QmQhmCX3uicZrhvWeBbc6PdBzun14HpniDh8sPFQzpyV9X,false
2196,e6-lifecycle-20260705T173237.406901391Z-c4-real-task-0053,ipfs_verify,true,8,1783272760926,0,QmQhmCX3uicZrhvWeBbc6PdBzun14HpniDh8sPFQzpyV9X,false
2197,e6-lifecycle-20260705T173237.406901391Z-c4-real-task-0056,ipfs_add,true,71,1783272760867,4022,,false
2198,e6-lifecycle-20260705T173237.406901391Z-c4-real-task-0056,signed_posttask,true,2,1783272760938,0,QmZ7pYazDS7aTNmx4r1RUas5pautaRbk4VUrw59C2XLkhW,false
2199,e6-lifecycle-20260705T173237.406901391Z-c4-real-task-0056,signed_postallocation,true,2,1783272760940,0,QmZ7pYazDS7aTNmx4r1RUas5pautaRbk4VUrw59C2XLkhW,false
2200,e6-lifecycle-20260705T173237.406901391Z-c4-real-task-0056,signed_post_evalsnapshot,true,2,1783272760942,0,QmZ7pYazDS7aTNmx4r1RUas5pautaRbk4VUrw59C2XLkhW,false
2201,e6-lifecycle-20260705T173237.406901391Z-c4-real-task-0056,signed_vote1,true,1,1783272760944,0,QmZ7pYazDS7aTNmx4r1RUas5pautaRbk4VUrw59C2XLkhW,false
2202,e6-lifecycle-20260705T173237.406901391Z-c4-real-task-0056,signed_vote2,true,2,1783272760945,0,QmZ7pYazDS7aTNmx4r1RUas5pautaRbk4VUrw59C2XLkhW,false
2203,e6-lifecycle-20260705T173237.406901391Z-c4-real-task-0056,signed_settlement,true,2,1783272760947,0,QmZ7pYazDS7aTNmx4r1RUas5pautaRbk4VUrw59C2XLkhW,false
2204,e6-lifecycle-20260705T173237.406901391Z-c4-real-task-0056,signed_query_latest,true,0,1783272760949,0,QmZ7pYazDS7aTNmx4r1RUas5pautaRbk4VUrw59C2XLkhW,false
2205,e6-lifecycle-20260705T173237.406901391Z-c4-real-task-0056,ipfs_verify,true,9,1783272760949,0,QmZ7pYazDS7aTNmx4r1RUas5pautaRbk4VUrw59C2XLkhW,false
2206,e6-lifecycle-20260705T173237.406901391Z-c4-real-task-0055,ipfs_add,true,68,1783272760891,3299,,false
2207,e6-lifecycle-20260705T173237.406901391Z-c4-real-task-0055,signed_posttask,true,1,1783272760959,0,QmafKJifZc1XAPwnCM3rfjeY8ycoRWBTEzRKJWmaz2X2pf,false
2208,e6-lifecycle-20260705T173237.406901391Z-c4-real-task-0055,signed_postallocation,true,2,1783272760960,0,QmafKJifZc1XAPwnCM3rfjeY8ycoRWBTEzRKJWmaz2X2pf,false
2209,e6-lifecycle-20260705T173237.406901391Z-c4-real-task-0055,signed_post_evalsnapshot,true,2,1783272760962,0,QmafKJifZc1XAPwnCM3rfjeY8ycoRWBTEzRKJWmaz2X2pf,false
2210,e6-lifecycle-20260705T173237.406901391Z-c4-real-task-0055,signed_vote1,true,2,1783272760964,0,QmafKJifZc1XAPwnCM3rfjeY8ycoRWBTEzRKJWmaz2X2pf,false
2211,e6-lifecycle-20260705T173237.406901391Z-c4-real-task-0055,signed_vote2,true,1,1783272760966,0,QmafKJifZc1XAPwnCM3rfjeY8ycoRWBTEzRKJWmaz2X2pf,false
2212,e6-lifecycle-20260705T173237.406901391Z-c4-real-task-0055,signed_settlement,true,2,1783272760967,0,QmafKJifZc1XAPwnCM3rfjeY8ycoRWBTEzRKJWmaz2X2pf,false
2213,e6-lifecycle-20260705T173237.406901391Z-c4-real-task-0055,signed_query_latest,true,0,1783272760969,0,QmafKJifZc1XAPwnCM3rfjeY8ycoRWBTEzRKJWmaz2X2pf,false
2214,e6-lifecycle-20260705T173237.406901391Z-c4-real-task-0055,ipfs_verify,true,8,1783272760969,0,QmafKJifZc1XAPwnCM3rfjeY8ycoRWBTEzRKJWmaz2X2pf,false
2215,e6-lifecycle-20260705T173237.406901391Z-c4-real-task-0090,ipfs_add,true,63,1783272760916,6914,,false
2216,e6-lifecycle-20260705T173237.406901391Z-c4-real-task-0090,signed_posttask,true,2,1783272760979,0,QmUFJ4iN46ZdBAqPuKeTPTjzJskJ6t9opLUxf3WHdGBRsp,false
2217,e6-lifecycle-20260705T173237.406901391Z-c4-real-task-0090,signed_postallocation,true,4,1783272760981,0,QmUFJ4iN46ZdBAqPuKeTPTjzJskJ6t9opLUxf3WHdGBRsp,false
2218,e6-lifecycle-20260705T173237.406901391Z-c4-real-task-0090,signed_post_evalsnapshot,true,2,1783272760985,0,QmUFJ4iN46ZdBAqPuKeTPTjzJskJ6t9opLUxf3WHdGBRsp,false
2219,e6-lifecycle-20260705T173237.406901391Z-c4-real-task-0090,signed_vote1,true,2,1783272760987,0,QmUFJ4iN46ZdBAqPuKeTPTjzJskJ6t9opLUxf3WHdGBRsp,false
2220,e6-lifecycle-20260705T173237.406901391Z-c4-real-task-0090,signed_vote2,true,2,1783272760989,0,QmUFJ4iN46ZdBAqPuKeTPTjzJskJ6t9opLUxf3WHdGBRsp,false
2221,e6-lifecycle-20260705T173237.406901391Z-c4-real-task-0090,signed_settlement,true,2,1783272760991,0,QmUFJ4iN46ZdBAqPuKeTPTjzJskJ6t9opLUxf3WHdGBRsp,false
2222,e6-lifecycle-20260705T173237.406901391Z-c4-real-task-0090,signed_query_latest,true,0,1783272760993,0,QmUFJ4iN46ZdBAqPuKeTPTjzJskJ6t9opLUxf3WHdGBRsp,false
2223,e6-lifecycle-20260705T173237.406901391Z-c4-real-task-0086,ipfs_add,true,66,1783272760934,5003,,false
2224,e6-lifecycle-20260705T173237.406901391Z-c4-real-task-0090,ipfs_verify,true,7,1783272760993,0,QmUFJ4iN46ZdBAqPuKeTPTjzJskJ6t9opLUxf3WHdGBRsp,false
2225,e6-lifecycle-20260705T173237.406901391Z-c4-real-task-0086,signed_posttask,true,3,1783272761000,0,QmUfeTTtpRKHWHGYM8kZeEDzEeTVbVYPN8syBVGcicKp1E,false
2226,e6-lifecycle-20260705T173237.406901391Z-c4-real-task-0086,signed_postallocation,true,2,1783272761003,0,QmUfeTTtpRKHWHGYM8kZeEDzEeTVbVYPN8syBVGcicKp1E,false
2227,e6-lifecycle-20260705T173237.406901391Z-c4-real-task-0086,signed_post_evalsnapshot,true,1,1783272761005,0,QmUfeTTtpRKHWHGYM8kZeEDzEeTVbVYPN8syBVGcicKp1E,false
2228,e6-lifecycle-20260705T173237.406901391Z-c4-real-task-0086,signed_vote1,true,2,1783272761006,0,QmUfeTTtpRKHWHGYM8kZeEDzEeTVbVYPN8syBVGcicKp1E,false
2229,e6-lifecycle-20260705T173237.406901391Z-c4-real-task-0086,signed_vote2,true,2,1783272761008,0,QmUfeTTtpRKHWHGYM8kZeEDzEeTVbVYPN8syBVGcicKp1E,false
2230,e6-lifecycle-20260705T173237.406901391Z-c4-real-task-0086,signed_settlement,true,2,1783272761010,0,QmUfeTTtpRKHWHGYM8kZeEDzEeTVbVYPN8syBVGcicKp1E,false
2231,e6-lifecycle-20260705T173237.406901391Z-c4-real-task-0086,signed_query_latest,true,0,1783272761012,0,QmUfeTTtpRKHWHGYM8kZeEDzEeTVbVYPN8syBVGcicKp1E,false
2232,e6-lifecycle-20260705T173237.406901391Z-c4-real-task-0086,ipfs_verify,true,7,1783272761012,0,QmUfeTTtpRKHWHGYM8kZeEDzEeTVbVYPN8syBVGcicKp1E,false
2233,e6-lifecycle-20260705T173237.406901391Z-c4-real-task-0087,ipfs_add,true,61,1783272760958,2524,,false
2234,e6-lifecycle-20260705T173237.406901391Z-c4-real-task-0087,signed_posttask,true,2,1783272761019,0,QmaCUtHjnRyELCqbtZ1neE9rfnPpeXAWptbrgpbTV3gGcj,false
2235,e6-lifecycle-20260705T173237.406901391Z-c4-real-task-0087,signed_postallocation,true,1,1783272761021,0,QmaCUtHjnRyELCqbtZ1neE9rfnPpeXAWptbrgpbTV3gGcj,false
2236,e6-lifecycle-20260705T173237.406901391Z-c4-real-task-0087,signed_post_evalsnapshot,true,2,1783272761022,0,QmaCUtHjnRyELCqbtZ1neE9rfnPpeXAWptbrgpbTV3gGcj,false
2237,e6-lifecycle-20260705T173237.406901391Z-c4-real-task-0087,signed_vote1,true,2,1783272761024,0,QmaCUtHjnRyELCqbtZ1neE9rfnPpeXAWptbrgpbTV3gGcj,false
2238,e6-lifecycle-20260705T173237.406901391Z-c4-real-task-0087,signed_vote2,true,10,1783272761026,0,QmaCUtHjnRyELCqbtZ1neE9rfnPpeXAWptbrgpbTV3gGcj,false
2239,e6-lifecycle-20260705T173237.406901391Z-c4-real-task-0087,signed_settlement,true,1,1783272761036,0,QmaCUtHjnRyELCqbtZ1neE9rfnPpeXAWptbrgpbTV3gGcj,false
2240,e6-lifecycle-20260705T173237.406901391Z-c4-real-task-0087,signed_query_latest,true,0,1783272761037,0,QmaCUtHjnRyELCqbtZ1neE9rfnPpeXAWptbrgpbTV3gGcj,false
2241,e6-lifecycle-20260705T173237.406901391Z-c4-real-task-0087,ipfs_verify,true,10,1783272761037,0,QmaCUtHjnRyELCqbtZ1neE9rfnPpeXAWptbrgpbTV3gGcj,false
2242,e6-lifecycle-20260705T173237.406901391Z-c4-real-task-0089,ipfs_add,true,75,1783272761000,7941,,false
2243,e6-lifecycle-20260705T173237.406901391Z-c4-real-task-0089,signed_posttask,true,2,1783272761075,0,QmVftiZx5cF23Q6fEY7jKzUu6HRmm42Q1XtHogR3LDyhCd,false
2244,e6-lifecycle-20260705T173237.406901391Z-c4-real-task-0089,signed_postallocation,true,2,1783272761077,0,QmVftiZx5cF23Q6fEY7jKzUu6HRmm42Q1XtHogR3LDyhCd,false
2245,e6-lifecycle-20260705T173237.406901391Z-c4-real-task-0089,signed_post_evalsnapshot,true,2,1783272761079,0,QmVftiZx5cF23Q6fEY7jKzUu6HRmm42Q1XtHogR3LDyhCd,false
2246,e6-lifecycle-20260705T173237.406901391Z-c4-real-task-0089,signed_vote1,true,1,1783272761081,0,QmVftiZx5cF23Q6fEY7jKzUu6HRmm42Q1XtHogR3LDyhCd,false
2247,e6-lifecycle-20260705T173237.406901391Z-c4-real-task-0089,signed_vote2,true,2,1783272761082,0,QmVftiZx5cF23Q6fEY7jKzUu6HRmm42Q1XtHogR3LDyhCd,false
2248,e6-lifecycle-20260705T173237.406901391Z-c4-real-task-0089,signed_settlement,true,10,1783272761084,0,QmVftiZx5cF23Q6fEY7jKzUu6HRmm42Q1XtHogR3LDyhCd,false
2249,e6-lifecycle-20260705T173237.406901391Z-c4-real-task-0089,signed_query_latest,true,0,1783272761094,0,QmVftiZx5cF23Q6fEY7jKzUu6HRmm42Q1XtHogR3LDyhCd,false
2250,e6-lifecycle-20260705T173237.406901391Z-c4-real-task-0089,ipfs_verify,true,8,1783272761094,0,QmVftiZx5cF23Q6fEY7jKzUu6HRmm42Q1XtHogR3LDyhCd,false
2251,e6-lifecycle-20260705T173237.406901391Z-c4-real-task-0088,ipfs_add,true,125,1783272760977,6313,,false
2252,e6-lifecycle-20260705T173237.406901391Z-c4-real-task-0088,signed_posttask,true,2,1783272761102,0,QmUQTJ8LNhjew8dD5w4F6KUYvuRCsc5Joz6Pxfc2Ykcf3n,false
2253,e6-lifecycle-20260705T173237.406901391Z-c4-real-task-0092,ipfs_add,true,87,1783272761019,1493,,false
2254,e6-lifecycle-20260705T173237.406901391Z-c4-real-task-0088,signed_postallocation,true,2,1783272761104,0,QmUQTJ8LNhjew8dD5w4F6KUYvuRCsc5Joz6Pxfc2Ykcf3n,false
2255,e6-lifecycle-20260705T173237.406901391Z-c4-real-task-0088,signed_post_evalsnapshot,true,2,1783272761106,0,QmUQTJ8LNhjew8dD5w4F6KUYvuRCsc5Joz6Pxfc2Ykcf3n,false
2256,e6-lifecycle-20260705T173237.406901391Z-c4-real-task-0088,signed_vote1,true,1,1783272761108,0,QmUQTJ8LNhjew8dD5w4F6KUYvuRCsc5Joz6Pxfc2Ykcf3n,false
2257,e6-lifecycle-20260705T173237.406901391Z-c4-real-task-0092,signed_posttask,true,6,1783272761106,0,QmXnhuyu5tzEEDxeWhdNGMapRsWVTkNn4G5PkDzHAKVv9Y,false
2258,e6-lifecycle-20260705T173237.406901391Z-c4-real-task-0092,signed_postallocation,true,2,1783272761112,0,QmXnhuyu5tzEEDxeWhdNGMapRsWVTkNn4G5PkDzHAKVv9Y,false
2259,e6-lifecycle-20260705T173237.406901391Z-c4-real-task-0088,signed_vote2,true,6,1783272761109,0,QmUQTJ8LNhjew8dD5w4F6KUYvuRCsc5Joz6Pxfc2Ykcf3n,false
2260,e6-lifecycle-20260705T173237.406901391Z-c4-real-task-0088,signed_settlement,true,2,1783272761115,0,QmUQTJ8LNhjew8dD5w4F6KUYvuRCsc5Joz6Pxfc2Ykcf3n,false
2261,e6-lifecycle-20260705T173237.406901391Z-c4-real-task-0092,signed_post_evalsnapshot,true,4,1783272761114,0,QmXnhuyu5tzEEDxeWhdNGMapRsWVTkNn4G5PkDzHAKVv9Y,false
2262,e6-lifecycle-20260705T173237.406901391Z-c4-real-task-0088,signed_query_latest,true,3,1783272761117,0,QmUQTJ8LNhjew8dD5w4F6KUYvuRCsc5Joz6Pxfc2Ykcf3n,false
2263,e6-lifecycle-20260705T173237.406901391Z-c4-real-task-0092,signed_vote1,true,2,1783272761118,0,QmXnhuyu5tzEEDxeWhdNGMapRsWVTkNn4G5PkDzHAKVv9Y,false
2264,e6-lifecycle-20260705T173237.406901391Z-c4-real-task-0092,signed_vote2,true,2,1783272761120,0,QmXnhuyu5tzEEDxeWhdNGMapRsWVTkNn4G5PkDzHAKVv9Y,false
2265,e6-lifecycle-20260705T173237.406901391Z-c4-real-task-0092,signed_settlement,true,1,1783272761122,0,QmXnhuyu5tzEEDxeWhdNGMapRsWVTkNn4G5PkDzHAKVv9Y,false
2266,e6-lifecycle-20260705T173237.406901391Z-c4-real-task-0092,signed_query_latest,true,0,1783272761123,0,QmXnhuyu5tzEEDxeWhdNGMapRsWVTkNn4G5PkDzHAKVv9Y,false
2267,e6-lifecycle-20260705T173237.406901391Z-c4-real-task-0091,ipfs_add,true,79,1783272761047,1951,,false
2268,e6-lifecycle-20260705T173237.406901391Z-c4-real-task-0091,signed_posttask,true,2,1783272761126,0,QmYv9mxEgFLjPUKuWCa4UJ2mudHV34x9WAJXvNME9guXYs,false
2269,e6-lifecycle-20260705T173237.406901391Z-c4-real-task-0091,signed_postallocation,true,2,1783272761128,0,QmYv9mxEgFLjPUKuWCa4UJ2mudHV34x9WAJXvNME9guXYs,false
2270,e6-lifecycle-20260705T173237.406901391Z-c4-real-task-0088,ipfs_verify,true,10,1783272761120,0,QmUQTJ8LNhjew8dD5w4F6KUYvuRCsc5Joz6Pxfc2Ykcf3n,false
2271,e6-lifecycle-20260705T173237.406901391Z-c4-real-task-0091,signed_post_evalsnapshot,true,1,1783272761130,0,QmYv9mxEgFLjPUKuWCa4UJ2mudHV34x9WAJXvNME9guXYs,false
2272,e6-lifecycle-20260705T173237.406901391Z-c4-real-task-0091,signed_vote1,true,2,1783272761131,0,QmYv9mxEgFLjPUKuWCa4UJ2mudHV34x9WAJXvNME9guXYs,false
2273,e6-lifecycle-20260705T173237.406901391Z-c4-real-task-0092,ipfs_verify,true,11,1783272761123,0,QmXnhuyu5tzEEDxeWhdNGMapRsWVTkNn4G5PkDzHAKVv9Y,false
2274,e6-lifecycle-20260705T173237.406901391Z-c4-real-task-0091,signed_vote2,true,6,1783272761133,0,QmYv9mxEgFLjPUKuWCa4UJ2mudHV34x9WAJXvNME9guXYs,false
2275,e6-lifecycle-20260705T173237.406901391Z-c4-real-task-0091,signed_settlement,true,2,1783272761139,0,QmYv9mxEgFLjPUKuWCa4UJ2mudHV34x9WAJXvNME9guXYs,false
2276,e6-lifecycle-20260705T173237.406901391Z-c4-real-task-0091,signed_query_latest,true,0,1783272761141,0,QmYv9mxEgFLjPUKuWCa4UJ2mudHV34x9WAJXvNME9guXYs,false
2277,e6-lifecycle-20260705T173237.406901391Z-c4-real-task-0091,ipfs_verify,true,8,1783272761141,0,QmYv9mxEgFLjPUKuWCa4UJ2mudHV34x9WAJXvNME9guXYs,false
2278,e6-lifecycle-20260705T173237.406901391Z-c4-real-task-0057,ipfs_add,true,54,1783272761102,1961,,false
2279,e6-lifecycle-20260705T173237.406901391Z-c4-real-task-0057,signed_posttask,true,2,1783272761156,0,QmXe2mVbUwjU9upyR6EUuSfmWPVCsUJ2XbjviLk1VWsWi5,false
2280,e6-lifecycle-20260705T173237.406901391Z-c4-real-task-0057,signed_postallocation,true,2,1783272761158,0,QmXe2mVbUwjU9upyR6EUuSfmWPVCsUJ2XbjviLk1VWsWi5,false
2281,e6-lifecycle-20260705T173237.406901391Z-c4-real-task-0057,signed_post_evalsnapshot,true,1,1783272761160,0,QmXe2mVbUwjU9upyR6EUuSfmWPVCsUJ2XbjviLk1VWsWi5,false
2282,e6-lifecycle-20260705T173237.406901391Z-c4-real-task-0057,signed_vote1,true,2,1783272761161,0,QmXe2mVbUwjU9upyR6EUuSfmWPVCsUJ2XbjviLk1VWsWi5,false
2283,e6-lifecycle-20260705T173237.406901391Z-c4-real-task-0057,signed_vote2,true,2,1783272761163,0,QmXe2mVbUwjU9upyR6EUuSfmWPVCsUJ2XbjviLk1VWsWi5,false
2284,e6-lifecycle-20260705T173237.406901391Z-c4-real-task-0057,signed_settlement,true,1,1783272761165,0,QmXe2mVbUwjU9upyR6EUuSfmWPVCsUJ2XbjviLk1VWsWi5,false
2285,e6-lifecycle-20260705T173237.406901391Z-c4-real-task-0057,signed_query_latest,true,0,1783272761166,0,QmXe2mVbUwjU9upyR6EUuSfmWPVCsUJ2XbjviLk1VWsWi5,false
2286,e6-lifecycle-20260705T173237.406901391Z-c4-real-task-0057,ipfs_verify,true,8,1783272761166,0,QmXe2mVbUwjU9upyR6EUuSfmWPVCsUJ2XbjviLk1VWsWi5,false
2287,e6-lifecycle-20260705T173237.406901391Z-c4-real-task-0093,ipfs_add,true,44,1783272761130,2270,,false
2288,e6-lifecycle-20260705T173237.406901391Z-c4-real-task-0093,signed_posttask,true,2,1783272761174,0,QmPvFCcsxh1cDhtjZSsbtn5uF81JA3vawovaWSBsW1MLDC,false
2289,e6-lifecycle-20260705T173237.406901391Z-c4-real-task-0093,signed_postallocation,true,1,1783272761176,0,QmPvFCcsxh1cDhtjZSsbtn5uF81JA3vawovaWSBsW1MLDC,false
2290,e6-lifecycle-20260705T173237.406901391Z-c4-real-task-0093,signed_post_evalsnapshot,true,4,1783272761177,0,QmPvFCcsxh1cDhtjZSsbtn5uF81JA3vawovaWSBsW1MLDC,false
2291,e6-lifecycle-20260705T173237.406901391Z-c4-real-task-0093,signed_vote1,true,6,1783272761181,0,QmPvFCcsxh1cDhtjZSsbtn5uF81JA3vawovaWSBsW1MLDC,false
2292,e6-lifecycle-20260705T173237.406901391Z-c4-real-task-0093,signed_vote2,true,2,1783272761187,0,QmPvFCcsxh1cDhtjZSsbtn5uF81JA3vawovaWSBsW1MLDC,false
2293,e6-lifecycle-20260705T173237.406901391Z-c4-real-task-0093,signed_settlement,true,2,1783272761189,0,QmPvFCcsxh1cDhtjZSsbtn5uF81JA3vawovaWSBsW1MLDC,false
2294,e6-lifecycle-20260705T173237.406901391Z-c4-real-task-0093,signed_query_latest,true,0,1783272761191,0,QmPvFCcsxh1cDhtjZSsbtn5uF81JA3vawovaWSBsW1MLDC,false
2295,e6-lifecycle-20260705T173237.406901391Z-c4-real-task-0094,ipfs_add,true,65,1783272761134,1639,,false
2296,e6-lifecycle-20260705T173237.406901391Z-c4-real-task-0093,ipfs_verify,true,9,1783272761191,0,QmPvFCcsxh1cDhtjZSsbtn5uF81JA3vawovaWSBsW1MLDC,false
2297,e6-lifecycle-20260705T173237.406901391Z-c4-real-task-0094,signed_posttask,true,3,1783272761199,0,Qmcoy7jVpQZts4qfhnY3Dq68TwHxh42aM1HD89yiYyLqXr,false
2298,e6-lifecycle-20260705T173237.406901391Z-c4-real-task-0094,signed_postallocation,true,2,1783272761202,0,Qmcoy7jVpQZts4qfhnY3Dq68TwHxh42aM1HD89yiYyLqXr,false
2299,e6-lifecycle-20260705T173237.406901391Z-c4-real-task-0094,signed_post_evalsnapshot,true,1,1783272761204,0,Qmcoy7jVpQZts4qfhnY3Dq68TwHxh42aM1HD89yiYyLqXr,false
2300,e6-lifecycle-20260705T173237.406901391Z-c4-real-task-0094,signed_vote1,true,2,1783272761205,0,Qmcoy7jVpQZts4qfhnY3Dq68TwHxh42aM1HD89yiYyLqXr,false
2301,e6-lifecycle-20260705T173237.406901391Z-c4-real-task-0094,signed_vote2,true,1,1783272761207,0,Qmcoy7jVpQZts4qfhnY3Dq68TwHxh42aM1HD89yiYyLqXr,false
2302,e6-lifecycle-20260705T173237.406901391Z-c4-real-task-0094,signed_settlement,true,2,1783272761208,0,Qmcoy7jVpQZts4qfhnY3Dq68TwHxh42aM1HD89yiYyLqXr,false
2303,e6-lifecycle-20260705T173237.406901391Z-c4-real-task-0094,signed_query_latest,true,0,1783272761210,0,Qmcoy7jVpQZts4qfhnY3Dq68TwHxh42aM1HD89yiYyLqXr,false
2304,e6-lifecycle-20260705T173237.406901391Z-c4-real-task-0094,ipfs_verify,true,7,1783272761210,0,Qmcoy7jVpQZts4qfhnY3Dq68TwHxh42aM1HD89yiYyLqXr,false
2305,e6-lifecycle-20260705T173237.406901391Z-c4-real-task-0041,ipfs_add,true,70,1783272761149,3950,,false
2306,e6-lifecycle-20260705T173237.406901391Z-c4-real-task-0041,signed_posttask,true,2,1783272761219,0,QmcFrzAGhrprmDxHPdunRd28u27YRTGcAAnGPSotWa75JU,false
2307,e6-lifecycle-20260705T173237.406901391Z-c4-real-task-0041,signed_postallocation,true,1,1783272761221,0,QmcFrzAGhrprmDxHPdunRd28u27YRTGcAAnGPSotWa75JU,false
2308,e6-lifecycle-20260705T173237.406901391Z-c4-real-task-0041,signed_post_evalsnapshot,true,2,1783272761222,0,QmcFrzAGhrprmDxHPdunRd28u27YRTGcAAnGPSotWa75JU,false
2309,e6-lifecycle-20260705T173237.406901391Z-c4-real-task-0041,signed_vote1,true,1,1783272761224,0,QmcFrzAGhrprmDxHPdunRd28u27YRTGcAAnGPSotWa75JU,false
2310,e6-lifecycle-20260705T173237.406901391Z-c4-real-task-0041,signed_vote2,true,2,1783272761225,0,QmcFrzAGhrprmDxHPdunRd28u27YRTGcAAnGPSotWa75JU,false
2311,e6-lifecycle-20260705T173237.406901391Z-c4-real-task-0041,signed_settlement,true,1,1783272761227,0,QmcFrzAGhrprmDxHPdunRd28u27YRTGcAAnGPSotWa75JU,false
2312,e6-lifecycle-20260705T173237.406901391Z-c4-real-task-0041,signed_query_latest,true,0,1783272761228,0,QmcFrzAGhrprmDxHPdunRd28u27YRTGcAAnGPSotWa75JU,false
2313,e6-lifecycle-20260705T173237.406901391Z-c4-real-task-0041,ipfs_verify,true,8,1783272761228,0,QmcFrzAGhrprmDxHPdunRd28u27YRTGcAAnGPSotWa75JU,false
